8000000.0001	0	0	0	0	0	0	0	0	0	0	0	0	0	0	0	0	0	0	0	0	0	0	0	0	0	0	0	0	0	0	0	0	0	0	0	0	0	0	0	0	0	0	0	0	0	0	0	0	0	0	0	0	0	0	0	0	0	0	0	0	0	0	0	0	0	0	0	0	0	0	0	0	0	0	0	0	0	0	0	0	0	0	0	0	0	0	0	0	0	0	0	0	0	0	0	0	0	0	0	0
8000000.0001	0	0	0	0	0	0	0	0	0	0	0	0	0	0	0	0	0	0	0	0	0	0	0	0	0	0	0	0	0	0	0	0	0	0	0	0	0	0	0	0	0	0	0	0	0	0	0	0	0	0	0	0	0	0	0	0	0	0	0	0	0	0	0	0	0	0	0	0	0	0	0	0	0	0	0	0	0	0	0	0	0	0	0	0	0	0	0	0	0	0	0	0	0	0	0	0	0	0	0	0
8000000.0001	0	0	0	0	0	0	0	0	0	0	0	0	0	0	0	0	0	0	0	0	0	0	0	0	0	0	0	0	0	0	0	0	0	0	0	0	0	0	0	0	0	0	0	0	0	0	0	0	0	0	0	0	0	0	0	0	0	0	0	0	0	0	0	0	0	0	0	0	0	0	0	0	0	0	0	0	0	0	0	0	0	0	0	0	0	0	0	0	0	0	0	0	0	0	0	0	0	0	0	0
8000000.0001	0	0	0	0	0	0	0	0	0	0	0	0	0	0	0	0	0	0	0	0	0	0	0	0	0	0	0	0	0	0	0	0	0	0	0	0	0	0	0	0	0	0	0	0	0	0	0	0	0	0	0	0	0	0	0	0	0	0	0	0	0	0	0	0	0	0	0	0	0	0	0	0	0	0	0	0	0	0	0	0	0	0	0	0	0	0	0	0	0	0	0	0	0	0	0	0	0	0	0	0
8000000.0001	0	0	0	0	0	0	0	0	0	0	0	0	0	0	0	0	0	0	0	0	0	0	0	0	0	0	0	0	0	0	0	0	0	0	0	0	0	0	0	0	0	0	0	0	0	0	0	0	0	0	0	0	0	0	0	0	0	0	0	0	0	0	0	0	0	0	0	0	0	0	0	0	0	0	0	0	0	0	0	0	0	0	0	0	0	0	0	0	0	0	0	0	0	0	0	0	0	0	0	0
8000000.0001	0	0	0	0	0	0	0	0	0	0	0	0	0	0	0	0	0	0	0	0	0	0	0	0	0	0	0	0	0	0	0	0	0	0	0	0	0	0	0	0	0	0	0	0	0	0	0	0	0	0	0	0	0	0	0	0	0	0	0	0	0	0	0	0	0	0	0	0	0	0	0	0	0	0	0	0	0	0	0	0	0	0	0	0	0	0	0	0	0	0	0	0	0	0	0	0	0	0	0	0
8000000.0001	0	0	0	0	0	0	0	0	0	0	0	0	0	0	0	0	0	0	0	0	0	0	0	0	0	0	0	0	0	0	0	0	0	0	0	0	0	0	0	0	0	0	0	0	0	0	0	0	0	0	0	0	0	0	0	0	0	0	0	0	0	0	0	0	0	0	0	0	0	0	0	0	0	0	0	0	0	0	0	0	0	0	0	0	0	0	0	0	0	0	0	0	0	0	0	0	0	0	0	0
8000000.0001	0	0	0	0	0	0	0	0	0	0	0	0	0	0	0	0	0	0	0	0	0	0	0	0	0	0	0	0	0	0	0	0	0	0	0	0	0	0	0	0	0	0	0	0	0	0	0	0	0	0	0	0	0	0	0	0	0	0	0	0	0	0	0	0	0	0	0	0	0	0	0	0	0	0	0	0	0	0	0	0	0	0	0	0	0	0	0	0	0	0	0	0	0	0	0	0	0	0	0	0
8000000.0001	0	0	0	0	0	0	0	0	0	0	0	0	0	0	0	0	0	0	0	0	0	0	0	0	0	0	0	0	0	0	0	0	0	0	0	0	0	0	0	0	0	0	0	0	0	0	0	0	0	0	0	0	0	0	0	0	0	0	0	0	0	0	0	0	0	0	0	0	0	0	0	0	0	0	0	0	0	0	0	0	0	0	0	0	0	0	0	0	0	0	0	0	0	0	0	0	0	0	0	0
8000000.0001	0	0	0	0	0	0	0	0	0	0	0	0	0	0	0	0	0	0	0	0	0	0	0	0	0	0	0	0	0	0	0	0	0	0	0	0	0	0	0	0	0	0	0	0	0	0	0	0	0	0	0	0	0	0	0	0	0	0	0	0	0	0	0	0	0	0	0	0	0	0	0	0	0	0	0	0	0	0	0	0	0	0	0	0	0	0	0	0	0	0	0	0	0	0	0	0	0	0	0	0
8000000.0001	0	0	0	0	0	0	0	0	0	0	0	0	0	0	0	0	0	0	0	0	0	0	0	0	0	0	0	0	0	0	0	0	0	0	0	0	0	0	0	0	0	0	0	0	0	0	0	0	0	0	0	0	0	0	0	0	0	0	0	0	0	0	0	0	0	0	0	0	0	0	0	0	0	0	0	0	0	0	0	0	0	0	0	0	0	0	0	0	0	0	0	0	0	0	0	0	0	0	0	0
8000000.0001	0	0	0	0	0	0	0	0	0	0	0	0	0	0	0	0	0	0	0	0	0	0	0	0	0	0	0	0	0	0	0	0	0	0	0	0	0	0	0	0	0	0	0	0	0	0	0	0	0	0	0	0	0	0	0	0	0	0	0	0	0	0	0	0	0	0	0	0	0	0	0	0	0	0	0	0	0	0	0	0	0	0	0	0	0	0	0	0	0	0	0	0	0	0	0	0	0	0	0	0
8000000.0001	0	0	0	0	0	0	0	0	0	0	0	0	0	0	0	0	0	0	0	0	0	0	0	0	0	0	0	0	0	0	0	0	0	0	0	0	0	0	0	0	0	0	0	0	0	0	0	0	0	0	0	0	0	0	0	0	0	0	0	0	0	0	0	0	0	0	0	0	0	0	0	0	0	0	0	0	0	0	0	0	0	0	0	0	0	0	0	0	0	0	0	0	0	0	0	0	0	0	0	0
8000000.0001	0	0	0	0	0	0	0	0	0	0	0	0	0	0	0	0	0	0	0	0	0	0	0	0	0	0	0	0	0	0	0	0	0	0	0	0	0	0	0	0	0	0	0	0	0	0	0	0	0	0	0	0	0	0	0	0	0	0	0	0	0	0	0	0	0	0	0	0	0	0	0	0	0	0	0	0	0	0	0	0	0	0	0	0	0	0	0	0	0	0	0	0	0	0	0	0	0	0	0	0
8000000.0001	0	0	0	0	0	0	0	0	0	0	0	0	0	0	0	0	0	0	0	0	0	0	0	0	0	0	0	0	0	0	0	0	0	0	0	0	0	0	0	0	0	0	0	0	0	0	0	0	0	0	0	0	0	0	0	0	0	0	0	0	0	0	0	0	0	0	0	0	0	0	0	0	0	0	0	0	0	0	0	0	0	0	0	0	0	0	0	0	0	0	0	0	0	0	0	0	0	0	0	0
8000000.0001	0	0	0	0	0	0	0	0	0	0	0	0	0	0	0	0	0	0	0	0	0	0	0	0	0	0	0	0	0	0	0	0	0	0	0	0	0	0	0	0	0	0	0	0	0	0	0	0	0	0	0	0	0	0	0	0	0	0	0	0	0	0	0	0	0	0	0	0	0	0	0	0	0	0	0	0	0	0	0	0	0	0	0	0	0	0	0	0	0	0	0	0	0	0	0	0	0	0	0	0
8000000.0001	0	0	0	0	0	0	0	0	0	0	0	0	0	0	0	0	0	0	0	0	0	0	0	0	0	0	0	0	0	0	0	0	0	0	0	0	0	0	0	0	0	0	0	0	0	0	0	0	0	0	0	0	0	0	0	0	0	0	0	0	0	0	0	0	0	0	0	0	0	0	0	0	0	0	0	0	0	0	0	0	0	0	0	0	0	0	0	0	0	0	0	0	0	0	0	0	0	0	0	0
8000000.0001	0	0	0	0	0	0	0	0	0	0	0	0	0	0	0	0	0	0	0	0	0	0	0	0	0	0	0	0	0	0	0	0	0	0	0	0	0	0	0	0	0	0	0	0	0	0	0	0	0	0	0	0	0	0	0	0	0	0	0	0	0	0	0	0	0	0	0	0	0	0	0	0	0	0	0	0	0	0	0	0	0	0	0	0	0	0	0	0	0	0	0	0	0	0	0	0	0	0	0	0
8000000.0001	0	0	0	0	0	0	0	0	0	0	0	0	0	0	0	0	0	0	0	0	0	0	0	0	0	0	0	0	0	0	0	0	0	0	0	0	0	0	0	0	0	0	0	0	0	0	0	0	0	0	0	0	0	0	0	0	0	0	0	0	0	0	0	0	0	0	0	0	0	0	0	0	0	0	0	0	0	0	0	0	0	0	0	0	0	0	0	0	0	0	0	0	0	0	0	0	0	0	0	0
8000000.0001	0	0	0	0	0	0	0	0	0	0	0	0	0	0	0	0	0	0	0	0	0	0	0	0	0	0	0	0	0	0	0	0	0	0	0	0	0	0	0	0	0	0	0	0	0	0	0	0	0	0	0	0	0	0	0	0	0	0	0	0	0	0	0	0	0	0	0	0	0	0	0	0	0	0	0	0	0	0	0	0	0	0	0	0	0	0	0	0	0	0	0	0	0	0	0	0	0	0	0	0
8000000.0001	0	0	0	0	0	0	0	0	0	0	0	0	0	0	0	0	0	0	0	0	0	0	0	0	0	0	0	0	0	0	0	0	0	0	0	0	0	0	0	0	0	0	0	0	0	0	0	0	0	0	0	0	0	0	0	0	0	0	0	0	0	0	0	0	0	0	0	0	0	0	0	0	0	0	0	0	0	0	0	0	0	0	0	0	0	0	0	0	0	0	0	0	0	0	0	0	0	0	0	0
8000000.0001	0	0	0	0	0	0	0	0	0	0	0	0	0	0	0	0	0	0	0	0	0	0	0	0	0	0	0	0	0	0	0	0	0	0	0	0	0	0	0	0	0	0	0	0	0	0	0	0	0	0	0	0	0	0	0	0	0	0	0	0	0	0	0	0	0	0	0	0	0	0	0	0	0	0	0	0	0	0	0	0	0	0	0	0	0	0	0	0	0	0	0	0	0	0	0	0	0	0	0	0
8000000.0001	0	0	0	0	0	0	0	0	0	0	0	0	0	0	0	0	0	0	0	0	0	0	0	0	0	0	0	0	0	0	0	0	0	0	0	0	0	0	0	0	0	0	0	0	0	0	0	0	0	0	0	0	0	0	0	0	0	0	0	0	0	0	0	0	0	0	0	0	0	0	0	0	0	0	0	0	0	0	0	0	0	0	0	0	0	0	0	0	0	0	0	0	0	0	0	0	0	0	0	0
8000000.0001	0	0	0	0	0	0	0	0	0	0	0	0	0	0	0	0	0	0	0	0	0	0	0	0	0	0	0	0	0	0	0	0	0	0	0	0	0	0	0	0	0	0	0	0	0	0	0	0	0	0	0	0	0	0	0	0	0	0	0	0	0	0	0	0	0	0	0	0	0	0	0	0	0	0	0	0	0	0	0	0	0	0	0	0	0	0	0	0	0	0	0	0	0	0	0	0	0	0	0	0
8000000.0001	0	0	0	0	0	0	0	0	0	0	0	0	0	0	0	0	0	0	0	0	0	0	0	0	0	0	0	0	0	0	0	0	0	0	0	0	0	0	0	0	0	0	0	0	0	0	0	0	0	0	0	0	0	0	0	0	0	0	0	0	0	0	0	0	0	0	0	0	0	0	0	0	0	0	0	0	0	0	0	0	0	0	0	0	0	0	0	0	0	0	0	0	0	0	0	0	0	0	0	0
8000000.0001	0	0	0	0	0	0	0	0	0	0	0	0	0	0	0	0	0	0	0	0	0	0	0	0	0	0	0	0	0	0	0	0	0	0	0	0	0	0	0	0	0	0	0	0	0	0	0	0	0	0	0	0	0	0	0	0	0	0	0	0	0	0	0	0	0	0	0	0	0	0	0	0	0	0	0	0	0	0	0	0	0	0	0	0	0	0	0	0	0	0	0	0	0	0	0	0	0	0	0	0
8000000.0001	0	0	0	0	0	0	0	0	0	0	0	0	0	0	0	0	0	0	0	0	0	0	0	0	0	0	0	0	0	0	0	0	0	0	0	0	0	0	0	0	0	0	0	0	0	0	0	0	0	0	0	0	0	0	0	0	0	0	0	0	0	0	0	0	0	0	0	0	0	0	0	0	0	0	0	0	0	0	0	0	0	0	0	0	0	0	0	0	0	0	0	0	0	0	0	0	0	0	0	0
8000000.0001	0	0	0	0	0	0	0	0	0	0	0	0	0	0	0	0	0	0	0	0	0	0	0	0	0	0	0	0	0	0	0	0	0	0	0	0	0	0	0	0	0	0	0	0	0	0	0	0	0	0	0	0	0	0	0	0	0	0	0	0	0	0	0	0	0	0	0	0	0	0	0	0	0	0	0	0	0	0	0	0	0	0	0	0	0	0	0	0	0	0	0	0	0	0	0	0	0	0	0	0
8000000.0001	0	0	0	0	0	0	0	0	0	0	0	0	0	0	0	0	0	0	0	0	0	0	0	0	0	0	0	0	0	0	0	0	0	0	0	0	0	0	0	0	0	0	0	0	0	0	0	0	0	0	0	0	0	0	0	0	0	0	0	0	0	0	0	0	0	0	0	0	0	0	0	0	0	0	0	0	0	0	0	0	0	0	0	0	0	0	0	0	0	0	0	0	0	0	0	0	0	0	0	0
8000000.0001	0	0	0	0	0	0	0	0	0	0	0	0	0	0	0	0	0	0	0	0	0	0	0	0	0	0	0	0	0	0	0	0	0	0	0	0	0	0	0	0	0	0	0	0	0	0	0	0	0	0	0	0	0	0	0	0	0	0	0	0	0	0	0	0	0	0	0	0	0	0	0	0	0	0	0	0	0	0	0	0	0	0	0	0	0	0	0	0	0	0	0	0	0	0	0	0	0	0	0	0
8000000.0001	0	0	0	0	0	0	0	0	0	0	0	0	0	0	0	0	0	0	0	0	0	0	0	0	0	0	0	0	0	0	0	0	0	0	0	0	0	0	0	0	0	0	0	0	0	0	0	0	0	0	0	0	0	0	0	0	0	0	0	0	0	0	0	0	0	0	0	0	0	0	0	0	0	0	0	0	0	0	0	0	0	0	0	0	0	0	0	0	0	0	0	0	0	0	0	0	0	0	0	0
8000000.0001	0	0	0	0	0	0	0	0	0	0	0	0	0	0	0	0	0	0	0	0	0	0	0	0	0	0	0	0	0	0	0	0	0	0	0	0	0	0	0	0	0	0	0	0	0	0	0	0	0	0	0	0	0	0	0	0	0	0	0	0	0	0	0	0	0	0	0	0	0	0	0	0	0	0	0	0	0	0	0	0	0	0	0	0	0	0	0	0	0	0	0	0	0	0	0	0	0	0	0	0
8000000.0001	0	0	0	0	0	0	0	0	0	0	0	0	0	0	0	0	0	0	0	0	0	0	0	0	0	0	0	0	0	0	0	0	0	0	0	0	0	0	0	0	0	0	0	0	0	0	0	0	0	0	0	0	0	0	0	0	0	0	0	0	0	0	0	0	0	0	0	0	0	0	0	0	0	0	0	0	0	0	0	0	0	0	0	0	0	0	0	0	0	0	0	0	0	0	0	0	0	0	0	0
8000000.0001	0	0	0	0	0	0	0	0	0	0	0	0	0	0	0	0	0	0	0	0	0	0	0	0	0	0	0	0	0	0	0	0	0	0	0	0	0	0	0	0	0	0	0	0	0	0	0	0	0	0	0	0	0	0	0	0	0	0	0	0	0	0	0	0	0	0	0	0	0	0	0	0	0	0	0	0	0	0	0	0	0	0	0	0	0	0	0	0	0	0	0	0	0	0	0	0	0	0	0	0
8000000.0001	0	0	0	0	0	0	0	0	0	0	0	0	0	0	0	0	0	0	0	0	0	0	0	0	0	0	0	0	0	0	0	0	0	0	0	0	0	0	0	0	0	0	0	0	0	0	0	0	0	0	0	0	0	0	0	0	0	0	0	0	0	0	0	0	0	0	0	0	0	0	0	0	0	0	0	0	0	0	0	0	0	0	0	0	0	0	0	0	0	0	0	0	0	0	0	0	0	0	0	0
8000000.0001	0	0	0	0	0	0	0	0	0	0	0	0	0	0	0	0	0	0	0	0	0	0	0	0	0	0	0	0	0	0	0	0	0	0	0	0	0	0	0	0	0	0	0	0	0	0	0	0	0	0	0	0	0	0	0	0	0	0	0	0	0	0	0	0	0	0	0	0	0	0	0	0	0	0	0	0	0	0	0	0	0	0	0	0	0	0	0	0	0	0	0	0	0	0	0	0	0	0	0	0
8000000.0001	0	0	0	0	0	0	0	0	0	0	0	0	0	0	0	0	0	0	0	0	0	0	0	0	0	0	0	0	0	0	0	0	0	0	0	0	0	0	0	0	0	0	0	0	0	0	0	0	0	0	0	0	0	0	0	0	0	0	0	0	0	0	0	0	0	0	0	0	0	0	0	0	0	0	0	0	0	0	0	0	0	0	0	0	0	0	0	0	0	0	0	0	0	0	0	0	0	0	0	0
8000000.0001	0	0	0	0	0	0	0	0	0	0	0	0	0	0	0	0	0	0	0	0	0	0	0	0	0	0	0	0	0	0	0	0	0	0	0	0	0	0	0	0	0	0	0	0	0	0	0	0	0	0	0	0	0	0	0	0	0	0	0	0	0	0	0	0	0	0	0	0	0	0	0	0	0	0	0	0	0	0	0	0	0	0	0	0	0	0	0	0	0	0	0	0	0	0	0	0	0	0	0	0
8000000.0001	0	0	0	0	0	0	0	0	0	0	0	0	0	0	0	0	0	0	0	0	0	0	0	0	0	0	0	0	0	0	0	0	0	0	0	0	0	0	0	0	0	0	0	0	0	0	0	0	0	0	0	0	0	0	0	0	0	0	0	0	0	0	0	0	0	0	0	0	0	0	0	0	0	0	0	0	0	0	0	0	0	0	0	0	0	0	0	0	0	0	0	0	0	0	0	0	0	0	0	0
8000000.0001	0	0	0	0	0	0	0	0	0	0	0	0	0	0	0	0	0	0	0	0	0	0	0	0	0	0	0	0	0	0	0	0	0	0	0	0	0	0	0	0	0	0	0	0	0	0	0	0	0	0	0	0	0	0	0	0	0	0	0	0	0	0	0	0	0	0	0	0	0	0	0	0	0	0	0	0	0	0	0	0	0	0	0	0	0	0	0	0	0	0	0	0	0	0	0	0	0	0	0	0
8000000.0001	0	0	0	0	0	0	0	0	0	0	0	0	0	0	0	0	0	0	0	0	0	0	0	0	0	0	0	0	0	0	0	0	0	0	0	0	0	0	0	0	0	0	0	0	0	0	0	0	0	0	0	0	0	0	0	0	0	0	0	0	0	0	0	0	0	0	0	0	0	0	0	0	0	0	0	0	0	0	0	0	0	0	0	0	0	0	0	0	0	0	0	0	0	0	0	0	0	0	0	0
8000000.0001	0	0	0	0	0	0	0	0	0	0	0	0	0	0	0	0	0	0	0	0	0	0	0	0	0	0	0	0	0	0	0	0	0	0	0	0	0	0	0	0	0	0	0	0	0	0	0	0	0	0	0	0	0	0	0	0	0	0	0	0	0	0	0	0	0	0	0	0	0	0	0	0	0	0	0	0	0	0	0	0	0	0	0	0	0	0	0	0	0	0	0	0	0	0	0	0	0	0	0	0
8000000.0001	0	0	0	0	0	0	0	0	0	0	0	0	0	0	0	0	0	0	0	0	0	0	0	0	0	0	0	0	0	0	0	0	0	0	0	0	0	0	0	0	0	0	0	0	0	0	0	0	0	0	0	0	0	0	0	0	0	0	0	0	0	0	0	0	0	0	0	0	0	0	0	0	0	0	0	0	0	0	0	0	0	0	0	0	0	0	0	0	0	0	0	0	0	0	0	0	0	0	0	0
8000000.0001	0	0	0	0	0	0	0	0	0	0	0	0	0	0	0	0	0	0	0	0	0	0	0	0	0	0	0	0	0	0	0	0	0	0	0	0	0	0	0	0	0	0	0	0	0	0	0	0	0	0	0	0	0	0	0	0	0	0	0	0	0	0	0	0	0	0	0	0	0	0	0	0	0	0	0	0	0	0	0	0	0	0	0	0	0	0	0	0	0	0	0	0	0	0	0	0	0	0	0	0
8000000.0001	0	0	0	0	0	0	0	0	0	0	0	0	0	0	0	0	0	0	0	0	0	0	0	0	0	0	0	0	0	0	0	0	0	0	0	0	0	0	0	0	0	0	0	0	0	0	0	0	0	0	0	0	0	0	0	0	0	0	0	0	0	0	0	0	0	0	0	0	0	0	0	0	0	0	0	0	0	0	0	0	0	0	0	0	0	0	0	0	0	0	0	0	0	0	0	0	0	0	0	0
8000000.0001	0	0	0	0	0	0	0	0	0	0	0	0	0	0	0	0	0	0	0	0	0	0	0	0	0	0	0	0	0	0	0	0	0	0	0	0	0	0	0	0	0	0	0	0	0	0	0	0	0	0	0	0	0	0	0	0	0	0	0	0	0	0	0	0	0	0	0	0	0	0	0	0	0	0	0	0	0	0	0	0	0	0	0	0	0	0	0	0	0	0	0	0	0	0	0	0	0	0	0	0
8000000.0001	0	0	0	0	0	0	0	0	0	0	0	0	0	0	0	0	0	0	0	0	0	0	0	0	0	0	0	0	0	0	0	0	0	0	0	0	0	0	0	0	0	0	0	0	0	0	0	0	0	0	0	0	0	0	0	0	0	0	0	0	0	0	0	0	0	0	0	0	0	0	0	0	0	0	0	0	0	0	0	0	0	0	0	0	0	0	0	0	0	0	0	0	0	0	0	0	0	0	0	0
8000000.0001	0	0	0	0	0	0	0	0	0	0	0	0	0	0	0	0	0	0	0	0	0	0	0	0	0	0	0	0	0	0	0	0	0	0	0	0	0	0	0	0	0	0	0	0	0	0	0	0	0	0	0	0	0	0	0	0	0	0	0	0	0	0	0	0	0	0	0	0	0	0	0	0	0	0	0	0	0	0	0	0	0	0	0	0	0	0	0	0	0	0	0	0	0	0	0	0	0	0	0	0
8000000.0001	0	0	0	0	0	0	0	0	0	0	0	0	0	0	0	0	0	0	0	0	0	0	0	0	0	0	0	0	0	0	0	0	0	0	0	0	0	0	0	0	0	0	0	0	0	0	0	0	0	0	0	0	0	0	0	0	0	0	0	0	0	0	0	0	0	0	0	0	0	0	0	0	0	0	0	0	0	0	0	0	0	0	0	0	0	0	0	0	0	0	0	0	0	0	0	0	0	0	0	0
8000000.0001	0	0	0	0	0	0	0	0	0	0	0	0	0	0	0	0	0	0	0	0	0	0	0	0	0	0	0	0	0	0	0	0	0	0	0	0	0	0	0	0	0	0	0	0	0	0	0	0	0	0	0	0	0	0	0	0	0	0	0	0	0	0	0	0	0	0	0	0	0	0	0	0	0	0	0	0	0	0	0	0	0	0	0	0	0	0	0	0	0	0	0	0	0	0	0	0	0	0	0	0
8000000.0001	0	0	0	0	0	0	0	0	0	0	0	0	0	0	0	0	0	0	0	0	0	0	0	0	0	0	0	0	0	0	0	0	0	0	0	0	0	0	0	0	0	0	0	0	0	0	0	0	0	0	0	0	0	0	0	0	0	0	0	0	0	0	0	0	0	0	0	0	0	0	0	0	0	0	0	0	0	0	0	0	0	0	0	0	0	0	0	0	0	0	0	0	0	0	0	0	0	0	0	0
8000000.0001	0	0	0	0	0	0	0	0	0	0	0	0	0	0	0	0	0	0	0	0	0	0	0	0	0	0	0	0	0	0	0	0	0	0	0	0	0	0	0	0	0	0	0	0	0	0	0	0	0	0	0	0	0	0	0	0	0	0	0	0	0	0	0	0	0	0	0	0	0	0	0	0	0	0	0	0	0	0	0	0	0	0	0	0	0	0	0	0	0	0	0	0	0	0	0	0	0	0	0	0
8000000.0001	0	0	0	0	0	0	0	0	0	0	0	0	0	0	0	0	0	0	0	0	0	0	0	0	0	0	0	0	0	0	0	0	0	0	0	0	0	0	0	0	0	0	0	0	0	0	0	0	0	0	0	0	0	0	0	0	0	0	0	0	0	0	0	0	0	0	0	0	0	0	0	0	0	0	0	0	0	0	0	0	0	0	0	0	0	0	0	0	0	0	0	0	0	0	0	0	0	0	0	0
8000000.0001	0	0	0	0	0	0	0	0	0	0	0	0	0	0	0	0	0	0	0	0	0	0	0	0	0	0	0	0	0	0	0	0	0	0	0	0	0	0	0	0	0	0	0	0	0	0	0	0	0	0	0	0	0	0	0	0	0	0	0	0	0	0	0	0	0	0	0	0	0	0	0	0	0	0	0	0	0	0	0	0	0	0	0	0	0	0	0	0	0	0	0	0	0	0	0	0	0	0	0	0
8000000.0001	0	0	0	0	0	0	0	0	0	0	0	0	0	0	0	0	0	0	0	0	0	0	0	0	0	0	0	0	0	0	0	0	0	0	0	0	0	0	0	0	0	0	0	0	0	0	0	0	0	0	0	0	0	0	0	0	0	0	0	0	0	0	0	0	0	0	0	0	0	0	0	0	0	0	0	0	0	0	0	0	0	0	0	0	0	0	0	0	0	0	0	0	0	0	0	0	0	0	0	0
8000000.0001	0	0	0	0	0	0	0	0	0	0	0	0	0	0	0	0	0	0	0	0	0	0	0	0	0	0	0	0	0	0	0	0	0	0	0	0	0	0	0	0	0	0	0	0	0	0	0	0	0	0	0	0	0	0	0	0	0	0	0	0	0	0	0	0	0	0	0	0	0	0	0	0	0	0	0	0	0	0	0	0	0	0	0	0	0	0	0	0	0	0	0	0	0	0	0	0	0	0	0	0
8000000.0001	0	0	0	0	0	0	0	0	0	0	0	0	0	0	0	0	0	0	0	0	0	0	0	0	0	0	0	0	0	0	0	0	0	0	0	0	0	0	0	0	0	0	0	0	0	0	0	0	0	0	0	0	0	0	0	0	0	0	0	0	0	0	0	0	0	0	0	0	0	0	0	0	0	0	0	0	0	0	0	0	0	0	0	0	0	0	0	0	0	0	0	0	0	0	0	0	0	0	0	0
8000000.0001	0	0	0	0	0	0	0	0	0	0	0	0	0	0	0	0	0	0	0	0	0	0	0	0	0	0	0	0	0	0	0	0	0	0	0	0	0	0	0	0	0	0	0	0	0	0	0	0	0	0	0	0	0	0	0	0	0	0	0	0	0	0	0	0	0	0	0	0	0	0	0	0	0	0	0	0	0	0	0	0	0	0	0	0	0	0	0	0	0	0	0	0	0	0	0	0	0	0	0	0
8000000.0001	0	0	0	0	0	0	0	0	0	0	0	0	0	0	0	0	0	0	0	0	0	0	0	0	0	0	0	0	0	0	0	0	0	0	0	0	0	0	0	0	0	0	0	0	0	0	0	0	0	0	0	0	0	0	0	0	0	0	0	0	0	0	0	0	0	0	0	0	0	0	0	0	0	0	0	0	0	0	0	0	0	0	0	0	0	0	0	0	0	0	0	0	0	0	0	0	0	0	0	0
8000000.0001	0	0	0	0	0	0	0	0	0	0	0	0	0	0	0	0	0	0	0	0	0	0	0	0	0	0	0	0	0	0	0	0	0	0	0	0	0	0	0	0	0	0	0	0	0	0	0	0	0	0	0	0	0	0	0	0	0	0	0	0	0	0	0	0	0	0	0	0	0	0	0	0	0	0	0	0	0	0	0	0	0	0	0	0	0	0	0	0	0	0	0	0	0	0	0	0	0	0	0	0
8000000.0001	0	0	0	0	0	0	0	0	0	0	0	0	0	0	0	0	0	0	0	0	0	0	0	0	0	0	0	0	0	0	0	0	0	0	0	0	0	0	0	0	0	0	0	0	0	0	0	0	0	0	0	0	0	0	0	0	0	0	0	0	0	0	0	0	0	0	0	0	0	0	0	0	0	0	0	0	0	0	0	0	0	0	0	0	0	0	0	0	0	0	0	0	0	0	0	0	0	0	0	0
8000000.0001	0	0	0	0	0	0	0	0	0	0	0	0	0	0	0	0	0	0	0	0	0	0	0	0	0	0	0	0	0	0	0	0	0	0	0	0	0	0	0	0	0	0	0	0	0	0	0	0	0	0	0	0	0	0	0	0	0	0	0	0	0	0	0	0	0	0	0	0	0	0	0	0	0	0	0	0	0	0	0	0	0	0	0	0	0	0	0	0	0	0	0	0	0	0	0	0	0	0	0	0
8000000.0001	0	0	0	0	0	0	0	0	0	0	0	0	0	0	0	0	0	0	0	0	0	0	0	0	0	0	0	0	0	0	0	0	0	0	0	0	0	0	0	0	0	0	0	0	0	0	0	0	0	0	0	0	0	0	0	0	0	0	0	0	0	0	0	0	0	0	0	0	0	0	0	0	0	0	0	0	0	0	0	0	0	0	0	0	0	0	0	0	0	0	0	0	0	0	0	0	0	0	0	0
8000000.0001	0	0	0	0	0	0	0	0	0	0	0	0	0	0	0	0	0	0	0	0	0	0	0	0	0	0	0	0	0	0	0	0	0	0	0	0	0	0	0	0	0	0	0	0	0	0	0	0	0	0	0	0	0	0	0	0	0	0	0	0	0	0	0	0	0	0	0	0	0	0	0	0	0	0	0	0	0	0	0	0	0	0	0	0	0	0	0	0	0	0	0	0	0	0	0	0	0	0	0	0
8000000.0001	0	0	0	0	0	0	0	0	0	0	0	0	0	0	0	0	0	0	0	0	0	0	0	0	0	0	0	0	0	0	0	0	0	0	0	0	0	0	0	0	0	0	0	0	0	0	0	0	0	0	0	0	0	0	0	0	0	0	0	0	0	0	0	0	0	0	0	0	0	0	0	0	0	0	0	0	0	0	0	0	0	0	0	0	0	0	0	0	0	0	0	0	0	0	0	0	0	0	0	0
8000000.0001	0	0	0	0	0	0	0	0	0	0	0	0	0	0	0	0	0	0	0	0	0	0	0	0	0	0	0	0	0	0	0	0	0	0	0	0	0	0	0	0	0	0	0	0	0	0	0	0	0	0	0	0	0	0	0	0	0	0	0	0	0	0	0	0	0	0	0	0	0	0	0	0	0	0	0	0	0	0	0	0	0	0	0	0	0	0	0	0	0	0	0	0	0	0	0	0	0	0	0	0
8000000.0001	0	0	0	0	0	0	0	0	0	0	0	0	0	0	0	0	0	0	0	0	0	0	0	0	0	0	0	0	0	0	0	0	0	0	0	0	0	0	0	0	0	0	0	0	0	0	0	0	0	0	0	0	0	0	0	0	0	0	0	0	0	0	0	0	0	0	0	0	0	0	0	0	0	0	0	0	0	0	0	0	0	0	0	0	0	0	0	0	0	0	0	0	0	0	0	0	0	0	0	0
8000000.0001	0	0	0	0	0	0	0	0	0	0	0	0	0	0	0	0	0	0	0	0	0	0	0	0	0	0	0	0	0	0	0	0	0	0	0	0	0	0	0	0	0	0	0	0	0	0	0	0	0	0	0	0	0	0	0	0	0	0	0	0	0	0	0	0	0	0	0	0	0	0	0	0	0	0	0	0	0	0	0	0	0	0	0	0	0	0	0	0	0	0	0	0	0	0	0	0	0	0	0	0
8000000.0001	0	0	0	0	0	0	0	0	0	0	0	0	0	0	0	0	0	0	0	0	0	0	0	0	0	0	0	0	0	0	0	0	0	0	0	0	0	0	0	0	0	0	0	0	0	0	0	0	0	0	0	0	0	0	0	0	0	0	0	0	0	0	0	0	0	0	0	0	0	0	0	0	0	0	0	0	0	0	0	0	0	0	0	0	0	0	0	0	0	0	0	0	0	0	0	0	0	0	0	0
8000000.0001	0	0	0	0	0	0	0	0	0	0	0	0	0	0	0	0	0	0	0	0	0	0	0	0	0	0	0	0	0	0	0	0	0	0	0	0	0	0	0	0	0	0	0	0	0	0	0	0	0	0	0	0	0	0	0	0	0	0	0	0	0	0	0	0	0	0	0	0	0	0	0	0	0	0	0	0	0	0	0	0	0	0	0	0	0	0	0	0	0	0	0	0	0	0	0	0	0	0	0	0
8000000.0001	0	0	0	0	0	0	0	0	0	0	0	0	0	0	0	0	0	0	0	0	0	0	0	0	0	0	0	0	0	0	0	0	0	0	0	0	0	0	0	0	0	0	0	0	0	0	0	0	0	0	0	0	0	0	0	0	0	0	0	0	0	0	0	0	0	0	0	0	0	0	0	0	0	0	0	0	0	0	0	0	0	0	0	0	0	0	0	0	0	0	0	0	0	0	0	0	0	0	0	0
8000000.0001	0	0	0	0	0	0	0	0	0	0	0	0	0	0	0	0	0	0	0	0	0	0	0	0	0	0	0	0	0	0	0	0	0	0	0	0	0	0	0	0	0	0	0	0	0	0	0	0	0	0	0	0	0	0	0	0	0	0	0	0	0	0	0	0	0	0	0	0	0	0	0	0	0	0	0	0	0	0	0	0	0	0	0	0	0	0	0	0	0	0	0	0	0	0	0	0	0	0	0	0
8000000.0001	0	0	0	0	0	0	0	0	0	0	0	0	0	0	0	0	0	0	0	0	0	0	0	0	0	0	0	0	0	0	0	0	0	0	0	0	0	0	0	0	0	0	0	0	0	0	0	0	0	0	0	0	0	0	0	0	0	0	0	0	0	0	0	0	0	0	0	0	0	0	0	0	0	0	0	0	0	0	0	0	0	0	0	0	0	0	0	0	0	0	0	0	0	0	0	0	0	0	0	0
8000000.0001	0	0	0	0	0	0	0	0	0	0	0	0	0	0	0	0	0	0	0	0	0	0	0	0	0	0	0	0	0	0	0	0	0	0	0	0	0	0	0	0	0	0	0	0	0	0	0	0	0	0	0	0	0	0	0	0	0	0	0	0	0	0	0	0	0	0	0	0	0	0	0	0	0	0	0	0	0	0	0	0	0	0	0	0	0	0	0	0	0	0	0	0	0	0	0	0	0	0	0	0
8000000.0001	0	0	0	0	0	0	0	0	0	0	0	0	0	0	0	0	0	0	0	0	0	0	0	0	0	0	0	0	0	0	0	0	0	0	0	0	0	0	0	0	0	0	0	0	0	0	0	0	0	0	0	0	0	0	0	0	0	0	0	0	0	0	0	0	0	0	0	0	0	0	0	0	0	0	0	0	0	0	0	0	0	0	0	0	0	0	0	0	0	0	0	0	0	0	0	0	0	0	0	0
8000000.0001	0	0	0	0	0	0	0	0	0	0	0	0	0	0	0	0	0	0	0	0	0	0	0	0	0	0	0	0	0	0	0	0	0	0	0	0	0	0	0	0	0	0	0	0	0	0	0	0	0	0	0	0	0	0	0	0	0	0	0	0	0	0	0	0	0	0	0	0	0	0	0	0	0	0	0	0	0	0	0	0	0	0	0	0	0	0	0	0	0	0	0	0	0	0	0	0	0	0	0	0
8000000.0001	0	0	0	0	0	0	0	0	0	0	0	0	0	0	0	0	0	0	0	0	0	0	0	0	0	0	0	0	0	0	0	0	0	0	0	0	0	0	0	0	0	0	0	0	0	0	0	0	0	0	0	0	0	0	0	0	0	0	0	0	0	0	0	0	0	0	0	0	0	0	0	0	0	0	0	0	0	0	0	0	0	0	0	0	0	0	0	0	0	0	0	0	0	0	0	0	0	0	0	0
8000000.0001	0	0	0	0	0	0	0	0	0	0	0	0	0	0	0	0	0	0	0	0	0	0	0	0	0	0	0	0	0	0	0	0	0	0	0	0	0	0	0	0	0	0	0	0	0	0	0	0	0	0	0	0	0	0	0	0	0	0	0	0	0	0	0	0	0	0	0	0	0	0	0	0	0	0	0	0	0	0	0	0	0	0	0	0	0	0	0	0	0	0	0	0	0	0	0	0	0	0	0	0
8000000.0001	0	0	0	0	0	0	0	0	0	0	0	0	0	0	0	0	0	0	0	0	0	0	0	0	0	0	0	0	0	0	0	0	0	0	0	0	0	0	0	0	0	0	0	0	0	0	0	0	0	0	0	0	0	0	0	0	0	0	0	0	0	0	0	0	0	0	0	0	0	0	0	0	0	0	0	0	0	0	0	0	0	0	0	0	0	0	0	0	0	0	0	0	0	0	0	0	0	0	0	0
8000000.0001	0	0	0	0	0	0	0	0	0	0	0	0	0	0	0	0	0	0	0	0	0	0	0	0	0	0	0	0	0	0	0	0	0	0	0	0	0	0	0	0	0	0	0	0	0	0	0	0	0	0	0	0	0	0	0	0	0	0	0	0	0	0	0	0	0	0	0	0	0	0	0	0	0	0	0	0	0	0	0	0	0	0	0	0	0	0	0	0	0	0	0	0	0	0	0	0	0	0	0	0
8000000.0001	0	0	0	0	0	0	0	0	0	0	0	0	0	0	0	0	0	0	0	0	0	0	0	0	0	0	0	0	0	0	0	0	0	0	0	0	0	0	0	0	0	0	0	0	0	0	0	0	0	0	0	0	0	0	0	0	0	0	0	0	0	0	0	0	0	0	0	0	0	0	0	0	0	0	0	0	0	0	0	0	0	0	0	0	0	0	0	0	0	0	0	0	0	0	0	0	0	0	0	0
8000000.0001	0	0	0	0	0	0	0	0	0	0	0	0	0	0	0	0	0	0	0	0	0	0	0	0	0	0	0	0	0	0	0	0	0	0	0	0	0	0	0	0	0	0	0	0	0	0	0	0	0	0	0	0	0	0	0	0	0	0	0	0	0	0	0	0	0	0	0	0	0	0	0	0	0	0	0	0	0	0	0	0	0	0	0	0	0	0	0	0	0	0	0	0	0	0	0	0	0	0	0	0
8000000.0001	0	0	0	0	0	0	0	0	0	0	0	0	0	0	0	0	0	0	0	0	0	0	0	0	0	0	0	0	0	0	0	0	0	0	0	0	0	0	0	0	0	0	0	0	0	0	0	0	0	0	0	0	0	0	0	0	0	0	0	0	0	0	0	0	0	0	0	0	0	0	0	0	0	0	0	0	0	0	0	0	0	0	0	0	0	0	0	0	0	0	0	0	0	0	0	0	0	0	0	0
8000000.0001	0	0	0	0	0	0	0	0	0	0	0	0	0	0	0	0	0	0	0	0	0	0	0	0	0	0	0	0	0	0	0	0	0	0	0	0	0	0	0	0	0	0	0	0	0	0	0	0	0	0	0	0	0	0	0	0	0	0	0	0	0	0	0	0	0	0	0	0	0	0	0	0	0	0	0	0	0	0	0	0	0	0	0	0	0	0	0	0	0	0	0	0	0	0	0	0	0	0	0	0
8000000.0001	0	0	0	0	0	0	0	0	0	0	0	0	0	0	0	0	0	0	0	0	0	0	0	0	0	0	0	0	0	0	0	0	0	0	0	0	0	0	0	0	0	0	0	0	0	0	0	0	0	0	0	0	0	0	0	0	0	0	0	0	0	0	0	0	0	0	0	0	0	0	0	0	0	0	0	0	0	0	0	0	0	0	0	0	0	0	0	0	0	0	0	0	0	0	0	0	0	0	0	0
8000000.0001	0	0	0	0	0	0	0	0	0	0	0	0	0	0	0	0	0	0	0	0	0	0	0	0	0	0	0	0	0	0	0	0	0	0	0	0	0	0	0	0	0	0	0	0	0	0	0	0	0	0	0	0	0	0	0	0	0	0	0	0	0	0	0	0	0	0	0	0	0	0	0	0	0	0	0	0	0	0	0	0	0	0	0	0	0	0	0	0	0	0	0	0	0	0	0	0	0	0	0	0
8000000.0001	0	0	0	0	0	0	0	0	0	0	0	0	0	0	0	0	0	0	0	0	0	0	0	0	0	0	0	0	0	0	0	0	0	0	0	0	0	0	0	0	0	0	0	0	0	0	0	0	0	0	0	0	0	0	0	0	0	0	0	0	0	0	0	0	0	0	0	0	0	0	0	0	0	0	0	0	0	0	0	0	0	0	0	0	0	0	0	0	0	0	0	0	0	0	0	0	0	0	0	0
8000000.0001	0	0	0	0	0	0	0	0	0	0	0	0	0	0	0	0	0	0	0	0	0	0	0	0	0	0	0	0	0	0	0	0	0	0	0	0	0	0	0	0	0	0	0	0	0	0	0	0	0	0	0	0	0	0	0	0	0	0	0	0	0	0	0	0	0	0	0	0	0	0	0	0	0	0	0	0	0	0	0	0	0	0	0	0	0	0	0	0	0	0	0	0	0	0	0	0	0	0	0	0
8000000.0001	0	0	0	0	0	0	0	0	0	0	0	0	0	0	0	0	0	0	0	0	0	0	0	0	0	0	0	0	0	0	0	0	0	0	0	0	0	0	0	0	0	0	0	0	0	0	0	0	0	0	0	0	0	0	0	0	0	0	0	0	0	0	0	0	0	0	0	0	0	0	0	0	0	0	0	0	0	0	0	0	0	0	0	0	0	0	0	0	0	0	0	0	0	0	0	0	0	0	0	0
8000000.0001	0	0	0	0	0	0	0	0	0	0	0	0	0	0	0	0	0	0	0	0	0	0	0	0	0	0	0	0	0	0	0	0	0	0	0	0	0	0	0	0	0	0	0	0	0	0	0	0	0	0	0	0	0	0	0	0	0	0	0	0	0	0	0	0	0	0	0	0	0	0	0	0	0	0	0	0	0	0	0	0	0	0	0	0	0	0	0	0	0	0	0	0	0	0	0	0	0	0	0	0
8000000.0001	0	0	0	0	0	0	0	0	0	0	0	0	0	0	0	0	0	0	0	0	0	0	0	0	0	0	0	0	0	0	0	0	0	0	0	0	0	0	0	0	0	0	0	0	0	0	0	0	0	0	0	0	0	0	0	0	0	0	0	0	0	0	0	0	0	0	0	0	0	0	0	0	0	0	0	0	0	0	0	0	0	0	0	0	0	0	0	0	0	0	0	0	0	0	0	0	0	0	0	0
8000000.0001	0	0	0	0	0	0	0	0	0	0	0	0	0	0	0	0	0	0	0	0	0	0	0	0	0	0	0	0	0	0	0	0	0	0	0	0	0	0	0	0	0	0	0	0	0	0	0	0	0	0	0	0	0	0	0	0	0	0	0	0	0	0	0	0	0	0	0	0	0	0	0	0	0	0	0	0	0	0	0	0	0	0	0	0	0	0	0	0	0	0	0	0	0	0	0	0	0	0	0	0
8000000.0001	0	0	0	0	0	0	0	0	0	0	0	0	0	0	0	0	0	0	0	0	0	0	0	0	0	0	0	0	0	0	0	0	0	0	0	0	0	0	0	0	0	0	0	0	0	0	0	0	0	0	0	0	0	0	0	0	0	0	0	0	0	0	0	0	0	0	0	0	0	0	0	0	0	0	0	0	0	0	0	0	0	0	0	0	0	0	0	0	0	0	0	0	0	0	0	0	0	0	0	0
8000000.0001	0	0	0	0	0	0	0	0	0	0	0	0	0	0	0	0	0	0	0	0	0	0	0	0	0	0	0	0	0	0	0	0	0	0	0	0	0	0	0	0	0	0	0	0	0	0	0	0	0	0	0	0	0	0	0	0	0	0	0	0	0	0	0	0	0	0	0	0	0	0	0	0	0	0	0	0	0	0	0	0	0	0	0	0	0	0	0	0	0	0	0	0	0	0	0	0	0	0	0	0
8000000.0001	0	0	0	0	0	0	0	0	0	0	0	0	0	0	0	0	0	0	0	0	0	0	0	0	0	0	0	0	0	0	0	0	0	0	0	0	0	0	0	0	0	0	0	0	0	0	0	0	0	0	0	0	0	0	0	0	0	0	0	0	0	0	0	0	0	0	0	0	0	0	0	0	0	0	0	0	0	0	0	0	0	0	0	0	0	0	0	0	0	0	0	0	0	0	0	0	0	0	0	0
8000000.0001	0	0	0	0	0	0	0	0	0	0	0	0	0	0	0	0	0	0	0	0	0	0	0	0	0	0	0	0	0	0	0	0	0	0	0	0	0	0	0	0	0	0	0	0	0	0	0	0	0	0	0	0	0	0	0	0	0	0	0	0	0	0	0	0	0	0	0	0	0	0	0	0	0	0	0	0	0	0	0	0	0	0	0	0	0	0	0	0	0	0	0	0	0	0	0	0	0	0	0	0
8000000.0001	0	0	0	0	0	0	0	0	0	0	0	0	0	0	0	0	0	0	0	0	0	0	0	0	0	0	0	0	0	0	0	0	0	0	0	0	0	0	0	0	0	0	0	0	0	0	0	0	0	0	0	0	0	0	0	0	0	0	0	0	0	0	0	0	0	0	0	0	0	0	0	0	0	0	0	0	0	0	0	0	0	0	0	0	0	0	0	0	0	0	0	0	0	0	0	0	0	0	0	0
8000000.0001	0	0	0	0	0	0	0	0	0	0	0	0	0	0	0	0	0	0	0	0	0	0	0	0	0	0	0	0	0	0	0	0	0	0	0	0	0	0	0	0	0	0	0	0	0	0	0	0	0	0	0	0	0	0	0	0	0	0	0	0	0	0	0	0	0	0	0	0	0	0	0	0	0	0	0	0	0	0	0	0	0	0	0	0	0	0	0	0	0	0	0	0	0	0	0	0	0	0	0	0
8000000.0001	0	0	0	0	0	0	0	0	0	0	0	0	0	0	0	0	0	0	0	0	0	0	0	0	0	0	0	0	0	0	0	0	0	0	0	0	0	0	0	0	0	0	0	0	0	0	0	0	0	0	0	0	0	0	0	0	0	0	0	0	0	0	0	0	0	0	0	0	0	0	0	0	0	0	0	0	0	0	0	0	0	0	0	0	0	0	0	0	0	0	0	0	0	0	0	0	0	0	0	0
8000000.0001	0	0	0	0	0	0	0	0	0	0	0	0	0	0	0	0	0	0	0	0	0	0	0	0	0	0	0	0	0	0	0	0	0	0	0	0	0	0	0	0	0	0	0	0	0	0	0	0	0	0	0	0	0	0	0	0	0	0	0	0	0	0	0	0	0	0	0	0	0	0	0	0	0	0	0	0	0	0	0	0	0	0	0	0	0	0	0	0	0	0	0	0	0	0	0	0	0	0	0	0
8000000.0001	0	0	0	0	0	0	0	0	0	0	0	0	0	0	0	0	0	0	0	0	0	0	0	0	0	0	0	0	0	0	0	0	0	0	0	0	0	0	0	0	0	0	0	0	0	0	0	0	0	0	0	0	0	0	0	0	0	0	0	0	0	0	0	0	0	0	0	0	0	0	0	0	0	0	0	0	0	0	0	0	0	0	0	0	0	0	0	0	0	0	0	0	0	0	0	0	0	0	0	0
8000000.0001	0	0	0	0	0	0	0	0	0	0	0	0	0	0	0	0	0	0	0	0	0	0	0	0	0	0	0	0	0	0	0	0	0	0	0	0	0	0	0	0	0	0	0	0	0	0	0	0	0	0	0	0	0	0	0	0	0	0	0	0	0	0	0	0	0	0	0	0	0	0	0	0	0	0	0	0	0	0	0	0	0	0	0	0	0	0	0	0	0	0	0	0	0	0	0	0	0	0	0	0
8000000.0001	0	0	0	0	0	0	0	0	0	0	0	0	0	0	0	0	0	0	0	0	0	0	0	0	0	0	0	0	0	0	0	0	0	0	0	0	0	0	0	0	0	0	0	0	0	0	0	0	0	0	0	0	0	0	0	0	0	0	0	0	0	0	0	0	0	0	0	0	0	0	0	0	0	0	0	0	0	0	0	0	0	0	0	0	0	0	0	0	0	0	0	0	0	0	0	0	0	0	0	0
8000000.0001	0	0	0	0	0	0	0	0	0	0	0	0	0	0	0	0	0	0	0	0	0	0	0	0	0	0	0	0	0	0	0	0	0	0	0	0	0	0	0	0	0	0	0	0	0	0	0	0	0	0	0	0	0	0	0	0	0	0	0	0	0	0	0	0	0	0	0	0	0	0	0	0	0	0	0	0	0	0	0	0	0	0	0	0	0	0	0	0	0	0	0	0	0	0	0	0	0	0	0	0
8000000.0001	0	0	0	0	0	0	0	0	0	0	0	0	0	0	0	0	0	0	0	0	0	0	0	0	0	0	0	0	0	0	0	0	0	0	0	0	0	0	0	0	0	0	0	0	0	0	0	0	0	0	0	0	0	0	0	0	0	0	0	0	0	0	0	0	0	0	0	0	0	0	0	0	0	0	0	0	0	0	0	0	0	0	0	0	0	0	0	0	0	0	0	0	0	0	0	0	0	0	0	0
8000000.0001	0	0	0	0	0	0	0	0	0	0	0	0	0	0	0	0	0	0	0	0	0	0	0	0	0	0	0	0	0	0	0	0	0	0	0	0	0	0	0	0	0	0	0	0	0	0	0	0	0	0	0	0	0	0	0	0	0	0	0	0	0	0	0	0	0	0	0	0	0	0	0	0	0	0	0	0	0	0	0	0	0	0	0	0	0	0	0	0	0	0	0	0	0	0	0	0	0	0	0	0
8000000.0001	0	0	0	0	0	0	0	0	0	0	0	0	0	0	0	0	0	0	0	0	0	0	0	0	0	0	0	0	0	0	0	0	0	0	0	0	0	0	0	0	0	0	0	0	0	0	0	0	0	0	0	0	0	0	0	0	0	0	0	0	0	0	0	0	0	0	0	0	0	0	0	0	0	0	0	0	0	0	0	0	0	0	0	0	0	0	0	0	0	0	0	0	0	0	0	0	0	0	0	0
8000000.0001	0	0	0	0	0	0	0	0	0	0	0	0	0	0	0	0	0	0	0	0	0	0	0	0	0	0	0	0	0	0	0	0	0	0	0	0	0	0	0	0	0	0	0	0	0	0	0	0	0	0	0	0	0	0	0	0	0	0	0	0	0	0	0	0	0	0	0	0	0	0	0	0	0	0	0	0	0	0	0	0	0	0	0	0	0	0	0	0	0	0	0	0	0	0	0	0	0	0	0	0
8000000.0001	0	0	0	0	0	0	0	0	0	0	0	0	0	0	0	0	0	0	0	0	0	0	0	0	0	0	0	0	0	0	0	0	0	0	0	0	0	0	0	0	0	0	0	0	0	0	0	0	0	0	0	0	0	0	0	0	0	0	0	0	0	0	0	0	0	0	0	0	0	0	0	0	0	0	0	0	0	0	0	0	0	0	0	0	0	0	0	0	0	0	0	0	0	0	0	0	0	0	0	0
8000000.0001	0	0	0	0	0	0	0	0	0	0	0	0	0	0	0	0	0	0	0	0	0	0	0	0	0	0	0	0	0	0	0	0	0	0	0	0	0	0	0	0	0	0	0	0	0	0	0	0	0	0	0	0	0	0	0	0	0	0	0	0	0	0	0	0	0	0	0	0	0	0	0	0	0	0	0	0	0	0	0	0	0	0	0	0	0	0	0	0	0	0	0	0	0	0	0	0	0	0	0	0
8000000.0001	0	0	0	0	0	0	0	0	0	0	0	0	0	0	0	0	0	0	0	0	0	0	0	0	0	0	0	0	0	0	0	0	0	0	0	0	0	0	0	0	0	0	0	0	0	0	0	0	0	0	0	0	0	0	0	0	0	0	0	0	0	0	0	0	0	0	0	0	0	0	0	0	0	0	0	0	0	0	0	0	0	0	0	0	0	0	0	0	0	0	0	0	0	0	0	0	0	0	0	0
8000000.0001	0	0	0	0	0	0	0	0	0	0	0	0	0	0	0	0	0	0	0	0	0	0	0	0	0	0	0	0	0	0	0	0	0	0	0	0	0	0	0	0	0	0	0	0	0	0	0	0	0	0	0	0	0	0	0	0	0	0	0	0	0	0	0	0	0	0	0	0	0	0	0	0	0	0	0	0	0	0	0	0	0	0	0	0	0	0	0	0	0	0	0	0	0	0	0	0	0	0	0	0
8000000.0001	0	0	0	0	0	0	0	0	0	0	0	0	0	0	0	0	0	0	0	0	0	0	0	0	0	0	0	0	0	0	0	0	0	0	0	0	0	0	0	0	0	0	0	0	0	0	0	0	0	0	0	0	0	0	0	0	0	0	0	0	0	0	0	0	0	0	0	0	0	0	0	0	0	0	0	0	0	0	0	0	0	0	0	0	0	0	0	0	0	0	0	0	0	0	0	0	0	0	0	0
8000000.0001	0	0	0	0	0	0	0	0	0	0	0	0	0	0	0	0	0	0	0	0	0	0	0	0	0	0	0	0	0	0	0	0	0	0	0	0	0	0	0	0	0	0	0	0	0	0	0	0	0	0	0	0	0	0	0	0	0	0	0	0	0	0	0	0	0	0	0	0	0	0	0	0	0	0	0	0	0	0	0	0	0	0	0	0	0	0	0	0	0	0	0	0	0	0	0	0	0	0	0	0
8000000.0001	0	0	0	0	0	0	0	0	0	0	0	0	0	0	0	0	0	0	0	0	0	0	0	0	0	0	0	0	0	0	0	0	0	0	0	0	0	0	0	0	0	0	0	0	0	0	0	0	0	0	0	0	0	0	0	0	0	0	0	0	0	0	0	0	0	0	0	0	0	0	0	0	0	0	0	0	0	0	0	0	0	0	0	0	0	0	0	0	0	0	0	0	0	0	0	0	0	0	0	0
8000000.0001	0	0	0	0	0	0	0	0	0	0	0	0	0	0	0	0	0	0	0	0	0	0	0	0	0	0	0	0	0	0	0	0	0	0	0	0	0	0	0	0	0	0	0	0	0	0	0	0	0	0	0	0	0	0	0	0	0	0	0	0	0	0	0	0	0	0	0	0	0	0	0	0	0	0	0	0	0	0	0	0	0	0	0	0	0	0	0	0	0	0	0	0	0	0	0	0	0	0	0	0
8000000.0001	0	0	0	0	0	0	0	0	0	0	0	0	0	0	0	0	0	0	0	0	0	0	0	0	0	0	0	0	0	0	0	0	0	0	0	0	0	0	0	0	0	0	0	0	0	0	0	0	0	0	0	0	0	0	0	0	0	0	0	0	0	0	0	0	0	0	0	0	0	0	0	0	0	0	0	0	0	0	0	0	0	0	0	0	0	0	0	0	0	0	0	0	0	0	0	0	0	0	0	0
8000000.0001	0	0	0	0	0	0	0	0	0	0	0	0	0	0	0	0	0	0	0	0	0	0	0	0	0	0	0	0	0	0	0	0	0	0	0	0	0	0	0	0	0	0	0	0	0	0	0	0	0	0	0	0	0	0	0	0	0	0	0	0	0	0	0	0	0	0	0	0	0	0	0	0	0	0	0	0	0	0	0	0	0	0	0	0	0	0	0	0	0	0	0	0	0	0	0	0	0	0	0	0
8000000.0001	0	0	0	0	0	0	0	0	0	0	0	0	0	0	0	0	0	0	0	0	0	0	0	0	0	0	0	0	0	0	0	0	0	0	0	0	0	0	0	0	0	0	0	0	0	0	0	0	0	0	0	0	0	0	0	0	0	0	0	0	0	0	0	0	0	0	0	0	0	0	0	0	0	0	0	0	0	0	0	0	0	0	0	0	0	0	0	0	0	0	0	0	0	0	0	0	0	0	0	0
8000000.0001	0	0	0	0	0	0	0	0	0	0	0	0	0	0	0	0	0	0	0	0	0	0	0	0	0	0	0	0	0	0	0	0	0	0	0	0	0	0	0	0	0	0	0	0	0	0	0	0	0	0	0	0	0	0	0	0	0	0	0	0	0	0	0	0	0	0	0	0	0	0	0	0	0	0	0	0	0	0	0	0	0	0	0	0	0	0	0	0	0	0	0	0	0	0	0	0	0	0	0	0
8000000.0001	0	0	0	0	0	0	0	0	0	0	0	0	0	0	0	0	0	0	0	0	0	0	0	0	0	0	0	0	0	0	0	0	0	0	0	0	0	0	0	0	0	0	0	0	0	0	0	0	0	0	0	0	0	0	0	0	0	0	0	0	0	0	0	0	0	0	0	0	0	0	0	0	0	0	0	0	0	0	0	0	0	0	0	0	0	0	0	0	0	0	0	0	0	0	0	0	0	0	0	0
8000000.0001	0	0	0	0	0	0	0	0	0	0	0	0	0	0	0	0	0	0	0	0	0	0	0	0	0	0	0	0	0	0	0	0	0	0	0	0	0	0	0	0	0	0	0	0	0	0	0	0	0	0	0	0	0	0	0	0	0	0	0	0	0	0	0	0	0	0	0	0	0	0	0	0	0	0	0	0	0	0	0	0	0	0	0	0	0	0	0	0	0	0	0	0	0	0	0	0	0	0	0	0
8000000.0001	0	0	0	0	0	0	0	0	0	0	0	0	0	0	0	0	0	0	0	0	0	0	0	0	0	0	0	0	0	0	0	0	0	0	0	0	0	0	0	0	0	0	0	0	0	0	0	0	0	0	0	0	0	0	0	0	0	0	0	0	0	0	0	0	0	0	0	0	0	0	0	0	0	0	0	0	0	0	0	0	0	0	0	0	0	0	0	0	0	0	0	0	0	0	0	0	0	0	0	0
8000000.0001	0	0	0	0	0	0	0	0	0	0	0	0	0	0	0	0	0	0	0	0	0	0	0	0	0	0	0	0	0	0	0	0	0	0	0	0	0	0	0	0	0	0	0	0	0	0	0	0	0	0	0	0	0	0	0	0	0	0	0	0	0	0	0	0	0	0	0	0	0	0	0	0	0	0	0	0	0	0	0	0	0	0	0	0	0	0	0	0	0	0	0	0	0	0	0	0	0	0	0	0
8000000.0001	0	0	0	0	0	0	0	0	0	0	0	0	0	0	0	0	0	0	0	0	0	0	0	0	0	0	0	0	0	0	0	0	0	0	0	0	0	0	0	0	0	0	0	0	0	0	0	0	0	0	0	0	0	0	0	0	0	0	0	0	0	0	0	0	0	0	0	0	0	0	0	0	0	0	0	0	0	0	0	0	0	0	0	0	0	0	0	0	0	0	0	0	0	0	0	0	0	0	0	0
8000000.0001	0	0	0	0	0	0	0	0	0	0	0	0	0	0	0	0	0	0	0	0	0	0	0	0	0	0	0	0	0	0	0	0	0	0	0	0	0	0	0	0	0	0	0	0	0	0	0	0	0	0	0	0	0	0	0	0	0	0	0	0	0	0	0	0	0	0	0	0	0	0	0	0	0	0	0	0	0	0	0	0	0	0	0	0	0	0	0	0	0	0	0	0	0	0	0	0	0	0	0	0
8000000.0001	0	0	0	0	0	0	0	0	0	0	0	0	0	0	0	0	0	0	0	0	0	0	0	0	0	0	0	0	0	0	0	0	0	0	0	0	0	0	0	0	0	0	0	0	0	0	0	0	0	0	0	0	0	0	0	0	0	0	0	0	0	0	0	0	0	0	0	0	0	0	0	0	0	0	0	0	0	0	0	0	0	0	0	0	0	0	0	0	0	0	0	0	0	0	0	0	0	0	0	0
8000000.0001	0	0	0	0	0	0	0	0	0	0	0	0	0	0	0	0	0	0	0	0	0	0	0	0	0	0	0	0	0	0	0	0	0	0	0	0	0	0	0	0	0	0	0	0	0	0	0	0	0	0	0	0	0	0	0	0	0	0	0	0	0	0	0	0	0	0	0	0	0	0	0	0	0	0	0	0	0	0	0	0	0	0	0	0	0	0	0	0	0	0	0	0	0	0	0	0	0	0	0	0
8000000.0001	0	0	0	0	0	0	0	0	0	0	0	0	0	0	0	0	0	0	0	0	0	0	0	0	0	0	0	0	0	0	0	0	0	0	0	0	0	0	0	0	0	0	0	0	0	0	0	0	0	0	0	0	0	0	0	0	0	0	0	0	0	0	0	0	0	0	0	0	0	0	0	0	0	0	0	0	0	0	0	0	0	0	0	0	0	0	0	0	0	0	0	0	0	0	0	0	0	0	0	0
8000000.0001	0	0	0	0	0	0	0	0	0	0	0	0	0	0	0	0	0	0	0	0	0	0	0	0	0	0	0	0	0	0	0	0	0	0	0	0	0	0	0	0	0	0	0	0	0	0	0	0	0	0	0	0	0	0	0	0	0	0	0	0	0	0	0	0	0	0	0	0	0	0	0	0	0	0	0	0	0	0	0	0	0	0	0	0	0	0	0	0	0	0	0	0	0	0	0	0	0	0	0	0
8000000.0001	0	0	0	0	0	0	0	0	0	0	0	0	0	0	0	0	0	0	0	0	0	0	0	0	0	0	0	0	0	0	0	0	0	0	0	0	0	0	0	0	0	0	0	0	0	0	0	0	0	0	0	0	0	0	0	0	0	0	0	0	0	0	0	0	0	0	0	0	0	0	0	0	0	0	0	0	0	0	0	0	0	0	0	0	0	0	0	0	0	0	0	0	0	0	0	0	0	0	0	0
8000000.0001	0	0	0	0	0	0	0	0	0	0	0	0	0	0	0	0	0	0	0	0	0	0	0	0	0	0	0	0	0	0	0	0	0	0	0	0	0	0	0	0	0	0	0	0	0	0	0	0	0	0	0	0	0	0	0	0	0	0	0	0	0	0	0	0	0	0	0	0	0	0	0	0	0	0	0	0	0	0	0	0	0	0	0	0	0	0	0	0	0	0	0	0	0	0	0	0	0	0	0	0
8000000.0001	0	0	0	0	0	0	0	0	0	0	0	0	0	0	0	0	0	0	0	0	0	0	0	0	0	0	0	0	0	0	0	0	0	0	0	0	0	0	0	0	0	0	0	0	0	0	0	0	0	0	0	0	0	0	0	0	0	0	0	0	0	0	0	0	0	0	0	0	0	0	0	0	0	0	0	0	0	0	0	0	0	0	0	0	0	0	0	0	0	0	0	0	0	0	0	0	0	0	0	0
8000000.0001	0	0	0	0	0	0	0	0	0	0	0	0	0	0	0	0	0	0	0	0	0	0	0	0	0	0	0	0	0	0	0	0	0	0	0	0	0	0	0	0	0	0	0	0	0	0	0	0	0	0	0	0	0	0	0	0	0	0	0	0	0	0	0	0	0	0	0	0	0	0	0	0	0	0	0	0	0	0	0	0	0	0	0	0	0	0	0	0	0	0	0	0	0	0	0	0	0	0	0	0
8000000.0001	0	0	0	0	0	0	0	0	0	0	0	0	0	0	0	0	0	0	0	0	0	0	0	0	0	0	0	0	0	0	0	0	0	0	0	0	0	0	0	0	0	0	0	0	0	0	0	0	0	0	0	0	0	0	0	0	0	0	0	0	0	0	0	0	0	0	0	0	0	0	0	0	0	0	0	0	0	0	0	0	0	0	0	0	0	0	0	0	0	0	0	0	0	0	0	0	0	0	0	0
8000000.0001	0	0	0	0	0	0	0	0	0	0	0	0	0	0	0	0	0	0	0	0	0	0	0	0	0	0	0	0	0	0	0	0	0	0	0	0	0	0	0	0	0	0	0	0	0	0	0	0	0	0	0	0	0	0	0	0	0	0	0	0	0	0	0	0	0	0	0	0	0	0	0	0	0	0	0	0	0	0	0	0	0	0	0	0	0	0	0	0	0	0	0	0	0	0	0	0	0	0	0	0
8000000.0001	0	0	0	0	0	0	0	0	0	0	0	0	0	0	0	0	0	0	0	0	0	0	0	0	0	0	0	0	0	0	0	0	0	0	0	0	0	0	0	0	0	0	0	0	0	0	0	0	0	0	0	0	0	0	0	0	0	0	0	0	0	0	0	0	0	0	0	0	0	0	0	0	0	0	0	0	0	0	0	0	0	0	0	0	0	0	0	0	0	0	0	0	0	0	0	0	0	0	0	0
8000000.0001	0	0	0	0	0	0	0	0	0	0	0	0	0	0	0	0	0	0	0	0	0	0	0	0	0	0	0	0	0	0	0	0	0	0	0	0	0	0	0	0	0	0	0	0	0	0	0	0	0	0	0	0	0	0	0	0	0	0	0	0	0	0	0	0	0	0	0	0	0	0	0	0	0	0	0	0	0	0	0	0	0	0	0	0	0	0	0	0	0	0	0	0	0	0	0	0	0	0	0	0
8000000.0001	0	0	0	0	0	0	0	0	0	0	0	0	0	0	0	0	0	0	0	0	0	0	0	0	0	0	0	0	0	0	0	0	0	0	0	0	0	0	0	0	0	0	0	0	0	0	0	0	0	0	0	0	0	0	0	0	0	0	0	0	0	0	0	0	0	0	0	0	0	0	0	0	0	0	0	0	0	0	0	0	0	0	0	0	0	0	0	0	0	0	0	0	0	0	0	0	0	0	0	0
8000000.0001	0	0	0	0	0	0	0	0	0	0	0	0	0	0	0	0	0	0	0	0	0	0	0	0	0	0	0	0	0	0	0	0	0	0	0	0	0	0	0	0	0	0	0	0	0	0	0	0	0	0	0	0	0	0	0	0	0	0	0	0	0	0	0	0	0	0	0	0	0	0	0	0	0	0	0	0	0	0	0	0	0	0	0	0	0	0	0	0	0	0	0	0	0	0	0	0	0	0	0	0
8000000.0001	0	0	0	0	0	0	0	0	0	0	0	0	0	0	0	0	0	0	0	0	0	0	0	0	0	0	0	0	0	0	0	0	0	0	0	0	0	0	0	0	0	0	0	0	0	0	0	0	0	0	0	0	0	0	0	0	0	0	0	0	0	0	0	0	0	0	0	0	0	0	0	0	0	0	0	0	0	0	0	0	0	0	0	0	0	0	0	0	0	0	0	0	0	0	0	0	0	0	0	0
8000000.0001	0	0	0	0	0	0	0	0	0	0	0	0	0	0	0	0	0	0	0	0	0	0	0	0	0	0	0	0	0	0	0	0	0	0	0	0	0	0	0	0	0	0	0	0	0	0	0	0	0	0	0	0	0	0	0	0	0	0	0	0	0	0	0	0	0	0	0	0	0	0	0	0	0	0	0	0	0	0	0	0	0	0	0	0	0	0	0	0	0	0	0	0	0	0	0	0	0	0	0	0
8000000.0001	0	0	0	0	0	0	0	0	0	0	0	0	0	0	0	0	0	0	0	0	0	0	0	0	0	0	0	0	0	0	0	0	0	0	0	0	0	0	0	0	0	0	0	0	0	0	0	0	0	0	0	0	0	0	0	0	0	0	0	0	0	0	0	0	0	0	0	0	0	0	0	0	0	0	0	0	0	0	0	0	0	0	0	0	0	0	0	0	0	0	0	0	0	0	0	0	0	0	0	0
8000000.0001	0	0	0	0	0	0	0	0	0	0	0	0	0	0	0	0	0	0	0	0	0	0	0	0	0	0	0	0	0	0	0	0	0	0	0	0	0	0	0	0	0	0	0	0	0	0	0	0	0	0	0	0	0	0	0	0	0	0	0	0	0	0	0	0	0	0	0	0	0	0	0	0	0	0	0	0	0	0	0	0	0	0	0	0	0	0	0	0	0	0	0	0	0	0	0	0	0	0	0	0
8000000.0001	0	0	0	0	0	0	0	0	0	0	0	0	0	0	0	0	0	0	0	0	0	0	0	0	0	0	0	0	0	0	0	0	0	0	0	0	0	0	0	0	0	0	0	0	0	0	0	0	0	0	0	0	0	0	0	0	0	0	0	0	0	0	0	0	0	0	0	0	0	0	0	0	0	0	0	0	0	0	0	0	0	0	0	0	0	0	0	0	0	0	0	0	0	0	0	0	0	0	0	0
8000000.0001	0	0	0	0	0	0	0	0	0	0	0	0	0	0	0	0	0	0	0	0	0	0	0	0	0	0	0	0	0	0	0	0	0	0	0	0	0	0	0	0	0	0	0	0	0	0	0	0	0	0	0	0	0	0	0	0	0	0	0	0	0	0	0	0	0	0	0	0	0	0	0	0	0	0	0	0	0	0	0	0	0	0	0	0	0	0	0	0	0	0	0	0	0	0	0	0	0	0	0	0
8000000.0001	0	0	0	0	0	0	0	0	0	0	0	0	0	0	0	0	0	0	0	0	0	0	0	0	0	0	0	0	0	0	0	0	0	0	0	0	0	0	0	0	0	0	0	0	0	0	0	0	0	0	0	0	0	0	0	0	0	0	0	0	0	0	0	0	0	0	0	0	0	0	0	0	0	0	0	0	0	0	0	0	0	0	0	0	0	0	0	0	0	0	0	0	0	0	0	0	0	0	0	0
8000000.0001	0	0	0	0	0	0	0	0	0	0	0	0	0	0	0	0	0	0	0	0	0	0	0	0	0	0	0	0	0	0	0	0	0	0	0	0	0	0	0	0	0	0	0	0	0	0	0	0	0	0	0	0	0	0	0	0	0	0	0	0	0	0	0	0	0	0	0	0	0	0	0	0	0	0	0	0	0	0	0	0	0	0	0	0	0	0	0	0	0	0	0	0	0	0	0	0	0	0	0	0
8000000.0001	0	0	0	0	0	0	0	0	0	0	0	0	0	0	0	0	0	0	0	0	0	0	0	0	0	0	0	0	0	0	0	0	0	0	0	0	0	0	0	0	0	0	0	0	0	0	0	0	0	0	0	0	0	0	0	0	0	0	0	0	0	0	0	0	0	0	0	0	0	0	0	0	0	0	0	0	0	0	0	0	0	0	0	0	0	0	0	0	0	0	0	0	0	0	0	0	0	0	0	0
8000000.0001	0	0	0	0	0	0	0	0	0	0	0	0	0	0	0	0	0	0	0	0	0	0	0	0	0	0	0	0	0	0	0	0	0	0	0	0	0	0	0	0	0	0	0	0	0	0	0	0	0	0	0	0	0	0	0	0	0	0	0	0	0	0	0	0	0	0	0	0	0	0	0	0	0	0	0	0	0	0	0	0	0	0	0	0	0	0	0	0	0	0	0	0	0	0	0	0	0	0	0	0
8000000.0001	0	0	0	0	0	0	0	0	0	0	0	0	0	0	0	0	0	0	0	0	0	0	0	0	0	0	0	0	0	0	0	0	0	0	0	0	0	0	0	0	0	0	0	0	0	0	0	0	0	0	0	0	0	0	0	0	0	0	0	0	0	0	0	0	0	0	0	0	0	0	0	0	0	0	0	0	0	0	0	0	0	0	0	0	0	0	0	0	0	0	0	0	0	0	0	0	0	0	0	0
8000000.0001	0	0	0	0	0	0	0	0	0	0	0	0	0	0	0	0	0	0	0	0	0	0	0	0	0	0	0	0	0	0	0	0	0	0	0	0	0	0	0	0	0	0	0	0	0	0	0	0	0	0	0	0	0	0	0	0	0	0	0	0	0	0	0	0	0	0	0	0	0	0	0	0	0	0	0	0	0	0	0	0	0	0	0	0	0	0	0	0	0	0	0	0	0	0	0	0	0	0	0	0
8000000.0001	0	0	0	0	0	0	0	0	0	0	0	0	0	0	0	0	0	0	0	0	0	0	0	0	0	0	0	0	0	0	0	0	0	0	0	0	0	0	0	0	0	0	0	0	0	0	0	0	0	0	0	0	0	0	0	0	0	0	0	0	0	0	0	0	0	0	0	0	0	0	0	0	0	0	0	0	0	0	0	0	0	0	0	0	0	0	0	0	0	0	0	0	0	0	0	0	0	0	0	0
8000000.0001	0	0	0	0	0	0	0	0	0	0	0	0	0	0	0	0	0	0	0	0	0	0	0	0	0	0	0	0	0	0	0	0	0	0	0	0	0	0	0	0	0	0	0	0	0	0	0	0	0	0	0	0	0	0	0	0	0	0	0	0	0	0	0	0	0	0	0	0	0	0	0	0	0	0	0	0	0	0	0	0	0	0	0	0	0	0	0	0	0	0	0	0	0	0	0	0	0	0	0	0
8000000.0001	0	0	0	0	0	0	0	0	0	0	0	0	0	0	0	0	0	0	0	0	0	0	0	0	0	0	0	0	0	0	0	0	0	0	0	0	0	0	0	0	0	0	0	0	0	0	0	0	0	0	0	0	0	0	0	0	0	0	0	0	0	0	0	0	0	0	0	0	0	0	0	0	0	0	0	0	0	0	0	0	0	0	0	0	0	0	0	0	0	0	0	0	0	0	0	0	0	0	0	0
8000000.0001	0	0	0	0	0	0	0	0	0	0	0	0	0	0	0	0	0	0	0	0	0	0	0	0	0	0	0	0	0	0	0	0	0	0	0	0	0	0	0	0	0	0	0	0	0	0	0	0	0	0	0	0	0	0	0	0	0	0	0	0	0	0	0	0	0	0	0	0	0	0	0	0	0	0	0	0	0	0	0	0	0	0	0	0	0	0	0	0	0	0	0	0	0	0	0	0	0	0	0	0
8000000.0001	0	0	0	0	0	0	0	0	0	0	0	0	0	0	0	0	0	0	0	0	0	0	0	0	0	0	0	0	0	0	0	0	0	0	0	0	0	0	0	0	0	0	0	0	0	0	0	0	0	0	0	0	0	0	0	0	0	0	0	0	0	0	0	0	0	0	0	0	0	0	0	0	0	0	0	0	0	0	0	0	0	0	0	0	0	0	0	0	0	0	0	0	0	0	0	0	0	0	0	0
8000000.0001	0	0	0	0	0	0	0	0	0	0	0	0	0	0	0	0	0	0	0	0	0	0	0	0	0	0	0	0	0	0	0	0	0	0	0	0	0	0	0	0	0	0	0	0	0	0	0	0	0	0	0	0	0	0	0	0	0	0	0	0	0	0	0	0	0	0	0	0	0	0	0	0	0	0	0	0	0	0	0	0	0	0	0	0	0	0	0	0	0	0	0	0	0	0	0	0	0	0	0	0
8000000.0001	0	0	0	0	0	0	0	0	0	0	0	0	0	0	0	0	0	0	0	0	0	0	0	0	0	0	0	0	0	0	0	0	0	0	0	0	0	0	0	0	0	0	0	0	0	0	0	0	0	0	0	0	0	0	0	0	0	0	0	0	0	0	0	0	0	0	0	0	0	0	0	0	0	0	0	0	0	0	0	0	0	0	0	0	0	0	0	0	0	0	0	0	0	0	0	0	0	0	0	0
8000000.0001	0	0	0	0	0	0	0	0	0	0	0	0	0	0	0	0	0	0	0	0	0	0	0	0	0	0	0	0	0	0	0	0	0	0	0	0	0	0	0	0	0	0	0	0	0	0	0	0	0	0	0	0	0	0	0	0	0	0	0	0	0	0	0	0	0	0	0	0	0	0	0	0	0	0	0	0	0	0	0	0	0	0	0	0	0	0	0	0	0	0	0	0	0	0	0	0	0	0	0	0
8000000.0001	0	0	0	0	0	0	0	0	0	0	0	0	0	0	0	0	0	0	0	0	0	0	0	0	0	0	0	0	0	0	0	0	0	0	0	0	0	0	0	0	0	0	0	0	0	0	0	0	0	0	0	0	0	0	0	0	0	0	0	0	0	0	0	0	0	0	0	0	0	0	0	0	0	0	0	0	0	0	0	0	0	0	0	0	0	0	0	0	0	0	0	0	0	0	0	0	0	0	0	0
8000000.0001	0	0	0	0	0	0	0	0	0	0	0	0	0	0	0	0	0	0	0	0	0	0	0	0	0	0	0	0	0	0	0	0	0	0	0	0	0	0	0	0	0	0	0	0	0	0	0	0	0	0	0	0	0	0	0	0	0	0	0	0	0	0	0	0	0	0	0	0	0	0	0	0	0	0	0	0	0	0	0	0	0	0	0	0	0	0	0	0	0	0	0	0	0	0	0	0	0	0	0	0
8000000.0001	0	0	0	0	0	0	0	0	0	0	0	0	0	0	0	0	0	0	0	0	0	0	0	0	0	0	0	0	0	0	0	0	0	0	0	0	0	0	0	0	0	0	0	0	0	0	0	0	0	0	0	0	0	0	0	0	0	0	0	0	0	0	0	0	0	0	0	0	0	0	0	0	0	0	0	0	0	0	0	0	0	0	0	0	0	0	0	0	0	0	0	0	0	0	0	0	0	0	0	0
8000000.0001	0	0	0	0	0	0	0	0	0	0	0	0	0	0	0	0	0	0	0	0	0	0	0	0	0	0	0	0	0	0	0	0	0	0	0	0	0	0	0	0	0	0	0	0	0	0	0	0	0	0	0	0	0	0	0	0	0	0	0	0	0	0	0	0	0	0	0	0	0	0	0	0	0	0	0	0	0	0	0	0	0	0	0	0	0	0	0	0	0	0	0	0	0	0	0	0	0	0	0	0
8000000.0001	0	0	0	0	0	0	0	0	0	0	0	0	0	0	0	0	0	0	0	0	0	0	0	0	0	0	0	0	0	0	0	0	0	0	0	0	0	0	0	0	0	0	0	0	0	0	0	0	0	0	0	0	0	0	0	0	0	0	0	0	0	0	0	0	0	0	0	0	0	0	0	0	0	0	0	0	0	0	0	0	0	0	0	0	0	0	0	0	0	0	0	0	0	0	0	0	0	0	0	0
8000000.0001	0	0	0	0	0	0	0	0	0	0	0	0	0	0	0	0	0	0	0	0	0	0	0	0	0	0	0	0	0	0	0	0	0	0	0	0	0	0	0	0	0	0	0	0	0	0	0	0	0	0	0	0	0	0	0	0	0	0	0	0	0	0	0	0	0	0	0	0	0	0	0	0	0	0	0	0	0	0	0	0	0	0	0	0	0	0	0	0	0	0	0	0	0	0	0	0	0	0	0	0
8000000.0001	0	0	0	0	0	0	0	0	0	0	0	0	0	0	0	0	0	0	0	0	0	0	0	0	0	0	0	0	0	0	0	0	0	0	0	0	0	0	0	0	0	0	0	0	0	0	0	0	0	0	0	0	0	0	0	0	0	0	0	0	0	0	0	0	0	0	0	0	0	0	0	0	0	0	0	0	0	0	0	0	0	0	0	0	0	0	0	0	0	0	0	0	0	0	0	0	0	0	0	0
8000000.0001	0	0	0	0	0	0	0	0	0	0	0	0	0	0	0	0	0	0	0	0	0	0	0	0	0	0	0	0	0	0	0	0	0	0	0	0	0	0	0	0	0	0	0	0	0	0	0	0	0	0	0	0	0	0	0	0	0	0	0	0	0	0	0	0	0	0	0	0	0	0	0	0	0	0	0	0	0	0	0	0	0	0	0	0	0	0	0	0	0	0	0	0	0	0	0	0	0	0	0	0
8000000.0001	0	0	0	0	0	0	0	0	0	0	0	0	0	0	0	0	0	0	0	0	0	0	0	0	0	0	0	0	0	0	0	0	0	0	0	0	0	0	0	0	0	0	0	0	0	0	0	0	0	0	0	0	0	0	0	0	0	0	0	0	0	0	0	0	0	0	0	0	0	0	0	0	0	0	0	0	0	0	0	0	0	0	0	0	0	0	0	0	0	0	0	0	0	0	0	0	0	0	0	0
8000000.0001	0	0	0	0	0	0	0	0	0	0	0	0	0	0	0	0	0	0	0	0	0	0	0	0	0	0	0	0	0	0	0	0	0	0	0	0	0	0	0	0	0	0	0	0	0	0	0	0	0	0	0	0	0	0	0	0	0	0	0	0	0	0	0	0	0	0	0	0	0	0	0	0	0	0	0	0	0	0	0	0	0	0	0	0	0	0	0	0	0	0	0	0	0	0	0	0	0	0	0	0
8000000.0001	0	0	0	0	0	0	0	0	0	0	0	0	0	0	0	0	0	0	0	0	0	0	0	0	0	0	0	0	0	0	0	0	0	0	0	0	0	0	0	0	0	0	0	0	0	0	0	0	0	0	0	0	0	0	0	0	0	0	0	0	0	0	0	0	0	0	0	0	0	0	0	0	0	0	0	0	0	0	0	0	0	0	0	0	0	0	0	0	0	0	0	0	0	0	0	0	0	0	0	0
8000000.0001	0	0	0	0	0	0	0	0	0	0	0	0	0	0	0	0	0	0	0	0	0	0	0	0	0	0	0	0	0	0	0	0	0	0	0	0	0	0	0	0	0	0	0	0	0	0	0	0	0	0	0	0	0	0	0	0	0	0	0	0	0	0	0	0	0	0	0	0	0	0	0	0	0	0	0	0	0	0	0	0	0	0	0	0	0	0	0	0	0	0	0	0	0	0	0	0	0	0	0	0
8000000.0001	0	0	0	0	0	0	0	0	0	0	0	0	0	0	0	0	0	0	0	0	0	0	0	0	0	0	0	0	0	0	0	0	0	0	0	0	0	0	0	0	0	0	0	0	0	0	0	0	0	0	0	0	0	0	0	0	0	0	0	0	0	0	0	0	0	0	0	0	0	0	0	0	0	0	0	0	0	0	0	0	0	0	0	0	0	0	0	0	0	0	0	0	0	0	0	0	0	0	0	0
8000000.0001	0	0	0	0	0	0	0	0	0	0	0	0	0	0	0	0	0	0	0	0	0	0	0	0	0	0	0	0	0	0	0	0	0	0	0	0	0	0	0	0	0	0	0	0	0	0	0	0	0	0	0	0	0	0	0	0	0	0	0	0	0	0	0	0	0	0	0	0	0	0	0	0	0	0	0	0	0	0	0	0	0	0	0	0	0	0	0	0	0	0	0	0	0	0	0	0	0	0	0	0
8000000.0001	0	0	0	0	0	0	0	0	0	0	0	0	0	0	0	0	0	0	0	0	0	0	0	0	0	0	0	0	0	0	0	0	0	0	0	0	0	0	0	0	0	0	0	0	0	0	0	0	0	0	0	0	0	0	0	0	0	0	0	0	0	0	0	0	0	0	0	0	0	0	0	0	0	0	0	0	0	0	0	0	0	0	0	0	0	0	0	0	0	0	0	0	0	0	0	0	0	0	0	0
8000000.0001	0	0	0	0	0	0	0	0	0	0	0	0	0	0	0	0	0	0	0	0	0	0	0	0	0	0	0	0	0	0	0	0	0	0	0	0	0	0	0	0	0	0	0	0	0	0	0	0	0	0	0	0	0	0	0	0	0	0	0	0	0	0	0	0	0	0	0	0	0	0	0	0	0	0	0	0	0	0	0	0	0	0	0	0	0	0	0	0	0	0	0	0	0	0	0	0	0	0	0	0
8000000.0001	0	0	0	0	0	0	0	0	0	0	0	0	0	0	0	0	0	0	0	0	0	0	0	0	0	0	0	0	0	0	0	0	0	0	0	0	0	0	0	0	0	0	0	0	0	0	0	0	0	0	0	0	0	0	0	0	0	0	0	0	0	0	0	0	0	0	0	0	0	0	0	0	0	0	0	0	0	0	0	0	0	0	0	0	0	0	0	0	0	0	0	0	0	0	0	0	0	0	0	0
8000000.0001	0	0	0	0	0	0	0	0	0	0	0	0	0	0	0	0	0	0	0	0	0	0	0	0	0	0	0	0	0	0	0	0	0	0	0	0	0	0	0	0	0	0	0	0	0	0	0	0	0	0	0	0	0	0	0	0	0	0	0	0	0	0	0	0	0	0	0	0	0	0	0	0	0	0	0	0	0	0	0	0	0	0	0	0	0	0	0	0	0	0	0	0	0	0	0	0	0	0	0	0
8000000.0001	0	0	0	0	0	0	0	0	0	0	0	0	0	0	0	0	0	0	0	0	0	0	0	0	0	0	0	0	0	0	0	0	0	0	0	0	0	0	0	0	0	0	0	0	0	0	0	0	0	0	0	0	0	0	0	0	0	0	0	0	0	0	0	0	0	0	0	0	0	0	0	0	0	0	0	0	0	0	0	0	0	0	0	0	0	0	0	0	0	0	0	0	0	0	0	0	0	0	0	0
8000000.0001	0	0	0	0	0	0	0	0	0	0	0	0	0	0	0	0	0	0	0	0	0	0	0	0	0	0	0	0	0	0	0	0	0	0	0	0	0	0	0	0	0	0	0	0	0	0	0	0	0	0	0	0	0	0	0	0	0	0	0	0	0	0	0	0	0	0	0	0	0	0	0	0	0	0	0	0	0	0	0	0	0	0	0	0	0	0	0	0	0	0	0	0	0	0	0	0	0	0	0	0
8000000.0001	0	0	0	0	0	0	0	0	0	0	0	0	0	0	0	0	0	0	0	0	0	0	0	0	0	0	0	0	0	0	0	0	0	0	0	0	0	0	0	0	0	0	0	0	0	0	0	0	0	0	0	0	0	0	0	0	0	0	0	0	0	0	0	0	0	0	0	0	0	0	0	0	0	0	0	0	0	0	0	0	0	0	0	0	0	0	0	0	0	0	0	0	0	0	0	0	0	0	0	0
8000000.0001	0	0	0	0	0	0	0	0	0	0	0	0	0	0	0	0	0	0	0	0	0	0	0	0	0	0	0	0	0	0	0	0	0	0	0	0	0	0	0	0	0	0	0	0	0	0	0	0	0	0	0	0	0	0	0	0	0	0	0	0	0	0	0	0	0	0	0	0	0	0	0	0	0	0	0	0	0	0	0	0	0	0	0	0	0	0	0	0	0	0	0	0	0	0	0	0	0	0	0	0
8000000.0001	0	0	0	0	0	0	0	0	0	0	0	0	0	0	0	0	0	0	0	0	0	0	0	0	0	0	0	0	0	0	0	0	0	0	0	0	0	0	0	0	0	0	0	0	0	0	0	0	0	0	0	0	0	0	0	0	0	0	0	0	0	0	0	0	0	0	0	0	0	0	0	0	0	0	0	0	0	0	0	0	0	0	0	0	0	0	0	0	0	0	0	0	0	0	0	0	0	0	0	0
8000000.0001	0	0	0	0	0	0	0	0	0	0	0	0	0	0	0	0	0	0	0	0	0	0	0	0	0	0	0	0	0	0	0	0	0	0	0	0	0	0	0	0	0	0	0	0	0	0	0	0	0	0	0	0	0	0	0	0	0	0	0	0	0	0	0	0	0	0	0	0	0	0	0	0	0	0	0	0	0	0	0	0	0	0	0	0	0	0	0	0	0	0	0	0	0	0	0	0	0	0	0	0
8000000.0001	0	0	0	0	0	0	0	0	0	0	0	0	0	0	0	0	0	0	0	0	0	0	0	0	0	0	0	0	0	0	0	0	0	0	0	0	0	0	0	0	0	0	0	0	0	0	0	0	0	0	0	0	0	0	0	0	0	0	0	0	0	0	0	0	0	0	0	0	0	0	0	0	0	0	0	0	0	0	0	0	0	0	0	0	0	0	0	0	0	0	0	0	0	0	0	0	0	0	0	0
8000000.0001	0	0	0	0	0	0	0	0	0	0	0	0	0	0	0	0	0	0	0	0	0	0	0	0	0	0	0	0	0	0	0	0	0	0	0	0	0	0	0	0	0	0	0	0	0	0	0	0	0	0	0	0	0	0	0	0	0	0	0	0	0	0	0	0	0	0	0	0	0	0	0	0	0	0	0	0	0	0	0	0	0	0	0	0	0	0	0	0	0	0	0	0	0	0	0	0	0	0	0	0
8000000.0001	0	0	0	0	0	0	0	0	0	0	0	0	0	0	0	0	0	0	0	0	0	0	0	0	0	0	0	0	0	0	0	0	0	0	0	0	0	0	0	0	0	0	0	0	0	0	0	0	0	0	0	0	0	0	0	0	0	0	0	0	0	0	0	0	0	0	0	0	0	0	0	0	0	0	0	0	0	0	0	0	0	0	0	0	0	0	0	0	0	0	0	0	0	0	0	0	0	0	0	0
8000000.0001	0	0	0	0	0	0	0	0	0	0	0	0	0	0	0	0	0	0	0	0	0	0	0	0	0	0	0	0	0	0	0	0	0	0	0	0	0	0	0	0	0	0	0	0	0	0	0	0	0	0	0	0	0	0	0	0	0	0	0	0	0	0	0	0	0	0	0	0	0	0	0	0	0	0	0	0	0	0	0	0	0	0	0	0	0	0	0	0	0	0	0	0	0	0	0	0	0	0	0	0
8000000.0001	0	0	0	0	0	0	0	0	0	0	0	0	0	0	0	0	0	0	0	0	0	0	0	0	0	0	0	0	0	0	0	0	0	0	0	0	0	0	0	0	0	0	0	0	0	0	0	0	0	0	0	0	0	0	0	0	0	0	0	0	0	0	0	0	0	0	0	0	0	0	0	0	0	0	0	0	0	0	0	0	0	0	0	0	0	0	0	0	0	0	0	0	0	0	0	0	0	0	0	0
8000000.0001	0	0	0	0	0	0	0	0	0	0	0	0	0	0	0	0	0	0	0	0	0	0	0	0	0	0	0	0	0	0	0	0	0	0	0	0	0	0	0	0	0	0	0	0	0	0	0	0	0	0	0	0	0	0	0	0	0	0	0	0	0	0	0	0	0	0	0	0	0	0	0	0	0	0	0	0	0	0	0	0	0	0	0	0	0	0	0	0	0	0	0	0	0	0	0	0	0	0	0	0
8000000.0001	0	0	0	0	0	0	0	0	0	0	0	0	0	0	0	0	0	0	0	0	0	0	0	0	0	0	0	0	0	0	0	0	0	0	0	0	0	0	0	0	0	0	0	0	0	0	0	0	0	0	0	0	0	0	0	0	0	0	0	0	0	0	0	0	0	0	0	0	0	0	0	0	0	0	0	0	0	0	0	0	0	0	0	0	0	0	0	0	0	0	0	0	0	0	0	0	0	0	0	0
8000000.0001	0	0	0	0	0	0	0	0	0	0	0	0	0	0	0	0	0	0	0	0	0	0	0	0	0	0	0	0	0	0	0	0	0	0	0	0	0	0	0	0	0	0	0	0	0	0	0	0	0	0	0	0	0	0	0	0	0	0	0	0	0	0	0	0	0	0	0	0	0	0	0	0	0	0	0	0	0	0	0	0	0	0	0	0	0	0	0	0	0	0	0	0	0	0	0	0	0	0	0	0
8000000.0001	0	0	0	0	0	0	0	0	0	0	0	0	0	0	0	0	0	0	0	0	0	0	0	0	0	0	0	0	0	0	0	0	0	0	0	0	0	0	0	0	0	0	0	0	0	0	0	0	0	0	0	0	0	0	0	0	0	0	0	0	0	0	0	0	0	0	0	0	0	0	0	0	0	0	0	0	0	0	0	0	0	0	0	0	0	0	0	0	0	0	0	0	0	0	0	0	0	0	0	0
8000000.0001	0	0	0	0	0	0	0	0	0	0	0	0	0	0	0	0	0	0	0	0	0	0	0	0	0	0	0	0	0	0	0	0	0	0	0	0	0	0	0	0	0	0	0	0	0	0	0	0	0	0	0	0	0	0	0	0	0	0	0	0	0	0	0	0	0	0	0	0	0	0	0	0	0	0	0	0	0	0	0	0	0	0	0	0	0	0	0	0	0	0	0	0	0	0	0	0	0	0	0	0
8000000.0001	0	0	0	0	0	0	0	0	0	0	0	0	0	0	0	0	0	0	0	0	0	0	0	0	0	0	0	0	0	0	0	0	0	0	0	0	0	0	0	0	0	0	0	0	0	0	0	0	0	0	0	0	0	0	0	0	0	0	0	0	0	0	0	0	0	0	0	0	0	0	0	0	0	0	0	0	0	0	0	0	0	0	0	0	0	0	0	0	0	0	0	0	0	0	0	0	0	0	0	0
8000000.0001	0	0	0	0	0	0	0	0	0	0	0	0	0	0	0	0	0	0	0	0	0	0	0	0	0	0	0	0	0	0	0	0	0	0	0	0	0	0	0	0	0	0	0	0	0	0	0	0	0	0	0	0	0	0	0	0	0	0	0	0	0	0	0	0	0	0	0	0	0	0	0	0	0	0	0	0	0	0	0	0	0	0	0	0	0	0	0	0	0	0	0	0	0	0	0	0	0	0	0	0
8000000.0001	0	0	0	0	0	0	0	0	0	0	0	0	0	0	0	0	0	0	0	0	0	0	0	0	0	0	0	0	0	0	0	0	0	0	0	0	0	0	0	0	0	0	0	0	0	0	0	0	0	0	0	0	0	0	0	0	0	0	0	0	0	0	0	0	0	0	0	0	0	0	0	0	0	0	0	0	0	0	0	0	0	0	0	0	0	0	0	0	0	0	0	0	0	0	0	0	0	0	0	0
8000000.0001	0	0	0	0	0	0	0	0	0	0	0	0	0	0	0	0	0	0	0	0	0	0	0	0	0	0	0	0	0	0	0	0	0	0	0	0	0	0	0	0	0	0	0	0	0	0	0	0	0	0	0	0	0	0	0	0	0	0	0	0	0	0	0	0	0	0	0	0	0	0	0	0	0	0	0	0	0	0	0	0	0	0	0	0	0	0	0	0	0	0	0	0	0	0	0	0	0	0	0	0
8000000.0001	0	0	0	0	0	0	0	0	0	0	0	0	0	0	0	0	0	0	0	0	0	0	0	0	0	0	0	0	0	0	0	0	0	0	0	0	0	0	0	0	0	0	0	0	0	0	0	0	0	0	0	0	0	0	0	0	0	0	0	0	0	0	0	0	0	0	0	0	0	0	0	0	0	0	0	0	0	0	0	0	0	0	0	0	0	0	0	0	0	0	0	0	0	0	0	0	0	0	0	0
8000000.0001	0	0	0	0	0	0	0	0	0	0	0	0	0	0	0	0	0	0	0	0	0	0	0	0	0	0	0	0	0	0	0	0	0	0	0	0	0	0	0	0	0	0	0	0	0	0	0	0	0	0	0	0	0	0	0	0	0	0	0	0	0	0	0	0	0	0	0	0	0	0	0	0	0	0	0	0	0	0	0	0	0	0	0	0	0	0	0	0	0	0	0	0	0	0	0	0	0	0	0	0
8000000.0001	0	0	0	0	0	0	0	0	0	0	0	0	0	0	0	0	0	0	0	0	0	0	0	0	0	0	0	0	0	0	0	0	0	0	0	0	0	0	0	0	0	0	0	0	0	0	0	0	0	0	0	0	0	0	0	0	0	0	0	0	0	0	0	0	0	0	0	0	0	0	0	0	0	0	0	0	0	0	0	0	0	0	0	0	0	0	0	0	0	0	0	0	0	0	0	0	0	0	0	0
8000000.0001	0	0	0	0	0	0	0	0	0	0	0	0	0	0	0	0	0	0	0	0	0	0	0	0	0	0	0	0	0	0	0	0	0	0	0	0	0	0	0	0	0	0	0	0	0	0	0	0	0	0	0	0	0	0	0	0	0	0	0	0	0	0	0	0	0	0	0	0	0	0	0	0	0	0	0	0	0	0	0	0	0	0	0	0	0	0	0	0	0	0	0	0	0	0	0	0	0	0	0	0
8000000.0001	0	0	0	0	0	0	0	0	0	0	0	0	0	0	0	0	0	0	0	0	0	0	0	0	0	0	0	0	0	0	0	0	0	0	0	0	0	0	0	0	0	0	0	0	0	0	0	0	0	0	0	0	0	0	0	0	0	0	0	0	0	0	0	0	0	0	0	0	0	0	0	0	0	0	0	0	0	0	0	0	0	0	0	0	0	0	0	0	0	0	0	0	0	0	0	0	0	0	0	0
8000000.0001	0	0	0	0	0	0	0	0	0	0	0	0	0	0	0	0	0	0	0	0	0	0	0	0	0	0	0	0	0	0	0	0	0	0	0	0	0	0	0	0	0	0	0	0	0	0	0	0	0	0	0	0	0	0	0	0	0	0	0	0	0	0	0	0	0	0	0	0	0	0	0	0	0	0	0	0	0	0	0	0	0	0	0	0	0	0	0	0	0	0	0	0	0	0	0	0	0	0	0	0
8000000.0001	0	0	0	0	0	0	0	0	0	0	0	0	0	0	0	0	0	0	0	0	0	0	0	0	0	0	0	0	0	0	0	0	0	0	0	0	0	0	0	0	0	0	0	0	0	0	0	0	0	0	0	0	0	0	0	0	0	0	0	0	0	0	0	0	0	0	0	0	0	0	0	0	0	0	0	0	0	0	0	0	0	0	0	0	0	0	0	0	0	0	0	0	0	0	0	0	0	0	0	0
8000000.0001	0	0	0	0	0	0	0	0	0	0	0	0	0	0	0	0	0	0	0	0	0	0	0	0	0	0	0	0	0	0	0	0	0	0	0	0	0	0	0	0	0	0	0	0	0	0	0	0	0	0	0	0	0	0	0	0	0	0	0	0	0	0	0	0	0	0	0	0	0	0	0	0	0	0	0	0	0	0	0	0	0	0	0	0	0	0	0	0	0	0	0	0	0	0	0	0	0	0	0	0
8000000.0001	0	0	0	0	0	0	0	0	0	0	0	0	0	0	0	0	0	0	0	0	0	0	0	0	0	0	0	0	0	0	0	0	0	0	0	0	0	0	0	0	0	0	0	0	0	0	0	0	0	0	0	0	0	0	0	0	0	0	0	0	0	0	0	0	0	0	0	0	0	0	0	0	0	0	0	0	0	0	0	0	0	0	0	0	0	0	0	0	0	0	0	0	0	0	0	0	0	0	0	0
8000000.0001	0	0	0	0	0	0	0	0	0	0	0	0	0	0	0	0	0	0	0	0	0	0	0	0	0	0	0	0	0	0	0	0	0	0	0	0	0	0	0	0	0	0	0	0	0	0	0	0	0	0	0	0	0	0	0	0	0	0	0	0	0	0	0	0	0	0	0	0	0	0	0	0	0	0	0	0	0	0	0	0	0	0	0	0	0	0	0	0	0	0	0	0	0	0	0	0	0	0	0	0
8000000.0001	0	0	0	0	0	0	0	0	0	0	0	0	0	0	0	0	0	0	0	0	0	0	0	0	0	0	0	0	0	0	0	0	0	0	0	0	0	0	0	0	0	0	0	0	0	0	0	0	0	0	0	0	0	0	0	0	0	0	0	0	0	0	0	0	0	0	0	0	0	0	0	0	0	0	0	0	0	0	0	0	0	0	0	0	0	0	0	0	0	0	0	0	0	0	0	0	0	0	0	0
8000000.0001	0	0	0	0	0	0	0	0	0	0	0	0	0	0	0	0	0	0	0	0	0	0	0	0	0	0	0	0	0	0	0	0	0	0	0	0	0	0	0	0	0	0	0	0	0	0	0	0	0	0	0	0	0	0	0	0	0	0	0	0	0	0	0	0	0	0	0	0	0	0	0	0	0	0	0	0	0	0	0	0	0	0	0	0	0	0	0	0	0	0	0	0	0	0	0	0	0	0	0	0
8000000.0001	0	0	0	0	0	0	0	0	0	0	0	0	0	0	0	0	0	0	0	0	0	0	0	0	0	0	0	0	0	0	0	0	0	0	0	0	0	0	0	0	0	0	0	0	0	0	0	0	0	0	0	0	0	0	0	0	0	0	0	0	0	0	0	0	0	0	0	0	0	0	0	0	0	0	0	0	0	0	0	0	0	0	0	0	0	0	0	0	0	0	0	0	0	0	0	0	0	0	0	0
8000000.0001	0	0	0	0	0	0	0	0	0	0	0	0	0	0	0	0	0	0	0	0	0	0	0	0	0	0	0	0	0	0	0	0	0	0	0	0	0	0	0	0	0	0	0	0	0	0	0	0	0	0	0	0	0	0	0	0	0	0	0	0	0	0	0	0	0	0	0	0	0	0	0	0	0	0	0	0	0	0	0	0	0	0	0	0	0	0	0	0	0	0	0	0	0	0	0	0	0	0	0	0
8000000.0001	0	0	0	0	0	0	0	0	0	0	0	0	0	0	0	0	0	0	0	0	0	0	0	0	0	0	0	0	0	0	0	0	0	0	0	0	0	0	0	0	0	0	0	0	0	0	0	0	0	0	0	0	0	0	0	0	0	0	0	0	0	0	0	0	0	0	0	0	0	0	0	0	0	0	0	0	0	0	0	0	0	0	0	0	0	0	0	0	0	0	0	0	0	0	0	0	0	0	0	0
8000000.0001	0	0	0	0	0	0	0	0	0	0	0	0	0	0	0	0	0	0	0	0	0	0	0	0	0	0	0	0	0	0	0	0	0	0	0	0	0	0	0	0	0	0	0	0	0	0	0	0	0	0	0	0	0	0	0	0	0	0	0	0	0	0	0	0	0	0	0	0	0	0	0	0	0	0	0	0	0	0	0	0	0	0	0	0	0	0	0	0	0	0	0	0	0	0	0	0	0	0	0	0
8000000.0001	0	0	0	0	0	0	0	0	0	0	0	0	0	0	0	0	0	0	0	0	0	0	0	0	0	0	0	0	0	0	0	0	0	0	0	0	0	0	0	0	0	0	0	0	0	0	0	0	0	0	0	0	0	0	0	0	0	0	0	0	0	0	0	0	0	0	0	0	0	0	0	0	0	0	0	0	0	0	0	0	0	0	0	0	0	0	0	0	0	0	0	0	0	0	0	0	0	0	0	0
8000000.0001	0	0	0	0	0	0	0	0	0	0	0	0	0	0	0	0	0	0	0	0	0	0	0	0	0	0	0	0	0	0	0	0	0	0	0	0	0	0	0	0	0	0	0	0	0	0	0	0	0	0	0	0	0	0	0	0	0	0	0	0	0	0	0	0	0	0	0	0	0	0	0	0	0	0	0	0	0	0	0	0	0	0	0	0	0	0	0	0	0	0	0	0	0	0	0	0	0	0	0	0
8000000.0001	0	0	0	0	0	0	0	0	0	0	0	0	0	0	0	0	0	0	0	0	0	0	0	0	0	0	0	0	0	0	0	0	0	0	0	0	0	0	0	0	0	0	0	0	0	0	0	0	0	0	0	0	0	0	0	0	0	0	0	0	0	0	0	0	0	0	0	0	0	0	0	0	0	0	0	0	0	0	0	0	0	0	0	0	0	0	0	0	0	0	0	0	0	0	0	0	0	0	0	0
8000000.0001	0	0	0	0	0	0	0	0	0	0	0	0	0	0	0	0	0	0	0	0	0	0	0	0	0	0	0	0	0	0	0	0	0	0	0	0	0	0	0	0	0	0	0	0	0	0	0	0	0	0	0	0	0	0	0	0	0	0	0	0	0	0	0	0	0	0	0	0	0	0	0	0	0	0	0	0	0	0	0	0	0	0	0	0	0	0	0	0	0	0	0	0	0	0	0	0	0	0	0	0
8000000.0001	0	0	0	0	0	0	0	0	0	0	0	0	0	0	0	0	0	0	0	0	0	0	0	0	0	0	0	0	0	0	0	0	0	0	0	0	0	0	0	0	0	0	0	0	0	0	0	0	0	0	0	0	0	0	0	0	0	0	0	0	0	0	0	0	0	0	0	0	0	0	0	0	0	0	0	0	0	0	0	0	0	0	0	0	0	0	0	0	0	0	0	0	0	0	0	0	0	0	0	0
8000000.0001	0	0	0	0	0	0	0	0	0	0	0	0	0	0	0	0	0	0	0	0	0	0	0	0	0	0	0	0	0	0	0	0	0	0	0	0	0	0	0	0	0	0	0	0	0	0	0	0	0	0	0	0	0	0	0	0	0	0	0	0	0	0	0	0	0	0	0	0	0	0	0	0	0	0	0	0	0	0	0	0	0	0	0	0	0	0	0	0	0	0	0	0	0	0	0	0	0	0	0	0
8000000.0001	0	0	0	0	0	0	0	0	0	0	0	0	0	0	0	0	0	0	0	0	0	0	0	0	0	0	0	0	0	0	0	0	0	0	0	0	0	0	0	0	0	0	0	0	0	0	0	0	0	0	0	0	0	0	0	0	0	0	0	0	0	0	0	0	0	0	0	0	0	0	0	0	0	0	0	0	0	0	0	0	0	0	0	0	0	0	0	0	0	0	0	0	0	0	0	0	0	0	0	0
8000000.0001	0	0	0	0	0	0	0	0	0	0	0	0	0	0	0	0	0	0	0	0	0	0	0	0	0	0	0	0	0	0	0	0	0	0	0	0	0	0	0	0	0	0	0	0	0	0	0	0	0	0	0	0	0	0	0	0	0	0	0	0	0	0	0	0	0	0	0	0	0	0	0	0	0	0	0	0	0	0	0	0	0	0	0	0	0	0	0	0	0	0	0	0	0	0	0	0	0	0	0	0
8000000.0001	0	0	0	0	0	0	0	0	0	0	0	0	0	0	0	0	0	0	0	0	0	0	0	0	0	0	0	0	0	0	0	0	0	0	0	0	0	0	0	0	0	0	0	0	0	0	0	0	0	0	0	0	0	0	0	0	0	0	0	0	0	0	0	0	0	0	0	0	0	0	0	0	0	0	0	0	0	0	0	0	0	0	0	0	0	0	0	0	0	0	0	0	0	0	0	0	0	0	0	0
8000000.0001	0	0	0	0	0	0	0	0	0	0	0	0	0	0	0	0	0	0	0	0	0	0	0	0	0	0	0	0	0	0	0	0	0	0	0	0	0	0	0	0	0	0	0	0	0	0	0	0	0	0	0	0	0	0	0	0	0	0	0	0	0	0	0	0	0	0	0	0	0	0	0	0	0	0	0	0	0	0	0	0	0	0	0	0	0	0	0	0	0	0	0	0	0	0	0	0	0	0	0	0
8000000.0001	0	0	0	0	0	0	0	0	0	0	0	0	0	0	0	0	0	0	0	0	0	0	0	0	0	0	0	0	0	0	0	0	0	0	0	0	0	0	0	0	0	0	0	0	0	0	0	0	0	0	0	0	0	0	0	0	0	0	0	0	0	0	0	0	0	0	0	0	0	0	0	0	0	0	0	0	0	0	0	0	0	0	0	0	0	0	0	0	0	0	0	0	0	0	0	0	0	0	0	0
8000000.0001	0	0	0	0	0	0	0	0	0	0	0	0	0	0	0	0	0	0	0	0	0	0	0	0	0	0	0	0	0	0	0	0	0	0	0	0	0	0	0	0	0	0	0	0	0	0	0	0	0	0	0	0	0	0	0	0	0	0	0	0	0	0	0	0	0	0	0	0	0	0	0	0	0	0	0	0	0	0	0	0	0	0	0	0	0	0	0	0	0	0	0	0	0	0	0	0	0	0	0	0
8000000.0001	0	0	0	0	0	0	0	0	0	0	0	0	0	0	0	0	0	0	0	0	0	0	0	0	0	0	0	0	0	0	0	0	0	0	0	0	0	0	0	0	0	0	0	0	0	0	0	0	0	0	0	0	0	0	0	0	0	0	0	0	0	0	0	0	0	0	0	0	0	0	0	0	0	0	0	0	0	0	0	0	0	0	0	0	0	0	0	0	0	0	0	0	0	0	0	0	0	0	0	0
8000000.0001	0	0	0	0	0	0	0	0	0	0	0	0	0	0	0	0	0	0	0	0	0	0	0	0	0	0	0	0	0	0	0	0	0	0	0	0	0	0	0	0	0	0	0	0	0	0	0	0	0	0	0	0	0	0	0	0	0	0	0	0	0	0	0	0	0	0	0	0	0	0	0	0	0	0	0	0	0	0	0	0	0	0	0	0	0	0	0	0	0	0	0	0	0	0	0	0	0	0	0	0
8000000.0001	0	0	0	0	0	0	0	0	0	0	0	0	0	0	0	0	0	0	0	0	0	0	0	0	0	0	0	0	0	0	0	0	0	0	0	0	0	0	0	0	0	0	0	0	0	0	0	0	0	0	0	0	0	0	0	0	0	0	0	0	0	0	0	0	0	0	0	0	0	0	0	0	0	0	0	0	0	0	0	0	0	0	0	0	0	0	0	0	0	0	0	0	0	0	0	0	0	0	0	0
8000000.0001	0	0	0	0	0	0	0	0	0	0	0	0	0	0	0	0	0	0	0	0	0	0	0	0	0	0	0	0	0	0	0	0	0	0	0	0	0	0	0	0	0	0	0	0	0	0	0	0	0	0	0	0	0	0	0	0	0	0	0	0	0	0	0	0	0	0	0	0	0	0	0	0	0	0	0	0	0	0	0	0	0	0	0	0	0	0	0	0	0	0	0	0	0	0	0	0	0	0	0	0
8000000.0001	0	0	0	0	0	0	0	0	0	0	0	0	0	0	0	0	0	0	0	0	0	0	0	0	0	0	0	0	0	0	0	0	0	0	0	0	0	0	0	0	0	0	0	0	0	0	0	0	0	0	0	0	0	0	0	0	0	0	0	0	0	0	0	0	0	0	0	0	0	0	0	0	0	0	0	0	0	0	0	0	0	0	0	0	0	0	0	0	0	0	0	0	0	0	0	0	0	0	0	0
8000000.0001	0	0	0	0	0	0	0	0	0	0	0	0	0	0	0	0	0	0	0	0	0	0	0	0	0	0	0	0	0	0	0	0	0	0	0	0	0	0	0	0	0	0	0	0	0	0	0	0	0	0	0	0	0	0	0	0	0	0	0	0	0	0	0	0	0	0	0	0	0	0	0	0	0	0	0	0	0	0	0	0	0	0	0	0	0	0	0	0	0	0	0	0	0	0	0	0	0	0	0	0
8000000.0001	0	0	0	0	0	0	0	0	0	0	0	0	0	0	0	0	0	0	0	0	0	0	0	0	0	0	0	0	0	0	0	0	0	0	0	0	0	0	0	0	0	0	0	0	0	0	0	0	0	0	0	0	0	0	0	0	0	0	0	0	0	0	0	0	0	0	0	0	0	0	0	0	0	0	0	0	0	0	0	0	0	0	0	0	0	0	0	0	0	0	0	0	0	0	0	0	0	0	0	0
8000000.0001	0	0	0	0	0	0	0	0	0	0	0	0	0	0	0	0	0	0	0	0	0	0	0	0	0	0	0	0	0	0	0	0	0	0	0	0	0	0	0	0	0	0	0	0	0	0	0	0	0	0	0	0	0	0	0	0	0	0	0	0	0	0	0	0	0	0	0	0	0	0	0	0	0	0	0	0	0	0	0	0	0	0	0	0	0	0	0	0	0	0	0	0	0	0	0	0	0	0	0	0
8000000.0001	0	0	0	0	0	0	0	0	0	0	0	0	0	0	0	0	0	0	0	0	0	0	0	0	0	0	0	0	0	0	0	0	0	0	0	0	0	0	0	0	0	0	0	0	0	0	0	0	0	0	0	0	0	0	0	0	0	0	0	0	0	0	0	0	0	0	0	0	0	0	0	0	0	0	0	0	0	0	0	0	0	0	0	0	0	0	0	0	0	0	0	0	0	0	0	0	0	0	0	0
8000000.0001	0	0	0	0	0	0	0	0	0	0	0	0	0	0	0	0	0	0	0	0	0	0	0	0	0	0	0	0	0	0	0	0	0	0	0	0	0	0	0	0	0	0	0	0	0	0	0	0	0	0	0	0	0	0	0	0	0	0	0	0	0	0	0	0	0	0	0	0	0	0	0	0	0	0	0	0	0	0	0	0	0	0	0	0	0	0	0	0	0	0	0	0	0	0	0	0	0	0	0	0
8000000.0001	0	0	0	0	0	0	0	0	0	0	0	0	0	0	0	0	0	0	0	0	0	0	0	0	0	0	0	0	0	0	0	0	0	0	0	0	0	0	0	0	0	0	0	0	0	0	0	0	0	0	0	0	0	0	0	0	0	0	0	0	0	0	0	0	0	0	0	0	0	0	0	0	0	0	0	0	0	0	0	0	0	0	0	0	0	0	0	0	0	0	0	0	0	0	0	0	0	0	0	0
8000000.0001	0	0	0	0	0	0	0	0	0	0	0	0	0	0	0	0	0	0	0	0	0	0	0	0	0	0	0	0	0	0	0	0	0	0	0	0	0	0	0	0	0	0	0	0	0	0	0	0	0	0	0	0	0	0	0	0	0	0	0	0	0	0	0	0	0	0	0	0	0	0	0	0	0	0	0	0	0	0	0	0	0	0	0	0	0	0	0	0	0	0	0	0	0	0	0	0	0	0	0	0
8000000.0001	0	0	0	0	0	0	0	0	0	0	0	0	0	0	0	0	0	0	0	0	0	0	0	0	0	0	0	0	0	0	0	0	0	0	0	0	0	0	0	0	0	0	0	0	0	0	0	0	0	0	0	0	0	0	0	0	0	0	0	0	0	0	0	0	0	0	0	0	0	0	0	0	0	0	0	0	0	0	0	0	0	0	0	0	0	0	0	0	0	0	0	0	0	0	0	0	0	0	0	0
8000000.0001	0	0	0	0	0	0	0	0	0	0	0	0	0	0	0	0	0	0	0	0	0	0	0	0	0	0	0	0	0	0	0	0	0	0	0	0	0	0	0	0	0	0	0	0	0	0	0	0	0	0	0	0	0	0	0	0	0	0	0	0	0	0	0	0	0	0	0	0	0	0	0	0	0	0	0	0	0	0	0	0	0	0	0	0	0	0	0	0	0	0	0	0	0	0	0	0	0	0	0	0
8000000.0001	0	0	0	0	0	0	0	0	0	0	0	0	0	0	0	0	0	0	0	0	0	0	0	0	0	0	0	0	0	0	0	0	0	0	0	0	0	0	0	0	0	0	0	0	0	0	0	0	0	0	0	0	0	0	0	0	0	0	0	0	0	0	0	0	0	0	0	0	0	0	0	0	0	0	0	0	0	0	0	0	0	0	0	0	0	0	0	0	0	0	0	0	0	0	0	0	0	0	0	0
8000000.0001	0	0	0	0	0	0	0	0	0	0	0	0	0	0	0	0	0	0	0	0	0	0	0	0	0	0	0	0	0	0	0	0	0	0	0	0	0	0	0	0	0	0	0	0	0	0	0	0	0	0	0	0	0	0	0	0	0	0	0	0	0	0	0	0	0	0	0	0	0	0	0	0	0	0	0	0	0	0	0	0	0	0	0	0	0	0	0	0	0	0	0	0	0	0	0	0	0	0	0	0
8000000.0001	0	0	0	0	0	0	0	0	0	0	0	0	0	0	0	0	0	0	0	0	0	0	0	0	0	0	0	0	0	0	0	0	0	0	0	0	0	0	0	0	0	0	0	0	0	0	0	0	0	0	0	0	0	0	0	0	0	0	0	0	0	0	0	0	0	0	0	0	0	0	0	0	0	0	0	0	0	0	0	0	0	0	0	0	0	0	0	0	0	0	0	0	0	0	0	0	0	0	0	0
8000000.0001	0	0	0	0	0	0	0	0	0	0	0	0	0	0	0	0	0	0	0	0	0	0	0	0	0	0	0	0	0	0	0	0	0	0	0	0	0	0	0	0	0	0	0	0	0	0	0	0	0	0	0	0	0	0	0	0	0	0	0	0	0	0	0	0	0	0	0	0	0	0	0	0	0	0	0	0	0	0	0	0	0	0	0	0	0	0	0	0	0	0	0	0	0	0	0	0	0	0	0	0
8000000.0001	0	0	0	0	0	0	0	0	0	0	0	0	0	0	0	0	0	0	0	0	0	0	0	0	0	0	0	0	0	0	0	0	0	0	0	0	0	0	0	0	0	0	0	0	0	0	0	0	0	0	0	0	0	0	0	0	0	0	0	0	0	0	0	0	0	0	0	0	0	0	0	0	0	0	0	0	0	0	0	0	0	0	0	0	0	0	0	0	0	0	0	0	0	0	0	0	0	0	0	0
8000000.0001	0	0	0	0	0	0	0	0	0	0	0	0	0	0	0	0	0	0	0	0	0	0	0	0	0	0	0	0	0	0	0	0	0	0	0	0	0	0	0	0	0	0	0	0	0	0	0	0	0	0	0	0	0	0	0	0	0	0	0	0	0	0	0	0	0	0	0	0	0	0	0	0	0	0	0	0	0	0	0	0	0	0	0	0	0	0	0	0	0	0	0	0	0	0	0	0	0	0	0	0
8000000.0001	0	0	0	0	0	0	0	0	0	0	0	0	0	0	0	0	0	0	0	0	0	0	0	0	0	0	0	0	0	0	0	0	0	0	0	0	0	0	0	0	0	0	0	0	0	0	0	0	0	0	0	0	0	0	0	0	0	0	0	0	0	0	0	0	0	0	0	0	0	0	0	0	0	0	0	0	0	0	0	0	0	0	0	0	0	0	0	0	0	0	0	0	0	0	0	0	0	0	0	0
8000000.0001	0	0	0	0	0	0	0	0	0	0	0	0	0	0	0	0	0	0	0	0	0	0	0	0	0	0	0	0	0	0	0	0	0	0	0	0	0	0	0	0	0	0	0	0	0	0	0	0	0	0	0	0	0	0	0	0	0	0	0	0	0	0	0	0	0	0	0	0	0	0	0	0	0	0	0	0	0	0	0	0	0	0	0	0	0	0	0	0	0	0	0	0	0	0	0	0	0	0	0	0
8000000.0001	0	0	0	0	0	0	0	0	0	0	0	0	0	0	0	0	0	0	0	0	0	0	0	0	0	0	0	0	0	0	0	0	0	0	0	0	0	0	0	0	0	0	0	0	0	0	0	0	0	0	0	0	0	0	0	0	0	0	0	0	0	0	0	0	0	0	0	0	0	0	0	0	0	0	0	0	0	0	0	0	0	0	0	0	0	0	0	0	0	0	0	0	0	0	0	0	0	0	0	0
8000000.0001	0	0	0	0	0	0	0	0	0	0	0	0	0	0	0	0	0	0	0	0	0	0	0	0	0	0	0	0	0	0	0	0	0	0	0	0	0	0	0	0	0	0	0	0	0	0	0	0	0	0	0	0	0	0	0	0	0	0	0	0	0	0	0	0	0	0	0	0	0	0	0	0	0	0	0	0	0	0	0	0	0	0	0	0	0	0	0	0	0	0	0	0	0	0	0	0	0	0	0	0
8000000.0001	0	0	0	0	0	0	0	0	0	0	0	0	0	0	0	0	0	0	0	0	0	0	0	0	0	0	0	0	0	0	0	0	0	0	0	0	0	0	0	0	0	0	0	0	0	0	0	0	0	0	0	0	0	0	0	0	0	0	0	0	0	0	0	0	0	0	0	0	0	0	0	0	0	0	0	0	0	0	0	0	0	0	0	0	0	0	0	0	0	0	0	0	0	0	0	0	0	0	0	0
8000000.0001	0	0	0	0	0	0	0	0	0	0	0	0	0	0	0	0	0	0	0	0	0	0	0	0	0	0	0	0	0	0	0	0	0	0	0	0	0	0	0	0	0	0	0	0	0	0	0	0	0	0	0	0	0	0	0	0	0	0	0	0	0	0	0	0	0	0	0	0	0	0	0	0	0	0	0	0	0	0	0	0	0	0	0	0	0	0	0	0	0	0	0	0	0	0	0	0	0	0	0	0
8000000.0001	0	0	0	0	0	0	0	0	0	0	0	0	0	0	0	0	0	0	0	0	0	0	0	0	0	0	0	0	0	0	0	0	0	0	0	0	0	0	0	0	0	0	0	0	0	0	0	0	0	0	0	0	0	0	0	0	0	0	0	0	0	0	0	0	0	0	0	0	0	0	0	0	0	0	0	0	0	0	0	0	0	0	0	0	0	0	0	0	0	0	0	0	0	0	0	0	0	0	0	0
8000000.0001	0	0	0	0	0	0	0	0	0	0	0	0	0	0	0	0	0	0	0	0	0	0	0	0	0	0	0	0	0	0	0	0	0	0	0	0	0	0	0	0	0	0	0	0	0	0	0	0	0	0	0	0	0	0	0	0	0	0	0	0	0	0	0	0	0	0	0	0	0	0	0	0	0	0	0	0	0	0	0	0	0	0	0	0	0	0	0	0	0	0	0	0	0	0	0	0	0	0	0	0
8000000.0001	0	0	0	0	0	0	0	0	0	0	0	0	0	0	0	0	0	0	0	0	0	0	0	0	0	0	0	0	0	0	0	0	0	0	0	0	0	0	0	0	0	0	0	0	0	0	0	0	0	0	0	0	0	0	0	0	0	0	0	0	0	0	0	0	0	0	0	0	0	0	0	0	0	0	0	0	0	0	0	0	0	0	0	0	0	0	0	0	0	0	0	0	0	0	0	0	0	0	0	0
8000000.0001	0	0	0	0	0	0	0	0	0	0	0	0	0	0	0	0	0	0	0	0	0	0	0	0	0	0	0	0	0	0	0	0	0	0	0	0	0	0	0	0	0	0	0	0	0	0	0	0	0	0	0	0	0	0	0	0	0	0	0	0	0	0	0	0	0	0	0	0	0	0	0	0	0	0	0	0	0	0	0	0	0	0	0	0	0	0	0	0	0	0	0	0	0	0	0	0	0	0	0	0
8000000.0001	0	0	0	0	0	0	0	0	0	0	0	0	0	0	0	0	0	0	0	0	0	0	0	0	0	0	0	0	0	0	0	0	0	0	0	0	0	0	0	0	0	0	0	0	0	0	0	0	0	0	0	0	0	0	0	0	0	0	0	0	0	0	0	0	0	0	0	0	0	0	0	0	0	0	0	0	0	0	0	0	0	0	0	0	0	0	0	0	0	0	0	0	0	0	0	0	0	0	0	0
8000000.0001	0	0	0	0	0	0	0	0	0	0	0	0	0	0	0	0	0	0	0	0	0	0	0	0	0	0	0	0	0	0	0	0	0	0	0	0	0	0	0	0	0	0	0	0	0	0	0	0	0	0	0	0	0	0	0	0	0	0	0	0	0	0	0	0	0	0	0	0	0	0	0	0	0	0	0	0	0	0	0	0	0	0	0	0	0	0	0	0	0	0	0	0	0	0	0	0	0	0	0	0
8000000.0001	0	0	0	0	0	0	0	0	0	0	0	0	0	0	0	0	0	0	0	0	0	0	0	0	0	0	0	0	0	0	0	0	0	0	0	0	0	0	0	0	0	0	0	0	0	0	0	0	0	0	0	0	0	0	0	0	0	0	0	0	0	0	0	0	0	0	0	0	0	0	0	0	0	0	0	0	0	0	0	0	0	0	0	0	0	0	0	0	0	0	0	0	0	0	0	0	0	0	0	0
8000000.0001	0	0	0	0	0	0	0	0	0	0	0	0	0	0	0	0	0	0	0	0	0	0	0	0	0	0	0	0	0	0	0	0	0	0	0	0	0	0	0	0	0	0	0	0	0	0	0	0	0	0	0	0	0	0	0	0	0	0	0	0	0	0	0	0	0	0	0	0	0	0	0	0	0	0	0	0	0	0	0	0	0	0	0	0	0	0	0	0	0	0	0	0	0	0	0	0	0	0	0	0
8000000.0001	0	0	0	0	0	0	0	0	0	0	0	0	0	0	0	0	0	0	0	0	0	0	0	0	0	0	0	0	0	0	0	0	0	0	0	0	0	0	0	0	0	0	0	0	0	0	0	0	0	0	0	0	0	0	0	0	0	0	0	0	0	0	0	0	0	0	0	0	0	0	0	0	0	0	0	0	0	0	0	0	0	0	0	0	0	0	0	0	0	0	0	0	0	0	0	0	0	0	0	0
8000000.0001	0	0	0	0	0	0	0	0	0	0	0	0	0	0	0	0	0	0	0	0	0	0	0	0	0	0	0	0	0	0	0	0	0	0	0	0	0	0	0	0	0	0	0	0	0	0	0	0	0	0	0	0	0	0	0	0	0	0	0	0	0	0	0	0	0	0	0	0	0	0	0	0	0	0	0	0	0	0	0	0	0	0	0	0	0	0	0	0	0	0	0	0	0	0	0	0	0	0	0	0
8000000.0001	0	0	0	0	0	0	0	0	0	0	0	0	0	0	0	0	0	0	0	0	0	0	0	0	0	0	0	0	0	0	0	0	0	0	0	0	0	0	0	0	0	0	0	0	0	0	0	0	0	0	0	0	0	0	0	0	0	0	0	0	0	0	0	0	0	0	0	0	0	0	0	0	0	0	0	0	0	0	0	0	0	0	0	0	0	0	0	0	0	0	0	0	0	0	0	0	0	0	0	0
8000000.0001	0	0	0	0	0	0	0	0	0	0	0	0	0	0	0	0	0	0	0	0	0	0	0	0	0	0	0	0	0	0	0	0	0	0	0	0	0	0	0	0	0	0	0	0	0	0	0	0	0	0	0	0	0	0	0	0	0	0	0	0	0	0	0	0	0	0	0	0	0	0	0	0	0	0	0	0	0	0	0	0	0	0	0	0	0	0	0	0	0	0	0	0	0	0	0	0	0	0	0	0
8000000.0001	0	0	0	0	0	0	0	0	0	0	0	0	0	0	0	0	0	0	0	0	0	0	0	0	0	0	0	0	0	0	0	0	0	0	0	0	0	0	0	0	0	0	0	0	0	0	0	0	0	0	0	0	0	0	0	0	0	0	0	0	0	0	0	0	0	0	0	0	0	0	0	0	0	0	0	0	0	0	0	0	0	0	0	0	0	0	0	0	0	0	0	0	0	0	0	0	0	0	0	0
8000000.0001	0	0	0	0	0	0	0	0	0	0	0	0	0	0	0	0	0	0	0	0	0	0	0	0	0	0	0	0	0	0	0	0	0	0	0	0	0	0	0	0	0	0	0	0	0	0	0	0	0	0	0	0	0	0	0	0	0	0	0	0	0	0	0	0	0	0	0	0	0	0	0	0	0	0	0	0	0	0	0	0	0	0	0	0	0	0	0	0	0	0	0	0	0	0	0	0	0	0	0	0
8000000.0001	0	0	0	0	0	0	0	0	0	0	0	0	0	0	0	0	0	0	0	0	0	0	0	0	0	0	0	0	0	0	0	0	0	0	0	0	0	0	0	0	0	0	0	0	0	0	0	0	0	0	0	0	0	0	0	0	0	0	0	0	0	0	0	0	0	0	0	0	0	0	0	0	0	0	0	0	0	0	0	0	0	0	0	0	0	0	0	0	0	0	0	0	0	0	0	0	0	0	0	0
8000000.0001	0	0	0	0	0	0	0	0	0	0	0	0	0	0	0	0	0	0	0	0	0	0	0	0	0	0	0	0	0	0	0	0	0	0	0	0	0	0	0	0	0	0	0	0	0	0	0	0	0	0	0	0	0	0	0	0	0	0	0	0	0	0	0	0	0	0	0	0	0	0	0	0	0	0	0	0	0	0	0	0	0	0	0	0	0	0	0	0	0	0	0	0	0	0	0	0	0	0	0	0
8000000.0001	0	0	0	0	0	0	0	0	0	0	0	0	0	0	0	0	0	0	0	0	0	0	0	0	0	0	0	0	0	0	0	0	0	0	0	0	0	0	0	0	0	0	0	0	0	0	0	0	0	0	0	0	0	0	0	0	0	0	0	0	0	0	0	0	0	0	0	0	0	0	0	0	0	0	0	0	0	0	0	0	0	0	0	0	0	0	0	0	0	0	0	0	0	0	0	0	0	0	0	0
8000000.0001	0	0	0	0	0	0	0	0	0	0	0	0	0	0	0	0	0	0	0	0	0	0	0	0	0	0	0	0	0	0	0	0	0	0	0	0	0	0	0	0	0	0	0	0	0	0	0	0	0	0	0	0	0	0	0	0	0	0	0	0	0	0	0	0	0	0	0	0	0	0	0	0	0	0	0	0	0	0	0	0	0	0	0	0	0	0	0	0	0	0	0	0	0	0	0	0	0	0	0	0
8000000.0001	0	0	0	0	0	0	0	0	0	0	0	0	0	0	0	0	0	0	0	0	0	0	0	0	0	0	0	0	0	0	0	0	0	0	0	0	0	0	0	0	0	0	0	0	0	0	0	0	0	0	0	0	0	0	0	0	0	0	0	0	0	0	0	0	0	0	0	0	0	0	0	0	0	0	0	0	0	0	0	0	0	0	0	0	0	0	0	0	0	0	0	0	0	0	0	0	0	0	0	0
8000000.0001	0	0	0	0	0	0	0	0	0	0	0	0	0	0	0	0	0	0	0	0	0	0	0	0	0	0	0	0	0	0	0	0	0	0	0	0	0	0	0	0	0	0	0	0	0	0	0	0	0	0	0	0	0	0	0	0	0	0	0	0	0	0	0	0	0	0	0	0	0	0	0	0	0	0	0	0	0	0	0	0	0	0	0	0	0	0	0	0	0	0	0	0	0	0	0	0	0	0	0	0
8000000.0001	0	0	0	0	0	0	0	0	0	0	0	0	0	0	0	0	0	0	0	0	0	0	0	0	0	0	0	0	0	0	0	0	0	0	0	0	0	0	0	0	0	0	0	0	0	0	0	0	0	0	0	0	0	0	0	0	0	0	0	0	0	0	0	0	0	0	0	0	0	0	0	0	0	0	0	0	0	0	0	0	0	0	0	0	0	0	0	0	0	0	0	0	0	0	0	0	0	0	0	0
8000000.0001	0	0	0	0	0	0	0	0	0	0	0	0	0	0	0	0	0	0	0	0	0	0	0	0	0	0	0	0	0	0	0	0	0	0	0	0	0	0	0	0	0	0	0	0	0	0	0	0	0	0	0	0	0	0	0	0	0	0	0	0	0	0	0	0	0	0	0	0	0	0	0	0	0	0	0	0	0	0	0	0	0	0	0	0	0	0	0	0	0	0	0	0	0	0	0	0	0	0	0	0
8000000.0001	0	0	0	0	0	0	0	0	0	0	0	0	0	0	0	0	0	0	0	0	0	0	0	0	0	0	0	0	0	0	0	0	0	0	0	0	0	0	0	0	0	0	0	0	0	0	0	0	0	0	0	0	0	0	0	0	0	0	0	0	0	0	0	0	0	0	0	0	0	0	0	0	0	0	0	0	0	0	0	0	0	0	0	0	0	0	0	0	0	0	0	0	0	0	0	0	0	0	0	0
8000000.0001	0	0	0	0	0	0	0	0	0	0	0	0	0	0	0	0	0	0	0	0	0	0	0	0	0	0	0	0	0	0	0	0	0	0	0	0	0	0	0	0	0	0	0	0	0	0	0	0	0	0	0	0	0	0	0	0	0	0	0	0	0	0	0	0	0	0	0	0	0	0	0	0	0	0	0	0	0	0	0	0	0	0	0	0	0	0	0	0	0	0	0	0	0	0	0	0	0	0	0	0
8000000.0001	0	0	0	0	0	0	0	0	0	0	0	0	0	0	0	0	0	0	0	0	0	0	0	0	0	0	0	0	0	0	0	0	0	0	0	0	0	0	0	0	0	0	0	0	0	0	0	0	0	0	0	0	0	0	0	0	0	0	0	0	0	0	0	0	0	0	0	0	0	0	0	0	0	0	0	0	0	0	0	0	0	0	0	0	0	0	0	0	0	0	0	0	0	0	0	0	0	0	0	0
8000000.0001	0	0	0	0	0	0	0	0	0	0	0	0	0	0	0	0	0	0	0	0	0	0	0	0	0	0	0	0	0	0	0	0	0	0	0	0	0	0	0	0	0	0	0	0	0	0	0	0	0	0	0	0	0	0	0	0	0	0	0	0	0	0	0	0	0	0	0	0	0	0	0	0	0	0	0	0	0	0	0	0	0	0	0	0	0	0	0	0	0	0	0	0	0	0	0	0	0	0	0	0
8000000.0001	0	0	0	0	0	0	0	0	0	0	0	0	0	0	0	0	0	0	0	0	0	0	0	0	0	0	0	0	0	0	0	0	0	0	0	0	0	0	0	0	0	0	0	0	0	0	0	0	0	0	0	0	0	0	0	0	0	0	0	0	0	0	0	0	0	0	0	0	0	0	0	0	0	0	0	0	0	0	0	0	0	0	0	0	0	0	0	0	0	0	0	0	0	0	0	0	0	0	0	0
8000000.0001	0	0	0	0	0	0	0	0	0	0	0	0	0	0	0	0	0	0	0	0	0	0	0	0	0	0	0	0	0	0	0	0	0	0	0	0	0	0	0	0	0	0	0	0	0	0	0	0	0	0	0	0	0	0	0	0	0	0	0	0	0	0	0	0	0	0	0	0	0	0	0	0	0	0	0	0	0	0	0	0	0	0	0	0	0	0	0	0	0	0	0	0	0	0	0	0	0	0	0	0
8000000.0001	0	0	0	0	0	0	0	0	0	0	0	0	0	0	0	0	0	0	0	0	0	0	0	0	0	0	0	0	0	0	0	0	0	0	0	0	0	0	0	0	0	0	0	0	0	0	0	0	0	0	0	0	0	0	0	0	0	0	0	0	0	0	0	0	0	0	0	0	0	0	0	0	0	0	0	0	0	0	0	0	0	0	0	0	0	0	0	0	0	0	0	0	0	0	0	0	0	0	0	0
8000000.0001	0	0	0	0	0	0	0	0	0	0	0	0	0	0	0	0	0	0	0	0	0	0	0	0	0	0	0	0	0	0	0	0	0	0	0	0	0	0	0	0	0	0	0	0	0	0	0	0	0	0	0	0	0	0	0	0	0	0	0	0	0	0	0	0	0	0	0	0	0	0	0	0	0	0	0	0	0	0	0	0	0	0	0	0	0	0	0	0	0	0	0	0	0	0	0	0	0	0	0	0
8000000.0001	0	0	0	0	0	0	0	0	0	0	0	0	0	0	0	0	0	0	0	0	0	0	0	0	0	0	0	0	0	0	0	0	0	0	0	0	0	0	0	0	0	0	0	0	0	0	0	0	0	0	0	0	0	0	0	0	0	0	0	0	0	0	0	0	0	0	0	0	0	0	0	0	0	0	0	0	0	0	0	0	0	0	0	0	0	0	0	0	0	0	0	0	0	0	0	0	0	0	0	0
8000000.0001	0	0	0	0	0	0	0	0	0	0	0	0	0	0	0	0	0	0	0	0	0	0	0	0	0	0	0	0	0	0	0	0	0	0	0	0	0	0	0	0	0	0	0	0	0	0	0	0	0	0	0	0	0	0	0	0	0	0	0	0	0	0	0	0	0	0	0	0	0	0	0	0	0	0	0	0	0	0	0	0	0	0	0	0	0	0	0	0	0	0	0	0	0	0	0	0	0	0	0	0
8000000.0001	0	0	0	0	0	0	0	0	0	0	0	0	0	0	0	0	0	0	0	0	0	0	0	0	0	0	0	0	0	0	0	0	0	0	0	0	0	0	0	0	0	0	0	0	0	0	0	0	0	0	0	0	0	0	0	0	0	0	0	0	0	0	0	0	0	0	0	0	0	0	0	0	0	0	0	0	0	0	0	0	0	0	0	0	0	0	0	0	0	0	0	0	0	0	0	0	0	0	0	0
8000000.0001	0	0	0	0	0	0	0	0	0	0	0	0	0	0	0	0	0	0	0	0	0	0	0	0	0	0	0	0	0	0	0	0	0	0	0	0	0	0	0	0	0	0	0	0	0	0	0	0	0	0	0	0	0	0	0	0	0	0	0	0	0	0	0	0	0	0	0	0	0	0	0	0	0	0	0	0	0	0	0	0	0	0	0	0	0	0	0	0	0	0	0	0	0	0	0	0	0	0	0	0
8000000.0001	0	0	0	0	0	0	0	0	0	0	0	0	0	0	0	0	0	0	0	0	0	0	0	0	0	0	0	0	0	0	0	0	0	0	0	0	0	0	0	0	0	0	0	0	0	0	0	0	0	0	0	0	0	0	0	0	0	0	0	0	0	0	0	0	0	0	0	0	0	0	0	0	0	0	0	0	0	0	0	0	0	0	0	0	0	0	0	0	0	0	0	0	0	0	0	0	0	0	0	0
8000000.0001	0	0	0	0	0	0	0	0	0	0	0	0	0	0	0	0	0	0	0	0	0	0	0	0	0	0	0	0	0	0	0	0	0	0	0	0	0	0	0	0	0	0	0	0	0	0	0	0	0	0	0	0	0	0	0	0	0	0	0	0	0	0	0	0	0	0	0	0	0	0	0	0	0	0	0	0	0	0	0	0	0	0	0	0	0	0	0	0	0	0	0	0	0	0	0	0	0	0	0	0
8000000.0001	0	0	0	0	0	0	0	0	0	0	0	0	0	0	0	0	0	0	0	0	0	0	0	0	0	0	0	0	0	0	0	0	0	0	0	0	0	0	0	0	0	0	0	0	0	0	0	0	0	0	0	0	0	0	0	0	0	0	0	0	0	0	0	0	0	0	0	0	0	0	0	0	0	0	0	0	0	0	0	0	0	0	0	0	0	0	0	0	0	0	0	0	0	0	0	0	0	0	0	0
8000000.0001	0	0	0	0	0	0	0	0	0	0	0	0	0	0	0	0	0	0	0	0	0	0	0	0	0	0	0	0	0	0	0	0	0	0	0	0	0	0	0	0	0	0	0	0	0	0	0	0	0	0	0	0	0	0	0	0	0	0	0	0	0	0	0	0	0	0	0	0	0	0	0	0	0	0	0	0	0	0	0	0	0	0	0	0	0	0	0	0	0	0	0	0	0	0	0	0	0	0	0	0
8000000.0001	0	0	0	0	0	0	0	0	0	0	0	0	0	0	0	0	0	0	0	0	0	0	0	0	0	0	0	0	0	0	0	0	0	0	0	0	0	0	0	0	0	0	0	0	0	0	0	0	0	0	0	0	0	0	0	0	0	0	0	0	0	0	0	0	0	0	0	0	0	0	0	0	0	0	0	0	0	0	0	0	0	0	0	0	0	0	0	0	0	0	0	0	0	0	0	0	0	0	0	0
8000000.0001	0	0	0	0	0	0	0	0	0	0	0	0	0	0	0	0	0	0	0	0	0	0	0	0	0	0	0	0	0	0	0	0	0	0	0	0	0	0	0	0	0	0	0	0	0	0	0	0	0	0	0	0	0	0	0	0	0	0	0	0	0	0	0	0	0	0	0	0	0	0	0	0	0	0	0	0	0	0	0	0	0	0	0	0	0	0	0	0	0	0	0	0	0	0	0	0	0	0	0	0
8000000.0001	0	0	0	0	0	0	0	0	0	0	0	0	0	0	0	0	0	0	0	0	0	0	0	0	0	0	0	0	0	0	0	0	0	0	0	0	0	0	0	0	0	0	0	0	0	0	0	0	0	0	0	0	0	0	0	0	0	0	0	0	0	0	0	0	0	0	0	0	0	0	0	0	0	0	0	0	0	0	0	0	0	0	0	0	0	0	0	0	0	0	0	0	0	0	0	0	0	0	0	0
8000000.0001	0	0	0	0	0	0	0	0	0	0	0	0	0	0	0	0	0	0	0	0	0	0	0	0	0	0	0	0	0	0	0	0	0	0	0	0	0	0	0	0	0	0	0	0	0	0	0	0	0	0	0	0	0	0	0	0	0	0	0	0	0	0	0	0	0	0	0	0	0	0	0	0	0	0	0	0	0	0	0	0	0	0	0	0	0	0	0	0	0	0	0	0	0	0	0	0	0	0	0	0
8000000.0001	0	0	0	0	0	0	0	0	0	0	0	0	0	0	0	0	0	0	0	0	0	0	0	0	0	0	0	0	0	0	0	0	0	0	0	0	0	0	0	0	0	0	0	0	0	0	0	0	0	0	0	0	0	0	0	0	0	0	0	0	0	0	0	0	0	0	0	0	0	0	0	0	0	0	0	0	0	0	0	0	0	0	0	0	0	0	0	0	0	0	0	0	0	0	0	0	0	0	0	0
8000000.0001	0	0	0	0	0	0	0	0	0	0	0	0	0	0	0	0	0	0	0	0	0	0	0	0	0	0	0	0	0	0	0	0	0	0	0	0	0	0	0	0	0	0	0	0	0	0	0	0	0	0	0	0	0	0	0	0	0	0	0	0	0	0	0	0	0	0	0	0	0	0	0	0	0	0	0	0	0	0	0	0	0	0	0	0	0	0	0	0	0	0	0	0	0	0	0	0	0	0	0	0
8000000.0001	0	0	0	0	0	0	0	0	0	0	0	0	0	0	0	0	0	0	0	0	0	0	0	0	0	0	0	0	0	0	0	0	0	0	0	0	0	0	0	0	0	0	0	0	0	0	0	0	0	0	0	0	0	0	0	0	0	0	0	0	0	0	0	0	0	0	0	0	0	0	0	0	0	0	0	0	0	0	0	0	0	0	0	0	0	0	0	0	0	0	0	0	0	0	0	0	0	0	0	0
8000000.0001	0	0	0	0	0	0	0	0	0	0	0	0	0	0	0	0	0	0	0	0	0	0	0	0	0	0	0	0	0	0	0	0	0	0	0	0	0	0	0	0	0	0	0	0	0	0	0	0	0	0	0	0	0	0	0	0	0	0	0	0	0	0	0	0	0	0	0	0	0	0	0	0	0	0	0	0	0	0	0	0	0	0	0	0	0	0	0	0	0	0	0	0	0	0	0	0	0	0	0	0
8000000.0001	0	0	0	0	0	0	0	0	0	0	0	0	0	0	0	0	0	0	0	0	0	0	0	0	0	0	0	0	0	0	0	0	0	0	0	0	0	0	0	0	0	0	0	0	0	0	0	0	0	0	0	0	0	0	0	0	0	0	0	0	0	0	0	0	0	0	0	0	0	0	0	0	0	0	0	0	0	0	0	0	0	0	0	0	0	0	0	0	0	0	0	0	0	0	0	0	0	0	0	0
8000000.0001	0	0	0	0	0	0	0	0	0	0	0	0	0	0	0	0	0	0	0	0	0	0	0	0	0	0	0	0	0	0	0	0	0	0	0	0	0	0	0	0	0	0	0	0	0	0	0	0	0	0	0	0	0	0	0	0	0	0	0	0	0	0	0	0	0	0	0	0	0	0	0	0	0	0	0	0	0	0	0	0	0	0	0	0	0	0	0	0	0	0	0	0	0	0	0	0	0	0	0	0
8000000.0001	0	0	0	0	0	0	0	0	0	0	0	0	0	0	0	0	0	0	0	0	0	0	0	0	0	0	0	0	0	0	0	0	0	0	0	0	0	0	0	0	0	0	0	0	0	0	0	0	0	0	0	0	0	0	0	0	0	0	0	0	0	0	0	0	0	0	0	0	0	0	0	0	0	0	0	0	0	0	0	0	0	0	0	0	0	0	0	0	0	0	0	0	0	0	0	0	0	0	0	0
8000000.0001	0	0	0	0	0	0	0	0	0	0	0	0	0	0	0	0	0	0	0	0	0	0	0	0	0	0	0	0	0	0	0	0	0	0	0	0	0	0	0	0	0	0	0	0	0	0	0	0	0	0	0	0	0	0	0	0	0	0	0	0	0	0	0	0	0	0	0	0	0	0	0	0	0	0	0	0	0	0	0	0	0	0	0	0	0	0	0	0	0	0	0	0	0	0	0	0	0	0	0	0
8000000.0001	0	0	0	0	0	0	0	0	0	0	0	0	0	0	0	0	0	0	0	0	0	0	0	0	0	0	0	0	0	0	0	0	0	0	0	0	0	0	0	0	0	0	0	0	0	0	0	0	0	0	0	0	0	0	0	0	0	0	0	0	0	0	0	0	0	0	0	0	0	0	0	0	0	0	0	0	0	0	0	0	0	0	0	0	0	0	0	0	0	0	0	0	0	0	0	0	0	0	0	0
8000000.0001	0	0	0	0	0	0	0	0	0	0	0	0	0	0	0	0	0	0	0	0	0	0	0	0	0	0	0	0	0	0	0	0	0	0	0	0	0	0	0	0	0	0	0	0	0	0	0	0	0	0	0	0	0	0	0	0	0	0	0	0	0	0	0	0	0	0	0	0	0	0	0	0	0	0	0	0	0	0	0	0	0	0	0	0	0	0	0	0	0	0	0	0	0	0	0	0	0	0	0	0
8000000.0001	0	0	0	0	0	0	0	0	0	0	0	0	0	0	0	0	0	0	0	0	0	0	0	0	0	0	0	0	0	0	0	0	0	0	0	0	0	0	0	0	0	0	0	0	0	0	0	0	0	0	0	0	0	0	0	0	0	0	0	0	0	0	0	0	0	0	0	0	0	0	0	0	0	0	0	0	0	0	0	0	0	0	0	0	0	0	0	0	0	0	0	0	0	0	0	0	0	0	0	0
8000000.0001	0	0	0	0	0	0	0	0	0	0	0	0	0	0	0	0	0	0	0	0	0	0	0	0	0	0	0	0	0	0	0	0	0	0	0	0	0	0	0	0	0	0	0	0	0	0	0	0	0	0	0	0	0	0	0	0	0	0	0	0	0	0	0	0	0	0	0	0	0	0	0	0	0	0	0	0	0	0	0	0	0	0	0	0	0	0	0	0	0	0	0	0	0	0	0	0	0	0	0	0
8000000.0001	0	0	0	0	0	0	0	0	0	0	0	0	0	0	0	0	0	0	0	0	0	0	0	0	0	0	0	0	0	0	0	0	0	0	0	0	0	0	0	0	0	0	0	0	0	0	0	0	0	0	0	0	0	0	0	0	0	0	0	0	0	0	0	0	0	0	0	0	0	0	0	0	0	0	0	0	0	0	0	0	0	0	0	0	0	0	0	0	0	0	0	0	0	0	0	0	0	0	0	0
8000000.0001	0	0	0	0	0	0	0	0	0	0	0	0	0	0	0	0	0	0	0	0	0	0	0	0	0	0	0	0	0	0	0	0	0	0	0	0	0	0	0	0	0	0	0	0	0	0	0	0	0	0	0	0	0	0	0	0	0	0	0	0	0	0	0	0	0	0	0	0	0	0	0	0	0	0	0	0	0	0	0	0	0	0	0	0	0	0	0	0	0	0	0	0	0	0	0	0	0	0	0	0
8000000.0001	0	0	0	0	0	0	0	0	0	0	0	0	0	0	0	0	0	0	0	0	0	0	0	0	0	0	0	0	0	0	0	0	0	0	0	0	0	0	0	0	0	0	0	0	0	0	0	0	0	0	0	0	0	0	0	0	0	0	0	0	0	0	0	0	0	0	0	0	0	0	0	0	0	0	0	0	0	0	0	0	0	0	0	0	0	0	0	0	0	0	0	0	0	0	0	0	0	0	0	0
8000000.0001	0	0	0	0	0	0	0	0	0	0	0	0	0	0	0	0	0	0	0	0	0	0	0	0	0	0	0	0	0	0	0	0	0	0	0	0	0	0	0	0	0	0	0	0	0	0	0	0	0	0	0	0	0	0	0	0	0	0	0	0	0	0	0	0	0	0	0	0	0	0	0	0	0	0	0	0	0	0	0	0	0	0	0	0	0	0	0	0	0	0	0	0	0	0	0	0	0	0	0	0
8000000.0001	0	0	0	0	0	0	0	0	0	0	0	0	0	0	0	0	0	0	0	0	0	0	0	0	0	0	0	0	0	0	0	0	0	0	0	0	0	0	0	0	0	0	0	0	0	0	0	0	0	0	0	0	0	0	0	0	0	0	0	0	0	0	0	0	0	0	0	0	0	0	0	0	0	0	0	0	0	0	0	0	0	0	0	0	0	0	0	0	0	0	0	0	0	0	0	0	0	0	0	0
8000000.0001	0	0	0	0	0	0	0	0	0	0	0	0	0	0	0	0	0	0	0	0	0	0	0	0	0	0	0	0	0	0	0	0	0	0	0	0	0	0	0	0	0	0	0	0	0	0	0	0	0	0	0	0	0	0	0	0	0	0	0	0	0	0	0	0	0	0	0	0	0	0	0	0	0	0	0	0	0	0	0	0	0	0	0	0	0	0	0	0	0	0	0	0	0	0	0	0	0	0	0	0
8000000.0001	0	0	0	0	0	0	0	0	0	0	0	0	0	0	0	0	0	0	0	0	0	0	0	0	0	0	0	0	0	0	0	0	0	0	0	0	0	0	0	0	0	0	0	0	0	0	0	0	0	0	0	0	0	0	0	0	0	0	0	0	0	0	0	0	0	0	0	0	0	0	0	0	0	0	0	0	0	0	0	0	0	0	0	0	0	0	0	0	0	0	0	0	0	0	0	0	0	0	0	0
8000000.0001	0	0	0	0	0	0	0	0	0	0	0	0	0	0	0	0	0	0	0	0	0	0	0	0	0	0	0	0	0	0	0	0	0	0	0	0	0	0	0	0	0	0	0	0	0	0	0	0	0	0	0	0	0	0	0	0	0	0	0	0	0	0	0	0	0	0	0	0	0	0	0	0	0	0	0	0	0	0	0	0	0	0	0	0	0	0	0	0	0	0	0	0	0	0	0	0	0	0	0	0
8000000.0001	0	0	0	0	0	0	0	0	0	0	0	0	0	0	0	0	0	0	0	0	0	0	0	0	0	0	0	0	0	0	0	0	0	0	0	0	0	0	0	0	0	0	0	0	0	0	0	0	0	0	0	0	0	0	0	0	0	0	0	0	0	0	0	0	0	0	0	0	0	0	0	0	0	0	0	0	0	0	0	0	0	0	0	0	0	0	0	0	0	0	0	0	0	0	0	0	0	0	0	0
8000000.0001	0	0	0	0	0	0	0	0	0	0	0	0	0	0	0	0	0	0	0	0	0	0	0	0	0	0	0	0	0	0	0	0	0	0	0	0	0	0	0	0	0	0	0	0	0	0	0	0	0	0	0	0	0	0	0	0	0	0	0	0	0	0	0	0	0	0	0	0	0	0	0	0	0	0	0	0	0	0	0	0	0	0	0	0	0	0	0	0	0	0	0	0	0	0	0	0	0	0	0	0
8000000.0001	0	0	0	0	0	0	0	0	0	0	0	0	0	0	0	0	0	0	0	0	0	0	0	0	0	0	0	0	0	0	0	0	0	0	0	0	0	0	0	0	0	0	0	0	0	0	0	0	0	0	0	0	0	0	0	0	0	0	0	0	0	0	0	0	0	0	0	0	0	0	0	0	0	0	0	0	0	0	0	0	0	0	0	0	0	0	0	0	0	0	0	0	0	0	0	0	0	0	0	0
8000000.0001	0	0	0	0	0	0	0	0	0	0	0	0	0	0	0	0	0	0	0	0	0	0	0	0	0	0	0	0	0	0	0	0	0	0	0	0	0	0	0	0	0	0	0	0	0	0	0	0	0	0	0	0	0	0	0	0	0	0	0	0	0	0	0	0	0	0	0	0	0	0	0	0	0	0	0	0	0	0	0	0	0	0	0	0	0	0	0	0	0	0	0	0	0	0	0	0	0	0	0	0
8000000.0001	0	0	0	0	0	0	0	0	0	0	0	0	0	0	0	0	0	0	0	0	0	0	0	0	0	0	0	0	0	0	0	0	0	0	0	0	0	0	0	0	0	0	0	0	0	0	0	0	0	0	0	0	0	0	0	0	0	0	0	0	0	0	0	0	0	0	0	0	0	0	0	0	0	0	0	0	0	0	0	0	0	0	0	0	0	0	0	0	0	0	0	0	0	0	0	0	0	0	0	0
8000000.0001	0	0	0	0	0	0	0	0	0	0	0	0	0	0	0	0	0	0	0	0	0	0	0	0	0	0	0	0	0	0	0	0	0	0	0	0	0	0	0	0	0	0	0	0	0	0	0	0	0	0	0	0	0	0	0	0	0	0	0	0	0	0	0	0	0	0	0	0	0	0	0	0	0	0	0	0	0	0	0	0	0	0	0	0	0	0	0	0	0	0	0	0	0	0	0	0	0	0	0	0
8000000.0001	0	0	0	0	0	0	0	0	0	0	0	0	0	0	0	0	0	0	0	0	0	0	0	0	0	0	0	0	0	0	0	0	0	0	0	0	0	0	0	0	0	0	0	0	0	0	0	0	0	0	0	0	0	0	0	0	0	0	0	0	0	0	0	0	0	0	0	0	0	0	0	0	0	0	0	0	0	0	0	0	0	0	0	0	0	0	0	0	0	0	0	0	0	0	0	0	0	0	0	0
8000000.0001	0	0	0	0	0	0	0	0	0	0	0	0	0	0	0	0	0	0	0	0	0	0	0	0	0	0	0	0	0	0	0	0	0	0	0	0	0	0	0	0	0	0	0	0	0	0	0	0	0	0	0	0	0	0	0	0	0	0	0	0	0	0	0	0	0	0	0	0	0	0	0	0	0	0	0	0	0	0	0	0	0	0	0	0	0	0	0	0	0	0	0	0	0	0	0	0	0	0	0	0
8000000.0001	0	0	0	0	0	0	0	0	0	0	0	0	0	0	0	0	0	0	0	0	0	0	0	0	0	0	0	0	0	0	0	0	0	0	0	0	0	0	0	0	0	0	0	0	0	0	0	0	0	0	0	0	0	0	0	0	0	0	0	0	0	0	0	0	0	0	0	0	0	0	0	0	0	0	0	0	0	0	0	0	0	0	0	0	0	0	0	0	0	0	0	0	0	0	0	0	0	0	0	0
8000000.0001	0	0	0	0	0	0	0	0	0	0	0	0	0	0	0	0	0	0	0	0	0	0	0	0	0	0	0	0	0	0	0	0	0	0	0	0	0	0	0	0	0	0	0	0	0	0	0	0	0	0	0	0	0	0	0	0	0	0	0	0	0	0	0	0	0	0	0	0	0	0	0	0	0	0	0	0	0	0	0	0	0	0	0	0	0	0	0	0	0	0	0	0	0	0	0	0	0	0	0	0
8000000.0001	0	0	0	0	0	0	0	0	0	0	0	0	0	0	0	0	0	0	0	0	0	0	0	0	0	0	0	0	0	0	0	0	0	0	0	0	0	0	0	0	0	0	0	0	0	0	0	0	0	0	0	0	0	0	0	0	0	0	0	0	0	0	0	0	0	0	0	0	0	0	0	0	0	0	0	0	0	0	0	0	0	0	0	0	0	0	0	0	0	0	0	0	0	0	0	0	0	0	0	0
8000000.0001	0	0	0	0	0	0	0	0	0	0	0	0	0	0	0	0	0	0	0	0	0	0	0	0	0	0	0	0	0	0	0	0	0	0	0	0	0	0	0	0	0	0	0	0	0	0	0	0	0	0	0	0	0	0	0	0	0	0	0	0	0	0	0	0	0	0	0	0	0	0	0	0	0	0	0	0	0	0	0	0	0	0	0	0	0	0	0	0	0	0	0	0	0	0	0	0	0	0	0	0
8000000.0001	0	0	0	0	0	0	0	0	0	0	0	0	0	0	0	0	0	0	0	0	0	0	0	0	0	0	0	0	0	0	0	0	0	0	0	0	0	0	0	0	0	0	0	0	0	0	0	0	0	0	0	0	0	0	0	0	0	0	0	0	0	0	0	0	0	0	0	0	0	0	0	0	0	0	0	0	0	0	0	0	0	0	0	0	0	0	0	0	0	0	0	0	0	0	0	0	0	0	0	0
8000000.0001	0	0	0	0	0	0	0	0	0	0	0	0	0	0	0	0	0	0	0	0	0	0	0	0	0	0	0	0	0	0	0	0	0	0	0	0	0	0	0	0	0	0	0	0	0	0	0	0	0	0	0	0	0	0	0	0	0	0	0	0	0	0	0	0	0	0	0	0	0	0	0	0	0	0	0	0	0	0	0	0	0	0	0	0	0	0	0	0	0	0	0	0	0	0	0	0	0	0	0	0
8000000.0001	0	0	0	0	0	0	0	0	0	0	0	0	0	0	0	0	0	0	0	0	0	0	0	0	0	0	0	0	0	0	0	0	0	0	0	0	0	0	0	0	0	0	0	0	0	0	0	0	0	0	0	0	0	0	0	0	0	0	0	0	0	0	0	0	0	0	0	0	0	0	0	0	0	0	0	0	0	0	0	0	0	0	0	0	0	0	0	0	0	0	0	0	0	0	0	0	0	0	0	0
8000000.0001	0	0	0	0	0	0	0	0	0	0	0	0	0	0	0	0	0	0	0	0	0	0	0	0	0	0	0	0	0	0	0	0	0	0	0	0	0	0	0	0	0	0	0	0	0	0	0	0	0	0	0	0	0	0	0	0	0	0	0	0	0	0	0	0	0	0	0	0	0	0	0	0	0	0	0	0	0	0	0	0	0	0	0	0	0	0	0	0	0	0	0	0	0	0	0	0	0	0	0	0
8000000.0001	0	0	0	0	0	0	0	0	0	0	0	0	0	0	0	0	0	0	0	0	0	0	0	0	0	0	0	0	0	0	0	0	0	0	0	0	0	0	0	0	0	0	0	0	0	0	0	0	0	0	0	0	0	0	0	0	0	0	0	0	0	0	0	0	0	0	0	0	0	0	0	0	0	0	0	0	0	0	0	0	0	0	0	0	0	0	0	0	0	0	0	0	0	0	0	0	0	0	0	0
8000000.0001	0	0	0	0	0	0	0	0	0	0	0	0	0	0	0	0	0	0	0	0	0	0	0	0	0	0	0	0	0	0	0	0	0	0	0	0	0	0	0	0	0	0	0	0	0	0	0	0	0	0	0	0	0	0	0	0	0	0	0	0	0	0	0	0	0	0	0	0	0	0	0	0	0	0	0	0	0	0	0	0	0	0	0	0	0	0	0	0	0	0	0	0	0	0	0	0	0	0	0	0
8000000.0001	0	0	0	0	0	0	0	0	0	0	0	0	0	0	0	0	0	0	0	0	0	0	0	0	0	0	0	0	0	0	0	0	0	0	0	0	0	0	0	0	0	0	0	0	0	0	0	0	0	0	0	0	0	0	0	0	0	0	0	0	0	0	0	0	0	0	0	0	0	0	0	0	0	0	0	0	0	0	0	0	0	0	0	0	0	0	0	0	0	0	0	0	0	0	0	0	0	0	0	0
8000000.0001	0	0	0	0	0	0	0	0	0	0	0	0	0	0	0	0	0	0	0	0	0	0	0	0	0	0	0	0	0	0	0	0	0	0	0	0	0	0	0	0	0	0	0	0	0	0	0	0	0	0	0	0	0	0	0	0	0	0	0	0	0	0	0	0	0	0	0	0	0	0	0	0	0	0	0	0	0	0	0	0	0	0	0	0	0	0	0	0	0	0	0	0	0	0	0	0	0	0	0	0
8000000.0001	0	0	0	0	0	0	0	0	0	0	0	0	0	0	0	0	0	0	0	0	0	0	0	0	0	0	0	0	0	0	0	0	0	0	0	0	0	0	0	0	0	0	0	0	0	0	0	0	0	0	0	0	0	0	0	0	0	0	0	0	0	0	0	0	0	0	0	0	0	0	0	0	0	0	0	0	0	0	0	0	0	0	0	0	0	0	0	0	0	0	0	0	0	0	0	0	0	0	0	0
8000000.0001	0	0	0	0	0	0	0	0	0	0	0	0	0	0	0	0	0	0	0	0	0	0	0	0	0	0	0	0	0	0	0	0	0	0	0	0	0	0	0	0	0	0	0	0	0	0	0	0	0	0	0	0	0	0	0	0	0	0	0	0	0	0	0	0	0	0	0	0	0	0	0	0	0	0	0	0	0	0	0	0	0	0	0	0	0	0	0	0	0	0	0	0	0	0	0	0	0	0	0	0
8000000.0001	0	0	0	0	0	0	0	0	0	0	0	0	0	0	0	0	0	0	0	0	0	0	0	0	0	0	0	0	0	0	0	0	0	0	0	0	0	0	0	0	0	0	0	0	0	0	0	0	0	0	0	0	0	0	0	0	0	0	0	0	0	0	0	0	0	0	0	0	0	0	0	0	0	0	0	0	0	0	0	0	0	0	0	0	0	0	0	0	0	0	0	0	0	0	0	0	0	0	0	0
8000000.0001	0	0	0	0	0	0	0	0	0	0	0	0	0	0	0	0	0	0	0	0	0	0	0	0	0	0	0	0	0	0	0	0	0	0	0	0	0	0	0	0	0	0	0	0	0	0	0	0	0	0	0	0	0	0	0	0	0	0	0	0	0	0	0	0	0	0	0	0	0	0	0	0	0	0	0	0	0	0	0	0	0	0	0	0	0	0	0	0	0	0	0	0	0	0	0	0	0	0	0	0
8000000.0001	0	0	0	0	0	0	0	0	0	0	0	0	0	0	0	0	0	0	0	0	0	0	0	0	0	0	0	0	0	0	0	0	0	0	0	0	0	0	0	0	0	0	0	0	0	0	0	0	0	0	0	0	0	0	0	0	0	0	0	0	0	0	0	0	0	0	0	0	0	0	0	0	0	0	0	0	0	0	0	0	0	0	0	0	0	0	0	0	0	0	0	0	0	0	0	0	0	0	0	0
8000000.0001	0	0	0	0	0	0	0	0	0	0	0	0	0	0	0	0	0	0	0	0	0	0	0	0	0	0	0	0	0	0	0	0	0	0	0	0	0	0	0	0	0	0	0	0	0	0	0	0	0	0	0	0	0	0	0	0	0	0	0	0	0	0	0	0	0	0	0	0	0	0	0	0	0	0	0	0	0	0	0	0	0	0	0	0	0	0	0	0	0	0	0	0	0	0	0	0	0	0	0	0
8000000.0001	0	0	0	0	0	0	0	0	0	0	0	0	0	0	0	0	0	0	0	0	0	0	0	0	0	0	0	0	0	0	0	0	0	0	0	0	0	0	0	0	0	0	0	0	0	0	0	0	0	0	0	0	0	0	0	0	0	0	0	0	0	0	0	0	0	0	0	0	0	0	0	0	0	0	0	0	0	0	0	0	0	0	0	0	0	0	0	0	0	0	0	0	0	0	0	0	0	0	0	0
8000000.0001	0	0	0	0	0	0	0	0	0	0	0	0	0	0	0	0	0	0	0	0	0	0	0	0	0	0	0	0	0	0	0	0	0	0	0	0	0	0	0	0	0	0	0	0	0	0	0	0	0	0	0	0	0	0	0	0	0	0	0	0	0	0	0	0	0	0	0	0	0	0	0	0	0	0	0	0	0	0	0	0	0	0	0	0	0	0	0	0	0	0	0	0	0	0	0	0	0	0	0	0
8000000.0001	0	0	0	0	0	0	0	0	0	0	0	0	0	0	0	0	0	0	0	0	0	0	0	0	0	0	0	0	0	0	0	0	0	0	0	0	0	0	0	0	0	0	0	0	0	0	0	0	0	0	0	0	0	0	0	0	0	0	0	0	0	0	0	0	0	0	0	0	0	0	0	0	0	0	0	0	0	0	0	0	0	0	0	0	0	0	0	0	0	0	0	0	0	0	0	0	0	0	0	0
8000000.0001	0	0	0	0	0	0	0	0	0	0	0	0	0	0	0	0	0	0	0	0	0	0	0	0	0	0	0	0	0	0	0	0	0	0	0	0	0	0	0	0	0	0	0	0	0	0	0	0	0	0	0	0	0	0	0	0	0	0	0	0	0	0	0	0	0	0	0	0	0	0	0	0	0	0	0	0	0	0	0	0	0	0	0	0	0	0	0	0	0	0	0	0	0	0	0	0	0	0	0	0
8000000.0001	0	0	0	0	0	0	0	0	0	0	0	0	0	0	0	0	0	0	0	0	0	0	0	0	0	0	0	0	0	0	0	0	0	0	0	0	0	0	0	0	0	0	0	0	0	0	0	0	0	0	0	0	0	0	0	0	0	0	0	0	0	0	0	0	0	0	0	0	0	0	0	0	0	0	0	0	0	0	0	0	0	0	0	0	0	0	0	0	0	0	0	0	0	0	0	0	0	0	0	0
8000000.0001	0	0	0	0	0	0	0	0	0	0	0	0	0	0	0	0	0	0	0	0	0	0	0	0	0	0	0	0	0	0	0	0	0	0	0	0	0	0	0	0	0	0	0	0	0	0	0	0	0	0	0	0	0	0	0	0	0	0	0	0	0	0	0	0	0	0	0	0	0	0	0	0	0	0	0	0	0	0	0	0	0	0	0	0	0	0	0	0	0	0	0	0	0	0	0	0	0	0	0	0
8000000.0001	0	0	0	0	0	0	0	0	0	0	0	0	0	0	0	0	0	0	0	0	0	0	0	0	0	0	0	0	0	0	0	0	0	0	0	0	0	0	0	0	0	0	0	0	0	0	0	0	0	0	0	0	0	0	0	0	0	0	0	0	0	0	0	0	0	0	0	0	0	0	0	0	0	0	0	0	0	0	0	0	0	0	0	0	0	0	0	0	0	0	0	0	0	0	0	0	0	0	0	0
8000000.0001	0	0	0	0	0	0	0	0	0	0	0	0	0	0	0	0	0	0	0	0	0	0	0	0	0	0	0	0	0	0	0	0	0	0	0	0	0	0	0	0	0	0	0	0	0	0	0	0	0	0	0	0	0	0	0	0	0	0	0	0	0	0	0	0	0	0	0	0	0	0	0	0	0	0	0	0	0	0	0	0	0	0	0	0	0	0	0	0	0	0	0	0	0	0	0	0	0	0	0	0
8000000.0001	0	0	0	0	0	0	0	0	0	0	0	0	0	0	0	0	0	0	0	0	0	0	0	0	0	0	0	0	0	0	0	0	0	0	0	0	0	0	0	0	0	0	0	0	0	0	0	0	0	0	0	0	0	0	0	0	0	0	0	0	0	0	0	0	0	0	0	0	0	0	0	0	0	0	0	0	0	0	0	0	0	0	0	0	0	0	0	0	0	0	0	0	0	0	0	0	0	0	0	0
8000000.0001	0	0	0	0	0	0	0	0	0	0	0	0	0	0	0	0	0	0	0	0	0	0	0	0	0	0	0	0	0	0	0	0	0	0	0	0	0	0	0	0	0	0	0	0	0	0	0	0	0	0	0	0	0	0	0	0	0	0	0	0	0	0	0	0	0	0	0	0	0	0	0	0	0	0	0	0	0	0	0	0	0	0	0	0	0	0	0	0	0	0	0	0	0	0	0	0	0	0	0	0
8000000.0001	0	0	0	0	0	0	0	0	0	0	0	0	0	0	0	0	0	0	0	0	0	0	0	0	0	0	0	0	0	0	0	0	0	0	0	0	0	0	0	0	0	0	0	0	0	0	0	0	0	0	0	0	0	0	0	0	0	0	0	0	0	0	0	0	0	0	0	0	0	0	0	0	0	0	0	0	0	0	0	0	0	0	0	0	0	0	0	0	0	0	0	0	0	0	0	0	0	0	0	0
8000000.0001	0	0	0	0	0	0	0	0	0	0	0	0	0	0	0	0	0	0	0	0	0	0	0	0	0	0	0	0	0	0	0	0	0	0	0	0	0	0	0	0	0	0	0	0	0	0	0	0	0	0	0	0	0	0	0	0	0	0	0	0	0	0	0	0	0	0	0	0	0	0	0	0	0	0	0	0	0	0	0	0	0	0	0	0	0	0	0	0	0	0	0	0	0	0	0	0	0	0	0	0
8000000.0001	0	0	0	0	0	0	0	0	0	0	0	0	0	0	0	0	0	0	0	0	0	0	0	0	0	0	0	0	0	0	0	0	0	0	0	0	0	0	0	0	0	0	0	0	0	0	0	0	0	0	0	0	0	0	0	0	0	0	0	0	0	0	0	0	0	0	0	0	0	0	0	0	0	0	0	0	0	0	0	0	0	0	0	0	0	0	0	0	0	0	0	0	0	0	0	0	0	0	0	0
8000000.0001	0	0	0	0	0	0	0	0	0	0	0	0	0	0	0	0	0	0	0	0	0	0	0	0	0	0	0	0	0	0	0	0	0	0	0	0	0	0	0	0	0	0	0	0	0	0	0	0	0	0	0	0	0	0	0	0	0	0	0	0	0	0	0	0	0	0	0	0	0	0	0	0	0	0	0	0	0	0	0	0	0	0	0	0	0	0	0	0	0	0	0	0	0	0	0	0	0	0	0	0
8000000.0001	0	0	0	0	0	0	0	0	0	0	0	0	0	0	0	0	0	0	0	0	0	0	0	0	0	0	0	0	0	0	0	0	0	0	0	0	0	0	0	0	0	0	0	0	0	0	0	0	0	0	0	0	0	0	0	0	0	0	0	0	0	0	0	0	0	0	0	0	0	0	0	0	0	0	0	0	0	0	0	0	0	0	0	0	0	0	0	0	0	0	0	0	0	0	0	0	0	0	0	0
8000000.0001	0	0	0	0	0	0	0	0	0	0	0	0	0	0	0	0	0	0	0	0	0	0	0	0	0	0	0	0	0	0	0	0	0	0	0	0	0	0	0	0	0	0	0	0	0	0	0	0	0	0	0	0	0	0	0	0	0	0	0	0	0	0	0	0	0	0	0	0	0	0	0	0	0	0	0	0	0	0	0	0	0	0	0	0	0	0	0	0	0	0	0	0	0	0	0	0	0	0	0	0
8000000.0001	0	0	0	0	0	0	0	0	0	0	0	0	0	0	0	0	0	0	0	0	0	0	0	0	0	0	0	0	0	0	0	0	0	0	0	0	0	0	0	0	0	0	0	0	0	0	0	0	0	0	0	0	0	0	0	0	0	0	0	0	0	0	0	0	0	0	0	0	0	0	0	0	0	0	0	0	0	0	0	0	0	0	0	0	0	0	0	0	0	0	0	0	0	0	0	0	0	0	0	0
8000000.0001	0	0	0	0	0	0	0	0	0	0	0	0	0	0	0	0	0	0	0	0	0	0	0	0	0	0	0	0	0	0	0	0	0	0	0	0	0	0	0	0	0	0	0	0	0	0	0	0	0	0	0	0	0	0	0	0	0	0	0	0	0	0	0	0	0	0	0	0	0	0	0	0	0	0	0	0	0	0	0	0	0	0	0	0	0	0	0	0	0	0	0	0	0	0	0	0	0	0	0	0
8000000.0001	0	0	0	0	0	0	0	0	0	0	0	0	0	0	0	0	0	0	0	0	0	0	0	0	0	0	0	0	0	0	0	0	0	0	0	0	0	0	0	0	0	0	0	0	0	0	0	0	0	0	0	0	0	0	0	0	0	0	0	0	0	0	0	0	0	0	0	0	0	0	0	0	0	0	0	0	0	0	0	0	0	0	0	0	0	0	0	0	0	0	0	0	0	0	0	0	0	0	0	0
8000000.0001	0	0	0	0	0	0	0	0	0	0	0	0	0	0	0	0	0	0	0	0	0	0	0	0	0	0	0	0	0	0	0	0	0	0	0	0	0	0	0	0	0	0	0	0	0	0	0	0	0	0	0	0	0	0	0	0	0	0	0	0	0	0	0	0	0	0	0	0	0	0	0	0	0	0	0	0	0	0	0	0	0	0	0	0	0	0	0	0	0	0	0	0	0	0	0	0	0	0	0	0
8000000.0001	0	0	0	0	0	0	0	0	0	0	0	0	0	0	0	0	0	0	0	0	0	0	0	0	0	0	0	0	0	0	0	0	0	0	0	0	0	0	0	0	0	0	0	0	0	0	0	0	0	0	0	0	0	0	0	0	0	0	0	0	0	0	0	0	0	0	0	0	0	0	0	0	0	0	0	0	0	0	0	0	0	0	0	0	0	0	0	0	0	0	0	0	0	0	0	0	0	0	0	0
8000000.0001	0	0	0	0	0	0	0	0	0	0	0	0	0	0	0	0	0	0	0	0	0	0	0	0	0	0	0	0	0	0	0	0	0	0	0	0	0	0	0	0	0	0	0	0	0	0	0	0	0	0	0	0	0	0	0	0	0	0	0	0	0	0	0	0	0	0	0	0	0	0	0	0	0	0	0	0	0	0	0	0	0	0	0	0	0	0	0	0	0	0	0	0	0	0	0	0	0	0	0	0
8000000.0001	0	0	0	0	0	0	0	0	0	0	0	0	0	0	0	0	0	0	0	0	0	0	0	0	0	0	0	0	0	0	0	0	0	0	0	0	0	0	0	0	0	0	0	0	0	0	0	0	0	0	0	0	0	0	0	0	0	0	0	0	0	0	0	0	0	0	0	0	0	0	0	0	0	0	0	0	0	0	0	0	0	0	0	0	0	0	0	0	0	0	0	0	0	0	0	0	0	0	0	0
8000000.0001	0	0	0	0	0	0	0	0	0	0	0	0	0	0	0	0	0	0	0	0	0	0	0	0	0	0	0	0	0	0	0	0	0	0	0	0	0	0	0	0	0	0	0	0	0	0	0	0	0	0	0	0	0	0	0	0	0	0	0	0	0	0	0	0	0	0	0	0	0	0	0	0	0	0	0	0	0	0	0	0	0	0	0	0	0	0	0	0	0	0	0	0	0	0	0	0	0	0	0	0
8000000.0001	0	0	0	0	0	0	0	0	0	0	0	0	0	0	0	0	0	0	0	0	0	0	0	0	0	0	0	0	0	0	0	0	0	0	0	0	0	0	0	0	0	0	0	0	0	0	0	0	0	0	0	0	0	0	0	0	0	0	0	0	0	0	0	0	0	0	0	0	0	0	0	0	0	0	0	0	0	0	0	0	0	0	0	0	0	0	0	0	0	0	0	0	0	0	0	0	0	0	0	0
8000000.0001	0	0	0	0	0	0	0	0	0	0	0	0	0	0	0	0	0	0	0	0	0	0	0	0	0	0	0	0	0	0	0	0	0	0	0	0	0	0	0	0	0	0	0	0	0	0	0	0	0	0	0	0	0	0	0	0	0	0	0	0	0	0	0	0	0	0	0	0	0	0	0	0	0	0	0	0	0	0	0	0	0	0	0	0	0	0	0	0	0	0	0	0	0	0	0	0	0	0	0	0
8000000.0001	0	0	0	0	0	0	0	0	0	0	0	0	0	0	0	0	0	0	0	0	0	0	0	0	0	0	0	0	0	0	0	0	0	0	0	0	0	0	0	0	0	0	0	0	0	0	0	0	0	0	0	0	0	0	0	0	0	0	0	0	0	0	0	0	0	0	0	0	0	0	0	0	0	0	0	0	0	0	0	0	0	0	0	0	0	0	0	0	0	0	0	0	0	0	0	0	0	0	0	0
8000000.0001	0	0	0	0	0	0	0	0	0	0	0	0	0	0	0	0	0	0	0	0	0	0	0	0	0	0	0	0	0	0	0	0	0	0	0	0	0	0	0	0	0	0	0	0	0	0	0	0	0	0	0	0	0	0	0	0	0	0	0	0	0	0	0	0	0	0	0	0	0	0	0	0	0	0	0	0	0	0	0	0	0	0	0	0	0	0	0	0	0	0	0	0	0	0	0	0	0	0	0	0
8000000.0001	0	0	0	0	0	0	0	0	0	0	0	0	0	0	0	0	0	0	0	0	0	0	0	0	0	0	0	0	0	0	0	0	0	0	0	0	0	0	0	0	0	0	0	0	0	0	0	0	0	0	0	0	0	0	0	0	0	0	0	0	0	0	0	0	0	0	0	0	0	0	0	0	0	0	0	0	0	0	0	0	0	0	0	0	0	0	0	0	0	0	0	0	0	0	0	0	0	0	0	0
8000000.0001	0	0	0	0	0	0	0	0	0	0	0	0	0	0	0	0	0	0	0	0	0	0	0	0	0	0	0	0	0	0	0	0	0	0	0	0	0	0	0	0	0	0	0	0	0	0	0	0	0	0	0	0	0	0	0	0	0	0	0	0	0	0	0	0	0	0	0	0	0	0	0	0	0	0	0	0	0	0	0	0	0	0	0	0	0	0	0	0	0	0	0	0	0	0	0	0	0	0	0	0
8000000.0001	0	0	0	0	0	0	0	0	0	0	0	0	0	0	0	0	0	0	0	0	0	0	0	0	0	0	0	0	0	0	0	0	0	0	0	0	0	0	0	0	0	0	0	0	0	0	0	0	0	0	0	0	0	0	0	0	0	0	0	0	0	0	0	0	0	0	0	0	0	0	0	0	0	0	0	0	0	0	0	0	0	0	0	0	0	0	0	0	0	0	0	0	0	0	0	0	0	0	0	0
8000000.0001	0	0	0	0	0	0	0	0	0	0	0	0	0	0	0	0	0	0	0	0	0	0	0	0	0	0	0	0	0	0	0	0	0	0	0	0	0	0	0	0	0	0	0	0	0	0	0	0	0	0	0	0	0	0	0	0	0	0	0	0	0	0	0	0	0	0	0	0	0	0	0	0	0	0	0	0	0	0	0	0	0	0	0	0	0	0	0	0	0	0	0	0	0	0	0	0	0	0	0	0
8000000.0001	0	0	0	0	0	0	0	0	0	0	0	0	0	0	0	0	0	0	0	0	0	0	0	0	0	0	0	0	0	0	0	0	0	0	0	0	0	0	0	0	0	0	0	0	0	0	0	0	0	0	0	0	0	0	0	0	0	0	0	0	0	0	0	0	0	0	0	0	0	0	0	0	0	0	0	0	0	0	0	0	0	0	0	0	0	0	0	0	0	0	0	0	0	0	0	0	0	0	0	0
8000000.0001	0	0	0	0	0	0	0	0	0	0	0	0	0	0	0	0	0	0	0	0	0	0	0	0	0	0	0	0	0	0	0	0	0	0	0	0	0	0	0	0	0	0	0	0	0	0	0	0	0	0	0	0	0	0	0	0	0	0	0	0	0	0	0	0	0	0	0	0	0	0	0	0	0	0	0	0	0	0	0	0	0	0	0	0	0	0	0	0	0	0	0	0	0	0	0	0	0	0	0	0
8000000.0001	0	0	0	0	0	0	0	0	0	0	0	0	0	0	0	0	0	0	0	0	0	0	0	0	0	0	0	0	0	0	0	0	0	0	0	0	0	0	0	0	0	0	0	0	0	0	0	0	0	0	0	0	0	0	0	0	0	0	0	0	0	0	0	0	0	0	0	0	0	0	0	0	0	0	0	0	0	0	0	0	0	0	0	0	0	0	0	0	0	0	0	0	0	0	0	0	0	0	0	0
8000000.0001	0	0	0	0	0	0	0	0	0	0	0	0	0	0	0	0	0	0	0	0	0	0	0	0	0	0	0	0	0	0	0	0	0	0	0	0	0	0	0	0	0	0	0	0	0	0	0	0	0	0	0	0	0	0	0	0	0	0	0	0	0	0	0	0	0	0	0	0	0	0	0	0	0	0	0	0	0	0	0	0	0	0	0	0	0	0	0	0	0	0	0	0	0	0	0	0	0	0	0	0
8000000.0001	0	0	0	0	0	0	0	0	0	0	0	0	0	0	0	0	0	0	0	0	0	0	0	0	0	0	0	0	0	0	0	0	0	0	0	0	0	0	0	0	0	0	0	0	0	0	0	0	0	0	0	0	0	0	0	0	0	0	0	0	0	0	0	0	0	0	0	0	0	0	0	0	0	0	0	0	0	0	0	0	0	0	0	0	0	0	0	0	0	0	0	0	0	0	0	0	0	0	0	0
8000000.0001	0	0	0	0	0	0	0	0	0	0	0	0	0	0	0	0	0	0	0	0	0	0	0	0	0	0	0	0	0	0	0	0	0	0	0	0	0	0	0	0	0	0	0	0	0	0	0	0	0	0	0	0	0	0	0	0	0	0	0	0	0	0	0	0	0	0	0	0	0	0	0	0	0	0	0	0	0	0	0	0	0	0	0	0	0	0	0	0	0	0	0	0	0	0	0	0	0	0	0	0
8000000.0001	0	0	0	0	0	0	0	0	0	0	0	0	0	0	0	0	0	0	0	0	0	0	0	0	0	0	0	0	0	0	0	0	0	0	0	0	0	0	0	0	0	0	0	0	0	0	0	0	0	0	0	0	0	0	0	0	0	0	0	0	0	0	0	0	0	0	0	0	0	0	0	0	0	0	0	0	0	0	0	0	0	0	0	0	0	0	0	0	0	0	0	0	0	0	0	0	0	0	0	0
8000000.0001	0	0	0	0	0	0	0	0	0	0	0	0	0	0	0	0	0	0	0	0	0	0	0	0	0	0	0	0	0	0	0	0	0	0	0	0	0	0	0	0	0	0	0	0	0	0	0	0	0	0	0	0	0	0	0	0	0	0	0	0	0	0	0	0	0	0	0	0	0	0	0	0	0	0	0	0	0	0	0	0	0	0	0	0	0	0	0	0	0	0	0	0	0	0	0	0	0	0	0	0
8000000.0001	0	0	0	0	0	0	0	0	0	0	0	0	0	0	0	0	0	0	0	0	0	0	0	0	0	0	0	0	0	0	0	0	0	0	0	0	0	0	0	0	0	0	0	0	0	0	0	0	0	0	0	0	0	0	0	0	0	0	0	0	0	0	0	0	0	0	0	0	0	0	0	0	0	0	0	0	0	0	0	0	0	0	0	0	0	0	0	0	0	0	0	0	0	0	0	0	0	0	0	0
8000000.0001	0	0	0	0	0	0	0	0	0	0	0	0	0	0	0	0	0	0	0	0	0	0	0	0	0	0	0	0	0	0	0	0	0	0	0	0	0	0	0	0	0	0	0	0	0	0	0	0	0	0	0	0	0	0	0	0	0	0	0	0	0	0	0	0	0	0	0	0	0	0	0	0	0	0	0	0	0	0	0	0	0	0	0	0	0	0	0	0	0	0	0	0	0	0	0	0	0	0	0	0
8000000.0001	0	0	0	0	0	0	0	0	0	0	0	0	0	0	0	0	0	0	0	0	0	0	0	0	0	0	0	0	0	0	0	0	0	0	0	0	0	0	0	0	0	0	0	0	0	0	0	0	0	0	0	0	0	0	0	0	0	0	0	0	0	0	0	0	0	0	0	0	0	0	0	0	0	0	0	0	0	0	0	0	0	0	0	0	0	0	0	0	0	0	0	0	0	0	0	0	0	0	0	0
8000000.0001	0	0	0	0	0	0	0	0	0	0	0	0	0	0	0	0	0	0	0	0	0	0	0	0	0	0	0	0	0	0	0	0	0	0	0	0	0	0	0	0	0	0	0	0	0	0	0	0	0	0	0	0	0	0	0	0	0	0	0	0	0	0	0	0	0	0	0	0	0	0	0	0	0	0	0	0	0	0	0	0	0	0	0	0	0	0	0	0	0	0	0	0	0	0	0	0	0	0	0	0
8000000.0001	0	0	0	0	0	0	0	0	0	0	0	0	0	0	0	0	0	0	0	0	0	0	0	0	0	0	0	0	0	0	0	0	0	0	0	0	0	0	0	0	0	0	0	0	0	0	0	0	0	0	0	0	0	0	0	0	0	0	0	0	0	0	0	0	0	0	0	0	0	0	0	0	0	0	0	0	0	0	0	0	0	0	0	0	0	0	0	0	0	0	0	0	0	0	0	0	0	0	0	0
8000000.0001	0	0	0	0	0	0	0	0	0	0	0	0	0	0	0	0	0	0	0	0	0	0	0	0	0	0	0	0	0	0	0	0	0	0	0	0	0	0	0	0	0	0	0	0	0	0	0	0	0	0	0	0	0	0	0	0	0	0	0	0	0	0	0	0	0	0	0	0	0	0	0	0	0	0	0	0	0	0	0	0	0	0	0	0	0	0	0	0	0	0	0	0	0	0	0	0	0	0	0	0
8000000.0001	0	0	0	0	0	0	0	0	0	0	0	0	0	0	0	0	0	0	0	0	0	0	0	0	0	0	0	0	0	0	0	0	0	0	0	0	0	0	0	0	0	0	0	0	0	0	0	0	0	0	0	0	0	0	0	0	0	0	0	0	0	0	0	0	0	0	0	0	0	0	0	0	0	0	0	0	0	0	0	0	0	0	0	0	0	0	0	0	0	0	0	0	0	0	0	0	0	0	0	0
8000000.0001	0	0	0	0	0	0	0	0	0	0	0	0	0	0	0	0	0	0	0	0	0	0	0	0	0	0	0	0	0	0	0	0	0	0	0	0	0	0	0	0	0	0	0	0	0	0	0	0	0	0	0	0	0	0	0	0	0	0	0	0	0	0	0	0	0	0	0	0	0	0	0	0	0	0	0	0	0	0	0	0	0	0	0	0	0	0	0	0	0	0	0	0	0	0	0	0	0	0	0	0
8000000.0001	0	0	0	0	0	0	0	0	0	0	0	0	0	0	0	0	0	0	0	0	0	0	0	0	0	0	0	0	0	0	0	0	0	0	0	0	0	0	0	0	0	0	0	0	0	0	0	0	0	0	0	0	0	0	0	0	0	0	0	0	0	0	0	0	0	0	0	0	0	0	0	0	0	0	0	0	0	0	0	0	0	0	0	0	0	0	0	0	0	0	0	0	0	0	0	0	0	0	0	0
8000000.0001	0	0	0	0	0	0	0	0	0	0	0	0	0	0	0	0	0	0	0	0	0	0	0	0	0	0	0	0	0	0	0	0	0	0	0	0	0	0	0	0	0	0	0	0	0	0	0	0	0	0	0	0	0	0	0	0	0	0	0	0	0	0	0	0	0	0	0	0	0	0	0	0	0	0	0	0	0	0	0	0	0	0	0	0	0	0	0	0	0	0	0	0	0	0	0	0	0	0	0	0
8000000.0001	0	0	0	0	0	0	0	0	0	0	0	0	0	0	0	0	0	0	0	0	0	0	0	0	0	0	0	0	0	0	0	0	0	0	0	0	0	0	0	0	0	0	0	0	0	0	0	0	0	0	0	0	0	0	0	0	0	0	0	0	0	0	0	0	0	0	0	0	0	0	0	0	0	0	0	0	0	0	0	0	0	0	0	0	0	0	0	0	0	0	0	0	0	0	0	0	0	0	0	0
8000000.0001	0	0	0	0	0	0	0	0	0	0	0	0	0	0	0	0	0	0	0	0	0	0	0	0	0	0	0	0	0	0	0	0	0	0	0	0	0	0	0	0	0	0	0	0	0	0	0	0	0	0	0	0	0	0	0	0	0	0	0	0	0	0	0	0	0	0	0	0	0	0	0	0	0	0	0	0	0	0	0	0	0	0	0	0	0	0	0	0	0	0	0	0	0	0	0	0	0	0	0	0
8000000.0001	0	0	0	0	0	0	0	0	0	0	0	0	0	0	0	0	0	0	0	0	0	0	0	0	0	0	0	0	0	0	0	0	0	0	0	0	0	0	0	0	0	0	0	0	0	0	0	0	0	0	0	0	0	0	0	0	0	0	0	0	0	0	0	0	0	0	0	0	0	0	0	0	0	0	0	0	0	0	0	0	0	0	0	0	0	0	0	0	0	0	0	0	0	0	0	0	0	0	0	0
8000000.0001	0	0	0	0	0	0	0	0	0	0	0	0	0	0	0	0	0	0	0	0	0	0	0	0	0	0	0	0	0	0	0	0	0	0	0	0	0	0	0	0	0	0	0	0	0	0	0	0	0	0	0	0	0	0	0	0	0	0	0	0	0	0	0	0	0	0	0	0	0	0	0	0	0	0	0	0	0	0	0	0	0	0	0	0	0	0	0	0	0	0	0	0	0	0	0	0	0	0	0	0
8000000.0001	0	0	0	0	0	0	0	0	0	0	0	0	0	0	0	0	0	0	0	0	0	0	0	0	0	0	0	0	0	0	0	0	0	0	0	0	0	0	0	0	0	0	0	0	0	0	0	0	0	0	0	0	0	0	0	0	0	0	0	0	0	0	0	0	0	0	0	0	0	0	0	0	0	0	0	0	0	0	0	0	0	0	0	0	0	0	0	0	0	0	0	0	0	0	0	0	0	0	0	0
8000000.0001	0	0	0	0	0	0	0	0	0	0	0	0	0	0	0	0	0	0	0	0	0	0	0	0	0	0	0	0	0	0	0	0	0	0	0	0	0	0	0	0	0	0	0	0	0	0	0	0	0	0	0	0	0	0	0	0	0	0	0	0	0	0	0	0	0	0	0	0	0	0	0	0	0	0	0	0	0	0	0	0	0	0	0	0	0	0	0	0	0	0	0	0	0	0	0	0	0	0	0	0
8000000.0001	0	0	0	0	0	0	0	0	0	0	0	0	0	0	0	0	0	0	0	0	0	0	0	0	0	0	0	0	0	0	0	0	0	0	0	0	0	0	0	0	0	0	0	0	0	0	0	0	0	0	0	0	0	0	0	0	0	0	0	0	0	0	0	0	0	0	0	0	0	0	0	0	0	0	0	0	0	0	0	0	0	0	0	0	0	0	0	0	0	0	0	0	0	0	0	0	0	0	0	0
8000000.0001	0	0	0	0	0	0	0	0	0	0	0	0	0	0	0	0	0	0	0	0	0	0	0	0	0	0	0	0	0	0	0	0	0	0	0	0	0	0	0	0	0	0	0	0	0	0	0	0	0	0	0	0	0	0	0	0	0	0	0	0	0	0	0	0	0	0	0	0	0	0	0	0	0	0	0	0	0	0	0	0	0	0	0	0	0	0	0	0	0	0	0	0	0	0	0	0	0	0	0	0
8000000.0001	0	0	0	0	0	0	0	0	0	0	0	0	0	0	0	0	0	0	0	0	0	0	0	0	0	0	0	0	0	0	0	0	0	0	0	0	0	0	0	0	0	0	0	0	0	0	0	0	0	0	0	0	0	0	0	0	0	0	0	0	0	0	0	0	0	0	0	0	0	0	0	0	0	0	0	0	0	0	0	0	0	0	0	0	0	0	0	0	0	0	0	0	0	0	0	0	0	0	0	0
8000000.0001	0	0	0	0	0	0	0	0	0	0	0	0	0	0	0	0	0	0	0	0	0	0	0	0	0	0	0	0	0	0	0	0	0	0	0	0	0	0	0	0	0	0	0	0	0	0	0	0	0	0	0	0	0	0	0	0	0	0	0	0	0	0	0	0	0	0	0	0	0	0	0	0	0	0	0	0	0	0	0	0	0	0	0	0	0	0	0	0	0	0	0	0	0	0	0	0	0	0	0	0
8000000.0001	0	0	0	0	0	0	0	0	0	0	0	0	0	0	0	0	0	0	0	0	0	0	0	0	0	0	0	0	0	0	0	0	0	0	0	0	0	0	0	0	0	0	0	0	0	0	0	0	0	0	0	0	0	0	0	0	0	0	0	0	0	0	0	0	0	0	0	0	0	0	0	0	0	0	0	0	0	0	0	0	0	0	0	0	0	0	0	0	0	0	0	0	0	0	0	0	0	0	0	0
8000000.0001	0	0	0	0	0	0	0	0	0	0	0	0	0	0	0	0	0	0	0	0	0	0	0	0	0	0	0	0	0	0	0	0	0	0	0	0	0	0	0	0	0	0	0	0	0	0	0	0	0	0	0	0	0	0	0	0	0	0	0	0	0	0	0	0	0	0	0	0	0	0	0	0	0	0	0	0	0	0	0	0	0	0	0	0	0	0	0	0	0	0	0	0	0	0	0	0	0	0	0	0
8000000.0001	0	0	0	0	0	0	0	0	0	0	0	0	0	0	0	0	0	0	0	0	0	0	0	0	0	0	0	0	0	0	0	0	0	0	0	0	0	0	0	0	0	0	0	0	0	0	0	0	0	0	0	0	0	0	0	0	0	0	0	0	0	0	0	0	0	0	0	0	0	0	0	0	0	0	0	0	0	0	0	0	0	0	0	0	0	0	0	0	0	0	0	0	0	0	0	0	0	0	0	0
8000000.0001	0	0	0	0	0	0	0	0	0	0	0	0	0	0	0	0	0	0	0	0	0	0	0	0	0	0	0	0	0	0	0	0	0	0	0	0	0	0	0	0	0	0	0	0	0	0	0	0	0	0	0	0	0	0	0	0	0	0	0	0	0	0	0	0	0	0	0	0	0	0	0	0	0	0	0	0	0	0	0	0	0	0	0	0	0	0	0	0	0	0	0	0	0	0	0	0	0	0	0	0
8000000.0001	0	0	0	0	0	0	0	0	0	0	0	0	0	0	0	0	0	0	0	0	0	0	0	0	0	0	0	0	0	0	0	0	0	0	0	0	0	0	0	0	0	0	0	0	0	0	0	0	0	0	0	0	0	0	0	0	0	0	0	0	0	0	0	0	0	0	0	0	0	0	0	0	0	0	0	0	0	0	0	0	0	0	0	0	0	0	0	0	0	0	0	0	0	0	0	0	0	0	0	0
8000000.0001	0	0	0	0	0	0	0	0	0	0	0	0	0	0	0	0	0	0	0	0	0	0	0	0	0	0	0	0	0	0	0	0	0	0	0	0	0	0	0	0	0	0	0	0	0	0	0	0	0	0	0	0	0	0	0	0	0	0	0	0	0	0	0	0	0	0	0	0	0	0	0	0	0	0	0	0	0	0	0	0	0	0	0	0	0	0	0	0	0	0	0	0	0	0	0	0	0	0	0	0
8000000.0001	0	0	0	0	0	0	0	0	0	0	0	0	0	0	0	0	0	0	0	0	0	0	0	0	0	0	0	0	0	0	0	0	0	0	0	0	0	0	0	0	0	0	0	0	0	0	0	0	0	0	0	0	0	0	0	0	0	0	0	0	0	0	0	0	0	0	0	0	0	0	0	0	0	0	0	0	0	0	0	0	0	0	0	0	0	0	0	0	0	0	0	0	0	0	0	0	0	0	0	0
8000000.0001	0	0	0	0	0	0	0	0	0	0	0	0	0	0	0	0	0	0	0	0	0	0	0	0	0	0	0	0	0	0	0	0	0	0	0	0	0	0	0	0	0	0	0	0	0	0	0	0	0	0	0	0	0	0	0	0	0	0	0	0	0	0	0	0	0	0	0	0	0	0	0	0	0	0	0	0	0	0	0	0	0	0	0	0	0	0	0	0	0	0	0	0	0	0	0	0	0	0	0	0
8000000.0001	0	0	0	0	0	0	0	0	0	0	0	0	0	0	0	0	0	0	0	0	0	0	0	0	0	0	0	0	0	0	0	0	0	0	0	0	0	0	0	0	0	0	0	0	0	0	0	0	0	0	0	0	0	0	0	0	0	0	0	0	0	0	0	0	0	0	0	0	0	0	0	0	0	0	0	0	0	0	0	0	0	0	0	0	0	0	0	0	0	0	0	0	0	0	0	0	0	0	0	0
8000000.0001	0	0	0	0	0	0	0	0	0	0	0	0	0	0	0	0	0	0	0	0	0	0	0	0	0	0	0	0	0	0	0	0	0	0	0	0	0	0	0	0	0	0	0	0	0	0	0	0	0	0	0	0	0	0	0	0	0	0	0	0	0	0	0	0	0	0	0	0	0	0	0	0	0	0	0	0	0	0	0	0	0	0	0	0	0	0	0	0	0	0	0	0	0	0	0	0	0	0	0	0
8000000.0001	0	0	0	0	0	0	0	0	0	0	0	0	0	0	0	0	0	0	0	0	0	0	0	0	0	0	0	0	0	0	0	0	0	0	0	0	0	0	0	0	0	0	0	0	0	0	0	0	0	0	0	0	0	0	0	0	0	0	0	0	0	0	0	0	0	0	0	0	0	0	0	0	0	0	0	0	0	0	0	0	0	0	0	0	0	0	0	0	0	0	0	0	0	0	0	0	0	0	0	0
8000000.0001	0	0	0	0	0	0	0	0	0	0	0	0	0	0	0	0	0	0	0	0	0	0	0	0	0	0	0	0	0	0	0	0	0	0	0	0	0	0	0	0	0	0	0	0	0	0	0	0	0	0	0	0	0	0	0	0	0	0	0	0	0	0	0	0	0	0	0	0	0	0	0	0	0	0	0	0	0	0	0	0	0	0	0	0	0	0	0	0	0	0	0	0	0	0	0	0	0	0	0	0
8000000.0001	0	0	0	0	0	0	0	0	0	0	0	0	0	0	0	0	0	0	0	0	0	0	0	0	0	0	0	0	0	0	0	0	0	0	0	0	0	0	0	0	0	0	0	0	0	0	0	0	0	0	0	0	0	0	0	0	0	0	0	0	0	0	0	0	0	0	0	0	0	0	0	0	0	0	0	0	0	0	0	0	0	0	0	0	0	0	0	0	0	0	0	0	0	0	0	0	0	0	0	0
8000000.0001	0	0	0	0	0	0	0	0	0	0	0	0	0	0	0	0	0	0	0	0	0	0	0	0	0	0	0	0	0	0	0	0	0	0	0	0	0	0	0	0	0	0	0	0	0	0	0	0	0	0	0	0	0	0	0	0	0	0	0	0	0	0	0	0	0	0	0	0	0	0	0	0	0	0	0	0	0	0	0	0	0	0	0	0	0	0	0	0	0	0	0	0	0	0	0	0	0	0	0	0
8000000.0001	0	0	0	0	0	0	0	0	0	0	0	0	0	0	0	0	0	0	0	0	0	0	0	0	0	0	0	0	0	0	0	0	0	0	0	0	0	0	0	0	0	0	0	0	0	0	0	0	0	0	0	0	0	0	0	0	0	0	0	0	0	0	0	0	0	0	0	0	0	0	0	0	0	0	0	0	0	0	0	0	0	0	0	0	0	0	0	0	0	0	0	0	0	0	0	0	0	0	0	0
8000000.0001	0	0	0	0	0	0	0	0	0	0	0	0	0	0	0	0	0	0	0	0	0	0	0	0	0	0	0	0	0	0	0	0	0	0	0	0	0	0	0	0	0	0	0	0	0	0	0	0	0	0	0	0	0	0	0	0	0	0	0	0	0	0	0	0	0	0	0	0	0	0	0	0	0	0	0	0	0	0	0	0	0	0	0	0	0	0	0	0	0	0	0	0	0	0	0	0	0	0	0	0
8000000.0001	0	0	0	0	0	0	0	0	0	0	0	0	0	0	0	0	0	0	0	0	0	0	0	0	0	0	0	0	0	0	0	0	0	0	0	0	0	0	0	0	0	0	0	0	0	0	0	0	0	0	0	0	0	0	0	0	0	0	0	0	0	0	0	0	0	0	0	0	0	0	0	0	0	0	0	0	0	0	0	0	0	0	0	0	0	0	0	0	0	0	0	0	0	0	0	0	0	0	0	0
8000000.0001	0	0	0	0	0	0	0	0	0	0	0	0	0	0	0	0	0	0	0	0	0	0	0	0	0	0	0	0	0	0	0	0	0	0	0	0	0	0	0	0	0	0	0	0	0	0	0	0	0	0	0	0	0	0	0	0	0	0	0	0	0	0	0	0	0	0	0	0	0	0	0	0	0	0	0	0	0	0	0	0	0	0	0	0	0	0	0	0	0	0	0	0	0	0	0	0	0	0	0	0
8000000.0001	0	0	0	0	0	0	0	0	0	0	0	0	0	0	0	0	0	0	0	0	0	0	0	0	0	0	0	0	0	0	0	0	0	0	0	0	0	0	0	0	0	0	0	0	0	0	0	0	0	0	0	0	0	0	0	0	0	0	0	0	0	0	0	0	0	0	0	0	0	0	0	0	0	0	0	0	0	0	0	0	0	0	0	0	0	0	0	0	0	0	0	0	0	0	0	0	0	0	0	0
8000000.0001	0	0	0	0	0	0	0	0	0	0	0	0	0	0	0	0	0	0	0	0	0	0	0	0	0	0	0	0	0	0	0	0	0	0	0	0	0	0	0	0	0	0	0	0	0	0	0	0	0	0	0	0	0	0	0	0	0	0	0	0	0	0	0	0	0	0	0	0	0	0	0	0	0	0	0	0	0	0	0	0	0	0	0	0	0	0	0	0	0	0	0	0	0	0	0	0	0	0	0	0
8000000.0001	0	0	0	0	0	0	0	0	0	0	0	0	0	0	0	0	0	0	0	0	0	0	0	0	0	0	0	0	0	0	0	0	0	0	0	0	0	0	0	0	0	0	0	0	0	0	0	0	0	0	0	0	0	0	0	0	0	0	0	0	0	0	0	0	0	0	0	0	0	0	0	0	0	0	0	0	0	0	0	0	0	0	0	0	0	0	0	0	0	0	0	0	0	0	0	0	0	0	0	0
8000000.0001	0	0	0	0	0	0	0	0	0	0	0	0	0	0	0	0	0	0	0	0	0	0	0	0	0	0	0	0	0	0	0	0	0	0	0	0	0	0	0	0	0	0	0	0	0	0	0	0	0	0	0	0	0	0	0	0	0	0	0	0	0	0	0	0	0	0	0	0	0	0	0	0	0	0	0	0	0	0	0	0	0	0	0	0	0	0	0	0	0	0	0	0	0	0	0	0	0	0	0	0
8000000.0001	0	0	0	0	0	0	0	0	0	0	0	0	0	0	0	0	0	0	0	0	0	0	0	0	0	0	0	0	0	0	0	0	0	0	0	0	0	0	0	0	0	0	0	0	0	0	0	0	0	0	0	0	0	0	0	0	0	0	0	0	0	0	0	0	0	0	0	0	0	0	0	0	0	0	0	0	0	0	0	0	0	0	0	0	0	0	0	0	0	0	0	0	0	0	0	0	0	0	0	0
8000000.0001	0	0	0	0	0	0	0	0	0	0	0	0	0	0	0	0	0	0	0	0	0	0	0	0	0	0	0	0	0	0	0	0	0	0	0	0	0	0	0	0	0	0	0	0	0	0	0	0	0	0	0	0	0	0	0	0	0	0	0	0	0	0	0	0	0	0	0	0	0	0	0	0	0	0	0	0	0	0	0	0	0	0	0	0	0	0	0	0	0	0	0	0	0	0	0	0	0	0	0	0
8000000.0001	0	0	0	0	0	0	0	0	0	0	0	0	0	0	0	0	0	0	0	0	0	0	0	0	0	0	0	0	0	0	0	0	0	0	0	0	0	0	0	0	0	0	0	0	0	0	0	0	0	0	0	0	0	0	0	0	0	0	0	0	0	0	0	0	0	0	0	0	0	0	0	0	0	0	0	0	0	0	0	0	0	0	0	0	0	0	0	0	0	0	0	0	0	0	0	0	0	0	0	0
8000000.0001	0	0	0	0	0	0	0	0	0	0	0	0	0	0	0	0	0	0	0	0	0	0	0	0	0	0	0	0	0	0	0	0	0	0	0	0	0	0	0	0	0	0	0	0	0	0	0	0	0	0	0	0	0	0	0	0	0	0	0	0	0	0	0	0	0	0	0	0	0	0	0	0	0	0	0	0	0	0	0	0	0	0	0	0	0	0	0	0	0	0	0	0	0	0	0	0	0	0	0	0
8000000.0001	0	0	0	0	0	0	0	0	0	0	0	0	0	0	0	0	0	0	0	0	0	0	0	0	0	0	0	0	0	0	0	0	0	0	0	0	0	0	0	0	0	0	0	0	0	0	0	0	0	0	0	0	0	0	0	0	0	0	0	0	0	0	0	0	0	0	0	0	0	0	0	0	0	0	0	0	0	0	0	0	0	0	0	0	0	0	0	0	0	0	0	0	0	0	0	0	0	0	0	0
8000000.0001	0	0	0	0	0	0	0	0	0	0	0	0	0	0	0	0	0	0	0	0	0	0	0	0	0	0	0	0	0	0	0	0	0	0	0	0	0	0	0	0	0	0	0	0	0	0	0	0	0	0	0	0	0	0	0	0	0	0	0	0	0	0	0	0	0	0	0	0	0	0	0	0	0	0	0	0	0	0	0	0	0	0	0	0	0	0	0	0	0	0	0	0	0	0	0	0	0	0	0	0
8000000.0001	0	0	0	0	0	0	0	0	0	0	0	0	0	0	0	0	0	0	0	0	0	0	0	0	0	0	0	0	0	0	0	0	0	0	0	0	0	0	0	0	0	0	0	0	0	0	0	0	0	0	0	0	0	0	0	0	0	0	0	0	0	0	0	0	0	0	0	0	0	0	0	0	0	0	0	0	0	0	0	0	0	0	0	0	0	0	0	0	0	0	0	0	0	0	0	0	0	0	0	0
8000000.0001	0	0	0	0	0	0	0	0	0	0	0	0	0	0	0	0	0	0	0	0	0	0	0	0	0	0	0	0	0	0	0	0	0	0	0	0	0	0	0	0	0	0	0	0	0	0	0	0	0	0	0	0	0	0	0	0	0	0	0	0	0	0	0	0	0	0	0	0	0	0	0	0	0	0	0	0	0	0	0	0	0	0	0	0	0	0	0	0	0	0	0	0	0	0	0	0	0	0	0	0
8000000.0001	0	0	0	0	0	0	0	0	0	0	0	0	0	0	0	0	0	0	0	0	0	0	0	0	0	0	0	0	0	0	0	0	0	0	0	0	0	0	0	0	0	0	0	0	0	0	0	0	0	0	0	0	0	0	0	0	0	0	0	0	0	0	0	0	0	0	0	0	0	0	0	0	0	0	0	0	0	0	0	0	0	0	0	0	0	0	0	0	0	0	0	0	0	0	0	0	0	0	0	0
8000000.0001	0	0	0	0	0	0	0	0	0	0	0	0	0	0	0	0	0	0	0	0	0	0	0	0	0	0	0	0	0	0	0	0	0	0	0	0	0	0	0	0	0	0	0	0	0	0	0	0	0	0	0	0	0	0	0	0	0	0	0	0	0	0	0	0	0	0	0	0	0	0	0	0	0	0	0	0	0	0	0	0	0	0	0	0	0	0	0	0	0	0	0	0	0	0	0	0	0	0	0	0
8000000.0001	0	0	0	0	0	0	0	0	0	0	0	0	0	0	0	0	0	0	0	0	0	0	0	0	0	0	0	0	0	0	0	0	0	0	0	0	0	0	0	0	0	0	0	0	0	0	0	0	0	0	0	0	0	0	0	0	0	0	0	0	0	0	0	0	0	0	0	0	0	0	0	0	0	0	0	0	0	0	0	0	0	0	0	0	0	0	0	0	0	0	0	0	0	0	0	0	0	0	0	0
8000000.0001	0	0	0	0	0	0	0	0	0	0	0	0	0	0	0	0	0	0	0	0	0	0	0	0	0	0	0	0	0	0	0	0	0	0	0	0	0	0	0	0	0	0	0	0	0	0	0	0	0	0	0	0	0	0	0	0	0	0	0	0	0	0	0	0	0	0	0	0	0	0	0	0	0	0	0	0	0	0	0	0	0	0	0	0	0	0	0	0	0	0	0	0	0	0	0	0	0	0	0	0
8000000.0001	0	0	0	0	0	0	0	0	0	0	0	0	0	0	0	0	0	0	0	0	0	0	0	0	0	0	0	0	0	0	0	0	0	0	0	0	0	0	0	0	0	0	0	0	0	0	0	0	0	0	0	0	0	0	0	0	0	0	0	0	0	0	0	0	0	0	0	0	0	0	0	0	0	0	0	0	0	0	0	0	0	0	0	0	0	0	0	0	0	0	0	0	0	0	0	0	0	0	0	0
8000000.0001	0	0	0	0	0	0	0	0	0	0	0	0	0	0	0	0	0	0	0	0	0	0	0	0	0	0	0	0	0	0	0	0	0	0	0	0	0	0	0	0	0	0	0	0	0	0	0	0	0	0	0	0	0	0	0	0	0	0	0	0	0	0	0	0	0	0	0	0	0	0	0	0	0	0	0	0	0	0	0	0	0	0	0	0	0	0	0	0	0	0	0	0	0	0	0	0	0	0	0	0
8000000.0001	0	0	0	0	0	0	0	0	0	0	0	0	0	0	0	0	0	0	0	0	0	0	0	0	0	0	0	0	0	0	0	0	0	0	0	0	0	0	0	0	0	0	0	0	0	0	0	0	0	0	0	0	0	0	0	0	0	0	0	0	0	0	0	0	0	0	0	0	0	0	0	0	0	0	0	0	0	0	0	0	0	0	0	0	0	0	0	0	0	0	0	0	0	0	0	0	0	0	0	0
8000000.0001	0	0	0	0	0	0	0	0	0	0	0	0	0	0	0	0	0	0	0	0	0	0	0	0	0	0	0	0	0	0	0	0	0	0	0	0	0	0	0	0	0	0	0	0	0	0	0	0	0	0	0	0	0	0	0	0	0	0	0	0	0	0	0	0	0	0	0	0	0	0	0	0	0	0	0	0	0	0	0	0	0	0	0	0	0	0	0	0	0	0	0	0	0	0	0	0	0	0	0	0
8000000.0001	0	0	0	0	0	0	0	0	0	0	0	0	0	0	0	0	0	0	0	0	0	0	0	0	0	0	0	0	0	0	0	0	0	0	0	0	0	0	0	0	0	0	0	0	0	0	0	0	0	0	0	0	0	0	0	0	0	0	0	0	0	0	0	0	0	0	0	0	0	0	0	0	0	0	0	0	0	0	0	0	0	0	0	0	0	0	0	0	0	0	0	0	0	0	0	0	0	0	0	0
8000000.0001	0	0	0	0	0	0	0	0	0	0	0	0	0	0	0	0	0	0	0	0	0	0	0	0	0	0	0	0	0	0	0	0	0	0	0	0	0	0	0	0	0	0	0	0	0	0	0	0	0	0	0	0	0	0	0	0	0	0	0	0	0	0	0	0	0	0	0	0	0	0	0	0	0	0	0	0	0	0	0	0	0	0	0	0	0	0	0	0	0	0	0	0	0	0	0	0	0	0	0	0
8000000.0001	0	0	0	0	0	0	0	0	0	0	0	0	0	0	0	0	0	0	0	0	0	0	0	0	0	0	0	0	0	0	0	0	0	0	0	0	0	0	0	0	0	0	0	0	0	0	0	0	0	0	0	0	0	0	0	0	0	0	0	0	0	0	0	0	0	0	0	0	0	0	0	0	0	0	0	0	0	0	0	0	0	0	0	0	0	0	0	0	0	0	0	0	0	0	0	0	0	0	0	0
8000000.0001	0	0	0	0	0	0	0	0	0	0	0	0	0	0	0	0	0	0	0	0	0	0	0	0	0	0	0	0	0	0	0	0	0	0	0	0	0	0	0	0	0	0	0	0	0	0	0	0	0	0	0	0	0	0	0	0	0	0	0	0	0	0	0	0	0	0	0	0	0	0	0	0	0	0	0	0	0	0	0	0	0	0	0	0	0	0	0	0	0	0	0	0	0	0	0	0	0	0	0	0
8000000.0001	0	0	0	0	0	0	0	0	0	0	0	0	0	0	0	0	0	0	0	0	0	0	0	0	0	0	0	0	0	0	0	0	0	0	0	0	0	0	0	0	0	0	0	0	0	0	0	0	0	0	0	0	0	0	0	0	0	0	0	0	0	0	0	0	0	0	0	0	0	0	0	0	0	0	0	0	0	0	0	0	0	0	0	0	0	0	0	0	0	0	0	0	0	0	0	0	0	0	0	0
8000000.0001	0	0	0	0	0	0	0	0	0	0	0	0	0	0	0	0	0	0	0	0	0	0	0	0	0	0	0	0	0	0	0	0	0	0	0	0	0	0	0	0	0	0	0	0	0	0	0	0	0	0	0	0	0	0	0	0	0	0	0	0	0	0	0	0	0	0	0	0	0	0	0	0	0	0	0	0	0	0	0	0	0	0	0	0	0	0	0	0	0	0	0	0	0	0	0	0	0	0	0	0
8000000.0001	0	0	0	0	0	0	0	0	0	0	0	0	0	0	0	0	0	0	0	0	0	0	0	0	0	0	0	0	0	0	0	0	0	0	0	0	0	0	0	0	0	0	0	0	0	0	0	0	0	0	0	0	0	0	0	0	0	0	0	0	0	0	0	0	0	0	0	0	0	0	0	0	0	0	0	0	0	0	0	0	0	0	0	0	0	0	0	0	0	0	0	0	0	0	0	0	0	0	0	0
8000000.0001	0	0	0	0	0	0	0	0	0	0	0	0	0	0	0	0	0	0	0	0	0	0	0	0	0	0	0	0	0	0	0	0	0	0	0	0	0	0	0	0	0	0	0	0	0	0	0	0	0	0	0	0	0	0	0	0	0	0	0	0	0	0	0	0	0	0	0	0	0	0	0	0	0	0	0	0	0	0	0	0	0	0	0	0	0	0	0	0	0	0	0	0	0	0	0	0	0	0	0	0
8000000.0001	0	0	0	0	0	0	0	0	0	0	0	0	0	0	0	0	0	0	0	0	0	0	0	0	0	0	0	0	0	0	0	0	0	0	0	0	0	0	0	0	0	0	0	0	0	0	0	0	0	0	0	0	0	0	0	0	0	0	0	0	0	0	0	0	0	0	0	0	0	0	0	0	0	0	0	0	0	0	0	0	0	0	0	0	0	0	0	0	0	0	0	0	0	0	0	0	0	0	0	0
8000000.0001	0	0	0	0	0	0	0	0	0	0	0	0	0	0	0	0	0	0	0	0	0	0	0	0	0	0	0	0	0	0	0	0	0	0	0	0	0	0	0	0	0	0	0	0	0	0	0	0	0	0	0	0	0	0	0	0	0	0	0	0	0	0	0	0	0	0	0	0	0	0	0	0	0	0	0	0	0	0	0	0	0	0	0	0	0	0	0	0	0	0	0	0	0	0	0	0	0	0	0	0
8000000.0001	0	0	0	0	0	0	0	0	0	0	0	0	0	0	0	0	0	0	0	0	0	0	0	0	0	0	0	0	0	0	0	0	0	0	0	0	0	0	0	0	0	0	0	0	0	0	0	0	0	0	0	0	0	0	0	0	0	0	0	0	0	0	0	0	0	0	0	0	0	0	0	0	0	0	0	0	0	0	0	0	0	0	0	0	0	0	0	0	0	0	0	0	0	0	0	0	0	0	0	0
8000000.0001	0	0	0	0	0	0	0	0	0	0	0	0	0	0	0	0	0	0	0	0	0	0	0	0	0	0	0	0	0	0	0	0	0	0	0	0	0	0	0	0	0	0	0	0	0	0	0	0	0	0	0	0	0	0	0	0	0	0	0	0	0	0	0	0	0	0	0	0	0	0	0	0	0	0	0	0	0	0	0	0	0	0	0	0	0	0	0	0	0	0	0	0	0	0	0	0	0	0	0	0
8000000.0001	0	0	0	0	0	0	0	0	0	0	0	0	0	0	0	0	0	0	0	0	0	0	0	0	0	0	0	0	0	0	0	0	0	0	0	0	0	0	0	0	0	0	0	0	0	0	0	0	0	0	0	0	0	0	0	0	0	0	0	0	0	0	0	0	0	0	0	0	0	0	0	0	0	0	0	0	0	0	0	0	0	0	0	0	0	0	0	0	0	0	0	0	0	0	0	0	0	0	0	0
8000000.0001	0	0	0	0	0	0	0	0	0	0	0	0	0	0	0	0	0	0	0	0	0	0	0	0	0	0	0	0	0	0	0	0	0	0	0	0	0	0	0	0	0	0	0	0	0	0	0	0	0	0	0	0	0	0	0	0	0	0	0	0	0	0	0	0	0	0	0	0	0	0	0	0	0	0	0	0	0	0	0	0	0	0	0	0	0	0	0	0	0	0	0	0	0	0	0	0	0	0	0	0
8000000.0001	0	0	0	0	0	0	0	0	0	0	0	0	0	0	0	0	0	0	0	0	0	0	0	0	0	0	0	0	0	0	0	0	0	0	0	0	0	0	0	0	0	0	0	0	0	0	0	0	0	0	0	0	0	0	0	0	0	0	0	0	0	0	0	0	0	0	0	0	0	0	0	0	0	0	0	0	0	0	0	0	0	0	0	0	0	0	0	0	0	0	0	0	0	0	0	0	0	0	0	0
8000000.0001	0	0	0	0	0	0	0	0	0	0	0	0	0	0	0	0	0	0	0	0	0	0	0	0	0	0	0	0	0	0	0	0	0	0	0	0	0	0	0	0	0	0	0	0	0	0	0	0	0	0	0	0	0	0	0	0	0	0	0	0	0	0	0	0	0	0	0	0	0	0	0	0	0	0	0	0	0	0	0	0	0	0	0	0	0	0	0	0	0	0	0	0	0	0	0	0	0	0	0	0
8000000.0001	0	0	0	0	0	0	0	0	0	0	0	0	0	0	0	0	0	0	0	0	0	0	0	0	0	0	0	0	0	0	0	0	0	0	0	0	0	0	0	0	0	0	0	0	0	0	0	0	0	0	0	0	0	0	0	0	0	0	0	0	0	0	0	0	0	0	0	0	0	0	0	0	0	0	0	0	0	0	0	0	0	0	0	0	0	0	0	0	0	0	0	0	0	0	0	0	0	0	0	0
8000000.0001	0	0	0	0	0	0	0	0	0	0	0	0	0	0	0	0	0	0	0	0	0	0	0	0	0	0	0	0	0	0	0	0	0	0	0	0	0	0	0	0	0	0	0	0	0	0	0	0	0	0	0	0	0	0	0	0	0	0	0	0	0	0	0	0	0	0	0	0	0	0	0	0	0	0	0	0	0	0	0	0	0	0	0	0	0	0	0	0	0	0	0	0	0	0	0	0	0	0	0	0
8000000.0001	0	0	0	0	0	0	0	0	0	0	0	0	0	0	0	0	0	0	0	0	0	0	0	0	0	0	0	0	0	0	0	0	0	0	0	0	0	0	0	0	0	0	0	0	0	0	0	0	0	0	0	0	0	0	0	0	0	0	0	0	0	0	0	0	0	0	0	0	0	0	0	0	0	0	0	0	0	0	0	0	0	0	0	0	0	0	0	0	0	0	0	0	0	0	0	0	0	0	0	0
8000000.0001	0	0	0	0	0	0	0	0	0	0	0	0	0	0	0	0	0	0	0	0	0	0	0	0	0	0	0	0	0	0	0	0	0	0	0	0	0	0	0	0	0	0	0	0	0	0	0	0	0	0	0	0	0	0	0	0	0	0	0	0	0	0	0	0	0	0	0	0	0	0	0	0	0	0	0	0	0	0	0	0	0	0	0	0	0	0	0	0	0	0	0	0	0	0	0	0	0	0	0	0
8000000.0001	0	0	0	0	0	0	0	0	0	0	0	0	0	0	0	0	0	0	0	0	0	0	0	0	0	0	0	0	0	0	0	0	0	0	0	0	0	0	0	0	0	0	0	0	0	0	0	0	0	0	0	0	0	0	0	0	0	0	0	0	0	0	0	0	0	0	0	0	0	0	0	0	0	0	0	0	0	0	0	0	0	0	0	0	0	0	0	0	0	0	0	0	0	0	0	0	0	0	0	0
8000000.0001	0	0	0	0	0	0	0	0	0	0	0	0	0	0	0	0	0	0	0	0	0	0	0	0	0	0	0	0	0	0	0	0	0	0	0	0	0	0	0	0	0	0	0	0	0	0	0	0	0	0	0	0	0	0	0	0	0	0	0	0	0	0	0	0	0	0	0	0	0	0	0	0	0	0	0	0	0	0	0	0	0	0	0	0	0	0	0	0	0	0	0	0	0	0	0	0	0	0	0	0
8000000.0001	0	0	0	0	0	0	0	0	0	0	0	0	0	0	0	0	0	0	0	0	0	0	0	0	0	0	0	0	0	0	0	0	0	0	0	0	0	0	0	0	0	0	0	0	0	0	0	0	0	0	0	0	0	0	0	0	0	0	0	0	0	0	0	0	0	0	0	0	0	0	0	0	0	0	0	0	0	0	0	0	0	0	0	0	0	0	0	0	0	0	0	0	0	0	0	0	0	0	0	0
8000000.0001	0	0	0	0	0	0	0	0	0	0	0	0	0	0	0	0	0	0	0	0	0	0	0	0	0	0	0	0	0	0	0	0	0	0	0	0	0	0	0	0	0	0	0	0	0	0	0	0	0	0	0	0	0	0	0	0	0	0	0	0	0	0	0	0	0	0	0	0	0	0	0	0	0	0	0	0	0	0	0	0	0	0	0	0	0	0	0	0	0	0	0	0	0	0	0	0	0	0	0	0
8000000.0001	0	0	0	0	0	0	0	0	0	0	0	0	0	0	0	0	0	0	0	0	0	0	0	0	0	0	0	0	0	0	0	0	0	0	0	0	0	0	0	0	0	0	0	0	0	0	0	0	0	0	0	0	0	0	0	0	0	0	0	0	0	0	0	0	0	0	0	0	0	0	0	0	0	0	0	0	0	0	0	0	0	0	0	0	0	0	0	0	0	0	0	0	0	0	0	0	0	0	0	0
8000000.0001	0	0	0	0	0	0	0	0	0	0	0	0	0	0	0	0	0	0	0	0	0	0	0	0	0	0	0	0	0	0	0	0	0	0	0	0	0	0	0	0	0	0	0	0	0	0	0	0	0	0	0	0	0	0	0	0	0	0	0	0	0	0	0	0	0	0	0	0	0	0	0	0	0	0	0	0	0	0	0	0	0	0	0	0	0	0	0	0	0	0	0	0	0	0	0	0	0	0	0	0
8000000.0001	0	0	0	0	0	0	0	0	0	0	0	0	0	0	0	0	0	0	0	0	0	0	0	0	0	0	0	0	0	0	0	0	0	0	0	0	0	0	0	0	0	0	0	0	0	0	0	0	0	0	0	0	0	0	0	0	0	0	0	0	0	0	0	0	0	0	0	0	0	0	0	0	0	0	0	0	0	0	0	0	0	0	0	0	0	0	0	0	0	0	0	0	0	0	0	0	0	0	0	0
8000000.0001	0	0	0	0	0	0	0	0	0	0	0	0	0	0	0	0	0	0	0	0	0	0	0	0	0	0	0	0	0	0	0	0	0	0	0	0	0	0	0	0	0	0	0	0	0	0	0	0	0	0	0	0	0	0	0	0	0	0	0	0	0	0	0	0	0	0	0	0	0	0	0	0	0	0	0	0	0	0	0	0	0	0	0	0	0	0	0	0	0	0	0	0	0	0	0	0	0	0	0	0
8000000.0001	0	0	0	0	0	0	0	0	0	0	0	0	0	0	0	0	0	0	0	0	0	0	0	0	0	0	0	0	0	0	0	0	0	0	0	0	0	0	0	0	0	0	0	0	0	0	0	0	0	0	0	0	0	0	0	0	0	0	0	0	0	0	0	0	0	0	0	0	0	0	0	0	0	0	0	0	0	0	0	0	0	0	0	0	0	0	0	0	0	0	0	0	0	0	0	0	0	0	0	0
8000000.0001	0	0	0	0	0	0	0	0	0	0	0	0	0	0	0	0	0	0	0	0	0	0	0	0	0	0	0	0	0	0	0	0	0	0	0	0	0	0	0	0	0	0	0	0	0	0	0	0	0	0	0	0	0	0	0	0	0	0	0	0	0	0	0	0	0	0	0	0	0	0	0	0	0	0	0	0	0	0	0	0	0	0	0	0	0	0	0	0	0	0	0	0	0	0	0	0	0	0	0	0
8000000.0001	0	0	0	0	0	0	0	0	0	0	0	0	0	0	0	0	0	0	0	0	0	0	0	0	0	0	0	0	0	0	0	0	0	0	0	0	0	0	0	0	0	0	0	0	0	0	0	0	0	0	0	0	0	0	0	0	0	0	0	0	0	0	0	0	0	0	0	0	0	0	0	0	0	0	0	0	0	0	0	0	0	0	0	0	0	0	0	0	0	0	0	0	0	0	0	0	0	0	0	0
8000000.0001	0	0	0	0	0	0	0	0	0	0	0	0	0	0	0	0	0	0	0	0	0	0	0	0	0	0	0	0	0	0	0	0	0	0	0	0	0	0	0	0	0	0	0	0	0	0	0	0	0	0	0	0	0	0	0	0	0	0	0	0	0	0	0	0	0	0	0	0	0	0	0	0	0	0	0	0	0	0	0	0	0	0	0	0	0	0	0	0	0	0	0	0	0	0	0	0	0	0	0	0
8000000.0001	0	0	0	0	0	0	0	0	0	0	0	0	0	0	0	0	0	0	0	0	0	0	0	0	0	0	0	0	0	0	0	0	0	0	0	0	0	0	0	0	0	0	0	0	0	0	0	0	0	0	0	0	0	0	0	0	0	0	0	0	0	0	0	0	0	0	0	0	0	0	0	0	0	0	0	0	0	0	0	0	0	0	0	0	0	0	0	0	0	0	0	0	0	0	0	0	0	0	0	0
8000000.0001	0	0	0	0	0	0	0	0	0	0	0	0	0	0	0	0	0	0	0	0	0	0	0	0	0	0	0	0	0	0	0	0	0	0	0	0	0	0	0	0	0	0	0	0	0	0	0	0	0	0	0	0	0	0	0	0	0	0	0	0	0	0	0	0	0	0	0	0	0	0	0	0	0	0	0	0	0	0	0	0	0	0	0	0	0	0	0	0	0	0	0	0	0	0	0	0	0	0	0	0
8000000.0001	0	0	0	0	0	0	0	0	0	0	0	0	0	0	0	0	0	0	0	0	0	0	0	0	0	0	0	0	0	0	0	0	0	0	0	0	0	0	0	0	0	0	0	0	0	0	0	0	0	0	0	0	0	0	0	0	0	0	0	0	0	0	0	0	0	0	0	0	0	0	0	0	0	0	0	0	0	0	0	0	0	0	0	0	0	0	0	0	0	0	0	0	0	0	0	0	0	0	0	0
8000000.0001	0	0	0	0	0	0	0	0	0	0	0	0	0	0	0	0	0	0	0	0	0	0	0	0	0	0	0	0	0	0	0	0	0	0	0	0	0	0	0	0	0	0	0	0	0	0	0	0	0	0	0	0	0	0	0	0	0	0	0	0	0	0	0	0	0	0	0	0	0	0	0	0	0	0	0	0	0	0	0	0	0	0	0	0	0	0	0	0	0	0	0	0	0	0	0	0	0	0	0	0
8000000.0001	0	0	0	0	0	0	0	0	0	0	0	0	0	0	0	0	0	0	0	0	0	0	0	0	0	0	0	0	0	0	0	0	0	0	0	0	0	0	0	0	0	0	0	0	0	0	0	0	0	0	0	0	0	0	0	0	0	0	0	0	0	0	0	0	0	0	0	0	0	0	0	0	0	0	0	0	0	0	0	0	0	0	0	0	0	0	0	0	0	0	0	0	0	0	0	0	0	0	0	0
8000000.0001	0	0	0	0	0	0	0	0	0	0	0	0	0	0	0	0	0	0	0	0	0	0	0	0	0	0	0	0	0	0	0	0	0	0	0	0	0	0	0	0	0	0	0	0	0	0	0	0	0	0	0	0	0	0	0	0	0	0	0	0	0	0	0	0	0	0	0	0	0	0	0	0	0	0	0	0	0	0	0	0	0	0	0	0	0	0	0	0	0	0	0	0	0	0	0	0	0	0	0	0
8000000.0001	0	0	0	0	0	0	0	0	0	0	0	0	0	0	0	0	0	0	0	0	0	0	0	0	0	0	0	0	0	0	0	0	0	0	0	0	0	0	0	0	0	0	0	0	0	0	0	0	0	0	0	0	0	0	0	0	0	0	0	0	0	0	0	0	0	0	0	0	0	0	0	0	0	0	0	0	0	0	0	0	0	0	0	0	0	0	0	0	0	0	0	0	0	0	0	0	0	0	0	0
8000000.0001	0	0	0	0	0	0	0	0	0	0	0	0	0	0	0	0	0	0	0	0	0	0	0	0	0	0	0	0	0	0	0	0	0	0	0	0	0	0	0	0	0	0	0	0	0	0	0	0	0	0	0	0	0	0	0	0	0	0	0	0	0	0	0	0	0	0	0	0	0	0	0	0	0	0	0	0	0	0	0	0	0	0	0	0	0	0	0	0	0	0	0	0	0	0	0	0	0	0	0	0
8000000.0001	0	0	0	0	0	0	0	0	0	0	0	0	0	0	0	0	0	0	0	0	0	0	0	0	0	0	0	0	0	0	0	0	0	0	0	0	0	0	0	0	0	0	0	0	0	0	0	0	0	0	0	0	0	0	0	0	0	0	0	0	0	0	0	0	0	0	0	0	0	0	0	0	0	0	0	0	0	0	0	0	0	0	0	0	0	0	0	0	0	0	0	0	0	0	0	0	0	0	0	0
8000000.0001	0	0	0	0	0	0	0	0	0	0	0	0	0	0	0	0	0	0	0	0	0	0	0	0	0	0	0	0	0	0	0	0	0	0	0	0	0	0	0	0	0	0	0	0	0	0	0	0	0	0	0	0	0	0	0	0	0	0	0	0	0	0	0	0	0	0	0	0	0	0	0	0	0	0	0	0	0	0	0	0	0	0	0	0	0	0	0	0	0	0	0	0	0	0	0	0	0	0	0	0
8000000.0001	0	0	0	0	0	0	0	0	0	0	0	0	0	0	0	0	0	0	0	0	0	0	0	0	0	0	0	0	0	0	0	0	0	0	0	0	0	0	0	0	0	0	0	0	0	0	0	0	0	0	0	0	0	0	0	0	0	0	0	0	0	0	0	0	0	0	0	0	0	0	0	0	0	0	0	0	0	0	0	0	0	0	0	0	0	0	0	0	0	0	0	0	0	0	0	0	0	0	0	0
8000000.0001	0	0	0	0	0	0	0	0	0	0	0	0	0	0	0	0	0	0	0	0	0	0	0	0	0	0	0	0	0	0	0	0	0	0	0	0	0	0	0	0	0	0	0	0	0	0	0	0	0	0	0	0	0	0	0	0	0	0	0	0	0	0	0	0	0	0	0	0	0	0	0	0	0	0	0	0	0	0	0	0	0	0	0	0	0	0	0	0	0	0	0	0	0	0	0	0	0	0	0	0
8000000.0001	0	0	0	0	0	0	0	0	0	0	0	0	0	0	0	0	0	0	0	0	0	0	0	0	0	0	0	0	0	0	0	0	0	0	0	0	0	0	0	0	0	0	0	0	0	0	0	0	0	0	0	0	0	0	0	0	0	0	0	0	0	0	0	0	0	0	0	0	0	0	0	0	0	0	0	0	0	0	0	0	0	0	0	0	0	0	0	0	0	0	0	0	0	0	0	0	0	0	0	0
8000000.0001	0	0	0	0	0	0	0	0	0	0	0	0	0	0	0	0	0	0	0	0	0	0	0	0	0	0	0	0	0	0	0	0	0	0	0	0	0	0	0	0	0	0	0	0	0	0	0	0	0	0	0	0	0	0	0	0	0	0	0	0	0	0	0	0	0	0	0	0	0	0	0	0	0	0	0	0	0	0	0	0	0	0	0	0	0	0	0	0	0	0	0	0	0	0	0	0	0	0	0	0
8000000.0001	0	0	0	0	0	0	0	0	0	0	0	0	0	0	0	0	0	0	0	0	0	0	0	0	0	0	0	0	0	0	0	0	0	0	0	0	0	0	0	0	0	0	0	0	0	0	0	0	0	0	0	0	0	0	0	0	0	0	0	0	0	0	0	0	0	0	0	0	0	0	0	0	0	0	0	0	0	0	0	0	0	0	0	0	0	0	0	0	0	0	0	0	0	0	0	0	0	0	0	0
8000000.0001	0	0	0	0	0	0	0	0	0	0	0	0	0	0	0	0	0	0	0	0	0	0	0	0	0	0	0	0	0	0	0	0	0	0	0	0	0	0	0	0	0	0	0	0	0	0	0	0	0	0	0	0	0	0	0	0	0	0	0	0	0	0	0	0	0	0	0	0	0	0	0	0	0	0	0	0	0	0	0	0	0	0	0	0	0	0	0	0	0	0	0	0	0	0	0	0	0	0	0	0
8000000.0001	0	0	0	0	0	0	0	0	0	0	0	0	0	0	0	0	0	0	0	0	0	0	0	0	0	0	0	0	0	0	0	0	0	0	0	0	0	0	0	0	0	0	0	0	0	0	0	0	0	0	0	0	0	0	0	0	0	0	0	0	0	0	0	0	0	0	0	0	0	0	0	0	0	0	0	0	0	0	0	0	0	0	0	0	0	0	0	0	0	0	0	0	0	0	0	0	0	0	0	0
8000000.0001	0	0	0	0	0	0	0	0	0	0	0	0	0	0	0	0	0	0	0	0	0	0	0	0	0	0	0	0	0	0	0	0	0	0	0	0	0	0	0	0	0	0	0	0	0	0	0	0	0	0	0	0	0	0	0	0	0	0	0	0	0	0	0	0	0	0	0	0	0	0	0	0	0	0	0	0	0	0	0	0	0	0	0	0	0	0	0	0	0	0	0	0	0	0	0	0	0	0	0	0
8000000.0001	0	0	0	0	0	0	0	0	0	0	0	0	0	0	0	0	0	0	0	0	0	0	0	0	0	0	0	0	0	0	0	0	0	0	0	0	0	0	0	0	0	0	0	0	0	0	0	0	0	0	0	0	0	0	0	0	0	0	0	0	0	0	0	0	0	0	0	0	0	0	0	0	0	0	0	0	0	0	0	0	0	0	0	0	0	0	0	0	0	0	0	0	0	0	0	0	0	0	0	0
8000000.0001	0	0	0	0	0	0	0	0	0	0	0	0	0	0	0	0	0	0	0	0	0	0	0	0	0	0	0	0	0	0	0	0	0	0	0	0	0	0	0	0	0	0	0	0	0	0	0	0	0	0	0	0	0	0	0	0	0	0	0	0	0	0	0	0	0	0	0	0	0	0	0	0	0	0	0	0	0	0	0	0	0	0	0	0	0	0	0	0	0	0	0	0	0	0	0	0	0	0	0	0
8000000.0001	0	0	0	0	0	0	0	0	0	0	0	0	0	0	0	0	0	0	0	0	0	0	0	0	0	0	0	0	0	0	0	0	0	0	0	0	0	0	0	0	0	0	0	0	0	0	0	0	0	0	0	0	0	0	0	0	0	0	0	0	0	0	0	0	0	0	0	0	0	0	0	0	0	0	0	0	0	0	0	0	0	0	0	0	0	0	0	0	0	0	0	0	0	0	0	0	0	0	0	0
8000000.0001	0	0	0	0	0	0	0	0	0	0	0	0	0	0	0	0	0	0	0	0	0	0	0	0	0	0	0	0	0	0	0	0	0	0	0	0	0	0	0	0	0	0	0	0	0	0	0	0	0	0	0	0	0	0	0	0	0	0	0	0	0	0	0	0	0	0	0	0	0	0	0	0	0	0	0	0	0	0	0	0	0	0	0	0	0	0	0	0	0	0	0	0	0	0	0	0	0	0	0	0
8000000.0001	0	0	0	0	0	0	0	0	0	0	0	0	0	0	0	0	0	0	0	0	0	0	0	0	0	0	0	0	0	0	0	0	0	0	0	0	0	0	0	0	0	0	0	0	0	0	0	0	0	0	0	0	0	0	0	0	0	0	0	0	0	0	0	0	0	0	0	0	0	0	0	0	0	0	0	0	0	0	0	0	0	0	0	0	0	0	0	0	0	0	0	0	0	0	0	0	0	0	0	0
8000000.0001	0	0	0	0	0	0	0	0	0	0	0	0	0	0	0	0	0	0	0	0	0	0	0	0	0	0	0	0	0	0	0	0	0	0	0	0	0	0	0	0	0	0	0	0	0	0	0	0	0	0	0	0	0	0	0	0	0	0	0	0	0	0	0	0	0	0	0	0	0	0	0	0	0	0	0	0	0	0	0	0	0	0	0	0	0	0	0	0	0	0	0	0	0	0	0	0	0	0	0	0
8000000.0001	0	0	0	0	0	0	0	0	0	0	0	0	0	0	0	0	0	0	0	0	0	0	0	0	0	0	0	0	0	0	0	0	0	0	0	0	0	0	0	0	0	0	0	0	0	0	0	0	0	0	0	0	0	0	0	0	0	0	0	0	0	0	0	0	0	0	0	0	0	0	0	0	0	0	0	0	0	0	0	0	0	0	0	0	0	0	0	0	0	0	0	0	0	0	0	0	0	0	0	0
8000000.0001	0	0	0	0	0	0	0	0	0	0	0	0	0	0	0	0	0	0	0	0	0	0	0	0	0	0	0	0	0	0	0	0	0	0	0	0	0	0	0	0	0	0	0	0	0	0	0	0	0	0	0	0	0	0	0	0	0	0	0	0	0	0	0	0	0	0	0	0	0	0	0	0	0	0	0	0	0	0	0	0	0	0	0	0	0	0	0	0	0	0	0	0	0	0	0	0	0	0	0	0
8000000.0001	0	0	0	0	0	0	0	0	0	0	0	0	0	0	0	0	0	0	0	0	0	0	0	0	0	0	0	0	0	0	0	0	0	0	0	0	0	0	0	0	0	0	0	0	0	0	0	0	0	0	0	0	0	0	0	0	0	0	0	0	0	0	0	0	0	0	0	0	0	0	0	0	0	0	0	0	0	0	0	0	0	0	0	0	0	0	0	0	0	0	0	0	0	0	0	0	0	0	0	0
8000000.0001	0	0	0	0	0	0	0	0	0	0	0	0	0	0	0	0	0	0	0	0	0	0	0	0	0	0	0	0	0	0	0	0	0	0	0	0	0	0	0	0	0	0	0	0	0	0	0	0	0	0	0	0	0	0	0	0	0	0	0	0	0	0	0	0	0	0	0	0	0	0	0	0	0	0	0	0	0	0	0	0	0	0	0	0	0	0	0	0	0	0	0	0	0	0	0	0	0	0	0	0
8000000.0001	0	0	0	0	0	0	0	0	0	0	0	0	0	0	0	0	0	0	0	0	0	0	0	0	0	0	0	0	0	0	0	0	0	0	0	0	0	0	0	0	0	0	0	0	0	0	0	0	0	0	0	0	0	0	0	0	0	0	0	0	0	0	0	0	0	0	0	0	0	0	0	0	0	0	0	0	0	0	0	0	0	0	0	0	0	0	0	0	0	0	0	0	0	0	0	0	0	0	0	0
8000000.0001	0	0	0	0	0	0	0	0	0	0	0	0	0	0	0	0	0	0	0	0	0	0	0	0	0	0	0	0	0	0	0	0	0	0	0	0	0	0	0	0	0	0	0	0	0	0	0	0	0	0	0	0	0	0	0	0	0	0	0	0	0	0	0	0	0	0	0	0	0	0	0	0	0	0	0	0	0	0	0	0	0	0	0	0	0	0	0	0	0	0	0	0	0	0	0	0	0	0	0	0
8000000.0001	0	0	0	0	0	0	0	0	0	0	0	0	0	0	0	0	0	0	0	0	0	0	0	0	0	0	0	0	0	0	0	0	0	0	0	0	0	0	0	0	0	0	0	0	0	0	0	0	0	0	0	0	0	0	0	0	0	0	0	0	0	0	0	0	0	0	0	0	0	0	0	0	0	0	0	0	0	0	0	0	0	0	0	0	0	0	0	0	0	0	0	0	0	0	0	0	0	0	0	0
8000000.0001	0	0	0	0	0	0	0	0	0	0	0	0	0	0	0	0	0	0	0	0	0	0	0	0	0	0	0	0	0	0	0	0	0	0	0	0	0	0	0	0	0	0	0	0	0	0	0	0	0	0	0	0	0	0	0	0	0	0	0	0	0	0	0	0	0	0	0	0	0	0	0	0	0	0	0	0	0	0	0	0	0	0	0	0	0	0	0	0	0	0	0	0	0	0	0	0	0	0	0	0
8000000.0001	0	0	0	0	0	0	0	0	0	0	0	0	0	0	0	0	0	0	0	0	0	0	0	0	0	0	0	0	0	0	0	0	0	0	0	0	0	0	0	0	0	0	0	0	0	0	0	0	0	0	0	0	0	0	0	0	0	0	0	0	0	0	0	0	0	0	0	0	0	0	0	0	0	0	0	0	0	0	0	0	0	0	0	0	0	0	0	0	0	0	0	0	0	0	0	0	0	0	0	0
8000000.0001	0	0	0	0	0	0	0	0	0	0	0	0	0	0	0	0	0	0	0	0	0	0	0	0	0	0	0	0	0	0	0	0	0	0	0	0	0	0	0	0	0	0	0	0	0	0	0	0	0	0	0	0	0	0	0	0	0	0	0	0	0	0	0	0	0	0	0	0	0	0	0	0	0	0	0	0	0	0	0	0	0	0	0	0	0	0	0	0	0	0	0	0	0	0	0	0	0	0	0	0
8000000.0001	0	0	0	0	0	0	0	0	0	0	0	0	0	0	0	0	0	0	0	0	0	0	0	0	0	0	0	0	0	0	0	0	0	0	0	0	0	0	0	0	0	0	0	0	0	0	0	0	0	0	0	0	0	0	0	0	0	0	0	0	0	0	0	0	0	0	0	0	0	0	0	0	0	0	0	0	0	0	0	0	0	0	0	0	0	0	0	0	0	0	0	0	0	0	0	0	0	0	0	0
8000000.0001	0	0	0	0	0	0	0	0	0	0	0	0	0	0	0	0	0	0	0	0	0	0	0	0	0	0	0	0	0	0	0	0	0	0	0	0	0	0	0	0	0	0	0	0	0	0	0	0	0	0	0	0	0	0	0	0	0	0	0	0	0	0	0	0	0	0	0	0	0	0	0	0	0	0	0	0	0	0	0	0	0	0	0	0	0	0	0	0	0	0	0	0	0	0	0	0	0	0	0	0
8000000.0001	0	0	0	0	0	0	0	0	0	0	0	0	0	0	0	0	0	0	0	0	0	0	0	0	0	0	0	0	0	0	0	0	0	0	0	0	0	0	0	0	0	0	0	0	0	0	0	0	0	0	0	0	0	0	0	0	0	0	0	0	0	0	0	0	0	0	0	0	0	0	0	0	0	0	0	0	0	0	0	0	0	0	0	0	0	0	0	0	0	0	0	0	0	0	0	0	0	0	0	0
8000000.0001	0	0	0	0	0	0	0	0	0	0	0	0	0	0	0	0	0	0	0	0	0	0	0	0	0	0	0	0	0	0	0	0	0	0	0	0	0	0	0	0	0	0	0	0	0	0	0	0	0	0	0	0	0	0	0	0	0	0	0	0	0	0	0	0	0	0	0	0	0	0	0	0	0	0	0	0	0	0	0	0	0	0	0	0	0	0	0	0	0	0	0	0	0	0	0	0	0	0	0	0
8000000.0001	0	0	0	0	0	0	0	0	0	0	0	0	0	0	0	0	0	0	0	0	0	0	0	0	0	0	0	0	0	0	0	0	0	0	0	0	0	0	0	0	0	0	0	0	0	0	0	0	0	0	0	0	0	0	0	0	0	0	0	0	0	0	0	0	0	0	0	0	0	0	0	0	0	0	0	0	0	0	0	0	0	0	0	0	0	0	0	0	0	0	0	0	0	0	0	0	0	0	0	0
8000000.0001	0	0	0	0	0	0	0	0	0	0	0	0	0	0	0	0	0	0	0	0	0	0	0	0	0	0	0	0	0	0	0	0	0	0	0	0	0	0	0	0	0	0	0	0	0	0	0	0	0	0	0	0	0	0	0	0	0	0	0	0	0	0	0	0	0	0	0	0	0	0	0	0	0	0	0	0	0	0	0	0	0	0	0	0	0	0	0	0	0	0	0	0	0	0	0	0	0	0	0	0
8000000.0001	0	0	0	0	0	0	0	0	0	0	0	0	0	0	0	0	0	0	0	0	0	0	0	0	0	0	0	0	0	0	0	0	0	0	0	0	0	0	0	0	0	0	0	0	0	0	0	0	0	0	0	0	0	0	0	0	0	0	0	0	0	0	0	0	0	0	0	0	0	0	0	0	0	0	0	0	0	0	0	0	0	0	0	0	0	0	0	0	0	0	0	0	0	0	0	0	0	0	0	0
8000000.0001	0	0	0	0	0	0	0	0	0	0	0	0	0	0	0	0	0	0	0	0	0	0	0	0	0	0	0	0	0	0	0	0	0	0	0	0	0	0	0	0	0	0	0	0	0	0	0	0	0	0	0	0	0	0	0	0	0	0	0	0	0	0	0	0	0	0	0	0	0	0	0	0	0	0	0	0	0	0	0	0	0	0	0	0	0	0	0	0	0	0	0	0	0	0	0	0	0	0	0	0
8000000.0001	0	0	0	0	0	0	0	0	0	0	0	0	0	0	0	0	0	0	0	0	0	0	0	0	0	0	0	0	0	0	0	0	0	0	0	0	0	0	0	0	0	0	0	0	0	0	0	0	0	0	0	0	0	0	0	0	0	0	0	0	0	0	0	0	0	0	0	0	0	0	0	0	0	0	0	0	0	0	0	0	0	0	0	0	0	0	0	0	0	0	0	0	0	0	0	0	0	0	0	0
8000000.0001	0	0	0	0	0	0	0	0	0	0	0	0	0	0	0	0	0	0	0	0	0	0	0	0	0	0	0	0	0	0	0	0	0	0	0	0	0	0	0	0	0	0	0	0	0	0	0	0	0	0	0	0	0	0	0	0	0	0	0	0	0	0	0	0	0	0	0	0	0	0	0	0	0	0	0	0	0	0	0	0	0	0	0	0	0	0	0	0	0	0	0	0	0	0	0	0	0	0	0	0
8000000.0001	0	0	0	0	0	0	0	0	0	0	0	0	0	0	0	0	0	0	0	0	0	0	0	0	0	0	0	0	0	0	0	0	0	0	0	0	0	0	0	0	0	0	0	0	0	0	0	0	0	0	0	0	0	0	0	0	0	0	0	0	0	0	0	0	0	0	0	0	0	0	0	0	0	0	0	0	0	0	0	0	0	0	0	0	0	0	0	0	0	0	0	0	0	0	0	0	0	0	0	0
8000000.0001	0	0	0	0	0	0	0	0	0	0	0	0	0	0	0	0	0	0	0	0	0	0	0	0	0	0	0	0	0	0	0	0	0	0	0	0	0	0	0	0	0	0	0	0	0	0	0	0	0	0	0	0	0	0	0	0	0	0	0	0	0	0	0	0	0	0	0	0	0	0	0	0	0	0	0	0	0	0	0	0	0	0	0	0	0	0	0	0	0	0	0	0	0	0	0	0	0	0	0	0
8000000.0001	0	0	0	0	0	0	0	0	0	0	0	0	0	0	0	0	0	0	0	0	0	0	0	0	0	0	0	0	0	0	0	0	0	0	0	0	0	0	0	0	0	0	0	0	0	0	0	0	0	0	0	0	0	0	0	0	0	0	0	0	0	0	0	0	0	0	0	0	0	0	0	0	0	0	0	0	0	0	0	0	0	0	0	0	0	0	0	0	0	0	0	0	0	0	0	0	0	0	0	0
8000000.0001	0	0	0	0	0	0	0	0	0	0	0	0	0	0	0	0	0	0	0	0	0	0	0	0	0	0	0	0	0	0	0	0	0	0	0	0	0	0	0	0	0	0	0	0	0	0	0	0	0	0	0	0	0	0	0	0	0	0	0	0	0	0	0	0	0	0	0	0	0	0	0	0	0	0	0	0	0	0	0	0	0	0	0	0	0	0	0	0	0	0	0	0	0	0	0	0	0	0	0	0
8000000.0001	0	0	0	0	0	0	0	0	0	0	0	0	0	0	0	0	0	0	0	0	0	0	0	0	0	0	0	0	0	0	0	0	0	0	0	0	0	0	0	0	0	0	0	0	0	0	0	0	0	0	0	0	0	0	0	0	0	0	0	0	0	0	0	0	0	0	0	0	0	0	0	0	0	0	0	0	0	0	0	0	0	0	0	0	0	0	0	0	0	0	0	0	0	0	0	0	0	0	0	0
8000000.0001	0	0	0	0	0	0	0	0	0	0	0	0	0	0	0	0	0	0	0	0	0	0	0	0	0	0	0	0	0	0	0	0	0	0	0	0	0	0	0	0	0	0	0	0	0	0	0	0	0	0	0	0	0	0	0	0	0	0	0	0	0	0	0	0	0	0	0	0	0	0	0	0	0	0	0	0	0	0	0	0	0	0	0	0	0	0	0	0	0	0	0	0	0	0	0	0	0	0	0	0
8000000.0001	0	0	0	0	0	0	0	0	0	0	0	0	0	0	0	0	0	0	0	0	0	0	0	0	0	0	0	0	0	0	0	0	0	0	0	0	0	0	0	0	0	0	0	0	0	0	0	0	0	0	0	0	0	0	0	0	0	0	0	0	0	0	0	0	0	0	0	0	0	0	0	0	0	0	0	0	0	0	0	0	0	0	0	0	0	0	0	0	0	0	0	0	0	0	0	0	0	0	0	0
8000000.0001	0	0	0	0	0	0	0	0	0	0	0	0	0	0	0	0	0	0	0	0	0	0	0	0	0	0	0	0	0	0	0	0	0	0	0	0	0	0	0	0	0	0	0	0	0	0	0	0	0	0	0	0	0	0	0	0	0	0	0	0	0	0	0	0	0	0	0	0	0	0	0	0	0	0	0	0	0	0	0	0	0	0	0	0	0	0	0	0	0	0	0	0	0	0	0	0	0	0	0	0
8000000.0001	0	0	0	0	0	0	0	0	0	0	0	0	0	0	0	0	0	0	0	0	0	0	0	0	0	0	0	0	0	0	0	0	0	0	0	0	0	0	0	0	0	0	0	0	0	0	0	0	0	0	0	0	0	0	0	0	0	0	0	0	0	0	0	0	0	0	0	0	0	0	0	0	0	0	0	0	0	0	0	0	0	0	0	0	0	0	0	0	0	0	0	0	0	0	0	0	0	0	0	0
8000000.0001	0	0	0	0	0	0	0	0	0	0	0	0	0	0	0	0	0	0	0	0	0	0	0	0	0	0	0	0	0	0	0	0	0	0	0	0	0	0	0	0	0	0	0	0	0	0	0	0	0	0	0	0	0	0	0	0	0	0	0	0	0	0	0	0	0	0	0	0	0	0	0	0	0	0	0	0	0	0	0	0	0	0	0	0	0	0	0	0	0	0	0	0	0	0	0	0	0	0	0	0
8000000.0001	0	0	0	0	0	0	0	0	0	0	0	0	0	0	0	0	0	0	0	0	0	0	0	0	0	0	0	0	0	0	0	0	0	0	0	0	0	0	0	0	0	0	0	0	0	0	0	0	0	0	0	0	0	0	0	0	0	0	0	0	0	0	0	0	0	0	0	0	0	0	0	0	0	0	0	0	0	0	0	0	0	0	0	0	0	0	0	0	0	0	0	0	0	0	0	0	0	0	0	0
8000000.0001	0	0	0	0	0	0	0	0	0	0	0	0	0	0	0	0	0	0	0	0	0	0	0	0	0	0	0	0	0	0	0	0	0	0	0	0	0	0	0	0	0	0	0	0	0	0	0	0	0	0	0	0	0	0	0	0	0	0	0	0	0	0	0	0	0	0	0	0	0	0	0	0	0	0	0	0	0	0	0	0	0	0	0	0	0	0	0	0	0	0	0	0	0	0	0	0	0	0	0	0
8000000.0001	0	0	0	0	0	0	0	0	0	0	0	0	0	0	0	0	0	0	0	0	0	0	0	0	0	0	0	0	0	0	0	0	0	0	0	0	0	0	0	0	0	0	0	0	0	0	0	0	0	0	0	0	0	0	0	0	0	0	0	0	0	0	0	0	0	0	0	0	0	0	0	0	0	0	0	0	0	0	0	0	0	0	0	0	0	0	0	0	0	0	0	0	0	0	0	0	0	0	0	0
8000000.0001	0	0	0	0	0	0	0	0	0	0	0	0	0	0	0	0	0	0	0	0	0	0	0	0	0	0	0	0	0	0	0	0	0	0	0	0	0	0	0	0	0	0	0	0	0	0	0	0	0	0	0	0	0	0	0	0	0	0	0	0	0	0	0	0	0	0	0	0	0	0	0	0	0	0	0	0	0	0	0	0	0	0	0	0	0	0	0	0	0	0	0	0	0	0	0	0	0	0	0	0
8000000.0001	0	0	0	0	0	0	0	0	0	0	0	0	0	0	0	0	0	0	0	0	0	0	0	0	0	0	0	0	0	0	0	0	0	0	0	0	0	0	0	0	0	0	0	0	0	0	0	0	0	0	0	0	0	0	0	0	0	0	0	0	0	0	0	0	0	0	0	0	0	0	0	0	0	0	0	0	0	0	0	0	0	0	0	0	0	0	0	0	0	0	0	0	0	0	0	0	0	0	0	0
8000000.0001	0	0	0	0	0	0	0	0	0	0	0	0	0	0	0	0	0	0	0	0	0	0	0	0	0	0	0	0	0	0	0	0	0	0	0	0	0	0	0	0	0	0	0	0	0	0	0	0	0	0	0	0	0	0	0	0	0	0	0	0	0	0	0	0	0	0	0	0	0	0	0	0	0	0	0	0	0	0	0	0	0	0	0	0	0	0	0	0	0	0	0	0	0	0	0	0	0	0	0	0
8000000.0001	0	0	0	0	0	0	0	0	0	0	0	0	0	0	0	0	0	0	0	0	0	0	0	0	0	0	0	0	0	0	0	0	0	0	0	0	0	0	0	0	0	0	0	0	0	0	0	0	0	0	0	0	0	0	0	0	0	0	0	0	0	0	0	0	0	0	0	0	0	0	0	0	0	0	0	0	0	0	0	0	0	0	0	0	0	0	0	0	0	0	0	0	0	0	0	0	0	0	0	0
8000000.0001	0	0	0	0	0	0	0	0	0	0	0	0	0	0	0	0	0	0	0	0	0	0	0	0	0	0	0	0	0	0	0	0	0	0	0	0	0	0	0	0	0	0	0	0	0	0	0	0	0	0	0	0	0	0	0	0	0	0	0	0	0	0	0	0	0	0	0	0	0	0	0	0	0	0	0	0	0	0	0	0	0	0	0	0	0	0	0	0	0	0	0	0	0	0	0	0	0	0	0	0
8000000.0001	0	0	0	0	0	0	0	0	0	0	0	0	0	0	0	0	0	0	0	0	0	0	0	0	0	0	0	0	0	0	0	0	0	0	0	0	0	0	0	0	0	0	0	0	0	0	0	0	0	0	0	0	0	0	0	0	0	0	0	0	0	0	0	0	0	0	0	0	0	0	0	0	0	0	0	0	0	0	0	0	0	0	0	0	0	0	0	0	0	0	0	0	0	0	0	0	0	0	0	0
8000000.0001	0	0	0	0	0	0	0	0	0	0	0	0	0	0	0	0	0	0	0	0	0	0	0	0	0	0	0	0	0	0	0	0	0	0	0	0	0	0	0	0	0	0	0	0	0	0	0	0	0	0	0	0	0	0	0	0	0	0	0	0	0	0	0	0	0	0	0	0	0	0	0	0	0	0	0	0	0	0	0	0	0	0	0	0	0	0	0	0	0	0	0	0	0	0	0	0	0	0	0	0
8000000.0001	0	0	0	0	0	0	0	0	0	0	0	0	0	0	0	0	0	0	0	0	0	0	0	0	0	0	0	0	0	0	0	0	0	0	0	0	0	0	0	0	0	0	0	0	0	0	0	0	0	0	0	0	0	0	0	0	0	0	0	0	0	0	0	0	0	0	0	0	0	0	0	0	0	0	0	0	0	0	0	0	0	0	0	0	0	0	0	0	0	0	0	0	0	0	0	0	0	0	0	0
8000000.0001	0	0	0	0	0	0	0	0	0	0	0	0	0	0	0	0	0	0	0	0	0	0	0	0	0	0	0	0	0	0	0	0	0	0	0	0	0	0	0	0	0	0	0	0	0	0	0	0	0	0	0	0	0	0	0	0	0	0	0	0	0	0	0	0	0	0	0	0	0	0	0	0	0	0	0	0	0	0	0	0	0	0	0	0	0	0	0	0	0	0	0	0	0	0	0	0	0	0	0	0
8000000.0001	0	0	0	0	0	0	0	0	0	0	0	0	0	0	0	0	0	0	0	0	0	0	0	0	0	0	0	0	0	0	0	0	0	0	0	0	0	0	0	0	0	0	0	0	0	0	0	0	0	0	0	0	0	0	0	0	0	0	0	0	0	0	0	0	0	0	0	0	0	0	0	0	0	0	0	0	0	0	0	0	0	0	0	0	0	0	0	0	0	0	0	0	0	0	0	0	0	0	0	0
8000000.0001	0	0	0	0	0	0	0	0	0	0	0	0	0	0	0	0	0	0	0	0	0	0	0	0	0	0	0	0	0	0	0	0	0	0	0	0	0	0	0	0	0	0	0	0	0	0	0	0	0	0	0	0	0	0	0	0	0	0	0	0	0	0	0	0	0	0	0	0	0	0	0	0	0	0	0	0	0	0	0	0	0	0	0	0	0	0	0	0	0	0	0	0	0	0	0	0	0	0	0	0
8000000.0001	0	0	0	0	0	0	0	0	0	0	0	0	0	0	0	0	0	0	0	0	0	0	0	0	0	0	0	0	0	0	0	0	0	0	0	0	0	0	0	0	0	0	0	0	0	0	0	0	0	0	0	0	0	0	0	0	0	0	0	0	0	0	0	0	0	0	0	0	0	0	0	0	0	0	0	0	0	0	0	0	0	0	0	0	0	0	0	0	0	0	0	0	0	0	0	0	0	0	0	0
8000000.0001	0	0	0	0	0	0	0	0	0	0	0	0	0	0	0	0	0	0	0	0	0	0	0	0	0	0	0	0	0	0	0	0	0	0	0	0	0	0	0	0	0	0	0	0	0	0	0	0	0	0	0	0	0	0	0	0	0	0	0	0	0	0	0	0	0	0	0	0	0	0	0	0	0	0	0	0	0	0	0	0	0	0	0	0	0	0	0	0	0	0	0	0	0	0	0	0	0	0	0	0
8000000.0001	0	0	0	0	0	0	0	0	0	0	0	0	0	0	0	0	0	0	0	0	0	0	0	0	0	0	0	0	0	0	0	0	0	0	0	0	0	0	0	0	0	0	0	0	0	0	0	0	0	0	0	0	0	0	0	0	0	0	0	0	0	0	0	0	0	0	0	0	0	0	0	0	0	0	0	0	0	0	0	0	0	0	0	0	0	0	0	0	0	0	0	0	0	0	0	0	0	0	0	0
8000000.0001	0	0	0	0	0	0	0	0	0	0	0	0	0	0	0	0	0	0	0	0	0	0	0	0	0	0	0	0	0	0	0	0	0	0	0	0	0	0	0	0	0	0	0	0	0	0	0	0	0	0	0	0	0	0	0	0	0	0	0	0	0	0	0	0	0	0	0	0	0	0	0	0	0	0	0	0	0	0	0	0	0	0	0	0	0	0	0	0	0	0	0	0	0	0	0	0	0	0	0	0
8000000.0001	0	0	0	0	0	0	0	0	0	0	0	0	0	0	0	0	0	0	0	0	0	0	0	0	0	0	0	0	0	0	0	0	0	0	0	0	0	0	0	0	0	0	0	0	0	0	0	0	0	0	0	0	0	0	0	0	0	0	0	0	0	0	0	0	0	0	0	0	0	0	0	0	0	0	0	0	0	0	0	0	0	0	0	0	0	0	0	0	0	0	0	0	0	0	0	0	0	0	0	0
8000000.0001	0	0	0	0	0	0	0	0	0	0	0	0	0	0	0	0	0	0	0	0	0	0	0	0	0	0	0	0	0	0	0	0	0	0	0	0	0	0	0	0	0	0	0	0	0	0	0	0	0	0	0	0	0	0	0	0	0	0	0	0	0	0	0	0	0	0	0	0	0	0	0	0	0	0	0	0	0	0	0	0	0	0	0	0	0	0	0	0	0	0	0	0	0	0	0	0	0	0	0	0
8000000.0001	0	0	0	0	0	0	0	0	0	0	0	0	0	0	0	0	0	0	0	0	0	0	0	0	0	0	0	0	0	0	0	0	0	0	0	0	0	0	0	0	0	0	0	0	0	0	0	0	0	0	0	0	0	0	0	0	0	0	0	0	0	0	0	0	0	0	0	0	0	0	0	0	0	0	0	0	0	0	0	0	0	0	0	0	0	0	0	0	0	0	0	0	0	0	0	0	0	0	0	0
8000000.0001	0	0	0	0	0	0	0	0	0	0	0	0	0	0	0	0	0	0	0	0	0	0	0	0	0	0	0	0	0	0	0	0	0	0	0	0	0	0	0	0	0	0	0	0	0	0	0	0	0	0	0	0	0	0	0	0	0	0	0	0	0	0	0	0	0	0	0	0	0	0	0	0	0	0	0	0	0	0	0	0	0	0	0	0	0	0	0	0	0	0	0	0	0	0	0	0	0	0	0	0
8000000.0001	0	0	0	0	0	0	0	0	0	0	0	0	0	0	0	0	0	0	0	0	0	0	0	0	0	0	0	0	0	0	0	0	0	0	0	0	0	0	0	0	0	0	0	0	0	0	0	0	0	0	0	0	0	0	0	0	0	0	0	0	0	0	0	0	0	0	0	0	0	0	0	0	0	0	0	0	0	0	0	0	0	0	0	0	0	0	0	0	0	0	0	0	0	0	0	0	0	0	0	0
8000000.0001	0	0	0	0	0	0	0	0	0	0	0	0	0	0	0	0	0	0	0	0	0	0	0	0	0	0	0	0	0	0	0	0	0	0	0	0	0	0	0	0	0	0	0	0	0	0	0	0	0	0	0	0	0	0	0	0	0	0	0	0	0	0	0	0	0	0	0	0	0	0	0	0	0	0	0	0	0	0	0	0	0	0	0	0	0	0	0	0	0	0	0	0	0	0	0	0	0	0	0	0
8000000.0001	0	0	0	0	0	0	0	0	0	0	0	0	0	0	0	0	0	0	0	0	0	0	0	0	0	0	0	0	0	0	0	0	0	0	0	0	0	0	0	0	0	0	0	0	0	0	0	0	0	0	0	0	0	0	0	0	0	0	0	0	0	0	0	0	0	0	0	0	0	0	0	0	0	0	0	0	0	0	0	0	0	0	0	0	0	0	0	0	0	0	0	0	0	0	0	0	0	0	0	0
8000000.0001	0	0	0	0	0	0	0	0	0	0	0	0	0	0	0	0	0	0	0	0	0	0	0	0	0	0	0	0	0	0	0	0	0	0	0	0	0	0	0	0	0	0	0	0	0	0	0	0	0	0	0	0	0	0	0	0	0	0	0	0	0	0	0	0	0	0	0	0	0	0	0	0	0	0	0	0	0	0	0	0	0	0	0	0	0	0	0	0	0	0	0	0	0	0	0	0	0	0	0	0
8000000.0001	0	0	0	0	0	0	0	0	0	0	0	0	0	0	0	0	0	0	0	0	0	0	0	0	0	0	0	0	0	0	0	0	0	0	0	0	0	0	0	0	0	0	0	0	0	0	0	0	0	0	0	0	0	0	0	0	0	0	0	0	0	0	0	0	0	0	0	0	0	0	0	0	0	0	0	0	0	0	0	0	0	0	0	0	0	0	0	0	0	0	0	0	0	0	0	0	0	0	0	0
8000000.0001	0	0	0	0	0	0	0	0	0	0	0	0	0	0	0	0	0	0	0	0	0	0	0	0	0	0	0	0	0	0	0	0	0	0	0	0	0	0	0	0	0	0	0	0	0	0	0	0	0	0	0	0	0	0	0	0	0	0	0	0	0	0	0	0	0	0	0	0	0	0	0	0	0	0	0	0	0	0	0	0	0	0	0	0	0	0	0	0	0	0	0	0	0	0	0	0	0	0	0	0
8000000.0001	0	0	0	0	0	0	0	0	0	0	0	0	0	0	0	0	0	0	0	0	0	0	0	0	0	0	0	0	0	0	0	0	0	0	0	0	0	0	0	0	0	0	0	0	0	0	0	0	0	0	0	0	0	0	0	0	0	0	0	0	0	0	0	0	0	0	0	0	0	0	0	0	0	0	0	0	0	0	0	0	0	0	0	0	0	0	0	0	0	0	0	0	0	0	0	0	0	0	0	0
8000000.0001	0	0	0	0	0	0	0	0	0	0	0	0	0	0	0	0	0	0	0	0	0	0	0	0	0	0	0	0	0	0	0	0	0	0	0	0	0	0	0	0	0	0	0	0	0	0	0	0	0	0	0	0	0	0	0	0	0	0	0	0	0	0	0	0	0	0	0	0	0	0	0	0	0	0	0	0	0	0	0	0	0	0	0	0	0	0	0	0	0	0	0	0	0	0	0	0	0	0	0	0
8000000.0001	0	0	0	0	0	0	0	0	0	0	0	0	0	0	0	0	0	0	0	0	0	0	0	0	0	0	0	0	0	0	0	0	0	0	0	0	0	0	0	0	0	0	0	0	0	0	0	0	0	0	0	0	0	0	0	0	0	0	0	0	0	0	0	0	0	0	0	0	0	0	0	0	0	0	0	0	0	0	0	0	0	0	0	0	0	0	0	0	0	0	0	0	0	0	0	0	0	0	0	0
8000000.0001	0	0	0	0	0	0	0	0	0	0	0	0	0	0	0	0	0	0	0	0	0	0	0	0	0	0	0	0	0	0	0	0	0	0	0	0	0	0	0	0	0	0	0	0	0	0	0	0	0	0	0	0	0	0	0	0	0	0	0	0	0	0	0	0	0	0	0	0	0	0	0	0	0	0	0	0	0	0	0	0	0	0	0	0	0	0	0	0	0	0	0	0	0	0	0	0	0	0	0	0
8000000.0001	0	0	0	0	0	0	0	0	0	0	0	0	0	0	0	0	0	0	0	0	0	0	0	0	0	0	0	0	0	0	0	0	0	0	0	0	0	0	0	0	0	0	0	0	0	0	0	0	0	0	0	0	0	0	0	0	0	0	0	0	0	0	0	0	0	0	0	0	0	0	0	0	0	0	0	0	0	0	0	0	0	0	0	0	0	0	0	0	0	0	0	0	0	0	0	0	0	0	0	0
8000000.0001	0	0	0	0	0	0	0	0	0	0	0	0	0	0	0	0	0	0	0	0	0	0	0	0	0	0	0	0	0	0	0	0	0	0	0	0	0	0	0	0	0	0	0	0	0	0	0	0	0	0	0	0	0	0	0	0	0	0	0	0	0	0	0	0	0	0	0	0	0	0	0	0	0	0	0	0	0	0	0	0	0	0	0	0	0	0	0	0	0	0	0	0	0	0	0	0	0	0	0	0
8000000.0001	0	0	0	0	0	0	0	0	0	0	0	0	0	0	0	0	0	0	0	0	0	0	0	0	0	0	0	0	0	0	0	0	0	0	0	0	0	0	0	0	0	0	0	0	0	0	0	0	0	0	0	0	0	0	0	0	0	0	0	0	0	0	0	0	0	0	0	0	0	0	0	0	0	0	0	0	0	0	0	0	0	0	0	0	0	0	0	0	0	0	0	0	0	0	0	0	0	0	0	0
8000000.0001	0	0	0	0	0	0	0	0	0	0	0	0	0	0	0	0	0	0	0	0	0	0	0	0	0	0	0	0	0	0	0	0	0	0	0	0	0	0	0	0	0	0	0	0	0	0	0	0	0	0	0	0	0	0	0	0	0	0	0	0	0	0	0	0	0	0	0	0	0	0	0	0	0	0	0	0	0	0	0	0	0	0	0	0	0	0	0	0	0	0	0	0	0	0	0	0	0	0	0	0
8000000.0001	0	0	0	0	0	0	0	0	0	0	0	0	0	0	0	0	0	0	0	0	0	0	0	0	0	0	0	0	0	0	0	0	0	0	0	0	0	0	0	0	0	0	0	0	0	0	0	0	0	0	0	0	0	0	0	0	0	0	0	0	0	0	0	0	0	0	0	0	0	0	0	0	0	0	0	0	0	0	0	0	0	0	0	0	0	0	0	0	0	0	0	0	0	0	0	0	0	0	0	0
8000000.0001	0	0	0	0	0	0	0	0	0	0	0	0	0	0	0	0	0	0	0	0	0	0	0	0	0	0	0	0	0	0	0	0	0	0	0	0	0	0	0	0	0	0	0	0	0	0	0	0	0	0	0	0	0	0	0	0	0	0	0	0	0	0	0	0	0	0	0	0	0	0	0	0	0	0	0	0	0	0	0	0	0	0	0	0	0	0	0	0	0	0	0	0	0	0	0	0	0	0	0	0
8000000.0001	0	0	0	0	0	0	0	0	0	0	0	0	0	0	0	0	0	0	0	0	0	0	0	0	0	0	0	0	0	0	0	0	0	0	0	0	0	0	0	0	0	0	0	0	0	0	0	0	0	0	0	0	0	0	0	0	0	0	0	0	0	0	0	0	0	0	0	0	0	0	0	0	0	0	0	0	0	0	0	0	0	0	0	0	0	0	0	0	0	0	0	0	0	0	0	0	0	0	0	0
8000000.0001	0	0	0	0	0	0	0	0	0	0	0	0	0	0	0	0	0	0	0	0	0	0	0	0	0	0	0	0	0	0	0	0	0	0	0	0	0	0	0	0	0	0	0	0	0	0	0	0	0	0	0	0	0	0	0	0	0	0	0	0	0	0	0	0	0	0	0	0	0	0	0	0	0	0	0	0	0	0	0	0	0	0	0	0	0	0	0	0	0	0	0	0	0	0	0	0	0	0	0	0
8000000.0001	0	0	0	0	0	0	0	0	0	0	0	0	0	0	0	0	0	0	0	0	0	0	0	0	0	0	0	0	0	0	0	0	0	0	0	0	0	0	0	0	0	0	0	0	0	0	0	0	0	0	0	0	0	0	0	0	0	0	0	0	0	0	0	0	0	0	0	0	0	0	0	0	0	0	0	0	0	0	0	0	0	0	0	0	0	0	0	0	0	0	0	0	0	0	0	0	0	0	0	0
8000000.0001	0	0	0	0	0	0	0	0	0	0	0	0	0	0	0	0	0	0	0	0	0	0	0	0	0	0	0	0	0	0	0	0	0	0	0	0	0	0	0	0	0	0	0	0	0	0	0	0	0	0	0	0	0	0	0	0	0	0	0	0	0	0	0	0	0	0	0	0	0	0	0	0	0	0	0	0	0	0	0	0	0	0	0	0	0	0	0	0	0	0	0	0	0	0	0	0	0	0	0	0
8000000.0001	0	0	0	0	0	0	0	0	0	0	0	0	0	0	0	0	0	0	0	0	0	0	0	0	0	0	0	0	0	0	0	0	0	0	0	0	0	0	0	0	0	0	0	0	0	0	0	0	0	0	0	0	0	0	0	0	0	0	0	0	0	0	0	0	0	0	0	0	0	0	0	0	0	0	0	0	0	0	0	0	0	0	0	0	0	0	0	0	0	0	0	0	0	0	0	0	0	0	0	0
8000000.0001	0	0	0	0	0	0	0	0	0	0	0	0	0	0	0	0	0	0	0	0	0	0	0	0	0	0	0	0	0	0	0	0	0	0	0	0	0	0	0	0	0	0	0	0	0	0	0	0	0	0	0	0	0	0	0	0	0	0	0	0	0	0	0	0	0	0	0	0	0	0	0	0	0	0	0	0	0	0	0	0	0	0	0	0	0	0	0	0	0	0	0	0	0	0	0	0	0	0	0	0
8000000.0001	0	0	0	0	0	0	0	0	0	0	0	0	0	0	0	0	0	0	0	0	0	0	0	0	0	0	0	0	0	0	0	0	0	0	0	0	0	0	0	0	0	0	0	0	0	0	0	0	0	0	0	0	0	0	0	0	0	0	0	0	0	0	0	0	0	0	0	0	0	0	0	0	0	0	0	0	0	0	0	0	0	0	0	0	0	0	0	0	0	0	0	0	0	0	0	0	0	0	0	0
8000000.0001	0	0	0	0	0	0	0	0	0	0	0	0	0	0	0	0	0	0	0	0	0	0	0	0	0	0	0	0	0	0	0	0	0	0	0	0	0	0	0	0	0	0	0	0	0	0	0	0	0	0	0	0	0	0	0	0	0	0	0	0	0	0	0	0	0	0	0	0	0	0	0	0	0	0	0	0	0	0	0	0	0	0	0	0	0	0	0	0	0	0	0	0	0	0	0	0	0	0	0	0
8000000.0001	0	0	0	0	0	0	0	0	0	0	0	0	0	0	0	0	0	0	0	0	0	0	0	0	0	0	0	0	0	0	0	0	0	0	0	0	0	0	0	0	0	0	0	0	0	0	0	0	0	0	0	0	0	0	0	0	0	0	0	0	0	0	0	0	0	0	0	0	0	0	0	0	0	0	0	0	0	0	0	0	0	0	0	0	0	0	0	0	0	0	0	0	0	0	0	0	0	0	0	0
8000000.0001	0	0	0	0	0	0	0	0	0	0	0	0	0	0	0	0	0	0	0	0	0	0	0	0	0	0	0	0	0	0	0	0	0	0	0	0	0	0	0	0	0	0	0	0	0	0	0	0	0	0	0	0	0	0	0	0	0	0	0	0	0	0	0	0	0	0	0	0	0	0	0	0	0	0	0	0	0	0	0	0	0	0	0	0	0	0	0	0	0	0	0	0	0	0	0	0	0	0	0	0
8000000.0001	0	0	0	0	0	0	0	0	0	0	0	0	0	0	0	0	0	0	0	0	0	0	0	0	0	0	0	0	0	0	0	0	0	0	0	0	0	0	0	0	0	0	0	0	0	0	0	0	0	0	0	0	0	0	0	0	0	0	0	0	0	0	0	0	0	0	0	0	0	0	0	0	0	0	0	0	0	0	0	0	0	0	0	0	0	0	0	0	0	0	0	0	0	0	0	0	0	0	0	0
8000000.0001	0	0	0	0	0	0	0	0	0	0	0	0	0	0	0	0	0	0	0	0	0	0	0	0	0	0	0	0	0	0	0	0	0	0	0	0	0	0	0	0	0	0	0	0	0	0	0	0	0	0	0	0	0	0	0	0	0	0	0	0	0	0	0	0	0	0	0	0	0	0	0	0	0	0	0	0	0	0	0	0	0	0	0	0	0	0	0	0	0	0	0	0	0	0	0	0	0	0	0	0
8000000.0001	0	0	0	0	0	0	0	0	0	0	0	0	0	0	0	0	0	0	0	0	0	0	0	0	0	0	0	0	0	0	0	0	0	0	0	0	0	0	0	0	0	0	0	0	0	0	0	0	0	0	0	0	0	0	0	0	0	0	0	0	0	0	0	0	0	0	0	0	0	0	0	0	0	0	0	0	0	0	0	0	0	0	0	0	0	0	0	0	0	0	0	0	0	0	0	0	0	0	0	0
8000000.0001	0	0	0	0	0	0	0	0	0	0	0	0	0	0	0	0	0	0	0	0	0	0	0	0	0	0	0	0	0	0	0	0	0	0	0	0	0	0	0	0	0	0	0	0	0	0	0	0	0	0	0	0	0	0	0	0	0	0	0	0	0	0	0	0	0	0	0	0	0	0	0	0	0	0	0	0	0	0	0	0	0	0	0	0	0	0	0	0	0	0	0	0	0	0	0	0	0	0	0	0
8000000.0001	0	0	0	0	0	0	0	0	0	0	0	0	0	0	0	0	0	0	0	0	0	0	0	0	0	0	0	0	0	0	0	0	0	0	0	0	0	0	0	0	0	0	0	0	0	0	0	0	0	0	0	0	0	0	0	0	0	0	0	0	0	0	0	0	0	0	0	0	0	0	0	0	0	0	0	0	0	0	0	0	0	0	0	0	0	0	0	0	0	0	0	0	0	0	0	0	0	0	0	0
8000000.0001	0	0	0	0	0	0	0	0	0	0	0	0	0	0	0	0	0	0	0	0	0	0	0	0	0	0	0	0	0	0	0	0	0	0	0	0	0	0	0	0	0	0	0	0	0	0	0	0	0	0	0	0	0	0	0	0	0	0	0	0	0	0	0	0	0	0	0	0	0	0	0	0	0	0	0	0	0	0	0	0	0	0	0	0	0	0	0	0	0	0	0	0	0	0	0	0	0	0	0	0
8000000.0001	0	0	0	0	0	0	0	0	0	0	0	0	0	0	0	0	0	0	0	0	0	0	0	0	0	0	0	0	0	0	0	0	0	0	0	0	0	0	0	0	0	0	0	0	0	0	0	0	0	0	0	0	0	0	0	0	0	0	0	0	0	0	0	0	0	0	0	0	0	0	0	0	0	0	0	0	0	0	0	0	0	0	0	0	0	0	0	0	0	0	0	0	0	0	0	0	0	0	0	0
8000000.0001	0	0	0	0	0	0	0	0	0	0	0	0	0	0	0	0	0	0	0	0	0	0	0	0	0	0	0	0	0	0	0	0	0	0	0	0	0	0	0	0	0	0	0	0	0	0	0	0	0	0	0	0	0	0	0	0	0	0	0	0	0	0	0	0	0	0	0	0	0	0	0	0	0	0	0	0	0	0	0	0	0	0	0	0	0	0	0	0	0	0	0	0	0	0	0	0	0	0	0	0
8000000.0001	0	0	0	0	0	0	0	0	0	0	0	0	0	0	0	0	0	0	0	0	0	0	0	0	0	0	0	0	0	0	0	0	0	0	0	0	0	0	0	0	0	0	0	0	0	0	0	0	0	0	0	0	0	0	0	0	0	0	0	0	0	0	0	0	0	0	0	0	0	0	0	0	0	0	0	0	0	0	0	0	0	0	0	0	0	0	0	0	0	0	0	0	0	0	0	0	0	0	0	0
8000000.0001	0	0	0	0	0	0	0	0	0	0	0	0	0	0	0	0	0	0	0	0	0	0	0	0	0	0	0	0	0	0	0	0	0	0	0	0	0	0	0	0	0	0	0	0	0	0	0	0	0	0	0	0	0	0	0	0	0	0	0	0	0	0	0	0	0	0	0	0	0	0	0	0	0	0	0	0	0	0	0	0	0	0	0	0	0	0	0	0	0	0	0	0	0	0	0	0	0	0	0	0
8000000.0001	0	0	0	0	0	0	0	0	0	0	0	0	0	0	0	0	0	0	0	0	0	0	0	0	0	0	0	0	0	0	0	0	0	0	0	0	0	0	0	0	0	0	0	0	0	0	0	0	0	0	0	0	0	0	0	0	0	0	0	0	0	0	0	0	0	0	0	0	0	0	0	0	0	0	0	0	0	0	0	0	0	0	0	0	0	0	0	0	0	0	0	0	0	0	0	0	0	0	0	0
8000000.0001	0	0	0	0	0	0	0	0	0	0	0	0	0	0	0	0	0	0	0	0	0	0	0	0	0	0	0	0	0	0	0	0	0	0	0	0	0	0	0	0	0	0	0	0	0	0	0	0	0	0	0	0	0	0	0	0	0	0	0	0	0	0	0	0	0	0	0	0	0	0	0	0	0	0	0	0	0	0	0	0	0	0	0	0	0	0	0	0	0	0	0	0	0	0	0	0	0	0	0	0
8000000.0001	0	0	0	0	0	0	0	0	0	0	0	0	0	0	0	0	0	0	0	0	0	0	0	0	0	0	0	0	0	0	0	0	0	0	0	0	0	0	0	0	0	0	0	0	0	0	0	0	0	0	0	0	0	0	0	0	0	0	0	0	0	0	0	0	0	0	0	0	0	0	0	0	0	0	0	0	0	0	0	0	0	0	0	0	0	0	0	0	0	0	0	0	0	0	0	0	0	0	0	0
8000000.0001	0	0	0	0	0	0	0	0	0	0	0	0	0	0	0	0	0	0	0	0	0	0	0	0	0	0	0	0	0	0	0	0	0	0	0	0	0	0	0	0	0	0	0	0	0	0	0	0	0	0	0	0	0	0	0	0	0	0	0	0	0	0	0	0	0	0	0	0	0	0	0	0	0	0	0	0	0	0	0	0	0	0	0	0	0	0	0	0	0	0	0	0	0	0	0	0	0	0	0	0
8000000.0001	0	0	0	0	0	0	0	0	0	0	0	0	0	0	0	0	0	0	0	0	0	0	0	0	0	0	0	0	0	0	0	0	0	0	0	0	0	0	0	0	0	0	0	0	0	0	0	0	0	0	0	0	0	0	0	0	0	0	0	0	0	0	0	0	0	0	0	0	0	0	0	0	0	0	0	0	0	0	0	0	0	0	0	0	0	0	0	0	0	0	0	0	0	0	0	0	0	0	0	0
8000000.0001	0	0	0	0	0	0	0	0	0	0	0	0	0	0	0	0	0	0	0	0	0	0	0	0	0	0	0	0	0	0	0	0	0	0	0	0	0	0	0	0	0	0	0	0	0	0	0	0	0	0	0	0	0	0	0	0	0	0	0	0	0	0	0	0	0	0	0	0	0	0	0	0	0	0	0	0	0	0	0	0	0	0	0	0	0	0	0	0	0	0	0	0	0	0	0	0	0	0	0	0
8000000.0001	0	0	0	0	0	0	0	0	0	0	0	0	0	0	0	0	0	0	0	0	0	0	0	0	0	0	0	0	0	0	0	0	0	0	0	0	0	0	0	0	0	0	0	0	0	0	0	0	0	0	0	0	0	0	0	0	0	0	0	0	0	0	0	0	0	0	0	0	0	0	0	0	0	0	0	0	0	0	0	0	0	0	0	0	0	0	0	0	0	0	0	0	0	0	0	0	0	0	0	0
8000000.0001	0	0	0	0	0	0	0	0	0	0	0	0	0	0	0	0	0	0	0	0	0	0	0	0	0	0	0	0	0	0	0	0	0	0	0	0	0	0	0	0	0	0	0	0	0	0	0	0	0	0	0	0	0	0	0	0	0	0	0	0	0	0	0	0	0	0	0	0	0	0	0	0	0	0	0	0	0	0	0	0	0	0	0	0	0	0	0	0	0	0	0	0	0	0	0	0	0	0	0	0
8000000.0001	0	0	0	0	0	0	0	0	0	0	0	0	0	0	0	0	0	0	0	0	0	0	0	0	0	0	0	0	0	0	0	0	0	0	0	0	0	0	0	0	0	0	0	0	0	0	0	0	0	0	0	0	0	0	0	0	0	0	0	0	0	0	0	0	0	0	0	0	0	0	0	0	0	0	0	0	0	0	0	0	0	0	0	0	0	0	0	0	0	0	0	0	0	0	0	0	0	0	0	0
8000000.0001	0	0	0	0	0	0	0	0	0	0	0	0	0	0	0	0	0	0	0	0	0	0	0	0	0	0	0	0	0	0	0	0	0	0	0	0	0	0	0	0	0	0	0	0	0	0	0	0	0	0	0	0	0	0	0	0	0	0	0	0	0	0	0	0	0	0	0	0	0	0	0	0	0	0	0	0	0	0	0	0	0	0	0	0	0	0	0	0	0	0	0	0	0	0	0	0	0	0	0	0
8000000.0001	0	0	0	0	0	0	0	0	0	0	0	0	0	0	0	0	0	0	0	0	0	0	0	0	0	0	0	0	0	0	0	0	0	0	0	0	0	0	0	0	0	0	0	0	0	0	0	0	0	0	0	0	0	0	0	0	0	0	0	0	0	0	0	0	0	0	0	0	0	0	0	0	0	0	0	0	0	0	0	0	0	0	0	0	0	0	0	0	0	0	0	0	0	0	0	0	0	0	0	0
8000000.0001	0	0	0	0	0	0	0	0	0	0	0	0	0	0	0	0	0	0	0	0	0	0	0	0	0	0	0	0	0	0	0	0	0	0	0	0	0	0	0	0	0	0	0	0	0	0	0	0	0	0	0	0	0	0	0	0	0	0	0	0	0	0	0	0	0	0	0	0	0	0	0	0	0	0	0	0	0	0	0	0	0	0	0	0	0	0	0	0	0	0	0	0	0	0	0	0	0	0	0	0
8000000.0001	0	0	0	0	0	0	0	0	0	0	0	0	0	0	0	0	0	0	0	0	0	0	0	0	0	0	0	0	0	0	0	0	0	0	0	0	0	0	0	0	0	0	0	0	0	0	0	0	0	0	0	0	0	0	0	0	0	0	0	0	0	0	0	0	0	0	0	0	0	0	0	0	0	0	0	0	0	0	0	0	0	0	0	0	0	0	0	0	0	0	0	0	0	0	0	0	0	0	0	0
8000000.0001	0	0	0	0	0	0	0	0	0	0	0	0	0	0	0	0	0	0	0	0	0	0	0	0	0	0	0	0	0	0	0	0	0	0	0	0	0	0	0	0	0	0	0	0	0	0	0	0	0	0	0	0	0	0	0	0	0	0	0	0	0	0	0	0	0	0	0	0	0	0	0	0	0	0	0	0	0	0	0	0	0	0	0	0	0	0	0	0	0	0	0	0	0	0	0	0	0	0	0	0
8000000.0001	0	0	0	0	0	0	0	0	0	0	0	0	0	0	0	0	0	0	0	0	0	0	0	0	0	0	0	0	0	0	0	0	0	0	0	0	0	0	0	0	0	0	0	0	0	0	0	0	0	0	0	0	0	0	0	0	0	0	0	0	0	0	0	0	0	0	0	0	0	0	0	0	0	0	0	0	0	0	0	0	0	0	0	0	0	0	0	0	0	0	0	0	0	0	0	0	0	0	0	0
8000000.0001	0	0	0	0	0	0	0	0	0	0	0	0	0	0	0	0	0	0	0	0	0	0	0	0	0	0	0	0	0	0	0	0	0	0	0	0	0	0	0	0	0	0	0	0	0	0	0	0	0	0	0	0	0	0	0	0	0	0	0	0	0	0	0	0	0	0	0	0	0	0	0	0	0	0	0	0	0	0	0	0	0	0	0	0	0	0	0	0	0	0	0	0	0	0	0	0	0	0	0	0
8000000.0001	0	0	0	0	0	0	0	0	0	0	0	0	0	0	0	0	0	0	0	0	0	0	0	0	0	0	0	0	0	0	0	0	0	0	0	0	0	0	0	0	0	0	0	0	0	0	0	0	0	0	0	0	0	0	0	0	0	0	0	0	0	0	0	0	0	0	0	0	0	0	0	0	0	0	0	0	0	0	0	0	0	0	0	0	0	0	0	0	0	0	0	0	0	0	0	0	0	0	0	0
8000000.0001	0	0	0	0	0	0	0	0	0	0	0	0	0	0	0	0	0	0	0	0	0	0	0	0	0	0	0	0	0	0	0	0	0	0	0	0	0	0	0	0	0	0	0	0	0	0	0	0	0	0	0	0	0	0	0	0	0	0	0	0	0	0	0	0	0	0	0	0	0	0	0	0	0	0	0	0	0	0	0	0	0	0	0	0	0	0	0	0	0	0	0	0	0	0	0	0	0	0	0	0
8000000.0001	-2348.98	-16537	-12022	-13421.8	39028.7	3326.34	15137.2	33217.7	24927.9	7151.77	6031.93	-5260.24	-29622.5	22512.2	45023	31768.2	7606.26	-16155.4	-16995	-63517.5	27884.1	20960.3	5536.48	34184.7	-22697	43167.2	-88795.7	-60768.9	28307.2	-20515.2	-10641.6	-6456.9	18645.7	26063.6	41426.3	-12923.6	-8408.64	5174.02	3275.03	29708.5	14171.2	53576.6	28441.2	-12872.3	-72000.8	-34675.7	-11008.1	6074.82	8766.68	10937.8	-35687.7	-6671.95	-58660.1	6476.3	-6963.01	33112.5	13731.9	-29829.3	2761.31	15623.4	-46013.9	29095.7	23810	-40133.8	34216.5	-28645.1	-19627.4	20079	8983.69	2008.57	-1318.59	-21525.2	-6601.25	-51314.3	-17278.2	-11252.6	53518.3	24505.2	21023.9	19953.1	-1259.05	-8063.29	51037.6	14174.2	1090.44	6488.99	-44875.8	2874.38	2850.14	-32248.9	-17593.2	-5481.69	-34431	43290.1	8469.15	30960.2	-18971.5	7139.58	-5702.32	-29284.2
8000000.0001	-41572	-17955.4	13264.8	-36341.3	5764.16	13891.6	22542.8	-10455.7	-3144.5	-3954.14	-36149.8	-27830.6	17612.9	53952.9	-4207.22	5433.55	31721.3	-5132.08	2164.54	-11998.1	-25125.1	9985.04	5610.18	16237.5	-11189.9	13201.1	-27379.4	-7697.29	32434	-21104.9	-20408.4	-1513.38	-9479.93	33467.5	-17156.9	-50446.9	28369.9	-2350.34	44306.8	39330.3	15662.4	57182.9	-15534.1	-57968.1	2647.95	10666.4	-1270.22	-3665.11	-64236.7	-54555.6	-28057.5	49489.6	-13397.9	11945.6	40981.5	-4586.21	-10071.7	3775.1	46894	52161	38034.2	30767.2	21967.6	30518	-64351.7	31268.2	-13281.6	34454.1	335.572	6523.36	-21798.2	15114.7	-40267	-7079.09	-26110.3	-19638.9	-35166.3	19390	17111.4	-40241.7	17601.5	54291.6	-38515.9	7042.82	-19479.6	22931.7	-600.355	27322.6	16753.1	24774.3	-15159.7	5020.83	20415.9	5.21526	46221.8	-18677.4	-15822.7	-11125.3	-30946.8	7410.13
8000000.0001	-21463.4	-11851.1	-4619.09	908.011	25001.8	-5664.52	29969.8	-6383.87	44689.4	-6536.49	-33066.2	6093.09	-12249.6	-4002.4	44520.8	-15054	-12211.3	-34609.6	3187.58	6953.86	-42818.7	-36992.9	-23820.7	-38.563	-39934.5	5587.69	-30582.7	-2182.78	32031.4	-72857.5	-28586.1	-19658.4	17125.6	-2478.98	4515.29	-30353.7	7269.16	-30496.5	5870.12	-22483.8	-12278.8	2561.2	11315.6	7228.11	-8729.32	-31837.8	24913.6	25991.6	3190.17	-21093.3	4030.49	-58157.7	-20158.2	-36135	29756	-42518.4	-32307.7	30522.8	-24773.8	18956.8	-84033.4	-45034.1	-14473.8	-34972.1	43986.4	-24469.5	-1676.19	19189.5	-39618	13275.1	37852.7	-5091.86	79110	14116.3	34682.3	-38963.4	-50809.7	-11597.6	-10877.2	-44927.5	23357.3	1330.7	14410.8	-13364.7	-6581.44	-848.865	-9437.34	-22154.4	49782.6	2587.37	-1714.55	-9390.48	-34624.7	5807.83	-316.767	-19026.9	-12885.3	11827.6	28453.1	-28599.6
8000000.0001	-15621.8	14905.7	-27906	-94059.6	183.86	-9660.68	-201.193	-7579.34	-18809.4	-23815.1	7643.26	-30414.3	1666.5	22321.9	-3145.62	-1478.44	44995.7	10249.4	-6247.69	34427.6	15915.8	-20711.8	7030.43	-13909.6	4819.94	14094.1	-7202.54	-40860.4	-11740.6	-49031.2	42707.5	9036.51	-19295.9	-28325	-10929	-65585.5	2729.58	21983.7	3974.52	6161.56	-43803.2	-12656.6	-39494.3	30867.1	-5414.15	11056.8	-19457.7	-27320.9	19690.5	-14168.5	-8526.16	-32705.2	-14515.6	-17814.8	-19400	-59356.1	-10616.6	33972.4	15778.2	18706.4	23560.5	10213.2	19758.5	42684.5	3235.57	-8260.3	70472.1	5887.91	34389.6	36254.6	-3665.37	39652.9	-27868.2	46825.5	-68835.8	27823	-3037.49	-50429.4	-6031.46	-111506	-34802.5	23731.3	5595.44	-4202.27	-11925.6	-40498.1	-8656.99	-8056.98	40324.6	20521.2	-2330.62	-26255.6	-44675	5745.42	24727.7	-22469.8	15732.3	32566.5	-22030.5	-12468.2
8000000.0001	23620.2	-18557.8	-43811.9	51818.7	15189.4	48802.7	-11475.5	-29691.6	-17000.7	26716.5	-22660.1	-639.982	-50791.9	-13456.5	-2740.39	-36234.6	-32726.4	20831.4	20250.9	24276.2	-16856.3	16668.4	-20829.7	23248.1	10475	21087.2	-51621.3	10349.5	104901	34953.7	36180	37736	14846.9	-9709.54	19591.7	-22277.3	-9756.34	-43908.9	-35292.9	7518.7	30683	-51650.8	-14501.3	1656.64	4050.03	51115.2	4403.31	30565.8	22393.4	-21301.2	10731.4	-59000	10684.7	17568.7	64855.6	35196.6	-30164	-22280.1	-22790.2	23034.8	-5641.77	-16624.5	-36626.4	48131.1	-2989.42	-3302.11	-8191.23	-34364.4	-44745	-52051.8	-2882.02	-42910.9	-27083.5	2473.87	-6698.95	20014.3	1814.01	-17499.9	-15228.9	-10129.7	16617.2	13748.6	47325.1	-1882.26	30808.1	25487.8	18620.4	56700.7	14489.5	-27976.9	-18745.8	23279.3	39651.6	-28642.4	49517.2	43423.8	22496.2	-29065.2	-19919.5	7170.3
8000000.0001	32930.7	-12371.9	29931.3	16686.3	-11904.4	20850.2	7604.27	8906.2	19205.5	-3848.41	15820.1	25127.7	24529.1	24621	22723.1	12643.5	-27964.2	11216.1	36936	-2019.11	-2775.34	-39014.6	-13872.8	57950	-13217.3	44484.4	48759	-3933.85	-67057	6680.19	-41390.8	36922.5	-42314.2	4888.17	-40220.4	10975.8	-22215	10998.6	38928.9	43858.4	14120.2	-4117.55	16741.9	7825.6	-11902.7	-63157.4	23817.9	-10262.9	9629.71	47308.3	-7605.14	13430.7	2551.62	1640.62	-43608.3	-9378.58	17116.9	-34322.2	50145.9	-11599	-15828.8	-44656.8	-24015.7	40153.2	-44360.3	-5694.34	10311.2	-32911.3	33775.6	-30392	-13377.3	-27906.7	-29806.8	-20528.7	1433.46	-17304.5	-1056.98	2210.47	-36236.8	4628.02	-3565.51	35631.7	-200.053	81099.6	-1178.38	51937.1	-24814.8	-10318.6	19706.6	-23951.2	31705.9	-17987.2	-726.952	3106.79	-12029.3	11796.5	18051.2	-18681.4	5194.59	19285.8
8000000.0001	-1130.32	-17741.9	48156.8	16399.7	17651.8	20030.1	-2652.62	92704.8	-1613.6	51487.8	-22672.2	-60525.7	-55584.9	-2613.53	17458.2	35943.4	-574.942	50052.8	1715.79	49302.3	-35331.9	12626.1	3204.87	10319.4	-468.257	-10238.2	5349.75	16085.8	-49677.7	-28790.3	10767.2	-19441.2	33934.2	7581.87	-36943.7	40745.8	-40946.9	-35629.8	779.245	38906.9	-6932.02	13417	-26594.9	18117.6	-34815.9	-39287.1	-29728.8	44338.1	8592.15	-76255	36060.2	-33040.2	-56555.1	74306.9	11259.7	-22743.5	7268.21	-47518.9	31166.8	-7266.29	24205.1	16142.1	-224.182	20822.8	7016.48	27168.9	-50229.4	-47969.6	-11802.1	19554.7	25627.9	22236.1	30513.3	8120.95	-21430	-17424.9	17734.5	-2039.89	-10534.3	53177.2	-6143.59	24145.9	-14163.1	-27773.6	-7881.24	-15310.4	-6187.4	1207.23	-8897.04	19624.6	-26842.6	-1268.58	-13173.4	-24054.1	16468.3	-47217.4	-18964.9	19595.4	12184	4510.77
8000000.0001	36563.9	-1999.86	-11796.4	27024.3	-30635.1	59296.9	45364.1	4822.34	41435.1	59639.9	-23683	-45819.1	-11235.3	-32448.5	-23703.3	49224.6	-41313	16413	-22806.1	17844.7	53509.6	7389.64	64671.6	-30628.7	14819.8	-16219.2	-24779.7	6913.94	-35414.3	-2483.15	39912	-2308.4	-63482.9	6275.86	12084.6	-24506.8	-521.751	27773.2	13731.2	-45455.8	-15371.1	13417.3	5222.19	20776.2	-37425.9	37372.2	-13429	16095.2	2820.63	-27146.2	-1471.1	10385.5	-31458.6	-37332.2	-11472.7	31713.8	-13130.9	6489.23	-15625.3	-15159.6	-6753.37	26906.5	40486.8	11082.3	-1004.74	-26416.6	30626	-24348.5	6657.81	12449.8	-13003.2	45855.1	-9553.75	-29753	-10390.4	5231.2	7690.95	4687.43	-18870.5	-39690.7	-32130.9	-11182	-14070.5	-14152.6	42587.1	26308.8	8418.4	-6330.64	-9792.62	-2899.13	17960.9	6409.54	-16713.6	54384	41376.1	5423.95	33446.8	-19191.3	-29508.5	5178.89
8000000.0001	-21368.3	-12121.2	11570.5	18064.7	13591.2	3831.45	39768.6	820.315	8576.24	37238.9	23938.9	-10533.4	11047.2	25469.4	-41699.8	-27206.8	2006.22	-11093.7	-2011.22	2805.97	-7487.93	-39573.9	7435.94	-61128.8	18126.2	800.992	55847.5	12500.6	-6951.56	9080.75	21723.5	12021.9	-1812.04	-18714	15402.4	5533.58	41380.4	-5022.91	7012.24	8401.3	-17568.4	-7330.11	15040.7	-8903.8	-17666.3	-4261.81	29852.8	8975.61	9609.27	14883.3	-33756	-40441.1	9421.91	24257.3	-36047.4	6378.17	29092	41063.7	-10283.3	5567.22	25946.7	-23965.4	1734.7	30539.1	-7840.49	18390.7	27588.7	13231.8	-2075	35388.9	-45967.9	-24962.7	-30975.8	-42517	1853.59	13341.1	-4069.18	4542.05	-14503.3	-60964.4	-8489.32	-26331.7	-35895.2	10482.5	2393.06	22912	20980	2316.88	10150.6	24689	-9128.48	14528	-6813.04	-1446.36	40464.1	-35636.9	23495.1	-902.915	-1123.87	38402.7
8000000.0001	19339.1	-8639.44	17437.2	3399.64	-17066	34059	-22768.3	21314.9	-1207	8757.36	7140.05	21044.2	22221.8	42615.1	-74329	-11680.2	-52296	6172.07	-1192.44	-22556.7	-21114.3	32850.3	1421.1	31550	-21223	8997.22	-36351.3	-16898.1	17557	4235.57	-28737.7	-39825.3	13286.7	24444.9	25663.2	-51866.4	19079.2	-24342.6	3754.32	-17731.9	-5796.48	-25997.2	-9538.24	1741.28	-55295	41453.9	-37679.1	-16890.3	3284.58	33091.1	14447.6	-3183.65	22184.4	25580.3	21992.4	-33891.8	3192.69	-36122.3	3015.12	-11842.9	-5702.76	14068.2	-12596.3	-22785	-776.903	-25717.7	-16013	-27497	36502.7	13384.9	-15753.7	-25060.6	6627.58	-18198.6	7783	-35087.6	34317	-105853	-5812.79	-34166.2	-40614.4	-18187	30943.8	46078.6	7734.99	4361.02	-39975.7	-82227.9	15996.7	10320.3	-25489.1	-35310.4	-9222.8	-18650	-42607.8	28872.8	-56769.8	-8101.27	12286.7	2538.06
8000000.0001	-1233.74	2436.16	25424.5	25031.6	-19746.8	-33099.9	7689.68	-42808	51239.3	-17634.2	12136.9	33102.7	17106.9	14175.9	5783.06	7178.81	-5304.06	38817.8	1827.65	-4256.1	12623.8	4094.85	-57089.5	-13177.1	-36336	-12236.9	-10032.9	-14167	15706.9	-1390	29736.9	-6617.75	15275.1	-15296.3	31064.1	-33761.7	-6723.97	29381.1	-41197.3	60072.7	13107.8	18025.9	-1822.92	-13972.5	-243.892	-58795.3	-37137.2	15952.3	-24143.2	-21333.4	46305.6	32807.9	-55595.6	4241.38	-6890.47	53162.5	-3596.09	-7303.43	28706.6	-12338.9	64032.7	-34171.6	-25793.3	1092	12527.6	-40025.3	4266.36	7703.81	38197.7	43421.5	-24304.2	-12773.2	19180.5	-12701.6	85954.9	16442.2	-2209.2	-24873.4	25364.5	24363	49449.9	-54890.7	-6564.14	13628.8	38148.2	314.455	-44998.1	15461.3	-8106.98	121.846	1097.81	-68983.3	16198.5	-6310.03	-18357.1	18919.8	-10219	-42503.3	-10489	-88267.3
8000000.0001	-15679.3	46416.3	-40036.7	-45055.8	-35784.2	-3755.48	-9437.41	22141.1	644.916	41313.1	-4308.98	-60733.5	57667.5	30179.9	-30563.9	-44921.7	25103.2	-30094.1	22951.9	-10226	-2744.14	5604.75	-61094.9	30430.8	-4687.23	-84.9557	22783.1	-17793.3	-24825	-290.532	-2541.54	33952.6	-13095.4	35587.4	10586.8	-22764.5	-36769.1	4364.22	-9575.26	33720.4	-12569	34071	-3549.34	9504.17	-887.561	20279.7	-18027.9	-13761.3	14182.3	-10293.4	-12420.2	-24392.9	15698.4	13896.6	19550	-12119.9	16670.6	69359.4	25865.4	-42048	9715.19	5694.2	-24269.9	-3590.96	-24506.1	11681.8	-17089.8	-21236.4	-34425.7	-22498.7	19809.7	-2056.9	2966.01	-9720.24	7835.14	11374.8	-13758.3	931.149	38492.4	-31812.5	3686.73	21945	22716.9	-2876.73	-20148.2	-28603.9	428.997	-35613.6	-9630.39	-3544.15	43668.8	-49337.2	44099.7	-73171	-39366.7	-22902.1	-46759.2	12268.7	-12933.9	68785.6
8000000.0001	-44025.5	-19490.1	-10758.8	-9075.5	-24591.3	30944.6	-79989.2	34477.7	36260	-19635.9	-18219.3	39676.7	-20855.5	-29125.8	-9844.9	4866.48	-12198	11718.8	-20734	2028.7	3228.27	12640.6	-3234.79	-6761.1	-30802.3	12703.3	15074.6	3314.33	55258.3	-10952.2	-6359.33	-19376.2	-16773.6	5934.8	10790.6	16742.7	10523.4	-53285.8	6923.87	10498.7	7743.92	-3691.34	-86563.1	-41407.4	41842	-1895.85	5622.12	-24777	12417.4	-16177.7	10231	-42129.9	-203.538	-42353.9	-10569.5	44051.9	-44527.9	6864.79	-1672.91	-19512.9	59205.7	6642.66	-26053.3	-29527	-34038.9	16294.8	22167.3	-35819	-17154.7	-1269.79	8506.68	18743.1	8549.51	-25231.1	2780.89	-31386.6	-4552.3	-4106.49	15322.6	7639.08	-13699.2	28354	-8721.95	21552.7	46376.9	3620.57	22886.9	-2559.2	37172.8	23304.4	22812.6	37128.5	27732.4	19681.2	-6496.91	-59341.9	-50760.3	10791.5	16572.7	-15181.3
8000000.0001	-12694.6	16772.7	-18784.5	-12351.6	46520.5	-1903.46	33605.9	13076.8	-4988.34	-24902.4	-14595.9	8844.47	11398.5	-13856.8	-15723.3	-21206.1	-12538.9	-65148.6	47345.1	7118.4	189.577	23744.7	47767	-47163.1	27482.3	-25594.4	-17404.2	-739.47	13857.5	-10815.3	-30965.1	-28177	-24728.5	11611.9	40149.7	-23478	-25014.6	-8719.07	-33108.1	52747.5	13177.9	-21634.6	-29896	-5414.22	-8231.39	20097.2	24264.2	10917.4	-995.081	15901	7270.19	-25739.9	-16650	-68863.7	26246.5	-10509.3	39091.5	8162.71	-25896.9	8522.7	19236.5	30783.8	-17720.8	-8469.57	30157.4	301.976	27184.9	-13120	-24304.4	57105.9	12283.3	-5495.36	20062.9	-16848.8	24437.6	-48224.1	-21193.4	-3864.72	56615	-528.422	37077.6	-28493.2	-3539.72	64185.8	20854.9	26367.2	-46054	-17381.2	15221.6	-7729.22	15949.9	15156.4	-25774.7	-4904.43	18011.6	1814.08	-41138.2	-8541.27	-115.088	-24636.3
8000000.0001	3164.57	7752.15	-17788	5767.86	-8864.44	-27956.4	55458.7	-49234.2	-8510.14	-105.763	32053.2	-39517.6	-50179.1	17864.9	-46134.8	-30905.8	-956.273	-65039.9	55318.3	26718.6	-36152.1	22174.4	-57872.2	38300.6	-9388.94	15648.4	-19969.2	7752.32	19105.8	8852.68	13467.3	4257.95	2526.44	34878.4	41078.2	-41546.2	-8482.65	-4591.28	32336.9	-29353.6	10014.4	-54570	-33475.1	54054.4	-27296.1	-1420.79	54885.2	-63731.4	-18447.6	47673.5	-25024.5	-10278.8	16537.8	35360.6	-18232.7	-41186.5	-25326.7	8743.69	11657.3	-1028.92	-26483.4	-8922.56	47859.5	3098.91	13241.3	13238.6	7446.53	31147.6	-11155	24365.9	2546.33	-5793.95	37775.4	-30449.3	-3370.81	14455.3	-26745.5	39653.4	-20885.2	-38528.9	50162.4	-44793.8	15445.1	26482.8	-50044.1	-34613.9	-47415.5	-15037.4	75459.9	-34133.2	-57296.8	-271.057	-18047.9	-2326.43	-12683	44572.1	-297.729	17946	54195.6	5807
8000000.0001	15880.9	-1997.39	7191.7	-3101.82	-9121.31	-5789.75	21026	11800.7	31665.2	-49125.4	13337.8	-50618	-18732.7	32803.1	20348.7	-25184.1	27371.5	-40744.7	13468.5	2172.77	50588.5	17799.5	-10781	301.631	30552.4	-5512.77	21776.3	-36088.5	38218	-13752.1	35438.1	-14783.4	15977.7	32281.2	31469.6	8514.97	4828.71	-1719.61	-16127.5	-8638.24	12738.9	1186.55	4563.54	-28468.9	3645.16	50962.9	9733.1	11716.3	-50348.2	27128.1	-18911.5	38571.9	-14819	-27948.7	4704.4	-7876.63	43949.6	7338.72	10541.1	19107	-4541.83	-9736.13	-24433	-6126.01	-9650.84	15991.2	13949.3	26088.4	-4086.95	33212.9	34363.7	-66459.2	2129.61	-51818.4	7669.24	-15055.5	-19511	16531.3	-32459.2	9303.34	-8523.1	-707.439	11895	-2315.9	24392.5	72441.8	-17269.2	-31111.5	18749.3	25173.5	16278.4	-36108.5	-7292.57	44233.6	60443.8	37559.2	27949.5	-8674.21	-9789.33	-23706.5
8000000.0001	-33103.2	-39975.9	-18676	10822.4	-17324.9	-13158.3	-53826.2	-13936.6	-5140.41	10315.5	24233.2	-32742.4	3199.47	-32354.7	6839.93	56122.7	-53620	-34588.7	-3479.81	8782.61	-4527.52	-2941.31	20540.3	43675.7	-1219.26	15470.6	5105.55	-41674.7	8278.63	19315.7	-5336.84	24615.6	15959.3	6231.76	14733.2	-25717.5	5280.58	-32190.8	38933.4	-60448.9	-28231.8	41864.2	4698.93	-8047.83	-43177	48493.7	14457.4	11417	8953.64	32919.8	-23056.7	-37448.3	6429	34020	-12021.5	-18984.9	41726.9	-32782.1	22054.6	7987.76	990.294	28101.1	-34676.7	8805.04	30778.5	9180.38	17572.5	-96342.7	8176.47	-31503.6	-18109.4	-30366.4	9106.31	52502.7	-59586.9	29327.5	-51643.5	43451.9	35579.1	-19611.2	33873.1	-81763.6	-2417.6	5948.11	-7383.1	-13029.3	-9660.65	-14260.5	-3135.88	11468.3	-16519.9	22166.4	36269.2	21048.6	42577.5	-12107.8	-38225.1	-12622.1	10809.2	-4403.79
8000000.0001	15712	61887.7	907.448	-4113.23	-9137.42	45893.3	-4469.45	-13455.2	12991	32298.6	-42404.2	37145.6	-147.756	691.388	22833.1	15123.5	-14159.8	-13189.6	-17603.9	22916.4	-18936.6	6109.49	27818.6	-17048.8	10383.1	11358.1	38357.5	-14714.5	-11153.6	-50027.6	10119.8	-14043.7	10610.9	5915.02	17865.9	17435.2	-24708.2	-27438.6	6433.58	-29566.6	-7498.4	-13324.4	11963.9	24302.3	-293.497	-30805.9	28916.1	-38078.2	24475.8	29011.3	6400.61	-14826.5	-55991.1	31774.6	1161.9	-25022.7	33198.1	-8428.25	39716.2	3400.69	37675.8	-12064.7	-55754.1	14062.8	-41515.5	-5341.32	40246.8	16332.4	-9737.67	-47410.5	-5470.63	18712.7	-6980.12	15550.7	31327.3	-6415.03	31665.6	50841.3	20980.5	9396.54	39403.6	10639.9	52200.5	55073.7	4360.12	-36705.5	-35274.5	9190.35	28493.1	-7962.28	29652.3	9386.01	-23545.7	-503.483	10641.7	11053.5	33385.9	-23886.8	-15137.1	332.035
8000000.0001	-30448.6	10402.1	-6652.6	32787.4	-5123.15	-10335.2	-68170	2481.87	-15262.6	48674.7	-24863	-15730.8	10685	7985.87	-23683.5	19045.2	-29652.2	-36358.9	-43046.9	24907.5	-5983.04	12861.1	-11881.3	6072.2	18626.1	8918.63	18751.9	-7798.24	-13404.5	-46763.3	11066.1	34097.9	47827.2	-5017.06	-30162.7	24558	-5177.9	-833.308	12975	-19462.1	-41602.7	29733.1	22480.3	-57724.6	-17854.3	8033.08	43088.8	-8783.93	-8422.55	-23294.8	10280.9	-23935.3	33213.8	15725.4	11546.4	-19385.4	16828.4	-16132.9	-19494.3	-9505.02	-8225.32	-27006.8	-7334.53	-37526.4	-36492.8	-36559.4	53600.8	-9847.48	-35408.3	-12624.8	5637.61	37638	-18924.9	-11107.6	-34071.6	13546.2	-1918.15	-270.184	-22260.3	-11499.3	6038.69	8958.84	6468.63	42986.1	10584	-42238.2	37705.7	27583.3	-29200.4	-19478	-25340.2	-4588.25	-18867.2	-9632.45	22256.8	-19955.8	-270.915	-19378.6	-10208	7059.85
8000000.0001	-37225	24935	-13897.9	45574.8	-51177	-8971.71	-32017.8	-10153.3	-6582.46	-8172.83	-61539	-10032.2	-16785.1	-15018.7	6953.2	-25206.7	-20052.7	-7434.11	4005.99	31308.8	26550.5	-36599	-9549.89	-28229.1	16803.3	-39447.3	1707.78	-11433.3	-14943.3	12274.9	9775.07	31504	9861.02	-15791.9	42225.2	-32455.7	-16347.6	18363.9	7807.43	47964.7	-8584.92	-21124.7	-39566.9	-9417.06	-10552.2	18685	273.878	18258	-33489.8	9134.95	-17915	42520.3	-29436.6	-3963.71	-66900.2	-20364.1	5639.53	-64895.9	-20016	30848.2	2189.89	4247.6	45200.5	24224.3	-60943	45634.8	-35374.8	-3230.36	34975.5	-18358	19199.2	-30282.1	-26672	9749.01	48413.7	23172	23644.8	22329.4	7699.15	47713.9	-42047.7	14870.9	-31687	284.581	-11592.9	-5154.05	-20181.8	36840.1	-2129.84	65681.4	1573.84	-44432.6	-16574.9	-13808.2	-52268.5	2082.45	18531	773.079	39553.1	39777.9
8000000.0001	18914.6	24316.8	-21859.1	-5179.81	8594.56	59104.8	32964.9	14252	-16187.9	43780.8	-11169.2	17802.6	-7446.06	53261.4	-7039.4	4343.96	-61415.2	29886.5	51857.3	9895.06	-23914.7	-21041	2905.97	-19769.1	52998.8	5823	-17083.9	27208.6	-63445.1	-5830.48	2689.16	-1906.29	5649.53	-36701.4	6622.04	14072.3	15728.1	26689.1	35336.5	25169.9	-9329.84	-28465	31232	49102.2	-22721	12398.4	13793.1	989.353	-5161.9	2775.78	-9008.43	-17832.5	14029.7	-922.598	-24188	-8053.47	13356.8	27536.8	12697.7	-31488.1	-50053.1	27619.8	-29935.4	39282.8	-13833.3	-16367	23692.3	-2173.44	54617.6	-24530.3	52062.9	62797.7	18204.4	-60798.8	37298.6	-33675.4	-22711	1794.35	41533.6	9194.28	-2359.51	11995.4	43605.4	21735.2	54523.8	-58365.4	4536.36	11423.5	-29771.2	-11040.7	-12063.4	-34849.4	47256.7	42257.3	-22612.8	-52604.3	53648.8	62684.6	12002.1	-26870
8000000.0001	-37019.7	-21795.4	12451.8	1060.08	-16558	-9113.22	-31312.9	19103.9	12563.2	-49324.5	-3056.99	12228	-23117.8	2821.83	42775.9	-31981.3	-15231.7	-6977.18	30837.2	-28273.5	27782.6	12059.2	42764.1	-38017.7	13595.4	28649.9	23761	-8408.19	-24587.2	-9883.66	16102.4	-22553.8	14848	-26386.1	8866.5	53050.6	10798	58138.5	9250.63	-9800.2	-15859.9	-19757.8	-25533.4	43523.5	-23211.8	-7391.1	45337.3	1297.97	595.88	9139.49	-20456.5	30318.4	-25464	-50678	13689.2	8296.44	-20662.2	-16562.1	-5156.53	-20990	-12380	13678	44702.7	-23837.4	4175.2	24825.2	3475.57	2507.69	-46488.9	-13024.7	33729.1	1512.06	46475.1	-48981.9	40404.7	26674.2	-32313.1	-4820.26	39863	-32384	-40824.8	20063	45986.7	31684.6	2098.07	20368.7	8711.64	20934.9	-41569.3	-17431.1	3616.07	9696.66	23987.9	20184	13847.5	20545.4	2962.77	81710.1	-14782.6	-6350.21
8000000.0001	17063.4	28289.6	-7781.04	24462.9	1060.45	-5636.53	-37112.9	-9879.04	-1493.32	3275.21	30054.9	4977.73	29484.4	10237.2	57623	-50895.8	300.678	5318.72	5390.25	1353	33910.3	-22351.5	-49864.2	-17791.1	22623.6	19976.8	34633.1	-10058.5	-13091	22836.6	-54032.4	3579.65	-12734.9	-23675.1	-28196.3	-24880.1	7864.07	13359.7	11979	-6503.39	-19809.2	-717.095	7429.54	25900.4	24572.2	92137.9	19758.2	29909.7	-1097.64	-9392.83	27296.6	-1417.44	1772.14	-13169.4	-3198.34	1767.33	14618.3	22266.3	12261	-30989.3	-23939.8	-43852.4	-75270.8	-43111.9	-591.022	28150	-12443.3	-27933.1	-3823.58	-9402.41	12005.3	23658	-22396.1	-10580.2	-2258.5	29398.2	20423.9	-29814.7	-20640.3	20269.9	5918.22	8577.32	13647.3	-55074.3	42332	-22934.4	-18600.6	40525.8	-17156.5	13323.9	39569.3	26686.7	-8137.13	4960.85	9149.74	25100.4	-16844.4	18992.6	-47675.5	15974.6
8000000.0001	-1441.63	7900.38	-4085.9	-23414.8	4104.14	-35552.6	25705.4	-9652.37	-11016.3	-19686.3	33219.5	5226.24	20430.8	24092.3	-36814.7	35840.9	-67796.9	-5808.08	-47755.9	5425.05	43805.8	57635.6	22494.6	1412.83	-12435.4	-38139.5	48562.8	-51140.1	37570.7	-9787.78	3158.39	62113.7	-22626.2	-11729.6	33600.1	-4110.34	-14194.3	-46157.1	-42949.6	3527.54	-8474.65	-28186.2	22275.1	-34451.3	5538.38	10399.9	4642.42	60048.5	20167.3	-30269.2	13664.1	56677.1	-44509.5	5057.38	36225	14452.9	-31783.3	-6166.52	14649	-22045.6	-6072.31	4785.93	17654.7	-11222.5	-27220.5	-7158.1	20174.8	19377.1	971.278	-3499.94	-67549.9	54710.2	6174.5	31888.1	20976	-26357.9	-23844	19712.7	-37179.5	-6652.74	8326.31	461.433	-26127.6	12840.9	-8893.98	-59900.1	-23324.3	-16235.6	-30354.8	31604.3	25470.8	-10744.7	26316.2	-9874.7	43288.4	-25242.1	11847	-600.266	-69452.1	-16481.5
8000000.0001	-3289.4	13560.8	11250.9	-2362.03	-10176	-1087.95	-3838.02	49748	3522.27	30857.2	5452.15	51908.6	42354.1	-28012.4	-6442.27	3411.34	-3609.19	-8702.8	61736.8	-16570.3	-14941.2	30259.8	-1033.61	8577.32	224.646	6655.33	-22947	-21759	24299.8	-21732.7	57257.4	-21886.2	-77258.4	3866.72	-44002.1	-43895.9	6259.43	-11360.6	-37560.5	7349.89	7057.49	21558.1	-15489.7	4085.97	22782.2	-22904.1	-39646.5	2717.53	10547.9	-12330.2	14029.3	-26409.8	-15152	-19419.6	-1387.04	3526.11	59289.5	-15816.7	-11206.5	21829.8	6366.3	-15855.3	-11443	-22539.4	34406	-13881.1	-4316.61	-36715.7	25290.8	19390.4	13264.3	-54793.7	-3422.13	17644.1	42559.5	31998.2	-11509.4	36329	2456.98	-39627.2	2518.19	18572.2	3539.45	-9797.4	7665.86	2427.55	-46426.9	-464.505	17741.5	41168.7	59678.2	22454.8	33624.8	10494.8	996.936	10031.1	-36133.8	82749.7	-37346.6	-4459.43
8000000.0001	-17664	31190.5	-1138.08	24055.4	-61520.7	54585.2	-60923.1	992.023	-53474.1	54927.8	-17424.6	-16121.4	13284.9	16038.3	23527.4	5975.96	38499.9	-38029.8	704.716	3675.8	40366.6	-6856.46	26847.7	21289.7	-34522.7	-4063.17	-83280.9	-8668.24	-29277	15198.6	-20370.1	-17162	55591.8	19349.4	-36244.3	27831.3	8614.85	-34380	28756.9	29387.4	17252.6	-42957.9	-19557	30543.3	18514.9	940.309	7682.94	23111.7	-5006.71	-23.684	-21324	16494.1	54058.8	33576.7	-39920.1	-14870.9	23435.7	44411.2	-3507.28	398.859	88491.9	18401.5	-117.143	-15796.3	29530.1	38793.8	-31503.4	5093.98	-11276	21121.5	-34387.5	44139.8	12730.6	-17235.8	-25804.1	-68526.6	47651.7	-60603.4	-10628.2	-15172	21794.5	-4690.41	4854.11	3339.33	17617.1	-15505.5	-28390.7	35046.2	36703.9	-28565.9	-15230.9	-24990.5	-6017.2	5515.52	12356.1	4883.48	-9838.22	73528.5	28406.8	91545.4
8000000.0001	21328.8	-34635.9	-42185	14826.8	49453.3	-11771.2	-32962.7	-30162.2	-16150.8	-24397.1	29954.7	29037	15750.2	-5075.48	15685.2	17696.8	-787.355	-14369.4	-11685.5	-35202.1	-7335.23	-18628.9	-12062.2	-22876.1	-16646.1	26930.6	41004.2	41338.1	-13627.9	23599.8	17263.3	36620.3	-5566.37	-28643.5	31510	7874.94	-38667.2	61174.6	40302.6	43367.5	14604.3	23738.1	60717.6	23517.3	28877.5	17363.9	2044.06	-45368	1837.96	-1175.92	8371.98	-30827.1	-28191.1	-42808.5	-28245.6	-39072	-13466.4	38965.3	17073	-565.585	-49790.3	11605.8	65102.6	3335.38	-25911	-53188.5	-6701.18	6830.74	-20332.1	6628.22	17211	-18886.5	-28637.9	18251.1	4117.23	11156.8	11528.3	-23534.9	-27634.4	-25538.7	-32884.3	-15380.8	-15314.6	25676.5	15423.6	2642.84	-56541.2	70367.2	10722.1	-14844.9	18071.1	6897.77	-2036.26	-10217.4	-19803.8	35737.8	-19815.7	30533.4	15387.7	45370.4
8000000.0001	-17297.3	-15212.4	-73924.8	1523.27	7525.88	-35833.6	26627.9	-28275.6	1934.66	12633.5	12289.5	17721.4	-8323.24	-12189.1	34008.6	-47527.2	-16363.9	4643.54	34462.5	5269.38	-53516.3	-21848.9	-5780.92	-42375.2	-63765.7	-1742.58	20962.4	-20569.5	56282.4	-34376.4	-28903.2	-32810.2	-38133.9	18760.4	33213.9	-20115.7	17547.4	-5575.12	-10574.7	-45436.6	24344.4	-26597.4	-22879.3	16818.6	-39563.1	14903.6	-35960.7	7170.38	18526.5	12961.9	-1848.69	-15582.8	58488.5	46981.9	89302.2	14206.2	26402.8	-18398.9	-31134.2	-18218	-40233.5	-6775.18	-6003.75	8378.38	-18275.9	-7113.19	32675.3	50063.8	36507.3	-10250.1	-7652.64	45085.4	13905.5	17309.5	10459.7	-41139.8	-18651	-4799.06	-11525.8	25272.5	-32902.8	21950.2	29639.5	20984.6	-11732.4	2840.04	5852.8	22553.7	-542.809	2447.8	7986.56	5300.97	33781	-3874.53	1181.19	18277.4	-61930	70164	-17439	21628.6
8000000.0001	-34106.8	13735.9	-7135.69	-46552.4	12729.6	-13429.2	27152.5	-8787.61	-33206	17067.8	-28942.4	61118.9	14159.1	27265.5	-10266.2	-70977.6	-23793	-50580.7	-39419.5	12872.1	-25222	-6300.69	3607.83	-1056.4	8126.89	-38102.5	26843.7	-15328.3	11909.3	-32077.4	5519.29	-3930.37	15453	-48762.3	-4257.27	53255.9	13240.2	15627.6	-3770.58	-30421.5	47593.4	49813.5	6922.24	-9841.12	58114.9	42164.9	49784.6	13593.8	23199.1	-26399.4	-10632.5	4901.56	-15369.6	-29675.6	15753.6	-4879.42	31540.6	-40665.3	-28658.8	1380.86	-35469.9	60758.6	20447.8	-47494.3	12786	-9415.19	30364	-65702.2	1530.46	-15732.6	-30827.8	-44363	2930.07	-6571.32	83288.6	15654.5	14882.8	-32920.8	-50654.9	-42681.1	9579.07	8053.98	18874.3	-9382.68	-42915.3	38544.2	17038.4	7218.84	24440.3	33241.9	-15919.6	23786.2	19011.7	52455.2	-63263.6	2435.78	8551.42	-1077.58	60160.3	-3983.94
8000000.0001	-9828.43	22319.1	45681.3	832.547	-21534.7	210.965	28818.7	4290.87	39843.1	32387.7	-886.211	3674.75	5569.74	-8734.95	21454.2	-46425.8	-42668.9	-7512.26	-27031.8	17787.8	-25869.4	135.986	-8021.88	12729.3	25263.1	14725.5	-6888.45	20670.6	-7673.5	7402.74	58305.9	25050.6	19747	25195.1	-26680.5	-5558.11	-30016.9	35195	-34015.7	-283.024	-33337.6	17713.9	40474.7	33619.4	16235.5	-43209.7	-5230	-13966.5	28492.7	-12195.9	-36037.9	26914.3	-22264.2	11098.9	2172.88	-7207.54	-19209.3	810.362	52844.5	17519.8	14497.3	-29635.4	-20744.5	-43013.7	-22160.9	-36860.9	-34333.5	453.44	-30200.2	-9830.08	-7861.43	4029.32	11849	38.8879	7805.82	6568.16	-29207.4	362.931	-52075.6	-4876.91	4655.87	3794.27	13003.9	4138.82	-10229.8	-18216.2	23043.2	-8941.52	-61166.7	493.761	32072.7	-7976.06	20569.4	41848	1704.14	-54310.3	31593.9	3303.76	-55041.3	-21199.1
8000000.0001	26851.5	10712.4	-10018.5	-18792.1	23229.5	-24067.8	-44366.7	15556.8	-17508.5	-4103.16	-7597.37	24510.9	20912.8	-1297.35	14008.1	-4368.83	1329.61	11859.3	-7639.52	10259.7	-3735.53	-43159.8	13484.2	39542.8	-3466.02	28315	-54099.3	11247.5	-13931.4	-36869.4	-13071.7	11621.7	-3176.76	-51251.8	34180.9	15295.5	-21394.4	-19487.5	7300.69	-56261.9	-18815.3	-8559.13	-24539.3	-21733	18998.3	42245.6	-37826.3	-34362.6	-6530.24	-12361.3	10948.6	51140.4	-33316.9	15485	-4296.11	-42752.5	13534	-19658.3	12520.1	-46248	-12745	-2457.75	-35654.6	-45397.5	-11398.8	-2969	3811.71	32343.3	-6714	-9631.16	3639.51	-12306.8	25624.8	37858.3	-26055.2	2202.23	-5692.84	-893.031	-4047.71	3842.16	-17970.9	-29201.3	-4269.13	3452.35	22344.7	-4088.64	-36286.3	18241.3	-8511.69	17126.8	-2392.65	-24868.8	-49349.3	-21805.6	-15184.4	-12118.8	-6571.4	18256.5	15342.4	11351.9
8000000.0001	16772.2	-26271.5	24582.8	-56255.5	135.114	41221.3	1800.68	-5.94391	2582.47	-13239.8	-23114.9	-6230.11	20371.2	22070.2	-25052.7	24282.1	-31579	-38211.6	23526.5	747.359	-31282.2	-32904.1	-21422.1	-1913.21	-6642.79	26389.2	-55603.2	-4246.02	-2586.05	10286.8	23791	2169.36	5957.11	-2887.06	53892.1	-18564	-2068.04	33123.9	-2167.86	11717.9	-21450.9	5912.43	814.319	-31529.4	24460.4	22248.1	-24234	57273	636.477	53077.1	-10396.6	-38972.2	34776.3	-18458.2	11765.1	-9232.81	-24962.4	11631.6	28206	1028.06	29121.4	4333.31	-13407.5	-2159.92	27949.5	26070.9	-49860.4	-20474.1	-37952.9	19219.6	-10617.1	-28673.4	-9400.8	-6054.89	-24762	-28001.7	14129.7	14412.7	18871.8	31698.3	-6335.31	11759.6	22187.2	2754.87	-50620.8	-4751.41	7766.35	39273.3	16899.2	6435.91	-30669.1	21026.1	-32184	-10837.2	25144.5	47586	8230.38	26125.5	3539.06	-5491.94
8000000.0001	45872.7	12234.2	3622.25	-144.872	40400.6	7244.06	4257.98	21113	-39345.1	-33055.9	-2491.19	-9133.55	5601.22	30994.9	-7577.84	-53965.9	-23485.6	-10474.9	11271.3	15909.4	-31695.4	34901.9	11922.4	-40457.6	-19157.1	-31654.3	-12074.9	-869.659	5393.08	-26502.7	-7917.44	-35516.5	-83729.3	9449.71	-3462.62	58231.4	-1344.81	18412.8	54322.2	26349.8	1438.82	-14233.7	-20469.9	46694.5	661.414	34173.3	860.718	-20831.5	3253.24	64338.7	-31176.5	24884.9	52019.2	-10742.1	-33013.8	2308.44	2339.6	-22075.8	3548.08	6045.67	-25162	-5918.39	38375.3	-24529.9	-31292.1	1157.8	-7263.93	21929.5	31627.1	10328.2	-556.52	-1790.1	91662.8	62575.2	11264.1	-30684.9	25962.5	16053.3	72359.9	21971.2	-45685	-10607.5	-13870.1	33256.7	-17565.9	18849.7	-7519.67	-36972.6	-21553.1	35699.1	-34514.1	29555.5	8053.64	-23169.8	-2533.33	-14512.1	-36031.7	46449.4	7990.76	7551.33
8000000.0001	59488	12970.4	-17269.8	-9928.58	-34524.4	44290.2	-59089.9	26557.5	4502.45	-7339.73	20014.9	1240.68	-81.0651	-17874.9	3712.79	15149.3	44107.5	498.651	-29502.5	30528.1	-22751.4	-31619.9	15267.9	-34370.1	45046.8	-18084.6	-23473.1	-32859.6	-39183.3	7032.91	-54358.4	-13762	-15910.8	26808.3	-7874.75	22050.9	-1335.74	-15002.3	-986.513	-19032.9	42690.4	32416.8	11456.3	86830.8	21845.7	-51102.2	30209	865.485	-21543	7293	30307.4	23267.2	14606.7	30447.9	-3502.78	19153.9	15819.9	-1899	30177.5	11145.3	18406.5	-15696.4	-53932.9	-11901.4	42786.1	15770.3	14140.7	-30796.6	24365.5	-40645.6	12309.9	34019.1	21087	-8991	29541.3	-8088.77	-47961.4	-6792.82	11429.1	7442.85	-7357.15	-47484.1	1809.19	-27859.8	15818.5	-45182.7	-12998.2	1486.16	-74463.3	-962.695	-64488.8	-308.918	58080.4	216.997	22052.4	4736.61	-8625	53132.6	34696.3	-36356.3
8000000.0001	8671.37	26340.4	19507.7	40004.7	-14518.7	31098.5	-28470.2	52346.3	-27520.4	38520.2	43331.5	-9371.91	31436.8	-16600.5	-12737.2	-17308.3	-46439	36514	-15130.1	37607.9	24420.5	-42536.9	14465.8	-16899.4	49314	63918.7	-6186.07	47543	12656.6	-3794.8	10683.7	17699.6	-2489.55	-54847.9	-29155.5	22591.2	56929.6	4463.13	-39593.4	5579.6	68382.5	-3224.09	13037.7	8478.55	-39107.6	-18420	10327.9	1749.37	-24659	49341.1	-26825.6	-50602.1	3242.71	10986.1	26573.3	39440.2	-22416	23673.5	2712.21	26100.4	33023	-40641.2	27627.9	-24485	-31936.7	-23944	20581.4	12272.1	5088.95	-11926.5	2319.31	20171.2	-24320.4	13656.2	-51807.7	-25084.2	-795.953	6137.23	-2491.19	-9156.48	-16805.7	5118.97	1345.28	-13306.4	-40666	-22663.2	30843	15522.3	-118.134	-27244.4	-17908.3	30668.9	-57240.8	-2900.31	-35132.9	-18396.1	21609.9	-40435.8	-18490.2	-20959.9
8000000.0001	-348.498	12856.5	-5673.36	951.848	-6728.55	1155.27	-15184.1	8795.73	30460.7	-23356.6	-6117.15	19472.9	43055.9	4773.57	18163.8	28708.8	-4240.25	378.863	15200.2	-7433.72	-43990.5	21527.9	35041.2	-54399.3	-27565.7	-9746.01	-41897	-23373.4	-3097.99	-22299	-43804.5	4634.13	32365.1	-6635.18	-1361.16	1968.14	62527.9	41024.1	-44754.8	15863.1	-110.449	35203.7	13673.9	-24284.5	28750.1	25394.7	-11887.2	-5179.93	-52695.9	55705.2	-37974.8	-35431.3	-47677.3	49808.1	8473.8	21834.8	-10362.5	-4859.83	-2127.85	37028.4	-5236.78	1317.4	15165.1	34194.2	-22737.2	10548.4	10722.3	-878.743	-9104.04	2409.76	-66719.2	39419.3	-3173.23	38080.6	-27123.5	-1253.11	36141.8	15098.1	21918.8	-24004.8	61904.4	28845.9	57593.4	12548.5	5357.54	-2747.2	2056.02	21444.1	41847.5	-36330.2	-19556.3	-1997.8	-17775.3	3397.8	-51212.8	-6633.55	-50738.8	-34957.8	-16553.2	3252.59
8000000.0001	-19410.4	34854.9	8913.71	43563.3	-2583.77	7417.3	-41887.3	47673.8	-9913.7	40920.5	4129.06	10197	-12136.1	9813.22	9817.11	-34764.7	-26436.7	-16081	-3667.87	-21625.3	-15845	19636.7	-1312.14	48036.8	-10669.2	12286.7	1623.32	-7787.84	-1731.84	17607.3	-26807.2	22327.5	-41779.6	12468.9	-6237.17	13327.6	73442.1	31056.5	37316.6	18164.2	-39971.5	-22020.4	-19858.5	33437.5	-14872	-17698.4	3923.36	4104.92	-18961	21631.4	-34608.3	-33382	-2246.06	24639.5	-49267.2	1304.74	7568.25	20386.8	32637.5	1330.13	2989.63	-30305.9	35836.3	-8022.31	-32924.2	-2929.3	-52134.1	-32704.4	1803.46	-13445.3	-20219.8	20301.7	-16033.8	-49675.5	-5118.25	34071.5	-51877.3	-36051	-5257.98	-23866.2	-46937.1	1020.12	-4036.7	-3477.22	60472.3	-7205.09	-31576.3	-14362	-2022.61	30925.8	27734	17421	-54602.1	6668.32	12585.2	38924.5	15435.4	5445.41	11566.9	-18012.9
8000000.0001	-15316.5	-15915.3	-8501.95	-20067.3	-13787.2	49263.3	44384.7	13076.7	-3245.69	-40658.2	24441.8	1754.76	20431.4	6388.66	-30977.6	6329.47	4402.65	-12531.5	45684.5	-9634.45	-37454.8	-51.3073	-5490.96	33417.7	35874.6	-11675.8	19137.1	17208.4	-1408.36	53071.5	-46420.5	-3203.91	-30097	-35916.6	14447.5	25214.9	46557.9	-57918.7	24646.1	17601.2	78547.7	-41.9426	-28726.9	18083.4	1919.27	-12043.1	8783.42	-42026.2	-23668	8534.87	-22019.9	-23010.3	1683.95	-60355.8	-22555.9	33127.6	-12788.8	28296	-16081.9	-10925.4	33146.7	47897.9	32721.8	8055.08	3444.89	14879.4	22361.9	-20858.1	-44804.2	34215.3	-23874.3	-11052.9	-10077.7	-8552.48	36865	28831.2	439.396	-20739.8	-8226.08	10874.6	-6024.98	12101.1	26890	-39979.1	-20729.7	-57415	-50938.8	1740.38	1728.94	28487.1	-4886.35	27295.2	-2130.27	-8237.57	840.694	12135.3	-1610.44	-2141.78	14723.3	-31288.7
8000000.0001	7989.2	-24278.5	-26366.9	17491	38195	4713	30418.9	-23984.5	-25226.1	7056.85	4906.98	-5868.43	2793.69	5762.55	19041	55560.2	3669.41	-19202.5	2548.51	832.883	3350.79	-34666.6	11470.9	-31992.8	-28393.2	-6579.82	-2470.3	29183.3	13597.8	-22067	25930.7	-15634.2	-5810.96	-22267.5	13110.7	-32451.7	-12945.5	-38039.8	12408.9	-11624.1	24752.9	-32951.3	-31515.8	2114.74	20675.8	-22412.6	23160.2	-9500.99	50963.6	44028.1	1346.37	-14687.5	36070.1	7984.65	-27896	-48176.9	35743.9	5209.5	-10663.5	-8431.53	35931.8	20451.5	24966.1	-12014.5	11444.2	-15760.2	-29561.7	8503.2	33474.3	32039.4	41615.5	39534.4	-23346.7	5119.27	59298.1	-22080	20995.1	46006	68138.4	-16342.2	40462	-50763.9	-31638.8	5214.03	-12941.8	-46542.8	-27756.5	-32547.7	-12389.6	33102.4	13690.4	-29820.1	35189.3	6791.12	-7631.03	31062.8	-7061.7	13573.8	36097.6	5720.7
8000000.0001	-10130.9	-70772.5	-4160.24	13241.1	-57752.5	-9305.01	-13417.4	9177.34	768.242	7591.75	-58441.5	-48657.6	-29380.5	18005	14609.5	-13463.5	-49044.3	15737.2	10831.1	-9508.11	-46779.1	-36142.5	-1919	-32263.7	-14589.7	-9248.73	27736.1	-1198.59	4816.34	-31569.9	-25718.9	34624.5	-49597.2	59119.5	-29668.2	-17505.5	31788.9	11020.9	28838.7	40654.4	1918.63	29884.9	29820	1546.95	-27736.8	-47397.8	-442.493	-67289.4	47564.2	-10570.8	-15571.5	29037.5	-39160.1	-14350.6	-51743.7	20136.1	50534.3	6972.63	5915.65	-18711.6	-11932.1	-17213.6	26857.5	39791	29127.2	-35831.5	-874.763	26541.1	782.213	739.996	-26959.5	22096.7	8021.8	-28006.2	120516	-6869.74	1068.97	-31588.6	39198.7	-19610.4	-38245.7	32489.5	35081.8	-9481.93	-4843.06	-35981.5	55560.8	7657.01	-12411.3	-30551	71881.6	48368.9	-13978.9	24638.8	56129.5	-19991.1	-6558.24	-10551.1	-61235.5	10583.6
8000000.0001	61209.6	-43497.6	-22117.7	58671.1	-57645.6	150.494	8283.66	11001.3	32610.6	25088.7	26147	-12836.7	6993.44	2000.77	-928.554	39287.8	-22566	40964	-11913.5	6933.2	-53940.3	-3886.88	-60063.5	11730.2	-16440.2	-12770	23046	10294.7	12788.6	2654.15	4703.8	-5782.99	11940.7	-75601.2	20729.1	-59913.1	1052.29	5941.47	-52635.3	29157.7	-21068.2	12136	-25332.2	31595.9	-2484.66	-1012.99	27818.5	-27002.1	11220.9	40930.3	-18127.4	26470	-8348.24	-4936.26	11250.3	-12695.2	-2454.5	14913.2	-1293.39	18606.8	45368.7	48677.2	10585.2	43744.8	13057.6	-48044.2	25634.1	25276	12452.7	12378.6	-6176.16	41201.7	-32170.5	-25797.4	-5638.43	19574.1	-24111.3	7474.84	-38333.4	-2918.01	15523.9	-22140.1	-11679.8	27151.6	-55988	29947.3	677.124	-35505.7	562.829	-24896	15768.7	-11439.6	10996.1	-10004.5	-45835.7	12213.1	13620.9	21586.8	19640.9	3965.66
8000000.0001	-36264.5	20232.2	-26772.3	39072.2	24220.7	-8865.51	-13841.2	-9729.63	38322.8	8536.45	38555.2	-49276.1	22878	-22455.3	14991.8	-21643.3	6787.81	-112.018	-1960.1	31895.2	-1812.95	-37185.1	-12521.7	-27914.4	5215.64	4278.06	-22969.3	-7976.4	-22210.8	-10774.3	47391.8	6856.91	-23269.5	-30743.8	-10140.7	-15214.8	43950.5	-573.612	-50852.5	8295.84	-20831.4	-25221	-37104.2	-14091.4	-4743.08	31929	12571.5	-28508.4	-30810.2	-8859.21	-20082.8	23655	17505.3	-51542.1	35659.2	37885	-40841.2	34779.9	-6961.51	-46274.3	-27521.6	32059.3	-16977.7	4183.17	42503.3	51468	-14520.3	-16322.8	35386	-8215.73	-1214.26	-9033.12	18162.5	77295.5	5422.99	-13174.7	-9461.75	14622.2	44879.2	27482.2	29732.2	13627.4	20085.2	4884.77	18513.4	-49854.2	-21120.7	-45036.5	-27637	-2441.07	-305.17	27179.6	23781.8	-22333.4	15937.7	-9415.8	29519.3	16613.3	4205.27	-3236.28
8000000.0001	15514.6	3352.42	-10173.3	-36161.7	10435.3	-16366.9	20360.3	41539.3	-14360.2	25223.1	-4020.87	52357.4	6396.8	-1130.98	10644.5	1264.98	-35306.2	23614.8	-9873.61	-10759	1175.45	-22585.5	1299.6	18503.7	-16153.5	23569.3	-5262.81	-17531.7	-10838	70828.7	-11579.4	18259.2	6014.67	9942.91	-9094.94	15543.7	-7612.59	-43416.7	-10238.1	30453	22769.3	68153	16560	39702.6	14109.5	19558.8	11930	-13353.1	33966.4	-11508.9	10392.1	24406.8	40173.9	26647.1	35113	6698.18	3224.5	-3256.07	12498.7	-1583.68	21926.2	-48837.9	-29637.8	-11195.2	-13334.7	175.597	7943.51	-36177.7	-11650.9	12867.8	-18266.4	6867.66	19307	49271.3	11138.9	-13751.7	43727.2	-57997.9	8807.07	-30932.2	-28754	-18064.9	18866.6	5623.09	-41039.7	7220.14	23564.6	2187	-19870.3	-44406.8	20628.2	48346.9	-7509.76	-8406.25	32152.2	16891	-38739	28127.4	28550.5	-48194.2
8000000.0001	2329.5	-4213.2	-23968.4	-24258.9	5744.33	20762.6	12035.9	-16442.4	-33974	-8376.08	-357.148	-33166.4	46595.7	-19366.7	-4066.08	42868	1423.44	19078.7	-3104.81	-7096.81	20650.7	24152.5	-29750.5	-16197.1	-12991.1	-66878.2	24991.8	8502.99	22745.4	21493.9	6442.43	-39737.3	-16665.1	34512.5	-13587.6	-21672.2	-10542.5	-30498.5	-14611.3	-1605.72	207.176	-7132.53	19139.1	10668.5	35394.5	12887.4	23681.4	-9816.72	6252.89	7620.28	78243.8	10478.9	-57033.3	39589.7	-13995.6	7113	23530.1	-42437	18078	-55586.7	-23627.9	-29460.3	-47278.9	5821.83	-24589.4	-22628.4	-13964.1	-53934.5	-18422.8	-2623.34	-29628.2	-9220.57	23410.1	-20477.7	30531.7	6258.42	-6891.96	4017.92	-15367	-79304.8	6873.44	5361.3	15718.3	-9010.76	272.925	-29890.9	18384.6	14457.7	-19867.7	53730.7	50317.4	-9740.46	35850.9	-24979.2	30374	-35211.6	6119.76	12424.7	38685.4	56367.4
8000000.0001	64089.3	6081.61	-9934.43	-22994.2	64328.5	13716.6	17170.9	-35263.4	25134.6	29319	4730.4	36323.8	2499.06	-2891.66	18675.7	-19321	36362.1	6013.55	-32463	14493.2	-12701.4	-28584.9	15412.6	-5994.6	2394.86	9299.83	28659.7	-43606.9	-11011.8	20532.7	19959.5	29508	-3973.29	-11468.2	35160.5	-38491.3	4876.71	-70072.9	7852.6	12305	731.469	-2259.65	-73118	-19709.4	-5815.34	-10230	10832	-6658.26	-5746.13	48213.9	21877.7	23012.4	-38725.8	8389.7	45674.3	-12856.1	30682.5	5064.7	21391.9	-32628	-56731.3	-49063.6	37312.1	-18101.8	12754	20169.4	48199.2	-54483.1	-9787.24	37754.7	21848.8	51311.1	24554.8	-15325	-30627.4	28556.2	104.475	11299.8	25692.5	-36502.5	36131.3	18422.7	-44536.3	-26825.6	-788.149	33124.6	-29555	-8908.26	-6197.12	-14213.9	-29133.5	-29760.4	-16603.2	-18818	-12767.7	23490.7	-2874.82	10373	19325.5	-27006.6
8000000.0001	-11270.2	4755.24	-11848.2	40079.5	4566.85	46960.7	-13590.8	-12042.8	-9106.41	22482.9	-5416.29	-6392.32	6209.21	8006.71	-18686.9	31581.7	-6762.24	-25252.1	-19473.7	-28947.6	26080.2	9787.14	16970.4	-76222.8	-14865.8	15219.6	87589.7	-78878.8	7393.37	152.28	-8043.2	-45475.2	-41702.7	-6225.67	-2156.4	48030.9	-43056.9	-3841.67	-41265.3	13445.2	40512.4	-16521.7	-25159.6	59853	-48428.6	4255.74	18956.8	-4569.82	-32985.8	30164.5	-35111.9	19884.5	33321.3	-8594.86	-44482.6	-9511.77	-19212.6	-3884.83	-10060	6302.84	7744.85	12185.9	-43415.8	57373.3	15975.3	-2663.68	11065.8	-9933.45	51106.9	-14.0249	8317.81	48472.7	-12628.9	20994.1	-42838.4	-5238.71	-38354.4	22424.7	-38369.5	-26375	-15333.8	-24727.7	-15454.3	-19258.2	16064.9	25135.4	278.825	20045.9	27218.1	9883.03	-38926	14548	47469.7	-26394.4	-6765.72	-58465.4	1934.86	1896.22	-3240.69	-45865.7
8000000.0001	-16379.6	31009.3	-34204.6	6755.88	49973.2	18833.7	52188.8	6232.8	-15603.5	9327.07	-16296.7	203.582	-4191.98	-10120.4	-11118.4	2055.69	38799.3	18477.3	8012.58	3010.22	-2330.52	14933.7	-3134.51	-64257.1	-54363.5	-20001.8	52944.8	-13224.6	18446.4	-26533.1	10119	21291.1	29007.3	1275.43	-4256.6	11315.4	-9566.62	3656.52	11157.6	14108.9	11019.3	-47231.5	-33733.8	-31777.5	-17258.1	38650.6	32918.8	95716.3	21724.6	-22246	-13076.1	1226.92	29900.5	20029	33591.1	14376.2	-19090.1	-79390.6	11831.9	-48131.5	36418.1	20230.6	-42437.4	-13631.5	10651.7	4967.7	15798.2	13942.9	16733.8	15896.1	-22886.4	-34227.1	45228.8	53477	-34898.9	10833.7	40105.9	-8261.76	-3727.51	25250.2	-4953.99	21182.3	-31273.9	-15363.2	-266.633	-14371.6	27415.1	-26731.3	-29058.3	17136.1	21888.7	-40825.3	-2184.89	5766.92	-43856.5	-3985.55	41413.2	-36956.9	-20621.8	3814.82
8000000.0001	-3270.6	7054.66	-15591	-12762.2	37931	-18815.2	-28830.8	-120.923	-7272.3	9554.32	-35138.8	-10010.5	9286.24	-26380.4	-23572.5	-26970.5	7593.84	-57004.1	23797.5	12586.3	-7233.45	6355.13	26087.1	-57395	2287.39	18126.9	17971.2	-25411	-19654.6	-26393.6	-15119.5	-4817.2	-44752.3	-14390.3	-7992.86	14503.2	46082.2	19730.2	32758.2	-57015.5	-43936.5	18483.3	25082.1	-47806.6	-30609.5	-2782.54	2478.15	28438.3	14538.4	-8615.67	736.878	-15620.5	5616.63	31189.9	-17898.7	20816.7	-20215.5	13336.5	28243.1	-70790.1	-33321.1	-23436.7	9705.39	-2852	12259	10555.3	25397.6	43254.1	-26913.5	-12423.3	-35999	18025.7	18320.1	-2391.37	-18567.9	-21171.8	33658.9	-4496.96	-15430.8	10068.7	-14038.8	-12526.7	-15252.7	9275.18	48878.6	12374	53190.1	15486.4	20928.3	50335.2	42140.6	-8411.8	10368	49124.7	53904	11155.2	-41747.4	5194.32	-26366	11724.7
8000000.0001	12941.2	-8940.87	-8173.02	-11731.1	394.439	-15577.1	-13569.9	1979.76	30178.1	-7857.7	34037.4	56089	-16908.6	-7687.16	17058.3	31826.3	-2194.93	5773.17	-38538.2	6486.51	37932.5	-13330	-4931.46	35178.5	20929.5	-2603.11	-65574.3	-12091.7	15506.5	-23037.7	55142.9	-38678.2	9618.12	32074.8	-31434.3	50584.7	16046.6	-8827.58	1217.75	38001	18637.7	-32321.5	38614.9	-37332.1	12769	-50324.7	-9092.67	-25419.5	31364.3	-5042.21	5370.97	46712.3	-13680.1	38048.3	74091.6	12972	-78293.1	3693.88	5842.83	31727.4	-2069.43	26020.3	-18444.2	15289.6	43837.4	31138	-12463.5	10250.2	-48247.2	19665	-22034.1	37033.2	7860.11	-2590.59	-20686.8	-8199.6	32978.7	-28218	20061.6	-46255.5	8764.65	9691.54	-29154.5	-13630	31902.3	49157.4	25070.6	-34881.6	9246.76	38906.4	-7435.85	-37774.4	-2744.75	54561.4	-1670.93	91.7315	13149.6	501.39	58846	-13193.4
8000000.0001	-41724.1	-43439.2	-28928.7	-40265.7	-52984.4	-4740.62	1405.31	28392.5	-25456.3	13329.1	29140.5	8385.45	23474.2	3106.07	-29675.1	-11969.8	9151.3	21204.6	14535.9	45367.8	37532.7	-3173.8	-15384.3	-31400.6	65365.5	18574.4	-12223.6	-19022.5	39580.9	-19826.1	11118.9	-4054.15	-23476.6	28267.9	12842.5	-32328.6	-12235	-16152.5	24045.7	-43909.7	38474	3017.54	-12429.9	-57570.2	-34342.6	-10799	4473.56	-8824.28	34053.5	27809	36370.3	-22160.2	46876.9	53760.2	-2233.17	-37962.7	622.875	-12030.7	15228.7	38578.1	6033.16	-17632.6	-51376.1	39965.6	-10493.2	20252.7	-49094.7	16433.6	10643.6	-38434.3	-46721.6	-34857.8	6367.55	-18544.8	24416	-12644.3	67148.7	59604.2	-19234.9	23225.4	12374.7	-14040.9	-34460.5	32393.9	-10884.3	-6082.68	23550	-28968.4	35894.4	42684.7	-21648	-13551.7	51502.9	-34673	17089.6	32378.5	15574.4	18204.1	37143.2	21611.8
8000000.0001	-2186.34	-35275.8	-24694.8	30233.6	-11079.7	6094.26	30575.9	-19916.6	8527.03	-20762.2	-22111	19451.4	-18373.8	43822	3412.76	-14195.6	-15989.2	-7518.36	-17711.5	-21243.5	-11422.7	-3070.6	-32356.4	43652.6	-31275.4	-3891	32116.1	4590.47	-36666.6	-13572.3	45309	-25844.1	-566.675	12928.1	-11774.1	-9620.03	21668.6	997.754	59862.8	54893.6	19648.9	23211.8	-8711.45	-20182.9	30297	18500.9	-16794.6	16266.3	30684.3	-10362.7	-23316.2	-28541.2	-28530.2	-62921.3	42841.2	-16438.7	9873.94	45595.2	15027.2	-23217.3	2903.75	-32868.4	31423.9	-21140.5	3769	-3819.12	-906.526	-54767.8	6848.45	-16806.4	20906.7	-21571.6	4056.36	-10484.8	-8575.92	-4428.17	11404.4	-30488.8	2653.63	-2900.32	-29405	42149.4	7276.7	36576	10584.1	4091.45	8636.96	-63346.2	14081.5	-22858.6	30841.5	59035	-36579	10150.5	14344.1	-44380.1	2354.1	-10258.6	4859.24	9647.96
8000000.0001	12496.2	10973.7	-14828.5	14545.7	-79011.9	35323.6	-13265.8	3583.96	35955.4	14104.9	12640	22616.7	3009.58	-43332	18792.2	40678.5	-3683.44	38704.8	3480.5	-4599.97	-31056.9	23835.2	8598.33	1426.93	25961	-47313.6	-17052.7	19033.6	17745.9	-37550.5	33568.1	19168.5	-11854.2	40222.6	24077.9	-25192.2	8068.77	-31863.1	-2438.59	-7933.05	-16004.1	-464.844	52221.9	-8308.4	9578.08	34279.4	-37978.4	9989.85	-4694.85	73424.5	-51802.1	34755.9	13740.6	19898.4	-37672.9	-2589.5	20910	29132.7	25684.2	27419.5	-3573.44	1188.61	-42290.6	-34124.3	27087.1	38455.2	19338.8	-7138.3	-15809.9	14004.7	-42400.3	6135.89	32409	-22465.2	-4693.7	9641.58	11799.5	-35587.8	26999.5	19678.9	-42552.8	22656.1	-1421.72	43378.4	7044.41	-17740.1	-1606.67	2541.64	24787.4	-9385.97	-35400.6	42474.2	-7698.61	6720.43	-48168.4	-35734.6	13591.2	21963.7	-29323.4	21203.8
8000000.0001	27808.9	21645.1	20388.5	12809	-14371.4	33706.5	-24480.9	-57697.3	-34102	-14475.6	-9331.8	12485.2	-22503.2	-18687.6	20939.6	-33261.6	-8364.48	18325.4	-18615.4	4556.4	15646.2	490.241	13443.1	1626.93	-25287.1	24272.6	-13372.1	23686.9	-6392.54	-30880.6	-12967.8	33123.3	-75030.6	12078.5	12421.8	-18807	56092.2	-31169.8	31285.1	-44111.5	30325.7	-27035.6	33743.1	-2751.57	28585.4	18450	16231.7	-7952.38	-28072.6	2597.31	-23214.5	-11052	-14551.8	-61393.5	176.013	44668.3	24077	43311.3	53801.2	-21938	11616.8	5760.11	15665.9	45302.1	16508.6	-30792.4	-15399.7	16123	14511.5	12862.2	9516.18	-23370.9	17224.3	24033.6	7466.53	4942.01	15490.2	5881.67	-34255	-10940.9	3774.74	-57006.3	7879.89	29700.9	-27639.8	3225.02	2667.04	-16353.9	-14329.2	-59177.8	-54656.4	9798.13	-24792.7	29678.3	5808.64	-3876.57	-11570	-17459	-15785.6	1690.09
8000000.0001	45517.8	38829.8	-11337.9	-45926.6	-77165	20199.4	7715.9	28880.5	6613.42	-37449.7	-8136.43	47495.1	23028.6	19745.9	-23093.6	-23671.1	-20485.2	-32982.8	-15860.3	-34380.6	6417.34	-52121.5	75331.9	-73772.5	-8123.24	10340.2	-47157.6	-30719.8	24343	30538.4	-20886.1	-22191	-4857.76	-17104.1	2064.14	3267.31	10607.7	2770.98	22127.3	-12414.1	60554.7	30117.2	7213.61	27024.4	-20278.8	-67729.9	-10618.7	1790.16	-20319	26290.8	-38840.8	13572.8	-29589.4	-9079.93	2486	17929.9	591.101	-17160.8	38499.7	29068.5	-24473.5	23678.4	-21862.1	5925.35	-21124.6	-2198.74	12764.3	11856.5	16039.8	-50068.6	-17590.3	-8276.6	3587.38	73130.8	199.634	-16848.9	-11935.1	-15313.4	22931.4	34547.9	4535.35	-17594.5	-72197.7	-27165.3	4876.41	3105.95	7798.04	12992.6	-19898.9	-2304.37	-35351.8	46469.3	-5401.1	-31392.3	6879.42	11076.8	19954.4	2651.75	-36182.2	7739.58
8000000.0001	4715.96	-27467.3	-4359.56	17632.5	-9864.41	23133.1	27029.4	-7009.55	9645.43	-6568.87	-2080.47	4396.32	32820.1	-13694.5	4304.78	-57600.2	-10360.3	-6350.23	1114	54236.6	-10366.9	-8147.1	42524.9	-22694.3	8883.91	-17007	-2328.33	40465.8	-24542.4	6160.61	24900.2	17060.2	13465.1	-42712.5	45703.4	-39723	7679.07	-14339.2	14918.5	22910.8	-16273	-60176.1	15106.7	8656.43	-24489.7	1874.8	-32968.7	777.758	18424.7	32563.7	-7820.9	4160.63	-45567.9	-20780.8	32278.9	-12574.8	-3876.44	-24159.5	-25902.4	-4956.74	-5663.15	13207.4	-2505.66	-4344.31	33653.1	-41.7374	8532.92	-16922.4	17953.3	26681	4335.05	46114.9	-43997.5	11582	-13878.6	-43489	16243.3	3806.21	-239.657	5185.61	-10864.1	1815.73	-51111.2	-2601.24	9180.83	42483.4	-31735.6	7136.75	28369.2	18791	-979.625	30631.2	-13857.2	6327.53	33679.1	-24653.1	-52367.1	16141.7	-15729.9	1573.81
8000000.0001	-12279.8	-7362.56	-30624.2	6188.38	-48116	5393.36	-15486.3	29207.6	-17627.9	-7313.42	31952.9	21741.6	-12902.2	-10254.2	24655.5	-3361.34	-29849.3	-19059.9	-11284.7	-28743.6	-9553.65	12933	-3976.45	-16209.3	6165.4	14708.7	18482.4	-49138.9	-1995.38	41992.7	9675.23	58998.4	4954.43	-3230.17	-78402.5	-64924.5	-1872.36	28086.6	27298.9	-47607.4	-4779.47	11056.2	12661.6	-2703.92	13092.7	-59592.5	12721.1	-11862.9	41011.1	-2672.27	-9751.14	47143.7	-9234.94	10428.8	-63749.7	-15312.6	-7956.36	51185.7	-126318	29556.7	25724.7	-19972.8	31328.8	77245.7	-3451.16	-1833.47	-13351.2	13177.3	1179.63	-1403.44	19894.3	77284	7753.35	44314.6	14345.5	5130.14	-57552.8	-17690.4	-2864.41	-23082.6	55189.4	68294.2	42190.2	13304.5	-29290.3	-23909.1	8993.58	-26186.8	-2293.83	-25303.1	36017	1492.67	2272.86	20427.6	71726.4	-2143.77	2033.48	29711.2	10833.4	-35616.2
8000000.0001	-8387.26	-13736.9	-1438.39	42915.7	25885.3	-21006.2	-24959.5	-11231.5	-30006.4	1247.86	-23388.4	3818	-40064.4	13268.6	-47925.6	15261	11572.9	386.414	21327.3	5859.07	11169.5	34425.6	-3465.94	-12281.5	6447.78	-46887	-66494.7	-15893.8	27568.5	30741.5	25578.7	15272.6	-17041.9	-16378.3	-4730.93	-18915.8	24675.6	-5524.24	-28716.4	-31441.9	-4673.51	17727.5	-49700.5	-3774.92	-24806.1	-10239.2	-82517.4	47810.6	-14745.7	39693.6	-28817.4	22742.7	-2129.45	-14764.1	7596.86	-25162.7	-6022.68	-25426.7	15660	38200.6	34823.6	22889.1	24259.8	-15161.2	-28729.7	-47417	38004.8	-14564.4	-45755.9	17826.3	-39771.2	-52281.3	30583.6	-4101.06	-9363.58	1195.08	10463.3	6831.59	-40011.2	22000	3831.83	76340.5	-69266	-20920.3	47901.4	38291.6	-18550.8	24057.4	-31583	34287.6	-7830	-43083.6	-36499.5	-32574.5	-19799.3	-3214.72	6285.72	11857.2	-4925.49	13702
8000000.0001	8763.51	-9254.38	65764.7	-21743	-39191.8	-21083.9	-18189.6	7234.51	2937.88	-9936.69	42427.6	31424.7	-12304.9	19337.5	15394.9	47781.8	-26867.4	-38487.5	5392.23	3660.7	-53522.3	38097.2	-565.643	-7202.45	-8451.64	-33573.6	2509.71	-1608.51	8535.87	25207.1	76283.6	-22738.6	3821.83	1441.9	15252.6	-39224.6	14079.9	20833.4	-63926.3	-45838.6	-43154.5	50875.3	-44632.3	-38809.1	12083.7	-53613	-7144.3	54991.5	8009.84	5242.52	-2704.38	30542.5	-37368.5	-18404.5	-4642.42	-49551.3	-11098.7	-20617.5	-5356.66	16816	22636.4	-23190.4	-32228.2	-36457	349.307	42660.2	6413.68	-47717.1	53.8346	13008.9	-4891.03	-40819.7	9364.77	-14646	15496.2	42660.3	36955.2	7031.41	-14718.7	16809.8	-10271.7	56751.3	-41709.5	11638.8	-30449	-10855.3	-2002.38	-22707.5	35402.4	13653.5	-49373	-45657.4	-30723.2	-23516.3	-30354.6	-2791.57	-20819.8	31645.5	34815.5	-46179.7
8000000.0001	7015.2	-7660.39	-38334.2	2513.88	-35257	-22942.7	25958.7	-1469.22	4585.52	4910.96	21154.6	15352.8	-47268.2	-21815.1	42811	3835.88	32545.4	12297.4	-38390.7	27332.7	-20519.5	18999.1	19036.1	-13313.1	36592.1	-7730.93	-50295.9	5163.38	-23517.2	-2900.61	-5703.31	-45404.7	16171.4	1526.47	-1676.56	-48261.8	44134	-11959.8	12914.2	15426	11528.9	-36167	5645.83	-16567.7	20432.1	-29143.1	-8167.37	15250.9	-10624.5	-14528	40859.3	-11941.3	-7329.24	20844.7	-23699.6	-24553.5	16390.8	19261.2	24185.2	13214.9	26120.5	-4877.92	41257	-19045.7	15088	-8234.27	-26247.3	29829.7	29495.7	-7774.27	39036.9	-8221.22	53118.5	25011.8	-19898.8	26751	-28396.2	18014.3	11074.3	-7581.54	24134.6	25109.8	31587.6	57910	4247.68	-9741.7	-8252.52	13830.9	-8797.26	-7039.93	11411.6	23162.2	54447.6	-3695.01	-7852.66	-13073.6	-12720.9	18028.4	3550.47	-7163.76
8000000.0001	22654	-5842.26	-25007	-31957	20664.1	-229.64	10497.4	-29077.4	-10862.7	24070.8	-12060.4	-5893.1	-61981.6	-8495.32	-21526.5	11821.5	-32859.9	-14591.9	5325.9	-28295.4	7769.18	-23367.5	30579.6	22447.9	-10749	28599.4	-32260.4	16602.2	45078.3	-32139.2	61322.8	-36082.4	-4419.99	-9085.37	-24250.8	23044.3	20858.4	4375.16	-26857.7	2474.13	6695.46	-45036.4	-27139.5	12721.6	-36286.9	-18980.3	-8407.81	-12999	31974.7	-7595.15	38388.4	33385.7	44470	22953.5	-6467.57	-3074.59	9211.15	21754.2	-5762.49	-5919.86	12867	-61591.8	38451.5	3741.75	-1557.77	19536.8	-3619.49	41531.1	32951.3	25600.1	23958.5	-45039.7	-52166.1	2608.69	-49558.3	-29731.3	-7508.71	-4645.61	1969.02	-9297.16	-9460.33	-19421.5	11649.8	43186.1	-15554.8	6057.83	43927.8	-29951.7	5253.53	37698.6	37269.3	-5198.51	-18612.2	70350.1	5207.63	-1520.41	29516.4	8140.52	-35497.2	1768.47
8000000.0001	30470.3	4958.61	58374	-1187.32	28874.7	-8271.41	-7077.65	35846.2	45156.2	47674.7	18954.7	17181	16997.6	-20112.8	-5310.41	9913.19	-30474.3	-56766.4	-25210.3	-65281	-31238.3	8099.79	34165.4	9870.6	-25479.8	39849.5	14040.4	4583.86	1837.12	-47522.5	1348.59	-48252.2	22569.9	5400.15	-15026.6	-31823.4	37900.6	-64574.5	10839.1	-2770.85	1603.19	14643.4	-18811.6	2450.13	-29283.6	-25997	-3172.81	-29260.1	-38077.5	2664.5	-43195.8	31235.9	-8618.47	74950.4	9002.75	16501.6	-7913.09	-42791.4	39353.9	-38160.4	-18478.5	27688.6	-36676.9	-17634.8	14903.3	-22106.3	-28128.2	-23059	1997.65	15531.8	-19503.4	5382.38	-13735.5	4632.75	31991.9	40675.9	21145.4	450.977	17149.5	26103.5	14890.8	9895.76	-19828.6	4385.13	41391.2	-743.575	-38377	-854.155	14544.9	-20057.4	-9241.61	12435.1	68991.5	734.668	8282.33	196.308	-78285.1	-23381.6	-47036.8	-25837.5
8000000.0001	-5693.02	-19871.2	10668.2	-5039.04	26377	-5130.95	38555.8	-30339.2	54073.8	10061.1	30740.8	5083.19	-16539.2	-2865.84	18626.6	-9964.8	-14394.9	14349.4	14763.3	45716.1	-19191	-12829.9	222.534	53510.7	21972.5	41924.8	6956.82	63144.7	-25410.6	-23943.5	-66412.7	5244.15	59671.5	-38659.6	16470.3	35843	5557.9	4857.81	-28148.4	25377.9	-8064.2	-22032.6	-11299.5	-21818.3	42997	46486.6	-13911	14661	12231.7	-31443.7	45815.8	-9926.94	-13580.2	-8665.14	-28966.8	77032.2	28543.7	-11962.2	-43421.7	-4100.06	-48584.3	42120.5	-27754.1	5459.1	7225.86	23599.2	16876.9	29174.2	4847.88	1297.43	40011.9	-22234.8	25319	7035.86	1316.19	35731.9	1976.02	20734.7	-29584.8	10957.9	438.846	-29379.1	-8313.26	-17525.8	-43295.1	21295.1	20563.1	6988.28	-34998.3	-74727.6	-21295.3	-77813.7	30907	18583	15831.3	9389.51	29967.5	-31772.5	-10128.8	9033.57
8000000.0001	-11187.9	36038.1	-59149.1	-61971.7	-50239.9	7393.13	-7798.99	-46764.2	50773.1	-8217.51	-16198.8	32202.2	31338.4	12802.7	7225.84	43980.7	4758.23	43351.3	-7402.01	25259.2	-24342.4	81592.3	-16598.8	16479.6	-34947.6	-11632.4	-20623.6	9837.77	22830.3	17595.9	-1627.41	12577.2	-27382.2	-12460.1	-36041.9	14900.9	27433	25918.9	-17063.2	36854.2	15966.1	64111.2	-3342.12	30166.5	-13226	-6167.49	27438.6	-31122.3	-2096.11	-30029.9	13484.4	5645.17	2206.43	-10540.4	35977.2	16482.1	-11711.1	-15564.7	52573.3	-31865.6	43286.5	-58354.3	41228.5	-49057.3	-4025.07	-773.467	7144.64	15783.6	24628.7	27252.4	19455.4	-13666.3	43821.1	24669.3	28518.1	-6709.12	46400	22737.4	-70030.1	-14445.9	16901.8	29680.3	32331.5	-51177.3	-6267.95	9460.21	-15094.9	23863.8	14716.5	24822	-8548.08	-12258.1	5355.28	-22416.8	-18936.7	1486.4	-29588.6	9602.07	49041.6	-27694.6
8000000.0001	-55090.3	-14100.7	12837.3	26971	46255.7	51532.3	7143.82	-7970.43	11813.4	-15823.4	18549.4	-360.617	-13253.2	49946.7	9318.95	-18244.1	10832.3	-23530.1	17530.9	-46687.3	13571.5	23376.6	43028.5	43568.6	12163.5	-67138.1	29263	-3658.17	-17672.6	-21131.2	22817.2	30716.7	7569.23	25804.9	-19782.9	-17861.5	-17308.8	-33059.3	8388.94	-168.267	-39808.3	4837.94	-2920.19	-16795.8	-4203.4	38026.3	2416.25	-19881.3	-6945.67	-3937.63	26203.8	4295.97	14653.9	-29264.7	-24616.5	-373.766	-23637.5	22246.3	9499.6	-15889.6	-32848.1	9918.54	32877.1	-14591.4	-8875.44	13612.1	13048.4	-11177.8	-1589.71	-23931.9	-7216.44	19864.2	30356.4	-7791.48	25204	-16703.1	-3567.25	44938	-156.246	34653	32315.5	11062.1	-44907.8	-24341.3	18620.4	49410.4	4956.96	-130.27	-38388.9	16469.3	-20840.1	-7005.75	12027.4	15353.7	-20278.4	-8683.98	87287.9	41812.6	-47895.1	-15658.5
8000000.0001	12955.3	10126.5	28909.3	2598.55	-72006.5	34687.2	-14843.9	17187.3	21444.3	-30353.6	-36291	-35320.3	7740.12	-38270.9	35183	-18516.7	12070.7	37022.9	-30529.1	-5039.85	3079.7	-32955.6	-43856.4	18162.2	-15373.3	-9037.21	25473.6	-31130.8	25273.5	24569.8	2395.64	-36513.2	29468.8	-6350.56	-23039.9	6651.21	-435.265	-3556.25	-13346.2	46490.6	9609.64	2550.98	12731.3	47262.8	592.287	6465.06	-2898.28	-56555.8	22547	48822.7	35131.4	33913.6	5703.15	-17956.6	38251.6	-29183.2	15999.6	-4102.6	-29338.4	-16933.8	785.856	-25668.4	-51593.3	-24348.9	2767.29	-52618.1	5930.76	22068.4	29001.1	33182.8	-33370.1	19525.9	21988.3	5987.07	-14334.7	-17898.1	-37841.4	-870.981	-7159.93	-28484.7	19553.8	41264.9	91561.5	-131.089	-45499.2	29605.2	9959.55	15384.6	21590.9	-29578.2	-8008.7	-14958.7	48076.9	-5335.96	44723.4	1820.33	23089	60677	24066.3	14748.5
8000000.0001	35209.6	9207.25	-12175.9	2752.85	43730	-40603.3	14838	-24085.4	58471.7	17472.7	-6858.71	4732.15	17425.4	12378.8	-36210.3	-2748.66	30520.4	-4587.35	-71664.8	-20828.9	-49861.1	-42060.1	13566.9	-28656.7	27236.3	-26010	-19437.2	-20893.3	6895.33	4774.54	15008.2	-6034.55	60928.9	-16875	-35481	4642.36	-6780.5	36940.6	23129.3	16153.9	4257.49	17633.4	-49171.9	-10932.5	-53023.5	-1383.67	23453	-21309.7	-23555.2	56855.7	-13361.9	37420.7	-25169.6	-28996.4	9261.06	-28370.6	-19888.3	28544.7	-44941.4	5482.98	-14066.8	8741.81	-10713.4	1344.35	-27724.9	5229.96	-22536.3	-10641.8	-5454.94	3082.85	17141.6	1304.84	-42193.2	-9319.37	-9576.03	-2666.69	46802.9	40055.1	17924.5	5647.31	-56033.2	2210.29	24271.6	-19819	-15195.6	31546.6	-22136.3	20987	56489.5	-672.255	-9435.68	-13045.5	5934.8	-9611.43	-37218.6	-28932.7	18277.9	-10953	7411.2	23692.1
8000000.0001	-4797.76	-31793.9	-6805.14	20891.7	-1796.71	16053.9	-17243.8	48067	39309.4	30785	-4128.69	-15770.6	30536.8	-33510.4	-15176.2	-28452.5	5548.91	8484.33	-10626.8	27951.9	-9045.11	-8153.07	-12355.2	-100537	-16659.9	-5392.54	-17049.3	-2068.53	-50333.4	12198.3	-40824.1	11148.5	-12430.3	-262.765	5088.81	-52670	-21249	6934.52	17781.9	-15337.4	6553.12	-9445.13	-24452.6	8402.73	-6726.3	26719.9	69154	-35338.3	-8555.39	-13920.3	-11517.3	-803.098	-14924.2	-27881.2	-36535.4	-29326.1	-1768.32	13885.8	3772.36	-27921.2	1234.49	27328.2	8532.16	10779.6	-22440.7	-554.231	40252	-19756.4	-41563.4	13987.2	-37803.1	-1981.26	11696.7	-3942.75	23114	11837.4	59199.6	-30348.6	-31920.9	-23098	40531.5	-17064.7	48840	52390.4	-19412.5	-19321.9	-20682.7	-19231.3	47808.7	6406.38	-9433.75	33617.8	63316.4	-28428	24702.1	43278.6	-3882.83	18991.8	-2695.64	2978.01
8000000.0001	-25903.5	217.35	-39693.6	-21975.8	-7376.61	39373.1	54667.8	54888.3	19399.8	21890.6	-5125.34	-4107.05	15016.9	-22329.1	21632.2	38755.1	-14859.6	58175.6	2005.72	4212.5	46674.2	35624.5	-14268.3	-33610.6	-4188.7	23104.6	32749.2	35322.3	-49431.9	19128.2	-17393.3	2829.13	47967.5	-24108.3	-17853.9	-4054.35	32917.2	-74267.1	-16465.8	-18142.3	-28071.3	-47966.3	37447.5	-47339.1	-23181.2	-9368.76	6211.02	65551.1	21330.6	-12787.2	-40200.9	50995.7	31438.4	-2537.67	14068	-30844.6	-2234.71	-38693	13602.6	-44262	29710.8	29164.7	12324.5	50359.3	-47581.3	2356.14	10368.6	-9703.3	-27895.8	-20307.8	-34626.1	-1756.2	-5549.47	-22430.4	-13257.6	-22235.7	-51642.7	32235.9	55429.1	-38765.1	2673.37	-4297.76	-67778.6	5602.27	20644.2	-1745.49	11834.5	1631.7	11257	25666.7	-29868.9	-3197.43	-3031.05	27144	-13668.7	-2981.4	-21987.2	-17624.1	31822.4	-21215.8
8000000.0001	1554.38	7876.62	18235	-22855.6	11611.1	-22003.2	-11643.3	-22560.3	-4331.3	32994.9	11207.1	-56303.4	-5460.57	-9218.26	-13925.6	-34050.8	-12499.5	6992.87	3855.68	-60502.5	27170.4	-1501.79	7121.01	-26461.8	3382.36	13230.6	7121.03	-25353.3	-20304.6	-14661.1	-22004.8	-77725.2	-43014.4	360.648	5516.13	21009.1	11357	50473.8	13834.3	7180.69	-2010.1	14966.4	42008.7	-10050.9	18780.3	49354.1	3434.92	60730.4	-7123.42	23184.8	-14188.9	9994.94	-6806.54	-34171.5	21202.8	-17803.5	42677.9	-4044.55	-29180.7	2737.15	50695	33400.1	2719.31	24252.8	-16344.1	-25499.6	5539.95	34673.2	6601.4	17524	25019.6	-38804.6	31471.6	11095	-10026.5	-35043.4	-11461.6	24483.1	-64200.8	27271.8	-18863.7	31572.8	5153.37	29286.8	23665	-5021.72	-19451	-28635.4	-4222.33	-12159.3	1183.35	-22308.9	-34643.2	50079	-14541	-14395.2	-10668.7	20903.8	-18060.8	-7177.97
8000000.0001	-26545.4	-1179.21	-71401.6	-4700.52	-8928.45	7347.83	18283.2	14472.9	-15539.5	-20368.7	-13701.6	-27623.7	30998.7	-86.5584	3529.64	12609.3	-44429.8	-29084	22758.7	33773.7	-7616.12	-6159.57	4812.21	-54763.9	-6122.74	3842.48	42547.6	23832.2	-6353.38	10621.2	1907.38	10883.8	35842.6	-2763.43	44977.3	-31819.6	1088.34	5797.21	-20578.5	67433.4	1788.88	20829.6	7697.51	-47726.9	10088	9420.96	364.449	10274.4	-19481.5	17584.1	40278.4	-54139.6	-13123.8	-38258.4	52089.4	-38214.2	-11606.8	21257.6	-4142.74	-8887.3	-3385.18	-8347.39	32199.8	3532.33	29602.4	-11522.1	-23985.7	16789.7	-3224.96	30890.6	-36265.5	8910.15	-27065.5	-8265.29	10168.9	16358.3	-29661.9	-28420.3	25289.8	-16044.1	-43086.4	29232	-32227.7	23515.2	33283.4	2334.02	-38824.3	75012.2	-28318.8	9071.58	22726.3	22898.9	8976.77	-4980.78	-2719.67	-23710.8	6045.41	-9427.23	12708.7	21585.6
8000000.0001	-53648.1	-3077.22	15326.9	25957.4	9047.05	59401.8	-16876.5	-10415.4	44233.7	-13516.7	37120.8	-36542.9	-11886.6	-27392.1	-59809.2	-41901.1	-672.085	-7245.84	-2195.41	39842.5	29090.9	-33445.9	21820	-10519.9	62592.8	-30356.2	7532.08	-22218.7	40615.4	1436.08	10633.6	-54540.4	-36996.9	101923	6406.07	32898.2	-22382.9	11029.2	2158.52	-2935.91	6646.9	-6592.53	45311.3	883.948	28877.2	13338.4	-39305.7	33632	-4693.88	-20461.6	40416.5	-51581.8	84989.2	-44781.9	-37249.7	7389.54	-8513.93	5747.05	38063.3	-2337.36	50279.4	13959	1412.75	5191.3	-30090.6	8922.05	-25874	26993.1	-12073.8	-31255.8	-17351.8	28837.3	-6742.23	5318.69	50610.1	24190.8	17443.5	13298.5	-20938.3	11008.4	38989	-125.317	17329.3	10534.6	-38524.3	21619.1	35305.7	5404.22	28285.5	-24805.2	21394.2	33934.4	17982.9	26742.1	29446.5	-13434.7	-1015.79	14216.6	30829	-44219.2
8000000.0001	-3851.81	-25764.6	-10370.4	-5793.59	-11188.2	45205.6	11272	-23290.3	-10703.2	8662.8	22893.5	-12940	3239.54	32293.3	36435.9	47962.8	34555.7	56654.6	-2978.94	-24606.6	-4234.36	-24082.3	3226.42	-14353.6	-23033.6	23032.6	35046.6	-14878.5	53206.4	6617.9	-57227	-1076.55	30214.1	-12749.8	-61765.3	2668.2	10099.8	4574.53	3584.73	-25215.2	-17996.9	42013.9	40990.4	-14882	-33189.3	3933.55	7863.57	-13428.2	-1806.63	19054.4	-8253.81	-35725.5	42946.7	-44632	77259.5	39007.1	1621.14	-48686.6	-22287.4	-30188.1	17546.3	-23973.7	18783.5	8309.22	15127.1	-23720.5	-15521.1	-6809.74	-19352.7	24795.2	11153	-6880.92	-32055.7	30645.4	-13265.9	-431.694	12812.1	-20042.7	16029.3	-8567.11	41433.1	10715.5	-4346.4	21862.9	-74589	-1686.42	-5543.91	13783.8	-29156.4	-26181.8	8502.48	-2035.25	-50601.6	69788	-3209.19	-7603.75	34196.3	38344.9	5660.52	32980.9
8000000.0001	3777.91	-10278.4	19424	31845.7	-29743.2	16356.6	8592.75	-26937.8	-2801.31	54427.7	-1059.16	1489.44	53354.6	-13210.5	-34257.7	-6016.27	-52640.4	17241.6	1816.14	12367.5	-3073.37	-28691.7	-30675.2	30319.5	21718.8	-10752.4	-38057.2	29369.8	35759.5	-13604.5	-4827.91	-17205.8	24176.5	-40924.6	11177.4	18602.9	-3037.53	3606.84	27624.2	-11711.1	1335.57	-32747.5	9841.27	29009.3	51993.5	22610.3	-43465.8	48059.1	-18756.9	-571.507	9378.32	33469.6	-37106.9	-14430.7	17727.5	-1239.35	41297.1	28540.4	8865.29	-46531.8	28089.6	-4870.58	16404.4	32357.6	1860.44	54790.8	-15578.6	-10333.5	11810.7	-5956.8	4154.67	-8840.97	-874.475	-21449.2	50079.5	-76940.2	7871.76	-36874.2	35620.4	13000.8	5534.61	3037.9	-10304	7723.25	17188.3	-37094.5	42810	-20168.6	28433.8	48153.1	10640.8	29276.8	7164.31	-2340.69	-22720.9	620.023	59885.4	27634.2	-13814.2	40593.5
8000000.0001	6628.43	-13995.6	48664.9	-34981.3	-4942.6	14705.1	-31767.2	-46601	15279	-10255.9	-41126.5	31367.7	23866.1	22151.4	25387.1	26199.8	-26795.5	29308.2	-37073	33069.8	9.70338	-10547.5	-1340.23	12474.2	14186.4	-60788.8	41367.1	-30250.5	-30510.7	11197.8	-26259.4	-58215.6	-51955.2	26961.1	36665.3	-48435.2	735.256	28070.6	-25139.1	594.597	-53201.8	-31470.2	-20732.6	49129.2	19352.8	14770.6	-5201.52	17521.6	-39481.1	1722.92	-51606.3	-19433.7	7387.09	33654.1	38282.7	38725.6	23729.1	-7763.52	23812.9	4017.64	-54638.1	40404.4	41988.4	15416.8	-33348.2	39157	-8462.57	8176.42	49778.7	-6748.88	7977.73	-961.722	-70801.1	-64661.4	-9368.67	5287.09	13893	12754	51942.6	11270.3	-23328.2	-883.043	-21519.4	33369.9	23508.1	-15711.6	28065.1	32017.3	-33711.3	-36869.3	-16436.5	-24387.1	34748.6	5814.44	-16641	-2056.54	-54849.2	-9108.9	-8905.06	-23561.4
8000000.0001	-13341.3	-42071.7	-22220.2	8459.11	-4623.52	-41118.3	22076.1	-32065.7	5904.04	26131.9	-33953.2	52398.5	35.9825	10473.2	32125.9	-1095.82	-92449.8	7825.91	-43989.6	30819	-13560.1	-42895.6	6402.21	10130.8	41259.6	-51334.2	-3652.54	-42648.9	5819.24	3112.84	-7338.85	-9398.42	-15000.6	28443.9	31143.3	-14730.6	-12695.4	-8379.51	22142.1	-9126.5	-28100.3	66796.6	-31610.5	-46787.8	-13596.4	19939.9	-3029.6	41745.9	-12441.8	-28109.8	-8419.9	61444.5	-61122.8	-21804.2	-27411	-36739	-32295.6	-72682.4	6856.06	-36901.3	37460.9	-2155.23	-46747.3	-23480.4	-11303.1	-43366.3	1301.37	2299.37	22945.7	4004.55	44145.3	-13100.8	-23830.7	25334.8	18354.9	8551.57	-20946	3555.67	-2914.07	8239.97	-7078.47	30735.8	6147.72	23489.9	-8109.9	-51649.6	4283.44	-10755.9	22384.8	-29384.1	15458.1	-17004.8	-23554.7	-39349.5	57161	-33464.9	-25870.3	-5521.17	11334.6	32990.7
8000000.0001	8403.04	18767.1	-2428.41	43922	-45052.8	-34482.2	16661.2	21491.4	11421.2	27896.3	-34187.2	-19205.3	-23092.8	-16189.1	22108.3	-11063.2	37887.8	17569.3	14125.9	-23277.4	-20262.3	-3259.33	17110.9	49677.7	10011.2	51464.3	27453	28004.5	36793.6	25013.6	7965.85	24397.6	8510.32	-36982.5	-24723.6	-23403.2	475.792	-10013.2	-5189.08	-18824	49201.1	-33100.9	17376.4	9850.62	5989.95	3655.27	-3948.23	-33460.5	-5185.03	-37554.8	-6951.23	-4510.21	-3059.14	-5719.63	-74581.8	42090.6	-16026	-7565.07	41506.4	47395.5	-48256	8906.47	6993.68	-3313.07	-9672.54	-83223.7	-1212.77	2250.08	2005.86	-3251.37	-27835.9	-3128.72	11148.3	-21435.7	-37161.7	21388.3	-78896.2	3674.72	-38478.9	6196.61	18016.9	33226	21484	-6769.29	-3414.99	41106.9	67149.2	-21881.7	13717.2	19287.1	-270.711	-30717.2	-30169.4	62211.6	-26834.3	-23982.5	-21622.6	46583.8	30339.5	10226.6
8000000.0001	-17856.2	5792.27	4653.12	7259.03	32103.4	-55533.1	-58956.4	-17407.9	-9986.05	27640.8	-12097.4	53129.1	27273.1	38077.3	36333.3	32158.3	-9668.37	35938.5	-6323.76	20976	806.829	10538.6	-4444.04	-5826.53	-12758.5	22345.3	53994	27730.5	-9299.55	10356.2	-2281.54	-20739.3	7938.29	18590.3	-23980.7	33775	-33683.3	-10895.7	-17681.1	3427.13	-1098.3	8198.57	-20196.4	-35243.8	26918	-20616.2	7318.02	8596.58	33693.2	-28913.8	-16581	-35110.8	-9177.38	860.69	-15985	-25313.7	30104.5	-28273.2	-16702.6	-57980.2	-22244.3	10745.8	16294.4	-14973.1	-1448.69	6419.2	-57977.2	9593.96	1742.27	-36563.3	38431.9	22180	19877	-26354.8	-11959.6	13228.7	8280.55	-24396.5	14154.8	-805.104	-22576.5	-24564.5	26393.8	-16848.6	-1222.68	3912.04	6202.37	-39216.1	-17673	-4028.4	-12198.7	-10138.5	-36174	-49214.9	38013.1	27075.2	11461.4	44734.4	14937	5781.21
8000000.0001	9570.98	-27058.2	-51217.4	6559.27	-20597	-26539.3	-69367.2	24490.3	-33477.7	52967.8	-38503	17321.4	39414.7	1277.36	-23995.1	843.716	35380.1	71313.1	-11386.3	-13665.7	-659.668	-29728.9	25957.1	11781.2	17750.4	-13614	18119	-11649.6	220.68	38514.5	-25023.1	-29774.5	-16309.7	5706.55	-21570.1	638.668	19089.2	19139	-38318.1	-36471.3	-1801.04	-28635	21948.4	24397.8	53729.1	27894.2	57663.9	2504.3	-16187.8	-5022.52	9979.85	19178.6	-24520	-13481.7	-1118.04	-39853.6	-35173.9	-5047.33	61580.4	-17463	-21351.2	-36155.9	41691	1257.33	-21712.7	23882.9	-21963.4	-15047.8	15602.2	54907	-22186.6	60959.4	4975.76	-26568.3	-75000.9	-8725.42	10087.6	-4944.33	-3493.89	-42799.5	5088.42	-9011.18	73077.4	-14455.1	35626	-347.416	70071.9	-27420	30753.2	-10553.2	-16973.4	7945.37	-2349.82	13638.1	-558.229	-21810.6	-45792.6	-1509.37	14615.5	-19149.5
8000000.0001	24620.8	14730.7	-18200.3	-32865.6	66686.3	3135.57	37286.4	-29473.9	20257.7	4651.59	-48638.5	-9710.8	-25449.4	37866	15325.3	-9241.31	54598.3	-26527.5	14905.1	34799.6	-8191.28	36709.2	-37641.2	16981.7	20798.5	-53763.5	7145.51	-71994.6	-19889	-38821.5	-21414.6	24101.4	48173.2	-28012	-59691.2	-30532.1	38540.9	-30243.9	-33057.5	-28504.3	22472	1295.63	40288.4	-7501.1	-22324.3	3832.07	-29118.4	25154.4	-26309.3	-5907.72	-20875	-28313	61099.3	14337	-6047.25	-14265.4	-42414.7	11457.3	-13002.8	-45815.2	-4017.66	-39495.8	-22510.4	57446.7	-15213.8	64056	54074.9	1146.83	55208	21597.8	1467.66	26555.4	36707.3	22141.2	7301.11	61595.6	6058.89	-53120.8	-23467.4	-8071.36	5165.09	21524.5	19036.4	14423.5	2214.46	-23418.9	-29910.8	-5597.35	-20478.4	-18719.8	42321.1	-14604.4	22339.9	-5505.59	-41694.6	-50272.8	15848.6	18681.2	-7653.17	10106.1
8000000.0001	-25190.2	35287.6	39593.2	40013.4	-1212.88	56851.6	55944	-5015.66	38451.7	-47018.5	-16929.7	8763.38	29092.1	-27095.6	-27622.7	-11356.5	-36335.5	5276.65	41094.4	81693.7	-7001.61	46642.5	-28269.2	-7617.21	-8474.01	16325.9	-2747.05	10416	-62222.3	6508.69	-33200.9	25516	-7886.47	30284.8	-18499.8	-48362.2	-18345.3	-18525.2	-5325.78	-3736.65	-24960.7	-9318.47	-50621.8	48728.7	2215.35	35191.9	-20969.1	-4380.98	-17485.4	37209.1	-19833.3	4749.53	3476.92	26412	-4317.86	-24165.3	13816.2	-174.152	-14661.6	11729.9	-9403.74	-2502.61	5731.39	-35116.8	-14100.3	-21710.4	11555.6	32806.2	1760.95	27661.6	-58581.2	-27490	18171.5	-18383.8	26072.2	49458.9	-54834.1	17336	13771.9	9049.73	-6867.43	-30770.9	16163.6	-12969.5	20432.4	37192.6	-36351.7	-10585.5	-26851.2	-19900.4	17344.1	-12640.7	17061.4	-21501.6	-53497.7	3226.62	-51163.4	-15808.5	44310.8	-20138.1
8000000.0001	66072.6	4427.04	-31547.9	-33482.3	-7666.83	23311.9	-53274.6	56219	10377.1	17399.1	-49910.2	20023.1	40462.1	-8832.04	3492.26	12393.2	52246.6	-11979.8	47214.4	-2533.28	-2167.64	-17876.3	-21725.5	4625.42	-31350	-32801.6	-30194.3	-9466.36	-10321.5	-17244.1	-16627	-6891.09	54219.4	-10451.6	-12892	-10175.4	-16611.6	61538.4	25127.8	4280.66	18632.9	-19448.6	31864.7	6046.88	9815.22	-55062.3	26000.8	-23523.1	-27328.4	11714.3	12827.2	51184.6	-3725.08	45368.1	14857.4	7325.04	-37537.8	-41945.9	14652.8	-16945.4	23556.4	11880.6	22744.2	-29761.4	-62703.6	7303.07	-22989.9	-1400.97	-28553.5	50074.5	-43714.3	-31086	-14969.5	-48310.5	-47007.4	38724.2	27345.6	9665.48	49944.2	11520.8	8586.58	25246.1	-14230.6	-31783.2	-25513.1	19938.4	-24742	-1710.43	16801.9	23930.6	-17962.2	4210.39	-19647.2	12934.8	37645	15625.6	27008.6	25585.5	16339.6	33007.2
8000000.0001	-20255.9	-29.8724	-15304.3	4006.7	-4120.26	22184.3	-16403	-19425.2	-23869.8	5352.27	16569.9	-23991.3	54915.6	-18260.4	3025.96	22250.6	-2022.88	27983.1	32478.2	10402.7	-27242.1	8531.03	1717.33	85271.1	84542.2	4274.51	-13731.7	-14343.3	13656.4	-39339.7	-47187.5	61147.3	4772.23	-21070.3	18432.7	22499	39015.2	8407.39	-4609.51	-20816	6806.04	5311	37483.9	-2611.21	-66134.4	-33529.7	22282.3	36470	-1980.68	13075.5	-8413.33	-1004.46	-73583.8	-2912.21	16276.2	-5781.02	8811.03	-43193.2	-51547.1	2599.42	-17101.4	69454.8	-43346.5	-11796.5	16249.6	-32082.9	-30379.4	33672.6	-11257.6	18896.5	-3324.23	-19582	4703.92	-1295.66	28238.3	21255	-49768.9	19513.4	55149.3	-33090.6	26639.6	-19645.9	-22952.7	3172.81	13904.2	-27111.8	-25191.2	-6704.16	9483.18	-14895.2	62908	6160.38	-5328.37	30311	-58710	-1937.24	24081.6	-14040.2	-2908.74	14918.3
8000000.0001	39156.3	-10189.3	-30653.3	-10264.6	24849	703.838	-22330.4	38724.8	34841.6	27395.8	-14553.1	-21722.8	-9242.89	29410.2	-13221.1	-3696.22	9479.42	7566.95	798.444	-32013.8	28827.1	13886.8	10921.7	957.79	42972.7	69947.5	-28190	24627.9	990.346	-15715.2	-24948.5	47366.5	-26275.1	-31819.5	40205.1	7389.57	-2871.11	-4383.65	6399.84	26750.4	-8982.03	20671.6	16206.7	5199.06	27534.9	8399.34	43348.8	29343.9	-696.101	-39830.6	-31974.4	4674.94	4344.81	40903.2	-504.875	-12874.9	17763.5	46604.5	7927.03	-880.74	-3494.55	-33338.2	-40017.4	14208.8	13797.7	-8074.54	-41816.7	39799.5	-7088.38	-21023.8	-14293	21363.2	46518.8	-16339.2	9793.92	-23359.9	-48112	-457.199	-14645.8	33666.7	-7056	-19430.1	22667.3	-3319.36	8728.68	-14675.6	2079.5	40691.1	25325.4	-7503.45	20001.8	-18567	10937.2	32651.6	-1441.31	-40548.2	16029	-69255.1	-10221.2	18032
8000000.0001	-22985	2068.11	-48638.1	17103.9	-17214.2	-38273.6	9246.74	-18457.8	-32035.9	-50034.6	-27492.3	-7281.19	9386.43	12670.2	38865.7	31173	42072.3	-43531.9	-43550.7	-41516.2	-25293.9	-40349.9	4686.53	13573	-23183.8	-5643.37	-35589.9	19693.4	20271.5	-11608.8	-21504.5	17093.2	21693.7	398.556	17505.9	-37885.1	37597.5	-17388.6	-1759.4	36541.1	1744.95	-61677.4	28462.4	9516.03	-24034.3	40983.2	18086.2	-31968.6	-11588.8	-11387.4	-1341.52	39373.9	8072.25	-12476.2	8366.18	37359.6	29851.1	20226.9	-5775.55	17765.5	-19687.9	13804.4	-18789.4	-325.71	-9139.18	-16775.6	-7703.17	-12649.6	-19079.6	-33826.3	11154	29554.2	22596.4	-9333.08	39707.4	4459.24	4896.05	12661	26706.5	2431.79	1848.05	-6101.61	9413.85	-9983.06	59231.9	28870.1	1823.86	-4063.96	-17659.8	-19257.3	9532.83	-44059.5	12754.4	1966.01	-35861.4	19382.7	-10064.2	1335.39	13207.9	28217
8000000.0001	-20343.2	-15728.6	-80114.6	-35533.3	-17315	38176.9	21363.8	10352.6	3416.18	-21371.7	4952.02	51293.6	-25636.6	-24523.7	-50835.1	45576.4	-68883.5	18054.3	-5403.56	-5647.21	-19887.1	40938.2	-5722.2	39077.5	-19972.5	-7225.19	31460.8	70950.3	-36034.7	-43446.3	44691.6	36656.1	-33684.3	43262.8	-35255.1	-6143.98	48850.8	8126.82	12137.6	-28504.3	-7530.22	-59916.9	25587.3	-6986.14	-13828.5	5499.28	50997.5	-56599.4	-75379.1	-13844.5	18551.5	39317.7	22211.5	-14265.3	25257.2	-59840.8	13132.9	31047.4	25284.4	-7969.63	31715.2	-15095.8	-3393.2	54919	-14503	14411.7	-5809.86	2970.95	-1903.16	11649.9	-34826.2	84955.8	66909.1	-58235.7	-47417.7	9427.92	25338	8916.87	18528.9	15687.2	5379.92	2574.27	-12902.5	-1841.87	4698.88	33840.2	-29473.5	28735.5	1936.83	6453.86	-12188.5	-32866.6	53071.2	-4968.63	1778.19	-21661.9	3903.63	41429.7	-3907.33	49124.6
8000000.0001	-17370.7	23928	-59072	-49956.4	26252.4	14714.1	-16794.5	-45139.3	2544.41	-19739.3	-45321.2	52052.6	-45959.1	15463.1	14245.4	10937.3	23205	19415.1	42270.8	16217.5	-57893.5	30490.6	-14559.2	-39366.8	24810.2	-7954.4	50471.2	43171.2	19958.5	10119.4	-23477.9	-17860.9	-22488.2	24207.2	67300.7	1025.57	7962.66	65510.9	41227.4	-14171.7	-6523.35	6383.21	19982.6	-31952.4	-23637.2	-4100.66	-21969	-52876.3	-44245.6	-43208.2	17504.7	-68950	4797.96	11231.8	6843.24	-6887.18	-11022.9	-5567.43	-45933.2	-30379.7	-59235.6	38879	19512	1544.56	75060.3	-17818.4	26612.3	-9839.12	22234.9	12617.3	-6605.99	51580.8	2488	-21721	58056.3	31476.8	10625	-21291.5	-35044.1	12140.1	-13640.4	20061.6	-49982.7	-19106.3	-7433.74	16329.2	9114.31	-51918	-6518.42	-9255.89	4711.97	20843.1	-49052.6	13887.7	5940.84	-19638.5	-23297.3	3986.49	-395.012	25679.7
8000000.0001	37260.4	14170.6	20521.8	-33702.2	12146.3	26380.5	-42618.7	20231.2	-24136.1	-20456.7	-13380.5	42517.7	-59759.5	-22871.6	57781.3	-40447.4	-28620.9	-21670.2	-28376	-19832.1	47013.3	-16113.6	-17339.1	6209.4	66772.3	12471.1	34928.4	231.153	-23919.3	-70526.2	-9604.08	-12667.1	-30981	-30065.3	36587.7	48124.7	-15217.6	9917.03	-5502.31	62383.2	34276.6	-18262.3	20597.6	14487.3	56256.1	23067	-8166.43	1986.13	37769	-8645.95	-50573.4	10091.7	30302	-11506.2	-9136.47	-33326.7	-25647.8	-38567.4	8703.35	-32159.5	-32163	74384.7	4821.15	21451.7	35561.4	-31206.2	-39117.8	52152	10399.2	12505.7	-37454.8	23886.5	-6005.78	11204.1	-59003.3	-30046.5	-3731.53	-17078.5	-10296	-27344.3	-68656.7	-39270.9	-49919.9	21158.9	13801.2	-8652.04	11491.6	20968	32019.7	-4530.5	29923.4	44993.5	15032.1	-2759.85	10598.2	-57515.1	4080.8	-19078	15756.2	-643.936
8000000.0001	34664.3	26947.9	25623.4	26787	-42442.7	21229.5	-17604.3	40842.9	25095.8	-5105.64	54852.9	-69456.4	-12611.4	-15403.6	-14671.9	-16060.7	8091.84	34624.3	-33801.4	-37732.2	29958.2	35300.9	32593.1	-11608.3	22609	7651.46	-27671.6	-4421.61	-3593.66	25672.5	-5197.16	-56930.5	11957	-32355	-19079	13695.4	16542.9	9480.9	-9816.62	-50722.4	-65174.3	32852.3	32213.6	4497.15	-43169.3	-7465.66	-42940.4	-1496.44	-50091.6	5783.27	4686.61	6816.98	44226.7	2255.92	-12030.3	-378.353	3571.22	10048.3	-812.311	20588.2	-9800.83	59848.8	6607.77	14521.8	6609.23	11557.8	-14459.7	-7338.16	2545.04	-54512.2	52935.3	-36572.5	-6553.03	-32348.2	9184.45	14179.8	1935.11	13569.2	10629.8	21109.5	-15338.8	2539.06	31961.4	-14079.4	-6773.33	-1307.59	3983.39	31784.5	14417.5	7134.42	-43705.4	-25968.1	3179.66	-5563.08	4681.8	7596.87	2592.37	12942	-26739.3	20998.5
8000000.0001	-34422.7	6498.97	7370.27	16760.9	-11560.1	-8800.58	20277.8	-48623.7	71222.4	-10385.7	-19446.1	-1873.92	11102.9	-19853.3	-25641.9	-12136.6	21953.5	-12994.8	-6651.8	-52759.5	19742.3	-52035.3	-18868.9	-22694.2	12454.6	-11656.6	-27474.7	-56238.5	47169.9	15107.2	-36617.4	14424.8	2034.47	-2281.98	-24619.5	26809.2	-18137.5	-6881.89	69755.4	-43561	31839.7	-17005.8	33472	9548.94	-1157.02	-1399.93	-15444.3	-15653.1	10178.7	2611.22	-5523.37	5958.04	-4654.32	-17729	718.716	62910.2	14131.7	-69880.1	16542.8	-9577.44	-17869.1	33045.5	12891	30654.1	-20159.9	8113.89	13105.7	25968	33590.6	-17963.1	6746.44	12379.4	27420.2	47973.3	19287.8	-971.839	-51267.9	55498.5	20413.1	-3955.74	-36450.3	-59841.9	38899	7654.65	15308.6	27353.3	39516.3	-30426.1	3967.44	7396.59	-5831.53	-3483.26	-9505.96	9620.19	-18100.9	47170.8	359.451	17171.3	-5627.31	25828.9
8000000.0001	37095.2	-18292.9	34637.8	-11408.1	-66877.3	-49810.8	-44886.9	4514.73	41398.9	8896.99	11837.9	35784	302.762	-7284.11	-17613	-66527.2	35535	834.018	-17578.5	2056.44	-16851.2	-15869.5	-12628.8	38502.6	22314.8	-13233.5	-7275.37	39011.1	-23670.5	655.445	-26715.9	3090.84	34156.7	-9857.47	2768.14	19476.2	-22674.8	3528.27	4953.36	3493.4	-11471.3	2351.44	14751	-20765.2	-2153.91	-4903.88	955.67	-60159	-25082.4	-60898.1	-19124	-61799.3	2293.75	32926.7	-59060.8	-5807.73	-7515.51	49713.6	19419	-45186.4	-2391.15	-43636.5	8607.81	-9089.42	-1452.75	-23593.6	32283.5	-2751.33	1153.31	28569.8	-11190.8	-14073.2	-22110.2	24192.9	-29580.9	-28671.1	25718.5	-26509.9	-26510.3	23500.6	11505.8	21037	-16413.6	-12233.8	-1096.37	-23972.5	31677.6	25148.8	35541.9	-2721.55	29396.1	-21410.2	12812.5	32263.3	30481.1	45843.8	-13725	51418.8	-28983.1	8555.17
8000000.0001	2632.57	26431.8	29816.4	-23453.9	48112.7	-6541.99	16235.7	-40538	20010.3	1225.91	43754.7	23.9089	-8489.99	-6702.23	-30380.3	10281.4	-15501.6	-42653.6	-18318.6	-40583.1	7977.07	9409.95	19748.3	-48212.8	27784.2	4283.91	24853.9	-40417.8	-48158.7	-27433.3	17409.6	-28824.7	12942.4	3058.27	-21780.2	9446.71	10061.8	-65162.9	3519.46	33627.5	-29787.7	34729.6	-11116.9	-16735	17329.9	-4290.14	-9804.85	-13251.7	-11651.6	-62226.3	31944	18573.8	54019.4	-11097.3	10052.5	56458.4	36071.3	61982.1	2884.06	12069.4	1434.52	27151.2	27538.2	1898.88	-11148.6	-40608.1	16271.6	65994.3	30929.4	20702.4	11668	-6081.8	8430.82	8450.53	18202.7	-30151.8	18892.8	-1511.63	-25602	50388	7908.24	27037.5	-27689.7	874.352	16413.4	32904.2	38045	-7180.09	-24556.4	14982.4	-2696.05	-299.677	-14002	-19848	51289.7	-8601.55	-56427.5	-24154.4	9384.11	-30196.2
8000000.0001	8808.71	47354.8	-47346.9	62726.5	-9011.26	-11247.6	36409.1	25677.2	21325.1	-11343.2	-32163.4	-33019.5	13842.9	7896.37	35886.7	-5548.66	-8322.56	9803.35	-22560.8	-61975.7	-75078.8	30863.7	19853.4	-20525.3	13875.7	-18798	18229.4	41241.7	17301.6	51434.7	-29038.9	5124.45	9384.19	-11601.4	-5078.13	-54951.7	13856.7	35353.4	-11975.2	-47398.1	-854.941	21045.4	14831.5	24805.1	25467.9	1373.1	20436.6	34303.1	-214.156	-30068.8	-2089.96	6610.58	63949.9	54843.1	12851.9	-50752.2	-1186.27	3828.35	25764.8	-17469.8	-9923.05	27137.1	-8835.89	-11260.3	13787.6	-13797.3	-2201.04	-12886.6	-34817.1	-53228.4	17822.6	-17511.1	8373.13	-27989.4	-18504.3	6378.95	20477.5	31033.5	-3608.32	-1668.46	-21597.6	-58845.9	16373.7	-19134.1	-1367.69	-7374.97	20150.3	-1060.11	-7861.43	-22868.7	1858.94	19624.1	-36692.5	39775.5	-10101.9	21551.4	-33891.7	-23279.6	-23478.1	12405.2
8000000.0001	-12002.8	-43669.9	-11985.1	-52628.3	29261.2	38724.4	5458.88	55765.3	3480.58	-41205.6	-46917	10266.5	8095.75	13874.3	39296.3	21465.6	-11858.2	-15784.1	-6691.32	-101429	-47415.4	-103911	-48498.8	-5797.22	-49548.1	43624.4	39863.6	-23631.5	-21789.8	-15990.3	12602.1	23472.6	-30490.7	-25838.6	-33277	17459.6	-52630.1	-28927	-11582.5	-24957.8	3249.06	-58368.4	-9670.38	14582.5	-1283.81	5671.88	-4813.34	-23072.5	-28548.1	-27776.8	-46492.6	16127.9	-39743.6	33058.2	11375.6	533.311	-59742.8	6559.38	-52847.3	-23656.1	14827.3	19321.8	28417.9	-31937.1	-5326.78	-61886.2	-20406.3	54710.2	-12365.4	-49476	6244.31	-26372.7	872.73	-11643.5	20475.6	-2686.23	-11295	6742.57	9456.58	-59363.2	7924.55	46365.7	3555.35	32692.3	27188.6	-41980.6	17286.2	51437.7	-46305.8	-13791.4	-29787	38236.7	-8543.92	-6714.43	21847.2	-54642.1	11276.8	-15466.1	22126.4	-3902.46
8000000.0001	5231.73	21560	-10886.1	20289.3	-28720.9	-32588.7	9210.91	-2942.8	-11925	17230.3	17219	-44872.9	-10011.5	-17000.3	-15277.1	44582.6	12402.3	-19259.3	8014.11	6260.31	-24215.1	-25044.8	-48647.3	20261.5	-11133.4	7927.95	-22236.3	-37938.7	40664.4	-10617.6	8966.07	-15366.5	80389.7	-38432.3	-6834.27	-19468.3	-27737	41499.7	29305.8	-4025.56	19050.7	23197.4	-17311.7	53375.5	2276.55	-38968.4	-8667.23	-27969.2	-14065.5	8566.34	14663.7	5613.54	-46465.6	12095.8	2823.31	11002	-17801.7	15986.8	-99910.3	-63071.8	30694.4	35973.1	4367.54	-12905.8	-5253.85	-9059.71	-17022.9	56635.9	-17660.9	-19339.2	-84699.5	-6893.89	5267.33	-10726.6	-23598.4	-10354	1900.82	-38360.3	8020.51	11964.2	-19259.8	-1777.28	8715.86	12137.3	-23790.5	27905.6	38102	11307.2	-14662	14043.6	22587.8	25006.6	-5585.28	-44741	35450.1	-79043.9	-35224	-34338.5	38158.1	12089.6
8000000.0001	-26613.3	-10543	-31012.2	4437.36	-47206.9	-43221.5	-14718.4	-20895.5	-47938.3	-54525.5	60986.1	971.561	-4692.1	74531.9	28594.3	-72993.1	20337.1	-5366.9	32662.3	45752.3	39251	-8825.29	-5523.88	-33385.8	290.322	1621.84	-60346.8	17850.9	51840.3	2392.88	-6317.01	34050.8	21513.7	7138.47	-15883.3	57903	-7110.47	-14277.7	16654.6	6317.89	22763.7	17453.4	22399.7	-22035.8	-12176.6	1086.92	7807.29	3486.36	9242.95	22384	7041.31	17609.3	29918	-3240.49	27146	8075.02	-6836.89	22967.3	-39672.3	5895.67	-3991.69	31358.6	-13554.1	36331.1	17508.1	18282.5	19268.6	47102.2	51178.1	20644.2	-20152	32009.2	-26052.2	12140.7	-34921.6	-29503.7	-12827.2	40281.5	-13698.8	-38430.3	62907.8	17269	-6136.44	19491	-34425.7	28473.2	-33008.6	16897.6	-31281.9	-2810.67	17356.3	-68631.1	-18036.7	44920.3	26442.4	35444.4	-41413.5	-17039.4	13280.7	14362.1
8000000.0001	-20353.2	-26724	-38657.3	-5171.98	44775.9	9.60835	-63886.2	18460.9	40985.3	35978.7	-3811.99	-18318.6	-7091.23	9627.49	53368.2	-28824.6	11549.2	-1187.35	35233.9	48853.6	-41394.3	12777.2	-23519.6	-5934.65	8976.94	-6063.31	-244.656	-14923.3	-1450.71	48219.8	-20962.2	-2155.22	-12507.4	4482.06	33572.6	-3949.82	50600.5	-54438.6	39683.6	-23240.3	39063.3	-5735.67	-8746.84	-31726.1	-7740.57	29985	-14049	10341.6	6900.53	-13410.4	23836.3	65263.6	-15544.8	5758.07	-12718.1	6250.54	22190	10307	-20009.7	-50291.4	-12641.6	-15259.8	-29507.8	-15447.8	-9350.52	-35022	2510.34	40639	-12197.7	1117.83	25464.4	-15911.1	-36597.4	-37508.6	15178.3	27547.8	61989.4	42034	18928.9	-33669.9	-51620.7	10560.7	-7119.32	-13832	-15939.5	24448.4	-1143.21	-31042.5	23830.5	-11177	-7585.88	-6646.68	-70532	-29030	-1801.75	-43516.7	-25773.8	-9494.07	-38965.3	1007.73
8000000.0001	4563.52	-10086.4	19821.5	36383.8	-1506.73	-10353.8	45375.6	4868.95	-16144.4	32600	10879.5	2988.71	9142.19	12071.1	10057.8	9690.75	-19000.1	56362.8	-8664.14	-10366.3	-26161.6	49509	12012.8	33505.7	55803.6	-32039.4	-5036.77	2021.31	32666	17225.2	-50309.2	-7902.05	11846.8	-29026.5	-28801.2	-31303.7	-14730.8	-35515.3	-16501.3	3933.21	1550.45	-26577.8	4637.6	48806	36024.3	30839.2	2432.81	-34297.7	1297.71	2311.85	-7362.76	-6699.1	-17668.7	-28855.4	14434.7	44073.1	-10554.4	27168.6	14857.7	-11341.1	2107.34	-15595.6	-29440.3	-20695	23134.3	31952.8	37663.8	9346.1	9668.71	45828.9	49448	2438.69	14037.7	-46659.4	31039.5	25199.4	-12863.2	-1865.93	-2648	71529.3	25543.2	39932.8	15321.5	-19257	-49443.2	-41993.6	-7569.95	2990.3	-29826.4	-16589	29321.5	4597.41	-17639.1	26856.1	-42713	31783.3	18104.3	4372.92	1992.22	-12119
8000000.0001	27833.9	-15193.1	49688.3	-14089.3	20032.5	-39568	-31313.2	21610.7	-36826.9	-34450.3	1240.82	38482	19397.4	32175.5	-25143.8	8218.14	-25323.6	14477.4	20594.1	40613.6	40331.4	6436.29	13920.9	15132.2	577.877	-3538.76	34163.1	16498.1	7688.29	-37507.6	-14366	23229.6	-18674.9	7633.17	-11295.9	1644.99	24333.9	40416.7	22490.2	-13811.2	23655.3	17122.8	14469.3	6054.85	11835.3	7046.45	-32816.7	-16800	23129.2	26006.4	13414.5	28845.7	-23889.4	-34781.8	-9131.39	8866.29	4325.88	-26803.6	53473.5	-11815.8	-47976	37520.7	-26094.9	6448.9	24888.3	-11224.7	31363	13676	-714.025	-22514.9	-12919.1	18279.4	40303.2	-27045.2	-27423.6	-22171.6	-11732.5	-9395.39	-16592.8	7931.76	-49370.7	-51562.2	44753.5	-14490.8	-16748	14345.8	6703.38	15463.7	-21274.7	25952.3	-38630.7	-15229	-24687.7	69060.5	18586.7	14762.7	3405.72	-53479.7	31337.3	-37737.8
8000000.0001	-609.154	-17872.3	10910.3	-59084	27686.1	-14326.6	33580.8	42865.9	-6429.44	-5547.41	45567.3	-5861.52	-9766.16	2294.17	17369.9	-19567.2	-19807.1	36181.7	-16917.4	23550.4	-459.566	12046.4	-45956.4	-12739.9	-38622.1	-26896.3	-17374.8	-26022	-14170.8	-38115.7	12015.2	-7746.7	-26710.9	26757	37606.5	-4680.54	-488.81	18568.9	-19397	37528.2	9833.68	-33830.9	16914.4	4487.25	1016.9	8113.6	-25701.5	55178.5	25021.9	-29737.2	-46468.2	33300.2	11926.3	-11230.3	-63664.5	-10294.7	-17905.8	40424.8	-15104.3	-55135.6	-19176.3	5747.21	-28749.8	-6398.36	22798.4	-13614	-19615.6	47024.6	54682.2	5655.86	21296.2	30868	-20729.9	-28345.9	23730.7	-57288.2	-51126.1	7411.9	-1288.53	3649.71	-15983	8766.1	6421.5	6811.75	-1333.7	-48393.5	3439.55	38112.6	23804.5	-16942.1	-24371.6	11745.3	-3258.12	15023	4009.45	-34082.4	-63499.1	11960.9	-24618.6	-20952.2
8000000.0001	-33897.1	-4378.24	-15436.7	-7924.76	-27245.4	-15144.8	-15524.2	25517.9	-2385.07	-6443.5	-7157.49	18693.1	-55499.8	-6320.78	-11376.3	3231.83	-26494.1	-15759.3	25623.3	48075.1	-48297.6	-9633.36	36255.4	-52095.7	-44389	-7230.51	-39877.4	20277.8	68230.6	-3292.09	431.465	19930.8	-5078.6	3453.96	28514.6	-39168	7019.28	23147.2	61157.2	-28998.5	-17376.4	-9140.53	25189.3	-47791.1	73686.6	28103	-30894.3	-6776.74	16691.4	757.4	70721.8	19262.8	-15749.5	-17824.8	27007.6	25838.5	53024.1	-77158	6228.59	11080.2	8375.87	2530.52	-29765.6	-55181.5	-29008.5	35035.6	-57654.7	-29688.6	18958.4	-14530.1	-5820.65	-11436	-11151.8	-30002.1	-57102.7	8454.23	20236.3	19696.8	-5780.04	173.485	37528.9	3909.14	52370	39865.9	-14128.8	-39324.9	-25523.8	998.207	-15481.1	-45497.2	-4096.16	44419.6	-11301.8	5284.97	3930.71	25814.8	-25606.3	-16958.9	-5449.17	-48285.9
8000000.0001	297.139	53399.2	-4038.88	3506.21	-13530.6	11193.1	-535.076	-35430.6	42992.5	14367.5	-24455.7	13401.4	24796.4	55765.6	68617.6	27778.7	-4895.67	-57492	37734.9	-15724.9	-7059.01	1027.07	45514.8	-100.607	38952	-22605.2	-23064.3	27998.9	-32454	-30307.7	45428.6	28171.2	14322.8	3349.37	-47807.9	-3066.58	-52774.8	-26173.7	7606.87	-64901.1	8638.71	16151	-8220.48	18457.3	4188.1	-16255.6	-25139.3	-9514.74	29607.4	-34970.9	-20553.2	-11366.4	12858.3	-13270.3	12371.4	14857.4	-17880.6	3251.8	-4579.84	11767.9	92996.1	442.963	-12730.5	34411.5	-51545.2	34972.6	-29806.6	-40303.5	-10698.8	27601.9	24386.9	63630.2	-17028.1	20005.7	-21683.1	13907.1	648.627	-17595	9156.78	2226.51	-22183.6	3197.45	23198.5	6826.3	12744.5	-24077.3	-1768.5	-7009.78	31166.6	-16408.1	31404.8	27904.9	16214.9	58549.4	36421.4	-22405.3	-1797.52	16409.1	6254.02	37576
8000000.0001	-37380.1	-44080.8	23504.4	24207.4	10361.5	-44218.7	8781.79	5431.89	-64550.1	70560.2	-47646.5	8782.55	-11945	16273.5	-35724.1	24812.7	-31012.9	-40908	31010.8	-7895.88	9569.6	5735.45	14043.9	9869.88	-6490.7	5171.82	-13897	-32833.5	-24121	3523.52	-12072	-44873.6	10714	15459.4	-7573.91	-31165.2	29683	10870.6	-44222.6	-36622.1	-14171.9	-24055.8	-20093.3	-7942.53	-14571.3	-12869.6	-28358	5000.15	-45150	-30030.4	68574.1	-16058.2	-37914.9	-23800.1	-52789.6	-46683.6	5018.18	-7408.82	-21820.9	46817.2	-34084.6	-21938	18492.3	33797.6	-13168.3	-8719.27	-17358.9	-23258.4	-33188.2	8735.55	9771.71	-37893.5	17116.8	24273	13548.2	17091	-72682.8	3941.43	-25023.5	-6901.44	-8309.25	-2227.94	13267.2	-392.624	598.434	-6269.75	23373.3	-7364.48	28178.7	-30014.6	-1042.43	7643.38	-10864.6	-23285.9	19066.1	36718.2	7805.58	30464.6	-12928.6	-576.782
8000000.0001	37164.7	-29817	-19152.8	-17372.5	-11476.1	21731.5	64873.7	-24486.8	-1749.5	11272.2	-23607.2	1414.86	27814.5	-50794.4	22729.7	-19128.5	-12764.9	-28459.5	6329.2	-511.872	-43936.8	13055.7	18750.4	-23324.9	46759.1	10303.4	303.924	37239.4	-19755.8	-5260.26	-19570.5	-4028.43	43986.6	28140.6	-8355.49	-11784.4	16820.6	-83699	25444.8	-18628.8	14246.6	20759	23198.4	1915.81	-25171.3	9919.81	36564.6	-55165.6	8727.13	5392	63313.4	18131.8	12908.9	-10179.2	-10937.6	-27245.7	-43217.4	-38990.7	-66946.5	-72480	5010.44	-39708	-81640.3	40817.2	5077.34	-52961	-12428.2	40534.9	-4946.73	-14281.3	-23974.6	46529.7	-21422.2	6571.57	16256.6	11810.5	-370.88	7223.12	30102.9	35210	5595.4	-16273.1	-34121.9	24585.3	45028.8	5919.81	-25785.6	46769.4	6263.43	10376.9	68877.3	-64252	-1623.11	-61907.5	8383.21	12822.3	-44742.4	-14842.3	51123.4	-11412.9
8000000.0001	-34030.3	-29008.3	36112.5	-11319.6	13960.5	35197.3	19988.9	37747.2	32537.1	-595.985	3893.62	-13485.6	41711.2	36726.6	-44078.2	29978.3	-25290.9	-12240.5	21776.9	15136.4	-57477.5	29607.9	2391.11	-38320	-30705.2	69659.3	24938.4	34898.8	-43596.1	-3804.65	58900.1	3676.87	-36429.6	-3237.66	9127.97	-38093.1	49804.5	-20805.8	-7212.73	76736.4	4272.19	-34420.7	-6854.11	-16324.3	-1872.71	7786.03	25430.8	-15714.7	-25007.9	-55105.3	-2269.59	-6416	-16742.3	30116.4	45637.1	-28771.6	17220.6	14224	14384.4	27123.6	-35747.8	9372.93	-46942.7	1013.02	-29282.7	25264.4	11875.6	-34257.8	-14381.3	2750.28	-18456.7	-4168.58	-11717.1	-22076	-12712.1	19897.5	-45616.2	4879.47	-16136.3	-827.268	-22633.6	-2434.94	-2942.49	33598.5	33064.4	-7925.18	-1030.74	-5061.61	48565	-24862.6	-27765	26512.5	9.2317	18610.1	-11662.8	-8375.95	-11233	-6159.28	8681.09	-6824.44
8000000.0001	32044.2	-13783.4	-29316.6	4290.72	26171.9	10037.1	18716.9	-37307.6	52579.1	-8556.24	-17667.4	13394.4	19688.5	-14027.7	-42454.4	-33625	10079	-15277.7	16482.1	-28770.5	8928.77	33424.5	23348.1	-17039.7	26656.8	-15646.8	-23124.2	-33080.7	-34871.9	49408.1	-26066.1	-74198.6	32300.6	9970.09	-31547.6	-23806.6	7523.78	-15013.8	-13036.2	-17201.1	-7015.12	25270.4	50249.1	7966.95	18060.8	-32821.7	24356.9	10354.3	-7462.19	43919.2	13591.6	30567.5	47276.4	70014.7	11733.1	-4771.55	-75139.7	47492.7	-73619.3	46605	61377.6	-24966.9	-18095.3	29080.5	-6967.14	-14939.7	28700.2	-6919.96	-13922.2	9476.86	44215.4	17345.2	11723.1	-9138.44	-44288.7	-2617.7	-19289.8	6094.17	45081.9	1851.5	-38811.2	-48814.5	6518	25856.5	2924.59	-46114.2	48657	-12914.3	19973.9	-11569	17713.7	-10597.7	6969.11	-41317	16460.7	-6833.38	-36427.3	-39930.4	-19672.5	-31725.5
8000000.0001	-46560	-32857.6	-22397.4	10221.5	8184.61	52392.4	4575.89	48450.8	9348.38	-4104.81	57369.6	-66135.5	11788.5	30922.9	-5849.08	-42345.9	37483.1	9121.57	-12724.5	58583.9	-14671.7	-10402.2	-22409.7	18598.4	55782.3	-54515.1	-41095	7601.38	26518.8	-11204.9	25553.4	22267.7	-15761.1	-35986.4	9915.8	42416	-6206.74	-71208.3	-11773.8	-26265.4	20212.8	-24236.8	-19015.1	3926.29	-32762.9	3639.52	20228.4	-50392.7	-3739.28	23925.8	-40157.5	-31497	-17362.7	-5612.69	20302.8	-12933.1	-7513.98	20403.7	-35509.4	-7027.11	22400	-32553.1	-37283.5	-3960.38	-2964.36	-38640.4	-1915.53	12427.5	-52433.8	21598.4	-48267.2	-27666.2	46301.9	27174.5	-7804.88	-10261.4	-26961.5	40201.1	29885.7	-15364.9	-25835.7	-13548.4	-1479.37	33726.2	13003.1	-36049	-15333.1	12999.9	19516.8	9869.21	-36359.5	41479.2	-20396.3	-62790.5	415.745	33022.8	-28886.9	-38688.7	17153.6	2898.93
8000000.0001	11538.5	4393.02	38322.8	2517.05	28322	11255.7	-16426.9	-1610.4	-2256.88	-18290.7	-30578.1	-30998.6	-10615.1	-289.648	49892.4	55255.8	93206.9	-56407.5	7697	19339.1	40344.2	-39037.1	25030.9	-35008.2	22291.6	12307.6	63842.1	22850.4	25444.4	79700.9	-39199.4	47996.1	-20267.8	4431.06	-8261.06	-15784.5	51847.2	-6294.32	2220.31	-2072.02	-19137.1	940.818	12418	11763.7	18494.1	12828.1	-54204.6	-34958.9	-3944.72	-21697	-43857.9	18781.7	16998.9	52011.8	-30932.5	30982.5	-8940.59	-12806.3	-5323.93	14061.4	24044.8	-38301.4	12003.8	97607.9	-7915.38	-10023.3	-36407.8	-50195.2	33937.4	-42381.3	11291	-5233.9	-3114.44	-15883	40081	-23894.9	34594.2	17782.4	-19427.5	24880.9	-6389.64	13797.7	26300.4	-37558.4	-9132.9	2640.99	8507.52	-32207.4	-29007.4	24055.1	30158.1	-17261	-6132	50968.5	41715.2	-4269.23	-13199.5	-23042.3	-41675.9	8207.47
8000000.0001	51046.4	18605.3	-21527.5	-18109.5	35031.6	21638.5	-18531.9	-71684.9	-11901.9	18392.6	19057.2	19629.3	-47081.4	-39827.6	-4094.07	34972.8	20447.1	-11120.3	35387.5	-40445.6	-277.219	226.958	-42692.7	4385.05	2659.37	35786.3	35881.7	33621	15177.4	-31321.5	-36671.6	-32047.3	-13656.8	-7923.95	7926.7	22022	-69986.3	-1775.5	-16181.4	-18396.8	-71304	21569.9	1081.32	-43509.3	-50909.4	15632	-4990.17	20270.3	11485	4773.42	9533.15	25759.7	58008.6	-23017.5	-27456.5	41295.3	5902.79	-47836.5	-13087	-7060.16	27748.3	-35751.8	-33233.7	-34978.1	188.26	-15648.1	-32426.3	42570.8	11236	-13943.9	-1917.85	977.007	-25445.3	-3061	51890.3	28722.1	-4161.64	-22512	-43295.4	27013.9	-27110.6	-42303	25031.5	-17488.9	-17499.9	-52874	-17861.6	31971.3	-20516.6	-13100.6	7356.23	-46511.1	23600.8	-34869.5	30180.5	-8219.62	16274.8	6578.88	-69330	25506.1
8000000.0001	4574.94	-8389.92	6713.27	-30511.9	40913.3	-1910.11	-6698.41	-13593.4	-35357.8	7243.5	-57532	-28380.7	10756.2	3641.17	1739.11	-5709.06	-23641.7	13073.2	7544.96	-37676.9	26905.4	25845	47535.1	15354.6	-6394.83	24730.9	21887.5	15988.1	-981.078	-6385.13	52473.6	27076.9	-11076.8	45202.5	-14425.7	-16343.6	-62252	-31742.2	-24820.9	12774.7	38619.4	9761.97	27146.4	-81853.9	18792.2	52676.4	-15188.2	-10061.8	30886.4	9074.61	9916.11	-29487.8	3724.97	-25100.2	35398.4	-15330.7	8214.57	-54764.6	8762.97	-38281.1	28405	8812.07	-38079.6	34271.3	-19147.6	-32418.2	-388.069	-9694.69	-22857.1	-30412.7	455.863	23655	6894.15	-62804.6	-20262.4	21295.1	5773.28	-10384.4	11656.6	-25109.7	-44735.7	-40074.4	9670.81	-37706.7	-19025	45124.2	-19051.4	-7283.07	-8429.29	13564	3565.98	-10799	-4122.58	-23697	-16511	-5160.18	-14389.3	36572.6	-26688.2	-13506.5
8000000.0001	21783.9	-28173.1	16703.8	7799.07	-6019.03	-46576.7	29678.3	-41394.8	57262.8	-32544.4	-6762.77	-2995.45	5411.14	35798	17842.1	-13336.5	-20724.7	-74224.9	-6882.51	-45968.2	19545	-23215.3	10971.1	-49478.4	-29444.7	-17798.3	-16552.4	33164.4	32656.3	1148.55	-6234.85	21108.6	-15382.1	9416.08	-25577.6	14212.3	18011.3	93327.8	-21511.7	-14645.5	-14755.2	15256.7	-38869	-8361.22	-23247.6	22097	-22951.2	-51597.4	2940.01	8597.56	-41211.4	-2019.48	23285.1	22522.1	-2282.22	-51631	-11397.1	13378.7	-19635.6	66081.2	24087.7	-32997.3	15132.3	21124.1	-35892.1	7081.83	36890.8	-8355.95	15786.4	-7421.27	-6385.51	24632.7	8058.66	-49900.4	-7411.23	5210.52	-24411.5	-5304.33	-51877	6526.01	5715.66	-44496.7	-31514.3	79941.9	37798.8	24996.5	-9283.1	-20609	17758.8	5692.88	40344.9	51175.8	-7675.99	120.101	-57834.2	7397.33	18230.5	55927	-8059.23	-14063.8
8000000.0001	3634.87	-13070.3	27360	2099.21	18048.3	-46762	-4820.96	-20713.7	14387.5	36567.7	33643.3	-14889.4	33295.6	51302.3	-17871.2	22834.9	-10909.9	-7680	28785.8	6911.73	-10329.7	-10827.1	45336.8	-7324.31	-11561.5	-4597.29	-465.084	15549.8	-3873.4	-17376.4	28679.4	-4394.68	60006.7	9252.8	-1072.95	-21913.2	23068.6	-48628.1	26738.4	14761.7	-35856.2	4240.74	-23844.7	74.6964	-1369.98	-21654.4	-11312.9	-7840.35	-43518.4	14516.4	-64310.7	20292.7	69220.3	-31510.1	-15909	-1408.46	45116.4	2702.02	-27651.7	23831.1	-5686.42	11152.1	-19862	-25931.8	-7243.31	17906.5	46699.8	19635	15972.8	55485	-24649	18249.7	-3426.4	31061.6	39993	-1106.15	7452.13	-23712.9	-13935.6	-55335.3	-16663.8	-25124.3	-20653	-43130	-14264	24264.8	21392.1	34228.8	54019.3	-5028.43	-9010.37	18560.9	-12506.1	-3557.93	11128.8	-60454.8	-14292.8	33647	6437.15	-19948.8
8000000.0001	-9811.62	-14771.2	16503.9	42192.6	21877.3	11734.3	-39993.9	5315.54	98.0478	2591.47	31921.1	-29698.7	-10413	-5164.41	19188.8	18520.7	12407.3	-9266.62	-22867.9	29668.1	23643.1	1258.81	11057.5	-5661.64	8539.44	38637.1	-36513.2	-70738.2	30009.8	18587.4	-12789.2	-15242.5	56799.1	-14223.5	-19407.1	-16641.6	-34201.6	7519.35	9494.11	-58287.4	6336.91	9429.64	-74877.5	-34225.6	10255.3	-19277.5	-25632.3	-5849.29	-61342.7	1200.31	-2763.52	-10246	-12605.4	3568.52	-78884.2	-23167.8	65524.8	-33495	28280.1	16776.3	-7947.62	11987.3	-7474.63	12563.3	5391.11	-14244.3	-7841.43	-52113.8	9343.02	60419.6	24639.8	-22923.7	18644	-41462.1	-9118.82	16311.1	45360.7	22712.4	19311.3	18224.2	-13075.5	27249.1	11382.8	-20803.6	-5058.19	41465.1	4884.91	20261.6	24021.1	-9949.64	45157	-7020.29	-42131.8	55463.4	14951.7	-10541.4	-31966	-31655.7	40588.4	9052.85
8000000.0001	-13158.7	32003.2	-29605.1	-6254.09	34265.7	16.1836	52860.2	-33541.3	-8865.29	-22601.4	-34033.1	7078.31	46011.8	26586.7	44375.3	5730.02	38696.7	-1135.44	24061.2	69763.3	61102.5	-10696.1	26409.8	-1956.06	20751.2	82370.9	-57323.3	-28068.4	9976.38	4813.01	12407.4	-25926.2	-20480.3	42000.9	18491	8500.42	19340.1	13925.9	-52800.5	-22467.6	5776.46	46659.1	9521.57	55050.4	1920.53	3170.13	7445.19	-10883.3	-30911.4	13780.7	-20863.4	36569.1	29769.8	-3308.16	-40191.5	15094.7	53949.9	-28284.9	14284.6	30663.1	991.653	9188.99	54508.6	11482.3	15341.8	-12945	-21205.2	9153.88	20717.7	-54578.6	-38796.2	-31252.3	22529.3	1333.05	-27350.5	29214.2	12219.5	-35082.8	-44126.9	6253.59	41907.2	-30584.1	43269.6	-31719.1	-15109.5	-14256.9	-35880.6	-3663.89	21833.9	41768.4	667.351	37232.3	-21398.6	-14845.2	-15382.5	-3635.29	28218.7	7435.96	5757.31	49670.8
8000000.0001	-19264.8	-42250.5	-22172.7	1298.84	19457.9	-37166.3	21588	-23527.1	-39924.4	-64683.9	55661.1	19645.6	19649.9	718.568	10552.1	19136.1	-22872.7	26326	20859.4	-36058.1	-15034	18406	-5939.52	20713.5	-27820.8	12926.4	-6860.53	-59410.8	-44517.2	-3451.63	5890.6	25944.2	32787.5	6198.75	3520.16	13425.4	34094.7	-4366.11	7847.39	2902.39	32652.6	-12836.1	4307.47	41987	48500.6	44778.1	1929.93	-15291.5	25560	15450.2	31241.7	-9388.27	601.229	-20177	71900.5	36935.7	-24702.4	3091.83	-39210.6	3491.09	44035.1	35746.6	19295.4	-6321	16835.5	-16065.6	-23533.1	27462.1	-19035.5	237.11	20175.2	64305.1	-55577.4	-25826.7	39082.6	20125.9	50544.4	-21848.1	-6242.47	20717.2	37090.7	25697.5	32163.2	56281.4	-27253.9	-23790.7	-16602.7	33654.5	22056.3	12763.2	-1365.48	-801.889	43095	-30799.3	-14221.3	32085.2	3883.37	36484.4	-4304.56	-6551.71
8000000.0001	-11151.9	-22871	-38055	-53759.9	-46187	-23840.8	18202.6	6797.93	-28154.7	21797.3	-4650.4	-17820.1	-10088.1	10426.9	601.964	28036.5	-29643.6	-19258.3	-27774	-23277.2	-17070.4	-18392.5	68815.4	-18107.6	20329.4	-25756.9	2369.82	13324.9	27156.1	19887	14106.5	-49245.9	-4852.27	26194.1	36681	-31590.2	-16990.3	-35515.7	-52770.9	-58654.9	33376.1	17993.2	23912.4	49159.7	-5232.72	-616.505	4578.71	588.267	17177.2	8156.19	-13249.6	39141.1	-19949.8	-60370.3	14389.3	-6156.67	46028.7	12752.8	-5367.96	-26873.6	24839	5474.38	-10574.1	-11670.1	-6812.81	14802.3	-3478.83	24016.9	27059.7	10756.9	-6350.45	-591.157	43661.1	63686.7	38951.1	-10749.2	10169.7	14952.3	41375.1	6171.19	34537.7	50108.2	32296.5	41192.9	8946.52	-4913.34	-9172.38	69296.2	-7141.46	35968.5	-7472.3	-35734.2	37173.9	-19317.1	9267.76	17838.5	19953.5	5999.17	43317.4	61999.7
8000000.0001	45152.5	-1103.5	-19023.7	59563.5	-44789.4	24759.1	73219.1	56353	-45650.8	-22814.3	47242.5	18265.9	16798.4	-13783.3	8965.55	-9825.17	2387.5	-19073.1	-79286.5	-9705.3	45656	37385	6856.79	19193	6741.59	17526.7	-13697.5	14243.1	-17235.4	-33853.1	-31814.7	-35008.5	11815.4	27804.2	16495.2	-29017.5	53576.4	-32997.9	18651.9	20142.2	-32530.8	-585.664	-39145.7	16739.2	44693.3	25939.9	-101.254	-15762.5	36277.4	-15625.6	2606.12	14120.3	26878.2	-30996.2	-8451.49	9443.5	26407.1	3510.41	11332.6	-19074.2	-32804.8	16616.3	-32857.3	-33327.3	24435.6	54705.8	-800.848	11827.8	-85019.8	43407	17373	-15103.8	14237.3	7078.43	2689.17	-4100.34	17376.3	-28437.5	40221.2	11295.5	20031.1	20516.1	-37209.5	-29836.4	30193.7	38210.4	-45463.7	38246	-2315.02	463.401	21398.8	-7341.09	39650	44479.2	1091.81	28264.3	-36035.1	-11552.5	63212.8	7343.53
8000000.0001	-46393.6	-39511.4	-34413.4	35787.2	14063.2	49748.6	-15580.9	4188.03	-43653.3	-31525.6	-16494.9	9696.81	57573	-19886.1	5766.18	-17370.2	12792.8	60439.4	18044.2	22290.9	581.939	36734.8	-7329.14	19692.5	-11091.3	896.451	16860.6	38689.4	2772.76	-24378.4	21683.9	16079.7	-16513	-4164.02	-11314.4	10565.5	7699.72	24019.2	-12964	14832.2	21799.1	5095.2	9634.4	-12837.2	36046.8	17372.6	-95728.7	-54111.9	14776.7	-38110.6	-75407.5	10949.5	3633.5	4267.6	-1544.66	-45932.3	4014.01	-27604.1	-7234.54	-3205.62	-18032.8	-25823	-18872.1	6807.07	-12774.6	33994.4	-13939.9	-11974.2	-20114.2	-22296.8	55536.9	3573.89	-4473.16	51627.8	37137.3	-21312.4	-10197.8	58214	-36333.6	12236.7	-28225.7	21243.5	13390.3	-27922.5	-33930.8	14890.7	10014.2	25040.2	29535.1	16390.6	9216.55	-48031.7	-28353.3	38812.6	-41519.1	52142.1	-1181.01	581.929	-34476.7	916.776
8000000.0001	-8914.04	46889.1	39793.2	-5198.8	23168.2	-13306.5	21383.4	12747.7	19407.7	-3986.17	-29828.6	23412.2	26912.7	-36764.6	35652.3	-52406	16293.6	-4413.56	-21517.6	-12372.8	-3729.31	18606	16122.4	-9420.17	9332.95	3690.7	18785.5	23083.3	18803.3	1827.36	3530.99	-41551.1	192.609	64647.9	-18939	1606.56	-352.79	-16489.7	-43463.7	8305.96	3548.04	7561.48	-19161	-17895.7	-12614.5	35966.6	-4873.42	29667.2	17482.6	-35884.2	-20566.2	-12588.7	-5787.05	-14604.2	-5311.87	-7569.77	41228.9	-5690.47	376.202	-6871.12	-5380.24	1249.05	-23942.3	-30797.1	10458	4431.83	-17770	-819.886	1329.67	-2825.38	21043.2	11280.2	-22334	-29662.1	88017	14293.8	-34984.9	839.888	-8454.88	19618.6	16890.1	44162	-16948.1	26444.6	19157.2	-5319.16	-17579.3	-42812.6	10763.4	17388.2	-26559.9	-1889.02	-25635.3	-1783.23	-31808.7	37041	20461	-4811.25	4487.06	53687.4
8000000.0001	8460.67	-24788.7	21841.3	-2228	-49585.2	27882.7	-27582.9	-44578.7	22067.4	949.721	28246.4	-54256.7	-16961	-45936.7	-13440.8	11010.7	-26666.3	23172.1	-2190.62	-30330	20720.8	-35414.6	24098.4	35415.1	-10436.6	23250.3	-9863.04	40430.4	-64287.4	9258.93	-26978.7	22809.3	49003.3	-26632.4	-3070.27	7899.43	11146.6	-27182.5	-691.645	-17441.2	-23747.7	106863	16717.8	41435.9	-21570.3	-20037.9	-9129.26	17536.5	-7040.85	3630.49	-15125.8	23979.1	-4219.08	-26596.9	-19816.7	-49415.3	-30708	-5705.59	14098.1	1987.63	-22390.3	-4436.95	-46624.7	19173.2	-8319.13	-4668.37	32935.3	-13188.4	-2695	-19807.5	22123.3	21300.9	-24307.4	72809.5	-6170.27	-32437.4	-28360.2	67386.6	-6191.32	-46871.9	1077.29	30.1671	8187.15	52788.5	7695.92	-45352.2	23576.3	74707.4	-31551.2	20683	38729.5	1355.9	5670	-45176.5	-14889.7	-26573.8	-21965	-20354.8	3779.09	40085
8000000.0001	-35029.2	-24513.1	10826.5	22590.8	-3790.18	3656.13	-1344.67	-59780.6	-29463.9	17545.1	16784.3	-21982.1	13933	32272.6	23491.3	-1486.71	774.062	38317.4	-53779.6	-42280.8	6528.22	-6553.74	12341.4	41818.8	29669.3	-27437.6	14889.2	37947.7	-7942.62	26664.6	24251.3	36753.4	-15005.5	960.059	36014.6	15670.5	16895	-56262.6	62867.7	-22042.4	-17261.4	14573.5	-35146.5	-28119.4	-23772	11224.3	-19322.1	-38753.7	-5441.24	-29640.9	5463.28	24055.9	-36351.4	9210.2	13035.5	3524.61	1554.74	-3336.42	30937.9	-2786.27	6909.98	28636.6	-4097.77	-26350.6	17214.4	4124.36	9675.26	19770.7	-46089.8	71934.8	1434.5	60238.3	-2293.98	35884	-16054.3	22834.5	33089.6	2994.53	-27793.8	-6586.38	20309.8	-19493.2	-6977.36	-4085.44	8991.91	53797	28881.9	51553	-11729	34442	32592.5	13564.8	22232.9	-3800.92	-41043.3	2565.63	-35841.5	-10859.8	-8955.67	-41219.8
8000000.0001	17221.1	47827	64151	-24342.2	8784.12	-5694.87	-43097.2	16395.7	-30636.9	9155.15	55406.4	1926.03	-37192.9	-17766.8	12786.9	-41781.9	29789.4	-10698.3	-3163.45	-16423.1	22423	-20321.3	13798.7	-5647.74	4139.64	-36313	-24470.7	-29555.5	-21962	-10248	68647.1	21126.8	7824.01	35056.1	59544.7	14719.2	-400.999	-4315.83	-36013.5	-5022.6	15314	24554.9	40413.5	15316.7	3086.57	10084.5	25101.1	25960	-2330.38	17666.1	76596.9	14019.1	-56113.2	1058.48	-32603.5	-11495.4	24388.5	-48071	15001.6	-6742.86	9874.62	-6865.92	-8840.53	-28469.1	36671.9	13724.6	-13933.5	22238.9	17526	-25420.4	30579.1	10104.9	-54010.2	56912.8	-4975.95	2978.68	7521.1	422.2	1180.71	11559.8	22800.7	57283.4	20108	1953.43	33222.7	-49520	-8766.39	6388.68	32476.7	-6607.33	40897.7	35619.6	-12895.5	-2998.65	-147.926	-84064.4	16214.8	3829.53	-64527.7	-14320.7
8000000.0001	-22346.1	-1072.08	49513.2	-20815.5	-29676.3	-61930.6	6694.03	-40847.1	-7217.57	1232.13	-6322.97	17513.6	13832.9	13289.9	22524	34699.3	-5974.2	30573.9	133.345	-15298	-26969.6	-41454.6	-24445.6	22511	2852.93	15326.3	2060.94	16883.7	-61533.1	69358.9	-17967.4	-34684.6	-6742.19	6891.12	27609.6	-2111.54	-12254.7	-24237.9	1576.8	-4791.6	7970.89	17361.2	-6980.77	77548.3	-23643.2	-43625.1	13753.9	58224.2	-36205.8	-3358.78	-34476.7	-3238.44	4862.72	-63788.3	16810.4	-22767.7	-35880.6	920.052	-26748.9	-12896	-6099.77	59362.8	21046.1	-19336.4	-60961.4	-40743.2	25226.6	-86461.1	-8613.82	57222.6	47287.5	-19343.8	-11201.8	-26637.6	-28605.3	-9072.22	-13154.1	-6254.28	-12706.3	-25954.1	-18475.2	-8975.24	-21616.6	-27784.9	42537.4	-10687	6464.56	-1871.89	31952.8	51197.7	22494	-32935	11745.7	20738.3	10670.5	23218	17191.2	29050.6	18641.4	7035.05
8000000.0001	50981.1	7902.13	4696.03	-11281.6	25443.3	27982.4	-41290.8	-43071.5	-22117.8	17220.5	37842.7	-25180.3	-49939.1	-22456.2	-26392.8	38920.6	-16397.9	-10385.6	12650.2	-21119.5	-19406.5	39656.7	-47556.6	-32267.1	7229.21	21024.8	42186.9	-17566.4	-10705.6	-8113.6	26948.2	-46257.2	-16124.9	-7295.2	-13032	-3788.55	25501.2	-5091.07	-16153.9	67891.5	32699.7	-2286.68	-18663.7	34819.6	22233	-73289	-35836	-12049.1	-27942.7	-16495.7	-45732.2	32240.9	-61256.8	-55796.8	42923.9	-20927.4	-11088.5	-9090.38	994.327	-18515.9	-17923.7	-14391.7	38452.4	22697.3	50329.2	10980.2	-9755.15	-17267.8	-3167.87	-6190.09	14476.1	39099.4	-7629.5	16044.3	23314.9	-25981	9126.83	-16777.3	44569.3	-1481.72	7367.42	-8460.56	-7760.71	-42102.4	6146.06	-29828.5	16976.9	21639.9	3999.81	-6872.63	11845.4	9402.83	12132.8	23967.6	51463	-14840.5	-19638.1	-18796.9	19518.4	-12626.3
8000000.0001	53730.6	11805.5	36070.9	-9929.66	-54445.9	35336.9	-11772.7	7356.05	-27090.5	-2037.79	-6472.76	-15377	668.752	40429.7	-15145.9	437.873	-17949.6	-50726.4	26472	21380.9	16015.7	-26490.7	27440.6	-2596.54	-28768.2	954.821	-27281.2	-40702.8	-12643.8	-21484.9	-17604.3	-15424.2	-8922.58	23859.4	-43623.1	41364.3	-15554.3	-35039.1	-33083.9	-16901.4	23525	-20252.4	25900.8	-16918.5	3481.83	-47455.1	3541.77	25688.1	12771.2	-31348.8	-7654.64	34958.9	11766.3	-5233.45	-10903.3	-33260.4	-44505	-61419.9	15657.9	19032.9	-30255.8	12729.5	44368.5	1570.99	24483.4	-61534.6	36496.5	20871.6	35110.5	29366.8	44659.8	29606.6	5950.62	9188.44	11928.2	-34992.9	-57550.6	-37001.2	25253.5	-35739	-51458.8	-23020	21276	33028.8	20254	-4819.26	28857.4	-40736.6	34723.4	-540.164	-43644	-5612.94	-8385	-15057.7	28514.9	21260.3	20214.6	4082.86	-34384.2	-8951
8000000.0001	53575.2	60965	-25456.6	-2941.73	2663.15	2938.19	-22588.9	44250.2	-3787.48	20133.9	749.975	77.0855	-42675.4	-37281.3	19225.7	-8346.37	30376.5	4502.59	869.552	-32477.2	-9354.68	-2259.72	13393.8	15265.5	-7177.27	-860.159	26466.3	-6532.91	-175.732	981.626	4080.4	43526.7	6330.78	-1148.24	8058.49	2838.08	-42900.2	1936.52	-5057.27	8066.85	-4120.87	-45388.8	31742.3	54182.2	-243.385	-17490.6	-32471.6	-43841.3	73262.1	53894.3	50407.7	31563.1	-1214.32	54634.6	15436.9	-49409.8	11925.6	23600.7	-49482.1	-7076.98	14321.5	46426.4	-27230.5	44458.2	62715.9	22400.8	34715.3	7267.01	-1578.01	7885.35	2943.49	26718.7	399.084	-56298.6	-2602.62	-13844.9	29711.4	1718.87	2196.06	20350.3	-27504.8	-5515.49	293.444	-25804.2	-44419	-13445.9	28421.7	18907.1	-33150.7	10164.2	38326.6	-29189.6	15265.3	6706.11	-2556.73	16785.7	-59825.8	-65244.3	73509.8	47698.4
8000000.0001	2778.34	43520.1	35676.9	17465.6	-14403.8	14168.5	-38068.8	22469	5878.69	-11702.7	-67753.5	-50961.6	-26597	10674.7	-58172.7	-13704.4	14604.3	14540.6	-15926.1	18449.6	29523.2	-17273.3	-6140.96	3202.8	-4633.98	-37600.8	-1388.84	-55316.1	-18645.2	77724.5	-21213.1	-35323.1	-30594.6	17478.3	-27464.8	18236.9	-29970.6	-32963.8	3377.53	-42502	-32695.2	-5307.59	23001.1	2804.99	-6801.4	-6803.2	5335.16	63636.1	-27872.8	40068.7	-1138.39	10519.5	10986.9	26623.1	-25734.4	-14306.6	-33579.7	10588.4	-34756.2	24812.3	-22538.2	143.337	42295	-163.531	-19247.4	-44346.5	11334.7	-4635.36	-34502.7	34961.7	8971.59	-58178.9	24017.2	-29590	-19634.1	-29642.9	-6533.98	44305.1	20920.6	3042.36	-79768.3	-51227.2	-10555.8	15965.6	-33337.5	49266.2	36739.6	25277.2	-15706.3	-2631.01	27382.1	-39445.1	-25381.5	5943.43	-2652.71	-19832.9	-32696.1	849.068	-16358	858.18
8000000.0001	-18519.4	7933.77	14080.1	-21664.6	-27916.8	8293.93	17580.9	-24424.2	-908.576	-14336.4	16115.9	30359.6	-9542.14	17077.5	24493.8	-34567.6	-5482.15	-36796.2	20646.3	-16823.6	14766.5	-16267.9	26192.6	16528.9	49960.9	11488.3	10015	31.2564	42909.1	5064.34	-14346.9	-287.474	73519.6	22613.4	6222.32	6015.63	-23203.8	24183.9	-25056.8	11011.1	-39239.2	2019.43	34067.3	-8061.99	53456.4	-3788.37	23931.9	-45386.3	-19785	-21147.6	-18620	-63201.7	625.393	-47870.5	46535.1	10646.1	-19835.9	-25013.3	18512	24965	-23934.9	-6116.82	-34030.3	-1325.41	-3671.84	13873.3	-42631.8	23324.4	-18121.2	-5861.03	99920.9	-46704.6	-19509.8	4739.72	-21332.8	-67554.6	-3394.61	-8821.69	11374.6	-25716.3	-68172	15597.8	-231.685	-6817.68	29636.2	-3374.81	24026.2	-18062.5	-27133.6	15165.8	14989.5	27007.6	-24357.1	-18734.3	20428.4	404.67	-28171.4	8490.24	29720.8	-21610.7
8000000.0001	21757	28511.3	21200	6607.45	15260.2	875.237	30678	9393.89	22000.9	-37920.2	-46448	-37772.2	28173.8	6576.84	-68615	8288.04	11744.2	-17249	-33567.9	4012.18	-15218.8	-45236.4	-15110.3	6568.72	-26777.9	19122.2	17373.2	-43580.2	5464.17	59275.3	28734.9	24410.7	-4430.41	-4991.33	-4282.2	-16549.6	-21473	37117.9	-47400.1	7763.84	-4284.47	7210.74	20013.1	-15393.1	21679.2	38078.9	-46352.7	15329.7	-7465.61	49949.6	34427.8	27294	2259.77	-21718.5	-16293.1	-23189	-46497.1	-5979.54	-27612.8	511.114	-25753.2	20862.6	43080.6	13959.7	15893.2	26240.4	-9264.63	49513.4	-10875.4	-20890.5	-28481.3	-19857	-15440.9	-17465.1	34268.5	10781.5	41970.5	16745.7	-57109.8	-5833.29	64368.9	49720.6	48137.5	2612.41	-21805.7	2344.16	-6369.12	-2887.72	-4503.93	1882.11	-33286.4	-54878.3	-19605.4	9453.32	-991.105	8013.75	-13278.2	3787.29	-28035.2	-21516.8
8000000.0001	20379.5	7095.17	22741.5	-26497.5	-2060.84	-31911.4	-39711.1	-46935.5	-19443.7	57188.9	-27666.5	-11288.5	-21685.9	-2459.56	-6242.69	46211.4	31055.4	15177.1	-22327.1	11500.6	-58809.9	-45529.7	35651.4	-124.729	-15194.8	-4802.51	-2317.41	-9854.46	-9425.02	1347.02	-13145.7	-70299.4	-63355.1	-21539	47905.4	-30336.6	17423.3	-25089.4	37986.6	12186.7	-19994.2	6254.27	14095.7	14199.7	-44771.7	-3837.89	35674	-17762.8	11084.3	7323.78	-36850.7	-18250.4	-11504.2	28702.7	-4596.02	30371.7	48478.8	38712.5	13364.9	15902.7	20389.7	-20957.3	-2614.59	10218.9	16253.6	-2673.59	-905.613	-18139.8	12460	-6752.03	17677.8	22840.6	-9583.81	16192.7	-36290.6	4072.99	47959.6	21751.9	9752.21	-8232.84	28472.4	-42910	8891.36	-1813.92	-22610	35076.7	-26950.5	-5274.01	16385	-12764.8	-13171.8	-7057.79	-12585.2	17126.2	-24759.7	-24527.5	74768.1	20452.1	-7828.76	31138.4
8000000.0001	21342.4	31053.7	38578.7	9978.21	39112	13441.8	-221.939	4571.57	6385.05	63930.2	27679.5	-25947.4	2532.71	1313.64	61342.8	-58538.2	-55245.4	-1666.4	42657.9	-12646.7	13533.8	30623.2	-31013.5	21793.9	30608.8	21088.5	7340.36	-19641.9	60275.8	34755.2	-24942.7	37306	-46686.7	-9778.45	37036	-60121.6	-54928.8	-15681.9	5707.13	18957	-16349	22228.9	-27991.8	16229.4	-3405.11	-24009.7	35574.4	12118.3	-16458.5	-26853.5	33394	-29408.7	-12559.7	-13408	16584.5	-53986.4	28593	13801.4	10587.3	-41896.3	-32480.9	30256.1	-27619.6	-20980.2	20775.2	9807.18	-24116.7	7720.71	16325.7	-52158.5	45258.8	17396.5	1608.2	-9283.66	11755.5	-34001.4	10326.9	1213.23	-20380.7	19443.1	-37423.8	-17.3045	-13820.3	8773.82	14445.7	-35942.9	-29421.4	-15512.5	-22105.2	-5643.67	64933.7	-13211.2	-16486.3	-23536.1	-8009.72	-8962.25	-11894.9	4065.24	-36379	-14634.7
8000000.0001	-15855.2	6656.12	10646.2	3240.23	-16325.7	-55741.6	-4745.19	-45441.8	-9646.48	2770.33	4796.93	8271.02	14465.7	45336.5	-62070	13125	-285.268	-21501.4	52073.1	26754.8	-54625.4	-43634.8	34006.7	13666.7	23037.7	-13120.1	60860.9	-28393.8	-10376.4	24603.1	69365.7	41161.5	-27338.9	3282.69	-42078.4	-26747.4	15330	-8455.72	38191	-6259.85	35702.6	68626.6	10983.6	-10087.6	29401.5	-32903.8	-10231.5	17309.5	11072.7	-26286.3	15435.7	29197.3	41729.8	-16337.9	-20454.8	-19064.2	-28648.6	-358.352	10009.8	69187.7	11920.1	22367.8	-37653.4	-15198.7	29376.1	47210.6	-24808.6	-40555.9	-26509.1	-6582.71	-4834.33	10468.2	-36361.3	36287.9	-11268.2	8645.38	5751.85	-39129.4	-4250.09	-9350.89	8081.51	-14805.6	30748.7	-26023.3	5639.45	576.758	1922.06	-25643.5	-29425.5	5257.85	10684.6	26846.1	-18992.5	-29818.6	1474.87	17252.5	-54652.2	-5019.65	58469.9	-1713.69
8000000.0001	21684.8	14927.7	-1831	3537.36	-637.988	-8135.31	-28633.7	-40428.6	29017.8	-32336.1	32319.6	-12272.6	-34539.7	-10251.4	-6272.9	3823.98	-12387.5	-58034.9	-36230.6	53812.5	18199.8	11990.2	-21656.1	-9145.29	-15130.1	-9848.59	-13144.6	-21723.2	6652.57	15242.1	21941.1	37223.6	50145.7	-42501.6	-15100.8	15944.5	19136.9	22112.8	-20272.2	-3428.15	16700.7	5228.31	13688.7	6318.85	-26972	6483.97	4771.88	3890.76	44810.6	58062.7	-54817.1	5394.35	6868.7	32893.7	20756.5	-33765.3	26630.2	9785.72	10801.8	-39201.8	16483.8	26636.8	23612.7	13329	-32164.5	7618.61	14705.7	-20775.4	35775.3	-4799.66	-3721.86	-17640.6	-17997.2	-60173.3	-3677.48	-78753.7	939.843	-204.283	-13297.9	-31045	27113.4	-9419.13	-29355	-31553.6	51997.5	-17056.4	-18136.6	31524.8	-4284.73	-7405.47	25979.2	16751.2	-13343.6	-5730.24	58605	-4056.45	-37387.3	-19985.7	7961.7	7309.15
8000000.0001	24316.5	14792.2	-5866.01	-9611.8	-57248.7	-26540.3	-32062	-27741.3	-17854.8	17296.7	28643.4	-7544.28	5074.36	-5153.65	39499.4	-22473	-9408.68	4615.67	14236.2	-13151.4	-29179.9	88558.8	55302.3	-32991.1	-40135.1	-25374.4	-34100	-28147.6	-31927.3	5024.69	-24156.7	-24188.9	-33540.8	-723.644	16354.3	-16750.3	-55403.2	-1074.11	166.13	27251.8	2526.8	-29635.9	-5907.33	-7081.4	-76489.5	19965.5	56852.7	28968.3	-4492.79	-32059.3	17890.6	53527.7	-50972.9	-582.706	-17938.5	-19629.6	1078.5	24111.9	17547.5	-6406.66	-12446.3	-7723.83	-46078.8	-22363.5	18361.4	38182	2629.17	-28366.7	571.396	16306.6	-30633.8	48078.3	-39627.2	-10522.3	-11651.7	-8572.2	-56103.4	-39985.1	61206.9	29371.8	36849.9	2524.78	-6406.16	9613.46	-16043.2	-1128.85	-64382.2	37531.4	-41644	-1235.95	15914.5	29458.1	-39065.5	2212.6	31613.3	9208.75	-30200.5	18705.3	-38087.8	3768.14
8000000.0001	-72580.7	-14170.4	2751.94	11336.4	-20884.6	-2978.03	41570.9	32699.3	46877.9	-21340.7	-70000.4	36163	26257.8	20108.6	-7376.36	37393.2	8990.39	3098.81	-13225.5	-26031.2	-16245.2	-9201.32	-6523.5	-34697	-49038	22624.6	54501.8	-18799.5	512.364	-9341.78	-31567.5	5392.07	41349.3	-48633.2	11824.9	-65863.6	-72534.7	-3371.83	-63946.3	-2711.73	2067.23	6023.55	29699	17056.8	1628.97	10706.5	30885.2	-46502.9	6284.27	35409.4	-44099.1	12981	-33271.8	-6667.36	34895.6	37820.4	33342.3	-9320.37	28661.3	29945.5	4693.23	21060	-9491.21	-9410.39	14239.1	-28048.3	-19155.6	-15417.7	9397.07	13009.9	23144	-50992.3	21687.3	26989.3	47559.8	-38005.6	2248.59	-47926.6	-42267.4	20386.6	33771.5	63953.5	8458.61	4202.24	-7380.88	-21881.1	-1665.06	17501.8	30840.1	24948.8	5626.71	63282.6	3249.26	-10883.8	-9026.52	-53388.7	5872.57	7514.43	20493.5	-18828.3
8000000.0001	-14789.8	16531.6	7608.98	-8541.72	-2505.72	-4388.18	13185.4	-80597.4	-21870.6	5679.79	44138.8	-4402.28	43311.9	-16639.6	9248.27	23223.7	-918.799	6275.89	3082.09	-8230.71	-8542.99	35092.2	28947.6	15936.4	42770.5	65436.6	20587	-5894.46	43022.9	-43255.6	-6111	-43444.4	43576.1	1150.92	17023.8	29207	10333.5	-3432.83	-1993.5	-30765.8	-36419	3240.23	-22695.2	-47431.9	-8090.62	-11691.4	-5857.73	-14732.7	-17517.2	-15646.3	-31689.9	-28401.8	27389.2	-5827.9	-17962.6	-15649.8	4996.09	-31244.5	-759.016	-23622.5	61092.8	12831.9	-59600.9	60625	-4807.4	17517.3	8925.78	-34280.2	16802.8	-10730.1	-32140.1	-2685.91	-19517.2	34754.2	-28943.6	4248.93	-23045.7	-54579	28899	-31945.1	-42659.8	6205.18	6449.52	43279.7	8849.47	5239.93	-45168.3	-8911.95	-2988.18	11377.7	-45235.6	3419.72	-9649.23	1021.75	-20630.3	-12994.7	6613.58	8593.46	-8031.49	-57823.7
8000000.0001	22589.6	11027.6	11323.8	52009.3	30680	-10135.7	1856.41	21667.6	13327.5	-34594.9	-11142.4	-25727.1	32472.5	5333.08	-89768.9	-6420.39	-9189.76	-48075.3	-30033.6	-14799.2	-15274.1	8538.54	-28953.5	2438.06	37073.9	-24979.4	-16630.3	-5553.13	-19456.8	13795.7	-40748	-28980.2	-23146.8	-6755.43	25605.8	6595.39	-53738.4	-43408.8	15764.7	30519.1	-40240	-58728	-18949.3	5626.06	2983.56	-59729	3952.35	-9036.09	4986.47	-60576.2	22866.6	-8962.35	22253.6	-6948.41	17627.9	-48432	-18259.9	-32042.8	32755.8	-26285.6	-50788.8	19852.7	-49379.9	4454.39	37312.1	-67308	4010.99	-3924.72	18963.9	50260	-27603	-2072.65	16418	-15018.2	18532	3462.36	15256.5	11501.7	-20933	-65189.3	29131	14466	-21199.3	17378.9	-27639.9	-42599.2	10548.8	39205.8	70565.6	-24201.7	-4716.23	24359.7	19789.5	-47089.7	-14282.4	8348.34	-6490.69	14101.5	6746.53	-28838.1
8000000.0001	27884.7	-10913.5	16915.7	-11962	45830.8	119.813	-19149.5	27621.5	-20960.9	-25977.6	7548.54	-44074.9	-4392.4	22968.4	24791.3	18482.4	-27716.8	-3477.52	24038.4	-19304	38814.8	-3902.6	-19381.2	20255.1	-37154.4	8725.08	3907.94	57182.4	-59742.2	32952.9	-26698.9	-3408.7	43801.2	15229.6	41169.4	-54379	9685.15	6495.56	-22017.6	-11902.3	24919.2	-67705.2	54811.4	-33984.6	26907.3	25939.1	31741.4	29817.7	-21171.6	-63548.1	40161.8	-22625.3	-45522.6	35908.2	225.258	-18109.3	25752	4863.83	1321.28	13337.4	54132.2	37783.5	-28255.7	-2275.38	9222.16	-8339.02	-26032.7	-19602.8	-783.332	5534.38	-22601.4	-13518.9	-1708.09	31083.4	-3598.75	29167.7	6995.45	-1.76357	23283.9	41099.5	-37421.7	20428.3	-5310.64	-18292.1	-7957.15	1510.29	17734.2	-22679.3	-36766.9	-17801.6	-13341.2	-42968.6	-13753.1	12148.7	16497.4	15374.1	4686.76	9993.84	3951.22	34313.5
8000000.0001	-12909.5	7963.61	-18992.9	-37136.4	-9698.66	11217.3	-27585.6	10827.9	12225	-22169	11706.7	13732.3	-62352.8	37995.4	10289.1	65148.6	-13878.5	-22939.7	5475.49	-29634	-15260.1	-21443.1	295.59	60196.9	-37786.7	-23094.7	30718.6	24054.4	-32395.3	16790.6	4979.86	27406	-5941.51	-1158.03	-16119.2	20361.3	65757.3	23625	-6971.38	54826.5	-7755.55	-23703.8	1956.72	-34103.4	30337.8	-16318.3	-21611	-2523.09	17046.5	22520.6	16468.3	28161.2	28274.7	5800.98	-22010.2	-32030.1	8037.77	57658.9	32249.1	-9148.69	13604.2	19913.5	16831.2	-20509.1	9465.08	32670.5	-5258.2	-19655.9	11980.8	3541.47	9132.97	-19282.9	-19964.7	21904.4	-9421.8	22693.3	-38512.6	-29453.5	-358.155	-9832.23	-19355.7	11919.1	6863.19	19188.3	-21444.4	8168.95	-53754.7	-38116.5	-18803.9	28554.8	20563.2	81.47	56759.5	33483.8	457.82	-4463.48	2061.91	-1036.96	45591.8	-22311.5
8000000.0001	27307	5133.75	-12040.6	-10875.1	-4875.45	2654.49	-36581.6	-33419	-1360.67	-37929.4	37687	10709.1	58152.1	17646.6	-10413.9	19828.4	-20847.2	3614.3	8535.63	-28725.9	-37880.9	5536.66	-16966.8	6082.6	-4868.17	-10838	-60244	7454.47	380.729	195.078	-28888.5	-1675.63	-9698.89	31798.9	23683.9	-7273.19	-10204.1	-4744.5	-4522.7	-22211.5	23016.9	59185.7	27880.5	-49532.6	8864.11	-23938.7	1104.87	-41605.5	-9063.93	30038.4	-17291.1	-37150.7	-26175.4	58787.1	12626.2	-13219.8	-28447.8	10048	1697.72	24808.8	-5516.95	-43468	-10538.4	39554.6	2098.38	-23887.8	9621.77	-9860.05	-2166.58	16925.1	25316.2	17788.8	-16503.6	361.635	-10892.1	-27312.4	1769.36	77275.5	-4668.52	-53029.4	54230.3	24740.5	-17198	-5954.82	36297.1	-2199.6	18168	-14710.6	-20508.2	18869.8	-54683.8	-21526.1	-19309.6	22815	-29965	-36686.2	22323.1	-74514.2	77912.5	-896.857
8000000.0001	45476.2	-13033.7	24356.3	15914.8	12026.6	14015.8	1461.83	-17761.8	-12282.9	-5963.7	63151.3	-21054.6	-7831.16	-16471.2	6687.78	-14654.9	-8000.86	-35850.7	17195.3	-23653.4	16685.3	29065.4	-18407.7	5615.84	-44804.3	-10530.2	-790.045	-20088.1	-45060.5	-36735.7	-38097.1	-18879.3	4221.32	27645.8	-55763	20428.6	17185.8	25703.1	15412	-7186.36	6546.57	-57224.8	13281.6	-27949.2	-26169.2	32889.3	-6764.53	39465.1	-11318.6	-36908.6	-3175.14	-5254.52	-14789.8	-36980.6	37100.5	16455.4	833.902	-3759.05	-12518.4	4348.57	44175.9	12908.5	-28415.8	-28168.7	-29401.5	17994.9	-31464.9	65783.5	16391.1	19177.4	-14714.8	21580.6	8477.57	32412.1	8105.31	-32973.3	-20501.6	12327.9	-2360.94	16128.9	-18342.5	10915.6	-7459.11	-463.78	-16878.8	21284.5	-8585.98	42813.8	-20846.5	1523.46	-41281.6	-41624.8	32854.9	-67196.6	14239.6	70968.4	-29915.9	30194.3	-36545.1	-36369.1
8000000.0001	28699	-42007	15709.1	9133.28	15344.1	-23278.5	-2918.52	-22738.4	4311.94	-20268.7	-31057.7	17941.6	25334.8	16391	1496.12	58667.2	-1244.39	-2937.01	-33393.3	32163.4	-4110.41	38092.6	23931.1	5439.26	37983.3	23614.4	41379.3	5923.57	12879.4	-29120.8	30970.4	-18495.9	-4942.33	-8878.49	19240.6	2464.5	6448.85	1537.98	14010.7	-16560.4	-24925.9	21653	-4534.83	-9893.67	-34084.3	45845.7	30251.5	35859.1	9729.68	4850.33	89124.1	-9398.53	-40788	22171.5	-9028.37	484.228	-51399.3	-15694.8	63233.3	12198	50559.6	-16481.5	-12546.8	41259.5	4256.45	7371.8	-40366.1	-5818.36	18674.7	15255.3	-54025.1	19962	23134	-11491	18605.3	-24316.8	20298.9	23731	-19189.3	8654.55	-50191.8	13808	35086.1	50692.9	15805	-2159.92	14105.1	64695	38923.2	23672.8	25272.6	-10522.8	11282.3	39011.7	2222.91	3183.85	15076.7	13069.1	-1142.95	6377.44
8000000.0001	-7273.62	26684.8	-23362.3	-37632.1	-22034.3	5788.95	16531.5	38252.2	10054.1	47407.4	-32903	6153.83	17663.9	-15926.5	-49840.6	9773.8	36613	-17789.4	4335.26	14923.2	38915.8	-17500	4435.29	-17860.9	-58578.8	-13199.4	2219.85	-24100.5	11592.7	1151.82	-13868.5	-11760.2	55897.9	-367.431	-10855.8	-9946.97	-8117.66	-24468.8	9219.23	-32966.2	-67877.9	58654.9	-16724.1	47805.7	29285.4	319.107	-28489	-27922.9	2793.55	11058	35533.7	3605.91	-25699.8	3594.91	-16846.2	35801.5	-14263.8	50978	-32328.1	-26061.8	27071.1	-27033.5	3253.19	-12539	-12717.5	-15191.9	-6424.68	-42635.5	56534	-7493.76	-1892.96	19073.6	-11050.1	5611.49	10684.9	17158.9	-8218.06	23196.8	25964.8	-5705.16	572.074	12711.1	-11347.8	-6383.98	-23484.2	25711.2	16682.2	52404	3507.16	-6063.74	-26207.1	31396.5	17172.3	2889.88	38445.5	37166.5	19260.7	-5032.1	-52997.3	-10412.4
8000000.0001	-49603.3	19360.2	-9776.08	-1594.32	3904.76	25299.1	40535.4	13599.7	46409	17618.5	-25079.1	-6461.48	-7574.7	11382.7	11025.5	-4179.83	17674.9	-25300.1	-19050	4649.91	-21879.8	3008.96	43806.2	36104.4	-6860.18	62625	-3491.96	20625.6	-27627	21183.3	25011.4	-2159.85	-18970.1	-39064.5	-9237.78	-7460.18	-21089.6	6669.21	-17134	45840.7	-11682.6	22290.8	-52029.4	-43730.8	19024.6	-20070.1	48915.2	23960.4	-30343.2	-15206.3	14152.8	12525.5	-15135.8	-10092.3	-19442.1	16066.7	23665	-40655.4	10105.3	-32358	9555.41	18295.9	45968.3	-7403.24	44491.9	13286.7	11148.8	-4843.63	-57795.3	8576.64	-32994.4	-44538.8	-2124.23	-12919.1	81575.9	16314	25440.6	-13732.5	7992.24	32546.5	-40306.1	-38921	-14011.5	9747.87	-33083	13934.3	14025.9	31349.6	-19769.1	11405.8	-44898.7	-11274.9	-19811.1	-6507.45	21566.9	-17819.5	14501	-39994.8	11259.5	31845.7
8000000.0001	1814.86	-10211.2	19717.1	42023.2	5902.9	-58797.2	-23428.8	1269.14	8651.49	54533	27248	20805.1	18245.8	2062.33	-13461.2	21058.3	1429.43	-430.255	20990.3	21479.7	11771.1	-9048.15	50687.5	9999.25	-19496.7	-5263.54	8873.78	9184.21	620.898	-16826.3	19379.3	7143.11	84044.2	-17928.9	-2162.55	13566	28234.9	-59149.8	-1139.46	-53304.4	-34271.4	-18324.1	-8728.99	35655	-46059.2	-18218.8	-5995.27	26557.8	-20503.9	4022.1	7145.39	43255.3	-17745.1	-15974	60251.7	-19419.6	1329.19	-32658.9	16800.8	28201.1	-47017.2	-20737.5	17371.1	-20497.8	61199.3	-7558.68	-9279.74	-61588	29357.1	6772.79	27526.4	-37587.1	-7273.21	26675	54962.4	-53448.6	50799.4	-41428.6	33491	51129.2	-28894.3	-4211.25	35993.3	35166.1	61764.6	3001.03	28606.5	20360.4	33304.7	4442.79	-43206.4	-15865.2	-33580.3	-26752.5	-45004.1	-13915.5	-24886.4	12264.5	2273.52	25367.6
8000000.0001	-2491.17	-18107.5	9426.57	27056.2	20638.6	-63415.7	16293.3	23161	-39526.3	-5846.76	-23965.1	-45918.7	-7392.94	-2913.62	-16179.7	58896.4	29752.1	-25814	-35847.7	26684.4	42509	-64233.1	-2786.24	19874.1	-22554.4	21981.3	13208.3	-686.891	-17070.8	-458.341	21856.7	-2747.16	-177.075	9634.59	8121.59	20977.5	-26976.7	-2717.96	35534.2	-4844.05	26763.5	35225.3	-39570.3	-25916.5	-14218.2	-15889.6	-16405.4	18563.8	13822.7	-28938.7	28745	-14064.1	-20322.1	-55244.1	-17518.8	40311.3	9880.15	12807	42900.6	-39428.1	53206.8	-21296.8	-27919.9	17990.1	15570.1	-33641.3	16251.3	-15635.7	7960.07	80878.1	4651.8	-19286.6	23796	-29356.8	-8500.59	-27394.7	40441.8	-29499.1	8247.57	-9950.06	423.399	17162.7	-24613.6	21153.2	177.984	5134.02	19781.7	-52011.2	52015	53899.9	23858.4	46363.5	-28343.1	-37872.9	35051.5	15942	4016.94	12077.6	-28966.5	-25369.8
8000000.0001	-4015.72	12481.5	17157.2	20942.9	-3623.21	5487.4	21012	-601.289	-12961.7	21487.8	-53417.8	62955	5799.58	-43788.3	-40372.3	-5718.92	8647.39	-14254.4	-2216.44	64703.1	2368.02	-43025.2	-2841.72	46129.8	2306.41	13786.9	18514	721.291	-19294.5	-16856.4	36769	4910.18	6759.79	-17889.6	6995.81	41885.2	64629.2	8646.74	9112.34	-4366.1	7903.75	48525.1	-3279.59	32898.9	21596.4	-9763.17	-1916.44	-29115.3	17241.3	5718.21	-2491.07	15629.3	3013.31	10169.6	8038.51	-9950.49	9250.07	14369.6	-1472.79	18640.3	-48786.7	11420.2	-15461.9	24214	18141.3	-37226.8	-33079	-39952.8	25094.8	-2860	-15650.4	58160.2	9021.45	-18141.4	-10993.6	-36333.6	-22357.5	-18699.7	-5621.75	2370.45	-24765.2	4062.7	-5043.68	-21087.7	7334.9	-17149	4479.65	47169.4	10486.3	-43928.5	50557.9	-21206.2	-12350.8	-19690.5	-16250.9	-4439.92	-13608.7	26070.9	-45332.9	17315.3
8000000.0001	10439.4	-1376.77	22514.7	-5773.55	16793.7	1656.21	-2618.99	-10496.3	-26324.9	-16125.3	-53752.2	-2375.49	4151.76	-13566.5	-26708.5	58754.9	-15423	9147.64	-50250.6	-12290.7	-29258.7	12267.8	13910.6	-11060.8	-18059.5	16675.2	52246.6	1035.77	-8383.31	16523.1	22765.6	18381.2	12067.5	-7438.57	-42092.1	12859.4	7575.51	-4244.85	-6501.45	55081.9	-7021.78	5753.35	1950.47	-22394.9	55014.1	41464.8	13806.2	-15131.4	-8536.84	20650.1	5193.19	-12429.7	-14823.2	1296.43	-9130.2	-6948.34	8556.88	4434.24	-47220.3	-45469.9	11280.5	8576.42	-7496.35	-35546.4	17711.2	-36997	-1099.22	11020.6	-21391.1	49005.8	3721.74	65632.2	4102.06	23252.4	4470.49	-43190.7	9232.31	-3740.76	-12132.8	-2332.24	-28543.2	-26404.7	-72534.1	-3002.44	-591.949	6551.52	73126.9	-1391.32	58114.7	-12048.7	10740.2	7007.34	-9982.13	-45916.6	75477	-43945.1	8296.48	32.8622	-49156.9	8878.02
8000000.0001	21140.6	-23731	-7177.02	24897.7	-27859.6	-43748.6	13606.9	27659.9	-16112.5	60247.4	-41399.2	2625.14	-15325.2	139.083	52477.7	-17925.2	-19525.7	-4050.38	-4952.73	45743.3	11467.1	32706.6	411.652	30159.7	-21161.4	-2614.89	-17945	-15946.1	-38038.1	-26279.9	20220.3	-40750.3	-33930.2	-42784	7739.65	-18348	8848.05	71777.9	-10479.1	-16845.9	47162.3	-61658.1	4820.32	-11244.5	9036.68	-2895.52	32907.4	-38818.9	-22740.5	-23728.6	-2736.5	42034.9	-20347.9	27514.4	17301	-17881.7	74050.2	-18541.8	-38788	-4821.79	-49088.6	19040.8	12392.5	-36887.6	-3892.79	23999.7	-697.945	35998.1	16569.9	-16096.4	20930	-22047	-21359.1	-13015.8	30749.5	-30642.7	37513.6	18220.8	-33538.8	-43368.8	20984.8	-24373.9	-9003.23	-21406.4	5345.2	14083.8	-13026	-17318	3221.02	-12580.6	-3575.97	40203.2	17685.5	-23274.3	14330.4	18712.1	35462	-33649.6	-1978.39	-2301.03
8000000.0001	-8492.01	-5888.32	22714.3	29731.7	37824.1	6071.58	-21699.4	-32616.7	17120.2	9811.17	-58066.8	2045.26	14953.3	-12354.8	7040.85	8222.55	28776.3	30306.4	12241.4	-23337.6	-46467.3	-18919.6	22554.8	38868.7	12801.2	-56560.5	-8430.97	9132.03	-12991.4	-33215.4	-22965.7	-21529	-8177.91	11992.2	-9461.72	-17918.4	48506.4	2831.07	11551.9	-519.391	20852.7	36758.7	-9702.57	12220.4	-1144.56	-2536.41	-19559.9	19038.3	-18547.6	-13430.1	-8143.75	11121.3	-14981.8	-9482.85	17072.4	7027.05	-23447.4	12355.8	-13675.3	-546.944	-10210.9	16355.6	-9669.34	-13219.7	-8935.31	71853.4	-54391.8	15464.6	-66008.5	-36084	5152.71	17374.7	-31968.8	-31441	-11053.1	-28152	30442.2	13945.8	-21658.2	34425.7	4586.28	13530.2	50234.7	5420.54	-16305.2	58758.6	13201.7	-17656.1	-18851.8	33464.8	94441.1	6153.31	30525.5	-22036.6	-18230.5	-12920.1	5011.14	1925.14	-16156.8	-4466.08
8000000.0001	-37200.2	6060.63	40299.7	-12270.2	-22480.7	-13651.3	-51832.6	-2362.45	-284.506	34483.7	37571	-19071.3	7098.44	9554.21	-21375.7	40690.7	11552.9	29856.6	12220	380.709	63158.2	13229.4	17111.4	-21695	-23988.9	7733.59	-13238.9	-41466.5	-31314.3	-17643.8	24083.6	30114.9	3858.85	47926.5	-32638.2	-18683.3	-26793.8	-22346.4	-27451.8	-38880.9	21069.3	-8173.62	-23273.6	541.154	43272.9	19879.8	-169.959	-7743.31	-54849.5	32742.3	53924.8	-13794.6	-16514.7	54692.9	5856.12	-63744.3	-33382.4	-2158.88	8024.55	20028	35949.9	42525.9	25420.1	181.998	49019.9	31379.8	-18955.1	6113.55	2759.01	18458.1	33597.5	-3148.14	-18456	-28935	41506.3	-256.852	30896.5	37824.3	21559.8	13070.7	-36599.6	-1935.31	-1399.79	-41855.4	-19355.3	-11980.4	-2141.64	-15866.7	3229	28648.9	-38213.4	53557.7	-31333.1	-6646.77	-19295.8	5042.17	-242.196	-19391.7	21357.4	8950.05
8000000.0001	37875.1	-1905.72	-45369.1	15540.7	21203.4	-27610	-14662.5	53851	-31984.7	-19996.3	56827	-30011.9	38879.9	363.862	14760.4	-4370.86	32583.8	-17745.2	3664.94	22735.9	8740.61	11447	-25848.1	-53010.6	-15163.2	-55816.1	10277.4	-46796.2	-18773.7	-16294	-5679.91	-87061.2	51944.9	25234.3	-12568.4	12423.4	26568.9	-44229.8	-36409.6	-13108.1	-46283.8	-23597.6	-24247.1	25320.9	-14102.4	14873.4	12558	-4649.14	1228.64	-39561	42472.3	-24020.7	15596.4	-45255.5	-14014.7	27807.7	-6146.01	-21072	13646	20833.1	52640.6	5479.04	56634.1	-37481.9	23109.1	-7093.44	14038.7	-4365.69	-6147.34	-10547.7	10044.4	-27006.3	6270.38	28541	-9022.47	131.523	25017.2	-22551.4	3717.42	-29119.9	-20746.6	37583.9	-41160.1	14080.9	-318.827	20568	-10586.3	-10458.6	17241.8	16224.9	-18454.8	-43690.2	2796.82	-11311	-23540.2	-39451	48551.2	-5767.84	31422.3	-37762
8000000.0001	-3650.61	-15811.8	-15570.8	-19552.3	25202.6	58385.9	-64317.8	-11062.1	-1525.88	52186.3	-64828.9	39408.4	29085.1	-17535.6	-2985.14	-227.514	32244.7	-16598.9	-24791.2	31374.3	24119	12586.4	3429.28	11868.1	7268.27	-11649.4	-55807	-14483.6	16964.4	30078.9	3362.01	7144.46	-44236.5	45441.2	36813.5	-49428.2	6720.93	-8075.44	-25945.5	38747.1	6618.05	29427.9	10482.5	-26202.2	-20495.3	-14969.2	-19343	-15717.7	-9748.67	9868.21	34277.8	3119.11	-14459.2	-28673.7	7133.72	8675.31	2503.76	18184.2	10677.5	-2017.68	-14567.3	4084.38	-10502	-7435.79	-24351.7	-29350.2	24633.5	16648.2	18377.5	23703	-17332.2	-31353.2	11274.5	-62171.6	-15185.9	-27841.6	3908.52	52491.5	-40870.5	-44186.2	-12776.2	54310.7	45179.5	31262.5	-49338.2	-30754.4	61530.4	10939.3	-56086.7	8073.99	-24253.2	-12221	-23773.1	51579	-37525.3	-20045.5	-8988.47	-16267.1	-47067.9	-30858
8000000.0001	47346.1	7160.38	-15338.9	-2371.72	28575.4	10497.8	71403.1	6400.44	3331.38	25692.6	-41041.6	20260.4	35360.8	-17814.6	-44264.6	-57015.7	22803.4	13405.3	-7907.71	11988.6	-2084.34	-3540.11	26343.3	-23578.1	987.945	-38167.7	16010.2	-35093.9	25022.2	-35263.7	-17666.1	-2509.04	-7613.21	31502	13067.7	-9107.23	-23647.9	1641.75	3994.73	34635.8	25070.7	23403.2	64280.6	-34409.9	-2918.97	-13443.7	27409.1	3692.33	20460.3	-38775.6	-13601.2	-18278.8	-243.38	-63392.6	27352.3	-7606.71	-12037.8	-27012.6	-22815.5	-26206.4	-8694.59	-54915.2	-21468.4	-28973.4	-39987.5	-45669.8	2771.9	-13237.6	7387.9	8630.21	-38361.1	73730.1	-11875.3	-18075	-62023.5	459.758	-12045.8	4199.58	-15918.7	-23260.5	7436.02	-4399.17	17196.5	12843.9	46211.5	-9671.32	11264.8	34462.5	10109.6	39003.6	25147.4	35474	32524.3	-3786.58	40155.1	-37144	1769.93	12921.6	28016.8	244.775
8000000.0001	35744.8	2526.39	542.499	-955.512	-6902.48	-75396	14679.2	-30882.7	-6985.15	27908.2	-11797.3	69622.2	11433.5	2585.93	95523.6	-8052.16	26856.9	23932.5	10752.7	-11778.2	-38846.7	4763.64	-42823.2	-31427.5	27166.8	-50062.3	-36264.2	21538.9	-19953.4	39247.7	-18130.8	-13733.8	-34168.3	27012.8	-36615.8	15974.7	19217.5	38721.7	48109.2	-4864.72	-57862.2	-21737.3	-22422.1	-43803.6	28696.4	-22231.7	-40050.5	-24117.9	31675.9	45253.2	19535	-6780.11	-20951.8	-15830.4	34022.1	21167.1	-29376.9	21300.5	9971.81	4335.4	-22278.3	28574.2	-19947.4	16696.3	9759.41	39376.4	-66716.8	-49536.5	21115.6	-36273.3	-6257.63	-41848.2	-4777.7	58977.8	11620.1	-10757	15679.9	34612.2	-7007.91	48115	33671.5	-2521.26	-18738.7	-45366	-19824	10624.9	-29118.6	44122.1	5177.49	-32763.4	-17476	-36115.1	-14174.3	54915.7	-25593.6	-19087.3	2009.54	421.588	-4759.75	-1024.14
8000000.0001	-22797.1	-53580.8	19263.6	-10184.1	-41102	-16737	-16837.4	-822.605	36883.4	20665.8	-16289.2	-42008	-21668.5	13904.9	-9887.98	698.101	-41170.3	19778.5	52713.3	31293.6	3675.17	-12456.8	1420.01	-25591.4	12562.9	-21555.1	6857.18	14149.4	21911.8	-40291.9	45495.7	-17282.5	12888.9	1673.76	50073	35161.7	53114.9	12767.9	63425.2	-15532.8	-5618.71	17720.3	37105	-6941.75	-32191	40670.9	-37794	23338.3	-7838.42	-9896.64	-17403.5	-21538.9	-22226.4	24957.1	22910.3	-644.103	14372.5	-11471.3	-37990.3	33154.9	22836.1	-10179.8	31982.7	18008.8	-9650.16	-6368.2	-2666.91	-18153.9	-31290.4	-20066	-39699.8	5039.52	37993.5	-2590.22	20020.6	24939.2	49390.1	24874.4	25178.2	-23708.6	-57902.6	15034	43099.7	-13208.2	-1527.67	47823.6	42126.7	-835.491	9011.48	-27974.9	-14671	-32492.3	25669.8	31766.4	-21683.4	-17091.7	3368.69	-56598.2	-18100.3	-30166.9
8000000.0001	14035.1	-37818.3	29832.3	2644.65	13856.4	-17570.2	-1356.23	5382.75	-15897.8	-18450.4	-13995.8	-29767.9	-13247	-28603	-2088.49	-69998.7	-16115.4	17740.2	-28843.2	-12186.1	-36842.8	1687.68	54634.2	-687.46	-37943.8	20581.1	-10135	-31682.3	1819.45	-19369.4	-59327.7	-23808.2	17766.4	20725.8	-51148.5	30621.9	-2231.3	13543.4	8850.67	-16181	-34259.5	34922.7	33194.8	-2336.72	53739.7	-8168.62	52784.2	7776.93	-40695.3	-9371.5	31039.5	17339.9	-44485.4	-42223.3	12708.7	1059.48	28664.6	48833	-19020.3	-36524	-15617.3	18065.5	-24122.1	-6288.15	27016.2	2755.16	-33071.4	41520.2	-50358.9	41419.4	20773.3	-16647.4	25107.8	27876.3	-44754.6	-30548.3	3519.56	-19273.2	17537	32006.1	34421	9631.45	4226.07	39960.4	-25020.4	23328.1	-46120.4	49217.3	-10980.6	32026.5	29658.5	-63611.1	-33262.3	17639.7	35093.1	15227.2	20994.5	25834.1	4053.44	-12784
8000000.0001	-45453.9	-20600.1	-16450.9	29451.4	-39102.5	27403.6	8247.45	-7235.41	-49647	-65994.3	-25131.2	-68001.4	-46270.2	3706.88	13400.2	29286.1	20088.1	10561.2	-71598.6	42370.3	7776.53	72952.8	-20447.9	26697.1	-18423.5	5418	-6957.49	-17681.2	5383.73	-340.253	-9565.04	24122.4	-6068.61	30864	-2948.33	33845.5	-40969.1	36482.6	43924.4	20335.6	9017.41	28389.6	6731.72	-45761.3	34512.3	33705.8	3489.12	-3938.82	-62020.6	5111.29	-35944.4	33766.3	-67394.4	-22715.1	-48506.1	5533.31	-4970.32	36046.6	1287.14	50825.5	7211.89	9847.03	-25468.9	-23123.4	-33525.1	23392.4	29077.4	6754.86	-6338.66	-21660.3	-31949	22022.9	32541.9	-28654.1	27917.2	-36339.5	-8999.03	51843.8	-36754.1	-54547.1	32419.2	22882.5	3303.89	-16950.7	-39481.2	-38889.8	-18613.8	-48006.2	-15324.4	-11705.9	-16539.5	-27257.2	58811.9	-10349.7	12718.9	-53589	17479.3	33533.8	13783	-10434.1
8000000.0001	71639.2	-32218.7	44479.7	1344.2	24862.8	-89.653	-3905.52	-29372.2	24885.7	16052	-18293.5	-3818.29	-2318.14	27687.6	37829.2	12509.9	-43656.2	-10326.1	7522.38	22448.5	-2390.92	-11197.2	-1191.5	43079.9	-15908.3	-3312.09	-31148.6	53195.9	6762.22	-10175.1	-43432.3	-11760.9	1222.46	-2305.58	-12108	41261	2568.44	-38109.4	-33230.5	37951.1	14871.3	-34124.2	-32059.3	-6969.74	4833.03	26482.7	10467.7	-19729.9	-26367.1	18119.1	-17633.1	56717.9	-15293.2	-13633.6	-3861.89	-23569.9	40441.1	496.798	-19318.3	312.777	-23552	39521	30605.7	-5265.16	-46260.2	-12319.5	21859	-24548.3	-17488.8	10579.1	-24023.9	64752.8	9058.58	18433.4	37446.7	8260.12	-48965.2	21658	11822.3	45653.3	5383.88	45180.4	-5190.23	10250.6	12343	-10783.1	31776.1	-25745.6	27768.9	9300.78	8802.4	24883	19205.7	-4966.58	29152.9	-44054	13054.4	-29147.4	36081.4	6785.45
8000000.0001	-18105.3	718.097	30173.5	-27797.4	34332.2	24847.9	13246.2	34604.3	1655.71	-20352	-24096.6	49651.5	-631.948	6029.2	10881.9	-16176.3	9736.57	-18582.7	-7632.9	-19098.4	23160.4	-8766.96	9536.75	-3043.06	-16560.6	-15355.6	30623.9	48468.4	43340.7	64302.1	6005.3	1446.89	26311.3	35722.5	-16262.7	-16912.6	6946.46	-30905.1	-27407.2	19321.5	-22731.9	18155.3	-32432.6	3641.64	10629.6	33861.8	12307.2	-66184.9	24479.3	-47677.6	-36498.4	-35677.2	-6191.6	-42850.4	11961	-804.963	-7916.04	27776.5	11098.3	54347.8	-10725.7	-3436.07	-8863.52	-16355.4	-3535.36	-3787.76	-37465.8	-21812.4	5142.34	27771.6	56661.6	29630.8	-68406	6539.78	-34341.6	12848.6	-28777.8	-3432.01	-11967.7	-7292.42	20318.5	7035.92	-19692	20411.1	18532.9	26172.7	1070.27	14249.3	27543.8	-23974.1	-227.626	-9691.58	-6947.3	-15842.4	-25890.4	-7174.84	51361.2	6362.34	-11569.2	34216.6
8000000.0001	-41463.7	41041.2	-29359.9	-8348.46	-31261.5	3579.99	8719.07	23695.9	-32930.8	30021.9	-33532.2	-39943	20735.8	-35787.3	-26162.6	-5644.8	20397.8	-10206.8	18792	-6313.13	-3829.16	15237.9	35535.7	-33406.6	14545.8	-15448.7	28572.5	7420.18	3263.46	-6674.83	-9265.91	-6023.1	22454.5	10271.9	24100.5	-16582.8	23020.3	4578.27	1397.56	32920.8	37127.7	14715.1	17983	20286.8	8247.04	13935.7	-16320.7	19656.8	43864.1	68246.8	1993.91	41593	-35029.2	5857.6	297.184	32929.1	27434	5937.63	20101.1	-7679.62	8054.86	-670.135	-13302.5	40509	-60442.3	28498.1	7917.64	-12584.5	-32949.9	-21603.1	6073.37	-50861.8	-15139.4	-11872.1	14623.9	17090.4	-16573.5	-13324.1	-1431.02	-2259.74	-14221.9	-9097.84	-78671.9	210.738	-42031.2	47972.3	-5271.84	-18562	-20261.6	43287.5	4608.99	-1638.43	12993.9	1673.68	28927.4	17430	-11196.1	-37767.8	8285.16	38289.1
8000000.0001	4715.02	49037.6	-5855.75	19876.7	27511.2	13181.1	-24813.2	-52017.6	51618.9	8538.03	793.254	-45072.4	16268.9	-10979.7	321.748	4967.72	-2186.28	16976.2	10008.6	7460.42	-5951.37	-22094.1	-1510.53	-7858.62	33593.9	-16164.3	-20299.7	1971.95	-8468.95	59674.9	40655.4	-5231.37	5658.48	61131.1	-44073.5	37479.6	45974.2	-14832.3	-56468.7	19147.1	-17212.1	3894.18	-15793.6	14218.8	-42016.4	39553.5	945.21	-30049.1	18303.7	-15109.6	40097.1	-46665.9	-30102.6	5805.77	18832.7	-74066.6	19913.9	11716	5769.21	-46833.8	-12992.3	38947.2	-41559.7	9632.94	40824.4	6391.92	-6727.95	-12345.8	-17097.8	-8977.95	9438.97	17218.1	910.816	6244.82	53427.6	22651.8	-7294.4	-4179.68	54820.1	-3669.14	-32298.3	-11489.8	-39457.8	-69340.7	-47154.1	-3559.93	-13450.5	8538.46	40719.3	5791.65	14657	-2491.97	11270.4	-12512.7	-6146.94	11370.6	10713	-6544.14	-55758	30900.8
8000000.0001	-2072.21	1712.03	-41369.5	12155.3	-34820.4	7394.04	51001.9	-26685.2	12878.7	-13407.7	-59421.5	45795.8	-16207.4	57171	-23999.3	1646.93	-25578.9	-29490.8	-26959.9	34958.7	10124.4	-11959	-30579.7	-10844.7	29151.5	10075	7974.8	8092.53	23424.5	-9596.93	8901.18	16353.8	-17131.5	-49331.6	14983	-33322.4	-45145.5	5965.97	23517.2	-10374.6	-12181.2	23793.4	-19549.6	29526.6	16509.5	-4698.3	-18378.7	-3605.25	-4575.5	-20247.9	-22658.4	8662.62	54081.3	-33405.8	23192.5	-53571	-37.2457	-40967.5	43494.1	-31899.1	10274.9	-10953.2	-13862.2	-29336.3	-13599.3	-19199.9	-74359.9	-54924.5	41892.4	-21555.7	-30837	-28203.6	-2155.14	-8605.93	23510.3	369.091	3993.8	-18126.6	30590.4	942.107	44143.2	9201.57	-12958.4	20815.2	-7917.86	16526.9	11695.8	23819.2	-15978.8	-30981.5	-15769.1	-8802.58	-40732.6	-44096.9	-10851.5	16810.7	8591.01	26627.7	-19659.3	-20259.2
8000000.0001	17687.1	-17135.4	3020.71	-31568.5	-36588.2	40359.9	-14198.8	-19773.9	34327.6	6870.58	23745.8	-21629.8	-45886.9	12389.4	-1965.03	-30944.5	-52971.8	16111.1	11311.8	-4875.99	25337.3	-14250.6	9697.29	26750.2	-26646.2	16661	-35534	-20512.8	3460.12	26532.8	23217.3	-6645.3	-47891.4	-61591.8	22030.8	-19720.5	50495.5	25129.7	29610.5	27200.1	-2988.02	-14305.6	-32760.6	-6279.57	14146.8	25445.8	-12002.1	9090.29	-23116.2	-5055.26	28350.4	16178.3	-5057.57	-22564.1	-38325.2	65832.4	11162.7	-26141.5	17730	1516.47	-39015.6	21503.3	18473.8	7402.71	16894.8	-18792.6	19858.7	-42479.7	28257.7	-15232.5	-12620.9	26039.3	25355.9	13578.7	14804.7	35488.7	58384.9	8665.01	-16753.8	-56234.9	-25637.5	-33460.1	-19013.4	24403	34803.8	-64373.4	25412.8	13615	49633.4	-37088.5	-6883.99	-6385.59	73815.4	-50582.6	37276.1	-22302.2	48834.3	-22928.8	-11123.8	38533.4
8000000.0001	-83343.6	21161.2	-5941.94	-25941	43838.1	-14640.3	19546	19940.3	13658.8	20138.3	-22302.9	-41830.9	8033.37	-26472.6	16906.9	-16786.5	22813.1	-2862.05	30007.8	17911.2	63.2179	32883.3	-15623	-19688.4	22057.3	13076.9	4876.99	50213.1	11091	-26310.2	-1653.3	1308.25	15027.5	25793.9	34344.2	-18568	50988.8	-8553.24	20719	11903.6	-22773.8	11938.5	21970.1	-41355.4	-2120.41	-2462.99	-1734.62	29525.1	-1556.54	62186.9	58359.8	-9937.36	-31976.1	-56194.8	44152.3	-2077.79	25230.4	-1836.21	-29513.8	36099.2	-2433.13	45792	21227.8	-5996.82	9241.65	31975.9	8020.6	-6905.65	21188	-6936.5	-2141.51	-16220.3	9287.99	-62710.2	34398.7	83167.4	34165.2	-4596.79	32133.5	37189.6	-36529.5	-15478.5	31224.8	-22909.1	39817.3	641.013	44502.2	46933.5	-1170.52	33022.9	-17805.5	-73714.4	-26660.1	-41804.3	37304.2	10772	12701.1	7927.84	5001.13	13237.7
8000000.0001	8203.98	3755.55	1201.29	39264.6	1396.11	-29053.9	7998.63	-22732.4	14586.7	19710.9	-2520.1	12641.3	35272.7	-6252.79	156.011	-15962.2	-42471	23257.7	-3877.98	13443.9	43436.8	-26301.6	15814.5	23435.9	-8946.33	27561.3	-36680.1	-52443	50073.5	1162.46	-24513.2	13457.3	13692.2	-11161.7	-16390.7	24093	-24258.1	-126.91	-8749.75	13243.5	11111.4	31477.4	-21815.6	13727.1	-33688	-48856.8	43598.8	-264.868	31438.4	-17642.3	-27502.7	-2490.16	5787.79	15111.1	-11282.1	12526.2	19094.8	19099.9	29730.4	-714.125	-49691.1	1864.28	9295.82	-4116.09	35216.9	-15839.3	-11895.3	10899.7	44438.2	-42041.9	26761.9	50690.4	44841.3	15524.7	-74.1612	-25466.3	-23670.3	21839	27172.9	11331.4	31577.8	-27091.4	-4494.47	21582.2	41239	-11180.3	24647.7	-42806.6	13258.7	11.2684	17445.7	-48614.4	38205.3	-19478.5	-12234.3	21927.9	-11738.6	34783.8	30014.7	-2919.13
8000000.0001	48074.5	-24151.7	-1825.37	-70951.8	26057	12804.6	5645.18	41992.1	-7956.38	-31500.3	-11513.1	7536.85	14399.9	-27507.9	-56979.5	35387.2	-3272.77	18877.9	1956.43	7643.55	32349.8	6927.93	33464.7	-12855.3	8394.78	-38966.7	59054.5	-23541.3	-38397	9174.73	-16735.5	-35944.9	36788	15017.3	27825.4	9096.43	-18266.4	-50521.1	-54934.7	-40649.1	5092.19	46472.2	-15505.1	-14421.9	-20685	-30189.3	11314.1	-7267.17	-3877.38	31753.5	74946.3	16050.9	3262.93	31968.4	16501.1	-49977.5	-18401.9	29403.4	15760.8	26436.8	12013.5	-41575.5	14220.7	-17894.9	-28678.8	-12359.6	48949.5	-33789.3	-18563.2	23012	-94627.4	-44426.7	15949.1	54227.8	23897	57342	10065.3	-35206.4	-17599.5	9480.31	-46309.1	-23017.3	-35501.4	21509.9	31287.8	-10147.2	2518.32	89.0346	96863.7	10063.4	-615.739	-13090.8	-23558.6	-66186.1	927.916	24385.2	-6483.08	30016.3	22585.2	4370.76
8000000.0001	1923.38	-33124	18263.8	10498	9411.13	-40615.9	24964.5	-12845.3	-5147.5	-14680	-38420.5	-53610.1	56192.9	-34540.4	-16666.9	-10474.9	-17448.1	25808.5	-28918.6	50629.1	-36345.7	-39591.5	9495.81	24237.8	-18887.8	-24960	-29856	-2806.26	6763.29	-3653.11	11481	24582.5	37425.4	8816.01	-15863.2	27926	12235.3	35643.4	8777.25	10026.1	-16068.7	-23807.5	-16982.1	6329.11	-13214	11138.7	-2053.39	20171.1	-4989.45	14182.7	-48228.3	-367.921	-59390.4	-4730.99	13333.7	10566.3	22353.2	-9309.08	22770.5	-8711.62	-35589.6	5163.53	22815.6	-29770	37237.9	-21600.1	1117.72	-7819.54	48596.4	-27551.1	21122.2	28770.6	6249.6	31308.3	19764.9	42016.4	5663.07	27630.1	31289.9	28399.6	-27859.3	8550.52	-29596.5	22614	22056.8	-15777.3	2013.04	-35486.7	-3126.65	-8427.36	39965.3	41838.1	-36157.8	-18012.1	1840.36	22148.5	3504.68	-52903.7	-33881.2	-27724.7
8000000.0001	-33539.8	-28461.7	12688	-8534.39	-13271.8	82464.2	-4142.8	-18792.8	3761.31	44839	28146	3868.16	35716.2	-22289.8	-47774.6	40901.3	-45681.4	-74734.2	-37609.9	-37506.8	60561.2	-48934.7	-39058.1	3295.18	27037.9	-30779.2	23200.6	-34405.7	-27003.5	14484	2551.68	17753.7	-13419.4	4818.58	-33864.8	-28209	-41585	5019.06	11263.1	11225.1	-22294.9	2386.66	40131.1	-6219.46	16336	-21726.4	-26783.2	-6260.56	18276.8	2606.92	24745	-30665.1	-14729.3	7937.91	4827.2	-17351.3	504.41	6729.34	-28507.8	-46718.7	-41875.7	20838	-34070.7	-32616.9	10992.5	10549.1	17642.8	26270.8	-9634.04	-40886.3	-5680.17	37515	-42638.7	-11514.1	-26116.7	11317.8	-3721.2	17176.4	-25423.4	-14001.4	-595.155	-18965.1	64289.9	33783	15232.2	21047.6	-23864	15794.6	-32391.6	-22028.4	4091.09	-4978	78514.9	-8859.04	-31922.8	40178.7	-12725.9	4390.45	56194.8	36204.5
8000000.0001	-34191.4	2648.91	45448.4	11532.4	5914.17	-13589.3	3401.86	-12611.4	-8068.9	45859.8	-23138.3	25030.9	7630.81	11372.7	19678.7	46847.3	-10961.3	14716	29884.4	-7822.18	-14979.5	3910.78	18108.5	-36895.1	-37917.2	42273.7	10523.7	-15131.4	-50239.5	-15022.3	-5788.23	53279.3	13721.1	-1772.43	-26935.1	48900	-13294.1	27950.1	-4265.4	-65467.7	14220.5	-45856	12785.4	-41566	-8371.96	-24334	13688.4	-16400.7	5507.5	-8547.89	8342.54	29832.6	7034.07	23815.1	-36013.8	-13271.5	-27596.9	16778.4	-20438.3	-9574.01	31644.2	31866.3	20830.8	-19698.8	26962.9	55246.5	-5237.97	4729.61	3180.15	18414.5	15503.7	-2821.17	30324.9	9915.95	16688	-55523.1	-30030	40009.1	47846.7	4075.53	41561.1	1914.93	-4287.8	32424.5	-12211.8	6586.54	-6842.71	-15312.1	-11942.1	-17785.4	10488.1	26834.5	-35001	-22038.7	-17367.8	3733.8	27214.2	26071.9	32389.2	3473.8
8000000.0001	11991.7	54394.6	3591.24	-7087.74	1574.89	21523.5	-33943	13011.5	51859.4	-43637.7	10480.8	6250.25	-28600.8	20385.7	-3607.3	10471	-1693.73	8877.52	-17698.4	17529.6	11497.8	57766.1	-18540.1	3521.72	43001.3	28301.3	-15231.2	-39756	-42941	-27457.4	5255.57	628.328	16303.1	-6236.34	-7039.19	15732.9	-65351.5	31329	8532.56	20811.3	-1872.58	-4433.99	-26081.5	37990.2	-4319.74	-539.592	11247.5	13930.6	-43305.4	2716.13	49124.4	21963.8	13194.7	-39869.9	-12104.3	-12755.8	-18655.2	16080.7	-10412.1	-657.104	-8820.92	-12776.7	-21533.8	25253.2	-10619.2	-14660.6	35391.3	34525.9	56731	-7516	-29066	44363.5	-37752.2	-910.801	30544	-34068	12102.1	-64.9495	13433.7	20645.8	-36552	-21224.6	28070	28810.6	-12805.9	102.087	7911.51	-21727.7	-8697.29	-29422.9	23303.7	12799.6	-1757.6	-23736.4	23332.5	76125.5	-38728.9	18266.3	-67950.2	7145.92
8000000.0001	-36736.2	-16284.8	-30539.8	-759.825	2843.39	16663.2	2475.48	36638.8	11828.8	-2952.48	-35.7171	17640.3	41263.8	-33134.5	33190.4	4939.8	-41147.3	-8366.71	31026.7	30124.6	392.927	24995.3	-2715.03	-19478.9	-581.623	25242	17640.3	6981.87	-7700.46	24735.8	15527.2	103126	-2881.06	5339.54	34707.1	-34759.3	32354.9	11990.1	-83075	28418	-61633.6	48561	15166.5	-28997.2	-40169.5	5199.25	16653.5	-25498.3	-8848.12	30357.1	4905.79	1009.61	7025.12	-22756.1	-16024.4	-9926.74	-52249	33171.2	-12579.5	-30922.8	28020.5	39668.2	-33603.8	-439.559	20308.6	28850	-47369.5	21588.4	-11083.1	45532.8	-69821.5	29788.9	2592.4	60081.8	-5271.88	-27416.5	34924.6	20645.1	-8474.26	6417.02	-50518.9	-43391.5	-12402.7	-24576.9	-6579.2	8273.59	-42590.7	8678.38	7752.94	62709.5	21665.1	-17747.8	-5196.78	52135.8	-35485.4	33753.8	24171	24985.8	-25805.1	11504.5
8000000.0001	30378.6	-13507	554.425	-1081.94	52982.1	22690.8	19634	-22274	-53011.2	6100.98	9726.19	-13941.2	2351.93	1193.51	1595.92	-9489.19	41510.5	-7165.02	-4566.68	13704.7	-21321.5	26764.2	-62815.5	-40025.9	-11074.6	21383.5	-14098.5	1344.02	-53138.1	1669.69	-8578.31	18566.4	-21843.9	-7503.22	21087.1	-15139.2	4343.15	16950.6	-17814.6	30221.4	-32155.9	-12034.2	9229.63	5065.9	-24270.4	-1157.05	17279.3	-21806.2	-33187.5	38183	-23205	8783.6	-34268.4	50999.4	1814.82	-46094.5	-24720.9	11930.1	-19014.8	30140.3	-9052.77	2081.22	-5411.48	45961.5	30613.6	10675	-7578.62	788.786	11224.5	69113.2	11289.5	-8002.32	-20935.6	-18793.8	39717.2	5621.65	8912.85	41394.5	-3421.19	16820.4	-14652.7	21290.5	-34030.9	-3922.92	-6131.13	-33367.8	-696.701	-19746.2	-17369	19170.3	-17877.1	-28215.9	33904.9	13328.4	18348.2	21296.2	-33077.8	2658.1	-21660.1	-26822.3
8000000.0001	13430.1	18637.4	9512.84	-6518.17	-39205.2	-711.854	-35746.8	56162.9	-39227.2	40824.5	43316.1	-19290.5	-11974.9	-20422.1	9679.26	-16298.7	-18492.8	32496.1	-212.275	15744.4	-2988.62	15517.9	78.3372	25884.8	29323.8	-21643.2	-6423.17	-46185.8	24000.3	-53883.2	-92831.9	3023.17	22135.6	-68437.9	58599.2	-2458.26	5522.6	3038.25	-6923.83	10358.2	-22269.7	-39779.7	17296.6	41059.7	8266.91	-37204	17325.5	31726.5	8887.1	-39204.2	1783.92	21648.5	-13378.8	5811.36	-5003.41	-4640.77	7532.34	-12897.1	20713.2	218.202	-7562.51	20585.9	1162.44	40123.6	-1034.31	-8219.62	22603.4	30919.5	-49981.3	-40777.3	36981.7	-7127.64	-16057.7	647.22	-59138.3	-29041	-24209.9	-322.91	7662.09	7900.86	-4940.02	-13928.7	21716.6	-21938.3	23368.1	10920.9	-25088.4	8084.19	-30041.7	-61184.1	-6351.7	14160.8	40394	10475.4	6708.15	15600.1	2060.49	-5219.86	-28081.8	-29510.4
8000000.0001	2767.08	6548.44	-39302.9	37411.2	16478.1	40414.6	-5746.22	38069	-10285.2	-27462.1	-18579.4	14393.6	-11149.8	1420.08	56234.3	-63103.4	-43602.9	57534.7	-10964.4	-40386.1	23772.2	14721.3	-46105	4445.49	-40902.2	-521.013	36830.3	-11677.5	16974.6	-28826.7	4867.77	-34656.5	-6005.47	18986.6	-5103.93	-9379.44	-49078.2	-26472	80773.3	17988.2	16406.5	10682.2	15771	-12785.3	19506.9	16978.5	-36.3068	8639.37	-21798.2	28405.6	3584.48	-11107.4	10776.4	13288.3	-24055.1	-18469.3	33078.6	-38598.9	19621.6	17108	-8184.01	65717.6	-26332.6	31646.2	39825.3	12178.7	41287.8	6253.13	-23417.6	3652.44	12209	31888.8	24130.1	-3223.39	-57925.6	-31248.6	-1581.88	-38975.5	2235.93	-9986.44	-47635.8	16494.6	-41571	-35596.7	17632.3	11553.5	-20458.2	-33368.7	-2317.04	6023.91	-5911.31	-56547.2	8228.96	-35526.4	-40668.8	-52974.1	58321.1	-16372.3	24124.9	-10264.5
8000000.0001	2860.86	51790.2	-62568.5	-28729.1	20209.3	-26427.8	-4476.53	47539.4	17470.8	20630.2	25259	7783.43	-27450.8	19223.6	5170.07	-54943	27537.4	36737.2	-8798.24	-18138.1	32373	-5343.29	-31947	-12942.3	27173.7	6723.36	19660	-17608.9	-12390.7	45631.3	8516.12	2162.61	-3052.52	9575.72	35954.7	41892	15099.9	20435.6	-9626.1	-4509.37	-5484.49	7291.95	-1330.53	-21570.2	-27943	-18481.3	18504	16827.3	32486.3	7607.76	-10829.9	1113.25	26705	11672.3	7242.75	4069.81	30799.1	-9394.97	431.123	9937.5	15426.6	2069.07	32521.2	-868.201	10064.4	32765.8	27009.4	33975.5	18215.8	55155.8	2561.37	5733.44	7079.7	9639.71	-4170.02	21665	5471.66	-13916.8	-49981.6	16777	-7838.06	4554.87	28493.5	14638.2	3669.16	2548.35	-26013.5	2728.24	-38669.4	-37397.9	-7847.72	33474.5	7566.69	-1817.42	-12190	32719.3	-1842.58	20718.1	7112.82	-21339.1
8000000.0001	16717.4	23124.3	-27430.9	-28073.8	14997.8	47985	22596.9	27704.1	25317.2	21830.4	-36239.6	-17590	55987.6	-2594.48	-640.735	-11526.4	30654.1	-69677.3	-1198.56	-16438.9	10216.4	16849.1	-53177	12977.6	35958.8	-34526.7	-39302.2	11123.2	28790.4	18361.8	45891.3	39718.5	13254.7	4102.11	-27838.3	-6396.1	-17414.6	31948.2	11839.2	5515.15	-18215.9	675.355	3762.33	-30121.4	37881	-2391.95	-36342.7	-64086.4	14162.7	4471.91	-35984.8	28912.5	-3494.61	-38040.7	920.882	12071	-3117.39	-27071.6	6125.22	32651.6	17885.1	-57865.3	-20363.1	23792.2	-7643.12	-33524.6	-6962.47	48323.5	26206.5	18953.9	10532	-58286.6	17439.5	11778.9	-11854.2	-29474.5	-30227	-10661.7	11179.2	34648.2	-18114.7	79393.4	42611.2	-24929.2	-7885.73	36365.3	10405.2	4774.01	-5594.03	26198	11982.9	18145.7	33686.7	-4396.58	57096.6	81567.1	22662.5	-20108.4	-12981.2	-3944.41
8000000.0001	53941.1	5407.7	-43094.4	1676.68	5384.73	35065.8	-24522.9	3792	24354.3	-54215.4	-15945.3	-30669	-13288.6	-15655.4	-1070.54	30577.4	-15428.9	8685.54	-24824	19023.2	-22698.1	-9084.18	-24368.2	-30684.4	-31609.5	-21109.3	12750.7	-27739.5	23292.6	-14024.9	18155.2	15041.9	37813.8	2479.25	35891.9	-35563.9	-29826.1	-4324.91	8535.49	11335.5	-18605.4	-14340.8	-7593.77	-378.405	-66112.2	1327.31	9554.75	-36707.4	-8969.77	3148.39	58165.4	1476.68	50622	-10456	21171.1	30303.8	-9953.36	23129.8	-12619.5	29911.7	5965.35	-11710.3	21803.4	16981.3	52813.1	5486.89	39026	16164	1246.4	-11357.3	28863	-6074	41487.6	76614.3	-24116.9	-11442.6	17013.2	-8906.86	6781.96	13158.9	34088.5	17611.5	32825.7	-25692.3	388.772	-5633.5	41187.8	3632.92	-23800.9	48763.8	13504.8	-846.621	15507.3	-26412.1	34170.7	-20243.5	66427	21046.2	-38564.8	18435.8
8000000.0001	-39842	-45889.2	55224.6	-1584.61	24472.4	22947.1	6433.96	-36862.8	28881.7	19234.7	4975.29	-37656.3	-38210.1	13033.3	44550.9	-12903.5	48516.4	44926.7	38442.1	-19487.8	12148.4	39766.7	39003.2	-25286.1	12258.9	-14990.1	-13229.7	-45967.6	8145.11	14718.9	59924.9	-35003.7	4486.18	25383.7	-15226.2	12165.8	16297.4	-9076.81	-39980.4	30318.6	6657.02	20200.3	12503.6	-2845.44	1425.45	19737.5	44120.1	-52509.8	38031.6	-14649.6	-5426.8	-13514.6	-6428.42	-259.839	40288.2	13428.2	27091.4	42662.4	19437	-23088.4	-18200.3	-40033.4	-19530.9	6259.5	13584.2	-29485.4	-10734.1	2842.29	-35835.4	-14177	-31799.2	-34981.8	18427.9	2991.91	39505.8	55595.7	-28052.1	23209.5	24383	-60740.8	-10404.3	48612.4	-2538.26	-23073.3	-5530.99	-635.071	-23483.3	-9485.84	-22346.8	-34724.2	-18619.6	-23955.5	-33397.2	32402.9	6480.13	13313.8	-50176.5	-5635.52	26037	-23325.1
8000000.0001	50963.6	-27231.5	32588.6	-7255.18	1654.56	6823.17	7547.47	-1432.7	-26608.7	-34684.9	-5166.65	12938.7	7804.18	-5649.06	5160.22	-17235.7	-25272.1	-57751	25558.8	12707.1	-76652.4	13070.3	16311.9	-12373.1	-7610.94	-31679.2	21053.2	23538.9	19337.7	34092.1	-28637.6	-31107.1	13254.7	3403.16	-33194.9	-5968.67	-47413.5	-35359.2	-4682.21	43661.3	70.0226	44504.9	-9221.35	-245.75	-57632.5	-33662.4	-22519.2	44105.8	85070.1	-11921.2	-27118.4	52131.1	7088.59	23578.6	-73606.1	-2905.2	-24883.8	13104.4	849.754	186.961	-63285.1	53837.4	-183.954	-14188.2	6957.26	1272.5	22091.1	728.201	18620	-21352.1	-3827.99	25713.8	-15809.6	-5040.42	4053.76	39150.2	9889.1	-6075.91	29664.3	-39714.9	-67990.7	-17381.3	-13690.5	-19135.4	-30428	20028.5	11803.8	-5681.04	8631.93	-7066.1	13264.6	-51973.5	38285.1	34933.5	-3937.66	-13554.2	14080.2	8030.84	7906.95	-21755.2
8000000.0001	-4589.53	-31338.9	-29621.7	-24921.8	-4361.18	5991.66	-539.43	-4928.62	14778.7	-16518.9	35725.6	19605.7	-23672.3	-29088.3	-11445	-53641.1	9453.26	-7803.13	-3483.41	-19642.2	9588.53	-27397.1	-20218.8	13638.2	-5347.29	9180.87	-26923.6	-30087.6	40119.9	-2964.53	-36851.1	33943.8	-1747.1	4654.89	-58418	5294.81	-31770.6	-12122.5	27597.5	-29016	-32554.6	-41691	-14016.3	9692.8	15819.5	-3633.27	9989.06	21837.6	-39295	-26027.3	37897.2	-28333.8	-44633.9	12976.5	-37408.4	56230.8	-55900.9	3200.47	1403.36	-56737.5	-3930.54	727.859	-31165.9	-1891.02	-59379.9	-5280.81	6388.65	5433.48	-76538.7	44406.2	37090.4	-6544	-41787.7	34984	25396.4	5616.4	-22715.2	-14276	-19041.9	-44642.5	-20170.2	-2169.04	-46455.7	-48422.8	35337.9	19587.2	3221.37	-27947.4	7970.04	-9019.88	-27042.1	-5538.35	-5437.55	-31753.3	17971.4	78975.7	-42669.1	-59044.7	-7376.47	-5716.79
8000000.0001	71048.1	16607.7	-7506.84	10268.6	10190.4	28586.8	-7514.61	12214.9	24434	19394.1	26421.7	-34108.7	39268.2	-34502	-4122.85	45333.1	15476.7	32111.4	5226.16	6590.94	-11016.4	15112.6	12960.4	-835.541	-73711.8	2288.85	13938.5	-15620	-15271.1	-8380.92	31173.2	360.66	-15022.5	-52707.2	-5195.96	18984.4	37413.4	-587.684	-621.94	19717.7	7043.34	-23265.2	-16233.2	41456.7	-24755	16991.1	12674.8	-16444.3	973.311	-15586.1	-6109.45	-4407.9	23806.3	-19241.9	35692.3	23534.4	40025.1	-77484.6	53046.2	22828.2	31413.1	-33950.5	-22365.7	-33181.8	2553.96	3109.17	-20330.6	-22009	11777.6	-6983.5	-8716.82	30394.2	-19169	9758.22	-30787.5	-28254.3	18549.6	-554.098	-1900.52	-26871.5	-57049.4	31855.6	5568.88	24828.6	-43666.1	47566.8	-15439.4	20210.6	14663.6	8300.56	-9109.41	23359.3	-15923.7	-21663.6	-22847.1	-35209.3	47350.7	-28305.2	-53838	-29412.3
8000000.0001	-39844.5	30359.5	2726.54	-56736.7	3932.3	-26712.9	-45265.6	-27057.7	46630.9	29508.1	-66149.3	8715.75	10600	-36038.9	2946.1	-13804.1	-14191.3	21227	34330.5	-11365	6711.74	13221.8	-18478.7	35230.7	-36026.6	-8124.41	-53254.4	8651.92	-22415.6	-46367	-103.341	42147.6	-16454.5	12157.6	-24406.3	-393.782	-1555.89	16409.1	34482.6	-9515.5	29332.4	-68383.2	-45227.1	-7767.9	14598.2	18627.5	-45159.2	-8354.58	-23792.3	-17688.5	29533.6	-37169.4	13000.4	-71762.9	11294.7	11390	19552.8	2088.67	-17158.2	-50103	-1285.03	-39909.7	27214.5	-21827	-14472.5	28539.5	-14183.3	34505.2	-10587.6	-36412.8	-50751	11095.7	25144.5	39248.2	5551.14	-32497.9	-39908.8	-10662.7	14825.4	-8785.05	5260.34	-35890.3	-3970.74	11062.2	30045.4	25672.8	36688.4	-19735.5	19222.3	13799.7	-39683	-8733.85	-29491.8	28941.3	15278.6	-29448.7	24066.3	16628.9	33.6528	-26749.7
8000000.0001	-41582.8	2296.98	-39418.1	48460.4	-44408.3	-25956.6	17233.3	-36183.6	23088.5	952.58	-7489.02	-39614.8	-11411.9	17499.3	-17975.5	-47889.3	1811.57	-19786.3	1175.03	29079.6	-386.387	-11445.6	-15072.2	11219.5	9481.28	-32552.2	-15806	36061.4	-11607.9	786.944	-4551.43	-5893.87	-11761.1	-2966.22	10329.3	3801.37	-11516.4	21397.3	-22190.7	387.453	6780.95	34366.7	-34140.4	-52585.7	42255.8	-23906	15222.9	-10480.7	24127.6	7549.69	-28024.9	21091.2	49682.7	-70726.5	-20322.9	-6014.91	-11289.1	-29519.9	1753.08	-35087	-14398.3	-3780.5	-64756.5	-6868.49	64331.6	-42529.1	27181.8	2419.24	-12647.6	-12699.7	-28882.1	14937.9	40623.7	-3915.9	-20866.4	-8133.93	-25437.4	43471.9	-33463.1	37052.2	-10898.8	-27756.6	-28243.7	-7467.91	57137.6	-39.1716	31944.4	-56556.9	-30625.1	-58203.4	16807.5	-73361.8	1649.82	2618.51	12635	19734.7	53498.9	-8594.92	40294.1	-1034.35
8000000.0001	17010.2	26393.6	72778.2	18191.5	34938.5	9060.02	41965.8	4116.26	34841.5	17804.1	5693.75	27077.4	-25532.5	-68761.4	32420.4	-31341.1	-44513.9	-41719.5	-14949.3	-19584.3	-73963	-13922.9	10683.8	-29608.9	14496.1	9134.85	5990.89	-47329	-9338.41	1536.33	25497	11340.2	27579.4	-4424.35	-41997.4	-21175.9	30723.5	40922.7	10493.9	-444.51	44171.2	2440.65	-37586.1	-42197.5	36244.3	-29215.5	47961.3	-33951.9	27859	12806.1	-46965.5	-60710	41582.6	34490.6	6561.77	38526.3	-38081.1	-1448.47	-9520.49	8239.06	10545.8	-12061.2	-39198.9	-25094.9	15009.5	-13990.6	9515.33	31416.6	57029.9	-27358	6683.44	-10800.6	-49619	-22322.6	-37436.8	-31786.4	755.225	-33015	-17090.1	-35424.3	-41199.6	33810.7	-57.8815	34726	-18738	18778.9	49386.2	32674.1	10610.3	14802.7	2215.71	31663.9	-35846.4	187.363	23232.6	11969.7	-35750.1	33830.3	-24714.2	-6909.78
8000000.0001	-73085.9	-197.298	-53826.9	-24153.9	2006.34	39477.2	-30094.4	48214.2	-11010.1	9347.78	6959.66	-17367.8	19785.6	-43746.4	-13828	-7629.44	-27617.8	-36582.6	-36865.1	34884.2	13515.3	40141.6	-21651.3	-36092	-41849.4	26407.6	-4542.31	-30390.5	43433.8	-35870.9	-32408.5	-16436.3	14653.5	47727	7892.89	-21940	-37782.5	-33008.2	-42814.3	18981.5	32202.7	-4620.05	-29939.7	-28565.3	7156.99	58531	14752.6	-7245.33	11201.3	13060.2	3333.5	22513	-24721.3	26535.9	6414.3	-35561.5	10745.2	-50283.9	-4300.75	35072.8	22291.1	-13054.6	12256.1	-43141.9	-40684.6	27530.4	39365.1	9690.05	47151.7	-28846.5	38582.5	-40740.4	-30533.7	-37592.2	17302.9	-3317.09	4017.81	4898.8	-15561.1	8156.62	22790.7	1484.79	-41805.9	-29823.4	9786.15	242.303	11265.9	-12970.5	-41979	5766.59	-20138	11318.1	-7116.7	-5693.69	-19998.6	-55401.3	-23522.9	11671.8	37664.3	3080.25
8000000.0001	-8839	48692.2	17409.5	34696.6	14822.5	-21681.5	-23334.5	5811.73	-48439.9	-2931.57	64212.6	68092.8	19765.9	-23271.8	-11366.3	-14792.7	1616.07	8309.58	-14860.6	-31024	13776.9	54199.1	-18118.7	7622.05	33511.1	17534.5	2555.11	19948.2	12604.4	-7970.18	29121.2	10723	-31136.8	3940.58	-13917.9	1213.43	14333.6	1369.57	34344.8	-21327.3	-17622.2	17353.6	-20124.2	27531.9	23882.8	30481	-15242.4	-34054	30784.3	-32758.5	5069	-11994.9	22316	52198.4	-17034.4	33283	6842.02	-11375.3	-14358	-27597.3	-58216.7	6993.55	8225.87	14483.2	-11869.2	19368.8	6469.86	30187.1	-18151.9	-29590.9	9408.86	-18701.3	-17135	22601.9	-49666	64462.2	-49271.8	-11561.9	22157.6	17718	29154.5	-9446.35	33033.8	-59081.4	-7637.16	42835.7	-45147	-41787.2	-431.88	-1118.98	24225.7	40404.5	-16790.1	16957.5	-12483	45181.4	4944.5	39442.5	45176.1	-2182.13
8000000.0001	-37316.1	-30688	-19545.9	-9592.43	-10144	5634.67	-8279.04	-26852.1	16975.4	-19548.6	12592.8	-2118.85	53513.8	-34846.8	645.031	-15005.1	14923.8	-14144.1	-5507.56	-5885.96	21509	-6733.21	15985.1	49256.3	-13901.9	-88221.8	32672.3	33892.9	-10972.8	-38062.6	31148.7	10779.2	-3818.36	-18836.1	21521.3	37458.9	1121	2571.06	-41823.6	41705.2	-20634.5	-49833.6	63407.1	-26825.2	-10120.5	-1934.73	20099.8	-8994.92	26861.9	45108.6	-28252	-2532.6	-33744.6	-2416.42	39272.5	46366.2	-7634.51	3428.75	-11020.3	31310.9	22614.7	-12819.3	-11264.9	-33549.2	-15197.6	-27977.7	-7900.01	-23269.2	-1083.22	5947.05	-12270.5	-44711	-11940	-7458.35	40873.3	-29028.3	-3992.05	-40629.4	27218.1	-2143.4	25717.7	27802.2	-40478.4	23373.6	14249.8	-56626.4	884.402	22520.6	-11175	-18435.3	-38174.3	33209	-37677.2	5259.74	12103.5	24964.2	-34596.3	-7801.14	33140.8	-28012.7
8000000.0001	-20482.9	5634	11107.1	36226.6	-16073.3	60226.4	20845.7	25394.7	-50033	13012.5	10315.3	-5884.53	27851.1	29240.1	27841.3	-53532.5	-23383.7	59185.5	14901.4	23796.2	295.536	15981.9	-3726.98	-3443.41	-7149.75	28880.3	22257.2	-41003	15566.2	-23346	-34478.2	-1894.47	-3123.07	23488.4	26938.5	40343.2	-22830.5	-21911.1	18857.1	-22463.8	-38553	35373.5	73571.5	54864.4	28854.6	-10676.5	56242.2	33050.5	-32.624	11525.3	25075.5	-6319.37	29627.2	-20431.9	54208.4	65268.4	-27627.6	-20931.1	-19486.6	21923.5	-38110.8	-44170.9	37638.9	-29535.2	-36643	23289.5	-11066.4	642.299	12240.3	-9255.52	24861.7	5482.51	45310	29301.7	19041.1	-6631.43	-71363.4	-12686.7	-25540.9	-23200.1	-38918	7758.88	39781.9	-8891.81	29216.9	-57347.9	26737.3	-28809	27249	-10785.4	5738.88	-22204.3	19680.1	7299.03	-47915.7	-34858.4	-4997.97	-13881.3	-57.818	35898
8000000.0001	-12549	-303.237	862.493	4311.77	21505.4	89.8076	-5102.78	27937.5	1321.6	-14530.7	-12586.5	4893.75	-1548.41	26030.4	-3004.08	-29600.6	-2910.6	-10218.5	-20132	-2784.22	-12736.2	-4273.34	8567.1	37292.3	28595.1	57090.8	-56267.3	30729.5	-58372.6	-16318.3	19058.6	2016.47	8438.77	-18879.4	1886.91	23828.9	-20861.1	-10540.9	-2941.06	-1109.49	48288.1	-10143.9	-11791.6	27569.6	-47189.7	-41469.2	-40512.1	-14640.6	-19923.6	4457.86	24068.5	-12694.2	33351.1	32204.4	-44643.8	-36392.1	10933.2	13522	-45170.2	-7930.04	-27630.2	-40124.2	3875.71	-31826.2	7072.85	-38580	-37603.3	-37039.8	-1411.78	-2301.96	10584.8	-24970.9	1455.15	15844	1292.59	-19821.6	-10487.9	-37915.5	39600	14192.6	-9928.73	-14393.9	-5847.81	-24953.9	40944.5	18458.8	2167.81	32689.2	17279.1	-12679.6	143.278	-67913.8	6688.39	39796.4	-7566.83	-41278.2	24090	-48990	79082.6	-20778.2
8000000.0001	25909.8	-27365.6	-5180.3	10889.3	-9511.06	-27361.8	41601.1	3490.1	-25699.6	-5398.41	-23055.3	-8491.69	21997.4	-27307.7	-11185.5	-10180.6	6553.35	-19206.4	-6723.19	3816.46	-11613.3	41047.2	19580	-16841.7	-5743.39	8582.61	-1438.09	10210	29.7042	-339.241	-37998.6	-43289.3	16693.3	-41848.8	21063	4018.59	10624.7	49796.7	4321.4	9384.7	-25899.8	13623.7	-41603.7	-49927.4	-19228.2	97773.2	-71566.7	-16973.2	-1007.58	8217.07	-27337.6	18018.7	29373.8	-5804.86	18430.9	-30342.5	65065.1	-16666.5	-7173.78	-25790.7	-5357.67	32183	-4594.5	-15328.1	-30.653	26355.5	-23137.9	-5746.84	-2400.78	-36573.8	44745.9	9280.48	-11565.7	-28564	40940.4	-8507.08	-11656.5	21987.1	45110.1	34229.7	9407.49	19067.6	-4883.68	-24128	-37715	6863.07	-26938.9	-11939.9	-5320.92	-10970.4	-3374.66	-24256.7	7312.19	1000.83	-11287.7	-16326.3	-3454.53	16037.9	-14840.7	-43648.2
8000000.0001	-43333.4	-50280.2	-1189.5	39900.8	-2626.07	-5138.32	691.854	5355.81	-7762.25	49676.1	37693	38011.1	-14884.8	-1320.7	31680	52315.4	-36654	54249.8	33716.5	2456.71	12911	80043.7	-56056.3	56656.1	16228.9	47520.1	15326	27483.3	-22204.5	12607.2	1313.37	-10091.1	-26375.4	35949.1	20093.1	55843.8	12088.1	-20064.9	9488.78	19803.3	-41932.4	-19664	-31540	-1964.75	11161.9	-9009.47	-31709.3	-17871.7	17792.6	10302.9	-29073.4	12116	-15564.2	19617	4294.64	10434.3	23871.2	9459.37	12769.2	1018.38	6606.91	-62322	-17481.5	12654	14406.2	19373	-52680.8	11989	63188.2	37435.8	46483.8	-9605.13	14195	30233.2	-38388.3	-14236.9	24181.1	-27230.4	-14917.3	-63372	12148	31982.6	36965.4	37408.9	-26490.5	37540.3	-9877.4	3849.73	26008.4	-10065.7	29528.6	-14333.6	8557.13	-13824.8	-37855.6	32372.9	32155.4	54846.9	-56445.3	-7271.76
8000000.0001	-55389.5	23797.7	70115.9	-5901.57	-12942.1	-17393.8	-6039.66	49690.9	-59212.6	-52437.1	-30179.8	-4726.5	-59034.2	-654.844	25344.2	4940.5	-9016.16	-50980.5	-44935.6	-32664.2	31840.9	28633.2	56098.5	-22556.7	-32582.1	1243.7	-32987.1	-17673	16248.8	-28972	-47366.7	-5454.01	-26565	-29380.6	21423.3	-56357.3	-1994.75	-6068.42	-18724.4	49279.8	382.433	21297.3	-18338.3	-14414.3	25682.1	-11642.6	-13489.2	13919.5	-24589.6	-27731.7	-13393.9	25463	9361.21	-52952.8	-42611.1	14614.7	12884.8	24826.4	-25892.3	13372.3	-31099.5	-49103	-17951.4	29458.8	38819	-3305.34	28236.7	-7301.46	15278.7	8810.32	-38401.7	-32842.4	11272.7	-35185.3	-21122.5	-68402.8	-12208.9	10189.6	21490.3	17070	-25392.5	-45602.8	1020.17	-693.988	22245.2	22110.3	-22322.9	-18555.3	24850.5	36752.3	-13386	-44115.3	8256.95	1912.87	30613.7	35824.2	21496.2	-39669.8	31255.4	23657.5
8000000.0001	8999.3	-29869.6	-34523.7	-14157.8	3855.92	-20392.2	-25021.2	18170.1	47198.3	29417.5	-41013.7	-32227.9	-503.208	-75250.9	-8441.06	14710.9	-48754.2	-26579.5	27292.7	35773.4	-1721.87	17634	18909	15980.6	8475.75	47924.2	23889	5929.63	40229.5	35809.9	-18723.7	-29681.7	-3018.89	-7585.45	-2620.18	-26056.9	4575.38	-2439.61	-25715.9	-6937.22	-14403.6	24980.8	39526.9	-28512.4	6854.76	64281.3	-1774.79	49092.4	35138.9	-73302.8	20194.3	-24931.2	7632.15	-32672.3	18582.4	-18807.5	3074.86	51124.3	-21188.5	-22153.3	4800.38	1445.12	-4602.89	-44075.8	-34722.9	-31713.6	-4067.68	5066.63	-22739	3568.35	-49234.9	-15003.4	28409.8	-20854.8	10939	29374.6	-18516.9	3502.49	14886.1	-9002.82	-13979.9	43023.5	-34615.5	16521.3	32989.1	7508.16	6852.32	11468.7	-1782.21	-27841.2	-11856.5	42253.9	-58306.6	19179.7	9520.09	11305.7	19699.5	45156.2	46980.1	-10043.5
8000000.0001	11149.6	45423.7	6636.72	34280.1	33808.4	2111.84	26105.7	-14801.2	-28950.6	-28326.1	-28960.4	-55250.1	-22717.5	53988.9	-22145.4	-12071.5	-46039.5	-18924.4	16982.7	-21131	12912.2	-30357.2	-18612.9	-3934.18	27462	79126.9	24534.8	22707.2	29397.9	-66550.9	1471.15	-11905.2	29835.4	-76468.1	3988.2	-17128.3	-47187.5	-6344.67	13395.1	23872.2	-37373.2	-2722.58	-36380.7	-13948.9	42603.1	-35281.3	2330.95	-17739.4	-13740.5	-2514.05	-9792.71	-22462.2	5553.34	45698.1	32536.1	-38240.5	21100.4	31310	-3029.45	20371.6	-1096.35	-268.707	30225.6	31288.6	-9123.5	40279.1	14250.6	5938.64	34067.7	4674.29	-2893.93	-11419.2	-18142.7	13765.5	-8386.92	17687.2	-24524.8	1121.85	-44503.2	8861.58	-31598.5	-56166.5	-2906.27	5345.23	7438.12	-20265.5	17873.8	19406.5	622.272	-29952.6	8233.31	-5719.95	-29743.2	7019.41	-13897.3	15931.8	-21423	31064.3	-23171.8	-27397
8000000.0001	19029.6	20490.9	14779.2	32353.9	37576.8	2619.08	-6500.66	-22306.6	22205.6	10260.8	10120.9	-18916.3	-24442.7	14927.1	-4025.29	-18411.5	-10244.9	-37062.8	-33603.2	17607	2338.11	-1214.39	16800.2	-17385.7	6001.08	-12417.5	11543.8	-26751.6	-12429.1	-4040.17	29793.7	-293.081	41921.4	1110.04	-16401.1	14652.3	16339.6	18975.5	-16417.4	22025.7	-14634.3	7436.45	-21996.5	-44351.8	1445.11	10836.6	32612.2	36123.1	-62133.1	40460.4	28006.4	-1992.91	4534.63	9827.16	17380.9	-22882.8	-44387.4	-34891.6	382.643	6299.96	30378.1	11488.7	-19376.5	-43654.2	-690.503	-33574.7	26655.2	-51691.3	37006.8	12609.3	11643	15589.9	14994.4	22468.4	-2639.34	-4537.16	-36956.6	-4020.7	-22734.2	28048	-55119.4	-33646.7	3284.57	14428.8	-12217	-32894.1	4565.87	-9536.75	-16476	-10387.4	6069.85	-10564.3	22793	-49264.4	8247.03	-25936.7	27321.1	13428.4	8680.78	59742.8
8000000.0001	-59446.2	-15552.5	15595.3	-980.572	3038.54	21676.2	-2451.06	9612.83	-31966.8	-25850.2	-18080.1	28816.8	-19257.9	-34016.1	7346.59	7353.27	61479	-18946.5	28498.5	46833	28516.4	-12372.4	-6582.52	31003.9	-57389.3	-67222.9	15675.8	-4172.65	-1502.86	52798.2	27038.5	24954.8	-28169.3	-43968.4	-17456.3	17286.3	-27584.4	9093.04	-27474.4	-26127.5	9825.46	3020.83	9588.47	33523.3	12871.2	5216.52	15199.1	11792.6	-35786.3	-59253.1	-28055	41890.5	7793.92	-44326	-23898.8	-42113.2	35525.5	14193.4	20601.5	-29258.2	29133.7	31860.4	22568.2	-57003.9	12861	-32727.1	19226.4	23015.3	17527.1	14818.6	35399.1	-9344.75	-28911.4	-40275.3	-2785.47	-35822.6	26028.7	-3533.96	-23965.6	-3857.87	-51687.5	-30092	25544.5	1749.5	5497.56	-49372.6	-14446.6	-7108.5	30464.7	-1912.74	-3717.65	-35003	-1995.31	-14891.6	37943.2	28573.8	23454.3	30843	20587	-8814.47
8000000.0001	15392.7	-4263.38	-35440.3	6013.06	32651.5	-41198.7	-21212.3	-4231.87	-1677.25	-9610.62	15571.3	-2220.52	-15284	-26586.7	10684.6	42974.1	13957.4	4725.85	21921.5	37393.1	40919.9	2891.93	-29815.7	-25375.6	9311.69	-10774.9	-30546	-16856.8	49328.9	-11342.8	13976.9	37652	6483.89	-22375.3	22673.8	-60142.4	3488.69	-28314.1	-13143.1	8044.92	-39162.9	10926.8	-13482.3	5077.28	20599.9	-49940.1	60078.3	12050.2	9921.69	41706.2	17237.4	57830.5	2657.6	9090.95	-14795.7	36751	-19530.1	-26996.9	-3253.86	-621.959	-12997.3	-29581.2	-51611.5	-18327	-4863.35	-2264.76	38828.8	-40581.3	22795	-35515	14132.8	18413.7	22261.9	-387.42	-13910	38406.7	-51638.9	36171.6	-33436.5	16099	-48413.1	18519.5	17277.4	10680.4	-16019.3	26906.9	-32642.2	27738.4	-98180.2	-58805	18150	14910	-3492.03	55026.4	3200.54	383.633	-17411.6	11666.7	-30905.9	-33742.2
8000000.0001	-31156.5	-46442.7	-122.139	-34838.5	34175	-56608.1	-18371.8	-7390.88	-24791.4	-10595.2	-3983.62	-29902.2	-29972.8	155.835	-81915.9	-12070.9	-15677.2	-36798.7	-52212.1	17370.6	940.923	-28978.6	20820.2	44520.2	-25291.3	-9225.8	11499.7	-8495.59	5014.22	41284.3	37071.9	39654.4	-20888.8	-27251.1	-15928.9	-17859	-33577.2	12818.6	-30686.2	-9935.19	11152	13229	11107.1	-9788.34	36401.9	1368.04	25690.9	-50564.5	5964.03	23066.3	20638.3	21904	3358.45	-10262.2	-43729.8	5890.12	8597.15	-13835	4301.76	-15919.9	-15910.9	-37940.3	-36764.8	49831.3	9710.55	-16323.6	28648.9	-4946.24	16856.8	15386.9	33174.7	25959.6	18867	9629.56	-11047	31939.1	-4291.31	17190.3	31539.9	-38417.4	410.184	48425.1	30138.8	46789.2	3311.56	-44787.9	-19982.5	-7050.78	-18253.5	28127.1	35369.2	11071.6	23226.7	-3703.26	-12710.5	-45102.8	-10058.8	65897	-260.77	-25059.9
8000000.0001	-4924.41	738.226	-36211.9	37155.1	-2305.95	-25315.4	25131.7	23741.1	-10138.1	-27842.9	2355.2	452.558	-34874.5	-33755.3	-6287.72	-10938.4	-69024.9	26008.3	-3992.63	40357.3	14383.3	-30462.5	-41816.8	-30721	24322.6	21118.1	-13235.1	-42598.2	13637	-79787.2	35395.7	-10968.9	20608.9	-41274.3	-22468.6	14939.9	-38394	-39278.1	-17811.8	-18611.4	-25803.7	-23764.2	-22328.6	-21838.9	-7255.96	-89530.9	-21649.4	4082.94	-17296.6	273.547	-60140.4	35646.6	-40915.5	61793.9	3623.11	-10469.4	-7910.91	3011.46	-1578.53	-57470.4	8544.77	-34240.8	139.956	-6084.04	-5883.92	-55244.5	-42.8007	51531.1	17351.3	-38800.2	31934.6	-57949.7	-72094.8	-15269	1476.23	2126.25	-21393.3	17652.3	45324.4	48627.2	-33495.3	62343.8	31853.5	10559.1	50184.5	4270.84	-48959.3	44719.5	-32998.7	7785.52	-23757.6	-38938.2	-17756.9	-4150.73	-33535.9	44395.7	-52852.2	-91.8799	-17765.9	11121.5
8000000.0001	-4368.93	-34338	18320.2	23446.5	-23802.5	9112.98	18450.8	-30895.6	-2078.49	-51154.1	-18711	84501.3	28238.2	-10792.4	22260.8	3422.84	72393.3	55969.2	-19566.3	-54577.8	-3715.69	-29726.2	-23332.8	49312.4	23445.4	-6326.98	24072	15835.2	32503.3	41555.3	-7349.14	20556.1	33648.8	-8077.88	22561.4	-31519.1	48667.6	3986.17	-30512.9	23512.6	24321.6	27607.1	-20189.4	8710.48	40259.2	-16639.1	-8592.84	17839.8	-9010.45	-739.689	4333.81	8871.05	33296.7	-8366.71	32914.7	12875.3	-7839.67	321	-15863	26403	26581.8	48527.4	-13048.1	-9631.58	-17025.2	12042.4	28686.3	38135.4	-22531.2	-2135.19	-13633.4	-37468.6	-4087.42	5930.63	22545.1	-1393.93	29195.7	-7445.03	35772.8	13106.8	-19517.9	-34687.4	-34713.8	-7830.58	50639.7	-5649.82	16645.8	25618.8	-13995.6	41408.5	39135.7	20122.1	-39395.1	4390.93	1436.36	-7802.33	-9546.2	3174.46	-51848.8	75691.7
8000000.0001	-20719.3	-51975.3	1703.06	1485.1	1418.56	20185.7	-31435.4	22529	21753.3	-6067.99	11238.3	47418	-8617.11	-33286	-52145.7	-77477.7	53516.4	-1512.2	12933.3	-21444.6	-30128.4	36706.8	-6890.97	-17265.2	-32404.8	-53583.7	17845	24042.2	-12609.4	-17401.3	314.453	-18566.8	32999.9	46309.6	-32258.4	25694.5	-12847.2	33364	8299.92	-41435.4	-71810.5	-5072.68	20968.3	-22977.7	10958.2	-9064.77	-12385.8	4912	26548.8	-19719.8	23504.2	-2483.24	-10161.7	29004.3	-8220.37	16068.4	-79558	5568.8	-57951	35815.9	20723.7	-2677.39	14112.5	-9055.38	-33664	37585.4	-65332.3	-31609	5835.79	-17315.9	12116.1	-39184.7	-30479.1	-44461.7	-35081.8	9161.09	19907.5	15724.5	9739.68	36518.6	-26220.9	15404.4	-24843.7	29026.4	59214.9	-7052.45	-54321	-22694	-15074.5	59603.8	-5155.79	-7984.72	-37566.9	14983.8	-1077.66	-31613	-34070.9	-23775.5	10980.6	23825.2
8000000.0001	11780.6	-50570.5	61087.6	-38684	-22090.1	11277.2	-7876.7	15333.2	9347.63	-448.917	-6670.3	26862.3	-5203.5	-5281.43	121967	29342.8	-16702.3	17709.3	23650.7	-6107.66	37800.9	-48915.2	-61502.5	2470.55	-40287.6	3179.91	-43799.8	-46882.8	-31538.6	90.3236	-31076.6	-39346.2	20731.1	-17069.8	-9567.61	-17617.2	-15304.8	35599.3	32859.6	-24238.2	35737.9	-26479.9	-57541	-62832.9	-16788.9	-12830.8	-4510.14	-36035.3	17006.2	11742.4	-51170.2	-20308.3	44973.6	7104.66	3632.36	-44765.5	-30345	-26852.2	21438.2	-9143.56	28593.2	1310.41	41815.6	-35713.4	-9116.19	-1815.01	-22163.2	-8974.28	-15046.3	-46327.3	35894.5	-8259.36	31669.5	-20099.7	24085.6	-37578.1	29732.3	-14779.8	-17054.6	-51152.5	-32825	25170.1	12849.8	-14855.2	-42428.7	14991.3	-12391	25400.9	-49045.9	5748.22	-5795.17	-11405.1	41222.4	3219.1	28159.6	-7551.22	31362.6	-4775.27	-5290.7	-38113.3
8000000.0001	-14714.7	22054.2	-13085.9	4079.38	5288.75	35465	-43759.4	9223.89	47697.3	-16672.4	14744	1979.2	-25432.2	24729.3	-23404.4	1842.97	3511.6	36619.9	14412.7	-3491.46	-18798.2	-32746.4	-23662.1	23663	29212.1	-22024.7	-7614.93	-13975	8737.7	34607.8	48607.7	40566.3	-18577.8	41698.4	2914.95	-15153.6	59690.1	50900.8	-571.586	-16309.4	36784.2	19228.8	-9677.31	4038.5	11252.4	-9816.63	-6201.46	6302.56	18482.8	-16374.3	27885.4	42541.9	16413.1	-41938.9	-18290.2	23282.3	-33338.5	-37498	-16793.6	-6404.77	13214.8	25853.2	-17882.8	2489.7	-11168.8	-21467.8	-6816.3	8997.91	32594.4	-19387.4	-27576.6	-3662.83	47790	26076	-4000.88	10374.1	-32771.6	-3218.84	268.833	-14711.8	6687.02	-25831.3	12346.2	-13129.2	-24175.1	-10966.9	17549.9	11834.3	-18023.9	8870.09	-13516	40006	-13159.3	5444.65	-39670.7	-35288.8	65054.1	18360	29395.4	11450.1
8000000.0001	-35477.3	-26517.4	15553	-65546.9	-10820	-292.601	8611.76	-59284.6	-3947.69	4053.81	16797.2	-13628.4	2789.23	-34310.3	-21625.8	-18883.3	23934.7	31359.1	3993.76	10072.3	-10383.1	-20560.7	28023.1	27298.8	-12340.6	7502.3	-10836.5	-8274.14	-10868	-28636.4	12421.4	8217.64	14701.1	-42535	-24017.4	-16910.3	62413	29534.1	66531.1	82608.4	66509.8	-11677.8	11636.1	33207.8	21370.3	9323.85	-18624.2	-2106.01	-11273.9	35789.6	17501.8	-31457.5	16813.5	-73295.8	-13678.8	67804.8	-21297.2	48014.1	-58408.6	-35038.9	10082.4	-7017.95	-8467.18	9473.17	-5879.39	-56918	8681.6	-5283.33	42759.1	1535.1	-8182.56	36693.7	21649.2	-12276.2	-17076.4	10022.9	-17127.3	-36387.1	54101.6	-32856.3	34042.4	10041.6	25759.5	20281.7	-30291.9	54195.7	-11540.1	-49948.3	29733.2	15867.2	-10808.9	-19823.7	-9954.23	-10620.8	42920.7	-3566.52	2698.81	-2277.06	33649.4	32372.2
8000000.0001	38362.9	2502.52	-47671.5	-8944.27	-13156.3	-24381.1	-27866.5	-31609.7	-11246	-9341.22	13365.9	-21037.6	15178.9	-27633.9	12767.2	19193.6	-38355.3	-17484.5	43328	35830.5	13307.8	34373	51831.5	26736	-18852.3	40196	11993	17473.4	-15288.2	2580.5	-33028.7	21569.7	26537.4	25598.3	-16890.8	-22651	45967.6	68050.2	-16884.4	29389.7	-27132.4	-23065.6	18923.3	19187.1	21182.6	10915	2883.48	16064.7	13289.1	15305.9	15419.7	-12433.6	-14377.6	24192.7	-60489.4	-10568.7	-27105.5	-19448.4	68364.3	-15568.7	-34680.6	-16825.9	34729.1	-38445.5	-23564.2	-3531.45	-52892.4	-4068.03	-35507.7	-22112.8	-38491.4	26651.9	23662.4	-19686.8	-40146.4	19773.4	22813	8332.16	23923.3	39486.4	28538.9	26744	-20377.5	-3620.68	22229.5	28934.6	-20183.3	-10925.3	-18293	6890.4	-1067.19	33246.7	16459.1	22890.6	54098.6	-64146	46103.8	-5742.36	-19865.4	-24391.6
8000000.0001	20391.5	-41695.3	42366.2	-39722.9	20996.2	1233.42	389.574	-10870.8	11613.4	-19720.6	3239.53	4910.68	22031.3	69789.1	2098.2	55390.2	25470.9	-16315.4	-48583.4	16216.1	-10865.4	-3779.35	-22605.8	-3375.55	5592.35	-3856.84	-10744.5	41602.5	-7267.35	-461.248	-68529.1	-17361.2	-2635.74	-37902	-16972.5	14772	35886.9	44709.7	18242.6	15610.2	90469.3	-66.8411	-42779.9	10778.1	23236.4	35615	46059.5	-7832.26	11638.6	-5669.96	-36083.2	-8549.69	17820.4	1921.64	5117.62	-15956.6	-681.021	17212.4	16060.8	-31561.1	-42026	-13112.1	7661.41	22483.4	14294.3	-10384.8	2119.14	-9124.55	34005.7	2230.76	-25953.9	20799.6	-43341.6	-14603.5	48907.7	12222.5	-21302.5	10425.3	40529.1	29399.5	29296.2	-10705.5	49425.2	22914.3	49559.7	19251.5	-10739.9	-25651.8	-18320.8	-1424.42	-2678.13	20853	-29912.2	13375.8	18556	31806.5	-13202.1	-30704.5	-716.832	9674.76
8000000.0001	-9797.99	-5982.89	-34968.1	33575.4	-40258.4	-25234.1	29396.2	29138.4	-17528.7	-14307.3	-9098.07	8352.61	-7142.09	5675.32	52952	1780.46	29212.7	21896.6	-4731.77	6475.43	3351.31	-37505.5	34485.5	-4729.96	-17617.9	9177.84	19626.4	-2667.8	-59848.3	-11893.6	15957.2	2772.45	8964.35	20328.5	-24737.2	-494.341	-4318.2	11230.3	-36309.6	12125.2	-2864.61	14962.8	-9553.95	-2063.95	-4995.53	4281.33	1904.8	-410.169	-16867.2	17700.1	-19908.4	-43569.6	-49008.9	-25814.3	-9035.01	12714.1	-4238.02	-5084.1	11255.1	5030.78	27587.2	27705.2	-36430.4	-40522.2	-31478.8	-28056.9	25728.6	8069.8	-30202.6	4318.66	-11367.4	24554.9	-1439.01	6037.32	-22079	77099.3	22191.7	12357.2	-28993.3	-20865	-53840.9	12001	-17149	22520.1	9174.45	18291	7038.15	64213.5	-3261.55	5420.66	23702.5	-31317.7	-11526.6	-13128.5	3380.89	11133.4	-43999.3	51267.6	31762.5	-15170.5
8000000.0001	12701.2	-18735	-12056.4	9851.54	27804	-12768.1	-19880	-17141.6	29087.5	-10195	-3367.01	-13907.2	-29102	-22532.8	22842.6	-26549.2	1030.21	-28130.6	-3356.98	-25638.5	29188.7	29283.4	37473	-33777	-24014.9	-26039.1	20349	20292.9	-33593.7	-35623.6	-3403.69	43632.7	-56878.1	65854.5	18232.9	58062.4	24998.6	-5402.55	7794.74	-19442.4	-36409.6	13609.8	8003.63	-6759.28	-32445.8	28265.2	29959.5	-2060.89	-9630.64	-493.213	13078.4	33322.6	-12850.1	24241	-19261.4	18849.5	16532.7	58275.5	-82951.9	-28503	-3672.85	48750.1	30701.8	16157.5	62380	14438.5	-36213.4	-12644.3	2587.17	-16792.3	8714.84	-11616.1	-55850.6	-8974.66	24942.2	14822.7	42841.3	-13279.6	-9715.81	-3886.57	-21294.4	4489.6	19078.1	-2700.37	-56514	67945.7	66968.2	-39826.2	8246.74	27740.8	12200.6	-22979.2	38671.2	70292.2	32851.4	32476.7	-18021.5	2824.28	-19067.2	14667.7
8000000.0001	-26697.7	45571	1300.51	-31897.8	-25647.3	-11285.1	-30701.9	15009.1	-12261.6	-11275.3	17741.9	86568.4	-6547.71	4306.06	-38433.3	24124.4	-33554.1	17133.8	22639.6	52498.7	-20724.9	35311.7	35678.5	-38194.7	-567.682	6652.94	4110.3	25277.1	38086.5	29260.9	4243.14	9335.26	-1859.04	-25517.5	40937	426.915	30842.3	1595.55	-14073	36159.1	-27697.7	-7529.64	27579.7	11621.2	-24144	-55988.6	86292.9	-10642.6	-25367.9	-12465.6	9637.13	-33437.2	-18638	-20188.8	-5207.87	-17582.8	-8463.73	42873.7	-26798.9	-2896.98	-16926.3	-11472.4	2859.27	6590.62	1917.13	-17301	28065.3	-39477.1	12878.9	-9043.88	7918.98	4861.32	36259.7	-20888.9	-13607.9	23059.3	17987.1	11543.2	-32405.5	-2293.23	-34992	2978.94	4218.57	25011	-11820.5	29069.2	7750.56	6100.05	-24005.3	-13384.2	-24607.9	1769.78	-29792.3	12284.7	8605.1	-41429.7	14115.8	-22857.4	-37708.7	-6896.64
8000000.0001	-9422.99	-28164.4	-39696.8	-19603.9	55513.1	19186.8	17163.6	12032	-34380.1	19730.1	-1223.37	47149.2	-926.825	45263.9	-26454.1	-9450.82	-5087.56	49436.8	-21645	-62244.7	-36045.6	-26186	-12981	23018	11780.3	8408.74	22975.4	10736.1	3586.83	-25968.8	13431.7	5103.16	-26086.6	-8443.42	33000.4	25256.2	-2994.66	-16921.7	9971.3	14887.5	8348.67	42587.4	-26943.1	-7713.18	-60188.3	-42405.5	47713.3	2822.19	10866.8	22112.4	8451.88	-4945.16	1140.52	3875.74	3929.6	32732.2	13410.5	584.702	11873.8	6120.52	-13775.4	-20820	32045.5	2206.01	26636.1	-16080.4	-12592.8	46011.6	-24092.1	57531.9	-36960.4	-6108	-17682.5	-31572.5	22304.4	-10449.2	62892.8	-19088.9	-56067	-15203.6	34738.5	-34947.8	43049.6	-9064.32	-10573.1	-35175.4	47600.9	19426.2	28850.5	-2331.07	-15412.1	4185.48	-46854.6	25669.8	6867.18	25008.5	8676.02	-21524.8	27342.3	-12514.4
8000000.0001	-5055.27	-3980.98	-27576.8	-5603.78	-30332.5	-38231.1	12350	36469.1	-485.654	72559.8	-6113.58	37100.4	12144.3	11608.2	2218.59	-2862.92	-6574.66	1639.6	19855.2	-15138.7	1532.52	-9019.29	-24454.4	-14868.9	-1005.83	-39163.4	-30292.7	-4417.15	-6149.33	-36642.3	33029.2	-8728.93	-36120.3	6816.49	7319.81	13903.8	8674.55	1250.32	2536.88	-16816.1	38470.7	-33869	-17517.3	35596.1	-22070.1	-26336.2	26483.9	-22392.7	-12861.6	-17140.3	-5802.07	30878.2	1110.25	54414	-641.502	61599.2	29850.3	-16568.5	-30947.9	-39069.4	24870.6	-19006.5	1618.69	-4393.04	-80135.4	72689	-25469.7	20636.1	3490.67	-27448.7	10520.8	-22441.9	-6740.64	19901.2	36360	46015.2	-2181.34	-23889	13722.8	-33350.9	19223.9	19868	29874.1	37502.7	72123.7	10064.6	-38794.2	-13419.6	-13889.3	41918.5	-9837.72	18180.3	-34494	50272.5	-57456.9	-5300.54	42266.9	7327.46	18323.6	-9440.85
8000000.0001	6575.41	33890.1	-54075	-1068.23	-5318.22	7504.6	-35862.8	-8407.04	39995.2	51237.9	20639.2	3832.01	-30324.7	-46140.6	5503.32	21515.7	-959.941	-2649.99	-50618.5	75409.5	-17205.1	12204.4	-65110.2	-5465.21	-23690.7	-26246.8	29181.1	2578.39	39249.2	-14986.4	-28456.8	-3496.91	24567.9	-48321.4	8944.31	-25257	12686.4	16861.8	-4607.8	-15690.2	-22806.1	-9473.67	3595.78	9822.71	3998.91	-22253.6	8225.4	-38629.5	17931.6	-41815.5	-4140.81	-23674	25044.8	3757.79	-29098.7	-6880.5	-11593.3	15551.2	-7951.87	21970.3	-33364.8	47769.2	-45050.4	34804.2	25829.2	9729.07	28141.1	12880.3	-18756.4	19381	12761.2	26629.8	39281.4	19621.5	18060.1	-23454.9	13392.8	9990.81	7818.03	22973.3	745.548	14645.8	1279.24	-13898.1	526.592	6182.36	-71985.4	-6018.97	-23241.6	-3484.04	10272.4	-13569.6	6698.17	47383.7	34812.4	14278.1	-24478.1	-10798.4	1276.8	2143.23
8000000.0001	-40586.4	45919.2	29665.3	8300.65	42405.6	4137.43	-10366.8	-20409.2	-18668.9	17157.5	-12661.5	-12210.9	6420.57	-24483	7559.44	47685.5	19948.2	-17065.7	21458.4	43059.9	-4840.2	1568.24	-40009	39160.6	19752.9	-41329.2	39083.3	12350.6	-24650.9	-9330.99	27949.9	8346.17	-1030.26	49970.5	-4943.54	660.479	27372.5	-8091.06	-48673.5	12840.9	-33643	-25685.3	8507.3	-17470.6	-261.473	788.288	10928.3	-12974.5	32638.2	52601.5	32241.8	-41205.7	32121	27917.9	-207.134	6357.56	45446.8	-8052.4	11248.6	-38644.6	10995.9	50221.2	42989.7	-17611.2	-2310.8	-65408.5	34894.7	-36320.3	86353.8	24656.2	-65461.3	-298.319	-7457.5	15516.7	-16118.6	5922.03	55469.9	-30111.3	-47360.3	32887.5	37387.4	-17390.3	-51725	-17505.3	-17721.2	39761.1	15065.5	2433.71	-44457.8	-17994.9	15528.9	6429.2	-10620.4	14528	20325.5	-24043.3	-44174.1	12547.3	8986.96	-60574.5
8000000.0001	37210.2	30217.4	18409.7	24144.2	48484.1	5640.15	4297.25	-6030.81	8759.5	30377.2	20496.1	-39700.1	123.534	-4171.57	9439.1	-39610.4	-2573.01	33127.9	26877	8225.8	-11629.5	-5783.79	15689.6	-41299.7	41829.2	41947.8	20261.5	-2812.26	33190.9	-22201.2	20757.3	-20862.1	9113.12	-27915.9	-15323.9	1346.39	2482.29	-47577.5	29794.9	-39969.4	-8943.23	25513.6	-43878	-24436	19963.8	-5700.89	11686	-4111.39	-1299.95	1228.89	30132.9	-4720.79	46252.9	-24732.2	-35584.1	31209.6	31321.7	4632.98	-5029.89	893.046	12610	-7962.18	7261.09	16829.8	-8604.2	33133.9	-2426.74	24504.1	-50345.2	4918.84	-34803.1	2380.49	-13296.6	-21677	35794.3	32134	42242.6	-9010.02	-19782.7	-29442.3	12414.9	-36130.7	57331	22149.8	-22722.7	-2215.3	21909.4	-53271.3	-12768.4	-24327.6	10573.9	-7883.02	-6864.95	-19491	5209.92	43375.7	-54519.4	-17707.9	-26731.3	-13857
8000000.0001	-10109.7	-22156.8	-10438.4	-5018.21	-37485.9	39397	37702.1	42718.8	17161.8	10492.7	16641.6	-76799	28629.8	32383.4	-2194.36	18261.6	-58998.1	-14124.5	-9692.53	4529.47	15284.2	25948.5	-51400.1	6127.27	-14532.7	-15423.4	62066.5	8577.18	9744.48	-15068.7	-9062.75	1080.3	344.567	-3735.86	-28358.3	15180.8	41271.2	7167.69	1849.38	30926.2	17195.2	14183.2	28261.1	5940.42	9585.86	56367.1	13498	-41985	-46660.9	-31717.3	11061.9	-20753.5	1110.93	43052.8	770.584	-35577.1	9283.89	4163.86	-63840.7	22084.7	-6712.3	-8519.01	-26305	1440.59	6803.43	-49228.8	34049.7	23922.2	-13516.3	17488.9	-39285.4	-695.617	40972.4	-22248.4	20862.2	16941.3	36203.6	12470.9	25911.1	59426.1	9860.18	48551.5	-59989.3	-33660.8	-11457.9	5700.62	32982.7	-18260.4	-20094.3	13594.3	-38173.3	4270.99	63868.5	-48843.3	28145.3	-16693.1	-22913.6	-21626.3	6455.66	-4175.59
8000000.0001	35233.7	3316.3	-45791.4	21570.2	-5992.64	-28787	7592.24	22934.4	-5821.73	19088.6	-3068.21	-5675.79	-10305.1	-15367	-1185.26	-24430.2	20750.9	-23374.2	39584.3	3441.61	-33371.2	-44087.6	1571	-14702.9	46781.3	18457.5	15269.8	823.918	-8721.15	52109.4	4339.19	12360.6	-9716.12	488.009	9233.58	-41402.4	-67418.8	28012.6	-35532	52051.8	12292.6	36089.7	-70134.7	3738.5	-2445.56	40583.7	19359.1	18390.3	-4449.03	41932	46642.3	-5252.45	18562.4	-24669.9	2174.32	54961.6	9737.06	52285.9	-25728.3	-54620.8	17829.4	39862.8	29208.1	-56033.3	-40705	-1493.24	-8463.14	-19509.8	-8473.34	-5939.6	53319.5	37309.9	12585.4	48133.4	35048.2	7220.84	20047.7	54561.7	-17566.6	14276.2	11828.6	-11510.8	53978.2	40789.4	-28409.4	28619.9	5307.01	-12324.3	22713.3	24647	56332.2	-21655.8	-43054.1	-14430.2	24526.3	61183.5	17684.8	-3727.85	-7793.35	28989.2
8000000.0001	9423.56	-60617.1	-40188.8	-34908.8	-54587.8	13211.7	-5296.47	-3562.58	-3532.69	-35839.2	11815.7	7574.94	929.285	3062.67	-15222.1	10356.5	36381.2	14731.2	-18372.4	-62138.1	26113	-25448.5	-26272.1	-21307.4	805.933	13441.2	-19850.2	41941.6	45068.6	-10211.1	-12492.9	-3330.28	11611.6	60059.8	4690.55	-1036.56	-20998.4	24083.6	-22162.4	-21114.5	-23598.9	34553.2	-46786.3	8913.45	51632.4	-33385.1	-25238.3	-7712.87	32495.2	13725.3	16761	27226.9	34029.1	-27629.8	-2412.43	-26144.4	2223.87	-33982.8	-5936.3	-26923.5	-4860.42	-29229	9278.12	3824.11	3274.92	17591.2	-10811.6	-15941.6	-30829.5	-13152	53740.8	3268.91	-38120.4	-22416.6	-18532	30511.1	-14082.9	9823.01	-10299.4	-79261	-16976.5	11599.5	1664.99	25093.7	-19360.2	28799.6	41227.4	35058.8	-2483.94	-70478.2	-30140.8	706.367	-26312.6	24638.8	-13270.3	11607.9	1076.84	51020.3	25203.9	-53964.5
8000000.0001	-21389.4	-8059.92	47635	9413.33	-30279.5	14242.8	-1881.25	-29785.4	37297.5	1394.64	15269.9	-8979.76	-35566.8	47155.3	-22411.8	-3427.45	-3834.78	23291.2	-33562	31576.3	-5891.93	17184.5	-28709.7	-30679.9	-29044.9	8365.93	-16114.5	12601.9	-13328.9	4282.15	17134	10509	-4653.44	-2377.82	40658.9	9256.13	-5501.21	-12914	35057.9	-18252.2	-4751.82	-42810.5	-35918.4	7041.92	23454.6	-5123.3	7609.57	35265.3	-48204.5	-13569.5	-5166.29	-19848.7	7099.46	33789.1	-5640.69	40106.1	-25218	8350.91	26294.6	25949.7	16703.1	-28947	-168.071	49751.4	-9260.78	-12232.5	-75064.2	19705.9	-7736.72	13825.6	-378.738	15635.8	-23932.4	4019.37	32605.5	33532.6	17623.5	43350.8	-9578.07	7789.95	31902.2	7400.54	-37275.5	-78.4734	32895.9	3718.13	-35192	-2219.82	21354.4	-16458	-76645.4	-20372.1	-38270.8	2739.28	-23814.7	-2953.07	-18357.9	-43888.1	-3664.64	-20258.8
8000000.0001	3008.86	-2952.33	5781.73	60806.1	-18005.7	-14240.4	8519.73	8401.94	-21437.9	28090	-6444.39	-6234.46	-989.547	-33118.6	72979.7	-626.825	36492.4	9868.98	50918	6773.54	19622.8	-30702.9	15182.6	83040.7	11244.5	-36413.1	7589.47	-6864.53	7289.42	-34573.9	16330.8	-12311.9	-73312.4	-30882.5	-4255.74	-81.0844	27351.8	28251.2	46285.4	-10467.4	-23567.8	16689.7	-9102.55	-71.1563	30118.8	3379.95	48170.4	18587.6	-12835.3	5110.97	9615.78	19705.7	32271.8	-24203.7	-6436.58	-1415.76	-7060.19	-10263.4	23943.6	-39919.9	2258.13	-23267	-48088.9	-22848.8	-15100.1	2044.02	-645.354	-9455.2	5369.97	-27288.4	27330.2	29167.9	21541.1	-62461.6	-31394.2	51421.4	3791.2	-1218.86	-8915.36	-26183.1	4666	73960.1	-11931.8	1637.8	-44105.6	18093.7	12284.3	-15350.9	-16742.5	34610.5	42736.7	36280.7	26400.5	8077.98	-11604.8	57007.6	36383.7	-8699.78	-19380.2	-9187.64
8000000.0001	19351.7	3011.54	27136.7	-9052.72	-4751.88	12005.4	-40217.5	5226.28	-47860.2	17105.1	29881.4	-10290.7	19434.2	-24957.5	30050.2	-40717.9	-72701.9	-16308.6	46442.2	41907.8	33047.8	-4534.82	20250.2	-8317.94	33137.1	-8986.35	7135.56	-5734.47	-6390.11	-20289.8	-2353.36	30700.2	-17878	-24462.6	-10376.2	-30340.4	27086.9	-685.864	19351.4	3160.64	2747.7	24938.4	28048.1	-14212.9	-7598.62	-33880.7	8674.94	-3518.52	333.941	2197.02	-26362.5	21411.7	-22283.8	-55315.2	-9253.5	-9920.67	37683.3	7326.66	2652.86	5889.27	32612.7	-30020	-53422.8	-27351.3	-10639.9	17776.2	17893.7	20896.7	-9548.72	7215.87	-29192.8	-52127.3	-745.461	-55814.6	-29286.7	-66406.3	-19023.3	6120.9	-44565.1	5655.99	-27056.4	16024.5	4823.03	-38959.1	16427.7	-12348.6	-48162.7	12129.7	-1869.49	5178.87	28096.2	-31323.7	2999.57	53655.4	-23665.2	-83569.7	22992.2	-46738	19735	5431.24
8000000.0001	23552.9	-31572.5	-3024.35	-8668.78	-41442.5	27871.9	8843.58	-17931.7	27917.8	5268.58	5900.7	1902.19	6456.68	-7434.64	-37949.2	-24421	42549.6	-13521.3	-29952.7	18294.1	27216	-12865	-30168.2	-36030.3	40735.1	-35763.7	-43726.6	-25570	-9638.25	33984.2	7729.04	-19513.6	-3596.46	-38259.1	33849	-28847.9	-58457.7	34716.4	13832.9	25074.8	-7511.64	-24362.8	65361.2	39932.7	3661.83	-6235.04	-7756.01	10839.9	13548.4	-19422	-16911.9	7935.48	-3943.99	21286.1	-32523.1	29018	2086.16	-4230.15	-44252.7	-18929.5	1269.99	-30769.5	-47702.4	23674.2	11406.9	-8131.5	-20074.1	68664.8	-18051.2	23134.1	-57773.5	-4618.6	9594.59	12679.2	-33267.8	-25799.6	-47490.1	12394.3	56124.3	807.67	304.535	12520	-33658.7	-16784.3	-17185.6	-25589	27594.8	-12370.4	-7610.78	17756.8	7798.37	-27131.5	3646.15	-14016.1	13511.6	7671.22	-31827.6	20327.6	-19117.8	-2789.23
8000000.0001	-33127.3	-7742.6	-6581.5	25857	34957.6	4188.32	495.303	20697.7	-59129.3	-69473.8	2179.2	3294.99	42274.1	23681	-26375.2	-5560.78	-24048.3	4748.84	-33155	-34919.4	-17680.9	-43759.2	10861.1	-29898.2	12445.7	42370.5	801.552	-4255.47	19915.8	6457.57	-14986.5	-22060.9	-234.877	22888.4	-15676.4	-9439.65	-10501.1	23387.8	-40010.9	2380.24	33324.6	4237.57	-12625.2	-13670	45666	7456.48	-35968.3	10467.6	19831.6	-39586.1	-21954.4	26105.5	-2520.52	-39751.3	5531.83	-10053.1	-1855.25	-19379.5	10741.8	2460.37	-6640.6	18680	-14386.5	4483.13	58375.4	-1121.11	-9465.1	4484.97	-23525.1	-18486.3	-3529.15	-27181.8	-37911.2	-4666.01	11475.6	-35017	7626.35	-25694.6	-48914.3	17176.2	3231.21	-39298.5	10791.3	56316.2	-19675.7	19426.6	-14181.7	4658.4	14313.2	-3898.76	45638.7	23917.8	3097.4	30616.4	6562.29	-24546.8	-7397.27	-36897.6	-19731.7	-26432.2
8000000.0001	7631.93	-8025.8	-10163.9	66690.5	-36771.4	69.063	-13373.7	-7961.48	21585.6	-3703.63	35425.2	21047	-36478.1	-9417.14	-31635.1	-12272.6	-16795.2	-26056	-54139.5	12598.4	-15068.4	-32591	5815.57	31309	-46771.9	44620	-8973.85	-37021.6	4862.74	12491.4	-2160.16	73449.2	-21562.1	-33383.1	-15117.2	-38424.7	37684.4	3535.11	-54599.5	3118.96	-16279.3	4705.68	-5151.59	16599.3	5661.58	-38636.7	-11326.9	-12261.6	-22947.6	23912.1	-1358.52	17493.1	45623.4	-12269.2	28247.2	-5894.63	9310.84	-26453.1	-5575.79	-27988	-27118.7	11040.6	38414	5036.66	-15705.2	-832.497	-44951.1	-7124.65	586.012	7102.73	2662.05	22130.3	12910.8	-39946.4	-11567.9	6857.5	-14162.4	-47881.4	-64034.5	-37526.4	20775.7	45835.8	-69270.2	11345.4	29556.2	-45607.2	31910.4	-43516.9	32832.8	32234.6	25023	-12118.9	24424	-10797.8	8854.63	-42258.9	46673	5020.88	21264.4	12244.3
8000000.0001	-26559.6	-15084.6	-48815.8	-60108.1	31887.2	-11604.4	-35344.8	-8308.08	-45088.2	-47188.6	44955.9	-2001.01	90662.3	31511.3	27847.1	6981.35	-17641.3	-15551.4	942.266	10320.7	23640.4	-3113.87	25969.6	-31163.2	-33789.1	2049.25	37471.8	18991.6	-13221	59160.8	-58342.5	11084.3	-17438.7	-3056.15	-11649.4	5084.54	-6929.41	15644.2	-6435.45	-36244.1	15681.9	-21694.1	-57145.4	17674.2	-2063.98	32561.5	-76322.6	-28912.2	-17571.5	-18651.5	-3709.94	26394.5	19613.6	-23540	4758.91	-20132.5	-34613	8236.17	36717	9876.94	50072.3	-14425.6	-14583.4	26504	-42908.5	-15903.5	-43721.5	3436.79	-1141.18	35580	45068.1	6335.91	27209.1	-10450.2	16488.8	-20632.7	-25578	-20610.4	-15769	-6138.95	-2387.23	-7903.44	43477.8	-10187.3	2703.45	60417.3	-26885.2	-10859.2	68759.6	-60025.3	734.042	-24935.8	25206.2	-18340.7	372.826	24119.4	21382.8	24674.6	-24909.4	3610.72
8000000.0001	29220.5	-25042	20056.3	20933.4	752.995	-6509.86	2787.99	-6400.36	-45426.1	26114.5	-28075.1	-16545.4	79223.9	4642.6	-1281.05	2321.89	-51840.8	-24049.2	-83825.9	63143.5	26713.6	-7859.39	-9808.47	16660.9	27706.2	-12295.6	-15257.5	-7999.95	-61794.4	-22314.5	-16684.2	-42303.2	-11155.2	27894.5	-149.345	-18066	8932.55	19129.2	-5273.29	-10954.7	-17707.7	-15596.4	42228.8	-32660.1	-42925.6	-57562.3	-15020	-19779.4	22946.5	-34218.2	-98045.3	-15359.1	2781.02	-32796.6	-38963.4	20636	27524.4	19492.2	-8554.23	-8993.15	-17008.2	9951.08	4674.61	-28870	-27545	-31783.5	35598.9	9721.52	14143.2	-20314.2	-9160.24	-28955.1	26987.9	34340.4	-52791.4	-34894.9	-1572.8	38244.9	-18650	-30288.7	13473.8	37268.4	-24063.5	28669.1	-26644.5	19383.8	-61663.9	-67007.6	-22441.2	-38884.5	44355.2	-26665.6	-5961.43	3995.26	35067.2	-30108	7639.09	-3021.63	-44135.5	-26941.1
8000000.0001	-43740	9843.42	13658.4	-31051.3	-13610.9	-27501.1	-26399.5	-2750.44	12472	-24590.9	31270.7	23690.9	15405	31250.6	-23381.8	-36178.1	48891.8	14681	8449.82	49647.7	-27141.6	-55609.5	-13431.8	68017	12790.2	-10985.2	13057.2	10652	6105.57	18569.7	27868.2	-10899	18927.4	49188.7	5582.84	-12613.7	-50389.6	68764.9	10414.3	-6738.84	45183.4	28024.8	-28728.3	-3023.21	-13815.9	-3827.29	-9606.01	-8013.27	37257.7	-341.75	-31405.4	-2932	-15434.4	-46282.5	12998.8	30350.5	-16264.6	-21446.8	13328.3	1052.76	-31836	1745.51	9431.81	-21952.5	-25768.5	-48927	-37593.1	20816.6	14052.1	31315.8	-31985.9	23465.8	18952.4	25293.3	-29004.5	-5730.99	-6543.01	-7933.99	-42329.6	-37154.2	-14917.2	-29231.4	24262.2	-15134.1	24653.2	-20688.6	32225.4	-1895.79	-28528.4	-32207.7	29039.9	30537.1	14935.5	17588	-4463.3	28324.3	1957.9	8607.09	3343.98	-3768.08
8000000.0001	38493.6	-23403.6	13477.8	5581.11	13670.9	52530.9	-5752.96	6085.61	-20375.9	-32002.4	18427.6	-1976.62	5281.95	18884	9725.94	25640.8	-11959.6	43265.6	-11261.7	-4641.71	-5386.85	-30635	34590.5	45430.6	-2985.45	-20364.9	-22780.5	-2926.69	-51138.7	19032.6	-22518.8	-24061	7343.33	4222.16	11394.5	-17912.8	5429.15	-8353.98	-55952.1	-36124.8	-9567.09	30283.6	-44062	-32759.8	28379	-21937.3	7159.54	12406.7	-42708.2	-2774.56	63243.9	-55858.6	-630.725	-8614.75	26357.4	10139.7	2071.82	-7364.84	14747.1	-12083.5	9116.06	-71139.3	13766	32652.9	1444.15	8393.53	-19982.4	-10588	22340.4	21966.4	10526.4	-36589	-19433.1	7333.17	2804.44	-6183.08	-11968.6	-24871.2	3165.41	-37787.5	7561.34	-7558.87	50751.3	18380.9	-54485.2	-49288.3	3902.96	-7394.41	-35081.6	-17006.7	-3764.43	9537.28	40318.8	15424.6	-11829.5	-51227	2397.41	946.311	11297.7	-14821.7
8000000.0001	50028.6	-24226.2	39766.5	-28507.8	-5409.89	-25873	5846.8	58385.6	-14486.1	49811.4	-816.305	46716.1	17819.7	20626	39976.6	11297.6	-83229	-25334.8	-29306.4	32764.8	39141.9	2799.75	-17958.8	44531.4	38688.7	28670.9	4885.52	7946.23	-48498.6	19976.5	-28200.7	21361.2	14982.5	-7496.72	-20921.8	26700.7	11067.6	-15032.5	-22872.5	-16543	47130.1	23170.1	26642.2	22104	13397.9	17296.6	36733.3	-42216.3	-17181.2	-16282.6	22352.9	-21699.4	7616.39	-34449.6	13738.3	-46859.8	1497.39	-18446	-20546.8	-11402.6	15987.4	7698.54	28578.8	23575	8241.52	-10137.4	28418.2	24306	19709.2	-940.34	10952.7	33658	-1843.3	15704.4	-12725.9	702.163	-33161.1	-43011.3	9047.81	768.013	-17337.8	66442.2	8031.46	-6648.57	18073.5	25998.3	-31239.6	35744.4	41866.5	57864.4	15896	39074.1	4590.8	-14659	11115.3	-65094.4	30651	-42249.2	20892.7	13923.1
8000000.0001	-39897.7	-21172.1	27536.8	-11553	-12976.5	-39342.7	21534.9	7432.76	-12216.5	-73234.7	15991	25164.1	45504	17473.4	22761.2	-31804.4	48008.8	32588.9	45058.1	8394.98	4876.94	44820.2	61060.6	-36951.5	-7923.13	4888.95	-22609.4	61616.9	26983.9	-33613.2	23128.2	-14953.4	-11124	5850.98	8521.21	6868.88	24759.9	28240.2	26371.4	22173.4	7241.45	-17622.8	-21423.8	-10624.3	-32354.9	-39918.9	6736.17	73560.6	9920.74	-21817.6	18151.8	-13662	11339.2	6341.17	-27466	9736.39	-19443.1	20348.8	3058.55	-22981.2	-12831	-24597.9	12968.5	-51754	13446.8	41255.3	2903.47	15513.7	-30279.5	38929.8	-66972.7	45129.1	13813.3	9585.13	49120.1	-31507.3	-15941.6	-10941.8	-22481.5	39338.5	6763.92	-7596.65	184.492	-61947.8	20829.3	-37888.2	-4691.34	2197.15	12453.7	32401.4	10381.4	18942.1	-58057.2	11505.4	-10593.2	17544.3	-34744.4	67577.1	15625.7	13704.3
8000000.0001	638.753	-35007.5	-966.737	-23599.1	-27313.6	-15539.5	-1175.7	-41787	20788.4	-5258.77	19850.7	-20543.7	-8598.71	-6781.84	-387.167	-7746.93	29077.2	-57062.6	-63572.6	34981.5	45082.6	-2805.78	16284.2	-24392	4491.13	5895.47	-22645.3	17664.6	20932.3	-15036	11226.1	-25753.4	31390	-2921.6	10297.9	13658.9	6667.9	-1681.76	1984.3	-9941.37	-1000.96	-17576.2	-41297.5	5356.46	8823.03	-23706	23160.6	-50032.5	-10865.2	14941	-43481.9	44273.1	6858.34	-16785.8	10715.5	50300.9	-35251	-56126.6	-23676.7	17632.5	-2630.07	-22898.6	41438.3	-7897	13545	864.399	1303.59	-36082.9	-22566.7	-31822.4	-15902.2	-33383.4	-20811	44182.3	118.741	21254.6	-7636.94	3339.31	7401.36	-55670.1	22401	-3983.67	14191	-9578.37	-43154.9	-31141.4	-34978.2	30985.5	10605.2	-18750	-40704.3	-1046.81	-64843.5	-29102.2	61494.8	-6982.02	554.411	6318.62	-27499.7	-14985.5
8000000.0001	74637.4	-24615.9	17569	45573.3	54133.8	11719.5	64344	-45290.3	14287.1	30693.7	14464.6	-21600.1	-15655.3	14815.1	2249.1	10465.8	3714.93	7472.38	17204	-5565.66	-3665.43	46105	5403.42	44106	-28809	6221.55	13690.8	24399.8	-4801.87	-35938.5	42230.7	7548.9	33654.7	-20369.8	11994.3	32489.5	27962.2	-100.657	9236.11	17679.4	372.474	5076.52	2575.09	-2325.41	-24694.3	-2762.11	-26349	30723.6	-33347.9	-8770.75	7917.04	-50104.4	20989.6	48620.1	9970.94	48599.8	-49405.9	-36242.2	-7266.04	-22528.3	-26078.9	28095.1	24509.8	15112.1	37162	-24384	-11505.2	-20549	36494.2	10782.8	-12440	5069.19	34723.4	12368.4	-5571.03	-31380.3	-11312.4	-33308.3	13562.7	-16258	2125.8	-3216.66	-2542.55	29436.2	5090.64	-41223	-26506.8	-49949.2	26696.4	351.201	8138.95	-26809.7	37597.3	-30527	51984.2	19117.8	-35113.4	-24085.4	-3956.9	16038.5
8000000.0001	4551.66	11114.2	4551.7	-17718.5	14785.8	-20579	-26827.4	4183.45	35077.9	57047.2	37739.8	10407.8	82951.2	17444.8	3095.56	15438.5	-7344.99	-15386.7	20397.8	50896.1	-8449.46	591.266	19379.4	11172.7	-19331.7	-22942.3	-58854	34212.4	-15340.3	4180.31	30121.7	-18055.2	-31514.2	-58806	5472.18	1488.06	-49705	-50813.9	-3212.48	3956.12	27983.5	-28941.5	52040.6	-20990.1	4762.73	60370.9	-15760.9	-31090	-4725.29	-3434	-32354.8	15215	11633.7	31452.3	16527.5	-17791.2	36156.4	22282	-39644.7	1572.23	540.377	38384.2	3933.37	29984.4	55901.1	-23408.4	51210.7	51982.5	-1965.34	37046	42138.8	13798.5	-28303.9	-16483.8	27010.8	59953.3	-43877.5	5640.88	14437.3	2828.96	20424.5	-12865.5	-14681	16876.8	-8353.28	-27965	11931.1	-11031.8	34956.2	21697	-19255.6	19258.3	35982.5	-45778.4	54599.5	-44635.9	10027.8	49600.8	-46200	7047.22
8000000.0001	28781.2	25460.3	30132.3	12118.6	54526.2	38178.8	-37910.9	12082.6	2431.4	-9512.44	1120.57	67079.7	45626.8	-11307.6	40466.8	-19744.4	-24787.4	-3975.53	9214.12	6222.87	-424.031	26760.7	-28544.7	-14115.7	31201.3	-57113.5	-61679.1	-25196.1	12771.3	26743.8	13746.5	-1010.89	17396.7	-12014.2	-28473.8	-26707.5	4725.86	13856.5	32124.5	-173.805	-8062.5	18552.3	13850.1	-45553.2	9922.29	488.568	8823.07	-28190.4	5026.32	5943.37	-18831.6	85796	-8561.65	-27543.1	-49159.8	-31369.5	-8756.87	-28803.5	34211.7	78579.9	32739.3	-1465.8	-14796.8	18550	67655.3	2317.63	-18438.4	-9279.25	4443.58	7074.19	19931.2	-8185.31	15822.6	45242	57527.4	-32808.4	47594	18352.1	16848.8	-20151.7	32925.5	10108.7	30910.2	22986.2	32758.9	-27068.6	33773.7	891.468	-28575.1	33804	-8669.47	1556.56	-75829.7	-17291.2	49374.1	-9600.93	34753.4	36314.3	-21616.7	-9439.76
8000000.0001	-16427.4	-57813.4	14647.4	1537.05	-13673	8211.74	-17114.6	-17250	28330.1	22680.1	1217.37	-32777.4	-63098.5	-12652	-18998.8	9830.85	4279.8	35429.3	-20519.6	61924.5	-18163	-20427	-11971.6	-1756.77	-34899.1	-16579.2	-73318.8	20167.9	6497.27	35888.5	28826	-16487.8	21804.7	-25721	-39205.7	10041.1	-32234.7	-53468.7	-22958.2	-15728.5	9298.29	18900.3	-15497.8	35900.7	2470.88	-19771	2099.63	-1571.78	-16310.9	24580.7	14736.1	-7271.14	-13018.6	21485.7	-7535.39	-1394.06	-18659.8	26959.7	-42853.8	-1567.95	27326.8	-1888.1	17307.6	3100.93	25577.5	-9690.18	-26509.2	-16839	17752.1	-40700.7	-3444.49	21918.1	-19951.6	-64240.6	-5311.72	25260.7	34511.2	-7232.17	42262.2	-15596.7	28436.4	3560.73	11196.2	59678	-31738.6	13830.2	43347.3	-39975.7	60050.1	-30484.5	-23407	21185.8	3479.78	4173.67	11570.7	25666.3	-45547	3487.76	-25599.2	-20941.4
8000000.0001	-9270.33	29528.4	-26806.4	12104.3	74132	1951.08	-17185.7	-36752.8	23515.9	20.6704	21223.4	-35017.1	20188.5	14417.7	15303.2	-2417.97	8741.44	12976.9	10330.2	15146.8	-4723.17	-30163.8	1549.64	-5495.49	11701.2	-1081.23	-3111.13	-5315.43	-35284.5	47326.6	-5937.24	9838.97	-14619.2	-19904	-23747.5	-1627.35	26488.9	-28490.2	24689.4	-473.265	39524.1	47133.6	-57852.9	21145.1	-28786.6	-7630.81	11883.1	61523.6	3147.34	2661.89	12592.1	-17200.4	-63627.5	-8939.69	30793.9	-74981.7	10993.1	-15161.2	14581.6	-23567.1	-50537.2	812.847	38897	8495.01	10598.4	-23539.6	-25749.8	11865.9	-29448.5	20861.5	54699.3	4568.16	30657.6	-16584.1	18658.2	-17140.9	-23703	-11508.3	48363.5	18537.4	18697.7	26454	-5027.35	15385.7	52245.7	809.208	-17.724	-26517	17309.1	-27475.6	-30107.5	-51764	1968.36	40129.2	-51214.6	6567.6	-10731.8	-15421.5	5133.59	47056.6
8000000.0001	20630.1	-11882.5	-4265.93	47281.9	5260.49	-9633.66	-52256.3	-48620.8	-6558.51	-43498.2	-8686.82	-14142	10293	18856.6	33660.8	4640.06	4785.87	4087.74	-6196.49	-55956.5	5204.66	-19593.5	35252	-24280.4	44480.5	2526.9	-14570.5	-5778.26	-1139.38	32281.6	-18731.7	40672.2	53686.7	-28915	12526.4	11913.5	10926.9	-4939.33	31907.7	43224.8	-9590.85	-23743.1	11068.9	10080.3	31921.2	15131.9	4511.76	33356.6	51472.2	55286.4	11575.7	-1208.02	-7425.53	2263.26	-46070.4	-30224.8	-24535	14253.2	24136.6	16601.4	14522.4	-48433.7	4609.69	16521.8	11743.4	9833.27	-30878.2	50592.6	-40298.5	-13316.7	37501.2	19387.6	-37193.5	-14181.2	-54650.6	-29312.9	-36922.5	-53537.1	-37245.8	7528.91	-26495.8	102.604	-17644.1	-19123.5	-5842.24	18041	-40150.8	14065.9	-15631.3	43587.7	-4870.56	17562.1	-38549.6	26021.8	-48215.8	17280.6	18967.7	-36290.1	12854.6	-847.174
8000000.0001	35768	27783.5	3378.04	-63058.3	-14786	-39150.5	17047.2	35723.4	20931.8	-50713	-2731.74	-13447.9	-45643.9	12248	18382.3	39.9306	635.401	-3755.7	14373.4	26479	-34229.3	-687.741	-2992.73	-3979.14	60046.8	38487.9	20594.5	39062.5	-21217	-13657.7	-21619	-74309.9	6300.1	32625.7	-3563.8	-20862	167.153	8401.03	-20879	10728.5	-28039.1	1893.08	-9675.04	-33671.7	-10131.2	-30780.3	-727.619	21621.9	32790.2	-22163.2	-6766.13	15113.5	-909.895	-62753.4	34076.1	6797.83	-2138.88	-98.2433	-15891.3	-2983.67	32878.5	5045.22	-16086.6	-44702.2	-19195	7822.67	16554.2	-54022.1	-11687.8	-38787	10309.3	-14879.1	-31481.4	1778.77	-3889.35	19855.2	10804	-39722.8	-3135.82	-20174.8	3053.77	-81087.9	20716.8	53772.3	26410.5	4990.27	11771	-14950.2	32276.5	-33821.7	27120.1	-44796.9	-2598.67	-18569.7	14976.9	-94508.4	3847.07	-14074.5	-37387.5	-27423.2
8000000.0001	27183.7	-4602.34	17331.2	410.516	26902.8	-26779.7	-37438.1	973.262	34260.3	-18287.8	20045.8	-20956.2	-15765.4	31324.8	10773.8	32012	-9635.79	-46566.5	-19873.7	-46575.7	13592.7	30141.9	4521.67	4390.33	35551.9	32921	-23383.9	-20847.8	-17387.4	-20452.1	57176.6	-10403.8	-29788.5	43387	-51991.2	55670.4	25426.4	27381.1	9414.27	17125.7	16719.2	10983.3	4654.45	-14447.4	20429.9	-15335.5	-9201.31	-5233.2	-12547.4	5016.76	6843.08	-20960.6	18792.7	-30147.6	-61240.4	-29546.3	33439.4	18629.6	-14614.4	48144.7	-16859.5	-11112.8	56524.5	10395.8	-20693.3	2183.49	-5221.31	-22893.9	28510.4	45211.4	53152.5	-11980.2	17002.5	-32508.8	7788.21	-44110.9	-11649.2	-3434.43	-12761.4	7543.73	45630.5	10294.2	-23802.5	23977.7	6102.34	-16831.7	2861.34	-65639.3	45575.1	-24322.4	26864	-3897.61	5372.29	-37576.2	-4905.02	37530.6	-24916.3	-19009.8	17206.9	-1612.77
8000000.0001	-6237.11	6775.78	-15684.9	26170.4	7953.96	-1748.31	10267	58986.4	12680.9	31840.8	-5600.15	-337.344	52775	2756.1	9539.2	896.176	22087.3	40684.4	50711.4	-20773.2	18563.5	5519.61	27629.7	30304.2	6003.26	2952.78	-4683.61	3862.88	-29936.3	687.87	-19149.8	-23634.6	24969.3	17755.4	-36568	1696.15	1238.6	2901.44	63325.4	-46228.5	1656.98	19465.2	-28400.3	3197.51	-14371.1	-12317.7	-51336.7	505.309	-20625.1	-13522.5	-7239.54	-30419.8	-12164.9	-31114.2	45492.8	-47254.4	-14911.8	28311.8	-1818.57	-12751.9	5009.15	-43662.3	-685.84	-10893.3	9522.57	-4335.88	14439.3	8584.21	34676.1	-31837.7	44429.1	43124.4	-6034.64	-22703.3	-4816.73	12519.1	-847.704	-5843.74	-20727.1	-37290.7	-44817.3	-5420.37	-6424.76	58219.1	-5525.29	28347.7	-20909.5	-28877.9	-44204.3	45511.6	-39308.3	42867.7	13154.5	-13727.4	13721.1	14436.8	18255.7	-25386.8	-54836	43818.7
8000000.0001	12743.2	22723.3	4813.99	18008	9212.85	14476.1	20441.6	65138.3	43671.5	34381.9	-28041.8	-8409.93	-47917.3	-3440.22	-52569	-10640.7	-8021.72	-23642.3	12743.7	-26881.6	-38576.9	50040.4	-11119.4	26863.3	-18121.3	-6088.96	11009.8	2761.61	-50826.8	-19292.7	19963	6415.9	-31269.1	-31143.3	-14842.9	-23676	20342.1	881.085	-3709.74	22148.6	4741.94	54673.9	-43739.7	7054.91	4500.9	-26045.8	-49004.1	-5920.64	-42643.6	-1379.69	-22266.5	17904.5	-44263.4	55373.6	-25921.8	-5710.79	-16433.4	-36609.6	-7050.55	90218.7	-21390	13406.1	15193.7	-4543.91	21110.5	-41814.9	-19715.5	5086.11	-24078.8	-14944.5	-4016.28	22008.4	32213.9	2148.75	-11195.1	-5967.54	27670.4	43374.9	-51675.3	-71271.2	-64435.9	-406.732	-2877.65	-3476.16	18498.3	10442.5	-49836.6	65619.6	5758.65	-160.499	27738.1	-52085.7	37923.9	-28162.7	-4862.44	18184.8	32943.2	9775.56	-10933.9	22265.1
8000000.0001	-50716.8	15855.9	-27809.2	13615	-31375.9	-17297.4	-5662.33	4158.76	10740.7	13395.6	-7844.74	6636	-14644.2	-10199.9	-29137.3	-19792	-13602.4	-24910.5	21036.3	61249.3	-5170.93	10633.4	29404	-8741.79	-24181.8	23777.4	-1439.74	-16237.6	44926.8	-44718.3	-20144.5	54474.4	25879.6	-26942.3	52342.1	-7817.93	-1774.22	22579.6	566.543	2219.4	13966.4	15122.3	-9884.8	-62980.7	-52691.9	20943.7	-756.84	6176.64	37573.7	15940.3	-17756.1	50838.5	-222.543	-27731.2	28521.2	23594.8	-627.907	-23208.1	24536.4	59370.1	5541.52	11916.5	20426.3	28042.3	-22177.1	38266.1	-7092.15	-35142.3	-44975.8	462.728	16059	7819.46	24142.8	62506.2	16851.9	-34992	33886.7	27714.6	21600.1	2862.53	10357.3	-51893.1	65451.9	-43092.3	20828.5	49120.7	-19705.9	14628	10316	11263.2	37214.3	10711.2	8575.31	-24131.1	27748.3	-30837.6	-40297.2	-53165	13672.7	-10460.5
8000000.0001	36029.1	23853.3	29154.8	8207.99	25624.5	9008.36	23314.2	42124	-4741.61	-33621.1	6764.13	-67621.2	-29403.9	12994.5	-34354.9	-26047	-41295.5	-9545.58	281.556	38612.5	-20718.2	-8181.03	-28217.7	-29983.7	11833.6	50969.2	-9384.33	850.512	6122.93	-52819.2	29524	-11996.1	34788.2	-3625.14	194.19	10931.7	-36226.9	-41525.5	-27165.6	39908.8	-49457.9	6884.58	-2744.99	-16771.7	-12122.5	-24281.3	-6522.34	28041.3	4719.03	-13319	-9355.31	-10565.5	33214.2	18966.9	93915.5	56448.3	-13862.1	10713.9	-34385.8	-12325.4	-15943.8	36890	-50922.1	-53314.8	-602.201	11799.1	2001.18	-467.562	-838.945	-20161.3	6835.22	-38168.2	28493.3	5441.03	-62562.5	-43344.7	41050.7	-11853	21606.7	2530.29	-13149.1	-22345.7	-32790.3	-16735.5	-56833.4	-54342.8	19821.3	-41594.5	-54472.7	-28354.2	-39491.5	-15244.8	-38901.2	-47559.4	40593.7	28228.7	12441.6	282.3	-69845.7	-8712.95
8000000.0001	4478.66	62826.8	-41344.5	60945.7	-12.97	-41368	14091.9	28052.9	-3128.57	6621.98	37030.6	43024.3	-29342.1	23070.6	-2884.2	-17751.5	-18571.9	16059.1	-2442.17	4730.68	3752.54	39546.9	-33157.4	-5851.83	-33565.6	-15213.5	41385.8	-27066.1	-77274.2	-7376.79	19320.4	-25179	-4496.48	-35644.5	-20457	25775.4	-15668.8	12083.9	-27142.8	-44020.6	-2895.52	-17788	4677.72	9323.91	-49832.9	42900.6	45934.1	38277.5	-8889.31	-34043.3	10765.1	41641	-42938.5	-60037.5	-17284.5	-9533.03	-3112.79	-31991.9	-16084	6610.24	-42433.9	2918.48	8281.99	13222.4	34134.3	-45874.7	13340.8	26549.4	-16567.1	-27869.1	20542.7	-2202.96	40967.1	-31349.2	10639.4	-44850	-2464.82	36855.2	8672.85	-5474.7	-39552.6	24569.2	13562	-37728.2	14201.1	-11956.1	46212	2697.52	-30526.2	-13480.8	-11440.8	-12693.6	23748	-30314.1	51927	-4420.82	-1048.82	8166.06	6307.39	20734.3
8000000.0001	10672.8	-7067.94	1983.15	31608.7	-15658.5	13701.5	-2777.39	21114.7	-16269.2	-30422	-36637.5	-4561.26	-25059.3	-5225.55	-44057.1	-11698.2	-30060.6	-19173.3	-29490	-17614.9	5466.51	31569.2	1994.08	56425.6	-61392.5	-26409.7	21352	27024.2	-22076.9	35261.9	-43874.7	23612	192.457	-31098.7	20594.7	-5996.5	28917.9	51623.9	16489.7	-79894.3	-13886.7	-39113.5	23053.2	33895.5	-3584.02	11626	5638.15	25024	2931.4	8106.51	46764.7	22569.6	9816.85	-20377.4	42597.4	1408.69	-26886.2	-37489.2	-72267	-18797.8	17127.4	-24763.1	-8384.59	-2360.4	541.296	33032.1	-69808.8	8837.84	-55043.2	3195.12	-10991.5	-1910.3	37071.9	-41018.1	7904.38	-18536.5	-6195.38	-12936	561.691	20767.9	23496.3	31291.5	-1689.56	28660.9	21508.2	-10909.2	-38416.2	269.659	1227.96	14028.9	20926.3	3566.9	35044.9	-52139.8	4999.47	26623.7	-28558.5	36256.8	36230.4	-17206.3
8000000.0001	-43489.9	-165.733	-30664.1	-3859.6	-4438.19	-2579.79	-29394	-28962.2	7661.72	-6656.67	-24301.8	14346.8	-39217.4	-25397.4	37553.2	-52103.3	-9603.06	7925.18	48870.6	18101.1	23383	8139.06	6520.46	79684.3	12014.5	17163.2	-33116.5	874.778	28123.7	60553.7	20116.7	28159.8	73219	-42522.8	-42167.6	-42699.7	7790.24	2308.86	39357.1	-33968.4	17195.5	7755.08	25368	32407.2	-19796.7	-46214.3	5036.25	21796.3	-20021.5	-16553	-61652.3	-21780	6420.56	14382.3	3646.13	-45561.8	13255.9	52432.3	25102.4	-6226.66	-31863.9	27296.9	7753.4	-23487.8	13323.6	-20192.5	19424.7	43046.9	-22600.8	47633.1	-14048.3	-13657.6	-4440.43	-34561.1	2269.83	-27105.5	37861.8	11319	-51324.5	11561.1	-13739.9	11303.4	12526.2	-18692.3	9799.38	58801.8	38164.9	31146.9	-30958.9	11470.8	-30150	-17400.8	33280.6	3803.33	28849.7	-11730.5	12926.2	-46138.2	38087.8	-3493.49
8000000.0001	-10724	13429.3	23007.2	6205.64	-44943.5	-36794.9	-7255.08	42382.1	-595.306	-5194.35	-41052.2	-25287.3	24140.1	21242.8	-4480.32	24363.3	-1964.51	19483.6	25736.8	2047.45	33173.4	-8043.13	-17049.7	2742.14	-1735.22	-2451.27	54031	-36755.6	-26989.5	-34037	2611.32	-3188.07	57903	15031.6	35830	-27987.8	-1600.13	-2741.73	12204.6	-12147.3	6537.02	-11822	-18535.9	35105.9	37268.7	-36181.6	-43350.3	21679.1	2277.33	-33360.3	2370.95	35550.9	944.811	12326	33913.3	5148.58	-36820.6	11850.2	16886.9	-5326.15	1031.44	-37121.3	-34802.5	-39249.7	-33443.3	-25078.3	-23271.2	13113.1	23410.2	65061.9	26206.2	-7350.76	3032.65	-13551.3	-35248.3	-4963.62	33797.4	16166.6	-24617.3	-8240.14	-16176	-40776.8	-6493.97	-8930.61	-7437.1	-7045.39	-10253.1	-19181.2	7146.22	36276.3	9696.99	-7796.61	-4092.4	-13560	-3184.85	14419.4	-13965.3	-11545.7	-6589.18	35682.5
8000000.0001	-5034.21	34044.1	-6152.43	13912.7	-55664.1	45275.4	-12621.8	-15253.2	61429.6	-45435.3	19034.1	25326.7	-12515.1	-20233.6	22642.9	10017.8	-31482.9	-4789.24	-12890.6	4203.28	-18264.9	-39731.9	-18384.8	-1351.02	-2005.41	-12840.6	6441.28	-9096.01	16607	9675.13	-4089.64	35724.7	-9070.16	-33213.3	-26884.1	-25612.2	-17732.8	-71314.9	-16771.8	10517	-8290.06	-27331.7	18425.2	-69538.2	10997.8	-15187	13013.3	-15128.8	-25958.1	33577.2	-16248.5	31182	-26209.9	36619.7	13636.8	18822.2	5631.74	9785.07	3430.84	30142.9	-5494.08	559.716	-18938.5	-1471.51	-10791.2	35541.6	15838.6	39746.4	-4505.76	-29424.1	-1640.67	-9816.95	10166.7	-22076.7	-26226.7	2818.63	-16165.1	25157.7	49974.8	-29361.7	10258.1	49663	-9081.64	24951.6	12644.5	15555.4	57003.6	3390.08	68571	-15583.2	-22620.9	2106.89	-7414.23	28516.3	7894.64	20536.7	-13331.9	-6409.92	23439.2	40577.5
8000000.0001	-11430.2	-13330.3	45517.7	-76400.6	-7743.91	13252.1	-18899.1	18721.1	-14544.1	10284.9	-26085.6	-15400.6	-67427.8	-31676.4	60771.1	22546.2	-50973.9	20320.6	28799.3	-10804.6	12944.7	-57989	-9992.32	38171.8	-430.463	-23476	16249.2	-6033	16669.5	17502.6	22257.8	28043.1	7381.27	-3163.8	-54291.6	2239.78	12908.7	14554.7	-54014	-17849.9	-51673	3712.73	-6750.91	-16605.3	55789.2	-31113.6	-18367.7	-23203.1	22075.5	2630.38	48954.3	20571	-45141.3	17987.2	32494	16077.2	16193.5	11235.4	28262.5	2217.44	13879	27370.9	-49551.5	32798.1	20621.5	8384.08	10948.2	34211.1	16523.2	12922	11895.8	50371.3	14531.2	-4710.54	-36105	-12637.1	-11022.9	36912.2	-14686.3	24060.5	-6136.67	-38542.8	33982.3	-12150.2	48780	18796	28764.3	-34612.6	-27135.3	14189.9	1008.31	-31646.1	26050.6	16370.8	28920.6	-12471.8	6939.73	-18525.3	9547.04	3529.15
8000000.0001	-17419.2	60431.3	-8900.14	-42609.3	-25327.7	31161.5	-14099.5	24748.6	-37088.4	18521.1	-15257.8	7568.44	-12889.5	-29534.4	4914.4	-5470.24	-18751.9	-13840.4	-6398.25	27258.2	-10937.7	-24505.3	-3136.55	-9302.29	13490.2	-12553	-30229.5	15824	10247.9	142.033	9842.2	18217.3	55377.2	1242.92	3734.95	-23002.5	13364.4	-37632.7	20634.4	-19782.8	40119.2	34129.3	90235	-35160.4	25174.7	30890.4	28583.2	16680.2	-6661.86	-1425.04	22823.7	-19981.3	19119.9	29414.8	65031	-11157.1	10600.5	-2775.94	2645.17	26948.1	-11155.8	3561.63	-31128.1	16469.7	59123.7	-2427.15	44873	41066	48260	-81086.6	19908.9	-12185.3	-62113.7	-14427	-10495.3	-8559.66	3247.51	-26935.6	25504.7	-34888.8	-3834.05	7487.83	25711.2	-23149.8	-6285.09	9935.87	28896.2	-52768	4442.83	14602.6	-14516.2	22815.1	24935.6	-2515.49	27556.1	99430.1	-42871.7	9839.05	-2394.69	-5729.44
8000000.0001	34629.9	14020.7	-24828.6	33388.6	3882.16	-2180.96	20283.9	-1048.78	-47998.1	-19024.3	23451.3	17549.1	35182.4	34916.5	16443	32911.4	-28022	-63733.5	4088.16	25768.2	8998.74	38900.5	-2846.18	38955.4	-43626.3	-29999.1	-25750.9	57721.2	-18388.6	26679.9	-6260.46	20717.4	26287.3	-8114.91	-29239.4	4300.57	7968.62	19607.6	-38471.5	19305.6	-17170.2	-28526.9	-13343.7	25112.7	14324.3	18386	-62993.6	42414.7	1779.14	11096.9	-119.443	4464.17	6013.4	5586.31	-13537.7	8381.3	-33806.2	53950.4	10147.2	32252.9	71781.9	195.738	-26055.7	-20978.9	24313.1	-52866.9	-29364	-21967.7	-17477.4	59407.6	-18049.3	8055.8	-7318.19	10949.4	47461.5	17288.6	-96524.3	43815.5	41998	17172.4	34297	-5180.99	-14313.2	11776.4	49520.2	-18550.6	17177.1	10229.1	34324.8	-24233	5049.27	50717.6	-15983.6	-17434	38629.4	15340.7	16548.1	12157.5	-38922.4	8764.21
8000000.0001	-19454.6	-31685.6	-2046.48	-2793.65	66244.5	57622.7	-28937.4	-1081.36	-17661.4	-46163.9	57392	-25261.6	-49428.1	2266.65	-6685.78	-39382.3	-4560.17	-25339.3	-9066.44	-43594.9	-12982.1	47173.7	-14849.5	18156.1	-23289	-15318.7	12871.7	-8293	-3280.35	-8474.84	34828.7	29993.8	-31164.1	-6535.2	-24316.1	47506.7	-35401.4	-67927.8	-31224.9	41490.4	-39988.2	2223.59	43327.6	-8513.45	2743.41	-17603.6	-22409.5	12032.5	-14702.8	-11122.7	3169.06	5955.25	-15006.3	30875.2	1319.57	21854.6	-48134.6	-27967.1	-7007.3	-13889.5	-22698.6	-6282.91	30672.3	-12303.5	-10961.6	34277	-2750.18	-2626.91	-6529.49	-6195.56	53444.9	254.936	-2781.29	19912.3	1173.01	30717.7	-19124.1	8874.4	3510.78	-35.3997	-16189.2	-44513.1	10265.2	4670.58	-31988.1	25620.2	-17679.6	-30480.3	10523.1	2933.22	6786.08	27840.4	9909.91	-1509.86	-27097.4	-26307	40738.3	-22293.1	44052.7	-487.39
8000000.0001	-15482.7	38216.3	-19009.1	-30294.6	-45796.4	-12261.5	20786.2	-6588.26	1239.53	23984.8	-37740.5	-8048.16	-18944.8	-30817.7	-13565.6	21505.5	4538.94	-10867.1	2120.41	-24767.8	29417.1	1255.97	47693.3	-24199.8	26557.5	9130.28	-32919.8	17847.5	8929.02	6452.97	-34578.1	-1663.34	-997.701	-272.418	8050.68	-21695.7	6951.4	-34501.6	-26508	16426.4	-16432.1	-6683.26	-36877.4	18593.3	-6675.3	1652.75	-9129.14	50999.7	-18695.5	181.845	-39276.9	22577.3	-20439.4	-53034.5	-29932.7	8822.49	-25306.9	3560.53	-13575.9	19570.7	92.0724	-14753.6	15471.8	-21466.4	4169.13	-13365.9	37812.7	14032	-13727.1	-16380.6	-88300.1	-15373.1	-38714.2	29621.8	-7803.34	-10980.5	13297.7	-15433.1	-19053.6	14292.5	9950.48	29711.3	2388.26	-27989.5	21229.9	-23063	-39607.9	-10604.5	4058.65	-35692.2	-461.92	14072.7	3464.78	-12101.7	29194.3	-27754.5	42724.7	-10673	-33832.8	6583.44
8000000.0001	-5776.12	-37369.6	5476.55	-58956	-18911.5	-9092.47	24936.1	23.5722	-31975.3	-10493.6	-15672.7	-12585.3	-36473.9	-17502.9	9130.98	-10967.9	-21491.5	4554.55	-17088.8	10098.5	989.282	17126.8	2839.57	-24319	31437.1	-26687.3	-17193.6	37357	-6470.46	17653.7	8251.99	11614.2	60634.8	-44520.4	11387.1	2122.47	30942	-14694.3	-41278.6	45946.6	-57990.2	10301.8	-34290.4	30792.6	54201.3	9833.62	37407.1	35395.8	677.707	-33067.9	-40683.3	18614.8	34583.4	-22457	6238	-2732.7	37689.7	-24692.9	-100.135	-53060.2	-51835.7	2785.69	-21011.8	52254.7	6328.28	-5499.75	-611.001	7484.97	55934.6	9736.77	-12603.4	9331.78	-8574.33	-24715.4	35827.2	21986.8	48046.6	31649.8	-12235.5	28609.1	-8456.41	-29408.5	30689.5	28090.6	18278.6	49858.1	-42530.5	11983.4	50306.5	15678.8	-615.958	-2222.44	1519	1986.17	-24388.5	18184.5	43301.9	-42767.7	-4855	14436.6
8000000.0001	35847.6	-20657.1	-30927	28607.5	-23143.6	-40794.9	48204.8	33674.6	-27006.4	-27579.1	13616	18245	-61701.9	22732.7	-15534.7	18937.8	41932.6	26450.6	25966.6	-4604.71	10835.4	-22762.3	-29236.4	-34186.1	-13271.1	-22298.2	-13317.7	23128.5	-17980.8	14099.5	-6118.47	-53785.7	27201.8	8298.36	-29370.7	-32339.5	-45421.8	27005.7	29167.1	-37264.1	-27359.8	-35969.5	51322.9	-27457.5	-34845.9	39799.2	-5145.09	-7837.89	-32657.9	-72319.6	31894.4	18260.9	-17292.8	-12412.6	20533.9	3942.43	-1936.24	28419	15344.8	58966.2	10595.3	-23819	29676.3	41389.4	4102.97	-568.056	46101.4	-1973.52	28548	-1825.45	27513.6	43335.8	-10527.9	-25144.6	39546.2	9199.17	18867.6	-41995.2	26479.1	12182.7	26561.8	788.152	-13683.3	32349.8	26751.4	2481.66	-63349.5	-13089.6	44078.1	4075.44	-68185.2	31119.8	-17461.7	-1541.74	-2029.39	-33607.4	-32467.3	-31802.3	9053.97	-56899.7
8000000.0001	-20396.3	-22536.9	53193.4	29702.7	17318.6	-15322.6	-20286.7	-9642.66	57321	25461.3	40873.6	62431	3318.95	-12912.7	8276.16	-43106.5	37219	-31696.2	14883.3	-10139.1	-46005.5	-10189.5	25918.4	-43794.4	1939.07	25318.1	32546.3	12964.1	56547.1	-17876	33087.5	36231.8	-13581.4	-25131.4	46.7861	1463.51	3937.54	13699	51318.3	43740.9	25758	34242.6	13342.1	11605.1	-7132.39	24581.9	42848.8	-11749.7	33796.4	-28970.1	-6419.43	-14879.9	-18517.8	-44814.8	-22105	-10795.9	23727.2	-9241.6	48642	22306.1	-22539.4	-24911.7	-1969.31	-12332.9	31007	22696.1	6604.76	7272.02	25541.5	-297.642	68222.7	3452.11	17000.2	-39091	17141.3	-16131.1	-27852.5	-13240.1	32963.2	-75147.3	61033.9	-79474.1	39816.2	36902.2	12838.1	36098	-15695.3	-5714.23	23634.8	-15111.6	52047	-7445.2	5358	-30373.5	35448.7	-40711.5	4225.44	46234.6	65170.7	-15944.5
8000000.0001	-35975.7	12711.9	-12041.9	-4916.26	-14359.6	7455.16	53189.5	691.255	-15064.5	4574.57	17575.3	22276.5	-10993.7	12247.7	10926.6	-33415.5	13419.9	7002.05	-6676.01	-15407.3	68802.2	-3944.78	16864.6	-51767.9	-7269.27	49185.2	33779.4	-20709.7	25632.1	11595.2	27125.6	-25122.3	-27130.4	-5311.3	-36652.6	-19390.9	32440.7	8213.86	25687.9	-20933.2	13179.4	22497.9	15095	11139.9	34017.4	44078.1	23090	15059.8	-15276.7	11842.2	-22779.5	-341.913	4714.65	724.602	-8180.29	-32974.3	40975.2	11416.5	8943.88	16263.2	-20908.8	-16702.7	28199.9	25822.6	25178	-2988.49	5185.76	164.411	-1686.21	2363.13	14322.6	-9977.69	-1296.98	-9608.78	-38750.3	-9653.84	-53766.2	949.04	-2490.34	19933.9	-17912.1	-27269.6	-26018.7	-70774.9	543.299	56838.1	-41125.7	31719.8	-30276.6	-46141.7	-34115	-57667.1	9451	22993.3	-16680.4	-21404.1	-2723.65	-7954.98	-56573.2	10213.1
8000000.0001	21228.7	-27007.6	9273.36	-17015.3	4694.8	-53219	-9756.82	36993.6	39969.5	24518.8	-30915.9	-27179.1	3559.78	-8632.34	38931.1	33742.4	13376	32400.8	23688.5	85161.9	-22372.8	30148.1	-855.856	3976.66	-15747.5	-2440.6	-48390.3	-7547.21	-16899.4	22960.9	23930.6	-6954.8	20110.6	-12586.4	20367.8	-45326.8	1021.37	999.437	-12607.7	13126.1	20393.8	27743.4	3463.74	17.211	-63075.4	-24242.6	46400.2	20423.1	6842.4	-44953.1	-15120.8	4663.13	-42149.8	19626.7	7450.08	-27394	51044.4	11022.2	10328	7341.84	-7000.03	-6674.91	-8310.01	6354.11	-1336.35	8442.49	22713	-1929.48	-38953.6	8568.59	-4122.23	-18284.1	-23084	-1365.28	-22285.4	-2523.26	9047.61	16838.7	72109.3	-18573	1496.76	623.373	26919.6	68736.9	1758.5	13832.6	8634.28	-1678.95	-2399.29	8324.55	27018.9	23998.9	16201.2	-32961.6	-6414.88	-8613.12	-4109.73	-2530.6	36742.2	57713.9
8000000.0001	-17630.3	19877.6	5805.78	37243.5	3511	-46837.3	-7868.45	-33606.3	-44205.8	33483	-16766.7	-20996.7	-20744.4	6022.05	30381.2	-26266.6	29579.1	8121.75	43690.6	-9990.42	-11208.3	16345	33929.3	897.246	1873.48	-10044.4	25954.2	-3514.95	-13924.1	16809.9	47069.4	49510.8	33684.5	14006.5	1819.27	-6672.35	-8472.13	-14297.1	20939.8	29090.2	25852	4938.07	5180.04	-44559.8	-5802.38	34031.5	16055.8	-9531.92	-29365	13698.5	1427.57	-38516.5	-8871.04	-25920.9	19361.5	13015.4	47892.1	-598.509	1290.68	31714	-3556.37	-52474	-27303.1	3960.54	-101.552	2070.01	-33295.9	41147.9	-29431.1	-23400.3	-11122.8	-26165.7	-19898.2	-22697.5	61061.9	9669.94	-26305.5	-35513.9	-17574.8	22122.5	24802.6	46935.1	8082.72	-66296.5	-11506.2	-25233.7	-27522.2	-21310.6	34121.1	75979.7	-12517.5	-14934.9	10490	53806	-18002.1	-4640.61	-19990.2	42042.1	21843.1	20517.8
8000000.0001	5732.42	-515.68	-25208.8	27920.1	3187.13	-45917.6	-5749.21	5939.39	7852.59	-23443	26622.2	-36993.7	-6960.62	-17608.2	29366.3	-27791.8	-10099.3	-29254.3	18486.8	24166.5	843.959	-318.06	6369.76	-15743.6	-8943.21	-808.591	1350.06	24514.3	29020.4	-22023.1	23572.3	17193.1	-12520.4	34571	21272.7	-56720	33024.2	-27390.9	-44473.8	-3901.75	-11980.9	-41331.1	8204.64	3680.31	12962.7	17288.7	-58825.3	-33153.1	-31128.3	-6009.76	77752.6	-23366.5	-16202.4	756.235	1980.19	-14828.1	-17033	-8408.8	-6155.54	-30764.3	27201.1	-29474.2	36476.4	33562.8	-16878.2	26266.5	-7878.77	36559.3	-28357	24935.7	36932.9	167.61	-31888.1	-59875.7	-27598.8	-38260.5	-14433.6	-20138	7991.91	10970.3	-52614.8	-36458.2	29363.6	6782.05	20436.6	68452	-4651.54	-26238.9	-35387.4	11435.6	58896.9	-24584.3	648.457	30479.9	-14756.6	10399.8	-20376.6	-68018.1	-57484.9	-9663.43
8000000.0001	-33098.8	-14291.4	19156.4	-64278.6	-35561.2	39783.8	15084.7	29329.1	1615.95	-46784.1	-8698.83	-9012.81	17233.3	-25403.1	207.192	-27688.5	32148.3	35240.9	3263.51	26694.5	55412.5	-25493	8691.46	-31440.9	-63983.2	-27108.8	-42166.9	33221.6	27741.1	6658.94	14511.4	-965.558	41123	-13658.5	-21291.2	27393.2	-18523.8	28319.1	-55217.5	-29667.7	21945	-25445.7	32696.6	-53369.6	47412	19533.4	3311.08	-4880.86	-7059.44	-18295.3	-25011.7	30508.5	15707	-2581.17	-45166.2	-12936.3	27598.9	9848.8	-21427.1	2458.58	-11254	-25184.4	-23477.1	-18365.1	12459.3	9791.75	-21341.8	25517.6	-2099.84	-13876.7	-24937.2	33922.8	-11524.2	65146.7	16439.2	-24111.8	28478.9	-27497.2	-29416.9	23503.8	-25486.6	-12344.4	-3207.86	7969.71	22079.2	22695.2	14646.5	-7304.14	31810.1	-35339.9	10146.8	-16777.7	35578.4	37661.9	-22794.3	-32170	1905.78	21608.1	-1168.26	4821.05
8000000.0001	38351.9	-1995.53	62402.6	-10069.8	-10706.5	49409.2	26688.9	-9631.94	-9384.37	23698.8	54356.6	4953.97	-8719.78	15010.6	-11875.1	-7674.65	28302.8	43717.9	2242.37	-7427.87	32853.6	27722.3	7834.4	7310.16	46606.8	-26784.4	5003.22	29363.3	-2595.94	-30091.7	-10785.3	-13320.1	2584.21	12382.4	4625.12	30090.4	-13649.6	-14621.6	-10067.9	-9135.86	-1845.6	18390.3	-52485.3	16718.3	71160.8	22777.5	-12036.8	4424.03	1203.25	-8431.98	-38297.4	-30711.9	2337.85	16702.1	18546.6	9708.13	9230.65	14745.5	-57784.4	8843.04	-2919.52	36769.9	-357.554	-232.265	-12374.9	-51923	34318.9	11306.5	-22581	24165.3	-34500.2	19696.9	-23797.2	-10587.1	-56701.9	-31463.5	-56984.7	-4283.51	38662.9	-29776.2	43395.1	-28420.2	-11041.7	3081.51	30745.6	45400.1	4355.97	-2993.76	-11020.1	-21134.7	-9733.26	23171.6	-538.848	129.961	7688.07	-10287.8	-29991.1	-35236.5	-5615.93	6074.86
8000000.0001	-13386.1	13058.3	35759.6	-30130.2	41276	-16212	-27597.9	-28124.8	45066.6	-46433.7	-33191.4	15969.7	47447.8	-6370.39	14820.4	-13447.2	19756.4	-31591	-7107.95	6245.27	6599.93	1437.49	-14560.4	-30789.6	8086.16	30293.6	-43079.9	-58426.4	39712.1	-75583.7	-3622.94	-23461.1	-27281.8	23829.6	8710.55	40611.4	12219.9	-6161.11	42674.1	28311.7	-32905.7	21433.6	19629.4	-55217	-52260.3	2097.02	-10056.5	64331.4	-41234	-38133.9	-14460.2	20830.3	35160.6	18113.6	-21618	-45157.7	-8453.82	6104.71	9010.22	-44491.7	-26621.6	-21337.7	-24059.9	-134.785	37918.6	-43204.3	7296.24	24810.8	-6196.74	-37402.8	-6350.21	-15107.7	10878.4	-9097.98	-23674.4	-15731.2	-8334.72	-28900.3	5665.02	26964.6	35062	27419.8	7287.51	35865.9	-30681.9	-785.429	-38384	-28481.2	-31418	23988.6	34148.5	-41456.2	-17705.4	-14729.5	-3832.71	-62672.4	-26496.2	-17784	-19852.4	-30503.3
8000000.0001	-12815.9	-21641.7	2933.68	-11867.3	-8611.66	17671.4	27618.2	5047.2	11590.8	2448.27	29643.9	15362.1	14998.6	30677.8	-10422.9	10266.8	-12316	63690.7	46706.4	17745.4	3899.46	-22.4855	-9011.06	24400	10040.4	30516	10348	-13934.8	35291.9	50398.3	-15710.4	-12174.2	-20916	-17858.1	-26628.8	-5674.41	-58168.3	15259.7	-16984	-4657.64	-38090	-8980.7	-17929.5	28207.3	4904.58	-3419	14788.1	-28072.1	1438.5	3579.67	-964.406	-25534.8	20737.7	-32795.6	-43922.9	-204.157	-32729.7	-4783.68	2728.4	-36997.2	-12287.3	-67191.7	26875.2	28846.9	-41873.4	-26913.3	-17415.1	41925.2	20381.7	31533.5	30716.1	7423.7	4242.8	-29483.2	-26607.1	-1759.75	8530.66	-36253.5	21965.7	-2318.32	-20718.7	-4449.96	16846.8	-12587.8	15533	17090.1	41423.8	-2825.92	-51196.9	-29538.2	45413.5	9981.31	-2150.68	-26433.6	11048.9	-11979.7	2727.53	20985.6	-31558.9	-3300.83
8000000.0001	-43575.2	-18305.1	-41375.8	-10884.7	-2807.89	-45919.1	8485.22	-33592.4	-5190.14	66490.7	3496.51	-53603.8	26449	6007.53	-18937.3	3692.88	1978.45	-23981.6	27119.7	11777.9	19234.2	13254.6	-23670.9	-1262.02	-5254.57	19789.2	-5721.45	-7223.7	-9171.86	785.778	-43222.6	36084.6	50997	-59583.7	-19513.8	707.099	-21327.2	5497.37	26493.8	-42694.8	-996.823	1982.87	-10395.3	-17367.7	-8099.93	-23919.3	21648.4	33378.9	-3714.14	-28178.1	-30085.8	-22872.6	-12803.5	37647.5	25502.4	-21012.9	-23110.1	12924.1	25665.5	17371.4	-32392.4	26903.3	11221.7	37302.8	-20733.9	31524.4	23258.2	-32029.5	-1492.45	-18626.2	17429.6	29867.7	-29880.3	26185	23301.7	-14892.4	-602.801	-34280.9	-51966.1	24654.7	-13781.9	-21114.4	24528.5	-23439.1	-23342.4	-3683.59	-18466.3	-9137.55	46827.9	6187.57	-11684.5	-39924.5	-9279.56	60758	42704.7	34430.2	-6868.88	-11988.9	-79626.8	-29691.5
8000000.0001	-14904.1	23643.6	-19221.1	-20808.2	38319.3	-69926.4	-2107.04	-18804.6	-37332.9	-505.526	-5743.27	5296.98	-30557.6	4561.6	-11709.7	5022.6	-74255.2	-23860	23651.8	36153.2	19465.1	26025.7	55113.3	-22839.3	12686.9	-7872.24	-6453.94	-57594	-31086.9	-4503.99	8451.58	2672.58	-5583.99	-9121.96	-46536.7	47765.8	-25625.2	-16719.7	9496.45	-43945.2	46884.8	47490.3	15012.8	-15935.4	-52756.1	-48870	-21974.2	28249	-35526.3	-32980.2	39447	12820.4	-190.088	-17191.3	-29877.9	-34331.9	-42462.5	-14780	-26235.4	-34468.9	-45228	-22388.4	9394.87	27212.5	13421.6	-4542.39	23539.2	10492.5	-16947.5	20073.2	-84585.4	-32004.5	-23194.8	-12384.3	-229.474	33115.9	11605	45064.9	-2966.75	25775.1	17079.2	17009.7	19267.2	-41869.4	-59933.3	-7160.87	-29257.6	2474.26	-49080.1	-10228.9	-19945.1	24461.6	15213.4	-2761.23	-12401.6	-36950.7	8763.67	27482.9	-7291.73	17487.7
8000000.0001	-3310.93	-31916.9	-993.362	-70476.8	1449.2	47583.4	-3444.65	23535.7	64515.4	-37142.7	6508.88	-880.846	-59422.5	20318.5	-40581	-29439.9	-4580.23	28206.2	42064.6	49852.6	-34890.1	34210	758.816	-22226.2	19845.2	-9113.17	1391.86	-17474.7	19871.9	17156	-17500.1	52425.2	33044.5	-41158.7	-35183.1	14715.2	-14139.8	-9283.88	-9415.97	-56932.6	21500.2	39728.1	-4055.2	-8362.15	3164.93	-36928.1	-51592.9	19213.2	-59551.1	2259	32630.3	5279.85	3081.16	-9746.97	24390.8	373.521	-20262.7	-25553.7	30353.3	29052.8	-39101.1	3431.81	13068.9	-8934.41	5095.54	23405.1	-55924.8	-63663.2	-14421.1	-12702.6	-32880.9	24604.7	-368.358	12283	-18326.9	50302.5	-22177.5	29446.3	-8078.1	-57947.5	24612.2	-20368.7	-41410.8	2920.67	-28471.9	-27657.2	14602.8	61483.2	16746.1	-21063	-33228	51295.6	-60873.7	17081.5	22477.8	-1294.22	35830	2230.61	14148.6	-4539.05
8000000.0001	-8655.36	-46900.9	22421.7	36439.9	39668.2	-21291	14406.4	-18029.3	3978	26847.7	-1558.12	3936.02	-13782.5	-12245.6	-45956.6	-16854.3	4218.64	27156.9	29775	-19737.4	-23873.7	10656.3	5542.25	-6951.88	-13928.8	-75811	40447.6	37699.8	-38063.5	314.152	41974.6	-11572	-19668	12085.4	-500.459	3116.36	-19255.9	32988.2	16007.5	-26947.3	-26165.4	-85.7764	-5141.53	63685.4	41212.4	-9837.15	2908.52	43739.2	-33972.8	-4782.84	2030.05	7425.47	27511	-9045.78	-12935.5	-17218.9	28955.1	3254	15277.9	-22970.7	9159.61	66551.9	24077.7	-8817.43	30803.6	-32800.8	-11814.5	33476.5	-15749	33480.7	-26987.9	65646.5	42286.9	6744.19	-26607	17036.9	778.794	-19149.2	-43180.7	-50124.8	29310.9	18584.8	-2143.89	-58308.4	-24036.8	-3599.18	61236	-17454	-35768.9	10318.4	2194.33	52095.8	23694.8	-5884.52	13803.5	8352.86	33260.4	374.937	14761.1	75524
8000000.0001	55857.5	-24977.6	-38222.4	-69720.4	4433.85	-23062.1	20368.4	-6304.59	-71922.4	35180.9	-48670.1	22460.9	-5020.29	-88996	-34429.9	-50544.8	23557.2	-9606.64	-26062.9	-15628.8	35140.6	-519.362	-16396.2	14427.9	-23065.3	-66509.5	-35873.8	7643.94	23160.1	1178.97	-11075.7	23764.6	-7093.07	-10540.1	17048.4	15445.9	-22373	-3628.35	-12018.7	-37404.5	29139.3	24376.2	-15830.5	45240.6	-56961.5	12180.6	43282.6	325.854	-32159.7	29449.3	-34169.9	-55730.3	-20259.1	-19632.7	-4400.87	16857.3	21527.1	4999.26	-40301.5	36022.7	23024.2	14232.1	58437.8	-24606.6	29922.4	-34407.1	-9415.87	-59499.8	-27523.6	-11911.8	18046.1	-2094.1	-2086.7	21235	15424	4694.97	-1924.37	-10504.5	38290.1	25140.5	35767.1	6159.3	-45581.1	-2764	-17760.4	7171.46	29342.5	-23359.8	-1787.23	30200.1	-29893.2	-16730	22864.3	19546.9	-29469.2	35759.3	-8409.65	39564.5	283.426	-32875.5
8000000.0001	20341	-12763.5	17994.2	13917.5	-6416.96	25475	8799.88	4267.66	16778	22458.6	-60945.4	-13123.4	-46933.9	-7855.24	60256.6	-24683.1	17594.2	8975.28	-11534.9	-16952.1	-3511.72	32461.6	44593.3	21282.2	-69822.8	-23486.2	6568.58	13073.9	11269.1	-19.513	7512.82	24572.9	28949.4	-21863.3	-12772.5	-7052.55	-11803.3	1783.23	-28134	-16.2045	-38340.8	18457.4	5373.48	-24807.9	26081.1	-5365.83	12565.4	72935.5	16894.1	18161.3	25619.9	41535.8	-18737.7	1471.87	42140.6	-29169.1	-30544.8	-30963.2	-12151.2	37242.8	16272.9	-5370.32	-32028	7952.81	47138.4	14896.4	-18383.7	-23930.5	28175.3	-17543.4	-221.877	20715.7	-12294.2	34306	35880.5	-19368.7	-14056.5	-881.67	-20904.5	1724.98	-18140.7	34245.3	26448	45030.5	7384.48	-22905.2	20365	20499.6	-10990.5	11998.7	-10585.6	-4723.36	-10076.2	-25423.9	-29978.1	43549.4	9930.89	-11986.6	31301	22585.3
8000000.0001	19637.3	-36026.9	45324.4	684.692	4193.49	28333	6147.46	23244.7	-8385.55	23555.7	13738.2	-14730	10151.7	641.219	14907.3	44843.4	15030.9	-33286.2	-1848.96	50751.6	-9654.64	-44706.1	23676.4	36965.7	24344	-41527	-4290.55	40525.1	502.596	42397.2	68411.1	19069.3	-56672.7	-33106.9	5862.94	-65043	25942.6	13832.7	-17147.7	-32702	-3245.84	33189.5	-1142.64	2977.96	42821.1	-44489.9	33074.8	-12764.4	18195.6	-2987.9	32869.7	-4848.6	27075.3	49532.5	823.708	-16817.4	7161.28	-6403.77	-37279.1	-5402.77	16031.7	1145.65	-50885.8	-12609.5	33159.1	32387.4	14297.8	-11154.8	15512.5	17312.7	24514.5	-39472.9	-24906.6	8407.09	6282.44	-34050	-11999.9	25451.5	5239.67	-44048.8	-20769.1	-33235.8	23178.6	23697.3	-40713.6	-30209.2	16946	-28124.2	-38178.7	40367.7	-15947.2	49694.5	-13657.7	15473.7	49519.7	-11458.8	-9466.68	2139.99	-532.707	-10161.4
8000000.0001	-82010.5	-42564.2	-15232.4	18354.4	-10905.2	14793.9	-46490.2	-32190.2	-21474.7	-3474.75	-14669.3	-6650.12	14439.8	15547.8	-12008.9	42231.9	15876	-35289.6	30607.9	38757.7	22599.2	30979	-35638.6	-21587.4	27953.3	-35727.6	32553.9	-5370.47	26395.8	20095.5	-4773.34	-2944.4	-9080.12	-38450.1	13433	43166.9	20534.3	-29489.9	-12707.5	44689.9	24763.8	46148.4	36498.1	5347.35	-47623.6	2663.48	-543.36	10681.2	46471.8	6354.87	-53592.1	8478	8942.91	-26113.3	31218.3	-18493.2	48175.6	22787.3	6045.97	8937.35	-12561.4	-41724.9	-5091.49	41222.9	15547.2	14427.3	16286.4	61101.8	-41965.5	-49772.6	-21536.6	788.829	-3873.83	2351.6	-49570	-31981	-54418.4	-63228	37360.2	-5401.1	-20523.3	31024	33694.5	6441.11	-21807.1	-17850.2	-12482.8	29461.6	-13386.8	-11338.1	-39962.3	-1121.9	26558.5	9419.57	47372.3	26311.8	52871.1	6701.65	-36643.1	-51280.5
8000000.0001	-11811.5	31805.2	-48389	-32609	8671.14	-26471.1	-50439.6	31869.5	26674.3	47487.6	-20795.2	19209.1	-25677.4	28354.1	-13131.5	52749.5	-37984.2	-3810.44	18496.2	-29370.2	-15593.6	67935.9	25896.6	-54928.1	367.325	-92176.1	-10009.3	11050.5	76728.8	-27494.8	8657.36	28964.9	-3466.49	32224.7	-3434.82	43461.8	-53708.4	-13104.7	21231.5	42679.4	2828.99	8953.08	-12144.5	1016.5	26505.9	7466.73	-19844.4	-60062.4	12815.9	8382.11	-1555.49	-10971.7	-1572.23	23706.2	-6770.88	34113.2	-15323.6	-22544.1	58079.1	-10936.2	-14630.8	-33750.1	8206.01	-40832.4	13424.7	-18010.6	7695.99	57335.2	-46569	1685.6	-18081.4	15480.2	2997.34	19201.9	58797.2	8310.32	-75667.3	30957.4	8852.42	1385.68	20413.8	-42464.5	-37120.8	-4296.76	1190.79	-6037.88	19703.7	30411.9	36326.4	-11458.3	16461.6	2625.57	1185.76	-9244.91	-29764.7	-26629.5	-39164.1	3677.76	48410.6	5016.57
8000000.0001	-10155.7	-56177.6	7976.54	9082.68	32940.9	-3149.41	8218.93	-14359.8	13390.7	-27007.1	-16147.1	-18778.2	-6824.78	13987.6	2370.11	10906.3	-19245.6	-27248.4	-23030.5	21940	-11795.6	39628.9	19288.3	-32729.2	-18221.8	1971.05	14921	-38231.9	-45394.5	34280.1	-18800.3	-1897.16	-11897.8	5468.02	10694	8660.66	28681.7	24342.6	-29823	8044.27	-13723.9	-19968.8	25967.4	2159.07	57538.4	10047.1	-9577.83	6012.13	28650.2	-897.085	-18594.8	-6741.32	22464	-7631.71	11609.5	12599.6	-11137.4	-33501.1	-21037.7	-39945.4	-2633.66	22058.5	-13500.4	11581.3	49674.9	34403.6	17278.1	-17173.1	-22509.7	31713.1	-34559.8	-5528.25	-1105.69	4694.54	-43115.9	-15964	33170	6598.18	-104.449	38118	-2988.08	-17508.7	-19920	30991.4	83038.9	34227.6	14704	20607.5	20075.1	18840.7	-14583.7	-13792.2	22132.1	3301.85	16970.9	-27257.9	-18495.4	36805	9704.6	-52457.9
8000000.0001	-15327.5	-35119.3	-18282.5	43714	-24079.3	2802.01	10537.4	-19826.8	-45223.8	7169.44	7357.46	14056.2	7737.21	-11076	25480.9	8690.86	-9870.21	50763.5	1048.81	9432.6	43614.4	37175.8	2418.34	-8829.61	14560.8	-6702.24	17382.2	-12112.8	45548.4	-14015	-41143	14258.1	5534.72	-21097.3	-34932.8	-39774.1	22685.2	-16786.4	19977.3	20026.9	57829.3	9832.1	26470	-6388.16	25907.5	9100.27	41649.7	-8666.8	-43214	-22985.3	19910.1	5815.65	14285	22409.6	12984.9	11994.4	-32923.2	43787.9	35037.2	-6613.09	-6994.93	27202.4	-22954.4	-11620.6	27243.4	4175.09	53099.6	7289.92	-24894.4	-25001.5	26495	54711	17047.5	9971.34	6065.14	81763.5	67880	30299.5	14318	7648.78	67256.8	-6219.73	9254.81	-28137.7	-360.629	-32209.1	26425.3	-27428.3	13210.8	-13250.8	19661.9	19728.9	21781	42937.1	36234.8	-28040	16967.7	-14852.1	-42585.6	3473.09
8000000.0001	-2344.38	35602.7	25744.3	-326.468	2123.43	-30692.4	8232.3	25790.1	-1338.84	-9976.08	28024.4	-1948.27	12463.2	-16739.2	4316.92	-10318.2	-27954	-20531.2	48042.1	821.14	-12948.2	-39836.4	-70868.9	10697.9	-22621.6	12996.9	4264.96	-31075.2	-17511.2	-25241.7	8946.86	-22280.5	-47079.2	16700.3	12768	-49180.9	-11923.3	13474.1	1135.65	-11373.8	-19675.1	19244.8	-24035.5	-43982.5	9837.14	6815.7	-13595.3	-4659.4	-10944.9	-10312.7	24765	12168.6	2354.96	-29985	4379.05	-12732.8	-7673.53	40211.8	24824.7	-24605.8	13408	13484.7	5916.35	-11532.4	8204.78	4639.66	25075.3	-18478.6	7402.76	-20690.8	-6796.47	-10243.7	5255.2	25458.3	-33986.3	-22140.1	40495.2	8411.79	-24070.3	-6561.64	3108.25	44119.3	17304.2	23522.8	10494.4	-39781.7	-38809.2	-59020.4	38865	38736.6	56224.8	4987.06	-42235.2	-9743.4	-22289.4	33959.2	-9801.44	20520.9	-46153.1	-34099.6
8000000.0001	-9709.82	7069.13	-45919	20375.2	43841.7	-46029.7	33688.5	-45771.3	-16976.9	6268.66	-21021.1	35828.8	-14094.4	-13205.5	-17231	-10812.9	12426.8	9017.17	-4127.26	-37450.7	12678.4	-161.902	-9598.26	41889.1	4075.73	-47633.8	-20293	-42507	-4225.91	72546.5	-68828.8	-43328.6	-16903.4	-12906.2	-2925.44	23355.1	45414.3	-2082.23	1604.79	-13834.3	2602.36	56687.5	35312.7	-6796.68	15217.5	-45972.9	49426.2	-23724.2	-34732.6	-7551.98	-80526.1	-51936.7	-14689.7	26820	4818.42	-16629.9	17727.4	-21529.3	5852.02	-14987.2	-21511.1	-20172.3	-27745.2	-33784.2	15496	49829.3	-9485.94	-64948.5	36668	-1329.71	32166.3	2979.46	-47795.7	68752	15276.1	-25841.6	17946.2	-59710.5	19548.2	-29756.4	-4191.13	-23085.4	0.476371	26282	25176	30933.4	-8884.9	-19862.9	-2970.89	53606.8	-31867.9	19168.7	-14519.8	-21228.5	10189.3	-1619.97	-47848.7	-16046.5	27925.9	20505.1
8000000.0001	27538.9	5458.5	32130.9	-6839.47	-18641.7	-2763.9	-14137.6	-1983.35	48928.8	-7349.85	33945.8	-27966.8	5668.71	-16702.3	-11335.5	-56065.4	1832.65	-7487.58	2295.08	-41437.9	12823.6	8485.05	-17370.2	40124.8	-18713.3	7279.65	12803.1	-3566.68	25958.5	24948.5	11564.2	-3967.5	46484.2	-3452.86	24194.4	-38134.4	19024	-13791.6	-69396.5	-6568.65	-50425.3	-59016.1	5463.49	12790.4	-9771.62	-77528.6	2669.4	-8061.89	-24752.7	-39615.3	11888	-7465.23	-70874.8	-25974.6	-22982.5	8436.96	10009.4	-38072.8	4009.48	48260.7	5147.58	12851.5	14972.5	367.131	-8399.83	50482.4	-46639.2	-34538.8	36608.9	11916.2	14636.4	38269	-27097.3	-6322.47	27103.4	-39604.7	-43710.1	25690.8	30215.9	28667.7	7086.03	-44669.1	-34602.9	-2285.05	-31822.2	-46099.3	38365.8	9944.31	-27921.3	-14660.9	37126.7	-24473.2	19915.2	25378.3	15242.7	23598.2	-25734.1	20318.7	56569.1	26726.3
8000000.0001	-16980.8	12500.1	-16768.1	-2899.61	-10123	-6742.93	21078.7	8108.57	17973	33741.7	5810.35	22773.7	-4783.6	-24201.8	25357.7	-23987.9	-11832.7	-6118.84	9862.47	-9454.68	2094.15	58800.1	1646.83	-90301	-6297.04	-33149	-21653.6	-16191.2	-5687.57	23320.4	5022.52	-8048.9	4922.83	18543.5	28135	20924.9	1927.81	417.008	-20223.7	-30102.1	-20061.3	-11861.3	7961.76	31516.3	-26999.5	-17380.6	2557.54	-3612.33	12381.5	-51291	6708.82	17160.5	32953.1	41496	13422	-14925.5	18654.5	-9649.62	-6348.6	-9681.74	24626.6	-1213.25	23827.8	-14262.3	27315.6	28577.1	-71105.7	5908.46	-16275.4	-16904.1	30438.1	58459.2	-76.601	-46469.8	-37291.3	-6327.31	-6076.67	-3751.1	9071.58	34881.9	-22517.9	-15634.8	43664.3	-8883.23	16893	22539.8	-23141.7	-7685.36	-29815.8	53992.8	56612.6	-43830	-30269.2	47398.4	31795.2	3944.95	-17630.5	-16604.6	6390.88	-10820.3
8000000.0001	-48150.9	7263.47	-12726.1	24610.7	-30592.9	-28382.3	-46202.9	23021.5	-5954.07	-15652.4	17173.9	-18276.8	28.6784	-19922.1	32033.7	29732.9	-6953.23	42731.1	-5951.07	-482.83	46321.2	60673.2	-3820.52	-5536.01	-21595.1	-20177.8	18228.3	-23021.7	53854.4	30229	-4508.73	-22386.4	45530.4	20121.1	-4980.71	-5131.02	26039.7	-4479.61	16284.6	-33269.1	23342.1	-8828.2	63429.8	41155.9	9892.33	41077.1	47363.1	-17247.9	-37918.6	9217.83	624.767	18849.3	6656.43	-21339	74331.8	-25371.4	7807.93	3052.69	37090.6	1328.51	19251.3	-3900.24	-1163.4	-5862.17	14604.1	-7492.86	-18756.1	-13647	-30501.4	31746.5	30672.9	27166.2	-8901.93	-51330	59946.3	-16158.7	-11083.6	4207.66	29450.9	43938.8	1584.84	17121.3	23704.6	-13872.9	-27891.4	32931.7	35546	1682.62	-18935.5	7371.81	22103.8	-21900.5	25728.7	2913.11	-16122.7	-26459.4	26714.8	1467.93	-14168.7	-30708.2
8000000.0001	21101	40014.4	-6630.99	12133.2	-11128	704.447	-41707.8	-36054.7	-13039.2	-5827	8086.69	-25511.5	-1555.76	-9939.54	-43959.3	22987.4	20364.5	44840.7	8893.29	22370.6	-19618.7	35972.7	2959.45	20572.7	-33333.7	20550.6	25883.4	18342.8	-5515.46	-16505.4	-7957	12228.5	5569.62	-28544.2	-43286.3	-28064.7	20057	-8711.7	12440.2	34083.2	-31119.2	-68993.1	17784.8	25152.4	48325	-22537.3	-44701.9	33004.5	45834.4	-19431.7	-19673.7	-57444.8	27862.1	18746.4	-72288.8	-20879.9	-3175.86	-48179.3	16939.3	-20073.1	-28808	25927.8	10444.3	11672.5	-23472.9	15607.2	54391.6	14773.6	-23727.7	6568.8	13931.9	19272.9	-8603.16	-18927	-13535.1	-22080.1	48145	-24660.2	-37957.9	-5503.94	24756.9	4356	31288	-41035.9	-4106.94	19299.9	-71122.9	19515.7	15435	14334.7	-413.15	46478.7	14965.6	-41400.3	31170.4	-47246.3	-26399.7	10093.8	-33662.8	-28282.4
8000000.0001	21502.2	-6744.22	-15806.2	-9115.92	-29560.2	-38395.5	-30432.1	16121.7	17403.5	-12800.8	-995.534	-1775.91	13854.4	77127.9	101966	23674.9	-52591.8	20159.5	31281.9	-4708.03	-6087.66	28351.7	-607.259	32353.3	25476.1	7209.31	-16828.6	-2915.98	36213.3	-13343.6	-29146.3	-9594.86	3538.19	46858.2	-14151.6	-45263.7	-45537.4	8062.24	-58215.3	-16167.9	23522.3	32146.1	20166.7	23235.3	-27145.5	28526.7	6466.13	11115	-34961.3	9701.77	-14516.4	-15772.2	9933.73	-3161.04	6380.96	-15570.8	16075.4	-16701.9	-28844.4	-44193.4	-48656	-12190.6	75529.2	-33595.3	7121.48	35082.6	-26928.6	-10991.2	-17167.1	12428.2	23199.1	-22856.5	-24725.3	16150.1	-66844.2	8191.2	20570.6	37324.5	23552.4	-6811.85	-13666.2	7269.66	16949.5	-8396.04	-35229.9	-17219.5	-38796.9	-41159.1	49205.5	-8432.28	-59237	-18727.1	28405.7	30912.7	8065.3	-11830.6	-30305.5	-7438.95	-9641.47	40706.6
8000000.0001	-2573.36	35105.4	-35833.7	14817.6	-11755.1	51008.4	-8582.78	7257.28	7405.69	-28308.8	-3010.54	-41072.6	3158.24	26053.7	9622.98	-22617.2	-4637.48	-14821	-29109.6	18027.6	-13909.1	24492.3	961.467	22591	12328.4	-13538.6	-37438.7	16038.6	-4616.81	-19.0588	-34600.3	23497.8	-9713.16	-42951.4	-29491.2	40507	-13325.6	9618.33	-21109.2	-47816.8	2005.15	-13925	-36193.4	56997.7	-53514.4	50550	45744.8	-32874.4	22192.3	-3228.94	55667.2	-8764.85	4413.01	-8653	18152.5	-21203.8	8441.66	-13707.4	32944.8	-12346.8	-10365.8	-28558.1	22058.4	11579.8	54305.1	-32931.5	6710.87	-14937.5	62484.7	32053.6	3840.21	27686.1	-13196.1	-6359.26	-11600.3	26068.6	-856.499	11594.2	-48438.1	19137.4	-21524.9	31596.8	67609.2	-6240.06	37415.7	-28895.4	6042.63	31938.6	-6524.03	-3318.03	3874.1	-26453.1	-24941.1	-24343.7	-15220	-55875	-9317.73	-59221.3	-20279.8	-69362.5
8000000.0001	2589.95	-25974.3	-8914.06	29134	-526.078	1293.64	-33466	-42854.3	-10160.9	33733.3	-56207.3	-28297.1	27691.2	-33050.9	-9649.86	-11566.2	-8608.44	-3966.77	26403.1	1485.89	-652.619	43280	-60757.7	41793.6	-43886.8	15515.7	34117.7	-37222.8	20794.5	-10291.3	-29975.3	-33010.6	3252.31	53885.6	53440.9	-47880.9	36946.6	36002.2	38158.4	23436.6	8587.46	-37943.1	25000.3	-44037.1	-3056.23	14079.3	-37289.6	-24637.8	-8741.97	-31587	39604.4	-8850.03	12922.1	2338.8	-12667.5	15583.1	-44149	20817.2	21539.8	30888	6159.64	-58538.9	47315.6	-36159.7	-6683.2	21718.2	-24685.8	29765.2	-2.7477	-15046.9	39898.1	-89241	43546	-11059.5	18139	4399.09	13708.5	1030.56	-19681.7	32497.2	26762.7	15323.2	41941.8	-13059.8	-13256.7	23217.4	33576.6	-8751.82	-6187.37	-9837.85	7006.71	-34065.5	4191.5	49611.6	-25104.4	-48508.5	26988.8	-9315.72	7224.01	4542.48
8000000.0001	-13788.1	5051.31	60102.7	15139.8	3583.76	6909.25	-32602.2	48873.9	36856.8	-5484.46	-23745.9	14499.9	29901.6	-27975.4	12688.4	6335.47	11484.6	-5176	-15315.9	-27471	-39238.7	-3611.49	4998.28	8456.25	8421.52	11502.5	8596.13	6003.34	3450.06	-39832.9	-9573.38	11961.1	17660.2	-16866.7	25876.1	-31116.6	-73070.8	-32336.2	35075.9	23595.2	26790.4	18722.1	45098.9	-4276.53	-3675.94	-19785.3	21557.7	-359.041	50062.6	-34184.3	-14389.7	4782.73	13810	33889	-50699.7	8658.08	-1401.47	-35030.9	-15754.9	9415.71	25158.3	34124.9	13798.8	-42316.8	-28037.5	33969.9	19129.6	-73133.5	-30975.1	-9116.74	-12239.8	7988.41	8488.26	-23016.2	51818.2	23153.3	-21598.6	-27331.2	-64292	79215.8	607.503	11680.7	13834.9	28302.6	1447.61	-9855.77	14349.2	36577.7	-13453.4	-25580.7	35446.3	27344.1	7844.48	16713.1	19415.4	-3420.14	54896.8	-10450.1	18259.6	22632.3
8000000.0001	-21605.5	-8059.76	25927.8	-5011.11	46193	-20719.5	-21918.4	11654	-20491	27927	-20111.7	20554.5	45859.5	15480.8	-8528.81	-1521.13	7242.32	11518.6	-25515.2	-49655	-35074.3	-43453.4	-2311.68	-32769	2906.68	35847.5	12906.3	-53939.6	-7747.51	-22016.6	20911.5	40919.8	1658.46	6015.64	-17621.7	-23554	14672.2	49726.3	22326.8	-2036.04	-27719.1	-22796.8	-28432.9	-42100.1	-11335.2	20646.7	-6409.2	6559.16	8799.2	3874.23	-23328.7	-23252.5	15703.6	-41412.6	4489.21	-37949.4	-22295.5	-31416.3	10593.9	-686.77	-15945.1	-3931.8	27.7626	12250.6	43797.7	41599.2	1373.36	-16357.9	1786.73	-29770.4	-7934.63	35226.2	-48789.4	-14977.2	19306.9	36169.4	-53122.4	22404.6	49330.9	-20246.6	-18790.3	17953.7	4670.85	-30142.9	12948.1	-4993.47	68456.7	8572.65	-31499.2	-13096.3	29301.8	-18199.1	20672	-14296.9	18974.8	-48989.6	-61978.3	59471.9	8244.62	30137
8000000.0001	-18581.1	-15406.3	36269.2	-67166.4	12351.2	29365.6	12873	3044.07	22480.3	-47272.3	-8742.64	23097.7	32182.1	40824.7	-44455.8	-19392.5	-20325.9	-41512.1	26273.9	-17036.5	-11854	-12746.1	-49889.8	-2599.33	-12472	23900.7	-6752.25	9682.8	12775	-24877.2	-20847.6	-38368.5	-7190.14	25889.9	41017.5	22102.8	-17335.8	-37965.4	15306.4	31782.6	-21778.2	-1969.79	21280.6	-57234.5	2715.32	7141.64	42746.4	-39109.4	-22577.5	-31874.3	-13223.4	40164.7	-45506.4	-7706.1	-25934.5	10793.4	-36255.9	-25294.3	-8388.7	-9360.92	39767.8	42220.5	-21589.9	-31384.5	29631.1	-34003.3	33124	4994.29	1486.44	40706.7	-10684.2	29756	38480.3	66089.5	-58489.5	4445.85	-23314	-16332.7	-22402.6	-6146.12	59509	29013	41303.6	-40486.3	-35544	-18412.3	-61433	-14685	-11967.2	-6754.74	-62555.4	12707.8	-22242.6	-41062.2	11818.3	23726.5	1117.84	35286.7	-799.893	40291.3
8000000.0001	-4634.72	29617.9	11233.4	38280.2	-23273.8	16588.7	-924.81	2757.7	1224.16	15014.5	17503.4	-11827.4	27899.5	-18805.9	26860.2	23905.9	-20245.1	-21546.6	27120	19888.1	47607.3	-19580.1	17360.2	5921.48	-17104.8	-11634.9	-22101.2	9889.22	-52430	-29153.5	-17015.7	28807.6	-3717.81	9377.08	-40415.2	-25125	17203.4	-52298.2	-2038.92	-58953.4	-29015	-27595.6	-60466.1	5177.06	-41625.4	-6388.53	-11139.8	-436.587	12215.1	22904.5	-54819.6	59673.3	-4994.24	-1841.25	48072.9	-74644.2	20744.6	-30878.1	-11206.2	-5287.75	9917.01	18573.1	-22665.4	-29187.5	-39189.8	-7771.62	-10493.7	50585.5	2486.83	-8180.44	38539.2	-57471.7	-4962.08	29689.8	-37295.3	29195.3	-31907.8	-3416.46	6421.3	25040.7	51769.1	4007.46	9832.1	17562.7	-33805.1	8521.93	9900.19	21168.5	11142.8	38073.1	-4192.69	29771.2	-5914.98	-1436.47	-9753.21	43945	-61475	-7950.73	-7004.28	58846.3
8000000.0001	18270.8	26798.7	10135.9	26120.1	32347.7	-24917	-50594	37640.4	-80316.8	-11520.6	24785	-27429.1	-27184.1	-54954.4	-15907	-25596.3	32156	2544.64	28601	48367.6	-8245.63	-8122.24	-74480.7	31059.4	27782.6	-4849.51	48706.1	-75943.9	-30534.7	-8630.09	6637.43	8468.82	13524.1	24192.1	-19797.9	-11195	6862.81	-32858.9	30587.5	-55142.5	-15767.4	27265.7	-7742.43	-27802.1	-25330.1	-4718.29	-13255.1	22985.7	15463.5	13570	-53870.5	30398.2	20736.3	44377.6	24275.8	-15420.1	-4292.08	-37781	-30420.5	31134.6	2837.5	15404	-15168.6	11424.2	20658.5	6290.28	13101.1	-8912.08	-54739.1	-27399.6	-7806.56	-15335.5	7927.3	9818.28	-47412.3	-28662.8	-24004.4	-28259.4	34569.5	34703.8	40437.1	15959.1	3639.43	8045.68	20837.3	-17445.3	-4416.99	10298.7	46423.7	-12268.8	10975.5	-20199.9	2360.17	-22302.5	-13123.2	-440.146	-42445.9	14110.1	43337.7	1813.5
8000000.0001	-28393.5	54887.6	9002.85	17114.1	-31190.1	-25875.1	-28881.4	1355.6	8786.46	-40349.6	35448.8	37120.6	23980.2	-45512	-26360.7	-23090.3	18257.4	-4807.62	21907.4	-5622.32	-23461.9	-1080.44	13507.8	-44179.6	10122.7	60109.3	-26677.4	15055.3	24864	11159.3	-32049.4	-45007.1	12843	58018.6	32989.2	77974.8	-22844.7	-7741.74	23707.9	5130.28	1261.71	-1591.29	-15034.1	-9552.9	-13065	-6373.39	21276.1	-29832.6	-42730.2	42671.4	-52606	-13598.3	47170.5	28995.1	17534.5	-4016.52	36295.4	-30448.3	-12396.2	2232.02	-22159	82342.5	-14573.5	-9417.99	-29891.4	-2680.59	-2921.37	21505.4	10502.6	35873.4	7286.06	-12320.8	25655	-19725	-25538.3	34049.6	27204.9	50236.9	49935.1	9530.79	-26664.1	-24359.9	36934.2	-30537.7	-4490.71	-8768.19	11586.8	-12100	11145.6	580.047	-8318.24	47954	-3254.13	-36789.5	20005.8	-10154.6	-19474.1	25626.1	32978.1	6461.84
8000000.0001	23219.4	25552.4	22413.5	-25157.8	33224.4	46415	-22191.6	7975.51	55335.7	-23297.1	25350.1	21107.6	-85001.5	18783.1	18366.7	17776.1	-6982.62	-51071.2	-23348.7	-54400.9	13999.9	-22247.5	38106.1	35840.3	55571.5	-754.188	11345.2	45716.6	-1074.06	-46790.1	-2804.9	3765.04	9564.24	-23442.8	8583.23	-501.465	16145.6	3040.42	14769.6	9250.21	1687.18	10626.5	5870.56	19371.9	28495.4	-1854.32	13274.9	26063.1	47.3405	29535.3	-9783.13	-12620.6	-16108.1	-4804.12	16501.7	-32621.1	-31388.4	-62679.5	7409.75	40930	-34403.2	56962.2	282.225	-17278.2	52245.6	-28325.6	-7708.11	10880.3	5967.49	-11656.9	-32138.1	-11898.1	13203.9	-15671.2	-21727.4	15071.4	-27220.9	-40762.7	16472.3	-32074.8	3677.31	-63117.8	-20219.3	-11615.9	-13421.5	54524.2	-2915.79	-40210.9	13429.5	-5415.04	23506.7	58582.5	-16234.5	29861.9	22982.2	59928	25040.2	-7619.91	3982.11	-31630.5
8000000.0001	35872.3	-12168.1	47631.7	12231.1	-10992.8	-6099.2	35184.7	-9005.24	58799.5	-43883.7	15824.1	30049.3	-64329.5	2313.16	32697.9	20657.2	-6027.81	-50641.9	53061.7	29601.2	5458.75	37871.9	-19661.6	34003.6	11811.8	-12301.3	-15880.7	20490.4	26661.2	44271.5	-21357.9	-17548.4	-5854.7	-48432.5	39128.7	-46885.6	-19620	-32699.2	-7324.29	9358.23	-10832.1	610.374	4773.83	72083.6	-17985.4	-22439	23268.7	-24434.4	34029.5	9472.34	6092.63	34617	-19931.4	-14123.1	26241.8	21502.8	15350.7	96720.4	-39583.8	-7006.5	-18469.8	-1368.67	-5065.68	1214.27	21985.3	-24462.5	-11798.1	-43241.2	-27579	17486.2	-51935.5	36166.1	-32953.6	13426.5	25489	15464	4532.01	10148.7	32239.4	44043	1825.51	-107594	-559.22	-22893.9	-22946.9	37963.4	-3996.85	-10452.2	5730.64	-5952.23	-18472.7	-27322.4	5656.91	12934.2	10464.5	83271.7	-26320.3	-25363.1	-365.055	-12392
8000000.0001	-79822.8	-54244.6	-997.954	8452.15	4259.38	-33613.8	18309.9	4035.44	36233.5	-52629.5	15290	5344.59	18859.7	5590.67	19556	46844.4	-313.419	-36750.6	-5223.25	23604	-2470.75	-5045.94	-7828.03	-4842.56	-2919.2	-10735.1	47103.6	23160.9	-5949.65	-1299.78	38573.7	-12753.6	10935.1	-16285.6	41200.1	-6782.57	2893.59	44707.3	33825.5	10179.8	-14067	2109.91	-20173.2	-31389.2	64588	19087.3	32763.9	12667	28492.6	-16075.9	34384.3	-24114.8	-5029.94	4670.42	-18455	-3505.92	16203	-42900.8	-6820.13	-18260.9	-23864.1	9942.48	3977.72	-42200.5	-48772.7	39388.8	24348.2	-46250	7264.7	14665.7	-5277.65	34428.1	-25887.5	-57363.4	-55690.8	-42497.3	4722.23	-26115.9	-55089.7	1263.6	28180	-46568.4	-11462.7	-36096.7	-22212.3	41067	16102.2	5687.62	-9583.42	13453	14141.4	-18305.5	-59091.6	-28568.9	-18544.1	45116.8	8020.62	-19469.9	23246.3	-24045.9
8000000.0001	-30369.3	25004.1	-382.524	33434.6	-8361.47	-19139.4	42851.2	23860.4	3354.96	-6321.95	22789.9	-7073.82	-54064.3	-17554.4	-6858.76	168.96	25747.9	14315.3	-4269.41	-9120.17	7099.72	4954.19	21312.9	14730	17951.3	15787	69674.7	-37116.7	9601.33	-15901.6	22330.5	44849.2	-30498.7	34305.2	-39996.4	-32472.6	-37502.8	7461.6	17291.5	-29492.3	-26532.2	-1538.67	-6758.97	17804.6	-30008.5	-25018.1	1029.26	-13194.6	-44661.7	34357.2	-41770.5	7783.27	-48877.7	16146.4	9799.6	33104.5	-12340.2	23605.5	-39350.3	16807.5	3650.46	23838.3	49125.8	-19442.2	16274.7	24041.4	-32434.5	-52579.4	-20570.6	23334	56696	18237.4	-1249.72	7012.36	25886.7	-19222.3	-5518.72	-11558.3	25682.9	7489.53	8461.92	50219.2	11188.6	20452.8	9147.24	-8782.74	18915.9	14198.6	-13077.5	-23219.5	-21298.4	-59488.5	41640.8	-19012.5	25141.3	-45165.2	21839.3	6336.75	31526.4	17419.5
8000000.0001	-34727.5	30593.2	246.509	41072.3	4168.82	46993.6	-41663.1	8415.77	-46168.7	-44644.3	-2416.22	-7127.71	4068.15	-19684.5	21655.7	-33563.8	15193	-13985	-19857.7	25468.3	-10503.3	-13723	13570.4	3224.18	-38382.8	4332.92	-17025.9	-7739.24	-36178.3	12963.4	41243	21921.1	56564.5	-55167.7	-5646.3	20536	454.809	-41545.8	30474.2	10241.4	-24814.4	-27121.3	-393.073	4242.85	-31188.8	10102.9	-13883.4	58013.1	-11898.4	2365.09	-23800.4	6500.93	5236.51	5683.75	-9926.56	-30523.4	-7215.85	-37903.5	-35784.5	-9629.92	-1254.9	-897.037	-18475.3	-30024.4	-45488.3	-2302.13	9718.85	14913.8	-25494.6	-33924.6	-28867	-7106.63	-13131.2	42980.3	-3975.46	11923.4	-4465.92	11024.3	-43037.1	-18836.8	5626.33	-24982.8	-17305.5	-31568.2	-701.276	1825.74	12345.4	6368.95	43973.8	21765.1	-15788.1	-15586	12054.5	41610.8	20964.6	-31636	42428.1	19243	-5571.5	-47375.4
8000000.0001	16184.6	-37582.9	-50280.7	6538.05	36518.5	13528.9	2884.8	27950.8	10923.8	27837.6	-1108.43	-37411.7	21414	15916.4	10596.8	1982.83	1477.73	-15331.2	-12491.4	36005.1	20105.6	-51142.9	-24492.9	-34728.1	-31993.4	-7869	-4866.74	-38537.1	38025.4	33338.6	22503.3	875.048	24544.1	-15995.4	-7965.25	19208	14192.4	-19196.1	39184	57174.1	-12920	26998.1	-8507.14	-2194.95	-7510.72	-56126.2	-6744.3	-19051.3	8868.97	-87898.3	-29711.3	12778.9	-21657.1	45231	4884.1	-22823.1	6533.17	-28639.2	23863.4	-13024.7	-1729.74	13343.7	-62502.2	11078.1	4769.38	-2125.21	38180.4	-54860.4	-18247.8	12410.9	33162.7	19200	27056.1	-77370.3	47822.4	14551.4	-18490.7	22810.5	-25427.5	36832.2	-5357.88	-4412.63	970.856	-58612.6	400.207	5570.21	41269.7	-8271.05	-49851	-28464.8	29856.1	-10331.3	36069	-1164.33	-44271	-30342.2	53610.9	-78278.9	-16681.3	32377.4
8000000.0001	10863.9	26503.1	-21584.2	-16556.8	-4075.61	931.159	27840.6	-59997.7	-17128.5	-46036.5	25277.4	2253.32	-62472.9	13463.7	-58603.5	4812.83	-2640.59	28162.8	-28132.7	-23773.2	26845.3	-19307.8	10507.9	-7205.03	-2972.48	-35704.1	-12991.1	3410.9	-30859	-23544	-25150	-56219.7	-39258.3	-18422.5	28165.2	24772.6	-18948.7	25732.2	-5747.45	-37467	-403.405	-17124.5	-14065.8	-8143.62	-53672.2	-17402.9	-34838.1	-11643.9	41118.9	7058.16	58367.2	6582.62	37587.8	-4304.69	1026.2	8761	-7369.02	-12089.2	13684.8	-30149.8	-26748	14863	31966.2	46213.9	-70093.9	-18303	-19190.5	-15118.7	-7663.79	-14615.2	38170.6	-1550.07	-40874	50729.8	12275.4	59636.3	-27796.5	-57076.7	14459.9	-41089.9	-7701.02	5271.94	138.268	4682.29	43756.6	11421.3	21772.2	-18015.6	21135.4	-16564.9	10913.2	-6274.43	-32052.7	-28230.2	14200.8	22682.4	-21649.1	-12141.9	57358.9	-29089.6
8000000.0001	15703.7	37407.5	19527.6	-37781.9	-19305.9	38633.3	5850.47	120.431	-67131.9	-55744.7	-30360.7	14676.5	-23225.9	33970.1	-39162.9	32856.4	10482.5	32995.4	22668.9	35946.4	17015.3	12397.1	5899.64	-27520.6	6863.15	29193.5	-43859.9	-7626.51	34417.1	19698.5	-16601.6	25865	13925.9	54444.4	41468.3	45758.7	10631.1	31792.9	-51539	-12385.7	16281.3	-7339.18	12146.9	-12608.6	-31568.1	18552	3655.88	-24032.3	51026.7	2318.92	17714.8	-8961.42	23181.9	19057.6	6480.85	-30068.7	-20003.9	24343.5	45406.6	243.608	-4434.62	19409.2	40203	21344.9	38088.9	-48682.4	-1312.35	-25253.4	3631.46	-42667.9	-17263.7	-3113.42	15544.7	2471.74	-42263	12448.6	-5732.17	4146.18	-12012.9	-4913.77	27757.3	-3414.16	-7975.58	-16242.7	-8610.91	22458.2	-29504.2	43452.7	2534.55	53377	-37661.2	17827.8	21140.2	-10685	39294.1	9212.88	-10893.5	1790.38	24906	39335
8000000.0001	-20218.4	-8630.44	-4513.21	28341.8	-56511.8	9045.6	-13381	5216.38	-34927.1	15577.7	10953.1	10062.2	-19383.3	-3416.94	266.797	-65907.4	-7579.95	13697.5	12579.8	11053.6	-7560.34	-16061	-15509.8	18864.9	11721.2	3426.53	34682.8	-38475.7	3202.65	-2100.76	38602.4	-19064.6	-14347.7	-41458.1	-29697.2	42145.7	18876.4	-15393.6	18590.2	-33168.4	-32588.2	-14458.7	47973.4	-670.855	-28055.5	16696.9	-6226.1	20447.8	-25752.5	-13875.5	-23768.5	-13418.2	34010.9	1047.62	9592.81	-7298.08	-28505.4	-50216.9	-30622.5	2556.47	-5763.29	44621.1	-87099.2	-27425	40590.4	5529.9	-48623.7	9938.17	33694.3	64904.3	85293.6	4786.29	-754.452	-44466.5	-18765.1	33801.1	-38146.9	63700.5	-2102.35	8657.84	18910.7	-8621.72	11982.4	-54355	11318.5	42421.2	70298.8	8951.04	-44931.1	1559.74	-13732.6	-10949.1	-55107.4	-26303.6	10017.3	-6714.21	-14928	11004.2	-7310.29	-9611.74
8000000.0001	49810.1	-1187.44	-13161	10784.3	-36653.9	29050.4	21848.4	-19086.1	-25929.4	62918.4	10106.1	-64538.3	-6952.41	-44126.5	19466.6	-26847	698.409	38547	13850.3	-10087.6	33576.5	53632.6	-31687.9	19039.6	13784.8	38266.5	6961.01	10397.1	-19092.9	3870.73	-41311	-41546.4	26579.4	-43624.3	-13938.5	-9603.88	-20861.2	66747.2	2731.06	18548.1	-15768.8	-59262.1	-38145.3	636.427	15228.4	6075.78	-64302.7	-51918.4	17868.4	-50428	-14767.4	-14336.2	10840.8	2438.62	18116.5	-41143.9	24206.6	9774.64	-34520.2	-24023	-15985.8	-13180.2	24651.3	-1289.28	-62332.9	22108	40774.3	-26937.8	-4646.11	20914.1	27872.4	221.209	-62915.2	51391.1	-46435.1	35736.6	29220.1	10484.1	10859.3	45184.1	-21087	24275.9	60564.8	-12254.8	51969.4	7670.19	-50059	51070	-5344.23	-9231.94	-32886.4	33196.7	6901.29	63814.3	-5588.78	-6782.98	34886.7	36175.5	18516.4	-2296.9
8000000.0001	-10063.3	-58401.2	-12712.5	-40423.4	-23961.5	-26800.3	54846	-37366.8	13344	10312.3	-43820.3	-20765.4	2718.04	16090.3	-20523.9	-9349.42	14240.5	-7941.81	-8950.25	7997.41	36570.8	-57628.4	26226.9	-25449	-2519.59	-27598.7	-12412.3	10810.2	32480.1	13159.5	-15677.1	-2530.6	-6479.32	54416.1	22906.2	-29538.3	-14636.6	-22013.4	-27307.3	13021.6	14646.9	3598.35	4110.28	-35121.8	1721.41	9010.27	-68111.5	-7088.11	-13707.1	-17360.1	23218.6	36720.2	56334.2	21318.6	12696.7	-26280.3	62241.4	55727.1	709.832	-6250.46	-1802.76	32008.6	3242.58	36356.1	45684.2	-36343.2	20220.8	20208.2	-26197.2	77486	-11334.5	4158.31	-10898	5748.17	69875.9	40313.3	54763.1	36720.8	-55988.4	-54643	-18534.7	22455.4	-42459.4	10360	-19613.5	12789.3	-19069.5	-16621.9	28937.4	16851.7	-2442.59	36199.6	46783.3	27072.7	25564.3	-32498.6	-6957.72	63817.3	-1801.06	-2718.57
8000000.0001	40829.7	87703.1	11750.3	-14855.4	31845.5	3126.22	39060.8	9893.41	17646.5	32662.9	29835.1	-37338.4	38416.5	13689.5	-22473.1	-16895.5	-7991.67	2501.59	64489.5	50187.7	41554.6	-10042.4	-59155.9	28311	-55408.8	9022.94	2776.05	24902.1	-3468.53	-30158.9	-9589	-12827.8	14166.1	48541.8	11512.6	-25102.1	8787.61	316.365	24042.7	3411.22	-26799.7	9439.65	61217.9	26873.7	4638.9	-48593.7	3585.36	-17844.2	-8398	5262.16	8291.18	32029.3	-66741.1	-6923.92	-45475	21727.9	-23373.5	-17827.3	31880.9	-3388.51	-47442.5	31502.2	37245.9	-53746.2	-6076.55	-18463.7	-14482.4	-6074.95	56348.1	-26758.4	-8451.74	-7208.31	79775.1	-13645.2	-2735.76	-48599	-3465.37	24398.8	597.099	-4828.43	-43590.6	-11651.7	32784.2	-27137.9	-303.538	45537.5	-15683.9	16251.3	-15978.7	14191.8	64153.1	-10877.6	-77045	16564.2	18568	37564.7	-8938.72	-62166.8	18722.5	-26018.4
8000000.0001	11932.3	12651.3	-18032.4	-9260.89	21995.9	-76715.4	15678.9	47724.5	-25941.9	-51357.2	27618.9	8262.46	-14516.8	-31066.1	-1094.72	-44006.4	46109.3	-11024.9	10174.3	41487.8	-20403.6	4390.96	1385.2	54825.8	-20230.6	49592.7	-46272.7	16784	-28840.8	-32911.7	8952.36	1224.21	-18967.4	26642.5	-7432.29	6183.02	2616.12	12609.7	38923.8	23118.3	32765	-20306.7	20253.6	49464.3	34525.9	34648.7	44490.6	20318.3	37118.6	-15691.3	-18199.1	25976.5	14382.4	-1537.58	-24547.8	36799.8	-47202.8	29487.5	-8363.01	8599.29	22047	24469	34455	15475.3	-22099.6	20351.7	-12662.6	-16245.9	-53216.6	13390.6	7418.3	29388.9	43547.8	-16481.2	-12092.8	-26607.1	-88079.7	-25032.4	-1578.71	46118.2	9295.06	-9083.4	-8055.44	32155.1	33335.9	-16960.3	-21190.1	-31994.8	7997.41	36524.6	-2701.99	-5479.86	-4799.77	16787.8	-32496.9	36779.4	-35142.2	-10699.9	1349.42	-91533.6
8000000.0001	15532.5	3279.96	36984.8	7887.15	7527.22	1268.37	30466	-39262.1	18887.7	-35838	18704.3	-22270.3	25822.3	30203.3	4647.85	26798.7	-56518.4	25115.8	29783.3	-55161.9	-8725.33	-23819.2	20097.8	-1411.87	49100.3	-2934.83	16770.8	43612.3	17372.6	8774.4	6248.35	-15477.4	45640	11839	-25134.7	-20906.6	8435.28	-39245.3	-28195.4	-34903.3	57200.9	-64710.5	41137.4	-11380.1	-19640.9	28995.4	17626.3	38104.8	-17421.8	2906.99	-30068.2	52268.3	-12917.3	17429.6	19407.2	-10739.6	7013.29	2824.06	-7158.6	58435.2	17677.1	-25579.6	8967.37	42614.3	-17675.7	-5910.37	-54475.9	24262.2	-16905.5	-3741.97	-54953.3	26890.5	-18272.2	24139	-5085.79	-20678.5	22195.4	-52759.2	-909.908	46763.4	-2334.23	-21067.1	-11391.1	8178.35	-25317.2	33930.1	11031.5	52167.8	-18776.4	-99010.9	69276	-55294.7	-15997	12318.9	-20108.7	-29511.1	14088.9	-24906.9	32748.1	-37098.2
8000000.0001	11640.1	10473	-21981.8	41375.8	-16789.8	-17269.7	-10750.8	-7580.57	-11845.9	19222.9	-51660.6	-19768.8	11267.9	35018.4	-365.095	18064.4	-21638.6	27179.5	-50799.2	-5611.09	8941	-17995.8	17146.6	29956.5	1694.53	-11612.4	-50892.7	-12859.8	-62006	33433.7	3907.8	22339.5	10603.1	26107.8	-26397.3	6271.41	18999	-6521.55	31027.7	-15745.6	34039.8	1058.06	-14218.6	-62324.9	-23714.2	-548.981	-16817.4	16920.1	-38142.8	6498.03	43226.2	-4251.85	-51135.4	13730.6	15611.1	60825.4	25258.7	2440.29	9867.98	-2125.13	-23350.8	-11828.4	20901.5	-36147.7	-7281.44	28892.1	-9799.3	40751.3	-8229.42	-2035.19	-33404.6	48134.2	9992.9	5538.49	50022.2	-7176.71	-41116.5	40090.5	8347.5	55823	42322.9	-12178.4	34370.2	20850.1	-34572.6	54387.3	-10021	-36140.4	-12213.9	-21419.5	4859.1	-12421.2	-15155.3	-14707.2	-7610.25	38595.7	38156.2	-12035.5	32764.1	42804.1
8000000.0001	-7879.39	-7374.99	-37805.2	33275.9	-7124.56	-15627.8	7429.79	-50766.3	10375.7	-1845.49	352.408	-23974.1	-5504.16	-40351.7	-14158.2	33340.9	20677.2	-50250.3	-34493.9	-60765.1	29428.1	-18200.7	-6275.61	9282.18	-35017.6	30712.9	-2357.17	-21307.5	360.087	-26023.6	2748.3	66410	38504.8	-11667.6	5548.93	-30538.7	3796.44	-32230.4	-2110.86	-4706.34	-43863.2	19082.3	-50526.3	6931.68	-40521.7	-34111.5	10713.3	-677.599	10725.9	-46422.9	-54074.2	-10836.6	-21936.5	-16887.8	44124.4	21876.2	12494.3	11604.2	37001	-37262.2	-30511.8	-103.574	5307.98	47893.3	-44248.6	3266.73	9029.06	-7669.36	-10107.1	1775.65	12254.4	-23830.5	33814.1	-9287.96	-7175.91	24315.5	-45321.7	-36430.8	-46537.6	-26928.4	-50353.2	38478.9	15144.6	-10768.8	-17826.8	20944.5	21289.6	3878.76	-21789.9	10009.9	9243.36	4551.06	19730.6	-63271.9	56636.8	-30647.2	23593.1	9995.59	-28652.7	13574.1
8000000.0001	45552.3	33315.2	-43255.9	28786	15507.8	15932.5	-39082.9	19271.9	-37833.2	11245.2	-40964.6	2004.45	-36712.7	-17537.3	-11618.1	8024.03	-20580.9	27304.5	30771.7	26023.6	-47599.6	-20851.7	-12782.7	14427.5	-873.333	8509.62	-38537.6	-24164.5	12341.3	-14324.6	25426.8	13996.4	-33207.5	-9025.38	1232.31	17075.8	18141.4	-13064.8	-4967.71	-30086	-14512.7	-25615.3	-42230.2	23925.8	55727.8	-19751.8	4600.4	35893.2	-11543.5	15714.1	-3257.8	-70447.5	-28449.3	-11086.8	-3770.65	-28734.7	-4824.32	-12340.8	-28620.7	8221.44	74006.8	1428.17	45227.3	29347.7	8008.87	48413.9	12137.2	3563.67	47378.4	40946.5	-19689.1	-48261.4	-2905.49	12800.5	36314.9	73550.1	17552.1	43640.8	-5528.56	16465.7	30454.8	-4200.3	-8059.13	-27999	32723.8	1949.6	43185.9	-1695.59	14559.6	-6947.35	-2224.12	-1496.79	-3087.2	40320.2	33860.5	3912.83	-5640.91	7407.1	-30912.4	19691.8
8000000.0001	-5260.12	80.3254	-66058.9	5986.57	26371.2	56513.6	12587.1	-19994.4	-56392.9	-16407.6	14240.8	-60376.4	-64491.7	-21283.6	36090.7	23464.3	10014.8	-28398.1	-36117.1	30460.5	-12878.3	14569.4	17014.4	30057.4	11297	12302.8	26066.8	-26136.9	14810.9	51537.6	8148.24	32108.1	48595.6	15076.5	-4960.22	-80964	-34577.6	16954	56769.5	6479.27	15254	-8731.58	-4226.22	315.544	-15618	-4458.23	-54648	-18210.8	-13764.8	-16060.5	27609.8	24939.5	-37381.5	34936.9	20993.1	588.147	5655.09	1228.7	20584.9	-8342.16	-41750.6	7114.76	-29625.2	11536	21440.8	33213	23106.1	-20221.9	-6986.83	13586.9	31749.8	-316.152	46450.3	19164.7	-9986.36	20167	-5524.78	45308.9	49094.4	2438.87	-6888.98	1904.25	52068	13013.4	36811.5	-24480.8	58119.7	-2031.54	8891.87	-6403	30714.7	37487	62748	-11408.9	7009.2	-25594.3	3273.19	6682.13	25641.1	-4062.38
8000000.0001	-14769.2	-20835.3	-21569.8	-10146.5	-42619.7	-310.794	69799.8	-12783.2	-2147.68	36039.6	7611.78	9526.01	-2372.84	41898.5	-4504.72	30801.1	24264.9	18205.7	7583.66	11184	-23131.8	-37342.7	-18549.8	-19482.6	32345.5	2985.23	28377.7	-5921.45	40755	-37565.4	19001.2	41046.9	49397.1	6229.15	67068.1	9619.76	-44946.5	-24326.6	-7667.27	-36136.7	37148.1	-25039.1	11557.1	61565.9	21846	672.026	20152.5	27508.4	-14226.6	-4112.57	-21444.8	-20166.6	26963.1	-13777.2	-2452.98	34042.1	5566.04	27523.8	-6360.82	66428.4	-10072.5	14981.1	15084.5	-98924	-6116.19	41901.8	399.622	44986.3	-38430.6	-32138	4476.93	14162.9	10125.9	-1217.48	3770.47	-32610	18468.8	-24453.4	-1116.72	3661.53	43406.4	-38956	-23219.5	29487.7	-14078.7	-18400.5	-37099.7	-12675	-23524.2	-5366.18	-13363.6	-8986.34	13545.3	-12398.5	-28240.8	-15930.5	29603.5	-4434.33	27136	26582.4
8000000.0001	43581.6	2030.25	9096.6	-33062.7	-19784	-5665.36	-31314.6	67979.5	44050.1	-37311	-39149.5	-31583.2	-37511	15690.2	1008.97	-10392.3	21431.8	-1453.92	-23113.5	22006	26925.4	27667.5	25516.1	-9387.55	-22380.8	12.6586	15472.4	14473.3	-3311.67	24193.3	-5020.55	-10393.9	20780.2	26668.7	13465.5	-1506.91	-15460.2	23240.8	53866.3	1368.17	-35371	-2550.34	-21913.5	17718.9	93169.7	49351.9	-10923.3	34285.2	-37180.7	-12228.2	12207	10759	-35973	-20826	19584	10933.8	-10340.5	-70098.1	759.602	7940.5	-18395.5	22449	12977	-13281.7	-16497.2	8048.36	13626.2	-36451.4	-47333.7	4113.86	11302	6235.61	17593.4	37888.1	-3528.89	-899.786	19995.9	-14535.1	-25319	-18686.3	12736.7	-17427.5	-48198.5	-5895.56	-16673.3	6941.2	9373.53	2.48799	-12662.3	41757.6	20453.4	26136.9	-13817.9	13777.9	-15762.4	-59461.3	67047.2	-1680.59	-41976	-46783
8000000.0001	33344.3	52497.6	-5023.6	107710	-9096.7	7770.26	-4882.31	-23315.8	-36852.9	-26735.7	-10850.7	24713.9	-27867	22551.3	-31292.6	18106	-17263.4	-40753	17057.7	36955.9	46200.1	15611.1	-17319	3928.76	48734.9	-20535.3	69077.4	-13224.1	-54851.6	-11503.8	-3575.6	36405	-30924	11191.4	-47815.2	-7934.89	45901.1	17677.4	-9668.83	-6430.48	-33670.2	-15089.4	26940.1	-6908.55	-2692.21	-29136.9	-27666.2	14366.9	1464.26	33624.5	-43009.5	22770.2	-33212.2	-41698.3	7969.02	27292.9	-29549.4	27000.6	9056.14	-27416.4	-18973.2	24819.8	-14214.9	50039.4	-48167.5	-17796.8	-48760.6	-20531.4	29387	-12958.1	-13763.6	1262.26	-23478.6	-17204.5	-2303.46	-29703	29823.7	23481.2	-9075.15	-16746.9	-41155	2291.36	-52162.8	58218.8	18069.8	-19678	3297.79	-17188.4	14975.2	20404.1	15748.8	6892.5	67166.4	-82.1596	-37686.1	-4573.5	23769.7	-9167.16	27909.9	48122.6
8000000.0001	2098.73	-17427.4	-31122.7	60947.9	4810.4	30346.7	-44212.3	-9686.27	-23029.8	74301.5	6301.83	27495.3	-18409.1	10243	52991.7	52491.7	22416.8	-13780.4	22818.8	39679.3	39520	-930.067	-16572.5	-12642	23034	-21123.1	36926	17328	9826.89	-57448.9	7460.87	-12795.9	19335.5	25315.9	2412.14	15975.6	17168.2	-6338.24	12888.9	-15347.3	15904.8	5631.44	-34125.2	7642.11	-9543.65	-8777.27	-44384.9	23941.2	-18367.4	26842.2	-14830.9	12237.1	-58402.7	-21905.2	12454	-14029.3	50124	-46174.3	-11760.4	41234.9	-10874.5	-26062.5	32857.2	34431.2	-18358.1	-36860.8	-66401.7	24782.9	25185.1	-19871	82457.4	7846.5	23356.7	1400.23	-41106.2	-10406.2	14314.7	-35840.2	22115.8	-39077.7	32581.9	-9836.29	22631	-9150.76	17752.1	26984.9	32134.1	8596.75	8531.54	-35580.6	-95180.8	13770.5	-33598.5	3448.22	33512.3	-9611.09	28120.9	-5003.58	26024	18427.1
8000000.0001	38117.7	-12233.4	1205.14	40995.9	8681.21	10704.5	10797.6	23648.7	29728.9	23471.5	-34353.8	48592.3	16022.2	-1445.9	47334.2	16924	70868.7	30708.9	-9987.23	-195.178	24479.7	44952	-24698.4	19098.6	16051.3	9144.04	3146.69	-34863.4	-23044.2	-16433.7	-1029.35	6878.04	-35412.8	-65335.5	-13589.3	23573.5	32750.2	-3450.99	-12.8744	-8012.02	25974.8	6395.68	8999.66	50615.6	30699	1543.96	-4036.72	-38901.9	22654.6	-30398.8	34342.7	-27551.9	-2001.31	-48911.3	-19917.8	-42324.7	-26022.1	-6507.1	-6460.64	-16169	-13005.1	-40561.7	7373.69	-22830.1	-11587.3	279.636	28219.6	41795.2	-23766.8	56398.4	7372.01	-32750.7	24384.8	-521.208	-23208.1	32821.3	-11260.5	-559.614	10042.4	32725.1	-58836.2	-20417.7	30571.9	3503.66	-10268.2	60442.1	38189.8	14914	-3454.73	15388.2	19605.3	-9955.2	-4290.31	36051.5	6096.13	13510.8	27318.3	16182.6	-11919.6	19002.4
8000000.0001	7840.3	64924.6	-8471	-39744.6	-20478.7	13214.5	67978.7	10326.7	-34618	3018.79	-57505.4	23206.8	-7152.66	-17459.2	29374.7	-32988.7	-16466.4	31989.6	14311.8	28638.5	-23249.3	-32400.1	-30268	-38576.3	-13119	-39756.6	6180.79	-4782.92	27.1481	27411	26812.3	-8408.66	42880.2	-31618	25816.2	26941.1	29477.3	13241.5	55368.8	-3110.08	5808.19	-8803.81	-59384.6	-33389.8	-13865.1	-6450.88	3664.99	26321.2	33042.7	971.327	-12643.1	11027.8	71074.2	3673.32	-9911.53	-21417.4	18103.5	-9952.2	19648.5	-15904	-7175.52	-8151.42	-49994.2	5840.44	29528	35071.2	416.622	-2442.82	-35201	-46998.3	3756.92	-39852.6	33642	13380.6	-4521.88	-33344.5	30679.7	-22849	-6865.99	-76281.2	22732.4	9080.71	32891	-3668.93	-21425	-22210.3	30713.2	-51809.1	3743.16	8345.35	1617.83	-15341.9	3825.52	14857.2	-30593.5	-25725	3654.71	-58173.2	-20170.9	37386.3
8000000.0001	-15680.9	30582.8	-39852.1	-33580.9	-52264.9	1037.09	2652.27	-7972.82	-7016.19	17185.8	-7487.1	-25024.6	-20939.6	17800	11470.1	27555.9	-7131	13834.8	-18716.7	43073.1	12129	-18336	-12570	33728.6	50569.8	-17500.5	-19864.7	62429.6	39256.1	-55559.9	6694.74	51697.8	37234.9	9892.83	1242.34	7651.8	12129.6	29765.5	-5574.82	-13024.6	-41511.3	41888	-15277.3	3644.92	-25893.6	20190	28591	32979.9	-5364.96	4029.18	14732.3	-17080.8	-22545	39733	18607	-4468.76	-34643.9	5638.97	22271.3	24794.6	13641.3	34720.5	9665.31	-4786.45	2345.12	2826.74	53840.6	-19943.4	-14869.7	3066.2	8829.06	13078.1	-19930	-10935.4	-8949.75	-19397.9	48272.9	-11751.8	-50489	48238.3	23384.8	9296.16	-8897.74	-27754.7	4074.98	5156.47	16009.7	34815.4	14668.6	-18816.4	14192.6	43012.3	8743.95	-34246.7	-12021.4	7013.52	35487.6	7645.07	-31680.8	9059.46
8000000.0001	21191.3	-40883	-17759.5	-3005.36	-20689.9	-41681.1	56733.2	-25961.7	-24691	31799.3	4841.3	21397.3	7617.05	-756.878	2235.39	8754.07	57455.4	19591.3	63072.4	52215	6269.28	-12654	20166.5	27455.5	-12580.7	-673.192	39036.3	14876	-19664.8	2668.69	44447.8	4429.32	23237.5	21438.5	-7367.49	10653.6	74838.8	-19267.7	37065.8	-16585.1	-10103.1	69475.9	5832.3	6486.21	-12251.2	9581.31	-41094.2	-16694.5	21180.9	2797.51	-25755.5	29298.1	14047.9	6956.63	6708.57	-34656.6	-32976.4	24077.7	42058.3	7780.08	39054	-53301.5	12801.8	9202.61	-31317	46266.2	14479.4	-16522.9	-52288.3	41103.6	-740.423	-3219.34	-11438.2	29840.9	14205.6	-1700.96	-23391.5	6011.59	50273.1	4364.84	12030.5	-49636.4	-28067	27074.4	-51280.1	38874.9	44109.6	-7904.68	-30570.4	31531.1	12410.2	-6559.47	-12680.6	53940.4	-27532.2	13732.4	1164.15	3815.67	10246.5	11048.5
8000000.0001	37167.7	11257.9	39005.1	23327	-15486.2	29569.7	-23184.8	19464.9	21175.7	34035.8	-11143.6	-6462	14930.6	-4685.88	17876.1	-7880.46	-31102.4	12617	10526	-4494.51	-17668.5	-31430.5	34506.2	-40691.4	-23186.8	-2471.85	21698.1	-28495.5	22539.7	-1055.69	-17903.3	52665.5	-33523.5	58007.3	-14470.9	-10452.4	-32109.5	33156.4	66122.9	-17560.8	-12614.7	21380.7	-19344.7	-2314.47	-5963.46	-37007	85.7177	-15556.2	11033.9	-39342.8	-5043.02	37602.8	-10820.1	-34770.1	-1768.48	-1326.54	11954	2097.48	-78944.5	-10486.5	-48731.6	18263.6	-7480.65	18324.4	25479.7	380.551	9132.19	-35691.5	45834.1	22940.8	63122.4	482.709	-5440.95	43434.6	-13015	76636.8	-40092.2	47346.7	-22273.4	32073.5	29124.8	-8720.88	-23455.8	-69.9373	-19291.5	7825.55	-12797.5	31595.4	-6375.22	19961.4	33927.4	1279.26	43442.4	-4817.17	-68362.2	10198.2	-47117.9	18138.9	12485.5	-5039.92
8000000.0001	-12244.5	21382	8618.39	-21641.5	-61016.8	-50970.7	17924.1	-5137.09	56999.1	7861.9	38991.2	13764.4	-22072.2	-2414.46	37377.7	38039.4	-34357.4	-21966.8	-9662.66	-18352.3	48232.6	9198.91	-23924.2	20627.2	16796	-75870.2	-17854.9	35429.8	-3009.17	39398.1	7415.75	27654.9	-14508.7	-34209.5	-699.688	-35290.9	20322.1	-42256.2	-78591.7	-30439.8	8903.17	-12279.6	2597.75	-25781.8	-45115.7	-79648	-9729.32	-28676.7	-16531.6	44537.5	-48847.2	18542.8	935.931	28797.3	-24131.5	16192.5	-4357.84	-36050.2	-10508.6	-33354.3	-9566.44	-26922	26736.5	-12089	-4788.59	-54262.3	-4966.48	-34501.5	2743.57	-41253.5	6287.95	27161.3	4813.03	-16877	-8468.64	-7465.42	3226.42	86919.3	50934.4	2812.09	27006.3	-13442.5	-23842.4	30567.2	13191.5	21564.2	-6097.22	-13426.9	3171.36	27718.3	-20528.3	-11444.4	-28231.2	5188.3	12670	15924.2	-2105.83	12358	44382.4	31452.2
8000000.0001	-51893.3	25314.4	-53295	809.065	-39616.2	33268.8	10645.6	-34026.3	740.875	17792	-22891.7	36063.8	5619.07	11599.5	8456.3	14362.5	18792	-28266.9	26474.1	-23405.9	-17037.8	-34262.8	-6665.58	12672.4	18228.6	-10372	-42789.7	42148.1	41961.4	-9531.8	20831.4	1239.17	27730.2	-30611.2	-5962.07	74628.3	-27503.7	21761.2	993.831	-9593.26	21009.4	43846.4	-1249.05	-46863.1	-26756.5	21955.2	-7662.91	-44133.7	-12149.4	23557.3	30317.4	-9140.43	15351.4	-32676.9	-55921.3	-11949.1	-14133	-46473	-8226.33	35864.7	28737.1	45435.1	2584.37	26493.7	2024.08	2878.75	78156.9	-27432.7	-7802.67	7276.52	19784.4	11505.8	15967.5	11243.8	-25173.9	16186.5	-26633.1	-30320.3	-3475.91	-9321.97	3924.12	-79257.5	-10962.6	22298.7	17152.4	-36962.9	34289.1	-11601.2	30449.8	-76456.7	-25441.6	-48238.7	-90682	-29241.7	-3003.24	1705.71	40686.4	57327.4	25177.3	-46097.3
8000000.0001	39914.6	-13048	-36195.5	-3373.54	38898.9	57652.1	-80014.8	-35213.4	18486.1	5592.78	-59044	-12677.3	-51984.4	-2038.64	-3435.56	-31153.2	-7851.28	-61846.4	2138.09	56461.8	-22424.6	-32213.4	-11601.5	-55960.1	61420.1	11987.3	13144.2	-20264.8	-41161.6	-5022.81	-41657.9	15783.4	-6160.91	17047.6	-23594.4	-17485.1	-9934.43	-8076.51	50666.2	4721.74	4778.7	12728.4	-13362.1	23818	-24742	820.338	-8922.37	-39663.7	34778.1	4580.97	-25298.9	9022.81	18786.1	-39795.1	25549.6	12491.3	-72161.2	25719.7	9623.72	9920.01	72780.7	18869.1	77974.5	4269.66	37867.3	22176.1	-9590.36	22628.8	-86394.9	11490.5	17214.4	59629	-32587.4	-28266.9	-32228.6	-27879	-28519.5	-14764.1	3807.92	13714.2	14944.6	75356.3	-12276.6	48846.5	-24236.2	22537.4	23629.3	13711.4	13675.1	5529.05	13486.4	25755.1	-49949.7	6129.97	32264.8	-2359.2	-31636.4	-51069.3	2188.09	-68915.1
8000000.0001	-4512.86	-21225.9	18245	13842.6	-733.245	-22716.3	43515.4	13805.8	-37881.9	-7388.09	-35972.5	-17992.8	57982.7	10710.9	22523.5	5854.04	38088.5	-7143.72	9316.99	-34839	-13050.9	-14747.8	-394.96	-11614.2	4941.11	-26452.5	-66419.7	-44394.7	38322.4	4744.42	-37.6643	-56252.8	-44234.6	28359.3	24956.4	2970.34	2989.92	39666.9	-9439.06	-4715.59	4036.39	22352.7	11225.8	6296.98	-41794.8	69755.6	22875.3	-1965.55	16525.1	17215.3	16953.5	-35340.2	20964.1	-10955.2	16866.9	-35616.4	-7768.09	-60708.6	11900.4	-64363	-11392	6574.99	45258.5	11354.9	-23437.7	8702.61	44725.7	10545.1	-5812.58	17978.5	-36255.2	10156.6	4030.49	-3320.07	29004.9	-32710.7	904.773	-3651.86	30426.3	-14818	10923.2	28989.7	34606.4	22882.7	-52139	-55844.9	16511.4	-15993.7	23826.8	-1414.78	8655.75	7635.95	9858.68	11119.5	-47381.8	7246.55	-12695.8	4718.9	-14030.5	2453.36
8000000.0001	38494.7	37061	8609.81	-12896.7	-9342.71	34575.8	-11878.5	-66945.8	-9936.57	27302.1	17480.3	432.941	46155.5	520.771	8249.39	16845.6	-6395.24	-28519.2	29889.3	-22810.8	25756.9	20410.6	704.144	4179.83	5169.81	-34959.2	13594.3	-16403	40608.9	66272.9	-33820.8	19859	26280.5	1553.44	29942.2	18263.8	-16454.9	27435.5	19610.3	7218.27	35761.6	5494.37	38723.9	-28277.4	-48393.5	-26808.7	24569.4	-4980.48	-14339.6	-2591.85	-4065.58	4526.08	27230.4	-27323	139.705	34142.1	16536.6	43147.7	47169.2	45545.8	-66023.6	-66398.6	78565.4	38991.4	45618.4	-2252.04	13367.2	-46288.7	1383.12	-11454.5	-38112.1	-11780.4	-1957.25	44121.5	43896.7	-2795.97	-21116.6	57558.4	4580.21	34933.2	-69644.8	25221.3	-47398.9	-61761.3	-7682.86	-21870.2	21047.8	8202.67	-36515.1	-12891.2	37887.9	27330.6	4832.91	18268.8	6395.42	-49764.2	4858.82	13194.5	2748.83	-22646.7
8000000.0001	46116.5	-45359.7	38841.7	30203.2	-14619.4	-963.423	8871.82	-18811.9	-6889.1	11618	-12871.1	-1523.54	686.665	-19977.6	-34804.7	-17046.2	54714.6	-7783.9	361.812	-15145.6	14415	19442.6	16590.2	33672.9	397.768	9333.75	-14494.7	33349.7	-6224.68	-7523.92	-46153.7	21388.4	2548.37	2213.6	15758.1	55850.4	-11435	7280.21	-21523.5	-17585.1	-53966.2	2074.06	-55796.9	17944.2	-33994.5	-35700.7	32502.3	-18800.3	-28541	3558.92	2781.3	-31665.2	-79639	-32768.9	20823.6	38023.9	49571.6	-12591	19719.9	4186.11	24410.3	26473.2	22533.4	5340.33	-4446.56	6196.27	-44679.9	-16444.3	-32043.1	1892.45	-4202.9	29088.1	262.372	1672.19	39666.7	28971.5	-19769.7	16322.8	14466.4	-36122.3	-10143.5	-31112	-64304.3	6127.18	-45734.9	26498.9	-4426.6	-7097.59	-25257.7	-9158.5	2457.61	3837.43	19253.1	-99921.3	-25766.8	58318.3	3727.97	10634.6	-11420.3	32990.9
8000000.0001	-9308.25	-353.689	21215.4	3775.22	2395.62	35506.2	18371.8	-49257.9	11487	-33544	-11324.8	1664.52	236.203	-29151.5	-32496.7	-5051.68	-27732	3178.53	-62497.1	57307.3	-12622.5	-36938.5	20665.8	5480.71	-17021.8	9918.67	-16002.2	40426.7	28976.9	-20989.8	-10888.2	-22339.2	23805	-11672.5	5408.95	840.817	-10749.3	26644	5444.24	25784.7	16896.3	-79602.2	28600.7	13445.4	36366.2	8637.14	23105.2	35319.3	-533.699	-5359.58	-8772.49	-87157.7	10781.5	29465.4	303.718	16294.9	-22365.2	-16313.3	-34868.5	-47880.7	9822.53	-41242.1	-12903.9	47742.7	15557.7	41377.4	17964.8	-74075.4	6907.32	2390.41	-22819.6	6784.89	1924.4	30465.9	44520.3	578.47	10805.9	23.9327	-3998.29	22616	44330.8	-5091.81	-11507.2	-10452.9	-42292.3	37295.8	15260.2	54070.7	6605.15	-21027.3	9866.18	22653.9	31923	-23268.9	-8573.64	55422.3	-1273.64	-12282.5	-11044.9	38759.8
8000000.0001	-24118.4	-26908.4	12732.1	124.861	11631	43088.6	-38266.5	12838.3	-43946.7	28293.9	-3491.18	-19461.5	5328.29	-13246.5	43997.2	16808	-10970.6	-26094.2	59356.6	26445.9	44908	11591.9	-45887.4	18770.3	-27151.6	1587.37	-51034.5	43809.1	-1452.52	53674	-17548.2	-11391.5	1196.45	9182.25	9630.77	1996.54	-2244.82	-6940.98	3732.88	4966.38	11820.9	36246.6	24450.2	3543.09	-16413.1	-25520.7	21712.9	-53162.7	-4959.22	-2810.14	-25550.3	494.059	-62359	-13294.2	56637	25162	-5786.62	9142.59	24586.7	34935	-28180.3	58754.8	-61440.1	-51102	-8231.58	-1692.72	8398.03	-2412.87	69550.1	-14210	11713.8	-38229.8	16167.2	46061.6	2330.98	13685.8	-31566.4	5654.75	11755.8	-29488.4	-58624.9	-40586.2	-21106.2	19925	30479.8	-42763.3	-14415.2	17513.2	22953.3	-19962.8	-52634.4	-50345	-16243.7	-23967.8	-27229.6	-52561.9	27387.8	-73710.3	-28195.6	7168.43
8000000.0001	20499.5	18876.9	-11134.1	-11201.2	-9798.05	-20608.9	6610.99	6065	24103	-12690.4	17526.3	-9463.27	-36818.9	-9787.51	25542.5	48187.4	-1107.45	-7030.68	8813.85	-45235.5	18787.1	-52893.9	83963.7	11083.2	-43692.1	-15722.1	15122.3	-3179.35	-24254.4	-4222.35	-24548.3	-197.546	28660.1	-54469.7	-6921.57	12668.1	9615.62	23218.2	8186.19	44306.7	6880.56	-26901.4	-15918.5	-10113.6	4290.75	23910.1	-14090	-33547.1	-7371.65	-63016.8	11633.8	-21079.4	28184.5	39558	-25043.7	-2875.34	-22338.1	22551.3	2140.82	-24983.3	-22856.5	58417.3	3563.41	-52059	-2215.81	-29282.9	-14162.5	9886.78	-25274.3	-50662.5	52831.1	3504.92	-19134.2	25757.5	-5626.13	-16982.8	17828.6	19266.9	31507.6	-16862.4	1720.55	23894.3	-17973.8	12876	-15794.6	-22060.1	-222.582	14391.6	-17033.8	-43669.3	3391.13	-34419.3	-15994.9	6306.04	4966.89	5442.88	49779.9	2988.15	-11455.2	32511.7
8000000.0001	24036.2	-18691.1	-8359.38	7769.15	-7117.12	-61738.1	64653	16657.7	34751.6	-24552.5	-12568.5	-20507.4	-27399.7	12509.6	-25136.6	11222.8	24935.3	-40268.3	30371.2	-31530.1	6597.41	-22673.3	28428.1	51711.1	-18289.9	26420.9	2300.96	-23919.2	-24871.9	-21562.4	1295.95	28203.2	7195.69	59380	-15514.2	-41628.8	16839.5	-33613.4	68710.6	13966.2	39597.5	37136.9	-44784	-22516.5	23826.9	5382.69	-21120	-14296	-62701.2	27228	16603	16013	9925.02	-42822.9	1640.91	48165.4	-1573.02	15972.3	25537.6	-21725	37320	23715.6	-40.6786	-21900.4	53387	54461.5	-6936.1	50203.6	-12625.6	16641.8	18268.8	14848.7	-2227.47	-21430.6	9346.34	15076.6	29192.5	45942.3	-27495	2854.03	40.0457	46687.6	21080.5	13977.6	42074.7	-13909.8	-22944	17300.7	-12524.4	-33532.7	17837.4	17857.9	-769.163	38638.7	49380	14410.3	-12523.2	5794.87	21511.5	-40903.1
8000000.0001	53814.6	27289.3	36024.4	11247	6150.75	5648.98	-32498.9	4375.15	27072.1	-24332.4	702.97	23289.8	-19620.2	27217.3	6458.33	4119.37	-6662.97	-38897.4	-5423.68	15742.8	15285.1	21425	75108.7	-46500.8	-11994.1	-16662.1	-1870.65	-20738.3	-48540.6	-39587	2494.11	55751.1	-24054.1	30359.2	18170.4	7325.6	44910.7	-2372.84	14356	-6988.1	31339.5	-14526.3	6140.93	-17803.5	18668.6	-13799.7	-63045.3	17283.2	29978.9	-20741	-14888.7	28498.9	-49892.1	10162.9	-11551.3	-25373.8	-9847.85	25196.4	14053.8	-31712.7	-26571.1	1447.57	45199.3	-8250.97	-18281.8	15027.8	-11590.5	-19691.1	12673.3	-34973.9	-3454.29	-32711.9	-3193.16	-42878.8	-24870	-6784.36	-28721	-33044	-4052.18	35813.2	59715.5	5612.83	-67286	-25884.8	-40368	-6991.52	6660.22	-36702.7	-711.201	19790.7	7780.76	-19329.4	-10419.5	8165.29	7901	-9770.85	-6029.83	-16500.8	-11000.5	44189.4
8000000.0001	6188.26	23669.1	17806.9	-56901.8	-24105.7	-48819.5	-41851.5	26151.9	43156.6	123.914	-60845.1	-6030.12	26284.1	-49374.7	9478.44	44995	6616.14	23644.2	-1468.12	8458.75	-29766	9555.39	-10708.2	37650.9	41286.3	17911.5	-8043.25	37281.8	-8675.2	-3867.93	21547.4	-27244.7	-29546.4	-21270.9	5192.2	52047	-30769.2	3690	-28127.2	-27996.5	12636.5	7646.94	-43456.9	3566.13	-22897.7	-32802.1	-20341.1	15530.3	31305.7	40379.9	-55658	19979.5	-29544.2	22271.4	-10950.7	23932.9	9863.41	32293.6	14841.9	-5136.62	-2074.25	10568.9	-14633.7	17956.6	-40736.1	6627.7	-40542.5	-10854.9	11891.5	20748.3	-8136.89	28960.4	12958.3	-7368.08	35879.5	33275	11436.7	-9350.9	-22464.3	65770.3	-41950.8	19.3533	21865	22008.9	4767.11	-56611.5	2007.46	17112.4	-2239.73	38364.2	-8544.98	3372.69	-15031.5	4872.71	12595.6	-14288	-11586.7	-38332.8	13076.7	-20012.3
8000000.0001	1257.78	-41429.7	-20419	20604.2	15410.1	-26398.1	17946	-32771.6	38488.4	-1118.67	29846.6	-21028.2	10611.9	10555	-29692.8	3455.98	25241.3	18331.2	22229.1	7962.73	-58763.2	9055.19	6533.24	-32329.2	4556.99	16311.2	-7808.1	6792.73	-23492.6	41137.6	-9062.15	-7839.17	-24298.5	30042.6	-5936.13	6155.94	19404.5	-9973.88	1422.1	8408.81	40879.5	-35916.6	-19883.5	-25362.4	111.07	-31687.1	42963.2	11724.8	-75560.5	-9956.88	47011.2	-3020.42	16525.6	-24238.9	1991.87	-2268.8	-64731.2	7365.17	11815.4	32464.9	-18579.6	8410.3	28048	35626.6	-9415.51	-11030.8	-20955.5	-1688.13	34855.2	-21869.6	27375.2	-6171	13889.1	-1415.3	-26183.5	26442.7	10636.5	-33315.2	9166.59	-60387	-1817.15	16782.3	-24331.9	48320.7	-37173.4	-38167.4	-30508	-3025.65	30147.8	-7435.59	-329.63	19857.6	29483.3	36004.8	-45587.3	-24030.3	11937.1	1459.05	56255.9	-3218.33
8000000.0001	-891.742	18806.2	19119.7	-3583.71	33673.4	20855.2	19601.1	5811.41	-4912.44	-43948.1	29450.6	43857.3	50549.3	-25469.2	3776.32	21596.2	26310	10727	25781.9	4862.33	11656.1	17658.8	13904	-13138.2	-37517.6	-12926.6	29004.9	19016.8	33734.1	21460.5	-6759.8	-36750.5	19267.9	12345.7	-11446.6	20147.3	3928.71	-20292.2	-15618.4	-24527.6	25652.3	-19755	-29928.1	29496.3	-40996.5	6250.08	-22157.3	47282.7	-2898.75	-10933.3	-41712	1544.47	57365.4	59459.4	2303.5	-20384.6	-40816.6	-29511.8	20170.4	9410.5	23101.6	43734.6	-9498.07	-13951.1	-43105.4	86396.1	-15286.8	-20339.8	-27547.6	19123.8	3367.13	23615.5	29850.8	43440.1	6802.24	-56708.6	14656	23023.4	2276.18	18519.7	7903.72	-10838.6	-29766.4	-64480.3	13793.5	17994.4	31352.6	-8117.5	-7658.74	51420.3	-1061.92	44366.7	17795.7	17038.7	-16238.6	6285.36	28497.6	42935.1	-3613.94	-15401.7
8000000.0001	1996.27	-17491.9	45856.5	38761	-19837.2	-18790.5	28859.2	7137.54	-20456.8	-2408.71	-26297	-8686.03	40730.3	-5598.36	15431.4	-19250.5	-6661.28	-16856.9	15752.6	-20315.5	31511.6	24078.5	-17342.3	10201.1	-25142.9	4321.9	15089.6	-38563.7	38498.8	-28568.1	-415.591	-56777	-8471.33	-31449.8	-29391.8	-24538.7	-1424.81	29967.8	43962.1	-9029.14	-30448.3	61958.9	49715.1	-5723.44	-23513	-10512	10510.1	20861.9	-13051.1	22774.3	-23944.6	22932.1	-55608	3305.4	-31873.9	6864.27	21077.8	9888.23	10622	3273.93	-6785.38	9791.83	26599.7	27070.1	-8862.96	5163.13	-61957	-23353.3	12237.3	20073.8	66095.1	-40868.9	-29073.9	2659.52	32035	1014.51	-3210.62	-32483.1	-46089.7	20068.5	-17775.4	-48657.1	-5503.91	69979.8	-12099.3	28151.4	-27762.2	-40875.5	28872.6	-24939.2	22997.5	28942.3	-30202.3	6919.86	-22591.9	-58944.3	6752.38	15795.8	-23320.4	3918.82
8000000.0001	-38792	4501.15	-1609.59	58057.3	17196.7	-19808.6	29511.8	-20285.6	-2649.64	-41092.5	-19318.7	5224.31	27721	-23549.7	40076.4	-37829.6	-29175.5	-14426.2	-16361.3	-10397.7	7042.03	31850.1	25423.8	-3107.06	7406.48	32313.6	-73295.1	-1385.73	29098.9	815.963	42380.9	24775.7	-55431.1	20937.7	-38395.6	-1230.05	17471.6	-5090.17	381.219	30303.8	4656.37	4057.35	-822.884	-49983.5	-31502	-6117.01	-3592.82	1526.21	-19803.2	-6651.16	-26162.7	-445.144	17407.6	31619	-25768.4	-26758.2	-22911.2	-26091.5	16165.8	-3841.27	-33864.3	55.7721	5832.5	30984.6	26216.8	-21335.8	22185.7	3501.75	-33947.4	-5589.54	30421.5	28964.3	-906.68	-12259.3	-7547.32	-5728.76	13191	5573.58	44323.1	21185.6	-11007.3	-12213.6	20775.9	-35700	-32592.4	3990.54	17394.4	10124.3	-10311.6	-26296.7	-48304.2	-35298.3	44277	-21673.7	-3549.69	-12171.6	24050.8	10095.4	-2940.77	35310.1
8000000.0001	-28384.2	25872.2	7433.19	44007.6	-2937.42	19530	-60134.8	-14452.1	24408.1	-63343.9	-13512.7	-48766.9	-39493.4	8501.47	10575.9	27564.2	-3213.79	-183.314	5035.85	1947.04	1626.02	45717.7	-5457.16	15161.6	-58857.7	14458.2	-23516.1	7138.63	-36998.2	19806.4	17710.8	-28398	24245.2	-29968.6	9127.29	18008.6	-26306	-40160.1	17403.3	-12904.8	27557.4	-7774.15	-1100.37	214.399	28875.8	-22218.7	3162.5	8748.03	14914	49241.7	-47151.7	-13455.1	-8253.4	-417.791	15112.2	-47627.1	-39625.9	-38544.8	-15637.8	-26883.7	15430.4	-20999	-3497.01	-12626.9	-14723.2	50839.1	-15528.4	6791.86	-20983.9	-33528.7	16451.1	-24194.9	20722.7	40116.7	46490.2	-7471.55	-9066.78	75686.9	-19198.9	5609.64	-28874.7	27232.3	-15862.7	-46833.2	-268.246	11711.4	-18457.7	-6212.04	25992.5	-8231.79	-808.836	-2540.91	58223.2	55236.9	16636.7	-18462.4	-16854	23850.3	4659.12	67321.2
8000000.0001	14454.7	9523.33	-22504.8	-10571.8	32072.7	27256.2	-14473.8	-719.263	-15289.3	-15777.4	-13737.9	22829.4	28610.4	-8826.08	-531.05	65.949	41864.9	-54691	-17931.3	-31611.2	-48126.5	22845.3	36175.6	-29263.2	22757.4	2191.1	-1102.96	-18665.5	-18013.2	1129.3	-34430.8	-2923.15	33719.3	48452	3395.74	-24428.5	2081.07	21541.5	-13485.3	-22096.6	8716.03	-55376.5	-3534.73	-16102.4	15525.4	21309.8	21223.7	-42149.7	-18741.8	-10096.7	-39380.9	-917.445	-51579.5	-28844.8	-40244.6	37744.1	-1958.59	-16452	-43390.9	-16814.9	-10233.5	-48797	-5304.29	-18481.6	-55669.1	10752.1	19871.5	29961.7	-14284.1	-29478.6	-52988.8	-34905.6	22369.1	-32201.9	-13314.5	34099.6	-7777.02	-19226.8	20902.9	6979.08	18238	21736.5	-27645.4	-14200	32963.3	-9155.43	-44756.4	-19385.4	-34005.5	-38722.5	-32913.5	-10900.4	38013.4	-8504.43	9984.48	7645.66	14374.6	2974.17	42249.8	50315.3
8000000.0001	57329.8	-26038.7	-5107.1	-15654.5	-47814.5	-44381	-43463.8	15637	-8147.53	9661.06	-44176.2	4531.67	-26539.2	-3285.26	11182.7	2826.22	53272.7	-79312.3	-5732.01	11500.9	179.214	11965.6	-2034.97	-9702.01	11992.8	17828.6	13909.3	34098.7	10309.3	-9892.08	-13258.2	-31580.9	3712.54	38069.2	-5327.09	21718.3	14381	-36035.2	20657.2	39219.7	47171.6	56633.1	23795.9	9977.4	-2000.82	12927.2	-15444.8	14296	-8502.42	-21449.4	28777.9	-3625.51	6394.57	6112.68	-15410.3	2430.58	22060.2	-26638.7	14044.2	842.472	-93.2094	-7300.45	10190.4	-47609.1	-1674.4	8942.1	-43881	-11778.3	-1107.77	-49629.5	-3527.54	31018.9	-11096	23593.1	-24075.6	22809.3	-21432.8	12991.9	3279.6	22091.3	-11715.2	9124.86	-5593.83	-2178.04	-29016.5	35853.2	-47531.1	5470.15	9025.76	19887.8	-24187.5	10155.3	-30559	447.519	-5534.85	13644.8	23038.4	16786.1	-41884.7	-44121.6
8000000.0001	63672.4	7701.31	-9143.56	2734.51	-13269.5	-49008.2	25104.8	31031.5	28668.6	-38809.6	-8755.78	-35388.7	22458	-6541.85	20753.4	13692.4	4771.67	2069.77	-52256.1	-59735.4	-7329.57	-3437.42	-34040	-14673.9	36684.6	-47822.9	-9824.69	1874.27	34935.6	-39238.2	15535	11901.4	19814	-8195.64	16687.2	20943.4	15495.1	56173.8	2005.72	-2973.98	-21460.2	17519.2	16529.2	7463.92	-31478.7	36230.2	-8691.57	-38395	52149.5	-4835.18	10696.3	-21220	41629.8	2289.73	-3204.23	-43808.7	3989.75	-23948.1	15555.7	-17946.6	23767.3	58998.1	-31675.1	-24535.7	-12284.8	-36642.3	10241.9	-26980.4	27551.9	-13852.3	-17256.4	-4739.2	32354.2	-24658.6	-15242.5	4663.79	-26854.4	-11190.4	23305.3	-2459.55	-15321.5	38017.2	1824.38	-1960.62	-16307.8	-20830.5	-21603.4	21229.4	5013.45	32744	4891.89	7398.9	19232.2	3688.63	-28247.4	-7568.43	53128.5	-20805.6	15123.3	27170.2
8000000.0001	27096.3	-49244.9	-24309.7	-51622.2	3787.93	-67264.7	-48391	-2903.71	-18362.4	4249.48	15973.7	19257.6	5639.88	52995.7	12614.8	-32707.6	-2952.05	-31435.2	-31991.4	-8867.26	-8823.43	10160.7	25945.8	-48611.4	-51725.3	-6764.21	34195.4	48212.1	36756.9	-38.5086	31290.8	-38838.9	29928.8	-29272.4	38241.2	30191.4	-33301.8	50685.9	20055.5	13489.4	14758.5	-14537.5	29027.1	74177.3	1293.22	16998	-35546.6	-10056.5	21211.7	-12746	44754.9	-1958.72	26933.2	21346.4	53316.1	-13704.9	-1756.07	17878.3	-28648.3	29394	-42823.2	-18038.6	-15680.4	-11181.9	4934.44	-22378.4	4862.8	38708.3	-26088	-39564.5	10899	-7720.12	12729.4	35815.4	17100	-49197.1	24901.6	64771.2	-2148.01	-25153.8	30908.6	-4742.08	-11324	31180.9	1474.37	19563	-23368.6	-18905.6	14307.8	18686.8	8279.33	-86505.1	27889	-39330	58876.4	-24811.1	39745.9	-62278.7	9407.57	-1771.29
8000000.0001	-24489.6	-11611.5	6584.03	-36303.9	-12920.2	33901.9	21367	-32218.3	12003.1	14703	36308.4	5169.32	-4168.81	-27324.7	-27500.1	8253.39	-33963.7	13517.1	29049.2	-18601.4	15818.8	-42684.6	-15401.4	-18125	-10932.7	-3486.24	-39874.2	12054.7	-16154.6	-47795.9	16590	21892	15996.3	28327.4	-19787.5	30596.8	25406	-24261.3	-10068	13095.8	-4120.62	-23669.6	-57803.2	37612.5	58995	-11510.1	11575.7	-12678.4	3749.18	31751.6	38147.3	-39781.6	-24640	-18461	6279.27	-7669.78	8659	29415.8	72154.1	-19789.5	20588.3	11222.6	19770.5	69098.3	-18154.4	5834.9	-15252	-90220.5	-8777.03	-37599.9	29523.9	3377.72	43382.5	-78770.7	-23065.6	23211.2	-22854	-23440.1	5201.83	4094.36	12177.1	-31293.8	20673.8	-37834.6	-32236.5	3880.06	38730.4	-26244.2	-10177.5	24600.6	-12159.9	43694	-9621.66	23663.3	-36573.6	-31616.4	11634	41981.2	19094.5	35179
8000000.0001	-6814.96	40012.4	-257.253	12004.8	1050.3	-28084	-16909.5	57307.1	33049.3	4337.25	12339.8	8810.66	-37549.4	51240.8	-7160.08	-5595.28	13499.6	27569	40367	22046.7	-26977.5	-13322.5	36.9318	-29483.1	22496	-3418.21	23350.1	5937.2	24791.3	34029.2	-31266.5	-44788.1	-5180.78	-58275	-36734.3	-25695.8	-49641.4	-46511.8	75862.3	-6618.7	-20560.4	48356.1	-16317.2	64429	7466.42	17679.2	4061.51	28318	-29963.1	-2168.05	14644.3	77481.7	-47516.1	-3359.96	-41059.7	-18947.7	-10301.9	-5239.42	-12760.1	73277.5	-4702.28	-55571.2	-31136.2	31250.3	-41167	-10624.9	-18424.2	-3220.49	25138.5	-14908.7	-43108.1	-13939.4	-11869	9956.45	-13361.8	22282.1	15781.2	-49629.7	-3300.53	-25401.4	37036.3	9308.43	2283.33	-16214.3	-5138	35464	-6639.38	2006.17	16603.7	9471.63	364.787	25349.5	30126.4	3396.91	25756	38232.9	382.031	-267.91	23021.7	-42940.3
8000000.0001	-61829.8	-8751.25	2074.23	57021	-29777.3	-3835.16	-17547	-14740.2	38063.6	39841.4	3082.52	35726.7	11310	12786.5	-13331.8	34634.7	31058.3	15510.3	15969.1	-30027.6	-74203.6	-13765.1	23847.3	-74464.8	-26832.9	-14613.9	-14277.3	-15509.7	21291.1	21424.3	-15039	20662.3	9671.29	26841.3	23294.8	42284.8	30703.4	30200.5	-3363.7	20484.4	-76073	17056.3	-716.162	-34937.4	-6691.01	50181.1	3415.93	-52007	22388.2	-38484	3319.16	-17625.1	-35015.7	-11040.9	7290.93	-21330.6	-2345.05	38434.8	-22539.9	-10149.5	-39512.3	33681.7	-37076.1	10919.8	-145.768	-10365.2	-30228.7	-45268.8	-6691.74	1071.36	-12632.9	-40314.1	15436.2	-38232.8	55740.1	12307.7	11087	16401.1	-32290.6	-4256	-12799.6	-41420	46609.8	68431.6	-48373.7	-16679.8	1217.13	23750.6	-12651	-3047.15	-6147.51	-29034.7	48308.6	-49772.7	-47051.3	-6666.83	12148.8	-9270.21	4404.62	-31479.3
8000000.0001	-48561.9	-25441.6	-23043	-16513.9	39138.2	29882.4	31082.4	16709.7	-135.159	-18736.1	-10228.9	21232.6	2584.37	-17236.9	-10746.9	-34687.3	-56091.3	-26909.7	10990.2	22852.4	46280.8	-38268	-12949.8	-4693.27	18190.4	49518.8	1695.26	39936.8	13594.9	5784.08	1060.29	-1085.69	19201.3	-25637.8	-24621.7	23745.7	-2858.97	7469.43	14219.7	48253.8	-36965.2	4475.55	-7020.35	-22816.8	12506.3	9114.38	75805.7	-8127.39	3291.38	15895.7	6205.7	13590.5	-48225.3	-30159.7	27870.5	-11240.1	35872.9	-12510.2	11739.3	16676	-12505.5	-11993.1	6269.35	-18331.5	-10713.6	-12683.4	1353.37	-27251.2	70527.1	14157.8	-10522.3	41649.2	2590.34	35474.5	-5736.39	-32969.5	54897.9	21118.5	-3718.96	27966.2	8348.88	-52488.9	18806	-20681.6	300.142	6789.15	28085.6	-820.667	11486.1	-14257.6	43884.2	17543.4	51714.8	-24206.8	33133.7	15106.2	29900.9	47629.3	33005.7	-50413.7
8000000.0001	33464.4	-973.415	34170.5	10433	36764.3	6971.45	3443.21	35884.4	4416.25	-16903.6	11334.6	24124.1	-10044	48279.1	-24519.6	19406.9	58390.5	36367.8	-11905.2	-8744.55	-28377.1	2798.67	38385.3	-30565.1	36796	18390	29772.2	34035.6	-24570.2	-31963.4	24498.2	41117.1	-15246.8	-38714.1	-40889.5	9627.34	-1968.2	29541.6	601.287	-4385.69	-4564.86	9862.74	75768.8	-55421.4	-15434.6	30248.8	5851.67	12705.9	8597.03	24828.5	27035.4	35786.2	-39009.1	7028.67	-19580.1	-24225.3	3542.84	1236.69	36593.4	-10862.4	-34170	1694.47	-1337.24	-1178.83	9418.35	-33391.2	-34477	4493.95	24419.3	65202.5	-22085.4	-6578.77	27221.3	-23738.1	-21270.4	18758.4	6744	48216.5	35995.5	-13348.2	3297.45	-33061.3	17687.2	32890.6	35840.5	-37768.2	-10369.3	23679.6	-14497	-33129.5	20980.8	2500.63	27563.9	-51190.2	-20624	-44868.3	29034.7	-35940.6	-2271.2	-16056.2
8000000.0001	2245.58	-69137.7	15694.3	6772.65	-14199.3	20874.5	-18470	-28033	-32329.7	-9085.69	22937.5	-18571.3	28495.4	-17401.5	-3468.88	-44130.1	-33042.9	11688.5	-14289.1	-41555.6	-22941	-38560.9	-17474.3	-32308.8	-35491.2	-7542.2	39768.8	6468.7	-42050.8	86010.5	41552.4	-44880.7	-34760.7	12450.1	-17087.9	-11862.5	-33033.7	24535.8	-33328.7	-29820.2	7852.25	15131.8	24235	17651.4	22910	-13645.8	26172.4	-55143.4	-21474.1	16169.7	-61942.4	-35258.2	-9432.28	-17187.7	25907.3	11264.7	14560.9	-28619.3	3568.72	51314.4	-48533.9	39985.1	877.178	20461.1	-46914.8	-31306.3	-28010.4	-8123.74	33200.1	-20271.9	13259.6	7871.36	41576.7	-17742.9	24144	-7163.63	8550.32	22189.6	8691.68	-18304.7	-8238.31	28326.5	9168.55	-34082.8	-30536.8	-14207.3	58348	-10606.2	22422.2	-394.624	-47149.1	-6010.76	-28751.2	-32559.9	4437.47	-25702.7	14715.4	17805.6	-9479.12	-10392.6
8000000.0001	44720.5	-43992.3	23057.9	54349.9	111.707	-22957.6	-17359.9	-55878.4	42209.6	9263.7	-9164.26	-8486.89	6995.34	4378.62	-34430.1	49676.7	-289.707	10387.9	-33999.8	-45338.5	-903.823	6519.65	5659.01	27307.8	-5653.7	-26103.3	-39731.2	-22601.4	-27746.1	58599.9	-19650.4	-16814.1	-13320.3	-58903.1	-27184.7	-7730.81	10030.8	-5097.7	76070.3	-46492.8	29686.5	-28864	27426	7492.15	-31174.8	2709.56	14533.8	861.155	36215.6	5594.56	43568.2	-12846.8	43697.1	-2650.67	10233.9	-32792.3	-1864.3	-2494.32	-44896.3	11114.3	-1330.38	2502.9	-39979.6	47655.7	3666.86	-4006.29	-17456.9	11703.8	29405.1	-44232.3	31261.2	26479.4	54674.6	-14905.5	27023.6	-3081.27	34473.2	10234.8	-56428.7	-5462.67	10108.6	38720.1	-55629.9	62736.6	-9968.03	-48989.3	16657.1	-24003.8	-20812.8	-3256.17	-9979.72	1584.61	-1858.08	22545.3	-1939.15	-1152.94	-10022.7	36056.4	20151.7	47574.1
8000000.0001	62317.8	25158.7	-13611.1	32699.1	-49352.1	-38874.5	-13344.1	21708.1	5052.77	-15692.5	12207.3	-944.681	-26477.9	-4848.82	7346.55	2441.77	-27508.2	79460.6	-15882.1	-4684.6	-5924.42	-40428.9	11133.1	21053.6	-3174.89	3257.12	30880.5	51427.4	-47082.9	33908.7	-9276.43	22814.1	38892.3	32546	-15408.1	-2774.45	-27635.1	-36968.2	-18478.2	26126.8	-20760.7	-60354.7	32917.5	21152.3	28919.4	-38627.4	14695.9	6990.4	55851.7	22031.7	3364.26	-29004.7	7521.44	18727	-34887.1	-1502.08	-12851.8	15504.6	-7524.02	-24884	15763.9	-15398.3	4266.52	-46219.8	-20592.9	-18694.3	39195.3	-63549	15696.8	-21669	-24534.7	-18099.2	8210.02	6941.22	-1837.28	-8453.05	9719.9	1386.87	203.439	39276	-12934.4	-26233.2	8199.42	-21773.9	5759.99	-14322.7	-28486.9	-5893.03	-4577.71	-22455.3	11963	-24750.6	14093.9	-30139.5	-2756.11	-14830.1	15434.8	13205.4	37524.7	-7956.74
8000000.0001	30105.3	7042.94	2615.28	-24204.3	33717	-2502.63	-17248.9	28274	-2761.5	-30641.8	-13941.6	-20438.4	1930.32	-19324.9	19316.7	22964.6	-14897.8	-34329.3	-25139.6	-20741.2	-18821	-874.357	-24645.6	8268.89	26349.8	-8136.61	-5034.07	22902.5	7607.27	30563.2	-35779.6	-23702.2	7429.4	35873.5	-7683.38	-40784.1	63779.2	-12304.8	-14109.9	-25884	-2603.8	-7391.08	-28497.1	-41325.8	-47248.7	-4654.48	3457.99	26430.9	-78191.5	-28422.3	30360.4	-22690	11133.1	-31453.7	-9033.43	-2608.26	-25435.7	1091.93	-1058.74	31112.5	-58410.4	-5808.98	27578.8	-16504.2	28509.6	8501.9	-20553.6	-6725.41	-38734.8	-69711.9	20935.8	14048.4	-15227.5	-11173.1	-27239	8094.23	1438.28	-39872.8	27356.2	30231.3	5550.61	-10405.6	-4703.31	-6795.68	34358.1	-5003.57	22036	-30968.1	-39473.7	-151.873	12928.1	-18224.8	16438.8	67338.2	-66784.4	18875.9	-36790.7	-1841.1	27192.8	53791.8
8000000.0001	-5667.79	-17685.7	-9750.3	19137.5	15281.3	36035.4	-33592.1	16567.8	2307.45	-378.26	-9811.69	9694.17	-7277.64	-35133.8	24559.9	-10977.3	2102.2	-41730	-7404.11	-34423.6	-12059.3	39611.4	13490.1	-22722.3	-38997.7	10422.1	-33622.6	-16578.2	11178.8	432.7	35121.4	73337.5	15153.4	65277.7	-36920.7	3888.49	22359.7	26025.1	-19310.8	-536.769	-15545.3	-10317.5	10992.3	-6946.86	-9958.61	-4964.71	55568.3	17545.6	-17274.4	-9664.28	-12832.8	-24607.5	13482.6	2881.86	-32035.6	-35223.7	-19780.6	-29833.3	11581.5	19561.6	-2054.67	36296.8	63.7951	10813.1	36143	14565.6	20898	44879.1	-2929.66	-23727.6	-20098.7	43543.8	13954	5766.19	3326.57	12939.7	24812.6	-20913.3	14501.6	39631.2	52877.4	-18201.1	-18950.2	-20177.3	12879.8	-9028.46	33239.7	-14015.3	-37036.9	33668.1	-4285.57	39675	-59491.3	-32982.6	-27526.9	23783.7	49801.7	6958.43	-7985.11	-31663.3
8000000.0001	11938.1	-4258.73	36990.5	40798.6	14308.9	8574.15	36454.7	-3541.19	-11228.3	54631.1	50343.2	7801.13	3546.08	54851.8	-10761.8	26630.8	-10269.8	-5276.99	-22444.9	-45017.7	19139.8	-37606.2	-12288.9	-12060.9	-23416.1	9457.58	-6169.47	-8293.45	79795.6	47684	13822.9	68915.7	-28364	-31769.8	1073.5	-17065.4	-14823	-4609	-21921.9	-1299.6	11235.9	-14925.5	-29057.7	-28401.9	33764.2	-305.73	-35869.7	-13296.5	6754.36	24055.5	-555.495	-12260.3	29216.2	10435.7	1918.9	13079.9	-59623.4	28209.7	52924.1	17839	10075.9	-52986.1	23703.2	9682.07	-34910.2	-5607.86	21786.1	12284.1	-14318.8	-3614.36	-4080.38	5821.54	24327	13897.8	21471.4	-6891.7	25878	867.11	-6998.91	-40650.8	12706.8	7098.24	1146.76	-25270.8	46072.7	-6066.61	13283.7	-28399.9	-29678.9	-1197.09	-22625.8	50197.3	5515.46	-29075	-24248.2	9224.13	-69270.5	10105.4	-12756.5	-8099.88
8000000.0001	-34870.5	35224.1	16611.4	-8199.31	39005.7	19417.5	-17785.1	1377.88	26033	-11690	-8221.5	16451.5	39832.5	-62805.2	66850.8	61964.8	-12026.6	38688	24964.1	3608.32	-21413.9	-36015.3	36085.4	17624.6	-13887.8	7709.41	-47971.6	-6455.41	-8758.92	-36549.1	-3976.06	-23220.5	15749.2	5121.98	22026.4	-25716.2	1655.35	-24316.9	-13837.9	-16796.7	29490.9	4733.24	-11566.5	-29740	850.982	-13053.7	15635.2	-6431.72	-8718.74	18331.9	23279.8	-1929.83	19729	9141	6616.44	3508.19	-9612.17	-18887.3	-24759.3	-1179.31	-17693.4	-39487.3	41542.2	2661.21	-10735	21294.8	45721.8	-48243.5	1457.29	1405.65	19486.7	-22433.1	23994.4	-6092.06	8911.48	27763.1	-5621.43	-13980.5	1527.55	-29904.7	-32572.8	-12862.5	-35072.4	17668.2	-17636.1	-2406.9	19357	-32051.5	59171.1	6767.64	4792.91	-38337.6	58409	-33551.4	83717.5	-24837.2	-973.894	8309.1	-26718.8	63318.2
8000000.0001	6289.64	18308.6	6491.42	-49088.4	-18536	-22021.1	34135.4	15088	8453.74	-53761.6	31705.2	-25971.2	-4360.38	-14045.4	17607.4	11713.7	41828.8	26741.6	12283.1	-37967.1	8298.7	-46202.8	742.884	-10478.4	-50793.4	10147.5	27224.1	26381.2	26745	44291.7	-73928.9	-8224.41	12215.7	35233	-35696.5	-22344.9	35443.6	1037.17	-8726.48	44520.6	23862.7	5975.87	7370.8	-3199.59	58973.9	10355.3	2793.47	-21937.8	-6620.02	-38584.8	-80221.1	63345.7	34817.1	-26196.1	-49979.2	-8007.18	946.171	-1686	-17294.2	-59669.5	3164.07	6087.29	-75279.2	-13548.5	20104.1	-11275.8	-5113.17	-17331.5	12380.2	13857.3	-5400.31	-7025.26	-21316.7	-14613.6	18210	9188.31	-6177.11	-40643.5	6199.64	11879.5	-6762.26	-27567.7	-8141.98	3058.82	-4383.02	21167.8	-28716	-36492.2	40022.3	7187.14	12327.4	51062.2	28728.1	-26979.3	-6925.14	-24679.1	17847.1	-51857.1	-51433	-9241.87
8000000.0001	13528.7	-31931.2	-13299.3	-22922.2	-24061.4	-10044.9	39109.9	-3745.33	-13353.4	-7639.44	27326.5	31751.7	-2494.15	6068.81	36123.1	29018.7	-6849.69	-37186.8	-39251.7	42917.3	1670.86	7567.27	-11826.7	39783	11153.9	23795.8	5480.34	32342.3	-14229.6	-3228.85	33484	-4898.43	45526.9	-47045.2	22837.3	-29793.9	26660.6	-31586.3	-36163	42601.1	49585.6	237.301	4999.59	-5055.96	-16920.2	22142.5	8906.7	10214.7	-30281.2	-46971	-22134.7	-24543.2	-24183	-23675.1	11828.8	13014.6	41810.2	19139	34049.2	45934.9	53873.1	-11681.7	-37391.5	33335.2	66368.3	-34754	-10383.1	-14846.3	-5221.32	24471.7	-27357.9	-3326.47	5118.97	11740.5	22700.9	-3035.84	20805.2	-41347.2	-14767.8	-13227.3	17526.4	-17673.4	19049.6	2257.3	209.746	-6891.77	-22341.4	4975.09	28329	-31641.9	26750.1	-10770	18681.9	11574.8	21569.9	-4913.08	-1235.87	-10918.9	-9047.4	35866.2
8000000.0001	-24499.2	6502.85	262.223	20961.2	-42668.4	34243.1	8165.51	-31664.1	-21996.3	-32454.5	-24813.3	-21178.1	974.83	3543.05	-5287.38	36352.2	16861.3	-364.153	6070.74	-5673.03	-26453.4	22157	5528.17	6216.8	19090.1	723.616	44559	61.3077	-10440	-2610.98	-32464.7	25144.8	-58579.9	2949.86	33028.5	-80047.9	-9553.02	-2768.18	-41716.8	-4070.94	-18474	-31668.8	-8637.5	-82293.7	-12613.3	27809.2	-16026.5	-47908.5	-16755.8	53767.8	-7021.28	19825.9	56693.3	-11376.8	-31842.3	-55648.7	3786.36	-26649.9	15152.2	-38714.2	-5999.5	-1078.73	23074.4	6704.78	-23903.1	76588.1	16704.8	16863.8	25339.9	1573.81	-4797.74	65902.6	36730.9	5186.89	-23167	12849	9544.34	-30384.2	-3579.76	-10399.7	21037.1	-45907.2	-27838.6	2709.43	35686.4	-14428.5	10833.3	-8754.81	50840	-41195.7	10660.1	20619.4	-37230.4	-34119.4	31432.9	20479.9	-23887.8	6145.62	-16825.5	-25482.5
8000000.0001	-16086	8721.84	-34831.1	-14986.2	-3344.87	8646.39	4470.15	-45074.9	34011.1	8567.06	-54108.7	-12588.3	11599.9	-9941.21	20720.3	5080.18	-10920.2	7508.29	-12105.6	3813.79	49252.3	40318.2	10661.8	3808.55	28196.4	-47130.6	-12911.1	40123.8	-38309.2	-5309.63	61275.9	6717.66	-2500.9	19475.4	14487.1	-26731.2	28615.6	6282.11	-57417.8	15543.7	-26368.4	-27610.3	21019	76634.6	-44476.9	-33452.6	31129.5	46872.4	-19946.3	3261.64	9137.45	-10630.6	14641	-4794.9	-6999.29	-3026.14	-23490.8	14696	12466.8	-12693	-9312.23	35361.3	10592.2	-17648.3	-15772.9	-886.205	-52276.5	30712.6	-2469.63	-970.825	-35342.4	8250.51	-37983.6	61076.6	-22311.1	8021.32	-12128	-7659.05	20066.8	17678.7	17322.1	6616.51	-9879.84	-3829.84	-2395.33	-38752.9	9491.61	-22352.1	-39789.1	-29151.2	24390.6	28651.2	-45348.8	19207.5	46053.5	59009.8	35884.9	-35958.4	-4153.54	4943.01
8000000.0001	3984.89	38583.7	-22235.4	14908.5	15111.8	16732.6	20223.3	-7346.1	-9299.48	480.424	26788.8	-13973.3	-64523.1	-52590.3	51234	25042.6	-42500.7	-18271	-29098.7	13891.6	33151.3	36598.2	-6921.67	40949	-23202.2	9007.09	44761.7	-29947.8	67551.3	18385	39467.1	22979.2	54780.1	-21809.2	-25400.3	25264.7	-17546.5	20592	-663.19	10404.4	-16260.9	16608	21456.5	11312.9	-7827.16	-25868.3	-7499.96	-15187.1	-11943.8	-16006.5	35502.2	-32490.9	-3544.39	-35178.3	-39141.5	9954.45	43629.2	-30737.4	29718.6	4876.21	-13832	12053.1	-19110.5	-49957.2	-46807.4	-972.758	60094.2	53839.8	27804.3	1627.12	-381.486	28732.9	15009.5	-23413.3	-35816.9	25560.2	60630.5	29370.7	-24313.9	-47258.2	-7568.63	8216.58	1106.51	-19982.4	58160.7	-24577.1	30588.5	26529.2	594.739	24115.8	-21491.6	-26869.2	13.5156	-18545.7	-12774.3	-25729.5	-1132.35	1717.59	38282.4	-13145.2
8000000.0001	18839.6	8126.67	-3116.02	-39111.2	15315.8	14330.9	-42370.4	20946.7	4338.22	14324.6	-11162.9	28933.3	-5585.12	34011	22665.8	-18100.9	-10945.6	645.228	-11329.7	-1235	-20857.3	-53189.6	-20342.9	-36998.5	40664.2	503.042	-41238.1	18330.3	-32636.6	-5118.49	-20259.3	9114.39	1941	-26811.9	-14949.6	13458.3	30027.5	14519.3	11347.7	-29044.3	-6680.09	-21398.2	19538.1	-1615.34	-93.6651	572.786	-1583.95	-6732.26	-20138.8	24948.4	-9257.91	-29693	-55920.4	5667.32	73547	53012.2	4168.09	-11483.3	-32218.5	-469.125	-4742.92	13454.6	20552.7	27128.8	-17528.8	1368.45	23781.7	34891.7	-17944.4	-33273.4	-5357.06	79080.5	3668.38	8587.48	-40051.9	27271	26615.3	-14894.3	11354.9	-3820.57	19003.3	-16369	-30259.5	-21807.9	15068.1	17884.1	-29701.9	31806	7776.75	-29070.1	-33150.8	-33865.4	10610.4	-4661.03	27639.3	4159.27	-18541.7	4447.53	-39479.5	65111.8
8000000.0001	42044.4	-32950.3	31927.6	4329.78	-23936.8	-28412.7	-29817.8	13205.5	-20894.6	-23376	-48559.2	14845	-16531.3	-61219.8	6017.91	-7855.7	-2044.51	14615.4	4353.06	4029.74	-57687.2	-36762.3	-45960.6	-1873.38	29940.5	59984.8	-9244.8	-31335.8	9340.87	10126.2	248.467	-13170.3	-303.867	42320.2	-49458.8	-25254.4	-40437	523.476	45300.7	32494.8	24728.2	32793.8	5318.97	-5432.12	13198.2	-12292.7	31386.4	38854.4	49797.4	-40410.9	-9513.91	-2932.57	37976.5	9296.1	7964.46	-4590.51	-50488	-29146.8	-31393.6	44308.8	-3242.27	12874.7	-16928.8	-11854.1	50388.6	32997.2	37032.9	-11593.1	-28634.7	-32521.3	8915.61	-5207.59	950.193	-15997.7	-2044.88	-37982.3	-6864.49	47390.6	19391.5	18002.4	19948.8	4724.39	-47709	38772.8	280.032	-43974.9	22993.3	25297.5	-7589.91	41186.6	-1743.13	11829.3	-21709.2	-34175.8	10997.4	-28110.1	16020.9	20677.2	42966.7	-59782.4
8000000.0001	-24629.2	-15440.1	-37903.7	12247	-23659.3	-33942.9	-15832.9	-13896.1	-7452.58	23556.6	-46649.8	44336.4	-2007.54	-15980.5	11097	44759.4	31452.8	26938.4	4210.18	-19975.9	16918.6	-17667.8	-8999.92	-39296.5	55556.4	33199.2	53759.9	15461.4	15076.6	-33387.7	-4416.27	17382.9	38721.3	-33583.5	2443.58	-39205.7	29053.7	19764.7	-5252.54	11367.4	4800.25	1332.96	19737.3	-13032.3	28962.3	9220.68	-50067.5	15871.4	-49048.4	29992.7	-43886.8	-27328.5	24813.6	-22487.3	102.063	-23985.6	-21340.9	-55417	-3688.71	-4531.41	37978.3	-32791.5	-12174.5	2662.41	30168.1	20997.1	-12976.2	-26462.5	-4666.82	-20533.9	-14146.5	12169.2	2020.21	-20877.6	-3294.91	-13457.3	4194.28	21064.8	781.575	13209.3	-85168	-38944.4	-750.804	22059	-18493.2	8842.43	15177.2	8149.15	16544	2357.06	-15805.5	2706.25	-53589.8	-24679.6	-39122.8	-44717.8	-21520.7	-17923.1	-25092.8	23194.7
8000000.0001	60810.2	42255.5	46690	-20920.8	-12135.2	23195	9602.98	-49458	-16069	-41307.6	30502	-31713.6	4919.63	16170.2	-20288.4	24097.9	5365.99	-5976.34	-39177.7	19090.3	49390.9	5523.63	27304.7	-40646.1	-27074.6	-14169.5	-80524.8	18543.1	-40971.1	4104.45	-4179.39	-28704.8	-8701.24	15052.1	-29011.6	-37291.5	44610.7	-31528.1	4111.06	7468.82	46026.4	12836	-6147.38	-41421.8	-8690.13	23430.8	-49063.9	-25653.3	32477.4	-9379.1	36448.3	-32952.9	-15920.3	-12807.8	12046.3	48904	9763.71	-38783.2	5528	69363.8	34684.5	10582.6	20708.4	5392.93	13501.6	1314.94	21319.4	10008.9	-11984.4	2551.16	-3632.66	54544.2	449.253	-22138.5	30097	-12903.5	23036.3	-45102.3	33624.3	-34252.6	-21793.6	-15901.7	-21540.3	-5183.92	-1241.43	3583.17	-17944.4	24342.9	-42058.9	-7271.02	44435.1	-38024.2	-28866	-48876.3	-6394.98	17539	-34851.8	-13595.3	-1598.49	30066
8000000.0001	-21779.3	-8856.18	20188.3	6336.29	5345.95	-15357.6	-22719.8	-84895.6	35833.1	13703.6	-13152.1	4708.29	-2484.7	-60118.3	-42721.6	-48851	21143.1	18870	-32345.4	5241.5	33815.8	-62934.9	-9746.71	1372.9	-20525.3	3761.5	-35672.6	5612.4	23672.7	12648.7	4595.75	27246.2	-15156.1	26124.9	32285	-262.129	-974.212	33734.7	-11493.8	-4456.39	47433.6	-20891.5	30663.1	32361.2	70947.2	4674.2	-25666.8	-20892.8	21250.4	9619.74	11627.5	-56730.7	20129.5	20833.4	-40707.6	-6761.19	-5242.48	9369.51	21799.2	5374.95	-24226.7	-2093.71	4487.55	57200.3	-9227.97	20271.7	38733.1	13266.8	16942	-2727.98	22124.7	-38533.9	18021	-12311.6	-21301	1311.06	-50877.2	-4125.2	-32579.1	17650.8	-30249.8	-65439.2	-62513.9	14958.5	20318.8	17122.9	2851.02	-13743.3	-31806.4	-16655.8	-8589.18	-38431	-23796.7	48070.2	16272	-20628.8	2740.97	-51095.8	45240.9	-46967.5
8000000.0001	-9279.22	-86.1628	23411.4	-48212.7	35044.6	-14127.9	1253.32	26466.7	-55616.1	10253.2	32782.1	-22369.2	-42403.9	-35852.4	3997.21	18117.8	-37075.2	22602.6	-3831.41	32105	-34553	-35922	-36416	26039.7	-15009.9	25668	-9122.83	50.6192	34995.9	-21012	-30568.2	42075.2	-15018.8	-14251	52748.2	-49217.8	-26386.9	40340.3	-16440.5	524.065	11046.8	-74272.5	-14284.3	-3541.86	-2415.08	13727.7	1511.5	34449.9	-26165.9	26342.7	19495	13788.7	13001.3	21565.8	-20331	-21637.4	8623.57	-8657.28	21534.7	14384	-55913.2	-17846.3	2837.05	-37693.8	-19220.1	6015.42	-6880.22	35701	2884.55	-42026.3	2456.77	21298.9	22760.4	-45047.9	20003.2	2559.69	-8937.64	34224.8	-7033.85	30276.7	5470.83	-7788.91	-11073.6	6410.72	35821.7	-10724.7	-35374.8	-17932.2	-13029.6	26715.1	-10818.8	4494.99	-19288.1	-33951.6	-9647.67	-25675	-21968.4	7915	19570.4	16885.3
8000000.0001	35383.1	-50245.5	-7349.06	-14265.3	-54588.8	-48916.7	8030.17	20289.8	27027.9	-16354.8	-8175.53	38530.4	-9176.1	-44492	-40302.5	-11743.6	26178.8	-3185.51	-19162.5	5598.89	9017.92	28106.9	-27229.3	-26347.1	22750	-18909.2	11669.3	13376.7	28808.5	-48363.7	-89.9346	181.373	5226.22	34121.5	18192	-19029.5	40400.4	2075.88	-1496.91	-15115.2	-12805.2	-29186.4	-81756.6	4241.63	-23701.3	10903.7	75275.2	21390.5	-19329.8	17593.4	-41874.4	-4278.05	-8852.91	-37890.4	-15470.5	-27928.1	-16326.8	-36169.1	14681.1	4625.73	-28190.5	7456.39	21434.6	5022.86	-9008.1	63820.5	25164	7957.23	-15326.7	-5587.9	-14895.6	3981.79	62760.6	-50906.4	-43552.2	-19346.2	28038.8	44765.1	-27679.5	13243.3	-15270.8	7488.74	45316.4	-34122.8	63713.2	20898	-13395.1	-3943.14	-7153.51	-32674	36690.4	-9808.57	-5687.39	-338.695	2612.97	-1334.81	-9282.53	-21265.7	-42519.2	-22148.5
8000000.0001	41353.5	4546.7	-16150	24196.1	-7705.28	6067.38	-7000.01	-16969.1	-27541.1	-24998	-7307.31	2690.28	-28666.8	-7370.7	21140.4	-9731.39	3021.1	6250.1	18074.9	46199.7	34167.1	-12326.6	26371.1	10295.6	-20152.8	58140.1	-454.066	66764.5	2186.75	290.856	-22679.6	6313.21	-7280.91	-8527.06	9591.34	-1165.01	-10193.3	680.208	26603.9	6261.86	-83.4516	45505.5	-61511	-5678.5	26634	-14206.7	6867.68	42348.8	7092.61	28742.6	-985.098	-19582.9	13854.7	37035.3	-44330.2	22661.8	2871.66	-4362.15	32429.7	-40126.1	-32613	1192.95	-10287.8	32187.9	-11712.3	17273.9	10543.4	12000.1	21272	-38366.2	47608.2	34174.8	30333.2	-8823.8	17245.7	-8644.33	-16182.5	13544.3	-123.704	-43805.7	28941	-82026.6	-6786.67	5355	-21251.8	-20850.7	41323.7	-6584.5	11641.6	32626.6	12643.8	59667.6	24404.3	-19431.3	-865.367	8507.84	-29314.4	-1201.71	25797.1	-22539.8
8000000.0001	39548.1	-21125.6	3598.9	27373.4	-2897.78	-37203.1	-40244.9	-34863.7	13355.5	13436.1	34786.1	-3486.18	45808	-4021.91	25846.4	3695.83	26119.7	-15795.1	-19665.3	-52843.4	-21258.8	35060.4	-12975.2	9149.08	11611.8	11362.8	-51917.4	35759	30208.9	-10298.8	-18824.4	-16801.2	35897.8	13220.2	13495.2	-3686.24	-10245.1	-28437.9	75765.9	19216.4	-17031.1	-11452.5	878.97	3649.17	23419.9	373.78	18193	19856.1	27015.3	5968.51	28767	-33959.9	46344.4	-26651.7	-233.295	-78686.4	-11561	-74522.1	57780.1	-25677.3	-21939.3	-5392.68	42707.9	-46823.2	26241.2	17674.6	-26667.8	34777.9	-23569.5	597.275	55182.3	25837.8	5063.24	20923.7	16543	11233	-4481.1	-24774.6	-41157.8	11232.7	55177.8	20420.8	9751.26	22770.9	1702.03	-39330.9	4639.37	-7254.96	-20652.4	4025.2	28818.5	-18058.5	-47001.9	-27975.4	-29612.6	-17742.4	48130.2	11847.8	-12000.4	17233.6
8000000.0001	-9253.1	-8232.06	-10224.2	27888.1	-50725.3	-6589.08	-23072.7	3406.05	51390.6	38359.9	14823.5	2262.04	-55051.9	-35349.3	34205.1	32711.1	-8975.52	-13582	18576.6	22080.6	26271.9	-13255.2	3163.06	18062.7	-5442.61	-6681.55	17370.9	-19055.9	11516.6	31752.9	-14099.1	-11191.4	26374.2	-2334.26	33266.8	-31675.9	18237.3	-24461.6	35839.8	24155	-8088.98	34900.9	9819.14	-8288.95	-22264	45299.5	-43531.4	15850.8	39646.4	1353.9	39057	-26310.7	34126.6	49458.7	9571.45	-55704	-5233.91	-22898	20494.3	-68892.2	17011.3	62948.4	-18032	17425.6	49053.5	20869.3	-7608.89	-18112.9	33922.7	-4159.93	67468.8	-38860.3	41351.4	-12509.8	-29434.9	-35349.5	-25699.6	-12096.9	22099.7	-2850.04	-62870.7	-48192.8	-15184.5	21743.3	19953.2	25055.6	12075.1	7322.14	23505.5	-35370.6	-19918.2	14341.8	-6435.4	-54720.4	13824.1	18105	-41915.6	1426.86	-16007.7	-35898.1
8000000.0001	7610.98	24481.4	-1118.55	-23437.6	23029.6	-30144.6	-1112.97	7433.71	-21773	-24672.1	-10882.7	-22514	2799.96	26099.8	-267.808	-19732.9	31962	-38006.6	-61247.8	-35908	-12437.9	-43461.6	-43747.5	15574.2	-18494.6	-21520.8	15058.1	9709.67	-20991.7	10220	61827.2	-12475.5	4710.76	-12504.2	-31973.6	-30743	10900.2	33992.8	-12328.8	-70421.4	13963.7	-949.027	-7234.31	-36399.7	-35910	7559.33	-42328.6	9001.4	33301.3	15547	25800.5	81304.1	6126.12	43405.3	36354.9	-3584.52	26441.8	2057.45	22541.6	57587.5	10579.9	-36761.5	8883.32	-8648.7	-79577.5	3899.13	788.993	-17.239	-31361.4	-33596.6	32913.7	-16328.7	40892.2	-5942.18	-2037.75	-35496	14815.9	-19547.8	2883.83	29768.7	-34772.1	47940.7	2002.01	758.179	-32178.7	21706.9	22481.3	19991.6	-39010.7	-13648.8	32064.6	-13473.6	-31885.9	-26924.9	14896.7	24536.2	5298.38	-12724	3321.22	-12923.3
8000000.0001	17738.7	-5419.92	13427.3	-30702	11530.2	-25464.4	-23714.4	-42448.6	-21472.7	10556.9	-11232	-4107.36	-2041.82	-40440.9	8197.3	47773.8	-12297.9	-21623.2	-31744.5	-1839.01	11162.6	2570.01	-21053.4	13693.3	-6868.63	-579.578	-12031.4	79187.7	8855.73	-2.06571	-49413.5	-65886.3	881.6	-12799.3	-6297.37	-16212.1	-17079.2	-16597.9	-43620.6	-11011.9	5878.14	-21179.6	-36137.4	39311.4	27397.9	15570.9	60277.5	-1128.08	7485.75	22708.3	25171.6	-50344.9	2740.94	-15431.8	4447.85	16256.5	-37046.5	-10460.4	18919.8	-11045.3	-34294.7	-21899	26110.4	12984.2	-44473.9	-5178.76	31295.4	-3183.19	-24369.7	-14323.2	-20929.6	10895.4	18829.9	-29614.9	-24302.9	46495.2	7433.89	-10244.2	-59430.2	-4537.02	-5566	109.722	-4295.36	38574.6	5943.71	-14714.2	19068.4	-33996.2	-44913.7	-21644.2	-10744.5	24400.4	-38816.7	7513.01	-5102.54	7532.35	-11053.6	-32571.9	1939.8	2140.46
8000000.0001	-54490.3	-36221.1	28754.3	-6022.34	-37057.7	18272.9	-15575.3	-43465.4	-10434.4	-22346.9	28789.3	-8515.11	-3698.29	10303.2	-7497.56	-20750.2	-8565.5	78893	6121.23	-16454.7	-21944.8	-3843.45	-24122.8	-21843	18673	-15646.9	25673.6	-117.361	16804.5	-5017.39	-48681.5	11738.9	49897.2	-18932.1	-49363.3	-17601.5	14436.5	17581.4	35097.1	-6806.85	-39182.6	-76955.6	2043.55	-16586	15652.4	17146.8	6256.38	-26007.5	11247	-22494.1	-31162.7	11583.4	-13418.3	64437.8	-3286.01	-18432.2	27149.1	25345	-6203.91	-29528.3	-3822.99	-17168.8	2893.48	-1935.02	81861.6	-13658.8	-41354.5	15860.2	-25529.3	-8841.03	22267.4	-10392.6	-20931.4	2969.53	41496.4	-13038.9	2509.48	-36429	-58080.5	-3487.7	52791.9	21869.6	36541.7	-67065.7	26628.7	-344.059	823.325	-2799.66	-7165.77	26950.6	5.74959	-38163.6	-21200.4	6511.24	15057.3	4448.39	-10026.2	-67213.3	6982.21	-41849.1
8000000.0001	21051.1	-8427.46	51582.6	-22984.3	43365.2	-2610.72	6224.91	-28156.5	-16474	21972.1	8915.62	47591.2	-43534.9	-2618.91	11291.3	8461.3	16422.9	-1852.27	-15749.2	27402.2	-23497.2	16406.8	26802.4	39997.2	-14687.3	18861.9	-24105.9	-19491.8	10795.3	27491	23374.3	37764.2	-9689.13	-6247.11	-34493.3	11429.8	14949.7	27701.6	-73634.2	13336.3	-20477	69138.8	-20760.2	42954.3	-29136.2	14657.9	-40500.7	-8175.56	-18154.6	7892.36	-14926.4	-42757	-41088.1	-9307.03	-9035.79	8395.62	-37785.1	62156.6	-36539.5	-22607.8	-29834	-19133.4	-12849.8	-36754.6	40534.5	395.161	-3299.18	-37242.7	-23028.3	-9222.51	-2147.91	-13407.1	-9601.07	-35885	-13434.7	35305.1	-12823.9	-23443.7	48372.7	-10755.9	11399.7	48114.6	11794.4	50692.5	24123	15696.3	-37046.4	47218.5	13795.4	-34487.5	-7769.86	-2154.63	14416.4	-2775.77	5316.65	-63899.1	7781.41	-6241.6	-15681.5	-11534.5
8000000.0001	8613.45	-11158.8	5904.85	6105.6	-23389.2	63881	-15453.1	17306	7607.99	-13759.5	-58555.5	21438.7	-31253.2	33395	36038.8	32992.8	53008.3	-21110	33882.3	10750.7	11379.7	15171.1	-5660.87	-44597.5	-4066.8	-13758.7	4841.58	-34045.3	-30672.6	-8489.48	-25950	-1454.51	-1434.6	16289.1	-10559.6	-26615.2	-23764.1	-76161.5	-1724.16	-16559.5	31023.4	-70590.6	-7026.87	-51142.8	38072.7	-26007.7	-3591.06	5855.56	-40230.9	-10378.2	-17488.9	-755.659	-24003.1	26225.9	-22272.2	17522	-14171.7	12409.1	55331.9	-12012.7	-9708.21	50380.9	37015.3	10643.1	4453.88	26707.7	-22501.7	26991.2	-12989.5	-19808.8	-31466.6	36302.8	-14431.1	24943.1	-11065.4	15745.9	-18482.8	32555.8	25224.1	-19250.8	3759.49	11061.4	22929	12968.6	31677.1	23866.6	32101.4	5189.21	47031.8	-28715.6	-33439.8	2847.44	12052.5	57499.9	33747.4	-6150.51	-45084.9	22119.4	-31759.6	16337.9
8000000.0001	15372.8	39057.9	13830.5	-11562.4	-15259.5	-13496.2	-11900.7	47076.8	4919.5	21298.7	-35799	-11510.2	7131	-6130.7	-3188.4	-5072.53	-21182.7	-5126.83	-11513.2	25599.5	12745.4	21427.4	-9728.23	836.126	-17362.6	-3582.17	4775.54	24295.2	-23710.3	-26516.9	-4495.35	8641.57	-5291.65	199.364	37969.9	-9223.86	26820.3	24309	-26498.1	-26784.6	26403.7	24206.6	-7370.01	-15650.8	-27927.4	16144.8	5509.67	-34036.1	-19121.9	-9240.1	-2736.22	60778.1	10280.6	-42881.9	32411.2	44335.2	-621.375	-3093.52	-26112.4	7033.71	2746.93	-32134.2	18817.9	-42679.4	-37927	39085.1	-4297.58	-1686.84	8142.52	9070.18	-32731	-9946.96	-105120	-3623.38	-31548.6	8765.48	18579.7	14446.1	7528.56	-23102.5	10070.6	-26802.1	-4515.72	-16903.5	14914.7	27917.9	-33591.2	15147.5	18249.9	213.66	-14814.5	-4289.18	13371.5	-16205.6	13939.6	-2279.71	3026.88	-29919.3	-9844.3	12109.7
8000000.0001	-3057.01	-4002.38	-14948.4	-10049.5	21733	38442.7	55651.6	-14119.5	48.0031	10913.2	-4650.2	-20465.4	-64982.7	-16444.9	35716.8	50533.3	-69086.8	-18198.6	9544.32	36019	14467.7	-56618.4	27837.1	-23305.1	-28281.2	47700.6	-17153.9	-38403.6	-4572.1	964.671	27539.2	-33109.4	33855.8	28163	56229.5	36845.9	-2079.21	-40887.3	-18107.9	1574.98	61318.1	13342.7	2703.55	-1602.41	47350.8	-46241.5	24592.6	-12234.7	27452.3	-3707.59	-15786.9	-1817.83	-14717.7	39045.2	-9285.64	-7310.2	-29875.5	-31103.3	-25516.3	65792	-29863.1	-15977	-29851.6	31221.1	22531.1	-23365.7	2381.16	40161.4	-2430.1	52121.7	64450.5	62163.2	-5553.26	7634.96	21615.1	-43448.2	-10419.3	-63374	4071.72	-12220.3	-26896.8	-27805.8	-15618.9	-24821.6	32151.5	20579.3	49693.4	-10352.3	34818.4	62023.7	39087.4	8212.37	-44174.9	57489.3	60078.3	61496.6	-3647.97	-22982.8	-35698.5	-403.076
8000000.0001	3519.05	-13197.9	11025.3	-16591.2	24533.2	5485.46	4281.52	20978.3	16936.9	-10435.3	6561.66	-6703.11	-29166.3	1385.61	-23131.7	17063	-17835.6	-4485.44	-68995.2	21984.6	-19867	6126.83	-17909.2	-8962.53	44943.2	-34515.3	-3040.37	4340.88	-14346.5	11825.1	22575.4	-17021.3	-2149.53	13612.5	31404.3	-27250.5	1430.05	-28815.5	-14519.2	1478.88	-13370.9	-56940	35574.4	10317	-11503.7	9526.82	8547.04	47055.6	-4070.44	22380.7	30612.6	-1226.66	33967.5	7481.1	-36172.3	-13012.8	4195.58	21607.5	-672.075	25125.9	12758.8	26398.3	9634.97	334.847	19209	37377.8	7429.16	11709.9	-26747.8	-18351.5	19939.4	-17345.9	35502.8	6264.92	7873.45	-20136.4	-27697.1	15.1196	37399.6	-41553.2	-37416.1	-35204.6	13418.6	-49700	56369.5	16930.3	-382.191	-22151.2	37065.8	-608.737	-12364.5	-8191.94	22281.8	-76.2772	18792.4	-42595.7	48552.1	24180.2	-14434.1	-6339.04
8000000.0001	-5961.72	-19337.1	2897.89	8778.68	-32715.3	27862.3	15066.4	-30351.2	-29804.1	-14802	-19047.8	5689.05	-58472.6	52893.5	-921.094	-26118.9	28626.5	-7262.52	32860.9	-3310.17	19943.2	-6575.07	66401.9	-26793.5	29705	-21404	13310.7	50996.3	825.554	27853.5	9452.82	24257.3	-25369.4	-5406.42	-2035.45	-696.893	-19806	41843.4	69049.4	37202.3	43926	-13664	-51754.5	-77468.2	-17447.6	-1355.19	1538.87	-19127.2	-101.47	-34065.7	8061.56	1474.84	13498.3	11138	10961.3	-28424.5	8078.97	-41871.8	12861.7	2926.83	-249.951	-24120	-3184.08	6109.47	-9024.59	21761	15299.5	23238.4	-42404.7	-16953.1	-17923.2	-10981	52578.7	11951.3	29900.4	-94433.4	30586.7	3418.94	-35276.2	-18038.6	18573	-32904	-25634.1	-11403.8	-22146.6	-20780.7	-4654.88	5100.86	-1274.03	-26218.5	-31757.1	-5711.51	11211.6	3894.6	-13835.1	36372.1	-11723.8	-14727.3	13475.9	2667.37
8000000.0001	-24023.5	-14381.9	5626.67	56287.6	-1117.52	2873.49	52047.3	-64165.6	-13609	8904.1	-26262.4	-2385.31	23506.6	-33205.1	47776.3	53413.3	-20102.4	43015.6	14736.8	42238	22331.1	49172.3	14975.7	548.693	14251.6	-9988.8	12264.1	30386.2	2797.86	25734.7	-70867.9	17549.9	-4226.45	-39491.1	-20029.9	37452.5	31589.7	-20636.2	-47260.6	-25533.4	-33211.8	-25649.2	55717.5	22472.5	-2972.25	-1968.61	6460.25	-3336.9	-27135	-14139.4	59610.6	11590.6	57376.3	52127.2	-16940.1	-74669.2	20421.8	463.191	-4590.48	10268.2	-11318.1	2280.15	28968	45786.4	59331.6	6502.34	12868.9	12805.9	17992.8	7924.5	6239.02	41715.6	-16917.9	-19728.8	32217	-28510.9	31990.7	21523.1	27140.2	-46471.4	-17226.9	-22617.5	-51674.4	9091.24	18066.4	1676.46	-29278.2	26110.2	3197.84	16114.5	8910.12	-51732.3	-37501.5	53622	-10481.9	-15320.7	-27536.3	21994.9	264.689	10175.3
8000000.0001	12484	13187.7	1503.93	6649.8	-4926.52	33003.9	6942.9	-1191.67	8268.62	62618.1	-30899.8	9061.48	20164.6	-25082.8	45908.2	-8823.21	6718.13	31982	-16987.9	-7725.85	-18530.9	20051.5	44865.6	-54998.9	6406.37	-25243.4	-31744.7	20684.5	5422.37	20008.1	-19940.3	-11730.8	-9057.14	28996.8	-65253.4	20738.1	-3225.85	1796.93	-9186.06	371.189	-40181.4	-3079.31	16832.8	-19439.5	25268.7	23408.5	18752.1	-17994.4	1598.09	19429.2	29717.2	-29740.2	-23393.7	5746.25	58857.3	-41114.6	32254.9	-53697	10575	-4244.36	38286.7	22073	-12159	54887.9	5090.99	5448.53	42979.4	2865.02	-3328.87	6595.37	15559.6	-36708.9	-18163.3	19688.7	-22497.2	34411.2	19500.7	-18382.1	22233.1	9492.94	7669.09	-320.94	42565.7	-23073.5	-22489.4	49508.1	17218.7	72532.8	-29275.6	-28075.2	10408.7	1779.16	9002.26	-2477.98	-1251.88	-9356.78	-1492.35	-17415.8	-2882.09	16075.4
8000000.0001	50.8183	-23322.9	29087	42131.3	5851.9	26387.1	-43111.6	-13771.5	8758.14	20590.1	-13133.2	14748.7	-2395.43	5022.88	-12204.7	-32123.6	4977.95	19067.5	-4951.52	17029.8	20987.1	51144.2	26797.2	35468.1	-3398.95	-15164.9	-16764.9	2689.73	6823.47	-46911.8	-55913.8	-11153.8	13955.2	42165.4	8510.82	30701.8	33237.2	26713.8	-26773.7	33952.8	-5246.5	-20061.3	-18064.6	-16924.9	4653.37	-44952.5	-52380.8	-28971.3	9899.43	-22790.3	3887.9	-1068.96	-29391	-22418.3	43111.1	14982.4	19474	-36384.7	61550.4	-3545.22	-24577.8	6007.86	-34217.5	4683.68	31781	27018.6	18252	36620.5	-42134.1	-32658.8	-32159.8	-30692.5	-31983.7	-8443.19	9045.07	-16116.9	-41179.5	578.476	-39588.8	-38874.5	28717.9	-37257.7	-42918	43124.1	15275.7	10941	43650.8	28445.8	-17476.3	53391	-2884.92	2733.99	48919.2	40549.7	-29308.8	26017.3	10400	-228.82	26741	19461.4
8000000.0001	29386	13809.1	-28812.4	43818.3	34191.8	-50652.3	58800.6	-4277.91	-4264.19	-3955.23	51028.5	47839.1	-33186.3	-31844.7	-21456.2	-17152.1	10831.3	-4300.12	-6692.18	23763	15505.6	27483.4	-12237.7	-13295.8	31713.5	-22605.2	20109.1	27097	-22549	12873.4	-47291	40139.6	-8271.21	52884.1	32833.7	-38789.6	-77946.6	-8508.7	-330.021	-1737.9	-17770	-23528	13002	38196.1	-27136.8	133.416	13592.5	-27184.2	13375.9	-16935.7	-2411.43	-39209.2	-24480.4	6425.06	-2043.72	11906.7	15961.5	37127.6	33282.4	65395.3	-12079.9	151.179	-97602.3	33528.1	6521.88	-1926.1	-37937.1	-46857.7	39164.4	21134.1	24139.8	-37277.2	-27220.3	-13876	23866.1	32969.7	-18492.7	-32621.8	-526.033	22390.8	16203.2	-3242.58	-5400.08	51385.1	2871.29	57942.4	-14600.3	31191.1	6904.53	-31702.6	-19048.2	-60967.8	-8097.9	20932.1	36310.4	4061.18	-8322.72	3035.23	-20803.8	18010.7
8000000.0001	19397.2	-8419.15	-7852.1	32137.1	35312.9	-28812.2	-56121.7	-9062.41	-9798.55	16729.5	16955	-4355.5	-5195.45	-45150.3	-19267	55936.5	38895.6	53621.7	-20876.7	-21921.8	13790	18673.8	43079.2	-66825.8	-30284.6	-46623.3	-25346	-15636.1	-13296.8	-17296.4	36634.9	-627.263	5615.51	-6252.4	14184.9	-6338.7	515.257	-11468.3	37801.1	2536.88	-33228.7	-12178.3	-12408.9	-4671.4	16974.9	-22214.5	-889.112	-28423.5	-6342.4	-29132.4	59636.7	7905.69	-19492.1	22013.1	-435.57	49776.3	33691.2	13244.7	-2981.43	-43078	22623.5	40523.1	-40711.2	-5281.19	-7925.32	54798.3	-985.821	-12536.2	37964.6	55629.3	-26212.4	12566.9	-9272.54	22904.3	21777.7	6643.96	10525.7	36594.4	-12769.7	-59524.3	36087.6	-26643.5	8182	-28868.9	16279.8	22757.1	1916.6	32932.6	20322.8	-53874.2	8083.69	-34893.1	-11089.2	-91429.5	-18503.9	-21719.4	21502.9	-23610.3	-23207.7	22441.6
8000000.0001	13681.3	-17906.2	24004.3	-44717.9	-61146.9	-30316.4	-14966.4	-38077.2	2196.48	45130.7	29202.9	4848.57	-16216	-28532.3	6089.75	-2460.16	3089.92	7412.55	-23567.2	-24029.1	17404.6	12606	-65931	46139.4	47368.7	10152.1	-31417.5	-9104.42	-38963.8	-9749.55	10481	-1936.46	-31554.6	-20861.5	11196.7	-35847.4	-7310.98	-7494.71	-6404.61	19023.3	-35758.2	3921.27	-5574.92	42674.5	1914.56	33149.4	-20272.9	37478.7	10877.8	-16411.6	-13308.7	39000.7	52303.1	-521.065	-4890.89	-13939.1	22593.3	12496.5	16703.2	4366.71	2370.42	66119.5	-34855.5	9100.55	28913.8	-19161.3	35211.8	20065.6	33266	22439.4	-13788.3	-41152.8	-25242.8	2802.72	3203.75	-41002.2	59632	-7542.48	-6181.28	-19339.6	17926.8	12287.9	-11613.8	29302.7	-43002	5744.84	22274.8	14389.7	32931	50216.6	-44787.9	3602.27	14179	-13508.4	-49532.3	3708.69	-12158.5	35759.3	56931.1	63476.6
8000000.0001	43838.8	12216.6	20847	7363.84	-33123.7	-32059	-166.369	-35020.7	-5148.22	22276.4	21667.5	19188.3	38849.9	-421.493	15401.8	35447.1	33651.9	15857	30253.7	-1372.02	-18745.6	-1398.71	-15604.8	-14566	10974.4	40676.3	-26610	31980.1	28517.5	16918.5	16762.9	-29587.1	8541.87	11242.6	-59032.8	-9960.44	60823.5	18369.1	13254.6	23639.4	-16549.1	-70153.9	36231	30223.8	-944.058	10976	45833.2	-52636.9	-24681.1	-25299.1	21973.4	-83822.4	14571.7	-22812.5	7173.88	35377.9	-63590.7	26084.1	3014.83	6865.6	4130.59	43548.9	-28183.6	9204.54	21333.3	6804.01	-3651.97	-34014.5	26580.1	-14419.9	38367.3	-16264.1	-4664.08	23545.6	-11606.8	-23407.3	-4774.86	-21334.8	29158.7	338.84	6128.96	-14760.2	-19147.7	-12451.8	-7022.78	8248.08	-6109.12	-4699.19	-52972.9	-34748.3	41613.1	-22901	-34243.2	29956.5	28958.3	12043	9493.75	-10434.3	82286.5	23028.8
8000000.0001	-65544	46305.2	18092.6	16536.3	12200.8	8670.76	8127.16	15447	935.407	-24455.1	1186.8	41006	-15315.9	1629.63	-23368.6	-36394.1	6942.55	-22624.3	57889.6	17642.1	-18124.4	-46642.3	-6461.45	-12307.7	11535.6	-8620.51	20492.7	-20761.8	45955.6	-29530.2	34733	22397.8	-28438	-4287.95	34015.6	1453.97	3020.8	60680.3	22828	39452.9	-9208.84	-31199.9	25905.5	40960.3	-3136.63	-2252.3	1311.42	10065.7	44227.5	24000	-2313.54	-21514.6	1178.88	-29604.5	32780.1	3778.99	-22086.8	14422.9	-41044.9	16309.1	47011.9	30751.8	-12403.2	42885.3	5915.03	12158.1	-16289.7	15949.7	86417.2	3079.15	-13721.7	15762	13899.7	7192.94	5039.13	2889.09	-29719.7	2351.05	12950.4	3563.93	8611.01	-22426.3	15198.9	-12257.9	15162.7	-21770.9	22983.8	-32837.1	-26260.1	17464.3	-31223.5	-63509.4	59064.5	14681.4	-7177.9	-24234	-33643.6	-14134.7	-21693.5	26392.6
8000000.0001	38294	57613.6	17473.7	6909.13	-29864	53812.2	25012	-29964.2	2654.21	11184.5	10427.9	-27306.9	-31041.6	16391.2	-21886	16867.9	-499.498	-2745.48	59390.1	-13456.4	40309.2	-2267.44	29558.6	4172.53	21083.1	28245.2	8026.46	-45671.6	3344.91	-46255.1	35562.9	30965.7	2086.55	43372.4	18768.6	-8731.09	29502.1	-25734.3	-16053.2	32653.6	4961.52	30667.5	-20539.7	-27114.4	33427.2	-45286.3	-37894.4	-18092.8	35606.5	20199.2	39756.1	23874.2	-10521.6	-37238.8	-5149.77	57859.8	-24791.1	4399.71	-50454.8	15210.1	-44709.8	24204	-39875.1	-16837.1	-41484.9	-4426.58	29812.5	-9659.99	41578.7	27289.7	6269.9	24729.7	48852.8	4079.71	10109.1	42143.7	2207.25	-47654.5	-22071.9	37653.7	-25183	30041.2	537.103	-28904	4104.36	17938	-29599	-59838.1	18738.5	28647.9	8700.91	-4096.08	12148.4	-12132.2	50155.8	6942.71	20727.7	-7772.94	-26793.2	27059
8000000.0001	-9016.23	22709.9	12793	30020.5	10183.2	2708.28	85669.8	-518.852	12101.8	36898.3	30757.9	62278.5	-46919.3	17072.4	4772.22	-35000.3	-9602.8	195.835	-25007.5	7666.51	47954.1	-11061.4	40819	-8590.41	44762.1	-45819.1	-6408.11	69027.6	-22373.2	12471.6	-11839.5	-15117.3	-5274.07	22498.8	-1711.76	-22169.1	11755.9	-16049.1	35477.2	-60407.3	27799.7	55900.4	-22136.4	-20893.5	845.834	-15481.6	-33955.9	6938.14	-28285.4	39064.6	55064.8	27523.8	-35800.7	5421.87	-22103.1	-27746.1	6760.09	7786.03	-34883.6	25953.2	-24054.3	64291.6	32153.7	-25493.7	-5984.31	5201.45	12940.9	-22641.5	21552.2	-31496.8	19142	-30337.9	15042.4	28729.3	-19612	8001.58	-23802.6	-3050.89	-29256.8	14639.8	-33344.6	-2001.08	11.5065	4144.94	5887.39	17067.8	-767.639	-29801.2	-3963	13197.6	32419.6	-17035.8	-10277.2	13499.7	-2313.06	5447.53	31290.3	-35538.4	17547.3	-29736.3
8000000.0001	5712.2	-11409.6	16831.1	14199.4	-1486.1	7936.86	46525.3	42650.6	2050.08	34017	28368.5	-20314.4	-2861.55	44057.3	35199.2	11103.2	42774.5	-2779.01	866.362	-36691.9	23322.5	49540.4	12573.4	-5561.72	1685.7	-17647.3	30329.4	30235.6	16189.9	16619.7	-11279.4	-42375.9	-17152.6	1535.74	11931.6	-7175.32	-26275.3	11809.3	-19005.9	-52925.3	20360	18561.7	-24868.3	-19998.2	-5774.39	24962.2	-9244.85	31995	-35738.5	18818.8	-25153.4	15440.9	12639.5	8664.39	215.027	39806.7	-5209.99	-41877.3	-18507.9	50821	-71905.5	288.165	27040.7	-7329.1	-7334.32	-44780.6	44758.2	-17263.3	-743.059	-24698.8	3430.38	-6043.74	-4228.96	-5337.17	-50002.3	-62334.2	10346.2	-20637.4	11055.6	-21697.6	7278.11	-37642.7	6824.67	15160.3	30299.6	-19549.1	13695.6	-50239.1	8860.64	48047.3	9401.19	42285.9	-12010.5	38694.8	30285.8	-37528.9	647.822	-29556.7	44767.9	38861.1
8000000.0001	21579.6	8917.31	5884.17	10307	3571.37	-27644.6	-55847.6	-3214.51	17197.8	-7356.5	6919.91	11311.6	13321.3	2612.84	30525.2	9278.44	-27671.2	66012	-23127	-24286.4	-5834.09	25342.4	221.021	-48009.7	18875	64132.7	-13106.6	14493.6	69038.5	1595.52	4562.5	-31424	55220.3	-14625.3	-35661.8	-4516.46	-18580.2	14925.5	-56112.4	-2889.26	-7983.7	-24256.6	-783.744	-28141.9	-23713.6	-25157.7	63199.1	-6100.43	34992.2	-22097.6	-42097.2	-24474.1	39784.2	-65735.5	33212.3	-23002.4	23053.7	-157.192	-25619	48876.3	-1036.27	14737.5	18415.1	-55539.7	-12698.7	-28613.9	-19921.9	-20353	-17084.4	-35200.6	29006.6	34171.7	44708.6	17859.6	12565.9	-37999.2	-22325.3	26394.8	-4625.89	24196.5	21235	35282.9	-66654.8	21802.7	14539.9	20781.9	-33647.4	34660.3	5469.02	-5490.39	-11775.6	-10439.4	8943.82	61605	24556.8	-30627.3	-11064.9	7581.6	1641.23	18758.2
8000000.0001	-10940.8	1243.86	26834.4	-81603.6	32501.3	3494.34	26745.3	-5181.76	-56958.1	10092.8	-22573.8	-10720.7	4502.66	-13742.7	-28029.3	-31006.3	-41237	40261.4	-27415.8	12914	45255	-14323.3	-5961.12	11495.9	-11428.1	-41925.2	-38823.7	-59405.8	12785.1	13297.5	21174.3	-25230.3	23855.2	-32355.9	3926.39	19657.5	56783.1	17707.1	5797.58	-3363.48	-24667.5	-19294.4	43007	-43009.2	-8278.89	-24062.6	-51385.7	-10067.3	-21811.4	26194.7	-20034.6	-8347.18	-46824.3	-44672.5	-38543.2	47962.3	-3292.22	20820.2	16264.1	12069.1	-20774.9	18350.1	-10821.3	18220.3	-58007.1	41896.7	29847	-66234.3	-60816.6	15436.5	-12166.9	-28062.8	-43277	-9210.06	-10917.3	-4322.37	-19902.3	29603.1	26145.8	40427.7	-403.02	-2736.3	-14466.2	-28170	13510.8	24904	-26122.5	-42343.7	-24444.7	-56302.4	-45729	15193	20074	-1181.25	39013.6	40348.8	-13684.5	36413.5	17078	-15044.6
8000000.0001	-1643.66	13068	81951.9	-3525.62	-748.081	26874.1	-28803.4	-360.432	61581.1	27333.1	-12935.6	-37871.8	-10996.1	11192.2	13586.4	24501.6	19649.1	50026.6	12314	-27136	26557.3	-2227.76	37633.6	-6737.65	6434.63	9300.04	-15225	2446.7	43407.3	12193.9	-37646.9	-19193.1	-7436.05	15664.1	30299.7	-22156.9	-7352	24109.4	-9697.43	-16962.3	15219	-18052.8	3616.58	5967.51	-36806.6	-24362.1	-52759.4	-7257.4	31008.9	-21695	46085.6	-15896	20041.7	2961.23	-16116.4	22354.3	-24353.5	32409.5	-14698.2	-17960.3	24402.9	-2935.36	45001.5	-36146.3	-16747.3	-23969.3	-40655.4	-16571.5	-26503.8	10293.3	8954.4	-24525.3	5819.74	25483.8	-35766.5	-12994.2	-45029.4	9780.98	-20578.8	-7581.86	5224.65	-9507.44	22969.2	-37669.1	-7890.47	37227.1	-43405.1	-3006.42	7323.79	-29025.9	-29466.2	12649.7	-31815.9	-51419.5	5098.02	4318.96	-23123.3	-20345.8	7206.09	-2676.15
8000000.0001	21382.3	32086.4	38206.8	407.934	2349.66	10672.5	-15322.9	-15443.1	32692.6	42923.8	-6893.62	14377	-50697	4952.33	9960.94	11667.6	-65375.4	-37801.1	-5155.68	-6158.9	-15314.6	29709.5	-27399.7	16228.8	-46334.8	55443.4	-18599.4	-36614.5	9041.54	-11524.3	16222.8	-9560.55	10400.9	8137.51	594.2	-35981.8	-25426.1	5153.51	-14982	-39924.2	-9583.27	-183.286	4916.34	3917.87	-13462.1	-7342.8	-8367.52	50461.3	637.567	5353.61	-3661.83	-25522.8	5067.02	41655.5	-25894.5	-30486.4	14497.8	44130.2	-6405.92	-7064.64	-19961.6	25479.6	16546.9	10572.5	-13106	-41813.3	-2995.53	-49855.9	25834.1	36946.1	10549.3	-11412.1	-40946.1	-32666.8	26571.4	-11734	31249.6	27335.1	-2344.59	53239.2	-24829.3	-8311.82	79358.6	-49702	1910.68	22251	3921.06	6402.24	63703.5	20288.4	-28378.5	-21547.7	14930.6	17116	-5248.8	275.316	4556.93	22561.3	31676.2	18135.7
8000000.0001	4416.44	-2179.44	-5486.65	-10540.2	-9468.82	1582.99	-23419.3	33211.5	-13670.8	-8157.66	1859.81	28936.3	-5307.48	1801.86	-31383.2	-20879.1	-43907.2	-18017.2	22554.2	-12972.9	-27840.1	2754.83	-25282.6	49798.2	-43635.6	-10348.1	-29587.8	38560.1	-23423.6	8270	8487.73	6141.41	27587.5	42413.7	61012.5	-28930.9	13.8651	-16035.4	6450.55	-27554.7	9230.26	54162.8	-17877.8	-27193.4	4780.77	-24535.1	-18130	18875.7	-26887.8	31903.2	-6627.76	24544	14969.1	-5802.83	4773.54	-24787.8	-3683.17	-2862.39	-5837.06	9194.73	-40233.3	-22359	13177.9	-22802.4	-11974.1	20244.7	-8906.58	-43604.4	14274.7	49471.5	-27011.7	39386.5	-37588.3	3017.03	4009.33	14225.4	-5743.07	977.497	7910.18	32945.2	35358	16378.2	41096.2	3438.72	-27225.3	12142.4	28114.1	-35924.1	-35034.4	14824.6	-3086.92	-7047.54	-19856.2	31932	-43282.7	-22578.9	-20222.5	-22420.7	52198.5	58974.6
8000000.0001	-57332.3	-25479.3	17497.5	16130.6	-34940.2	-12314.9	303.1	4510.72	-12780.3	-16836.7	9303.63	2583.69	-27005.2	10970	4646.83	-3556.76	-45033.9	17970.2	19895.3	-2213.05	-5164.1	-1965.45	13411.6	-1250.36	21552.4	-14287.8	14708.4	3661.92	26172.6	-19113.6	-695.769	10874.6	8715.67	-7548.03	-8670.72	12482.4	40199.3	20775.6	3842.25	31146.6	-2572.38	32875.2	48669.2	-27150	32726.6	24638.7	-33217.2	9789.59	6055.84	-14845.4	-48429.8	-5320.65	-37152.7	39379.7	20456.8	-11763.2	-2841.2	8969.08	-8479.9	-819.438	-47920.4	-3192.09	15139.2	42847.8	10463.4	6846.52	-53669.7	31915.3	1381.39	-25913	-29017.9	18925.4	-16908.3	22993.2	-9896.92	-42334.7	-2756.3	37356.2	70768.3	30885.6	1871.87	-4204.57	-7537.11	2072.94	-6558.67	42972.1	7548.16	-6326.43	24344.2	467.944	51969.6	1197.14	4845.54	-37848.4	12777.5	-38025.9	-34479.9	42356	75.0808	44720
8000000.0001	-11471.1	-548.957	-39195.6	12530.7	1810.86	-16346.2	-19679	22239.2	41119.3	-25511.3	32039.9	-17836.1	-50746.8	-40952.7	-7815.59	-1492.46	-18255	-60251.5	46263.2	21776.7	2697.75	2748.71	31722.4	-44586	-16506.5	-39398.5	-20145.6	-6260.25	29142.6	-16646.1	16388.4	-29660.6	23047	13667.3	-22871.8	9997.44	50926	23619.4	-52.9911	-30170.5	17848.4	-5443.64	20663.3	31556.1	55430.1	-20979.5	17594.4	-27600.1	14864.7	1559.12	22470	32481.7	18233.7	4205.88	45684.1	-55505.5	13051.1	-42296.6	-18623.1	-6868.77	24356.7	-7322.26	-34099.5	47941.4	5982.68	-5775.63	-48596.3	-21555.2	-8927.44	24947.7	6746.71	-2972.9	-11601.5	-4872.44	-969.397	-24588	-16034.6	-28838.2	46351.1	24095	18966.6	-14113.6	2555.77	18937	-31730.1	-24318.4	59447	-28277.1	40719.4	-44345.4	-48057.3	18995.1	-7199.64	-27644	-49261.9	-29667.3	-11576	51969.6	1707.21	21644.4
8000000.0001	-4535.76	41546.5	44689.7	23076.4	511.766	-29716.2	22915.5	-20650.6	-3781.67	2643.72	25917.2	42412.3	-10075.8	21163.3	58080.1	-35067.1	22679.7	-41288.3	29324.8	-42577.9	25554.7	-44149.6	1833.56	-5916.78	-19275.7	-46716	8650.99	5147.68	39696.9	31201.4	-37681.2	-7876.2	-5406.52	63958.3	26731.4	10194.3	-14310.1	22889.4	-16182.3	4470.76	37053	-45907.2	23302	38557.3	-63233.3	81272.4	-28541.4	50881.6	-7967.61	-5692.83	32151	8190.97	8783.62	32279.2	-29274.8	-12276.3	-55593.8	6747.61	35092.4	48208.2	-28704.5	-19949.4	44851.6	-34519.8	42211.1	21716.1	-48510.9	4015.88	-13726.1	24066.1	-20086	-24305.9	32591	-83739.6	192.97	-32734.6	-593.531	-6698.94	31934.9	41862.4	-20686.5	17136.5	6458.24	33756.2	-451.617	-18551.2	-5928.28	9682.18	-48418	-21344.4	39207.1	14223.8	11607.4	-11087.4	8242.46	-28583.5	6251.01	-3055.77	-39280.9	-18034.8
8000000.0001	58313.3	-911.556	30929.2	22046.1	-7786.53	-25738.8	4971.43	4855.17	3561.75	44960.8	-49000.1	22823.6	4470.44	9663.89	2873.05	-4844.8	35640.5	59170.2	5667.61	-7862.89	-5460.32	-20445.7	-6616.71	-7147.9	27056.9	2561.1	-10288.6	16055.3	16997.2	-6668.35	34129.4	56886.7	-40983.8	4097.67	-48863.5	19899.1	-21906.1	20638	-54141.4	776.829	-764.943	8869.29	92.1061	36017	-31731.7	7381.18	14508.5	2001.88	16174.5	-33233.6	10772	-15283.6	-33777.6	21157.3	-1655.75	-4399.67	5488.12	20697.8	-6040.69	-11542.1	9467.16	-22927.2	-5935.93	35501.3	11482.7	-17360.2	47532.6	-18602.2	-17539.2	-26930.5	2088.31	-8287.23	-5582.2	2339.78	-17544.8	15221.2	32596.2	46801.8	37854.8	44900.7	27332.7	15288.7	-24651.3	35916.3	-18113.3	-3930.18	-24745.9	94273.6	-7490.08	-4250.95	29302.5	-12659.8	22242.6	-46375.9	-27061.3	6240.73	47760.9	-48876.6	-15562.8	2877.16
8000000.0001	58458.6	-25660.2	13120.3	-23534.9	4211.75	4131.69	-41171.9	-8288.29	-18195.8	-16369.3	-25445.3	7408.52	-20980.7	41953.3	-7599.38	-20176.8	65255.8	5695.2	-26385.3	56719.7	-29212	-16527.7	20729.3	35016.8	54618.6	25392.4	22148.7	-30801.2	15286.1	4223.13	20167.8	-253.419	31188.2	-19581	-44460.4	-10270.9	-47347.2	-44050.5	33360.3	1516.56	-89463.4	31450.7	20669.4	-63185.7	-7246.65	-28118.3	-22283.5	-12616.6	-53519.5	28335.5	-31078.6	12827.3	9768.81	29309.2	3311.81	5203.32	39760.6	-8053.75	7466.47	-34090	-27157.6	-36010	-13502.3	11882.4	10141.7	37809.3	-6838.06	16372.5	37159.7	-36295.1	23655.4	-18688.3	-19840.7	65821.7	-57702.4	17143.8	-21536.1	-12244	-14775	32248	44457.2	-15511.1	-2004.27	-62682.9	-12023.3	12488.3	21412.1	26779.3	-16664	-74565.8	22541.1	34482.2	-19151.3	-25141.7	-13389.7	35652.8	-37577.7	-30671.9	35119.6	18878.2
8000000.0001	16430.2	62769.1	17792.9	28725.3	-88032.9	33209.1	-29089.9	22884.1	-68695.2	-23296.2	34173.4	-69514.6	-27574.8	-37938.1	55695.7	30457	46899.7	-21202.4	-5229.38	11901.1	-5784.17	27633.6	21256.9	-13821.1	-2691.11	27443.8	-61281.8	15424.1	-26757.4	-9118.94	-5550.43	1029.11	14606.8	-3270.1	-19411.2	10029.9	-27637.7	40121.7	-14707.2	-14893.4	16781.1	-11148.2	-68951	-4437.46	9797.14	33423.6	-65944	478.758	-12733.3	26048.2	-32932.2	-34700.2	-10865	25154	-28197.8	-1048.83	-7998.41	19922.5	47756.4	33063.5	28202.3	12698.3	17257.4	615.296	4150.49	14649.5	17383.5	4523.12	-1679.96	49797.2	-25655.2	2817.6	23787.2	-34190.1	4430.13	25542.2	-9996.69	1687.22	-6768.52	-47416.7	20822.4	-15647.7	-25773.3	-18.2933	4606.57	-19658	19646.8	8158.22	15980	-24806.1	-55246.7	-25925.4	6787.02	-9022.31	-7863.92	-11645.3	-38665.9	22525.3	17118.8	20617.9
8000000.0001	-6066.58	1623.46	17055.7	36379.9	-433.357	-31540.3	18611.4	2161.16	27929.5	31340.6	5463.41	-4332.09	-41399.6	-36095.3	-11450.4	19040.3	48850.5	-6675.67	-35386.3	-2732.28	56818.5	-9867.24	-29387.8	-14846.5	-34178.8	-18468.4	17427.4	-19332.9	1516.94	-15668.6	-740.074	-35480.5	-3098.23	9043.52	-2895.23	1363.05	-1168.09	-18666	-9336.89	-7670.85	-61115.4	-7149.68	-74440	-31519.2	-14892.1	-29577.8	34557.9	21344.3	-22198.5	9393.13	14580.5	1256.97	-34384.7	-75160.4	-6021.84	-3523.19	-32018.7	-79743.9	35036.6	-22667.7	8269.33	45570.7	25123.3	-6253.31	9412.93	6968.01	31513.3	-9775.27	-22675	-9216.09	11713.5	-20700.8	-38886.7	-57059.2	18579.6	-55458.1	55257	-4173.14	15250	13465	38142.6	-1585.68	1709.82	8635.53	766.417	14378.1	-32837.3	4788.32	-31011.8	5002.15	6647.29	-680.914	-6246.72	6770.53	19102.2	47382.7	-30770.8	40649.8	4561.07	-12955.8
8000000.0001	-8684.88	-19727.8	22006.7	17651.2	40074.1	-16855.4	-14036.1	-5259.91	48236.1	-4931.01	-187.349	-16463.8	15143	-6736.32	57836.4	1349.58	16411.4	-25800.6	-8143.06	12805	-15792.8	16098.6	-27880.4	-5067.41	-10552.8	-8429.92	41516.6	-6438.85	-43637.7	14644.2	-27501.9	-31343.2	61823.2	-19154.8	-62680.2	-12598.9	5664.35	-14276.6	-579.713	-4626.44	-5913.47	-40987.6	-20049.1	-84646.6	5400.92	-35547.4	2283.84	26009.8	-15332.1	-12180.2	-2729.88	-7762.13	-40165.6	32952.4	26746.9	-13749.3	20476.3	10198.3	10330.8	-31835.4	17517.4	1093.04	-23748.2	70926.2	12312.6	-4277.2	-12451.4	-6818.2	-13469.3	-35547	-22798.9	31701.8	-26262.8	-25795.9	-6407.76	-43927	17501.2	24514.8	-56801.2	35770.9	10399.8	3582.5	-44821.7	-6187.57	3724.57	8820.28	9909.39	-14972.6	22085.9	54599.7	-1573.58	-50669.9	-9018.24	-34315.7	-22678.1	34654.5	16099.1	40782	-31099.9	3219.38
8000000.0001	-14922.1	15693.8	2360.12	-14237.7	-23871.8	-126.418	-18732	-6796.6	2327.92	-29925.7	54417	-9928.84	8005.91	-2580.04	21281.3	3100.78	11853.5	-3058.64	-31928.9	44406.6	38863.8	12245	17710.6	34095.5	-13305.8	-681.373	-6182.92	-7463.42	-6922.63	26866	-26632.8	34954.6	-36686.7	15752.6	-8946.93	-18407.1	15591.9	-3938.34	35662.2	-85038.1	-1419.6	-57977.4	36343.6	7867.15	9866.12	16770.2	-8684.12	-3069.7	-17541.2	71621.8	15890.8	10496.9	-53671.9	-30793.5	-18955.3	3703.4	-28754.5	-10491	20830.6	5510.18	856.813	-12089.4	-34859.1	9535.8	6866.24	-50249.8	-28256.5	22842.8	-6442.59	-30909.9	56130.9	2920.77	14093.8	-14298.9	5546.06	-28464	11742.7	-2081.12	396.211	20357.8	-35904.6	67646.8	-11569.3	43995.2	-48288.4	-6274.04	-52966.6	37541.5	14965.8	26964.9	-18402.7	-23906.6	-33032.1	17833.9	-50163.2	-19866.7	-1938.98	19616.2	-4458.86	7662.41
8000000.0001	31511.3	-27526.8	-8650	68090	-36269.7	13917.2	-26384.8	-25491	-38719.3	835.893	19551.5	-69373.9	-58737	-2397.87	444.905	22376.1	-17834	-34695.9	-52417.3	-44394.9	1157.41	-32494	-9878.21	6752.5	-8717.64	-48425.3	6741.38	-57378.9	-11660.5	-54983.6	-10004.6	-33940.8	-37043.9	-16606.8	42638.4	16799	-37918.9	-4860.09	12952.1	27908.7	-10145	78374.8	-13085.5	5631.21	-36375.3	-23665.1	-19478.3	-12199.9	-21512.1	4332.43	7584.67	-11531.3	-25704	27990.3	24211.4	-8670.5	20469.8	-51597	11354.5	-15183.7	993.832	37404.7	25315.6	-13351.4	9010.11	19215.3	-1080.86	-24142.7	922.676	1496.79	-20043.8	30342.1	59577.2	-12221.6	13237.4	-53022.9	60240	-37865.6	237.573	13608.1	-2578.63	-17379.5	-8318.39	-8298.18	-6440.45	21445.5	-14794.6	-51327.5	-16762	-14853.5	3574.12	28393.5	-75967.7	-24950.5	23420.7	-203.923	-40137	-33686.2	33550.2	25867.2
8000000.0001	49952.8	9037.74	6931.41	-10992.6	-33271.8	47217	-21327.9	-2595.73	22243	5212.64	59031.8	32342	-6219.67	24351	18390.1	9386.15	22406.3	48752.3	-11269	9847.09	2168.78	-4124.55	6604.17	17940	12555.2	-11246.3	28441.9	-15519.5	26158.8	-86768.3	11331.4	24833.4	-521.67	36306.3	-2788.86	36146.5	-32329.2	-59199.9	5894.39	22613	-44938.8	-11438.4	-35909	-23692	29615.6	-42285.6	17282.7	-41831.5	-28675	-7953.06	19938.9	2904.59	-54426.7	-7625.64	35313.9	-31171.6	-27100.3	-35380.5	-40111.9	-4446.71	23335.1	-15459.8	-29057.5	11767.3	-17523.5	-16796.5	18542.3	26085.8	50116.6	40874.1	-5849.36	-8496.94	10305.6	48844.6	11122.6	-19290.6	-55449.6	-19485.7	-46310.7	18644.2	-23329.1	-18882	44604.4	59487.3	-11292.3	22582.3	-13109.8	-43265.9	34528	-14036.4	19642.3	9781.82	12523.7	-37593.3	44227.1	-44277	-31626.7	-19256.9	-63122.3	-24946.3
8000000.0001	-39748.9	-33741.4	-53922	16087.4	-14786.5	64674.6	-17440.6	2365.72	-34222.1	23899.5	28650.1	29452.5	-22264.4	-53368	-915.629	16642	20317.8	-13513.6	10603.7	-4123.19	7785.8	23303.4	-19622.5	-8765.67	-12119.5	-31591.9	11712	36732.9	-23608.1	22501.7	-23425.4	10328.1	20839.6	-22600	33006.7	-10452.4	-36634.4	9276.72	42424.1	20909.1	-49040.2	34243.1	5304.72	40912.5	-44925.1	-30120.3	-3030.16	17807.5	-65103.3	11148.5	-5052.94	-25908.3	-44301.5	-62832.3	-3278.4	15403.3	-18015.8	-23583.7	8378.81	38668.2	227.089	10022.6	14127.9	-9407.53	27098.7	33179.5	-82845.4	-29020.2	6555.76	-40775	-21045	-37511.5	48075.8	-56431.1	-37457.4	19077.9	-32357	-105.076	40316	-19351.7	-23313.4	16023.8	53834.7	-1926.47	17951.6	8314.96	7029.98	-46787.4	-778.215	30005.1	5984.67	-773.786	-32192.2	980.456	-31323.9	19004.3	-45646.6	-14027	30003.6	-18829.3
8000000.0001	10703.9	7108.68	19950.8	27810.8	-26154.2	-18398.9	20385.3	17425.9	2606.53	45877.2	7973.34	-42069.4	-10296.4	14849.3	27196	28344.8	4035.11	-11870.5	3356.3	21327.3	9057.43	17461.3	13453.5	5369.36	-7457.24	-12957.1	-19107.9	-6396.56	-61801.8	32797.7	18763.6	-38388.8	-37265.8	33559.7	7035.32	-46351.7	10576.7	32710.8	-33819.2	-36651.5	58791.9	-19449.1	3158.6	-10145.3	60245.5	29914.6	-24556.6	34445.7	-17238.5	12173	-8530.53	10679.5	49231.5	-31733.8	-34147.1	44844.8	-76399.9	-41692.8	35604.9	-26376.1	11353.9	450.748	-30040.2	-1156.12	-8152.16	-66968.8	40342.1	59728.7	-26700.1	22254.2	24861.5	-80607.3	-41938.5	34229.3	-1565.69	-45686.5	797.298	268.103	-46.1965	-18808.3	17605	13564.1	-16118.7	42019.9	30391.9	28253.2	-50091.3	10218.9	-32609.5	13661	-8109.22	4628.84	-45930.3	22309.3	25550.5	31790.6	2641.1	38250.4	-44952.3	17363.3
8000000.0001	1576.73	-19490.2	-19805.9	16429	20531.3	-24914.5	5317.1	-19528.7	9791.01	-64544.9	5984.76	27926.4	-15199.5	25233.6	-13012.4	-47373.8	6051.81	4368.14	-19480.4	20150	-3742.1	-8188.21	-4183.59	-26283.6	3909.49	-14213.7	-2404.85	-41963.9	-4742.22	-21348.6	-26130.2	-27332	-38752.4	28483.5	-48390.2	32540.4	4575.5	17146.2	19229.5	22165.6	-41105.3	14462.9	2631.4	48155.5	-24106.4	15414.3	43717.2	16919.1	6667	-5837.99	32888.2	-27072.2	32350.4	5396.41	40459.6	-5767.46	29246.1	10996.2	-16846	15712.8	-10338.7	-53067.7	-16863.3	-24626.7	-16223.4	13327.9	-37783.1	11279.6	40891.3	34644.7	24914.1	220.111	19155.4	21215.7	17876	80337.7	-51255.4	-37948.9	-1585.69	50471	-36588.1	-25509	-5425.74	-27905.8	-1533.61	-13088.5	-66097.6	36963.5	-16079.4	16156.8	-25272	-32690.1	-59743.3	33169.6	-50274.9	20657.7	19571.2	-20117.9	70634.3	15833
8000000.0001	61486	-24119.9	-52092.4	15594.6	43510.2	4063.86	10308.7	4333.88	26433.6	7522.76	1634.22	-3870.54	12184.1	12446.1	-27721	-21443.4	12202.9	12975.6	18756.8	-6243.3	23526.2	73226.7	-15603.3	25588.5	-35973.8	-41260.7	-29729.8	22041.1	-22190.2	16387.3	36184	-21676.1	22841.9	-11771.7	-53476.4	764.63	-32304.9	6569.16	-786.351	2453.71	1190.63	-4671.03	-4656.68	-52358.6	15386.5	-25798.8	-8529.42	-14621.4	-10638.9	24722.6	9469.44	36905.9	3549.69	12504.3	2019.44	-27062.2	-19257.7	887.393	-2402.52	16296.2	-52637.1	-11699	-24486.3	1433.37	-35410.2	15064.7	-17145.4	14180.6	-41193.8	-29312.9	6258.98	-44236.2	-36560.7	-49437	-44607.6	16200.4	29428.5	-17495.7	-20475	1970.52	6457.13	2131.83	-16474.5	-55640.1	-18976.6	11022.1	8081.84	29817.5	34980.2	17730.6	954.372	67635.2	-3635.82	-13441.5	-55787	-5723.93	19857.1	4709.73	-6679	-32794.7
8000000.0001	16097.5	4675.74	-10115.8	-36176.6	22327.2	35709.8	-17652.2	-21758.5	26102.4	15533.5	3311.65	-18213.2	-1918.62	-24192	-1677.95	-34875.1	-13087.2	-14015.6	17899.1	752.3	27490.4	36409.6	13537.8	-11484.7	-93390.6	38676.9	-11218.2	-32726.1	11997.9	2261.16	-6627.75	27259.9	-26035.6	36569.8	-26678.4	-17672.1	-44152.5	32540.6	-43074.8	32544	-37581	1773.44	-935.38	-32714.6	-14994	-38091.9	8839.96	-23693	21076	-3478.8	-1641.25	3778.79	-1134.45	14635.2	3555.64	11543.2	9365.44	17005.3	20683.2	37736.9	6846.83	51287.4	-6204.91	-5393.17	9061.05	7965.87	-21729.4	-56804.6	59212.2	16609.9	-19865	-32230.1	-7687.28	37543.3	55963.3	8947.16	14286.1	-8903.12	-13522.6	-1322.04	-12273.1	39470.6	39409.9	2717.74	-51478.7	-47901.5	42023.5	-63414.8	161.142	38927.5	-36479.5	5141.47	-2642.44	-12188.5	-9141.65	-3327.18	11903.9	5859.39	37405.8	-5934.67
8000000.0001	-14701.9	-41929.4	1871.92	10800.6	-1175.82	41966.2	-11428.6	-16603.3	38108.9	24085	30272.4	41072.7	-6970.2	-27286.9	-36879.3	-2539.37	14190.3	-275.721	3228.64	5411.22	-7018.14	-35173.9	27262.6	-30353.3	23396	-17653.1	48309	-58686.8	39709.2	-10438.8	22475.4	15304.5	-24857.1	-11475.6	-3376.53	18720.4	-45644.4	14886.7	-43528.9	-2771.97	-22253.8	15034.1	-3181.1	-2782.02	14956.2	14466.5	13118.8	22349.6	-32890.8	-23918.6	67249.9	-5820.4	35685.2	3882.69	-45768.4	43448	-9034.52	36664.2	28447.1	25507.5	-33363.9	-7115.32	-38743.2	-60030	42195.2	-6078.93	22416.1	22199.5	37026.6	-12443.7	60319.8	-34848.2	10231.7	-11547	-10712.9	26162.3	26989.2	-17620	14971.2	12620.5	15484.2	-8006.96	36082.3	30991	-14403.9	-57360.4	-14347.9	1935.11	-6843.2	21210.2	-11741.3	-7001.02	8185.73	2557.69	-16316.5	-39345.5	3285.23	-42784.6	58850.8	20611
8000000.0001	10769.6	-29541.7	-42738.6	-8074.71	-14427.5	29487.4	24648.2	-29876.5	-15661.2	20791.1	11787.8	-62113.6	-44872.9	-31290	-41022.1	-8975	8428.7	21408.8	31398.5	-6397.93	34686.4	-1126.64	-33297.5	19683.7	18771	-45385.4	-39369	14477	24908.6	23372.8	18660.5	-9788.63	-7123.78	43919.4	-9879.4	87635.4	-39132.9	-20634.8	-13499.8	18615.6	3390.43	-32147.4	5760.76	-45778.5	-10459.4	-203.949	3676.38	-7496.65	28433.1	4545.4	-19501.7	-18589.6	-47452	9103.56	-57713.3	-12149.3	-27458.9	49258.7	-7044.91	12244.8	-36309.9	-25262.7	-11538.5	-7009.93	61342.2	-8853.83	16812.5	-30218	21142.6	-32647.2	-9287.5	-16537.8	-16550.3	10038.3	8625.38	1370.1	8198.66	25883.9	-15049.3	8937.37	-528.278	-14152.9	5139.13	-6514.31	-49054.3	15954	-19494	-48949.5	-7702.69	19205.5	11789.6	-9120.41	5356.32	39011.1	15500.4	84244.6	13093.6	-12144.2	11241.1	-20133.6
8000000.0001	-39843.3	-2595.88	-35108.9	47614.2	31743	-48357	-13402.6	-45751.7	-10252.3	14032.7	-20136.1	-20108.7	-24907.1	-39729.9	-4193.94	6944.89	-38296.9	25394.9	991.568	-6295.57	56272.4	19452.8	-7310.86	-75335.9	10794	2314.42	21097.2	-28235.4	-4173.64	5582.96	6508.61	-21173.8	44419.4	11794.2	-20857.5	32652.2	-41345.6	43192.6	-2692.86	21232.7	-65994.6	-7407.14	12784	1664.82	34089.5	5668.21	8732.68	1728	6026.25	-32009.1	12377.5	-44275.6	5287.33	-2680.76	11075.4	-1678.76	59252.9	-38821	21632.9	-18109.6	18158.1	-2045.09	26860.4	18646.8	17941.2	5120.55	19257.7	-20344.3	-3837.94	44693.3	-22354.4	15525.9	-3718.26	18451.7	-35362.8	-4585.32	-21727.2	-33682.6	-41248.8	44999.8	19467.6	-51614.2	32200	29772.8	-26406.1	6729.62	10408	41623.9	-13337.5	-26520.7	-505.866	5809.94	15707	-11727.9	19141.9	-60853.7	40727.7	16666.5	-27252.8	28881.8
8000000.0001	-17244.7	12145.7	32471.2	-56426.8	11120	-1964.35	-13791.1	-12392.2	4769.22	14902.8	-26220.7	-1075.2	46617.7	20339.8	-23925.1	2252.41	24816.5	-5158.07	61991.4	-42358.3	-32918.2	-32645.7	-34405.6	56152.1	12375.6	-22162.5	23614.8	39404.6	47448.6	1580.88	6020.61	-18834.9	9716.58	29944.5	-6380.8	21309.4	40689.1	18456.4	-10406	-39825.6	-22651	-44442	3401.65	16315.7	50865.9	-71167.9	21726.8	61019.1	-42192.2	3601.54	47052.7	-15742.4	11323.4	2543.48	13568.5	13062.6	-21420.9	-46770.4	-17801.8	13214.5	-8048.52	-8265.52	18947.2	25142.6	10948.2	80740.5	-14561.4	11421.7	40190.7	-15272.4	-22475.1	-8150.03	-19164.5	36213.2	-2825.85	-31690.3	35676.2	25571	-50531	48669.3	11743.7	37523.2	27307.8	-5142.35	634.284	-26778.5	-58806.7	-12394.1	-26464.7	-10127.8	43204.1	-354.038	60100.4	-595.233	-20068.2	52193.9	6893.31	4851.53	56883.1	-16618.7
8000000.0001	-25708.9	-42465	-4022.59	-16611.2	11842.6	-64779.4	13696.1	64980.3	9723.33	-90.2903	-25256.1	33016.5	-27306.1	51331.7	-33059.5	10165.9	11008.3	12669.5	-24643.3	-17794.4	32380.2	52745.2	2879.36	43001.8	24317.8	7177.54	12249.3	-1063.86	-2948.04	38460.8	31138.9	-8655.47	14833.8	-9225.45	-9798.95	726.01	-14358.3	25740	-40584.3	-17199.5	-18770	9151.47	31112.7	-17763.1	-30918.5	-28870.7	-18578.5	19684.4	13452.7	60456	5674.08	9299.69	5168.29	-21046.9	39103.2	-10395.6	40945.5	-59621.8	-20652.7	75642.2	-37629.8	2673.83	-23050.6	-48195.1	-893.206	47532.6	20881.6	4123.77	-28688	-1630.82	-13895.4	10578	26996.7	-5484.89	51824.2	49968.6	11593	-34471.1	47591.8	-3571.21	-25662.6	-4894.22	-4051.45	-11889.9	7027.37	-69068.7	7992.93	-3065.39	21936.2	-6339.59	-8435.15	5327.41	36249.7	6815.51	-24963	16302.5	1275.54	13280.9	-5489.41	-6638.83
8000000.0001	-11624.8	-18835.9	-2489.07	17739.4	33632.4	35703.8	47545.3	-18220	-565.434	-43564.5	65670.4	-23447.3	32256.7	-25507.8	-27866.4	17128.3	-30271.6	-38146.9	56717.2	-2310.26	-29597.9	28795.1	31523.6	61004.3	31991.6	20356.8	2760.32	23692.2	63829.3	-24207.4	-31673.2	-41724.4	6427.02	33625.6	35072	-26410.7	-29791.5	38278.5	7909.93	-19677.1	7717.92	417.07	74319.8	-5153.86	-21833.4	-9691.08	-42104.8	5682.21	-36392.4	52051.4	34462.8	-34939.2	-4595.03	8438.45	-9516.59	-38668.3	43482	39183.7	2345.93	-28651.4	-43101	96293.9	30425.2	5745.43	2326.78	-7469.19	-20114.3	25725.3	-5803.04	3376	-8811.63	58206.8	-7944.74	-7551.82	25591.8	-4307.83	8959.4	19985.3	-56121.1	-33701.7	-40051.7	-17437.6	-22161.4	41779.8	37496	4961.46	2991.23	68065.3	-11099	18548.8	-47842	-14223.8	-3024.71	-41605.6	-5158.45	39283.7	14375.1	12781.5	23489.5	-30237.6
8000000.0001	22035.7	32306.3	5913.21	10158.4	-29009.5	56988.2	-20484.8	13935.2	-21139.1	-33754.7	12278.3	-10295.5	38412.6	48355.6	-19179.8	-5566.86	-8602.1	-16160.9	-31252.3	26416	590.183	-8478.99	16372.2	-8642.72	19033.3	41261.1	29768.4	3253.46	48778	-5056.68	-24747.7	-38781.7	34393.5	-12250.3	12556.6	-100389	-44098.4	-6298.44	14460.9	2802.71	-97385	-12266.4	105743	35379.7	-53196.3	14147.3	3541.52	-25516.8	-14634.4	1142.12	-38259	-6087.45	-48669.7	23400.2	-13441	-35787.9	64610.1	-19248.1	-49357.9	20703.4	37355	-8664.61	-4691.43	21492.8	7344.26	21422.1	3189.63	13511.3	-40036.3	44579.4	5815.15	-53540.7	-10399.8	-2730.13	-65241.4	40925.8	36394.5	979.743	-38793.4	-21975.9	16218.1	-55513.6	-3344.07	-2742.77	-25602.6	4086.05	25408.4	-11254.2	32418.7	-53016	51325.1	-33144.8	-1248.55	-23208.9	5298.56	12385.4	-83362	72429.3	29265.1	-12143.2
8000000.0001	16827.3	8876.23	-12679.1	24983.9	10195.8	-5407.11	-1397.34	-12378.1	11734.4	48954.9	-28597.8	49103.1	-39989.2	7278.47	-2447.55	61737.7	-27156.1	22170.5	16163.7	-37291.2	12067.3	10256.3	32827.9	-14785.3	905.064	-19944.4	33089.9	56260.9	-14712.7	23933	-4196.78	5263.02	-18472.7	-34648.8	-7583.99	-17173.8	-1366.69	-16374.4	11905.5	-13057.2	-22814.8	-26935.3	-19686.4	-52340.1	1216.92	-3780.62	-1950.5	30503.5	-33891.3	27210.3	829.065	24073.5	-38417.6	-1224.24	12790.5	-37922.2	-1220.45	-6640.26	34692.9	17228.6	43316.4	-1289.7	-2739.11	-1711.8	-9966.55	8542.08	-20528	6535.14	47412.5	-13634.3	14298.2	-78181	-45171.9	-23704.2	984.817	48941.1	15785.5	3571.15	-54812	-24229.1	-46630.4	-9683.29	42166.4	-39430.5	-43890.2	11149.5	27367.4	63862.9	9879.56	-16004.2	20007.7	7989.64	2700.58	21001.4	-65692.7	37603.4	8626.28	33854.2	-23642.1	-2931.05
8000000.0001	-15817.7	-11354.5	622.253	-24893.1	5954.65	-20591.1	27369.7	37128.4	2641.69	-12865.2	-23073.4	-25878	-38008.3	-7006.59	-31509.5	67584	-56267.2	41524.1	-2033.01	-4015.75	75005.8	2210.69	11581.5	-36405.2	-11218.2	-42314	-9756.62	24059.4	-39964.5	-25993.6	10008.7	-4750.83	41318.9	21828.2	-6375.12	73418.2	-6896.1	11816.5	12598.7	9425.84	-59066	-52811.6	-20217.7	-30573	-44414.8	1368.93	42367.5	19326.6	-15591.3	35444.8	16863.1	10736.5	56947.8	808.005	50541.6	13324.5	-15276	-46552.6	-51578.8	-22011.3	-49246.9	-49691.4	15751.8	51096.7	-9565.24	24576.5	-39524.7	-20043.7	37730.5	10054.2	14731	9384.08	22302.5	-50688.2	-245.337	403.569	18181.2	-21511.8	-40962.3	-10350	3962.1	-5904.23	-4053.76	14461.2	-37313.2	-42597	58091	28045.2	-37574.1	-12851	-14789.8	-23322	-6531.19	-41178.8	3283.27	-25658.2	-19315.3	-67223.3	37730.8	21029.3
8000000.0001	-4490.42	26975.8	-45058.5	34308	-17775.6	-15088.2	3155.16	17138.9	8356.7	-34318.5	-35534.1	-2028.69	-64719.3	-1896.9	26369.8	27799.3	-1626.54	49733.7	-8517.3	1385.18	3079.69	12285.7	-16393.2	-32517.5	-2277.73	23389.7	10123.8	31802.1	44673.7	14527.4	37440.2	-38168.2	35371.6	-22553.3	61415.5	-32660.6	-22877	12980.3	39557.8	46608.1	3566.47	34707.2	51191.8	32881.3	9429.68	21631.4	23748.7	47139.8	30765.2	9539.99	-23307.8	-12193.6	47825.6	2436.82	53039.4	59626.9	19238.9	-7411.66	-42461.6	-2361.92	-7308.78	-8255.33	-18471.4	426.15	-6461.43	-8919.6	-22016.1	10662.5	9751.44	-30324.5	-19464.2	7585.27	46853.2	-17480.2	23256.4	-40847	-1454.29	-82298	2654.77	-27952.3	-21207.5	18094.5	-11178.3	5378.04	-14106.4	-10747.5	73200.1	3230.75	-7292.95	8492.6	2885.8	-36329.7	2928.08	55265.6	-35030.4	42988	15731.7	-42986.1	8269.64	-31916.2
8000000.0001	-2690.91	-12354.4	28858.3	-51635.2	12580.6	17331.2	-17215.3	6387.68	-8454.94	-3389.4	-2090.3	-36828.9	-4344.14	-34880.4	18599.1	-22532.6	9952.11	-13669.9	-2903.46	-26834.1	46484.1	10575.8	44730.4	720.625	-41491.6	-11708.6	-62761.2	-44672.2	-68797.1	8765.53	15803.9	9770.38	28974.2	54489.2	-33830.8	-7874.27	23532.9	-19386.2	7865.09	-35108.1	-33931.1	19546.7	-53290.3	9425.59	15616	-4646.23	752.597	-17631.7	-35028.8	-24211.8	-6275.73	-10687.9	-985.467	12689	-33498.5	-43686.4	-15508.1	-32872.1	100.424	29286.7	25568.3	-29747.6	9623.58	-30072.5	-8177.95	-23298.1	-1787.87	-27231.2	-37376.4	-24594.4	27362.1	20740.7	-16908.4	-4599.18	32363.9	-31077.1	31225.9	29779.5	-21462.2	25666.2	20796.9	-55286.5	-30661.5	22792.3	-42104.9	-15395.5	-34163	25642	2909.52	-2173.02	-18817.7	44850.2	-16831.5	-48808.8	-19601	5096.21	31796.4	-14938.7	-7216.65	-13314.2
8000000.0001	20381.8	-27265.8	29159.9	-11709.7	15671.9	39428.8	14560.8	-4982.68	-26813.6	-30632.7	15639.6	24793.8	-36258.8	9014.45	-1102.62	4849.5	-8640.94	-1781.28	24631.1	-49289.2	-29584.4	-15370.2	-14657.9	25235.1	20267.3	-4738.06	15222	-4861.66	59935.8	1444.8	16864.2	-18886.9	1469.58	15070.1	21645.8	9945.11	-1551.12	4420.04	76881.6	38286.9	-78215.2	-5754.41	-38736.6	2937.03	-7978.6	17549	-7019.74	-49142.2	-42175.4	-2172.78	-9029.34	-18294.9	-39231.5	-22385.8	315.255	-2073.95	12415.7	29540.4	-19229.1	-74933.4	-1044.05	66422	7198.5	10217.4	-10550	-10153.7	9468.67	23011.6	-3281.88	-1607.78	53431.9	24153.9	-3469.53	68348.6	-29535.6	-26215.2	2186.64	-2341.35	29930.1	19625.3	16743.3	-14733.1	10875.2	-14757.8	-73708.7	32379.7	-16927.2	-388.512	-35626.9	-36919.4	31113.9	-40915.4	5587.67	-22753.4	-2534.73	-31035	2760.96	-22745	-10857.8	-29087.9
8000000.0001	-6285.64	-15803	-16361.7	-4688.23	-890.81	-2164.24	-61937.8	-35901.8	7126.83	11071.6	-38418.5	28615.8	6035.95	6812.55	31036	20200.9	-19310.3	-9516.55	-15549.9	-5849.17	12257.9	23700.1	-41038.2	-17996.9	-28148.7	330.063	-3087.94	-46296.7	80654.7	-15147.8	-3059.94	-24130	-107.211	19246.3	6162.48	43479.9	-12581.3	-7234.55	23621.2	12847.6	25123.1	23636.5	-18946.4	-9308.12	14007	-30925.9	-16420.7	-1751.34	18483.7	-8959.36	23979.5	-29159.7	-18811.1	-30192	-4749.08	48027.4	-66543.5	-31628.8	-3121.12	42329.6	22890.7	20031.4	-62859.5	-22651.3	31683.1	-45352.1	23581.3	-20115.8	-16395.4	-27723.6	-15224.1	15592.6	-3844.28	-15271.1	5802.29	-16528.2	8430.44	10197.3	2861.15	12432.8	-5396.39	-43172.5	25593.2	-3217.13	54182.4	-4950.17	17263.9	27309.5	94650.9	30129.5	-17284.3	19991.9	43549.8	3376.88	-18020.3	-62118.2	-47547.6	19517.9	54847.4	3045.62
8000000.0001	17324.3	-9097.62	-37331.2	1338.41	5568.11	34005.5	160.677	-10422.8	-7396.07	14377.7	4466.2	-9796.58	8493.42	-59008.8	25475.7	-17972.9	21527	-9442.55	-3225.61	18797.8	3054.97	-10591.3	-19381.5	-32053.1	-38725.4	-41735.8	26350.5	50575.8	-11601.8	9988.02	-44972.4	22986.7	20357	-4738.79	30158.7	27685.1	47469.7	-18142.8	-36605	8176.38	-7095.55	852.249	6834.37	17522.8	-15085.4	36962.6	31507.2	-35341.9	25671.4	-2116.94	-13381.9	-14555.2	36329.4	-39926.3	21567.2	33885.9	-17207.1	39206.3	-30436.2	28301.9	22296.3	15284.2	-27682.7	3646.7	13694.5	14242.1	15705.7	-25994.3	11364.7	-42403.7	-57802.9	-54661	17058.6	22722.6	6325.2	3083.95	-63922.7	-22406.8	14644.3	817.165	2474.15	29156	62993.4	14797.4	-29656.7	-26626.3	-64875.2	49729.9	33215.3	8830.52	-92.1082	-8590.69	12868.6	-2501	-32432.1	995.351	30427.2	-9290.13	98.3135	38735.3
8000000.0001	55254.2	-12692.6	33610.5	45744	-31415.4	10696.7	2309.59	-2387.52	-36811.2	-58959.5	34399	40862.4	-22914.1	11286.3	-1513.66	928.353	-6893.36	22891.8	-36564.4	-16687.4	-32733	-22333.2	-8327.46	27624.3	-27667.3	32619.8	-10847	10223.8	3797.43	-24751	-15978.5	34598.4	-7928.78	12544.3	10336.1	-22.0787	-18051.9	4716.5	-2256.55	-12001.2	-29741.4	-31557.9	12890.2	-76085.1	-37658	-1279.03	8661.33	-8140.85	-18404.7	-3569.88	17801.1	21701.3	-23327.7	48158.1	12499	13847.3	15445	32185.8	-6050.65	7518.73	8655.92	-1389.02	23013.8	-1778.8	-11520.3	27725.2	10183.9	1924.74	-42570.5	8429.59	22625	-23724	67791.6	-17210.8	-29356.5	14816.6	22639.1	7635.82	55818.7	21241.1	-36232.9	21442.2	-74265.9	-1659.3	-70879.1	17589.7	-27484.6	-46125.6	5014.48	2646.96	-9041.57	30666.1	-21522.4	26389.3	19479.7	-2400.72	-10823.3	23405.7	-11923.2	-16572.3
8000000.0001	36259.2	45556.7	-37261.3	-15404	-18075.2	-295.584	32094.9	-3104.54	-49635.6	-28414.5	-63824.3	-3041.36	-26268.7	-11174.1	17196.4	-22976.7	-26946.7	11789.9	4023.9	7183.13	-5624.37	-11012.4	1055.07	16201.5	-8953.61	32.5945	9107.45	-46371	35170.2	5460.15	-13429	-30782.8	-65761.1	-20320.8	-17650.9	31821.6	36321.9	7437.74	14192.2	-8415.74	13785.6	33691.9	39618.9	-4885.91	17042.2	1706.46	50837.7	22727.9	-9893.59	-28405.1	-9370.08	-3079.53	-20107.7	15329.4	-7773.24	36253.3	43284.4	-10182.5	34875	23744.1	-17958.7	-1394.92	-37663.8	-19076.7	14311.3	31813.7	14690.2	8186.97	-33723.3	30289.1	-22420	31451.6	51859	-583.007	6881.21	4248.31	-34543.9	-19780.4	-10366.2	496.278	6443.04	-35636.7	-37282.8	17253.7	22934.1	44594.5	-3261.3	28151	-21867.5	-18437.8	-17529.3	3643.01	-3590.38	-6711.15	28270.7	12694.2	-15381.6	14083.3	27547.7	-4367.38
8000000.0001	-8550.06	-26720.7	-5885.23	-32295.7	43936.9	23819.3	-4427.48	1072.24	18234.6	-32999.5	-11180.1	27138.1	39937.8	-70465.3	27630.9	-60504.5	-9144.26	16282	28516.5	-6425.56	18963.1	-31245.9	-28793.6	6916.58	39585.7	-23079.9	-18810.3	3590.63	26061.2	-22645.4	-1285.95	21456.2	42430.7	13523.1	7237.43	34702.9	2977.96	580.572	7633.98	8698.02	5587.83	-3091.06	-8522.1	-5769.39	6026.58	-16933.6	27783.1	-58345.5	31034.9	-17970.5	-56093.7	5531.58	-16451.1	-21415.7	-22914	-11552.8	-745.665	50939.2	-6085.55	-15512.8	6594.02	13459.2	9520.96	32045.1	-15740.5	-35980.1	6434.17	4250.58	20763.2	50737	3983.68	-41335.3	6078.92	23862.6	-4785.44	18334.6	8206.07	-29820.3	-6732.55	-19812.3	33410.4	-44886	483.331	1670.78	-21453.6	35919.2	21834.7	-12988.5	2708.37	-17368.8	40231.1	-17693.5	-37106.5	-66967.8	-20037.6	-21680.6	-30975.4	-12136.6	3778.5	2255.11
8000000.0001	49645.3	-7224.79	-3457.7	30847	28833.4	-22901	-25049.8	-30716.3	-25222.9	-39148.5	-32447.7	32380.6	-24147.7	-1821.08	-36786.2	-22158.3	-23994.1	5348.4	-2317.96	-64700	-33744.3	61241.6	14577.2	-36372.3	-50484.4	22459.8	-19027.6	-40064.2	15312.7	29013.3	9221.59	28541	-15606	24850.2	57655.4	16957.2	-17072.7	-45274.2	-783.454	-31935.3	25475.4	-24670	-8674.48	9194.44	-42272.7	22445	-14850.5	-11271.7	-68896.4	-15892.7	-559.287	-42274.5	24960.6	-5154.77	33145.5	27991	-39766.6	7144.77	-16150.4	9408.86	-5988.25	-10552.1	-25368.6	-42083.1	7676.36	-46076.7	2302.18	6453.89	-28936	-13989.7	19022.1	-26616.8	-18737.9	-6951.2	-51002.1	44849.1	24043.7	33247.6	-5830.74	-12205.9	15258.3	35189.7	30989.5	25258	46030.5	-35395.9	-35975.2	-39927	-33153.7	-50702	14644.4	6671.32	25884.5	-19619.3	-4011.66	11456	17097	12687.3	-25819.5	-30218.7
8000000.0001	-17138.3	14900.8	36754.3	-46345.7	-3204.97	-15189	-3285.4	-33311.2	-7655.02	-12480	16784.2	-25389.1	-9817.57	-5773.93	11846.3	2948.26	20582.9	13439.8	18218.9	-83375.2	-34529.2	60713.3	6722.42	23941.6	-20147.9	-32202.3	10342.3	-12593.4	8702.63	-29387.8	46063.2	-55540.9	-27572.8	4073.29	-1297.57	-18979.9	48803.6	34832	-16223.1	5918.15	-16962.4	-21310.7	-25379.2	-20373.9	7302.95	39997.3	-7754.55	-39159.3	42677.2	-6117.7	32582.3	-17993	-49228.2	-11186.9	15678.1	24306.2	-30947.5	17432.8	-31980.4	48950.4	-3724.08	9080.25	-5603.28	27494.5	-12743.8	14673.4	-12310	86580.6	-51415.2	2172.44	-18397.2	-7982.7	24962.9	8920.41	-32761	-24903.6	-2182.34	31230	-3880.4	33484	26232.5	-35345.2	-1005.42	13081	6414.38	3780.81	-17633.2	-18736.5	10633.5	-11985.9	-52675	39773.8	-17579.1	-7823.97	-76047.8	9532.24	-24559.4	-48061.5	28228.3	-3260.94
8000000.0001	12922.9	21236.7	-28677.7	23362.7	7859.2	644.543	6272.27	-20538.1	-35329.4	-36768.5	3536.5	8296.75	41348.4	20752.3	-15795.3	-19860.2	-11501.2	1595.23	-36729.7	-32019.6	-41277.8	1670.13	-42182.7	-20212.4	-19474.8	731.991	724.034	-51875.7	-32900.9	47444.2	7942.92	-5480.6	-11239.1	-26533.1	-1624.45	37810.5	-9450.59	22753.5	-14076.6	-44703	10037.4	13397.1	84282.5	17279.9	-3777.96	724.143	16004.2	14128.9	28620.6	-4039.09	4801.22	17351.1	2686.82	16517.7	-35536	-11591	40321.2	-47219.7	-53286.6	46117.3	-35810.4	-8918.36	-16439.1	13787.6	-22220.6	24676.8	-4337.85	22735.4	-37557.2	8191.29	-13702.1	-28697.9	22420.9	5550.29	-2928.77	9801.21	-774.507	-10973.3	49683.4	-2486.86	46262.4	-51555.9	38115.2	-41728.7	-37206.8	-4731.51	-23386.8	-17957.1	29754.8	49936	15079.5	39510.9	59012.6	67883.3	-11227.7	36453	-2478.33	-50026.4	-19967.7	-2980.02
8000000.0001	24428.9	4767.44	4071.83	-15750.6	2848.01	-8575.61	25175.5	51088.6	-14718.9	49033.4	69159.4	-811.974	38496.8	14763.1	2598.65	43063.7	31669.9	5390.31	-10230.3	-48403.9	10697.2	-17478.1	-36528	-30514.9	45557.2	2936.09	-27262.1	-19620.1	-14191.3	-24830.6	-10643	27102.6	-15094.4	4351.11	24986.5	-24521.3	48009.9	-48618.6	11778	-18062.7	-10035.8	-13080.7	5267.84	-24917.4	48300	44754.4	28454.9	-23040.5	-40556.8	-10636.4	12216.9	-42041.2	-10516	-50056.1	-35783.3	-44248.4	-1468.82	25760.3	53291	23635.7	25532	-41406.2	-22425	21602.6	-23059.8	32931.6	-43011.7	30163.7	17550	11461.7	-5169.41	-3104.19	-23212.5	19893.9	4886.72	-13311.5	8238.48	55495.9	57883.9	35252.3	-12166.9	8860.14	-15805.9	27348.9	30619.5	76593.9	29248.9	-11656.9	-32183.5	4042.98	-20875.3	-36304.4	41722.6	10940.7	-35211.5	-5274.6	-18555.3	-6626.62	-316.318	-18131.2
8000000.0001	38142.7	-4069.5	43810.3	-31765.1	-31623.1	15060.6	9156.14	36015.3	2673.28	24365.1	15758.2	13119.3	39406.4	33491.9	-13000.9	31449.7	-36712.7	18593.4	-814.82	34010.4	25046.2	-46036.1	31491.9	-43808.5	-28493.6	-26638	3015.38	10889	-23839.7	19985.8	3062.44	-34248.3	-24623.6	-7484.2	23439.4	-41543.4	-757.496	-24276.5	-63728.4	21245.5	-25029.8	-2896.52	-10321.8	17415.4	9430.38	-9531.85	32172.2	23136.2	28919.7	-9490.69	11458.3	-39528.8	-26842.2	34146.9	23363.7	-19262.2	7806.88	-35512.1	-2113.89	4411.1	-9022.46	18897.3	5715.2	25750.9	-2755.94	-1369.66	30649	19393.2	34276	11610.9	-7050.45	36804.9	21819.1	9605.76	1810.82	30989.4	40907.3	47691.4	-42738.3	4807.38	18105.2	42466.6	8.01314	-29180.2	-43046.6	40201.6	-11084.4	-9338.28	-7097.6	27731.2	-21358.8	-24277.6	34127.8	17177.4	32700.2	35455.8	-28513.2	-15144	-43910.5	31639.9
8000000.0001	39279.3	26875.3	50112.5	8177.64	68951.9	-14529.4	-3365.68	-22180.4	-50.8685	17423.9	18675.9	6904.23	-34050.4	-12794.4	7675.14	-34931.8	3498.07	14.7388	21857.5	-56394.3	12785.1	11040.2	5136.24	15893.9	7856.07	10047.5	-32266.7	-2352.06	10188.2	2722.3	-2432.91	17310.7	3904.59	7168.41	2512.65	4689.96	25700.7	-18301.5	-38907.8	30888.9	17605.3	-7892.56	-8336.53	-19004.2	-26526.1	-35382.6	-25219.3	20485.2	-34298.2	15055.1	-9008.74	-37120.2	-27141.8	-34193.2	-50717.9	-5640.29	-44054.4	-11343.1	-23198.6	1183.82	-16150.4	1616.23	17981.4	23384	-7558.94	11990.2	-42551.6	-36958.6	-32851.1	-26202	-2200.04	-21547.9	22477.2	-11776.8	8482.53	-12155.7	-13986.7	-3896.29	-19646.9	41573.5	-19459.3	-36965.8	-334.362	10181.4	-28848.9	40720.1	-26148.6	-13751.7	51286.6	-60487.8	-3571.22	-6054.1	10448.6	58031.6	24318	22296.2	37412.1	5581.31	-33426.4	21204.9
8000000.0001	-9419.51	-64218.6	22612.2	17399.1	-4555.26	-4505.94	-53650.8	-315.507	34961.4	5892.67	8567.05	13289.6	-17695	24254	17256.5	-28906.5	70073.1	-51016	21838.7	12836.8	-7602.67	7226.82	253.309	-49008.9	1226.04	-24338	28050.1	14483.6	29125.1	11900.4	-10756	-33269.8	-41507.3	18009.3	-13577.2	-23169	16891.2	-69918.3	-5575.72	24775.7	36559.7	11340.2	21495.9	-12659.2	38611.1	37354.4	-30506.4	-13618.2	49481.4	-14761.5	36728.1	19251.5	-1554.88	-1797.17	24597.6	9971.42	23316.7	36525	-9001.57	17698.1	3297.44	-8537.41	-60611.2	16223.6	596.456	-67253.3	-11771.7	22140	8679.95	-31435	1565.98	-4553.12	2982.09	-16797.4	12012.5	25658	1850.55	9112.14	34706.7	-31489.3	28393	4779.67	-32829.4	4198.68	5746.33	58092.4	58948.8	4897.38	5105.53	5446.53	-24942.5	-14219	-287.944	671.52	143.454	15857.8	41644.7	922.582	-22683.9	48763.4
8000000.0001	-2882.83	-18524	-13674	-58043.6	1160	25094.5	62367.4	4923.86	-34266.7	-6890.99	3059.32	9632.73	-16207.6	-14206.3	7452.03	-11390.5	-40020.4	23227.5	9409.75	-8122.9	-1926.88	-26139.1	-34716.1	-24618.8	21551.2	-5846.25	1285.98	-4497.96	-3409.48	-38539.4	38237.3	-64025.2	-22427.3	38207.3	-8058.6	5887.44	-23225.8	-56057.8	17093.8	7852.72	26528.4	2240.04	-19579.1	-10738.4	18892.4	-12991.9	-18492.9	5052.96	-19394.6	37461.5	-17673.6	-6399.55	6126.24	24935.3	-52706.9	-26353.3	-42404	12626.9	35394.5	-41599.5	-6079.85	27075.2	-42624.4	-8534.13	-29578	-437.531	4880.55	15583.5	3983.5	16528.9	-44179	-49204.9	-15243.8	22523.7	-15937.1	11805.4	4632.05	19852.2	60510	43177	-12765.1	46305	47735.2	-32991.5	-15835.8	3936.03	54723.1	17936.7	39323.4	-1298.18	14371.5	-3985.62	24077.4	-21048.5	-63230.5	9357.53	-17323.6	19949.8	25640.9	48865.1
8000000.0001	13574.4	9889.25	20112.5	5757.32	49778.3	36966.7	-23642.6	-2470.19	4398.57	-2450.19	-8246.4	-47862.5	36938.6	15260.9	87821.2	24910.2	45964.9	8490.85	-16101.3	58932.9	-17559.2	3092.44	-15987	-35795.1	13198.4	-52099.2	13025.2	-888.002	13990.4	-12166.2	-14083.7	-24530.3	-10893.9	-15118	862.174	12008.3	38350.5	-8187.21	-12604.4	-9951.74	-16953.3	21752.7	-24568.7	10539.4	-12033.9	-3449.5	5822.2	1815.35	-27703.5	20740.4	14764.6	-29174.2	43813	-5353.3	29975.2	-5634.17	-30719.4	13688	14476.2	-34587.6	-1631.65	-12228.8	-38975.5	-23843.9	314.301	-26833.8	22790.7	-27491.2	18293	1430.39	17197.5	708.814	18850.5	1169.05	-47308.8	-6720.7	45514.9	-34426.8	23631.7	28738.7	12271	7890.57	-10841.9	21511.3	-3749.1	1044.81	-21844.1	3726.68	18620.4	-12024.7	17056.7	-28600.1	57759.6	-14737.1	1444.62	-16852	2973.82	-12970.9	-12460.6	16987.5
8000000.0001	15968.5	-16103	26393.8	-69.4182	6171.85	26322	15782.1	-16560.2	23721.8	28588.1	37250.6	-36413.7	-8828.23	-17972	33467.7	-23047.6	13165.4	-10697.9	-78614.9	43165.1	25102.3	34415.7	-46402.3	-44140.4	10598.2	33575.8	50264.3	-35523.7	21957.8	15956.1	-62712.5	-18413.2	-78710.6	-4734.59	-21709	-13941.6	-42559.6	29475.5	-4982.56	34230.5	31540.4	-5418.79	63269.2	-12198.5	-33000.8	-26951.2	-239.929	-5039.11	-23266.6	27318	-50773.1	-11160.7	24729.4	-49517	-1458.35	-43350.8	-7040.52	-3755.61	-26660.7	32849.4	9813.89	-9893.44	-12631.6	-4966.99	26589.1	43820.3	-56984.3	-15430.7	48409.2	6694.27	-11280.7	-3598.33	13468.6	13304.5	12422.9	-42553.2	-28806.4	-14102.7	15433.9	-3914.68	-36590.1	52851.9	55564.6	-15476.3	17435.9	15790	-7147.38	13323	-16904.3	-28225.2	-11157.3	3701.91	-4853.77	15827.8	-43621.7	11350.1	21228.1	17896.2	-35843.6	26929.1
8000000.0001	44189.4	9251.97	-19352.1	-16116.2	-4032.97	15233.6	-11399.6	-9103.96	4969.86	-9391.48	-17471.4	4208.43	-24162.8	-7002.12	28828.7	20459.9	-29007.5	-1159.23	-32531	-24722.3	-39435.3	15460	22627.6	28759.7	25785.9	-3282.36	6213.06	-33310.5	-33462	9074.55	-9281.99	-37116.4	-40604.6	4130	22474.4	24944.8	-20891.2	38799.3	-18026.1	2715.08	25218.5	-26240.8	-27266.1	874.934	-28140.3	5862.17	-45463.4	4929.9	6881.53	63656.5	35468.3	-19685.5	3816.56	-9528.93	29592.1	-19785.9	4462.17	11757.4	9828.7	-36378.4	-6371.51	3381.18	-14954.4	-47779	-17944.4	-27174.1	2622.92	23204.6	11761.1	-27557.8	-54134.3	49947.8	11525.1	18553.3	-3333.31	-36419.1	32595.6	-4353.29	33817.4	-6466.36	10084.9	42156.2	33575.6	-20883.7	-50254.5	6055.89	47788.6	-19356.8	4241.66	-5992.91	-8377.81	28946.6	1146.06	-35379.3	-4521.41	16193	32086.1	19592.7	-54067	-39919.1
8000000.0001	15692.6	4475.55	-3335.26	-1140.54	60240.1	-6808.49	8845.28	-11991.1	42343.6	32407.7	28470.7	-6502.89	-16025.7	-16893.1	-43298.8	26001.3	43804.8	4028.83	-40623.4	-13757.8	-12723.9	24794.3	33821.7	-21655.8	1547.4	-23452.7	-15072.7	12469.9	31230	7878.96	-16526.4	-35254.5	-19158.3	-27515.1	-13171.8	-39419	63258.5	-23725.3	-32637.1	27987.6	12532	-23620	-31361.5	14402.3	1004.27	-35152.3	-6188.51	-12837.5	-23791.2	8159.62	-36389.6	2302.91	10713	-24378.8	-39777.7	-9539.75	-12834	-31090.9	29667.6	-6532.36	-12067.7	-17621.8	23355.8	-15863	-35348.6	6396.99	14925.1	-4195.2	-17769.9	-9029.03	63983	-5539.01	-3343.12	-44869.4	56010.7	33403.8	22039.3	28159	2977.22	-15936.9	17123.1	-23702.3	-11555.1	2509.22	-53326	39200.4	-28715	9062.1	29436	-20784.5	-1703.72	-4700.99	14893	-8336.18	-19599.6	-7923.91	3055.15	24542.1	10930.4	-31904.4
8000000.0001	-13159.4	12923	-29936.8	37102.6	-24929	40880.8	35306.1	63387.2	7219.74	-11439.5	13677.6	-28175.6	11137.3	13158.9	-7645.18	32860.7	-5825.07	52423.5	14495.4	-17071.6	-13239.7	10176.6	10583.7	-42249.3	-17676.5	415.909	3720.04	-15020	12098.5	20238.3	2061.83	-38113.5	-15937.6	19350.5	13907	-34778.7	-7840.17	-1123.59	9079.95	12643.3	45104.9	-19398.8	-16631.2	17675.9	4072.13	-5572.01	27571.9	-27054.5	-3635.21	-24973.8	2914.59	-12855.5	-10682.1	-38049.6	-27843.8	-25707.9	-18831	13545.7	-28578.6	-33357.5	-5816.04	-10213.1	18411.3	15221.2	1933.47	7070.88	-10123.3	19792.4	17376	-11450.5	-56164.6	-17253.5	21186.3	6345.01	-40579.1	-92305.7	-10041.8	-22850.7	-24420.9	-33033.2	-20792	-28907.1	3551.72	32852.9	41635.6	-10562.6	-20965	36571.6	8113.18	-19453.4	-2872.46	37675.2	12225	-12868.7	-19283.6	27208.4	267.757	-25514.6	-727.664	57864.2
8000000.0001	15407.4	36244.8	24901	10319.7	44673.1	-6347.71	-65830.1	8608.06	-25828.7	-43633.7	-7013.48	15544.1	9792.33	39860.5	14776.1	-13516.3	-16393.1	-39234.4	-5664.49	-26561.2	17711.2	-16914	10646.6	29176.9	45001.3	-49930.9	-25819.2	-12448	25600.7	-9366.41	42933	5089.13	24361.1	3094.25	-13916.2	-8539.61	14681.5	-27060.7	-33002.6	4541.61	-28642.9	-18368	-18638	-28073.3	47970.5	31662.4	-37938	10620.8	39725.9	-28077.4	168.099	8478.29	16776	19120.9	45440.7	22093.5	2143.12	8724.53	-43153.4	-6275.44	10260.7	18607.9	9587.22	36013.7	-6887.89	-34299.3	2163.48	-33411.9	-8446.36	-22898.1	-5304.43	12289	-17493.9	-9946.24	-20451.6	-8521.29	-6724.85	9000.55	5989.35	-20538.4	14832.4	-13765.8	-61652.8	54274.9	-28898.8	39093.3	12830.9	-25493.4	19296.8	-40579.8	-50987.6	-32763.4	-16732.4	18768.8	-11842.2	51329.9	-8785.88	34998.2	-13994.3	60118.1
8000000.0001	-7794.72	-19585.7	25594.7	-9744.66	-14791.9	-14750.6	-28317.4	22066.7	2438.75	4168.68	-5314.93	-50848.6	-34678.8	15698	-11379	-66099.6	-27272.8	-37151.5	-50472.6	-36874.4	-31615.5	-1150.18	50255.6	-1290.26	-3889.13	14672.7	13131.8	3228.65	10936.9	-21494.7	-8794.4	-622.627	-31255.5	-21036	-6704.02	-16536.1	-7911.46	19580.6	39886.2	-35299.3	-27005.8	394.178	3688.87	66184.7	2766.97	-40887.5	-8813.36	-57131.3	19115.3	-11329.8	-44344.7	-52820.6	4081.28	-1339.37	-11419.1	11226.4	10335.8	9665.14	5826.76	17064	21729.9	-4376.9	8065.9	-30044.6	33170.2	21785.5	27728.1	-5158.08	73696.6	-696.719	-41224.2	8098.27	8228.25	-24545.3	46149.2	-21469.6	-2935.65	45246.5	-48574.7	3080.5	27676.6	38305.8	44696.6	72112.7	-37202.6	-18641.3	-13371	33226	36688.3	-22054.3	2453.82	45240	-22291.9	9753.27	42088.5	31265.3	-37192.1	-53551.7	1979.65	10933.7
8000000.0001	25348.7	-34868.3	-23614	19666.8	-24859.1	31036.8	15419.3	9695.54	-64478.7	-45130.2	10533.5	21451.8	-25193.5	40896.1	-36351.7	-2843.73	30887.8	36023.5	24227.8	-35764.5	-6123.66	9488.03	-14739.6	-13916.1	-13261.4	-4629.26	-2262.71	-20134.6	22798.6	308.25	-11919.1	18126.1	-22426.9	-7074.56	-1063.82	-9079.5	43934.3	-10504.7	-43243.6	29061.3	-16506.6	17028.7	-20161.4	20302.7	32660.2	11336.9	690.713	9501.22	-30842.8	1142.07	61746.3	-59127.6	43835.2	-12033.8	-28600.1	23636	-8268.55	3974.38	-21429.5	18455.8	-38686.7	18165.6	22080.3	-35626.5	18135.4	43592.2	-19526.9	15504.3	25126	14108.8	-6622.61	23364	45766.9	-4389.32	19464.4	53729.8	30316.4	-45151.2	-6820.15	-34167.5	-34443.7	21334.9	32256.7	34752.5	415.073	-8258.36	174.497	54797.4	-30447.2	36480.3	5464.12	40143.1	-20445.5	-53643.3	-24526.1	4727.03	-58595.6	54970.4	2603.29	-42098.5
8000000.0001	54632	-22758.2	24245.9	26522.2	-14715.2	-1352.58	45114.3	-19079.8	-58738.6	32592.8	13439	-26953.7	22250.9	16505.2	-51311.5	18391.6	-11191	-76148.7	-36424.9	-30470.3	36722.7	2326.43	-12066.6	-21066	-25054.8	65199.3	4356.75	29110.1	-36099.6	-18174.3	4732.27	-51091.7	27099.2	24405.6	-6480.12	13691.7	-26775	-612.061	6873.4	44385.6	1949.82	2659.75	21453.2	-5236.05	-22005.5	-26955.9	19792.4	3458.7	-5441.97	-31363.9	32351.3	23105.4	38820.1	-32891.7	48064.6	7346.33	38329.8	29071.4	-14969.7	38101.1	-22587	-18777.1	6695.82	-3940.01	-17076.3	406.154	8703.26	8172.15	-10231	-3844.1	50629.3	-3907.9	17563.9	42800.1	-58075.6	-10959.6	-58846.6	34140.5	16010.4	-7818.66	11603.5	-3116.24	-42522.1	-15135.6	-69555.6	-13973.3	-22656.4	-37118.1	-69213.8	-46960.1	9468.56	8239.9	-29722.4	32919.4	-4538.34	-30432.1	21788.8	1471.78	-5637.44	39170.8
8000000.0001	-9112.93	3697.12	5511.46	-41956.3	-37362.1	-4331.15	-8151.35	12230.1	1200.4	-49674.3	-37191.5	43527.3	7423.61	11784.3	-13169	51023	22530.6	-30233.7	-13854.1	44655.5	35882.3	-32073.4	27067.8	-3940.21	-21180.6	30862.3	41715.2	-3389.32	10997.6	-7512.38	5208.17	42385.4	21968.4	-5951.32	4054.59	-5078.16	96813.8	-40501.7	-35678	-34837.5	24381.8	23488.7	-12885.6	4636.49	-23492.7	-16812.1	-1570.07	-26627.4	-8067.53	-9596.98	49274.9	-5808.63	24017.5	18576.2	24434.4	2363.63	36593.7	895.969	-22145.6	-28567.6	28021.4	1807.61	-31070	-3580.62	-7634.64	42819.1	-4858.83	-31684.9	24128.9	4857.94	-30092.2	-7526.83	-6609.3	27439	-73645.1	10103.6	-7100.64	19295.6	6347.79	-37305.3	6474.1	31234.2	-39840.2	-27765.8	23130.8	-59828.6	-30171.5	-7345.91	27310.5	24584.4	38355	-17414.3	-14842.3	55546.3	-20167.3	-18715.4	8303.3	6861.35	55007.7	-5459.87
8000000.0001	13055.2	5070.84	-19550	31411.8	33807.2	9393.59	17420.3	21454.7	26971.6	31922.5	20026.4	43045.1	15722.7	49360.2	-18179.6	28693.1	20564.1	25076.5	4338.01	-416.183	-1474.43	22461.6	59521.4	-19644.1	-3480.06	11443.2	-9271.83	-4187.64	14394.3	-24006.6	43235.4	35567.2	1416.25	15301.8	-2854.57	12255.9	28527	-16607.8	-21225.6	45351.4	-21229.7	-19071	-16387	-35785.6	35125.9	-16771.7	-34843.8	2506.2	4233.82	9465.02	35536	-13872	11053.3	-13267.7	-26940.2	25298.4	25165.7	-6613.04	43513.9	-42117.9	-22624.3	37997.6	33690.4	29962.5	-40015	17985.7	-69485.9	30070.6	-24718.7	15240	6066.92	29928.3	-16493.4	3977.32	18364.1	59345	-10749.1	-41523	21632.1	-19151	37143.1	16749.8	-7453.27	18544.2	-6802.27	6195.48	945.076	-12676.4	5570.82	26701.6	-6664.83	-24206	-3788.31	426.807	-33645	5441	26474.6	-2658.71	-19882.6	-25563.8
8000000.0001	15201.8	19816.3	-17486.1	-6410.3	33384.8	28887	404.917	3361.44	-13346.7	66.3503	-10266	587.031	-21521.8	25608.7	22611.1	-3966.55	-19064.3	313.46	31223.4	-2547.23	-8915.8	258.487	2436.66	14489.3	491.06	9855.65	9841.2	6148.5	-8071.84	-5182.1	25538.5	20048.6	41924.5	-27603	-4703.09	-31824.4	-23874.1	-2361.12	-12609.5	-1068.54	-18565.3	5827.94	-4691.89	8145.12	-40463.7	27668.8	4098.81	307.076	56977.4	24168.9	37620.3	11260.3	10343.5	-28097.5	-67002.8	33714.5	-14281	-1266.8	3811.41	36621.8	4250.2	-16553.1	-15519.6	21544	-3143.23	-973.117	-9680.76	34851.4	7542.37	45778.6	12416.8	-11122.8	-13104.1	29919.3	-26577.5	-9056.11	18957.7	19542.6	9894.99	36831.8	-21031.3	43527.1	17694.8	32362.3	-8097.25	-48482.3	-27420.3	51280.2	62299.6	112.525	-7140.58	-12700.4	44070.8	-8411.44	-50521.8	-13772.3	17907	11932	-25875.6	-50453.4
8000000.0001	-21840.7	-27278.5	-12613.5	-1900.85	11461.6	-27571.5	5132.42	52270.6	-5032.14	-3036.17	24030.5	-33505.8	27027.5	14911.8	4381.38	-10552.2	-61316.8	-27300.1	-12425	5012.05	-11833	859.214	9624.11	32249.6	11424.2	-3994.2	-1255.7	44945.7	9148.95	34553.8	-10599.1	61887.5	6893.84	-21974.4	17274.6	-22673.5	42689.7	17886.4	18377.1	20933.4	-24595.3	11353	-63102.2	-37895.2	-31890.7	-39698.9	195.765	-12730.8	-19811.6	-14594.2	8669.34	-36303.1	3867.01	56324.9	-21072.7	20056.1	-4044.2	-6463.82	1875.16	-5429.32	14681.4	-8202.85	52184	-16934	-19412.6	18458.5	-29624.2	-35851.1	8745.46	-32110.2	28819.2	-7774.71	-17251	-30282.9	-57583.7	60890.2	-25943.6	-25970	-6866.22	-9794.03	-30816.2	19948.7	-15291.3	36457.4	-38761	-12920	22095.6	-11032	-6927.06	16036.4	23074.2	11939.6	53791.4	-33314.5	18414	1846.81	-33241	22047.9	29385.8	25393.8
8000000.0001	-13367.3	-29626.4	-34859.2	-38952.3	18800.8	13979.5	6505.86	-24268.9	-2139.36	28118.3	12513.6	46.3036	-10555.2	-21444.4	20272.7	-15480.3	-35067.1	-13487.2	230.668	32769.5	-16340.7	-19971.2	5391.04	6307.26	47734.5	-26119.2	3476.32	-18550.1	8172.74	-7868.9	55568.9	33911.7	-20221.6	22253	41113.7	20660.9	64979.7	-8661.98	-7232.09	179.344	-27295.4	12653.5	42663.5	30669.4	21035.6	-51556.9	45224	28189.3	-47973.7	-31185.2	34881.4	8398.14	-30940.4	42430.6	-23721.3	27232.6	24868	3213.41	-22607.6	-384.286	19613.9	-14934.6	82620.4	-447.134	2109.16	550.727	75924.4	30906.5	-4232.32	-10426.8	-1444.97	40278.8	-40694.2	19663.5	-31220.2	3437.39	-43691.8	-7845.66	-10878.6	-16041.8	43926.3	34066.2	26313.9	-9300.13	-22613.8	51473.1	47641.5	30155.9	308.104	-17535.7	-23897.1	24592.8	30660.1	45238.9	-22716.5	57248.1	-35633.4	-33782.4	1820.16	13237.7
8000000.0001	-36228.8	11184	35459	41366.3	34112.8	1756.51	-42208.9	-30829.9	23173.6	-40929.4	18558.1	-56568.1	48814.3	-3327.5	11747.4	35905.1	21082.9	-72132.2	34175.7	44390.9	-18684.1	-26154.4	5786.73	-10262.9	2724.31	-49434.2	-10389.3	-53767	-36649.9	-10029.3	21046.5	30663.3	-17193.8	23434.4	-28483.6	-7021.06	29037.5	8931.32	-46912.5	-7936.72	17581.9	-5868.5	33174.9	-28316	-37586.5	-26836.3	-37046.8	-2817.84	37423.2	-6392.33	24902.8	14260.9	-20120.1	-15934.2	16545.5	884.991	-5336.97	12090.7	28653.5	-7417.54	-863.061	17446	6370.98	11413.7	-59176.6	5480.38	37717.4	-12005.5	1642.21	15404.1	-23398.1	-46265.3	33848.4	-16377.8	15154	25814	19875.9	-31516.2	-8870.76	24776.2	11654.8	-3770.39	1224.75	22569.2	25712.4	6484.72	-12356.7	-12196.6	4249.39	-19070.1	-9206.92	-42502.7	21385.6	64330.9	-15263.7	-49074.5	-7908.05	2083.19	19707.1	25282.2
8000000.0001	31152.9	11976.1	-3640.2	27277.4	-17719.4	-2466.98	-15607.6	-17453.8	7034.88	1638.56	-30412	-4521.25	16344.1	2229.19	-47044.2	10124.6	8138.68	22281.7	11951.1	35183.1	-7222.07	-34497.1	-1490.72	-2571.83	46948.1	33811.8	-19466.8	-6837.78	-10356.4	34013.8	-5298.48	-74679.9	5779.9	-15867.2	25174.1	-1372.67	-42019.3	-31605.2	20391.8	-14928.3	51914.2	25874.6	21717.8	89762.2	1247.21	27042.1	-43696.2	14421	16217.1	30011.8	-1976.88	-26618.7	-29521	7396.1	-43563.5	-3616.7	43380.1	8593.33	-1414.52	20948.4	-813.418	-15041.4	11887.8	126.504	8514.52	-1631.86	2559.68	-23831.7	-53586.9	59288.1	-36286	26391.9	-13861	-833.846	50226.2	26184	210.34	-27146.1	-3141.95	-12476.9	29984.7	8011.96	18570.3	-22767.5	-54336.5	8365.86	-6995.39	13627.2	-3821.92	45554.5	60508.8	4034.11	-16063	43027.1	3997.78	-49548.6	-9299.91	7680.94	19113.9	-28381
8000000.0001	-22114.5	-93352.7	24980.3	42148.2	-7268.16	20706.1	-12087.8	23691.7	1355.28	-13373.5	-33441.3	13573.6	-42584.1	-33505.4	-19448.8	-14893.8	-21097.2	-30505.5	5486.32	13618.7	-4908.34	12315.5	-21570.5	-30326.4	22746.8	-11210.4	18637.8	7217.07	20360.3	54838.8	-39191.5	-32114	-66544.7	3238.14	14670.9	1777.23	-10030.3	698.114	-10400.8	15202.6	-45589.2	410.201	-20285.7	-42476.2	45057.6	42127.1	-48849.9	-20840.4	9693.75	33317.1	-5555.39	18654.1	1913.27	-47665.8	-29914.1	-16232	-45228.8	-13906.2	33909.3	46866.8	-3427.08	-6244.31	15515.5	7994.94	-8348.64	12934.1	-10074.9	-4932.03	-15323.3	-16526.6	-22222.5	17294.1	-20860.5	19165.8	14360.5	28065.9	-19425.4	2094.57	8987.68	-29308.5	16962.7	53248.9	13743.7	-15269.8	9897.24	11949.1	25182.4	-26698.9	15818	48190.6	12786.3	-18110.4	43364.7	-28367.4	-65431	-16699.6	3289.12	7944.55	-31459.5	1593.15
8000000.0001	5863.34	-17455.8	18401.5	-28319.4	-17326.4	-301.502	-32666.4	30139.6	-41125.9	-9797.93	-20524.2	35226.9	-5961.53	24217.5	-3761.01	-32455.7	53149.7	3047	37052.7	10492.6	6708.44	24918.3	-17248.7	9563.33	54848.6	-15737.8	2071.74	-18609.9	-15466.7	-21730.6	35550.3	15678.6	18842.4	-3047.43	-23771.2	-3675.55	-4541.49	31285.1	43565	-65940.1	43176.6	17914.3	-21693.6	27865.1	-19946.3	19777.7	4438.97	17960.4	54718.1	9499.79	-11123.2	13160.8	9998.44	8462.58	5413.42	40811.7	612.931	46625.8	-17881.2	12849	51763.4	26133.4	-21271	-28124.9	20775.4	-9326.99	3226.42	2265.3	35300.5	6604.45	-36595.2	4302.19	25564.7	-9654.74	15173.9	58863.5	-42453.4	17425.4	29075.4	19824.7	-16078.5	15730.1	-15964.8	-2662.73	24.6551	-2259.72	-5532.12	27542.5	18383	-65221.4	-662.845	11789.7	-10533.7	20738	-18603.9	25642.9	10290.4	33674.8	-27168.1	4536.15
8000000.0001	15179.5	36945.7	-24441.3	8430.29	-22201.8	-19117.8	-30020	42280	-42259.3	-25190.8	12189.4	40502.6	-41585.9	-33034.2	6159.58	33994.4	21160.6	49607.3	-7825.86	-14475.7	-24081.1	-7817.52	34084.1	34567.4	24909.3	8804.89	14162.1	4106.83	-31003	8390.2	-5270.61	-28972.1	-16219.2	-15135.1	19830.4	-15472.6	19770.5	-10574.1	30935.1	26932.8	7860.79	-22260.5	6287.89	-11221.6	34149	-12036.7	-25795.8	-23265.8	21711.9	-8169	32067.3	6665.95	32239.4	-60041.1	18197.9	-8573.35	12675.9	-8450.81	65602.1	6223.62	-7075.93	-13178.6	35250.2	31040.1	-4993.7	-48484	-56386.8	-34398.3	5173.19	-11289.2	7823.63	11396.2	24783.2	-3531.51	11371.3	-15718.4	-17618.5	-15470.1	-18619.3	-26720.4	1372.16	-1833.48	25202.9	-27998.6	34672.2	-33310.2	1146.3	-31898.5	-1211.27	-17423.5	32763.3	35019	11251.4	-42275.8	13942.4	43910.2	22084	16263.4	30929.8	-3734.19
8000000.0001	-3615.63	19501.2	-18322	6434.26	28412.9	-21376.9	-3708.77	27056.5	-8229.79	53208	29261.2	9851.8	-12716.4	-5140.99	14945.9	-37863.6	59311.7	53955.2	-43211.8	-28157.8	-42024.4	-55581	-41914.5	-2196.29	9242.68	24261.8	4799.77	9379.8	-20473.5	17827.7	66153.6	-3978.42	31196.9	46550.8	29958	-5434.09	10321.6	-46203	-21296.2	-4108.74	-785.505	-16774.2	6811.44	42402	-1199.24	-22321.1	68964.6	26570.9	13044.3	-26883.7	-29946.5	10780.5	33676.5	-13277.3	28251.3	-3512.98	-5044.92	-14125	623.04	-39186	-38103.9	1723.75	37811.1	-9186.33	22261.2	30694.5	22549.3	8381.64	34494.7	30485.1	-36307.9	8023.62	42352.5	29437.2	202.882	-7992.04	3599.81	38462.2	-8604.26	-17818	-25854.5	-7311.51	35470.9	-41389.6	-24546	-20553.2	43041.2	-5606.37	-4880.66	-63865.3	12140.2	-8582.66	-37770.7	78413.8	13922.1	1991.22	-19947.8	59980.9	28881.4	807.267
8000000.0001	-5786.64	-53348.1	-18160.1	41273.4	-41095.8	11483.5	27329	40396.7	1698.58	-28996.6	43535.8	50935.4	-38414.3	776.159	-9443.04	3040.89	27107.9	-12750.4	33315.2	-31382.8	-49378	2059.85	-48089.6	37682.5	-21610.9	10416.7	-24880.4	-12140.3	44846.3	-15229.8	-7086.32	35489.7	-24779.4	41112.4	16782.5	1659.24	-23267.6	-35267.6	18366	-34600.8	14960	25808.9	-12899.2	-14210.3	16703.3	44987	-13915.2	34269.3	-23380.6	10342.4	15975.8	10126.6	3625.05	14535.3	29257.9	-7426.13	-24398.6	-31373.7	-288.248	67138.1	-30562.7	-25991.5	-5054.14	93791.5	21993.1	-11387.1	-16662	-23303.7	-20810.1	-13102.7	-12271.6	-1299.32	-3526.37	4357.71	-49536.5	16939	-37678.6	-27578.5	66134.1	-26706.6	-13502.7	46695.1	18218.5	4941.83	-31961.5	26233.5	19327.1	11590.8	29040.6	-9161.01	38611.6	-4390.22	-96275.9	60641.2	-39737.1	1730.01	30814.6	26226.7	33299.4	18008.8
8000000.0001	43633.5	3390.17	6793.68	-24528.6	22458.4	17293.1	28288.9	55215.5	16796.8	30859.6	-4215.99	48948.7	70879.9	-23156.4	34644	-8432.74	36695.9	-35160	-32160.5	31392.6	23708.6	4519.2	-24933.3	-13680.1	15154.6	54488.8	1290.86	-14938	-96665.2	21395.8	10547.5	47802	30967.9	19488.1	1277.08	9920.96	-18281	-41199.7	20462.3	-20310.8	-10112.5	-25389.5	-12700.7	22243.8	-8664.24	49465.8	-8124.76	28786.9	29375.2	-18081	-29465.6	-46375.6	-973.265	2160.73	-5641.3	-49091	-30148.5	5254.12	33635.1	-10217.3	-36229.2	51539.6	35189.8	46256	10047.9	8922.99	26248.7	-12332.9	11910.4	43413.6	-10133	22371.8	-5922.77	-10332.7	-5048.83	-53339.7	-476.107	23767.4	-53016.2	-6678.91	-4236.03	8104.52	-15554.2	24275.5	-2326.27	14967.3	-13303.6	17115.3	-43270.1	-49885.8	4996.46	-34004.2	-32419.8	9589.06	2904.86	-28790	-37676	-36280.2	-29267.6	-10577.8
8000000.0001	41614	-6054.84	-6947.41	-5781.63	348.591	29395.3	-15270.2	12784.1	-10787.3	12518.3	23564.7	-14449.2	-18729.5	-29201.5	15362.1	24540.2	4458.49	-6144.55	-34637.7	12072.7	47844.5	58121.7	32911.5	28154.8	4888.94	12300.9	8404.94	-400.304	4880.79	-35395.5	17467.3	-45443.6	840.958	3795.15	13443.7	2368.74	-22782.5	7320.12	-14741.6	-47103	-31478.2	-3024.21	31717.8	-53459	9840.92	18228.9	33891.8	-15236.5	31960.1	108.313	1007.98	49720.9	-30413.5	2645.25	-10606.1	18134.7	-35657.5	65550.7	-3506.32	-4045.46	21815.9	11054.2	-1934.62	13720.6	-276.854	-27974	-20907.3	6843.55	-8152.29	-8641.2	-26055.8	-8810.73	10036.9	8648.27	47205.6	-5051.61	-11320.2	2826.7	-24149.8	-17308.1	19592.7	39961.6	-48148.5	-35488.6	-794.575	50505.5	12750.2	8916.39	-29275.1	-32515.9	-11631.8	3595.5	23562.2	10019.2	52479.7	-10478.1	-30040	-11409.4	6463.37	41987.8
8000000.0001	-5664.38	-885.446	-32942.1	-42674.7	-27973.3	33695.6	-19445	15351.1	-28182.4	22942.6	23982.4	-9379.48	13152.5	-21576.2	8962.26	-36321.9	-13602.6	-13043.7	-2108.78	-45.4497	11307.3	49052.5	-21936.7	12741.7	-5240.75	-80846.3	16646.1	-19629.7	-46882.5	-22034.1	-27265.2	-33679.4	-44907.9	-24196.7	64219.5	23807.3	-1329.51	-22163.7	-11977.9	27294.6	-8346.89	3171.55	-11521	31019.8	5322.22	-12053.5	-41986.7	27236.3	-5063.49	-11697.9	18902.1	-14359.7	-18539	36934	62236.6	14665.3	36493	-15690.1	26761.9	-27370.7	7147.19	-28014.2	-15528.5	-13965.4	11347.8	23693.9	-71382.3	19030.3	-39834.7	16301.9	-8064.32	56495.4	42495.6	44772.7	-2229.04	-18754.9	-8244.64	26532.8	25533.3	-1358.16	-47456.8	-11526.3	-3388.3	4717.14	-8480.28	-36454.3	-28870.6	20157.4	-14400.8	-26626.5	35064	-24427.9	-43307.4	5029.45	4593.33	-19910.1	-8397.1	-15025.3	28120.4	-2832.14
8000000.0001	4543.77	17556.4	14313.7	-12908.5	11352.7	8191.7	11247.3	45398.2	16776	19833.6	4063.56	42659.2	-48023.7	1576.54	25412.8	-5410.07	21877.4	-14716	-13114.7	11395.6	-24149.3	-34646.9	-11794.8	-49995.8	17152.4	16632.5	-7742.02	19844.7	73632.9	2246.81	-1368.62	12767.8	-27076.2	-27330.7	60755.8	40315.2	-5164.07	-27397.6	9437.02	-29712.8	30842.9	-24368.7	-6364.9	16652.1	-37690.3	-14790.4	-9822.35	15748.8	-12215.5	516.468	2504.53	3715.17	7233.77	17608.1	4206.53	-17120.8	-48829	-28460.9	17907.8	22469.7	18432.1	45340.7	-59301.3	-14516.8	12019.7	-20449.1	-47704.1	25762.4	25249.1	7847.72	61826.8	-9097	-29491	28896.8	-24685.8	30443.7	32237.3	-51154.1	85576.6	-17097.2	-39698.6	11821.8	-35300.7	48306.8	68643	-18368.1	23157.2	33135.7	-28713.1	31223.1	-15962.7	-5489.39	-22648.4	-35925.7	-20767.2	-1583.29	19134.7	-38215.1	-11847.9	-38034.9
8000000.0001	-6693.51	6668.18	15695.1	-23848.9	1677.45	-48757.2	-2160.02	-21068.5	11004.2	23210.3	41929.4	-3381.77	19596.4	22590.9	-25693.2	-5448.2	54551.7	-40340.9	-18373.5	-58433.1	7719.4	7886.18	-18501.2	30887.2	-18088	10954.1	-13333.8	45005	-15421.8	24376.7	-19085.1	39632.5	-3168.72	21223.9	9342.67	-26782.3	-14849.5	48928.9	3233.6	32062.9	1740.99	-13897.9	40237.5	8340.8	-6357.96	-7817.73	-10440.7	-14248.9	-25110.6	32242.3	45560.6	-11985.3	-6246.32	-13574.6	1655.13	3025.39	1093.87	-18508	7934.69	1101.14	9182.34	69299.7	-7963.42	21121.9	35127.2	-21585.2	-49196	-6637.68	-17509.3	-17173.9	34292.1	-24385.4	7454.38	-17743.6	-33602.4	14715.4	-20622.8	17794.1	5895.34	-50039.4	-22418.1	2676.39	10061	9253.24	18054	-3272.25	-41216.6	42475.7	-15975.9	3717.67	-8021.01	-21121.2	-20477.7	-10347	-76956.9	11958.8	3267.75	13493.4	26404.4	-19528.4
8000000.0001	-29738	-14651.3	-64834	-31797.6	-19653.5	44446	24029	56607.2	-19021.8	-22159.8	-30092.6	-16170.7	-42974.9	27933.2	-10208.8	-30226.6	6228.6	10107.7	1890.84	-32122.4	-28068.1	33553.3	32671	2511.87	4525.43	-56793.2	64093.2	-37102.5	49125.1	-10340.7	-39657.1	25540.8	15627.8	-2921.39	-23518.6	-25846.7	-18872.9	27577.1	-8894.58	10266.1	74937.5	-45902.7	-11206.6	-2396.42	36291.6	38514	-15242.1	-12931.9	17025	-11354.1	56331.9	-31888.4	-1542.64	-500.258	6191.15	-14385.9	35370.9	4617.76	43586.9	-807.116	21594	-11057.4	-231.273	-24592	238.435	16234.4	31758.9	14389.2	2463.01	49800.8	38650	16974.5	-60299.1	7816.21	26587.9	-9098.85	-72908.3	38935.7	50422.4	20965.8	59892.9	-2171.48	33816.4	-18878.3	1617.65	-29309.9	-38516.1	-24865.5	206.099	49357.4	16810.2	8807.05	-49094.8	13833.6	3513.34	-3385.8	-6315.36	-896.156	-2186.07	5539.49
8000000.0001	25220	-13213.9	17122.6	3950.33	27082.3	-64602.7	-34592.1	-1681.06	9672.7	62270.3	-14327.6	2468.54	21226.1	-9796.1	-7165.71	-51012.6	-43117.6	30933.6	43446.3	-21451.7	8088.47	13624.4	-25811.4	-14435.9	-3950.05	41393.9	-15089.6	-9434.51	-16554.1	-715.046	5392.84	1225.61	-27890	-16650.1	27021.4	11322.8	51619.8	-40250.7	-27985.5	-1700.91	-51852.1	-5221.71	24014.2	20959.4	-43623.3	31641.8	6944.07	27386.3	81942.5	-695.388	-13650.8	8302.01	46281.9	-7966.39	18739.5	-21641.1	-15397.7	-35023.9	18182.2	23241.7	27667.7	33080.4	17267.8	-36967.8	60007.2	21927.4	-9135.67	-26964.6	-44187.8	-9137.85	4330.37	-628.284	4914.91	-18926.4	-14242.8	-18693	16075	7215.39	-71042.3	-23365.8	9290.51	581.094	11625.7	22877.9	24491.5	11047.5	27585.9	1273.14	47236.7	17374.7	-6003.99	28977.6	-19226.1	45152.6	15246.4	-8100.69	20972.7	-22024.3	-17348.4	10275.5
8000000.0001	-65658.4	-30031.4	-30120	31393.8	1672.66	34989.8	6248.7	19587.3	3216.77	10938.4	42609.6	12655.2	-18793.6	-5492.42	15844.2	60611.3	22093.3	10597.1	-45066.2	12617.3	4770.36	33711	27784.2	22006.3	41359.4	-11134.8	57750.4	-2519.74	10405.7	-36277.2	27365.9	-721.273	-26802.1	15044.1	-21733	1906.98	41310	-58724.1	-19669.9	49937.3	-30215.2	29983.2	-15960.5	614.74	-6647.36	13594.2	-10500.7	-80308.6	47472.5	29375.6	67104.2	-14232.1	14270.3	25766.5	47932.5	20515.3	50547.2	6264.77	-53707	-34823	-4239.32	-25481.2	-35822.8	-25880.4	52106.2	13668.2	-4429.22	-16028.9	34178.8	68885.9	5489.58	2276.82	-9725.36	18715.2	-3212.84	54275.8	37350.4	-17952.3	7219.32	-12137.2	3241.01	-9232.18	-4529.94	-38702.7	-48742.3	-13404.2	242.453	-17723.2	9232.9	7437.37	-38338.1	-18342.4	-10184.8	153.648	19373.2	-9713.23	-39931.9	32726	-2273.36	37799
8000000.0001	-2168.09	19782.7	34085.5	-13971.8	-4559.24	-12528.2	-24174.3	-14918.1	-8694.69	-25594.4	-9017.71	16451.5	36679.8	-16207.5	-6693.49	7549.63	267.929	39216.6	7439.95	72120.1	-2941.96	-39598.9	-11361.7	39772.8	4312.34	18416.2	-41676.2	-44908.8	-2323.04	-28551.3	20567.1	-8227.46	6778.09	-6240.18	-24095.8	4513.73	-27623.6	-13782.8	12500.6	-30705.5	23899.8	-47357.4	28541.3	1141.54	18880.5	18880.6	43139.6	-14139.7	31729.3	-24269.5	-6105.66	-9564.26	25307.8	14699.8	-29783.8	-16000.8	39420.2	5334.36	52776.2	-6888.05	2351	-10445.4	2712.48	-11084.8	13214.5	-5405.02	15091.2	-6867.26	-31952.9	-19501.7	-10633.6	36148	25719.4	16243.2	43449.9	10765.2	-13255.9	43345.2	27666.8	22604.3	26103.5	328.086	-7439.26	1962.38	-24108.9	-33315.2	-19268.9	41481.3	-13934.1	-13771.9	26634	41185.4	-78267.7	27435.6	-31505.3	-38418.2	41948.5	-7070.71	37942	19772.1
8000000.0001	1949.69	30182.2	19502.4	-35827.7	39569.7	17369.9	-33165.2	-13950.4	12431.6	1216.71	-10430.8	-24721.4	-2537.62	2909.29	16766.3	23914.2	-4630.93	-2914.92	-15418.5	16753.7	-40912.2	16682.3	6660.1	29885.5	-18108.1	32471.1	-7914.57	8983.07	-37176.4	-28520.3	7372.12	-46573.3	28502.9	15618	25095.9	-13031.5	16011.6	4475.8	-29026.4	-8185.07	-12602.5	-9878.57	26107	-37943.1	31469	-20868	-16399.3	19244.9	-55775.5	20822.1	12472.5	33142.3	-50664.5	17788	-23436.8	-15959.7	41401.3	50822.8	2113.37	-37064.5	-8824.4	19992.8	-18306.8	-24436.7	24336.3	10669.7	-67138.6	29490.7	44995.2	37135	-34926.4	-46062.5	-9013.71	-10252	4991.79	-8391.41	11110.2	-4211.3	-17588.1	13577.4	-22747	24101.8	10751.8	-44714.1	8392.03	19233.2	29930	52309.1	13288.8	-11278.4	-46106	59713.7	-24591.6	-27457.4	-29998.8	-7581.71	10105.3	-19730.1	4576.4	-10780.2
8000000.0001	-8453.01	-30867	3532.11	-14204.3	-34532	9239.38	51393.4	62783.1	-4508.28	13576.2	7063.49	-32532.2	53147.3	9086.94	-15484.4	20977	-11247.9	6999.32	29883	43668	47075.8	-41782.8	-24904.9	7804.86	-64589.3	26308	27459.5	-764.699	50575.5	104.168	-2735.26	11107	-14327	-1664.12	-35753	31365.1	34497	37787.9	-6527.01	-45772.8	-13182.3	-47895.9	-45361.4	-25032.5	-4597.23	-52804.1	-7712.68	8462.87	72455.1	-3988.34	-31239.6	-3043.56	48260.4	2325.84	-33595.5	26132.5	43071.7	368.834	2137.91	6744.39	39868	3550.34	-32400.6	11051.1	-33275.4	-920.421	-20380.8	4392.6	-13208.8	-11634	7264.01	-45291.1	403.364	-22405.8	-38958.3	-819.767	17118.2	-3520.3	-31085.8	60426.2	-23180.7	588.021	6486.68	-16809.3	44336	3332.84	-4239.98	-5733.33	24135.4	-25252.4	-35800.2	-61928	80149.1	-16877.2	-60457.8	6079.63	33.4715	-28572.8	-51261.7	-35154.4
8000000.0001	48406.7	-6920.3	42203.8	-9158.19	52639.2	-5499.45	-63562	-3939.24	20404.7	-3649.5	-8084.48	-23906.9	34916.6	-11708.8	-19034.4	70824.5	-32784	-40879.3	-4033.45	-1760.65	-31206.1	-37619.3	54667.3	-16974.7	-19478.9	-49575.9	-30294.9	10024.3	11053.9	26915.7	17051.7	8629.68	-21433.7	-594.59	-31831	28356.3	51482.9	-12497.4	-2656.44	-19435	-21283.6	1963.1	-8494.01	36619.6	32522.6	-13608.7	-8307.98	6692.86	-2362.59	-27609.8	10829.8	-14962.9	-756.977	-24268.3	26531.6	55770.6	-33608.9	-35555.5	3315.69	-20829.7	9284.22	-22257.7	-5642.53	7157.98	9458.25	30346	25951.6	-6245.29	4903.57	-19070.2	-36511	4729.88	30777.8	-20485.7	-27738.1	1590.05	-10736.3	-28428.1	-6974.25	-17367.2	-12500.6	-10732.3	22433.3	-26200.6	11132.3	9198.37	-40135	39180.3	-49243.9	6158.69	-4570.58	70521.6	61060.7	-11586.8	-2941.89	7873.56	-5635.26	-7823.74	23817	19188.5
8000000.0001	-5811.4	-32221.6	-35720.7	14280.3	-9623.22	47993.8	40422	18925.5	-10951.4	16494.9	-3799.05	-31169.6	-39478.3	6338.14	48339.2	38789.2	30476.5	4614.97	-2882.8	12309.6	-41088.9	10373.1	-27053.9	-3800.75	46395.5	-2231.88	-10191.5	32169.9	9209.03	29990.9	-2761.73	8934.91	2424.56	-23695.4	48350.5	8768.84	-10542.8	-30290.3	1986.31	12284.3	-10913.6	-12986.7	24608.9	-40819.8	-10946.6	-25859.8	33362.3	-65328.1	15122.1	7702.33	-13140.7	-11334.7	42007.3	-2995.95	-1567.85	-55936.5	-29897.4	-27210.2	-22348	-16678.4	44042.5	62173.9	33161.6	3614.31	39350.2	5862.76	-71392.6	-38978.6	-39530	30448.2	-35383.8	45058.4	18761.2	44734.3	14504.6	2960.91	-34399.2	-15144.5	19636.7	8262.34	7339.94	-12722.4	-15938.7	20420	14028	-29498.5	7991.6	-22457.8	-41110.9	5737.58	41681.9	-39650	76257.6	-4822.49	21569.5	-25315.9	-18540.6	-28392.7	-24108.2	-69079.6
8000000.0001	-17401.7	20724.5	-5145.85	-4977.75	46290	-6015.86	15749.7	32779.9	22941	36899.3	55731.4	57893.2	22488.8	-42722.3	7862.68	63994.7	-40945.9	60511.6	11029.5	-31315.6	-46736.6	52686	-32773.4	-16291.6	19703.4	-17104.4	2259	-13964.5	29407.8	4680.97	-25061.1	19386.8	-50481.4	10718.1	-24599.3	-23820.6	-15799.5	24291.9	-17326.4	18551.6	-29205.3	-44270.4	35128.5	35876.5	3061.67	23675.8	-18955.7	-18895.5	-52020	19322.3	-19782.5	11116	20405.3	-30628.7	-2431.83	19712.4	-15903.1	14855.4	19361	4052.65	1636.88	-7314.34	17878.3	-16591.6	-14998.1	-44023.2	-25682.6	-21049.4	34111.6	-13105.5	-39490.1	-30853	22222.7	15552.5	-2936.04	-14977	16546.6	6035.65	-10200.1	27535.4	35348	-11640.9	-2705.93	3068.97	-2707.34	-12065.3	-44160.7	32442	4030.31	26648.3	-42225.7	-15945.6	-26291.2	-44760.6	29976.2	-25310.8	18769.9	-46686.8	-23740.3	12933.8
8000000.0001	-42797.1	-47666.1	41094.4	-1853.83	1213.02	26540	64136.6	-3240.46	8361.25	7959.27	13932.5	-32803.6	-18485.1	-19644.1	23622.3	-51966.2	18054.1	231.82	-14603.9	14732.8	7166.1	10777.1	-1541.82	-2395.26	34746.4	34757.9	11414.4	7436.73	28145.8	-13176.3	20470.2	45374.1	-77.6452	4042.17	-31304.1	-5537.67	-30091.8	57963.3	-16455.6	6465.18	-1908.2	-544.12	24095.7	-16214.2	14461.1	-23255.8	-3088.37	24048.2	35577.8	-25141.6	40340.3	890.662	29610.1	-2595.24	-5880.79	-23641.1	-17499	-20905.2	-156.043	15778.9	-15644.2	7991.91	-2768.05	25180.3	3225.86	32193.3	-15195	54448.7	2067.18	788.443	77390.4	-7003.78	15713.5	-21550.5	22409.4	57966.4	71609.7	5871.83	-9603.1	-10199.2	-35230.1	-5940.51	14837.8	13216.7	-22576.8	-26591	-20922.6	27816.7	-48808.7	9866.19	-8336.09	-18189.7	36.4576	20280.6	-18501.7	37211.4	-12374.8	36732.1	12523.5	-27773.9
8000000.0001	19927.3	-33213.1	26723.3	39350.4	-5794.99	29141.4	-21958.6	-7219.56	8880.91	24447.5	20401.6	-8504.97	-51857.8	-32441.9	-40941.5	22341.8	65788.1	58213.2	12551.4	-15931.2	-9454.84	-24336.3	62875.3	21888	-2266.68	13602.6	42553.3	25558.6	3695.13	75889.8	-16845.8	-18231	26176.2	-11546	-6543.43	-1939.32	87466.5	40202.7	-14181.7	-21499.7	41520.8	-3647.74	5333.5	36969.3	-26528.3	16339.6	-10541	-8262.42	-3504.2	1085.48	1179.11	-19696.6	12896.6	-2839	8691.15	11921.9	-4846.28	21258.9	-24944.2	20941.5	9706.63	-17511.1	-39853.2	-24325.5	-29856.6	-2923.42	-18433.8	36731.9	-44667.9	-10201.9	1436.28	-32739.2	-35796	-8496.38	-42178.3	-24342	1563.43	-24915.4	-19455.5	1418.32	-2266.11	13002	10256.9	37512.6	28334.2	-32245.5	-24157.8	-13918.8	-12295.7	-16647	-964.584	34917.5	17137.7	16085.7	-38084.1	46.9824	-24495.5	-22707.6	-20781.6	23194.1
8000000.0001	7453.3	-1918.19	-24388.1	-12948.1	63841.1	16526.4	7163.25	-1258.71	71106.8	17829	14864.8	24165	-14019.9	17900.5	19399	4211.93	-29938.8	40738	-23441.4	-3821.08	-24735.3	20990.6	-11746.6	12569.9	-29037.9	-33395	-44189.4	11882.6	-1340.03	2709.65	11611.7	22961.7	17579.7	-25670.1	37336.2	-23022.3	-19388.1	-15940.2	-24167.4	-38714.8	32100	-25736.7	-19869.8	-13742.1	543.88	-27145.2	1238.7	-42796.8	7167.71	-7839.84	265.153	-16944.8	24378	10886	1674.36	-42422.1	-30820.5	8761.42	-13658.3	21963.6	33184	-20034.6	24370.1	15676	69240.1	-47063.7	48028.1	38323.3	31943.5	16666.1	-58376.7	-17112.3	24392.5	-4922.23	13645.2	12267.8	21439.7	48509.4	-29589.6	48595.2	-25689.8	-49124.3	-14497.7	-8014.08	10730.1	-28042	-38628.5	-16283.2	-27305.7	-21856.9	14979.5	42869	16206.1	45968.6	-2001.58	-11272	-29479.7	55407.4	-6929.07	-810.537
8000000.0001	3117.38	-7077.46	-44464.3	35666.2	-52100.6	4135.29	39941	1740.18	-56000.9	-68283.8	17415.9	30431.2	12140.8	15597.9	21571.6	-5317.98	-52377.8	6161.87	6558.31	26903.4	15236	-3065	-1092.72	75732.9	-32958.3	-48666.2	-58634.7	-885.519	-14735.8	-41286.7	73337.3	-23265.9	17826.9	25770.5	8353.16	-14255.4	-15091.1	12844.5	-10706.7	-7228.46	-41709	17197.6	18627.2	7967.11	-9085.51	-22606.1	-5863.53	23723	-10288.5	-81100.4	-9645.79	4498	46167.2	18376	-10894.4	45871.3	20522.9	-7327.7	-8978.86	-37301.7	-3350.94	-13741.2	-81855.8	-10814.6	49292.6	34747	-17262.5	-6253.34	20166.8	-47970.9	-11068.4	4832.11	-9440.35	15447.7	15931.4	27578.1	-13646	5052.34	29408.8	-66912	8496.84	-34022	-11545.1	9897.21	-586.626	170.3	-38389.3	-32777.6	36370.8	26136.9	1462.01	29307.6	-27657.8	43793.1	-19645.5	10574.2	4795.95	6841.79	7747.93	38749
8000000.0001	10278.4	-35221.9	-33570.6	-5978.35	-24550.9	-13572.4	5207.42	-34551.5	5343.49	-29571.9	-29324.2	-36324.7	42859.1	-21329.4	9062.8	39060.4	22023.3	-4644.47	-8660.99	-4335.11	2085.83	5724.01	-8887.26	27906.9	55823.7	30435.9	26662.5	-13566.1	51166.8	13568	-13538	-10608.9	17253.6	45105.8	-32623.3	-36550.8	-41904.9	-1084.43	-37301.2	26073.8	-7139.27	17314.6	31125.7	9297.62	13353.1	-45693.7	22161.9	21461.3	-34640.7	-44509.1	7755.48	-11501.1	30472.5	13366.4	70583.2	9224.31	1467.35	76752.5	858.144	26037.7	-26259.9	15905.7	37863	-38120	-5839.63	953.515	-9524.54	23341.6	25707.3	-26148.4	-42578.1	14151.1	-6369.88	19546.3	29729.4	-11463.9	1342.02	13893.3	55627.4	42998.2	-32761.5	-79747.7	-14911.8	-11332.8	-27287.6	10595.9	44717.5	7073.72	-14615.5	-23438.2	-35321.8	-19471.4	-22026.2	3739.25	-14759.7	32803	-28069.1	-4587.4	1503.74	13382
8000000.0001	-11031.9	15789.8	-4266.14	-36592.2	10068.3	32768.4	58598.9	-24339	-12765.2	22440.2	-16741.6	23870.7	-31699.6	17178.4	9463.68	-18648.9	-22382.6	-76977.2	-52510.5	-60669.2	22059.5	3675.51	-4862.1	16595.8	-2015.66	21537.8	-3948.47	-16234.9	27011.2	-5194.05	18290.2	11981.7	8840.25	77874.1	-17014.2	-9430.89	22352.6	23868.2	19580.3	-15469.9	-17295.1	-13950.7	-3935.01	-48081.3	27877.1	-38518.4	-2236.1	36063.2	-20357.4	-23382.7	-49468.7	571.225	-48926.2	4187.94	-54838.1	13928.5	-13985.2	44106.8	6020.19	23740.2	-61916.7	10292.8	19854.2	-7436.01	-52203.9	-6101.91	-31724	-11637.2	41680.5	14184.1	38372	31246.8	8405.88	71298.7	-17317.3	-68959	2270.93	28605.8	-17795.4	13848.9	-3063.85	-24298.3	36411.1	41916.6	29955.4	75652	-12810.7	-7325.93	743.085	21711.1	-9614.58	-4294.22	-20149.4	11911.7	-28372.5	-536.47	10200.8	-15357.1	13650.5	-9976.59
8000000.0001	-1639.81	39548.8	12066.8	-7083	-2162.33	-22823.8	35696.1	30308.8	-31498.1	20563.8	32613	36871.1	-89.1244	-7164.63	16607.5	1263.41	-1947.51	20293.5	-30511.6	-34917.3	-42123.6	-58322.1	16449.7	-3143.11	-39676.9	-8037.33	-3895	-3877.62	6161.86	-25919.6	22292.6	-2286.3	9666.32	44553.4	16633.2	2278.29	12197.5	-22908.9	1126.99	39080.8	61899.7	24450	10520.6	14320.7	4885.16	280.093	-12213.7	-48899.2	-11414.9	-3196.83	3526.08	-10512.3	12064	11155.9	-18139.5	12991	15096.1	7743.82	-1249.25	-16587.3	-5490.04	-25094.6	846.851	5367.21	-4030.68	35809.2	43617.1	-11172	-978.311	10115.9	30178.3	23593.8	580.342	3949.95	17173.2	-19274.8	-207.489	2664.25	10703.7	-45814.9	14072	31712.4	-66115	-13476.2	-2527.99	6359.81	-32057.1	10400.3	3984.41	27198	42556.9	12647.8	4286.89	-4142.49	-588.173	19886	-40375.6	-14280.6	49415.5	-9869.02
8000000.0001	-22309.9	53667.9	-16913.8	-27725.9	13241.9	11063.7	-35432	-9201.5	-34305.8	-69792.9	-15968.2	-73013	-48255.9	11118	-14399	-13241.4	4185.1	56657.6	39148.8	-490.615	5937.13	-10404	45252.2	-50567.1	14654.2	8221.68	-3003.92	-13407	6503.2	43638	-26166.4	-25646.4	18371.6	18525.9	39097.2	21981.4	47591.7	15669.6	8112.07	4258.42	2167.86	-25175.5	-16786.7	-30218.4	-25995.9	16048.2	-8259.04	-31469.1	7008.54	26696.2	9652.45	-35686.1	15776	-12820.7	-1913.47	-2139.04	14308.7	-47055.5	-40850.3	-3798.22	-42454.3	9231.07	-48431.7	-2921.72	-28854.8	5233.88	-45054.2	5552.14	-20723.9	-30043.5	-42470.9	13147.3	67058.8	-34522.4	29286.6	-9979.81	-7383.83	2400.7	-28095.3	36416.3	-49787.7	-28761.7	16172.6	-27168.7	23855.8	-1652.1	-7576.31	1250.97	7514.89	-15327.9	-2181.34	-71411.6	-19286.2	-42499.8	-5029.41	-4840.56	-72163.4	19423.3	-19245	2890.59
8000000.0001	-6175.63	20181.4	34823.3	43518.6	-58426.7	-15664.8	1406.17	-3303.15	17524.1	45654.2	-16759.2	-27445.8	-60090.1	17409.5	-18044.6	-8882.75	33231.8	51722.3	-21703	14823.9	71641.6	-28163.7	-36834	18680.6	33160.8	-41755.3	19583	-39599.3	18905.5	5069.94	-23193.1	-40162.2	-3663.45	4398.19	-23217.5	5728.84	9227.44	4620.63	-50013.1	-10642.6	-18364.8	2916.23	56400.7	1402.58	-35740.5	14549.4	28198.4	-14281.2	44394.3	-70202.3	-23993.8	-42382.4	-33259.6	-13826.6	-31583.8	-15467	-7674.45	9437.9	-17906.2	-48221.7	9669.17	12591.8	4962.61	10976.1	32532	46356.9	9116.21	-9660.44	-3779.83	-21730.7	57026.3	19862.9	2773.39	-825.949	31339.4	4999.24	-22564.3	6215.89	14730.4	25060.2	-9762.91	33278.6	31047.4	-10097.5	66310	25200.6	16820.4	-46.8279	-49808.7	41726.5	28038.4	80135.5	22885	1503.74	33957	-53764.1	9671.39	-6709.43	-478.812	37460.1
8000000.0001	1117.97	-10182.7	33660	-27489.4	-17645	22971.5	24025.4	-6660.43	17373.6	-13182.3	38874.9	32485.3	6651.03	27631.4	34012.3	1034.17	61652.3	-8970.69	-42793.2	-16534.8	40858.6	53153.2	-3644.33	29872	-3744.07	-59481.2	11176.6	11389.4	44785.1	34443.6	10941.5	-16813.2	-8894.54	-22459.8	27242.5	-40887.5	-45053.4	8255.93	-8297.18	-551.732	-4962.68	8292.11	39159	-5312.59	-33198.2	-12183.2	-12339.6	48935.6	14862.2	6026.26	-27880.2	12678.9	9603.99	1091.87	4244	5038.73	-18126.8	-15782.6	-4681.72	-6567.73	1947.29	57669.9	1934.58	31550.3	10888.8	-3499	1268.98	-19943	-12248.7	-33697	-12133.8	9376.12	-42583.4	-23683.7	-19901.1	-25918.4	52281.7	585.625	4915.5	-26197.6	15065.8	3834.07	-31197.7	21466	-50815.5	-33506.8	28012	36980.9	62829.6	4382.55	-24094.1	-55714.6	-11493.7	-3515.56	-19729.7	27346.3	-12276	22888.9	5618.06	-11264.5
8000000.0001	-46887	-1435.36	-24339.2	-15127.2	-26248.2	-6356.18	-34371.3	-3186.89	26404	-40826.1	-20480.5	-62979.1	106.235	21501.1	-6481.69	45923.1	-22188.1	-47288.2	18658	28370.7	-21937.5	-19937.5	31998.2	36585.7	-73446.6	42884.4	54732.9	-9760.61	5195.03	-23649.4	-3356.52	-24124.4	-11018.5	-25566.3	-69149.6	24308.4	-81220.4	-4722.21	34094.5	-14836.2	21219.4	-17786.4	44160.4	-42427.7	-5605.29	21518.8	14605.8	12991.5	-29241.1	3130.55	34369.1	-13800.1	27704.1	-31201.8	-38224.4	26341.8	10847.8	44123.7	-9453.92	17508	31894.1	7553.96	22249.2	-14978.7	42894.4	18261.6	22660.9	617.179	55627.6	-26807.8	-22628.6	37928.2	-28030.7	9302.37	-46896.3	14808.1	-6384.13	9616.82	8091.49	-3821.39	-16529.7	-6743.87	62724.7	-15121.7	-472.825	-23289	-58651.5	-19836.7	-1427.49	31430.4	-7883.55	-7137.05	24142.9	-36480.7	57859.8	-27302.4	43432.9	7420.87	-14273.8	-8508.08
8000000.0001	8738.65	-2449.27	-31263.4	-29225.1	35723.1	-63107.2	35678.4	13752.2	23063.4	-80104	19465.6	-2997.77	8537.42	-11825.6	59289	21634.5	-10518.5	-13007.8	-46070.3	28559.6	14302.1	-35103	-29110.6	22152.3	-18934.7	28791.1	19709.8	27494.6	27870.7	12505.4	-16548.3	19815.2	21701.9	-47572	-18901	18661.8	-2204.63	32686	21550.8	-13963.9	-7388.33	-625.635	19888.3	29592.5	26096.4	18411.3	18033.8	3766.91	50677.7	8688.76	-28595.5	25231.7	44425.6	-54374.1	322.703	-46500.3	-7788.96	-13896.1	-9365.9	-6275.63	-47699.7	-25843.4	-1474.23	-60912.9	67383.9	-3835.02	-14678.8	-14527.5	-19050.9	402.247	-18550.3	11394.5	55992.9	-34841	32183.4	-41399	-8351.61	33415.6	42022.3	-14133.9	43560.2	-17879.8	20101.5	-301.461	-29131.6	8277.84	64541	3159.38	19725.1	17341.1	41680.9	-7307.04	32297.6	-35515.8	1483.37	-39817.2	-1416.53	47592.7	16851.1	39743.3
8000000.0001	-10120.1	-22634.3	-26714	-3590.62	2341.27	14633.4	-22694.6	31893.3	16593.4	-59444.2	-21519.1	10339.2	4952.85	4231.52	11478.7	-6154.8	39647	19593.2	-7517.71	-484.472	-5675.62	339.818	-26724.3	5493.85	-27164.2	-4929.35	-34775.2	1741.22	-41591.2	-34329.2	-31444	29392.7	21729.8	12176.8	11386.2	3461.68	-25831.8	-4085.75	51083.1	-38350.9	14111.2	515.915	35442.8	-39043.9	-1719.83	-59024.4	2630.9	13116.3	-7051.58	7778.89	18031.4	16610.8	9451.3	-20270.9	-42449.6	-6642.19	-6670.77	-13328.2	16712.8	20994.4	9786.41	-14272.1	21483.5	14617.3	16190.8	-36.1626	-14758.9	-8673.15	-34056.1	26873.2	-28188	29658.4	16896.6	39852.8	-21917.7	-3897.11	1286.84	-16484.2	-7649.93	35424.7	-28085.1	11138.6	4313.36	30901.1	29775.7	24523.1	-26931.5	16981.8	-7709.1	53395.6	18576.5	10880	9245.04	-4485.46	-38734.5	-23635.5	-24206.9	8508.24	-8702.78	-49280.7
8000000.0001	24648.4	7430.21	1937.62	17812.6	-33323.2	6630.91	-52614.6	37492.7	5139.79	-50766.1	-11813.8	15950.9	9104.08	45125.1	-4724.13	10704.4	-13417.3	28875.2	15635.1	10265.3	-39867.6	16483.8	-20645.2	13128.9	12706.3	-3108.84	22682.4	-9386.06	-765.864	-10269	37078.6	-31414.3	-28237.5	28707.5	2782.85	5121.97	34735	-15345.9	-26864.9	-1778.71	-19570.1	-67817.4	-39096.9	12683.6	-9264.2	-18569.3	-27085	34195.7	-26444.2	-7913.7	16313.1	36549.5	23366.4	6315.84	5026.41	-18347.6	22439.8	12925.5	26126.8	22719.7	3988.21	4494.65	18074.7	-11743.1	5857.55	17436.7	-11973.9	18434.7	-16239.5	93856.5	7860.19	7761.09	-2240.45	3899.4	27127.2	19558.5	-42736.9	-43667.4	28911.9	-45900.8	-30392.9	20995.1	23173.9	60429.9	52157.3	-17017	-14004.9	29794.4	-35014.2	-53330	21220.1	42519.7	-31036.9	32053.8	13965.3	67623.3	5115.54	11653	-39702.7	38677.5
8000000.0001	28104.7	20808	-37626.6	12238	-51687.2	-24331.2	-31074.2	34238.5	1375.36	-14038.4	27019.2	-59433.8	15508.2	-15267.2	18777.7	-30919.4	-50180.2	-3093.04	-15888.9	-14027	8923.74	33973.8	-21225.2	4955.67	-1965.91	-14783.6	27262.4	12085.4	-23434.9	-12913.7	21638.7	31514.6	26364.1	11332.5	-34598.5	31772.6	-44972.2	-15529.4	-29588.4	23544.2	-7184.44	-4899.64	-44086.5	17704	-19667.9	-4104.87	-36937.6	8932.84	-20667.4	886.841	-6625.81	-49269.9	-992.582	-44309.5	-8372.2	10058.9	-24881.7	18146.2	1913.9	-21339.4	7191.74	-16042.4	-16139.6	51988.1	-57451.1	-11195.6	-13395.6	1188.96	-12800.9	-2253.73	-7596.73	21838.9	-29340.7	23181	6480.26	29469.2	-78320.4	-5197.54	-55103.3	33229.9	41976.2	3632.58	11590.5	-17677.2	-16505.9	5210.38	-13022.6	26121.2	-17645.1	28122	-57772.9	24852.4	15565.9	20909.2	-3940.96	33647.1	-27637	8693.47	-4993.43	-5353.51
8000000.0001	-23106.4	-27213.8	47715.6	-30185.4	22948.5	-10019.7	-18461.3	10633.6	-16272.1	-10887.9	5253.67	13791.5	13146.4	2940.07	36202.3	-68663	9417.44	10540.1	-8341.76	-34506.4	17212.6	6072.3	-7676.63	33942.2	-41804.3	7672.71	20120.3	-21234.1	51443.3	-17726.3	-15617.4	31597.8	-15882.7	1033.56	-12628	-44327.2	-60893.9	20399.6	-46887.6	-6307.06	26232.3	-21745.6	-19948.7	-10124	-17394.2	-2815.96	33711.6	40684.1	8105.85	42142	17465.1	-33750.2	-792.33	3692.38	-4008.87	-33657.6	28074	2780.43	49919.8	-4869.81	-2055.96	10387.4	2682.36	33682.4	15358.8	-27480	-35176.4	-6497.94	39861.7	16345.5	-24844.7	6356.59	24324.1	-33076.7	13280.1	26308.3	-14387.7	-6433.54	17949.7	-5762.12	-7523.34	-33323.2	16616.2	9395.22	-14957.2	6688.77	10777.3	3685.7	-40669.7	10388.1	-1096.16	-16510.1	-71182.7	-49533.5	-27713.9	1427.49	5724.09	28327.8	47015.5	45805.2
8000000.0001	9951.14	-1032.02	-46310	-27914.5	11973.3	-43592.1	19882.4	-43862.1	71659.4	-24835.9	16641.5	-6594.5	21556.9	34194.7	27469.1	37042.4	24354.2	-9550.66	-45062.7	-3421.73	2986.02	-39083	-34058.6	-39284.4	45896.4	-24089.6	778.5	-22616.7	-10906.8	-39067.3	19490.5	6301.77	18761	32793.6	1074.26	25835.9	-40818.9	-980.843	-58288.9	10103.4	-6261.34	2176.14	4529.33	3756.35	28335.8	-24779.8	-5967.36	991.897	13925.6	-3645.15	13340.9	-40738.4	-8087.26	-31664.2	-1047.38	2462.36	21970.9	9798.35	-18958.3	29827.9	-35373.1	10576	18529.2	50167.5	-13060.7	10782.3	12531.2	-30555	30647.4	12719.9	18766.8	16170.2	-8930.48	9549.23	1698.7	-28188.6	-20544.3	-94878.3	-41542.9	-18528.6	-16937.5	-27042.9	7651.69	4540.65	-444.942	28600.7	-26880	-12889.6	-14713.9	-17033.6	-4844.02	-25872.6	13497.2	-14071.5	43282.2	84410.2	18956	12487.6	-27316.8	-32805.1
8000000.0001	35284.6	19351.7	2735.26	1295.62	5793.29	50413.4	20083.5	28802.6	-19588	39347.9	-15796.6	-22888.2	-20110.9	23932.7	11263.7	14520.4	4159.53	6631.5	-70157.9	-27027.1	-73705.4	-40598.8	27033.3	-28314	-28387.5	-39861.7	34641.2	-2424.36	3861.28	22222.5	-20562	-56234.2	-2977.6	40919.1	26226	14744.4	-37027.1	-17332.1	20660.9	-6768.06	-10003.4	32996.8	-21252.1	-21268.6	17512.8	-36866.5	53563.5	4734.46	11400.2	36210.2	-33450.5	3688.96	20685.3	-61443	13970.8	36767.2	9814.48	2251.98	-15320.8	18920.5	-8510.25	16895.7	-6755.17	-5743.69	-24083.8	8978.56	-3481.47	-52556.1	-38460.3	-11821	-8824.55	32776.7	8940.8	30753.2	-14212.5	11044.4	2896.45	-4890.54	1619.53	5320.63	-14179.6	13200.6	3174	14609	-13133.7	20595.7	23937.4	4349.4	20761.2	-35218.7	-32906.4	23967.6	-7065.19	-28264.1	-23727.8	-3037.16	-51879.2	26715.6	15430.3	21132.8
8000000.0001	-24026.3	-53438.1	27397.8	-81.2792	18349.4	-28388	7440.81	-30.4716	-16048.9	-49028	-17104.3	-33221.5	-10921	-57609.3	-45690.6	-41142.5	-15026.9	-22396	-60106.6	-26140.6	-17761.7	18738.8	25295.7	38073	-21083.5	24348.2	5846.14	-21189.1	-22411.6	-17552.6	-34188.8	25153.5	26920.6	27163.1	5575.81	18312.6	-26007	40917.7	-20516.1	-17485.5	28690	-3692.98	26691.3	-13995.1	33098.7	-61108.8	-5874.57	13068.8	20328.5	12434.5	14695.9	-1512.42	11709	-44290	-19002.4	18712	14648.8	22683.2	-25585.7	-20240.6	31242.9	55362.9	11057.1	32269.6	42471.1	27187.5	16306.5	-39738.3	7274.24	-56724.4	-20348.3	11576	16463.4	-27598.9	20938.2	-25614.2	23604.5	-21708.1	5670.12	39957.6	-11487.1	37090.9	-3601.74	-39643.4	-13644	-35474.3	33877.8	-24855	11379.9	8790.97	73351.2	-7370.29	7726.64	-7765.56	11432	-58219.2	-19725.8	26952.1	73876.5	52280.2
8000000.0001	-15677.6	60222.9	41026.2	-11586.7	-8846.12	-31727.5	11015.6	-51741.8	-32363.1	-37068.4	-48626.6	-45384.7	42924.5	471.147	56621.8	17326.6	16624.3	53533.4	-24719.5	26582.5	-8404.54	-48956.8	-37200.2	28608.6	-38349.7	-13531.4	14199.3	1772	35217.6	-20165.8	-52907.6	-12975.2	1299.95	-26855.4	36085.2	28738.3	-39369.9	20303.4	-43432.6	16424	-13527.8	-41885.6	-24226.4	-3117.24	-14284.9	7990.15	-33829.6	17522.4	11472	17361.5	25538.2	-25838.4	17018.1	-5687.52	2378.99	44258.8	-43053	-474.156	-305.943	-8673.72	32902.2	-21914.4	3424.41	4302.18	42307	9169.7	-25014.3	27770.7	-20246.7	-28579	12808.9	-7443.35	-10645	60917.6	16012.1	21205.8	30720.2	10545.9	-26966.3	-2669.07	-20031.9	6814.36	35626.3	-24797.5	12063.7	-7075.61	-27848.9	-3599.21	34025.1	9571.07	9861.34	17339.4	2209.72	-554.301	-20097.4	96000	6138.29	-11348.6	-30740.4	-44513.9
8000000.0001	1091.68	-63761.6	23496.5	11659.9	28664.9	-24393.1	-5308.65	53838.5	3479.09	-25017	-9588.9	-21057	13607.3	-3610.85	3015.73	5337.97	-24141	-30982.4	-41646.1	-69424.7	67916.4	28876.2	24229.6	-19903.6	3868.94	-18287.3	-10445.6	-25438.6	6708.97	-12321.8	211.981	-12075.6	10541.2	-33277.1	-11070.2	39996.7	-10345.5	44767.5	38308.6	5356.65	13499.6	-4791.54	18851.6	24992.7	-31988.4	28733.2	11830.1	-5628.23	26034.9	56726.3	-5766.54	1549.31	47352.7	8146.41	-6230.94	-6249.92	-38454.8	83238.4	55665.8	26131.7	-34704.4	16377.2	-30514	-47264.1	25245.1	43900.8	893.353	-45735	-7006.34	-10670.3	41380.7	6596.34	35512.6	39340.6	2721.5	37201.3	-12096.9	-1533.7	54494.6	-23577.6	-3025.95	-7828.57	37094.2	-28963.8	34235.6	-14143	9079.53	8236.5	-14852.7	26292	-2317.26	49994.5	-19660	-34789.1	-16692.3	16010	-8309.16	72388.1	-16501.6	20776
8000000.0001	13701.5	35379	38717.5	18988	6498.75	-259.453	-7550.93	17887.1	-19173.7	-2887.58	-86442.8	-27036.8	11194.4	52866.1	15345.2	-6499.36	-20077.6	427.784	38922.2	10211.3	6669.22	22662	-21800.6	11440.8	-49556	-41972.1	27712.9	-27927.4	17394.3	-7614.35	-455.105	-6597.17	26895.7	7195.81	15493.6	29358	-6385.41	28204.3	-7456.95	-37762.1	-10019.8	-5081.1	-30380.1	17598.6	4048.96	22650	-22815.4	-21479.7	6272.53	18872.9	9911.21	-31781.5	-26922.3	887.085	12697.9	24548.3	-28908.8	13911.5	-7970.31	30437	-8528.73	6741.82	29393.1	46095	-22505.8	-11264.7	-25247.2	56429.5	-2179.45	-14636.4	-45253.3	70525.5	11421.6	-11673.7	-3982.74	29595.5	25900.2	12818.5	6298.81	-21077.3	-1314.4	-36732.9	21504.4	-54635.8	9987.7	5938.94	-50213.2	21370.3	5651.72	-32853.6	-19269	26929.3	-51824	36094.9	19873.6	20417.9	-13476.2	-41481.9	11424	13304.9
8000000.0001	4443.35	-4018.86	-17288.4	-18114.5	-22965.4	14017.7	37668.3	-46390.9	76841.1	-5917.26	6544.18	-3725.53	19722.4	-12696.3	51193.3	1151.01	-35717.8	71619.3	-10063.8	18706.6	-20167.5	-46842.9	-68624.9	-25448.3	-196.617	-35361.9	16920	4288.44	21706.6	56757.6	11055.8	-40026.8	27715.7	38644.9	4727.35	-9920.69	-10107.3	22117	-88801.3	4133.91	42973.1	-7525.96	-9107.35	4605.82	-20638.1	-14765.4	38149.9	32490.5	10146.4	26352	18584.7	5996.8	39380.6	-6775.4	-707.266	10543.5	-9596.53	-54613	-5908.56	1013.2	1125.76	-18207.9	12905.5	-2663.88	-6880.58	-27728.3	31325.9	35979.5	45728.4	-39438.6	43551.3	-1138.49	30538.9	58594.1	-14698.2	-39844.1	13183.5	16350.6	-9414.23	18582.9	-5378.42	-26577.4	-34434.4	-34090	24085.3	-8126.8	26486.8	18530.2	-26005.8	1554.45	-41787.8	7801.63	228.489	-27679.6	-18142.5	28974.9	33034.8	28624.9	-10089.8	1212.8
8000000.0001	16884.7	-8570.02	53401.1	21290.1	-6362.1	10784.8	12296.1	59794.8	12938.2	37671.6	5661.58	35477.3	3800.56	3060.79	1091.13	-8243.59	-13724.3	-12738.1	40566.1	13417.6	8212.79	1403.22	-9855.15	5850.37	7774.41	-26132.7	2609.97	-49049.1	25832.8	17648.2	-36315.7	-15370.4	-1464.93	-22500.3	-25645	-52013.9	5721.4	32107.8	45555.4	14265.8	64021.6	-16588.2	3147.04	-27139.3	28706.8	-12589	22303.8	32641.6	-521.36	18395.2	41319.1	44758.2	44642.7	11512.6	1511.93	47042.8	-2343.11	-28665.7	3450.18	-27017.5	-45936.2	13354	23208	-3319.63	44634.5	48052.8	-17268.4	-6573.81	-9572.67	27025.1	26982.9	-43734	-11815.5	15693.4	-19418.5	26536.8	34515.9	43650.8	-20631.4	24140.8	4681.23	-6041.98	7394.58	-22257.2	-8128.73	-40924.3	-21081.1	25547.1	-10269.8	-21072.6	-5581.39	-22491.8	1153.74	30390.7	-5374.42	18594.3	45375.6	3055.72	33233.7	1491.49
8000000.0001	-14578.7	23122.2	22293	924.89	-5569.12	276.631	10249.9	-3623.11	10530.5	-7944.68	76378.4	16619.5	18133.2	65270.9	28925.4	9438.69	11181.2	-31860.7	8961.15	-9373.57	17983.6	36305.1	12857.2	2467.33	-44806.3	-2395.92	9175.88	9191.05	37328	56856	-28328.4	12170.9	24617.6	58225.3	-51082.2	4627.18	7357.78	-23982	-30380.2	-42715.9	-6640.62	19895.6	45929.4	11070.8	-49110.5	14735.9	-34705	-38980.9	-2480.94	-36984.5	9871.27	61722.8	-3542.12	-628.674	-6789.88	-11167.6	-24281	-33855	14448.1	20441.8	34975.4	18417.5	-19911	60571.1	-4659.14	3090.4	22613.9	74418.2	-30535.8	-27472.5	54049	-59537.5	-18138.2	-22832.8	3566.97	-49320.4	-22990.8	-4438.11	-12435.5	-20091	5350.05	1391.01	58795.2	-62947.9	-22998.3	24874.6	4258.27	-11720.9	38886.9	-50042.2	-43277.7	-17483.9	-20053	-13460.6	27555.5	35912.8	-16611.9	14100.3	8299.62	26096.2
8000000.0001	9281.34	-35486.6	-17025.5	-52407.7	31787.9	-19003.9	169.474	41562.7	-291.346	-29369.5	-4580.64	-45477.2	-89113.9	41304.4	52.0041	1267.88	-52959.5	21626.1	3415.45	-24114.6	-19210.3	-9547.51	-23050.6	-3675.79	34774.9	46080.1	-2056.48	45852.2	-80.741	-16615.2	34592.8	-32388.9	1007.19	-13418.5	15963.3	-27735	7255.36	35287.5	-20676.9	17694	-46061.5	4467.09	17945.7	-14170.9	-50588.5	-42719.2	34372.2	-22753.3	31430.5	23894.2	-18544.6	5927.15	35207.1	44327.5	-12281.9	14692.5	-20939.3	56345.7	14378.1	7659.2	-21960.3	71522.8	13541	45927.8	5040.02	-469.332	1660.85	-18076.6	38686.3	-15114.3	-1833.4	35571.5	52981.9	35974.4	-23315.5	28769.2	-15584	-15097.7	45307.9	-20439.5	-39739.9	18644	-14349.7	-16006.3	-61361	37225.8	-17397.2	16213.9	-38245.2	17229.6	-10154.8	30301.3	-9203.21	28524.5	-7028.74	21652.4	-9053.3	18268.3	-20304.3	29155.8
8000000.0001	-12928.9	-36101.7	-25638.4	-27357.7	-2543.85	-17359.5	28488.6	9293.32	52041.3	13944.9	19715.9	22908.7	12178.1	-8022.5	617.505	5860.69	19338.1	22861.1	44168.7	5816.69	-49674.6	32375.8	1195.47	-21865.2	-10312.8	6911.34	-233.653	24656.6	19635.6	49895.5	26606.9	-22553.1	-4980.82	2212.21	11017	26032.4	39954.7	-36763.2	-28308.3	21085.4	-17213.1	24627.3	-12542.2	20044	70334.1	-23437.2	2436.88	-13040.6	14334.5	36019.2	41148.7	28683.7	18217.8	1743.47	17940.5	-18422.8	-20944	34973.4	-50150.4	8509.05	11222.1	-33977.9	-19067	-28124.1	-21391.1	-3182	5856.63	-71850	13310.5	18377	10893.2	38618.8	4165.38	-18475.1	-29825.6	1404.92	-55360.7	24350.9	1211.92	6345.24	-21475.1	-50573.5	-6598.65	-4121.55	4624.66	25425.6	24203.2	-34756.7	1873.09	-12249.8	-19839.5	21201.3	54740.2	-44167.6	31348.7	-28020.6	930.32	-32998.1	-3587.14	-37818.7
8000000.0001	-6894.19	43.0122	-40585.5	-42290.2	67045.9	22276	20478.1	-15290.3	11162.8	-40286.4	2645.7	45383.7	-80406.1	-41828.5	24572	-858.42	-2516.22	-30463.9	7921.69	-17235.5	-13970.9	-19598.4	7894.98	5691.02	21780.9	-26031.9	42787.8	-41897.7	14320.9	4163.54	56855.1	1825.08	-21156.6	41963.1	10616.9	-8653.98	10793	22708.6	-4091.3	37927.1	21726.7	22216.3	27844.5	-32685.6	8559.58	44531.4	30669.7	-12602.9	-42707.3	-11516.9	-23288.5	48453.9	-1757.64	-73513	5853.94	38232.1	46127.3	-12788.6	-53755.3	-13803	42705.8	-38450.7	-27786	65282.1	-72207.4	-22334.2	3767.91	1162.11	-7139.4	6215.69	-17149.2	61393.7	-32553	-8905.45	-3768.14	-1183.05	-10976.2	-40054.8	2986.89	-80430.3	36905.1	51591.1	-7521.51	17800.2	-6566.28	8392.84	13630.3	37692.7	37422.2	-28169.5	-56921.5	3952.03	-20453.1	-529.562	31039.4	-22204.5	5909.43	-17231.5	46810.5	-69279.2
8000000.0001	-435.371	-35731.4	18077.4	-14284.3	-10894.8	-15238.7	3654.04	-6277.34	6434.53	58729.4	27137.8	26875.5	-35120.2	556.253	6885.01	6643.46	39317.7	7943.02	-41282.5	-16063.9	15437.8	28715	15481.2	-25094.6	2616.82	-20030	-15055.1	-8626.3	9920.16	10571.4	12329.3	20915	52160.8	-50742.5	6861.34	31491.2	-12829.5	26907.7	7349.3	182.375	-34166.6	20024.7	-43006.6	-15263.6	-14256.9	23863.8	-14605.5	-14648.2	-35624.5	6040.36	5930.49	-38179.5	26226.6	1189.35	-18536.7	73941.9	12544.4	-23289.2	-5906.68	-32989.4	51036.9	-35791.2	-40235.1	4819.7	5385.99	41751.4	9077.28	40766.9	20939.6	-52589.7	-30286.2	11683.6	41016.4	23227.5	41260.8	-10316.2	-16799	-45001	25828.5	-19616	-15688.4	32369.8	-1192.68	-20782.9	-66447	-31768.1	-16713.9	-51982.9	1500.81	-32815.7	-37917	44704.4	-14648.2	3509.77	-29182.3	-14209.5	15200.6	-55498	-7537.34	-50029.7
8000000.0001	-40699.8	-22810.5	-8390.67	13135.4	38482.1	27010.9	-17812.2	22621.1	-31284.8	-29073	3738.86	21583	-13586.2	52246.4	46775.8	23422	78174	34357.5	35630.3	55385.5	13298.5	7835.91	-10451	-10173.5	21075.2	-30419.5	-2393.93	-16416.9	11692.8	8857.19	-2170.08	10645.7	27401.7	-28523	-5946.08	-24431.7	48351.8	29915	-45602.5	28676.6	13056.8	3764.04	6604.4	-39866.2	20774.6	-24638	-39641.4	-38681.6	23185.2	3847.34	48254.6	1451.78	18295.6	7505.95	35453	-4286.45	-34718.1	8011.8	31762.8	-10450.1	-3362.1	-7088.09	36411.7	-25932.6	-64246.9	-31605.6	94.8226	-21453.7	-35023.6	12791.7	-31996.6	7404.14	29609	-59628	-25569.4	10004.7	11693	-38178.7	-21444.8	6458.28	12620.9	13163.6	-6312	18203.2	-40480.6	9782.77	26101.3	-43928.1	20573.4	-26759.9	-28853.1	-993.674	10722.3	-835.583	42154.6	39334	-35167.4	-16129.1	21692.3	46183.7
8000000.0001	-41524.7	-12522.1	-42632.8	8995.2	-28560.1	45049.8	9798.46	16819.2	-26811.5	-16726.8	-15283.9	26761.8	-27835.4	-12296.5	-13093.8	3957.71	9418.28	4444.3	-5238.31	23749.1	-32369	70367.1	-15395.3	-31942.8	-24575.6	5845.13	-30929.3	20319.1	-1917.3	3558.19	16874.2	-26266.9	10690.3	-14100.8	45665.8	-22215.5	-730.258	32944.4	11019.6	-13828.9	-198.528	7596.13	-20589.9	-70950.1	25728.7	37375.5	-7374.97	10049.9	-12194.7	-47734.3	6475.49	-12311.5	35102	-14985.9	-55992	-7119.58	-28124.8	30562.9	-1486.97	-55.4263	13522.7	-30308.7	-47117.6	5684.64	40453.4	-13633.5	-52995.2	4919.35	73.102	-4771.15	-26057	8982.74	-11133	21110.5	33064.5	20488.2	801.658	28553.1	17369.8	-51263	-30649	-7179.63	30820	14610.4	23781.2	21218.4	4510.39	33623.8	-10869.7	-3967.47	37945.6	25890.8	-6595.93	30639.9	2571.68	-42305.2	36621.6	10383.5	26995.4	-4547.6
8000000.0001	-20371.5	18778.9	16357	3068.8	-27863.8	-57273.9	-5160.27	-17465.4	35853.3	-73780.2	49212.7	-32920	12431.1	6591.7	-33824.6	-14967.9	-29492.7	10161.7	-19025.6	33797.4	-18342.6	-43233.6	17420.1	-1334.67	-1825.78	-8081.03	-12205.4	19568.3	-38217.7	31952.8	35964	-666.845	-9708.47	17747	-11253.3	-16441.4	15179.8	-6423.54	10447.8	-35889.5	25101.9	9425.86	21982.4	-10580	-33214.3	22508.6	-49958.5	-51358.4	-25138.9	80230.1	27585.6	12237.1	-39705.9	-42629.3	44225	-11660.8	-36938.1	-2427.38	12524.1	-21080.2	4590.54	5561.1	-12959.8	7928.51	10814.4	-8392.64	-5721.83	23242	17833.3	-21044.7	-26353.1	-1716.68	21450.1	-30517.3	-23712.2	59727	51919.6	22567	-37901.2	-12105.5	-10523	23497.4	55305.9	16819.4	-10170.5	-49184.1	5023.47	8961.78	-13831.1	-28149.9	54176.4	-28365.1	8771.91	24223.9	-1800.82	4326.64	35020.1	-25314.2	4541.77	-31606.4
8000000.0001	-8292.12	17318.6	966.089	14280.1	27845.1	4310.32	-5798.09	-6876.31	-25086.6	-1062.24	-44039.9	9800.85	-60995.2	15413.1	20563.2	-20402	57153.9	-9619.55	-25637.5	-37755.9	77249	1519.75	50489.2	9061.29	32277.1	-19362	-40765.4	-5297.37	50252.4	-7069.82	-26883.2	-44306.8	45295.7	9788.24	32760.9	1655.69	-4475.53	-438.836	-50060.7	3639.26	-34006.5	-21359.1	9050.57	-10090.6	1621.77	-51005.4	34955.2	-46092.2	10919.6	4626.36	12469.5	-20248	272.93	27517.1	40495.4	-39490.4	43530.8	-10260.2	-1917.5	-29087.5	-1297.46	23411.3	-33059.9	-5373.23	-38674.2	-22970.1	55069	8088.28	-3521.12	-24901.5	16034.1	17613.2	3639.82	-7137.21	253.761	-33126.8	-13749	-31825.5	2471.83	-8703.85	-47530.5	-7666.93	6735.95	-2057.98	-29548.6	-28327.4	-22631.9	12833.6	8070.81	-896.437	36155.7	10983.6	-2973.89	12015.9	30314.1	15122.4	-20024.8	23847.7	-39740.3	60293.9
8000000.0001	12129	35577.1	-10146.8	8937.61	-27701.3	-26255.2	-42449.3	20383.3	-37774.7	37054.6	17296	13757.2	-611.017	-9871.44	8362.97	-38020	-18980	36621.9	-5332.43	8237.95	14777.8	-5837.08	-25050.4	-29713.2	-1936	-5119.94	29628.1	43659.2	34629.4	36928.1	-11852.3	-22313.7	15669.5	-4146.48	-56306.5	26430.1	941.71	48385.5	20680.3	14441	22009.9	31684.1	-51328.5	11288	19704.6	-4350.52	24489.8	5119.5	49064.1	-5680.83	9276.06	-16447.9	52685.7	-9559.36	-56175.4	23733	27527.6	-20430.4	38191.7	16819.4	23372.8	47701.2	-14708.7	-24979.8	-14365.4	-11498.9	52003.9	-40199.8	24232.1	8929.61	24850.4	-44539.4	-65390.6	57976.4	37674.4	47983.2	-9676.52	11966.2	-24184.6	-8099.41	-19583.2	-70.6031	35719.6	-35974.1	-12880.2	-14385.9	16210.5	-4962.28	-14761	11842	705.61	-9579.28	-26900	-28964.2	-20395.8	48036.2	-14587	-48697.4	-10094.5	-12627.7
8000000.0001	31406.2	-52477.4	-24418	-8183.24	26948.9	37128.4	41293.1	44776.2	-17173.8	570.81	-13252.7	24865.1	6045.71	-5323.87	-28121.9	47445.5	-13084.2	-60269.3	3994.4	34801.2	-32275.6	19803	-6540.05	-14889.8	-18088.1	24647.6	-44744.2	12709.7	-27007.9	16050.2	-36442.4	-23043.9	55166.9	31241.1	-8138.86	-27733.3	-37672.9	29978.5	-48153.5	-5721.28	7139.76	33620.5	-15661.3	-2838.66	-28870.4	3379.94	18121	30127.2	-24447.1	-6345.47	-12673.3	15831.9	17010.3	-27308.3	7123.32	4228.96	-34640	-6706.44	-23880.8	29260.9	-9878.62	11724.1	-20748.4	-40958.5	-16174.9	40741.1	-21251.3	29379.4	-2551.19	-3141.69	-28139.8	6046.74	-6771.23	-35485.5	-48459.4	21173.4	-33965.3	10048.6	-40849.6	-43382.9	43003.9	32488.3	-36383.2	-32764.1	40408.1	-25116.2	35681.9	-1497.07	-904	34307	1734.13	11411.4	-13505.7	-36043.7	9081.58	-169.824	25422.3	32112.1	-3287.57	74842.7
8000000.0001	-18891.1	24102.5	-7130.24	14504.5	-26232.6	3800.3	1746.09	-1695.98	25981.4	19608.3	33255.9	-11682.1	23915.5	-24139.6	48675	-11190	7954.35	-29433.1	3860.5	42326.2	-20855.5	-44057.1	-48034.3	-761.152	-15945.3	-42989.3	15220.6	-3813.57	-26303.2	-49534.4	3049.66	20122.7	10401.4	-11420.9	18886.9	-12398.7	8070.74	-37789.4	9244.53	-48264.4	13462.3	-58123.3	20228.9	-1174.1	-20283	-1140.19	25190.5	-717.515	-29464.7	-959.663	38962	-6714.01	40938.4	9725.93	-30173.1	-8714.28	11211.6	-5916.52	-9196.17	-34412.1	-7959.91	8760.31	48771.6	-29798	-12486.4	-36303.8	-59122.3	17906.8	3924.32	1129.44	-16375.3	15385.3	28205.1	3718.83	2217.45	81340.6	-4155.87	18720.5	-34731.1	-4467.2	3396.2	46585.2	6881.81	22459.9	-21840.1	50943.5	20624.9	-2670.06	45344.5	3912.68	-15944.9	5193.42	-3838.52	33754.9	-1789.34	37436.3	4539.21	2547	4291.5	55479.8
8000000.0001	-1131.62	-58531.9	26862	27785.2	13171.8	12982.1	-1786.23	-2065.1	6500.23	-6820.38	-33033.8	-4541.24	7431.37	-17985.1	24085.3	46067.4	-32717.5	6751.04	-37931.3	38898	4739.01	7095.61	-41818.4	-25432.2	706.921	51832.1	-34480.8	-54612.4	12859.2	16913.9	24072.4	22692.1	49605.3	33785	-39342.1	16193.5	11792.8	-10018.8	-8448.13	60757.9	3113.59	-10271.2	13867.5	22248.3	-51277.6	21097.7	17247.5	-14124.5	9278.52	-17236.5	7653.42	-3884.56	6428.74	33075.9	4433.45	79369.2	-2699.39	-2385.44	5537.48	-37809	19319.4	6238.68	32953.8	-29317.6	35930.8	2254.3	40856.5	30815.5	18555.3	-37987.8	-4174.01	33861.4	-61833.9	67020.1	-62530.5	-30524.2	13673.8	-35542.1	-19229.4	11445.6	17959.1	-8260.19	-47544	12376.6	6090.89	-25364.4	19057.8	20369.2	-22706.4	38925.5	-22133.4	-7448.79	11347.5	37002.5	60370.9	-40291	-51440.9	-49370	-27400.2	23234.8
8000000.0001	-5520.66	5684	38031.3	28602	39646.7	-7546.76	-22141.8	40269.9	-21346.1	-38741.4	32132.4	-48778.4	2857.97	6092.24	9243.82	20042.2	-14229.8	-73404	1932.9	-9317.92	-12356.9	2378.82	11658.7	11641.4	-3220.42	-8969.59	-56678.5	5219.58	-47901	3502.79	-1031.96	12284.4	49779.7	-46561.1	13750.3	-7057.71	-3641.6	3102.82	34298.9	42075.9	19718	-19317.2	-30604.2	12919.1	35351.3	15884	-8198.6	-34258.9	-29697.8	12696.5	17900.5	25844.7	14487.3	-9734.03	8268.49	11989.6	12062.3	-18754.6	-1230.98	-52340.6	-19869.2	-28845.1	-30808.3	27771.4	-3653.74	31477.5	-11886.4	11961.7	-8447.81	-23523	-4777.97	-2912.17	54206	-26373	14327.6	54032.9	30349.5	-18369.9	2692.04	19462.6	16472	35373.3	-8077.32	-26891.7	3573.93	38771.2	-19904.9	38273.1	-9478.63	-43745.4	-5184.28	-35282.6	1189.99	-1720.35	51910.8	17532.5	-3379.69	17768.3	-10275.9	-37630.5
8000000.0001	-21347.9	749.344	7634.75	-9646.25	9687.66	32244	-58101.3	399.289	15900.4	-1283.15	-13087.9	14975.3	8157.82	-40417.6	28557	-41684.5	-73514.7	-18231.5	-24646.6	-29420.2	50234.1	-14462.2	-3583.41	2732.58	-14563.1	19537.2	-49251.9	-21980.9	-9725.37	-9198.77	-45282.6	-5853.9	25028.1	5115.62	-1025.6	-18192.7	18438.2	-25490.9	-25377.7	-5854.58	8536.24	3442.55	27177.2	-6337.42	39163.1	-19875.4	-18116.4	-3034.27	-39597	25459.7	22568.3	1797.08	-19295	7852.6	11744.4	36961	-2053.02	33151.2	19125.3	20800	-38020.7	-7400.67	-24851.2	-15588.2	-19652.7	-15648.2	-18094.9	-30212.1	-5946.18	24584.4	-5751.21	-49093.7	21128.7	13116.7	8395.28	-9980.76	-38311.2	-4849.58	-26550.1	-10746.7	-65616.4	54.6624	23468.6	36333.1	9769.46	-40039.9	19541.2	14654	-30646.8	-13297.3	-5189.28	-4126.03	-10174.2	-30008.2	-18162.8	-25495.1	-17029.5	-27101.2	-25023.9	-15395.9
8000000.0001	-13250.9	12081	21009.9	-3222.71	-30518.7	-26273.6	-15058.8	-8960.41	24453.1	-4996.04	2294.27	-16877.3	26890.2	-15796.1	-31525.7	-6204.32	10792.6	-13206.9	-9561.22	-93459.8	-41180.3	-6954.46	-22510	-23312	-4571.15	8383.23	14962.6	-22106.7	20310.1	10756	-38480.9	16005.8	-9650.81	31994.9	3185.44	30322.9	-55957.6	36175.9	4828.43	8322.68	5819.05	-20325.3	-14689.8	-36236.7	-15344.6	68945.8	28566.5	26958	5831.95	27054.8	21006.5	12878.5	-52970.3	-40107.1	-29.4643	-27113.7	-11002.8	5567.51	26585.4	49601.9	-64397	6284.56	-28351.4	-15226.6	14277.1	34873.3	-15662.4	-13640.7	-17058.3	-14657.6	9001.24	32933	20820	-30856.5	-6010.22	-19422	-22916.2	-36014	38513.5	-36644.7	-2998.82	878.879	-9502.51	-37108.7	-16092	11579	-18109.4	27830.6	-7443.1	5551.9	-5996.18	58549	23442.3	18453.7	-3299.55	14311.4	6081.97	24441.2	-29168.3	-11518.4
8000000.0001	17824.3	8537.8	14035.9	-48608.5	-3240.15	33644.7	36423.3	-28599.6	-11642.7	41082.1	-25060.7	6405.49	-809.682	-14079.4	-21373	-3459.98	9624.23	16504.7	-10391.3	-36218.2	44943.4	15315	13065.1	-76847.6	-674.028	13740.7	15922.5	-1855.82	-4193.9	18654.2	28121.4	41342.1	-73336.7	2415	-23719.4	-27085.8	-9258.1	23012.3	7465.02	-25595	-7659.29	10002.7	-4328.66	13874.3	-52359.2	42700.3	-13094.6	10460.9	-10435.1	3397.04	61658.2	-2782.78	-7639.67	-19473	-16169.3	31602.9	79513.5	41021.3	40486	-44142.8	2532.81	-57805.5	-33135.3	39884.9	-23501.2	16299.4	44242.5	-43237	-11593.9	-16065.7	-11158.4	-26093.8	-30521.9	687.569	22325	32330.5	-11120.9	64442.2	-21428.8	6853.26	-68296.4	5308.81	-16140.3	45308.2	9772.29	-2689.54	30515.1	-27772.5	28934.6	-777.871	46007.6	-12676.6	-17099.4	-27919.1	-12948.7	23753.8	-15371	45686.1	-170.116	-2405.8
8000000.0001	18913.7	-11818.6	15824.7	-29111.2	-2359.25	-12984.1	-21183.7	-15423.2	8154.46	9741.58	49096.8	-6184.26	15898.9	710.113	13116.2	-16820	33635.7	19619.1	49754.4	15059.6	-18643.9	19825.4	33883.7	63246.6	6637.82	-17026.9	9758.31	-41578.5	-29953	-5304.38	-5099.77	-708.375	-355.256	-3343.53	14148	20281.8	-9796.1	7926.58	46978.1	12129.4	-9429.73	15258.5	-10512.6	-24650.4	26789.2	12310.1	4636.38	4342.01	30308.9	26732.4	-42916.8	-18490	-9292.56	-20295.6	-46838.2	27518.7	2792.22	23157.4	-18172	14495.3	17968.6	-9062.52	-35871.7	3955.14	-14838.7	-11211.6	30517.9	6030.91	-34907.3	23816.8	27450.2	-4072.34	-14060	19713.8	56787.5	-6458.66	38417.2	-18860.9	-26610.6	25919.7	4949.98	8842.57	-5831.42	-31081.6	21771.3	24616.3	-37061.6	-62250.7	-12190.4	-18997.7	33854.2	12788.3	-15960.8	-2731.44	2384.72	-7833.01	31945	10510	-27827.8	-46246.2
8000000.0001	-25985.8	49316.9	-23735.1	23074.8	-1799.83	-14184.3	-35888.9	-56159.6	16817.7	26009.4	6681.12	11627.3	-21308.3	-3334.51	6933.36	-18507.9	-8109.57	7449.54	-7905.12	15608.1	22376.3	-17782.4	-17430.8	6867.58	-4644.8	-2140.31	569.649	-50898	10293.3	-16902.4	-21827.8	53844.8	14412.5	-35535.8	13388.7	-26754.6	8036.37	18751.5	-44761.3	-4557.93	16252.5	-16685.7	-7146.58	54421.1	-13557.9	4060.01	-36502.7	47663.6	29183.9	-28924	-21060.8	17040.1	-1668.21	-20643.5	-3233.15	14801.8	8881.86	-32744.6	-4973.43	28683.4	-7615.85	4132.56	33394.2	6340.97	20141.8	15576.3	27631.5	-242.018	18444.5	-27358.8	12044.4	41410.4	-3764.31	-21422.3	-12023.8	11792.8	3474.97	-14779.9	8205.19	28205.7	36823.1	51990.4	-7804.16	-21772.7	-10709.5	-19218.1	3553.35	16247.9	6331.63	26196.2	-36586.2	25193.1	7165.74	26361.3	-47925	-48531.4	41308.2	2456.51	-5712.16	16370
8000000.0001	37629.3	9867.53	71108.9	17096.8	15897.8	14704.5	11578.5	13006.4	-8105.69	30112.8	-3561.67	38825.8	-12461.2	-53774.3	2173.89	15406.5	-37628.8	36893.9	21149.9	29260.9	-21708.6	-14207.1	-47454.7	-45365.9	5234.26	19341.3	-6678.91	-16339.4	9063.71	-19207.2	313.636	1578.94	30230.5	19142.4	3938.92	-22235.7	10984.4	29123.8	-8671.72	29995.1	-34850.7	24559.1	-35930.6	-39781.7	41835.1	14669.8	-22822.4	-2285.53	-28550.2	-34237.8	161.29	-5184.72	16608.1	-17719	-51284.4	-19020.7	-874.2	-18065.9	22522.5	-12899	-25012.6	32029.3	-2312.01	-10184.5	19625.4	35557.4	-70717.4	24884.1	-26092.5	36447.3	40441.3	45726.2	-16816.1	-15711.3	-33024.5	-15271.4	-24787.1	43618.7	-40898.9	-39293	-42653.4	-37902.2	12254.2	-4472.76	13378.1	-29151.4	-19384	10655.3	26030.5	23667.5	47028	5347.32	-9622.36	981.877	5061.73	19408.8	37467.1	18815.4	-15731.2	20153.4
8000000.0001	8220.98	25998.6	-9170.29	14522	25235.2	-18995.8	-1645.42	-40526.2	-23557.3	-60090.2	-27309.2	-13061.8	-1146.6	29014.7	-110114	11972.1	1812.73	-12945.1	6224.14	-28124.1	20177.7	32282.5	-7298.44	-28649	1483.82	21270.5	23812	48790.1	-9831.96	41290.3	46186.8	-10397.2	-13762.4	11972.7	-12291.1	-46609.3	-5850.46	13370.2	-21132.4	-16116.2	58268.6	-64594.5	-8726.34	5052.1	-20273	-234.803	-30474.5	29644.2	-26951.2	8148.69	309.981	11341.6	-30479.4	-6356.31	50287.8	2491.05	-19679.9	13728.6	41915.7	-6858.94	2586.61	-37708.4	51800.8	-5084.59	-3937.64	-24456	21759.7	22933.1	27552.2	39483.6	2813.93	-12242.9	-39097.5	-16904.6	7169.07	-32790.6	-31199.1	29665.4	13410	-1677.29	-36302.9	-3330.88	-9930.16	19432.4	11949.6	-10004.4	-4630.55	-61455.4	-14829.5	15975.5	-17688.5	-9068.81	26500.7	35718.4	-25125.3	-12072	34288.2	42652.2	-9674.03	-3974.81
8000000.0001	-9993.91	-4865.67	-13008.3	19104.6	26829.5	7856.45	-44274.2	-5211.61	-37786.6	-42536.5	-15623.3	30428.6	-8874.29	29346.3	23856.7	37620.3	-2926.08	-59553.8	15247.3	-29360.3	25010.6	2732.8	10742.4	18198.5	5059.03	8589.16	-11395	-25577.6	42681.8	-4177.36	14893.6	-35423.7	16069.8	12118.1	-11317.2	54756.9	8381.05	42760.5	-10376.9	-55172.9	-41274.5	-1086.41	-2809.84	73365.1	-12377.6	39712.6	-26443.8	-26607.6	1511.81	18358.4	3330.39	-1854.98	-4877.91	14254	29462.4	-1848.96	-25062.9	16992.7	-2718.26	19938.5	-22872	19896.2	50342.1	52110.3	35281.8	-31693.5	-17327.4	39591.3	48538.2	-9914.04	32389.5	33077.9	22444.4	3388.2	18790.2	37059.3	35346.3	-2537.9	-6880.53	-57316.6	14851.8	23718.5	32610.2	-33089.9	21419.1	-61345.8	17418.9	-16155.3	45966.9	31254.8	2148.22	39324	-15389.5	4135.94	-26785	-690.584	-18084.4	56060.2	-35220.3	-9089.21
8000000.0001	-11822.6	5830.45	-24257.5	-24506.1	34069.2	-31866.6	-31855.7	31702	-34274.1	-14432.9	-33191.4	16114.6	26414.9	-23679.8	-40644.7	-44388.8	23534.6	-14816.6	-60185.5	-2270.18	14915.3	-43163.3	41535.9	-47363.7	1521.18	-21985.4	-24070	-14618	-10632.3	-2179.38	-11246.6	-1750.79	-12257.9	-13800.4	-29529.4	-47055.8	-19485.1	25394.3	-4522.79	24795.9	-46171.2	-13421.4	-16981.4	14605.1	15637.6	-26889.7	42002.1	-21882.7	29804.9	-22252.1	36334.3	-5863.84	32492.8	-7897.78	4570.98	-15934.4	19689.5	-3978.2	-29001	-22372.4	-9399.64	-14396.9	-15701.7	-40041	1133.11	42484.4	-16052.9	-11143.9	10828.8	14272.6	13063.4	13419.7	12203.9	-23554.8	9321.48	-21514	-44239.8	71196.5	-21451.6	32393.1	-5405.17	-22001.6	57862.9	23638.8	17333.9	-24645.2	-25081.5	9842.02	-7794.44	-27777.6	-25559.2	16833.8	11317.6	17430.7	-36775.2	26613.6	11447.7	-26578.7	-27279.3	27732
8000000.0001	-8946.25	-40231.4	-21552.2	1544.41	3130.91	-26837	6114.4	17767.4	16593.8	-2165.21	-41518.8	-13717.3	55382.3	-1032.34	6993.19	30074.8	-12787.8	-12688.6	20963.8	-5236.93	-28417.8	-28316.5	12057.7	41330	-13078.9	15766.2	24473	-11930.3	1734.23	-20802	423.868	-51078.7	3688.92	20661.9	11962.6	25040.8	8649.31	-13533.5	10204.7	-39742.6	6167.89	-11708.7	-21005.4	5070.22	-61658.3	-14581.4	36351.6	-9003.24	20931	10240.7	-5743.27	23085.5	23519.6	54758.2	25572.7	-5112.94	-27595.8	-16559.4	6083.55	21670.4	-24118.7	16526.1	-42183.3	11864.6	-18965.5	-8997.74	4997.8	-8554.52	3168.68	16108.8	-6623.18	6046.81	-20262	3232.23	-20033.9	3458.39	-27201.1	13275	-37054	17195.8	18305.1	18602.2	8177.16	6841.8	-21257.4	17645.2	-10885.7	-3733.76	-7465.46	-57228.1	3844.17	-30461.5	-12274.5	1893.79	-25464.7	-26355.6	-6403.22	-25643.4	22106.7	20024.5
8000000.0001	-7809.84	-11868.1	-6040.65	34311.7	45560.8	-30707	-46221.3	-43023.7	-27498.2	-2221.92	-61948	51701.9	9235.07	9336.97	2196.09	-24166.2	-86023.1	-2904.52	-9407.44	-29207.4	-21633.3	20622.4	-26341.2	25887.6	-17434.9	54699.3	-16283.6	-72319.3	1010.8	13410.8	10607.4	25674	21598.6	11879.7	66190	-6269.6	16945.2	34862.7	46200.4	47075.7	5407.48	-7123.68	44134.4	13201.1	7067.84	-12430.5	17962	37215.8	4386.88	-39087.2	-10579.1	-10539	4103.51	-127.166	-12948.7	3361.61	-16975.5	14423	-20450.3	24992.6	-36948.7	31544	31746.9	-16152.6	29345.3	24549.6	-35352	-25373.5	-17697.7	33614.3	33538.5	-2180.08	3522.95	659.542	51321.3	-46903.1	11640.9	25350	20910	-22581.3	42232	-9461.26	14794	37468	-33129.6	3055.7	56204.6	28214.7	53521.3	-24700.2	-21905.4	-40476.1	47428.7	7359.58	-18110.3	9495.73	-58802.4	11925.4	-42682.6	12689.9
8000000.0001	-34957.1	44046	35636.1	-11217.3	43470.9	-58588.1	40621.6	-12537.1	31645.2	-3427.47	-13977.1	-70557.4	32556.7	34201.7	-15055.3	20719.1	16197.6	39018.3	18013.7	-8019.65	20472	12836.6	-14637.1	40280.6	-25820.5	-29580.2	-29424.8	-32218.3	-12359.3	24096.6	-22750.3	23735.7	16102.2	-4018.91	-14980.6	-23246.1	36584.3	-71395.2	-31347.9	23993.9	32078.6	17688.5	-6831.85	-24418.6	43781.8	25916.1	64392.4	15314.8	-29557.6	-23643.5	-18400.8	-63387	-21717.9	-6532.05	-1752.01	15529.4	37005.1	-14228.5	-9731.64	-23241.6	12518.1	-30366.6	19939.9	2898.8	10392.1	-27084.1	68401.2	3758.57	-3829.5	12007.9	-157.498	30549.9	13528.4	-99054.5	-56965.9	-1655.45	35942.9	62970.7	-40180.3	-25560.4	-13026.3	-4495.72	7437.63	-35866.5	-40386.4	5762.65	8271.65	109.863	31159.6	-11863.3	6385.55	10165.5	38501.3	17775	53011	12924.3	10074.6	5553.45	-50083.6	27105.1
8000000.0001	7963.3	2430.05	1231.87	7644.6	-26123.7	-33661.9	-53391.5	-23367	-38151.4	34495.1	-46455.1	16741.5	23547.3	-2462.16	-2359.15	32683	-29510.8	1682.47	-19239.4	-65552.5	11092.7	-10485.8	-11044.5	26146.6	4981.61	-20911	28905	18880.5	18112.3	-22284.6	34650.8	3187.77	8885.92	-31951.1	-40136.5	-28626.3	-31407.4	43815.5	25722.4	-12603.8	19567	6421.1	19621.8	44604.1	25291.2	-32314.3	-1235.15	38051.9	-34950.2	10194.1	33665.4	-22252.5	-46077.7	-1643.34	-21320.2	-6357.03	-33831.9	-18332.8	33345.4	5638.7	-12334.3	24130.5	52406.1	10326.7	-25100.4	-62423.8	-24593	1266.58	-7056.65	-30486.7	12904.2	-52158.7	29178.5	1364.74	31235.5	-65752.6	25049.9	17538.7	38279.7	25418.6	-30101.2	22363.9	-10685.1	13366.8	11256.7	22419	-1646.2	-9071.62	2398.11	-22769	37260.6	12932.2	42193.2	-22376.9	6934.5	-43018.4	32644.6	-31369.5	-36688.8	10351.6
8000000.0001	-61268.5	25076.1	29431.1	-31015.4	23746	31257.2	-2122.78	1452.36	-8477.23	-7376.12	7786.15	-23746.9	20567.2	57775.4	-4175.75	-18736.6	11190.1	-17156.6	39176.5	-43979	28724.3	-1470.17	38874.3	3977.31	533.687	-52520.8	-17843.1	62357.2	21929.1	37479.6	13456.1	-15569.8	-2565.92	24964.5	-31775.7	16967.9	-9865.09	-32881.3	22048.9	42719.2	6666.01	-10357.8	-6457.89	-8416.71	-53735.3	-62242.6	-9565.46	21975.9	7574.1	7239.15	14253.2	12745.9	-22708.4	36478.4	15512	-11959.8	-31455.7	37142.9	-24879.3	-1866.44	-12677.5	2703.36	-48117.9	27931.8	-4283.64	-24075	-17447.8	6159.84	33427.4	-12962.1	-23353.3	-12277.1	26741.9	-26627.1	-33084.2	-18686.3	-27215.9	-35341.5	23476.8	6902.12	31091.9	-29968	36305.7	-34915.7	30602.5	-16311	20888.1	12183.7	-16999	-22200.6	4791.85	-16130.9	6538.15	-19542	-11564.3	5420.86	-14534.7	24120	11020.2	27040.6
8000000.0001	16477.6	-48649.3	9008.26	22151.6	3741.9	-8323.74	24290	-6978.07	-16679.7	41339.2	19901.7	-18324.2	-16412.9	51363.8	27263.4	-4579.08	21513.7	-25405.6	-35218.3	-25298	8506.79	-28418	30505.3	56220.1	-19193.3	-57150.6	-11597.7	24378.7	1175.85	-13628.9	-54037.2	36623.3	21523.8	-15553	-51490	10468.1	33482.2	-1191.45	-19082.9	13309.1	-14204.5	-15757.4	6951.74	1222.63	-30720.7	-38500.7	-34706.7	-13604	4396.78	-72096.1	39387.7	-38532.4	-12063.2	-26274.2	15485.6	1632.23	-1297.83	31249	-319.555	19424.7	-30289.9	-20891.3	-20771.4	19476.8	17148.1	-11860.5	31177.3	-25216.9	-21198.2	-42708.3	14582.8	-34293.5	-20643.4	-7631.33	43731.7	30826	-23707.5	5294.3	34292	-7572.76	-299.97	-362.783	-35313.8	-11175.9	-16848.1	49645.8	-22297.1	7392.84	-19027.1	17835.7	-17647.5	4643.57	22061.4	-30983.3	7973.68	-37381.4	-29096.1	30416.3	28312.9	51036.4
8000000.0001	13426.9	-8127.97	-26716.3	-3308.47	-20435.9	1521.51	-4938.27	15435.4	-3136.15	32574.1	-7142.51	-13168.8	-44747.8	14186.5	-44427.3	-759.014	8016.94	7936.19	33921.3	21967.2	12225.8	55990.5	17958.3	9116.33	7085.71	-48178.2	10901.5	8957.36	22668.5	6745.99	-29577.6	11487.2	42827.9	-13187.7	8310.61	-8273.7	-39735	-64.4152	7689.6	58918.1	-20267.3	-2433.76	24590.8	-33331.3	7948.06	-4876.22	-34621.8	32509.3	11183.7	-40474.6	-42232.6	-19998.4	-25909.2	-20491.4	-15178.6	-19127.9	-51040.3	6217.77	-24048.3	13609.3	20767.6	2369.09	247.857	-18779.2	-7961.71	5374.89	3435.25	-1939.71	-38042.1	-1842.42	8780.42	1234.04	9580.88	-34171.8	18931.9	17002.1	1919.7	1724.53	-28886.8	-19737.3	21114.3	3491.22	10066.8	-27265.3	14488.6	-60070.8	33417.8	28250.1	11271.8	25410.5	29184.3	-6832.94	340.926	-35842.7	-58893.1	43296	-1904.68	-6637.28	-28101.3	-43236.5
8000000.0001	-20635.8	-17864.7	22023.1	25873	401.815	-59163.1	-17329.1	-4495.23	-13735.3	-9107.14	271.627	21134.1	-5314.33	19954.4	-24227.6	-16310	27175	-38575.7	58810.8	-4478.12	-1989.47	32.0697	-13212.3	3534.21	-32440.8	2446.24	-24906.6	6105.15	7935.58	16154.9	-15384.6	-38268.9	34335.1	2637.71	-235.473	-7100.77	19207.3	34103.1	40649.2	-8611.72	36205	-43326.7	-67316.1	336.288	27432	4911.68	1362.12	5156.16	-40991.2	-52281.3	30985.1	24205.7	-11490.8	44994.9	-16739.4	-43828.7	22458	99307.5	49433.5	33071.6	3189.23	4646.24	6881.26	31243.6	-34207.2	972.004	-18100.1	-16442.6	4658.78	-5400.14	33168	-656.784	-2339.14	-55322.7	39869.6	25954.7	-15770.4	51315.1	-38232.5	-35570.1	-25396.2	-39508.1	-6366.52	-42724.5	12123	-38060.3	-11760.4	32165.7	11250	-45401.6	-28268.2	-16389.2	28825.9	-35858.2	-8732.99	-41758.9	5815.73	-43488.2	20116.9	-26157.5
8000000.0001	-36198.6	33564.9	40684.2	5094.24	-25601	6996.51	21884.4	5262.98	-40502	2480.71	-22699.2	28079.1	-38043	71661.5	-2607.24	-493.447	-6792.69	21816.2	-48479.7	-6398.12	43238.8	-18781.4	-16172.8	2756.61	-38377.9	15106.9	-3364.73	38728.8	25586.9	-18701.7	32933.2	-8571.9	-26957.3	-3608.15	10701.5	-30396.4	34995.8	13668.6	5816.81	-50650.2	-34034.9	11715.8	7156.07	60693	-17990.4	31254.4	-18128.1	-15898	-37191.3	-46152.3	-118.936	59573.5	19713.6	-3545.72	39227	5145.13	28464.4	68783.9	42312.8	-42850.8	-15704.7	-52657	-12444.6	-37948.4	-32374.2	-9670.94	-19603.4	-15871.5	2778.32	-6945.95	-25189.9	9669.5	-11890.6	-3202.08	-11571.5	22794.6	-6856.68	-13688.3	482.392	32894.8	48062	23012.2	-35953.5	20619.5	13441.9	49087.3	-487.713	41401.4	-39951.8	67343.1	17716.3	-25587.3	-33556.4	-7587.01	9145.63	-50670.8	16602.5	-8358.61	8937.23	-27245.8
8000000.0001	-26661.6	10560	1034.52	-38495.5	-29621	1603.06	-31078.3	2872.57	38421.9	10885	-23538.2	-70090	17025.5	-4514.85	17708.5	50690.9	16194.4	-72555	-4963.34	3536.78	-43005.6	3727.41	4868.84	25678.9	-9926.13	-4077.26	-5084.4	-34780.8	-25875.6	-14078.3	-29251.4	72611.1	-6170.87	44749.5	4179.45	19534.1	-35552	10542.9	-27583.9	27052.1	25562	-8708	67789.8	18454.6	-68315.4	9992.55	11847.8	-25649.7	18831.8	-49749.3	-63428.6	-37339.8	16652.8	-21743.3	6610.32	-31404.3	32937.3	14188.4	35337.5	56353.6	59932.1	38103.1	2775.12	-27126.3	-38466	7645.94	48243.8	5823.93	74680	1681.35	-157.354	13070.9	50017.2	48924	-15040.1	48758.8	462.638	-4850.24	8098.67	15094.1	8261.29	-36932.6	29947.9	22220.1	57004.6	62071.2	-6874.44	12190.1	-21267.4	-27905.3	-11979.9	-57886.3	-1617.55	-51901.9	59725.5	-17427.8	166.432	-11485.8	-1765.02	-22599
8000000.0001	11408.4	13830	43331.1	-19496	-3040.79	-12163.2	-14245.3	-22921.4	9861.72	-9167.47	-36605	213.665	509.438	9657.68	-2904.18	15812.7	7407.12	-16949.2	-56252.4	-10973.2	-17380.3	-4956.99	-4915.27	19330.4	16411.4	-77202.8	2606.1	26857.9	-21825.7	24560.5	26375.2	74.4235	-37667.1	-38494.9	-32880.2	-10328.2	-11134.1	-9003.67	-76024.5	-1583.21	-1080.06	-42680.9	11740.5	9278.72	30594.2	-15919.3	16583.6	-3923.25	-1259.1	-20578.4	19323	5550.72	-34663.5	-27560.2	4016.98	14994.4	80280.9	19688.1	-34538.4	6150.28	-2321.82	-25169.1	33019	10226.7	-33528.5	-14331.7	1508.79	-8736.74	52839.3	-25469.9	56155.6	-4252.58	-20329.7	-22289.1	32889.4	-16284.6	25724.2	25104.7	-6295.88	-9803.52	1396.01	-69190.2	-82750.4	30361.4	-54858.2	36299	11407.1	-41703.4	-52372	-43436.8	-12836.7	9015.75	-23058.5	-4717.09	-16857.6	-45086.8	18079.5	-34409.7	28595.1	-3225.12
8000000.0001	18311.9	-33673.6	43588.2	31673.3	17750.4	23311.8	36051	34694	10299.4	26649.1	12359.9	26866.8	44473.5	-11978	-12719.2	2881.2	-2928.54	33101.6	272.865	-7656.24	25522.9	-22156.5	-31095.1	-10089	52255.4	-3818.45	-12090	7494.36	35870	26590.8	-54973.5	32828.5	1537.16	13343.5	3060.39	-19244.1	-40909.3	-5295.32	7787.56	9392.23	-15137.7	5311.86	12335.9	6121.34	-11743.1	-10483.9	-12801.6	-41770.6	-15018.4	23603	79386.3	38336.3	-9658.77	-21998.5	2946.08	21479.9	35776.5	30323.6	-40694.7	-12685.8	-45773.8	-28514.7	-15267.8	-19287.9	14486.8	-46249	13294.1	-3504.38	-16923.2	2678.2	-2384.06	-23589.5	-41595.8	-32138.1	52121.3	34855.4	-30940	10030.2	-19720.2	-35944.4	39446.4	2683.24	-6170.47	25155.5	1847.2	-9421.28	-13151.4	9719.42	4279.69	-31940.7	5416.16	-15938.7	16330.4	-3742.2	-16253.5	-27756.9	-7948.97	-29048.2	20197.1	9506.49
8000000.0001	19414	53413.3	-17953.1	1093.15	-24585.7	-17140.2	38832.5	14103.9	3663.41	-1300.86	-2255.36	-55384.1	-13249.4	35029.6	-11290	-33828	18577.5	-26061.3	10808.5	5067.02	-37525.5	-398.868	-42195.4	8089.08	13691.1	-5607.96	47417	-7854.08	11721.7	-29258	-7963.61	-1061.54	-7215.57	23151.5	40708.7	23117.2	20444.4	-23147.7	6645.07	7385.85	-142.123	-52818.2	31406.7	41155.3	-43019.7	-44150.8	-20030.4	36755.3	5462.26	35242.3	25650.5	20096.8	-4282.97	4898.3	-22712.3	17653	9474.56	-17954.6	-43963.4	-13164.8	2371.03	-18882.9	23608.8	-384.161	17672.5	15715.2	-12596.9	13352.7	-23256	25136.5	-48569.3	-9677.24	-74300.9	-17399.4	-17869.8	-1657.61	314.679	-7002.75	13882.6	-3580.11	-9490.86	974.836	41508	3425.64	13803.8	-10421.5	-63908.5	-27387.4	-1459.55	4301.07	-6081.44	15488.8	32966	17092.3	-19278.7	-15855.1	1345.6	18582	14198.9	-14090.4
8000000.0001	-36422.9	-18140	-21769.9	-27353.9	-8978.77	9431.51	6667.57	-24365.1	-7131.84	-23063.1	-7739.39	30799.7	24742.8	37455.6	39733.6	45576.9	-14382.4	-6475.63	-59440.2	-4689.93	4823.65	-677.745	38109.4	19812.7	-59505.4	33386.4	7770.31	-19875.4	36265	18103.2	19687.4	7045.3	-63809.1	-29474.8	-2527.12	-21177.7	-9354.83	9464.34	3307.67	-48040	1274.69	29904.2	11691.5	-15807.7	11669.1	1454.69	-16919.4	22829.8	-38839.9	-7855.9	-61453.5	7525.08	55394.1	13823.4	-5014.37	-3371.42	-35194	-40881.8	-30480.7	34322.8	1179.46	6193.23	-45282.3	-24669.5	765.55	-32640.7	-5320.86	1286.1	-24841.3	8913.52	-6417.86	-25742.1	1341.87	-7622.5	-15564.1	14352.3	-39570.9	101519	11046.3	-5233.48	38360.5	-4431.83	26363.1	31796.5	-3820.41	18499.3	-72285.8	-909.87	-22448.5	19536.4	-11071.8	-26404.7	-16285.2	-24752	-30667.7	-26640	-138.567	4953.21	32926.5	-12290.2
8000000.0001	-12602	-14477.1	2995.26	-61855.2	-33326.4	-17294.6	10277.1	-20756.1	-43383.7	2452.8	43578.7	23900.8	-9349.06	-13109.1	18689.3	-1452.41	-52674.8	-42426.1	26468.5	-35554.7	-8454.45	942.671	-20552.9	45839.9	-1211.36	-26938.4	-27155.5	-35131.8	-30268.2	43007.3	-10028.9	-18118.7	32419	33058.4	19389.3	-41788.9	80.5478	-18093	10845.9	11359.6	6565.69	-25304.9	-34051.4	-6950.84	-25472	-63005.2	-10291.6	47370.3	64125.1	7347.05	13728.5	46455.1	-9660.01	6475.84	17609.6	-1408.56	-8479.74	-59537.8	21481.7	2314.63	34670.5	24342.4	34839.5	-17896.1	-18967.5	-33853.2	939.882	-52798.7	18606.1	37020.4	-13036.5	46078.5	-6395.04	-38016.4	-33323.2	-34927.4	-17384.7	30293.2	2474.63	37026.6	-9134.95	-14181.4	-11277.6	-50663.5	-28586	40170.7	-9320.55	8139.33	-4774.65	-2330.64	243.669	42424.8	-9420.87	-161.566	-51268.4	-21028.7	-1455.18	16281.4	-8277.76	-28008.5
8000000.0001	-32643.1	14473.8	3316.13	-15700.2	20095.8	24510.1	15862.8	22786.4	26086.9	18647	-40691.3	-3120.23	21023	-20971.2	-50702.9	-49553.3	46542.8	-2486.59	40439.7	-41185	-11911.3	29236.4	-15760.3	-28350.5	-16593.4	26073	26984.5	22604.9	-11475	13058.6	-5832.35	2264.72	-1279.98	-13342.3	16150.4	-15974.3	32539.9	7017.05	-14210.6	-41414.3	-15454	42467.4	13579.9	-67038.4	13625.6	36370.7	-12935.9	-66775.7	37669.9	-5689.08	7058.52	-8704.58	13444.4	-25127.7	3657.14	-6479.72	-10849.2	-3808.71	-18649.6	-28247.4	-23145.7	64445.3	-43848.6	-35228.8	-17902.7	-11205.2	-22360.2	-8003.93	4115.49	-48762.6	-4279.62	15453.7	-30919.9	-5203.9	2138.14	45235.4	-5741.39	-41977.1	23586.6	-43385.8	-41966.2	-36823.2	42092.9	-2655.45	-5298.78	-48820.2	-27457.9	-12310	-920.305	-10050.1	-22096.5	-24032.8	-13840.5	21712.8	-21578.8	-19366.9	54098.3	10395.1	-10438.1	9823.74
8000000.0001	6660.9	10775.7	72041.6	-35335.2	-10289.8	1603.44	67708.1	37232.8	-10507.6	-12983.2	45345.7	-12087.2	4939.84	29746	-7233.03	19997.7	-28648.5	20404.5	-3350.77	-8052.14	-27047.2	45569	-21127.2	-34957.5	-17593.4	-15693.9	17334	42321.3	20310.3	-21503.8	-3703.46	20208.1	-1889.39	21583.4	13503.6	-12092.4	-14225.5	-63597.6	-47794.8	30536.4	21020.5	8412.53	-57100.1	-31226	-10028.9	-13610.6	27834.6	-74612.7	-10484.9	34408.8	16834	-57967.4	-46323.3	-19143.7	-26678.4	-1871.15	-11612.3	-27862	-14989.8	32257.3	8054.48	-27362.4	6189.86	28002.2	-22677.8	-372.766	-37671.2	17130.8	6882.58	29417.1	-5544.39	-20577.9	3920.59	-34899.9	-36690.1	22784.6	16817.9	15136.4	-18697.4	11730.2	-36602.7	5194.02	22794.6	-26674	-8528.38	-43120.3	22828.7	-17351.2	6833.25	26576.7	-16058.9	-18128.7	90600.1	46107.6	-5554.27	-608.701	18687.5	19958.9	22655.4	19873
8000000.0001	26336.1	-5405.8	-7881.07	3792.82	12810.4	5949.56	18162.4	36465.1	-29809.4	-1416.84	26605.1	-39306.8	52372.9	-15482.9	5920.64	-6797.39	-18436.5	-27972.6	-2775.54	-7618.22	-6185.11	40061.2	55319.8	21839.7	-21385	-20540.9	-43139.5	-25322.8	20616.3	13473.1	-6256.35	7607.72	32640.6	-10226.5	-5211.58	28250	36812.7	-22399.9	20684	38407.7	30782	16801.4	15843.7	-41499.5	4244.23	5880.62	31402	1420.57	-31943.1	77067	15368.8	-63383	-41800.4	-7997.23	-63150.5	54403.5	22403	-46063.1	-821.268	30.5484	-9168.92	-20531	30791.7	46538.3	21759.2	-49984.6	-8713.81	46289.5	-16488.8	-57884.4	38393.1	9744	-29103.1	36129.1	-30767.1	24714	-11929	-35089.2	33403.7	11408.4	11630.5	14116.2	20362.1	73967.6	6956.83	-5438.92	-17347.9	30754.7	-38471.9	23273.2	41686.5	27606.3	11537.3	19421.1	52521.2	-7971.86	44385.3	-5078.71	764.152	13113.7
8000000.0001	69111.6	45614	-36478.2	-40623.8	-36092.3	43520.1	5256.75	5177.04	-39972	-12749	25965.5	37696.2	-7423.92	44082.6	35352.3	17692.8	-4634.9	8373.8	45250.7	23717.5	-1123.4	-37556.1	7304.56	41974.8	12629.2	3791.01	3553.54	-24168.4	-3164.84	-13819.7	-44954.5	-43740.9	-73006.8	-37021.1	3855.68	-906.731	-22428	-7319.84	9642.36	54696.3	23397.7	39763.2	-27380.5	-774.802	-1725.71	-41110.1	35471.6	27542.1	37603.2	-10757.6	29813.6	19004.9	-9477.08	-42555.3	33160	61127.5	9890.75	22495.7	10591	7100.19	-17950.7	3215.89	-15858.9	20039.6	12342	-30641.7	21723.1	7970.62	18221.6	-27413.5	5999.74	-25147.6	514.526	-25744.5	-16933.8	-20514.2	4893.14	32544.4	-8363.35	3374.51	23148.9	9743.49	-56669.5	16344.9	11921.8	-21730	57644.1	39734.3	-22870.3	11657.1	5201.36	44787.4	-40954.8	6498.06	47201	-17199.9	3578.78	-32069.2	50299.3	27903.4
8000000.0001	43728.2	-15915.4	-2270.81	5029.54	-3176.48	-31330.4	-12696.8	-58234.2	24286	-18217.4	-2728.3	9275.81	-44518.8	-13540.2	-54842.2	-2224.36	-7083.74	24242.3	-2894.23	-14455.3	18877	33.465	39371.8	42778.2	-41358.7	-1188.29	-20523.5	30500.9	-2148.36	33655.6	-34414	26710.5	-40829.4	-21518.4	2984.3	15190.2	19152.9	-3470.35	16451.5	23427.6	508.096	47461.8	69938.9	-16912	-3955.41	-32159.6	6123.93	-23371.5	-39887.7	-10309	11683.1	-38537.5	3675.38	27617.4	24248.6	-11774.8	-21698	-54211	-15214.6	-3625.75	2057	8703.71	-10390	2209.83	54905.1	-29225.5	-32128.8	4241.87	24249.5	10816	9267.21	9875.24	-2261.42	6585.22	10317.5	-17550.2	46545.7	46664.7	-57810.3	25560.7	39066.3	15877.2	32335.8	-5004.81	-10149.4	14588.8	-1816.32	-20592.6	-22979	7653.79	-6552.82	10976.4	16327.4	32970.1	-59949.9	37974.3	-34195	17170.7	-9784.29	-57270.7
8000000.0001	45206.8	-10951.6	9574.1	4599.96	-8097.06	-13216	43555.6	-1949.47	7247.73	-5624.1	757.589	44020.4	-18669.2	22263.8	-13471.6	-41592.7	-34801.2	11751	-23864	4007.12	-23340.8	19663.9	-6762.38	-17835.4	-1729.04	30063.2	-37257.6	-70377.3	11475.3	11458.6	46802.1	18913.6	-35389.3	4366.31	-11216.6	9786.67	9240.08	-18448.8	63875.7	10088.4	-20128.7	-47515.9	27270.4	9150.84	8404.39	-29353.4	-61745.7	-45233.6	41911.3	27516.1	3614.56	56468.8	-43604.8	-30634.5	-15438.9	-29151.3	-21209.5	38035.2	12460.9	-19336.6	2214.98	23314.5	-8468.81	-21852.7	25090.7	-8695.81	2815.15	6048.93	9879.79	399.098	-20959.4	4483.32	31407.9	48161	25869.1	24897.3	1958.56	5681.95	-30177.3	-34540.8	-8332.66	-19604.8	21215.7	3321.7	647.628	-12374.7	-1186.64	35244.9	24865.4	46832.9	26760.2	-10974.8	-48392.8	-29598	-9693.12	38763	-50108.9	53838.9	27051.1	37216.5
8000000.0001	46218.6	-28738.6	27674.8	-21326	-40595.8	-23538.7	-26762.5	-24325.3	-23925.5	63856.7	-18635.2	26678	15312.4	17338.6	-12056	6640	-10479	-16072.9	-48985.3	24804.6	-19821.5	-61232	-61437.4	-8963.47	-13852.5	-21984.5	32979.2	-6324.94	-5085.02	24050.7	21791.9	31375.1	-13723.2	690.644	-19269.6	-20432.9	24703.4	16670.7	1788.48	57996.2	100430	7749.8	26268.4	-33604.8	-4808.54	-9846.11	-8321.4	2152.59	13310.1	-28011.1	-11042.6	-9343.09	-22053	-5427.63	-12642.2	-8776.21	33693.9	-16010.4	-6226.43	-15154.9	37039.1	-4272.8	-25752.2	-32369.8	-4499.44	16433	25883.9	12142.8	-38516.1	-8524.06	-5984.21	6011.2	-18718.3	4141.63	17481.5	-3122.56	11266.5	26908.9	16882.7	55496.4	-13834.9	10651.2	20666.8	20343.6	22588.5	1563.25	-20292.9	26932.2	-35358	16004.1	-52344.8	3427.26	-18067.9	-10517.5	-16467.6	-22893.3	-8942.16	19827.5	34865.6	-5309.53
8000000.0001	-27109	20686.3	38692.5	24994.7	44387.9	-19313.4	17796.1	-25232	41771.1	-49485.2	18170.2	-34325.4	11340	-30862.3	-32191.4	91138.4	-18600.2	-24524.3	-1553.01	12169.5	-22028.8	-21449.3	11707.8	-1469.54	-36917.7	-38617.5	13334.5	29320.9	40820.6	-43184.9	9838.43	16492.1	-12074.5	41367.3	21693.1	-25058.7	-42549.9	-13925	31037.4	62648.7	6586.43	-21511	13441.5	50213.3	41799.5	-14085.8	-16337.5	-12923.4	-32055.4	6267.94	-8966.93	-67629.5	-24293.4	-1898.56	5751.99	-19464.4	-22965.4	-53002.8	6459.55	-17886.7	-4012.34	-10945.7	16164.8	-10635.1	-26483.4	-11480.6	8207.67	43599	4554.09	33602.8	23686.8	-79144.6	20079.2	39963.9	-11038.1	-21149.5	21573.3	-58657.8	24932.1	24712.9	24805.6	66518.3	17768.6	-9209.33	15026	-14781	-27946.7	49278.6	-40419.9	7292.92	6146.05	27385.9	39167.9	-53372.8	-945.256	6767.47	1429.6	-20984.2	-24252.8	19148.9
8000000.0001	10799.6	-15904.3	21119.4	20029.9	3311.3	21122.7	-23968.3	9628.83	-40893.6	13168	-2056.47	-32857.2	-18871.5	-32141	-7614.08	9994.14	-3548.16	-51511.6	12482.4	-24488.8	16489.4	11210.7	8534.43	26691.9	10641.2	27065.5	6310.17	-25216.2	8813.18	-15439.1	37254.9	-17003.6	-7563.62	22496.2	-36210.3	1446.86	39525.5	-2485.62	-25431.6	32150.7	-6370.25	-11849.1	40335.3	33018.6	48153.7	4399.14	-24042.6	13601.2	-25162.1	9530.32	11014.2	20222.4	-15606	-53708.8	-21730.9	53523.1	-46125	-55689.9	-3979.23	-1368.07	-14688.5	2195.88	22999.1	-7415.78	-35240.9	-11004.5	23688.5	67525.9	50325.5	3790.28	4279.79	-23846.1	-28173.9	-11557.3	11074.4	3262.3	40569.6	-12418.4	-11957.3	29601.7	-28688.6	-23918.4	11913.7	22026.8	-51569.8	11706.9	15799.3	-10267.9	-44907	-4401.36	7705.94	61720.3	-35198.2	-41076.1	-10534.4	20414.2	12672	16859.3	5686.47	6948.76
8000000.0001	12338.6	-7349.23	49004.1	4545.76	-7636.13	1016.34	-28339.2	-38054.6	15848.1	9626.06	-34728.6	31221.4	10768.2	16875	36947.1	5932.83	34761.4	30338.3	-4470.07	17750.4	9669.16	-23285.8	6667.54	21120.1	7523.23	-6741.21	-24622.6	-9132.54	-15752.5	-10259.4	-3230.53	12155.1	-12053.8	35165.3	-11321.9	-59867.7	-55921.5	77762.6	-33518.6	-42009.2	41967.8	-38674.6	-32475	-10427.3	-23196.2	28748.3	-28528.9	38705.6	2867.39	-2264.18	50270.7	-12791.6	5690.96	23060.7	-9718.13	-10187.2	28580.7	-17644.6	21399	-52042	3291.71	10271.5	-10558.5	1927.45	4168.64	-114211	12226.9	8477.47	37577.9	-21969.3	-5675.63	21499.8	44347.3	24678.3	13270.9	-31048.3	47864.8	19788.2	-3613.18	22061.6	-8331.03	572.872	15453.1	-15258.7	17353.5	591.609	-8294.1	22053.9	8693.74	55754.6	-15916.8	32407.3	-26850.1	51951.3	27754.9	-60125.5	29839.9	45468.9	-2645.91	44642.5
8000000.0001	-22842.2	10591.7	8834.54	-70008.1	14421.7	14466.3	-30095.1	12327	12966.8	-35751.8	52697.8	-12302	26603.1	25034.3	21906.9	-9451.4	1141.26	-17530.3	38761.1	-31082.8	17534.2	43594	7394.97	24398.5	-6432.02	-18049.7	-21069.3	16414.1	9667.41	45198.5	-42706.7	-26383.6	33367.8	-41727	-15121.9	41713	-12497.9	11136	-31900.8	-9874.6	4095.3	-44164.5	17611.2	-15759.3	-12446.4	19523.6	-36352.2	-24351.6	27979.3	-15676.2	-16731.7	-8190.25	12715.4	12159.2	12918.5	-28722.9	18544.1	63887.3	11063	22357.9	-29976.7	1273.08	-52718.6	-47570	-717.64	-22810.8	-21703.3	-21350.4	-4825.47	-9889.84	41930.9	-2526.09	-8662.47	-9564.64	-3592.97	26220.8	-20355.9	-7826.57	12152.8	5909.08	4699.92	557.191	1270.69	-51175.1	669.619	38975.7	14223.7	-18166.2	20588.3	-32511.6	11224	-25959.6	11437.4	-4892.96	-17463.9	-46187.2	-11442.8	9761.64	56626.5	36505.5
8000000.0001	-30406.6	30379.3	-22671.9	20120	8021.18	10661.8	-13549.5	-32586.1	6097.94	13618.8	-30024.3	34801.4	-22444.9	25873.1	10123.3	4666.51	11176.6	19835.4	36000.4	-4521.63	-129.888	-596.015	611.016	15184.7	44433.4	-25131.2	7553.56	-9966.37	-7612.55	-29766.7	28904.5	10886.7	7558.39	-13524.7	35231.1	-15686.7	-2850.82	-13993.9	40470	20783.1	368.149	4530.58	-11571.3	17269.7	47690.6	3990.58	22402.3	-4510.09	-8553.65	25567.1	-15852.1	2223.81	9656.26	725.607	-7324.97	6460.85	32932.4	-28999.3	-21472.8	32472.6	34814	-3048.17	-12754.6	-13853.2	2371.2	-26213.6	4589.74	-23343.5	-48515.6	26347.6	17005.1	-96160.8	-38007.9	-64741.3	-26066.8	30544.2	-27057.6	11550.5	69376.1	23821.3	35071.3	-11905.3	-46117.2	29651.4	-14894.4	23136.7	-41509.5	20397	19703.1	3257.51	-31550	19291.6	-84481.1	-6173.72	-4235.29	-5157.04	92194	-15087.8	10704.3	25465.5
8000000.0001	-3027.73	-948.152	915.828	36202.9	-56.9657	-20243.9	-3891.48	31427.7	-48743.2	-36456.2	-18406.2	21704.9	9031.1	-41760.5	22988.1	1478.64	-7803.75	-31084.3	-42242.9	-35939.6	-12553.5	27042.4	-3166.78	-3967.21	-60529.9	23470.5	2754.03	20280.7	-36765.3	30343	-30783.1	28997.8	3053.79	55394.7	19510.9	-31944.1	10894.6	-36929.1	-64613.3	-7021.16	38291.9	10267.5	-14868.5	6906.78	-10151.3	15337.5	8179.58	26624.3	-39997.1	-28690.2	80480.4	38006	-8890.3	-4925.93	31496	-34103.3	33121.1	-40390.8	2233.97	-14083.9	19226.3	11890.3	-61234.8	19236.4	29570.6	11390.1	1823.96	32044.8	29620.5	21814	40049	-23531.8	21248.7	-41146.2	-22435.3	6038.7	-36236.7	-36499.8	65440.5	-7078.13	-4313.61	9844.53	-16338.7	28291.1	-17207	-27086.6	24007.8	-3137.24	67014.7	-30786.8	2015.52	18239.1	23913.7	-57354.6	25015.6	18540.3	-50287.1	20431.8	3352.33	-22512.7
8000000.0001	-7553.7	27577.6	15696.4	-18150.1	-2022.56	-2641.87	-25248.5	-1240.17	-12013.9	-15431.6	-6553.83	-21816	-31675.2	-35930.7	8682.58	24685	36280.4	-8590.35	73801.9	-18023	19999.6	10093.5	-9532.52	39190.9	-2841.45	-34024	-19721.6	-2910.59	-5403.35	6437.05	25049	17946.9	36424.3	37055.3	14438.7	40902.8	-32189.4	-3638.28	-37031.7	-13154.5	473.528	-67795.8	-23468.1	32703.3	-25171.5	49145.7	12908.9	38152.2	33790	24787.6	20271.2	-712.706	-19309.9	-14508.4	3015.85	27984.6	-2572.61	-6741.58	67145.3	-21947.7	43328.3	36921.7	14074.7	19442.9	-29942.4	-28352.1	50448.3	-12914	30143.3	21093.6	20397.6	6880.26	19095.7	-28738.4	-22394.5	-18796.3	2087.17	21689.6	13830.3	11274.5	-28618.1	59005.8	-45438.4	9237.22	-8419.9	-22527.5	12931.6	41277.2	3551.12	-34873	-6719.02	10024.9	-1831.33	-11134.2	8600.92	-8791.02	-23749.8	-12560.3	-26177.3	-42640.6
8000000.0001	-23169.7	23525.5	3149.03	-26873.3	-62122.4	-4550.42	-22921.6	-62536.9	15495.5	5354.58	-27571.2	40725.6	-31073.3	-55219.7	-27486.6	-16037.5	75073.9	15108.4	-14131.1	-51924.8	-468.272	18220.8	13283.1	-22307.5	-5421.38	-3993.72	-9204.31	3128.69	-8339.3	7597.08	13450	-41465.3	4803.06	-56912.1	10101.8	-25646.6	32539.6	-7093.8	-38240.6	56052.3	35379.6	-30340.4	-202.403	18788.8	-54286.4	17194.3	11699.8	38185.9	21816.3	21822.4	-25732	6788.81	7591.02	-3588.64	14096.5	-87243.2	14563.3	-38113.2	12429.5	-6091.18	58064.5	-9106.71	29195	33325.2	19391.3	-23849.2	46098.9	2972.52	7754.59	33906.1	-22650.8	-18474.4	-12386.7	13667.1	86865.1	18775.7	-13917.8	14583.4	5792.7	-3414.52	52978.6	44774.4	20629.9	24741.2	3674.64	33496.6	-43703.2	-9486.44	2679.9	38379.2	47839.4	-1621.29	3537.51	42769.9	25497.4	9733.98	-17781.7	-14965.8	27181.6	22881.9
8000000.0001	37094.1	-59279.6	-6418.36	32359.4	35829.3	20318.6	21370.8	-35415.7	28332.5	-16835.4	15859.5	11231.1	-53343.8	-27289.8	-64127.9	-45896.5	-28557.6	-31317.8	40322.4	-40750.7	67003.7	-5730.09	-31726.6	-19821.2	10392	-19589	19653.2	21347.2	47221.6	-42380.8	50900.5	4290.92	4929.02	-8821.56	13547.3	13201	-19118.2	-32219.3	-4121.06	-23016.1	-49532.8	15813.1	36599.6	-7618.56	13553.6	-21105.6	20433.3	-15033.9	22114.1	23005.1	-23337.7	-49537.6	40352	-2577.01	-36144.6	27956.7	4167.09	-11717.4	-1595.71	-27818.1	-76571.9	-12624.2	-3532.95	15465.8	10057.3	8834.36	-19391.2	17463.8	9904.49	16681.9	17067.5	15026.2	10954	-76.9441	50781.9	28576.9	12911.3	10238.4	-1354.47	37355.9	-16575.6	-15850.3	-3185.41	-16039.7	15701.2	78166.7	-3062.43	-9597.36	-7938.3	-8312.12	25346	-16871.1	14936.6	-22589.8	-18743.3	19156.4	41793	55542.7	24145.3	37433.4
8000000.0001	4843.55	10382.8	61692.7	25232.2	8165.32	31501.8	18791.2	-8896.53	-3668.58	21657.3	14036.3	-57227.9	-36176	7006.74	-172.926	-36671.3	-3867.1	-37212.9	48697.5	28601	26967.7	-9618.32	55572.2	-9002.54	37108.6	32622.2	-22780.7	1672.62	-2239.87	13845.2	-9050.42	54948.2	-44916.9	-7292.81	54980.9	-61363.6	11030	-2663.55	-14287.7	17312.8	16971.3	-51166.4	-1773.95	37474.2	-23789.8	4677.95	-9805.73	-8634.37	-25270.7	6618.49	576.444	11909.6	-45948.3	27815.4	-44757.4	45483.5	-31876.5	-3270.3	-3997.78	21332.7	28945	-15239.9	-780.237	6374.67	-87022.1	5222.68	28518.9	-9772.13	39276.4	17876.6	683.384	5466.26	2254.39	-26039.2	-16227	39986.5	-18224.7	11723.4	2311.1	4453.63	46736	-21985.6	7730.67	-2275.15	12633.7	67721.4	4357.66	-34021.1	-56867.9	-11654.9	-10897.8	-18391.9	48015.2	4546.14	4745.21	-22289.6	57200.7	-34268.7	37878.3	19591.5
8000000.0001	-36592	43885.7	-788.826	37699.7	4321.77	47095.4	52395.7	-35270.8	42958.2	13103.8	14972.9	11351	-24139.6	-1005.42	15693.1	8388.92	9867.17	-11572.8	53725	-48883.1	26971.2	-5193.56	-14220.8	10360.7	-21116.9	-27322.2	-11866.1	32744	4468.14	21090.6	-4829.41	-19334.8	-20274	2565.52	-934.442	39127	4386.6	-28461	2258.44	-22386.7	-42443.5	28599.2	-47299.2	15379.5	-17199.6	-1178.05	-36479.9	38673.7	11712.6	44031	22537.9	10156.7	10556	11542.1	-15121	-43041.6	24509.3	-8426.08	34534.5	-15729.2	-2170.38	23003.9	-26864.1	-11041.9	-5956.02	16166.9	67912.1	-16084.3	-3489.83	15009	-899.311	17302.9	-34023.8	-5057.07	-17188.4	-69496.5	-14815.6	-23611	-15249.3	4152.19	-38222.5	-38948.1	50387.3	24995.9	22963.6	-39619.1	-7207.59	-82017.9	-28926.7	-39034.4	48957.6	1699.95	73440.3	13447.3	18921.6	6403.37	22882.2	-59965.4	28649	-33227
8000000.0001	-5612.08	68557.7	11473.4	10069.8	35128.6	-31199.3	-32614.7	-9018.26	29724.9	-16088.9	19145.4	-42677.8	52511.7	5849.13	17257.7	-24033.6	10331.8	4704.64	-18509.7	-13977.3	56110.5	-26024.4	-32095	20869.6	43716.2	-3495.34	39242.1	45914.2	9861.82	4526.81	20860.7	-17516.8	-2815.36	-48384.6	-28852.2	2385.03	36311	-24281.6	-9258.18	16301.9	-42823.9	-86.5636	37479.2	72884.4	-50209.9	-50709.1	41730.4	8652.1	-693.046	1136.94	2818.94	-55150.4	68690.1	41015.5	-18026.4	1071.58	25788.8	-8994.31	-11656.1	14167.2	-47780.2	29023.3	-5265.73	-17287.6	-1976.44	38894.4	-24324.4	3878.76	12321.9	5727.62	-43139.5	27452.6	978.347	17815.3	-34378.5	-43390.9	-35029.7	-17355.2	6914.02	54086.6	12177.2	55793.1	10096	21712.5	5378.56	13718.7	-25444.3	71545.9	52700.1	16213.9	8746.53	-40106.7	-59078.6	25972.4	-37897.1	-1412.19	6683.78	46200.3	-13196.4	-21773
8000000.0001	-17971.8	12424	22285.6	-34308.7	-11799.5	-14651.5	20730.5	627.121	23582.6	-13582.2	3676.11	-26963.9	-33168.6	-91873	-14003.5	32016.7	-32371.3	-13514.2	26234.2	-34261.9	4073.05	-11067	-7949.67	-3354.24	2517.93	-2439.51	20487.8	5982.98	5275.81	-11142.1	-40287	-12710.4	798.13	-22933.8	-7505.76	9747.64	2818.25	-57423	23250.2	4515.29	-37514.9	17902.5	-17922	-1099.1	-21621.8	-8058.95	15843.2	22914.5	6906.08	-26734.3	-30386	-14605.7	-60609.9	13399.6	18694.7	37265.1	-12641.7	39243.7	23533.6	-46776.5	15375.6	4618.13	35762.7	-19799.4	11574.5	-27436.1	21683.6	24215.2	8829.01	83654.5	51642.2	33497.6	14492.1	-35663	-34035.2	-17749.4	56001.1	40592.6	3374.23	30633.3	20711	-31899.5	8830.92	-22628.1	-15204.6	11878.1	2723.99	-11714	42206.2	-27140.8	-7807.3	13160.8	21400.8	38326.5	38052.5	10556	-8047.35	-4348.55	-1134.83	17585.2
8000000.0001	-3231.73	-16816.6	14172	51725.3	39400.1	38622.6	-49699.3	18882.1	30215.3	-4153.52	21861.2	-27033.6	17020.3	11928.1	39928.1	51406.6	19649.3	-32029.1	-16283.5	4397.14	-25403.7	-12792	5093.34	2105.23	1566.09	-35491.3	-31946.3	-265.115	-1516.03	-22857.8	7271.18	12837.6	14466.2	-9226.75	-6314.07	-68558.7	12925.7	22847.8	-28444.8	7652.31	11497.7	-29836.3	1959.54	14007	-13588.1	2478.48	-16944.9	16617.3	-31474	-19257.2	15976.3	17249.8	-9160.65	33246.3	-31766.2	59467.1	-23333.8	-55704.6	-26134.5	10468.5	-19109.2	11120.6	7071.63	-1678.17	-18587.4	-1227.43	51226.6	1320.37	6830.73	56089	12862.5	35295	-27391.5	10029.5	-11886.2	25631.4	1564.54	4599.99	-9718.25	-45725.6	-32871.3	-50968.3	12654.7	2211.5	30230.5	49384.3	34700.9	9729.6	-36521.6	8265.73	23317.2	-31418.3	5248.69	17027.9	6871.44	44430.3	-28048.2	25108.6	-46394.1	8989.55
8000000.0001	-1601.67	-4910.98	9717.81	7650.12	57529	-46899.7	-7001.74	49093.9	15375.6	-22843.5	14490.9	-12405.4	-9993.3	-49941.3	5191.22	56788.5	2377.29	-28012	-20930.9	-36652.7	61618.4	-15944.2	45394.9	-12411	-8265.82	30272.4	-8386.65	10624.5	-12422.1	-17427.9	-47396	-22176.7	-10378.2	405.15	10225.9	-40495.7	45051.1	-17668.8	19692	-34096.4	-31450.6	-24541.5	20701.8	13333.2	43129.4	-7568.9	12991.9	-19232.1	9042.59	-1843.41	-20830.4	3390.96	-46384.5	22820.9	-21934.6	-34514.9	-3483.95	29992.7	2315.53	-6241.64	46526.4	26797.7	-1293.44	-7998.88	18576.8	19393.5	-44027	-37051.5	5362.42	-4104.53	-40117.7	73158.4	16391.7	3190.43	60713.5	9734.7	-29043.3	-19168.7	28620.1	41108.8	-15183.8	-12137.3	-8192.21	10175.2	8995.61	-9508.63	-43626.2	-80275.6	-27627.2	-3795.68	2180.76	24477.2	40860.5	13260.1	16050.9	-37933.7	18094.4	27019.2	23956.6	36961.1
8000000.0001	-10935.4	-23191.7	-17047.3	34004.3	-38959.8	27204.1	-26515.8	2482.49	7561.84	-9399.56	83130.2	-29957	4039.28	24216.4	-72092.6	41819.1	-23093.1	11947.1	-46059.5	25684	20698.4	-39771	-35465	8960.96	-32277.3	60970.8	-9155.88	27903.6	-10503.1	-58296.4	-6978.89	22368.7	19207.7	8655.59	-21512.2	-23762.6	24831.3	-2670.46	23175.4	-5476.52	-13710.9	-52172.6	19995.5	40433.1	34260.4	11145.3	14092.3	25998.5	-10367.7	12772.5	14462.9	-44634.4	-22389.2	217.801	-11244.5	61275.8	50305.6	-17471.6	-10295.2	-36719.1	-17380.6	823.431	-55731.4	-26602.7	27298.5	-12154.2	-9969.28	-21078.4	2025.17	38617.7	31864.9	-4845.95	-29429.3	30636.4	30106.6	40078.8	-15430.9	-13088.9	50185.4	12004.6	22079.8	8752.87	-12341	-34795.4	-17952.2	-41892.3	-18816	21726.2	1193.77	7488.55	16472.1	-15082.9	36430	-26880.9	18742.5	-20275.4	10848.2	4741.38	23320.2	38118.5
8000000.0001	-12345.4	-11274.4	-23545.8	-6417.97	-29942	20348.6	17341.9	-39290.3	10556.8	-25646.7	22907.9	22925.1	-17321.4	11836.5	-19971.1	16737.2	-12646.1	26296.6	-15648.9	-19735.3	2090.79	-16493.9	-62187.9	-42098.1	-39511.6	6619.36	-23445.1	14372.2	31798.9	39502.4	-1792.4	22029.5	-16472	49133.7	-74998.5	53038	-19015.9	31578.1	-14311.9	-23806.2	8828.28	52133.8	27748.1	16787.9	-7233.36	6579.3	-28737.2	53913.3	21137.6	-18752.9	-5949.62	59183.9	23225.5	-8317.97	-45688.1	-25251.9	28165.3	20929.9	-4318.51	-25319.5	21936.2	-10705	-7210.75	-14418.9	-203.38	-13127.1	21495.2	43952.9	7969.39	-8120.13	-80117	41267	-18747.9	-15198.1	-24094.8	-41129.4	-17461.4	17419.3	16696.4	-29121.3	-16369.6	-9650.96	14156	-22612.4	-4893.32	6639.98	-48283.5	6534.77	-26776.6	2875.1	57002.5	6578.74	4167.17	45383.5	19546.5	2728.79	-9295.32	-5104.54	-23907.7	30980.8
8000000.0001	7994.82	-6798.23	-25062.5	2367.67	-26326.4	-24655.5	-45026.8	-6983.06	-13644.6	-28065.2	-41088.2	-3584.77	33136.4	59318	34055.9	29388	41464.2	43591.8	-41470.8	-49237.4	-42465.6	36279.8	13175.5	-22927.4	-71352.1	29015.3	-4217.44	18235.7	10607.6	-7936.95	33921.4	-11305.3	-31610.2	14406.1	12432.1	11592.2	37680.8	-33827.7	-13144.7	-5370.18	23967.4	-7982.55	1600.17	-54922.6	-5348.6	-2125.52	36241.8	-36637.4	-35985.3	-30673.7	31032.7	-46799.6	-43711.1	-50975.7	55408.3	-14136.1	-10285.2	2760.27	-46587.1	-19623.6	28787.7	-18904.6	3671.62	21591.2	-19870.2	20410.5	771.449	-6213.29	35709.1	-16684.8	10976	21041.1	5166.15	-55654.8	43466.9	17396.7	9804.5	-4603.38	21464.2	-44666	24720.6	8599.42	-8190.37	-12448.2	-21838.5	1645.99	-2484.87	-170.808	18710.3	37251.3	11729.4	-5231.75	38902.4	38977.3	11687	26970.3	-35813.1	-7914.63	36701.1	30560.9
8000000.0001	3738.54	6469.34	26982.5	-24374.7	13102.3	17086.8	-26206.5	29102.2	16730.3	-9080.86	55716.3	-21796.9	-26748.7	38302.9	-11472.1	-51178	-17677.9	22793.9	30946.2	19861	26746.3	-1177.29	32959.7	-6276.35	257.381	-24102.9	26225.9	37829	10612.8	-18380.4	54104.3	19216.2	-4248.03	18675.2	-17101.3	-7849.02	-3310.25	-27091.7	-9240.43	-24218.5	-35641.9	9719.48	-24484.8	-27756.8	160.401	33359.7	-24327.8	-21862.6	-4312.28	20175.1	-14459.2	-17942.9	-24405.8	-27026.7	-161.388	16877.4	-6905.38	11135.7	12569.2	36304.3	16476	-73452.5	-5068.58	-32380.3	66557.6	31172.3	28445.5	26757.5	-3886.16	63831.9	-29575.1	9879.06	-5918.14	-836.412	-15511.6	-32422.2	-5961.74	-16008.1	8572.94	-4973.15	12429.7	-1826.98	21403.9	-1629.45	17838	-5433.02	-2200.32	72667.6	-13638.7	4324.26	-21673.5	-1384.08	2922.37	12241.2	-20212	-4178.23	3105.25	44985	23148.7	29562.2
8000000.0001	40164.2	-32826.5	-32849.3	19036.6	19513.7	-37680.1	23339.5	46249.6	39427.1	-23654.3	-27126.8	-42189.1	18200.1	-52401.2	31776.1	-366.873	18585.5	7516.96	-37170.9	57772.6	27391.6	-5870.99	4375.12	-53076.2	28324.2	2210.86	6701.34	-20754.8	30374.6	25841.6	5864.93	7683.66	9501.13	60824.8	-37405.6	-40492	41064.5	21749.5	-49101.5	9170.7	-554.799	-18038.4	51293.2	14811.3	-9305.05	-21471.9	-59308.9	3238.46	58936	19680.8	11309.5	12174.1	64080	-30832.1	-42620.7	21186.9	32265.9	-1254.39	58850.1	-20866.1	31595.5	38656.4	-35718.5	-28987.4	-28163.6	38189.3	23328.6	-14150	3942.36	-11122.1	-5466.68	-46449.5	14863.2	-3202.06	-6327.59	48009.5	-12257.8	-7881.98	-11407.1	-41455.2	32450.6	73928.6	5806.21	-54441.4	3478.3	-1507.19	35059.5	-19244.9	-24817.9	-5838.21	54009.8	20710.4	-37695.9	-54532.8	84723.5	-1826.77	830.657	2969.21	-12005.4	-2899.24
8000000.0001	-48260.9	-18787.3	34997.6	55227.5	-41538.2	13889.5	36933.5	52131.1	-13562	31626	-60227.5	-6417.58	-603.746	66826.3	10400.6	-19362.7	41683.7	-7815.93	-35294	20103.3	13822.3	29739.5	-1218.98	-5295.25	-4542.2	-9983.67	12036.6	-7408.16	-52269.8	-19207.2	-505.649	-29599.1	68143.7	61598.1	33166.8	-64322.5	-9975.03	-25339	14201.4	20254	884.979	34761.8	44505.7	-6498.38	-20753.7	-17889.1	17687.6	18447.9	28827.5	-3620.16	-21911.1	-6218.66	17983.2	-49666.6	-32903.2	37443.8	-159.781	-552.064	-38145.1	-12604.8	30271.4	-41834.1	-56637.7	-32949.6	-15047.6	-40459.9	57025.6	16105	25859.3	24071.3	10585.6	18411.8	22886.4	13054.6	-11834.6	-39581.9	-36666.5	39550.5	32705.6	-37559.3	-794.27	-9833.07	7512.47	-11100.3	-14709.4	34074.1	-38823.2	20383.9	206.771	32341.1	13547.6	7419.23	11715.7	-28742.4	30528.3	-19440.5	-30343.8	-52568.4	21447	-28705.4
8000000.0001	-35800.7	-18742.7	-20297.7	21779.4	-31036.3	-20588.5	-7423.71	2967.01	14665.4	5516.81	5835.18	17440	12679.8	-3602.45	-2784.4	-12756.2	53677.5	13305	-7703.54	-58799.4	-47537.7	-20104.6	-11923.2	-49094.9	-336.765	36228.5	22895.1	71940	9744.46	22733.4	-21979.1	-6440.83	-28574.6	-13716.9	1518.82	1763.23	-7075.16	-24935.7	11465.2	-18412.1	48929.5	-1303.69	-768.508	16846.8	-23166.1	44654.6	3326.93	7111.71	-27488.9	1501.79	14703	-21295.3	50006.5	3905.76	1463.93	-415.244	-20480.4	25914.1	-12503.9	42760	-6525.46	6450.51	55566.1	454.705	55163.7	-12776.6	11507.2	7936.59	-20373.9	9639.79	2073.72	46357.9	-21384.7	34026.2	12377.5	-21402.6	-10548.9	-10645	-3599.61	6275.63	5548.48	21399.3	-7760.96	9355.53	-8577.03	54666.2	44352	-15830.5	-21937.9	27361.6	37754.3	9690.66	17558.5	5195.18	-3073.88	22621.7	-28414.2	-60175.4	-1605.28	6436.42
8000000.0001	4604.24	32794.1	30749.9	-15115	-39114.5	-12127.6	-7037.19	33916.5	9490.8	6063.21	38194.8	21384.5	19994	38869.2	-26531.1	-17081.5	-53066.6	18793.4	-13697.2	43017.9	53008.3	-12195	10747.3	6409.54	-20701.6	-40123.7	-14482	-28291.2	-43698	-22761.5	-10980.4	7908.03	-42642.1	42422	33902.7	61362.2	20839.9	15837.5	-21568.2	5412.09	4506.9	13379.4	11905.5	35967.3	-21442	-8429.61	-22247	3342.02	-9093.68	-18078	22023.1	11202.6	43446.2	10150.5	-17073.2	16558.9	59295.4	-7315.4	-23232.6	-45028.8	23525.9	6012.18	-6871.62	27310.8	17382.5	-30821	-22062.3	-12564.3	45445.9	-41423	37505.3	-65800.8	17136.1	8743.78	11229	-8075.96	32559.9	-42639.6	33083.6	-12181.8	9769.51	14808.8	-53115.6	8176.89	23222.6	-25802.3	-15136.9	36084.6	-2170.09	-12893.7	33850.6	13587	62930.9	-25944.3	-45861.6	28127.4	23534.3	41929.5	-16105.2	-24022.5
8000000.0001	42729.6	-29011.9	12594.4	-12979.1	24584.1	-2787.52	7214.38	-18044.3	-26111	31128	-14319.1	39070.6	-61502.6	3214.98	-16410.2	-27167.7	30739.5	-6539.6	-8719.19	-67368.8	40070.3	14632.6	-12500.1	-59985.9	22526.6	33580.8	-52112.9	-18090.4	-30236.1	24015.5	24362.9	-18858.6	17469.2	-22637	-22866.6	28836.9	-41312.3	-1148.02	-10716.8	27357.6	24097.8	-29573.3	3304.63	-54482.2	-21520.3	-301.712	-21522.1	15171.4	63745.4	15211.1	12390.1	48359	-2249.42	2640.75	-4953.29	41567.5	-65558.6	4534.48	9252.08	-36081.1	-21151.1	-30989.1	31416.8	15318.8	64642	41874.8	14117.9	-13700.7	5392.59	29309.1	-29699.6	30245.1	-9009.7	-21891.2	4014.45	-4957.48	19605.8	4499.83	3120.44	26786.2	33237.1	2250.09	28155.3	-9789.3	18311.7	-34875.9	-22114.4	11927.6	30163.5	-52753.3	25748.5	44247.4	2926.25	6889.44	-263.497	-30367	13745	81451	-20978.6	-25563.4
8000000.0001	32149.6	10602	34192.7	8919.18	25611.7	2732.06	23683.1	41623.1	33206.6	-33325.6	-1716.62	-9298.12	-8891.35	-14805.3	-28265.8	-2853.55	7596.81	48981.5	40490.9	51210	64873.9	12631.1	27110	-22131.4	-24332.9	29978.3	-1752.19	-15337.2	-220.49	-13856.7	-17165.9	-5111.42	-66843.6	15162	18253.7	-5770.58	8366.4	1254.9	18804.2	7841.81	-14154.3	18304.5	-2838.28	-18752	-10440.4	-30310.2	19442.9	-85674.4	19911.3	3235.85	-12712.4	-11719.4	-67609.3	19924.3	11703.8	18536.5	6478.8	-18989.1	29175.7	14698.5	23739.4	7986.92	3713.26	6312.05	-4905	19231.5	39036.5	8378.95	10652.3	-38239.4	-25228.8	4333.79	-21755	-22051.9	-36425.3	45877.9	31057.9	-41690.7	19642.7	8335.69	-52926.3	26728.8	-17270.4	7417.01	55072.3	42652.4	6206.12	14259.5	-52351.7	2611.02	5315.18	3355.93	4213.29	2410.89	-12181.9	-26541.5	-30632.6	4421.81	12540.5	-24143.5
8000000.0001	-261.049	-7050.05	44296.8	-2400.59	-46780.4	-16463	-19976.6	-29605	40428.3	17454.5	-21931.6	-3054.63	-7684.94	-33166.4	26135	-4161.06	-12785.4	-22035	43676.9	-25973	7717.88	12516.6	9165.47	-18734.4	31360.5	49525.9	38425.4	284.112	-3105.42	-26871	-32338.7	-11197.3	35240.5	-41555.4	-15526.4	29464.5	29634.7	-2013.88	-31245.4	251.431	-377.012	-8692.66	-1029.84	20332	-44725.5	-5428.12	38198.1	15591.5	-11370.8	12843.6	20765.9	18864.8	-17444.3	-30121.1	25690.8	8910.19	12948.4	-5733.8	47310.4	27869.7	27377.1	21018.9	-4186.45	-57604	31458.1	-5903.08	-21053	11726	-45303.7	60673.6	-11012.7	-70819.8	-23146.8	21066.2	18903.4	-2043.31	89772.3	-17429.3	66861.9	-35901.2	-25898	35665.7	-32774.6	39190.5	34561.1	20202.3	12107.7	20922.1	14376.2	32864.3	54282.9	14133.8	7990.2	21812.4	-38190.4	-33294.5	46719.6	-55292.5	-15678.1	-15731.5
8000000.0001	4246.58	-8546.93	25141	-9956.09	-8433.36	6508.68	49252.6	-5280.93	-9582.72	18830.8	-19736.7	9841.21	-29777.7	4155.12	-24579.9	27058.8	-26836	37126.8	5663.81	-40700.5	-5127.3	-25960.3	-72885.4	13983.8	-24794.8	-46126.4	-28767.7	6214.52	3181.24	-27536.4	-1787.76	3654.43	392.444	32497.2	-1619.68	3570.48	-5032.5	-34386.8	-10932.8	-24848.2	-14378.7	16853.9	11797.4	-6007.04	4822.03	-2132.42	5358.94	16446.1	-15760.2	40483.5	12232.9	26916.1	-36781.2	12364.1	-38279.7	6690.69	48721	37235	-5984.14	-22120	-11565.9	5885.71	-40764.6	8578.78	11170	36345.4	-9865.94	42005	13979.6	-22738.3	-11232.9	-13635.4	16.6689	6260.65	5595.84	22507.4	3022.82	28603.3	34043.2	4593.08	-4373.43	11373.7	38526.6	-12823.7	-24838.6	-3080.27	50247.3	44143.9	-35204.7	-67837.4	-7477.74	270.222	-7273.76	19854	37438.8	20849.4	1713.05	-57334.9	9054.38	26672.9
8000000.0001	-46698	-14012.6	20702.1	6108.8	-6746.62	-14865.5	13157	-2483.77	-10229.8	75161.1	-37157.6	12767.9	27809.5	-45877.7	29903.6	34066	13564.2	-22003.6	3253.8	-783.127	-9294.94	-7898.2	-8322.97	47202.1	-53145.7	4111.99	-12184.6	10732.6	5110.35	-74510.6	17639.2	31324.8	47471.8	-35072.4	6329.33	2478.57	35366.8	-22579.9	-34649.7	1636.25	328.666	-8937.01	-872.839	-19210.5	1276.59	-12535.3	41934	63550.5	-8175.26	31555.5	-22560.9	27733.4	-23384.3	-7360.59	-38673.8	-5599.09	-27162.9	7871.07	21913.8	46364.4	4508.57	15790.9	-29986.1	-17638.6	1163.94	4986.88	-7862.17	-30776.7	25158.9	-8251.32	-21291.8	-42631.1	-14076.6	-20978.4	-2713.56	13554.6	-3439.03	13557	-26519.3	21702.7	-16104.5	40232.2	572.778	-13456.6	30261.7	45126.2	17071.1	13384.2	-4738.82	16567	57920.9	-11939	7347.51	12049.5	-23697.4	-59942.9	-8582.39	-24689.4	-10186.9	-46376.1
8000000.0001	32642.3	55384.7	44954.5	26272.3	-14037.1	51168.9	-18654.7	20985	-3781.51	-14601.2	-48888	-18976.7	-13696.1	-15394.1	-22931.3	20802.4	31350.8	21188.5	17418.1	9727.63	-145.089	-15114.1	5312.09	70851.7	-25145	14869	-28201.6	-74770.3	-50039.1	43105.1	-7653.1	2711.46	-22771.7	47859.9	-9255.44	6346.92	651.095	13786.8	57256.9	-21710.1	7392.66	-27751.1	-27194.4	-13305.3	17649.8	921.54	44141.7	17421.3	-19875.5	31848.1	-9331.51	19197.3	58647.2	-55451.3	-14196.4	-50841.2	-27273.5	-48303.9	26543.4	-10847.8	-12342.9	34251.9	25291.6	-16316	9506.12	22758.8	22141.3	-31707.9	21916.2	688.115	-27849	-640.413	58266.5	-21431.9	-14579.4	-27992.2	19832.2	-20171.6	35897.1	-7405.12	15962.1	20539.1	8629.16	-20092.3	22595.7	12713	-28541.9	24237.3	-21686.6	26586.8	-16798.7	31688.3	38813.4	22783.1	-49800.6	20463.6	-21618	-1640.62	-30409.2	5758.27
8000000.0001	3614.05	11909.1	-21384.4	49028	21963.5	24204.2	-21809.8	-59913.3	-21686.6	66601.5	-27029.5	-16771.2	-39552.3	34923	12869.7	20645.4	-44583	-42723	12692.5	-12381.4	11817.2	-26882	31442	-24971.6	-7058.73	-3134.17	14626.3	-10992.5	-22961.8	7129.06	-10074	13137	-3940.61	-22168.1	-33847.2	-20556.3	11608.5	20246.2	-17597.8	20249.3	52126.8	-18823.4	5667.04	-26683.1	13813.4	38505.2	43137.6	-30422.7	14703.5	21918.8	18747.7	-49149.6	-60618.7	1816.84	-6343.5	-27500.7	32047.7	-27522.7	-21621.1	-2203.6	6178.15	39708.3	3202.57	37677.3	-20684.3	18307.9	73404.9	-58197.4	59043.3	-28100	-5144.82	8246.8	42659.5	-46631.8	-5759.38	-22990.8	24834.1	19949.4	-79397.2	3474.18	35469.4	2378.32	-12966.5	27968.6	-15996.4	12771.1	-33057.4	437.509	-76306.5	-16236.1	-20025.7	-26694	28579	12797.4	54659.9	-15480.4	-62236.8	20111.6	-8211.92	-55437.9
8000000.0001	-19892.5	-16263.9	-15950	-1120.47	-2882.57	-32132.7	11956.4	-17269	19495.3	-12037.9	-13262.4	-41791.4	9221.07	-652.73	-29605.5	1765.29	14594.5	-8882.18	-19479.1	-50128.8	39035	-45406.4	22713.5	-51003.9	-26688.3	72529.3	-54729.6	-79820.2	35071.2	-30763.4	-21063.6	-44830.8	9752.37	8152.41	22492.8	21432.7	16592	682.215	-14405.9	17700.4	34513.4	-51302.3	-10003.8	-13916.7	-42657.1	-17036.5	-11352.3	39820.6	12050	-5052.34	13197.1	-10126	-4301.78	-2964.92	14727.1	4697.61	-58361.2	-10309.3	43556.6	-48753	-1812.34	-39161.8	-25967.2	-18374.5	864.186	23915.7	12844.9	-19433	13986	18557.1	75095.1	-3842.75	39591.1	16876	39795.3	17758.6	-24925.7	101901	15890	-25342.4	1629.52	-6435.48	-11487.6	23447.1	55282.3	15411.1	22905.8	3936.04	29123.3	37957.9	-9493.14	45660.9	-35631.2	20399.9	14344.4	-28520	-38978.6	4876.6	-31522.6	16736.4
8000000.0001	-11446.3	-56468.5	8704.45	-22411.4	-42671.3	25326.3	-18527.1	48.8902	47286.4	52439.3	26784.1	-10262.1	-22996.7	25019.7	34330.7	11503.4	-62575.8	17795.2	2904.85	-4124.71	-38406.4	-3900.78	-20284.2	-10949.3	-36880	-39975.2	7773.18	19979.3	-4043.85	-63180.4	30232.9	36513.1	-6250.06	7184.84	38233.7	34621.4	9092.25	26297.5	-17634	14314.9	-21877	-40602.7	-4984.63	-16750	-17011.8	-5284.67	51243	10759	-13273.3	12070.8	61655.7	-8175.42	50557.4	55084	26469.7	-8264.18	-42832	-23241	-13620.2	-7184.71	30977.4	-51.2481	28978.3	-21847.4	47536.1	-16128.9	47183.1	797.642	20661.2	-15250.9	11966	30253.6	3553.82	8462.75	30184	27004.1	21345.6	-58400.2	-2616.4	5547.52	20151.5	-1766.24	-38255.8	14403.3	-10593.9	-2267.76	12090.9	13977.7	2651.13	16567.7	-16842.3	-54931.1	-21072.4	-62479.1	-25582.8	59653.3	69215.1	-28738.7	11097.5	14960.1
8000000.0001	-7788.21	57019.4	52876.2	-34945.7	-22018.8	8611.95	22609.7	36974.7	5003.84	26176.7	15891.5	13637.7	10515.2	-34291.2	-36265.2	37692.7	35798.4	38427.3	-8293.91	37571.8	-16323.8	20207.3	27955.8	2112.4	13656.9	33014.2	-18349.9	9570.57	-41498.1	-33480.4	16915.5	6493.97	14869	-26333.2	16402	-38110.2	25264.7	46825	34631.7	45649.4	-25108.3	13339.6	9746.21	3949	-57526.4	-40417.8	-20727.9	22229.3	-9036.79	-840.305	-7512.24	46481.8	41341.7	37633.7	39887.3	-44058.5	-73890.1	17073	62651.7	-21726.9	18931.1	-18986.6	10210.5	17367.7	-9196	1033.08	32300.3	-17117.1	10788.1	40960.6	4950.12	42218.4	34430.5	-21502.8	31289.9	-7648.37	-13141.7	-24227.4	14172.9	-33920.8	25461	-22611.3	-13119	-24185.7	-17053.3	-26461.9	9433.91	-7493.77	44805.5	25246.2	-1990.03	-1377.65	-14158.7	4723.52	-4664.87	-47145.4	40120.6	956.829	-2404.1	23605.4
8000000.0001	14041.2	23919.4	35636.8	-36035.3	-28195.2	53783.1	17274.4	-51009	14752.2	-44675.3	-8100.43	-1414.19	-38943.4	-38956.1	-22370.2	-57637	-8244.3	2368.96	2631.9	28668.7	-24426.9	8408.69	2712.8	-23686.1	8729.31	18891.4	-11012.3	8973.92	2941.21	-2495.02	-7859.89	-35237.6	-28785.5	-47552.6	-46417.2	-9271.96	9987.98	12211.1	8688.34	35580.1	-1953.28	1516.94	34795.9	-37176.8	-5960.39	-22724.8	-25438.8	18429.3	33487.9	-4147.96	86726.2	-9364.97	49068.3	-18751.8	-20847.4	-3141.41	1025.63	-47066.8	23505.5	41732.5	-26844.7	-4586.11	28314.2	33924.4	21856.2	-27371.5	2389.75	8741.08	-33343.5	-9975.41	-21813.2	57636.2	-4846.23	34977.3	-3227.19	30282.3	19484.7	5276.95	-32556.2	-6083.35	20732.7	-11629.7	-31229.4	-5970.78	1516.92	-14676.4	44557.3	31596.3	-6330	-5038.03	10155.8	21425.9	-31814.9	31592.8	-64344.7	12323.4	-51275.8	-2495.06	-7819.59	7536.61
8000000.0001	-1116.45	15981.7	-49613.5	-19168.1	-18351.2	-7652.5	-14734.7	46900.6	-19455.9	2772.79	-11118	-36276.8	-44877.4	-50013.6	32540.2	36462.1	-6443.93	-1485.19	-3358.01	24933.3	-46442.2	60148.7	9713.61	-31743.9	-23990.1	-15822.4	-51791.8	-11936.7	-6956.18	-14680.1	-20002.4	-38379.8	-25204.9	31025.5	24427	25725.5	-17165.8	24611.7	43593	24492.4	-14896.7	-13879.4	-31001.1	13411.3	1447.55	3589.53	-27012.3	16597.4	5974.46	-23448.9	-39868.7	15318.2	12511.4	5731.64	-25342.7	-26551	27492	-29281.7	29346.6	-21905	14559.1	11627.6	8386.86	87.1223	44330.6	1409.9	13794.4	17842.2	-18245.8	-45060.7	-18412.2	37159	52357.9	-20253	29788	-16553.6	23542.3	-10926.7	10561.7	57623.8	-6454.07	13333.8	-25985.8	23273.3	18529	-26242.7	-100.58	-16750.6	57468.6	11345	-35493.6	4697.56	15903.2	-10645.8	-14945.8	-14933.8	-16153.6	21288.9	-22194.1	15918.3
8000000.0001	7110.68	40568.9	-34032.9	-28092.9	-40418.1	20223.9	18915.7	-27133.3	-19384.9	8034.57	-52478.4	-4267.01	25214.9	-6976.1	12853.1	-22662.2	-32387.4	-6991.67	-3032.6	-1959.3	-23237.2	-7671.05	54154.9	-16089.7	-26754	2801.09	-13643.3	-12249.2	-25094.1	-57086	1832.81	13601.3	309.831	-663.005	18497.5	-10743.3	1942.89	36788.8	-36768.5	-31319.7	-4680.62	-65872.2	27119.7	-17390.4	11846	-1007.99	-11313.9	-22652.6	31341.5	-10713.2	-36603.9	-19945	-31958.9	-35547.5	41383	-2629.52	-2750.22	-26656.7	28207.9	9442.78	-50543.1	-13628.4	55153.7	-4589.55	-36845.8	-23492	-22468.3	39187.4	39098.4	-6106.26	115594	-9653	-9269.49	-19425.9	17967.9	34361.4	-7992.42	7178.82	-11663.7	-35461.5	-13007.5	-2042.56	-5881.58	35948.9	-13335.3	55145.5	16247	-17812.2	-31251	-3175.65	44823	724.347	-845.794	4342.12	41133.1	-30341.3	-30176	9006.04	-32078.7	14062.8
8000000.0001	-14944.3	674.151	-73193.7	-57481.4	-23289.5	-13463.8	-25031.7	4101.73	-1841.08	35541.8	-8324.53	40153.9	10695.3	-11232.8	53900.7	-5085.16	11145.1	42642.3	63390.1	-12022.4	43668.7	34097.2	-13954.9	52248.3	62205.7	5826.17	26796.2	-5518.5	45588.6	-13184.6	17547.2	10638	46456.8	24658.9	7343.5	-27328.8	-6954.12	35088.1	-34564.1	26900.4	-23621.4	1377.51	43961.9	-4839.12	-17035.4	-8186.52	932.349	-23018.9	-1804.53	-3235.76	-15922.1	-24007.4	-42349.6	8343.52	-6142.6	-37456.4	-3910.36	-17755.7	-11052.6	23557.7	-30364.4	66843	-42637.1	-13314.2	27819.3	8926.3	4887.42	-22915.3	-5746.89	7961.74	24051.8	45607.4	4245.21	17168.5	-16012.7	23999.4	-3227.29	1830.85	-16585.5	122.715	14069.7	-8664.94	-21789.9	12166.9	-19922.3	32979.1	-39939.8	-25171.8	-55104.8	6364.48	-623.16	-17392	9277.29	3198.77	-41238.2	9021.72	18055.1	-11306.2	-29389.6	3375.89
8000000.0001	24178.6	10785.5	9046.95	-28802	17681.4	-3540.62	-65026.4	4244.04	-35694.2	-52706.9	-2600.82	24294.3	-556.239	-23232	30014.4	-24853.5	12494.1	27412.1	2461.13	17059.8	16619.9	-25170.5	-22031.4	-22712.3	-24754.8	32831.6	-19260.3	25065.4	4197.48	-61558.7	37745.1	-26909.1	-8178.96	21645	94462.8	38297.8	36427.9	16668.5	-31101.9	11666.5	12288.1	31444.6	48801.9	27479.2	-13039.1	5014.48	-84024.7	-21991.3	-22048	21215.6	50809.3	-6907.22	7117.58	-14887	17329.2	92276.5	-25899.8	-34208.2	11115.5	39458.1	24918	-7021.8	24102.9	-11854.9	47678.3	-9878.67	11530.9	-15803.6	40146.9	22675.1	-39521.5	-37549.1	43330.8	-410.923	13186.4	7237.89	-63759.4	79071.7	33880.7	-20497.1	-16460.9	-27191.7	-41285	9463.37	27548.9	-2763.14	-17729.4	-53092.9	-6815.77	7916.99	-4419.37	-14139	13743.2	33629.5	-3391.13	9002.37	-638.369	-75419	49564	72610.1
8000000.0001	10093.3	-9315.03	62436.2	10980.3	8937.21	10411.2	6172.98	40915.9	5069.09	15503.4	54505.1	-16582.3	-11557.4	-18754.1	-31458.5	-53385.2	-29205.1	-1788.38	-15953.8	-32792.1	-14489.3	-6053.91	29624	-9694.44	5104.71	-62109.9	735.22	47365.6	-22868.7	-10140.5	5511.77	-38402.6	-52772.3	-18241.9	31886.9	-42577.4	21478.2	-16303	32432.2	-60533.9	-26563.1	18608.3	10528.9	56013.5	64793.9	10481	-30850.7	-12948	-41521.4	51451.4	14073.6	-34391.6	17612.9	-6440.56	-15177.6	-318.795	26040.4	35996.9	-25021.6	10679.8	31774.9	-36310.9	-33389	10303.2	7755.31	-45156.7	-42749.5	-35502.5	-35028.4	-9954.19	26388.1	-8964.61	12477.2	-9159.06	18043.1	-5165.96	-27419.9	-7186.98	9382.24	-13281.9	27062.8	-18162	39653.6	18584.9	12222.3	14073.5	-25790.4	16616.9	-14137.1	-14964.1	19625.3	5096.61	649.34	32798.6	-23020.6	17572.9	-5036.47	-9470.69	35710.3	-17132.8
8000000.0001	11267.8	6749.51	48548.8	19270.7	-4086.26	-5325.34	12949.8	26860.8	-31144.9	-953.244	-56736.2	-40501.3	-37009.3	-24673.1	19699.2	10973.3	-31916.7	-12946.2	36778.7	42753.8	-62197.4	11992.4	3041.01	-147.525	12450	-3846.3	50019.4	30225.8	-2013.57	-25015.6	-7411.1	-9063.73	4204.95	-21652.4	27525.1	-7957.78	-2158.04	-33293.2	-23771.6	8355.39	22919.8	3467.46	-30082.3	-37232.2	-16729.3	-42214.9	14947.3	20021.9	31109.1	-25408.8	36532.1	-713.26	21365.5	7273.77	4996.42	1599.11	46888.4	4140.43	-19055.7	69450.2	-27649.1	14601	14267.8	17706.4	5203.71	9662.14	-5337.7	-2338.64	30396.9	-39040.3	-19258	6020.36	-15906.2	-5981.05	-1625.86	15725.7	-15873.9	-10826.9	46953.8	16413.5	-9315.19	-442.345	-7992.62	4769.59	1894.7	-14219.2	-23497.9	49527.6	30338.5	54534.2	6875.35	16306.2	18806.8	-6544.84	-21621.1	-27404.6	-34641.4	-47299.2	50895.4	51718.4
8000000.0001	32149	-29159.7	6180.83	44233.6	37666.3	20306.4	-13297.4	37141.7	49155.1	52689.6	-80297	-16187.7	-29253.1	-19055.3	47597.7	-735.775	39835.2	4058.49	-20840.5	21149.8	-55776.4	23023.5	-13124.7	6520.63	29243.8	-39441.4	21080.9	-5945.15	28621.6	21172.4	3154.48	-72425.8	-15879.9	-12905.9	36785	-5703.66	-27821	12348.9	14252.2	-16013.7	-33957.6	-6035.41	-18680.4	13840.5	1193.1	39731	15256.9	35875.7	-24448.4	-10781.2	-52389.6	1336.5	2033.43	21565.1	-33146.9	29874.6	-3938.22	-6050.56	7239.2	-25905.8	-9537.59	-54706.6	16721	678.928	36424.8	-22530.2	-7240.73	4891.48	30137.1	-41009	-11927	-8743.83	5473.52	43463.4	14459.8	-32481.2	-4872.1	-8971.43	14368.6	20559.4	8742.19	32319.1	13452.1	-4984.7	6669.29	40217.8	3766.86	2903.81	-37925.6	-35312.3	32685.3	-961.559	19002.4	-11867.3	-48730.5	42936	-72187.2	-2361.15	-2124.02	-6955.65
8000000.0001	31030.6	-18339.6	-7000.62	-14189.9	38231.4	13238.4	48103.1	23938	25275.9	-40527.2	-4908.66	-21046.6	-9215.46	-9502.01	29986.6	67912	2223.84	18204	6341.63	10819.1	-33717.7	-652.032	-3251.61	-15406.3	-6738.89	2684.31	-55874.1	-12172.2	20978.9	29309.3	64832.1	26682.2	-2904.48	-11382.9	1934.61	-39222.7	10816.1	-15794.4	17381	49897.7	41503.8	-33055.7	19491.9	17750.1	-6854.39	-18359.5	3465.38	-30573.2	-34815.9	18729.4	23565.4	-466.219	15055.2	8374.32	-10506.9	-12393	-40184.2	-42741.9	5396.88	-12392.5	10523.2	26008.9	29636.2	2386.61	-1560.88	-5243.81	-13661.1	-28170.9	32752.7	63982.5	-31221.2	5497.24	-19.1253	30697.8	17212.4	-7896.77	30946.9	-13943.7	2377.74	41966.2	-17163.9	-51543	27102.7	16115.1	-23941.1	52723.4	-40092.2	-26564	-1541.62	-538.901	20335.4	-28171.2	-4881.79	24082.9	-768.264	-33170.7	9595.42	9668.65	17852.7	-33824.7
8000000.0001	-26877.8	44049.9	-36605	-15511.6	28555.3	58625.7	44176.8	-27262.9	-42881.6	-13407.7	8030.43	-5922.48	-3796.44	22347.2	-19510.7	-2281.63	-23306.2	-21880.1	-11359.5	-64954.3	3917.55	-39156.8	30054.2	-31793.7	37210	33831.3	-12091.4	-15485.8	16234.7	35022.4	36877.1	12456.6	-8035.72	38023.5	-8037.19	-45319.3	52362.6	22066.6	-15123.3	-31425	-4315.2	17175.6	62254.9	3641.17	13582.1	53226.8	29851.9	-31349.6	15065	-52421.6	-4630.09	-3392.01	52219.6	-2481.92	22558.5	8451.02	-21488.2	19650	-25404.2	-57173.6	14010.3	31949.9	14069.5	-15432.9	40109.1	8407.33	-9117.68	14470.3	-22455.5	31323.9	45247.3	12229.6	7051.61	-19509.2	-17850.4	-27659	-2876.14	12154.6	-11506.8	-36685.5	-2309.77	17822.7	-10627	11563	-49658.1	-37765	21545.2	2049.72	-16137.6	5290.9	9663.7	-10618.1	34689.3	-20598.1	28633.3	51061.6	-39049.7	-70507.4	2994.9	27627.5
8000000.0001	-2387.74	11865.2	-26574.4	58930.9	12971.4	-55667.9	-17992.9	32961	5892.2	44856.3	40474.2	-1430.1	15294.3	25870.6	-34138.1	-48494.7	8884.08	6616.18	18591.8	-6694.81	4576.97	31035.6	5291.01	-10349.5	3189.7	-8727.82	17060.8	-13795.1	-41773.8	44694.6	36415.2	-53704.9	49196.7	-41744.7	65229.7	17132.1	-15630	30260.2	39043.1	-13551.5	-4314.91	32584.3	9069.51	-55568.9	12066.8	26357.3	-38404.9	-34327.7	-161.402	-19601.8	-32570.1	-22788.5	4528.19	56083.6	22456.4	-21792.9	-7551.95	8871.99	30090.5	-26420.3	-14941.4	40176.4	18019.5	-30215.6	38232	-46500.4	-18128.7	-33051.8	10351.7	-47715.6	-21850.5	-60960.3	-5214.11	2083.98	-14344.7	-77455.2	33468.3	-37107.1	-13623	-4388.26	13542.6	20980.1	-21678.1	23707.5	-18806.7	21553.7	57568.5	-23773.7	-11358.1	3025.18	-9795.67	35148.3	-36598.8	12031.8	19523.9	32953.2	9085.88	-31124.7	19731.3	-14522.8
8000000.0001	-22567.9	43210.9	30064.9	15698.6	40982.3	22167.2	-29596.7	-30646.8	-59687.8	26247.6	-53305.7	25741.7	-18100.2	-20476	-40832.8	-19716.7	-30629.3	-35210.8	-11426	39551.5	-31452.9	-19303.7	22557.5	21798.7	10351.2	11991.7	3623.16	-5795.1	33939	-32120.1	-10078.4	-38423.4	-24032.9	-1334.6	25226.9	-23343.3	-47396.1	26942.8	3633.55	55670.7	86969.8	20287	-27738.7	-33183	-58095.7	37232.7	80.5149	-16238	-28610.8	-25508.8	14406.1	-3737.86	-32659.7	-16925.1	6885.74	5740.25	3068.7	-12427.6	13121.6	34212.9	17973.1	15864.5	18879.2	20057.8	24381.8	-13703.7	-1378.03	-34732.6	-57759.5	23865.2	52779.4	9125.78	4827.84	8375.42	35614.1	-4180.61	49785.9	-41673	100063	-24805	36876.4	11243.5	-20233.6	-36140.3	-8352.98	36080.6	6198.85	-5623.64	20671.9	2276.04	6958	-14921	-28864.6	11415.1	11424.9	24897.6	-8105.69	8043.44	2506.31	3457.84
8000000.0001	-38932.4	35038.8	16561.8	-10052.1	16112.6	27218.1	-4663.09	-17110.5	5996.57	30690.4	-21011.9	-3565.76	22766.8	-4861.55	6020.67	11673.5	-13179.1	-2775.46	1950.1	-23176.6	-11598.4	34569.2	-21630.3	14830.3	-17800.5	28986.9	-20929.4	-4493.01	24879.1	-3938.15	23201.9	6205.54	-40934.2	7468.04	-18733.4	-47026.2	5171.12	6157.63	11504.5	6204.57	57678.8	-23312.8	-3864.54	3595.35	-29105.9	-4246.12	10232	-1554.32	1650.92	17324.2	-35985.1	-48897.8	-36430.1	-19382.9	-25387.5	14023.3	-26191.6	-5929.43	53150.8	-27846.7	8803.97	38544.6	73305.7	-42185.4	-15753.8	8891.04	16562.6	45909.6	-15301.3	2976.35	21902.4	-7754.53	29297.1	-11865.1	35618.2	-16811.8	-18457.8	-8146.66	8764.15	-1091.67	-15645.5	4432.45	-2686.23	-12606	15287.1	43792.7	9242.91	-24045	18865.8	-3059.38	14911.4	-22905	-86889.2	-10630.5	18653.3	13053.6	6841.48	59413.8	12875.2	-969.633
8000000.0001	-41508.9	12128.3	-7361.68	1804.05	-25900.6	-25995.9	-5702.65	2519.16	20916.8	-9159.61	-43544	-11428.3	-27916.9	12038.5	-44519	-9923.83	15325.1	-31745.1	41005.3	-4091.6	-21379.2	-23172.3	32701.2	19723.8	69304.9	-8276.45	-30022.7	32798.4	-25135.8	-32410.1	4911.99	18508.4	-10074.7	28608.9	31656.5	9295.33	-5604.8	4243.15	-39516.5	-16309.8	11210.8	-30688.1	8770.47	-7139.06	-19375.4	5047.7	2542.86	-12334.4	26881.2	53441	-8240.37	-10378.7	-10408.1	-50329.9	-2470.78	-26035.9	-58963.4	-38583.9	-269.154	45499.8	-708.346	16929.9	-29498.9	59176.6	7312.32	-21787.1	14263	7934.99	53466.1	30014.3	-14888.6	28172.2	13556.5	-25113.3	-36531.7	58388.8	4047.83	-6222.29	-56387.8	10412.6	4976.2	-10615.3	-6666.77	22027.3	-28674.9	28617.5	-23240.2	252.004	-18116.1	17841.2	20495.3	-12698.9	66410.5	-16587	10243.9	-3469	-10932.2	10279.5	-22790	6441.8
8000000.0001	-1977.62	8880.31	-15622.3	-25685.3	-26605.7	-5846.72	33334.3	-10854.3	-55884	38391.8	-7972.9	-56589.3	13074.7	7069.83	-18675.6	38252.7	38493.7	3776.82	-977.527	4506.39	32953.8	-12887.1	44196.2	20186.9	10612.4	8913.09	29279.8	-32594.4	13273.6	-3472.47	11287.6	472.315	-20568.7	27736.8	18122.8	-39764.2	-30830.6	49453.4	-23378.4	22629.2	-15960.7	-27217.1	-31233	23693.7	-30370.8	22849.6	11931.6	14927.6	-2665	-29647.4	36631.6	10559.4	-375.209	-66049.1	-14024.7	6880.3	-8725.13	64941.8	20536.3	-23364.9	21408.9	-16011.6	-26432.1	41050.9	-5751.77	43214.3	-1761.97	10768.8	38250.8	24553.3	15289.1	9786.34	-883.949	46736.9	-36792.8	26573	27599.4	-10564	2206.51	6902.63	-24552.8	-14202.9	-47583.2	-4307.03	35163.5	11362.3	10620.4	47413	16101.7	-81985	-11658.8	38830.5	27954.1	4295.1	25155.2	5671.16	11334.2	58499.6	57828.8	-9123.33
8000000.0001	42433.7	4602.15	17680.7	-29884.1	-2424.2	27543.7	7777.17	17654.1	-26950	-23954.4	344.273	-28393.2	-11699.8	46444.5	-8610.86	-8622.45	-12755.9	-11275.5	7851.99	-5441.48	21969.4	24443.1	24226	-10024.7	24349.3	-20646.2	26081.1	-19135.8	8881.88	-10419.8	16535.5	-38028.7	5128.73	3839.9	-43067.2	70231	-21644.4	18669.5	22135.1	-14896.3	-1927.21	25060.3	-8476.64	48864.4	12227.3	8287	5941.41	-5203.49	-44116.5	-36077.4	-17814.2	-54103.8	-37231.2	20172.4	40078	-8605.05	32332.2	8021.12	-495.418	17569.6	-12366.4	5167.71	-37366.8	50235.8	-16709.9	60798.6	21571.4	40469.3	-57787.1	-19717.1	-14722.5	-34849.6	-45591.3	-2619.83	14802	2306.2	22054.2	-9492.82	75019.8	-40093.4	36079.6	-10301.1	-54858.2	47715.5	28775.2	-42761.4	-12743	-29532.6	856.673	13740.2	3833.29	40676.2	15907.6	-37476.8	75506.5	-23294.9	-15031.4	6636.38	22290.6	-10328
8000000.0001	26619.4	-2020.26	17733	-3663.91	58984.2	-10912.4	6959.16	-17497.1	-40914.2	-31230.1	-14392.9	-25856.8	-17996.7	21639	-20766.2	-54072.2	-9833.03	1379.73	-52972	-26056	49958	-13167.7	-32115.1	-43408.1	-1348.69	-16546.3	-20942	-18368.4	-27952.2	-54660.3	-39200.4	7643.25	-12812	5515.61	38127.7	-7604.27	44062.8	-10086.9	14045.4	-29489.7	-13924.1	16240.7	-9411.4	22175.2	56536.5	-22000.2	-30485.2	-49412.3	33577.9	-42228.8	-13507.7	23315	-5418.52	22710.5	-24706.3	-27823.5	76.3941	547.362	-6274.72	-47633.9	12391.3	16827.3	30626.7	-18182.9	20976	47650	45009.6	-13790.7	-89.6748	49356.5	-21594.1	-12588.3	8324.55	-43818.2	19860.7	5897.29	23848.1	1570.15	-30316.7	-45546.9	626.085	-6453.41	-33861.6	-25394.6	54714.1	-21827.4	2010.88	-7150.1	-1958.09	67606.7	-21073.4	35562.6	9934.67	8679.51	-53984.5	-48118	13335.1	-4126.2	-12079.4	14198
8000000.0001	27333	-45756.1	-62774.8	-17272.9	44610.3	46320.1	21063.5	16853.3	13046	27830.4	29247.3	2935.03	-3516.79	-1990.85	35613.1	23172	12027	15599.4	26232.2	-50296.5	-7994.71	8023.3	-30857.7	3547.39	12874.3	-76370.2	12328.4	12337.6	-38579.9	9343.51	-17147.8	-36273.4	34371.5	-4145.62	-32433.4	-9715.58	32104	-16507.9	11633.2	58851.3	12570.6	15772.4	-26756.2	18204.1	-64319.9	-10702.6	-23861.4	10072.5	3162.09	-6189.62	-5296.78	24783.4	24450	-42316.8	55665.7	-13499.3	-30454.1	31463.3	-13696.1	12271.4	4231.16	-6612.67	40262	8525.74	-36439.9	33633.4	33213.8	-17722.6	-29861.1	-21684.8	9515.87	-13459.1	-25588.1	-33168.4	-36506.7	52774.3	-10001.8	-44831.3	-27533.4	-19361	29068.1	8640.68	-6529.3	16046.1	19009.5	8987.05	-38074.2	-6599.35	16329.9	24607.4	29610.1	-20799.8	31932	49178.5	-12402.6	15767.4	9889.78	-37916.3	-2749.5	-14248.8
8000000.0001	-49844.3	-26754.5	-56138.8	-19326.2	32963.7	65552.3	-7815.16	-18165.2	34113.4	36434.8	-51048.6	19980.3	9163.04	-22063.8	-143.623	-2789.53	55.2342	13414.1	-30256.9	-25109.4	-564.469	-22436.1	26220.4	-17988	33251.3	-58444	28664.2	-5052.21	11129.3	29430.6	12837.8	26893.7	-34534.9	-29996	-47808.1	-17777	-30404	-22047.6	-16309.3	-18340.9	-19741.9	8576.28	-16555.8	-24161.6	8101.43	-2242.8	-7376.64	39817.6	-46657.9	15.9699	39738	5352.65	29020.7	2023.69	-31640.8	7723.41	11271.9	-28458	7710.5	-9974.45	-31461.3	55664.5	8280.3	24275.7	32773.2	8759.87	-15254.3	-12007.6	53668.8	9039.67	-19782.1	43383.9	-4008.64	-38404.7	15009.5	3.06157	33860.3	-27184.3	-19281.1	-9541.59	-8746.86	-63924	30752.8	19552.8	69363.5	-4303.47	-4659.47	-504.887	-15158.5	3383.34	44920.1	14729.8	24999.2	12706.4	1146.02	-21949.8	29400.8	59.4249	11515.1	-21462.9
8000000.0001	270.803	-20573.1	28448	11247.9	-20067.8	-11483.1	-5905.42	8721.49	49862.9	23438.8	-55197.9	-6322.11	13033.3	1772.09	-14057.4	-48800.8	26717.7	-17936.8	-20946.7	-18985.3	-59684.3	41526.8	18032	-37296	-17402.7	23773.7	-2233.11	12682.4	13723.4	-5524.13	-19298.2	-14203.3	18172.7	-10111.5	3007.15	18312.4	-57911	39058.2	20660.4	13268.8	-8977.36	26361	69972.1	-16509.2	-5000.15	-11638.5	-15555.5	49162.8	-14265	-8718.44	-20381.7	1909.54	7151.19	20642.2	-31026.6	4608.37	3506.56	-31489.1	46702.4	10246.4	34954.8	3788.17	-25677.8	18699	-16658.3	55882.2	32683	11269	-3328.28	19668.1	-29661.9	-19013.6	27386.5	4502.68	-19935.6	-23605.9	-15741.3	31832.1	-15207.7	13229.9	49498.5	24986.2	38985.2	-37883.8	-50392.7	73593.6	20920.5	-18548.4	-28439	18578.9	-24229.4	-37996.6	-18731.1	-14446.3	-4994.63	17035.9	-24298.6	1461.67	41029.2	-32954
8000000.0001	-14419.4	-26803.4	-16485.6	-23176.5	10427.3	-2434.41	-14849.8	11483.9	17757	-48109.6	-6965.99	41189.7	17553.4	-4522.03	-18526.3	-19182.4	-8792	-8775.03	-40956.7	-12702	-50110.1	67934.7	-16135.9	-4519.21	14294.3	67963	9241.38	29558.8	-17994.4	-42104.5	-14649.7	-45739.7	21418.1	14032.2	-2635.39	-23630.9	-24848.1	-1828.91	-7614.84	27761.3	-7994.68	-1115	-4183.22	-15109.4	3691.4	14533	-934.95	-2397.42	28854.7	-32940.5	-50701	-25081.3	-11427.2	59055.9	-3356.67	64531.2	232.341	9345.86	6036.37	-16989.2	-38289.9	20530.3	62543	27637.2	28280	26962.7	-15058.6	-12641	-45024.2	36495.8	-696.505	11083.3	-32456.6	-29938.3	17049.5	27404.1	4237.25	-6147.55	30003.6	4509.74	-8424.79	-2683.06	41486.7	-46826.1	64430.8	-31269.8	-19274.5	21158.4	-9893.21	-18857.8	35923	-28596.5	45447.4	16104.9	-16232.1	47.4858	32458	54708.7	-4877.67	41124.8
8000000.0001	-3724.68	-28715.3	15559.6	-2385.92	29582	3368.94	29607.9	-25464.3	7671.84	-35283.2	-36069.1	-53727.2	2884.24	-7992.76	-6212.16	11154.4	-24257.7	-13556.7	49255.3	-2477.12	-28880.6	-9981.04	3085.15	-31539.1	-1983.75	44401.2	-14262.1	-25968.8	8092.37	-2265.81	19205.2	42531.1	-13658.2	1356.95	-15791.2	-43546.6	25214.3	-7557.41	-28060.1	26514.6	-16788	54990.1	44029.9	-14967.6	33224.1	-10335.8	-40348.2	-29373.7	2797.05	-39978	11282.2	-16623.1	-13161.7	-32781.8	-8940.62	-21130.1	22649.1	-1128.38	4942.78	-33769.9	-42202.9	-22605.3	1176.64	28236.1	4274.08	-20697.7	-13673	19602.6	-56160.1	-25751.8	-3186.51	-37646.2	7308.17	29511.4	11747.6	30392.1	57193.1	19224.3	-60496.1	-2271.67	-6275.23	35787.6	-44355.8	26806.6	-13638	36115.3	-13893	34611.1	-10997.3	10845.4	38040.1	-10660.6	-44969.7	14340.9	26614.3	17696.8	11185.8	32051.1	43047.4	6878.98
8000000.0001	-14431.5	1394.55	-24836.5	-59251.2	-36316.1	-30651.5	-16176.5	71096.7	-2774.69	59628.1	-6252.85	34804.5	37805.4	-33224.4	41243	43191.3	9008.65	39748	47731.9	-12203.6	-55999.7	10291.3	-6164.58	-11447.5	40017.4	22104.6	33010.1	-3354.51	632.813	22219.9	-25931.6	-30050.6	-21262.5	10725.8	-10159.1	1185.71	28113.7	6098.03	-20765	-9046.17	-72481	-2222.99	-17397.4	23294.7	61102.8	-31879.1	-69829.7	-20807.5	-26659.7	4513.12	23420.8	-16920.4	-1865.32	-29710.4	-40765.7	-16286.4	-28432.5	-23961.4	-24253.4	-994.464	2232.67	22642.1	13611.9	-7363.13	4814.98	-1213.08	99652.8	54821.7	2313.75	20006.2	-50177.7	1317.12	-25083.3	-2885.58	40200.5	-11131	14844.6	3143.07	-24765.8	5827.48	-42051.6	-47083	-15428.9	-37100.4	-2811.7	55426.9	-23760	-34541.9	6729.72	-20029.5	60387.6	14581.5	-61426.8	36526.5	30742.9	2715.74	9959.26	-35030.7	68367.1	-46339.9
8000000.0001	-19515.8	10668.7	-15720.5	-35396.3	5729.87	-10992	14699.1	548.249	-6631.63	-36154.1	-7081.54	-15208	22170.1	26978.8	-694.164	-12775.3	1890.78	23208.4	25150.8	15871.7	12148	19291.5	-22344.7	170.483	30967.6	-23507.7	-5080.03	5837.19	-23326.2	-21248.9	19079.1	-2147.04	-14982.5	65680.5	-68879.6	19119.8	-8818.03	-20004.4	-24551.7	51703.3	35142.2	21101	-47496.1	2697.61	26694.3	51355.5	21174.5	-2088.59	-20183.4	-12335.5	-23153.2	-3013.55	12303.2	23717.9	7666.68	-8805.08	24555	46156.5	36009.5	787.235	31372	-29404.2	36327.4	-14775	-18518.6	-26406.5	50697.8	-18284.8	-38824.1	-43068.1	-13624.2	-22042.2	39230.2	-33048.8	16654.1	-25695.5	-27790.3	22114	41271.5	-45483.9	9714.19	745.676	-23083	-40882.6	13464.3	24287.5	20189	40285.5	-3245.98	-47576.9	-104.094	2853.52	-40916.1	19396.7	-27921.3	3221.53	7933.63	-5486.84	15782.6	58473.9
8000000.0001	31753.2	900.886	31762.7	-7187.87	8881.79	2178.44	-22389.5	-2705.35	-3168.19	26555.6	-5250.42	18423.2	-13133.3	23571.7	43951.9	18815.4	5044.5	-29512.8	-27767.3	43735.3	18341.7	20314.6	-33712.3	8354.32	20805.4	48963.5	-52139	-40563.3	9994.83	5839.64	936.782	-2308.86	11856	-3209.64	8086.53	55263.4	-14244.4	13628.1	-18651.3	7765.87	37050.5	30873.4	-27688.4	-26601.1	-33337.6	-19026.9	-11417.7	4768.24	12763.9	-16167.1	-394.513	44027.9	364.47	10369.7	9983.17	-15497.6	-56518.4	-31031.6	13268.8	10774.3	23926.7	-28011.5	-49978.2	-873.388	-39811.4	-20311.5	-38294.9	-13812.6	3490.64	-52605.1	-41434.7	-2851.94	30544.5	-30372	-45384.9	-22817.8	22434.9	-2165.03	58840.5	8424.7	-41765.9	-50431.8	-14438.6	15281	-27485.8	-31662.1	34067	41500.5	-45913	10937.6	13681.5	-44035.7	34272.3	-6759.47	-23082.3	-28627.4	1083.68	6687.71	8740.59	39879.7
8000000.0001	-23705.4	35776.5	-1303.57	-61448.3	-9475.54	-3860.62	-24701.1	24467.9	22368.5	-3378.83	10642.3	-37903.2	-5467.2	4724.17	47701.4	-4075.63	19900.1	8271.18	63455.2	1106.26	-45099.9	-77127.2	-7018.08	-5768.33	7473.86	-12705.3	-32724.4	16468.9	10430.9	-19628.3	57210.1	39788.2	5104.13	-35401.2	45822	-2614.78	-21503.1	-16116.9	-20476.6	12839.4	29281.5	7181.6	3603.04	-5218.56	573.836	-33525.1	-31571.2	-10663.4	-24730	6467.73	-17833.8	7644.36	7716.29	-547.707	6349.58	-53506.5	45506.4	2185.68	21522.8	-397.682	-36664.1	36625.9	4582.49	-34276.9	-6766.37	31853.7	179.756	-9950.83	8413.13	33644.3	-14773.3	48739.9	-5593.05	19221.1	-8303.09	1281.84	-50983.5	-22816	-35970.7	-32505.6	25956.4	24007.2	-19556.7	5280.09	19095.4	7725.14	24487.5	9603.14	19417.8	57998.9	-254.122	-12095	-649.798	4675.12	12705	-19328.9	-28873	-3024.32	-13056.5	11540.8
8000000.0001	4573.99	-24657.2	35721.6	-3061.03	35373.1	60211.4	16694.2	26153.1	57518.9	-63178.5	36965.2	34340.8	-45543.3	-3193.08	11161.1	13401.9	-3714.13	-40918.8	-22468.9	33799.9	-23407.9	32724.2	-5678.44	-24539.6	-13527.8	-7404.8	-2363.93	-22895.2	8258.15	37048.2	-1991.18	19917.6	20291.6	-80058.4	-12537.6	6618	5117.08	-24309.7	19649.4	-42697	14550.6	27836.1	1208.88	-18863.2	-20137.6	-6845.29	-11072.8	3897.13	-23447	-1652.7	40952.5	1733.34	10177.5	-17458	-54758.6	11891.1	-33000.7	-12600.8	-20064	410.441	-1042.1	33187.3	33827.7	-10403.6	-19271.7	60085.7	-60687.1	60480.6	2984.45	-23083.3	609.328	-4848.89	-20856.9	18307.7	-12282.8	-8146.85	9327.36	22687.4	32799.8	4224.07	-7310.47	-72283.3	-38290.8	-18631.8	-34718.3	-18994.5	-31016.1	-3539.47	-46627.3	12677.7	-62228.8	12165.7	24054.4	-922.754	-13260	-65167.9	4129.39	22590.3	-3942.37	41130.8
8000000.0001	-31970.3	57483.3	39405.6	-15426.3	101.5	59247.9	21555.1	15624	23326.2	8149.82	-23962.3	29282.3	7681.9	-5059.44	-37494.7	-18523.7	5548.37	-52169.7	2401.52	55832.9	-8955.7	16387.7	9245.41	7728.12	17129.4	22220.5	21799.4	-14922.4	-14417.1	13723.1	30607.9	39427.5	2967.06	-1370.45	11784.8	38424.1	-30143.9	-3146.44	-29517.1	11962.5	-8068.02	-17176.5	32629.9	43024.7	20504.1	66370.8	3783.16	-31546.8	41759.7	-7914.8	-26166	-5806.28	-23254	24201.5	-16612.8	19901.7	8995.36	4114.43	-25505.7	-10009	-28898.3	72804.3	4640.16	-10146.9	36850.4	4862.06	-37874.6	-17396.1	-17739.2	-2538.38	34389.8	31186.5	-20482.1	20943.6	-48077.9	-69927.6	6292.76	26552.3	-15607.3	-61886	-34375.3	8278.51	-6716.85	41179.3	14591.9	-3814.84	15993.1	-286.446	2736.18	-1358.8	-549.452	-30007.2	34077.1	7595.02	23536.2	-23351.7	15929.2	27262.2	-23975.4	19093.5
8000000.0001	-85587.6	-20255.7	15070.2	39193	-43417.4	-15198.6	8217.89	32628.5	2287.26	10371.4	-17842.3	-14687.6	18173.3	31013.9	7623.99	15921.5	-4933.66	-14512.7	44121.1	-13224.7	-11741	15108.9	-11213.5	21435.1	-16462.8	915.894	27851.2	32346.2	-36547.7	5769.71	10946.1	40152.8	29833.6	15041.2	25354.7	-15080.1	-16202.2	13655.2	-3362.46	49301.7	25461.1	21328.8	30351	7587.18	-21108.5	-12526.3	38823.9	-5910.1	8472.98	10047.3	-25161.8	6468.05	36722.4	-55448.4	-2681.52	24928.6	-29737.8	-4096.08	-22507.6	-54108.1	-8666.78	-36579.6	5219.38	12561.5	-21805.1	-28410.1	-19365.9	-75264.7	679.055	6040.4	-22461.8	-33703.6	-55761.3	-9988.62	27679.9	3458.41	-15994	13161	-15765.5	18181.5	52224.8	6012.17	-8137.89	13196.2	29654.2	39007.6	7627.23	-28704.2	2144.67	-4985.23	6005.65	8462.19	-28834.9	-6565.62	-29098.3	36336.2	-30771.2	12145.5	18583.4	17218.6
8000000.0001	30440.4	42174.2	30732.7	-1918.66	15409.3	66933.3	-9149.75	14162.1	-26423.4	-11107.8	38800.4	34221.7	9235.14	-42832.2	3392.25	1301.32	-6450.71	15134.9	-18353.9	27782.9	-55757.7	-2239.19	27948.6	-13284.8	1067.78	23521.1	-14937.8	-10545.4	-9417.56	71892.6	-26746.1	-5513.13	-42284.2	-39769	16367.8	13195.3	45410.6	-12113.8	-16363.2	15694.1	-20159.1	-4724.15	-18204.1	-6846.17	5764.92	1362.22	-21877.3	-42197	24192.3	-8148.64	15859.9	-31277.1	-10620.5	-18507.9	49370.6	-19778.7	33523	-29136.1	12048.1	18666	48786.7	-550.844	6043.51	24688.5	26327.1	-61686.2	3958.41	-22598.7	35373.6	-24496.2	-8957.37	48805.4	46092.3	6804.66	-7747.06	-36569.1	-22612.8	26373.1	4064.16	66770.5	-33517.6	4240.39	-5541.22	-12157.5	-16369.1	29018	-4394.13	-53064	-20537.6	-12073.9	-28343.2	-6821.81	-44813.7	28483	-14343.7	8485.69	-46748.8	-2690.58	6626.13	-5379.39
8000000.0001	2630.77	27420.9	37124.7	-18320.7	14207.1	-19146.3	-2210.98	-17245.7	-12879.3	31514.1	-14179.5	-6040.19	-24324.5	-16516.4	30629.6	-26359.8	15730.3	12698.1	-21714	630.351	21799.8	35970.8	20628.4	56473.3	-5445.62	34504.5	-8725.84	41983.8	2979.7	13973.9	-37985.3	34060.1	-15455.6	-43681.8	69239.4	10892.2	-3659.54	19774.4	6271.97	6893.33	-53108.5	-35971.2	49279.1	-26684.1	18319.6	31328.1	32895.2	26561	47567.6	25445.2	14900.5	10557.3	-21931.6	-4381.02	-17495.8	4856.96	-3766.92	-19522.2	36401.7	-39013.9	-15070.9	40981.5	12507.8	20966.5	49411.2	-6089.11	-41580.7	6641.15	19338.8	-5901.68	25008.6	-15307.4	57271.4	18627	-4439.43	-45423.3	43377.8	-356.057	55753.5	-23672.3	-26669.5	-10884.4	-61518	-26930.2	-21804.6	13785.2	16619.4	29069	-6547.29	-3483.47	7414.63	25130.8	-14405.4	-24353	10533.9	4910.38	-2800.86	-32406.8	-13483.7	-28725.4
8000000.0001	4822.42	-19177.2	-49102.5	27946.1	32624.4	6056.75	7919.62	-15244.8	-36997.9	27315.7	-10413.7	10557.7	-19960.8	-860.284	7952.34	5171.9	10190.1	32688.4	6108.27	-17356.3	-82580.3	-32928.4	3406.98	1367.26	89661.2	38291.3	-25776.6	-7954.3	-8330.53	20880.2	5306.23	18836.5	43083.4	-19394.9	-34062	-11370.6	-9437.62	29377.6	-31162.6	16358.4	12578.2	-13366.4	-5263.71	-30488.7	-31754.4	-3450.55	-890.953	-18337.3	11618.1	-5380.83	-2698.39	16225.5	-26430.8	-14320.7	5460.46	49772.9	4539.8	-4660.03	-49122.9	7583.04	18910.6	28273.2	-2309.24	-7592.31	16223.6	-16522.8	13183.5	49511.4	11990.2	21908.3	-33979.3	-12105.6	-6204.79	-4607.82	64733.1	-23001.8	36060.6	-8273.58	38406.5	-11457.9	-1009	70185.6	33485.2	-17686.6	3297.9	354.593	-22346.7	32311.8	-24385.6	-9259.94	43313.3	-16011	54627.3	27711.8	-45349.6	73776.9	-17520.5	-1069.57	-5997.96	-43379.2
8000000.0001	6283.18	39459.1	-14366	37335.7	19392.8	15295.2	-10851.2	-12264.2	53970	11962.8	-441.563	2627.78	12606.8	18792.1	28615.8	44051.2	43107.3	-18873.3	24440	-38973.5	-20977.4	20858.7	-17882.3	-10192	-3304.23	-24310.4	-27778.6	-60460.4	-28146.2	3317.58	-13183.2	34322.2	44459.6	-17751.3	-18549.8	60412.1	27405.2	16797.6	3188.89	6312.64	-18134	24340.9	27962	-6549.19	-6989.48	-87.5403	21333.7	-59284.4	27106.3	13691.4	-27228.4	-1912.04	2697.77	3131.14	-5637.61	-40264.4	-36253.4	7325.41	-20363.7	-50305.1	9120.72	-18774.6	21599.7	-34838.1	-952.307	-14262.1	33076.3	-19512.8	-32264.2	-1716.01	19665.2	604.308	2347.53	-8769.84	8300.58	-55580.8	22271.9	-3797.87	33179.1	-25293.5	-11106.7	-13485.3	-10624.2	19529.4	-4927.24	-7161.95	40216.5	56399.7	-12096.7	-15146.3	-46161.8	-4748.05	39702.1	-1700.45	1943.78	42397.3	-11098.4	9012.15	-36953.1	-9390.14
