2000	0	143.963	-295.117
2000	1	-112.06	179.635
2000	2	-409.52	153.632
2000	3	-98.1365	-57.8168
2000	4	12.8545	-113.486
2000	5	172.906	-181.957
2000	6	98.5604	106.045
2000	7	214.992	-6.38706
2000	8	-202.468	-12.2829
2000	9	-135.571	291.932
2000	10	-276.772	410.357
2000	11	-93.9092	35.7272
2000	12	41.5521	-70.3441
2000	13	-110.948	-19.747
2000	14	67.3301	303.975
2000	15	-30.6212	-296.346
2000	16	211.732	116.939
2000	17	-130.685	-540.546
2000	18	126.33	-158.113
2000	19	58.6219	-393.89
2000	20	-57.4792	-402.212
2000	21	159.049	65.7328
2000	22	-79.3231	216.924
2000	23	141.413	-232.993
2000	24	-60.0399	-525.825
2000	25	19.3093	-151.261
2000	26	36.7415	127.698
2000	27	348.629	278.28
2000	28	25.3773	368.895
2000	29	-88.4015	228.296
2000	30	370.342	3.12819
2000	31	-224.67	-554.801
2000	32	-52.0031	-276.582
2000	33	-246.013	292.725
2000	34	-89.404	46.8084
2000	35	12.8881	282.672
2000	36	-153.851	170.719
2000	37	225.644	33.8873
2000	38	-208.399	124.351
2000	39	232.199	-751.754
2000	40	-185.811	397.367
2000	41	-1.3365	-72.2181
2000	42	141.401	-471.786
2000	43	25.8839	-47.6254
2000	44	-118.468	131.377
2000	45	38.7438	576.986
2000	46	-105.131	404.095
2000	47	-152.366	416.732
2000	48	-434.017	-354.433
2000	49	-1.3949	226.654
2000	50	39.7176	367.708
2000	51	-111.473	-260.957
2000	52	31.7286	92.3613
2000	53	153.01	139.009
2000	54	-125.186	-34.1999
2000	55	-81.8606	-89.4388
2000	56	-31.4068	135.056
2000	57	-70.0671	-159.894
2000	58	-38.6452	-421.191
2000	59	-68.2832	278.528
2000	60	-240.352	-46.5231
2000	61	12.9445	256.754
2000	62	38.9343	88.3721
2000	63	127.29	-418.922
2000	64	-43.8839	138.712
2000	65	-226.188	-138.243
2000	66	20.9855	-104.994
2000	67	154.125	-337.412
2000	68	92.75	-118.811
2000	69	-37.7815	-102.215
2000	70	-172.379	882.233
2000	71	-509.691	-96.2485
2000	72	209.729	669.59
2000	73	172.945	-109.725
2000	74	-211.661	-214.832
2000	75	-239.337	505.127
2000	76	134.19	-429.385
2000	77	49.6299	38.6299
2000	78	169.193	19.0661
2000	79	3.5775	-467.794
2000	80	-96.4656	-145.556
2000	81	380.84	-214.348
2000	82	-24.021	-53.0407
2000	83	234.859	-29.9213
2000	84	394.108	-152.005
2000	85	104.073	-159.774
2000	86	-48.6009	2.56624
2000	87	-289.583	154.324
2000	88	121.616	277.81
2000	89	229.627	-338.753
2000	90	264.437	77.0721
2000	91	-350.889	49.6514
2000	92	-215.765	52.0766
2000	93	-178.363	189.894
2000	94	-146.206	-47.5699
2000	95	-160.704	-104.871
2000	96	-74.7118	-462.762
2000	97	-74.179	468.589
2000	98	47.4546	392.047
2000	99	-72.9456	123.61
2000	100	5.90858	-138.761
2000	101	-21.9999	504.069
2000	102	39.7502	-451.953
2000	103	-115.146	-180.599
2000	104	42.4867	133.65
2000	105	82.7142	728.802
2000	106	-274.461	58.5523
2000	107	111.52	-1.30749
2000	108	-245.01	135.211
2000	109	145.32	52.1226
2000	110	-8.64783	513.848
2000	111	-113.546	-868.955
2000	112	56.2223	642.764
2000	113	211.473	289.106
2000	114	-201.299	192.214
2000	115	-154.421	160.466
2000	116	19.6333	29.8389
2000	117	-113.266	21.4321
2000	118	-684.067	-344.646
2000	119	-36.883	281.426
2000	120	-327.774	305.05
2000	121	-187.859	382.049
2000	122	-194.447	-412.406
2000	123	286.796	-135.475
2000	124	-206.189	236.618
2000	125	154.268	208.128
2000	126	-364.025	17.0171
2000	127	68.2401	187.178
2000	128	121.306	441.8
2000	129	154.42	-176.877
2000	130	97.2089	420.566
2000	131	-40.9421	-20.8223
2000	132	141.507	145.54
2000	133	-48.134	84.9044
2000	134	-382.128	-42.6488
2000	135	-79.7839	332.518
2000	136	-370.922	-162.595
2000	137	-174.604	-160.619
2000	138	-18.9448	396.762
2000	139	-149.198	444.869
2000	140	-127.141	-380.777
2000	141	-84.4123	129.796
2000	142	74.6954	-494.911
2000	143	-68.7178	-362.921
2000	144	1.34404	554.416
2000	145	-61.2192	137.488
2000	146	114.462	263.818
2000	147	161.842	348.567
2000	148	-196.946	185.646
2000	149	-230.457	-250.621
2000	150	106.355	274.074
2000	151	-118.023	202.592
2000	152	114.749	167.669
2000	153	-204.536	674.115
2000	154	-68.6591	214.025
2000	155	133.203	-7.76451
2000	156	-155.139	-886.459
2000	157	116.368	-394.905
2000	158	191.921	152.845
2000	159	62.6221	136.156
2000	160	-325.967	-301.352
2000	161	-69.3005	-569.496
2000	162	-45.9283	-264.897
2000	163	118.79	3.23837
2000	164	86.3089	-534.868
2000	165	-16.0063	-448.546
2000	166	-63.73	311.869
2000	167	227.659	-366.95
2000	168	-79.8507	-93.3888
2000	169	129.651	420.48
2000	170	182.367	337.355
2000	171	-18.1938	134.741
2000	172	-253.84	-224.805
2000	173	84.3356	-40.5611
2000	174	-237.158	-218.11
2000	175	134.43	482.284
2000	176	175.007	-189.386
2000	177	217.401	-59.9314
2000	178	40.5088	391.66
2000	179	65.2874	-84.7566
2000	180	-116.587	642.953
2000	181	-226.792	-22.6714
2000	182	-100.579	-114.891
2000	183	230.325	782.096
2000	184	-135.296	-168.299
2000	185	194.849	351.271
2000	186	127.841	-227.042
2000	187	-211.176	-321.956
2000	188	187.956	97.5081
2000	189	57.3301	-191.598
2000	190	-13.7277	-82.6388
2000	191	4.97675	498.298
2000	192	203.235	-96.1551
2000	193	50.7767	176.7
2000	194	107.158	49.4471
2000	195	37.246	-669.391
2000	196	164.395	235.304
2000	197	-76.1272	-135.869
2000	198	-134.228	-160.429
2000	199	-52.885	-224.136
2000	200	101.77	-119.311
2000	201	127.499	76.4301
2000	202	208.421	300.089
2000	203	-62.8667	-735.949
2000	204	223.943	-646.19
2000	205	12.1225	-22.5361
2000	206	178.664	-494.89
2000	207	194.38	95.3759
2000	208	-58.5376	287.176
2000	209	-63.3638	272.237
2000	210	-98.5833	-360.814
2000	211	-78.3427	-34.5969
2000	212	-160.343	-655.475
2000	213	-236.271	41.3827
2000	214	214.585	45.7035
2000	215	-339.375	118.3
2000	216	157.721	-462.374
2000	217	-215.184	-76.1978
2000	218	226.01	-241.722
2000	219	-15.9553	-82.4219
2000	220	-295.757	-265.867
2000	221	-47.6691	-346.454
2000	222	15.6522	4.36561
2000	223	-243.457	-156.914
2000	224	63.615	-607.764
2000	225	115.708	-322.415
2000	226	-181.998	309.709
2000	227	-75.6183	-116.378
2000	228	7.57325	-191.569
2000	229	-180.882	577.849
2000	230	-322.168	-145.615
2000	231	-201.74	380.684
2000	232	-69.8732	319.464
2000	233	-72.919	219.292
2000	234	-341.553	-70.5012
2000	235	-145.381	77.9191
2000	236	205.206	-702.275
2000	237	-19.4877	156.339
2000	238	-25.503	-576.758
2000	239	73.5919	276.364
2000	240	-213.98	255.763
2000	241	199.362	-51.6282
2000	242	142.847	-346.891
2000	243	85.3852	53.9239
2000	244	26.3139	75.7593
2000	245	-151.252	249.612
2000	246	143.637	347.204
2000	247	-141.894	700.288
2000	248	18.0081	60.756
2000	249	-78.8066	-20.2056
2000	250	-212.711	-38.8566
2000	251	164.401	145.143
2000	252	-223.085	-515.032
2000	253	-247.238	67.2893
2000	254	-40.8308	-98.1007
2000	255	-54.1664	249.85
2000	256	72.2945	408.804
2000	257	144.149	255.926
2000	258	80.967	191.495
2000	259	23.3945	168.228
2000	260	-204.58	276.183
2000	261	-362.37	390.5
2000	262	83.7587	-136.443
2000	263	-290.299	248.786
2000	264	143.865	696.992
2000	265	56.9887	63.1444
2000	266	83.1026	-53.9128
2000	267	-326.849	129.022
2000	268	-8.40951	-191.118
2000	269	-323.908	-379.107
2000	270	96.7921	-348.651
2000	271	133.334	-56.4826
2000	272	127.299	-472.13
2000	273	-309.517	-77.6998
2000	274	50.6248	-508.17
2000	275	-79.3278	829.352
2000	276	-197.071	-196.321
2000	277	232.168	-703.893
2000	278	388.26	231.348
2000	279	184.502	-88.3547
2000	280	-68.4686	-9.53021
2000	281	162.278	265.721
2000	282	-350.765	-208.181
2000	283	138.558	-385.527
2000	284	-64.5311	3.5795
2000	285	144.795	-415.824
2000	286	0.831509	-32.5359
2000	287	-37.6245	242.846
2000	288	-79.8988	-0.753217
2000	289	-278.117	247.824
2000	290	-128.048	-491.067
2000	291	194.517	514.717
2000	292	38.1053	239.996
2000	293	294.202	-73.4373
2000	294	67.5813	-541.236
2000	295	-119.449	-59.9893
2000	296	-121.396	325.553
2000	297	-40.4124	587.884
2000	298	-76.1457	147.196
2000	299	-49.1147	-394.344
2000	300	-112.518	-295.143
2000	301	164.206	214.798
2000	302	35.3692	-209.434
2000	303	30.1622	7.53493
2000	304	-211.984	510.234
2000	305	-41.5195	-20.251
2000	306	138.469	-272.813
2000	307	-79.9441	-526.497
2000	308	75.4163	5.65814
2000	309	-41.7127	-128.957
2000	310	73.2458	17.5295
2000	311	119.698	-378.306
2000	312	49.234	-123.097
2000	313	-428.81	139.693
2000	314	-84.4399	291.278
2000	315	169.676	-543.783
2000	316	-279.367	253.663
2000	317	-95.497	279.148
2000	318	-151.295	-573.152
2000	319	63.2146	43.1479
2000	320	-10.1821	-329.71
2000	321	-87.4525	80.9975
2000	322	-99.6536	-389.717
2000	323	-3.66002	343.194
2000	324	90.0566	-103.239
2000	325	-395.254	-90.2481
2000	326	348.19	505.525
2000	327	-214.769	-159.714
2000	328	97.2642	313.732
2000	329	-310.225	-406.062
2000	330	127.265	-516.215
2000	331	133.772	-608.049
2000	332	48.9039	-927.279
2000	333	-57.309	-298.638
2000	334	82.5546	112.061
2000	335	-41.5722	531.848
2000	336	209.896	248.744
2000	337	63.2842	-574.873
2000	338	-32.0838	21.459
2000	339	-164.514	-391.765
2000	340	203.297	318.142
2000	341	79.7222	-4.0866
2000	342	-75.5536	4.92952
2000	343	-228.294	-185.541
2000	344	-239.492	604.872
2000	345	75.5256	-128.819
2000	346	-181.312	218.374
2000	347	294.272	7.18783
2000	348	-63.1861	-239.658
2000	349	-54.3986	73.0496
2000	350	-41.9128	374.77
2000	351	-23.8369	344.326
2000	352	-66.5194	-192.148
2000	353	-261.186	-157.962
2000	354	-21.1294	211.589
2000	355	-9.6782	-136.788
2000	356	68.5999	47.5726
2000	357	-226.269	210.456
2000	358	130.09	5.11906
2000	359	-63.8433	13.8621
2000	360	-51.0419	514.662
2000	361	-46.6459	162.362
2000	362	190.473	379.59
2000	363	-28.1061	641.151
2000	364	86.441	-608.92
2000	365	221.489	343.801
2000	366	0.856216	-208.903
2000	367	-66.3731	-23.027
2000	368	-77.6718	-202.529
2000	369	-58.6084	-15.8173
2000	370	93.9581	-561.565
2000	371	107.684	232.682
2000	372	104.234	661.52
2000	373	-3.63534	342.326
2000	374	72.1597	65.5999
2000	375	289.129	-447.129
2000	376	-15.307	381.723
2000	377	-101.033	-153.979
2000	378	20.2385	185.111
2000	379	279.8	-523.759
2000	380	56.7589	398.804
2000	381	-290.013	-784.73
2000	382	0.445176	-442.412
2000	383	-123.692	170.065
2000	384	159.937	489.517
2000	385	-105.554	-383.558
2000	386	-71.2025	236.011
2000	387	256.756	292.482
2000	388	-428.635	258.48
2000	389	16.7476	-323.708
2000	390	-18.3177	-190.601
2000	391	11.4625	513.499
2000	392	-181.669	44.8932
2000	393	173.361	-181.515
2000	394	-12.5573	173.84
2000	395	-86.8479	360.429
2000	396	-255.365	-284.018
2000	397	-30.2857	94.3893
2000	398	17.9264	377.468
2000	399	325.586	-119.542
2000	400	-178.661	-172.661
2000	401	514.024	121.344
2000	402	361.028	39.4601
2000	403	-77.1268	37.9105
2000	404	42.9094	512.566
2000	405	34.4277	211.744
2000	406	-287.115	-51.2637
2000	407	-282.423	-389.955
2000	408	-153.126	265.533
2000	409	109.029	141.279
2000	410	209.367	-348.449
2000	411	-21.0849	296.838
2000	412	84.619	-27.1455
2000	413	84.7056	268.487
2000	414	-109.134	-675.594
2000	415	-36.212	-116.663
2000	416	185.294	-395.309
2000	417	-87.9705	434.991
2000	418	15.9482	358.483
2000	419	105.79	-188.075
2000	420	77.6189	38.9871
2000	421	-13.6101	491.238
2000	422	38.141	-175.248
2000	423	87.5975	557.115
2000	424	21.1367	353.177
2000	425	169.629	34.992
2000	426	147.133	524.098
2000	427	220.593	148.915
2000	428	-92.5722	-575.353
2000	429	4.95619	343.127
2000	430	-226.595	-337.515
2000	431	53.0786	84.9033
2000	432	62.7114	291.096
2000	433	75.464	898.302
2000	434	93.3996	193.198
2000	435	-87.9253	-21.5186
2000	436	-232.366	-257.344
2000	437	42.1125	553.513
2000	438	-186.806	159.55
2000	439	-5.47054	-279.789
2000	440	-235.417	341.744
2000	441	269.444	-457.042
2000	442	-105.479	-146.392
2000	443	-214.165	-166.628
2000	444	-38.1496	720.396
2000	445	-188.044	-177.843
2000	446	-242.416	136.973
2000	447	17.3994	-370.339
2000	448	-97.868	-11.8541
2000	449	-157.751	-148.591
2000	450	-85.5902	-153.896
2000	451	-359.342	202.766
2000	452	-325.637	-421.575
2000	453	40.1658	-287.452
2000	454	395.22	358.128
2000	455	-100.873	-829.028
2000	456	198.492	189.434
2000	457	-30.9916	78.0166
2000	458	-80.8851	101.843
2000	459	-7.49569	14.5088
2000	460	23.867	144.47
2000	461	178.812	235.873
2000	462	-311.172	-285.804
2000	463	-268.01	270.192
2000	464	264.029	49.3357
2000	465	16.3632	-120.345
2000	466	-381.07	157.102
2000	467	-221.476	619.378
2000	468	14.7742	-69.315
2000	469	-20.2143	-419.508
2000	470	11.9991	-268.301
2000	471	139.65	-154.15
2000	472	-406.642	364.109
2000	473	57.5817	23.1231
2000	474	89.5499	205.462
2000	475	-111.294	-352.864
2000	476	-277.339	377.194
2000	477	27.7098	-36.6551
2000	478	226.073	50.4296
2000	479	163.85	-11.1915
2000	480	-49.4153	317.534
2000	481	-167.68	-114.681
2000	482	90.9029	-655.105
2000	483	7.1946	182.151
2000	484	170.769	736.249
2000	485	198.556	-60.3097
2000	486	-256.924	-89.4848
2000	487	-90.1437	431.945
2000	488	-143.206	-104.978
2000	489	-160.732	-50.6497
2000	490	-35.4082	-35.5329
2000	491	225.051	521.114
2000	492	217.455	23.8798
2000	493	116.004	67.9674
2000	494	-174.52	171.109
2000	495	201.228	348.673
2000	496	-250.348	-283.756
2000	497	-131.682	311.825
2000	498	-41.1252	671.84
2000	499	-67.59	122.347
4000	0	280.374	-16.9636
4000	1	-36.2368	443.284
4000	2	-440.349	107.115
4000	3	-190.284	172.816
4000	4	295.991	-144.721
4000	5	214.256	371.605
4000	6	35.5319	757.455
4000	7	-147.857	-342.985
4000	8	-235.393	-581.343
4000	9	-53.4582	200.152
4000	10	-68.9738	0.232802
4000	11	-2.03608	-337.188
4000	12	0.587406	-194.152
4000	13	-306.372	-570.871
4000	14	-195.135	180.438
4000	15	68.3415	-83.2934
4000	16	394.175	224.782
4000	17	-584.743	-10.1667
4000	18	-34.6253	83.9931
4000	19	-47.4049	-399.574
4000	20	267.683	65.1305
4000	21	79.9602	-288.913
4000	22	2.12602	144.913
4000	23	119.51	-365.65
4000	24	-128.904	-860.301
4000	25	-121.569	209.017
4000	26	-163.242	-407.934
4000	27	268.52	678.865
4000	28	7.53272	1090.33
4000	29	-130.198	16.0235
4000	30	250.976	140.783
4000	31	-162.51	-480.7
4000	32	-231.191	-468.679
4000	33	-487.22	343.42
4000	34	11.1003	192.716
4000	35	151.041	63.5934
4000	36	146.782	201.646
4000	37	445.629	-99.2071
4000	38	-66.5591	230.328
4000	39	233.763	-1063.18
4000	40	-463.042	516.273
4000	41	248.689	-283.242
4000	42	64.3382	-285.442
4000	43	-72.2867	-215.307
4000	44	-199.669	-343.68
4000	45	425.142	641.268
4000	46	-81.484	817.775
4000	47	-222.129	201.504
4000	48	-451.189	-22.9945
4000	49	75.2867	-68.4337
4000	50	162.433	694.26
4000	51	150.678	-420.9
4000	52	-169.604	672.218
4000	53	274.396	150.921
4000	54	38.4427	99.1216
4000	55	-121.503	-240.858
4000	56	171.481	71.3237
4000	57	-107.79	-454.08
4000	58	-278.771	-466.816
4000	59	253.61	14.3082
4000	60	-103.382	-418.932
4000	61	-49.0189	264.413
4000	62	-82.9234	422.222
4000	63	-53.1096	-277.77
4000	64	-111.667	543.444
4000	65	-126.597	-775.554
4000	66	63.3811	-98.4739
4000	67	-105.679	-255.616
4000	68	292.713	40.1921
4000	69	-269.314	-357.654
4000	70	-25.0059	1267.04
4000	71	-556.666	145.18
4000	72	285.364	706.725
4000	73	334.494	-659.283
4000	74	-82.1155	-5.20333
4000	75	-199.144	466.529
4000	76	129.714	-448.956
4000	77	-50.5356	296.313
4000	78	448.261	188.499
4000	79	161.758	-49.1207
4000	80	-78.2017	213.343
4000	81	465.958	-20.9047
4000	82	-140.105	-61.1042
4000	83	408.795	-15.249
4000	84	455.436	112.968
4000	85	342.908	347.762
4000	86	-30.3382	46.988
4000	87	-228.046	552.178
4000	88	205.308	412.743
4000	89	-29.2196	-432.104
4000	90	13.08	-384.365
4000	91	-214.283	67.9946
4000	92	43.6817	-198.185
4000	93	-429.329	-284.469
4000	94	-28.7804	-52.5783
4000	95	-337.448	-193.632
4000	96	26.0731	-420.491
4000	97	-452.365	599.079
4000	98	134.373	858.967
4000	99	26.0211	187.179
4000	100	123.12	-226.585
4000	101	-26.0779	-17.6841
4000	102	299.286	-60.1226
4000	103	-277.475	-477.909
4000	104	-97.1197	353.808
4000	105	-0.215863	612.561
4000	106	-178.893	93.8532
4000	107	-157.698	496.982
4000	108	-365.486	380.522
4000	109	263.642	140.031
4000	110	-66.6089	96.4159
4000	111	4.03343	-711.066
4000	112	71.6772	381.444
4000	113	411.887	213.51
4000	114	-161.085	384.656
4000	115	-56.4684	-72.6298
4000	116	83.5141	-94.1847
4000	117	-221.98	71.5057
4000	118	-836.744	-385.513
4000	119	-327.187	584.647
4000	120	-613.271	562.641
4000	121	-520.43	362.119
4000	122	-234.4	-181.45
4000	123	490.459	137.602
4000	124	-391.68	96.8144
4000	125	-284.38	171.54
4000	126	-596.354	-431.799
4000	127	-131.863	23.195
4000	128	328.016	650.228
4000	129	73.7117	-39.5604
4000	130	238.165	230.252
4000	131	342.574	163.941
4000	132	119.904	356.02
4000	133	-126.814	228.211
4000	134	-143.644	-255.778
4000	135	-136.562	541.699
4000	136	-589.656	259.206
4000	137	-292.344	26.4565
4000	138	-100.72	598.255
4000	139	-117.796	856.974
4000	140	114.175	-160.574
4000	141	-107.709	155.473
4000	142	213.952	-384.485
4000	143	249.548	-405.03
4000	144	-138.134	573.483
4000	145	-138.444	171.071
4000	146	213.847	205.165
4000	147	166.24	293.873
4000	148	-138.999	274.779
4000	149	-446.416	-228.913
4000	150	45.5425	311.376
4000	151	-514.566	-225.686
4000	152	-165.616	501.945
4000	153	-123.449	359.71
4000	154	-52.3483	-53.0416
4000	155	252.941	117.939
4000	156	-93.9635	-672.859
4000	157	-25.0722	-353.847
4000	158	411.656	319.847
4000	159	65.0798	24.4555
4000	160	-446.293	-220.481
4000	161	-79.9661	-1074.89
4000	162	-1.21406	-829.943
4000	163	-346.191	61.7935
4000	164	-214.144	-857.84
4000	165	64.7238	-890.315
4000	166	-606.827	-269.089
4000	167	-12.5789	-833.728
4000	168	219.674	-25.977
4000	169	251.64	156.695
4000	170	160.977	505.388
4000	171	222.757	-446.215
4000	172	-422.054	-365.751
4000	173	-157.66	-586.025
4000	174	-330.479	58.1893
4000	175	269.834	671.428
4000	176	228.483	-368.75
4000	177	-164.771	-135.913
4000	178	-261.203	-133.618
4000	179	22.7993	-73.1306
4000	180	7.38208	1439.86
4000	181	-127.065	114.851
4000	182	-123.949	298.559
4000	183	-51.8024	912.605
4000	184	-237.922	-339.733
4000	185	375.528	336.719
4000	186	238.298	-627.089
4000	187	-369.019	-343.185
4000	188	517.561	-311.899
4000	189	95.0461	-213.085
4000	190	-131.298	-562.644
4000	191	146.341	1077.67
4000	192	101.542	-48.6411
4000	193	229.7	-369.224
4000	194	-234.223	23.8248
4000	195	-2.55972	-695.232
4000	196	-39.5933	431.26
4000	197	-259.913	-115.488
4000	198	117.326	-292.899
4000	199	-129.262	-289.262
4000	200	-114.046	-708.919
4000	201	-113.773	-104.627
4000	202	-173.007	-466.95
4000	203	-39.6764	-307.392
4000	204	86.4765	-135.335
4000	205	-67.3342	177.979
4000	206	219.027	111.087
4000	207	130.691	234.694
4000	208	-339.053	326.797
4000	209	-170.088	-220.198
4000	210	81.89	-265.439
4000	211	16.5524	34.9796
4000	212	26.4121	-610.44
4000	213	-35.9766	-446.855
4000	214	258.334	-260.473
4000	215	-321.267	261.01
4000	216	-37.4263	-468.464
4000	217	-23.6246	412.6
4000	218	166.461	610.878
4000	219	-279.478	-207.354
4000	220	-534.923	-411.558
4000	221	193.535	-343.296
4000	222	236.154	-426.105
4000	223	-325.281	-344.777
4000	224	59.327	-518.733
4000	225	294.951	-163.461
4000	226	6.7177	211.663
4000	227	43.3065	-39.7485
4000	228	-77.0432	-266.867
4000	229	-265.031	610.209
4000	230	-219.794	-260.743
4000	231	-318.323	307.4
4000	232	-164.096	322.419
4000	233	-33.4869	356.628
4000	234	-306.038	398.136
4000	235	52.5176	127.86
4000	236	490.919	-684.342
4000	237	100.007	-398.958
4000	238	-147.407	-562.455
4000	239	-72.6465	73.0002
4000	240	-416.474	76.3678
4000	241	179.776	305.622
4000	242	160.632	-387.029
4000	243	418.418	295.199
4000	244	207.422	-216.151
4000	245	67.7589	288.405
4000	246	126.413	571.536
4000	247	18.6937	937.328
4000	248	117.7	-202.327
4000	249	-60.3062	-346.064
4000	250	168.029	-320.019
4000	251	382.922	202.785
4000	252	-333.086	-801.234
4000	253	-549.113	-8.20993
4000	254	-279.081	-333.75
4000	255	-58.2104	153.883
4000	256	-235.255	374.914
4000	257	76.4171	-337.297
4000	258	-61.4055	243.045
4000	259	130.821	-83.2325
4000	260	116.775	450.786
4000	261	-405.055	119.974
4000	262	80.7684	-228.589
4000	263	-388.586	264.127
4000	264	320.341	726.015
4000	265	116.944	-286.667
4000	266	323.22	-439.851
4000	267	-400.439	-88.7004
4000	268	-170.355	-166.37
4000	269	-317.858	-179.285
4000	270	-2.73134	-456.744
4000	271	263.311	141.196
4000	272	9.55054	-133.32
4000	273	-144.864	25.7551
4000	274	105.784	-139.944
4000	275	-257.133	1297.24
4000	276	-59.7315	-1113.68
4000	277	270.843	-1309.15
4000	278	506.791	28.2385
4000	279	309.696	-449.118
4000	280	-91.0477	-32.7856
4000	281	120.955	-146.075
4000	282	-111.501	-740.399
4000	283	239.819	-264.835
4000	284	36.7325	-126.785
4000	285	85.2024	-316.404
4000	286	-362.206	-233.768
4000	287	-274.873	164.501
4000	288	-257.636	-754.407
4000	289	-117.889	862.46
4000	290	-267.661	-760.365
4000	291	255.748	1194.17
4000	292	177.129	672.256
4000	293	315.347	269.26
4000	294	30.0772	-310.602
4000	295	-358.027	-313.936
4000	296	11.927	469.261
4000	297	58.5762	623.577
4000	298	83.3628	727.268
4000	299	187.075	-152.197
4000	300	-350.994	-295.446
4000	301	-15.7122	530.581
4000	302	116.136	-83.2226
4000	303	175.966	-388.829
4000	304	-311.785	848.659
4000	305	35.282	240.925
4000	306	207.866	-401.467
4000	307	-58.827	-474.595
4000	308	-137.871	67.049
4000	309	-34.3905	-362.202
4000	310	-242.021	-38.891
4000	311	254.929	-513.309
4000	312	-92.0893	203.156
4000	313	-408.287	362.518
4000	314	-103.322	507.049
4000	315	411.867	-346.653
4000	316	-147.458	497.402
4000	317	21.9801	208.085
4000	318	-71.5643	-616.15
4000	319	5.83248	431.599
4000	320	-85.7033	-754.811
4000	321	251.08	-13.688
4000	322	34.7106	-540.845
4000	323	17.5606	489.623
4000	324	-29.2456	95.9986
4000	325	-314.718	-507.279
4000	326	-128.83	710.29
4000	327	-343.409	-196.764
4000	328	226.682	172.468
4000	329	-101.157	-915.789
4000	330	216.969	-310.016
4000	331	292.269	-462.253
4000	332	10.0577	-985.294
4000	333	219.981	-505.611
4000	334	-82.692	205.039
4000	335	21.4654	726.474
4000	336	-47.8026	-281.495
4000	337	285.269	-357.029
4000	338	-74.2439	219.525
4000	339	94.957	-536.337
4000	340	-4.73775	-163.363
4000	341	178.124	-227.828
4000	342	4.82444	600.266
4000	343	-44.6715	150.021
4000	344	-81.7689	352.309
4000	345	37.2554	124.097
4000	346	-19.0853	535.563
4000	347	354.045	396.518
4000	348	-80.8006	629.706
4000	349	-230.842	13.2467
4000	350	-183.584	47.7479
4000	351	-39.756	689.957
4000	352	-5.77541	114.545
4000	353	-263.615	176.073
4000	354	86.5435	129.089
4000	355	-171.221	-413.27
4000	356	188.762	227.935
4000	357	-181.871	768.674
4000	358	54.7819	-92.2745
4000	359	-91.9938	525.208
4000	360	-196.729	291.29
4000	361	128.191	-17.2699
4000	362	209.671	-16.3924
4000	363	354.643	902.461
4000	364	327.57	-1033.07
4000	365	379.806	552.458
4000	366	-36.8526	-6.34317
4000	367	-359.431	318.227
4000	368	60.679	-327.92
4000	369	-161.746	289.259
4000	370	76.3444	44.5315
4000	371	-8.95419	-301.049
4000	372	340.115	1462.04
4000	373	55.9746	4.00442
4000	374	-2.572	297.067
4000	375	323.625	-709.13
4000	376	-134.818	543.146
4000	377	-224.666	-827.142
4000	378	113.153	50.3099
4000	379	142.656	-247.631
4000	380	276.297	365.33
4000	381	-608.89	-864.727
4000	382	-16.4303	-741.536
4000	383	-243.35	57.9168
4000	384	321.411	279.085
4000	385	-146.915	-647.039
4000	386	-70.5783	389.765
4000	387	128.559	465.578
4000	388	-427.087	73.2537
4000	389	-187.077	-677.748
4000	390	-18.6243	-70.3797
4000	391	-106.847	349.13
4000	392	-244.728	140.7
4000	393	-131.238	134.787
4000	394	26.4202	39.8152
4000	395	-228.038	494.971
4000	396	-535.248	-782.897
4000	397	-154.201	-22.6217
4000	398	-125.141	279.988
4000	399	71.2984	-47.3131
4000	400	-145.295	-192.558
4000	401	679.559	440.253
4000	402	440.78	375.642
4000	403	-3.46687	-39.1985
4000	404	-201.724	479.774
4000	405	-233.248	-101.597
4000	406	-128.555	-358.899
4000	407	-231.129	-459.096
4000	408	-130.321	562.802
4000	409	68.4548	-5.09511
4000	410	90.3229	-826.945
4000	411	259.541	607.244
4000	412	123.419	-16.9593
4000	413	-5.80184	84.545
4000	414	-204.761	-620.942
4000	415	142.619	-844.165
4000	416	-279.607	-118.577
4000	417	-269.277	461.573
4000	418	267.075	-53.1301
4000	419	98.5442	-261.797
4000	420	225.387	-275.909
4000	421	-205.702	905.085
4000	422	222.157	-379.031
4000	423	224.874	580.746
4000	424	-77.586	432.887
4000	425	10.8987	-48.4368
4000	426	385.331	852.613
4000	427	323.608	431.935
4000	428	-473.926	-894.628
4000	429	-174.453	249.569
4000	430	-211.139	49.0511
4000	431	394.936	922.458
4000	432	182.186	199.921
4000	433	-13.727	431.406
4000	434	-62.8066	376.807
4000	435	13.3765	185.394
4000	436	-232.1	-257.506
4000	437	-96.5922	625.011
4000	438	-163.22	-432.668
4000	439	-82.9459	-143.804
4000	440	-231.658	167.973
4000	441	86.1116	-258.007
4000	442	-229.734	-102.237
4000	443	-326.759	-315.976
4000	444	220.055	968.298
4000	445	-163.229	317.015
4000	446	-317.174	298.92
4000	447	156.14	-535.768
4000	448	73.309	-265.391
4000	449	-558.214	144.454
4000	450	-130.687	-842.861
4000	451	-384.04	47.7281
4000	452	-343.088	-613.791
4000	453	230.008	-361.758
4000	454	356.326	-250.113
4000	455	-313.585	-438.12
4000	456	435.341	-294.538
4000	457	-234.094	-128.102
4000	458	-321.578	655.095
4000	459	-267.82	467.224
4000	460	44.795	437.592
4000	461	22.438	333.268
4000	462	-414.91	-163.359
4000	463	-596.403	831.481
4000	464	340.197	-126.295
4000	465	36.4327	442.856
4000	466	-209.182	-394.205
4000	467	-302.882	1535.85
4000	468	54.8233	-286.721
4000	469	-137.678	-376.178
4000	470	-187.33	-155.418
4000	471	242.195	-79.8331
4000	472	-606.735	595.521
4000	473	68.7031	-111.698
4000	474	147.872	81.5561
4000	475	-265.688	-290.306
4000	476	-257.669	706.949
4000	477	-169.598	27.1813
4000	478	307.015	40.5356
4000	479	384.614	-73.9137
4000	480	-309.615	589.047
4000	481	32.5716	-240.102
4000	482	36.0467	-868.185
4000	483	-62.2045	-85.3855
4000	484	233.462	330.982
4000	485	-80.9871	-420.774
4000	486	102.799	-647.284
4000	487	70.3386	496.651
4000	488	-80.0644	212.213
4000	489	-82.712	-562.793
4000	490	23.6538	249.001
4000	491	135.849	135.465
4000	492	402.54	-48.6565
4000	493	54.1692	7.3874
4000	494	-436.749	319.892
4000	495	388.439	606.936
4000	496	-551.825	-108.368
4000	497	-169.955	774.216
4000	498	-65.9795	1012.38
4000	499	-424.471	132.467
6000	0	439.781	-5.26626
6000	1	-234.587	1073.32
6000	2	-438.913	487.456
6000	3	-65.0837	-78.5865
6000	4	360.748	50.0631
6000	5	-25.28	278.004
6000	6	6.67417	713.198
6000	7	-86.3912	-133.827
6000	8	-185.562	-776.632
6000	9	-210.578	821.283
6000	10	233.43	-552.565
6000	11	259.641	-347.205
6000	12	-62.3794	-633.801
6000	13	-227.309	112.281
6000	14	-362.593	-249.716
6000	15	207.025	-502.324
6000	16	593.129	174.189
6000	17	-627.277	-286.136
6000	18	-67.5928	380.293
6000	19	-201.912	380.185
6000	20	27.1711	309.75
6000	21	141.366	-481.814
6000	22	119.446	-62.5478
6000	23	398.554	-907.179
6000	24	-87.9647	-565.741
6000	25	-221.224	143.56
6000	26	-701.371	-483.737
6000	27	125.564	425.716
6000	28	-175.444	944.157
6000	29	-307.915	65.4661
6000	30	351.881	245.326
6000	31	-296.861	273.623
6000	32	-628.635	-526.643
6000	33	-129.608	385.441
6000	34	-51.7901	426.122
6000	35	53.339	234.974
6000	36	-380.712	329.812
6000	37	385.67	90.2015
6000	38	-189.402	349.746
6000	39	572.808	-1297.87
6000	40	-842.677	452.775
6000	41	279.559	-175.087
6000	42	-174.708	86.9409
6000	43	-33.5961	168.634
6000	44	-138.346	161.139
6000	45	168.214	833.62
6000	46	-163.422	1501.91
6000	47	-614.672	265.559
6000	48	-590.341	425.277
6000	49	-305.732	-315.981
6000	50	0.967592	956.941
6000	51	108.034	-147.563
6000	52	-201.806	276.274
6000	53	518.395	47.0327
6000	54	-364.356	64.8468
6000	55	-81.1833	-212.746
6000	56	89.1701	-0.28782
6000	57	-127.945	-201.312
6000	58	-296.929	-358.224
6000	59	311.815	-380.603
6000	60	118.207	-470.113
6000	61	-226.662	177.357
6000	62	-143.355	789.004
6000	63	-33.2114	-63.8459
6000	64	-304.061	259.095
6000	65	-384.732	-732.929
6000	66	143.753	-63.9155
6000	67	-195.906	-374.442
6000	68	178.408	235.709
6000	69	-59.6188	-405.668
6000	70	-193.851	1352.21
6000	71	-902.051	-112.45
6000	72	429.765	483.12
6000	73	95.6312	-865.974
6000	74	-302.583	-398.023
6000	75	-67.5317	82.0605
6000	76	15.725	-775.155
6000	77	-192.325	243.8
6000	78	312.244	188.061
6000	79	-75.8296	-32.1201
6000	80	-296.753	-189.248
6000	81	364.431	-875.254
6000	82	-240.518	-570.169
6000	83	236.766	591.399
6000	84	454.214	-38.3404
6000	85	166.368	24.0716
6000	86	-221.015	-165.801
6000	87	-91.3445	1144.53
6000	88	163.936	-167.082
6000	89	-389.815	-775.608
6000	90	-274.956	-440.67
6000	91	-173.065	-371.864
6000	92	-13.2674	-41.3154
6000	93	-489.555	-618.673
6000	94	-7.97376	-44.7849
6000	95	-416.597	-451.558
6000	96	306.368	-924.613
6000	97	-531.311	529.035
6000	98	275.788	831.661
6000	99	-134.182	86.9326
6000	100	41.9614	-737.39
6000	101	319.193	137.899
6000	102	406.294	-155.635
6000	103	-573.187	87.6145
6000	104	142.492	19.2694
6000	105	-280.229	230.719
6000	106	-29.7942	-192.089
6000	107	-145.787	800.964
6000	108	-364.21	428.22
6000	109	626.922	173.498
6000	110	223.045	-104.429
6000	111	7.09878	-503.78
6000	112	-188.257	399.328
6000	113	731.666	276.075
6000	114	-377.842	575.389
6000	115	-55.4447	-514.683
6000	116	136.261	-67.3748
6000	117	-658.558	120.262
6000	118	-1097.28	-1227.14
6000	119	-267.598	630.564
6000	120	-850.553	966.97
6000	121	-473.775	435.62
6000	122	-172.46	-565.976
6000	123	590.204	-91.8646
6000	124	-328.504	360.982
6000	125	-49.7378	13.6926
6000	126	-580.373	98.9436
6000	127	-345.066	-307.635
6000	128	305.339	707.753
6000	129	-173.659	-301.37
6000	130	338.998	525.93
6000	131	317.109	-182.849
6000	132	444.409	787.019
6000	133	135.159	255.157
6000	134	-184.732	31.7488
6000	135	-214.29	431.942
6000	136	-592.313	574.684
6000	137	-454.683	-431.911
6000	138	234.116	568.215
6000	139	-180.315	1116.71
6000	140	249.911	-73.5533
6000	141	-146.65	527.547
6000	142	122.689	-120.95
6000	143	427.862	-241.294
6000	144	-375.548	343.357
6000	145	-411.736	479.585
6000	146	138.36	-72.241
6000	147	286.38	-158.834
6000	148	-174.273	66.8712
6000	149	-451.567	-412.893
6000	150	247.566	344.008
6000	151	-457.195	-288.902
6000	152	44.6806	146.485
6000	153	-220.837	483.652
6000	154	-12.4917	56.1019
6000	155	412.473	509.389
6000	156	-35.152	-1041.01
6000	157	-265.894	-111.124
6000	158	122.574	702.079
6000	159	263.467	-42.9563
6000	160	-245.151	-366.635
6000	161	11.6479	-1129.82
6000	162	-125.297	-507.057
6000	163	-545.809	545.9
6000	164	-83.6015	-64.0755
6000	165	-355.481	-699.895
6000	166	-506.902	-198.076
6000	167	-152.11	-1087.13
6000	168	22.232	61.8425
6000	169	366.093	-100.164
6000	170	340.201	3.12016
6000	171	116.355	-1226.68
6000	172	-202.29	-267.353
6000	173	-182.039	-160.78
6000	174	88.1589	119.834
6000	175	591.171	428.423
6000	176	372.972	-237.328
6000	177	-505.306	-211.996
6000	178	-211.953	-408.56
6000	179	-256.04	139.214
6000	180	48.353	1545.84
6000	181	-126.543	412.397
6000	182	101.908	276.902
6000	183	-350.5	717.202
6000	184	-238.657	-374.139
6000	185	237.01	522.161
6000	186	463.274	-740.563
6000	187	-152.894	-72.418
6000	188	430.553	-572.325
6000	189	316.834	-68.5437
6000	190	94.0625	-419.352
6000	191	206.805	1006.75
6000	192	-58.6251	-251.647
6000	193	-330.752	-282.366
6000	194	-514.142	-164.202
6000	195	112.948	-788.926
6000	196	306.751	638.44
6000	197	-822.841	-264.865
6000	198	-223.623	-656.668
6000	199	-31.902	-281.485
6000	200	-332.609	-846.491
6000	201	-55.0415	-2.5511
6000	202	109.805	-878.243
6000	203	-16.4819	80.9232
6000	204	-194.421	-399.086
6000	205	-207.076	166.371
6000	206	263.811	602.943
6000	207	-107.846	248.802
6000	208	-421.455	69.8261
6000	209	96.8633	-174.592
6000	210	102.431	-304.753
6000	211	41.3308	72.7259
6000	212	118.592	243.796
6000	213	-54.1035	-877.58
6000	214	316.95	-696.488
6000	215	-316.991	122.154
6000	216	19.3387	-328.327
6000	217	-296.746	60.6347
6000	218	286.871	634.416
6000	219	-438.525	-705.466
6000	220	-613.159	-196.852
6000	221	32.9963	-667.963
6000	222	514.982	-342.786
6000	223	-385.262	85.8318
6000	224	420.942	-545.908
6000	225	215.062	-63.19
6000	226	-39.5263	-14.4054
6000	227	25.8026	208.942
6000	228	25.1762	123.748
6000	229	-486.112	779.705
6000	230	-401.144	-543.959
6000	231	17.9052	357.968
6000	232	-169.067	472.384
6000	233	-78.2133	525.648
6000	234	-262.798	84.4144
6000	235	32.6065	-125.092
6000	236	534.168	-894.698
6000	237	261.092	-448.038
6000	238	-327.721	-605.188
6000	239	97.6176	218.698
6000	240	-256.422	975.961
6000	241	346.82	618.285
6000	242	361.372	-36.8125
6000	243	461.728	-94.3127
6000	244	295.304	36.9457
6000	245	-50.6854	79.9419
6000	246	264.102	1149.67
6000	247	76.8064	1080.2
6000	248	475.774	11.9586
6000	249	137.887	-419.307
6000	250	48.9569	-227.223
6000	251	523.176	151.263
6000	252	-351.223	-716.916
6000	253	-649.848	-498.464
6000	254	-437.688	-666.599
6000	255	-136.899	560.603
6000	256	-249.933	395.769
6000	257	102.765	-231.566
6000	258	-396.133	204.812
6000	259	91.5163	-240.491
6000	260	175.917	262.345
6000	261	-643.763	-199.957
6000	262	173.398	-70.6564
6000	263	-309.327	261.219
6000	264	438.563	676.59
6000	265	78.3275	21.4324
6000	266	67.9616	-742.247
6000	267	-524.949	242.308
6000	268	-186.695	-228.482
6000	269	18.5099	-387.702
6000	270	-284.301	-502.788
6000	271	426.549	185.294
6000	272	-29.2842	-133.046
6000	273	187.191	-215.371
6000	274	325.353	50.799
6000	275	-173.74	1098.4
6000	276	-176.507	-1550.03
6000	277	175.286	-1153.31
6000	278	229.421	-186.975
6000	279	249.508	-797.152
6000	280	50.1228	317.539
6000	281	323.976	-308.253
6000	282	-67.8939	-434.544
6000	283	98.3917	-585.703
6000	284	35.4762	-263.119
6000	285	8.05929	-553.226
6000	286	-421.473	13.1797
6000	287	-437.758	238.205
6000	288	-472.856	-860.365
6000	289	-356.519	1341.25
6000	290	-68.0331	-721.591
6000	291	234.243	982.71
6000	292	351.679	871.728
6000	293	416.207	439.496
6000	294	-171.383	-287.855
6000	295	-222.45	-282.121
6000	296	-90.6573	987.16
6000	297	262.913	860.885
6000	298	-57.4439	713.379
6000	299	129.229	-435.65
6000	300	-569.346	-718.103
6000	301	-172.771	381.255
6000	302	554.017	-210.967
6000	303	75.0978	-313.923
6000	304	-213.84	448.011
6000	305	10.8273	190.245
6000	306	258.072	-129.334
6000	307	126.867	-763.885
6000	308	-116.361	-344.096
6000	309	-224.876	-372.922
6000	310	-241.016	-275.029
6000	311	75.4693	-983.051
6000	312	-52.7982	12.5252
6000	313	-612.878	734.439
6000	314	-285.396	712.513
6000	315	290.388	-237.397
6000	316	-355.43	605.123
6000	317	-136.22	187.685
6000	318	10.6236	-1011.27
6000	319	-117.701	901.115
6000	320	36.9079	-1208.16
6000	321	373.823	443.816
6000	322	-339.983	-898.946
6000	323	-162.079	615.539
6000	324	134.234	417.977
6000	325	-614.822	-641.043
6000	326	-331.239	831.045
6000	327	-144.127	-722.205
6000	328	129.538	1167.16
6000	329	-327.766	-817.934
6000	330	118.327	-547.177
6000	331	270.43	-463.626
6000	332	31.7498	-1562.75
6000	333	2.05294	-16.284
6000	334	-502.481	372.885
6000	335	-312.321	390.123
6000	336	32.1571	-179.935
6000	337	125.184	-361.85
6000	338	8.52732	438.106
6000	339	13.5687	-149.29
6000	340	142.724	-206.09
6000	341	21.894	-138.688
6000	342	4.28888	583.2
6000	343	-108.07	124.636
6000	344	-124.338	263.896
6000	345	59.3065	521.282
6000	346	-291.608	671.044
6000	347	415.374	569.432
6000	348	-40.7503	411.945
6000	349	-413.145	288.495
6000	350	-240.559	420.124
6000	351	53.0469	300.759
6000	352	212.133	477.959
6000	353	-476.311	158
6000	354	-159.254	-342.444
6000	355	8.91842	-302.59
6000	356	425.83	469.651
6000	357	-160.053	956.056
6000	358	70.169	-108.665
6000	359	-114.567	200.316
6000	360	-251.729	-315.48
6000	361	112.013	-109.556
6000	362	-51.954	290.709
6000	363	510.654	479.639
6000	364	346.994	-776.413
6000	365	600.189	580.292
6000	366	-97.8983	463.596
6000	367	-457.318	421.01
6000	368	-19.7093	-647.689
6000	369	181.561	420.086
6000	370	118.089	-355.849
6000	371	-109.176	-338.305
6000	372	85.0071	1196.33
6000	373	61.6434	-92.9445
6000	374	-288.306	302.222
6000	375	239.258	-386.385
6000	376	-71.957	139.009
6000	377	-223.818	-614.657
6000	378	213.117	129.678
6000	379	-35.6673	-286.468
6000	380	436.625	674.078
6000	381	-512.024	-1170.11
6000	382	82.3726	-1542.46
6000	383	-403.81	28.3771
6000	384	200.575	490.272
6000	385	-307.794	-650.221
6000	386	168.272	567.505
6000	387	107.188	1147.81
6000	388	-257.983	-108.195
6000	389	-526.648	-1411.01
6000	390	-102.499	-795.39
6000	391	-287.514	654.802
6000	392	-203.984	-220.826
6000	393	-82.6801	-113.756
6000	394	-117.179	-107.626
6000	395	-289.195	626.113
6000	396	-488.541	-976.578
6000	397	148.004	106.849
6000	398	-113.361	363.43
6000	399	-62.9335	-190.058
6000	400	-87.9988	-877.942
6000	401	740.961	82.8441
6000	402	539.096	574.977
6000	403	53.6935	387.383
6000	404	-295.712	324.334
6000	405	117.773	-159.513
6000	406	-287.765	-673.979
6000	407	-203.188	-833.022
6000	408	-51.5794	231.289
6000	409	109.326	-393.243
6000	410	226.051	-863.457
6000	411	199.559	14.2413
6000	412	242.542	271.661
6000	413	5.40769	-99.7952
6000	414	-225.436	-451.6
6000	415	-125.207	-785.779
6000	416	-858.557	-218.981
6000	417	-210.627	239.59
6000	418	33.7307	-767.891
6000	419	206.558	-469.864
6000	420	-47.4604	-820.692
6000	421	-353.432	1182.69
6000	422	527.451	-492.356
6000	423	544.728	566.37
6000	424	184.483	236.804
6000	425	-79.1233	-60.5979
6000	426	784.588	1120.33
6000	427	505.542	669.971
6000	428	-791.495	-1199.21
6000	429	-61.2127	119.64
6000	430	-149.046	-295.145
6000	431	316.811	900.791
6000	432	47.8147	207.583
6000	433	-247.499	274.034
6000	434	13.6821	419.842
6000	435	274.21	201.662
6000	436	-32.5145	156.891
6000	437	-136.659	400.239
6000	438	-82.4026	-578.737
6000	439	39.1765	163.396
6000	440	-133.521	165.798
6000	441	-9.36931	-531.191
6000	442	53.2375	-410.622
6000	443	-7.43111	-714.077
6000	444	220.418	1354.04
6000	445	-464.047	479.573
6000	446	-775.484	102.194
6000	447	176.335	-745.25
6000	448	-40.0538	-1003.3
6000	449	-639.852	14.4722
6000	450	-47.3359	-967.016
6000	451	-583.709	6.40453
6000	452	-264.305	-1095.22
6000	453	297.102	-379.087
6000	454	454.273	-80.5236
6000	455	-562.726	-304.271
6000	456	162.125	49.973
6000	457	103.131	-217.354
6000	458	-119.849	640.402
6000	459	-406.719	780.647
6000	460	-92.7466	711.241
6000	461	235.869	261.891
6000	462	-469.131	-103.151
6000	463	-716.838	99.5952
6000	464	340.818	495.794
6000	465	-98.7545	98.759
6000	466	-302.533	-465.4
6000	467	-258.064	1300.57
6000	468	134.081	-330.696
6000	469	-259.598	-216.153
6000	470	-229.33	-312.529
6000	471	-58.0941	396.755
6000	472	-893.896	851.574
6000	473	57.0283	-548.357
6000	474	209.167	148.126
6000	475	-324.921	-744.367
6000	476	-47.6669	391.903
6000	477	-274.002	474.809
6000	478	83.439	-114.636
6000	479	298.347	-300.289
6000	480	-232.768	-185.619
6000	481	330.713	-481.755
6000	482	36.0065	-765.905
6000	483	203.024	-582.852
6000	484	226.686	74.4994
6000	485	-222.1	-675.397
6000	486	83.026	-454.654
6000	487	-232.174	724.163
6000	488	175.418	260.651
6000	489	-220.842	-889.19
6000	490	-53.2333	442.006
6000	491	163.127	-276.492
6000	492	535.01	-708.485
6000	493	76.3005	46.9395
6000	494	-493.841	337.514
6000	495	479.484	135.971
6000	496	-602.367	-306.68
6000	497	-228.833	1141.92
6000	498	-286.891	640.835
6000	499	-646.379	340.325
8000	0	401.069	470.164
8000	1	-255.023	1122.32
8000	2	-360.441	632.035
8000	3	-93.2722	-369.254
8000	4	437.213	-166.902
8000	5	-247.859	-26.1092
8000	6	158.05	1107.58
8000	7	-245.96	-149.733
8000	8	-576.914	-1569.77
8000	9	109.362	1247.1
8000	10	277.593	-783.01
8000	11	331.305	-554.584
8000	12	39.6051	-107.534
8000	13	-206.833	62.738
8000	14	-253.531	-25.6604
8000	15	229.229	-1071.91
8000	16	634.766	-63.8072
8000	17	-749.563	-380.35
8000	18	87.8372	321.534
8000	19	-232.652	616.253
8000	20	-134.255	483.714
8000	21	200.949	-460.795
8000	22	121.944	81.0294
8000	23	359.221	-1132.44
8000	24	-48.8688	-541.438
8000	25	-341.781	-466.217
8000	26	-602.397	-498.699
8000	27	247.738	334.764
8000	28	-239.222	1152.18
8000	29	-329.201	138.333
8000	30	362.392	331.298
8000	31	-555.831	771.103
8000	32	-952.677	-123.697
8000	33	-229.721	120.605
8000	34	139.951	445.095
8000	35	54.6611	372.259
8000	36	-251.021	325.576
8000	37	527.777	142.119
8000	38	-47.2334	319.424
8000	39	650.508	-908.27
8000	40	-860.815	923.698
8000	41	226.219	-163.794
8000	42	-275.272	-2.33367
8000	43	-74.3059	-287.773
8000	44	-237.858	125.683
8000	45	258.316	265.373
8000	46	-323.739	1877
8000	47	-731.955	186.214
8000	48	-532.762	374.837
8000	49	-303.934	32.6057
8000	50	-79.6771	1178.64
8000	51	6.79872	-171.869
8000	52	-328.313	475.185
8000	53	754.051	-231.916
8000	54	-442.793	430.522
8000	55	-140.826	-267.584
8000	56	-150.713	169.581
8000	57	-110.326	-149.966
8000	58	-478.563	-185.721
8000	59	209.806	282.658
8000	60	37.9243	-772.798
8000	61	-125.793	885.15
8000	62	-345.07	771.503
8000	63	-212.803	457.201
8000	64	-584.328	328.088
8000	65	-546.543	-236.618
8000	66	-114.363	-505.103
8000	67	-83.7427	56.4709
8000	68	116.259	621.905
8000	69	201.773	-136.08
8000	70	-71.116	1410.66
8000	71	-841.082	18.6597
8000	72	347.117	596.492
8000	73	153.037	-1390.72
8000	74	-265.005	-682.733
8000	75	-0.998557	247.255
8000	76	157.849	-937.427
8000	77	-91.6364	-6.94902
8000	78	309.452	203.42
8000	79	-58.4787	-292.15
8000	80	-317.78	129.428
8000	81	380.45	-1135.03
8000	82	-201.816	-518.6
8000	83	258.501	567.066
8000	84	496.827	816.51
8000	85	542.405	422.291
8000	86	92.1654	-2.56835
8000	87	-311.504	1193.54
8000	88	-133.671	314.121
8000	89	-190.892	-868.527
8000	90	-223.708	-695.678
8000	91	-355.379	-75.4217
8000	92	26.1833	-160.808
8000	93	-241.246	-824.876
8000	94	51.6814	328.408
8000	95	-488.497	-546.026
8000	96	269.713	-1323.71
8000	97	-574.58	509.067
8000	98	483.663	1149.48
8000	99	148.537	-567.326
8000	100	35.1531	-799.73
8000	101	-102.711	281.095
8000	102	619.409	-39.023
8000	103	-720.202	37.9497
8000	104	30.2332	519.885
8000	105	-549.509	107.069
8000	106	-253.546	-347.568
8000	107	-226.129	897.619
8000	108	-507.208	-84.0409
8000	109	687.744	231.337
8000	110	110.17	42.0696
8000	111	-215.383	-487.567
8000	112	-347.596	640.765
8000	113	689.687	-35.5251
8000	114	-155.163	75.5217
8000	115	-170.952	-498.407
8000	116	285.582	-333.37
8000	117	-653.43	202.696
8000	118	-1079.45	-1143.8
8000	119	-308.466	713.994
8000	120	-879.247	710.852
8000	121	-429.291	390.124
8000	122	-455.486	-768.202
8000	123	329.907	-572.91
8000	124	-233.364	709.935
8000	125	-125.932	-528.663
8000	126	-558.814	94.1422
8000	127	-391.309	17.4045
8000	128	264.837	826.041
8000	129	-365.873	-511.555
8000	130	508.132	612.757
8000	131	-42.1043	-245.124
8000	132	442.416	955.274
8000	133	-7.5768	683.277
8000	134	-246.228	-1.1138
8000	135	-36.0607	955.258
8000	136	-572.954	668.959
8000	137	-393.266	-469.057
8000	138	60.1297	624.448
8000	139	-20.0511	1519.95
8000	140	251.86	411.291
8000	141	273.982	404.332
8000	142	236.652	-930.326
8000	143	532.107	-59.293
8000	144	-783.523	-231.214
8000	145	-170.827	228.109
8000	146	634.262	126.325
8000	147	404.336	-686.118
8000	148	-475.748	124.424
8000	149	-455.068	-549.872
8000	150	545.368	91.5209
8000	151	-559.213	-585.825
8000	152	-145.533	-158.014
8000	153	-221.351	1042.9
8000	154	-316.233	156.268
8000	155	614.706	443.35
8000	156	186.119	-151.151
8000	157	-47.7332	-370.273
8000	158	75.9266	158.292
8000	159	345.53	-900.288
8000	160	-584.571	-632.807
8000	161	-17.4376	-942.192
8000	162	-654.492	-576.536
8000	163	-505.528	507.865
8000	164	178.216	61.8705
8000	165	-52.3777	-1349.05
8000	166	-327.461	-277.334
8000	167	-73.3638	-1176.11
8000	168	21.2924	388.129
8000	169	769.258	-780.08
8000	170	543.924	268.373
8000	171	-258.678	-1521.43
8000	172	-183.061	-197.286
8000	173	-116.16	98.6365
8000	174	187.935	-187.135
8000	175	670.975	-246.416
8000	176	195.363	-32.5528
8000	177	-765.171	-189.234
8000	178	-381.731	500.51
8000	179	-72.3542	174.927
8000	180	427.143	1473.82
8000	181	-66.0623	1343.73
8000	182	-50.3936	-244.634
8000	183	-212.74	827.574
8000	184	-308.644	4.18003
8000	185	711.754	870.422
8000	186	496.611	-1160.77
8000	187	-92.1126	-7.10894
8000	188	190.209	-610.393
8000	189	176.562	332.378
8000	190	124.861	-847.576
8000	191	3.55727	761.137
8000	192	23.4849	-152.813
8000	193	-579.119	-196.369
8000	194	-271.841	-727.493
8000	195	134.266	-563.256
8000	196	96.9848	890.803
8000	197	-1039.83	-346.946
8000	198	-451.569	-959.645
8000	199	132.204	-144.386
8000	200	-635.178	-731.448
8000	201	26.488	261.544
8000	202	150.492	-886.328
8000	203	179.562	102.828
8000	204	-254.825	-360.032
8000	205	-29.7647	243.589
8000	206	420.516	197.501
8000	207	51.9584	106.124
8000	208	-378.848	-438.379
8000	209	95.3157	-941.952
8000	210	64.4152	-269.515
8000	211	80.0759	-90.0797
8000	212	167.755	401.057
8000	213	-172.173	-1112.73
8000	214	193.047	-506.166
8000	215	-513.722	229.415
8000	216	177.988	-250.228
8000	217	-315.673	277.262
8000	218	67.5189	159.693
8000	219	-319.94	-723.11
8000	220	-536.564	-213.084
8000	221	237.79	-570.557
8000	222	281.15	-341.641
8000	223	-421.75	-362.313
8000	224	780.118	-385.088
8000	225	217.177	-183.89
8000	226	119.794	293.882
8000	227	167.46	162.206
8000	228	223.465	-33.1563
8000	229	-385.559	899.93
8000	230	-417.938	-336.858
8000	231	-321.758	372.643
8000	232	131.474	239.536
8000	233	-29.9357	330.181
8000	234	-541.895	278.55
8000	235	161.651	-178.426
8000	236	482.159	-763.923
8000	237	495.964	-844.61
8000	238	-247.335	-598.316
8000	239	255.624	29.86
8000	240	-177.22	670.073
8000	241	279.292	325.776
8000	242	339.219	-69.9952
8000	243	539.446	65.098
8000	244	413.287	243.693
8000	245	-68.7901	-226.452
8000	246	-194.917	607.014
8000	247	59.5533	1141.61
8000	248	382.566	380.727
8000	249	-61.1932	-569.952
8000	250	166.122	-3.87462
8000	251	384.79	422.699
8000	252	-372.838	-1282.64
8000	253	-230.432	-167.856
8000	254	-718.47	-462.331
8000	255	-202.574	671.678
8000	256	-429.925	351.787
8000	257	65.1571	67.7963
8000	258	-539.338	213.335
8000	259	512.945	-227.923
8000	260	340.012	460.163
8000	261	-783.748	299.017
8000	262	334.329	10.3618
8000	263	8.45268	412.266
8000	264	403.102	731.662
8000	265	135.449	-130.811
8000	266	83.6164	48.4711
8000	267	-645.937	624.216
8000	268	-299.271	-787.367
8000	269	55.7037	-854.265
8000	270	-524.576	-1096.68
8000	271	449.405	517.255
8000	272	125.488	13.6305
8000	273	132.876	-639.493
8000	274	221.707	-350.741
8000	275	-95.6544	1542.4
8000	276	-216.952	-1192.77
8000	277	132.232	-836.587
8000	278	75.0611	-501.512
8000	279	229.242	-710.863
8000	280	-230.104	308.161
8000	281	480.963	53.3126
8000	282	-288.224	286.448
8000	283	277.164	-860.803
8000	284	315.364	-687.977
8000	285	-154.698	-540.785
8000	286	-537.454	-21.8768
8000	287	-637.632	-244.215
8000	288	-698.095	-440.586
8000	289	-478.157	1754.07
8000	290	-147.427	-817.26
8000	291	116.687	1415.28
8000	292	151.151	1366.26
8000	293	475.974	221.508
8000	294	-429.215	-463.631
8000	295	-299.319	-233.888
8000	296	-69.441	738.47
8000	297	-58.2886	1280.84
8000	298	-98.4846	508.467
8000	299	-11.0786	-796.013
8000	300	-709.286	-932.468
8000	301	-195.212	260.449
8000	302	655.972	-498.635
8000	303	175.563	-542.643
8000	304	-33.3929	475.921
8000	305	-324.309	-228.852
8000	306	498.93	-474.295
8000	307	97.9734	-674.155
8000	308	-136.438	351.266
8000	309	-164.49	111.219
8000	310	-397.131	-255.378
8000	311	-5.26876	-1432.66
8000	312	-192.721	-205.672
8000	313	-569.154	974.865
8000	314	-462.583	753.404
8000	315	250.478	-205.822
8000	316	-319.265	840.949
8000	317	-160.285	-90.8797
8000	318	-147.744	-1027.82
8000	319	-278.319	904.103
8000	320	152.193	-679.29
8000	321	389.718	286.375
8000	322	-37.052	-1315.48
8000	323	-425.197	675.542
8000	324	-69.7718	731.106
8000	325	-798.501	-29.8724
8000	326	-332.189	964.516
8000	327	-141.495	-682.99
8000	328	-55.5089	903.612
8000	329	-207.076	-690.85
8000	330	192.277	-557.848
8000	331	413.979	-111.192
8000	332	-50.9533	-1590.62
8000	333	-247.109	-232.999
8000	334	-461.062	256.847
8000	335	-539.944	118.445
8000	336	24.4057	98.1354
8000	337	187.931	-21.2255
8000	338	27.3892	430.989
8000	339	-38.6528	-127.16
8000	340	281.907	116.091
8000	341	39.1182	-394.594
8000	342	317.49	371.578
8000	343	254.522	691.588
8000	344	-243.162	-511.9
8000	345	-169.03	845.866
8000	346	56.0823	825.683
8000	347	415.986	67.0196
8000	348	-143.612	172.396
8000	349	-52.5769	82.2089
8000	350	-258.644	580.795
8000	351	-33.0514	422.248
8000	352	252.213	654.922
8000	353	-324.858	291.971
8000	354	-577.806	-863.727
8000	355	-69.1707	-225.311
8000	356	207.701	774.281
8000	357	-98.9976	660.022
8000	358	-11.9028	-372.421
8000	359	-16.2485	32.507
8000	360	-247.842	-70.7087
8000	361	271.563	-227.992
8000	362	89.4438	638.145
8000	363	575.453	331.782
8000	364	405.941	-363.312
8000	365	681.958	749.192
8000	366	-200.788	1087.17
8000	367	-378.332	464.073
8000	368	-78.8177	-420.203
8000	369	222.798	390.695
8000	370	101.808	-785.414
8000	371	-190.389	-655.685
8000	372	-14.5707	752.425
8000	373	297.221	120.019
8000	374	-388.532	-137.243
8000	375	461.468	-1052.45
8000	376	179.341	94.1676
8000	377	-322.255	-845.382
8000	378	611.801	178.868
8000	379	-154.267	-917.516
8000	380	236.772	728.551
8000	381	-513.148	-806.4
8000	382	-57.4596	-1813.16
8000	383	-409.163	-111.123
8000	384	359.63	631.289
8000	385	-265.184	-772.644
8000	386	146.2	302.85
8000	387	-93.0872	875.786
8000	388	-68.4179	111.184
8000	389	-586.341	-1333.79
8000	390	-236.402	-975.886
8000	391	-190.041	533.644
8000	392	-222.916	-156.189
8000	393	14.3817	-304.558
8000	394	-13.3399	-322.042
8000	395	-386.021	936.979
8000	396	-577.425	-1068.26
8000	397	-53.9197	220.742
8000	398	-46.6104	499.1
8000	399	33.6073	-98.5472
8000	400	-46.6471	-593.046
8000	401	722.811	148.161
8000	402	778.465	725.457
8000	403	-25.8659	412.135
8000	404	-573.289	513.898
8000	405	214.405	446.964
8000	406	-478.298	-766.162
8000	407	-225.903	-627.014
8000	408	48.9406	-49.9188
8000	409	129.527	-528.648
8000	410	349.755	-460.353
8000	411	-17.5377	-102.667
8000	412	541.373	293.135
8000	413	63.9426	-151.091
8000	414	-88.1933	-262.325
8000	415	-155.979	-548.768
8000	416	-875.96	-112.466
8000	417	-331.58	485.13
8000	418	-151.319	-228.6
8000	419	356.513	-136.783
8000	420	25.0411	-656.349
8000	421	47.2282	1152.61
8000	422	457.139	-972.896
8000	423	622.456	423.777
8000	424	207.389	-59.1981
8000	425	170.573	194.068
8000	426	789.405	1044.86
8000	427	182.835	649.317
8000	428	-1090.63	-1404.61
8000	429	-74.7621	274.496
8000	430	-187.822	-946.583
8000	431	621.549	918.248
8000	432	86.5108	332.207
8000	433	-403.223	290.648
8000	434	-180.278	-117.331
8000	435	353.274	492.794
8000	436	-131.247	-191.997
8000	437	-257.26	679.781
8000	438	-402.304	-342.986
8000	439	-164.688	51.47
8000	440	-373.703	-46.9533
8000	441	309.378	-1131.09
8000	442	32.2312	-1448.88
8000	443	93.7452	-1326.51
8000	444	401.92	1742.93
8000	445	-543.53	300.926
8000	446	-559.248	-402.74
8000	447	-61.448	-832.315
8000	448	-320.056	-1009.07
8000	449	-739.882	-503.915
8000	450	70.335	-827.398
8000	451	-727.438	176.09
8000	452	-321.924	-654.901
8000	453	0.584024	-351.214
8000	454	414.699	118.78
8000	455	-360.836	-449.531
8000	456	-40.374	161.933
8000	457	-114.531	-315.656
8000	458	-203.758	331.554
8000	459	-242.463	1147.4
8000	460	-133.842	1054.62
8000	461	254.423	519.106
8000	462	-439.708	-323.598
8000	463	-672.642	305.792
8000	464	321.587	573.345
8000	465	-105.494	358.154
8000	466	-678.639	-629.637
8000	467	-281.946	1054.11
8000	468	317.611	-258.003
8000	469	-299.63	-290.815
8000	470	-145.449	73.0361
8000	471	-96.3873	945.168
8000	472	-925.636	873.702
8000	473	255.199	-270.745
8000	474	286.966	373.516
8000	475	-287.526	-434.066
8000	476	-317.95	176.856
8000	477	-491.334	634.558
8000	478	-19.5396	-378.697
8000	479	24.1741	-119.544
8000	480	-361.479	-470.157
8000	481	57.483	-708.604
8000	482	-125.751	-724.334
8000	483	87.8242	-829.675
8000	484	133.153	245.828
8000	485	-503.631	-284.392
8000	486	-57.7928	-269.768
8000	487	-32.5056	515.717
8000	488	87.8438	-92.8856
8000	489	-261.818	-1181.96
8000	490	-64.7134	-7.65216
8000	491	160.283	-584.404
8000	492	557.504	-806.616
8000	493	-124.773	-171.094
8000	494	-334.447	594.853
8000	495	488.181	72.0284
8000	496	-633.039	-494.919
8000	497	-132.226	1788.35
8000	498	-226.319	904.903
8000	499	-289.326	235.021
10000	0	222.457	423.173
10000	1	-234.813	1652.5
10000	2	-258.172	-25.1299
10000	3	-312.766	98.7274
10000	4	494.707	-625.159
10000	5	-304.997	223.462
10000	6	155.63	1127.52
10000	7	-407.614	-528.432
10000	8	-658.163	-2117.65
10000	9	133.221	685.509
10000	10	657.109	-372.293
10000	11	226.813	-660.959
10000	12	153.618	-595.616
10000	13	-66.3599	-98.5823
10000	14	67.8888	71.4063
10000	15	65.4307	-325.495
10000	16	733.419	-263.924
10000	17	-1266.94	-1335.07
10000	18	-72.0328	257.973
10000	19	-209.419	484.857
10000	20	-575.132	532.821
10000	21	340.843	-258.917
10000	22	-96.349	348.871
10000	23	299.169	-1297.07
10000	24	-69.5758	-106.052
10000	25	-667.139	-297.575
10000	26	-682.661	-774.987
10000	27	-9.10832	55.7657
10000	28	-552.987	1399.55
10000	29	-543.39	-174.473
10000	30	752.768	673.468
10000	31	-696.783	470.9
10000	32	-892.988	277.308
10000	33	-298.999	484.364
10000	34	420.688	595.123
10000	35	128.794	799.529
10000	36	-413.512	675.001
10000	37	685.235	463.02
10000	38	-28.3307	124.806
10000	39	953.559	-868.946
10000	40	-1003.44	556.688
10000	41	246.137	-160.67
10000	42	-399.044	-3.57726
10000	43	-159.026	-787.779
10000	44	103.14	169.432
10000	45	46.5471	1141.91
10000	46	-641.672	1821.48
10000	47	-813.971	-26.1982
10000	48	-733.475	1011.42
10000	49	-123.869	5.83575
10000	50	182.481	871.131
10000	51	-91.8135	98.4139
10000	52	-275.828	567.862
10000	53	613.619	-669.876
10000	54	-462.375	214.375
10000	55	-82.6799	284.914
10000	56	-8.81047	472.534
10000	57	-351.233	97.4351
10000	58	-436.768	-241.347
10000	59	310.885	383.602
10000	60	157.499	-415.295
10000	61	311.479	1264.97
10000	62	-441.552	599.206
10000	63	-191.873	625.404
10000	64	-825.236	478.442
10000	65	-526.165	-487.838
10000	66	-38.5036	-1097.82
10000	67	-183.012	518.655
10000	68	138.157	387.76
10000	69	100.705	110.98
10000	70	-158.064	1265.51
10000	71	-882.725	-631.473
10000	72	157.308	988.355
10000	73	276.684	-1559.19
10000	74	-624.144	-455.633
10000	75	179.503	122.188
10000	76	95.8363	-950.165
10000	77	11.0021	120.915
10000	78	191.672	56.912
10000	79	103.801	-278.125
10000	80	-399.456	-142.399
10000	81	343.849	-1298.14
10000	82	82.7921	-983.008
10000	83	275.746	595.976
10000	84	458.649	668.381
10000	85	563.807	476.868
10000	86	170.288	247.235
10000	87	-487.347	1154.49
10000	88	83.9833	404.188
10000	89	-413.701	-1170.95
10000	90	-352.174	-918.386
10000	91	-174.966	-799.043
10000	92	-253.307	-198.754
10000	93	-345.985	-694.581
10000	94	-323.314	347.82
10000	95	-499.427	-345.068
10000	96	584.035	-1453.98
10000	97	-376.839	147.881
10000	98	519.025	1158.44
10000	99	106.153	-850.696
10000	100	-177.33	-766.124
10000	101	-201.762	-154.037
10000	102	219.88	10.2071
10000	103	-967.735	7.90564
10000	104	101.424	679.79
10000	105	-494.025	19.2827
10000	106	-181.379	-618.588
10000	107	-96.282	908.103
10000	108	-623.814	99.5455
10000	109	884.47	723.419
10000	110	-92.5396	442.928
10000	111	-276.632	-639.314
10000	112	-241.099	434.221
10000	113	506.959	-359.867
10000	114	-201.111	-235.511
10000	115	-173.183	-723.68
10000	116	332.631	-715.22
10000	117	-473.43	-485.96
10000	118	-1176.53	-1545.47
10000	119	-407.94	346.672
10000	120	-831.267	465.923
10000	121	-508.066	373.446
10000	122	-657.23	-102.614
10000	123	369.149	-4.63333
10000	124	-508.821	990.965
10000	125	-325.807	-590.067
10000	126	-393.904	122.893
10000	127	-211.332	432.967
10000	128	65.7135	679.065
10000	129	-424.806	-1516.52
10000	130	479.333	505.216
10000	131	-3.52533	508.059
10000	132	581.168	1227.07
10000	133	-174.449	912.585
10000	134	-327.775	420.206
10000	135	-97.4849	887.04
10000	136	-631.749	320.419
10000	137	-472.739	-736.675
10000	138	98.3079	752.363
10000	139	-278.857	1013.4
10000	140	194.884	677.05
10000	141	456.455	-288.824
10000	142	41.457	-1078.09
10000	143	808.824	27.4541
10000	144	-958.244	-13.1734
10000	145	-176.393	679.096
10000	146	694.14	-438.093
10000	147	687.036	-801.645
10000	148	-596.671	907.938
10000	149	-751.78	-977.904
10000	150	446.313	59.8665
10000	151	-869.108	-417.132
10000	152	-27.0738	113.423
10000	153	-212.101	1601.1
10000	154	-169.479	-252.616
10000	155	792.491	435.88
10000	156	586.415	-43.7976
10000	157	233.159	-704.932
10000	158	359.823	186.056
10000	159	343.687	-583.063
10000	160	-664.651	-744.148
10000	161	205.574	-787.322
10000	162	-566.547	-103.405
10000	163	-227.823	889.869
10000	164	166.032	-366.032
10000	165	243.524	-1939.27
10000	166	-247.062	-12.354
10000	167	-74.0487	-1265.48
10000	168	-320.888	161.775
10000	169	969.806	-1073.93
10000	170	554.071	506.305
10000	171	-570.433	-1864.24
10000	172	122.26	-1037.15
10000	173	-223.508	99.2461
10000	174	-53.998	411.565
10000	175	552.091	-518.141
10000	176	579.26	-295.058
10000	177	-664.529	-626.082
10000	178	-504.312	307.199
10000	179	87.1181	-164.568
10000	180	368.787	1349.5
10000	181	-43.7193	1119.8
10000	182	-141.597	-297.234
10000	183	-190.268	940.888
10000	184	-460.772	135.11
10000	185	631.539	890.753
10000	186	268.347	-1383.26
10000	187	-205.067	47.2489
10000	188	358.732	22.4248
10000	189	-62.3766	263.851
10000	190	247.755	-706.657
10000	191	-172.998	431.906
10000	192	1.36052	-200.511
10000	193	-468.395	165.538
10000	194	-302.096	-810.624
10000	195	95.524	-899.37
10000	196	-139.837	778.643
10000	197	-860.996	-857.215
10000	198	-613.707	-1461.51
10000	199	-9.69098	236.345
10000	200	-476.171	-597.478
10000	201	-94.3155	110.992
10000	202	190.207	-640.608
10000	203	337.014	303.425
10000	204	124.263	-66.4998
10000	205	-47.5661	114.48
10000	206	140.32	131.963
10000	207	-7.26438	14.1283
10000	208	-481.608	-542.366
10000	209	215.699	-726.299
10000	210	-76.8527	377.716
10000	211	227.834	-11.552
10000	212	120.149	699.604
10000	213	-53.2422	-839.266
10000	214	91.8294	-412.168
10000	215	-356.455	266.759
10000	216	3.47697	-608.616
10000	217	-552.142	3.70112
10000	218	-192.187	-123.375
10000	219	-178.437	-470.861
10000	220	-513.469	-620.257
10000	221	674.838	-727.485
10000	222	236.334	-433.741
10000	223	-411.873	38.6613
10000	224	861.717	-534.116
10000	225	269.361	-322.315
10000	226	16.4629	-197.631
10000	227	265.101	227.039
10000	228	145.259	525.596
10000	229	-736.042	893.001
10000	230	-220.043	52.4574
10000	231	-481.478	1009.33
10000	232	382.108	119.996
10000	233	283.88	175.321
10000	234	-321.881	-41.0379
10000	235	211.997	-420.536
10000	236	527.933	-1109.64
10000	237	456.361	-795.802
10000	238	-301.154	-226.107
10000	239	176.34	-101.405
10000	240	131.821	795.634
10000	241	478.532	229.377
10000	242	240.176	-125.014
10000	243	337.969	317.157
10000	244	468.356	-22.8214
10000	245	-413.839	-96.3749
10000	246	-95.2732	610.082
10000	247	298.262	1096.5
10000	248	716.189	214.446
10000	249	79.3955	-220.856
10000	250	206.814	-440.936
10000	251	542.55	636.129
10000	252	-370.515	-1462.73
10000	253	-111.626	110.331
10000	254	-820.108	-1068.18
10000	255	-29.6268	379.678
10000	256	-310.533	-323.698
10000	257	223.985	-1.40752
10000	258	-680.444	456.42
10000	259	673.607	-252.85
10000	260	418.184	687.016
10000	261	-524.97	220.719
10000	262	311.495	-167.072
10000	263	132.899	326.452
10000	264	760.851	329.207
10000	265	117.939	-423.992
10000	266	-74.6766	608.855
10000	267	-783.614	691.775
10000	268	-587.343	-651.028
10000	269	-63.4436	-1164.05
10000	270	-540.665	-974.248
10000	271	550.048	662.315
10000	272	87.7418	138.098
10000	273	-27.0225	-418.327
10000	274	98.6603	-66.4419
10000	275	-119.847	1689.77
10000	276	-276.99	-1000.96
10000	277	273.832	-771.36
10000	278	246.298	-251.19
10000	279	368.034	-1011.93
10000	280	108.664	443.575
10000	281	426.883	-273.248
10000	282	-130.211	-425.027
10000	283	76.5731	-874.834
10000	284	417.627	-28.0976
10000	285	-236.202	-415.22
10000	286	-539.712	-29.1729
10000	287	-936.335	86.9905
10000	288	-680.192	-322.851
10000	289	-505.659	2065.87
10000	290	-65.8304	-721.248
10000	291	234.731	1768.75
10000	292	72.7782	1483.02
10000	293	559.29	-171.526
10000	294	-689.413	-470.979
10000	295	-221.025	-57.4777
10000	296	89.0669	995.344
10000	297	123.801	1767.26
10000	298	-53.8791	197.973
10000	299	-85.9241	-756.251
10000	300	-770.375	-918.028
10000	301	-213.764	253.842
10000	302	446.485	-558.969
10000	303	254.252	-421.668
10000	304	-93.9815	515.428
10000	305	-224.346	15.241
10000	306	489.168	-419.286
10000	307	-19.0571	-607.438
10000	308	-18.2482	589.178
10000	309	-195.64	-259.401
10000	310	-337.322	-13.1073
10000	311	154.145	-1649.14
10000	312	-308.083	-42.7713
10000	313	-509.606	889.138
10000	314	-744.277	791.915
10000	315	131.984	-273.224
10000	316	-339.662	944.748
10000	317	-113.855	-9.5396
10000	318	-191.616	-663.089
10000	319	-254.261	739.005
10000	320	251.154	-722.949
10000	321	414.508	448.418
10000	322	-216.756	-1285.31
10000	323	-304.198	141.915
10000	324	132.376	740.708
10000	325	-777.16	219.878
10000	326	-591.707	1247.7
10000	327	-182.736	-541.803
10000	328	-338.477	925.386
10000	329	-209.667	-679.465
10000	330	-52.9334	21.9757
10000	331	395.304	58.9634
10000	332	247.91	-1115.1
10000	333	-166.622	-80.9767
10000	334	-541.132	426.812
10000	335	-518.83	-186.706
10000	336	31.4289	-556.46
10000	337	84.8633	707.872
10000	338	-183.756	340.294
10000	339	-386.485	81.9008
10000	340	331.357	41.1626
10000	341	315.412	-707.573
10000	342	403.247	429.417
10000	343	354.083	659.739
10000	344	-383.654	-686.746
10000	345	-322.06	1003.1
10000	346	76.4295	822.233
10000	347	472.135	-33.3408
10000	348	-201.969	88.2857
10000	349	99.1342	-104.29
10000	350	-262.218	610.661
10000	351	-342.164	475.196
10000	352	133.611	446.729
10000	353	-345.454	182.864
10000	354	-323.5	-828.13
10000	355	-251.863	-306.821
10000	356	16.1763	1097.93
10000	357	-417.414	415.93
10000	358	-68.1206	486.454
10000	359	-216.225	73.7483
10000	360	-289.806	-350.039
10000	361	34.1221	-613.18
10000	362	352.096	263.396
10000	363	573.711	366.424
10000	364	485.926	-127.19
10000	365	660.508	157.201
10000	366	-198.392	1242.11
10000	367	-161.09	788.942
10000	368	181.104	-368.581
10000	369	-76.1159	-80.5643
10000	370	337.257	-533.695
10000	371	-11.2693	-207.404
10000	372	44.9366	894.675
10000	373	137.386	-390.809
10000	374	-389.395	740.918
10000	375	456.927	-226.192
10000	376	45.9121	-214.589
10000	377	-240.93	-542.608
10000	378	680.868	17.5315
10000	379	-392.362	-1132.63
10000	380	215.144	680.944
10000	381	-833.393	-1129.01
10000	382	62.2735	-1772.93
10000	383	-640.171	-287.671
10000	384	323.12	793.266
10000	385	-166.087	-715.595
10000	386	88.0364	-60.2805
10000	387	145.405	1116.83
10000	388	102.938	-214.139
10000	389	-604.447	-1046.96
10000	390	123.421	-558.003
10000	391	-146.513	906.734
10000	392	-321.892	-374.276
10000	393	11.8367	-318.079
10000	394	-374.177	-202.848
10000	395	-329.892	711.517
10000	396	-614.925	-1319.57
10000	397	-295.157	42.4663
10000	398	-101.068	197.296
10000	399	208.18	-589.696
10000	400	104.664	-607.903
10000	401	316.683	424.129
10000	402	919.421	578.436
10000	403	138.825	-28.598
10000	404	-795.721	583.069
10000	405	458.83	501.777
10000	406	-369.974	-486.965
10000	407	-105.633	-326.059
10000	408	28.7689	-130.835
10000	409	129.689	-655.307
10000	410	408.584	-643.097
10000	411	-98.1085	-446.074
10000	412	504.807	554.752
10000	413	-154.889	-66.6816
10000	414	-429.546	-317.165
10000	415	-317.687	-402.542
10000	416	-777.128	76.508
10000	417	-714.11	552.719
10000	418	-514.793	282.704
10000	419	388.769	-443.753
10000	420	312.715	-556.859
10000	421	250.381	1704.03
10000	422	237.349	-902.766
10000	423	946.337	289.593
10000	424	241.996	246.924
10000	425	421.293	316.506
10000	426	485.508	809.527
10000	427	244.361	497.151
10000	428	-828.23	-1357.88
10000	429	-16.3111	577.477
10000	430	-328.685	-1172.32
10000	431	483.239	489.124
10000	432	105.068	1106.94
10000	433	-386.688	175.325
10000	434	-252.317	-308.594
10000	435	56.4801	635.782
10000	436	-450.429	26.8389
10000	437	-296.48	-54.466
10000	438	-444.262	369.635
10000	439	-212.9	121.89
10000	440	-452.958	-914.731
10000	441	233.33	-892.874
10000	442	266.445	-1342.2
10000	443	393.784	-1405.18
10000	444	413.897	1825.04
10000	445	-547.224	449.358
10000	446	-499.323	57.2977
10000	447	-83.3527	-861.635
10000	448	-216.563	-611.202
10000	449	-996.267	-643.433
10000	450	-70.3203	-325.615
10000	451	-866.384	630.584
10000	452	-362.995	-397.498
10000	453	55.2888	-243.404
10000	454	496.126	-252.024
10000	455	-581.667	-704.671
10000	456	156.305	-597.254
10000	457	-193.47	151.38
10000	458	-199.686	613.709
10000	459	-384.615	1078.71
10000	460	-193.254	1101.59
10000	461	236.817	969.826
10000	462	-609.94	-285.036
10000	463	-435.369	-273.533
10000	464	462.873	164.561
10000	465	-32.3332	706.697
10000	466	-301.283	-621.174
10000	467	-1.81696	1160
10000	468	453.046	-558.238
10000	469	-198.851	-130.25
10000	470	72.1408	-153.455
10000	471	-235.459	969.306
10000	472	-1127.7	839.51
10000	473	397.898	-138.977
10000	474	169.936	199.243
10000	475	-346.589	-830.184
10000	476	-239.989	203.237
10000	477	-735.95	661.311
10000	478	143.321	-165.482
10000	479	41.1003	343.038
10000	480	-372.724	-501.891
10000	481	-6.47502	-710.561
10000	482	53.0674	-995.177
10000	483	7.85647	-865.614
10000	484	92.7267	792.604
10000	485	-882.196	-276.643
10000	486	-376.999	-596.04
10000	487	89.4263	334.338
10000	488	137.98	508.437
10000	489	-202.342	-1101.14
10000	490	5.79307	200.647
10000	491	38.1251	-635.255
10000	492	359.347	-454.899
10000	493	12.4232	-53.122
10000	494	-231.642	668.084
10000	495	535.968	51.9628
10000	496	-476.658	-724.004
10000	497	8.62594	1617.27
10000	498	-404.021	1124.27
10000	499	-101.859	-239.409
12000	0	460.707	502.237
12000	1	-138.847	1166.45
12000	2	-337.813	397.615
12000	3	-354.151	373.321
12000	4	538.144	-665.81
12000	5	-216.936	-14.7495
12000	6	135.549	1177.89
12000	7	-681.277	-832.102
12000	8	-656.851	-1834.04
12000	9	-128.488	604.632
12000	10	774.174	-475.764
12000	11	44.7395	-930.556
12000	12	217.894	-859.744
12000	13	-149.595	293.657
12000	14	-153.468	647.034
12000	15	-172.571	-596.468
12000	16	778.136	27.2624
12000	17	-1210.72	-983.863
12000	18	110.297	122.063
12000	19	-264.945	1022.8
12000	20	-376.021	246.614
12000	21	258.82	-416.639
12000	22	-219.535	12.1582
12000	23	759.358	-1216.87
12000	24	30.0232	224.418
12000	25	-906.63	-312.18
12000	26	-1049.18	-1076.65
12000	27	247.814	-175.56
12000	28	-198.251	980.641
12000	29	-869.21	-1019.69
12000	30	1114.28	566.118
12000	31	-855.036	490.321
12000	32	-1011.8	417.802
12000	33	-365.517	720.848
12000	34	649.406	254.735
12000	35	290.681	786.453
12000	36	-595.958	276.641
12000	37	747.605	319.253
12000	38	-209.988	68.2619
12000	39	1186.71	-829.198
12000	40	-1242.24	1149.2
12000	41	408.545	161.949
12000	42	-121.06	-238.046
12000	43	-229.984	-963.449
12000	44	279.177	-61.1097
12000	45	-94.6055	1029.02
12000	46	-301.497	1959.49
12000	47	-693.952	123.642
12000	48	-646.852	1100.98
12000	49	-324.71	448.422
12000	50	119.151	589.678
12000	51	-168.805	-99.8709
12000	52	-222.876	204.016
12000	53	955.686	-657.298
12000	54	-763.285	-181.059
12000	55	217.618	35.0819
12000	56	-3.07211	687.64
12000	57	-349.268	508.701
12000	58	-376.682	-273.973
12000	59	99.0985	451.629
12000	60	178.079	-497.947
12000	61	51.9449	1132.92
12000	62	-562.497	787.193
12000	63	-91.6212	221.706
12000	64	-873.685	212.568
12000	65	-466.658	-357.357
12000	66	-113.352	-1379.43
12000	67	-444.733	1211.72
12000	68	336.377	-143.121
12000	69	179.172	258.161
12000	70	-233.879	1438.79
12000	71	-943.019	-248.489
12000	72	193.528	520.694
12000	73	571.356	-1555.44
12000	74	-531.553	153.012
12000	75	298.183	-258.312
12000	76	97.7395	-1020.62
12000	77	-65.1935	233.457
12000	78	49.6743	114.82
12000	79	183.557	-402.272
12000	80	-456.661	-297.827
12000	81	202.142	-1387.35
12000	82	214.936	-599.789
12000	83	504.56	626.569
12000	84	230.796	1094.86
12000	85	724.391	495.604
12000	86	547.617	540.67
12000	87	-550.693	1183.36
12000	88	24.2776	50.4419
12000	89	-390.235	-1292.11
12000	90	-355.664	-1135.38
12000	91	-296.405	-629.699
12000	92	-233.366	142.456
12000	93	-335.455	-495.306
12000	94	-366.608	517.97
12000	95	-700.571	698.052
12000	96	807.213	-1609.91
12000	97	-576.567	270.436
12000	98	353.111	1403.52
12000	99	-15.498	-837.399
12000	100	-560.901	-127.772
12000	101	137.17	-426.257
12000	102	92.0291	-374.49
12000	103	-1157.33	541.182
12000	104	-16.8599	440.074
12000	105	-497.713	-153.72
12000	106	-441.96	-563.317
12000	107	-17.5158	1052.66
12000	108	-265.727	13.772
12000	109	826.846	609.732
12000	110	-330.74	773.589
12000	111	-398.155	-255.465
12000	112	-93.2123	684.703
12000	113	771.469	-392.992
12000	114	-56.7978	72.1418
12000	115	-213.146	-920.704
12000	116	456.789	-926.984
12000	117	-474.853	-614.63
12000	118	-1197.44	-1397.03
12000	119	-329.176	709.905
12000	120	-892.975	622.261
12000	121	-500.362	775.18
12000	122	-694.566	-130.611
12000	123	168.463	10.3869
12000	124	-249.512	987.105
12000	125	-447.925	-818.452
12000	126	-520.694	60.7345
12000	127	-209.136	570.335
12000	128	40.114	369.401
12000	129	-705.855	-1473.78
12000	130	661.102	1022.96
12000	131	35.3505	1271.53
12000	132	739.788	1253.27
12000	133	-166.325	935.49
12000	134	-867.645	397.048
12000	135	-336.938	1570.21
12000	136	-1051.23	607.733
12000	137	-370.653	-667.71
12000	138	-0.438555	565.896
12000	139	120.731	1701.61
12000	140	351.851	598.316
12000	141	535.137	-647.696
12000	142	375.41	-1142.32
12000	143	1070.55	-148.294
12000	144	-858.151	-224.833
12000	145	-18.4421	945.281
12000	146	754.969	-27.5616
12000	147	764.211	-373.896
12000	148	-613.414	1057.98
12000	149	-626.097	-873.169
12000	150	445.663	585.923
12000	151	-736.608	-1038.97
12000	152	193.826	214.932
12000	153	-84.1894	1840.59
12000	154	-17.8022	-291.411
12000	155	606.061	362.526
12000	156	709.372	835.372
12000	157	213.823	-977.585
12000	158	579.452	344.091
12000	159	-255.053	-746.377
12000	160	-824.039	-568.85
12000	161	47.7633	-1033.79
12000	162	-865.33	-79.1381
12000	163	-86.9522	738.739
12000	164	203.913	-361.033
12000	165	486.043	-2260.86
12000	166	-251.103	53.4012
12000	167	-141.676	-1471.41
12000	168	-202.475	-23.6039
12000	169	809.644	-978.576
12000	170	161.825	669.976
12000	171	-620.041	-1676.23
12000	172	156.672	-1451.7
12000	173	36.8497	19.2123
12000	174	50.1823	647.934
12000	175	571.449	-114.292
12000	176	755.604	-188.706
12000	177	-445.665	-470.487
12000	178	-500.776	378.867
12000	179	-18.9204	-157.304
12000	180	506.57	1208.86
12000	181	54.432	1212.97
12000	182	96.9928	-261.682
12000	183	-291.568	1087.4
12000	184	-714.283	177.747
12000	185	574.002	1014.07
12000	186	168.968	-1384.96
12000	187	-330.587	66.312
12000	188	371.486	-293.865
12000	189	77.2611	224.509
12000	190	353.628	-100.909
12000	191	-214.846	152.313
12000	192	-304.239	-154.214
12000	193	-577.7	190.024
12000	194	-689.354	-827
12000	195	16.8002	-1071.91
12000	196	-135.668	1003.28
12000	197	-1141.1	-1264
12000	198	-711.576	-1626.48
12000	199	-32.7435	140.312
12000	200	-276.751	-650.964
12000	201	147.162	-189.676
12000	202	549.918	-893.651
12000	203	240.012	630.062
12000	204	-18.4213	229.386
12000	205	-147.277	378.857
12000	206	139.609	-215.836
12000	207	-286.202	-296.695
12000	208	-259.335	-372.791
12000	209	175.633	-592.09
12000	210	-37.2347	350.489
12000	211	102.127	-160.006
12000	212	238.283	840.454
12000	213	7.21818	-1059.31
12000	214	-266.886	-331.18
12000	215	-262.278	16.5068
12000	216	77.9324	-208.599
12000	217	-353.389	285.902
12000	218	-92.4563	-556.7
12000	219	-327.194	-470.756
12000	220	-334.964	-725.923
12000	221	694.167	-351.248
12000	222	14.3297	-1173.94
12000	223	-405.405	768.583
12000	224	859.999	-626.084
12000	225	36.2009	-238.997
12000	226	238.594	22.9901
12000	227	84.5434	443.331
12000	228	-75.5565	574.379
12000	229	-684.922	1098.53
12000	230	-422.132	-189.864
12000	231	-278.031	751.012
12000	232	472.056	240.66
12000	233	85.4658	153.312
12000	234	-302.137	-144.473
12000	235	251.684	-269.848
12000	236	331.084	-589.978
12000	237	376.784	-243.713
12000	238	-167.385	118.57
12000	239	97.7273	110.628
12000	240	-35.4439	996.182
12000	241	498.318	8.17551
12000	242	100.984	-221.203
12000	243	122.669	808.664
12000	244	266.722	-305.852
12000	245	-292.314	-260.591
12000	246	209.071	748.716
12000	247	16.0094	880.119
12000	248	660.103	-53.9842
12000	249	-60.4843	-1021.34
12000	250	27.5412	-686.964
12000	251	383.749	145.521
12000	252	-251.214	-1647.7
12000	253	13.021	56.0166
12000	254	-719.499	-1180.4
12000	255	-104.089	698.414
12000	256	-104.833	-285.513
12000	257	300.098	310.689
12000	258	-876.818	522.746
12000	259	819.475	-313.852
12000	260	235.411	780.316
12000	261	-504.511	507.447
12000	262	309.522	-726.714
12000	263	68.0815	84.6594
12000	264	563.847	125.643
12000	265	336.97	-645.166
12000	266	-129.546	401.329
12000	267	-774.926	393.511
12000	268	-709.194	-741.155
12000	269	-90.7143	-1104.09
12000	270	-224.889	-1062.15
12000	271	630.876	563.905
12000	272	3.7958	2.29002
12000	273	-309.787	-395.55
12000	274	-136.079	-180.548
12000	275	-479.033	1900.74
12000	276	-574.275	-1724.11
12000	277	172.025	-826.553
12000	278	104.67	-65.9412
12000	279	329.359	-426.512
12000	280	-374.519	583.538
12000	281	648.927	184.071
12000	282	-329.256	-625.499
12000	283	-99.8982	-359.42
12000	284	76.3498	184.183
12000	285	-175.962	-716.165
12000	286	-805.858	96.153
12000	287	-794.648	79.8083
12000	288	-819.083	0.90943
12000	289	-578.937	1620.24
12000	290	213.831	-672.489
12000	291	156.026	2089.32
12000	292	-105.829	1423.93
12000	293	694.503	-301.141
12000	294	-729.129	-285.056
12000	295	103.49	-47.7422
12000	296	130.47	1735.09
12000	297	-16.9102	1941.84
12000	298	104.421	326.722
12000	299	-70.933	-396.54
12000	300	-674.973	-1321.09
12000	301	-493.997	553.319
12000	302	212.386	-950.659
12000	303	173.986	-358.175
12000	304	66.5519	303.339
12000	305	-201.579	36.6041
12000	306	457.879	-200.158
12000	307	-180.626	101.448
12000	308	-216.837	698.212
12000	309	-265.717	-205.048
12000	310	-359.145	117.473
12000	311	150.543	-1710.22
12000	312	-292.501	168.864
12000	313	-332.209	1172.21
12000	314	-782.343	450.782
12000	315	14.7331	174.064
12000	316	-437.509	819.682
12000	317	62.2579	159.493
12000	318	-203.238	-352.455
12000	319	3.49548	445.272
12000	320	-17.0713	-547.508
12000	321	46.4865	320.336
12000	322	-229.608	-1132.79
12000	323	-462.391	423.264
12000	324	33.0373	827.346
12000	325	-572.874	477.899
12000	326	-769.705	1495.02
12000	327	-422.015	-626.967
12000	328	-601.93	1569.3
12000	329	-327.123	-168.183
12000	330	78.801	-82.3757
12000	331	475.707	102.089
12000	332	356.922	-1606.29
12000	333	-38.9259	-350.019
12000	334	-520.694	535.986
12000	335	-405.311	-63.2427
12000	336	-28.4264	-674.523
12000	337	163.602	503.929
12000	338	-254.947	-31.2933
12000	339	-546.71	441.932
12000	340	306.513	175.201
12000	341	379.077	-527.102
12000	342	283.711	328.663
12000	343	145.584	828.347
12000	344	-363.218	-923.377
12000	345	-83.7954	1023.09
12000	346	95.7	696.174
12000	347	131.821	144.898
12000	348	78.6442	513.979
12000	349	446.1	238.955
12000	350	-342.409	473.854
12000	351	-285.761	762.023
12000	352	574.669	794.457
12000	353	-198.783	513.513
12000	354	-502.562	-597.594
12000	355	-208.793	-518.676
12000	356	106.209	1704.34
12000	357	-100.953	367.436
12000	358	130.231	404.957
12000	359	-313.897	26.1658
12000	360	-286.636	-187.053
12000	361	-108.731	-330.316
12000	362	248.046	840.094
12000	363	329.641	409.008
12000	364	265.744	254.193
12000	365	418.49	382.354
12000	366	-599.937	1623.36
12000	367	19.2918	513.229
12000	368	240.662	38.553
12000	369	-100.814	-234.465
12000	370	377.075	149.337
12000	371	87.378	-143.653
12000	372	383.347	763.268
12000	373	195.926	288.467
12000	374	-144.842	542.216
12000	375	458.519	-347.239
12000	376	-155.596	430.126
12000	377	-126.897	-504.591
12000	378	552.006	-412.671
12000	379	-475.708	-1158.37
12000	380	418.385	705.306
12000	381	-774.538	-1738.51
12000	382	121.464	-1605.36
12000	383	-503.1	-329.02
12000	384	222.911	97.0032
12000	385	-231.232	-995.116
12000	386	317.563	-195.334
12000	387	426.625	1038.51
12000	388	22.5321	-641.846
12000	389	-684.741	-1162.16
12000	390	81.3528	-670.627
12000	391	33.1745	732.918
12000	392	-237.849	-344.101
12000	393	193.665	-508.471
12000	394	-193.743	-911.606
12000	395	-226.186	249.991
12000	396	-896.604	-1442.39
12000	397	-435.202	204.269
12000	398	-182.817	510.62
12000	399	225.993	-910.566
12000	400	354.582	-897.176
12000	401	140.267	-180.849
12000	402	717.397	652.818
12000	403	-7.205	49.2678
12000	404	-974.015	529.644
12000	405	455.022	764.97
12000	406	-605.736	-330.111
12000	407	-73.5058	-352.197
12000	408	220.035	-270.989
12000	409	-79.767	-702.589
12000	410	429.122	-921.714
12000	411	166.588	-836.824
12000	412	402.977	105.072
12000	413	-334.599	-3.57812
12000	414	-327.031	-246.875
12000	415	-276.322	27.0583
12000	416	-916.698	413.39
12000	417	-868.649	269.96
12000	418	-715.815	358.216
12000	419	684.912	-29.3013
12000	420	523.516	-519.613
12000	421	416.875	1651.58
12000	422	198.467	-697.33
12000	423	924.174	324.234
12000	424	184.913	35.9199
12000	425	608.48	756.606
12000	426	325.368	230.859
12000	427	161.882	-65.8054
12000	428	-1029.48	-1269.74
12000	429	-155.499	768.805
12000	430	-310.915	-1407.11
12000	431	574.389	639.017
12000	432	83.9683	262.082
12000	433	-45.1728	270.064
12000	434	-43.5113	-118.182
12000	435	13.6379	723.627
12000	436	-392.79	-138.357
12000	437	22.6677	-51.9235
12000	438	-491.004	312.672
12000	439	-146.487	19.7991
12000	440	-614.844	-1178.58
12000	441	109.789	-600.778
12000	442	493.653	-1085.82
12000	443	431.259	-1577.58
12000	444	443.734	2176.57
12000	445	-671.575	148.408
12000	446	-436.978	513.279
12000	447	79.4107	-778.482
12000	448	-280.591	-833.271
12000	449	-959.632	-892.526
12000	450	133.444	-313.465
12000	451	-604.78	360.826
12000	452	-324.16	-241.751
12000	453	215.954	-436.489
12000	454	492.929	-69.0512
12000	455	-681.31	-932.864
12000	456	236.979	-814.075
12000	457	-391.209	838.807
12000	458	-133.199	902.677
12000	459	-726.298	588.567
12000	460	-175.564	1256.56
12000	461	599.102	1204.39
12000	462	-450.732	-973.994
12000	463	-272.914	-462.353
12000	464	223.158	-289.937
12000	465	113.77	903.316
12000	466	-602.195	-651.46
12000	467	-81.5703	1530.12
12000	468	436.571	-606.896
12000	469	-360.269	-370.29
12000	470	-195.416	364.942
12000	471	-339.115	960.105
12000	472	-1128.94	1068.29
12000	473	536.611	-292.887
12000	474	188.142	655.221
12000	475	-125.642	-651.897
12000	476	-620.097	263.363
12000	477	-713.11	784.607
12000	478	583.613	-30.2717
12000	479	162.322	489.314
12000	480	-391.43	-617.622
12000	481	-29.6589	-394.629
12000	482	-4.62596	-772.752
12000	483	347.81	-1234.53
12000	484	150.949	895.482
12000	485	-730.594	-297.241
12000	486	-113.033	-523.596
12000	487	-51.2687	159.085
12000	488	7.96083	381.335
12000	489	-143.814	-997.444
12000	490	-159.171	6.58019
12000	491	178.965	-939.851
12000	492	396.532	-672.534
12000	493	94.0896	252.071
12000	494	-293.106	1205.09
12000	495	469.667	-81.7989
12000	496	-688.086	-693.523
12000	497	169.323	1825.73
12000	498	-485.252	899.845
12000	499	-167.917	-545.442
14000	0	522.964	792.878
14000	1	44.5756	1160.95
14000	2	-396.829	834.526
14000	3	-614.641	622.309
14000	4	438.738	56.5607
14000	5	-205.949	-96.4973
14000	6	21.8643	1302.65
14000	7	-747.937	-642.098
14000	8	-733.922	-1550.86
14000	9	81.6462	631.455
14000	10	896.189	-37.3889
14000	11	-80.8828	-1110.95
14000	12	419.805	-521.498
14000	13	-260.506	-190.826
14000	14	-242.464	854.581
14000	15	-107.636	-729.926
14000	16	793.681	54.404
14000	17	-949.84	-536.308
14000	18	-15.7302	856.333
14000	19	-312.033	1356.63
14000	20	-291.735	233.815
14000	21	200.002	-523.398
14000	22	-377.594	-43.8653
14000	23	638.094	-1279.65
14000	24	49.1508	336.393
14000	25	-648.988	141.973
14000	26	-882.138	-827.564
14000	27	288.427	-592.83
14000	28	-321.239	1019.58
14000	29	-977.065	-1653.16
14000	30	1173.77	986.064
14000	31	-994.95	593.568
14000	32	-1270.66	-109.45
14000	33	-415.749	1724.44
14000	34	487.132	-47.2639
14000	35	-27.3439	640.98
14000	36	-834.829	-87.7491
14000	37	864.131	-124.893
14000	38	-127.828	352.657
14000	39	1157.97	-844.102
14000	40	-1259.31	1167.24
14000	41	347.683	-31.7106
14000	42	-336.015	33.9203
14000	43	-432.684	-1073.67
14000	44	24.9271	-426.478
14000	45	-270.32	1067.78
14000	46	-246.101	2229.29
14000	47	-951.145	10.7822
14000	48	-380.539	1063.88
14000	49	-464.615	716.89
14000	50	520.484	1080.75
14000	51	-187.567	-590.193
14000	52	-125.61	518.94
14000	53	652.362	-643.287
14000	54	-940.134	-117.847
14000	55	171.23	-66.9687
14000	56	251.59	738.334
14000	57	-246.516	686.507
14000	58	-477.987	-143.321
14000	59	-113.368	359.232
14000	60	399.412	-387.779
14000	61	349.777	1011.65
14000	62	-760.962	954.969
14000	63	-232.499	218.355
14000	64	-1063.47	302.035
14000	65	-445.722	-712.183
14000	66	-87.7122	-1400.59
14000	67	-443.857	781.033
14000	68	518.022	-202.789
14000	69	61.6492	-69.7261
14000	70	-158.66	1303.47
14000	71	-760.767	-237.802
14000	72	45.8457	480.415
14000	73	513.698	-1129.8
14000	74	-301.497	464.528
14000	75	600.507	-891.148
14000	76	436.119	-606.441
14000	77	-44.5313	318.961
14000	78	-349.133	240.818
14000	79	343.351	-435.21
14000	80	-515.836	41.1734
14000	81	363.448	-1357.05
14000	82	337.204	-303.942
14000	83	494.431	929.284
14000	84	199.742	1086.12
14000	85	507.761	539.792
14000	86	649.521	169.141
14000	87	-469.437	704.422
14000	88	46.9398	112.664
14000	89	-316.61	-1079.84
14000	90	-153.499	-1516.97
14000	91	-494.713	-711.627
14000	92	-275.757	49.4023
14000	93	-326.456	-19.3529
14000	94	-607.075	984.439
14000	95	-717.999	876.657
14000	96	964.319	-2382.84
14000	97	-593.446	555.146
14000	98	504.457	1266.46
14000	99	-73.0925	-1226.42
14000	100	-455.163	-13.593
14000	101	138.009	-378.741
14000	102	82.3539	-68.8714
14000	103	-1027.8	935.956
14000	104	-58.8084	371.196
14000	105	-596.303	-2.11028
14000	106	-343.22	-583.651
14000	107	-86.5099	295.07
14000	108	-106.135	-250.375
14000	109	646.07	433.687
14000	110	-88.2766	1100.51
14000	111	-200.543	-608.258
14000	112	-62.1038	524.64
14000	113	670.955	-1228.29
14000	114	-159.216	-54.9741
14000	115	-234.769	-1029.47
14000	116	379.748	-654.22
14000	117	-293.002	-1030.07
14000	118	-1137.03	-1324.06
14000	119	-308.039	338.925
14000	120	-831.253	469.911
14000	121	-888.269	847.059
14000	122	-763.554	-796.796
14000	123	29.586	77.7947
14000	124	-231.511	601.08
14000	125	-247.959	-1389.26
14000	126	-659.486	633.113
14000	127	-213.821	963.769
14000	128	-10.1918	170.223
14000	129	-864.758	-985.296
14000	130	672.041	563.829
14000	131	-243.618	1217.28
14000	132	320.082	1500.56
14000	133	-346.917	1094.15
14000	134	-925.36	-155.085
14000	135	-275.443	1980.14
14000	136	-1269.34	740.582
14000	137	-313.378	-528.981
14000	138	97.9399	530.208
14000	139	-141.09	1645.19
14000	140	-224.787	207.981
14000	141	694.71	-386.455
14000	142	177.064	-1032.49
14000	143	1071.68	-11.3836
14000	144	-619.35	-194.574
14000	145	270.775	807.089
14000	146	615.701	-315.592
14000	147	625.539	-353.65
14000	148	-616.803	1182.96
14000	149	-531.809	-808.553
14000	150	626.328	149.768
14000	151	-597.422	-676.528
14000	152	473.278	-45.9539
14000	153	4.63128	1626.21
14000	154	-372.98	-251.237
14000	155	672.529	515.572
14000	156	806.205	772.716
14000	157	316.438	-703.752
14000	158	1013.17	519.668
14000	159	-232.572	-1049.36
14000	160	-1044.05	-1101.24
14000	161	64.9501	-859.277
14000	162	-909.403	-184.922
14000	163	-166.141	1015.19
14000	164	184.677	-1051.53
14000	165	645.058	-2538.41
14000	166	-168.396	622.95
14000	167	-156.047	-1280.6
14000	168	-11.0056	153.066
14000	169	949.399	-902.703
14000	170	343.218	409.982
14000	171	-357.36	-1791.67
14000	172	97.9175	-783.285
14000	173	-242.302	-39.1803
14000	174	-49.9706	1029.68
14000	175	594.804	256.006
14000	176	957.806	-367.701
14000	177	-167.087	-928.305
14000	178	-422.877	81.1007
14000	179	42.848	-512.965
14000	180	328.365	1024.42
14000	181	13.0687	1166.96
14000	182	115.723	-579.834
14000	183	-13.8456	1487.18
14000	184	-378.758	692.359
14000	185	672.774	724.904
14000	186	186.466	-1594.3
14000	187	-91.5612	331.591
14000	188	170.141	302.076
14000	189	-162.312	124.496
14000	190	511.295	52.9858
14000	191	-222.191	504.913
14000	192	-349.605	88.6974
14000	193	-807.348	-125.506
14000	194	-831.788	-358.238
14000	195	-43.1843	-1036.67
14000	196	-412.107	1276.22
14000	197	-1332.02	-1428.72
14000	198	-593.293	-1448.07
14000	199	241.409	-84.3474
14000	200	-315.805	-1063.22
14000	201	126.112	-111.909
14000	202	408.26	-343.181
14000	203	-356.278	498.419
14000	204	63.3624	-503.158
14000	205	-328.345	904.303
14000	206	138.174	-227.909
14000	207	-189.235	-356.34
14000	208	-119.742	-596.026
14000	209	274.256	-768.222
14000	210	-174.336	81.9556
14000	211	59.3157	612.609
14000	212	378.768	1224.08
14000	213	-174.654	-1082.27
14000	214	-186.223	-242.61
14000	215	-337.301	417.217
14000	216	-135.022	195.342
14000	217	-454.915	-193.474
14000	218	-17.0453	-546.653
14000	219	-118.08	-426.833
14000	220	-271.685	-1185.7
14000	221	696.382	-824.056
14000	222	-45.248	-1309.13
14000	223	-365.615	929.057
14000	224	819.757	-452.845
14000	225	73.9708	-64.7725
14000	226	350.483	-448.214
14000	227	-54.3164	527.558
14000	228	-157.545	723.362
14000	229	-648.798	1602.85
14000	230	-301.981	-396.116
14000	231	-259.744	641.115
14000	232	311.913	184.411
14000	233	-16.7124	110.61
14000	234	-83.5591	-49.862
14000	235	635.956	-307.329
14000	236	351.66	-701.752
14000	237	538.693	-224.275
14000	238	-26.0396	-121.275
14000	239	152.794	-359.161
14000	240	-76.7285	1361.2
14000	241	339.657	-6.10146
14000	242	61.7829	197.702
14000	243	117.063	704.477
14000	244	50.3711	-204.051
14000	245	-251.145	-250.799
14000	246	284.57	961.059
14000	247	238.98	460.453
14000	248	717.627	255.583
14000	249	-21.8351	-1316.19
14000	250	-20.4451	313.439
14000	251	206.177	348.451
14000	252	-553.286	-1658.37
14000	253	-51.8817	118.618
14000	254	-598.544	-1604.17
14000	255	-42.6909	530.681
14000	256	-170.437	-856.863
14000	257	324.954	338.102
14000	258	-856.391	708.342
14000	259	990.933	-432.789
14000	260	149.027	661.123
14000	261	-622.386	224.155
14000	262	249.171	-593.45
14000	263	29.1915	-281.856
14000	264	661.748	218.93
14000	265	698.557	-186.556
14000	266	82.9275	142.826
14000	267	-544.728	94.5948
14000	268	-608.108	-1156.71
14000	269	-325.655	-1058.09
14000	270	-184.361	-1071.78
14000	271	729.289	320.278
14000	272	-191.192	117.212
14000	273	-268.148	-586.155
14000	274	6.1539	-194.274
14000	275	-455.716	1599.93
14000	276	-554.921	-1941.67
14000	277	-110.591	-698.48
14000	278	-73.6145	319.031
14000	279	-9.52441	-249.226
14000	280	-408.882	306.931
14000	281	624.017	212.147
14000	282	-390.687	-770.843
14000	283	-119.295	205.483
14000	284	-36.374	45.6858
14000	285	-254.483	-627.445
14000	286	-918.866	-7.57394
14000	287	-759.918	-84.7858
14000	288	-859.548	150.581
14000	289	-697.207	1661.09
14000	290	233.835	-351.721
14000	291	194.985	2407.33
14000	292	-69.0558	1666.65
14000	293	512.894	-576.463
14000	294	-772.387	-473.447
14000	295	299.229	-278.112
14000	296	89.8965	2480.26
14000	297	-277.492	1612.98
14000	298	-35.4795	315.815
14000	299	-100.715	-442.847
14000	300	-687.385	-1175.63
14000	301	-734.777	519.293
14000	302	22.9847	-1074.07
14000	303	276.041	-459.698
14000	304	205.939	284.106
14000	305	78.6099	73.2825
14000	306	399.057	-343.647
14000	307	-87.8975	305.96
14000	308	-56.3071	821.86
14000	309	-65.4312	-736.142
14000	310	-298.124	-141.601
14000	311	36.5198	-2222.15
14000	312	-327.368	147.915
14000	313	168.105	1281.89
14000	314	-753.747	603.397
14000	315	-68.3579	-202.872
14000	316	-457.689	857.041
14000	317	2.48296	701.486
14000	318	-390.066	-172.26
14000	319	-57.5995	662.8
14000	320	-107.329	-469.925
14000	321	-69.1227	320.174
14000	322	-219.377	-1629.07
14000	323	-545.083	17.1068
14000	324	-126.612	564.94
14000	325	-796.746	642.176
14000	326	-409.225	1713.34
14000	327	-560.767	-737.739
14000	328	-197.987	1610.9
14000	329	-229.807	-458.063
14000	330	-183.13	41.8735
14000	331	332.809	289.242
14000	332	323.275	-1464.66
14000	333	162.525	-411.296
14000	334	-480.905	620.385
14000	335	-241.343	-3.25558
14000	336	92.8976	-646.386
14000	337	304.689	335.572
14000	338	-435.328	-345.55
14000	339	-1006.7	894.147
14000	340	185.501	-40.3778
14000	341	42.5283	-473.382
14000	342	303.86	414.094
14000	343	275.198	650.692
14000	344	-226.563	-826.932
14000	345	-204.936	1283.84
14000	346	156.913	422.918
14000	347	-6.78329	281.047
14000	348	93.6948	887.014
14000	349	548.086	417.058
14000	350	-200.612	359.265
14000	351	-225.593	706.705
14000	352	251.096	1047.18
14000	353	-279.513	711.076
14000	354	-643.821	-866.682
14000	355	-79.2023	-450.133
14000	356	65.7516	1584.41
14000	357	-1.57502	671.506
14000	358	-230.81	258.73
14000	359	-111.165	458.918
14000	360	-149.111	-702.599
14000	361	-411.76	423.238
14000	362	307.914	675.581
14000	363	253.118	499.483
14000	364	224.836	466.327
14000	365	503.767	520.405
14000	366	-740.046	1688.43
14000	367	-237.89	913.947
14000	368	-299.267	-177.461
14000	369	-277.365	-170.185
14000	370	555.485	121.387
14000	371	-100.334	-353.11
14000	372	623.561	693.383
14000	373	255.113	306.291
14000	374	-283.096	95.9245
14000	375	600.245	-154.381
14000	376	-117.648	739.726
14000	377	-81.1565	-589.579
14000	378	632.226	-418.809
14000	379	-594.424	-1017.49
14000	380	437.3	1299.07
14000	381	-1071.23	-1726.54
14000	382	301.68	-1694.25
14000	383	-359.697	-149.044
14000	384	479.306	-69.3391
14000	385	-188.663	-1201.74
14000	386	189.038	268.364
14000	387	7.97292	774.71
14000	388	71.7682	-377.688
14000	389	-605.895	-1404.2
14000	390	20.7229	-47.7774
14000	391	233.026	1086.69
14000	392	-440.41	212.82
14000	393	237.284	-704.403
14000	394	-33.9552	-1239.79
14000	395	-217.769	448.725
14000	396	-1034.75	-1481.88
14000	397	-756.361	237.548
14000	398	-143.362	925.275
14000	399	266.404	-1257.02
14000	400	56.9665	-802.903
14000	401	82.4694	-377.844
14000	402	877.131	244.789
14000	403	-206.253	-344.681
14000	404	-1392.63	566.177
14000	405	435.224	1409.61
14000	406	-625.852	2.15193
14000	407	-127.66	-324.789
14000	408	389.881	306.998
14000	409	-273.832	-758.353
14000	410	617.756	-954.467
14000	411	80.5447	-760.686
14000	412	405.612	137.048
14000	413	-295.517	-162.276
14000	414	-187.774	-891.497
14000	415	-274.491	-334.846
14000	416	-974.233	613.041
14000	417	-929.156	231.961
14000	418	-791.172	-68.7613
14000	419	662.81	-644.902
14000	420	527.195	-423.089
14000	421	767.565	1634.92
14000	422	36.2014	-675.022
14000	423	965.151	460.504
14000	424	183.491	-86.0162
14000	425	329.798	659.84
14000	426	345.237	125.217
14000	427	361.204	-439.335
14000	428	-812.193	-1262.05
14000	429	-114.685	840.871
14000	430	-830.377	-927.88
14000	431	361.484	682.448
14000	432	23.9637	66.7956
14000	433	96.7701	107.873
14000	434	53.6961	-336.165
14000	435	-65.4817	1158.97
14000	436	-448.723	-330.017
14000	437	-132.552	511.549
14000	438	-564.87	307.465
14000	439	177.051	144.99
14000	440	-782.648	-907.321
14000	441	-10.8559	-1012.13
14000	442	310.562	-1377.79
14000	443	326.547	-1623.7
14000	444	323.46	2283.19
14000	445	-509.2	414.869
14000	446	-39.6664	331.396
14000	447	-59.538	-1098.28
14000	448	-579.951	-904.338
14000	449	-938.607	-369.74
14000	450	168.454	-482.316
14000	451	-723.152	692.027
14000	452	-182.879	-226.056
14000	453	139.391	-498.142
14000	454	435.682	-405.028
14000	455	-660.341	-1088.73
14000	456	297.761	-629.645
14000	457	-673.457	1237.17
14000	458	-260.912	914.912
14000	459	-1066.35	402.168
14000	460	243.275	1806.8
14000	461	619.883	1300.52
14000	462	-312.447	-1443.28
14000	463	-374.461	-352.599
14000	464	504.398	29.9713
14000	465	174.675	1048.33
14000	466	-520.909	-503.597
14000	467	-284.28	986.98
14000	468	116.172	-235.996
14000	469	-420.108	-515.953
14000	470	-86.1075	617.092
14000	471	-202.598	1500.36
14000	472	-1222.86	767.035
14000	473	317.726	-312.344
14000	474	210.23	455.487
14000	475	36.1441	-942.585
14000	476	-698.361	492.951
14000	477	-713.628	462.522
14000	478	427.7	38.3714
14000	479	-19.5236	332.858
14000	480	-211.935	-390.672
14000	481	-213.59	-611.767
14000	482	-105.591	-652.097
14000	483	186.626	-447.034
14000	484	-86.8486	816.292
14000	485	-783.73	-212.919
14000	486	-159.239	-382.541
14000	487	126.633	54.9663
14000	488	-182.718	430.894
14000	489	1.08411	-1424.92
14000	490	-155.646	414.807
14000	491	58.8481	-1624.58
14000	492	361.254	-415.422
14000	493	-104.14	625.003
14000	494	-132.59	1686.65
14000	495	510.281	249.821
14000	496	-1051.05	-1004.55
14000	497	120.303	1564.6
14000	498	-605.823	948.179
14000	499	-307.281	-375.031
16000	0	320.59	1123.24
16000	1	243.195	1013.24
16000	2	-378.214	500.889
16000	3	-436.415	747.694
16000	4	459.048	458.295
16000	5	-48.1918	-122.601
16000	6	182.056	1101.35
16000	7	-845.187	-475.647
16000	8	-756.097	-1545.43
16000	9	-327.571	-34.037
16000	10	1186.19	168.069
16000	11	-213.472	-1672.04
16000	12	716.438	-451.177
16000	13	-648.559	-233.132
16000	14	-353.275	1189.61
16000	15	-313.419	-689.595
16000	16	794.986	38.1056
16000	17	-1127.95	-719.157
16000	18	-74.7294	808.316
16000	19	-151.982	1534.1
16000	20	-515.011	134.158
16000	21	97.6623	-762.47
16000	22	-456.798	32.4762
16000	23	800.99	-907.096
16000	24	241.008	753.018
16000	25	-866.305	276.363
16000	26	-942.296	-1054.97
16000	27	127.701	-569.651
16000	28	-510.313	585.851
16000	29	-1168.34	-1586.36
16000	30	1171.23	671.095
16000	31	-1177.18	853.558
16000	32	-1479.43	-209.089
16000	33	-447.533	2016.7
16000	34	529.096	-41.6307
16000	35	74.2464	159.759
16000	36	-927.577	-661.074
16000	37	624.137	-73.5984
16000	38	-347.542	395.323
16000	39	1211.49	-871.261
16000	40	-1140.4	1120.69
16000	41	168.115	299.935
16000	42	-98.0625	169.843
16000	43	-704.002	-1056.69
16000	44	38.7829	-566.491
16000	45	-334.383	1578.4
16000	46	-541.168	2970.16
16000	47	-1094.03	164.881
16000	48	-874.338	894.921
16000	49	-304.009	334.036
16000	50	681.22	1637.26
16000	51	-129.425	-882.191
16000	52	91.4931	808.033
16000	53	715.432	-607.224
16000	54	-1065.53	-424.729
16000	55	261.635	-249.526
16000	56	371.166	241.328
16000	57	-231.392	1170.19
16000	58	-497.923	-259.951
16000	59	-49.8454	599.23
16000	60	278.866	-228
16000	61	531.529	729.351
16000	62	-724.26	1004.81
16000	63	-31.726	424.769
16000	64	-1481.11	110.704
16000	65	-566.042	-798.043
16000	66	-480.937	-1491.76
16000	67	-523.678	376.98
16000	68	496.167	-855.485
16000	69	-358.1	-84.8042
16000	70	91.7593	1322.31
16000	71	-957.955	-354.896
16000	72	-113.428	762.676
16000	73	214.134	-1238.96
16000	74	-201.578	414.225
16000	75	398.33	-658.594
16000	76	415.917	-1311.12
16000	77	-130.042	-147.157
16000	78	-348.906	445.725
16000	79	440.843	78.6045
16000	80	-497.335	994.04
16000	81	483.254	-724.939
16000	82	19.361	-336.463
16000	83	556.344	781.398
16000	84	-77.1814	854.544
16000	85	322.598	21.837
16000	86	549.502	-412.396
16000	87	-559.615	859.288
16000	88	-220.332	-296.647
16000	89	-251.898	-1097.45
16000	90	-295.846	-1006.23
16000	91	-577.543	-891.825
16000	92	-355.361	141.576
16000	93	-356.974	-393.69
16000	94	-243.596	1186.76
16000	95	-791.978	513.795
16000	96	1064	-2687.52
16000	97	-834.75	862.882
16000	98	757.285	1140.6
16000	99	-151.811	-1365.33
16000	100	-476.774	-158.236
16000	101	119.866	-427.102
16000	102	-20.6458	-431.891
16000	103	-1355.57	919.299
16000	104	203.586	13.2031
16000	105	-457.896	254.134
16000	106	-20.4161	-562.744
16000	107	-107.897	311.647
16000	108	154.856	-303.514
16000	109	304.907	140.009
16000	110	-409	1138.53
16000	111	-135.935	-765.557
16000	112	-308.246	473.476
16000	113	910.338	-1027.95
16000	114	-358.523	182.873
16000	115	-197.574	-1100.3
16000	116	237.126	-692.453
16000	117	-172.998	-1004.86
16000	118	-1317.33	-1488.58
16000	119	-106.174	704.501
16000	120	-1009.53	365.653
16000	121	-940.453	981.43
16000	122	-994.474	-566.107
16000	123	169.032	-185.975
16000	124	-172.18	193.763
16000	125	-484.82	-1333.92
16000	126	-492.751	727.804
16000	127	-223.763	1169.45
16000	128	72.3026	696.917
16000	129	-765.092	-1034.79
16000	130	637.815	1251.35
16000	131	-244.403	1446.47
16000	132	401.457	2020.17
16000	133	-544.783	1544.49
16000	134	-644.255	-90.5368
16000	135	-370.337	2378.63
16000	136	-1071.68	741.848
16000	137	-273.55	-704.311
16000	138	-2.06921	855.839
16000	139	-19.3793	1529.18
16000	140	-262.943	-232.314
16000	141	496.13	-658.841
16000	142	-43.0128	-921.43
16000	143	1228.21	-230.898
16000	144	-459.207	131.987
16000	145	181.545	1062.56
16000	146	386.021	-727.76
16000	147	686.248	30.7616
16000	148	-596.764	1218.42
16000	149	-424.06	-1016.09
16000	150	389.145	136.213
16000	151	-579.322	-942.603
16000	152	494.947	-243.242
16000	153	6.61401	1934
16000	154	-71.5998	-255.54
16000	155	893.627	553.259
16000	156	988.347	506.126
16000	157	252.235	-1057.14
16000	158	934.393	364.622
16000	159	-396.918	-1032.52
16000	160	-1181.85	-1454.65
16000	161	22.5907	-484.811
16000	162	-868.2	-261.635
16000	163	192.505	889.89
16000	164	184.882	-1000.92
16000	165	584.276	-2815.76
16000	166	-346.612	107.766
16000	167	29.0455	-1192.01
16000	168	-142.161	394.717
16000	169	789.97	-1057.93
16000	170	401.614	281.476
16000	171	-759.323	-1338.75
16000	172	-100.903	-1116.72
16000	173	-363.952	165.339
16000	174	-45.2006	1290
16000	175	630.95	490.52
16000	176	975.182	-614.186
16000	177	-440.866	-1170.9
16000	178	-281.3	345
16000	179	161.72	-753.525
16000	180	127.021	1214.54
16000	181	-123.405	1823.08
16000	182	176.533	-494.036
16000	183	291.415	1248.09
16000	184	-258.319	1288.23
16000	185	571.041	690.004
16000	186	8.16093	-1977.33
16000	187	-192.555	7.30135
16000	188	29.6368	383.784
16000	189	59.0199	200.493
16000	190	344.403	-95.1341
16000	191	-74.575	213.107
16000	192	-599.473	110.116
16000	193	-887.963	205.281
16000	194	-795.537	-100.841
16000	195	-42.3149	-1167.95
16000	196	-596.331	1233.6
16000	197	-1482.74	-1793.41
16000	198	-375.724	-1360.09
16000	199	208.464	-231.026
16000	200	-356.295	-947.336
16000	201	125.524	138.806
16000	202	550.329	-408.418
16000	203	-399.108	1005.31
16000	204	144.489	-248.699
16000	205	-787.239	1270.83
16000	206	180.064	-230.707
16000	207	-687.289	-756.385
16000	208	-197.01	-584.129
16000	209	12.4492	-963.405
16000	210	-56.7919	-140.684
16000	211	-41.1692	460.083
16000	212	879.63	1432.45
16000	213	-54.6455	-557.736
16000	214	-80.0294	-466.457
16000	215	-373.073	317.775
16000	216	-158.581	-241.611
16000	217	-634.108	-165.112
16000	218	-131.554	-936.664
16000	219	65.1707	-606.132
16000	220	-291.384	-1070.36
16000	221	594.019	-874.028
16000	222	133.672	-1102.24
16000	223	-283	1087.83
16000	224	541.663	-455.161
16000	225	296.439	275.616
16000	226	176.537	-271.962
16000	227	-98.0591	899.853
16000	228	-197.135	-251.392
16000	229	-1145.91	1824.43
16000	230	-499.701	-310.077
16000	231	-322.135	850.417
16000	232	651.269	-21.5414
16000	233	-136.906	-127.044
16000	234	-163.894	-207.993
16000	235	431.407	235.095
16000	236	252.987	-577.305
16000	237	519.304	-116.719
16000	238	112.355	-22.7652
16000	239	55.9008	-192.591
16000	240	-72.0665	1381.76
16000	241	558.178	498.472
16000	242	122.695	-261.909
16000	243	168.729	674.321
16000	244	6.77783	-51.6584
16000	245	-353.296	-76.7482
16000	246	306.506	869.471
16000	247	59.2848	339.42
16000	248	508.76	194.05
16000	249	116.221	-917.281
16000	250	247.136	114.594
16000	251	294.119	280.709
16000	252	-529.748	-1449.99
16000	253	152.419	-2.38921
16000	254	-473.796	-1649.38
16000	255	-102.271	1214.93
16000	256	12.1091	-1294.54
16000	257	-57.6422	170.285
16000	258	-704.049	963.131
16000	259	1170.09	-668.716
16000	260	-146.261	416.054
16000	261	-837.638	226.793
16000	262	332.642	-872.645
16000	263	110.917	-569.748
16000	264	620.663	440.344
16000	265	695.875	-456.003
16000	266	286.188	204.174
16000	267	-545.211	270.683
16000	268	-443.17	-1631.43
16000	269	-245.452	-750.261
16000	270	176.259	-1142.67
16000	271	549.909	382.131
16000	272	-173.33	17.4343
16000	273	-169.7	-889.034
16000	274	44.2767	-345.935
16000	275	-218.684	1628.38
16000	276	-497.815	-1771.16
16000	277	-647.705	-1005.55
16000	278	-154.403	604.579
16000	279	-251.711	-432.064
16000	280	-506.079	-163.366
16000	281	585.199	502.415
16000	282	-930.36	-1042.58
16000	283	-209.761	-160.942
16000	284	-39.5331	-252.235
16000	285	-393.546	-1130.99
16000	286	-858.784	218.404
16000	287	-759.501	-260.967
16000	288	-1045.6	134.297
16000	289	-598.942	1693.25
16000	290	250.579	-190.941
16000	291	418.895	2406.5
16000	292	-126.567	2219.57
16000	293	474.999	-60.1433
16000	294	-943.417	-531.775
16000	295	538.536	-379.571
16000	296	-110.528	2550.49
16000	297	-397.001	1965.01
16000	298	-219.606	354.984
16000	299	-174.809	-925.315
16000	300	-607.069	-1630.87
16000	301	-814.322	747.001
16000	302	113.391	-1158.01
16000	303	434.303	-1407.01
16000	304	107.67	198.851
16000	305	-27.7036	-54.9099
16000	306	597.63	-439.932
16000	307	-101.766	554.752
16000	308	-56.6299	987.237
16000	309	-542.312	-877.171
16000	310	-17.4778	294.885
16000	311	118.273	-1913.73
16000	312	-429.562	-117.121
16000	313	-26.581	1512.32
16000	314	-705.131	123.636
16000	315	-190.699	184.513
16000	316	-455.333	1165.3
16000	317	-140.318	967.872
16000	318	-528.777	-303.987
16000	319	104.423	726.217
16000	320	-245.411	-1092.39
16000	321	29.6038	246.595
16000	322	-331.922	-1387.4
16000	323	-662.781	-180.252
16000	324	132.446	445.901
16000	325	-856.723	947.715
16000	326	-430.893	1545.64
16000	327	-428.463	-865.668
16000	328	-377.815	2021.27
16000	329	-121.287	-1021.69
16000	330	-62.3057	255.129
16000	331	370.365	239.198
16000	332	129.294	-1993.08
16000	333	-154.153	-363.897
16000	334	-342.517	1087.26
16000	335	-396.743	-333.88
16000	336	-170.142	-590.924
16000	337	344.515	543.577
16000	338	-476.882	-116.336
16000	339	-1003.45	692.073
16000	340	-26.4959	550.044
16000	341	-382.49	-1080.86
16000	342	375.733	574.752
16000	343	394.414	66.5838
16000	344	-203.588	-759.269
16000	345	-61.6971	1272.64
16000	346	-60.7913	772.683
16000	347	94.5564	-167.389
16000	348	254.568	1090.01
16000	349	867.368	494.825
16000	350	-203.59	455.847
16000	351	-237.803	1003.64
16000	352	252.249	962.424
16000	353	-261.495	1107.48
16000	354	-703.369	-281.511
16000	355	-50.3245	-27.089
16000	356	163.669	1777.53
16000	357	-9.09533	899.982
16000	358	128.989	148.362
16000	359	-10.3551	418.303
16000	360	-19.1324	-700.339
16000	361	-451.534	-7.78779
16000	362	127.069	1007.28
16000	363	31.5459	221.801
16000	364	267.228	836.565
16000	365	581.489	771.844
16000	366	-700.055	1775.19
16000	367	-440.358	457.867
16000	368	-295.364	-424.197
16000	369	-302.353	106.498
16000	370	816.734	446.651
16000	371	247.849	-303.247
16000	372	468.289	258.149
16000	373	69.4363	627.34
16000	374	-269.623	-168.684
16000	375	598.312	-38.4184
16000	376	-70.736	672.888
16000	377	-280.823	-387.553
16000	378	628.536	-181.84
16000	379	-602.471	-862.928
16000	380	618.39	1242.1
16000	381	-533.471	-1746.49
16000	382	481.28	-1663.6
16000	383	-668.944	-575.284
16000	384	321.85	55.7211
16000	385	-369.756	-1167.22
16000	386	286.42	-400.376
16000	387	182.992	882.062
16000	388	74.5957	-881.355
16000	389	-686.923	-1138.63
16000	390	44.5007	-340.75
16000	391	12.9952	494.53
16000	392	-509.087	440.736
16000	393	474.628	-699.209
16000	394	202.783	-1068.66
16000	395	-245.558	640.294
16000	396	-996.107	-710.98
16000	397	-636.54	825.06
16000	398	-65.3826	908.86
16000	399	168.534	-1010.46
16000	400	-203.696	-193.972
16000	401	-240.667	-554.142
16000	402	693.659	584.024
16000	403	-226.068	-484.419
16000	404	-1594.56	717.166
16000	405	415.049	1612.53
16000	406	-428.653	37.9966
16000	407	-246.799	-173.067
16000	408	570.402	-108.381
16000	409	-211.539	-865.74
16000	410	747.411	-1058.22
16000	411	259.438	-903.441
16000	412	282.244	12.1447
16000	413	-354.144	-667.727
16000	414	-490.437	-652.915
16000	415	-317.739	-276.088
16000	416	-937.33	811.976
16000	417	-770.138	172.038
16000	418	-596.156	-3.44055
16000	419	946.043	-624.569
16000	420	543.411	-388.341
16000	421	586.497	1495.32
16000	422	-6.75037	-606.589
16000	423	683.983	148.182
16000	424	284.993	-484.459
16000	425	292.91	638.389
16000	426	344.628	-274.435
16000	427	406.453	11.157
16000	428	-1064.75	-1071.37
16000	429	48.1898	727.042
16000	430	-851.092	-844.589
16000	431	454.241	728.904
16000	432	-177.627	137.033
16000	433	290.694	148.212
16000	434	114.522	-78.7402
16000	435	-126.789	960.707
16000	436	-511.197	-641.897
16000	437	24.0736	886.689
16000	438	-724.727	151.665
16000	439	36.1127	362.3
16000	440	-696.448	-1091.86
16000	441	-27.4322	-1284.05
16000	442	512.47	-1271.42
16000	443	632.373	-1402.78
16000	444	480.329	2253.87
16000	445	-486.37	355.554
16000	446	-214.954	368.415
16000	447	82.1436	-800.023
16000	448	-139.306	-1028.05
16000	449	-1016.6	-495.27
16000	450	-30.8941	-185.514
16000	451	-763.577	412.934
16000	452	-323.335	-347.399
16000	453	-220.153	-294.892
16000	454	617.834	-414.118
16000	455	-519.84	-1549.87
16000	456	158.47	-548.105
16000	457	-853.913	1676.05
16000	458	-142.998	1226.55
16000	459	-1106.99	658.348
16000	460	452.085	1916.51
16000	461	688.474	1223.06
16000	462	-368.352	-769.849
16000	463	-254.223	-470.698
16000	464	366.128	-305.476
16000	465	233.778	1000.27
16000	466	-580.105	-822.676
16000	467	-322.399	924.464
16000	468	-44.1942	222.678
16000	469	-361.197	-789.587
16000	470	73.4968	606.203
16000	471	-18.1734	1792.31
16000	472	-1323.67	912.382
16000	473	197.576	-198.869
16000	474	130.582	397.478
16000	475	18.3326	-1160.91
16000	476	-807.714	483.728
16000	477	-354.138	25.8149
16000	478	589.504	-347.895
16000	479	39.2568	294.256
16000	480	-611.694	-106.442
16000	481	-46.6816	159.723
16000	482	-281.478	-896.539
16000	483	207.359	-168.623
16000	484	95.0594	1608.44
16000	485	-1102.05	-230.857
16000	486	-155.569	-714.855
16000	487	127.686	24.629
16000	488	19.114	256.108
16000	489	-16.4061	-1628.7
16000	490	22.0087	56.6826
16000	491	-41.1127	-1502.42
16000	492	418.511	-1247.89
16000	493	-205.976	703.663
16000	494	7.74992	2027.07
16000	495	413.071	169.167
16000	496	-871.701	-933.739
16000	497	-236.253	1462.13
16000	498	-688.052	730.924
16000	499	-303.134	-919.082
18000	0	587.35	1437.37
18000	1	421.326	1349.75
18000	2	-380.559	523.478
18000	3	-451.449	1114.58
18000	4	560	438.01
18000	5	-47.9915	-126.919
18000	6	379.577	337.971
18000	7	-885.589	-608.468
18000	8	-754.586	-1535.47
18000	9	-407.911	354.958
18000	10	1395.7	692.539
18000	11	-212.696	-1811.03
18000	12	477.935	-2.91705
18000	13	-745.692	-267.633
18000	14	-573.708	1393.55
18000	15	-573.696	-226.482
18000	16	653.208	-300.199
18000	17	-1249.1	-397.683
18000	18	-210.014	708.119
18000	19	-112.703	1514.88
18000	20	-609.897	305.249
18000	21	-39.7361	-746.903
18000	22	-319.749	-243.553
18000	23	857.635	-290.371
18000	24	310.785	374.093
18000	25	-788.44	183.934
18000	26	-684.18	-1898.26
18000	27	228.118	173.884
18000	28	-735.259	849.391
18000	29	-1001.63	-1419.38
18000	30	1367.39	1547.56
18000	31	-938.663	980.44
18000	32	-1232.19	367.648
18000	33	-729.691	1916.35
18000	34	310.268	-267.365
18000	35	116.466	-202.659
18000	36	-1091.02	-526.959
18000	37	881.622	44.5277
18000	38	-469.542	401.976
18000	39	1334.93	-510.482
18000	40	-1242.41	976.383
18000	41	109.654	113.865
18000	42	200.316	35.4857
18000	43	-870.602	-714.271
18000	44	80.6797	-1161.58
18000	45	-653.714	2158.64
18000	46	-423.243	2907.13
18000	47	-1490.78	34.5391
18000	48	-871.986	1022.4
18000	49	-82.5608	-27.8662
18000	50	779.734	1836.74
18000	51	-131.26	-744.496
18000	52	9.01237	910.151
18000	53	620.114	-1219.01
18000	54	-1027.68	-566.228
18000	55	379.425	22.7694
18000	56	571.679	22.5857
18000	57	-490.285	999.963
18000	58	-598.775	-302.777
18000	59	-109.611	293.079
18000	60	379.672	-474.282
18000	61	450.439	1049.96
18000	62	-461.917	1545.01
18000	63	-47.4995	630.204
18000	64	-1182.48	112.305
18000	65	-496.939	-1284.68
18000	66	-456.004	-1711.49
18000	67	-497.265	-4.85692
18000	68	556.843	-928.993
18000	69	-339.257	-462.505
18000	70	286.581	1585.68
18000	71	-940.834	-328.017
18000	72	-131.906	1070.97
18000	73	-67.3911	-1631.5
18000	74	-223.415	460.411
18000	75	463.182	-520.575
18000	76	697.036	-1362.08
18000	77	122.225	-45.4037
18000	78	-145.595	947.785
18000	79	402.15	413.494
18000	80	-459.247	1421.33
18000	81	383.739	-824.208
18000	82	261.589	-524.314
18000	83	543.548	439.956
18000	84	34.5936	918.679
18000	85	342.376	-161.259
18000	86	610.75	-221.252
18000	87	-508.135	695.387
18000	88	-336.301	-322.269
18000	89	-315.921	-958.608
18000	90	42.1935	-829.13
18000	91	-236.683	-739.578
18000	92	-354.22	-199.754
18000	93	-408.519	-744.391
18000	94	-109.3	1018.4
18000	95	-798.83	362.341
18000	96	1144.64	-2856.27
18000	97	-953.97	408.259
18000	98	796.813	1683.06
18000	99	-413.635	-1367.33
18000	100	-377.844	-538.002
18000	101	0.998484	-729.923
18000	102	-34.9905	-775.532
18000	103	-1374.86	1392.21
18000	104	-38.2724	338.214
18000	105	-478.15	546.391
18000	106	-140.752	-420.983
18000	107	-88.891	50.6447
18000	108	15.4828	-195.712
18000	109	85.7193	-69.7398
18000	110	-528.651	1254.09
18000	111	-294.764	-678.773
18000	112	-246.09	409.393
18000	113	749.992	-1298.51
18000	114	-516.437	-59.3062
18000	115	-72.7718	-1929.5
18000	116	380.273	-956.547
18000	117	45.5047	-496.895
18000	118	-1615.58	-1563.82
18000	119	-147.927	373.082
18000	120	-1190.85	586.159
18000	121	-949.104	1188.64
18000	122	-950.424	-656.331
18000	123	69.8155	-221.095
18000	124	69.6474	240.046
18000	125	-417.592	-1058.4
18000	126	-300.491	789.138
18000	127	-511.155	1417.12
18000	128	-72.3649	726.571
18000	129	-803.801	-976.125
18000	130	938.494	1696.6
18000	131	-223.02	1379.01
18000	132	481.558	2018.66
18000	133	-708.812	1635.96
18000	134	-446.543	-776.229
18000	135	-317.763	2213.95
18000	136	-1209.78	959.047
18000	137	-410.688	-777.528
18000	138	-262.344	814.853
18000	139	-140.241	1982.45
18000	140	-346.005	-479.101
18000	141	517.371	-1009.79
18000	142	-184.91	-673.766
18000	143	1292.2	-309.853
18000	144	-421.307	205.33
18000	145	164.485	1313.72
18000	146	512.532	-290.982
18000	147	425.835	77.8323
18000	148	-380.72	780.201
18000	149	-386.472	-676.374
18000	150	710.577	132.678
18000	151	-597.449	-710.244
18000	152	181.652	-72.1635
18000	153	175.234	1668.21
18000	154	17.2251	273.603
18000	155	991.504	136.505
18000	156	427.497	511.679
18000	157	234.373	-488.217
18000	158	1297.58	543.358
18000	159	-679.657	-1568.56
18000	160	-1268.62	-1643.42
18000	161	-35.4249	-1044.53
18000	162	-847.617	-805.603
18000	163	-47.6292	1082.28
18000	164	282.492	-632.6
18000	165	686.299	-3252.13
18000	166	-407.005	201.339
18000	167	-17.5039	-782.545
18000	168	-83.0986	651.675
18000	169	689.504	-1192.34
18000	170	554.226	-200.128
18000	171	-936.5	-1198.49
18000	172	-72.6923	-1148.34
18000	173	-490.389	54.5046
18000	174	-172.808	766.767
18000	175	472.223	356.623
18000	176	890.566	-1037.02
18000	177	-624.236	-1182.9
18000	178	-160.214	283.435
18000	179	454.269	-1213.1
18000	180	7.31994	1484.96
18000	181	-202.819	1369.59
18000	182	-65.3651	-163.639
18000	183	481.765	1150.7
18000	184	-238.559	936.846
18000	185	353.339	536.586
18000	186	-33.225	-1858.18
18000	187	-331.517	-152.039
18000	188	-146.944	193.536
18000	189	-164.206	471.36
18000	190	405.071	-80.8811
18000	191	125.722	250.541
18000	192	-698.137	113.934
18000	193	-947.742	-104.889
18000	194	-1062.98	-643.699
18000	195	75.4489	-725.643
18000	196	-477.98	2123.79
18000	197	-1119.7	-1749.5
18000	198	-496.522	-1762.51
18000	199	589.278	-219.071
18000	200	-433.326	-1331.77
18000	201	23.7935	73.9307
18000	202	689.047	114.386
18000	203	-321.648	1154.34
18000	204	319.145	105.743
18000	205	-810.386	1192.22
18000	206	177.383	-971.95
18000	207	-689.769	-797.347
18000	208	81.5945	-557.569
18000	209	137.197	-800.371
18000	210	173.376	-918.74
18000	211	159.933	632.423
18000	212	881.922	1329.66
18000	213	145.573	-822.352
18000	214	-47.9662	-464.039
18000	215	-324.309	120.147
18000	216	-361.146	-229.781
18000	217	-503.846	-433.905
18000	218	-194.294	-1177.14
18000	219	-158.122	-184.931
18000	220	-414.724	-770.964
18000	221	773.313	-459.403
18000	222	395.188	-355.132
18000	223	-524.161	788.144
18000	224	699.218	-971.021
18000	225	473.7	-196.349
18000	226	318.115	-426.147
18000	227	-215.335	506.961
18000	228	-335.738	-1056.81
18000	229	-1341.49	2235.47
18000	230	-320.532	-207.392
18000	231	-161.702	287.512
18000	232	690.561	123.335
18000	233	-413.951	-229.474
18000	234	-424.921	-799.73
18000	235	345.315	544.398
18000	236	296.237	-995.948
18000	237	340.613	-150.273
18000	238	172.614	-470.518
18000	239	-244.346	-40.9548
18000	240	-39.1739	1242.79
18000	241	457.078	1180.33
18000	242	-178.069	118.471
18000	243	59.8849	803.045
18000	244	-173.391	-464.334
18000	245	-233.706	107.557
18000	246	222.634	871.871
18000	247	439.128	914.535
18000	248	457.904	313.351
18000	249	170.275	-701.96
18000	250	209.326	-407.411
18000	251	-198.241	-174.433
18000	252	-590.896	-1572.64
18000	253	-89.5714	-75.9088
18000	254	-476.782	-1860.3
18000	255	-150.417	878.086
18000	256	-69.0742	-1837.15
18000	257	-375.198	-316.236
18000	258	-641.431	1142.26
18000	259	1091.89	-1162.23
18000	260	-21.7667	305.421
18000	261	-803.904	403.508
18000	262	271.145	-1488.5
18000	263	29.7907	-819.674
18000	264	481.191	203.925
18000	265	440.59	-462.625
18000	266	205.552	45.1772
18000	267	-464.57	105.874
18000	268	-488.751	-2332.86
18000	269	-254.267	-596.326
18000	270	156.137	-1017.18
18000	271	432.438	881.252
18000	272	9.19922	-152.713
18000	273	169.914	-865.372
18000	274	-94.6145	-312.839
18000	275	-355.64	1206.91
18000	276	-339.037	-1625.72
18000	277	-474.651	-869.208
18000	278	-294.154	463.837
18000	279	-228.493	-333.585
18000	280	-310.957	-84.0042
18000	281	594.313	341.198
18000	282	-723.896	-889.482
18000	283	-176.706	-503.531
18000	284	185.645	-273.684
18000	285	-214.002	-1416.49
18000	286	-661.64	737.559
18000	287	-617.421	-640.133
18000	288	-1277.25	389.465
18000	289	-437.839	1598.65
18000	290	212.243	-161.429
18000	291	574.781	3116.19
18000	292	-349.089	2400.01
18000	293	497.378	66.4299
18000	294	-788.997	-516.224
18000	295	762.237	-127.861
18000	296	-31.7411	3095.24
18000	297	-239.287	2271.23
18000	298	-258.237	112.132
18000	299	9.5952	-1021.15
18000	300	-663.579	-1791.32
18000	301	-794.543	1576.36
18000	302	33.0526	-1359.13
18000	303	114.006	-1346.79
18000	304	-63.7774	65.0965
18000	305	-3.1299	-199.013
18000	306	577.196	-264.833
18000	307	-325.214	772.044
18000	308	139.739	1232.35
18000	309	-762.619	-1123.44
18000	310	-121.05	488.771
18000	311	213.471	-1395.81
18000	312	-579.147	-951.249
18000	313	29.4415	1159.43
18000	314	-823.554	-319.293
18000	315	-151.7	452.173
18000	316	-440.154	1261.27
18000	317	-98.5788	292.135
18000	318	-509.146	-419.32
18000	319	123.371	1050.45
18000	320	-245.93	-1495.47
18000	321	271.175	663.672
18000	322	-275.495	-1623.5
18000	323	-664.91	224.928
18000	324	95.2296	542.61
18000	325	-901.386	386.857
18000	326	-112.493	2016.76
18000	327	-1025.65	-511.727
18000	328	-516.142	2398.88
18000	329	-91.5795	-963.304
18000	330	-179.197	35.6409
18000	331	294.663	689.338
18000	332	241.218	-1923.15
18000	333	-473.566	-573.099
18000	334	-641.156	1048.75
18000	335	-339.61	-467.064
18000	336	-145.336	-469.274
18000	337	507.122	902.578
18000	338	-674.489	-248.011
18000	339	-845.207	509.984
18000	340	102.315	401.736
18000	341	-380.314	-846.588
18000	342	706.664	426.372
18000	343	594.696	144.283
18000	344	-722.478	-1082.08
18000	345	-162.199	1049.44
18000	346	-383.186	1656.65
18000	347	277.138	368.131
18000	348	-0.785193	1061.59
18000	349	975.027	508.893
18000	350	136.97	546.957
18000	351	53.1721	1363.05
18000	352	155.472	1457.88
18000	353	73.6074	972.568
18000	354	-581.051	-12.1549
18000	355	-213.145	-480.341
18000	356	27.2057	1541.39
18000	357	20.9655	819.311
18000	358	208.15	316.331
18000	359	26.9347	528.422
18000	360	-51.8246	-68.5129
18000	361	-268.804	-126.751
18000	362	129.703	1249.31
18000	363	-88.4546	706.885
18000	364	207.95	596.457
18000	365	543.009	191.808
18000	366	-1119.92	1642.43
18000	367	-340.59	962.819
18000	368	-258.486	-926.75
18000	369	39.2849	274.339
18000	370	913.556	731.474
18000	371	88.1205	-359.699
18000	372	103.405	98.5625
18000	373	317.33	773.072
18000	374	-489.012	63.1536
18000	375	756.517	-580.937
18000	376	100.07	897.779
18000	377	-360.197	-547.002
18000	378	494.915	413.327
18000	379	-693.9	-1006.96
18000	380	539.034	1417.43
18000	381	-892.215	-1787.46
18000	382	202.773	-1204.15
18000	383	-560.829	-515.866
18000	384	380.164	-12.2588
18000	385	-382.671	-824.03
18000	386	386.187	-572.082
18000	387	191.317	859.156
18000	388	-9.38131	-683.058
18000	389	-656.437	-1388.22
18000	390	24.3481	235.86
18000	391	190.738	800.277
18000	392	-362.547	548.625
18000	393	531.522	-619.523
18000	394	-276.558	-673.957
18000	395	-145.564	781.651
18000	396	-1020.69	-648.697
18000	397	-642.229	971.337
18000	398	262.307	1239.18
18000	399	348.322	-1027.79
18000	400	-39.4641	-417.644
18000	401	41.2685	-588.674
18000	402	639.43	736.485
18000	403	-329.034	-486.779
18000	404	-1592.16	776.763
18000	405	417.608	1278.88
18000	406	-729.518	-312.015
18000	407	-287.532	-35.0175
18000	408	488.133	-323.488
18000	409	-290.26	-310.254
18000	410	709.536	-463.608
18000	411	418.155	-1267.99
18000	412	241.004	401.857
18000	413	-215.797	-231.592
18000	414	-569.498	-25.6733
18000	415	-418.399	-657.773
18000	416	-1136.19	998.548
18000	417	-931.31	-7.82256
18000	418	-793.466	-70.6861
18000	419	1185.74	-601.628
18000	420	641.118	-720.459
18000	421	546.078	1722.89
18000	422	144.387	-777.48
18000	423	485.09	-2.51319
18000	424	263.602	20.2218
18000	425	108.971	315.616
18000	426	681.813	-89.283
18000	427	503.393	704.926
18000	428	-1009.93	-1934.89
18000	429	-196.444	825.681
18000	430	-1208.78	-490.027
18000	431	503.384	424.411
18000	432	-256.195	-446.024
18000	433	254.174	265.128
18000	434	213.52	-85.2007
18000	435	236.778	1543.93
18000	436	-270.192	-1016.56
18000	437	-157.609	607.884
18000	438	-764.648	391.532
18000	439	-66.7424	565.638
18000	440	-715.884	-884.378
18000	441	-24.9916	-1574.41
18000	442	573.226	-1535.82
18000	443	371.361	-1228.86
18000	444	264.446	2056.9
18000	445	-266.137	397.637
18000	446	-114.324	702.432
18000	447	77.8211	-870.441
18000	448	118.095	-1487.88
18000	449	-753.254	-181.855
18000	450	-281.772	-355.164
18000	451	-406.255	793.345
18000	452	34.2764	-174.831
18000	453	-520.571	69.6083
18000	454	808.961	-829.274
18000	455	-529.616	-1211.6
18000	456	-100.718	-705.322
18000	457	-754.272	1885.99
18000	458	-41.225	1028.28
18000	459	-1167.89	856.709
18000	460	285.483	2220.34
18000	461	700.64	1371.65
18000	462	-350.064	-772.903
18000	463	-274.205	-689.358
18000	464	-95.3291	-420.294
18000	465	-86.6182	954.532
18000	466	-463.418	-810.518
18000	467	77.9508	772.74
18000	468	375.545	584.357
18000	469	-519.128	-855.357
18000	470	229.908	404.011
18000	471	-138.541	1096.87
18000	472	-1305.72	1030.72
18000	473	-1.0912	-94.7319
18000	474	8.20266	485.512
18000	475	202.515	-1239.74
18000	476	-733.479	1141.33
18000	477	-192.856	95.5186
18000	478	785.028	-646.637
18000	479	-20.1205	1079.07
18000	480	-571.699	-307.08
18000	481	91.487	-349.139
18000	482	-123.282	-814.293
18000	483	-112.793	356.624
18000	484	151.72	1691.44
18000	485	-1146.09	-247.362
18000	486	-48.4559	-348.705
18000	487	-87.3853	6.94203
18000	488	-185.017	523.252
18000	489	140.068	-1663.98
18000	490	-53.5846	-70.9884
18000	491	-179.68	-1938.48
18000	492	598.296	-1664.58
18000	493	-266.401	641.732
18000	494	185.649	1834.54
18000	495	168.592	348.93
18000	496	-949.79	-844.921
18000	497	8.80904	1345.72
18000	498	-504.251	685.62
18000	499	-588.276	-489.333
20000	0	542.553	1542.57
20000	1	762.089	1622.64
20000	2	-397.31	514.468
20000	3	-152.74	476.053
20000	4	518.636	421.734
20000	5	353.326	-233.881
20000	6	415.188	645.625
20000	7	-965.693	-512.705
20000	8	-774.923	-1872.52
20000	9	-553.228	-137.361
20000	10	1613.83	152.875
20000	11	-273.987	-1852.64
20000	12	441.41	283.599
20000	13	-663.354	-208.013
20000	14	-177.405	1597.36
20000	15	-692.714	-275.185
20000	16	411.792	66.3412
20000	17	-1347.98	-782.352
20000	18	-214.586	799.222
20000	19	-231.026	1541.34
20000	20	-834.913	-208.698
20000	21	178.586	-174.444
20000	22	-598.947	-763.444
20000	23	780.469	-199.251
20000	24	29.5487	517.722
20000	25	-764.993	136.74
20000	26	-662.778	-1354.61
20000	27	389.159	-326.799
20000	28	-657.453	1248.9
20000	29	-1229.22	-1368.3
20000	30	1320.31	835.501
20000	31	-915.59	991.805
20000	32	-1392.85	587.788
20000	33	-847.95	2371.64
20000	34	507.657	-981.243
20000	35	50.0404	-250.938
20000	36	-1015.66	-188.396
20000	37	725.526	2.38015
20000	38	-567.064	333.053
20000	39	1154.16	-510.038
20000	40	-1269.89	472.09
20000	41	9.12651	532.505
20000	42	159.759	-568.443
20000	43	-1028.85	-930.529
20000	44	163.392	-1501.42
20000	45	-954.571	2349
20000	46	-409.848	2926.78
20000	47	-1472.61	-308.693
20000	48	-673.402	714.285
20000	49	37.6638	18.9233
20000	50	1039.39	2216.98
20000	51	-37.0372	-904.126
20000	52	-89.5739	1244.51
20000	53	789.177	-1147.93
20000	54	-1022.1	-725.174
20000	55	678.676	-150.383
20000	56	597.716	-260.062
20000	57	-61.7373	1727.53
20000	58	-776.629	-396.128
20000	59	70.6693	760.106
20000	60	420.658	-745.076
20000	61	431.211	1064.26
20000	62	-537.294	1566
20000	63	187.771	779.401
20000	64	-1224.93	276.74
20000	65	-626.319	-707.788
20000	66	-201.068	-1703.98
20000	67	-763.747	267.191
20000	68	598.831	-654.165
20000	69	-478.901	-358.22
20000	70	568.719	1380.92
20000	71	-1056.39	-585.765
20000	72	-87.7717	1121.57
20000	73	-207.101	-1342.18
20000	74	-19.2457	440.172
20000	75	719.087	-752.724
20000	76	799.976	-1338.73
20000	77	288.146	-21.3446
20000	78	-269.109	394.758
20000	79	261.019	581.299
20000	80	-759.7	1174.42
20000	81	162.694	-1249.87
20000	82	102.597	-483.822
20000	83	637.415	450.263
20000	84	-81.6788	853.181
20000	85	383.711	-33.269
20000	86	692.625	-212.972
20000	87	-669.978	52.8678
20000	88	-11.5916	0.347639
20000	89	-410.444	-829.511
20000	90	26.2731	-549.765
20000	91	-217.229	-572.293
20000	92	-276.583	-302.969
20000	93	-205.807	-1217.92
20000	94	-229.615	738.605
20000	95	-718.049	480.566
20000	96	891.729	-2908.8
20000	97	-1116.4	151.458
20000	98	696.181	1385.51
20000	99	-353.988	-1269.35
20000	100	-233.189	75.8791
20000	101	-116.714	-765.228
20000	102	-78.4847	-1031.83
20000	103	-1195.86	1158.59
20000	104	-36.8798	349.989
20000	105	-908.388	84.0614
20000	106	0.386806	-201.253
20000	107	-429.335	19.2299
20000	108	51.4127	-710.714
20000	109	150.1	-448.168
20000	110	-447.218	1352.13
20000	111	-315.912	-1072.64
20000	112	-307.773	510.035
20000	113	700.224	-1200.3
20000	114	-298.338	138.016
20000	115	-54.8152	-1861.69
20000	116	679.614	-810.841
20000	117	88.0246	-623.355
20000	118	-1456.42	-1951.58
20000	119	-126.91	293.108
20000	120	-1133.8	385.748
20000	121	-965.79	1302.1
20000	122	-878.926	-827.401
20000	123	167.657	-139.746
20000	124	410.356	-74.7956
20000	125	-364.569	-1535.95
20000	126	-597.723	710.699
20000	127	-590.607	1367.92
20000	128	-10.6519	550.068
20000	129	-808.546	-1068.87
20000	130	1361.03	1673.16
20000	131	-262.629	1248.41
20000	132	581.399	2050
20000	133	-508.427	2044.38
20000	134	-406.046	-1252.22
20000	135	-656.837	2187.07
20000	136	-1349.26	1028.02
20000	137	-490.716	-708.808
20000	138	-522.883	1143.7
20000	139	-158.365	1694.62
20000	140	-406.238	-1036.38
20000	141	97.9383	-1384
20000	142	-224.464	-663.543
20000	143	1210.3	-419.799
20000	144	-239.127	151.709
20000	145	261.096	985.639
20000	146	532.517	-344.14
20000	147	326.57	270.085
20000	148	-554.71	417.154
20000	149	10.0841	-812.121
20000	150	649.682	-213.997
20000	151	-619.227	-562.162
20000	152	53.6291	-96.747
20000	153	75.8025	2219.11
20000	154	-43.4456	144.842
20000	155	894.216	-274.579
20000	156	421.54	239.905
20000	157	73.1901	22.1968
20000	158	1493.24	820.454
20000	159	-896.365	-1339.37
20000	160	-1227.16	-2229.54
20000	161	84.9531	-953.136
20000	162	-807.439	-802.699
20000	163	-168.275	776.047
20000	164	323.005	-217.006
20000	165	462.829	-3111.4
20000	166	-688.073	-2.89291
20000	167	-71.8588	-592.934
20000	168	-80.9134	433.126
20000	169	749.092	-1447.63
20000	170	462.835	-499.708
20000	171	-836.946	-1013.15
20000	172	-343.035	-1349.21
20000	173	-421.049	382.223
20000	174	-92.7039	638.888
20000	175	633.78	9.59055
20000	176	999.262	-696.462
20000	177	-624.41	-1359.69
20000	178	-541.001	-37.8982
20000	179	266.675	-1009.28
20000	180	-355.572	1514.61
20000	181	-363.563	718.625
20000	182	93.4016	-499.972
20000	183	453.317	987.583
20000	184	-438.041	823.748
20000	185	192.006	778.491
20000	186	150.969	-1478.06
20000	187	-111.196	-314.382
20000	188	-290.456	326.99
20000	189	-566.233	811.989
20000	190	323.311	-347.282
20000	191	5.52598	31.9181
20000	192	-817.663	53.5078
20000	193	-1489.62	208.341
20000	194	-1131.98	-598.428
20000	195	256.335	-716.785
20000	196	-415.606	2334.58
20000	197	-1022.25	-1950.63
20000	198	-752.161	-1656.25
20000	199	707.992	-712.083
20000	200	-735.14	-551.609
20000	201	325.161	-266.589
20000	202	1150.68	399.851
20000	203	-142.772	1241.37
20000	204	384.464	-465.556
20000	205	-849.69	675.995
20000	206	257.114	-573.099
20000	207	-847.822	-1108.59
20000	208	-200.679	-553.481
20000	209	-3.79456	-654.443
20000	210	-95.7241	-1103.53
20000	211	160.558	561.974
20000	212	920.145	1385.53
20000	213	263.705	-765.426
20000	214	-87.5672	-1060.95
20000	215	-155.451	177.158
20000	216	-339.652	395.272
20000	217	-713.783	-627.124
20000	218	-272.578	-1033.95
20000	219	-456.6	-299.789
20000	220	-476.826	-688.306
20000	221	610.445	392.888
20000	222	593.734	-654.56
20000	223	-645.374	986.401
20000	224	602.399	-1293.69
20000	225	349.666	-66.3866
20000	226	38.0913	-637.006
20000	227	-16.3519	437.646
20000	228	-677.66	-755.227
20000	229	-1245.72	2052.92
20000	230	-198.086	-352.716
20000	231	-338.054	447.85
20000	232	529.374	237.592
20000	233	-795.612	-429.607
20000	234	-763.711	-925.789
20000	235	772.663	44.1903
20000	236	354.049	-726.457
20000	237	161.167	139.559
20000	238	452.381	-258.832
20000	239	-406.748	-534.187
20000	240	-19.3287	1589.81
20000	241	719.067	1433.67
20000	242	201.958	-163.484
20000	243	123.421	1099.82
20000	244	-191.093	-499.355
20000	245	-348.562	-438.416
20000	246	14.1368	1112.52
20000	247	259.372	1121.94
20000	248	435.932	440.904
20000	249	78.67	-435.126
20000	250	187.386	-130.881
20000	251	-55.4571	-392.679
20000	252	-686.1	-1140.35
20000	253	130.809	459.783
20000	254	-219.205	-2452.14
20000	255	-82.1903	906.311
20000	256	109.677	-1849.5
20000	257	-114.975	316.754
20000	258	-961.48	1296.28
20000	259	993.314	-548.603
20000	260	-432.944	-270.102
20000	261	-785.778	-242.47
20000	262	250.899	-1599.28
20000	263	-48.0383	-533.867
20000	264	442.55	56.9087
20000	265	237.274	-249.375
20000	266	283.647	238.888
20000	267	-326.056	202.893
20000	268	-390.994	-2268.06
20000	269	-45.5952	-1000.46
20000	270	10.0426	-1043.45
20000	271	608.286	757.068
20000	272	-368.714	139.858
20000	273	13.281	-1053.07
20000	274	-596.516	-620.896
20000	275	-476.198	1139.12
20000	276	-33.1457	-1820.27
20000	277	-465.772	-989.492
20000	278	-254.215	363.809
20000	279	-72.5699	-806.219
20000	280	-443.894	-662.943
20000	281	392.003	308.267
20000	282	-488.869	-1181.56
20000	283	-240.784	-142.443
20000	284	14.392	225.66
20000	285	-675.222	-1484.71
20000	286	-599.215	630.336
20000	287	-539.149	-1.67725
20000	288	-1216.79	816.36
20000	289	-417.796	1168.64
20000	290	434.903	260.396
20000	291	314.626	3257.46
20000	292	-368.255	2396.93
20000	293	544.104	-338.649
20000	294	-469.345	-606.39
20000	295	602.544	-295.749
20000	296	119.558	3529.94
20000	297	-196.029	1883.8
20000	298	-512.827	143.11
20000	299	-209.727	-1448.71
20000	300	-951.171	-1360.01
20000	301	-933.502	1717.83
20000	302	50.8803	-1193.02
20000	303	121.634	-1393.8
20000	304	-153.177	-546.674
20000	305	-40.7411	-248.865
20000	306	358.396	-298.138
20000	307	-498.806	811.179
20000	308	-96.7402	1545.25
20000	309	-741.449	-1151.47
20000	310	-33.9804	1080.7
20000	311	293.473	-1362.07
20000	312	-963.878	-1275.83
20000	313	726.822	1524.46
20000	314	-867.33	-170.344
20000	315	-88.3211	425.331
20000	316	-437.169	1409.52
20000	317	-220.399	238.538
20000	318	-571.331	49.6757
20000	319	144.284	1074.07
20000	320	-246.821	-1293.14
20000	321	513.044	802.729
20000	322	-297.402	-1887.22
20000	323	-483.269	245.835
20000	324	-68.5577	23.6144
20000	325	-677.252	144.945
20000	326	-110.523	2164.67
20000	327	-1023.62	-213.841
20000	328	-339.162	2554.79
20000	329	-187.76	-1366.37
20000	330	-262.858	-131.793
20000	331	273.096	581.365
20000	332	390.746	-2521
20000	333	-519.566	-62.0516
20000	334	-1001.2	646.94
20000	335	-619.436	-576.346
20000	336	-228.739	-1059.03
20000	337	704.232	854.585
20000	338	-860.14	-533.375
20000	339	-1105.77	904.266
20000	340	266.43	-2.94126
20000	341	-460.261	-864.085
20000	342	548.509	780.823
20000	343	452.741	341.347
20000	344	-742.456	-769.545
20000	345	-184.699	630.137
20000	346	-565.304	1365.32
20000	347	234.851	477.242
20000	348	-184.428	552.905
20000	349	968.114	1093.71
20000	350	114.941	458.63
20000	351	114.549	1015.85
20000	352	532.024	1599.68
20000	353	13.0999	895.35
20000	354	-183.505	-354.522
20000	355	-388.716	-722.016
20000	356	26.8584	1403.87
20000	357	40.8184	1259.01
20000	358	248.262	643.596
20000	359	-127.643	784.418
20000	360	66.8034	-167.487
20000	361	-446.657	229.452
20000	362	190.654	636.91
20000	363	-3.99389	554.164
20000	364	-73.5875	153.582
20000	365	182.949	77.2
20000	366	-1000.49	1810.16
20000	367	-301.095	691.184
20000	368	-55.4682	-955.73
20000	369	42.2834	100.198
20000	370	1136.8	1064.1
20000	371	67.8599	30.5969
20000	372	210.089	808.659
20000	373	335.955	1117.13
20000	374	-536.287	-270.354
20000	375	819.216	-1138.72
20000	376	1.2615	401.144
20000	377	-120.889	-690.868
20000	378	295.324	388.628
20000	379	-536.198	-1310.13
20000	380	356.959	1563.48
20000	381	-895.675	-1738.24
20000	382	244.003	-522.91
20000	383	-404.058	-552.31
20000	384	504.049	187.259
20000	385	-526.774	-820.984
20000	386	187.57	-719.464
20000	387	194.624	1045.14
20000	388	173.154	-852.119
20000	389	-482.649	-1716.43
20000	390	84.288	85.1664
20000	391	175.253	978.904
20000	392	-572.553	683.087
20000	393	433.576	-970.322
20000	394	-216.016	-701.469
20000	395	-254.019	477.255
20000	396	-1334.42	-777.956
20000	397	-468.97	893.495
20000	398	219.562	1355
20000	399	140.096	-701.218
20000	400	34.1756	-135.692
20000	401	77.5495	37.2326
20000	402	560.415	1117.71
20000	403	-363.322	-517.193
20000	404	-1973.84	776.884
20000	405	376.023	1271.36
20000	406	-871.308	-155.633
20000	407	-378.875	128.327
20000	408	347.974	-180.519
20000	409	-371.275	15.7961
20000	410	827.087	-533.789
20000	411	100.678	-1339.37
20000	412	-176.722	517.747
20000	413	-153.606	-224.808
20000	414	-528.481	235.598
20000	415	-515.942	-824.871
20000	416	-997.856	963.229
20000	417	-1431.4	-66.0272
20000	418	-1015.21	-218.701
20000	419	1265.41	-1035.63
20000	420	764.194	-702.83
20000	421	1010	1505.29
20000	422	215.655	-605.296
20000	423	325.23	-384.125
20000	424	424.205	285.316
20000	425	-69.6052	924.94
20000	426	506.806	-448.718
20000	427	270.055	669.203
20000	428	-1152.25	-1235.41
20000	429	-122.463	1159.78
20000	430	-1341.12	-641.689
20000	431	741.436	716.268
20000	432	-77.7292	-894.693
20000	433	434.326	195.01
20000	434	200.371	136.224
20000	435	268.503	1094.1
20000	436	-72.8778	-580.424
20000	437	-37.4448	821.476
20000	438	-1063.42	956.987
20000	439	-224.286	322.947
20000	440	-522.185	-803.943
20000	441	-37.7994	-1537.66
20000	442	752.134	-1701.88
20000	443	313.476	-966.086
20000	444	271.6	2097.25
20000	445	-367.454	168.872
20000	446	-256.567	895.285
20000	447	458.195	-1017.63
20000	448	-3.38017	-1307.88
20000	449	-1036.81	-600.479
20000	450	-69.8151	-473.119
20000	451	-503.595	760.659
20000	452	39.6636	-274.598
20000	453	-580.957	67.2352
20000	454	896.937	-734.301
20000	455	-458.824	-943.012
20000	456	-42.8866	-418.964
20000	457	-791.434	1691.25
20000	458	38.3558	845.98
20000	459	-1225.35	968.207
20000	460	404.209	2301.28
20000	461	576.507	1305.99
20000	462	-429.955	-1237.85
20000	463	105.77	-207.988
20000	464	107.109	-1114.61
20000	465	193.212	784.56
20000	466	-722.581	-798.181
20000	467	-145.355	1156.13
20000	468	494.746	646.257
20000	469	-537.367	-828.457
20000	470	11.6359	22.0881
20000	471	-143.746	760.455
20000	472	-1205.45	318.709
20000	473	197.269	-198.181
20000	474	136.274	382.116
20000	475	326.649	-1263.15
20000	476	-743.637	985.701
20000	477	-350.249	988.309
20000	478	882.603	-1240.87
20000	479	-93.2213	1098.95
20000	480	-475.594	-529.453
20000	481	161.516	-281.909
20000	482	-147.127	-613.436
20000	483	46.2126	99.1737
20000	484	273.053	1468.47
20000	485	-1143.28	-990.296
20000	486	194.229	-124.159
20000	487	-251.042	76.3675
20000	488	-218.613	-120.673
20000	489	222.452	-1063.71
20000	490	-93.853	89.5203
20000	491	-162.457	-1957.29
20000	492	230.224	-1120.11
20000	493	-184.053	826.11
20000	494	304.197	2199.19
20000	495	68.8344	17.2214
20000	496	-890.9	-1073.66
20000	497	208.439	1264.11
20000	498	-747.172	731.073
20000	499	-463.99	-696.543
