2000	0	-230.68	476.568
2000	1	-244.793	270.438
2000	2	62.8365	-28.864
2000	3	283.141	-397.82
2000	4	-261.653	320.291
2000	5	218.977	324.244
2000	6	-173.076	-679.644
2000	7	9.91257	-170.361
2000	8	31.1143	-493.296
2000	9	-109.724	-151.213
2000	10	125.272	-673.164
2000	11	-228.221	-730.104
2000	12	117.597	-413.475
2000	13	-124.394	241.157
2000	14	-19.3683	-84.1189
2000	15	-85.4877	340.278
2000	16	134.024	-31.2052
2000	17	107.998	-354.384
2000	18	-197.861	576.661
2000	19	-30.5634	-84.904
2000	20	-270.307	-338.412
2000	21	119.491	-21.5139
2000	22	34.3717	99.7262
2000	23	-273.428	347.174
2000	24	-14.5633	434.936
2000	25	-336.799	-537.146
2000	26	8.14864	-168.534
2000	27	-129.278	64.1925
2000	28	233.148	418.878
2000	29	-96.2988	-317.161
2000	30	-2.12707	-280.318
2000	31	311.363	72.0836
2000	32	34.7163	-358.984
2000	33	102.971	145.359
2000	34	-223.238	-281.819
2000	35	-163.676	-421.567
2000	36	-96.5956	-171.79
2000	37	-104.094	237.017
2000	38	43.9375	-533.556
2000	39	-48.687	180.898
2000	40	-68.2844	-141.857
2000	41	109.067	-718.115
2000	42	312.308	575.339
2000	43	-239.254	-58.832
2000	44	-2.60321	202.435
2000	45	2.51015	333.323
2000	46	53.9503	-989.757
2000	47	7.57221	-300.719
2000	48	-62.7327	452.073
2000	49	91.1198	-225.024
2000	50	1.97233	-127.143
2000	51	-197.804	441.517
2000	52	91.7086	-544.778
2000	53	-118.593	207.678
2000	54	-311.254	437.769
2000	55	116.62	-93.1366
2000	56	68.1054	28.8698
2000	57	243.703	-561.809
2000	58	-11.2266	116.541
2000	59	-49.3838	325.236
2000	60	-192.059	125.504
2000	61	-8.40415	-30.4072
2000	62	-39.698	-315.499
2000	63	-126.957	230.273
2000	64	-180.8	117.613
2000	65	206.872	-145.397
2000	66	327.648	-579.614
2000	67	98.0015	38.0134
2000	68	-40.6922	88.6212
2000	69	20.4631	-409.575
2000	70	223.48	-389.01
2000	71	155.094	-768.321
2000	72	86.5367	-606.404
2000	73	146.759	524.146
2000	74	-185.759	-644.814
2000	75	109.724	282.059
2000	76	-348.306	-7.8247
2000	77	-44.2066	-1.62347
2000	78	120.074	-308.071
2000	79	251.311	-108.812
2000	80	10.1384	383.873
2000	81	-42.3639	348.999
2000	82	-199.038	-525.771
2000	83	146.348	-272.58
2000	84	-305.662	-510.637
2000	85	-47.2826	391.416
2000	86	-5.8281	122.793
2000	87	-50.9836	-414.217
2000	88	303.282	415.073
2000	89	-225.541	-791.231
2000	90	-174.924	-460.413
2000	91	69.4749	395.511
2000	92	-249.35	667.519
2000	93	-76.3839	282.026
2000	94	-37.8893	10.2912
2000	95	142.404	-388.701
2000	96	195.89	388.865
2000	97	40.4541	165.546
2000	98	-96.7536	-376.435
2000	99	106.433	140.926
2000	100	353.625	208.123
2000	101	256.35	-600.334
2000	102	-98.2386	-326.684
2000	103	25.45	165.396
2000	104	-24.9399	-327.3
2000	105	277.255	711.982
2000	106	-306.522	420.604
2000	107	98.855	-186.509
2000	108	-212.236	13.0024
2000	109	90.1055	-206.95
2000	110	-96.9816	184.885
2000	111	100.66	155.445
2000	112	20.5728	74.8965
2000	113	-124.965	136.717
2000	114	-12.8801	181.837
2000	115	202.871	215.073
2000	116	-122.791	-233.901
2000	117	158.031	31.0531
2000	118	-11.5626	102.255
2000	119	-5.86833	258.317
2000	120	48.9604	271.186
2000	121	123.898	459.379
2000	122	236.178	-560.837
2000	123	122.734	92.1581
2000	124	-300.527	444.611
2000	125	-28.4694	-147.925
2000	126	-24.185	-457.555
2000	127	253.516	-367.984
2000	128	-104.261	-436.252
2000	129	163.322	437.837
2000	130	98.6308	174.276
2000	131	-63.8907	292.824
2000	132	276.14	-437.789
2000	133	-1.4827	363.29
2000	134	159.705	150.701
2000	135	-95.4259	889.63
2000	136	148.168	-20.1585
2000	137	228.454	326.104
2000	138	-343.825	100.988
2000	139	-62.9286	-71.062
2000	140	-351.785	228.232
2000	141	122.824	-324.904
2000	142	241.699	-271.478
2000	143	-83.5022	-711.5
2000	144	-21.1718	-168.624
2000	145	-257.183	55.239
2000	146	137.749	-163.141
2000	147	7.23944	-197.525
2000	148	-177.962	103.227
2000	149	-68.4053	389.546
2000	150	274.478	369.132
2000	151	194.157	73.6721
2000	152	143.584	112.634
2000	153	290.055	177.485
2000	154	151.197	-380.783
2000	155	224.879	-236.769
2000	156	14.7914	-194.555
2000	157	-75.4221	-191.846
2000	158	104.985	-409.631
2000	159	-67.239	-268.959
2000	160	112.566	518.027
2000	161	-170.759	-317.93
2000	162	-71.3415	-76.9708
2000	163	102.29	-347.286
2000	164	59.7891	-704.65
2000	165	-140.612	-151.421
2000	166	149.041	338.616
2000	167	74.6255	-450.188
2000	168	-38.13	-134.041
2000	169	69.2694	847.009
2000	170	26.2475	-513.65
2000	171	3.44696	-10.4071
2000	172	-239.053	43.5898
2000	173	-42.5252	-245.795
2000	174	-262.994	-25.2664
2000	175	129.293	-6.00464
2000	176	402.888	453.513
2000	177	60.7765	-196.503
2000	178	120.21	86.8483
2000	179	170.822	389.713
2000	180	92.8826	407.17
2000	181	217.609	-281.163
2000	182	27.02	-143.347
2000	183	-132.516	81.193
2000	184	59.9604	70.2825
2000	185	29.9302	283.713
2000	186	244.479	170.817
2000	187	94.9996	264.839
2000	188	-101.832	-61.6796
2000	189	-398.899	509.389
2000	190	196.74	153.817
2000	191	-134.372	-156.159
2000	192	-5.9348	-153.395
2000	193	85.0765	530.56
2000	194	351.141	537.04
2000	195	-58.7547	36.4898
2000	196	-0.0380538	-208.14
2000	197	-149.558	-296.933
2000	198	-266.617	-18.6683
2000	199	-231.131	143.472
2000	200	371.144	-97.0231
2000	201	-111.529	389.249
2000	202	-23.3912	139.18
2000	203	304.478	-413.379
2000	204	-5.35463	461.624
2000	205	-145.798	-302.044
2000	206	61.833	68.725
2000	207	378.868	-238.224
2000	208	-189.11	-295.968
2000	209	214.864	592.912
2000	210	379.835	172.872
2000	211	-93.9001	261.473
2000	212	-89.5657	-272.414
2000	213	29.386	96.2124
2000	214	152.151	-120.121
2000	215	158.009	7.83526
2000	216	59.148	-87.4537
2000	217	124.668	198.661
2000	218	-110.539	-42.9687
2000	219	-303.772	216.57
2000	220	-276.408	-312.829
2000	221	-161.625	42.6039
2000	222	-103.193	125.211
2000	223	-234.051	-486.151
2000	224	23.8651	-375.531
2000	225	-29.8747	-290.748
2000	226	42.7289	413.569
2000	227	-75.5086	612.926
2000	228	160.666	359.606
2000	229	-102.199	-219.76
2000	230	68.5278	-167.534
2000	231	13.148	107.263
2000	232	-73.7371	-231.465
2000	233	194.563	-10.0324
2000	234	-165.544	63.8813
2000	235	254.374	-311.866
2000	236	189.506	64.7682
2000	237	-89.239	651.315
2000	238	80.8623	270.537
2000	239	152.126	-307.66
2000	240	31.8756	296.47
2000	241	-163.184	247.356
2000	242	113.066	295.551
2000	243	451.104	60.9168
2000	244	-83.7676	-106.654
2000	245	224.78	169.434
2000	246	-223.2	283.767
2000	247	122.615	178.927
2000	248	-98.3555	-114.865
2000	249	232.62	782.405
2000	250	64.4366	186.531
2000	251	153.873	197.652
2000	252	150.344	190.346
2000	253	-62.437	49.061
2000	254	2.75058	-257.412
2000	255	-248.245	-251.176
2000	256	-263.331	-446.604
2000	257	199.505	9.69587
2000	258	-217.383	-344.279
2000	259	18.9957	39.3395
2000	260	-5.34865	-109.609
2000	261	147.915	358.355
2000	262	-77.5177	-68.817
2000	263	134.734	261.941
2000	264	-47.9299	332.066
2000	265	-112.673	-375.973
2000	266	38.5598	871.021
2000	267	17.8435	124.542
2000	268	66.2311	312.852
2000	269	36.9705	-194.579
2000	270	44.4887	78.6652
2000	271	-431.29	250.948
2000	272	-67.9876	-579.972
2000	273	-235.633	-225.464
2000	274	-91.8683	-215.041
2000	275	-353.946	-20.0467
2000	276	158.575	195.64
2000	277	-9.03894	83.2498
2000	278	58.6926	-229.011
2000	279	145.452	-500.48
2000	280	-36.837	-177.228
2000	281	-84.9409	-289.01
2000	282	43.8751	101.014
2000	283	358.945	281.748
2000	284	-32.7343	247.094
2000	285	159.384	10.6085
2000	286	404.097	-265.197
2000	287	158.862	414.142
2000	288	-73.8525	407.898
2000	289	-23.9389	-333.357
2000	290	276.105	-61.0288
2000	291	-114.908	-790.351
2000	292	-109.34	-397.098
2000	293	-82.6881	-701.634
2000	294	-76.8436	-494.836
2000	295	1.43173	-434.422
2000	296	-136.907	-306.356
2000	297	-24.1007	103.036
2000	298	105.713	693.292
2000	299	35.0016	-132.946
2000	300	56.6596	-105.204
2000	301	41.5423	-134.37
2000	302	100.102	-95.6205
2000	303	233.479	39.1349
2000	304	159.298	79.225
2000	305	53.9034	222.029
2000	306	-117.205	-529.697
2000	307	409.438	362.745
2000	308	-49.5614	-293.547
2000	309	-27.3054	441.735
2000	310	-142.081	-10.5265
2000	311	-100.189	418.925
2000	312	43.3877	374.738
2000	313	-31.6195	6.4891
2000	314	-86.5685	262.636
2000	315	-170.192	-229.648
2000	316	174.711	-0.559184
2000	317	33.8523	-373.031
2000	318	40.7146	-40.9923
2000	319	129.974	14.2983
2000	320	-6.89124	158.443
2000	321	-64.9511	-125.226
2000	322	-50.537	96.1577
2000	323	-168.883	657.949
2000	324	107.103	-378.259
2000	325	-190.182	-109.515
2000	326	48.5393	-80.6178
2000	327	-47.4774	83.4545
2000	328	-317.36	85.5645
2000	329	-182.118	373.48
2000	330	211.368	535.881
2000	331	-93.0907	-192.544
2000	332	250.933	-238.79
2000	333	-149.502	250.87
2000	334	237.472	25.4881
2000	335	114.508	-276.883
2000	336	19.3238	-20.7363
2000	337	215.937	0.567833
2000	338	40.6966	-809.735
2000	339	116.322	-321.404
2000	340	-240.145	-244.542
2000	341	-7.41832	-43.2228
2000	342	80.1129	-122.393
2000	343	-34.0439	-65.5721
2000	344	141.624	353.064
2000	345	-5.2464	33.9583
2000	346	126.73	-355.89
2000	347	500.598	150.79
2000	348	128.973	202.532
2000	349	321.869	218.427
2000	350	-116.059	118.288
2000	351	-224.59	-187.907
2000	352	-28.5312	-373.987
2000	353	-168.114	35.2251
2000	354	13.2036	250.859
2000	355	-104.418	-120.919
2000	356	65.1507	-264.414
2000	357	-292.785	315.321
2000	358	-29.547	-252.474
2000	359	-147.674	284.682
2000	360	4.11621	408.065
2000	361	-38.3263	261.749
2000	362	-303.97	-39.0554
2000	363	126.048	67.4063
2000	364	-173.36	106.86
2000	365	22.3315	269.776
2000	366	-6.30946	58.5823
2000	367	-4.60314	460.101
2000	368	14.5317	143.345
2000	369	324.956	-150.571
2000	370	80.9774	116.028
2000	371	-240.249	137.285
2000	372	-45.372	-276.45
2000	373	-221.07	-322.1
2000	374	-135.295	83.8247
2000	375	-192.977	143.238
2000	376	-56.2357	-417.852
2000	377	-56.2979	-204.435
2000	378	59.7722	380.946
2000	379	-141.929	-158.488
2000	380	50.0003	-228.106
2000	381	130.531	73.442
2000	382	-32.4804	146.688
2000	383	-0.297388	-275.479
2000	384	-45.1352	-62.774
2000	385	34.3946	-79.966
2000	386	91.125	7.7544
2000	387	-235.66	238.459
2000	388	58.0431	209.903
2000	389	55.2968	190.753
2000	390	-293.412	-172.56
2000	391	-87.7133	533.186
2000	392	148.335	514.263
2000	393	264.451	244.869
2000	394	283.23	216.099
2000	395	41.3969	146.297
2000	396	-58.2752	578.364
2000	397	439.683	263.955
2000	398	-113.288	-55.5779
2000	399	204.856	164.217
2000	400	-110.861	272.639
2000	401	109.219	-500.069
2000	402	25.3974	40.5666
2000	403	-164.603	-203.522
2000	404	231.955	-506.288
2000	405	-261.974	-672.469
2000	406	150.178	-671.612
2000	407	-172.539	604.02
2000	408	-19.7579	-351.785
2000	409	-0.8928	-548.196
2000	410	-78.5846	-686.513
2000	411	125.332	176.012
2000	412	-15.8747	-410.54
2000	413	157.938	-273.563
2000	414	376.026	277.723
2000	415	-28.7849	45.1201
2000	416	-222.977	375.58
2000	417	125.822	-270.837
2000	418	123.056	-181.871
2000	419	-194.038	65.3231
2000	420	23.3113	-402.771
2000	421	41.4445	-158.624
2000	422	66.107	175.48
2000	423	170.686	308.76
2000	424	-39.2291	334.825
2000	425	52.4668	-290.882
2000	426	125.731	-495.248
2000	427	45.121	309.571
2000	428	178.945	292.47
2000	429	210.902	-184.036
2000	430	-212.943	-95.6741
2000	431	191.99	41.7718
2000	432	264.947	-111.21
2000	433	185.122	-778.233
2000	434	-277.54	481.131
2000	435	247.26	-140.012
2000	436	195.854	168.99
2000	437	-1.16794	-83.9601
2000	438	90.6968	-111.197
2000	439	597.51	-15.4639
2000	440	-99.6753	-39.0003
2000	441	243.452	231.569
2000	442	-298.871	-328.282
2000	443	291.483	-235.023
2000	444	9.68354	-370.868
2000	445	46.4065	-207.831
2000	446	141.159	553.896
2000	447	230.309	-431.336
2000	448	-46.8094	-86.7339
2000	449	239.196	-182.661
2000	450	-27.2387	-639.569
2000	451	-152.068	498.057
2000	452	95.5207	113.788
2000	453	-26.0123	120.535
2000	454	71.9432	-251.657
2000	455	-274.56	17.796
2000	456	138.605	106.232
2000	457	-48.9814	356.275
2000	458	-208.879	252.86
2000	459	32.6205	32.2037
2000	460	-42.9953	40.0372
2000	461	124.95	-20.5297
2000	462	-246.196	-155.238
2000	463	117.263	270.92
2000	464	248.323	343.189
2000	465	-279.156	-22.0397
2000	466	556.452	-323.603
2000	467	34.7975	60.735
2000	468	64.4479	-172.186
2000	469	256.664	198.495
2000	470	-54.2016	308.166
2000	471	-147.63	-12.4134
2000	472	-110.946	-386.529
2000	473	-112.774	211.591
2000	474	121.455	8.50026
2000	475	-251.517	521.664
2000	476	208.904	-151.602
2000	477	-25.2958	27.2201
2000	478	-147.899	346.371
2000	479	221.653	-152.551
2000	480	191.959	-619.31
2000	481	-88.4984	-519.543
2000	482	-64.9143	-71.118
2000	483	-270.537	-409.466
2000	484	-30.6688	-228.657
2000	485	-262.768	-518.937
2000	486	-7.66364	-502.148
2000	487	46.7169	-41.0819
2000	488	-35.9263	205.749
2000	489	111.56	-91.7475
2000	490	-296.192	-202.979
2000	491	211.509	18.9073
2000	492	-302.946	-210.308
2000	493	-50.8227	28.8472
2000	494	108.754	-255.474
2000	495	4.94366	477.684
2000	496	-61.5405	-394.953
2000	497	131.253	324.249
2000	498	111.714	-7.99098
2000	499	202.17	-266.181
4000	0	-25.9077	635.789
4000	1	-242.669	193.135
4000	2	141.478	-288.597
4000	3	223.514	-389.026
4000	4	-204.276	615.19
4000	5	199.758	65.1646
4000	6	-354.125	-1222.8
4000	7	-150.249	-387.176
4000	8	-205.925	-546.369
4000	9	-7.2576	-85.0047
4000	10	327.457	-884.52
4000	11	-343.182	-712.869
4000	12	148.686	-530.916
4000	13	74.0063	411.639
4000	14	-180.824	-333.296
4000	15	-375.407	-90.9868
4000	16	259.119	-98.3415
4000	17	123.882	-159.299
4000	18	-299.551	383.79
4000	19	229.589	69.4995
4000	20	-474.973	-442.728
4000	21	146.821	618.427
4000	22	48.0962	508.289
4000	23	-75.1879	609.524
4000	24	-121.056	1014.45
4000	25	-256.943	-347.062
4000	26	62.4513	-285.257
4000	27	-71.7057	-402.358
4000	28	250.279	274.529
4000	29	-172.302	-652.053
4000	30	20.3761	-643.894
4000	31	421.345	457.319
4000	32	-66.0892	-686.238
4000	33	382.607	338.791
4000	34	-4.53227	-1169.45
4000	35	-120.625	-205.552
4000	36	-175.323	32.7527
4000	37	-269.702	-51.0371
4000	38	426.862	-120.504
4000	39	-192.621	205.977
4000	40	-109.197	-331.325
4000	41	-190.81	-754.811
4000	42	371.969	518.576
4000	43	-136.853	-321.025
4000	44	260.022	83.6222
4000	45	130.748	478.071
4000	46	-168.26	-1558.81
4000	47	189.984	-213.139
4000	48	56.4698	816.103
4000	49	-24.9547	-173.767
4000	50	182.396	-911.9
4000	51	-98.4878	331.062
4000	52	332.431	-720.563
4000	53	-427.564	268
4000	54	-359.556	919.637
4000	55	275.502	-109.281
4000	56	-34.0411	-228.877
4000	57	101.773	-557.949
4000	58	58.8149	620.844
4000	59	27.2147	776.012
4000	60	-350.252	435.443
4000	61	-170.17	-179.848
4000	62	104.065	-363.732
4000	63	314.619	208.149
4000	64	94.1001	572.792
4000	65	143.882	-613.96
4000	66	721.6	-572.672
4000	67	63.7753	-601.235
4000	68	-173.642	-121.868
4000	69	39.7614	-414.129
4000	70	270.009	-917.507
4000	71	35.2143	-755.668
4000	72	24.8882	-697.413
4000	73	168.149	452.106
4000	74	-465.736	-855.302
4000	75	169.936	296.825
4000	76	69.1945	89.822
4000	77	-276.635	89.2053
4000	78	161.35	-286.794
4000	79	472.792	-207.842
4000	80	-125.217	89.1288
4000	81	97.9724	177.241
4000	82	-519.574	-305.849
4000	83	-210.843	-359.352
4000	84	-366.272	-465.621
4000	85	231.091	581.658
4000	86	132.25	-487.921
4000	87	-321.62	-274.853
4000	88	383.551	40.712
4000	89	22.0243	-665.001
4000	90	-36.7102	-456.603
4000	91	-114.239	288.936
4000	92	-300.742	818.518
4000	93	-316.266	641.375
4000	94	-137.243	-52.9668
4000	95	75.091	-409.233
4000	96	262.805	68.748
4000	97	156.135	579.121
4000	98	-33.5178	-872.755
4000	99	96.5171	424.121
4000	100	276.088	375.862
4000	101	375.13	-843.376
4000	102	240.478	-47.8522
4000	103	283.449	531.783
4000	104	-32.3318	-320.84
4000	105	-0.23783	564.115
4000	106	-606.61	570.232
4000	107	-82.8114	-225.607
4000	108	-253.89	60.1409
4000	109	208.02	-13.0313
4000	110	0.0763767	328.384
4000	111	180.719	150.024
4000	112	-38.8252	255.653
4000	113	93.818	170.262
4000	114	128.841	587.16
4000	115	64.1874	237.09
4000	116	-67.9949	-412.574
4000	117	-100.91	-282.925
4000	118	-212.312	-523.505
4000	119	-226.821	366.98
4000	120	-71.4897	154.529
4000	121	192.077	-231.229
4000	122	58.1117	-778.006
4000	123	-38.5138	-181.605
4000	124	-219.824	-181.768
4000	125	186.489	-189.546
4000	126	37.8461	-731.257
4000	127	666.196	-435.228
4000	128	-0.958617	-1106.43
4000	129	204.722	365.833
4000	130	423.974	-130.741
4000	131	-98.2625	645.54
4000	132	352.869	-387.948
4000	133	8.48039	1069
4000	134	84.2422	-181.504
4000	135	-513.252	865.793
4000	136	294.95	-179.099
4000	137	252.798	794.075
4000	138	-606.506	375.494
4000	139	-5.1811	312.097
4000	140	-175.211	-89.2919
4000	141	181.068	310.998
4000	142	159.792	241.772
4000	143	-65.8852	-666.898
4000	144	-266.212	-66.7268
4000	145	-235.012	94.3491
4000	146	314.92	-504.965
4000	147	214.759	-559.705
4000	148	42.8356	-179.025
4000	149	-171.075	403.583
4000	150	354.623	885.585
4000	151	81.2427	335.479
4000	152	174.793	311.96
4000	153	350.373	273.994
4000	154	91.94	-180.89
4000	155	286.253	-356.297
4000	156	-239.391	-348.668
4000	157	23.1164	-148.093
4000	158	296.965	-228.65
4000	159	-184.006	274.539
4000	160	251.678	863.479
4000	161	-190.868	-493.111
4000	162	44.474	-116.59
4000	163	403.542	-294.905
4000	164	-19.1576	-235.45
4000	165	176.924	-625.041
4000	166	145.255	509.81
4000	167	355.924	-661.944
4000	168	-199.055	-373.474
4000	169	412.44	371.671
4000	170	146.902	-72.6835
4000	171	422.61	-293.326
4000	172	80.3463	-489.983
4000	173	56.4996	-407.728
4000	174	-21.7713	-93.2311
4000	175	137.222	172.571
4000	176	379.212	334.637
4000	177	270.265	336.953
4000	178	5.05254	46.4823
4000	179	109.702	330.347
4000	180	75.7403	663.431
4000	181	319.012	-501.054
4000	182	260.691	266.68
4000	183	-365.585	74.6159
4000	184	340.175	557.173
4000	185	107.736	129.564
4000	186	185.477	644.82
4000	187	93.8232	567.471
4000	188	-202.05	-10.6708
4000	189	-477.822	196.072
4000	190	142.244	78.2623
4000	191	71.0177	7.92442
4000	192	-13.9643	-500.113
4000	193	-57.974	491.471
4000	194	155.397	548.663
4000	195	-62.5463	324.049
4000	196	-164.524	46.7347
4000	197	-387.964	-106.456
4000	198	-485.256	333.796
4000	199	-71.9449	-323.224
4000	200	368.244	189.722
4000	201	-454.951	620.685
4000	202	-0.682023	-131.728
4000	203	-49.3924	-105.488
4000	204	36.4978	234.744
4000	205	-146.346	-719.384
4000	206	204.806	403.454
4000	207	616.897	-20.5296
4000	208	-308.247	-918.628
4000	209	233.556	761.822
4000	210	300.416	-646.127
4000	211	132.016	91.7959
4000	212	-69.7444	15.7635
4000	213	8.86162	367.242
4000	214	30.315	13.6397
4000	215	102.804	-45.4896
4000	216	0.684142	10.1831
4000	217	167.567	189.492
4000	218	216.419	-48.297
4000	219	-425.923	351.845
4000	220	-101.583	-123.786
4000	221	-9.70268	-259.183
4000	222	-147.639	248.888
4000	223	-354.206	-7.20964
4000	224	-73.0852	-795.544
4000	225	-289.9	317.183
4000	226	181.455	990.266
4000	227	-14.0452	984.515
4000	228	282.782	1088.12
4000	229	-156.894	-1140.77
4000	230	-29.7016	-434.759
4000	231	194.405	-111.918
4000	232	-130.504	-409.11
4000	233	16.3973	36.5627
4000	234	114.182	-352.042
4000	235	-25.7457	-156.179
4000	236	308.246	281.693
4000	237	-73.5665	889.083
4000	238	-57.6637	169.701
4000	239	392.774	-530.828
4000	240	-227.07	214.67
4000	241	-412.503	393.829
4000	242	-203.853	499.758
4000	243	909.944	-278.464
4000	244	137.651	97.486
4000	245	23.961	-108.475
4000	246	-201.884	338.3
4000	247	33.3866	115.064
4000	248	-132.911	-661.518
4000	249	233.45	433.45
4000	250	-14.9075	-28.5097
4000	251	194.609	163.836
4000	252	70.729	-68.8197
4000	253	-46.2658	298.397
4000	254	-59.619	-534.101
4000	255	-380.883	-624.696
4000	256	-502.397	-200.833
4000	257	38.2582	437.636
4000	258	-248.529	-705.695
4000	259	-85.2702	131.06
4000	260	-186.588	-344.68
4000	261	175.868	214.908
4000	262	-237.145	613.154
4000	263	536.996	-155.642
4000	264	52.6822	600.496
4000	265	-56.3823	-83.0562
4000	266	-119.464	768.808
4000	267	159.486	-140.789
4000	268	201.394	111.529
4000	269	75.0347	-211.348
4000	270	5.31945	-413.421
4000	271	-209.845	1009.16
4000	272	-115.07	-518.803
4000	273	-272.152	347.735
4000	274	-201.774	-15.2451
4000	275	-638.503	-199.585
4000	276	494.968	-171.374
4000	277	70.9669	835.557
4000	278	220.463	-616.499
4000	279	-196.786	-82.4931
4000	280	83.8831	-533.485
4000	281	-67.639	-374.053
4000	282	162.467	215.243
4000	283	339.276	897.765
4000	284	-110.938	499.335
4000	285	401.556	429.763
4000	286	163.179	74.6177
4000	287	67.5542	698.192
4000	288	-387.599	838.299
4000	289	77.4047	410.221
4000	290	418.106	79.4178
4000	291	-293.918	-990.274
4000	292	9.56079	-570.406
4000	293	-40.1619	-743.3
4000	294	120.771	-341.392
4000	295	261.392	-409.613
4000	296	144.902	162.619
4000	297	118.144	590.229
4000	298	256.328	1116.75
4000	299	-187.714	2.54964
4000	300	298.178	186.2
4000	301	204.305	-209.383
4000	302	150.613	375.217
4000	303	271.198	161.488
4000	304	494.235	-199.581
4000	305	-24.7981	775.97
4000	306	44.07	-1008.3
4000	307	550.044	-410.245
4000	308	-274.467	-280.275
4000	309	-1.49718	-154.356
4000	310	-356.433	-388.005
4000	311	63.2627	103.796
4000	312	-33.3936	553.946
4000	313	-272.471	-58.5927
4000	314	-149.136	125.34
4000	315	-150.76	-81.7495
4000	316	256.168	-7.89274
4000	317	140.68	-20.6846
4000	318	39.3349	-333.305
4000	319	356.629	305.336
4000	320	212.9	120.337
4000	321	-267.987	-4.13556
4000	322	-202.568	488.249
4000	323	-307.477	791.301
4000	324	48.4179	-451.504
4000	325	-284.372	-281.067
4000	326	235.067	11.4943
4000	327	145.688	-400.85
4000	328	-66.7854	684.448
4000	329	-154.054	797.781
4000	330	191.183	707.98
4000	331	84.0252	-264.752
4000	332	335.563	-48.7408
4000	333	-383.98	1268.12
4000	334	62.189	-135.919
4000	335	-47.0579	-25.6057
4000	336	146.146	291.4
4000	337	390.579	476.638
4000	338	-119.756	-914.692
4000	339	234.036	-654.701
4000	340	5.80031	-117.064
4000	341	318.13	-137.369
4000	342	100.588	-28.2178
4000	343	-24.3722	-16.7457
4000	344	241.516	873.239
4000	345	64.9762	214.639
4000	346	228.933	-603.926
4000	347	263.29	-260.099
4000	348	366.853	-95.3559
4000	349	262.929	88.7219
4000	350	-160.106	-514.385
4000	351	-108.817	-304.417
4000	352	17.783	-781.917
4000	353	3.78225	-1.05944
4000	354	-10.0797	502.516
4000	355	-227.173	-313.696
4000	356	145.738	-349.035
4000	357	-291.635	392.769
4000	358	12.204	41.9951
4000	359	8.76464	32.841
4000	360	184.368	325.292
4000	361	-78.6897	-137.799
4000	362	-134.254	555.278
4000	363	10.3872	-188.539
4000	364	6.96857	-38.3774
4000	365	143.378	-368.34
4000	366	-204.692	289.307
4000	367	174.375	233.1
4000	368	-82.6571	346.168
4000	369	223.44	-106.315
4000	370	279.883	-237.192
4000	371	-284.506	301.297
4000	372	-283.598	477.911
4000	373	-398.393	-112.569
4000	374	22.227	-152.551
4000	375	39.6275	-103.73
4000	376	121.34	239.468
4000	377	103.245	-607.688
4000	378	119.151	345.938
4000	379	-151.151	-184.663
4000	380	-14.5594	-217.368
4000	381	104.183	-310.152
4000	382	-178.488	221.369
4000	383	151.914	-929.78
4000	384	-187.457	-353.254
4000	385	-49.5446	-147.024
4000	386	-150.35	107.973
4000	387	-101.07	287.362
4000	388	416.936	749.218
4000	389	-57.7408	244.191
4000	390	-253.216	-427.855
4000	391	-46.4834	299.087
4000	392	141.013	417.386
4000	393	470.959	408.939
4000	394	385.584	87.7212
4000	395	239.625	-33.5143
4000	396	-116.999	211.81
4000	397	139.681	643.195
4000	398	-170.557	-67.8615
4000	399	363.923	260.403
4000	400	48.5959	281.532
4000	401	42.0849	-675.777
4000	402	20.1534	236.184
4000	403	-205.249	-23.8244
4000	404	349.9	-548.08
4000	405	-196.865	-615.752
4000	406	-75.9675	-225.339
4000	407	67.4302	1075.81
4000	408	154.248	302.945
4000	409	175.517	-744.691
4000	410	-215.705	-402.189
4000	411	220.219	-168.525
4000	412	-116.523	-80.386
4000	413	268.395	-439.94
4000	414	520.889	-98.1017
4000	415	-186.64	442.776
4000	416	-503.194	327.637
4000	417	38.4921	-44.428
4000	418	63.3006	134.746
4000	419	-451.365	-283.635
4000	420	-78.5159	-316.763
4000	421	-18.341	-437.558
4000	422	171.436	413.608
4000	423	247.078	138.489
4000	424	175.973	-279.838
4000	425	38.5303	143.421
4000	426	247.306	-742.775
4000	427	95.6826	253.174
4000	428	234.033	-7.83908
4000	429	492.418	-650.95
4000	430	-58.9142	-462.926
4000	431	46.8544	445.662
4000	432	259.266	195.79
4000	433	410.104	-532.964
4000	434	-497.505	621.665
4000	435	697.663	-571.099
4000	436	416.872	-373.645
4000	437	-98.6519	-355.034
4000	438	36.3142	205.418
4000	439	704.304	-674.706
4000	440	201.529	-276.003
4000	441	328.646	80.0128
4000	442	-306.1	-978.24
4000	443	405.893	-225.775
4000	444	-270.031	-726.782
4000	445	-176.235	-152.327
4000	446	177.179	58.8742
4000	447	312.843	-264.786
4000	448	-224.737	-185.916
4000	449	447.23	124.962
4000	450	57.1628	-908.585
4000	451	-186.585	127.083
4000	452	441.819	95.2663
4000	453	16.7313	163.47
4000	454	149.14	175.417
4000	455	-276.283	-215.248
4000	456	-43.3588	-361.211
4000	457	-132.034	-255.506
4000	458	-171.395	-381.083
4000	459	-19.0688	-370.062
4000	460	-344.757	-122.461
4000	461	188.817	173.722
4000	462	-201.584	210.935
4000	463	99.0193	0.18987
4000	464	181.019	-298.683
4000	465	-419.169	101.296
4000	466	444.727	-691.23
4000	467	194.693	115.512
4000	468	3.33192	186.258
4000	469	477.763	860.9
4000	470	-116.736	753.858
4000	471	14.3606	-240.313
4000	472	13.6152	-260.996
4000	473	-192.688	60.8901
4000	474	252.873	-489.456
4000	475	-83.5874	1038.98
4000	476	229.962	-141.358
4000	477	112.232	16.0278
4000	478	-229.879	631.674
4000	479	-73.5006	-574.36
4000	480	190.739	-833.38
4000	481	-104.668	-962.898
4000	482	-85.2624	-100.186
4000	483	-289.407	-483.559
4000	484	-189.339	-265.641
4000	485	198.322	-274.611
4000	486	71.4643	-544.504
4000	487	147.047	36.3095
4000	488	-37.2496	-51.1572
4000	489	137.115	-768.229
4000	490	-368.677	-205.579
4000	491	251.714	-91.683
4000	492	-311.37	-902.56
4000	493	-287.663	-632.643
4000	494	312.315	-151.483
4000	495	-50.916	1200.15
4000	496	-52.783	-357.431
4000	497	92.3967	637.691
4000	498	269.359	-360.041
4000	499	122.378	-389.911
6000	0	-186.833	668.253
6000	1	-143.318	-127.17
6000	2	202.92	-374.839
6000	3	209.008	-831.703
6000	4	-244.64	626.567
6000	5	196.315	221.348
6000	6	-198.788	-1062.18
6000	7	-269.266	-423.893
6000	8	-244.331	-332.228
6000	9	-45.4204	-222.094
6000	10	229.974	-1253.59
6000	11	-283.24	-583.902
6000	12	267.388	-821.798
6000	13	198.445	-4.89475
6000	14	-130.095	-268.149
6000	15	-494.503	-133.488
6000	16	394.63	-453.841
6000	17	190.974	-377.36
6000	18	-211.134	948.176
6000	19	469.492	-165.213
6000	20	-684.44	-1129.23
6000	21	301.276	862.051
6000	22	-13.9817	247.853
6000	23	248.258	658.551
6000	24	-398.565	939.129
6000	25	-193.826	-797.197
6000	26	-91.8878	-285.282
6000	27	-147.257	-419.934
6000	28	352.269	113.043
6000	29	-41.9756	-516.061
6000	30	299.157	11.5939
6000	31	669.474	845.574
6000	32	-51.5565	-1699.84
6000	33	460.504	476.456
6000	34	-185.356	-1141.3
6000	35	21.9314	128.112
6000	36	-32.939	43.4341
6000	37	-249.287	571.526
6000	38	524.396	-10.269
6000	39	-312.694	24.0974
6000	40	-204.133	-732.804
6000	41	-208.259	-435.422
6000	42	49.0085	-205.559
6000	43	-276.607	-174.416
6000	44	98.5083	30.0469
6000	45	153.475	47.0356
6000	46	-226.72	-1641.95
6000	47	375.015	-340.556
6000	48	-282.905	458.067
6000	49	30.8158	-329.816
6000	50	115.369	-912.776
6000	51	5.95914	268.565
6000	52	532.664	-783.155
6000	53	-247.477	238.626
6000	54	-340.978	1537.22
6000	55	427.065	-136.766
6000	56	-234.308	-374.943
6000	57	150.428	149.395
6000	58	138.978	658.73
6000	59	389.728	1092.18
6000	60	-313.686	170.187
6000	61	-262.377	6.91544
6000	62	342.586	-55.9623
6000	63	132.32	131.334
6000	64	-22.5596	559.121
6000	65	206.808	-379.077
6000	66	1323.31	-539.857
6000	67	50.6042	-475.977
6000	68	-232.294	76.6224
6000	69	-118.903	-949.123
6000	70	473.243	-803.927
6000	71	12.0645	-763.86
6000	72	165.536	-1019.02
6000	73	-13.0823	1009.05
6000	74	-289.372	-624.932
6000	75	97.8142	61.148
6000	76	72.3604	26.2798
6000	77	43.1751	919.238
6000	78	99.2712	-215.908
6000	79	432.965	-248.644
6000	80	-86.6961	520.143
6000	81	316.001	95.664
6000	82	-633.837	-225.778
6000	83	-83.2168	-288.482
6000	84	-46.8267	288.564
6000	85	270.136	738.548
6000	86	232.45	-754.749
6000	87	-262.075	-178.547
6000	88	324.387	414.266
6000	89	115.038	-1255.79
6000	90	108.101	-288.615
6000	91	-109.373	279.457
6000	92	-249.808	660.517
6000	93	122.314	287.883
6000	94	6.58288	143.544
6000	95	211.943	-1010.47
6000	96	274.469	-299.434
6000	97	-81.7613	445.587
6000	98	90.0005	-1397.58
6000	99	-28.2913	475.79
6000	100	73.7098	423.621
6000	101	615.34	-686.411
6000	102	97.6479	329.522
6000	103	346.339	389.171
6000	104	-74.5087	-55.6277
6000	105	-182.144	1492.69
6000	106	-806.762	373.059
6000	107	216.572	29.8419
6000	108	-390.624	-233.511
6000	109	-9.19141	-366.571
6000	110	-157.689	312.598
6000	111	324.034	-537.889
6000	112	6.02971	156.238
6000	113	-66.393	301.323
6000	114	306.736	421.844
6000	115	104.668	310.213
6000	116	131.533	-1026.85
6000	117	-318.637	-632.502
6000	118	-278.868	-576.478
6000	119	-27.3031	572.014
6000	120	-128.967	292.676
6000	121	285.567	-181.014
6000	122	-64.7817	-1103.01
6000	123	-172.677	-594.573
6000	124	-532.917	189.457
6000	125	208.403	-418.785
6000	126	195.366	-979.238
6000	127	874.043	72.8295
6000	128	-202.597	-966.412
6000	129	245.139	547.947
6000	130	458.27	365.979
6000	131	-272.082	422.152
6000	132	342.341	-509.811
6000	133	121.993	1047.64
6000	134	103.185	313.155
6000	135	-374.59	796.331
6000	136	452.055	480.677
6000	137	288.143	1216.2
6000	138	-862.489	1136.76
6000	139	-224.96	488.12
6000	140	75.6048	552.256
6000	141	422.426	549.26
6000	142	360.612	268.085
6000	143	-2.8765	-529.372
6000	144	-190.626	173.867
6000	145	-273.527	195.596
6000	146	835.293	-643.247
6000	147	233.257	-633.142
6000	148	285.423	-494.548
6000	149	21.5614	16.0513
6000	150	501.447	508.433
6000	151	140.248	195.951
6000	152	224.012	-53.9346
6000	153	350.568	455.285
6000	154	-92.0204	-13.6307
6000	155	247.267	-615.889
6000	156	-124.408	-507.705
6000	157	-208.391	125.626
6000	158	421.51	-454.809
6000	159	34.0073	-101.273
6000	160	533.483	1310
6000	161	-308.716	-802.027
6000	162	148.375	-849.359
6000	163	183.053	-604.537
6000	164	-219.411	-565.175
6000	165	56.3574	-164.436
6000	166	-15.2283	218.057
6000	167	480.876	-1257.56
6000	168	-17.2572	-667.013
6000	169	300.001	354.385
6000	170	-13.8686	-471.094
6000	171	462.128	284.994
6000	172	0.0553019	-411.06
6000	173	-122.969	-606.573
6000	174	175.587	-268.722
6000	175	137.866	-62.2569
6000	176	264.014	357.566
6000	177	245.423	98.5897
6000	178	-38.209	252.674
6000	179	-289.868	466.506
6000	180	411.966	1139.6
6000	181	377.753	-596.682
6000	182	422.36	320.966
6000	183	-374.033	209.173
6000	184	659.756	545.481
6000	185	168.184	-363.965
6000	186	307.988	518.537
6000	187	-65.3082	-136.388
6000	188	-340.626	-267.381
6000	189	-621.721	104.314
6000	190	86.5384	-474.67
6000	191	144.268	736.351
6000	192	343.227	-544.775
6000	193	60.5419	472.22
6000	194	182.967	740.426
6000	195	2.15657	465.347
6000	196	-300.413	-250.289
6000	197	-125.676	-385.928
6000	198	-227.138	659.103
6000	199	14.9361	-338.843
6000	200	408.024	347.728
6000	201	-270.876	591.83
6000	202	-1.08382	-42.2577
6000	203	31.4952	-442.567
6000	204	242.796	160.948
6000	205	-207.729	-432.613
6000	206	84.8126	45.042
6000	207	539.572	437.812
6000	208	-548.593	-723.379
6000	209	192.542	464.952
6000	210	320.396	-615.767
6000	211	89.3162	-521.545
6000	212	271.164	-335.725
6000	213	383.894	772.483
6000	214	-33.9612	-51.6734
6000	215	36.9119	378.35
6000	216	-78.3787	6.06146
6000	217	257.799	288.12
6000	218	162.858	87.7759
6000	219	-446.356	163.311
6000	220	-75.9737	-575.177
6000	221	214.251	-191.316
6000	222	92.1191	-451.716
6000	223	26.7378	311.903
6000	224	-15.6319	-1305.64
6000	225	-506.426	301.118
6000	226	100.228	590.247
6000	227	-78.8838	1053.2
6000	228	334.466	383.212
6000	229	-123.357	-1089.96
6000	230	-69.8091	-605.043
6000	231	350.355	-213.508
6000	232	-75.1379	26.3757
6000	233	173.842	191.136
6000	234	174.708	-383.452
6000	235	-129.443	56.3168
6000	236	272.658	-219.2
6000	237	165.018	802.572
6000	238	-55.5511	316.845
6000	239	234.178	-206.039
6000	240	-33.2614	208.734
6000	241	-254.548	546.111
6000	242	-294.033	348.073
6000	243	1110.02	-571.428
6000	244	26.8438	127.782
6000	245	-74.3503	-325.649
6000	246	-164.602	179.104
6000	247	63.1873	38.5288
6000	248	-76.1585	-835.907
6000	249	303.374	343.956
6000	250	120.769	-91.8294
6000	251	61.5484	356.192
6000	252	348.647	-311.127
6000	253	-46.9662	244.977
6000	254	-181.273	-1103.39
6000	255	-510.458	-110.917
6000	256	-485.185	-31.2381
6000	257	72.9653	601.288
6000	258	-238.077	-585.5
6000	259	-46.1327	53.0354
6000	260	-9.49585	-99.0109
6000	261	105.174	45.6602
6000	262	-521.527	889.125
6000	263	490.12	285.362
6000	264	255.517	706.354
6000	265	262.342	8.47155
6000	266	-674.448	738.485
6000	267	197.793	-105.521
6000	268	48.515	153.761
6000	269	-25.2501	-185.272
6000	270	305.954	-806.802
6000	271	-327.119	1078.69
6000	272	-196.743	-621.202
6000	273	-394.266	367.085
6000	274	-114.952	-165.951
6000	275	-532.181	-811.364
6000	276	511.928	23.687
6000	277	228.483	83.3601
6000	278	361.614	-763.948
6000	279	-184.647	123.422
6000	280	459.703	-54.9643
6000	281	-205.86	-387.355
6000	282	-98.428	-374.273
6000	283	215.211	558.209
6000	284	-298.525	598.332
6000	285	498.794	357.204
6000	286	247.859	317.096
6000	287	135.83	1086.92
6000	288	-389.323	434.998
6000	289	141.741	245.052
6000	290	216.672	-424.22
6000	291	-317.054	-902.107
6000	292	-52.0088	-219.761
6000	293	-54.9697	-483.413
6000	294	235.698	204.61
6000	295	281.741	-324.123
6000	296	-15.1463	548.086
6000	297	-184.833	1077.9
6000	298	250.716	997.85
6000	299	-167.672	73.9825
6000	300	357.224	18.8076
6000	301	289.9	84.4321
6000	302	207.529	622.302
6000	303	471.543	377.38
6000	304	401.817	614.635
6000	305	7.46262	588.956
6000	306	-245.616	-1150.59
6000	307	313.145	-372.828
6000	308	-313.349	-555.471
6000	309	491.861	-90.0123
6000	310	-599.499	261.613
6000	311	184.85	-348.496
6000	312	241.799	926.607
6000	313	-270.224	-56.1025
6000	314	-246.341	367.107
6000	315	-188.43	263.275
6000	316	321.732	-62.0567
6000	317	314.506	-604.136
6000	318	-19.4436	-181.209
6000	319	494.992	273.782
6000	320	197.947	311.853
6000	321	-9.5886	50.5428
6000	322	-214.634	533.352
6000	323	-248.078	1168.63
6000	324	-113.073	-325.236
6000	325	-349.578	-129.23
6000	326	-64.7189	242.113
6000	327	251.343	-229.235
6000	328	101.765	1289.24
6000	329	200.004	1464.25
6000	330	152.994	208.415
6000	331	284.919	-318.44
6000	332	409.685	-129.194
6000	333	-387.567	1268.54
6000	334	57.8627	126.652
6000	335	-7.36181	-83.5935
6000	336	302.9	648.624
6000	337	496.357	-4.91085
6000	338	-158.457	-645.577
6000	339	93.0192	-574.815
6000	340	158.927	116.882
6000	341	576.401	78.2675
6000	342	156.098	-26.8219
6000	343	-255.408	-122.926
6000	344	303.384	567.41
6000	345	70.4895	490.805
6000	346	163.413	-367.796
6000	347	762.104	-156.928
6000	348	204.419	-466.373
6000	349	140.597	108.101
6000	350	-241.562	148.551
6000	351	-205.234	-365.918
6000	352	-33.3935	-1342.12
6000	353	-137.538	-317.364
6000	354	-85.0321	224.962
6000	355	-366.29	150.789
6000	356	231.579	-571.562
6000	357	-202.114	187.535
6000	358	-85.8213	-130.193
6000	359	-226.187	-18.589
6000	360	161.697	84.7661
6000	361	0.973132	-699.498
6000	362	-400.122	707.862
6000	363	-18.9187	-201.474
6000	364	111.578	-240.032
6000	365	243.52	219.362
6000	366	-3.17624	333.865
6000	367	202.893	-170.773
6000	368	-205.253	-108.234
6000	369	362.118	218.531
6000	370	342.894	296.851
6000	371	-337.624	61.1692
6000	372	-162.871	876.993
6000	373	-261.322	-289.577
6000	374	62.2274	-366.323
6000	375	15.7427	367.151
6000	376	-139.678	23.9961
6000	377	199.141	-713.04
6000	378	137.601	188.892
6000	379	-405.254	-283.132
6000	380	-38.4652	224.717
6000	381	525.362	-390.53
6000	382	-231.393	122.413
6000	383	393.146	-622.892
6000	384	-126.616	-507.933
6000	385	-105.995	236.249
6000	386	-48.4841	-192.507
6000	387	-4.8013	-243.374
6000	388	477.887	1187.77
6000	389	-56.1253	-89.707
6000	390	-435.241	-860.841
6000	391	-107.824	-165.499
6000	392	275.543	11.8509
6000	393	587.621	546.992
6000	394	482.048	-500.864
6000	395	-59.3588	-751.636
6000	396	62.8654	838.618
6000	397	72.1475	155.299
6000	398	49.8839	104.943
6000	399	63.6236	615.979
6000	400	52.4565	168.358
6000	401	405.416	-1247.09
6000	402	-117.576	174.801
6000	403	-164.66	34.1898
6000	404	469.002	-1043.36
6000	405	-78.3847	449.844
6000	406	109.877	14.0953
6000	407	46.0271	821.374
6000	408	91.7108	691.729
6000	409	356.284	-1192.06
6000	410	-375.524	-22.8886
6000	411	339.373	-212.525
6000	412	-89.0754	-732.292
6000	413	295.118	-676.233
6000	414	618.821	758.313
6000	415	-328.174	659.459
6000	416	-401.09	491.835
6000	417	250.771	25.1259
6000	418	-177.701	-120.027
6000	419	-733.125	-423.231
6000	420	62.2826	-594.022
6000	421	-240.284	-574.951
6000	422	365.644	-49.0266
6000	423	92.6976	-144.278
6000	424	314.802	-628.315
6000	425	252.516	649.844
6000	426	356.523	-544.217
6000	427	129.273	-4.63382
6000	428	498.072	1004.9
6000	429	267.825	-126.502
6000	430	42.1705	-1078.82
6000	431	61.96	311.151
6000	432	401.804	96.8497
6000	433	321.827	-1017.17
6000	434	-493.996	720.413
6000	435	849.681	-536.095
6000	436	397.243	-595.472
6000	437	-220.443	-118.256
6000	438	-89.0602	132.074
6000	439	946.697	-849.917
6000	440	293.423	-637.847
6000	441	125.821	645.017
6000	442	-409.435	-1351.28
6000	443	330.746	-296.661
6000	444	27.075	-902.596
6000	445	-274.353	-20.6659
6000	446	256.395	369.026
6000	447	331.936	-694.884
6000	448	1.20351	376.018
6000	449	512.779	-213.481
6000	450	-49.5766	-993.157
6000	451	-68.9943	-494.188
6000	452	445.38	-89.5941
6000	453	-43.5708	181.802
6000	454	314.302	-219.62
6000	455	-518.765	-1033.66
6000	456	79.5895	98.9422
6000	457	-46.9701	-51.5956
6000	458	-289.306	-158.126
6000	459	-357.262	-395.716
6000	460	-302.512	-362.227
6000	461	85.3319	396.452
6000	462	-344.503	407.322
6000	463	-4.82336	-446.188
6000	464	286.327	-622.674
6000	465	-410.966	-254.434
6000	466	340.498	-27.1575
6000	467	-29.2257	-40.1358
6000	468	141.047	-832.355
6000	469	627.579	876.293
6000	470	51.3572	1140.56
6000	471	134.026	-125.537
6000	472	310.173	-25.3176
6000	473	-129.301	31.3882
6000	474	162.105	-41.2041
6000	475	-28.7903	1340.31
6000	476	453.911	218.259
6000	477	252.387	685.15
6000	478	89.224	-177.843
6000	479	23.3173	-910.506
6000	480	147.733	-1073.01
6000	481	31.5773	-1022.15
6000	482	-23.0212	-279.58
6000	483	-453.486	-881.383
6000	484	53.355	-784.736
6000	485	-62.1016	-651.826
6000	486	-123.826	-759.157
6000	487	289.352	144.249
6000	488	140.578	139.801
6000	489	39.1836	-313.374
6000	490	-272.38	382.077
6000	491	411.845	119.118
6000	492	-61.5166	-864.688
6000	493	-304.617	-630.003
6000	494	174.709	-608.386
6000	495	-314.087	1279.52
6000	496	337.618	-180.061
6000	497	-148.029	852.955
6000	498	230.596	-897.877
6000	499	-0.345612	-402.446
8000	0	-150.713	747.244
8000	1	40.2868	112.489
8000	2	342.367	-574.828
8000	3	104.386	-604.913
8000	4	-2.21313	842.073
8000	5	72.7321	-70.9535
8000	6	-152.755	-1277.88
8000	7	-407.797	-387.964
8000	8	-206.521	-740.658
8000	9	-87.564	533.259
8000	10	265.523	-1206.36
8000	11	-87.4157	-101.987
8000	12	388.963	-1404.98
8000	13	576.073	501.316
8000	14	-304.3	-20.6055
8000	15	-292.592	283.126
8000	16	353.397	-997.231
8000	17	148.282	73.5124
8000	18	-128.128	688.861
8000	19	491.577	-423.216
8000	20	-857.327	-987.345
8000	21	238.418	927.134
8000	22	206.599	357.125
8000	23	646.31	159.114
8000	24	-240.658	1139.24
8000	25	-35.1029	-610.264
8000	26	-148.049	-383.667
8000	27	221.317	188.261
8000	28	614.456	269.952
8000	29	-115.107	-426.594
8000	30	357.209	-880.216
8000	31	714.411	1459
8000	32	-166.284	-1214.74
8000	33	403.274	676.287
8000	34	-243.517	-501.896
8000	35	-41.3979	455.554
8000	36	186.121	32.8438
8000	37	-309.426	856.642
8000	38	545.956	202.748
8000	39	-155.665	292.012
8000	40	-108.324	-798.48
8000	41	-8.4189	-553.584
8000	42	-169.12	82.2903
8000	43	-65.0771	-435.832
8000	44	-97.8411	379.107
8000	45	147.029	230.08
8000	46	-205.424	-1970.21
8000	47	291.027	-159.32
8000	48	-184.314	225.2
8000	49	73.1462	-422.433
8000	50	-37.7815	-913.824
8000	51	163.714	-177.571
8000	52	652.708	-505.034
8000	53	-113.032	-132.59
8000	54	-198.123	1793.41
8000	55	415.633	157.684
8000	56	-394.561	37.645
8000	57	402.255	-89.3436
8000	58	461.034	560.909
8000	59	269.974	1002.31
8000	60	-252.164	80.5524
8000	61	-425.139	-69.2565
8000	62	430.361	-545.453
8000	63	533.078	308.124
8000	64	97.6405	356.955
8000	65	424.83	-914.791
8000	66	1302.16	-473.847
8000	67	151.754	-527.224
8000	68	105.466	499.245
8000	69	-95.8289	-1281.79
8000	70	447.953	-795.347
8000	71	1.95778	-640.517
8000	72	264.786	-1465.38
8000	73	-354.406	1617.6
8000	74	-467.591	-1285.36
8000	75	61.5907	-236.61
8000	76	150.029	0.427571
8000	77	82.9106	1151.2
8000	78	107.18	-333.606
8000	79	731.081	-325.333
8000	80	-30.0028	274.705
8000	81	276.801	439.134
8000	82	-418.921	-687.676
8000	83	200.336	-210.304
8000	84	-246.364	449.3
8000	85	329.389	928.406
8000	86	196.399	-841.222
8000	87	-430.641	-402.91
8000	88	347.436	451.094
8000	89	-45.0871	-1233.01
8000	90	203.206	-305.642
8000	91	59.9786	197.563
8000	92	-189.477	-246.4
8000	93	253.257	-174.778
8000	94	43.9759	678.122
8000	95	115.463	-1159.64
8000	96	526.651	21.1441
8000	97	200.45	-339.03
8000	98	112.431	-1426.23
8000	99	284.213	487.752
8000	100	80.1154	325.091
8000	101	600.763	-824.667
8000	102	256.962	494.999
8000	103	85.2377	-21.9653
8000	104	-113.44	93.3569
8000	105	-80.7953	1921.24
8000	106	-628.33	375.298
8000	107	175.885	-305.091
8000	108	-192.679	-245.324
8000	109	-26.878	-297.26
8000	110	-59.1261	718.496
8000	111	181.683	-69.0756
8000	112	100.994	-102.698
8000	113	-88.9582	183.4
8000	114	265.017	391.981
8000	115	284.183	-86.9082
8000	116	410.569	-876.469
8000	117	-460.22	-557.138
8000	118	-270.404	-272.238
8000	119	-107.146	264.999
8000	120	-473.796	521.704
8000	121	427.228	-822.059
8000	122	-264.825	-1294.8
8000	123	-126.112	-553.864
8000	124	-357.209	-141.019
8000	125	89.9941	-418.927
8000	126	139.146	-1537.69
8000	127	1172.02	477.235
8000	128	-482.747	-1345.1
8000	129	203.557	571.044
8000	130	554.553	1312.56
8000	131	-106.646	366.028
8000	132	137.569	-853.999
8000	133	321.619	1094.06
8000	134	21.8605	337.554
8000	135	-315.553	492.758
8000	136	473.204	832.976
8000	137	170.101	1182.87
8000	138	-723.997	1316.01
8000	139	-203.383	956.998
8000	140	86.4382	4.16183
8000	141	561.739	896.555
8000	142	179.35	-131.609
8000	143	-42.3181	-788.521
8000	144	-14.7485	530.334
8000	145	-84.2639	257.307
8000	146	1075.19	-941.186
8000	147	573.184	80.0374
8000	148	382.049	-510.39
8000	149	146.405	-268.559
8000	150	575.966	213.145
8000	151	222.672	552.042
8000	152	223.601	-301.569
8000	153	344.988	906.268
8000	154	-90.7888	172.886
8000	155	346.104	157.807
8000	156	7.46177	-717.403
8000	157	-137.039	282.918
8000	158	580.34	-619.206
8000	159	152.44	-538.667
8000	160	694.361	1404.07
8000	161	-629.832	-950.347
8000	162	164.973	-1099.2
8000	163	202.969	-976.407
8000	164	-178.39	-589.032
8000	165	435.389	65.2686
8000	166	107.263	-0.304381
8000	167	312.101	-1313.87
8000	168	261.916	-315.02
8000	169	601.209	461.184
8000	170	14.1115	-441.199
8000	171	931.401	128.574
8000	172	80.3148	-600.125
8000	173	-144.18	-671.253
8000	174	154.992	212.742
8000	175	377.041	-294.291
8000	176	480.306	478.292
8000	177	443.677	489.463
8000	178	-74.5069	59.8463
8000	179	-349.243	1294.21
8000	180	641.917	854.904
8000	181	202.044	-928.144
8000	182	440.322	219.067
8000	183	-378.072	-248.299
8000	184	779.856	66.5845
8000	185	287.596	-495.736
8000	186	624.645	180.305
8000	187	-186.987	99.8519
8000	188	-460.542	85.3387
8000	189	-378.518	396.592
8000	190	-105.801	-1173.49
8000	191	-55.7324	959.217
8000	192	465.113	-697.266
8000	193	137.836	617.128
8000	194	212.763	634.556
8000	195	-41.7626	527.813
8000	196	-139.706	-252.927
8000	197	-169.828	-845.084
8000	198	-504.857	309.347
8000	199	104.142	-231.797
8000	200	386.25	100.451
8000	201	-274.91	733.546
8000	202	355.404	-144.493
8000	203	164.356	-582.495
8000	204	156.473	321
8000	205	-346.016	-161.703
8000	206	22.8364	13.2621
8000	207	698.124	368.795
8000	208	-51.5659	-915.037
8000	209	95.1492	613.788
8000	210	480.146	-381.931
8000	211	228.959	-951.201
8000	212	312.499	-412.325
8000	213	768.958	801.763
8000	214	168.57	-217.947
8000	215	197.561	798.943
8000	216	-180.088	715.714
8000	217	427.254	130.26
8000	218	554.355	232.241
8000	219	32.3643	-155.479
8000	220	-137.805	-728.855
8000	221	457.43	-8.11746
8000	222	194.875	-401.584
8000	223	370.323	430.138
8000	224	61.4202	-1229.79
8000	225	-588.939	186.169
8000	226	381.727	834.108
8000	227	-54.5916	801.477
8000	228	239.484	160.906
8000	229	-244.704	-399.472
8000	230	-94.0934	-508.962
8000	231	393.685	-331.725
8000	232	-132.719	105.169
8000	233	16.1954	351.535
8000	234	170.36	126.72
8000	235	-46.6053	-499.409
8000	236	190.189	-433.724
8000	237	12.5739	699.326
8000	238	-8.47242	-5.00403
8000	239	81.4211	-169.991
8000	240	-56.8077	788.604
8000	241	-429.117	1078.95
8000	242	-430.27	436.858
8000	243	1132.69	-949.862
8000	244	154.355	-11.9417
8000	245	-131.895	-562.577
8000	246	307.426	-99.5812
8000	247	145.125	112.786
8000	248	-579.425	-1122.55
8000	249	529.968	314.416
8000	250	-54.3186	-421.62
8000	251	-124.717	703.638
8000	252	510.598	-380.877
8000	253	-222.942	-140.771
8000	254	39.0214	-1532.94
8000	255	-531.583	10.0628
8000	256	-680.48	-98.4596
8000	257	250.981	433.533
8000	258	-242.948	-214.699
8000	259	71.7492	-34.2233
8000	260	-26.7045	-110.944
8000	261	-49.8856	721.656
8000	262	-511.916	755.563
8000	263	555.29	1083.36
8000	264	310.211	1669.13
8000	265	452.074	-481.991
8000	266	-700.151	523.166
8000	267	340.029	-117.788
8000	268	148.242	722.063
8000	269	220.825	-186.398
8000	270	67.3737	-1250.6
8000	271	-93.9114	1331.84
8000	272	-237.651	-561.607
8000	273	-137.227	434.588
8000	274	-52.6087	-423.365
8000	275	-637.99	-604.964
8000	276	387.146	-325.868
8000	277	310.462	-299.565
8000	278	284.973	-337.223
8000	279	-99.2466	280.384
8000	280	639.922	152.531
8000	281	-424.594	-571.416
8000	282	63.6451	-281.023
8000	283	315.29	431.914
8000	284	14.2057	-6.76462
8000	285	659.424	336.82
8000	286	-58.3098	202.539
8000	287	46.4195	810.289
8000	288	-348.761	585.057
8000	289	35.7882	597.478
8000	290	242.181	-132.323
8000	291	-456.201	-843.862
8000	292	-133.326	79.8767
8000	293	240.835	-1189.64
8000	294	323.165	236.206
8000	295	359.971	54.0324
8000	296	87.3894	808.479
8000	297	-206.748	911.215
8000	298	127.887	1113.74
8000	299	-344.818	475.902
8000	300	536.189	526.142
8000	301	321.983	374.85
8000	302	346.731	313.666
8000	303	611.685	78.6005
8000	304	612.24	375.846
8000	305	-66.7763	659.107
8000	306	-10.5026	-1054.41
8000	307	208.883	-85.2137
8000	308	-134.353	-960.83
8000	309	380.023	-41.1232
8000	310	-817.596	530.078
8000	311	-76.2067	-830.332
8000	312	341.835	123.055
8000	313	-149.257	-592.103
8000	314	51.235	-191.263
8000	315	-186.576	329.067
8000	316	457.559	109.652
8000	317	199.538	-615.213
8000	318	-261.984	-175.199
8000	319	499.845	230.312
8000	320	252.772	-99.923
8000	321	293.004	533.03
8000	322	-287.902	609.032
8000	323	-227.801	800.378
8000	324	-71.8462	-468.493
8000	325	-227.378	-188.071
8000	326	-86.5904	491.759
8000	327	554.15	-816.442
8000	328	-194.074	1122.97
8000	329	347.044	1414
8000	330	-50.3419	409.343
8000	331	186.512	-341.875
8000	332	371.805	-222.773
8000	333	-326.14	1093.67
8000	334	-184.939	267.799
8000	335	-205.528	-891.848
8000	336	300.508	870.184
8000	337	497.275	279.061
8000	338	-276.332	-296.052
8000	339	33.8727	-356.285
8000	340	159.232	-363.583
8000	341	493.271	43.2442
8000	342	358.099	235.835
8000	343	283.451	-239.066
8000	344	175.411	613.491
8000	345	-6.34609	-36.1288
8000	346	159.726	27.403
8000	347	800.716	33.7915
8000	348	485.704	-499.949
8000	349	-74.2546	480.75
8000	350	-359.926	-293.439
8000	351	-264.891	-554.975
8000	352	-37.9542	-1710.97
8000	353	-34.9318	-73.5855
8000	354	-137.694	870.129
8000	355	-386.75	-141.407
8000	356	285.636	-586.286
8000	357	-309.836	190.073
8000	358	55.1305	-578.358
8000	359	4.70104	-18.2581
8000	360	165.319	109.512
8000	361	42.8945	-835.927
8000	362	-401.245	536.645
8000	363	-90.926	-65.0933
8000	364	-22.4021	-140.814
8000	365	564.357	199.027
8000	366	173.88	87.5635
8000	367	315.125	-70.9566
8000	368	177.599	-60.7034
8000	369	321.707	-293.04
8000	370	283.666	171.015
8000	371	-385.722	-195.918
8000	372	-124.456	969.202
8000	373	-59.1909	-565.487
8000	374	204.103	-534.513
8000	375	178.704	676.654
8000	376	-290.133	144.906
8000	377	260.937	-801.75
8000	378	78.1303	254.719
8000	379	-64.6428	-83.0937
8000	380	-9.18061	327.542
8000	381	694.532	-387.181
8000	382	-250.55	683.357
8000	383	392.744	-885.484
8000	384	-93.2557	-917.327
8000	385	-26.5143	307.623
8000	386	189.687	6.14549
8000	387	-223.306	-260.135
8000	388	517.57	878.633
8000	389	-57.4152	-784.731
8000	390	-473.966	-1025.84
8000	391	-247.006	-234.476
8000	392	147.476	-247.103
8000	393	634.186	851.092
8000	394	584.575	-867.857
8000	395	34.1204	-735.881
8000	396	243.986	205.228
8000	397	19.5136	9.36386
8000	398	149.175	95.3378
8000	399	207.172	1084.01
8000	400	52.9551	-20.3565
8000	401	385.528	-1086.69
8000	402	-218.017	131.853
8000	403	-366.537	-557.67
8000	404	467.222	-712.604
8000	405	-80.81	500.803
8000	406	-9.28884	498.757
8000	407	172.978	473.927
8000	408	101.35	239.633
8000	409	316.827	-1427.66
8000	410	-157.479	259.072
8000	411	108.411	417.373
8000	412	-156.999	-995.867
8000	413	534.726	-445.408
8000	414	478.236	414.237
8000	415	-427.016	680.039
8000	416	-501.065	691.382
8000	417	345.708	-1.93916
8000	418	-175.629	29.0138
8000	419	-613.036	-546.785
8000	420	462.536	-859.619
8000	421	-319.077	-542.218
8000	422	94.1951	292.821
8000	423	11.5295	-469.439
8000	424	13.965	-544.434
8000	425	278.329	431.644
8000	426	459.944	-377.448
8000	427	33.4226	241.822
8000	428	799.227	970.559
8000	429	569.71	-495.424
8000	430	100.81	-798.191
8000	431	96.7468	276.239
8000	432	565.032	606.165
8000	433	383.796	-319.015
8000	434	-533.705	768.545
8000	435	811.124	-388.024
8000	436	234.906	-575.626
8000	437	-39.9966	52.0434
8000	438	230.273	20.9655
8000	439	785.166	-688.909
8000	440	342.182	-430.096
8000	441	117.599	410.359
8000	442	-90.336	-1918.05
8000	443	-49.5115	-824.243
8000	444	-130.392	-960.381
8000	445	-512.47	101.825
8000	446	60.3682	249.51
8000	447	271.454	-363.449
8000	448	271.26	331.598
8000	449	427.842	419.347
8000	450	132.937	-361.937
8000	451	170.445	21.5872
8000	452	575.458	-740.229
8000	453	77.3576	66.6329
8000	454	422.868	-215.078
8000	455	-608.285	-1992.78
8000	456	-134.536	-461.695
8000	457	-127.066	-747.767
8000	458	-51.2853	-740.054
8000	459	-384.191	-615.282
8000	460	-19.7734	-440.108
8000	461	184.623	77.1417
8000	462	-286.084	465.286
8000	463	-30.1048	-372.589
8000	464	324.177	-840.902
8000	465	-380.891	-28.3612
8000	466	203.114	20.7605
8000	467	-169.955	139.016
8000	468	321.749	-906.592
8000	469	724.116	873.895
8000	470	-137.413	855.783
8000	471	111.152	-362.782
8000	472	369.425	-70.4069
8000	473	-117.435	-287.768
8000	474	1.96557	-34.952
8000	475	-138.634	1523.44
8000	476	651.115	136.518
8000	477	-46.7897	571.509
8000	478	107.605	-431.89
8000	479	425.289	-344.815
8000	480	148.796	-1190.66
8000	481	-83.4764	-1071
8000	482	-280.611	-109.471
8000	483	-193.764	-857.829
8000	484	371.135	-919.828
8000	485	-41.2479	-1667.2
8000	486	-124.873	-987.703
8000	487	426.663	346.718
8000	488	49.1657	301.883
8000	489	36.669	55.8957
8000	490	-311.239	-353.056
8000	491	590.213	174.389
8000	492	-47.1219	-1414.71
8000	493	-287.702	-259.123
8000	494	113.078	-465.212
8000	495	-314.843	1555.25
8000	496	477.092	229.25
8000	497	31.6329	803.104
8000	498	514.624	-1062.37
8000	499	341.531	59.5483
10000	0	-186.737	950.929
10000	1	277.293	210.672
10000	2	298.409	-1014.96
10000	3	-15.7411	-839.325
10000	4	240.999	1003.09
10000	5	21.1786	-440.34
10000	6	-172.115	-994.488
10000	7	-190.486	-148.51
10000	8	-133.992	-517.626
10000	9	-12.4792	613.333
10000	10	-135.048	-2046.27
10000	11	94.9812	146.252
10000	12	643.559	-1406.39
10000	13	698.333	684.846
10000	14	-437.441	-343.089
10000	15	-492.762	245.443
10000	16	553.104	-456.309
10000	17	-48.5552	-179.966
10000	18	-201.287	690.897
10000	19	567.216	-706.373
10000	20	-553.552	-1075.52
10000	21	217.855	1526.38
10000	22	445.613	250.999
10000	23	864.45	424.944
10000	24	38.9768	660.286
10000	25	-184.673	-337.093
10000	26	49.0658	-392.228
10000	27	293.498	-99.1107
10000	28	849.197	-120.501
10000	29	-193.654	-638.517
10000	30	487.411	-708.855
10000	31	769.331	1661.29
10000	32	-47.1114	-1389.69
10000	33	441.145	1225.06
10000	34	-163.03	-331.192
10000	35	-323.119	355.111
10000	36	467.676	-264.803
10000	37	-272.075	549.358
10000	38	606.948	160.734
10000	39	27.6054	529.067
10000	40	-267.076	-242.189
10000	41	348.616	-220.805
10000	42	-289.173	395.276
10000	43	-22.3412	-276.047
10000	44	-41.8829	293.361
10000	45	-12.0721	128.109
10000	46	10.6328	-2126.13
10000	47	307.957	-172.936
10000	48	-81.4193	677.667
10000	49	52.0771	565.627
10000	50	-13.3011	-556.506
10000	51	549.905	-364.076
10000	52	614.301	-178.567
10000	53	-100.183	80.7744
10000	54	-184.649	1783.33
10000	55	476.933	-54.5849
10000	56	-490.1	-233.408
10000	57	586.119	305.507
10000	58	380.432	492.695
10000	59	249.503	725.212
10000	60	-111.686	-286.015
10000	61	-231.637	221.896
10000	62	845.482	-1065.99
10000	63	354.779	680.748
10000	64	-224.243	244.449
10000	65	627.59	-1437.67
10000	66	1302.42	-1335.07
10000	67	359.001	-651.783
10000	68	129.655	798.699
10000	69	178.736	-1218.49
10000	70	424.905	-527.007
10000	71	356.963	-821.978
10000	72	145.948	-2096.52
10000	73	-367.964	2082.89
10000	74	-489.998	-1555.88
10000	75	126.236	-407.685
10000	76	136.115	390.498
10000	77	464.523	2189.57
10000	78	5.23682	207.715
10000	79	591.543	-178.307
10000	80	-127.999	-129.94
10000	81	234.409	332.559
10000	82	-102.543	-991.784
10000	83	272.306	28.6954
10000	84	-377.828	434.834
10000	85	667.952	1082.78
10000	86	214.474	-856.661
10000	87	-471.06	-620.704
10000	88	584.824	514.821
10000	89	-264.272	-1242.43
10000	90	-111.825	-412.735
10000	91	127.644	489.365
10000	92	-182.578	538.453
10000	93	360.987	177.115
10000	94	35.3508	518.727
10000	95	413.3	-1238.55
10000	96	462.058	-439.836
10000	97	204.289	-664.766
10000	98	-8.58258	-1556.74
10000	99	230.054	761.904
10000	100	166.976	922.588
10000	101	659.216	-1270.71
10000	102	358.94	-154.414
10000	103	-114.368	87.6526
10000	104	-54.4501	571.491
10000	105	2.20917	1999.55
10000	106	-405.799	-364.005
10000	107	127.095	-251.14
10000	108	126.965	-366.309
10000	109	-9.63022	-364.207
10000	110	159.003	834.149
10000	111	121.904	-473.501
10000	112	-198.063	-635.798
10000	113	-265.406	889.749
10000	114	125.788	-608.96
10000	115	183.622	-221.193
10000	116	373.659	-1208.34
10000	117	-400.384	-708.855
10000	118	-252.996	-771.011
10000	119	-247.339	467.023
10000	120	-629.429	1211.69
10000	121	466.592	-924.097
10000	122	-303.818	-1121.67
10000	123	-180.275	-522.066
10000	124	-365.562	327.414
10000	125	247.539	-960.782
10000	126	163	-1964.6
10000	127	1034.6	816.704
10000	128	-266.447	-1184.99
10000	129	21.096	236.475
10000	130	799.69	1232.09
10000	131	154.659	237.487
10000	132	501.999	-646.216
10000	133	213.216	1370.87
10000	134	-164.033	-3.2446
10000	135	-335.281	857.083
10000	136	551.843	343.7
10000	137	94.1256	1388.24
10000	138	-883.755	1094.28
10000	139	-285.505	1180.99
10000	140	-14.3068	-33.5799
10000	141	543.227	532.473
10000	142	-96.7691	339.044
10000	143	196.907	-1138.36
10000	144	347.928	162.924
10000	145	63.6403	758.725
10000	146	936.326	-1021.9
10000	147	319.435	218.945
10000	148	408.903	-938.955
10000	149	227.291	54.253
10000	150	375.181	-427.873
10000	151	381.093	197.494
10000	152	406.211	-301.122
10000	153	249.381	124.776
10000	154	50.9823	-231.078
10000	155	204.929	-44.1963
10000	156	-166.694	-349.483
10000	157	-78.248	70.7364
10000	158	607.906	-178.288
10000	159	452.095	-533.663
10000	160	697.734	1208.9
10000	161	-610.463	-1076.18
10000	162	27.8668	-1181.72
10000	163	306.415	-867.106
10000	164	278.703	-185.899
10000	165	566.905	-429.261
10000	166	46.6211	196.186
10000	167	415.985	-1239.56
10000	168	223.358	-271.64
10000	169	700.607	490.875
10000	170	166.263	-166.739
10000	171	1001.65	-305.866
10000	172	110.596	-351.2
10000	173	36.4264	-1092.46
10000	174	138.105	445.167
10000	175	836.305	-514.199
10000	176	441.29	204.935
10000	177	316.424	533.234
10000	178	-58.1004	-41.6226
10000	179	-250.525	980.792
10000	180	772.324	779.976
10000	181	257.992	-1250.77
10000	182	426.482	-388.246
10000	183	-498.824	406.26
10000	184	918.117	621.505
10000	185	507.665	-578.562
10000	186	506.662	-62.8268
10000	187	-306.359	129.206
10000	188	-733.284	483.75
10000	189	-203.935	389.952
10000	190	-5.62549	-1519.82
10000	191	128.398	1380.15
10000	192	446.137	-332.972
10000	193	238.274	537.707
10000	194	452.491	486.705
10000	195	-139.36	856.276
10000	196	-6.29299	103.533
10000	197	-318.407	-1144.26
10000	198	-506.953	344.191
10000	199	21.1776	-27.2824
10000	200	527.722	-14.4265
10000	201	-491.081	791.73
10000	202	417.447	-339.601
10000	203	224.409	62.0969
10000	204	115.341	126.733
10000	205	96.4941	30.9947
10000	206	-15.9984	-263.762
10000	207	856.141	-533.37
10000	208	188.588	-456.799
10000	209	106.922	960.968
10000	210	478.254	-690.345
10000	211	326.066	-547.683
10000	212	312.227	-514.4
10000	213	817.107	824.408
10000	214	351.151	-183.708
10000	215	177.948	92.6345
10000	216	-178.019	151.003
10000	217	305.893	419.746
10000	218	649.057	665.819
10000	219	228.39	351.028
10000	220	-194.791	-1039.33
10000	221	374.248	113.703
10000	222	138.727	-665.196
10000	223	127.978	772.331
10000	224	205.745	-565.85
10000	225	-529.541	289
10000	226	521.201	782.764
10000	227	-230.574	397.082
10000	228	102.553	62.4712
10000	229	-204.838	-316.649
10000	230	29.1414	-101.285
10000	231	434.681	-298.67
10000	232	-74.2271	7.78983
10000	233	-46.3661	352.366
10000	234	-9.57011	-94.449
10000	235	-126.823	-452.01
10000	236	-51.6249	-407.95
10000	237	-94.4893	539.613
10000	238	-45.5801	-827.227
10000	239	71.9528	-49.1879
10000	240	-253.779	690.045
10000	241	-229.433	888.41
10000	242	-704.911	333.416
10000	243	1092.15	-769.363
10000	244	298.452	-285.041
10000	245	-35.2016	-271.582
10000	246	119.133	5.67816
10000	247	-37.6663	327.236
10000	248	-555.346	-1132.13
10000	249	826.06	259.007
10000	250	29.6602	-908.346
10000	251	-327.142	1139.13
10000	252	511.692	-299.474
10000	253	-304.033	3.58819
10000	254	300.681	-1552.08
10000	255	-572.364	-540.305
10000	256	-742.576	-138.437
10000	257	492.101	584.458
10000	258	-209.61	78.3073
10000	259	53.7646	315.318
10000	260	150.15	-518.34
10000	261	30.5224	447.359
10000	262	-459.808	822.382
10000	263	611.922	1038.33
10000	264	193.27	1557.2
10000	265	499.476	-26.0184
10000	266	-422.949	440.955
10000	267	350.398	-469.282
10000	268	167.306	437.561
10000	269	377.769	-125.057
10000	270	-73.8215	-1166.73
10000	271	-88.1448	710.697
10000	272	-135.313	-958.05
10000	273	165.005	887.209
10000	274	-182.452	-332.767
10000	275	-650.601	-537.073
10000	276	306.508	-179.304
10000	277	349.379	-713.621
10000	278	538.815	-690.305
10000	279	-133.092	129.804
10000	280	1261.72	-47.4485
10000	281	-142.089	-1188.03
10000	282	161.684	32.7445
10000	283	307.276	264.895
10000	284	165.6	-256.709
10000	285	782.72	300.003
10000	286	-6.39563	36.9085
10000	287	135.975	920.96
10000	288	-456.628	64.7037
10000	289	-166.753	424.796
10000	290	317.615	26.1095
10000	291	-364.283	-682.113
10000	292	-12.8377	411.845
10000	293	316.83	-1357.23
10000	294	340.504	-210.275
10000	295	622.238	362.082
10000	296	260.966	743.102
10000	297	-343.17	1316.1
10000	298	125.933	1973.86
10000	299	-465.142	1158.11
10000	300	797.183	1217.7
10000	301	301.618	-345.835
10000	302	335.646	411.106
10000	303	451.051	914.288
10000	304	868.958	-54.9788
10000	305	215.022	620.312
10000	306	67.4641	-904.71
10000	307	402.996	-690.369
10000	308	26.9488	-870.9
10000	309	471.884	-200.87
10000	310	-718.917	589.961
10000	311	43.6608	-1443.08
10000	312	324.178	-375.937
10000	313	-269.131	-340.039
10000	314	176.209	-426.981
10000	315	-207.584	408.833
10000	316	555.284	794.884
10000	317	115.615	-719.845
10000	318	-476.796	60.2894
10000	319	633.842	450.286
10000	320	455.958	48.1672
10000	321	310.086	1206.45
10000	322	-230.76	560.645
10000	323	-27.0426	866.579
10000	324	-195.172	-906.421
10000	325	-67.1609	-240.444
10000	326	-345.692	-154.578
10000	327	570.095	-541.485
10000	328	-99.7507	1035.31
10000	329	688.307	1522.15
10000	330	131.111	1078.82
10000	331	584.334	-304.566
10000	332	521.135	-156.855
10000	333	-348.04	1167.66
10000	334	-611.135	821.752
10000	335	-344.291	-937.385
10000	336	203.389	567.923
10000	337	516.855	-163.777
10000	338	-457.11	377.713
10000	339	234.431	150.16
10000	340	199.048	-705.571
10000	341	715.503	226.554
10000	342	419.47	424.127
10000	343	165.534	-96.2472
10000	344	219.842	922.648
10000	345	-386.703	-242.466
10000	346	507.429	-191.499
10000	347	1105.15	468.373
10000	348	344.755	-902.749
10000	349	4.21689	110.018
10000	350	-242.216	-296.932
10000	351	-366.703	-900.084
10000	352	-20.7368	-1524.18
10000	353	142.442	-556.106
10000	354	195.094	1453.69
10000	355	-385.49	-555.695
10000	356	614.415	-342.73
10000	357	-42.7317	272.013
10000	358	-28.0538	-324.38
10000	359	-140.614	-221.531
10000	360	404.473	27.6571
10000	361	218.483	-1090.39
10000	362	-140.329	1084.73
10000	363	-52.6419	-49.6522
10000	364	84.1655	-531.772
10000	365	483.59	214.709
10000	366	214.179	-302.509
10000	367	313.048	-116.01
10000	368	-48.2128	49.2881
10000	369	561.896	-314.392
10000	370	191.442	128.923
10000	371	-165.324	-191.293
10000	372	-381.158	1528.86
10000	373	59.6722	-671.226
10000	374	325.181	-260.678
10000	375	323.727	1262.61
10000	376	-5.40854	146.683
10000	377	279.793	-863.255
10000	378	476.816	-1.25405
10000	379	156.831	-231.309
10000	380	-73.8334	-22.9338
10000	381	552.567	-613.695
10000	382	-41.6478	652.724
10000	383	628.472	-1127.26
10000	384	-66.3245	-315.753
10000	385	-44.4332	619.552
10000	386	211.029	139.08
10000	387	-425.815	-741.398
10000	388	594.101	1484.2
10000	389	-18.3615	-1256.27
10000	390	-474.343	-1254
10000	391	-346.843	43.5029
10000	392	125.704	-139.998
10000	393	863.813	354.969
10000	394	683.401	-1488.25
10000	395	-38.8217	129.496
10000	396	303.514	660.982
10000	397	-242.406	462.484
10000	398	127.021	44.0058
10000	399	24.0709	573.508
10000	400	-69.5836	372.682
10000	401	385.19	-1384.3
10000	402	-197.274	-197.431
10000	403	-483.632	-489.677
10000	404	472.923	-388.6
10000	405	-344.373	875.24
10000	406	-67.9778	553.944
10000	407	99.936	528.397
10000	408	73.1036	376.007
10000	409	631.074	-1120.74
10000	410	-139.616	35.4517
10000	411	163.567	263.44
10000	412	-176.45	-1172.2
10000	413	693.869	-533.518
10000	414	377.032	489.653
10000	415	-886.843	436.513
10000	416	-401.295	337.53
10000	417	248.821	-429.059
10000	418	-297.41	703.388
10000	419	-393.511	-317.845
10000	420	584.898	-1109.48
10000	421	-237.422	-741.954
10000	422	227.322	-287.895
10000	423	49.9281	-522.804
10000	424	-265.261	-1038.3
10000	425	339.47	105.575
10000	426	325.937	-615.25
10000	427	285.463	560.328
10000	428	699.035	477.758
10000	429	288.984	-298.729
10000	430	83.141	-923.038
10000	431	40.0982	440.228
10000	432	561.304	890.629
10000	433	381.297	-454.26
10000	434	-715.444	912.645
10000	435	986.462	-111.734
10000	436	-103.408	-906.171
10000	437	97.1673	-225.612
10000	438	357.632	158.854
10000	439	887.824	-234.164
10000	440	414.522	-671.06
10000	441	104.901	317.954
10000	442	-66.66	-1708.21
10000	443	30.1565	-1082.85
10000	444	-250.554	-1037.91
10000	445	-516.775	541.935
10000	446	11.6645	-192.4
10000	447	374.203	-410.865
10000	448	113.529	919.391
10000	449	266.844	231.555
10000	450	180.811	-354.509
10000	451	-70.4586	28.6962
10000	452	497.566	-324.678
10000	453	256.873	-74.894
10000	454	472.938	111.748
10000	455	-696.85	-2178.74
10000	456	-243.79	-336.796
10000	457	18.0699	-825.103
10000	458	-209.143	-524.074
10000	459	-160.872	-319.19
10000	460	-41.6384	-566.421
10000	461	185.48	458.14
10000	462	-262.37	357.793
10000	463	33.9546	-442.51
10000	464	330.133	-1017.78
10000	465	-505.751	545.456
10000	466	491.367	149.47
10000	467	73.2854	887.251
10000	468	384.071	-1246.53
10000	469	920.227	351.041
10000	470	-158.525	523.764
10000	471	96.8875	-724.077
10000	472	251.101	-206.337
10000	473	65.5928	-43.7319
10000	474	-169.268	-299.912
10000	475	-325.515	1658.8
10000	476	651.031	30.7057
10000	477	14.0712	652.829
10000	478	-51.2661	-10.2621
10000	479	362.55	-325.255
10000	480	370.096	-1057.18
10000	481	-127.196	-1018.98
10000	482	114.762	15.2559
10000	483	-313.65	-1325.32
10000	484	509.874	-1444.97
10000	485	18.0182	-1514.44
10000	486	53.4007	-1242.02
10000	487	489.443	502.579
10000	488	185.038	-47.812
10000	489	-262.661	-480.145
10000	490	-252.847	-131.235
10000	491	455.462	375.382
10000	492	337.014	-1637.86
10000	493	-310.067	40.5217
10000	494	153.696	-590.287
10000	495	-190.433	1323.75
10000	496	422.686	447.099
10000	497	273.222	-38.1035
10000	498	252.28	-611.758
10000	499	198.704	167.156
12000	0	248.121	987.397
12000	1	418.878	205.368
12000	2	420.298	-885.481
12000	3	85.8072	-1019.37
12000	4	259.006	609.247
12000	5	-104.301	-330.811
12000	6	-8.77955	-1344.18
12000	7	-190.879	-892.435
12000	8	-59.995	-665.631
12000	9	-345.611	958.361
12000	10	103.782	-2237.01
12000	11	-83.436	795.313
12000	12	824.885	-1552.45
12000	13	615.452	513.047
12000	14	-331.826	184.389
12000	15	-750.565	81.656
12000	16	451.918	-699.135
12000	17	50.7537	-310.409
12000	18	-193.323	725.937
12000	19	548.44	71.9831
12000	20	-375.061	-793.739
12000	21	158.629	1458.97
12000	22	383.762	371.236
12000	23	886.204	324.096
12000	24	33.3855	1142.4
12000	25	-335.142	-552.615
12000	26	-39.1642	-157.123
12000	27	69.3086	-62.1153
12000	28	674.392	-558.478
12000	29	-73.8162	-530.692
12000	30	394.022	20.8636
12000	31	1007.87	2058.94
12000	32	-46.5402	-929.138
12000	33	643.785	629.414
12000	34	-105.771	-373.409
12000	35	-201.537	425.648
12000	36	508.777	316.539
12000	37	10.461	-158.396
12000	38	406.475	291.809
12000	39	188.685	170.013
12000	40	-67.386	-449.356
12000	41	470.328	-1302.7
12000	42	-7.57027	629.127
12000	43	238.608	-425.955
12000	44	141.17	262.211
12000	45	172.241	435.696
12000	46	73.13	-1581.28
12000	47	407.844	-575.622
12000	48	-183.27	574.423
12000	49	-21.1077	817.046
12000	50	23.7725	-666.033
12000	51	404.473	-629.995
12000	52	573.455	-223.932
12000	53	77.3564	-526.705
12000	54	-274.495	1995.43
12000	55	344.472	550.862
12000	56	-590.915	-259.25
12000	57	646.209	305.08
12000	58	572.6	464.007
12000	59	389.076	635.621
12000	60	-293.01	-26.712
12000	61	-53.2441	398.257
12000	62	1057.86	-1316.55
12000	63	436.409	782.343
12000	64	-206.197	55.5177
12000	65	825.844	-1466.25
12000	66	1255.18	-1212.86
12000	67	552.007	-756.078
12000	68	263.05	394.674
12000	69	-140.568	-1013.28
12000	70	346.42	-785.134
12000	71	341.304	-835.965
12000	72	51.658	-2433.82
12000	73	-307.185	1957.66
12000	74	-669.167	-1733.1
12000	75	171.927	-376.995
12000	76	390.89	1029.34
12000	77	505.116	2294.65
12000	78	248.786	-405.477
12000	79	354.587	-272.588
12000	80	-427.962	-701.406
12000	81	276.884	295.514
12000	82	121.571	-1064.94
12000	83	198.377	226.163
12000	84	-325.994	-94.7376
12000	85	431.18	1503.56
12000	86	228.789	-710.879
12000	87	-509.331	-493.01
12000	88	443.497	701.095
12000	89	-205.413	-1214.95
12000	90	-46.1358	-268.616
12000	91	249.341	755.775
12000	92	-144.773	959.829
12000	93	323.214	-353.104
12000	94	23.2046	315.249
12000	95	475.132	-753.913
12000	96	580.683	-279.195
12000	97	138.782	-839.073
12000	98	8.15128	-2147.31
12000	99	348.405	721.642
12000	100	178.293	1060.09
12000	101	1077.11	-927.832
12000	102	378.808	-500.002
12000	103	-3.25979	224.265
12000	104	-426.403	671.622
12000	105	-83.7344	2117.77
12000	106	-593.942	325.184
12000	107	54.8987	-14.3177
12000	108	405.345	-161.28
12000	109	108.991	-323.077
12000	110	215.139	470.805
12000	111	365.67	-729.018
12000	112	-240.94	-525.385
12000	113	-165.811	728.999
12000	114	85.5912	-1151.23
12000	115	262.006	-139.583
12000	116	430.833	-529.693
12000	117	-482.732	-821.281
12000	118	168.949	-639.679
12000	119	13.713	537.981
12000	120	-891.462	1612.75
12000	121	383.122	-541.182
12000	122	-144.205	-863.546
12000	123	-17.1121	-358.169
12000	124	-98.5682	498.049
12000	125	206.815	-491.097
12000	126	-162.993	-2074.1
12000	127	994.249	789.248
12000	128	-102.58	-1060.05
12000	129	-114.416	-96.052
12000	130	899.63	1035.17
12000	131	368.655	100.028
12000	132	442.097	20.8547
12000	133	378.824	1343.14
12000	134	-160.693	-116.327
12000	135	-374.897	671.546
12000	136	533.616	404.477
12000	137	210.652	1168.04
12000	138	-905.491	1374.08
12000	139	-283.556	1061.22
12000	140	8.84419	42.291
12000	141	583.768	568.613
12000	142	131.556	576.348
12000	143	354.905	-1590.59
12000	144	347.885	289.269
12000	145	-22.2099	839.634
12000	146	979.416	-816.727
12000	147	497.277	245.217
12000	148	304.576	-970.091
12000	149	288.545	376.523
12000	150	476.542	-401.088
12000	151	442.535	-370.528
12000	152	522.256	-543.76
12000	153	393.941	813.673
12000	154	6.07844	-211.509
12000	155	6.8467	-686.991
12000	156	-164.097	-640.368
12000	157	-19.4795	-160.219
12000	158	683.321	-68.1982
12000	159	453.307	-212.681
12000	160	914.987	1425.86
12000	161	-1040.02	-1071.15
12000	162	-152.039	-1391.45
12000	163	186.059	-747.326
12000	164	442.021	-437.684
12000	165	538.056	111.584
12000	166	-16.7232	-92.7152
12000	167	375.203	-1157.68
12000	168	316.046	-118.838
12000	169	461.034	237.434
12000	170	107.091	-800.963
12000	171	1263.06	-323.023
12000	172	141.766	-1036.82
12000	173	-44.5414	-884.942
12000	174	217.916	878.727
12000	175	1077.64	-119.314
12000	176	577.28	-30.0111
12000	177	463.314	411.358
12000	178	61.0973	475.026
12000	179	-228.632	1255.36
12000	180	677.946	829.736
12000	181	81.2794	-1388.57
12000	182	399.062	-674.998
12000	183	-189.719	76.9155
12000	184	1136.92	353.793
12000	185	545.836	-898.665
12000	186	587.578	-247.8
12000	187	-343.609	104.097
12000	188	-664.052	700.537
12000	189	-245.735	211.785
12000	190	197.802	-1729.2
12000	191	30.504	1353.9
12000	192	365.184	141.71
12000	193	39.7075	426.202
12000	194	350.893	-365.643
12000	195	-358.16	670.62
12000	196	-485.889	342.069
12000	197	-546.809	-1169.28
12000	198	-666.102	769.282
12000	199	-10.3452	-226.778
12000	200	386.861	-405.211
12000	201	-330.671	940.437
12000	202	418.763	221.546
12000	203	386.145	-26.0938
12000	204	155.925	524.471
12000	205	198.123	-217.819
12000	206	123.635	-416.642
12000	207	818.567	-184.601
12000	208	172.58	63.3532
12000	209	75.9093	613.171
12000	210	639.001	-667.754
12000	211	289.196	-338.564
12000	212	311.638	-405.721
12000	213	891.007	23.5591
12000	214	532.029	-163.035
12000	215	255.051	-57.7288
12000	216	-280.922	127.426
12000	217	-32.9886	365.12
12000	218	887.885	985.471
12000	219	294.598	69.7821
12000	220	-205.788	-1270.53
12000	221	535.512	-475.196
12000	222	72.6096	-629.141
12000	223	5.14174	382.328
12000	224	120.983	-919.256
12000	225	-370.104	2.02381
12000	226	522.808	1088.38
12000	227	-117.813	619.72
12000	228	222.557	476.796
12000	229	-286.043	-612.246
12000	230	152.436	504.428
12000	231	512.138	-574.031
12000	232	-189.979	22.8569
12000	233	-24.6606	-205.002
12000	234	245.169	109.931
12000	235	-284.398	-46.248
12000	236	27.7911	-720.054
12000	237	-333.217	1070.22
12000	238	-53.4037	-1116.92
12000	239	174.129	-424.055
12000	240	6.18504	459.901
12000	241	-92.4399	1097.24
12000	242	-871.831	475.866
12000	243	1210.78	-1016.85
12000	244	421.805	-601.801
12000	245	-54.3663	-165.097
12000	246	-12.094	324.576
12000	247	-75.7496	440.307
12000	248	-578.168	-1280.92
12000	249	812.715	739.714
12000	250	-274.142	-796.077
12000	251	-584.611	802.071
12000	252	370.016	98.4548
12000	253	-432.278	192.432
12000	254	261.706	-1485.2
12000	255	-669.404	-551.933
12000	256	-684.958	213.154
12000	257	579.267	213.667
12000	258	-397.509	257.74
12000	259	-28.8465	627.047
12000	260	-27.8445	-917.756
12000	261	-12.769	398.044
12000	262	-420.511	338.385
12000	263	992.096	789.145
12000	264	213.688	1536.56
12000	265	483.128	248.149
12000	266	-341.243	-291.266
12000	267	450.295	-400.934
12000	268	407.434	476.236
12000	269	102.927	-113.449
12000	270	104.643	-737.214
12000	271	49.4588	1570.11
12000	272	61.9275	-1396.02
12000	273	303.12	1202.98
12000	274	-16.5325	-451.145
12000	275	-734.302	-254.216
12000	276	423.054	-247.678
12000	277	291.101	-262.454
12000	278	481.259	-1148.31
12000	279	-57.4393	-242.664
12000	280	1344.19	13.8523
12000	281	-29.7066	-681.247
12000	282	101.402	57.8359
12000	283	439.127	-10.4794
12000	284	338.629	-277.365
12000	285	721.341	622.674
12000	286	-317.543	-201.233
12000	287	-4.81124	1498.21
12000	288	-548.299	-144.517
12000	289	-42.5601	394.017
12000	290	135.86	-410.576
12000	291	-454.533	-540.852
12000	292	338.036	417.667
12000	293	-19.3752	-1673.44
12000	294	202.255	-785.664
12000	295	781.196	290.119
12000	296	283.109	283.707
12000	297	-126.141	1512.32
12000	298	428.108	2094.26
12000	299	-361.484	1294.63
12000	300	696.848	1083.54
12000	301	524.338	-60.1311
12000	302	204.285	429.888
12000	303	458.563	1155.99
12000	304	1085.9	-174.536
12000	305	233.484	565.514
12000	306	-36.7751	-399.891
12000	307	510.172	-127.645
12000	308	7.89681	-1020.37
12000	309	203.874	-446.037
12000	310	-718.134	-9.0712
12000	311	22.5632	-963.718
12000	312	341.801	-182.927
12000	313	-191.477	-770.337
12000	314	14.882	-412.245
12000	315	-54.0659	479.378
12000	316	758.439	1141.89
12000	317	106.975	-205.516
12000	318	-603.607	-546.364
12000	319	996.583	204.956
12000	320	558.683	51.5044
12000	321	11.75	1402.33
12000	322	-226.08	222.666
12000	323	-71.9752	724.239
12000	324	-152.319	-873.672
12000	325	-66.5161	-205.981
12000	326	-383.959	-534.319
12000	327	472.423	-489.854
12000	328	118.615	1155.12
12000	329	623.068	1975.67
12000	330	-24.8653	1004.33
12000	331	584.29	-113.359
12000	332	409.153	-171.509
12000	333	-601.522	969.04
12000	334	-301.798	428.878
12000	335	-226.906	-1133.01
12000	336	320.026	372.222
12000	337	439.347	-325.603
12000	338	-399.38	722.806
12000	339	335.881	-193.007
12000	340	3.54747	-779.997
12000	341	672.983	223.023
12000	342	437.117	282.104
12000	343	204.309	265.603
12000	344	319.302	856.501
12000	345	-286.319	-423.641
12000	346	649.183	-153.083
12000	347	1221.46	559.078
12000	348	117.525	-759.669
12000	349	-92.9527	-167.601
12000	350	-100.065	470.964
12000	351	-224.491	-696.675
12000	352	119.062	-1430.67
12000	353	244.622	-986.207
12000	354	233.358	1481.45
12000	355	-579.622	-282.604
12000	356	284.512	-892.842
12000	357	-77.693	-87.5682
12000	358	-126.512	-92.229
12000	359	-251.91	-472.842
12000	360	232.01	109.379
12000	361	315.541	-1587.34
12000	362	-47.4505	1447.24
12000	363	-32.3978	-178.031
12000	364	144.29	-586.125
12000	365	663.978	297.895
12000	366	337.709	-721.24
12000	367	673.259	-558.807
12000	368	-82.7938	-26.4685
12000	369	724.427	-118.013
12000	370	344.232	805.728
12000	371	-376.477	492.985
12000	372	-547.941	1958.67
12000	373	131.631	-652.88
12000	374	364.859	412.7
12000	375	482.666	891.746
12000	376	-5.83971	-100.07
12000	377	158.558	-582.874
12000	378	478.013	34.476
12000	379	258.294	-144.872
12000	380	-51.639	319.224
12000	381	368.672	-302.891
12000	382	11.2613	594.96
12000	383	632.285	-998.726
12000	384	73.0795	-439.327
12000	385	283.087	302.384
12000	386	70.128	-467.004
12000	387	-506.525	-333.167
12000	388	616.676	1153.13
12000	389	-70.3796	-1179.76
12000	390	-14.3768	-1031.52
12000	391	-127.043	-21.9871
12000	392	274.963	-506.343
12000	393	878.085	243.643
12000	394	484.294	-1313.76
12000	395	-139.464	583.748
12000	396	387.06	929.73
12000	397	-174.297	377.464
12000	398	247.519	275.362
12000	399	144.263	515.842
12000	400	-376.359	779.188
12000	401	351.701	-1623.78
12000	402	-536.84	40.9323
12000	403	-625.527	41.4762
12000	404	457.64	-744.6
12000	405	-161.256	1247.3
12000	406	52.4311	769.946
12000	407	322.594	131.356
12000	408	133.737	820.506
12000	409	638.375	-528.846
12000	410	185.971	-43.9605
12000	411	161.044	111.809
12000	412	-115.251	-947.055
12000	413	876.078	-730.967
12000	414	375.974	341.499
12000	415	-967.106	138.812
12000	416	-264.228	912.645
12000	417	350.477	-911.667
12000	418	-37.3648	938.039
12000	419	-415.164	-34.8276
12000	420	745.764	-1336.49
12000	421	-373.749	-457.888
12000	422	265.944	-709.264
12000	423	-32.6395	-467.018
12000	424	-346.459	-1222.99
12000	425	295.486	128.945
12000	426	183.793	-425.343
12000	427	187.779	93.003
12000	428	746.145	187.859
12000	429	392.058	-12.4295
12000	430	344.451	-1082.36
12000	431	359.532	686.742
12000	432	455.787	817.076
12000	433	639.109	-336.4
12000	434	-537.158	859.368
12000	435	846.122	-242.816
12000	436	57.2674	-1313.45
12000	437	-20.2025	-873.105
12000	438	683.014	-571.22
12000	439	1150.75	-716.737
12000	440	704.708	-760.322
12000	441	4.56679	458.745
12000	442	-184.482	-2014.61
12000	443	8.57368	-1373.02
12000	444	-470.684	-623.096
12000	445	-314.556	817.507
12000	446	102.606	-668.116
12000	447	374.587	-718.942
12000	448	129.051	551.655
12000	449	326.914	376.18
12000	450	333.853	-979.775
12000	451	-92.06	313.04
12000	452	795.865	92.9726
12000	453	295.766	-272.742
12000	454	318.829	-376.352
12000	455	-694.644	-1553.98
12000	456	-300.822	306.473
12000	457	-172.75	-912.762
12000	458	-350.544	-63.4797
12000	459	-39.6764	-342.082
12000	460	120.346	-220.596
12000	461	123.343	-213.571
12000	462	-319.448	-747.097
12000	463	-2.70798	-363.307
12000	464	121.583	-1024.93
12000	465	-421.888	894.923
12000	466	757.503	196.205
12000	467	172.144	1010.15
12000	468	386.746	-1496.7
12000	469	1021.65	619.036
12000	470	-197.726	1227.2
12000	471	96.2152	-1327.89
12000	472	359.22	-689.278
12000	473	130.435	-502.188
12000	474	-140.103	-415.435
12000	475	-25.8902	1417.49
12000	476	490.407	-132.769
12000	477	217.108	319.851
12000	478	28.4787	115.795
12000	479	304.305	-558.815
12000	480	306.293	-1653.72
12000	481	-587.33	-1396.03
12000	482	76.253	199.896
12000	483	-353.418	-1204.82
12000	484	591.518	-2076.15
12000	485	-102.175	-1079.09
12000	486	32.2127	-958.828
12000	487	449.325	741.662
12000	488	264.295	368.967
12000	489	-282.021	-545.679
12000	490	-12.7466	-396.631
12000	491	329.355	428.418
12000	492	454.243	-1804.69
12000	493	-489.314	286.164
12000	494	253.018	-298.477
12000	495	-111.056	1808.97
12000	496	458.185	290.27
12000	497	266.949	-478.042
12000	498	81.5057	-949.326
12000	499	27.0516	758.713
14000	0	568.07	455.588
14000	1	338.661	-14.5319
14000	2	480.215	-1105.66
14000	3	-355.022	-1187.52
14000	4	638.635	794.94
14000	5	160.072	-185.421
14000	6	-16.1605	-1391.64
14000	7	-349.656	-661.348
14000	8	391.891	-502.115
14000	9	-130.586	727.648
14000	10	207.309	-2635.61
14000	11	-287.714	329.727
14000	12	788.03	-1816.05
14000	13	616.857	365.098
14000	14	-390.496	-14.5639
14000	15	-739.525	-279.992
14000	16	771.118	-483.835
14000	17	107.723	-13.2932
14000	18	-459.282	820.728
14000	19	508.745	-516.493
14000	20	-299.92	-662.394
14000	21	-32.8124	873.693
14000	22	406.677	788.91
14000	23	1168.75	119.813
14000	24	43.6309	1598.92
14000	25	-628.194	-410.692
14000	26	13.2682	-367.788
14000	27	252.984	-110.507
14000	28	593.512	-528.592
14000	29	7.92187	-728.751
14000	30	447.909	7.99325
14000	31	797.733	2325.25
14000	32	-90.9128	-825.899
14000	33	942.123	1055.92
14000	34	-43.9902	-347.303
14000	35	-142.348	111.501
14000	36	612.958	102.202
14000	37	53.0364	-361.909
14000	38	568.537	1086.86
14000	39	348.1	556.608
14000	40	333.237	-298.099
14000	41	347.611	-1537.63
14000	42	211.027	350.188
14000	43	378.424	-106.668
14000	44	41.9343	279.035
14000	45	113.348	0.757175
14000	46	366.255	-1929.67
14000	47	758.328	-717.703
14000	48	76.8606	245.497
14000	49	16.0051	1245.65
14000	50	-75.1137	-155.133
14000	51	443.516	-725.552
14000	52	815.382	7.04222
14000	53	213.551	-571.791
14000	54	-419.66	1258.94
14000	55	655.732	202.916
14000	56	-494.146	-509.911
14000	57	543.294	725.937
14000	58	780.914	674.952
14000	59	546.501	471.391
14000	60	-130.471	-402.1
14000	61	71.4152	751.302
14000	62	1421.85	-1658.87
14000	63	395.743	525.22
14000	64	-185.411	104.749
14000	65	943.608	-1828.8
14000	66	1300.05	-572.798
14000	67	490.504	-1098.55
14000	68	606.924	284.181
14000	69	-55.0962	-1666.74
14000	70	106.989	-1169.5
14000	71	13.6854	-758.571
14000	72	-53.5245	-3001.8
14000	73	-380.696	1828.8
14000	74	-647.925	-1547.7
14000	75	-54.598	54.7568
14000	76	752.931	1146.25
14000	77	436.486	2130.11
14000	78	99.7994	-402.651
14000	79	875.532	-448.02
14000	80	-426.398	-1216.28
14000	81	354.195	465.037
14000	82	219.401	-875.886
14000	83	220.713	400.585
14000	84	-55.4476	-291.866
14000	85	390.679	2430.49
14000	86	56.1137	-169.08
14000	87	-594.013	-742.484
14000	88	563.506	356.735
14000	89	-86.2031	-1116.06
14000	90	25.1933	-235.588
14000	91	468.847	1123.24
14000	92	-246.937	808.084
14000	93	389.491	-385.102
14000	94	-68.621	633.663
14000	95	175.859	-774.121
14000	96	531.082	60.4111
14000	97	119.697	-1046.76
14000	98	186.353	-2644.07
14000	99	226.06	346.152
14000	100	97.0128	1158.89
14000	101	1294.27	-802.311
14000	102	381.5	-49.4461
14000	103	206.464	221.743
14000	104	-455.689	1187.51
14000	105	222.442	1816.81
14000	106	-585.965	256.821
14000	107	375.19	-157.082
14000	108	705.222	258.445
14000	109	210.577	-617.373
14000	110	120.933	628.537
14000	111	132.388	-1019.95
14000	112	-77.5231	-823.613
14000	113	-124.614	579.057
14000	114	227.536	-1401.28
14000	115	63.7186	-243.935
14000	116	539.487	-717.653
14000	117	-360.946	-917.858
14000	118	207.266	-1104.49
14000	119	118.519	381.482
14000	120	-926.767	1218.85
14000	121	266.495	-44.1641
14000	122	18.2101	-789.233
14000	123	68.2328	-899.181
14000	124	-218.85	557.249
14000	125	128.305	-1505.22
14000	126	-159.714	-2376.74
14000	127	995.272	544.078
14000	128	-16.3942	-1274.4
14000	129	-35.2156	-317.248
14000	130	977.382	1087.51
14000	131	396.586	-193.87
14000	132	682.793	143.899
14000	133	618.241	1197.56
14000	134	-636.435	234.446
14000	135	-595.32	585.789
14000	136	162.164	206.629
14000	137	186.813	1536.9
14000	138	-866.764	1341.55
14000	139	-64.2984	151.402
14000	140	-51.2937	159.803
14000	141	683.577	489.669
14000	142	181.474	567.842
14000	143	559.216	-2208.77
14000	144	333.13	309.725
14000	145	3.77402	1309.87
14000	146	897.685	-1013.78
14000	147	756.999	11.4471
14000	148	126.336	-991.843
14000	149	264.353	756.038
14000	150	436.05	-273.198
14000	151	321.656	-414.945
14000	152	485.241	-823.692
14000	153	428.671	1396.83
14000	154	-286.532	-129.979
14000	155	-94.5063	-924.896
14000	156	-106.034	-450.709
14000	157	-59.0444	277.681
14000	158	403.59	-797.455
14000	159	683.162	-142.283
14000	160	1251.75	1150.99
14000	161	-1348.05	-808.199
14000	162	-158.931	-1433.07
14000	163	142.667	-929.158
14000	164	619.531	34.0794
14000	165	657.693	318.686
14000	166	105.243	-340.236
14000	167	392.233	-1298.26
14000	168	571.335	-18.2189
14000	169	359.679	10.0124
14000	170	186.913	-878.301
14000	171	1374.51	-543.911
14000	172	102.766	-1118.02
14000	173	-21.7232	-500.713
14000	174	415.759	1100.38
14000	175	1017.49	-16.5164
14000	176	862.272	-302.314
14000	177	425.074	-105.35
14000	178	99.9061	621.822
14000	179	-167.517	843.23
14000	180	1167.55	695.763
14000	181	-41.689	-1047.91
14000	182	280.481	-1424.17
14000	183	-71.0867	98.6621
14000	184	940.333	507.396
14000	185	528.199	-361.043
14000	186	460.022	-119.329
14000	187	-44.8472	118.167
14000	188	-881.541	534.269
14000	189	-218.65	400.096
14000	190	413.325	-2122.23
14000	191	82.9463	1068.35
14000	192	225.75	-97.4253
14000	193	150.242	373.206
14000	194	293.949	-133.044
14000	195	-539.449	609.687
14000	196	-638.727	392.657
14000	197	-172.763	-1300.01
14000	198	-727.06	696.013
14000	199	249.045	487.002
14000	200	131.92	-579.65
14000	201	-291.975	592.775
14000	202	580.226	-106.027
14000	203	543.658	-97.9983
14000	204	55.9749	250.942
14000	205	244.941	-497.007
14000	206	262.072	-522.932
14000	207	757.953	-464.638
14000	208	309.596	12.5887
14000	209	126.211	912.279
14000	210	564.75	-572.423
14000	211	526.511	-255.724
14000	212	451.813	-127.342
14000	213	1109.96	-19.1734
14000	214	547.717	-195.138
14000	215	619.862	-232.922
14000	216	-308.887	538.872
14000	217	105.103	338.873
14000	218	594.205	1064.91
14000	219	733.435	33.0301
14000	220	-175.529	-982.19
14000	221	575.209	-99.6623
14000	222	253.111	-186.172
14000	223	44.9718	1038.67
14000	224	145.049	-1234.54
14000	225	-448.518	89.165
14000	226	522.857	1118.11
14000	227	-58.1084	827.686
14000	228	93.1073	681.038
14000	229	-102.293	-295.45
14000	230	310.264	316.591
14000	231	492.55	-908.948
14000	232	-366.538	-157.469
14000	233	-206.597	259.826
14000	234	94.0707	-262.076
14000	235	-347.641	55.9435
14000	236	30.6847	-64.1637
14000	237	-472.366	1184.21
14000	238	-19.253	-1705.45
14000	239	231.504	-223.422
14000	240	5.62085	561.523
14000	241	367.236	1118.97
14000	242	-807.127	591.209
14000	243	1149.36	-1110.33
14000	244	474.508	-869.585
14000	245	-115.96	-262.052
14000	246	-212.016	866.832
14000	247	81.7044	323.852
14000	248	-638.499	-1816.49
14000	249	892.041	1036.09
14000	250	-295.174	-925.96
14000	251	-146.662	398.007
14000	252	376.051	288.624
14000	253	-25.3585	734.524
14000	254	137.347	-750.219
14000	255	-690.94	-476.869
14000	256	-502.626	344.821
14000	257	653.601	-84.97
14000	258	-202.229	723.833
14000	259	-145.195	1128.11
14000	260	32.8538	-1075.11
14000	261	-511.457	184.333
14000	262	-155.555	-475.024
14000	263	1273.83	1210.52
14000	264	244.181	1564.33
14000	265	444.413	-198.787
14000	266	-302.404	-514.459
14000	267	563.006	-261.746
14000	268	290.902	1111.36
14000	269	291.763	-78.9262
14000	270	89.9543	-854.867
14000	271	-26.4586	1729.14
14000	272	298.736	-1489.42
14000	273	364.467	1009.04
14000	274	123.171	-634.036
14000	275	-755.636	-562.194
14000	276	707.174	50.19
14000	277	427.76	-102.202
14000	278	442.642	-935.436
14000	279	25.6338	-252.317
14000	280	1439.73	25.801
14000	281	293.196	-1180.28
14000	282	302.505	-16.4531
14000	283	417.154	-456.89
14000	284	46.9125	-408.963
14000	285	849.63	391.422
14000	286	-376.158	-489.485
14000	287	-282.549	1680.34
14000	288	-529.961	285.394
14000	289	313.662	-105.27
14000	290	364.229	-349.744
14000	291	-318.238	-362.054
14000	292	367.864	487.18
14000	293	378.207	-1355.31
14000	294	239.386	-684.593
14000	295	742.156	676.076
14000	296	180.079	861.638
14000	297	-125.343	1403.34
14000	298	680.291	2236.19
14000	299	-174.072	1115.2
14000	300	675.588	1179.03
14000	301	470.394	29.4491
14000	302	426.26	766.666
14000	303	575.959	951.67
14000	304	1118.26	-401.052
14000	305	564.491	667.005
14000	306	-38.0297	-463.351
14000	307	663.87	-79.3955
14000	308	148.147	-951.449
14000	309	211.01	-672.06
14000	310	-600.489	128.188
14000	311	183.441	-932.836
14000	312	521.331	-193.72
14000	313	-388.896	-203.869
14000	314	292.436	-329.506
14000	315	-408.613	712.524
14000	316	837.692	1073.62
14000	317	63.788	321.398
14000	318	-693.427	-693.904
14000	319	997.363	433.334
14000	320	616.835	291.741
14000	321	91.3508	1073.64
14000	322	-91.0599	-0.319901
14000	323	93.8432	1123.19
14000	324	-139.769	-974.998
14000	325	-212.704	-281.831
14000	326	-407.031	-311.299
14000	327	584.925	-869.441
14000	328	202.138	1020.22
14000	329	686.175	2443.49
14000	330	230.05	740.621
14000	331	782.755	-183.082
14000	332	413.595	-483.082
14000	333	-271.638	894.215
14000	334	-299.63	-70.5786
14000	335	76.0874	-850.169
14000	336	673.695	307.053
14000	337	247.672	-844.014
14000	338	-359.568	712.129
14000	339	253.739	597.586
14000	340	258.514	-553.124
14000	341	573.209	476.341
14000	342	568.931	670.77
14000	343	177.361	363.501
14000	344	259.285	963.849
14000	345	-310.076	-659.816
14000	346	1090.88	747.642
14000	347	946.836	357.374
14000	348	324.406	-724.164
14000	349	-232.942	-288.022
14000	350	98.3655	583.804
14000	351	-288.71	-1005.38
14000	352	259.275	-1687.97
14000	353	324.436	-227.268
14000	354	10.5266	1940.13
14000	355	-701.068	-354.597
14000	356	164.019	-448.519
14000	357	145.09	226.938
14000	358	34.3282	-77.9314
14000	359	-282.264	-211.046
14000	360	204.896	-52.9895
14000	361	19.936	-1557.99
14000	362	77.7153	1223.52
14000	363	317.049	-248.054
14000	364	388.089	-549.997
14000	365	462.322	-250.519
14000	366	276.582	-1240.79
14000	367	494.445	-195.955
14000	368	-143.062	293.552
14000	369	762.701	-163.479
14000	370	462.436	711.437
14000	371	-538.759	217.704
14000	372	-444.227	2487.19
14000	373	-20.8125	-444.609
14000	374	528.093	-119.513
14000	375	575.843	957.947
14000	376	142.242	341.124
14000	377	179.872	-679.869
14000	378	717.013	83.5486
14000	379	58.5663	-52.9196
14000	380	-137.353	-263.457
14000	381	451.704	-855.181
14000	382	231.33	1041.44
14000	383	571.035	-1450.04
14000	384	153.98	-868.995
14000	385	250.064	-50.4029
14000	386	97.2338	-208.828
14000	387	-505.549	-386.78
14000	388	737.22	1372.53
14000	389	-114.892	-1238.02
14000	390	4.78881	-1647.98
14000	391	-67.5016	-53.9517
14000	392	329.114	-335.043
14000	393	986.323	-376.062
14000	394	686.66	-1223.66
14000	395	-40.3954	1096.53
14000	396	320.833	1054.3
14000	397	-298.99	389.811
14000	398	486.226	349.113
14000	399	101.24	122.462
14000	400	-606.362	983.69
14000	401	862.25	-2135.76
14000	402	-618.442	-170.985
14000	403	-644.428	75.6898
14000	404	506.765	-1021.94
14000	405	79.417	1563.94
14000	406	410.218	741.797
14000	407	367.395	514.84
14000	408	134.907	536.01
14000	409	715.616	-724.387
14000	410	615.119	-851.263
14000	411	417.673	-49.5432
14000	412	-172.504	-1318.86
14000	413	915.275	-430.298
14000	414	600.646	201.032
14000	415	-768.284	-219.334
14000	416	-461.124	821.292
14000	417	449.804	-1122.06
14000	418	-110.717	1217.15
14000	419	-452.486	40.4669
14000	420	601.149	-1442.9
14000	421	-469.959	-1003.87
14000	422	345.014	-477.009
14000	423	107.88	-621.092
14000	424	-106.56	-1584.54
14000	425	532.778	-101.43
14000	426	43.104	-501.859
14000	427	331.016	-163.133
14000	428	1078.39	-78.8554
14000	429	775.717	-161.238
14000	430	405.044	-821.309
14000	431	420.83	683.244
14000	432	381.038	-48.8003
14000	433	785.525	-508.472
14000	434	-396.271	562.591
14000	435	627.544	-170.23
14000	436	95.6627	-897.981
14000	437	-181.154	-337.152
14000	438	551.026	-743.275
14000	439	1004.21	-845.444
14000	440	762.384	-1096.11
14000	441	-154.267	563.511
14000	442	-168.678	-2389.78
14000	443	-112.662	-1449.34
14000	444	-372.503	-800.079
14000	445	70.7465	687.355
14000	446	418.37	-978.46
14000	447	521.394	-828.787
14000	448	392.004	293.41
14000	449	147.61	721.821
14000	450	493.22	-1012.69
14000	451	47.6915	102.326
14000	452	318.621	-432.46
14000	453	453.631	-684.224
14000	454	472.509	-173.676
14000	455	-738.825	-1692.29
14000	456	-302.912	-251.895
14000	457	-29.7118	-1347.85
14000	458	-709.06	146.576
14000	459	-128.348	-199.708
14000	460	256.546	65.5369
14000	461	220.65	-507.297
14000	462	-124.624	-725.901
14000	463	196.201	-97.3827
14000	464	261.759	-494.026
14000	465	-310.64	127.502
14000	466	692.546	223.556
14000	467	91.4905	1218.31
14000	468	504.239	-1326.05
14000	469	1204.88	994.853
14000	470	-100.34	1633.9
14000	471	128.449	-1243.34
14000	472	565.383	-848.401
14000	473	-154.072	-200.778
14000	474	-18.9748	-202.444
14000	475	374.061	1445.02
14000	476	549.17	-335.19
14000	477	134.22	347.814
14000	478	288.655	-151.495
14000	479	302.733	-456.6
14000	480	530.96	-1379.75
14000	481	-765.892	-1421.31
14000	482	355.763	-495.599
14000	483	-139.257	-1126.16
14000	484	757.898	-2223.28
14000	485	-160.98	-1223.81
14000	486	-48.7965	-457.327
14000	487	447.616	366.917
14000	488	240.839	-367.881
14000	489	-102.009	-566.047
14000	490	-31.2584	-767.093
14000	491	292.88	701.219
14000	492	577.891	-1447.91
14000	493	-327.916	456.63
14000	494	411.599	-115.255
14000	495	206.272	1930.57
14000	496	299.699	258.621
14000	497	252.019	-927.077
14000	498	291.543	-1070.75
14000	499	-77.0452	1237.78
16000	0	590.663	-18.3714
16000	1	269.755	56.8032
16000	2	384.3	-933.382
16000	3	-416.096	-1066.09
16000	4	714.999	1316.56
16000	5	178.651	25.9903
16000	6	-13.0246	-1537.98
16000	7	-307.083	-870.172
16000	8	428.984	-305.717
16000	9	-266.348	779.815
16000	10	103.797	-2316.11
16000	11	-303.053	262.407
16000	12	396.267	-2301.16
16000	13	516.561	766.89
16000	14	-231.524	-916.864
16000	15	-694.514	-410.144
16000	16	852.108	99.2246
16000	17	269.523	502.02
16000	18	-337.195	1269.44
16000	19	415.628	-910.184
16000	20	-274.166	-976.036
16000	21	-300.015	808.267
16000	22	503.68	633.718
16000	23	1222.82	-79.2642
16000	24	239.437	1413.72
16000	25	-716.199	94.8504
16000	26	108.867	-942.132
16000	27	309.842	381.612
16000	28	311.896	-341.86
16000	29	285.909	-659.605
16000	30	518.451	-34.1485
16000	31	974.495	2239.9
16000	32	-127.723	-1064.98
16000	33	827.073	1470.17
16000	34	-166.664	-727.503
16000	35	-182.324	-60.1168
16000	36	825.911	63.1171
16000	37	131.093	-840.212
16000	38	686.302	677.689
16000	39	664.431	1244.84
16000	40	794.799	-48.364
16000	41	507.734	-1544.58
16000	42	209.857	126.616
16000	43	441.799	611.264
16000	44	238.64	774.921
16000	45	-168.969	69.8987
16000	46	349.102	-1552.2
16000	47	770.293	-1003.87
16000	48	-2.61009	-58.3352
16000	49	-92.8395	1342.44
16000	50	-77.9071	-118.422
16000	51	562.403	-764.166
16000	52	472.332	-159.899
16000	53	221.046	-373.035
16000	54	-178.389	2061.8
16000	55	495.192	-14.8575
16000	56	-58.7699	136.745
16000	57	802.32	681.737
16000	58	840.821	358.11
16000	59	211.046	666.191
16000	60	207.885	252.973
16000	61	-127.751	778.952
16000	62	1483.09	-1283.83
16000	63	374.662	510.474
16000	64	214.045	382.894
16000	65	1124.16	-1934.27
16000	66	1259.48	-412.804
16000	67	469.808	-1021.71
16000	68	785.257	-111.464
16000	69	81.2256	-1941.26
16000	70	128.495	-838.113
16000	71	-290.387	-1125.08
16000	72	-10.3395	-2559.18
16000	73	-290.851	1854.99
16000	74	-465.901	-1737.66
16000	75	-70.525	506.21
16000	76	743.876	1088.27
16000	77	541.485	1901.63
16000	78	-102.232	-863.96
16000	79	1050.92	-1169.17
16000	80	-369.213	-1223.53
16000	81	115.735	609.188
16000	82	179.148	-792.692
16000	83	283.123	293.502
16000	84	-284.997	-384.631
16000	85	468.941	2646.34
16000	86	233.36	-151.903
16000	87	-497.495	-1065.74
16000	88	590.834	376.28
16000	89	-142.527	-1345.58
16000	90	23.1952	10.1208
16000	91	384.119	1356.59
16000	92	-106.853	1052.5
16000	93	204.393	10.1802
16000	94	86.9048	918.836
16000	95	256.408	-394.112
16000	96	540.947	-192.156
16000	97	-22.8638	-1627.75
16000	98	104.37	-3358.04
16000	99	407.111	363.635
16000	100	96.0449	1364.1
16000	101	1336.82	-798.52
16000	102	357.588	313.112
16000	103	-37.2537	235.993
16000	104	-471.661	1336.42
16000	105	217.062	2194.71
16000	106	-303.995	424.054
16000	107	485.824	-168.617
16000	108	604.061	490.289
16000	109	408.871	-269.064
16000	110	2.563	519.452
16000	111	34.3196	-668.564
16000	112	-138.087	-917.252
16000	113	-285.472	657.999
16000	114	206.192	-1818.89
16000	115	-56.4653	282.13
16000	116	813.99	-481.442
16000	117	-362.55	-761.128
16000	118	348.768	-1158.06
16000	119	37.9558	801.665
16000	120	-969.789	1332.97
16000	121	186.583	16.2026
16000	122	55.9529	-1034.18
16000	123	-59.1214	-344.001
16000	124	-379.107	679.15
16000	125	485.887	-1250.7
16000	126	-200.757	-1966.94
16000	127	1036.52	311.65
16000	128	-261.607	-856.809
16000	129	-237.081	-49.5909
16000	130	1000.27	1367.16
16000	131	552.802	-431.316
16000	132	462.942	-16.4068
16000	133	544.881	1010.92
16000	134	-657.413	-75.6829
16000	135	-603.886	772.776
16000	136	-87.6798	-79.4729
16000	137	-148.536	1817.65
16000	138	-600.475	1283.55
16000	139	-261.227	262.364
16000	140	-113.332	161.015
16000	141	765.352	931.143
16000	142	282.994	1279.03
16000	143	356.728	-1849.48
16000	144	187.136	317.34
16000	145	-151.77	1369.42
16000	146	858.455	-637.028
16000	147	697.234	484.37
16000	148	241.933	-1002.64
16000	149	364.844	584.454
16000	150	375.219	-284.854
16000	151	23.7793	-779.159
16000	152	667.255	-208.983
16000	153	155.849	1698.51
16000	154	97.8871	163.073
16000	155	-131.848	-1050.57
16000	156	-23.9573	86.8258
16000	157	-59.5743	39.4104
16000	158	480.092	-723.226
16000	159	735.465	-60.1345
16000	160	1291.81	1362.09
16000	161	-1391.1	-986.615
16000	162	-306.477	-1680.36
16000	163	237.907	-289.157
16000	164	897.835	-54.4963
16000	165	956.912	455.517
16000	166	4.5332	-1078.24
16000	167	287.041	-1518.22
16000	168	564.538	84.2732
16000	169	-117.39	246.592
16000	170	369.795	-1227.8
16000	171	1349.49	-641.219
16000	172	63.3254	-633.557
16000	173	418.272	-361.343
16000	174	811.83	1407.23
16000	175	838.267	-18.6279
16000	176	899.202	88.1874
16000	177	645.533	-159.891
16000	178	0.175596	-26.9995
16000	179	-25.5748	817.402
16000	180	1076.3	697.404
16000	181	-141.908	-1357.2
16000	182	442.379	-1012.68
16000	183	-91.5328	778.774
16000	184	1217.96	367.96
16000	185	586.073	-463.142
16000	186	456.808	-396.55
16000	187	78.729	-125.178
16000	188	-1102.89	453.668
16000	189	-58.4736	235.11
16000	190	455.336	-1896.82
16000	191	-156.645	1391.62
16000	192	-13.9669	-269.995
16000	193	238.2	610.933
16000	194	179.535	396.321
16000	195	-361.653	520.75
16000	196	-727.513	629.371
16000	197	-6.76369	-1542.41
16000	198	-725.047	776.582
16000	199	188.742	1174.48
16000	200	210.233	-535.67
16000	201	-34.217	950.165
16000	202	853.126	-377.885
16000	203	624.15	-102.946
16000	204	51.6134	470.218
16000	205	254.918	-248.314
16000	206	465.13	-865.463
16000	207	659.092	-3.69611
16000	208	330.957	258.977
16000	209	74.6598	749.614
16000	210	817.88	-367.395
16000	211	749.095	-100.92
16000	212	712.961	778.114
16000	213	1309.6	369.247
16000	214	709.511	-94.4147
16000	215	657.808	-209.941
16000	216	-518.498	311.807
16000	217	531.092	1086.52
16000	218	710.483	1292.66
16000	219	980.506	189.305
16000	220	115.754	-742.529
16000	221	536.395	244.975
16000	222	170.651	278.058
16000	223	267.144	833.287
16000	224	-77.9884	-1492.78
16000	225	-276.932	26.3246
16000	226	382.121	1543.52
16000	227	40.8913	558.642
16000	228	-98.5988	575.584
16000	229	-302.541	-703.78
16000	230	387.891	471.923
16000	231	313.911	-1204.16
16000	232	-253.308	-227.411
16000	233	-219.227	635.254
16000	234	36.3722	-29.2226
16000	235	-260.926	-133.72
16000	236	8.84338	-51.9918
16000	237	-404.601	1051.27
16000	238	-545.49	-1957.37
16000	239	271.962	-568.56
16000	240	88.1304	328.965
16000	241	263.356	1467.45
16000	242	-808.123	557.175
16000	243	1240.28	-1097.04
16000	244	473.233	-616.007
16000	245	-375.636	-116.421
16000	246	-91.1546	436.632
16000	247	339.613	633.724
16000	248	-995.258	-2231.92
16000	249	1011.11	931.164
16000	250	-231.856	-877.269
16000	251	-284.834	444.99
16000	252	349.662	-17.5182
16000	253	-22.4221	981.132
16000	254	-241.179	-1273.22
16000	255	-890.789	-523.253
16000	256	-483.968	-428.781
16000	257	546.32	-199.521
16000	258	-83.5951	499.175
16000	259	-347.383	1309.15
16000	260	71.3138	-1070.83
16000	261	-430.665	742.719
16000	262	-93.3954	-726.805
16000	263	1494.02	1115.17
16000	264	357.641	1860.24
16000	265	583.878	-158.474
16000	266	-500.922	-206.946
16000	267	356.276	-285.114
16000	268	291.47	954.906
16000	269	515.861	253.033
16000	270	85.0397	-647.029
16000	271	170.61	1652.29
16000	272	293.483	-1425.15
16000	273	255.387	381.624
16000	274	23.719	-1219.34
16000	275	-743.819	-1359.64
16000	276	589.527	-620.699
16000	277	350.238	-111.847
16000	278	623.942	-729.92
16000	279	208.073	-374.489
16000	280	1539.81	-175.401
16000	281	334.141	-1479.54
16000	282	271.729	423.84
16000	283	396.432	-467.35
16000	284	4.94995	-496.656
16000	285	563.181	1022.91
16000	286	-178.371	-632.931
16000	287	-204.877	1152.38
16000	288	-788.809	605.528
16000	289	113.598	202.902
16000	290	478.405	-283.552
16000	291	-243.029	-648.437
16000	292	390.421	116.796
16000	293	277.937	-1177.87
16000	294	352.844	-922.904
16000	295	825.214	782.104
16000	296	323.824	547.205
16000	297	-142.555	1511.21
16000	298	565.24	2225.43
16000	299	-25.9833	1170.43
16000	300	571.362	1361.96
16000	301	606.769	108.147
16000	302	527.846	685.846
16000	303	391.896	858.783
16000	304	1418.37	-1240.09
16000	305	535.575	551.086
16000	306	-97.5087	-1349.27
16000	307	767.793	265.696
16000	308	288.22	-1403.73
16000	309	333.097	-568.635
16000	310	-618.689	-86.039
16000	311	106.021	-1373.77
16000	312	582.574	-534.648
16000	313	-301.011	238.463
16000	314	475.21	-322.574
16000	315	-475.116	725.56
16000	316	905.067	866.361
16000	317	196.858	177.152
16000	318	-480.45	-902.255
16000	319	795.997	564.784
16000	320	458.108	733.138
16000	321	271.572	1106.01
16000	322	107.041	267.969
16000	323	111.742	782.456
16000	324	47.9474	-669.935
16000	325	-242.901	-503.561
16000	326	-684.938	-381.047
16000	327	570.686	-1165.35
16000	328	138.958	313.53
16000	329	546.999	2915.26
16000	330	296.068	410.032
16000	331	542.629	697.321
16000	332	346.235	-467.334
16000	333	-148.606	1135.04
16000	334	-539.569	-615.898
16000	335	130.98	-944.487
16000	336	661.269	447.721
16000	337	153.582	-697.843
16000	338	-295.715	931.551
16000	339	315.004	282.198
16000	340	158.26	-1038.72
16000	341	638.942	1052.96
16000	342	556.805	727.251
16000	343	66.4183	528.001
16000	344	400.004	999.731
16000	345	-196.262	-687.382
16000	346	1348.09	675.505
16000	347	1111.08	97.5801
16000	348	523.054	-223.023
16000	349	-136.133	-704.056
16000	350	317.593	173.38
16000	351	-284.976	-1134.84
16000	352	402.814	-1177.53
16000	353	384.381	43.3962
16000	354	-141.907	1625.36
16000	355	-883.922	-465.239
16000	356	248.055	-638.608
16000	357	148.351	591.812
16000	358	-27.6914	-471.048
16000	359	-295.157	-163.506
16000	360	225.342	-148.242
16000	361	-98.4935	-1538.07
16000	362	219.387	1188.12
16000	363	-192.771	-168.407
16000	364	606.256	-902.212
16000	365	524.643	19.4672
16000	366	-244.898	-1641.93
16000	367	632.673	167.1
16000	368	76.4782	57.6798
16000	369	784.187	-363.21
16000	370	207.001	438.334
16000	371	-921.635	324.826
16000	372	-383.643	2418.94
16000	373	-101.854	-636.912
16000	374	529.611	-13.5883
16000	375	659.394	784.639
16000	376	203.25	249.829
16000	377	199.281	-798.121
16000	378	599.366	39.2997
16000	379	156.764	2.48352
16000	380	191.3	-277.262
16000	381	513.581	-872.908
16000	382	414.522	1496.71
16000	383	889.504	-2249.31
16000	384	353.32	-752.643
16000	385	309.839	48.3441
16000	386	354.684	-333.104
16000	387	-563.032	-1250.21
16000	388	718.122	1616.45
16000	389	-196.839	-1254.63
16000	390	4.47314	-1459.41
16000	391	32.6149	-237.207
16000	392	348.89	533.533
16000	393	1306.03	-249.988
16000	394	528.363	-1257.21
16000	395	-300.382	686.605
16000	396	386.972	966.279
16000	397	-340.697	141.301
16000	398	366.492	717.154
16000	399	1.869	-192.894
16000	400	-850.899	1065.86
16000	401	585.755	-2011.33
16000	402	-919.202	40.7712
16000	403	-1045.08	-273.498
16000	404	678.714	-1305.79
16000	405	-62.7577	1807.97
16000	406	554.089	585.067
16000	407	282.334	66.3208
16000	408	492.728	847.011
16000	409	817.999	-791.799
16000	410	533.159	-525.528
16000	411	500.201	-430.918
16000	412	-39.7642	-1141.83
16000	413	930.226	-608.529
16000	414	698.947	961.351
16000	415	-944.897	-441.164
16000	416	-400.953	1325.08
16000	417	685.981	-752.669
16000	418	-137.791	1349.41
16000	419	-466.071	-755.896
16000	420	662.201	-1045
16000	421	-377.265	-987.023
16000	422	385.657	-784.736
16000	423	226.786	-1374.27
16000	424	-66.0353	-1348.82
16000	425	612.889	355.849
16000	426	64.3317	-390.585
16000	427	230.404	-209.456
16000	428	921.836	-218.429
16000	429	1010.31	-551.394
16000	430	183.157	-728.701
16000	431	423.124	787.219
16000	432	280.798	-557.994
16000	433	681.126	-513.476
16000	434	-377.945	408.678
16000	435	561.674	-694.792
16000	436	274.326	-779.416
16000	437	-359.812	-548.917
16000	438	634.252	-784.75
16000	439	1047.99	-788.247
16000	440	945.017	-970.473
16000	441	-279.853	53.5016
16000	442	-48.8277	-2964.35
16000	443	68.0078	-1677.64
16000	444	-415.378	-670.136
16000	445	323.025	906.063
16000	446	315.843	-1138.63
16000	447	574.564	-1087.14
16000	448	549.541	547.334
16000	449	266.87	1119.68
16000	450	492.417	-937.233
16000	451	190.235	-104.067
16000	452	377.154	-712.218
16000	453	596.076	-897.554
16000	454	492.354	-96.2216
16000	455	-1097.15	-1452.48
16000	456	-254.706	-805.422
16000	457	72.3241	-802.386
16000	458	-849.007	131.079
16000	459	-36.6096	118.648
16000	460	352.155	342.66
16000	461	224.038	-166.207
16000	462	336.713	-775.127
16000	463	-77.0258	81.0439
16000	464	538.763	-662.246
16000	465	-339.706	897.752
16000	466	682.621	-73.2023
16000	467	-146.099	812.3
16000	468	620.742	-1494.22
16000	469	1199.74	1015.76
16000	470	201.945	1509.14
16000	471	250.651	-1030.55
16000	472	684.698	-286.165
16000	473	19.2249	338.115
16000	474	-43.9289	-666.43
16000	475	313.605	1849.44
16000	476	447.933	-561.225
16000	477	292.352	650.144
16000	478	469.929	644.768
16000	479	405.266	-512.79
16000	480	888.848	-969.891
16000	481	-873.157	-1374.72
16000	482	734.753	61.0748
16000	483	28.0988	-1186.91
16000	484	608.246	-2041.12
16000	485	-42.3721	-848.814
16000	486	-68.4317	-362.187
16000	487	387.102	610.973
16000	488	153.646	15.1384
16000	489	-108.144	-190.426
16000	490	-55.424	-884.389
16000	491	370.669	629.695
16000	492	497.087	-1554.66
16000	493	-144.7	738.477
16000	494	235.15	-469.759
16000	495	185.051	2622.97
16000	496	551.287	518.259
16000	497	313.921	-937.725
16000	498	-3.31644	-1202.01
16000	499	-143.702	1554.97
18000	0	758.986	-197.98
18000	1	247.616	-467.675
18000	2	721.011	-967.678
18000	3	-156.059	-396.055
18000	4	1035.71	924.633
18000	5	377.811	-278.706
18000	6	-91.0759	-2181.08
18000	7	-310.343	-736.286
18000	8	386.967	-35.0333
18000	9	-346.829	687.953
18000	10	125.816	-2602.73
18000	11	-75.7233	-420.812
18000	12	285.438	-2470.97
18000	13	394.289	1120.9
18000	14	-238.06	-859.676
18000	15	-626.289	-284.826
18000	16	1050.21	-195.378
18000	17	330.237	268.928
18000	18	-515.542	1348.34
18000	19	48.9488	-686.398
18000	20	-297.515	-809.433
18000	21	-442.358	1126.36
18000	22	350.195	884.887
18000	23	1124.24	114.955
18000	24	0.882179	1610.12
18000	25	-735.664	17.8376
18000	26	286.565	-1221.75
18000	27	195.202	498.576
18000	28	283.256	-502.583
18000	29	332.624	-803.571
18000	30	476.159	-244.323
18000	31	1039.52	2855.53
18000	32	-285.78	-1415.71
18000	33	744.393	1079.76
18000	34	14.7046	-419.22
18000	35	153.207	-895.482
18000	36	1169.58	451.525
18000	37	249.174	-344.917
18000	38	423.799	540.366
18000	39	862.81	654.954
18000	40	851.818	-75.1088
18000	41	548.623	-1327.71
18000	42	-169.982	-175.593
18000	43	538.511	486.44
18000	44	203.037	757.707
18000	45	-87.6107	-610.91
18000	46	270.725	-1545.41
18000	47	710.033	-649.319
18000	48	-1.48625	-199.9
18000	49	-7.95588	995.163
18000	50	-276.359	19.5481
18000	51	584.477	-980.895
18000	52	474.761	-228.607
18000	53	72.8133	-507.037
18000	54	43.8245	1903.75
18000	55	582.088	-276.158
18000	56	44.1665	198.129
18000	57	986.024	398.091
18000	58	779.57	112.477
18000	59	192.579	14.9232
18000	60	109.782	-87.7377
18000	61	-58.4573	614.166
18000	62	1445.11	-1244.86
18000	63	404.686	441.359
18000	64	256.579	514.332
18000	65	1290.16	-2748.97
18000	66	1122.27	-253.902
18000	67	391.944	-1385.52
18000	68	685.024	-184.652
18000	69	259.012	-1515.81
18000	70	186.608	-1075.96
18000	71	-194.479	-862.591
18000	72	4.53399	-2733.51
18000	73	-231.883	1997.4
18000	74	-447.529	-1282.22
18000	75	-107.629	705.667
18000	76	831.372	969.337
18000	77	443.265	2448.53
18000	78	19.0493	-1086.75
18000	79	954.162	-1082.19
18000	80	-243.173	-1602.19
18000	81	294.207	1198.26
18000	82	-41.535	-601.897
18000	83	138.963	105.911
18000	84	-485.639	-816.496
18000	85	590.396	2248.05
18000	86	211.513	-479.662
18000	87	-468.851	-963.209
18000	88	666.986	474.96
18000	89	198.124	-1364.15
18000	90	166.977	171.62
18000	91	167.343	1885.19
18000	92	-167.817	590.251
18000	93	121.404	-286.519
18000	94	285.108	1057.57
18000	95	313.979	-828.376
18000	96	489.518	-54.008
18000	97	121.303	-1541.87
18000	98	-31.2808	-3183.65
18000	99	309.635	501.86
18000	100	16.2943	745.231
18000	101	1197.11	-1085.05
18000	102	122.747	343.112
18000	103	-233.877	-507.529
18000	104	-294.098	1364.29
18000	105	14.8372	2374.29
18000	106	-405.4	489.61
18000	107	534.947	-372.136
18000	108	548.528	600.063
18000	109	607.135	169.771
18000	110	2.32718	1015.99
18000	111	0.896181	-1487.77
18000	112	-168.013	-817.641
18000	113	-206.792	751.711
18000	114	188.841	-882.493
18000	115	-236.457	217.871
18000	116	793.359	15.6142
18000	117	-154.365	-1113.5
18000	118	446.056	-775.603
18000	119	133.251	104.631
18000	120	-844.211	2039.55
18000	121	304.811	-310.025
18000	122	-81.4237	-1131.56
18000	123	-78.8115	-607.072
18000	124	-98.4583	493.006
18000	125	326.277	-1166.56
18000	126	-20.8788	-1964.47
18000	127	1143.47	-591.284
18000	128	-122.109	-616.922
18000	129	-595.496	205.964
18000	130	957.817	1947.65
18000	131	694.233	-611.524
18000	132	254.408	94.8358
18000	133	341.58	815.433
18000	134	-395.888	-451.351
18000	135	-714.537	643.259
18000	136	-121.42	107.441
18000	137	-373.405	1772.69
18000	138	-599.769	1174.69
18000	139	-45.3622	620.807
18000	140	-233.705	418.95
18000	141	942.57	697.881
18000	142	541.483	1086.69
18000	143	457.727	-1872.2
18000	144	104.602	630.683
18000	145	108.639	1307.95
18000	146	1038.36	-297.5
18000	147	745.103	513.215
18000	148	40.9654	-718.586
18000	149	205.427	230.17
18000	150	395.105	130.263
18000	151	220.864	-819.516
18000	152	982.491	-694.876
18000	153	541.163	1657.56
18000	154	9.55769	122.328
18000	155	-235.259	-1030.05
18000	156	-42.3829	384.433
18000	157	-178.156	-35.599
18000	158	301.381	-429.046
18000	159	894.717	-4.06038
18000	160	1114.71	816.414
18000	161	-1487.63	-1050.6
18000	162	-271.956	-1254.88
18000	163	83.1581	-166.585
18000	164	781.143	249.607
18000	165	1018.05	595.305
18000	166	-103.313	-936.568
18000	167	117.373	-1796.71
18000	168	422.251	41.3284
18000	169	-56.6641	-498.874
18000	170	548.067	-1061.25
18000	171	1401.88	-775.869
18000	172	-45.9481	-977.038
18000	173	377.762	-640.387
18000	174	654.887	1409.9
18000	175	560.848	-410.15
18000	176	737.336	83.8623
18000	177	566.904	-611.994
18000	178	22.9577	59.7102
18000	179	38.8181	636.352
18000	180	1072.3	1006.86
18000	181	-177.673	-1700.38
18000	182	120.992	-939.459
18000	183	-212.112	1053.98
18000	184	1158.22	632.379
18000	185	627.954	-559.301
18000	186	505.553	-1088.09
18000	187	115.819	-177.575
18000	188	-1021.24	513.638
18000	189	-157.837	401.325
18000	190	697.826	-1814.73
18000	191	-136.874	1164.92
18000	192	-112.799	-700.787
18000	193	40.3277	454.381
18000	194	-85.8448	638.892
18000	195	-475.057	390.421
18000	196	-741.377	1001.55
18000	197	-7.34292	-1930.78
18000	198	-1026.25	439.118
18000	199	229.165	729.002
18000	200	168.273	-894.301
18000	201	26.241	1546.26
18000	202	1115.07	222.56
18000	203	603.902	-190.615
18000	204	-122.642	366.426
18000	205	456.362	-166.304
18000	206	803.634	-945.343
18000	207	598.117	90.8935
18000	208	448.179	370.036
18000	209	191.166	775.933
18000	210	486.524	-235.594
18000	211	775.021	215.947
18000	212	711.517	624.718
18000	213	1468.46	1164.44
18000	214	451.109	244.251
18000	215	718.387	-543.14
18000	216	-620.249	545.308
18000	217	384.932	1192.68
18000	218	870.606	1123.71
18000	219	843.514	374.003
18000	220	-77.6624	-778.089
18000	221	477.218	291.007
18000	222	92.8578	449.36
18000	223	345.573	1004.5
18000	224	-154.228	-1093
18000	225	148.78	350.435
18000	226	403.15	1612.58
18000	227	283.422	-174.328
18000	228	-260.895	191.668
18000	229	10.723	-563.952
18000	230	709.752	173.686
18000	231	392.159	-1041.9
18000	232	-355.219	-184.483
18000	233	-483.031	-53.4165
18000	234	-222.382	296.429
18000	235	-275.027	-635.862
18000	236	270.689	-270.803
18000	237	-372.208	907.504
18000	238	-600.562	-1923.41
18000	239	391.198	-639.561
18000	240	183.897	253.075
18000	241	180.84	1202.5
18000	242	-1066.37	506.808
18000	243	1112.59	-1357.91
18000	244	497.831	-769.149
18000	245	-609.74	-87.456
18000	246	-129.361	130.719
18000	247	704.377	739.409
18000	248	-815.52	-1709.23
18000	249	989.796	735.783
18000	250	-270.593	-581.642
18000	251	-305.317	686.193
18000	252	274.346	-346.065
18000	253	-44.1599	864.127
18000	254	-160.604	-1147.65
18000	255	-876.124	-814.021
18000	256	-740.716	144.712
18000	257	493.207	-151.191
18000	258	21.3538	253.995
18000	259	-232.261	1192.92
18000	260	-105.122	-448.236
18000	261	-580.556	848.496
18000	262	-186.146	-880.579
18000	263	1770.36	678.601
18000	264	592.318	1866.05
18000	265	563.4	-271.568
18000	266	-520.82	66.3457
18000	267	438.051	-496.743
18000	268	406.394	1108.15
18000	269	601.677	-12.3886
18000	270	-14.2819	-555.813
18000	271	249.026	1198.88
18000	272	566.295	-1528.11
18000	273	385.834	651.438
18000	274	-277.045	-848.85
18000	275	-456.398	-1320.59
18000	276	647.797	-870.487
18000	277	466.648	215.835
18000	278	740.008	-1385.62
18000	279	393.215	6.91265
18000	280	1578.52	121.945
18000	281	293.448	-1417.4
18000	282	160.563	71.4268
18000	283	476.404	-234.505
18000	284	-34.6965	-497.625
18000	285	500.143	1071.4
18000	286	-317.089	-513.084
18000	287	-63.0812	1355.85
18000	288	-827.752	263.39
18000	289	94.613	397.714
18000	290	426.909	-338.166
18000	291	-214.858	-403.868
18000	292	586.503	259.09
18000	293	550.732	-1149.02
18000	294	240.626	-1468.23
18000	295	827.048	548.639
18000	296	441.86	651.687
18000	297	281.008	1951.69
18000	298	333.279	1889.98
18000	299	-345.567	1048.65
18000	300	858.378	1347.8
18000	301	803.604	412.444
18000	302	607.595	149.85
18000	303	470.325	1148.05
18000	304	1319.2	-1194.01
18000	305	545.58	485.66
18000	306	243.33	-1455.79
18000	307	690.017	541.393
18000	308	368.96	-1962.85
18000	309	251.531	-257.85
18000	310	-577.577	84.3294
18000	311	127.942	-1324.29
18000	312	327.184	-971.114
18000	313	-211.681	-298.315
18000	314	613.783	-77.1004
18000	315	-377.917	-29.4836
18000	316	895.308	748.936
18000	317	255.843	-99.5158
18000	318	-339.07	-1025.43
18000	319	926.461	281.618
18000	320	681.843	830.27
18000	321	435.513	1101.98
18000	322	45.3659	207.791
18000	323	90.8744	645.919
18000	324	204.372	-590.505
18000	325	-469.667	-599.829
18000	326	-607.713	-959.161
18000	327	809.539	-1579.27
18000	328	144.412	105.916
18000	329	585.59	2569.56
18000	330	552.07	457.019
18000	331	886.164	429.764
18000	332	350.76	-596.563
18000	333	-108.045	955.736
18000	334	-541.795	-354.041
18000	335	-174.197	-1161.74
18000	336	727.378	601.552
18000	337	196.724	-1187.03
18000	338	-198.865	1354.82
18000	339	236.413	1039.99
18000	340	-38.0941	-1172.57
18000	341	733.49	1022.94
18000	342	837.195	829.223
18000	343	-452.903	540.834
18000	344	621.162	759.764
18000	345	-228.129	-768.03
18000	346	1409.78	500.833
18000	347	1102.26	59.1296
18000	348	702.443	-62.3759
18000	349	-428.909	-685.722
18000	350	240.921	698.02
18000	351	-487.146	-1526.75
18000	352	341.146	-1595.97
18000	353	326.311	388.609
18000	354	-104.805	1850.72
18000	355	-846.309	-358.447
18000	356	5.65253	-1009.02
18000	357	-147.254	451.858
18000	358	-108.035	-561.29
18000	359	-296.201	-847.411
18000	360	302.216	-120.698
18000	361	-199.313	-1222.07
18000	362	76.6336	1048.96
18000	363	-44.9959	276.492
18000	364	567.579	-905.777
18000	365	426.095	547.017
18000	366	-83.6621	-1775.53
18000	367	553.792	624.898
18000	368	495.044	-195.69
18000	369	702.094	-1703.84
18000	370	64.4255	529.073
18000	371	-1008.53	324.274
18000	372	-263.685	1995.09
18000	373	-322.351	-694.996
18000	374	705.369	-461.322
18000	375	754.938	43.0021
18000	376	140.322	28.3705
18000	377	342.754	-1328.01
18000	378	543.258	-399.77
18000	379	257.247	98.349
18000	380	364.413	-361.659
18000	381	572.301	-1477.07
18000	382	225.757	1232.6
18000	383	881.265	-1597.44
18000	384	553.903	-1155.09
18000	385	292.769	-31.1125
18000	386	430.169	5.16437
18000	387	-803.024	-709.269
18000	388	733.216	1469.4
18000	389	2.31523	-1650.58
18000	390	83.1087	-2016.03
18000	391	-330.265	-799.595
18000	392	168.756	665.442
18000	393	1299.68	-658.945
18000	394	545.821	-1592.76
18000	395	-217.278	596.795
18000	396	384.172	277.376
18000	397	-362.45	96.5483
18000	398	389.392	1160.32
18000	399	-98.1446	87.41
18000	400	-651.264	600.492
18000	401	576.503	-2393.58
18000	402	-818.47	331.582
18000	403	-1124	-760.229
18000	404	307.755	-780.79
18000	405	-178.925	2368.07
18000	406	392.85	780.931
18000	407	164.533	474.448
18000	408	113.827	976.394
18000	409	898.21	-906.336
18000	410	561.434	-961.283
18000	411	288.995	-615.01
18000	412	-37.0698	-1516.91
18000	413	996.652	-550.361
18000	414	519.591	1358.21
18000	415	-831.32	136.306
18000	416	-320.374	1304.19
18000	417	806.025	-794.54
18000	418	-38.5194	893.731
18000	419	-571.093	-798.944
18000	420	890.33	-917.801
18000	421	-513.697	-1288.04
18000	422	389.115	-1174.69
18000	423	350.92	-1111.12
18000	424	273.767	-2002.4
18000	425	632.035	756.095
18000	426	-114.513	-453.248
18000	427	275.79	-132.011
18000	428	983.015	-962.199
18000	429	911.831	-837.346
18000	430	114.877	-684.12
18000	431	635.015	812.627
18000	432	280.667	-378.19
18000	433	624.672	-1121.58
18000	434	-356.126	520.85
18000	435	538.337	-644.112
18000	436	278.207	-576.651
18000	437	-380.392	-362.091
18000	438	572.365	-218.215
18000	439	1345.19	-610.089
18000	440	921.095	-965.403
18000	441	-235.631	-296.944
18000	442	393.519	-3061.07
18000	443	215.172	-1849.07
18000	444	-254.046	-559.187
18000	445	326.482	991.095
18000	446	391.004	-1627.04
18000	447	570.297	-1127.94
18000	448	774.288	654.865
18000	449	175.253	1762.78
18000	450	281.453	-647.192
18000	451	195.742	-332.138
18000	452	458.575	-358.798
18000	453	535.405	-1161.2
18000	454	515.651	212.099
18000	455	-1041.12	-1486.75
18000	456	-442.561	-551.271
18000	457	-1.09378	-1074.75
18000	458	-944.085	-193.961
18000	459	-120.867	286.21
18000	460	176.578	227.48
18000	461	285.538	89.4288
18000	462	394.657	-633.392
18000	463	277.07	156.759
18000	464	540.854	-164.29
18000	465	-211.647	-482.553
18000	466	912.971	647.248
18000	467	-23.8716	762.071
18000	468	463.301	-1134.77
18000	469	1420.1	1603.56
18000	470	205.471	1526.16
18000	471	53.6621	-448.52
18000	472	451.977	-59.8307
18000	473	33.0975	48.5464
18000	474	181.052	-176.213
18000	475	416.499	2135.19
18000	476	270.615	-62.2264
18000	477	251.928	434.301
18000	478	690.152	868.858
18000	479	785.88	-433.49
18000	480	847.837	-1061.91
18000	481	-869.8	-1526.66
18000	482	799.285	436.106
18000	483	80.7604	-966.421
18000	484	409.077	-2094.95
18000	485	177.904	-679.104
18000	486	-310.816	-331.678
18000	487	346.756	992.91
18000	488	160.571	43.7893
18000	489	17.4962	-289.313
18000	490	-94.8474	-840.515
18000	491	471.877	580.269
18000	492	393.295	-1840.58
18000	493	-468.445	1037.35
18000	494	337.226	-932.233
18000	495	125.743	2508.56
18000	496	555.574	-24.679
18000	497	272.345	-1227.68
18000	498	311.023	-673.584
18000	499	42.6007	1560.03
20000	0	625.671	-352.489
20000	1	96.5879	-738.575
20000	2	936.536	-743.787
20000	3	-245.223	-788.981
20000	4	898.021	1141.44
20000	5	276.264	627.933
20000	6	-399.487	-2886.6
20000	7	-505.971	-341.496
20000	8	610.763	262.386
20000	9	-65.8004	259.761
20000	10	183.223	-3368.49
20000	11	-63.3536	248.747
20000	12	167.852	-3083.17
20000	13	715.824	559.026
20000	14	106.031	-593.516
20000	15	-532.984	-608.538
20000	16	1530.97	-137.798
20000	17	389.56	669.662
20000	18	-356.877	1286.13
20000	19	-66.9459	-22.3781
20000	20	-334.429	-994.633
20000	21	-567.174	1059.05
20000	22	505.503	815.114
20000	23	879.81	-10.882
20000	24	-0.50313	1766.84
20000	25	-835.46	-543.28
20000	26	162.231	-1413.52
20000	27	217.08	31.4354
20000	28	330.804	-839.641
20000	29	623.241	-585.398
20000	30	479.913	286.762
20000	31	894.482	2850.35
20000	32	-183.361	-1229.64
20000	33	741.604	1440.25
20000	34	-62.5284	-156.181
20000	35	117.33	-1025.57
20000	36	1256.51	289.508
20000	37	92.1462	-261.973
20000	38	422.641	1029.9
20000	39	925.251	593.252
20000	40	825.702	-105.371
20000	41	570.261	-1712.62
20000	42	-106.621	-510.981
20000	43	518.213	724.94
20000	44	441.696	387.034
20000	45	-401.83	-167.667
20000	46	532.609	-1471.74
20000	47	1013.1	-526.034
20000	48	-102.556	-185.054
20000	49	-30.2746	1247.57
20000	50	-255.528	272.455
20000	51	366.284	-1253.48
20000	52	774.452	-487.116
20000	53	18.3138	-536.743
20000	54	-37.0332	1898.56
20000	55	577.203	-415.221
20000	56	5.00491	-624.887
20000	57	1243.04	987.185
20000	58	822.509	2.76774
20000	59	289.836	391.968
20000	60	226.966	-794.645
20000	61	-350.403	595.317
20000	62	1504.8	-1563.28
20000	63	351.743	401.518
20000	64	75.1025	505.872
20000	65	1158.65	-2679.06
20000	66	965.545	-328.234
20000	67	751.563	-1191.67
20000	68	1067.11	-246.859
20000	69	262.988	-1471.79
20000	70	109.827	-1325.09
20000	71	-335.212	-888.653
20000	72	-16.5332	-3079.68
20000	73	-131.602	1749.26
20000	74	-527.387	-1269.32
20000	75	-149.13	1247.44
20000	76	713.818	1207.34
20000	77	724.856	2558.75
20000	78	-126.491	-1101.62
20000	79	932.497	-1144.23
20000	80	-309.153	-1301.75
20000	81	343.313	1323.87
20000	82	-242.635	-1027.07
20000	83	58.4329	374.497
20000	84	-605.39	-966.283
20000	85	550.998	2565.15
20000	86	294.055	-1042.41
20000	87	-665.922	-907.464
20000	88	686.979	94.6752
20000	89	541.185	-1073.16
20000	90	282.273	-50.4934
20000	91	209.751	1848.68
20000	92	-65.1632	419.902
20000	93	223.699	-121.931
20000	94	304.982	899.63
20000	95	95.1678	-424.198
20000	96	802.38	80.2743
20000	97	80.5749	-1676.02
20000	98	38.3761	-4152.14
20000	99	487.687	340.025
20000	100	94.6586	571.499
20000	101	1095.02	-1222.82
20000	102	77.7299	155.842
20000	103	26.26	-621.656
20000	104	-312.428	1610.86
20000	105	196.185	2603.42
20000	106	-405.607	646.689
20000	107	597.561	-157.052
20000	108	627.654	811.024
20000	109	629.996	-113.171
20000	110	-198.017	749.14
20000	111	42.7177	-1179.29
20000	112	-346.385	-313.27
20000	113	-128.134	1119.26
20000	114	-13.1268	-898.75
20000	115	-335.072	-390.883
20000	116	771.053	-517.935
20000	117	-61.0519	-1023.21
20000	118	630.47	-430.918
20000	119	398.892	125.093
20000	120	-630.726	2125.13
20000	121	522.067	90.4525
20000	122	235.582	-926.773
20000	123	121.739	-799.987
20000	124	-254.988	859.95
20000	125	447.624	-1582.45
20000	126	-64.5549	-2009.98
20000	127	990.19	-898.02
20000	128	53.9329	-1266.29
20000	129	-174.647	-65.8929
20000	130	1139.71	2252.32
20000	131	756.053	-694.071
20000	132	222.715	-98.8361
20000	133	602.018	429.053
20000	134	-185.398	-578.544
20000	135	-573.96	509.36
20000	136	-125.213	-9.44095
20000	137	-425.566	1846.23
20000	138	-326.184	1479.36
20000	139	-43.0512	8.49325
20000	140	-34.3872	717.982
20000	141	1083.52	450.881
20000	142	528.521	1083.54
20000	143	676.791	-2399.8
20000	144	245.076	538.306
20000	145	278.893	1157.44
20000	146	896.788	-675.704
20000	147	675.056	390.17
20000	148	85.6408	-742.619
20000	149	526.808	190.756
20000	150	394.689	591.369
20000	151	125.169	-735.858
20000	152	1067.27	-199.552
20000	153	348.813	1423.18
20000	154	-167.903	284.515
20000	155	-52.4483	-1096.03
20000	156	295.575	341.203
20000	157	-299.895	528.061
20000	158	82.275	-330.265
20000	159	1313.51	627.879
20000	160	1311.54	188.973
20000	161	-1451.88	-1293.99
20000	162	-353.904	-1427.96
20000	163	-95.9415	-79.2962
20000	164	772.43	184.83
20000	165	1198.11	473.148
20000	166	222.737	-856.908
20000	167	269.693	-1936.86
20000	168	389.828	585.385
20000	169	61.1527	-233.941
20000	170	513.705	-1223.85
20000	171	1785.68	-156.174
20000	172	223.783	-805.985
20000	173	475.841	379.436
20000	174	517.425	1470.52
20000	175	756.32	-725.253
20000	176	816.995	-57.1346
20000	177	1005.84	-640.662
20000	178	-0.443114	145.34
20000	179	29.1622	839.292
20000	180	1034.91	606.113
20000	181	-60.2231	-1454.52
20000	182	-20.6877	-1439.24
20000	183	207.899	541.605
20000	184	1353.49	386.422
20000	185	966.541	-1050.01
20000	186	530.846	-1430.89
20000	187	10.2468	-318.487
20000	188	-964.599	449.319
20000	189	-281.278	730.767
20000	190	473.594	-1890.7
20000	191	-52.4706	781.795
20000	192	11.4538	-604.164
20000	193	-260.034	534.271
20000	194	-86.7391	606.531
20000	195	-541.522	342.384
20000	196	-841.823	1468.84
20000	197	269.679	-1266.54
20000	198	-1366.95	573.533
20000	199	267.942	432.817
20000	200	589.124	-1090.89
20000	201	-33.3183	1809.67
20000	202	1177.86	273.939
20000	203	625.946	-211.606
20000	204	-83.3663	267.142
20000	205	731.251	301.73
20000	206	796.157	-875.338
20000	207	556.585	95.7456
20000	208	572.475	247.743
20000	209	132.963	768.663
20000	210	720.756	-900.552
20000	211	845.196	64.8041
20000	212	731.431	-158.121
20000	213	1430.64	1270.85
20000	214	389.481	157.277
20000	215	916.604	-259.08
20000	216	-399.938	-208.173
20000	217	275.532	1248.65
20000	218	809.065	575.327
20000	219	892.902	325.777
20000	220	-216.728	-826.66
20000	221	696.097	643.429
20000	222	197.434	442.394
20000	223	528.879	896.83
20000	224	-356.676	-1768.07
20000	225	-68.7869	336.913
20000	226	462.044	2180.31
20000	227	583.411	-669.008
20000	228	22.5614	119.507
20000	229	28.4512	-654.557
20000	230	710.979	-30.2334
20000	231	477.215	-519.479
20000	232	-416.08	-137.848
20000	233	-456.011	-370.891
20000	234	-300.764	43.2311
20000	235	-106.455	-849.513
20000	236	291.663	-18.0993
20000	237	-299.33	640.678
20000	238	-376.564	-1640.94
20000	239	891.056	-175.777
20000	240	283.455	454.953
20000	241	425.602	1025.47
20000	242	-1066.68	172.028
20000	243	1012.27	-1561.36
20000	244	415.67	-734.984
20000	245	-468.207	294.549
20000	246	44.2502	-264.274
20000	247	661.567	498.299
20000	248	-1057.01	-1729.69
20000	249	1052.42	504.451
20000	250	-174.119	-553.839
20000	251	-304.578	156.191
20000	252	389.656	-873.577
20000	253	95.0201	1123.58
20000	254	-136.26	-1509.12
20000	255	-690.633	-837.62
20000	256	-784.845	-132.682
20000	257	537.884	175.919
20000	258	299.161	110.712
20000	259	12.158	1373.25
20000	260	75.513	130.642
20000	261	-751.366	670.521
20000	262	-288.182	-962.217
20000	263	1893.59	692.746
20000	264	773.018	1572.86
20000	265	911.476	-970.15
20000	266	-440.24	213.338
20000	267	609.684	-1007.66
20000	268	466.936	1434.91
20000	269	719.063	499.547
20000	270	-115.724	-690.385
20000	271	470.244	1462.48
20000	272	760.97	-1448.54
20000	273	402.054	1147.68
20000	274	-177.15	-1016.45
20000	275	-318.105	-1226.47
20000	276	749.685	-1234.21
20000	277	508.611	179.208
20000	278	722.444	-1183.89
20000	279	366.022	-98.2099
20000	280	1357.54	631.045
20000	281	394.545	-1600.19
20000	282	242.062	-202.617
20000	283	478.836	15.0264
20000	284	-92.2068	-1241.11
20000	285	239.692	821.876
20000	286	-360.154	-387.169
20000	287	-76.4375	1057.56
20000	288	-828.579	517.354
20000	289	437.52	748.472
20000	290	337.452	-39.2623
20000	291	-14.6536	-797.746
20000	292	848.833	-163.187
20000	293	538.735	-897.326
20000	294	0.812144	-1880.56
20000	295	765.653	749.987
20000	296	696.041	499.849
20000	297	560.315	2354.06
20000	298	424.988	1806.73
20000	299	-287.113	1324.23
20000	300	895.358	1054.55
20000	301	924.979	158.594
20000	302	667.367	278.32
20000	303	651.666	1143.74
20000	304	1520.37	-1041.71
20000	305	677.379	877.589
20000	306	247.733	-1375.51
20000	307	921.896	788.871
20000	308	327.777	-2041.1
20000	309	473.834	227.601
20000	310	-637.43	-7.48489
20000	311	-55.0201	-980.703
20000	312	178.959	-1367.69
20000	313	-449.304	-652.807
20000	314	652.137	21.5123
20000	315	-427.759	171.641
20000	316	771.862	775.103
20000	317	497.506	-137.548
20000	318	-219.236	-1243.06
20000	319	873.076	859.068
20000	320	718.24	505.571
20000	321	529.031	1733.96
20000	322	164.702	486.784
20000	323	53.5297	282.216
20000	324	304.487	-1397.96
20000	325	-109.157	-752.649
20000	326	-487.618	-1152.17
20000	327	610.039	-1555.79
20000	328	122.96	-200.17
20000	329	550.613	2338.96
20000	330	773.154	173.699
20000	331	924.424	741.047
20000	332	352.392	-575.515
20000	333	-65.5827	823.169
20000	334	-548.703	-642.094
20000	335	-61.6362	-374.546
20000	336	519.563	218.406
20000	337	379.074	-592.178
20000	338	-257.167	1004.79
20000	339	456.005	481.94
20000	340	18.5951	-1122
20000	341	593.67	903.849
20000	342	978.637	794.529
20000	343	-353.476	421.729
20000	344	563.913	1539.37
20000	345	-188.029	-577.289
20000	346	1424.95	932.02
20000	347	1179.33	190.297
20000	348	823.193	23.017
20000	349	-557.995	-698.259
20000	350	361.065	678.866
20000	351	-505.652	-1189.9
20000	352	-82.2402	-1835.77
20000	353	321.873	519.528
20000	354	71.8804	2281.98
20000	355	-1086.84	-215.167
20000	356	-29.0305	-976.033
20000	357	-293.893	50.0923
20000	358	63.1673	-298.892
20000	359	-92.9821	-789.325
20000	360	257.065	-253.714
20000	361	-18.3142	-959.607
20000	362	-93.9877	618.76
20000	363	-270.925	285.056
20000	364	523.318	-909.291
20000	365	584.584	208.601
20000	366	-266.56	-1157.04
20000	367	555.018	763.822
20000	368	335.413	-634.208
20000	369	603.148	-1684.79
20000	370	-30.245	360.82
20000	371	-965.02	-264.771
20000	372	-425.462	2033.23
20000	373	-443.144	-669.257
20000	374	823.401	120.639
20000	375	847.984	57.6048
20000	376	140.152	249.656
20000	377	617.127	-1606.62
20000	378	653.833	-414.6
20000	379	195.477	99.7264
20000	380	707.538	-295.382
20000	381	611.261	-1892.05
20000	382	52.0345	834.073
20000	383	668.784	-1418.64
20000	384	651.232	-957.529
20000	385	272.999	-825.09
20000	386	333.339	-235.221
20000	387	-923.172	-410.219
20000	388	455.629	1528.96
20000	389	362.068	-1882.75
20000	390	245.541	-1938.02
20000	391	-370.386	-783.761
20000	392	4.3849	709.335
20000	393	1274.07	-1212.57
20000	394	303.514	-1706.59
20000	395	-440.957	493.283
20000	396	424.468	367.325
20000	397	-101.615	252.798
20000	398	207.761	1224.14
20000	399	202.934	372.106
20000	400	-675.316	-388.115
20000	401	565.488	-1533.74
20000	402	-709.103	191.637
20000	403	-1014.64	-507.006
20000	404	267.869	-1578.89
20000	405	-57.8339	2808.42
20000	406	308.953	1111.55
20000	407	334.889	154.89
20000	408	-67.386	523.107
20000	409	816.805	-884.031
20000	410	681.868	-1087.95
20000	411	77.5923	-1051.85
20000	412	41.1996	-1259.75
20000	413	1138.57	-782.118
20000	414	937.397	1476.17
20000	415	-786.076	-118.865
20000	416	-220.695	1787.14
20000	417	988.944	-162.007
20000	418	-236.4	182.736
20000	419	-562.207	-801.272
20000	420	760.92	-853.241
20000	421	-419.596	-1346.31
20000	422	351.116	-823.591
20000	423	247.585	-1396.62
20000	424	374.532	-2475.88
20000	425	556.952	1144.79
20000	426	-14.9459	-343.252
20000	427	373.375	-150.397
20000	428	878.169	-601.023
20000	429	768.518	-647.202
20000	430	145.168	-4.30371
20000	431	720.772	581.666
20000	432	362.556	-351.986
20000	433	761.605	-826.77
20000	434	-161.881	308.404
20000	435	369.617	-576.309
20000	436	358.489	-75.7546
20000	437	-502.828	-166.711
20000	438	685.355	-474.519
20000	439	1528.48	-15.0176
20000	440	777.085	-1125.5
20000	441	-196.853	452.526
20000	442	650.622	-2796.04
20000	443	-31.1091	-1922.02
20000	444	-491.892	-128.993
20000	445	203.263	1856.56
20000	446	382.245	-1225.69
20000	447	717.664	-877.48
20000	448	390.496	1390.29
20000	449	225.799	1739.55
20000	450	192.139	-815.12
20000	451	149.498	264.026
20000	452	574.728	-293.738
20000	453	677.603	-836.874
20000	454	632.81	517.416
20000	455	-1235.53	-1319.49
20000	456	-522.545	-360.342
20000	457	-87.6444	-1022.67
20000	458	-970.499	491.583
20000	459	-278.571	181.786
20000	460	170.29	5.26374
20000	461	444.314	467.434
20000	462	497.009	250.493
20000	463	55.9274	227.333
20000	464	562.062	915.04
20000	465	-180.607	-448.175
20000	466	1135.32	802.675
20000	467	77.0996	829.486
20000	468	723.92	-1019.01
20000	469	1578.33	2001.17
20000	470	135.657	2166.58
20000	471	135.107	-581.525
20000	472	330.912	61.264
20000	473	86.6975	-89.8753
20000	474	303.696	-193.385
20000	475	607.648	2044.53
20000	476	228.407	386.252
20000	477	154.277	372.714
20000	478	846.832	812.056
20000	479	944.307	-580.845
20000	480	1002.34	-958.813
20000	481	-1224.19	-1676
20000	482	814.205	1205.84
20000	483	185.801	-746.197
20000	484	310.213	-960.629
20000	485	216.561	-950.331
20000	486	-349.939	-218.311
20000	487	429.985	1723.77
20000	488	-76.5317	69.5351
20000	489	-200.142	-420.962
20000	490	42.9383	-1253.53
20000	491	33.0622	804.915
20000	492	575.005	-2154.7
20000	493	-530.065	903.226
20000	494	277.693	-667.988
20000	495	364.646	2200.88
20000	496	736.449	-226.657
20000	497	352.711	-1027.65
20000	498	211.986	-734.446
20000	499	-277.177	1351.75
