2000	0	-202.313	298.992
2000	1	-263.901	2.58516
2000	2	266.457	-153.578
2000	3	-378.87	-473.354
2000	4	67.5732	-57.1566
2000	5	8.44247	-65.4733
2000	6	43.9545	423.999
2000	7	113.748	211.178
2000	8	313.138	255.092
2000	9	-122.81	-310.653
2000	10	-33.5528	571.697
2000	11	89.2326	-205.538
2000	12	653.395	364.515
2000	13	172.701	-254.674
2000	14	-479.775	269.748
2000	15	355.469	-69.9812
2000	16	-188.422	-482.682
2000	17	-224.51	8.16396
2000	18	238.016	415.769
2000	19	-27.4802	-12.0713
2000	20	119.045	727.104
2000	21	94.605	-124.607
2000	22	-208.813	168.918
2000	23	187.237	355.616
2000	24	-39.2103	-298.337
2000	25	-151.45	409.304
2000	26	225.024	240.509
2000	27	-166.073	120.107
2000	28	114.71	-234.851
2000	29	32.7996	203.891
2000	30	183.289	237.639
2000	31	16.6079	391.457
2000	32	593.57	381.813
2000	33	295.883	52.4943
2000	34	116.471	-601.244
2000	35	-279.609	603.391
2000	36	-361.272	118.33
2000	37	258.093	23.2766
2000	38	-247.448	742.361
2000	39	-284.114	-705.016
2000	40	345.59	-92.2017
2000	41	50.4522	-540.731
2000	42	-374.221	-149.867
2000	43	-46.9874	-433.894
2000	44	-285.129	441.875
2000	45	50.0543	-213.321
2000	46	-11.9194	333.907
2000	47	209.8	68.4183
2000	48	386.009	642.33
2000	49	-13.4961	316.827
2000	50	-257.682	156.499
2000	51	-45.0684	330.721
2000	52	287.065	21.9992
2000	53	28.0172	693.25
2000	54	318.537	151.384
2000	55	143.103	193.496
2000	56	-472.013	368.382
2000	57	-337.325	579.266
2000	58	-588.615	466.816
2000	59	19.995	23.616
2000	60	12.3657	80.911
2000	61	155.871	-70.5557
2000	62	-121.666	-182.195
2000	63	6.67761	10.4409
2000	64	165.622	-335.555
2000	65	-270.954	187.414
2000	66	296.741	273.009
2000	67	-77.228	-278.628
2000	68	124.995	-131.001
2000	69	-115.651	-123.81
2000	70	591.26	-56.2917
2000	71	521.161	-33.0189
2000	72	33.8701	626.495
2000	73	-207.535	310.73
2000	74	313.022	428.608
2000	75	338.031	354.25
2000	76	203.717	-71.5261
2000	77	-154.361	61.8484
2000	78	-183.563	321.716
2000	79	207.473	10.1543
2000	80	-187.292	217.691
2000	81	-188.859	-652.651
2000	82	-170.546	-352.875
2000	83	-217.005	-836.757
2000	84	10.9532	32.0437
2000	85	189.109	6.3172
2000	86	626.507	89.5389
2000	87	69.5224	-286.281
2000	88	233.138	346.669
2000	89	442.875	216.663
2000	90	-74.4249	72.718
2000	91	163.074	73.7842
2000	92	-82.0597	-242.271
2000	93	-566.396	-196.296
2000	94	66.9884	-54.64
2000	95	17.038	70.9501
2000	96	-57.7244	92.1288
2000	97	-451.598	282.265
2000	98	-39.3693	308.947
2000	99	-429.839	-572.709
2000	100	381.296	77.253
2000	101	285.72	813.72
2000	102	-4.042	-92.8924
2000	103	4.38655	-151.658
2000	104	-61.3198	-523.452
2000	105	115.903	244.573
2000	106	-159.465	-305.812
2000	107	232.021	-923.469
2000	108	94.4871	198.908
2000	109	186.155	331.377
2000	110	534.613	469.282
2000	111	108.404	-358.314
2000	112	-418.191	552.126
2000	113	-73.6801	-125.985
2000	114	-273.579	308.322
2000	115	-18.2319	136.036
2000	116	-207.741	-474.838
2000	117	339.193	186.319
2000	118	275.351	-180.789
2000	119	498.69	399.788
2000	120	142.963	-51.2042
2000	121	-235.039	845.348
2000	122	137.11	-102.601
2000	123	-89.1541	398.007
2000	124	225.602	-54.1567
2000	125	-192.522	-529.579
2000	126	-91.9822	9.15526
2000	127	356.275	-53.8901
2000	128	-395.622	56.1107
2000	129	-0.271889	378.791
2000	130	42.8103	185.727
2000	131	201.771	-205.157
2000	132	-121.399	-326.083
2000	133	-14.9523	302.55
2000	134	-211.185	496.043
2000	135	22.0434	-351.895
2000	136	175.646	-544.49
2000	137	-189.517	571.493
2000	138	442.084	-50.7837
2000	139	-144.813	-279.283
2000	140	-272.763	-313.809
2000	141	309.968	841.469
2000	142	-103.419	-54.5119
2000	143	-74.4816	-199.97
2000	144	-86.6948	314.756
2000	145	-254.655	200.046
2000	146	393.256	726.583
2000	147	-148.253	-422.767
2000	148	306.986	-379.092
2000	149	-343.877	-397.995
2000	150	141.552	380.885
2000	151	148.282	-187.016
2000	152	119.634	-289.304
2000	153	-273.546	39.4751
2000	154	216.754	-202.3
2000	155	-111.983	-138.396
2000	156	616.932	-639.147
2000	157	263.801	-560.695
2000	158	-15.7892	-24.5331
2000	159	-15.9128	-22.3268
2000	160	504.647	-236.047
2000	161	-254.162	437.505
2000	162	185.878	-135.254
2000	163	359.645	-71.6761
2000	164	28.3979	350.399
2000	165	-269.643	-86.1415
2000	166	20.2088	-7.6542
2000	167	164.859	-146.654
2000	168	-99.6125	-364.868
2000	169	229.566	150.278
2000	170	12.6291	773.54
2000	171	-35.0232	164.151
2000	172	-226.118	-201.226
2000	173	-40.9656	-181.674
2000	174	92.745	251.213
2000	175	-117.779	-144.416
2000	176	202.381	-62.8539
2000	177	-546.524	162.62
2000	178	433.033	-211.343
2000	179	290.067	-135.701
2000	180	234.58	-480.543
2000	181	-439.076	-538.547
2000	182	220.487	-509.782
2000	183	52.9497	199.213
2000	184	123.358	255.828
2000	185	-149.665	-293.745
2000	186	-563.799	-193.969
2000	187	-292.616	797.398
2000	188	177.89	367.898
2000	189	-55.1784	339.821
2000	190	-228.22	280.916
2000	191	59.5375	459.115
2000	192	184.046	-374.583
2000	193	-101.698	-105.716
2000	194	-281.81	342.611
2000	195	-245.319	172.733
2000	196	-196.758	-308.191
2000	197	-251.557	432.634
2000	198	-178.224	212.297
2000	199	-180.173	88.6062
2000	200	-117.469	530.105
2000	201	154.226	-74.0772
2000	202	18.4759	445.377
2000	203	59.4992	557.674
2000	204	225.39	-119.105
2000	205	-98.4734	-586.17
2000	206	52.4149	-134.168
2000	207	1.82901	-272.637
2000	208	-409.506	-138.357
2000	209	-108.015	-368.548
2000	210	-113.924	2.09717
2000	211	354.346	526.607
2000	212	-66.1277	310.665
2000	213	331.433	-388.138
2000	214	-194.375	-129.658
2000	215	-86.9846	213.307
2000	216	-10.5345	-501.287
2000	217	122.125	794.832
2000	218	-45.267	-482.688
2000	219	-65.3155	230.862
2000	220	394.962	228.946
2000	221	-376.881	517.426
2000	222	38.6924	-327.926
2000	223	-611.408	298.409
2000	224	395.83	-117.638
2000	225	235.332	31.0607
2000	226	7.78982	-65.8865
2000	227	292.063	27.7884
2000	228	352.623	-410.336
2000	229	56.0812	-285.699
2000	230	-44.2553	136.81
2000	231	36.4494	76.0212
2000	232	-284.787	116.943
2000	233	181.162	314.664
2000	234	110.028	-20.3059
2000	235	-698.08	-504.169
2000	236	-331.828	-326.821
2000	237	-331.588	145.81
2000	238	87.8335	-355.484
2000	239	325.427	-150.757
2000	240	53.3534	-45.3581
2000	241	172.418	-172.81
2000	242	-110.47	-608.422
2000	243	467.104	-247.006
2000	244	-158.99	-266.782
2000	245	117.519	-293.632
2000	246	-129.925	102.266
2000	247	-69.8592	348.835
2000	248	172.031	335.621
2000	249	264.986	1261.4
2000	250	221.709	-34.4118
2000	251	-182.847	430.902
2000	252	-145.575	-37.4221
2000	253	251.811	292.873
2000	254	45.3523	10.2431
2000	255	-76.4531	130.812
2000	256	-275.039	-139.749
2000	257	-29.372	-77.8687
2000	258	256.394	466.106
2000	259	437.277	-123.553
2000	260	421.583	209.215
2000	261	-127.794	-796.757
2000	262	83.2025	415.729
2000	263	-134.522	264.164
2000	264	-38.2952	262.183
2000	265	283.09	128.658
2000	266	-31.0472	-492.328
2000	267	-7.91267	694.647
2000	268	-116.37	10.5974
2000	269	140.763	-296.747
2000	270	-171.851	117.225
2000	271	-126.22	247.738
2000	272	-18.0482	50.1862
2000	273	68.7985	60.5554
2000	274	147.562	40.392
2000	275	197.641	-197.821
2000	276	505.141	-204.622
2000	277	245.058	362.004
2000	278	-188.411	624.627
2000	279	277.854	355.128
2000	280	-227.274	795.226
2000	281	-119.166	-98.2874
2000	282	425.823	-492.14
2000	283	-259.777	-280.87
2000	284	-243.176	412.15
2000	285	33.1934	48.8252
2000	286	-247.45	-47.3743
2000	287	-179.012	499.736
2000	288	165.134	320.054
2000	289	-334.755	-0.76025
2000	290	385.312	-123.149
2000	291	-456.181	437.602
2000	292	-150.728	66.642
2000	293	121.176	218.257
2000	294	-215.79	649.778
2000	295	267.228	270.098
2000	296	-229.299	-119.071
2000	297	-190.626	284.002
2000	298	-5.31663	-344.318
2000	299	-266.418	-74.5895
2000	300	-353.737	-357.413
2000	301	-114.112	-777.401
2000	302	102.863	30.3405
2000	303	30.844	304.624
2000	304	306.144	259.889
2000	305	204.701	268.412
2000	306	-324.213	-178.19
2000	307	382.582	318.622
2000	308	169.723	466.053
2000	309	-237.154	436.107
2000	310	196.548	-114.064
2000	311	112.826	-66.2377
2000	312	217.036	-187.718
2000	313	38.7027	-146.423
2000	314	-165.47	-309.226
2000	315	201.869	-366.009
2000	316	113.038	-125.189
2000	317	-93.973	194.878
2000	318	47.8343	-516.681
2000	319	-256.808	381.167
2000	320	409.049	146.745
2000	321	-469.885	358.373
2000	322	218.68	-66.3676
2000	323	-62.0582	433.635
2000	324	-102.631	123.503
2000	325	55.5792	396.081
2000	326	-413.133	337.346
2000	327	-611.771	202.383
2000	328	-103.224	-53.303
2000	329	-208.536	-241.737
2000	330	-108.054	193.158
2000	331	248.604	-36.158
2000	332	502.66	-271.875
2000	333	-97.2887	-337.741
2000	334	-270.536	-128.514
2000	335	241.245	734.73
2000	336	-527.184	89.044
2000	337	-330.074	53.8093
2000	338	48.4607	-240.22
2000	339	96.5752	255.638
2000	340	-437.686	-295.487
2000	341	-224.008	125.523
2000	342	-580.171	-501.758
2000	343	-63.1304	-86.1405
2000	344	-553.204	-569.348
2000	345	-198.181	-133.685
2000	346	225.26	-138.587
2000	347	23.4101	-16.8821
2000	348	411.784	-240.156
2000	349	-185.202	64.5674
2000	350	-294.927	106.102
2000	351	751.939	606.917
2000	352	-5.54524	-205.694
2000	353	186.952	-193.742
2000	354	231.504	-403.846
2000	355	135.833	-234.225
2000	356	-220.739	-139.112
2000	357	5.20719	-24.8825
2000	358	-257.738	434.68
2000	359	23.1761	-243.739
2000	360	-92.3613	-281.395
2000	361	106.815	-412.516
2000	362	-4.42193	114.003
2000	363	-100.946	-100.946
2000	364	-36.2307	-704.994
2000	365	-90.1399	58.6061
2000	366	70.2712	-208.716
2000	367	-171.605	-429.583
2000	368	14.1054	211.066
2000	369	180.032	-241.644
2000	370	-31.3638	642.253
2000	371	-726.458	-547.106
2000	372	-148.357	43.0319
2000	373	394.116	170.205
2000	374	-122.209	455.109
2000	375	100.521	-207.895
2000	376	-303.928	273.437
2000	377	115.637	-430.033
2000	378	174.07	-4.65267
2000	379	159.749	-33.7173
2000	380	-70.8865	200.27
2000	381	-38.4238	-220.41
2000	382	162.463	-86.2746
2000	383	158.91	3.04367
2000	384	9.79139	-711.347
2000	385	-90.3201	-44.6299
2000	386	-46.1475	-56.0852
2000	387	120.353	-548.446
2000	388	149.33	-264.795
2000	389	22.1106	286.611
2000	390	79.0185	290.802
2000	391	303.947	49.3749
2000	392	-192.308	-103.859
2000	393	143.879	154.766
2000	394	-75.7741	-30.4746
2000	395	208.818	-310.341
2000	396	-185.377	265.628
2000	397	-372.732	-202.14
2000	398	-81.3474	285.959
2000	399	56.5729	92.4029
2000	400	292.626	486.504
2000	401	-164.385	43.6121
2000	402	222.336	349.445
2000	403	-161.362	333.059
2000	404	-591.31	-5.30021
2000	405	302.19	1.90371
2000	406	40.1138	-276.62
2000	407	-69.7281	-793.99
2000	408	-154.851	-405.887
2000	409	319.929	-595.387
2000	410	415.449	215.394
2000	411	115.779	114.271
2000	412	237.808	444.351
2000	413	-29.4505	737.412
2000	414	170.188	-331.936
2000	415	-334.931	441.268
2000	416	396.228	-153.666
2000	417	79.1738	336.625
2000	418	45.1283	-17.4088
2000	419	147.684	-50.7254
2000	420	-15.8917	-150.86
2000	421	-133.036	-313.035
2000	422	145.879	-59.0977
2000	423	249.579	-356.909
2000	424	-192.836	-287.666
2000	425	-83.4944	99.632
2000	426	19.5924	282.587
2000	427	114.26	-337.111
2000	428	-139.05	-163.844
2000	429	-490.545	119.644
2000	430	-87.4093	1548.22
2000	431	-53.0186	748.211
2000	432	-112.685	-291.237
2000	433	-125.867	59.8626
2000	434	-298.617	-61.6251
2000	435	31.6241	-572.709
2000	436	-39.3043	-51.9392
2000	437	-88.0616	235.808
2000	438	217.178	-99.1491
2000	439	109.584	520.729
2000	440	-56.7437	245.727
2000	441	-96.1919	-1024.88
2000	442	-311.926	904.643
2000	443	-234.675	-200.197
2000	444	-164.704	-166.265
2000	445	-172.868	-55.3938
2000	446	-144.276	-327.177
2000	447	-119.313	-51.7436
2000	448	30.3703	718.77
2000	449	-598.184	34.0286
2000	450	348.162	186.734
2000	451	67.1026	-399.28
2000	452	84.9032	-58.9123
2000	453	-287.965	331.521
2000	454	-495.227	-806.48
2000	455	390.74	155.606
2000	456	-154.906	-350.568
2000	457	-369.182	-464.814
2000	458	123.653	460.518
2000	459	294.493	-410.464
2000	460	-192.962	-325.517
2000	461	8.76445	-631.468
2000	462	73.9227	24.6377
2000	463	179.823	28.448
2000	464	300.268	439.748
2000	465	144.846	378.591
2000	466	190.583	-116.215
2000	467	-393.898	264.554
2000	468	455.707	397.077
2000	469	112.44	-49.6206
2000	470	-231.971	-708.664
2000	471	-213.368	218.215
2000	472	-132.2	461.501
2000	473	-155.142	64.8165
2000	474	-133.679	48.0824
2000	475	-319.746	142.73
2000	476	12.5735	301.627
2000	477	54.3689	402.227
2000	478	101.784	-89.8654
2000	479	242.524	540.776
2000	480	-295.632	-271.485
2000	481	-87.8845	986.173
2000	482	-255.432	-27.6301
2000	483	-101.547	225.491
2000	484	65.953	-366.155
2000	485	156.283	172.322
2000	486	-194.397	182.101
2000	487	282.352	217.204
2000	488	16.2802	35.2817
2000	489	-682.089	-28.7704
2000	490	-250.94	-278.491
2000	491	34.9031	-162.992
2000	492	20.1882	-652.667
2000	493	125.207	-315.913
2000	494	168.193	143.649
2000	495	-508.628	-478.764
2000	496	-181.123	188.351
2000	497	361.289	-404.295
2000	498	-161.447	-850.106
2000	499	52.0688	209.692
4000	0	-282.333	75.6381
4000	1	-245.729	363.606
4000	2	136.533	-434.238
4000	3	-16.788	-63.7256
4000	4	105.183	-544.763
4000	5	444.963	-229.981
4000	6	202.896	846.839
4000	7	76.4544	431.618
4000	8	622.025	-19.0418
4000	9	-183.776	-695.824
4000	10	-57.2845	356.413
4000	11	528.555	-532.677
4000	12	636.112	111.44
4000	13	533.224	-460.883
4000	14	-156.43	763.414
4000	15	433.276	37.0184
4000	16	-287.323	-1039.07
4000	17	-534.845	-275.677
4000	18	519.78	119.491
4000	19	150.889	160.43
4000	20	-20.5983	772.186
4000	21	374.411	-343.978
4000	22	-391.763	-311.484
4000	23	548.955	-34.6504
4000	24	-449.755	-704.989
4000	25	-356.362	595.484
4000	26	665.234	-83.3123
4000	27	-263.523	-325.827
4000	28	654.901	170.196
4000	29	-7.16993	578.372
4000	30	-596.862	88.3936
4000	31	434.314	1269.58
4000	32	617.914	-134.263
4000	33	298.345	-271.668
4000	34	79.8457	-1110.59
4000	35	-553.132	911.413
4000	36	-721.466	161.243
4000	37	97.9933	-124.595
4000	38	-570.396	1305.69
4000	39	-345.157	-1196.83
4000	40	83.8615	346.733
4000	41	-58.9641	-347.54
4000	42	-629.956	12.2578
4000	43	74.5539	283.911
4000	44	-683.626	785.596
4000	45	149.4	16.9418
4000	46	-53.8096	163.461
4000	47	144.664	8.01069
4000	48	630.114	782.407
4000	49	160.429	287.382
4000	50	-38.4058	179.365
4000	51	174.504	809.526
4000	52	570.3	672.373
4000	53	133.387	526.205
4000	54	859.582	594.908
4000	55	-189.053	-74.2021
4000	56	-719.243	3.13649
4000	57	-57.8038	409.038
4000	58	-211.558	743.439
4000	59	-322.669	408.058
4000	60	-90.5037	-224.429
4000	61	682.879	42.9813
4000	62	157.113	-78.8089
4000	63	-54.4272	-305.807
4000	64	-155.909	-682.681
4000	65	-246.422	-751.626
4000	66	375.017	475.939
4000	67	-197.35	-227.303
4000	68	163.428	20.5
4000	69	-197.043	-767.81
4000	70	1003.93	-227.358
4000	71	620.683	-29.8506
4000	72	-103.174	131.874
4000	73	-511.03	488.025
4000	74	687.429	366.232
4000	75	297.013	657.952
4000	76	126.897	-179.342
4000	77	-355.204	269.344
4000	78	-625.535	749.461
4000	79	297.158	-35.0002
4000	80	-126.146	-334.792
4000	81	-33.9607	-459.481
4000	82	-174.71	-653.624
4000	83	233.854	-1116.15
4000	84	197.931	395.005
4000	85	73.2959	328.251
4000	86	524.773	537.73
4000	87	7.35354	-244.98
4000	88	-23.6901	286.87
4000	89	440.205	545.822
4000	90	-578.188	-36.3814
4000	91	-177.535	506.047
4000	92	-202.681	-45.4663
4000	93	-549.939	168.852
4000	94	-126.648	-42.7384
4000	95	146.111	-157.437
4000	96	-161.023	-227.916
4000	97	-275.101	559.241
4000	98	406.04	253.824
4000	99	49.0245	-757.415
4000	100	138.932	-51.9758
4000	101	1116.69	992.244
4000	102	-448.27	305.051
4000	103	-255.79	-62.1328
4000	104	-85.1012	-866.276
4000	105	181.986	296.298
4000	106	-306.246	-445.654
4000	107	513.305	-1052.35
4000	108	-222.303	-183.907
4000	109	-54.3594	451.354
4000	110	-69.8308	732.406
4000	111	107.981	13.4418
4000	112	-357.102	222.101
4000	113	-657.079	234.678
4000	114	-214.325	330.391
4000	115	-419.151	518.389
4000	116	-647.253	-710.308
4000	117	356.409	275.546
4000	118	555.477	-599.364
4000	119	498.65	-5.30309
4000	120	-157.521	-176.464
4000	121	-4.86076	844.058
4000	122	-3.69128	61.1382
4000	123	-29.061	-135.48
4000	124	565.391	337.015
4000	125	283.502	-589.28
4000	126	-295.69	560.244
4000	127	541.09	-38.4333
4000	128	-656.967	286.928
4000	129	19.5708	37.3391
4000	130	-278.67	54.1676
4000	131	293.475	167.368
4000	132	37.0651	199.918
4000	133	-695.798	649.673
4000	134	-360.433	653.805
4000	135	255.785	-583.464
4000	136	310.362	-971.181
4000	137	-90.5241	400.878
4000	138	239.902	-159.603
4000	139	-157.906	70.5955
4000	140	-711.034	215.074
4000	141	92.537	1610.47
4000	142	-243.877	-65.8895
4000	143	-95.7908	-355.363
4000	144	-64.1334	654.002
4000	145	-254.781	28.1084
4000	146	551.002	1265.56
4000	147	-685.521	-230.564
4000	148	-133.855	-556.477
4000	149	-623.707	-199.454
4000	150	121.73	493.017
4000	151	506.149	-171.205
4000	152	-141.462	-860.724
4000	153	-334.143	-252.151
4000	154	-12.1771	-365.742
4000	155	-151.202	331.677
4000	156	497.699	-352.178
4000	157	606.848	-965.791
4000	158	-90.2385	430.616
4000	159	-556.381	-161.475
4000	160	1054.53	194.075
4000	161	222.861	265.687
4000	162	-293.821	-283.813
4000	163	693.323	-340.515
4000	164	9.79204	926.358
4000	165	-350.109	348.581
4000	166	459.802	-483.843
4000	167	255.598	410.318
4000	168	-539.298	317.079
4000	169	306.58	191.991
4000	170	-191.708	1046.97
4000	171	-192.36	329.75
4000	172	-47.6585	289.239
4000	173	-141.308	-603.642
4000	174	-52.3512	-640.01
4000	175	144.536	180.104
4000	176	44.6301	-98.87
4000	177	-344.027	37.4602
4000	178	71.0937	-456.087
4000	179	91.3486	-33.8403
4000	180	492.013	-555.289
4000	181	-711.693	-1021.04
4000	182	406.351	-121.309
4000	183	-268.253	439.836
4000	184	643.626	830.124
4000	185	-168.806	-400.642
4000	186	-872.62	-44.4935
4000	187	-163.683	539.208
4000	188	499.178	465.968
4000	189	-177.627	696.249
4000	190	-471.272	383.938
4000	191	254.786	44.0411
4000	192	-375.458	-138.625
4000	193	-63.8136	-453.932
4000	194	-130.244	933.919
4000	195	133.269	-7.44552
4000	196	-158.705	-814.282
4000	197	-212.606	782.308
4000	198	-218.181	468.68
4000	199	-198.563	-383.419
4000	200	225.459	190.234
4000	201	316.236	-269.39
4000	202	21.6028	458.14
4000	203	-540.881	1368.65
4000	204	141.72	-280.74
4000	205	-576.49	-562.406
4000	206	-47.4226	-85.923
4000	207	-353.825	-198.689
4000	208	-169.094	-1238.95
4000	209	70.5027	-31.7823
4000	210	-15.6621	-577.63
4000	211	132.303	548.437
4000	212	-106.472	12.3035
4000	213	516.937	-770.063
4000	214	-238.681	147.547
4000	215	230.703	466.701
4000	216	417.339	-500.637
4000	217	404.892	799.383
4000	218	-342.087	19.2348
4000	219	-68.1007	710.458
4000	220	214.605	-171.72
4000	221	230.226	91.1739
4000	222	-180.551	-1071.28
4000	223	-669.792	162.549
4000	224	-2.33242	360.36
4000	225	12.69	-224.506
4000	226	-713.329	-166.061
4000	227	452.764	-365.892
4000	228	212.718	396.54
4000	229	-267.238	-16.6113
4000	230	77.151	-350.77
4000	231	-22.9179	-248.359
4000	232	-423.38	-193.571
4000	233	39.4441	287.551
4000	234	11.2289	-55.8231
4000	235	-1078.6	-525.013
4000	236	-691.682	-405.896
4000	237	-467.853	-293.05
4000	238	87.6622	-273.147
4000	239	350.16	-202.088
4000	240	592.529	-193.445
4000	241	514.08	189.321
4000	242	270.797	-114.463
4000	243	345.51	15.4294
4000	244	340.308	-482.084
4000	245	-44.5821	-519.147
4000	246	-268.493	162.858
4000	247	-610.11	158.953
4000	248	-144.416	-135.646
4000	249	34.7424	914.639
4000	250	220.358	978.684
4000	251	155.96	-139.384
4000	252	-68.974	-633.704
4000	253	614.375	86.5267
4000	254	267.412	226.438
4000	255	-660.005	758.79
4000	256	-233.612	429.406
4000	257	70.7848	-112.404
4000	258	553.396	349.039
4000	259	497.028	-584.604
4000	260	236.363	700.37
4000	261	294.43	-849.234
4000	262	461.583	501.186
4000	263	-279.416	-174.402
4000	264	134.822	498.937
4000	265	332.261	27.4831
4000	266	-108.157	-783.56
4000	267	128.153	1082.93
4000	268	-332.697	-278.571
4000	269	499.526	440.936
4000	270	-136.876	161.166
4000	271	-301.767	771.124
4000	272	-58.7982	-255.887
4000	273	230.175	225.14
4000	274	-17.7398	-636.763
4000	275	364.026	135.518
4000	276	465.387	-55.2375
4000	277	482.157	-226.974
4000	278	-468.722	401.972
4000	279	255.152	520.932
4000	280	-344.223	170.934
4000	281	-18.6308	-877.528
4000	282	504.408	-580.157
4000	283	-459.874	-700.779
4000	284	-523.059	-20.4726
4000	285	-167.727	263.426
4000	286	-348.552	-384.667
4000	287	-381.343	-52.173
4000	288	-199.736	312.639
4000	289	-652.756	-93.7232
4000	290	700.193	-316.749
4000	291	-453.623	182.743
4000	292	-347.543	-34.45
4000	293	49.1557	250.48
4000	294	-204.699	385.893
4000	295	349.099	782.449
4000	296	31.4862	-406.995
4000	297	67.528	283.046
4000	298	116.576	-318.965
4000	299	-487.782	670.387
4000	300	-58.0717	-78.8266
4000	301	-33.7198	-1473.68
4000	302	-6.10326	33.4199
4000	303	151.098	334.885
4000	304	528.374	55.7559
4000	305	180.942	304.869
4000	306	-281.399	-428.215
4000	307	282.643	-593.024
4000	308	-99.4712	743.22
4000	309	-599.596	33.8575
4000	310	58.9067	-171.359
4000	311	427.305	114.866
4000	312	37.5872	-66.2558
4000	313	-238.157	-511.162
4000	314	-45.389	-140.388
4000	315	63.4558	-794.456
4000	316	-38.5488	-566.044
4000	317	486.754	40.0728
4000	318	19.2964	-564.88
4000	319	-815.644	260.364
4000	320	286.58	-7.28557
4000	321	-68.1144	-2.34842
4000	322	338.878	-648.905
4000	323	115.977	591.551
4000	324	-44.1163	336.87
4000	325	554.883	842.243
4000	326	-395.603	333.813
4000	327	-796.357	337.052
4000	328	-123.721	-252.941
4000	329	187.016	-435.375
4000	330	132.528	256.77
4000	331	9.69953	-627.624
4000	332	600.804	-384.73
4000	333	7.48345	-761.253
4000	334	-71.3777	-1321.79
4000	335	65.7329	482.283
4000	336	-355.598	451.14
4000	337	-408.337	205.251
4000	338	635.236	-184.9
4000	339	317.312	642.128
4000	340	-938.054	-201.42
4000	341	100.924	411.25
4000	342	-519.574	-357.925
4000	343	-163.497	102.441
4000	344	-1218.58	-624.266
4000	345	-181.372	-264.833
4000	346	362.199	-675.318
4000	347	-163.544	-433.358
4000	348	914.83	-645.565
4000	349	34.7007	-154.288
4000	350	-54.2427	-275.763
4000	351	799.029	293.742
4000	352	213.877	-594.482
4000	353	113.788	297.281
4000	354	77.5563	-904.022
4000	355	-162.022	66.282
4000	356	-422.66	-112.374
4000	357	-13.2043	-124.271
4000	358	-269.241	195.989
4000	359	264.358	-443.321
4000	360	72.0546	-18.0041
4000	361	150.405	-319.105
4000	362	252.453	174.507
4000	363	-163.265	-438.906
4000	364	-53.7972	-823.335
4000	365	-185.783	303.485
4000	366	-388.713	-149.004
4000	367	74.3549	-499.695
4000	368	128.225	321.539
4000	369	661.144	-372.577
4000	370	15.72	889.464
4000	371	-328.115	-1185
4000	372	-17.3746	-199.64
4000	373	533.8	302.021
4000	374	-101.494	1091.16
4000	375	-638.599	-75.3841
4000	376	130.489	-399.967
4000	377	394.133	-262.373
4000	378	55.0824	526.062
4000	379	-2.91806	707.811
4000	380	-370.492	-74.7406
4000	381	-17.2637	-587.203
4000	382	364.58	-325.053
4000	383	316.473	-30.2014
4000	384	131.379	-1218.9
4000	385	-392.185	-22.3525
4000	386	378.881	416.499
4000	387	-63.1123	70.9547
4000	388	169.996	-691.286
4000	389	298.634	395.588
4000	390	337.631	-34.1417
4000	391	261.167	-374.159
4000	392	47.6686	-144.918
4000	393	5.20248	146.064
4000	394	115.698	-5.94379
4000	395	172.241	-39.3768
4000	396	-22.2828	165.503
4000	397	-533.059	-27.8668
4000	398	-141.456	768.981
4000	399	57.6636	-371.955
4000	400	592.183	158.799
4000	401	-304.007	508.005
4000	402	74.6552	260.804
4000	403	377.008	847.117
4000	404	-549.368	1013.27
4000	405	419.452	-371.635
4000	406	-52.9496	-387.97
4000	407	198.003	-514.59
4000	408	397.893	-465.621
4000	409	268.831	-272.341
4000	410	96.3892	461.267
4000	411	196.242	-155.186
4000	412	498.531	550.403
4000	413	90.2893	840.166
4000	414	371.593	170.557
4000	415	-348.93	-147.395
4000	416	435.171	-173.934
4000	417	270.402	567.264
4000	418	-80.0568	-671.679
4000	419	49.5447	118.931
4000	420	-419.589	74.5829
4000	421	-94.4735	-305.873
4000	422	83.1582	96.6412
4000	423	349.309	74.287
4000	424	230.797	-629.479
4000	425	-56.7592	322.922
4000	426	111.05	569.922
4000	427	73.6862	-635.874
4000	428	-359.334	75.8061
4000	429	-553.153	430.916
4000	430	-107.614	1799.4
4000	431	410.504	1499.35
4000	432	-433.449	-376.417
4000	433	-182.983	-54.6759
4000	434	-744.619	280.024
4000	435	-84.5749	-625.481
4000	436	-456.503	457.873
4000	437	15.2877	-522.936
4000	438	320.588	17.9844
4000	439	430.42	322.325
4000	440	-219.271	421.786
4000	441	244.324	-1242.11
4000	442	-126.813	1735.39
4000	443	-394.021	-833.971
4000	444	-108.369	-836.542
4000	445	-52.9859	-90.9702
4000	446	-582.212	-317.853
4000	447	-34.5864	155.871
4000	448	290.077	585.021
4000	449	-438.042	-367.84
4000	450	429.844	455.565
4000	451	205.333	123.59
4000	452	541.939	239.595
4000	453	-127.561	643.108
4000	454	-624.978	-1053.81
4000	455	-212.32	-399.789
4000	456	-302	-74.4464
4000	457	-172.644	-755.842
4000	458	379.483	760.385
4000	459	71.3989	-765.953
4000	460	33.7895	-589.682
4000	461	-208.596	-494.396
4000	462	-25.5009	934.317
4000	463	61.3326	142.172
4000	464	521.04	764.191
4000	465	40.9501	672.077
4000	466	266.486	-278.301
4000	467	-433.983	-138.828
4000	468	456.055	1081.76
4000	469	-227.17	-222.395
4000	470	205.347	-504.945
4000	471	-295.719	253.2
4000	472	-391.663	381.723
4000	473	121.321	535.71
4000	474	-237.335	622
4000	475	-78.9427	699.101
4000	476	-25.0072	215.313
4000	477	34.3887	704.011
4000	478	82.9239	-66.8955
4000	479	804.201	643.446
4000	480	-400.545	-170.707
4000	481	-87.9351	651.559
4000	482	-416.311	-510.861
4000	483	-442.817	103.622
4000	484	-36.0361	-34.3528
4000	485	226.507	300.678
4000	486	-300.241	56.4883
4000	487	-157.336	577.717
4000	488	257.866	-597.955
4000	489	-283.575	349.287
4000	490	-229.156	-229.438
4000	491	-106.197	-329.591
4000	492	-80.2168	-843.244
4000	493	-214.008	343.451
4000	494	106.477	512.792
4000	495	-135.77	-1201.54
4000	496	-605.165	-73.7135
4000	497	760.161	-294.485
4000	498	-822.321	-1451.95
4000	499	-195.587	91.62
6000	0	63.8132	-244.77
6000	1	278.351	600.65
6000	2	188.563	-110.344
6000	3	302.254	394.902
6000	4	466.425	-690.473
6000	5	483.695	-808.946
6000	6	604.396	283.235
6000	7	352.236	116.967
6000	8	383.528	64.003
6000	9	-603.888	-434.837
6000	10	-74.1991	1076.76
6000	11	767.334	-384.298
6000	12	537.716	-301.62
6000	13	452.063	-791.178
6000	14	-99.2887	891.181
6000	15	594.782	97.553
6000	16	-367.596	-858.39
6000	17	-66.9068	147.042
6000	18	54.8155	655.009
6000	19	51.5317	420.806
6000	20	-356.712	1074.14
6000	21	279.569	-110.139
6000	22	-891.818	-773.939
6000	23	687.775	-152.519
6000	24	461.549	-490.983
6000	25	-389.568	808.204
6000	26	528.237	90.8995
6000	27	-279.8	-225.343
6000	28	710.455	-414.642
6000	29	-247.822	622.49
6000	30	-957.288	368.572
6000	31	472.69	465.364
6000	32	512.058	379.473
6000	33	339.983	-573.694
6000	34	78.6781	-1234.78
6000	35	-176.923	974.588
6000	36	-441.042	236.532
6000	37	63.951	34.8191
6000	38	-707.725	1460.61
6000	39	-307.331	-606.114
6000	40	-16.9701	124.721
6000	41	-69.8751	-233.666
6000	42	67.0097	532.213
6000	43	-65.1304	664.924
6000	44	-1047.08	524.485
6000	45	396.985	297.288
6000	46	-195.396	653.059
6000	47	113.192	-184.368
6000	48	287.838	874.533
6000	49	17.1963	156.744
6000	50	43.8499	-63.1145
6000	51	472.013	268.431
6000	52	567.145	791.728
6000	53	-371.168	212.505
6000	54	898.566	1234.99
6000	55	-188.322	36.5729
6000	56	-436.437	-31.2156
6000	57	230.078	-96.8258
6000	58	-373.14	996.195
6000	59	35.8391	95.9814
6000	60	-203.68	-732.169
6000	61	704.152	-30.1447
6000	62	137.497	-448.572
6000	63	-471.619	153.996
6000	64	-457.237	-363.276
6000	65	-270.522	-1215.25
6000	66	195.362	1233.89
6000	67	81.6946	-324.239
6000	68	250.969	475.024
6000	69	242.073	-536.034
6000	70	1007.48	-40.2584
6000	71	384.067	162.589
6000	72	-24.7532	-50.3844
6000	73	-667.369	498.067
6000	74	419.307	-272.259
6000	75	-239.416	-131.295
6000	76	326.326	22.4488
6000	77	-714.412	51.7058
6000	78	-764.305	1104.58
6000	79	1013.18	-176.253
6000	80	78.6546	-286.452
6000	81	-265.433	-604.155
6000	82	-275.624	-339.635
6000	83	621.817	-1250.68
6000	84	-400.053	105.168
6000	85	-430.404	300.169
6000	86	305.999	-134.253
6000	87	-29.7576	403.614
6000	88	-26.7439	377.681
6000	89	621.714	1176.61
6000	90	-552.562	-66.5418
6000	91	-39.1418	48.0058
6000	92	-479.537	391.371
6000	93	-367.655	164.647
6000	94	-293.409	-559.391
6000	95	287.664	976.588
6000	96	180.313	162.948
6000	97	-392.238	110.625
6000	98	612.353	464.302
6000	99	166.337	-906.194
6000	100	-293.705	-630.089
6000	101	1285.04	1223.03
6000	102	-628.42	247.771
6000	103	-175.367	-14.2811
6000	104	258.953	-495.432
6000	105	158.501	185.589
6000	106	-1101.55	-180.605
6000	107	1316.73	-861.757
6000	108	-364.811	333.699
6000	109	66.6577	171.708
6000	110	209.755	1088.45
6000	111	-346.779	-54.2625
6000	112	-518.434	358.282
6000	113	-791.384	145.805
6000	114	229.489	288.03
6000	115	-820.619	1183.81
6000	116	-447.834	-297.062
6000	117	97.8186	-1.83352
6000	118	414.535	-1127.2
6000	119	397.243	-346.948
6000	120	-137.985	211.085
6000	121	133.229	1001.39
6000	122	134.907	201.875
6000	123	26.7265	722.243
6000	124	500.812	624.333
6000	125	684.705	-726.544
6000	126	-813.822	448.534
6000	127	781.915	76.918
6000	128	-1109.93	88.3616
6000	129	115.748	2.40579
6000	130	-420.415	407.618
6000	131	534.281	766.479
6000	132	-421.696	-568.831
6000	133	-434.756	335.198
6000	134	107.233	719.868
6000	135	-1.0007	-916.908
6000	136	-27.0131	-1152.04
6000	137	-400.623	620.493
6000	138	440.436	-170.853
6000	139	-171.584	-247.475
6000	140	-836.803	491.694
6000	141	-269.375	1508.17
6000	142	-485.465	399.175
6000	143	-209.35	-402.551
6000	144	-465.562	716.174
6000	145	-339.673	54.956
6000	146	553.606	1213.18
6000	147	-1426.32	-109.707
6000	148	85.9831	-729.477
6000	149	-302.107	-210.075
6000	150	621.543	1193.48
6000	151	425.512	222.767
6000	152	-201.853	-726.681
6000	153	-95.8409	-322.739
6000	154	176.807	-1006.02
6000	155	-193.829	1093.02
6000	156	456.988	91.0478
6000	157	705.63	-1365.13
6000	158	-26.6048	84.1848
6000	159	-694.851	-73.332
6000	160	1012.51	177.275
6000	161	104.485	345.45
6000	162	-514.721	-596.31
6000	163	1017.49	-477.263
6000	164	-429.297	362.49
6000	165	-849.826	643.575
6000	166	620.087	-1020.83
6000	167	234.093	258.287
6000	168	-178.673	-121.224
6000	169	569.102	477.99
6000	170	-553.315	656.881
6000	171	-131.868	477.524
6000	172	-187.183	-117.815
6000	173	-217.958	-1170.46
6000	174	-129.415	-880.353
6000	175	163.383	-150.572
6000	176	665.352	60.7726
6000	177	-205.708	514.322
6000	178	309.248	-114.023
6000	179	216.232	-279.232
6000	180	530.655	-263.375
6000	181	-219.777	-1127.55
6000	182	437.813	694.787
6000	183	-169.631	559.726
6000	184	585.432	606.731
6000	185	-547.211	-688.413
6000	186	-792.427	-77.9652
6000	187	-463.653	-407.022
6000	188	441.428	241.344
6000	189	127.611	865.069
6000	190	-590.233	565.962
6000	191	13.1557	-768.338
6000	192	-533.407	666.607
6000	193	-238.472	-71.3166
6000	194	-410.248	761.912
6000	195	-259.142	194.874
6000	196	44.2862	-100.962
6000	197	-212.802	1439.67
6000	198	-678.856	594.599
6000	199	-122.425	114.088
6000	200	-111.808	319.705
6000	201	-40.6826	405.318
6000	202	-98.972	319.187
6000	203	-620.528	1755.28
6000	204	206.169	-555.639
6000	205	-617.713	-735.897
6000	206	130.56	238.496
6000	207	-618.047	-184.148
6000	208	-8.34068	-1148.2
6000	209	30.6391	-204.763
6000	210	-175.099	-182.271
6000	211	394.874	670.06
6000	212	-348.07	-440.73
6000	213	335.493	-555.123
6000	214	-119.464	-364.012
6000	215	396.128	-100.798
6000	216	197.694	-671.219
6000	217	343.053	980.956
6000	218	-305.285	557.009
6000	219	113.212	1351.27
6000	220	-312.313	-725.749
6000	221	284.059	-180.086
6000	222	-60.4784	-1177.13
6000	223	-670.983	-163.288
6000	224	214.222	212.699
6000	225	71.68	411.829
6000	226	-511.611	-237.423
6000	227	654.282	-847.052
6000	228	-6.72549	513.084
6000	229	-506.441	584.854
6000	230	374.86	42.1288
6000	231	178.232	-128.061
6000	232	-624.533	-389.535
6000	233	-162.238	168.865
6000	234	390.665	332.389
6000	235	-1099.23	-689.362
6000	236	-531.53	-985.752
6000	237	-579.556	-159.544
6000	238	166.56	-454.111
6000	239	81.665	300.753
6000	240	854.211	-340.102
6000	241	434.049	533.695
6000	242	91.2117	202.812
6000	243	610.625	-721.698
6000	244	103.609	-834.915
6000	245	90.5623	-975.861
6000	246	-27.4273	509.182
6000	247	-433.208	13.2043
6000	248	-245.245	594.598
6000	249	-134.642	650.638
6000	250	116.335	949.777
6000	251	-42.1419	470.013
6000	252	-2.81039	-543.821
6000	253	772.764	-6.00246
6000	254	-9.53715	-223.229
6000	255	-462.872	934.561
6000	256	-183.01	-122.039
6000	257	150.776	665.473
6000	258	1152.6	282.394
6000	259	773.837	157.486
6000	260	98.9253	-5.29253
6000	261	353.369	-1273.83
6000	262	682.55	433.819
6000	263	-445.036	-792.898
6000	264	412.706	677.445
6000	265	5.61932	-41.5642
6000	266	70.439	-566.82
6000	267	210.959	997.233
6000	268	-137.252	-237.757
6000	269	715.069	931.969
6000	270	-272.92	121.775
6000	271	-143.343	856.366
6000	272	-98.614	-6.23728
6000	273	330.699	-447.5
6000	274	-194.754	-1371.49
6000	275	661.37	-397.798
6000	276	346.478	-606.092
6000	277	421.048	303.651
6000	278	-969.271	286.039
6000	279	136.7	472.956
6000	280	-416.451	581.206
6000	281	-777.072	-316.083
6000	282	624.504	-475.254
6000	283	-155.96	-469.157
6000	284	-716.464	-59.728
6000	285	158.484	-12.4243
6000	286	-686.952	-209.044
6000	287	-439.094	53.0038
6000	288	38.3713	1067.25
6000	289	-971.447	358.556
6000	290	301.365	-584.709
6000	291	-295.368	154.735
6000	292	-411.782	380.761
6000	293	191.449	804.279
6000	294	-417.428	223.549
6000	295	287.419	667.048
6000	296	-508.299	-593.906
6000	297	268.98	19.4207
6000	298	33.814	18.5076
6000	299	-767.123	348.545
6000	300	318.948	-505.471
6000	301	146.512	-1929.62
6000	302	324.373	-231.212
6000	303	369.593	6.94447
6000	304	564.312	-145.87
6000	305	392.277	576.342
6000	306	-383.858	-1766.19
6000	307	21.3628	-866.699
6000	308	-538.106	554.622
6000	309	-699.711	58.6765
6000	310	117.189	48.9498
6000	311	825.903	87.6438
6000	312	26.1353	-8.69337
6000	313	-741.793	-193.705
6000	314	35.0766	200.34
6000	315	-98.4303	-494.858
6000	316	-8.71317	-3.89399
6000	317	866.09	-511.708
6000	318	81.4722	-1204.92
6000	319	-710.886	-205.221
6000	320	-37.8521	-471.32
6000	321	564.199	120.629
6000	322	175.411	-1058.3
6000	323	763.187	648.727
6000	324	-265.055	860.485
6000	325	295.43	1081.58
6000	326	-621.8	527.846
6000	327	-94.0692	270.708
6000	328	-242.392	349.387
6000	329	162.79	-602.841
6000	330	-148.836	317.914
6000	331	27.6537	-419.914
6000	332	658.163	-43.2932
6000	333	-90.1458	299.201
6000	334	-212.738	-1038.24
6000	335	-179.817	637.083
6000	336	42.4218	899.574
6000	337	-323.94	132.608
6000	338	777.482	-641.186
6000	339	-101.119	702.909
6000	340	-994.224	-415.346
6000	341	324.531	1049.5
6000	342	-581.477	-84.121
6000	343	-460.778	-186.644
6000	344	-916.009	-719.136
6000	345	-217.914	-383.494
6000	346	125.973	-1059.92
6000	347	-146.749	-675.802
6000	348	894.403	-552.864
6000	349	45.7919	5.31857
6000	350	86.7496	-45.8859
6000	351	614.445	-51.048
6000	352	534.36	-418.988
6000	353	149.125	107.043
6000	354	-423.308	-1693.8
6000	355	-204.802	41.6705
6000	356	-542.462	450.168
6000	357	46.5243	-111.218
6000	358	-408.843	126.044
6000	359	174.088	-290.021
6000	360	-158.411	147.253
6000	361	-51.7808	-118.523
6000	362	471.746	-29.9066
6000	363	-23.0845	-118.146
6000	364	125.664	-269.514
6000	365	-167.42	497.669
6000	366	113.745	541.005
6000	367	586.55	-465.871
6000	368	-248.854	304.779
6000	369	679.439	-1080.11
6000	370	-324.028	813.518
6000	371	-207.006	-1383.28
6000	372	-57.1708	-239.467
6000	373	-5.81284	432.357
6000	374	-301.467	1377.68
6000	375	-454.75	352.029
6000	376	-108.153	-326.686
6000	377	57.2729	1208.76
6000	378	211.312	691.062
6000	379	-362.07	640.77
6000	380	-591.989	376.62
6000	381	225.71	-1010.38
6000	382	472.514	-135.211
6000	383	322.11	156.82
6000	384	511.68	-1629.94
6000	385	-416.921	672.079
6000	386	430.889	823.272
6000	387	-280.72	142.247
6000	388	107.824	-920.067
6000	389	20.3909	112.152
6000	390	115.758	13.0501
6000	391	-78.5378	-274.259
6000	392	108.016	-418.22
6000	393	3.85681	436.914
6000	394	60.6751	642.795
6000	395	-370.298	-482.258
6000	396	156.018	-206.914
6000	397	-812.965	190.78
6000	398	-559.391	224.151
6000	399	-44.0079	-239.4
6000	400	689.478	528.476
6000	401	-489.982	480.096
6000	402	29.3311	205.824
6000	403	-84.3622	770.718
6000	404	-292.9	1066.91
6000	405	-63.0764	-645.618
6000	406	306.686	-1154.48
6000	407	79.5861	-906.452
6000	408	417.465	-740.929
6000	409	490.521	-433.689
6000	410	-304.83	536.978
6000	411	252.992	46.7783
6000	412	325.353	669.147
6000	413	116.359	844.525
6000	414	412.474	120.019
6000	415	-613.672	-220.642
6000	416	-83.3538	-408.324
6000	417	198.671	829.356
6000	418	243.301	-653.234
6000	419	54.1743	191.488
6000	420	-602.573	-11.1833
6000	421	-653.144	-155.434
6000	422	105.203	71.9866
6000	423	587.547	-163.317
6000	424	430.752	-148.776
6000	425	276.379	786.839
6000	426	292.843	372.055
6000	427	174.972	-200.147
6000	428	-378.774	509.167
6000	429	-478.032	300.8
6000	430	-308.159	2288.65
6000	431	192.378	1929.9
6000	432	-574.93	-324.599
6000	433	-263.852	-141.064
6000	434	-423.498	384.582
6000	435	210.873	-733.287
6000	436	-157.713	416.291
6000	437	299.271	-1644.73
6000	438	20.3604	468.097
6000	439	408.529	307.632
6000	440	61.4883	625.519
6000	441	227.676	-1524.73
6000	442	-109.823	1552.32
6000	443	-194.293	-1114.87
6000	444	31.8625	-842.881
6000	445	-131.235	-248.788
6000	446	-302.437	-50.1487
6000	447	251.823	55.8922
6000	448	-89.9353	-59.4084
6000	449	-416.614	-457.832
6000	450	287.806	424.058
6000	451	312.785	42.0295
6000	452	617.191	508.173
6000	453	-55.837	360.316
6000	454	-1212.07	-958.314
6000	455	-269.694	-263.775
6000	456	-839.774	382.876
6000	457	-92.4402	-274.291
6000	458	-21.6895	341.054
6000	459	597.708	-884.377
6000	460	-15.2916	-646.146
6000	461	-350.318	-345.314
6000	462	-306.539	1012.24
6000	463	-109.156	117.74
6000	464	216.139	683.33
6000	465	445.255	696.044
6000	466	448.01	-720.394
6000	467	-693.985	172.878
6000	468	503.741	872.902
6000	469	-461.725	-421.425
6000	470	-112.825	-469.062
6000	471	-713.756	-109.699
6000	472	-351.801	395.181
6000	473	344.681	932.737
6000	474	-258.03	284.847
6000	475	-360.359	713.978
6000	476	-72.8736	554.556
6000	477	407.864	743.477
6000	478	284.797	-229.014
6000	479	754.341	676.638
6000	480	-257.848	67.1169
6000	481	-127.11	520.357
6000	482	-375.253	-572.15
6000	483	-41.9353	-173.821
6000	484	-151.554	148.197
6000	485	-142.141	330.501
6000	486	-156.157	-223.683
6000	487	-61.4473	-3.05962
6000	488	467.758	-758.6
6000	489	-259.055	606.01
6000	490	-727.835	-351.781
6000	491	-66.5746	-482.452
6000	492	-57.9846	-907.898
6000	493	-379.926	307.851
6000	494	547.608	797.283
6000	495	263.464	-379.124
6000	496	-522.262	-340.247
6000	497	883.693	201.001
6000	498	-933.255	-1329.23
6000	499	-156.588	343.365
8000	0	60.9057	-1000.71
8000	1	642.058	707.478
8000	2	631.721	-397.537
8000	3	27.8133	232.551
8000	4	685.416	-1328.11
8000	5	742.278	-569.061
8000	6	662.072	344.269
8000	7	572.891	449.348
8000	8	521.157	532.018
8000	9	-903.343	-716.901
8000	10	284.52	378.085
8000	11	552.097	-153.989
8000	12	175.178	171.442
8000	13	535.552	-1023.53
8000	14	-96.9703	1173.24
8000	15	593.988	247.093
8000	16	-500.195	-794.506
8000	17	-146.74	252.401
8000	18	82.6511	1292.13
8000	19	629.72	-190.871
8000	20	-594.252	1028.23
8000	21	365.517	58.7965
8000	22	-1182.16	-698.987
8000	23	789.2	-168.784
8000	24	339.918	-175.232
8000	25	-312.073	853.905
8000	26	595.895	304.17
8000	27	-285.271	-31.9524
8000	28	492.643	-390.483
8000	29	-308.131	600.722
8000	30	-715.308	861.442
8000	31	675.404	-130.305
8000	32	112.914	462.64
8000	33	379.332	92.4987
8000	34	180.23	-1628.27
8000	35	-237.647	1048.26
8000	36	-419.35	388.751
8000	37	234.861	-359.948
8000	38	-590.552	1114.61
8000	39	-226.897	-750.851
8000	40	-335.725	694.807
8000	41	-148.582	698.839
8000	42	367.159	671.233
8000	43	254.548	535.798
8000	44	-886.129	417.11
8000	45	168.881	846.749
8000	46	-564.885	743.764
8000	47	-231.647	13.843
8000	48	28.7793	820.879
8000	49	180.795	454.241
8000	50	224.47	199.543
8000	51	976.097	346.401
8000	52	568.999	208.765
8000	53	-813.779	-262.239
8000	54	937.932	1169.23
8000	55	-129.435	-268.714
8000	56	-241.335	255.992
8000	57	283.231	112.61
8000	58	-313.752	638.008
8000	59	139.813	-9.5462
8000	60	-210.334	-1449.85
8000	61	545.656	-85.8171
8000	62	-57.3372	-1154.04
8000	63	-1014.49	613.858
8000	64	-473.972	-780.362
8000	65	-447.96	-2125.95
8000	66	233.343	1064.81
8000	67	-138.365	-330.481
8000	68	207.185	600.441
8000	69	-257.927	-1097.8
8000	70	1010.19	-473.693
8000	71	660.856	236.894
8000	72	-29.1994	-597.298
8000	73	-516.088	656.533
8000	74	615.933	-300.046
8000	75	339.556	-790.192
8000	76	644.891	-941.663
8000	77	-1012.68	-142.117
8000	78	-876.714	1206.1
8000	79	1016.59	-259.773
8000	80	454.922	-482.472
8000	81	-162.68	-5.3959
8000	82	-273.31	-744.553
8000	83	345.69	-1026.99
8000	84	-722.386	62.7948
8000	85	-570.734	-64.1579
8000	86	303.13	-246.392
8000	87	129.352	346.985
8000	88	231.908	690.482
8000	89	934.127	967.692
8000	90	-511.994	-532.215
8000	91	102.123	562.43
8000	92	-824.263	598.198
8000	93	-447.838	-65.6475
8000	94	-472.701	-483.961
8000	95	73.837	882.185
8000	96	900.104	-14.8817
8000	97	-294.001	769.966
8000	98	841.146	639.97
8000	99	188.008	-578.333
8000	100	-262.618	-439.224
8000	101	1588.3	1928.75
8000	102	-297.403	-292.861
8000	103	126.876	431.082
8000	104	598.334	-512.792
8000	105	439.441	-29.698
8000	106	-1302.85	-108.916
8000	107	1536.2	-553.227
8000	108	-312.127	-315.954
8000	109	208.545	792.817
8000	110	362.129	1124.43
8000	111	-371.608	467.179
8000	112	-620.629	927.147
8000	113	-510.511	225.276
8000	114	9.64425	475.416
8000	115	-579.055	1194.26
8000	116	-626.014	177.129
8000	117	177.656	-177.54
8000	118	757.599	-984.794
8000	119	356.625	-245.872
8000	120	3.86693	247.823
8000	121	151.619	1496.72
8000	122	195.099	-555.059
8000	123	-426.92	843.65
8000	124	401.415	1063.6
8000	125	1144.6	-234.2
8000	126	-936.657	464.31
8000	127	783.881	-402.293
8000	128	-1314.92	483.726
8000	129	247.688	320.789
8000	130	-813.689	136.194
8000	131	451.299	536.337
8000	132	-421.272	-569.793
8000	133	-596.096	-70.2059
8000	134	309.406	453.115
8000	135	-101.179	-838.1
8000	136	-46.4255	-878.875
8000	137	-448.478	420.157
8000	138	922.46	431.24
8000	139	-46.3844	-434.708
8000	140	-852.307	1012.49
8000	141	-29.772	1229.56
8000	142	-746.306	959.938
8000	143	-56.4109	-439.733
8000	144	-822.698	56.1775
8000	145	-273.055	370.84
8000	146	575.455	1740.31
8000	147	-1230.22	-523.357
8000	148	287.711	-1045.23
8000	149	-521.314	-293.358
8000	150	540.128	1495.88
8000	151	344.468	-48.1927
8000	152	-137.782	-491.373
8000	153	-52.7743	-639.3
8000	154	197.911	-681.868
8000	155	-88.4681	775.891
8000	156	497.841	-254.072
8000	157	392.089	-1518.18
8000	158	169.76	582.334
8000	159	-617.166	99.8026
8000	160	891.649	499.265
8000	161	85.2898	-7.21023
8000	162	-556.745	-912.965
8000	163	1418.34	-27.4106
8000	164	-710.743	319.058
8000	165	-768.371	366.473
8000	166	720.99	-1025.66
8000	167	335.933	558.527
8000	168	-137.36	-75.6053
8000	169	527.873	446.277
8000	170	-550.087	735.483
8000	171	-129.682	802.4
8000	172	43.667	-40.4804
8000	173	-301.849	-1407.63
8000	174	92.5773	-1119.64
8000	175	203.773	-646.594
8000	176	364.056	1060.13
8000	177	-563.988	481.088
8000	178	392.406	-609.11
8000	179	72.8801	-595.304
8000	180	-28.0262	-966.807
8000	181	-38.3853	-1054.66
8000	182	317.754	326.867
8000	183	-569.282	690.47
8000	184	301.995	699.085
8000	185	-688.582	-804.47
8000	186	-853.898	180.512
8000	187	-902.629	-496.658
8000	188	177.553	-8.6485
8000	189	465.762	722.373
8000	190	-237.432	1162.79
8000	191	196.812	-996.098
8000	192	-794.608	111.621
8000	193	-281.317	-120.361
8000	194	-158.098	126.518
8000	195	-194.748	-533.971
8000	196	-99.7182	403.537
8000	197	-132.285	2074.62
8000	198	-1227.06	302.128
8000	199	-221.985	614.99
8000	200	-272.693	393.143
8000	201	113.47	460.932
8000	202	153.025	838.821
8000	203	-599.45	1851.11
8000	204	521.622	69.8302
8000	205	-919.179	-543.992
8000	206	154.274	482.177
8000	207	-215.085	245.47
8000	208	-168.5	-627.317
8000	209	210.922	-245.076
8000	210	-15.0084	-321.036
8000	211	218.888	1026.75
8000	212	-624.809	7.48932
8000	213	416.118	-616.909
8000	214	-233.844	-311.056
8000	215	562.123	-679.875
8000	216	-25.0068	-574.235
8000	217	342.717	1047.01
8000	218	-422.609	808.292
8000	219	-7.67542	1207.26
8000	220	-694.08	-940.357
8000	221	-112.486	156.85
8000	222	-342.084	-1805.76
8000	223	-851.724	-322.856
8000	224	399.456	768.511
8000	225	292.962	-171.408
8000	226	-454.034	-667.815
8000	227	912.867	-1123.72
8000	228	-257.767	417.451
8000	229	-468.218	1089.04
8000	230	792.942	134.627
8000	231	367.138	-117.418
8000	232	-405.682	-787.18
8000	233	-197.859	138.833
8000	234	289.115	-457.036
8000	235	-993.591	-478.311
8000	236	-750.288	-944.735
8000	237	-801.764	-52.5631
8000	238	489.004	-340.695
8000	239	-471.659	868.225
8000	240	735.238	-27.3358
8000	241	633.243	535.485
8000	242	250.378	492.754
8000	243	1074.9	-1078.12
8000	244	142.607	-903.856
8000	245	-64.7395	-1153.03
8000	246	252.491	601.606
8000	247	-427.949	-72.1407
8000	248	-209.399	1275.63
8000	249	-231.917	859.618
8000	250	121.318	745.701
8000	251	-603.958	29.7231
8000	252	-28.4738	-398.015
8000	253	612.015	-301.723
8000	254	265.493	-735.166
8000	255	21.2134	319.589
8000	256	-635.809	-275.034
8000	257	250.862	351.229
8000	258	1115.86	789.923
8000	259	655.502	350.228
8000	260	58.9484	-169.1
8000	261	541.625	-851.208
8000	262	581.533	143.196
8000	263	-635.711	-1187.63
8000	264	451.443	842.617
8000	265	-134.907	31.4428
8000	266	154.395	-581.994
8000	267	-109.115	910.407
8000	268	245.986	-143.22
8000	269	739.993	477.712
8000	270	-170.736	653.308
8000	271	-263.478	788.959
8000	272	20.4795	-189.413
8000	273	331.374	-421.225
8000	274	-134.608	-1483.07
8000	275	1103.54	-673.354
8000	276	345.463	-566.432
8000	277	683.674	-44.1473
8000	278	-976.39	598.832
8000	279	15.6669	466.349
8000	280	6.96056	391.923
8000	281	-896.443	-831.055
8000	282	360.752	-247.876
8000	283	121.89	-526.152
8000	284	-883.795	173.534
8000	285	-86.3236	-300.458
8000	286	-507.25	50.2076
8000	287	-0.897906	952.211
8000	288	179.821	1101.26
8000	289	-1174.12	1019.27
8000	290	284.833	-845.982
8000	291	-266.569	-608.27
8000	292	-351.444	-40.8549
8000	293	112.688	610.819
8000	294	-616.451	-146.188
8000	295	569.965	453.093
8000	296	-145.917	-900.227
8000	297	85.1765	-252.614
8000	298	315.64	-155.952
8000	299	-1067.74	510.248
8000	300	138.695	-545.874
8000	301	-20.9453	-1706.66
8000	302	826.393	-147.774
8000	303	132.17	-389.367
8000	304	528.963	-357.556
8000	305	228.674	382.18
8000	306	-641.8	-1634.18
8000	307	-302.49	-1201.53
8000	308	-415.342	461.02
8000	309	-740.224	127.117
8000	310	-102.732	365.214
8000	311	606.213	-239.932
8000	312	152.671	23.1081
8000	313	-838.83	-683.904
8000	314	14.0277	101.424
8000	315	157.005	-516.707
8000	316	36.2014	-293.969
8000	317	628.664	-923.402
8000	318	-241.091	-1230.07
8000	319	-876.48	-310.894
8000	320	5.45545	-347.327
8000	321	70.6447	118.772
8000	322	158.208	-672.289
8000	323	994.89	252.609
8000	324	-243.9	924.606
8000	325	-184.861	1342.14
8000	326	-980.502	115.075
8000	327	-215.407	151.281
8000	328	-240.236	1044.35
8000	329	486.382	-334.768
8000	330	-187.891	1387.47
8000	331	187.775	-255.133
8000	332	899.992	-370.791
8000	333	158.389	801.592
8000	334	-331.276	-1406.83
8000	335	-237.631	173.912
8000	336	-37.7646	818.029
8000	337	-131.328	212.279
8000	338	716.179	-1214.63
8000	339	-344.239	875.733
8000	340	-956.528	-599.185
8000	341	424.765	1253.26
8000	342	-83.4512	-475.864
8000	343	-344.044	-294.578
8000	344	-897.548	-874.784
8000	345	-160.318	-754.681
8000	346	123.361	-1008.33
8000	347	-147.01	-527.356
8000	348	1315.28	-899.49
8000	349	54.7489	69.0294
8000	350	327.197	-88.1426
8000	351	830.475	-36.6611
8000	352	373.45	-467.595
8000	353	-312.008	164.783
8000	354	12.7124	-2074.02
8000	355	-4.44818	-382.357
8000	356	-339.759	686.989
8000	357	45.8937	-182.852
8000	358	-524.258	263.157
8000	359	-134.008	247.471
8000	360	369.241	222.382
8000	361	448.336	-237.685
8000	362	453.061	247.026
8000	363	-76.2289	503.91
8000	364	-132.249	-405.008
8000	365	-128.473	140.243
8000	366	190.964	355.638
8000	367	610.296	-650.073
8000	368	-501.391	173.352
8000	369	638.093	-1214.42
8000	370	257.529	726.7
8000	371	-48.9737	-1798.67
8000	372	-36.9377	-749.492
8000	373	31.4831	115.792
8000	374	48.4541	1787.26
8000	375	-9.02719	-66.7384
8000	376	290.034	122.588
8000	377	354.427	1143.12
8000	378	455.638	427.034
8000	379	-244.915	81.3267
8000	380	-626.081	231.847
8000	381	320.449	-1522.04
8000	382	315.902	-329.16
8000	383	22.7886	-209.297
8000	384	830.76	-1883.04
8000	385	-411.609	913.192
8000	386	532.981	921.944
8000	387	-261.967	379.932
8000	388	305.777	-865.973
8000	389	284.64	-36.2969
8000	390	496.03	-105.29
8000	391	-210.556	-153.124
8000	392	368.764	-941.108
8000	393	-134.178	-60.6247
8000	394	151.173	341.613
8000	395	-371.643	190.834
8000	396	-544.64	2.40706
8000	397	-1213.86	504.279
8000	398	-429.544	763.735
8000	399	-147.857	-46.1441
8000	400	449.839	481.778
8000	401	-522.482	675.68
8000	402	169.738	569.292
8000	403	177.077	-160.223
8000	404	-51.3453	1400.08
8000	405	-62.561	-1129.22
8000	406	46.5887	-449.223
8000	407	268.892	-1328.5
8000	408	316.174	-415.904
8000	409	385.392	-837.467
8000	410	-564.934	1223.84
8000	411	-243.692	-436.134
8000	412	278.223	1068.29
8000	413	229.11	1142.41
8000	414	290.773	-72.5268
8000	415	-713.104	300.921
8000	416	-680.66	-40.9924
8000	417	564.373	1121.27
8000	418	81.3129	-1374.31
8000	419	-48.6146	216.15
8000	420	-523.877	14.3997
8000	421	-210.583	-343.266
8000	422	-215.495	-585.941
8000	423	1187.5	-83.7619
8000	424	91.1528	-263.037
8000	425	473.624	701.358
8000	426	631.018	134.764
8000	427	145.74	-215.071
8000	428	-357.754	361.736
8000	429	-453.841	451.711
8000	430	-483.945	2922.71
8000	431	289.96	2518.94
8000	432	-751.731	-103.445
8000	433	-383.863	-189.903
8000	434	-185.245	1001.87
8000	435	613.275	-645.741
8000	436	-319.163	494.485
8000	437	-22.7142	-1361.67
8000	438	55.4015	305.167
8000	439	327.936	-414.332
8000	440	-120.186	219.617
8000	441	344.589	-1564.8
8000	442	-110.084	1724.41
8000	443	-470.443	-435.202
8000	444	-126.672	51.9356
8000	445	-30.2968	-448.982
8000	446	-404.136	-249.123
8000	447	323.401	702.784
8000	448	427.891	-308.435
8000	449	-178.662	-241.009
8000	450	357.843	973.771
8000	451	351.854	-380.187
8000	452	443.504	316.736
8000	453	272.389	830.325
8000	454	-1071.7	-481.28
8000	455	-451.665	-396.305
8000	456	-641.552	200.531
8000	457	-510.934	-332.924
8000	458	-81.0711	202.794
8000	459	593.904	-1132.37
8000	460	80.0452	-670.558
8000	461	-701.565	454.784
8000	462	-525.579	1279.36
8000	463	-361.779	496.732
8000	464	517.187	534.63
8000	465	323.005	806.759
8000	466	725.988	-1020.46
8000	467	-709.345	340.1
8000	468	678.163	602.697
8000	469	-665.086	-296.435
8000	470	106.691	-315.833
8000	471	-692.154	138.411
8000	472	-111.086	293.889
8000	473	583.762	1307.33
8000	474	302.981	269.455
8000	475	-338.076	606.232
8000	476	293.899	546.244
8000	477	196.227	48.6437
8000	478	721.307	338.384
8000	479	902.403	1769.9
8000	480	119.665	-426.168
8000	481	-189.58	138.001
8000	482	-516.807	-146.321
8000	483	-600.495	25.981
8000	484	-755.645	-368.568
8000	485	-163.416	1221.07
8000	486	-96.0185	-681.629
8000	487	-40.5061	91.6128
8000	488	875.983	-704.722
8000	489	-462.835	1415.73
8000	490	-1371.61	314.201
8000	491	-66.6305	-520.99
8000	492	-218.561	-405.941
8000	493	-314.383	458.068
8000	494	545.873	586.399
8000	495	-19.3499	102.927
8000	496	-503.431	-209.414
8000	497	563.676	-56.6542
8000	498	-782.127	-1795.44
8000	499	141.896	693.701
10000	0	30.8141	-1178.08
10000	1	914.59	825.15
10000	2	977.402	223.085
10000	3	-73.7791	604.373
10000	4	466.804	-1785.75
10000	5	962.309	-608.563
10000	6	761.826	139.864
10000	7	515.397	628.396
10000	8	504.531	800.235
10000	9	-1004.34	-291.375
10000	10	-98.0428	235.019
10000	11	608.695	-818.52
10000	12	474.922	199.728
10000	13	729.581	-646.198
10000	14	-418.075	1030.95
10000	15	713.357	288.903
10000	16	-467.738	-1119.01
10000	17	335.782	868.112
10000	18	-179.075	1721.67
10000	19	630.868	-169.916
10000	20	-654.279	1136.83
10000	21	780.483	201.292
10000	22	-1092.18	-1279.82
10000	23	1249.05	-422.957
10000	24	521.498	257.553
10000	25	-169.234	1227.56
10000	26	405.871	347.332
10000	27	-482.583	-403.112
10000	28	569.713	-479.335
10000	29	-649.605	272.215
10000	30	-697.793	40.8981
10000	31	417.404	-520.231
10000	32	-49.686	867.757
10000	33	359.541	-96.6247
10000	34	-279.752	-1061.91
10000	35	-99.7406	1410.37
10000	36	38.0769	58.9321
10000	37	557.254	-274.361
10000	38	-205.183	1227.49
10000	39	10.7314	-679.098
10000	40	-636.179	906.64
10000	41	-230.518	632.627
10000	42	528.91	1600.71
10000	43	155.23	341.416
10000	44	-401.19	992.967
10000	45	231.306	715.304
10000	46	-786.888	739.728
10000	47	-133.826	-447.704
10000	48	-312.719	1301.88
10000	49	-176.946	278.861
10000	50	222.806	403.903
10000	51	957.46	668.676
10000	52	907.416	489.796
10000	53	-929.531	-77.2721
10000	54	977.656	253.64
10000	55	-285.132	128.02
10000	56	-357.395	-122.971
10000	57	122.64	249.568
10000	58	-1030.99	196.249
10000	59	-123.659	286.769
10000	60	-267.152	-1546.03
10000	61	446.8	-274.33
10000	62	-274.421	-1695.12
10000	63	-1032.71	1330.71
10000	64	-734.552	-980.382
10000	65	-469.154	-1535.33
10000	66	53.751	934.748
10000	67	42.2499	-867.159
10000	68	245.862	965.108
10000	69	-517.524	-718.301
10000	70	1215.64	-728.755
10000	71	1300.86	640.726
10000	72	-185.07	-150.652
10000	73	-427.284	411.212
10000	74	454.455	-38.7496
10000	75	88.9618	-1119.64
10000	76	764.512	-88.1388
10000	77	-978.597	54.5777
10000	78	-1002.06	706.895
10000	79	1054.48	-25.1884
10000	80	293.643	-7.7746
10000	81	31.1895	-270.708
10000	82	-153.188	-1056.58
10000	83	303.455	-1390.82
10000	84	-818.924	466.197
10000	85	-385.653	-343.354
10000	86	396.76	-59.1187
10000	87	-160.43	339.305
10000	88	274.252	951.04
10000	89	483.513	808.995
10000	90	-357.311	178.534
10000	91	118.3	258.783
10000	92	-941.616	522.447
10000	93	-407.447	358.049
10000	94	-214.788	-613.775
10000	95	-82.5707	1234.27
10000	96	1398.87	312.28
10000	97	-293.773	492.32
10000	98	480.273	245.668
10000	99	266.138	-175.419
10000	100	-439.718	-110.513
10000	101	1649.6	1720.72
10000	102	13.18	-121.251
10000	103	227.779	405.02
10000	104	577.599	-539.915
10000	105	418.283	-62.667
10000	106	-1343.75	-192.849
10000	107	1320.75	-161.492
10000	108	-365.581	-208.332
10000	109	345.145	1123.59
10000	110	431.76	1008.06
10000	111	-770.873	28.4672
10000	112	-1092.85	810.107
10000	113	-812.075	223.53
10000	114	29.4646	858.422
10000	115	-637.796	1435.08
10000	116	-429.006	452.348
10000	117	-359.345	54.5927
10000	118	1076.57	-1590.04
10000	119	478.553	-623.815
10000	120	-157.245	-125.61
10000	121	-29.9656	2226.82
10000	122	270.618	-243.504
10000	123	-9.28975	648.403
10000	124	126.832	1060.17
10000	125	1662.75	133.155
10000	126	-1417.97	416.681
10000	127	1468.11	-675.971
10000	128	-972.492	862.465
10000	129	398.381	408.369
10000	130	-1294.21	332.094
10000	131	3.89082	798.807
10000	132	-100.428	-159.511
10000	133	-552.126	-610.881
10000	134	-11.4172	11.8896
10000	135	-263.167	-524.765
10000	136	197.801	-1073.6
10000	137	-808.006	681.964
10000	138	1100.91	663.774
10000	139	49.1442	-569.371
10000	140	-1092.81	1116.81
10000	141	31.2418	1495.77
10000	142	-786.822	1295.11
10000	143	383.554	202.188
10000	144	-904.316	230.979
10000	145	-370.1	-8.40437
10000	146	1054.93	1689.61
10000	147	-1347.49	-915.986
10000	148	850.076	-685.395
10000	149	-312.248	-895.055
10000	150	460.37	1862.88
10000	151	671.903	-250.384
10000	152	-221.566	-675.212
10000	153	-95.3433	-371.239
10000	154	177.396	-343.046
10000	155	-10.9508	725.421
10000	156	82.3631	-652.141
10000	157	-238.046	-1939.74
10000	158	-10.0884	555.394
10000	159	-834.36	92.7098
10000	160	913.582	677.657
10000	161	362.331	-31.5777
10000	162	-702.883	-791.325
10000	163	1715.92	289.782
10000	164	-707.492	715.716
10000	165	-730.399	-416.58
10000	166	800.011	-1533.49
10000	167	155.421	550.336
10000	168	-299.666	-614.437
10000	169	268.253	51.0016
10000	170	-699.449	461.369
10000	171	-435.064	1078.54
10000	172	-346.493	-95.0174
10000	173	-201.097	-2205.57
10000	174	170.783	-906.873
10000	175	253.63	-666.98
10000	176	-95.5881	984.539
10000	177	-883.714	503.439
10000	178	564.483	-701.762
10000	179	-131.801	-1180.87
10000	180	-246.812	-1308.67
10000	181	-78.568	-1576.26
10000	182	218.374	412.11
10000	183	-404.025	901.631
10000	184	367.075	1405.41
10000	185	-887.17	-1261.25
10000	186	-1552.28	115.129
10000	187	-1201.81	134.023
10000	188	-199.442	606.339
10000	189	964.276	949.953
10000	190	-188.516	1331.94
10000	191	254.285	-822.208
10000	192	-830.986	135.612
10000	193	-82.244	-893.752
10000	194	-175.35	523.025
10000	195	-386.597	-288.439
10000	196	-809.3	310.427
10000	197	-194.028	1570.89
10000	198	-1061.14	499.012
10000	199	-183.381	469.69
10000	200	146.894	353.794
10000	201	-26.6642	718.818
10000	202	177.721	1062.01
10000	203	-733.298	2035.67
10000	204	837.802	49.4411
10000	205	-876.839	-149.869
10000	206	-49.9822	975.176
10000	207	7.26593	284.934
10000	208	-150.375	-776.47
10000	209	530.529	229.782
10000	210	-34.6322	-161.798
10000	211	-63.9263	1019.41
10000	212	-587.322	-290.46
10000	213	495.967	-957.011
10000	214	-524.681	-613.765
10000	215	731.9	-501.005
10000	216	-238.146	-242.886
10000	217	682.478	853.901
10000	218	-322.602	363.942
10000	219	290.844	1212.75
10000	220	-706.002	-710.068
10000	221	308.866	-50.1562
10000	222	-522.495	-1251.32
10000	223	-1012.69	-323.603
10000	224	638.145	422.922
10000	225	74.9703	160.549
10000	226	85.0689	-829.75
10000	227	950.636	-1382.17
10000	228	-528.058	199.524
10000	229	-644.51	577.854
10000	230	1153.74	135.911
10000	231	855.761	49.3936
10000	232	-540.808	-431.518
10000	233	261.606	376.625
10000	234	350.782	-939.68
10000	235	-1038.87	-531.472
10000	236	-969.252	-997.33
10000	237	-729.673	191.458
10000	238	988.986	-309.606
10000	239	-295.981	1041.29
10000	240	1072.51	83.6204
10000	241	373.193	824.307
10000	242	174.668	9.25357
10000	243	788.038	-1317.89
10000	244	183.411	-1023.29
10000	245	-168.998	-1417.2
10000	246	434.38	807.766
10000	247	109.128	-522.495
10000	248	-6.59065	862.307
10000	249	105.415	694.717
10000	250	260.134	1065.49
10000	251	-99.5251	506.559
10000	252	-107.973	-726.276
10000	253	394.309	-361.256
10000	254	105.911	-747.258
10000	255	-237.968	567.678
10000	256	-895.363	-541.86
10000	257	549.59	155.624
10000	258	1070.05	551.162
10000	259	872.797	226.948
10000	260	9.09223	-561.126
10000	261	149.533	-494.392
10000	262	622.932	-30.1141
10000	263	-860.643	-1019.82
10000	264	815.206	839.048
10000	265	-36.5186	-294.705
10000	266	473.176	-1198.82
10000	267	71.1691	1202.35
10000	268	-95.6028	-389.652
10000	269	1038.07	125.191
10000	270	147.606	617.939
10000	271	-244.386	810.619
10000	272	1.61083	-2.23129
10000	273	368.755	-642.124
10000	274	-175.652	-1349.65
10000	275	1123.55	-707.666
10000	276	224.671	-1143.27
10000	277	541.123	75.4683
10000	278	-1411.39	828.361
10000	279	196.379	263.901
10000	280	-484.72	842.837
10000	281	-759.294	-729.482
10000	282	369.164	-511.485
10000	283	-260.554	-732.809
10000	284	-392.526	408.234
10000	285	-73.1424	114.926
10000	286	-807.853	-47.3558
10000	287	-81.28	927.297
10000	288	-195.731	1588.15
10000	289	-1228.12	1514.04
10000	290	342.07	-514.321
10000	291	-714.12	-440.974
10000	292	-187.583	257.324
10000	293	-232.316	756.172
10000	294	-535.874	-193.901
10000	295	184.766	756.999
10000	296	153.172	-1325.18
10000	297	-53.7071	-27.8013
10000	298	115.551	-227.827
10000	299	-1025.06	58.3221
10000	300	-18.0948	-561.729
10000	301	46.9917	-1530.37
10000	302	963.912	315.594
10000	303	-88.8963	-784.909
10000	304	706.651	-249.784
10000	305	-411.224	-507.591
10000	306	-1223.19	-1600.84
10000	307	-172.819	-1359.48
10000	308	-680.295	214.797
10000	309	-860.424	167.918
10000	310	15.3356	-110.478
10000	311	187.252	-148.585
10000	312	-2.97563	-117.517
10000	313	-619.173	-1130.69
10000	314	-243.563	304.45
10000	315	622.15	-10.8636
10000	316	-147.982	-309.442
10000	317	346.305	-1029.87
10000	318	-802.104	-1553.76
10000	319	-617.382	-302.963
10000	320	-88.6969	194.385
10000	321	267.728	-560.957
10000	322	-250.536	-47.6455
10000	323	774.731	247.578
10000	324	-61.339	1039.88
10000	325	-366.24	1448.74
10000	326	-1021.6	243.398
10000	327	-90.1838	349.901
10000	328	-361.95	979.563
10000	329	392.996	-514.602
10000	330	-167.26	1058.9
10000	331	505.805	-630.152
10000	332	425.305	-610.296
10000	333	6.05977	544.647
10000	334	-279.205	-1437.56
10000	335	-335.556	-190.223
10000	336	-94.3227	1021.22
10000	337	-410.655	536.349
10000	338	578.104	-821.377
10000	339	-299.918	826.301
10000	340	-745.49	-165.31
10000	341	-76.7825	830.082
10000	342	22.1782	-875.865
10000	343	-851.088	170.751
10000	344	-797.376	-709.086
10000	345	-97.1085	-980.928
10000	346	-97.3503	-1183.04
10000	347	11.3228	-250.744
10000	348	1273.23	-945.398
10000	349	434.326	458.716
10000	350	323.904	-23.2916
10000	351	734.982	176.563
10000	352	1102.55	-388.705
10000	353	104.764	159.456
10000	354	-46.797	-2643.45
10000	355	114.842	-434.554
10000	356	-113.985	870.785
10000	357	-412.609	-359.537
10000	358	-714.842	-26.226
10000	359	275.045	73.3131
10000	360	510.3	687.504
10000	361	87.3963	-378.191
10000	362	231.213	428.05
10000	363	-240.704	736.108
10000	364	-657.337	-330.581
10000	365	343.433	303.794
10000	366	484.958	79.3253
10000	367	670.432	-334.082
10000	368	-111.992	228.844
10000	369	389.127	-1377.15
10000	370	156.366	678.021
10000	371	-246.749	-2019.38
10000	372	163.675	-900.346
10000	373	181.969	455.539
10000	374	97.5808	1750.96
10000	375	-47.3511	108.822
10000	376	51.6536	-97.1542
10000	377	334.002	1525.6
10000	378	133.037	185.624
10000	379	-343.579	-438.471
10000	380	-551.104	24.8075
10000	381	380.67	-2425.68
10000	382	542.505	-294.688
10000	383	-122.09	43.9256
10000	384	352.805	-2069.27
10000	385	-449.808	751.358
10000	386	478.599	293.089
10000	387	-339.632	43.4972
10000	388	646.605	-1060.42
10000	389	181.515	101.568
10000	390	18.0036	-301.264
10000	391	-457.274	482.262
10000	392	387.949	-1659.76
10000	393	-176.209	313.726
10000	394	-68.7776	397.033
10000	395	-569.347	747.778
10000	396	-910.679	601.04
10000	397	-972.815	934.668
10000	398	-680.445	1061.65
10000	399	-441.324	-152.723
10000	400	516.266	569.738
10000	401	-488.366	216.495
10000	402	270.833	525.653
10000	403	655.505	-302.302
10000	404	-532.27	1603.73
10000	405	-519.983	-1138.3
10000	406	-65.289	-259.999
10000	407	418.948	-1018.62
10000	408	558.243	-341.991
10000	409	409.376	-1079.57
10000	410	-760.154	1393.88
10000	411	-502.248	-1115.13
10000	412	1.02527	808.302
10000	413	29.8689	1105.83
10000	414	651.478	-281.293
10000	415	-411.209	380.399
10000	416	-681.929	131.493
10000	417	640.945	1660.74
10000	418	38.9135	-2224.85
10000	419	130.816	-856.269
10000	420	-645.827	-142.095
10000	421	125.928	102.515
10000	422	-535.033	-608.862
10000	423	1428.06	322.348
10000	424	-190.861	-736.454
10000	425	492.35	-1.88154
10000	426	489.249	144.516
10000	427	374.176	-28.0455
10000	428	101.897	-482.551
10000	429	-187.75	67.5769
10000	430	-1045.28	2989.74
10000	431	770.59	2517.21
10000	432	-835.446	-553.278
10000	433	-217.53	-456.02
10000	434	-99.5869	757.787
10000	435	472.439	-805.314
10000	436	-306.714	310.48
10000	437	-323.559	-1288.12
10000	438	355.439	-139.353
10000	439	448.078	-684.949
10000	440	-277.027	-195.569
10000	441	844.265	-1978.16
10000	442	171.028	1907.21
10000	443	-755.683	-371.479
10000	444	193.006	6.02144
10000	445	-400.095	-829.462
10000	446	-417.816	-848.879
10000	447	-93.4837	363.456
10000	448	627.29	-283.238
10000	449	-38.7707	-287.857
10000	450	448.281	769.985
10000	451	651.086	-366.567
10000	452	700.982	-71.6982
10000	453	431.323	994.618
10000	454	-993.959	-264.439
10000	455	-425.855	-1202.94
10000	456	-522.139	-77.8786
10000	457	-609.823	-475.68
10000	458	260.308	52.7236
10000	459	534.839	-942.697
10000	460	-37.3268	-880.432
10000	461	-931.464	706.166
10000	462	-168.324	1648.79
10000	463	-379.766	148.072
10000	464	713.226	595.944
10000	465	705.647	774.561
10000	466	549.612	-819.042
10000	467	-854.129	250.771
10000	468	696.898	181.024
10000	469	-764.422	-205.232
10000	470	306.562	-588.17
10000	471	-316.712	-319.53
10000	472	27.1241	-67.5873
10000	473	367.599	1495.99
10000	474	302.9	85.1431
10000	475	-199.269	850.509
10000	476	112.806	385.449
10000	477	-521.368	-288.022
10000	478	461.329	38.5972
10000	479	1004.04	1660.03
10000	480	-258.802	-468.239
10000	481	-306.604	512.675
10000	482	-477.254	-108.358
10000	483	-182.851	236.524
10000	484	-1077.06	-277.528
10000	485	-218.89	1117.72
10000	486	144.977	-180.074
10000	487	316.598	-9.36008
10000	488	1194.85	-472.208
10000	489	-529.793	1482.74
10000	490	-1132.96	438.664
10000	491	265.856	-770.658
10000	492	20.5605	-534.399
10000	493	-115.007	713.731
10000	494	470.447	891.771
10000	495	143.168	383.339
10000	496	-545.482	-75.1303
10000	497	690.254	437.398
10000	498	-1062.19	-1328.68
10000	499	2.01845	543.358
12000	0	-61.8193	-1199.2
12000	1	594.036	844.166
12000	2	416.341	609.667
12000	3	-37.0165	764.295
12000	4	510.004	-2622.91
12000	5	1168.69	-868.614
12000	6	826.157	426.039
12000	7	208.069	958.292
12000	8	462.312	712.578
12000	9	-696.217	-672.814
12000	10	63.5201	-242.095
12000	11	172.229	-1380.91
12000	12	376.969	-108.61
12000	13	1134.37	-522.761
12000	14	-477.223	848.66
12000	15	1113.77	236.72
12000	16	-769.882	-1113.69
12000	17	315.992	968.178
12000	18	-656.999	1970.22
12000	19	348.749	-747.874
12000	20	-795.726	1225.24
12000	21	1398.66	-84.1415
12000	22	-1180.17	-1425.94
12000	23	1168.16	-145.023
12000	24	563.891	176.722
12000	25	-92.5268	599.198
12000	26	531.338	331.982
12000	27	-362.235	-187.381
12000	28	471.33	-204.742
12000	29	-727.245	246.519
12000	30	-795.732	-110.842
12000	31	777.063	-601.407
12000	32	20.0956	619.839
12000	33	317.536	-112.133
12000	34	-383.006	-950.794
12000	35	237.379	1187.26
12000	36	517.34	515.3
12000	37	643.14	-1020.61
12000	38	-610.525	764.288
12000	39	53.9193	-901.462
12000	40	-795.611	599.389
12000	41	-348.222	846.713
12000	42	-53.9797	2039.41
12000	43	235.782	757.522
12000	44	-4.80139	1270.94
12000	45	-90.0013	1431.76
12000	46	-1053.05	786.928
12000	47	84.2418	277.782
12000	48	-690.581	1385.53
12000	49	-543.594	1068.85
12000	50	703.403	606.484
12000	51	1174.39	879.093
12000	52	725.722	788.028
12000	53	-1031.06	681.189
12000	54	758.848	25.011
12000	55	9.74085	-693.913
12000	56	-456.614	-441.471
12000	57	-157.697	239.475
12000	58	-1292.76	-267.164
12000	59	-214.654	355.383
12000	60	-611.243	-1395.98
12000	61	508.119	24.5797
12000	62	-152.211	-1780.25
12000	63	-954.905	2040.1
12000	64	-915.616	-937.126
12000	65	-330.112	-1890.49
12000	66	134.962	1320.3
12000	67	239.176	-826.325
12000	68	-35.5031	952.843
12000	69	-417.822	-1008.48
12000	70	951.69	-1122.91
12000	71	1058.01	325.73
12000	72	-424.269	-599.899
12000	73	-984.931	-4.53686
12000	74	676.72	660.688
12000	75	360.584	-1402.44
12000	76	658.286	628.751
12000	77	-1111.89	-184.325
12000	78	-1021.51	741.46
12000	79	1376.05	146.413
12000	80	535.222	230.649
12000	81	110.015	-188.14
12000	82	427.368	-1315.13
12000	83	522.713	-1661.33
12000	84	-1101.31	-24.6911
12000	85	149.955	-63.0985
12000	86	582.432	643.12
12000	87	-629.704	530.794
12000	88	674.231	528.558
12000	89	301.429	374.654
12000	90	-508.48	-82.7249
12000	91	339.286	607.511
12000	92	-617.182	161.823
12000	93	-191.415	403.405
12000	94	-593.785	-466.261
12000	95	257.506	1021.44
12000	96	1219.07	-104.046
12000	97	-235.084	761.051
12000	98	298.876	281.904
12000	99	-52.7665	-850.37
12000	100	-259.526	-103.325
12000	101	1705.63	1594.67
12000	102	134.864	-315.378
12000	103	274.111	338.334
12000	104	217.87	-1505.71
12000	105	59.511	-232.799
12000	106	-1500.45	-759.88
12000	107	1375.84	244.596
12000	108	-745.668	-521.281
12000	109	788.555	1322.23
12000	110	69.1004	1193.83
12000	111	-752.294	89.506
12000	112	-1079.75	640.975
12000	113	-692.489	-37.3113
12000	114	-133.728	1192.23
12000	115	-600.269	1296.6
12000	116	-149.202	511.696
12000	117	-140.364	-104.112
12000	118	1196.69	-1434.55
12000	119	797.437	-598.792
12000	120	-235.774	-41.3742
12000	121	-53.8975	1834.89
12000	122	163.552	-69.0399
12000	123	312.497	518.784
12000	124	163.508	1888.83
12000	125	1744.65	283.783
12000	126	-1528.02	582.589
12000	127	1601.62	-1553.33
12000	128	-683.997	1208.8
12000	129	521.145	692.918
12000	130	-1413.9	-17.703
12000	131	76.0088	399.085
12000	132	-22.6682	-880.322
12000	133	-494.117	-917.417
12000	134	-250.324	-97.0767
12000	135	-323.761	-758.978
12000	136	768.711	-1206.55
12000	137	-625.578	51.6393
12000	138	896.723	407.949
12000	139	451.422	-583.447
12000	140	-973.876	1228.82
12000	141	85.6228	1082.55
12000	142	-766.121	2295.37
12000	143	567.171	473.541
12000	144	-1224.36	287.528
12000	145	-552.234	445.473
12000	146	991.03	1201.74
12000	147	-910.55	-880.705
12000	148	409.988	-1157.52
12000	149	-222.51	-1582.41
12000	150	659.597	1805.77
12000	151	647.15	-577.243
12000	152	-482.177	-903.336
12000	153	290.014	-553.432
12000	154	135.883	-686.285
12000	155	168.284	811.805
12000	156	123.304	-1087.16
12000	157	-36.4076	-1251.46
12000	158	430.488	776.269
12000	159	-956.942	250.171
12000	160	993.97	223.106
12000	161	43.4146	309.75
12000	162	-632.508	-643.794
12000	163	1961.24	683.904
12000	164	-869.918	749.858
12000	165	-885.885	-497.141
12000	166	700.545	-1576.25
12000	167	-26.3171	490.497
12000	168	-121.113	-639.839
12000	169	302.953	-91.2294
12000	170	-634.196	682.691
12000	171	-172.44	1259.13
12000	172	134.004	-588.445
12000	173	-83.5379	-2129.71
12000	174	169.37	-829.128
12000	175	-295.373	-180.045
12000	176	-258.743	1152.16
12000	177	-1163.31	1011.11
12000	178	651.409	-1456.89
12000	179	211.464	-784.122
12000	180	-326.592	-1483.87
12000	181	80.8872	-1661.36
12000	182	-0.276846	-142.891
12000	183	-287.519	963.37
12000	184	742.897	1675.69
12000	185	-565.692	-1095.26
12000	186	-1937.52	-148.611
12000	187	-1264.07	672.2
12000	188	56.2409	155.247
12000	189	1286.45	834.509
12000	190	-75.6245	1128.62
12000	191	-27.1329	-954.121
12000	192	-1212.36	98.0371
12000	193	-403.855	-894.817
12000	194	-570.479	690.389
12000	195	-945.123	-358.743
12000	196	-883.975	21.2452
12000	197	23.8228	1478.64
12000	198	-1400.03	1035.7
12000	199	79.3716	-94.9144
12000	200	169.031	1018.83
12000	201	-223.946	918.045
12000	202	590.256	1488.22
12000	203	-818.153	1304.9
12000	204	642.333	630.819
12000	205	-656.77	-566.732
12000	206	-634.847	932.132
12000	207	-154.433	-78.914
12000	208	-467.985	-1544.74
12000	209	272.523	319.571
12000	210	-74.6324	-358.15
12000	211	433.829	1011.67
12000	212	-587.379	39.612
12000	213	454.656	-1336.18
12000	214	-733.335	-898.857
12000	215	1211.5	-119.105
12000	216	-124.872	-593.089
12000	217	744.861	795.467
12000	218	-144.754	812.233
12000	219	267.694	1059.17
12000	220	-1050.39	-56.9125
12000	221	168.678	-136.521
12000	222	-614.418	-1113.23
12000	223	-1393.6	-796.049
12000	224	756.923	901.653
12000	225	-2.41344	-26.7888
12000	226	125.825	-1485.76
12000	227	933.808	-1171.71
12000	228	-588.146	359.291
12000	229	-1021.14	224.179
12000	230	1153.53	210.529
12000	231	834.615	333.181
12000	232	-582.103	-443.013
12000	233	320.559	110.026
12000	234	110.11	-958.825
12000	235	-1018.18	-1012.95
12000	236	-531.197	-1050.94
12000	237	-929.819	-130.608
12000	238	1118.93	170.956
12000	239	167.048	791.728
12000	240	711.161	346.441
12000	241	154.409	1097.02
12000	242	551.554	224.908
12000	243	1169.69	-736.121
12000	244	-138.747	-1142.46
12000	245	-207.924	-922.523
12000	246	613.178	467.132
12000	247	709.252	-1096.21
12000	248	71.979	666.983
12000	249	-29.545	576.983
12000	250	-57.0367	1243.59
12000	251	-221.778	806.393
12000	252	-349.641	-873.01
12000	253	219.838	-25.5587
12000	254	186.786	-824.069
12000	255	-336.368	298.203
12000	256	-830.931	-384.354
12000	257	927.602	699.65
12000	258	1134.86	381.711
12000	259	1156.57	71.3895
12000	260	-223.213	42.3407
12000	261	296.022	-801.924
12000	262	759.832	-123.435
12000	263	-897.826	-1250.52
12000	264	694.498	948.727
12000	265	-255.54	-446.52
12000	266	532.554	-807.155
12000	267	49.8118	1359.58
12000	268	-293.517	-444.424
12000	269	1037.3	-58.0277
12000	270	245.752	619.323
12000	271	-382.888	1068.94
12000	272	107	-346.999
12000	273	270.758	-722.237
12000	274	129.175	-1634.97
12000	275	1322.87	-264.409
12000	276	544.818	-1585.32
12000	277	660.621	-231.432
12000	278	-1070.73	665.846
12000	279	518.053	543.208
12000	280	-565.706	738.692
12000	281	-915.219	-662.21
12000	282	383.698	-922.616
12000	283	-159.502	-606.932
12000	284	-644.686	753.476
12000	285	35.5549	-110.628
12000	286	-1108.77	-18.5453
12000	287	-141.525	849.62
12000	288	-480.823	921.273
12000	289	-1192.11	1187.64
12000	290	463.919	-846.469
12000	291	-571.738	-1112.68
12000	292	-289.914	-938.476
12000	293	-49.2084	638.009
12000	294	-555.206	-464.045
12000	295	464.772	808.299
12000	296	92.4582	-1261.96
12000	297	28.8999	-160.247
12000	298	96.2127	-633.869
12000	299	-1109.36	-21.917
12000	300	76.5083	-884.459
12000	301	6.6554	-1754.51
12000	302	1384.56	733.994
12000	303	73.5454	-937.029
12000	304	566.88	67.3204
12000	305	-607.792	-495.265
12000	306	-983.789	-1513.44
12000	307	-277.401	-1203.73
12000	308	-961.544	-127.147
12000	309	-1138.12	510.382
12000	310	-182.755	-41.5991
12000	311	225.286	-435.187
12000	312	151.164	-118.009
12000	313	-340.482	-748.708
12000	314	-174.332	511.426
12000	315	482.651	545.999
12000	316	-411.06	-457.731
12000	317	587.297	-1296.75
12000	318	-742.295	-1704.37
12000	319	-475.413	-405.824
12000	320	-14.193	287.752
12000	321	184.99	-633.192
12000	322	-424.22	527.084
12000	323	695.747	818.962
12000	324	257.784	641.578
12000	325	-744.668	1660.71
12000	326	-1081.17	111.711
12000	327	464.661	336.426
12000	328	-604.519	791.923
12000	329	832.365	-244.213
12000	330	-46.0197	1470.57
12000	331	288.747	-1263.72
12000	332	340.06	-454.079
12000	333	-334.25	-164.638
12000	334	-428.732	-1579.88
12000	335	-419.318	-144.961
12000	336	-214.367	1110.13
12000	337	12.1704	558.899
12000	338	554.722	-719.705
12000	339	-465.095	788.883
12000	340	-879.046	-647.375
12000	341	122.879	1096.97
12000	342	537.638	-1628.74
12000	343	-923.133	153.267
12000	344	-827.548	-1034.73
12000	345	202.01	-970.281
12000	346	-416.853	-1364.89
12000	347	-268.676	-652.016
12000	348	1273.02	-574.238
12000	349	181.593	335.252
12000	350	386.92	-535.559
12000	351	477.071	83.6647
12000	352	975.555	-70.5437
12000	353	-116.322	54.6641
12000	354	-86.2657	-2146.37
12000	355	274.214	-205.97
12000	356	150.708	957.75
12000	357	-113.584	-240.603
12000	358	-1168.09	-34.593
12000	359	85.0417	-404.021
12000	360	807.821	1074.23
12000	361	-73.6332	-104.563
12000	362	-467.952	360.402
12000	363	-202.257	835.692
12000	364	-574.583	261.554
12000	365	-119.837	609.004
12000	366	472.17	463.889
12000	367	566.453	413.349
12000	368	-31.6269	455.844
12000	369	203.709	-1321.68
12000	370	378.906	711.385
12000	371	-187.208	-1918.18
12000	372	322.978	-248.787
12000	373	492.466	495.827
12000	374	-184.152	2366.06
12000	375	-79.3929	295.256
12000	376	-29.7002	46.2931
12000	377	376.103	1890.13
12000	378	-47.483	119.532
12000	379	-615.233	-989.457
12000	380	-681.635	512.23
12000	381	619.516	-2915.25
12000	382	702.965	-407.692
12000	383	-160.706	719.759
12000	384	566.88	-2214.24
12000	385	-552.885	915.874
12000	386	212.696	851.547
12000	387	158.218	223.471
12000	388	849.413	-1177.22
12000	389	124.947	163.084
12000	390	-184.198	66.8223
12000	391	137.676	377.475
12000	392	287.411	-1871.8
12000	393	-58.391	274.351
12000	394	383.664	280.897
12000	395	-192.999	251.645
12000	396	-664.715	1498.83
12000	397	-991.002	296.523
12000	398	-919.575	1051.24
12000	399	-541.661	-471.434
12000	400	453.462	636.286
12000	401	-302.083	317.883
12000	402	72.1902	843.116
12000	403	556.828	114.797
12000	404	-401.036	1778.04
12000	405	-701.524	-1073.73
12000	406	461.675	8.2179
12000	407	618.477	-593.131
12000	408	789.132	-273.139
12000	409	286.33	-1429.87
12000	410	-621.196	1304.12
12000	411	-602.223	-1058.76
12000	412	121.928	775.018
12000	413	-190.521	1243.25
12000	414	623.555	-862.791
12000	415	-571.371	104.395
12000	416	-563.881	-163.474
12000	417	201.14	1374.91
12000	418	-156.356	-2087.3
12000	419	-174.171	-370.251
12000	420	-626.053	-758.91
12000	421	-175.924	-40.2857
12000	422	-256.344	-670.044
12000	423	1211.97	10.8167
12000	424	-27.361	-678.811
12000	425	436.149	32.7361
12000	426	83.3077	-506.513
12000	427	105.757	-28.296
12000	428	100.28	-976.162
12000	429	6.58297	529.794
12000	430	-345.807	3159.29
12000	431	666.556	2675.07
12000	432	-975.467	-831.697
12000	433	178.302	-544.63
12000	434	257.881	814.044
12000	435	-227.861	-1026.85
12000	436	-435.797	591.597
12000	437	-343.006	-985.128
12000	438	476.163	13.0344
12000	439	176.763	-977.01
12000	440	-98.7656	-649.618
12000	441	515.594	-1169.41
12000	442	134.011	2362.34
12000	443	-716.717	-400.892
12000	444	452.781	30.1885
12000	445	0.0670338	-1114
12000	446	-662.718	-1042.27
12000	447	84.3947	909.712
12000	448	151.257	54.3128
12000	449	-380.59	-514.058
12000	450	488.987	534.678
12000	451	170.779	-111.124
12000	452	1081.19	-162.234
12000	453	615.008	449.311
12000	454	-933.203	-19.632
12000	455	-566.349	-1524.16
12000	456	-478.719	575.516
12000	457	-250.153	378.793
12000	458	341.172	499.904
12000	459	634.29	-1134.88
12000	460	-192.914	-672.001
12000	461	-1028.86	1150.52
12000	462	16.8372	1794.59
12000	463	-298.877	111.233
12000	464	450.389	769.937
12000	465	1206.05	369.645
12000	466	585.861	-872.341
12000	467	-1234.09	161.878
12000	468	816.715	651.29
12000	469	-785.597	-214.53
12000	470	427.375	-300.325
12000	471	-274.416	-624.219
12000	472	166.732	101.488
12000	473	142.098	1830.31
12000	474	824.584	584.831
12000	475	-177.91	869.188
12000	476	231.424	100.209
12000	477	-446.69	-181.582
12000	478	461.593	-52.2512
12000	479	1182.77	1723.62
12000	480	-68.1944	-646.014
12000	481	-287.479	405.412
12000	482	-616.206	244.98
12000	483	-64.2012	-11.9193
12000	484	-1584.51	-234.697
12000	485	-383.137	1132.72
12000	486	162.947	438.186
12000	487	502.567	128.003
12000	488	460.288	-669.961
12000	489	-903.997	1623.52
12000	490	-970.248	119.963
12000	491	-106.773	-892.639
12000	492	278.778	-616.569
12000	493	-122.829	675.148
12000	494	359.071	957.388
12000	495	243.095	-48.486
12000	496	-584.69	187.396
12000	497	1168.16	561.492
12000	498	-721.258	-1230.95
12000	499	30.2153	831.892
14000	0	41.5435	-948.583
14000	1	376.912	1095.7
14000	2	257.635	209.897
14000	3	-439.958	130.657
14000	4	-34.7081	-3086.6
14000	5	1521.7	-931.291
14000	6	1044.3	56.6285
14000	7	54.6358	1106.92
14000	8	853.063	480.822
14000	9	-362.154	-45.7611
14000	10	363.845	-553.322
14000	11	167.091	-1175.31
14000	12	538.994	260.026
14000	13	1404.96	-490.99
14000	14	-137.563	-31.7606
14000	15	1254.61	527.106
14000	16	-702.915	-731.806
14000	17	756.014	1381.64
14000	18	-662.708	1597.71
14000	19	188.509	-1010.49
14000	20	-173.277	764.094
14000	21	2037.47	-206.409
14000	22	-1370.99	-1732.6
14000	23	1069.49	-106.921
14000	24	300.399	21.4252
14000	25	-9.86292	472.093
14000	26	149.246	295.479
14000	27	-764.311	-481.578
14000	28	231.893	-174.328
14000	29	-926.014	408.829
14000	30	-1136.38	-487.577
14000	31	414.176	-173.017
14000	32	-89.1671	1100.79
14000	33	519.81	-197.923
14000	34	-522.617	-1287.19
14000	35	381.543	1483.26
14000	36	527.762	918.091
14000	37	635.596	-616.658
14000	38	-688.743	920.142
14000	39	71.7398	-507.228
14000	40	-634.482	581.829
14000	41	-391.976	897.3
14000	42	-32.3041	2250.56
14000	43	496.779	495.682
14000	44	15.4295	1183.43
14000	45	-145.933	1680.28
14000	46	-1075.82	222.685
14000	47	-136.599	644.825
14000	48	-989.516	1499.02
14000	49	-348.282	1450.3
14000	50	1062.64	240.749
14000	51	1478.05	738.636
14000	52	847.705	421.896
14000	53	-890.836	1084.14
14000	54	484.404	551.855
14000	55	93.4198	-1144.31
14000	56	344.226	-295.861
14000	57	-97.1807	550.864
14000	58	-1671.49	-669.435
14000	59	-341.359	622.228
14000	60	-991	-1629.71
14000	61	547.181	-732.113
14000	62	277.177	-1778.5
14000	63	-1408.89	2281.81
14000	64	-1109.25	-1034.25
14000	65	-50.4503	-1990.06
14000	66	134.317	1596.21
14000	67	661.561	-1309.25
14000	68	-551.637	1565.93
14000	69	-453.669	-1341
14000	70	789.128	-1018.8
14000	71	1019.13	-99.0553
14000	72	-364.183	-429.589
14000	73	-1163.12	62.6038
14000	74	995.297	929.262
14000	75	556.942	-1104.28
14000	76	707.17	372.603
14000	77	-967.511	150.504
14000	78	-1464.02	849.278
14000	79	1137.38	80.1414
14000	80	494.823	-479.876
14000	81	-408.061	-26.4519
14000	82	446.222	-1602.09
14000	83	163.691	-2009.31
14000	84	-639.822	257.159
14000	85	270.082	523.008
14000	86	578.493	1026.4
14000	87	-429.962	387.533
14000	88	33.6186	313.12
14000	89	41.3932	774.133
14000	90	-635.641	131.191
14000	91	-97.3615	1019.92
14000	92	-421.649	245.417
14000	93	-309.262	-5.92207
14000	94	-91.9703	-940.3
14000	95	-5.08146	736.461
14000	96	829.021	-274.732
14000	97	-174.102	913.278
14000	98	481.518	242.94
14000	99	67.8247	-1217.06
14000	100	-2.32313	-191.507
14000	101	1784.39	1241.93
14000	102	410.952	-88.9655
14000	103	431.53	243.966
14000	104	57.4282	-1258.85
14000	105	464.44	-452.222
14000	106	-1241.48	-677.584
14000	107	1355.21	-551.958
14000	108	-963.155	-370.773
14000	109	446.75	1439.58
14000	110	-188.572	1259.24
14000	111	-649.768	460.243
14000	112	-1178.15	821.589
14000	113	-718.912	258.772
14000	114	-192.656	1018.22
14000	115	-1018.53	687.082
14000	116	-268.262	181.781
14000	117	-343.324	108.515
14000	118	1517.41	-1362.79
14000	119	620.128	-52.3459
14000	120	-457.789	112.312
14000	121	-34.1202	1691.81
14000	122	96.3209	-156.51
14000	123	-269.011	13.0309
14000	124	86.1338	2078.65
14000	125	2304.28	787.492
14000	126	-1556.15	764.966
14000	127	1540.68	-1522.63
14000	128	-1193.67	1170.27
14000	129	537.398	560.43
14000	130	-1154.52	-43.5547
14000	131	295.573	-566.495
14000	132	-140.982	-1458.69
14000	133	-812.144	-849.878
14000	134	-528.786	-296.306
14000	135	-661.047	-1063.7
14000	136	848.851	-645.177
14000	137	-810.968	492.389
14000	138	796.864	322.506
14000	139	290.352	-826.841
14000	140	-793.813	1541.54
14000	141	170.806	987.42
14000	142	-817.257	3004.02
14000	143	543.172	332.457
14000	144	-863.19	-209.778
14000	145	-633.504	48.7447
14000	146	1030.39	1193.62
14000	147	-430.238	-1131.67
14000	148	425.235	-976.069
14000	149	-41.5671	-2184.32
14000	150	937.083	1989.82
14000	151	348.372	-781.902
14000	152	-460.341	-883.24
14000	153	305.492	-336.16
14000	154	478.908	-1034.79
14000	155	46.511	1403.17
14000	156	-21.765	-1408.96
14000	157	240.511	-1699.96
14000	158	667.457	743.48
14000	159	-737.534	730.81
14000	160	1153.28	16.6969
14000	161	-16.6133	511.525
14000	162	-750.857	-116.977
14000	163	1594.44	1037.7
14000	164	-845.24	343.412
14000	165	-1449.84	-155.615
14000	166	320.521	-1556.17
14000	167	254.244	121.898
14000	168	-301.362	25.3014
14000	169	188.044	17.7086
14000	170	-713.413	908.989
14000	171	90.9049	872.201
14000	172	-269.404	-682.23
14000	173	-39.9437	-1845.48
14000	174	-87.9441	-964.988
14000	175	-314.457	-431.371
14000	176	120.933	1271.09
14000	177	-1166.19	1290.99
14000	178	993.942	-1465.61
14000	179	231.482	-693.841
14000	180	-246.356	-1022.3
14000	181	602.412	-1866.2
14000	182	478.365	-320.909
14000	183	-207.622	1181.54
14000	184	704.028	1991.36
14000	185	-563.925	-1317.64
14000	186	-1695.53	77.3081
14000	187	-1068.7	716.205
14000	188	-120.669	215.367
14000	189	1627.25	436.138
14000	190	131.83	1320.46
14000	191	92.4983	-939.255
14000	192	-1093.86	539.785
14000	193	-355.306	-423.25
14000	194	-286.433	475.636
14000	195	-902.121	-535.878
14000	196	-1297.55	8.77266
14000	197	-81.4484	1308.19
14000	198	-960.435	951.571
14000	199	197.183	359.972
14000	200	483.333	1380.48
14000	201	-133.065	568.209
14000	202	336.774	2060.17
14000	203	-1260.58	1206.96
14000	204	708.274	684.592
14000	205	-937.155	-340.853
14000	206	-268.005	1016.73
14000	207	-433.6	306.733
14000	208	-430.928	-1323.61
14000	209	474.593	889.886
14000	210	-255.806	-754.365
14000	211	33.1109	1350.41
14000	212	-399.949	109.16
14000	213	406.771	-1357.25
14000	214	-844.213	-1216.2
14000	215	1330.03	145.985
14000	216	-582.523	-596.813
14000	217	981.874	480.224
14000	218	-54.8744	1085.18
14000	219	-147.716	986.164
14000	220	-1444.46	-389.437
14000	221	465.564	-632.171
14000	222	-600.8	-1591.65
14000	223	-1432.21	-1219.35
14000	224	674.965	1429.71
14000	225	-244.67	63.2959
14000	226	-172.987	-1657.29
14000	227	1072.28	-1215.05
14000	228	-966.707	859.961
14000	229	-1226.67	-122.682
14000	230	835.065	273.802
14000	231	1276.22	561.447
14000	232	-884.136	-510.72
14000	233	-281.299	-127.164
14000	234	11.5381	-767.859
14000	235	-1558.9	-1247.03
14000	236	-512.543	-787.76
14000	237	-831.018	19.3322
14000	238	888.532	503.714
14000	239	343.999	616.666
14000	240	670.326	284.103
14000	241	115.65	1928.9
14000	242	193.344	801.18
14000	243	1249.15	-809.907
14000	244	-236.615	-817.006
14000	245	-281.323	-650.171
14000	246	792.43	150.118
14000	247	987.894	-858.799
14000	248	-347.839	1240.9
14000	249	284.402	817.102
14000	250	-638.723	479.399
14000	251	-43.1728	517.055
14000	252	-572.776	-884
14000	253	574.672	-261.636
14000	254	-54.5493	-986.664
14000	255	0.706072	-223.58
14000	256	-773.313	-630.001
14000	257	832.36	389.243
14000	258	1351.22	776.607
14000	259	1077.9	901.134
14000	260	-83.4265	1.48756
14000	261	271.522	-914.537
14000	262	1142.94	-783.831
14000	263	-1063.06	-894.739
14000	264	613.13	1536.2
14000	265	-33.6354	-88.4565
14000	266	110.887	-753.408
14000	267	-328.345	1304.2
14000	268	-156.084	-1002.35
14000	269	1279.36	166.659
14000	270	89.4126	515.151
14000	271	-426.637	974.694
14000	272	462.173	-8.97797
14000	273	-53.1039	-837.345
14000	274	-158.219	-1567.84
14000	275	1382.42	157.077
14000	276	527.198	-1215.92
14000	277	501.554	-344.052
14000	278	-888.492	928.442
14000	279	979.98	491.354
14000	280	-345.94	804.307
14000	281	-462.267	-915.881
14000	282	736.316	-765.005
14000	283	263.056	-677.503
14000	284	-883.33	249.435
14000	285	-565.769	-599.248
14000	286	-985.343	-488.25
14000	287	-302.32	82.5222
14000	288	-674.586	1755.13
14000	289	-1454.92	1693.56
14000	290	680.499	-708.543
14000	291	-841.458	-1371.05
14000	292	-249.779	-866.568
14000	293	-427.285	660.774
14000	294	-417.678	-380.098
14000	295	885.812	483.704
14000	296	-290.721	-1468.48
14000	297	-291.903	452.309
14000	298	-402.041	-356.866
14000	299	-1305.71	663.16
14000	300	-66.8387	-788.117
14000	301	308.599	-1795.1
14000	302	1165.53	180.676
14000	303	271.439	-387.825
14000	304	881.619	132.069
14000	305	-549.482	-924.356
14000	306	-1062.68	-1297.35
14000	307	-588.024	-1280.68
14000	308	-740.48	-91.0474
14000	309	-717.299	669.771
14000	310	-4.82429	103.27
14000	311	245.667	-692.132
14000	312	255.204	-148.703
14000	313	262.585	-552.884
14000	314	-109.186	-123.249
14000	315	125.382	352.472
14000	316	-610.176	94.5203
14000	317	527.4	-1144.56
14000	318	-838.108	-1362.93
14000	319	-715.406	-618.481
14000	320	29.7675	371.024
14000	321	88.8319	-864.099
14000	322	-682.453	715.302
14000	323	674.132	1254.26
14000	324	337.31	232.465
14000	325	-702.421	1894.56
14000	326	-759.825	-1030.67
14000	327	464.228	504.558
14000	328	-536.615	791.642
14000	329	931.573	-142.129
14000	330	-9.06496	1788.41
14000	331	190.594	-1418.38
14000	332	280.288	-816.104
14000	333	-451.951	-213.813
14000	334	-352.95	-1505.93
14000	335	-56.6959	574.562
14000	336	101.083	1017.41
14000	337	-56.8511	1042.15
14000	338	579.649	-833.482
14000	339	-107.252	515.73
14000	340	-1315.25	-449.165
14000	341	241.218	925.419
14000	342	478.748	-1443.29
14000	343	-501.939	375.232
14000	344	-419.042	-761.95
14000	345	189.777	-591.256
14000	346	-38.2398	-1663.44
14000	347	-514.23	-731.271
14000	348	1414.26	-519.828
14000	349	113.208	344.987
14000	350	-52.6347	-371.277
14000	351	51.4156	-52.3284
14000	352	936.389	-313.287
14000	353	-12.5517	-477.038
14000	354	134.508	-2144.52
14000	355	198.853	-966.026
14000	356	57.7904	1439.86
14000	357	-193.175	-414.535
14000	358	-586.543	-81.606
14000	359	-157.994	-1482.73
14000	360	248.609	522.305
14000	361	-329.87	-746.144
14000	362	-546.384	-474.993
14000	363	-322.854	1283.47
14000	364	-532.699	526.008
14000	365	-748.59	1142.28
14000	366	1169.78	602.719
14000	367	770.06	945.548
14000	368	-321.672	440.725
14000	369	199.693	-618.704
14000	370	296.337	1023.35
14000	371	72.2595	-1983.8
14000	372	281.11	445.27
14000	373	1111.65	105.353
14000	374	-461.067	2115.24
14000	375	-400.791	444.663
14000	376	-25.6317	-106.397
14000	377	215.967	1924.27
14000	378	280.81	-272.367
14000	379	-481.938	-707.476
14000	380	-570.905	438.515
14000	381	480.956	-2271.86
14000	382	461.045	-788.501
14000	383	118.17	371.932
14000	384	813.675	-2285.42
14000	385	-813.616	636.682
14000	386	227.186	889.932
14000	387	-147.355	488.469
14000	388	708.564	-1462.7
14000	389	-279.481	116.375
14000	390	-77.4564	230.134
14000	391	-139.769	537.536
14000	392	229.405	-1806.67
14000	393	-34.3619	-474.063
14000	394	791.202	-51.8568
14000	395	-469.666	69.5981
14000	396	-436.844	1713.22
14000	397	-1313.57	466.204
14000	398	-741.148	532.355
14000	399	-658.733	-391.58
14000	400	133.151	518.586
14000	401	-665.885	936.388
14000	402	228.633	937.995
14000	403	554.837	370.914
14000	404	-272.437	1737.01
14000	405	-442.093	-781.389
14000	406	331.603	128.765
14000	407	976.606	-1168.1
14000	408	756.982	-779.208
14000	409	184.672	-743.992
14000	410	-444.841	963.743
14000	411	-925.181	-806.694
14000	412	20.0648	1055.89
14000	413	127.111	1495.37
14000	414	451.115	-711.833
14000	415	-70.4265	-376.281
14000	416	-744.148	-14.2168
14000	417	319.171	1836.18
14000	418	83.8229	-2066.27
14000	419	-43.2811	-451.187
14000	420	-882.634	-808.676
14000	421	-832.593	252.159
14000	422	-473.933	-787.631
14000	423	1190.13	161.498
14000	424	12.873	-660.917
14000	425	413.625	306.2
14000	426	-88.7999	-932.858
14000	427	-534.606	54.3379
14000	428	122.818	-348.71
14000	429	-48.091	-64.3001
14000	430	-67.6416	3556.86
14000	431	1009.84	2459.48
14000	432	-1571.98	-723.623
14000	433	313.997	-725.743
14000	434	296.332	932.006
14000	435	-108.263	-762.912
14000	436	-658.75	643.276
14000	437	-500.798	-1264.75
14000	438	592.466	539.184
14000	439	150.325	-572.215
14000	440	-246.498	-666.932
14000	441	522.665	-955.059
14000	442	271.053	2604.1
14000	443	-953.681	-720.363
14000	444	253.722	174.628
14000	445	195.506	-1731.01
14000	446	-502.658	-571.964
14000	447	185.78	934.862
14000	448	165.976	37.3507
14000	449	-236.436	-722.402
14000	450	467.809	322.811
14000	451	328.907	-160.158
14000	452	1241.76	14.7446
14000	453	631.672	42.2271
14000	454	-894.091	288.059
14000	455	-809.998	-1646.37
14000	456	-58.9539	710.558
14000	457	-150.898	604.654
14000	458	243.649	693.718
14000	459	692.82	-1222.62
14000	460	245.577	-1305.36
14000	461	-690.205	1021.9
14000	462	36.4811	2415.18
14000	463	-213.548	8.85839
14000	464	476.727	743.499
14000	465	1522.12	212.485
14000	466	629.845	-786.246
14000	467	-1360.39	46.6576
14000	468	589.237	243.417
14000	469	-1408.01	-188.632
14000	470	99.9584	-585.537
14000	471	-495.375	-1166.72
14000	472	68.3405	-422.723
14000	473	-264.423	1595.72
14000	474	841.97	821.445
14000	475	-259.646	828.496
14000	476	133.303	74.3392
14000	477	-879.669	-109.766
14000	478	262.438	-203.962
14000	479	1569.17	1968.5
14000	480	-177.323	-877.774
14000	481	-847.145	212.012
14000	482	-335.818	544.179
14000	483	259.748	-596.41
14000	484	-1636.52	-185.088
14000	485	-322.124	1466.52
14000	486	-298.433	350.108
14000	487	920.93	79.9867
14000	488	337.84	-579.446
14000	489	-620.276	1704.88
14000	490	-692.176	319.237
14000	491	-368.479	-693.549
14000	492	353.973	-49.4726
14000	493	262.078	512.79
14000	494	125.81	545.821
14000	495	483.911	-148.541
14000	496	-584.216	-1.22553
14000	497	1284.23	525.034
14000	498	-719.597	-1451.75
14000	499	61.9596	971.653
16000	0	-180.727	-1113.13
16000	1	775.614	780.588
16000	2	134.25	630.334
16000	3	-397.051	-68.2198
16000	4	66.2746	-2778.62
16000	5	1621.57	-398.972
16000	6	761.261	348.843
16000	7	173.322	1673.54
16000	8	1101.58	-98.4766
16000	9	-374.888	-377.092
16000	10	-174.221	-888.538
16000	11	29.2566	-946.589
16000	12	955.878	131.193
16000	13	1336.43	-240.963
16000	14	-330.412	-277.825
16000	15	1335.08	400.891
16000	16	-728.314	-734.992
16000	17	654.603	909.648
16000	18	-880.369	1606.06
16000	19	327.594	-883.352
16000	20	-336.465	1191.47
16000	21	1735.79	46.0764
16000	22	-1132.27	-1358.53
16000	23	989.179	-523.838
16000	24	483.582	-709.166
16000	25	-252.588	141.031
16000	26	205.468	256.694
16000	27	-1206.51	64.1075
16000	28	-169.41	-805.306
16000	29	-1254.96	650.732
16000	30	-1150.56	-927.069
16000	31	275.545	-549.859
16000	32	-307.611	1556.06
16000	33	643.107	-657.998
16000	34	-761.206	-892.163
16000	35	500.792	1249.97
16000	36	578.048	885.268
16000	37	756.664	-756.61
16000	38	-1129.25	835.82
16000	39	262.426	104.274
16000	40	-634.296	151.635
16000	41	-91.2675	1142.79
16000	42	-372.292	2540.33
16000	43	134.725	165.179
16000	44	-44.2982	1083.89
16000	45	-132.341	1743.46
16000	46	-819.442	208.816
16000	47	-815.302	160.467
16000	48	-629.464	2093.77
16000	49	-460.609	1541.31
16000	50	1104.77	368.346
16000	51	1535.38	730.406
16000	52	626.686	16.4911
16000	53	-929.576	1580.71
16000	54	896.374	78.7993
16000	55	111.926	-193.137
16000	56	339.548	-8.06371
16000	57	-785.914	256.756
16000	58	-1772.58	-285.352
16000	59	-390.451	813.309
16000	60	-988.941	-2530.04
16000	61	763.679	-830.511
16000	62	458.028	-1858.51
16000	63	-1572.66	2579.95
16000	64	-1256.84	-1557.71
16000	65	92.9016	-2093.86
16000	66	577.482	1678.63
16000	67	946.3	-637.945
16000	68	-473.524	1320.74
16000	69	-297.014	-1821.74
16000	70	543.49	-1400.66
16000	71	760.16	-446.108
16000	72	-285.803	-518.981
16000	73	-1086.44	499.398
16000	74	978.826	1293.09
16000	75	418.274	-1786.63
16000	76	642.99	616.097
16000	77	-1092.58	374.094
16000	78	-1525.14	588.054
16000	79	1260.11	304.888
16000	80	953.819	-50.6365
16000	81	-428.106	114.169
16000	82	387.062	-1434.97
16000	83	-94.9863	-2472.41
16000	84	-639.913	86.2713
16000	85	288.884	-23.9438
16000	86	757.163	615.359
16000	87	-531.551	860.2
16000	88	-114.526	276.684
16000	89	270.933	1468.34
16000	90	-874.183	123.176
16000	91	-59.6919	708.348
16000	92	-403.118	-34.8345
16000	93	-330.233	-114.475
16000	94	-131.086	-1397.66
16000	95	336.252	1230.12
16000	96	563.223	-188.047
16000	97	-32.6393	805.498
16000	98	559.237	519.411
16000	99	-193.54	-912.355
16000	100	-357.302	-298.78
16000	101	1624.86	1441.19
16000	102	429.819	-311.14
16000	103	423.033	397.783
16000	104	-382.92	-991.628
16000	105	480.161	-340.253
16000	106	-1341.12	-695.713
16000	107	1578.18	-820.344
16000	108	-1203.36	-513.955
16000	109	508.545	2332.43
16000	110	-131.621	776.049
16000	111	-189.952	-605.492
16000	112	-1379.21	1449.1
16000	113	-290.816	496.484
16000	114	-453.208	1257.94
16000	115	-1077.5	589.842
16000	116	-667.451	-108.781
16000	117	-281.987	210.973
16000	118	1637.72	-1730.76
16000	119	337.513	-330.852
16000	120	-397.935	-275.479
16000	121	-47.6194	1589.52
16000	122	76.5198	140.149
16000	123	-527.04	908.684
16000	124	150.555	2659.19
16000	125	1987.37	628.161
16000	126	-1835.29	4.44827
16000	127	1501.64	-1791.22
16000	128	-1246.78	1164.51
16000	129	320.833	701.919
16000	130	-1134.41	-0.0181113
16000	131	474.678	-1500.86
16000	132	459.139	-2027.25
16000	133	-855.607	-589.665
16000	134	-607.159	195.907
16000	135	-199.996	-1396.61
16000	136	710.21	-108.022
16000	137	-811.85	982.047
16000	138	391.374	605.82
16000	139	148.51	-737.398
16000	140	-850.284	1589.03
16000	141	30.4615	365.07
16000	142	-990.776	2118.78
16000	143	404.613	723.267
16000	144	-1044.2	-144.442
16000	145	-734.122	-106.749
16000	146	930.653	1186.1
16000	147	-589.24	-1670.67
16000	148	451.371	-1024.33
16000	149	-259.084	-1699.6
16000	150	1242.73	1685.8
16000	151	185.192	-285.023
16000	152	-499.425	-1314.95
16000	153	383.753	-296.478
16000	154	558.784	-1119.7
16000	155	189.756	1471.97
16000	156	-172.575	-1256.84
16000	157	183.174	-1558.42
16000	158	611.913	579.118
16000	159	-874.164	585.595
16000	160	931.967	-602.645
16000	161	-535.539	978.59
16000	162	-735.851	222.778
16000	163	1536.29	853.13
16000	164	-731.212	426.229
16000	165	-1411.95	383.925
16000	166	218.125	-2255.92
16000	167	337.573	-68.4709
16000	168	-177.326	326.935
16000	169	378.046	202.46
16000	170	-730.949	1003.25
16000	171	-54.3451	982.333
16000	172	-162.755	-1091.12
16000	173	396.98	-1558.39
16000	174	-327.341	-1638.49
16000	175	-197.435	-97.7506
16000	176	422.54	1330.5
16000	177	-1103.16	1747.72
16000	178	1011.33	-1377.52
16000	179	30.9375	-603.739
16000	180	-268.365	-1388.58
16000	181	677.927	-2102.68
16000	182	218.949	-163.724
16000	183	-166.557	1226.05
16000	184	400.239	1445.88
16000	185	-419.491	-1256.65
16000	186	-1919.05	280.098
16000	187	-665.203	120.15
16000	188	-472.543	272.107
16000	189	2043.94	163.983
16000	190	248.294	1306.18
16000	191	-205.302	-972.319
16000	192	-1574.51	567.522
16000	193	-56.3086	-63.2066
16000	194	-412.018	593.74
16000	195	-545.376	-933.267
16000	196	-1258.01	763.738
16000	197	165.39	1649.36
16000	198	-1020.21	1430.75
16000	199	116.16	-3.9459
16000	200	385.867	1828.7
16000	201	-158.124	586.246
16000	202	-51.7563	1807.75
16000	203	-975.39	1177.03
16000	204	522.178	449.012
16000	205	-1337.86	68.9696
16000	206	50.8007	1727.93
16000	207	-793.729	209.694
16000	208	-1070.05	-2027.32
16000	209	847.724	1092.12
16000	210	-472.432	-1253.31
16000	211	131.518	1823.71
16000	212	-645.693	161.211
16000	213	468.58	-1423.77
16000	214	-614.873	-1442.15
16000	215	1592.97	378.117
16000	216	-824.406	-504.345
16000	217	1181.85	355.37
16000	218	-221.074	1490.16
16000	219	-149.135	513.831
16000	220	-1550.15	-580.019
16000	221	287.432	-456.927
16000	222	-672.032	-2167.27
16000	223	-1113.4	-1150.03
16000	224	1035.13	1046.38
16000	225	-327.856	-231.403
16000	226	47.7633	-1157.16
16000	227	1392.45	-1426.69
16000	228	-1146.46	588.492
16000	229	-1027.08	-538.963
16000	230	974.565	522.672
16000	231	1016.22	502.222
16000	232	-922.693	-808.005
16000	233	-233.402	-549.577
16000	234	116.084	-499.593
16000	235	-1657.46	-899.251
16000	236	-585.847	-373.311
16000	237	-931.74	-1299.7
16000	238	927.621	-236.387
16000	239	182.181	939.179
16000	240	573.995	832.824
16000	241	-446.606	2062
16000	242	312.758	1120.81
16000	243	1585.81	-832.575
16000	244	-167.78	-1066.23
16000	245	-527.26	-577.727
16000	246	751.527	88.6383
16000	247	1250.11	-405.952
16000	248	-128.372	1138.25
16000	249	46.9222	1044.03
16000	250	-377.423	54.1269
16000	251	-203.398	540.208
16000	252	-1059.04	-225.511
16000	253	873.116	-415.765
16000	254	-74.5011	-563.497
16000	255	283.586	526.85
16000	256	-1054.65	-646.304
16000	257	308.846	436.695
16000	258	1472.94	1104.76
16000	259	1153.61	590.864
16000	260	-122.82	-202.82
16000	261	-122.614	-649.898
16000	262	682.722	-326.064
16000	263	-1518.24	-1189.09
16000	264	1115.78	1706.33
16000	265	-256.289	15.9311
16000	266	331.571	-1361.04
16000	267	-567.866	1589.59
16000	268	-272.96	-1360.12
16000	269	1140.36	-24.0834
16000	270	527.389	1014.48
16000	271	-524.209	706.614
16000	272	357.804	440.969
16000	273	-733.44	-575.598
16000	274	-94.7933	-1769.93
16000	275	1854.28	-159.099
16000	276	505.881	-1172.39
16000	277	943.97	-686.947
16000	278	-510.263	1154.69
16000	279	739.765	1032.49
16000	280	-525.313	978.159
16000	281	-560.773	-1301.75
16000	282	644.262	-29.6575
16000	283	259.265	-659.344
16000	284	-784.925	212.269
16000	285	-786.052	-785.137
16000	286	-967.314	-199.101
16000	287	-376.903	323.379
16000	288	-700.642	2217.38
16000	289	-1207.79	1797.77
16000	290	620.291	-446.46
16000	291	-754.447	-1443.15
16000	292	48.2354	-25.4583
16000	293	-407.745	428.255
16000	294	-7.87883	-805.364
16000	295	684.992	-42.9613
16000	296	-360.376	-1441.37
16000	297	-331.951	404.423
16000	298	-170.653	-280.738
16000	299	-1603.73	1194.5
16000	300	-478.781	-1290.92
16000	301	128.354	-1373.35
16000	302	1226.04	-190.45
16000	303	590.269	-480.879
16000	304	970.588	-78.0574
16000	305	-450.03	-1287.55
16000	306	-1041.41	-1385.06
16000	307	-1099.69	-1111.31
16000	308	-781.515	-154.285
16000	309	-799.737	392.883
16000	310	-224.108	568.966
16000	311	364.084	-665.028
16000	312	295.718	119.427
16000	313	279.506	-1282.36
16000	314	33.0177	-88.8866
16000	315	326.017	-214.245
16000	316	-649.728	-87.3374
16000	317	627.746	-1114.07
16000	318	-922.133	-1585.17
16000	319	-515.64	-506.836
16000	320	-31.846	237.878
16000	321	648.407	-1416.88
16000	322	-722.122	393.969
16000	323	653.619	1057.35
16000	324	78.516	364.637
16000	325	-626.536	1515.28
16000	326	-560.186	-1116.18
16000	327	-152.018	423.732
16000	328	-979.61	757.95
16000	329	690.179	119.194
16000	330	191.954	1743.9
16000	331	306.922	-846.879
16000	332	622.114	-1886.92
16000	333	-571.066	-369.801
16000	334	27.5065	-1414.44
16000	335	-416.154	586.666
16000	336	22.4385	1463.09
16000	337	-249.912	656.855
16000	338	676.829	-391.741
16000	339	-44.9423	346.98
16000	340	-1056.82	-723.508
16000	341	221.394	966.387
16000	342	718.107	-1222.25
16000	343	-401.107	434.348
16000	344	-677.825	-855.796
16000	345	258.457	-253.137
16000	346	-98.4917	-1418.64
16000	347	52.2881	-515.717
16000	348	1474.54	-125.682
16000	349	372.587	661.403
16000	350	-92.6716	-329.729
16000	351	292.514	195.843
16000	352	756.004	-440.156
16000	353	-255.188	-446.96
16000	354	291.475	-1807.52
16000	355	15.4186	-1239.31
16000	356	563.341	1390.35
16000	357	7.37542	46.3858
16000	358	-187.628	105.395
16000	359	225.265	-2516.11
16000	360	629.592	43.8031
16000	361	-101.339	-946.296
16000	362	-848.065	-113.313
16000	363	186.515	1260.45
16000	364	-576.521	629.344
16000	365	-629.584	634.811
16000	366	953.877	226.443
16000	367	827.84	782.777
16000	368	-130.879	64.4568
16000	369	-420.383	-1688
16000	370	177.488	983.968
16000	371	-28.8097	-1864.46
16000	372	583.081	149.145
16000	373	911.431	-190.579
16000	374	-590.194	2723.63
16000	375	-1.20021	593.353
16000	376	-288.945	-582.361
16000	377	-285.885	2181.12
16000	378	194.304	-652.822
16000	379	-840.847	-158.703
16000	380	-652.276	-205.191
16000	381	398.905	-2179.33
16000	382	861.942	-546.065
16000	383	-101.135	145.633
16000	384	848.885	-2456.22
16000	385	-933.54	423.378
16000	386	492.271	826.024
16000	387	-117.926	-305.845
16000	388	628.641	-1692.99
16000	389	-540.313	295.831
16000	390	-142.161	-296.858
16000	391	-57.6669	428.173
16000	392	288.826	-2050.91
16000	393	-336.895	442.29
16000	394	832.351	-88.4452
16000	395	-790.189	-214.189
16000	396	-414.204	1662.58
16000	397	-1696.02	42.6013
16000	398	-836.167	302.162
16000	399	-681.573	-506.976
16000	400	210.47	623.194
16000	401	-285.403	1587.65
16000	402	93.3309	763.683
16000	403	475.418	-60.4897
16000	404	-412.58	1755.87
16000	405	-59.889	-825.179
16000	406	171.232	-283.495
16000	407	1177.49	-1759.87
16000	408	1078.52	-764.692
16000	409	388.194	-986.729
16000	410	-144.724	895.108
16000	411	-864.855	-1011.56
16000	412	-106.464	684.24
16000	413	274.062	1502.42
16000	414	207.109	-713.487
16000	415	-237.511	255.296
16000	416	-284.998	559.942
16000	417	199.08	1490.6
16000	418	164.535	-2401.55
16000	419	-830	-1057.8
16000	420	-445.405	-1198
16000	421	-934.626	286.197
16000	422	4.42649	-526.199
16000	423	1450.53	-97.173
16000	424	129.593	-995.205
16000	425	274.153	452.996
16000	426	12.5652	-1176.07
16000	427	-665.599	-284.925
16000	428	-98.006	-710.017
16000	429	-39.8094	-406.052
16000	430	-146.364	3838.28
16000	431	1149.36	2289.82
16000	432	-1512.17	53.351
16000	433	98.7033	-798.057
16000	434	56.3845	496.636
16000	435	-228.612	-204.131
16000	436	-898.503	687.002
16000	437	16.5074	-1585.17
16000	438	877.31	634.108
16000	439	-50.6175	-1191.86
16000	440	141.536	-386.594
16000	441	403.219	-488.217
16000	442	38.9461	2256.61
16000	443	-1151.75	-680.166
16000	444	34.1246	763.218
16000	445	-133.536	-1567.28
16000	446	-725.865	-734.984
16000	447	525.976	1167.66
16000	448	589.276	-116.535
16000	449	-200.515	-661.248
16000	450	29.3151	-182.658
16000	451	250.968	-657.004
16000	452	883.409	824.592
16000	453	831.609	-156.722
16000	454	-785.918	288.98
16000	455	-510.967	-1512.95
16000	456	-179.46	1443.88
16000	457	168.348	261.212
16000	458	485.274	1383.59
16000	459	532.268	-1299.27
16000	460	189.677	-1760.62
16000	461	-827.916	1011.24
16000	462	-403.896	3081.87
16000	463	-56.0487	-433.403
16000	464	756.702	1039.32
16000	465	1833.29	-375.598
16000	466	926.931	-803.753
16000	467	-1193.08	-50.0348
16000	468	898.402	-341.556
16000	469	-1344.99	-151.378
16000	470	109.024	-835.259
16000	471	-516.225	-785.378
16000	472	133.552	-741.562
16000	473	-235.773	1427.88
16000	474	721.278	1426.2
16000	475	-360.27	400.167
16000	476	-106.523	234.55
16000	477	-925.516	-425.47
16000	478	173.463	-94.7208
16000	479	1742.6	2196.45
16000	480	-492.012	-984.274
16000	481	-749.102	430.114
16000	482	-377.195	386.587
16000	483	656.887	-731.824
16000	484	-1956.25	-39.7458
16000	485	-403.36	490.136
16000	486	-334.873	79.9577
16000	487	400.883	679.146
16000	488	-42.0796	-555.007
16000	489	-301.194	1391.56
16000	490	-573.04	1056.72
16000	491	-626.713	-249.485
16000	492	21.2321	-3.54033
16000	493	282.564	496.113
16000	494	206.51	282.347
16000	495	839.574	-530.534
16000	496	-824.089	517.922
16000	497	1563.82	889.148
16000	498	-982.435	-506.607
16000	499	320.173	886.371
18000	0	-248.041	-811.751
18000	1	773.213	1451.64
18000	2	-64.3624	83.7674
18000	3	40.242	-507.48
18000	4	245.535	-2768.4
18000	5	1223.49	-459.838
18000	6	604.534	-269.98
18000	7	10.9358	1658.98
18000	8	1021.71	-905.331
18000	9	-141.168	48.9891
18000	10	-515.289	-1230.62
18000	11	356.391	-944.009
18000	12	1059.48	400.306
18000	13	673.2	371.453
18000	14	-239.643	283.226
18000	15	1715.36	398.294
18000	16	-730.193	-923.042
18000	17	776.155	906.782
18000	18	-998.67	1936.33
18000	19	191.098	22.2096
18000	20	-395.983	980.188
18000	21	1458.43	-30.8121
18000	22	-1030.57	-1445.45
18000	23	1070.15	-913.706
18000	24	663.645	-1003.76
18000	25	-592.175	-590.457
18000	26	287.871	601.993
18000	27	-1123.77	222.903
18000	28	-7.58908	-448.159
18000	29	-1165.49	640.745
18000	30	-1232.76	-826.753
18000	31	76.5834	-990.638
18000	32	-288.404	1460.66
18000	33	458.397	-264.076
18000	34	-881.874	-1250.71
18000	35	80.1828	1642.24
18000	36	2.26164	1011.84
18000	37	817.874	-1000.31
18000	38	-1425.24	1003.81
18000	39	434.353	-79.6212
18000	40	-694.542	-309.035
18000	41	-168.392	890.339
18000	42	-992.944	3416.85
18000	43	338.231	499.51
18000	44	403.758	1098.7
18000	45	-288.845	1489.73
18000	46	-394.898	-58.3694
18000	47	-676.384	-17.1295
18000	48	-465.066	1720.43
18000	49	-823.121	830.014
18000	50	1222.77	96.4383
18000	51	1791.48	508.201
18000	52	712.004	334.196
18000	53	-1611.86	1225.68
18000	54	1316.55	-464.878
18000	55	112.256	270.703
18000	56	-17.4116	158.399
18000	57	-1132.91	44.6591
18000	58	-2179.21	-472.528
18000	59	-201.36	648.391
18000	60	-1109.7	-2717.58
18000	61	382.797	-474.66
18000	62	257.261	-1979.79
18000	63	-1613.72	2728.57
18000	64	-1629.85	-1694.53
18000	65	68.8475	-2429.72
18000	66	631.715	1960.33
18000	67	580.564	-1044.11
18000	68	-401.076	1238.12
18000	69	-517.26	-2062.34
18000	70	589.574	-1310.12
18000	71	1398.62	-69.8232
18000	72	-600.409	-320.287
18000	73	-1049.13	628.494
18000	74	756.095	786.781
18000	75	496.32	-2133.38
18000	76	906.098	915.403
18000	77	-1290.57	83.2299
18000	78	-1284.25	1084.15
18000	79	1775.28	104.952
18000	80	1572.69	255.737
18000	81	-628.909	-343.844
18000	82	447.138	-1929.22
18000	83	162.033	-2485.52
18000	84	-699.694	-270.562
18000	85	-312.548	-133.887
18000	86	1159.12	691.969
18000	87	-770.719	788.337
18000	88	-505.144	618.381
18000	89	382.614	1784.34
18000	90	-553.403	-207.847
18000	91	21.5603	240.316
18000	92	-63.2412	214.676
18000	93	-631.209	107.858
18000	94	-13.9223	-1264.18
18000	95	295.65	1424.73
18000	96	720.101	-583.215
18000	97	-91.8073	759.482
18000	98	-97.7324	237.965
18000	99	-191.313	-1159.3
18000	100	-177.748	-563.43
18000	101	1345.33	1891.22
18000	102	412.016	-532.329
18000	103	287.631	348.276
18000	104	-362.11	-1008.84
18000	105	902.622	130.304
18000	106	-1318.68	-995.95
18000	107	1755.64	-1092.4
18000	108	-1277.11	-975.119
18000	109	366.198	3028.98
18000	110	-49.3979	1015.41
18000	111	-407.37	-1262.03
18000	112	-1318.99	650.908
18000	113	-172.629	395.755
18000	114	-123.351	673.45
18000	115	-1445.51	485.024
18000	116	-631.11	277.138
18000	117	-281.335	1367.83
18000	118	1936.13	-1784.25
18000	119	239.604	-830.806
18000	120	-586.651	-88.3907
18000	121	50.7187	2742.48
18000	122	-104.052	437.071
18000	123	-169.535	425.771
18000	124	444.122	2429.57
18000	125	2008.8	776.179
18000	126	-1618.07	225.609
18000	127	1822.11	-2382.93
18000	128	-1274.61	858.829
18000	129	123.937	984.97
18000	130	-1393.45	-191.407
18000	131	160.52	-1752.66
18000	132	-100.013	-1577.03
18000	133	-833.083	421.837
18000	134	-536.367	159.311
18000	135	-80.924	-1894.33
18000	136	570.966	-363.191
18000	137	-130.045	1022.33
18000	138	200.453	603.481
18000	139	-130.145	-430.125
18000	140	-1131.26	2137.46
18000	141	229.905	444.79
18000	142	-1143.94	1742.36
18000	143	202.518	558.502
18000	144	-1447.34	-205.836
18000	145	-1073.95	-2.23313
18000	146	1405.25	1157.13
18000	147	-968.078	-1071.69
18000	148	560.346	-1255.8
18000	149	-503.116	-1635.01
18000	150	1283.57	1852.07
18000	151	-13.4506	-90.7618
18000	152	-275.535	-1721.73
18000	153	304.106	-44.8377
18000	154	-43.8047	-1217.74
18000	155	127.758	1123.49
18000	156	-73.1821	-1792.27
18000	157	181.115	-1698.98
18000	158	668.724	226.036
18000	159	-594.636	579.034
18000	160	451.449	-578.352
18000	161	-878.792	862.001
18000	162	-877.347	73.6523
18000	163	1715.42	1159.32
18000	164	-899.097	142.913
18000	165	-967.637	-106.972
18000	166	338.283	-1922.89
18000	167	395.35	98.5061
18000	168	-400.108	654.789
18000	169	465.487	170.835
18000	170	-730.621	818.486
18000	171	-433.632	802.334
18000	172	91.0273	-1188.03
18000	173	299.524	-1710.74
18000	174	289.909	-1412.34
18000	175	59.6369	-48.6694
18000	176	277.196	1211.48
18000	177	-982.747	1841.83
18000	178	970.472	-1041.64
18000	179	-308.051	-462.759
18000	180	-83.8861	-1650.05
18000	181	202.567	-1834.16
18000	182	301.192	598.122
18000	183	-331.02	1404.83
18000	184	303.01	1518.46
18000	185	-630.347	-1498.9
18000	186	-1753.39	-139.702
18000	187	-937.514	-660.494
18000	188	-500.48	-166.464
18000	189	2244.87	38.5707
18000	190	366.846	1562.99
18000	191	-486.135	-807.055
18000	192	-1655.91	319.363
18000	193	318.967	-467.872
18000	194	-432.991	122.562
18000	195	-826.951	-665.004
18000	196	-1337.54	1391.34
18000	197	106.456	2302.08
18000	198	-578.593	1811.64
18000	199	-98.6866	11.8918
18000	200	43.3319	1517.37
18000	201	-65.1381	415.37
18000	202	-300.588	1062.01
18000	203	-777.639	1010.05
18000	204	640.972	1.4648
18000	205	-1497.24	423.762
18000	206	92.2551	1969.02
18000	207	-675.499	477.449
18000	208	-1331.08	-1353.21
18000	209	754.682	851.594
18000	210	-392.727	-1323.4
18000	211	184.375	1784.55
18000	212	-506.137	-122.007
18000	213	736.002	-1570.25
18000	214	-692.79	-2003.48
18000	215	1491.13	92.8391
18000	216	-202.2	-178.375
18000	217	1206.61	400.109
18000	218	-125.055	884.301
18000	219	31.2561	-570.794
18000	220	-1808.4	-893.494
18000	221	139.298	10.5225
18000	222	-501.324	-2107.16
18000	223	-1292.08	-1262.51
18000	224	1433.67	686.388
18000	225	-193.684	-434.584
18000	226	6.95648	-1559.45
18000	227	1412.53	-778.439
18000	228	-1365.63	558.165
18000	229	-1047.93	-896.67
18000	230	793.279	778.936
18000	231	1060.1	45.3324
18000	232	-742.144	-912.491
18000	233	-332.898	-915.118
18000	234	-126.319	-688.025
18000	235	-1118.21	-862.209
18000	236	-291.696	-736.274
18000	237	-989.32	-958.597
18000	238	648.098	-422.513
18000	239	172.591	1382.9
18000	240	872.871	1030.49
18000	241	-344.716	1799.11
18000	242	41.0467	1902.08
18000	243	1967.59	-1101.15
18000	244	-197.6	-1044.9
18000	245	-408.343	-480.161
18000	246	174.235	109.686
18000	247	1229.87	-266.253
18000	248	-545.046	1196.25
18000	249	85.3489	1101.46
18000	250	71.5226	329.003
18000	251	-224.24	107.157
18000	252	-927.352	15.1491
18000	253	813.643	-603.119
18000	254	187.537	-1357.01
18000	255	181.897	88.9984
18000	256	-1093.77	-853.745
18000	257	71.6871	-420.893
18000	258	1070.99	1167.76
18000	259	1357.18	562.882
18000	260	-520.639	-141.884
18000	261	-367.102	-579.225
18000	262	964.314	99.7886
18000	263	-1217.25	-794.089
18000	264	995.444	1928.74
18000	265	-353.806	-340.824
18000	266	-8.72285	-1470.23
18000	267	-827.268	1922.66
18000	268	-273.412	-1591.16
18000	269	1016.22	-6.27464
18000	270	328.285	930.871
18000	271	-464.369	468.789
18000	272	80.4851	420.852
18000	273	-970.076	-115.694
18000	274	-451.151	-2037.25
18000	275	2304.16	-372.442
18000	276	346.258	-300.953
18000	277	1140.5	-843.74
18000	278	-490.321	691.745
18000	279	713.542	1690.33
18000	280	-495.257	1736.56
18000	281	-417.53	-1719.5
18000	282	244.517	106.564
18000	283	399.499	-886.842
18000	284	-522.375	462.36
18000	285	-629.018	-860.943
18000	286	-618.231	236.722
18000	287	-460.447	367.78
18000	288	-557.854	1861.2
18000	289	-992.286	2162.94
18000	290	1224.84	-742.691
18000	291	-693.452	-1308.81
18000	292	647.928	-186.586
18000	293	-528.034	-32.4268
18000	294	323.899	-1079.42
18000	295	548.391	-417.121
18000	296	-210.84	-1158.81
18000	297	-730.609	172.14
18000	298	176.013	-228.837
18000	299	-1383.9	2052.64
18000	300	-868.941	-792.225
18000	301	6.86111	-1622.97
18000	302	1143.99	27.087
18000	303	552.389	-238.817
18000	304	967.809	-349.224
18000	305	-390.951	-1282.09
18000	306	-1264.13	-1186.83
18000	307	-1256.59	-889.998
18000	308	-317.766	197.509
18000	309	-962.922	406.157
18000	310	-244.307	633.358
18000	311	-115.704	-691.224
18000	312	593.5	27.3751
18000	313	0.567187	-647.721
18000	314	-122.891	-414.228
18000	315	502.552	440.662
18000	316	-949.417	-92.9328
18000	317	647.083	-968.138
18000	318	-761.806	-1424.02
18000	319	-140.129	-240.734
18000	320	-144.36	-647.709
18000	321	408.399	-1273.2
18000	322	-902.98	486.881
18000	323	457.394	1291.56
18000	324	-3.28976	-195.938
18000	325	-584.452	1015.11
18000	326	-758.829	-1065.78
18000	327	-373.561	113.08
18000	328	-1280.1	1162.68
18000	329	587.769	374.914
18000	330	172.823	1602.04
18000	331	-71.3394	-918.692
18000	332	358.325	-1836.66
18000	333	-111.128	-246.946
18000	334	-70.7645	-1374.67
18000	335	2.4741	649.666
18000	336	-177.53	1455.94
18000	337	-491.29	587.209
18000	338	799.837	-81.9756
18000	339	149.406	-167.748
18000	340	-938.032	-710.207
18000	341	23.6527	1103.46
18000	342	179.629	-703.783
18000	343	-381.791	368.234
18000	344	-756.327	-1336.19
18000	345	59.5939	61.4479
18000	346	-507.829	-1893.66
18000	347	331.07	-707.573
18000	348	1711.15	-584.416
18000	349	394.909	135.706
18000	350	128.6	-572.313
18000	351	193.815	249.543
18000	352	654.211	-576.053
18000	353	-33.5864	-8.77065
18000	354	431.804	-2211.79
18000	355	-714.908	-1785.05
18000	356	438.557	1155.64
18000	357	147.184	12.0104
18000	358	-128.482	886.281
18000	359	-296.72	-2038.86
18000	360	1030.32	-697.841
18000	361	-313.352	-416.025
18000	362	-908.122	-70.9737
18000	363	339.413	1662.75
18000	364	-633.765	806.675
18000	365	-247.133	944.602
18000	366	390.515	-294.277
18000	367	1189.32	425.024
18000	368	-110.11	794.837
18000	369	-139.096	-1551.12
18000	370	316.121	1569.3
18000	371	-45.954	-2276.19
18000	372	1082.5	273.669
18000	373	851.312	374.513
18000	374	-742.19	2599.48
18000	375	-223.042	616.755
18000	376	-227.293	-189.102
18000	377	-605.982	1913.95
18000	378	294.257	-994.058
18000	379	-701.618	-33.5363
18000	380	-540.889	349.628
18000	381	359.956	-2318.37
18000	382	865.497	-111.763
18000	383	118.302	-286.941
18000	384	856.707	-2433.37
18000	385	-1046.4	292.953
18000	386	429.614	608.496
18000	387	-399.415	317.333
18000	388	1088.95	-2283.54
18000	389	-873.215	646.405
18000	390	-41.9142	84.4254
18000	391	-153.386	179.863
18000	392	668.867	-1866.74
18000	393	3.41808	-178.69
18000	394	790.19	507.376
18000	395	-1230.27	426.786
18000	396	-184.585	1771.19
18000	397	-1792.54	368.655
18000	398	-1023.19	-688.462
18000	399	-822.323	-696.919
18000	400	111.718	405.493
18000	401	-363.228	1443.54
18000	402	-70.3025	548.678
18000	403	558.974	182.065
18000	404	-731.83	1749.07
18000	405	239.92	-1287.06
18000	406	627.511	-617.044
18000	407	999.841	-1382.59
18000	408	1195.5	-346.921
18000	409	-332.97	-793.796
18000	410	-23.1269	740.12
18000	411	-744.995	-250.221
18000	412	191.522	219.449
18000	413	386.782	936.985
18000	414	428.35	-325.812
18000	415	-271.544	-73.8005
18000	416	-184.131	241.37
18000	417	336.25	1364.92
18000	418	460.62	-2766.06
18000	419	-772.01	-988.082
18000	420	-441.018	-1215.84
18000	421	-516.406	2.5484
18000	422	132.951	-360.646
18000	423	1507.1	-91.7363
18000	424	190.134	-748.688
18000	425	254.778	979.31
18000	426	274.198	-754.14
18000	427	-685.753	-874.972
18000	428	-218.742	-978.607
18000	429	-550.764	-990.796
18000	430	-308.766	3703.24
18000	431	1430.2	2606.31
18000	432	-1214.48	-123.79
18000	433	453.842	-550.129
18000	434	596.189	678.721
18000	435	-146.674	-480.896
18000	436	-812.497	1180.54
18000	437	-112.309	-1763.09
18000	438	737.004	845.658
18000	439	111.691	-1039.33
18000	440	340.494	-230.572
18000	441	366.232	122.505
18000	442	-162.461	3207.11
18000	443	-995.743	-1015.17
18000	444	-27.4222	845.277
18000	445	32.7046	-1542.78
18000	446	-804.372	-630.754
18000	447	203.375	1346.96
18000	448	513.87	-138.315
18000	449	-161.199	-493.539
18000	450	187.234	-341.476
18000	451	430.353	-1054.73
18000	452	1240.95	281.284
18000	453	614.146	-328.069
18000	454	-647.64	153.04
18000	455	-172.83	-1516.98
18000	456	1.63315	1311.67
18000	457	368.618	117.313
18000	458	457.829	1580.45
18000	459	411.384	-2236.25
18000	460	-116.925	-1406.1
18000	461	-1230.11	1439.39
18000	462	-482.771	3120.48
18000	463	280.018	-231.25
18000	464	838.656	430.127
18000	465	2145.21	-28.2084
18000	466	1087.68	-750.772
18000	467	-1069.79	-514.862
18000	468	763.265	-43.2877
18000	469	-1125.85	38.1041
18000	470	167.699	-1322.22
18000	471	-629.238	-858.169
18000	472	330.108	-746.988
18000	473	-136.395	1269.03
18000	474	944.976	906.327
18000	475	-638.676	395.036
18000	476	-66.8378	35.9957
18000	477	-1264	-883.87
18000	478	180.942	181.16
18000	479	1697.93	1083.55
18000	480	-519.993	-1545.03
18000	481	-920.557	505.578
18000	482	-56.2008	576.593
18000	483	597.869	-548.853
18000	484	-1700.84	-134.595
18000	485	-722.316	163.652
18000	486	-354.363	183.601
18000	487	357.562	355.996
18000	488	114.557	-924.141
18000	489	-101.642	1593.29
18000	490	-989.98	889.243
18000	491	-785.982	14.9672
18000	492	-41.1754	-398.49
18000	493	604.475	127.132
18000	494	-94.0789	530.061
18000	495	860.724	-283.44
18000	496	-742.416	433.764
18000	497	1722.15	1062.5
18000	498	-802.926	-797.366
18000	499	280.005	1112.55
20000	0	-181.212	-987.638
20000	1	774.602	749.269
20000	2	-223.627	356.801
20000	3	239.82	-527.27
20000	4	-52.6194	-2377.25
20000	5	960.855	-862.791
20000	6	126.023	-657.159
20000	7	193.425	1258.76
20000	8	1122.28	-1023.14
20000	9	-741.673	-139.868
20000	10	-1056.88	-1227.44
20000	11	110.322	-1551.47
20000	12	1134.19	230.782
20000	13	892.399	250.641
20000	14	-379.648	168.912
20000	15	2126.67	1009.28
20000	16	-1089.37	-1157.22
20000	17	895.028	1224.81
20000	18	-901.563	2453.78
20000	19	-50.3543	631.083
20000	20	-295.888	1149.93
20000	21	896.067	-261.736
20000	22	-923.307	-995.836
20000	23	866.262	-1211.48
20000	24	319.984	-678.585
20000	25	-473.384	-586.178
20000	26	645.678	866.294
20000	27	-1005.72	649.521
20000	28	-129.868	-585.889
20000	29	-969.008	564.72
20000	30	-1194.71	-433.373
20000	31	-184.184	-731.719
20000	32	-322.285	1585.63
20000	33	320.617	434.011
20000	34	-960.416	-1239.79
20000	35	182.483	1748.14
20000	36	-61.4252	1606.44
20000	37	938.143	-1428.27
20000	38	-1607.29	984.21
20000	39	911.687	490.994
20000	40	-652.383	-624.317
20000	41	-209.819	977.846
20000	42	-894.153	3165.44
20000	43	428.642	900.647
20000	44	410.154	1348.71
20000	45	-251.732	1203.67
20000	46	-314.354	108.394
20000	47	-453.47	217.659
20000	48	-649.906	1637.85
20000	49	-1063.17	718.893
20000	50	1345.66	-345.606
20000	51	1906.95	571.214
20000	52	785.397	848.451
20000	53	-1691.74	1485.53
20000	54	1279.67	-485.905
20000	55	16.9259	-361.961
20000	56	86.1129	215.966
20000	57	-1298.38	-112.512
20000	58	-2093.09	-955.822
20000	59	16.0985	465.874
20000	60	-1265.11	-2490.56
20000	61	624.105	-870.553
20000	62	477.483	-1752.34
20000	63	-1619.96	2616.75
20000	64	-1936.25	-1901.42
20000	65	-218.052	-2507.74
20000	66	280.269	1660.16
20000	67	590.28	-991.195
20000	68	-995.455	1595.52
20000	69	-694.051	-1971.43
20000	70	250.797	-1391.28
20000	71	1103.49	-371.96
20000	72	-605.775	-623.087
20000	73	-1470.49	319.209
20000	74	18.4855	667.328
20000	75	-262.275	-2465.69
20000	76	1163.63	1075.07
20000	77	-971.552	163.99
20000	78	-1166.86	1306.88
20000	79	1254.39	147.549
20000	80	1432.77	362.324
20000	81	-1289.62	-73.0668
20000	82	567.664	-1815.88
20000	83	-293.748	-2084.24
20000	84	-862.538	-515.102
20000	85	69.1982	-240.204
20000	86	1497.11	959.004
20000	87	-872.142	565.375
20000	88	-526.113	763.494
20000	89	123.202	2021.94
20000	90	-49.2152	-369.031
20000	91	21.3273	540.409
20000	92	-21.6185	122.017
20000	93	-430.288	-38.7079
20000	94	-1.15819	-490.769
20000	95	895.245	1458.31
20000	96	578.721	-828.972
20000	97	-236.759	561.327
20000	98	-39.4314	157.527
20000	99	86.1542	-881.344
20000	100	-658.18	-893.31
20000	101	1065.87	1646.98
20000	102	111.473	-143.39
20000	103	387.479	85.0559
20000	104	-461.422	-838.935
20000	105	358.762	279.113
20000	106	-1159.85	-1239.22
20000	107	1903.81	-1138.95
20000	108	-1283.36	-937.33
20000	109	406.889	2928.69
20000	110	450.353	1774.84
20000	111	-262.014	-1681.91
20000	112	-1638.39	212.893
20000	113	251.705	32.2942
20000	114	-252.604	902.695
20000	115	-1420.81	716.003
20000	116	-447.69	93.1196
20000	117	-180.757	1700.52
20000	118	1756.96	-2321.92
20000	119	80.568	-770.942
20000	120	-517.174	-42.6458
20000	121	9.14788	3082.87
20000	122	-283.084	824.632
20000	123	-208.806	370.218
20000	124	884.336	2871.01
20000	125	2104.89	1029.35
20000	126	-1303.11	304.748
20000	127	1913.92	-2742.34
20000	128	-1418.51	1432.72
20000	129	-40.5624	1122.09
20000	130	-1349.74	-528.172
20000	131	430	-1953.98
20000	132	75.6051	-1546.8
20000	133	-1133.76	-84.2099
20000	134	-591.716	78.8918
20000	135	38.285	-1786.29
20000	136	281.75	-1004.84
20000	137	-428.546	1739.17
20000	138	503.767	135.222
20000	139	331.246	-570.898
20000	140	-910.72	1945.36
20000	141	-23.0535	-1.65241
20000	142	-1264.38	1966.73
20000	143	126.845	964.161
20000	144	-1488.38	-586.121
20000	145	-1126.76	-400.254
20000	146	1213.63	1033.02
20000	147	-1189.26	-1074.49
20000	148	1088.74	-1034.4
20000	149	-298.741	-1120.79
20000	150	1399.65	1478.12
20000	151	-34.9352	110.881
20000	152	-762.022	-1651.17
20000	153	745.757	173.613
20000	154	-360.784	-1010.72
20000	155	408.352	1227.03
20000	156	-518.967	-1971.3
20000	157	-115.124	-1629.13
20000	158	1113.81	429.099
20000	159	-410.981	322.158
20000	160	690.906	-135.734
20000	161	-1018.74	1145.26
20000	162	-1183.28	59.4897
20000	163	1536.69	1493.98
20000	164	-1072	56.2926
20000	165	-329.667	-737.861
20000	166	400.427	-2093.1
20000	167	275.092	-0.0837634
20000	168	-823.558	365.825
20000	169	569.422	-35.7884
20000	170	-790.077	1058.48
20000	171	-393.151	1189.37
20000	172	-403.785	-1094.2
20000	173	317.883	-1487.51
20000	174	210.61	-1344.89
20000	175	382.948	341.344
20000	176	521.155	1499.68
20000	177	-1085.98	1654.95
20000	178	1030.73	-722.149
20000	179	-588.482	-595.16
20000	180	-101.369	-1878.63
20000	181	341.058	-2032.69
20000	182	178.978	501.555
20000	183	-148.802	1312.62
20000	184	184.406	1701.5
20000	185	-943.803	-1554.63
20000	186	-1812.76	-624.127
20000	187	-1001.87	-983.895
20000	188	-501.357	229.256
20000	189	1767.35	202.597
20000	190	-90.0887	1334.42
20000	191	-571.29	-1175.63
20000	192	-1796.17	504.647
20000	193	178.091	-1460.19
20000	194	-523.37	487.386
20000	195	-865.587	-614.802
20000	196	-1335.55	1115.5
20000	197	547.21	2687.56
20000	198	-294.916	1838.3
20000	199	-32.6241	174.809
20000	200	43.5015	1844.57
20000	201	1.76181	305.715
20000	202	-619.95	1209.44
20000	203	-989.857	601.786
20000	204	220.037	341.225
20000	205	-1138.36	462.645
20000	206	112.698	2060.92
20000	207	-755.888	489.04
20000	208	-1345.85	-1372.61
20000	209	588.358	358.294
20000	210	-240.71	-1465.47
20000	211	433.487	1541.75
20000	212	-84.4608	-79.2705
20000	213	817.444	-1273.75
20000	214	-972.105	-2364.29
20000	215	1531.65	391.963
20000	216	-245.722	-710.111
20000	217	1207.05	323.869
20000	218	-485.404	1610.89
20000	219	151.14	-666.033
20000	220	-1421.27	-809.874
20000	221	107.225	-195.133
20000	222	-1141.64	-2672.6
20000	223	-1408.26	-1423.83
20000	224	980.546	979.421
20000	225	-195.426	-494.59
20000	226	248.535	-1883.74
20000	227	975.051	-973.736
20000	228	-965.441	330.127
20000	229	-1288.79	-896.126
20000	230	920.136	680.455
20000	231	1093.12	-450.468
20000	232	-561.692	-707.566
20000	233	-390.1	-1754.97
20000	234	-408.693	-1029.68
20000	235	-816.106	-633.573
20000	236	-729.354	-1098.09
20000	237	-1051.53	-588.345
20000	238	908.178	-602.947
20000	239	304.444	948.104
20000	240	1134.01	1556.47
20000	241	-185.712	1111.31
20000	242	151.524	1854.7
20000	243	2046.82	-1161.45
20000	244	-187.098	-1069.92
20000	245	-612.464	-824.168
20000	246	291.229	-177.218
20000	247	888.752	-28.5293
20000	248	-946.809	1071.6
20000	249	-56.2116	1223.92
20000	250	322.23	-287.206
20000	251	-672.975	42.0699
20000	252	-826.892	4.36208
20000	253	1034.87	-1339.73
20000	254	-133.109	-1676.56
20000	255	-169.055	1.83509
20000	256	-974.135	-1332.91
20000	257	294.455	-328.604
20000	258	812.798	1468
20000	259	1513.52	543.706
20000	260	-83.2038	-581.953
20000	261	-785.718	-219.279
20000	262	841.414	248.456
20000	263	-1477.1	-1155.15
20000	264	656.279	2133.12
20000	265	-613.624	87.0205
20000	266	353.537	-868.152
20000	267	-911.057	1872.92
20000	268	-635.007	-2057.89
20000	269	641.544	-355.069
20000	270	227.232	1240.93
20000	271	-745.459	851.292
20000	272	-97.1398	783.23
20000	273	-1350.64	-358.734
20000	274	-291.297	-1316.05
20000	275	1761.89	-296.849
20000	276	406.223	-687.883
20000	277	1020.65	-807.376
20000	278	-549.708	729.534
20000	279	434.798	2135.52
20000	280	-386.243	2165.23
20000	281	-677.411	-1661.4
20000	282	366.306	-85.3517
20000	283	442.837	-1075.7
20000	284	-477.328	340.703
20000	285	-700.547	-1169.9
20000	286	-668.309	169.368
20000	287	-298.082	873.033
20000	288	-820.11	2232.66
20000	289	-354.439	2090.81
20000	290	1123.49	-600.722
20000	291	-953.005	-1651.59
20000	292	971.026	-916.242
20000	293	-187.236	-112.336
20000	294	342.927	-1580.83
20000	295	1268.15	-431.205
20000	296	-207.443	-641.741
20000	297	-770.863	-19.8003
20000	298	-4.3817	-127.027
20000	299	-1388.75	1685.4
20000	300	-960.376	-624.951
20000	301	25.6744	-1700.39
20000	302	1142.94	-383.047
20000	303	790.948	-328.144
20000	304	829.171	307.771
20000	305	-548.241	-900.288
20000	306	-1633.14	-970.608
20000	307	-979.016	-645.699
20000	308	-32.8548	327.523
20000	309	-879.824	-62.9681
20000	310	-343.317	369.632
20000	311	-393.415	-1277.4
20000	312	475.711	214.892
20000	313	279.361	-776.815
20000	314	137.452	-350.006
20000	315	123.396	355.759
20000	316	-1193.44	-184.014
20000	317	724.677	-1710.8
20000	318	-1084.59	-1561.45
20000	319	-197.48	-2.83338
20000	320	-93.3539	-967.027
20000	321	209.963	-1343.88
20000	322	-1005.15	690.752
20000	323	894.75	1481.73
20000	324	93.6796	-73.8943
20000	325	-1024.4	926.215
20000	326	-600.967	19.2653
20000	327	-592.312	534.621
20000	328	-1522.33	962.589
20000	329	669.638	472.51
20000	330	52.374	1244.04
20000	331	-612.637	-623.436
20000	332	79.5138	-2393.37
20000	333	-32.505	-139.132
20000	334	50.8105	-1567.16
20000	335	-74.869	1463.95
20000	336	-238.618	1145.07
20000	337	-850.556	514.237
20000	338	1276.36	206.406
20000	339	158.291	-214.829
20000	340	-861.259	-875.5
20000	341	-156.586	288.646
20000	342	278.753	-497.286
20000	343	-324.066	55.6649
20000	344	-1076.98	-1384.32
20000	345	-60.1298	576.857
20000	346	-557.324	-978.957
20000	347	-106.862	-751.909
20000	348	1852.76	-685.237
20000	349	352.501	224.133
20000	350	347.762	-408.364
20000	351	872.742	540.58
20000	352	497.679	-57.8481
20000	353	69.5581	353.464
20000	354	620.049	-1968.99
20000	355	-859.579	-1765.83
20000	356	166.861	1142.98
20000	357	-134.53	138.314
20000	358	433.16	654.875
20000	359	-432.568	-2163.7
20000	360	1250.56	-467.022
20000	361	-334.475	-251.683
20000	362	-863.365	-35.9186
20000	363	118.762	1993.34
20000	364	-633.98	283.769
20000	365	-428.072	513.499
20000	366	-166.641	-577.89
20000	367	1367.64	464.688
20000	368	-32.9174	578.101
20000	369	-574.908	-1640.43
20000	370	360.537	1702.66
20000	371	-248.935	-2335.52
20000	372	861.415	314.612
20000	373	655.445	620.686
20000	374	-141.274	3124.58
20000	375	-436.421	781.676
20000	376	-589.16	-384.961
20000	377	-782.994	2333.61
20000	378	172.142	-1205.99
20000	379	-503.851	413.773
20000	380	-1012.44	400.682
20000	381	472.748	-2246.07
20000	382	605.223	-329.241
20000	383	97.5897	-157.991
20000	384	836.013	-1863.2
20000	385	-1292.28	386.411
20000	386	429.981	363.786
20000	387	19.0215	-55.8829
20000	388	1047.03	-2528.14
20000	389	-581.046	443.019
20000	390	-220.046	650.87
20000	391	223.87	698.735
20000	392	226.789	-1772.88
20000	393	-120.879	-234.462
20000	394	672.264	264.036
20000	395	-1328.49	250.133
20000	396	-699.031	1457.81
20000	397	-1834.25	212.042
20000	398	-961.63	-582.425
20000	399	-950.861	-871.566
20000	400	-167.669	1175.63
20000	401	-664.933	1815.1
20000	402	-171.019	99.8622
20000	403	895.501	-247.752
20000	404	-290.211	1602.12
20000	405	-198.281	-1278.15
20000	406	346.155	-491.862
20000	407	659.479	-1549
20000	408	898.38	-574.384
20000	409	-431.29	-603.63
20000	410	-542.186	1256.86
20000	411	-445.564	-710.622
20000	412	516.565	385.832
20000	413	188.045	1132.77
20000	414	230.947	-736.327
20000	415	-208.946	-521.369
20000	416	-224.607	353.345
20000	417	77.042	1869.84
20000	418	701.175	-2167.86
20000	419	-691.498	-733.106
20000	420	-265.835	-1294.23
20000	421	-352.452	-137.008
20000	422	103.487	-138.367
20000	423	1567.29	774.142
20000	424	-34.1474	-510.037
20000	425	-86.9269	1307.64
20000	426	-189.531	-632.689
20000	427	-565.588	-1398.97
20000	428	-198.306	-1067.17
20000	429	-720.65	-871.067
20000	430	-67.2867	4039.59
20000	431	1368.83	2215.67
20000	432	-1510.73	-316.271
20000	433	877.194	-748.285
20000	434	855.952	493.021
20000	435	-430.006	-341.053
20000	436	-1076.33	1047.29
20000	437	-45.5872	-2296.83
20000	438	999.606	558.599
20000	439	151.046	-1173.25
20000	440	539.708	-66.1315
20000	441	327.949	-552.671
20000	442	-269.691	3724.46
20000	443	-1241.69	-1180.01
20000	444	-107.217	887.042
20000	445	386.912	-1527.72
20000	446	-721.946	-484.809
20000	447	65.8168	1607.32
20000	448	629.769	42.6898
20000	449	-39.2273	-136.885
20000	450	-150.276	-591.3
20000	451	571.2	-1128.91
20000	452	1017.55	-7.95217
20000	453	653.776	-13.0322
20000	454	-1088.64	180.057
20000	455	350.638	-1104.65
20000	456	61.5014	1638.75
20000	457	29.677	455.389
20000	458	401.031	1747.88
20000	459	515.103	-1588.8
20000	460	-386.255	-1806.63
20000	461	-988.778	1527.72
20000	462	-423.197	2828.67
20000	463	-514.615	26.7907
20000	464	716.772	-167.544
20000	465	2178.82	407.6
20000	466	1172.7	-1510.07
20000	467	-1376.1	-452.504
20000	468	416.434	-433.253
20000	469	-833.218	-160.37
20000	470	-49.3369	-1451.1
20000	471	-554.867	-551.819
20000	472	791.494	-609.595
20000	473	-34.9731	1901.24
20000	474	1022.39	869.172
20000	475	-675.678	207.102
20000	476	200.211	229.564
20000	477	-776.457	-801.333
20000	478	98.5157	317.643
20000	479	1346.19	716.092
20000	480	-360.807	-2017.31
20000	481	-1146.12	159.943
20000	482	-13.0039	454.342
20000	483	695.927	-623.627
20000	484	-1456.29	-178.123
20000	485	-235.627	304.537
20000	486	-454.79	276.26
20000	487	578.515	524.025
20000	488	95.3826	-529.876
20000	489	-583.995	2195.3
20000	490	-892.411	812.627
20000	491	-807.309	-129.274
20000	492	249.905	174.299
20000	493	443.963	384.179
20000	494	26.1254	306.253
20000	495	983.842	-76.983
20000	496	-340.961	466.5
20000	497	1568.21	530.975
20000	498	-315.857	-1009.32
20000	499	381.214	979.659
