2000	0	111.009	-530.766
2000	1	223.683	547.838
2000	2	-40.8167	298.043
2000	3	-383.356	400.641
2000	4	45.776	224.684
2000	5	389.034	-483.49
2000	6	-10.6138	590.094
2000	7	-279.845	-152.271
2000	8	-78.403	-20.2553
2000	9	31.4472	-190.054
2000	10	-76.8087	-533.272
2000	11	-149.156	-185.441
2000	12	18.8211	-593.194
2000	13	-39.8021	256.381
2000	14	94.4732	201.775
2000	15	-31.3754	-338.727
2000	16	65.1099	409.719
2000	17	249.056	-82.2936
2000	18	166.02	-67.2589
2000	19	-110.25	195.722
2000	20	-215.453	266.313
2000	21	-464.163	-248.35
2000	22	-255.182	320.165
2000	23	67.0901	-464.163
2000	24	-87.0669	347.151
2000	25	155.038	113.925
2000	26	33.7374	380.071
2000	27	399.776	-269.815
2000	28	-296.686	172.638
2000	29	37.1559	424.045
2000	30	-53.3509	353.543
2000	31	-246.554	699.232
2000	32	49.9663	472.342
2000	33	7.59724	-319.029
2000	34	65.2869	-150.574
2000	35	291.255	102.888
2000	36	297.021	-242.163
2000	37	-366.803	-228.035
2000	38	255.757	240.732
2000	39	-45.3384	405.453
2000	40	7.03566	456.849
2000	41	-89.2429	213.641
2000	42	-125.574	103.596
2000	43	331.728	-497.977
2000	44	104.298	-321.41
2000	45	284.101	269.076
2000	46	120.738	-292.406
2000	47	-148.608	297.75
2000	48	-18.7887	-836.795
2000	49	520.629	400.527
2000	50	-174.705	347.031
2000	51	179.65	861.196
2000	52	18.5811	154.521
2000	53	214.413	-349.179
2000	54	-159.436	-206.484
2000	55	-272.731	450.212
2000	56	225.669	311.424
2000	57	-140.128	-460.986
2000	58	400.77	183.95
2000	59	51.0727	-271.811
2000	60	49.0907	-122.344
2000	61	-75.3831	-429.542
2000	62	478.15	-1041.94
2000	63	-282.509	-335.42
2000	64	690.467	131.001
2000	65	163.814	-774.323
2000	66	-136.456	-144.591
2000	67	34.7848	-1311.26
2000	68	-37.1782	171.629
2000	69	-140.378	73.9166
2000	70	51.161	566.322
2000	71	-360.961	-460.423
2000	72	222.393	315.866
2000	73	707.445	-250.716
2000	74	504.345	12.648
2000	75	210.162	-509.805
2000	76	-84.9166	-4.01857
2000	77	-89.6875	-217.155
2000	78	-12.408	-9.7216
2000	79	-89.2594	293.407
2000	80	59.4009	-48.4886
2000	81	206.994	280.791
2000	82	55.2991	315.11
2000	83	0.695039	43.9053
2000	84	46.7869	-169.053
2000	85	320.155	737.612
2000	86	336.878	87.7416
2000	87	-6.61962	982.313
2000	88	-53.7752	202.293
2000	89	-411.045	-500.56
2000	90	164.743	1.67114
2000	91	-100.426	465.847
2000	92	-68.594	314.218
2000	93	98.0615	312.811
2000	94	-75.7157	61.5212
2000	95	-142.283	-765.101
2000	96	-333.078	-141.434
2000	97	-47.1659	66.6564
2000	98	89.1977	-64.02
2000	99	-19.89	-214.705
2000	100	114.29	32.7583
2000	101	-262.669	391.193
2000	102	-229.736	37.2264
2000	103	-35.3879	-502.004
2000	104	-156.872	237.598
2000	105	-429.729	-622.653
2000	106	78.4842	-625.055
2000	107	-125.082	248.201
2000	108	407.304	357.88
2000	109	-436.277	699.421
2000	110	-394.891	-241.843
2000	111	-221.712	-486.706
2000	112	119.747	-99.7277
2000	113	-151.482	934.402
2000	114	152.53	459.458
2000	115	-46.77	-488.161
2000	116	299.447	496.819
2000	117	-16.5484	-68.0393
2000	118	188.515	-107.17
2000	119	-118.092	331.06
2000	120	-415.041	-99.3274
2000	121	389.725	429.471
2000	122	-125.762	106.848
2000	123	60.4158	-411.764
2000	124	-368.795	484.873
2000	125	33.0865	467.375
2000	126	-108.077	437.238
2000	127	-393.734	62.9452
2000	128	-160.942	270.419
2000	129	-95.0068	-470
2000	130	-112.313	175.214
2000	131	-22.0072	-123.534
2000	132	20.4554	-743.147
2000	133	185.644	129.528
2000	134	451.098	83.2309
2000	135	-329.156	98.354
2000	136	191.096	-63.1345
2000	137	285.379	-195.073
2000	138	-132.762	-101.554
2000	139	-13.9111	27.7771
2000	140	-231.07	131.61
2000	141	462.386	204.663
2000	142	154.764	239.24
2000	143	-265.915	-219.145
2000	144	-63.4264	-173.909
2000	145	42.5067	-178.436
2000	146	162.399	-352.459
2000	147	42.5996	19.1492
2000	148	45.9623	-149.52
2000	149	176.066	-609.039
2000	150	-109.848	290.598
2000	151	-259.445	875.444
2000	152	-225.029	7.70126
2000	153	17.3471	244.879
2000	154	350.738	664.038
2000	155	-352.032	-86.5676
2000	156	-271.49	-175.721
2000	157	58.0708	-280.455
2000	158	105.331	-67.8453
2000	159	8.8382	367.307
2000	160	-37.0972	143.757
2000	161	307.048	407.974
2000	162	152.813	-58.8994
2000	163	358.106	-400.594
2000	164	193.356	487.111
2000	165	-218.703	35.5737
2000	166	-142.256	-105.189
2000	167	-35.0413	457.269
2000	168	199.868	438.833
2000	169	322.803	-201.301
2000	170	90.8162	583.346
2000	171	177.463	558.159
2000	172	-202.093	-231.053
2000	173	201.965	-33.7668
2000	174	83.8675	246.559
2000	175	-154.77	-19.8592
2000	176	-20.9813	-48.0359
2000	177	-97.6498	451.955
2000	178	-134.127	86.3483
2000	179	10.9547	493.93
2000	180	-38.2387	-64.2251
2000	181	313.305	141.601
2000	182	-115.301	-193.73
2000	183	-115.993	-114.849
2000	184	-41.5567	706.029
2000	185	-221.681	-159.751
2000	186	-33.5389	351.933
2000	187	299.047	-331.064
2000	188	-498.16	-654.688
2000	189	56.5508	-45.5966
2000	190	198.351	-739.705
2000	191	-119.444	-455.696
2000	192	-63.2897	398.384
2000	193	-171.099	667.798
2000	194	-141.166	589.85
2000	195	-189.726	-649.67
2000	196	256.768	-95.2378
2000	197	90.311	-32.8867
2000	198	-273.194	421.966
2000	199	171.502	-15.4493
2000	200	-6.1108	-390.15
2000	201	-91.5807	-245.336
2000	202	-123.309	-465.608
2000	203	614.314	4.4548
2000	204	159.374	154.405
2000	205	-126.549	-146.527
2000	206	382.244	-272.996
2000	207	437.861	388.727
2000	208	-599.11	-359.085
2000	209	526.178	633.442
2000	210	373.911	170.952
2000	211	-465.019	-237.609
2000	212	90.6946	-18.3382
2000	213	-448.786	-122.915
2000	214	-100.403	514.544
2000	215	48.3057	-193.339
2000	216	239.276	84.1279
2000	217	206.535	362.102
2000	218	55.195	-266.868
2000	219	19.4341	64.6315
2000	220	126.559	639.342
2000	221	-104.14	311.514
2000	222	-170.125	192.275
2000	223	-148.409	-106.312
2000	224	331.92	-530.897
2000	225	-147.719	257.079
2000	226	-317.526	58.8138
2000	227	104.673	13.3326
2000	228	-154.242	1155.98
2000	229	-406.624	-415.146
2000	230	-492.84	499.842
2000	231	142.141	-23.7543
2000	232	-91.6931	-1247.13
2000	233	62.7635	67.9144
2000	234	335.187	-284.38
2000	235	248.969	27.3826
2000	236	419.063	157.688
2000	237	57.4166	504.975
2000	238	4.65648	-300.215
2000	239	212.385	77.688
2000	240	9.08469	-281.637
2000	241	-90.1043	-388.116
2000	242	-373.005	434.597
2000	243	-140.136	10.0279
2000	244	455.678	426.877
2000	245	-55.4117	-291.226
2000	246	14.2178	-203.445
2000	247	636.302	-471.156
2000	248	34.0627	-563.903
2000	249	179.568	93.6094
2000	250	216.919	-419.764
2000	251	287.659	-146.735
2000	252	423.097	-140.758
2000	253	164.878	290.076
2000	254	-346.793	205.889
2000	255	48.5974	434.578
2000	256	561.015	551.251
2000	257	125.312	-286.917
2000	258	184.563	-82.1059
2000	259	120.502	69.6229
2000	260	-278.862	92.6081
2000	261	-166.35	84.2359
2000	262	-39.0725	-26.4402
2000	263	-379.387	-357.239
2000	264	286.609	-81.2231
2000	265	84.0012	9.58885
2000	266	-188.19	273.869
2000	267	336.968	442.047
2000	268	90.4003	-292.662
2000	269	-6.50978	869.679
2000	270	-5.46617	709.738
2000	271	338.809	-548.143
2000	272	200.515	-14.0117
2000	273	-187.236	-322.252
2000	274	-115.536	-625.284
2000	275	-87.8771	-331.604
2000	276	97.0162	22.1315
2000	277	329.633	73.8766
2000	278	203.859	513.335
2000	279	131.829	382.668
2000	280	255.841	500.065
2000	281	145.02	838.371
2000	282	-228.79	-214.364
2000	283	123.907	-7.15077
2000	284	36.5468	533.829
2000	285	-231.494	125.848
2000	286	-288.241	145.729
2000	287	93.1313	83.405
2000	288	307.764	-146.253
2000	289	-185.233	-24.2224
2000	290	-126.69	467.942
2000	291	-81.0089	179.002
2000	292	-24.4495	-449.721
2000	293	-12.8888	-166.6
2000	294	64.8587	-264.777
2000	295	175.105	721.853
2000	296	213.03	-24.3674
2000	297	-16.8524	108.883
2000	298	-410.47	-197.503
2000	299	237.718	-417.941
2000	300	364.81	165.041
2000	301	-356.439	-899.461
2000	302	-28.6812	-370.315
2000	303	-68.8282	286.657
2000	304	98.7869	-27.1242
2000	305	-40.3189	-62.8858
2000	306	634.992	-494.662
2000	307	57.6766	738.398
2000	308	138.484	-34.1506
2000	309	249.399	-621.689
2000	310	-180.266	-138.398
2000	311	0.534671	-544.868
2000	312	708.225	-137.044
2000	313	106.506	34.9352
2000	314	-236.023	-1032.93
2000	315	-392.889	462.488
2000	316	461.792	189.632
2000	317	-238.676	11.9696
2000	318	-41.4829	-437.253
2000	319	71.3475	738.255
2000	320	396.324	11.153
2000	321	-370.342	117.969
2000	322	33.5869	-344.123
2000	323	584.289	290.155
2000	324	-604.054	-352.649
2000	325	-99.2885	221.163
2000	326	-186.732	-361.767
2000	327	-256.793	226.27
2000	328	10.0641	-457.251
2000	329	485.976	99.9063
2000	330	-237.321	144.838
2000	331	-65.4639	282.697
2000	332	-166.405	308.467
2000	333	-203.588	366.156
2000	334	82.7825	203.119
2000	335	89.7915	80.6612
2000	336	414.255	-235.592
2000	337	-463.907	270.171
2000	338	316.604	-382.187
2000	339	-89.8444	469.64
2000	340	115.062	45.6535
2000	341	220.161	321.058
2000	342	10.0246	122.35
2000	343	257.952	40.6269
2000	344	-7.80999	132.166
2000	345	-39.8729	-294.977
2000	346	-119.99	-591.377
2000	347	174.388	468.462
2000	348	22.4195	658.624
2000	349	-82.0739	543.927
2000	350	365.293	335.763
2000	351	302.816	248.906
2000	352	83.3193	-39.9571
2000	353	130.053	-199.032
2000	354	-366.115	132.038
2000	355	544.631	229.381
2000	356	-42.0743	-579.34
2000	357	268.797	209.924
2000	358	-75.7911	135.616
2000	359	-211.611	337.588
2000	360	-72.1119	9.01275
2000	361	-190.412	-408.624
2000	362	305.149	-241.84
2000	363	-599.86	155.146
2000	364	-133.331	-257.919
2000	365	-0.762097	137.365
2000	366	197.854	-82.6988
2000	367	534.517	-549.339
2000	368	63.8057	468.655
2000	369	-454.572	-32.9342
2000	370	264.433	67.9055
2000	371	-129.574	-397.033
2000	372	-145.19	-313.908
2000	373	162.907	-746.783
2000	374	62.6221	-467.36
2000	375	47.6916	-603.733
2000	376	91.8647	-652.245
2000	377	87.5151	97.4058
2000	378	-102.314	-160.122
2000	379	136.852	-361.363
2000	380	-164.829	252.144
2000	381	-228.87	3.26438
2000	382	-116.464	96.6971
2000	383	25.5124	363.249
2000	384	309.017	37.5214
2000	385	340.136	510.547
2000	386	-76.2766	-291.328
2000	387	-30.882	72.063
2000	388	-127.7	288.878
2000	389	64.1217	77.0413
2000	390	303.364	-459.744
2000	391	133.188	56.0162
2000	392	97.4336	258.027
2000	393	-106.715	41.5814
2000	394	247.762	-452.83
2000	395	316.469	863.456
2000	396	-502.321	-698.985
2000	397	270.898	-284.125
2000	398	-69.4773	-72.227
2000	399	172.931	-58.1549
2000	400	-45.7153	-688.399
2000	401	195.161	1063.57
2000	402	-1.58256	74.1762
2000	403	92.9474	121.839
2000	404	338.728	132.121
2000	405	-98.9653	29.7951
2000	406	-56.0628	-607.723
2000	407	-217.167	-302.709
2000	408	32.7381	-70.6036
2000	409	120.738	253.374
2000	410	-250.099	7.19386
2000	411	103.081	573.008
2000	412	32.1705	5.23997
2000	413	-198.046	468.243
2000	414	-375.704	-226.104
2000	415	-108.502	333.693
2000	416	5.06261	372.441
2000	417	-17.0374	148.173
2000	418	-170.559	-38.2009
2000	419	-288.988	-833.547
2000	420	66.3105	209.355
2000	421	-381.887	211.178
2000	422	24.4229	216.929
2000	423	-399.313	-294.736
2000	424	280.28	533.784
2000	425	267.394	-64.6788
2000	426	1.93076	324.686
2000	427	212.735	-597.747
2000	428	86.2709	-424.207
2000	429	-541.07	71.397
2000	430	149.9	-457.973
2000	431	-240.77	278.341
2000	432	390.539	578.353
2000	433	182.823	219.542
2000	434	154.964	222.84
2000	435	25.7034	-192.439
2000	436	-5.53974	-105.215
2000	437	588.934	-384.618
2000	438	-429.816	163.474
2000	439	-0.379222	147.964
2000	440	-64.9574	357.669
2000	441	-65.3164	-524.29
2000	442	-26.6724	728.244
2000	443	123.259	-325.269
2000	444	222.778	207.201
2000	445	88.7296	129.983
2000	446	-393.535	637.514
2000	447	156.489	505.332
2000	448	422.337	-730.547
2000	449	274.312	-454.032
2000	450	345.443	405.336
2000	451	-0.15322	17.8219
2000	452	-39.5493	-383.897
2000	453	-251.333	-969.009
2000	454	-138.503	-162.087
2000	455	-132.85	-47.069
2000	456	-16.4152	-15.7015
2000	457	-46.5058	396.933
2000	458	-75.0099	467.41
2000	459	37.412	140.589
2000	460	31.0467	-546.333
2000	461	-189.382	-88.9977
2000	462	195.915	597.236
2000	463	-541.47	64.6102
2000	464	-216.792	108.128
2000	465	-429.817	298.118
2000	466	422.498	-605
2000	467	-15.9333	-90.7955
2000	468	-475.925	487.554
2000	469	-348.513	-144.514
2000	470	325.349	-201.889
2000	471	160.562	15.6827
2000	472	-87.1508	-791.987
2000	473	-453.897	3.11929
2000	474	-81.3565	293.459
2000	475	81.3477	166.387
2000	476	194.033	-362.022
2000	477	186.893	-247.306
2000	478	117.976	-681.266
2000	479	-26.1132	-620.776
2000	480	175.823	423.113
2000	481	2.63178	-677.087
2000	482	42.9961	-76.816
2000	483	151.041	716.871
2000	484	283.605	353.944
2000	485	79.3262	-277.323
2000	486	124.225	-140.887
2000	487	143.844	-684.714
2000	488	206.892	370.145
2000	489	75.4752	-283.364
2000	490	403.462	105.279
2000	491	-367.776	55.457
2000	492	-107.367	47.8287
2000	493	264.878	254.049
2000	494	178.98	-324.016
2000	495	193.87	-761.095
2000	496	326.915	-35.8685
2000	497	-83.8798	113.279
2000	498	-182.556	-149.692
2000	499	27.5872	720.492
4000	0	410.869	-884.779
4000	1	4.68842	826.739
4000	2	38.428	676.499
4000	3	-305.838	503.705
4000	4	-144.653	-127.629
4000	5	196.133	-54.3438
4000	6	-198.656	626.842
4000	7	-268.983	-959.231
4000	8	-56.0127	-183.309
4000	9	-29.5717	422.425
4000	10	-177.695	53.6317
4000	11	-794.44	-101.687
4000	12	56.322	-826.425
4000	13	71.5569	844.716
4000	14	-15.5008	-444.954
4000	15	-34.6308	-381.699
4000	16	-95.386	33.4104
4000	17	251.069	-303.941
4000	18	-210.408	-244.675
4000	19	-292.705	693.681
4000	20	-198.75	272.293
4000	21	-64.4616	-868.619
4000	22	-250.506	319.4
4000	23	714.096	-509.764
4000	24	271.072	464.1
4000	25	37.3685	904.859
4000	26	210.753	156.541
4000	27	702.168	-704.744
4000	28	-498.738	410.876
4000	29	214.455	513.267
4000	30	-253.314	720.825
4000	31	369.939	205.13
4000	32	167.961	391.028
4000	33	-103.088	-617.233
4000	34	563.894	357.065
4000	35	684.256	896.009
4000	36	-486.906	-838.595
4000	37	-304.324	-153.164
4000	38	545.269	-214.678
4000	39	376.149	-210.077
4000	40	90.9535	657.972
4000	41	88.2835	764.336
4000	42	113.919	195.314
4000	43	212.374	-728.773
4000	44	-256.875	-295.938
4000	45	163.579	-162.779
4000	46	136.035	33.0544
4000	47	-259.713	741.7
4000	48	451.945	-99.265
4000	49	338.525	652.013
4000	50	24.172	486.23
4000	51	-100.649	1672.44
4000	52	389.992	367.644
4000	53	514.667	-630.838
4000	54	-277.01	167.274
4000	55	-62.6431	507.142
4000	56	93.5529	72.1276
4000	57	339.441	-629.612
4000	58	407.81	689.742
4000	59	-266.123	-324.557
4000	60	668.026	569.304
4000	61	-235.29	-433.762
4000	62	496	-833.831
4000	63	-118.12	20.3042
4000	64	929.401	444.749
4000	65	265.817	-754.555
4000	66	-578.334	-733.666
4000	67	573.581	-1365.1
4000	68	-235.961	147.207
4000	69	175.252	406.946
4000	70	266.987	579.72
4000	71	-227.701	-156.432
4000	72	420.631	622.86
4000	73	891.012	-361.905
4000	74	686.627	-363.805
4000	75	389.41	-404.3
4000	76	38.0541	388.815
4000	77	-310.059	377.411
4000	78	608.128	-116.517
4000	79	69.0384	80.1055
4000	80	412.952	367.676
4000	81	29.3624	398.203
4000	82	-65.3123	533.893
4000	83	-77.7538	841.982
4000	84	327.807	-275.478
4000	85	547.073	779.166
4000	86	-57.755	581.395
4000	87	-75.8571	1485.64
4000	88	219.688	225.588
4000	89	267.763	-206.48
4000	90	-101.054	-309.886
4000	91	-59.6851	1055.31
4000	92	272.964	160.808
4000	93	-50.6803	376.048
4000	94	-96.5645	-56.8924
4000	95	-305.391	-1467
4000	96	-171.936	-192.063
4000	97	-65.8185	629.624
4000	98	-90.4637	225.859
4000	99	-22.3756	-988.766
4000	100	-170.708	-136.029
4000	101	-72.5832	262.569
4000	102	-608.912	-222.634
4000	103	-61.2203	-664.596
4000	104	-333.903	918.43
4000	105	-44.4886	-1615.22
4000	106	-105.409	-555.691
4000	107	-622.228	-2.44637
4000	108	105.435	720.494
4000	109	-513.785	1039.53
4000	110	-213.406	-385.402
4000	111	-311.598	-787.102
4000	112	352.679	85.5041
4000	113	-292.748	1423.65
4000	114	117.194	174.381
4000	115	100.405	-734.46
4000	116	146.975	428.114
4000	117	103.616	-520.261
4000	118	206.445	281.018
4000	119	-137.776	384.954
4000	120	0.855907	-90.5581
4000	121	171.512	432.623
4000	122	193.483	-364.239
4000	123	177.32	-74.9812
4000	124	-447.531	958.77
4000	125	354.184	190.989
4000	126	-163.035	125.954
4000	127	-143.982	-634.046
4000	128	-798.784	-409.706
4000	129	285.523	-960.412
4000	130	147.791	-182.343
4000	131	96.2042	307.662
4000	132	-65.542	377.32
4000	133	-35.5209	333.085
4000	134	647.325	338.806
4000	135	-210.553	473.342
4000	136	57.5705	-421.641
4000	137	365.244	-709.669
4000	138	-254.653	-254.8
4000	139	-395.064	633.557
4000	140	-213.664	66.2763
4000	141	478.051	-113.968
4000	142	-89.5287	214.062
4000	143	-706.9	56.9502
4000	144	-264.155	32.2814
4000	145	382.359	278.729
4000	146	-127.524	-967.085
4000	147	-214.716	-802.456
4000	148	-312.755	-1043
4000	149	255.151	-1452.8
4000	150	62.202	109.718
4000	151	-181.9	500.7
4000	152	-107.663	429.066
4000	153	-71.3712	315.857
4000	154	307.039	730.13
4000	155	-492.734	-429.246
4000	156	-173.956	105.757
4000	157	-282.005	-665.721
4000	158	106.831	397.452
4000	159	-11.3932	838.287
4000	160	-354.44	-577.416
4000	161	13.2861	490.819
4000	162	-206.898	-250.82
4000	163	476.957	255.788
4000	164	555.4	818.372
4000	165	-399.191	-364.337
4000	166	-28.3426	322.761
4000	167	402.19	-24.7728
4000	168	239.92	-131.791
4000	169	607.092	-998.689
4000	170	265.451	478.095
4000	171	-41.7182	752.321
4000	172	56.8609	-802.839
4000	173	241.442	86.4434
4000	174	300.28	446.002
4000	175	-253.057	-656.583
4000	176	-20.121	-427.409
4000	177	23.9244	638.899
4000	178	47.0755	-222.586
4000	179	-157.172	910.818
4000	180	-598.367	-32.7482
4000	181	53.8277	-80.1345
4000	182	-55.9408	292.574
4000	183	-458.294	-66.556
4000	184	65.2843	733.479
4000	185	-411.295	-165.881
4000	186	133.204	92.6965
4000	187	324.802	-323.837
4000	188	-721.165	-107.744
4000	189	37.9626	233.411
4000	190	318.175	-185.353
4000	191	-40.3541	66.1629
4000	192	77.8364	272.505
4000	193	-314.563	1211.57
4000	194	254.92	559.23
4000	195	-90.561	-914.523
4000	196	-462.579	48.7624
4000	197	53.6764	266.131
4000	198	227.125	-202.114
4000	199	681.729	-132.86
4000	200	-132.82	-412.979
4000	201	-10.3119	-1015.47
4000	202	-106.014	-742.497
4000	203	759.924	306.782
4000	204	-39.6854	1062.6
4000	205	-93.295	-332.582
4000	206	105.907	-385.562
4000	207	125.74	736.233
4000	208	-974.807	-374.645
4000	209	570.556	665.324
4000	210	406.791	-480.41
4000	211	-635.286	-109.047
4000	212	15.6402	-518.919
4000	213	-390.473	240.663
4000	214	139.175	492.8
4000	215	87.2908	-629.848
4000	216	-17.5176	126.043
4000	217	363.013	978.335
4000	218	-118.506	-644.131
4000	219	-92.1502	-0.296643
4000	220	-83.9495	539.646
4000	221	-444.779	356.378
4000	222	-229.956	285.883
4000	223	-887.013	-294.401
4000	224	-388.354	-560.219
4000	225	49.4466	399.89
4000	226	-466.791	-279.892
4000	227	-297.405	324.06
4000	228	-194.128	1665.04
4000	229	-189.193	-428.742
4000	230	-359.603	298.8
4000	231	-135.304	123.829
4000	232	-188.732	-1309.93
4000	233	-180.579	1101.19
4000	234	14.4682	48.1482
4000	235	350.038	-102.938
4000	236	553.726	-401.674
4000	237	391.623	226.88
4000	238	-156.85	-233.114
4000	239	290.701	115.388
4000	240	-112.909	-548.202
4000	241	-171.063	-1308.59
4000	242	-674.301	1278.5
4000	243	-565.554	-402.888
4000	244	338.039	-276.8
4000	245	-521.184	452.858
4000	246	218.288	-79.1999
4000	247	872.766	-307.315
4000	248	234.828	-360.719
4000	249	261.766	370.639
4000	250	239.89	-171.425
4000	251	485.729	-368.591
4000	252	621.137	-679.864
4000	253	383.275	-596.947
4000	254	-887.533	464.32
4000	255	207.611	199.293
4000	256	800.079	2006.54
4000	257	-147.326	-244.312
4000	258	362.062	-697.501
4000	259	279.183	-255.658
4000	260	-376.062	285.776
4000	261	-271.881	769.728
4000	262	33.7342	303.704
4000	263	-197.859	-600.096
4000	264	-16.5784	-795.992
4000	265	286.413	407.876
4000	266	231.759	166.299
4000	267	357.736	456.733
4000	268	-569.199	-288.105
4000	269	-40.8633	237.774
4000	270	677.943	778.385
4000	271	157.675	-741.086
4000	272	183.24	-14.7062
4000	273	-425.495	-784.108
4000	274	70.7347	-1084.13
4000	275	121.384	-182.864
4000	276	214.298	44.921
4000	277	326.051	272.783
4000	278	443.273	806.654
4000	279	-68.3572	755.345
4000	280	-104.54	543.788
4000	281	-71.611	440.735
4000	282	-610.435	-319.143
4000	283	-126.756	-21.0319
4000	284	466.374	386.053
4000	285	-415.682	590.684
4000	286	-336.986	421.285
4000	287	195.17	-600.077
4000	288	271.483	80.1883
4000	289	-245.071	422.342
4000	290	70.4284	925.064
4000	291	-99.705	-283.72
4000	292	333.93	-350.378
4000	293	-237.168	365.487
4000	294	-106.901	101.607
4000	295	53.1722	-140.73
4000	296	295.231	123.876
4000	297	-15.3775	-278.686
4000	298	-489.778	-375.723
4000	299	-41.5603	-1123.1
4000	300	470	428.994
4000	301	-696.815	-1420.17
4000	302	-286.771	-887.129
4000	303	8.01927	123.669
4000	304	43.2095	59.877
4000	305	-226.854	233.282
4000	306	970.854	-344.249
4000	307	18.7728	565.57
4000	308	468.661	-291.473
4000	309	748.39	-336.626
4000	310	-25.0426	-747.374
4000	311	301.28	-340.289
4000	312	726.162	760.473
4000	313	24.4568	-69.622
4000	314	-434.77	-1068.94
4000	315	-612.455	1088.22
4000	316	434.373	83.7698
4000	317	-215.874	-148.807
4000	318	220.414	-91.0717
4000	319	-66.8982	809.148
4000	320	736.744	-60.3841
4000	321	-953.362	-237.419
4000	322	-384.308	-502.348
4000	323	583.994	356.89
4000	324	-667.114	-105.215
4000	325	216.518	451.392
4000	326	-144.525	-471.818
4000	327	-137.286	559.599
4000	328	53.819	-596.078
4000	329	207.431	482.057
4000	330	-238.541	818.067
4000	331	-27.9678	-431.701
4000	332	99.7626	-222.377
4000	333	-6.25217	-17.5472
4000	334	40.7627	8.62497
4000	335	312.614	-178.708
4000	336	70.2382	681.024
4000	337	-1015.49	378.537
4000	338	258.006	-249.046
4000	339	-333.298	567.514
4000	340	-446.813	-315.255
4000	341	-257.505	164.394
4000	342	482.024	-62.2985
4000	343	103.18	411.543
4000	344	155.04	-2.57632
4000	345	-173.499	229.931
4000	346	-236.861	-851.547
4000	347	574.457	609.604
4000	348	-95.3537	540.722
4000	349	-119.536	310.564
4000	350	401.649	317.067
4000	351	241.405	679.085
4000	352	74.9823	-257.869
4000	353	250.991	190.92
4000	354	-143.387	-541.993
4000	355	445.485	124.195
4000	356	-63.9932	-199.007
4000	357	287.032	863.763
4000	358	-550.907	187.339
4000	359	-167.494	-16.0508
4000	360	427.24	347.367
4000	361	-272.958	173.393
4000	362	146.749	-1345.49
4000	363	-529.743	-353.356
4000	364	-95.3193	-315.738
4000	365	-204.752	189.164
4000	366	-322.103	-414.575
4000	367	710.69	-178.876
4000	368	152.333	801.67
4000	369	-137.209	383.266
4000	370	329.705	356.951
4000	371	-81.7544	-348.411
4000	372	-329.325	132.213
4000	373	61.0389	-906.456
4000	374	323.954	-559.673
4000	375	-370.284	-31.7903
4000	376	124.06	-237.689
4000	377	5.81481	-7.20778
4000	378	-187.905	151.308
4000	379	-1.66333	406.206
4000	380	55.4489	539.673
4000	381	-88.7904	-105.929
4000	382	-96.1563	-532.216
4000	383	-175.784	1280.07
4000	384	312.546	282.873
4000	385	267.724	950.35
4000	386	7.33699	-793.199
4000	387	-53.7126	-747.13
4000	388	15.6701	-349.361
4000	389	-14.7334	21.8845
4000	390	162.859	-273.426
4000	391	192.385	544.701
4000	392	167.322	-530.524
4000	393	-106.446	-78.7416
4000	394	147.053	-783.45
4000	395	-6.35752	1103.52
4000	396	-563.254	-228.489
4000	397	231.924	66.8043
4000	398	-126.864	-312.445
4000	399	600.204	-212.093
4000	400	67.6793	-735.663
4000	401	643.635	1281.19
4000	402	336.976	-101.694
4000	403	-108.745	448.922
4000	404	337.07	340.171
4000	405	101.366	-98.8018
4000	406	-654.656	-51.2521
4000	407	-233.4	-1150.08
4000	408	350.705	-830.01
4000	409	183.083	429.184
4000	410	-344.706	813.324
4000	411	-157.817	887.859
4000	412	-210.55	166.092
4000	413	-17.0648	783.62
4000	414	-638.042	236.868
4000	415	-308.183	358.82
4000	416	105.415	672.363
4000	417	-14.4873	325.36
4000	418	-295.676	-406.642
4000	419	-609.708	-49.3579
4000	420	363.506	-69.2416
4000	421	-158.101	115.418
4000	422	65.8953	528.2
4000	423	-178.987	-10.2646
4000	424	216.979	761.219
4000	425	348.376	-447.643
4000	426	-36.7969	245.278
4000	427	162.764	59.0358
4000	428	-55.2668	-330.728
4000	429	-510.967	-219.126
4000	430	300.449	-1025.52
4000	431	-484.593	607.885
4000	432	75.9373	687.059
4000	433	1.00669	762.801
4000	434	-12.9225	616.544
4000	435	-55.6604	8.17153
4000	436	193.048	-225.6
4000	437	529.23	-356.209
4000	438	-741.497	1390.84
4000	439	160.465	-175.579
4000	440	-206.855	273.114
4000	441	-323.595	-935.718
4000	442	11.4874	961.535
4000	443	131.42	-353.361
4000	444	152.727	694.805
4000	445	132.294	-385.102
4000	446	-692.904	129.209
4000	447	254.181	1310.01
4000	448	344.507	-875.804
4000	449	291.775	-964.103
4000	450	405.273	679.744
4000	451	-5.64213	65.0303
4000	452	-159.848	-545.808
4000	453	-10.5886	-1031.89
4000	454	43.3621	-271.925
4000	455	-245.395	-4.85518
4000	456	-174.622	28.9286
4000	457	-307.391	628.506
4000	458	-6.48788	19.3279
4000	459	-64.4366	-116.672
4000	460	-310.493	-792.425
4000	461	-32.7119	337.904
4000	462	560.378	627.374
4000	463	-583.415	-378.387
4000	464	-117.987	521.984
4000	465	-858.669	1003.79
4000	466	423.562	-908.126
4000	467	-94.4234	-169.198
4000	468	-237.729	642.581
4000	469	-302.405	-408.419
4000	470	507.07	87.62
4000	471	41.307	483.922
4000	472	-72.6776	-887.006
4000	473	-152.175	-1166.34
4000	474	115.05	776.422
4000	475	-16.523	-476.821
4000	476	175.042	-69.5584
4000	477	67.1391	-0.302903
4000	478	379.237	-1020.05
4000	479	207.555	-713.126
4000	480	-1.48919	-95.9153
4000	481	3.0695	-631.507
4000	482	243.604	-46.4997
4000	483	114.911	174.505
4000	484	184.916	332.284
4000	485	222.297	-693.059
4000	486	-77.8965	70.6699
4000	487	406.375	168.66
4000	488	137.41	-107.476
4000	489	-11.4891	-430.774
4000	490	563.673	-164.171
4000	491	253.876	188.297
4000	492	-48.3817	-200.173
4000	493	560.984	865.21
4000	494	568.341	-734.408
4000	495	232.418	-1282.47
4000	496	952.455	358.086
4000	497	-104.197	-114.568
4000	498	216.175	-608.231
4000	499	-334.28	1274.84
6000	0	510.723	-611.631
6000	1	-14.766	343.984
6000	2	97.3903	317.263
6000	3	-560.874	344.446
6000	4	-264.734	222.251
6000	5	609.353	186.375
6000	6	-233.551	-436.133
6000	7	-265.183	-771.245
6000	8	243.087	-356.949
6000	9	-389.288	457.618
6000	10	-23.5297	-344.848
6000	11	-894.073	-289.905
6000	12	275.98	-712.398
6000	13	299.433	109.28
6000	14	-47.1242	-793.233
6000	15	66.8931	-415.438
6000	16	-252.716	677.953
6000	17	-50.5155	85.2361
6000	18	-111.793	-151.879
6000	19	68.5979	841.305
6000	20	-135.543	-270.375
6000	21	-287.524	-801.837
6000	22	-456.792	120.31
6000	23	666.356	-491.418
6000	24	652.228	424.783
6000	25	-7.57023	1216.42
6000	26	350.822	-473.52
6000	27	660.709	327.583
6000	28	-235.377	324.281
6000	29	-2.43882	-203.14
6000	30	-391.684	764.127
6000	31	330.289	453.14
6000	32	-151.614	95.1339
6000	33	-124.858	-859.306
6000	34	444.452	263.048
6000	35	238.312	293.445
6000	36	-772.148	145.433
6000	37	-163.242	-668.698
6000	38	683.65	-101.481
6000	39	470.596	65.6469
6000	40	158.803	537.547
6000	41	-564.974	1157.68
6000	42	-4.39926	464.278
6000	43	-286.246	-776.11
6000	44	103.857	87.1471
6000	45	-16.561	-877.908
6000	46	159.865	196.537
6000	47	-97.662	541.938
6000	48	115.098	189.507
6000	49	-99.2736	1072.56
6000	50	266.219	97.7671
6000	51	-278.923	1627.7
6000	52	187.305	663.29
6000	53	594.775	-1208.37
6000	54	-236.371	285.004
6000	55	52.7133	332.322
6000	56	-170.559	416.719
6000	57	731.14	-495.712
6000	58	603.208	1093.84
6000	59	75.4794	853.363
6000	60	588.723	918.872
6000	61	-358.636	-679.807
6000	62	675.498	-1102.6
6000	63	-85.0493	-638.545
6000	64	1230.62	140.706
6000	65	106.414	-995.488
6000	66	-658.178	-694.158
6000	67	733.934	-1772.36
6000	68	-294.152	366.446
6000	69	260.459	358.197
6000	70	630.643	53.2994
6000	71	-181.756	394.601
6000	72	54.6485	-414.733
6000	73	1127.4	-602.339
6000	74	1125.01	-748.509
6000	75	268.786	-402.091
6000	76	-490.538	407.027
6000	77	-367.314	878.158
6000	78	608.976	-143.882
6000	79	468.252	172.21
6000	80	374.84	425.569
6000	81	224.611	-61.5281
6000	82	525.827	751.092
6000	83	-157.212	761.019
6000	84	445.338	332.255
6000	85	740.536	435.245
6000	86	360.29	273.625
6000	87	31.7883	1597.62
6000	88	-220.051	-287.399
6000	89	-70.865	-178.638
6000	90	324.164	-709.992
6000	91	64.7892	1182.19
6000	92	532.092	23.4765
6000	93	191.255	77.8997
6000	94	465.713	-356.065
6000	95	-570.645	-1779.34
6000	96	-191.879	281.329
6000	97	-385.918	188.625
6000	98	-299.768	596.349
6000	99	420.023	-840.377
6000	100	30.3147	418.953
6000	101	-130.867	350.866
6000	102	-470.319	-133.962
6000	103	-115.06	-641.873
6000	104	-179.651	977.737
6000	105	97.6742	-1497.78
6000	106	-105.52	-797.749
6000	107	-1048.04	-357.007
6000	108	-45.9537	490.337
6000	109	-349.783	1336.61
6000	110	-311.439	-734.076
6000	111	-51.4211	-81.4921
6000	112	-48.405	108.561
6000	113	-512.05	1469.2
6000	114	17.8579	153.306
6000	115	-86.9772	-445.299
6000	116	203.043	326.224
6000	117	-177.1	-824.298
6000	118	349.2	-117.755
6000	119	79.3554	492.763
6000	120	124.285	754.95
6000	121	-196.263	941.616
6000	122	256.725	-235.585
6000	123	362.402	738.916
6000	124	-188.386	848.71
6000	125	593.483	-91.9753
6000	126	-62.6423	-116.864
6000	127	168.202	-999.769
6000	128	-413.139	-435.702
6000	129	146.427	-1318.28
6000	130	49.6014	-146.113
6000	131	176.963	1090.47
6000	132	0.257714	714.008
6000	133	124.786	580.272
6000	134	526.103	209.247
6000	135	-209.858	-136.627
6000	136	-184.219	-791.056
6000	137	924.163	-839.518
6000	138	148.278	707.383
6000	139	-194.353	-321.955
6000	140	-66.3492	-306.89
6000	141	407.212	-112.24
6000	142	-190.439	-732.932
6000	143	-1243.96	-49.8043
6000	144	-184.026	306.251
6000	145	305.559	-117.585
6000	146	160.925	-895.068
6000	147	-93.7578	-1528.68
6000	148	-193.65	-835.496
6000	149	-166.119	-1666.22
6000	150	-135.993	-6.49484
6000	151	-194.262	905.585
6000	152	113.964	-42.919
6000	153	-35.0918	751.832
6000	154	139.708	1156.71
6000	155	-892.631	-522.926
6000	156	-214.01	-19.0779
6000	157	-424.794	-1077.85
6000	158	50.8493	-388.999
6000	159	6.8693	1334.08
6000	160	-292.805	-551.32
6000	161	99.3547	-267.623
6000	162	213.876	92.2353
6000	163	497.553	992.028
6000	164	496.06	1353.77
6000	165	-459.039	-81.4485
6000	166	253.504	357.229
6000	167	344.913	-669.94
6000	168	153.219	-487.336
6000	169	341.638	-1479.96
6000	170	154.092	337.373
6000	171	-377.921	382.579
6000	172	181.22	-845.41
6000	173	2.83879	-370.054
6000	174	684.635	607.071
6000	175	47.1976	-466.55
6000	176	-406.045	54.6906
6000	177	-396.701	734.743
6000	178	308.686	-201.417
6000	179	105.592	1674.46
6000	180	-557.453	-1265.92
6000	181	272.506	115.832
6000	182	183.195	490.776
6000	183	-853.85	-248.279
6000	184	-175.635	123.521
6000	185	-269.335	-668.851
6000	186	277.528	-390.44
6000	187	424.791	-197.808
6000	188	-662.257	-507.992
6000	189	-200.688	511.66
6000	190	479.809	693.559
6000	191	19.5416	-116.225
6000	192	-45.4403	59.9553
6000	193	-236.5	1250.21
6000	194	-37.8454	1012.61
6000	195	169.411	-845.293
6000	196	-560.574	-436.265
6000	197	-40.3225	37.6351
6000	198	186.854	453.351
6000	199	990.444	-270.686
6000	200	-413.965	40.7409
6000	201	72.303	-869.963
6000	202	94.0179	-571.736
6000	203	656.513	-209.67
6000	204	2.85811	1147.21
6000	205	78.99	-411.903
6000	206	-435.094	-957.667
6000	207	178.883	338.963
6000	208	-796.702	-675.282
6000	209	509.2	780.559
6000	210	598.114	-566.613
6000	211	-595.082	15.005
6000	212	380.084	-627.002
6000	213	-564.015	211.01
6000	214	438.005	431.493
6000	215	7.84762	-1023.91
6000	216	-199.942	340.968
6000	217	784.063	1079.81
6000	218	-156.99	-1242.66
6000	219	-338.886	-673.914
6000	220	118.247	1244.48
6000	221	-526.749	916.093
6000	222	-208.843	-294.951
6000	223	-721.932	-710.644
6000	224	-567.233	-264.038
6000	225	431.665	936.054
6000	226	-567.58	-188.394
6000	227	-218.484	236.764
6000	228	-234.104	1269.6
6000	229	-225.456	-517.439
6000	230	-352.367	212.295
6000	231	-93.5193	459.84
6000	232	376.537	-1096.25
6000	233	-219.89	867.819
6000	234	13.4644	-367.043
6000	235	110.997	-89.5076
6000	236	173.418	-107.651
6000	237	430.848	367.204
6000	238	-189.882	551.612
6000	239	668.201	387.282
6000	240	-83.6896	-930.766
6000	241	-729.647	-1241.23
6000	242	-373.204	1424.74
6000	243	-844.005	-432.375
6000	244	456.656	59.983
6000	245	-759.028	81.1595
6000	246	676.86	-771.597
6000	247	555.727	-474.29
6000	248	-66.867	-611.258
6000	249	480.884	724.765
6000	250	44.1593	-92.934
6000	251	268.847	-758.534
6000	252	740.43	-1068.32
6000	253	123.484	-741.798
6000	254	-666.449	474.981
6000	255	211.52	348.894
6000	256	582.744	2448.6
6000	257	-526.527	-252.068
6000	258	-358.987	-1162.48
6000	259	900.147	377.847
6000	260	-401.291	724.818
6000	261	-496.144	1013.2
6000	262	-0.202406	246.297
6000	263	-456.18	-587.076
6000	264	28.6761	-633.489
6000	265	559.627	37.5246
6000	266	232.888	-406.163
6000	267	-22.5584	-480.82
6000	268	-648.517	-63.9115
6000	269	539.783	1028.85
6000	270	1215.67	1148.4
6000	271	-302.195	-536.233
6000	272	120.17	442.945
6000	273	-607.55	-1426.98
6000	274	-333.564	-1833.95
6000	275	-129.518	-273.31
6000	276	53.9841	18.6664
6000	277	309.166	301.051
6000	278	200.51	1824.89
6000	279	-130.053	690.355
6000	280	-464.153	468.513
6000	281	-201.264	672.046
6000	282	-670.949	300.663
6000	283	235.507	-643.454
6000	284	353.017	585.412
6000	285	-554.239	337.758
6000	286	-648.832	397.685
6000	287	105.024	-697.332
6000	288	442.198	204.441
6000	289	351.736	741.852
6000	290	75.7207	519.522
6000	291	207.84	-323.017
6000	292	760.263	-416.391
6000	293	101.1	785.352
6000	294	-249.097	-188.442
6000	295	118.927	127.606
6000	296	434.475	164.745
6000	297	-255.723	-288.133
6000	298	-1011.17	122.888
6000	299	-128.295	-637.535
6000	300	704.107	32.7912
6000	301	-697.607	-1871.65
6000	302	-83.3499	-633.053
6000	303	10.1599	255.979
6000	304	-58.5489	623.874
6000	305	52.4184	434.358
6000	306	1290.85	-652.327
6000	307	579.941	444.184
6000	308	480.029	-254.958
6000	309	729.889	-239.313
6000	310	194.417	-568.025
6000	311	397.145	-953.206
6000	312	747.715	1104.04
6000	313	-212.16	-103.32
6000	314	-329.001	-814.765
6000	315	-553.468	1448.14
6000	316	799.369	-38.9654
6000	317	-158.61	741.548
6000	318	216.729	355.966
6000	319	469.074	770.786
6000	320	640.138	-219.092
6000	321	-908.177	200.218
6000	322	-723.08	-349.488
6000	323	726.423	-12.687
6000	324	-506.42	-123.02
6000	325	218.027	665.684
6000	326	-364.92	-1279.33
6000	327	-294.486	334.163
6000	328	-228.474	-883.201
6000	329	200.633	629.506
6000	330	-189.462	693.51
6000	331	-146.851	-120.571
6000	332	-121.223	-468.367
6000	333	233.695	-429.367
6000	334	678.583	-16.8375
6000	335	474.035	-612.299
6000	336	-92.8104	854.118
6000	337	-614.534	967.232
6000	338	-42.4018	79.2836
6000	339	-265.506	627.082
6000	340	-581.87	-520.819
6000	341	-138.304	357.095
6000	342	699.964	-452.966
6000	343	59.3211	-68.9537
6000	344	230.688	288.255
6000	345	1.89433	1277.19
6000	346	-158.612	-907.325
6000	347	845.951	493.867
6000	348	281.176	-11.9219
6000	349	159.24	134.208
6000	350	388.604	160.362
6000	351	451.942	406.232
6000	352	-162.682	-3.81916
6000	353	248.76	159.211
6000	354	-225.925	-730.058
6000	355	347.467	-24.9133
6000	356	-244.673	122.881
6000	357	209.431	1240.63
6000	358	-375.747	-720.826
6000	359	29.5907	24.9115
6000	360	448.223	-687.685
6000	361	-561.354	-316.476
6000	362	186.094	-1032.89
6000	363	-839.666	-767.603
6000	364	-472.342	-515.976
6000	365	-225.874	308.854
6000	366	-662.875	-336.067
6000	367	909.788	-247.073
6000	368	185.636	436.984
6000	369	-493.91	-131.598
6000	370	164.918	458.705
6000	371	148.778	-35.1288
6000	372	-25.8902	-63.0698
6000	373	-139.302	-812.237
6000	374	361.478	-877.38
6000	375	-427.487	-281.854
6000	376	227.935	-1077.99
6000	377	-153.599	-106.201
6000	378	-428.841	461.616
6000	379	-181.506	415.849
6000	380	-243.449	405.665
6000	381	-106.53	225.422
6000	382	-54.7047	-767.544
6000	383	-574.901	1583.54
6000	384	-50.9661	779.245
6000	385	464.592	1878.32
6000	386	267.578	-194.824
6000	387	-551.175	-654.228
6000	388	-433.12	-502.282
6000	389	243.225	971.288
6000	390	27.6855	-438.534
6000	391	632.441	679.962
6000	392	122.824	-829.148
6000	393	-26.8585	745.773
6000	394	188.982	-409.73
6000	395	322.711	1304.61
6000	396	-724.841	-215.107
6000	397	-266.56	374.89
6000	398	14.8233	283.913
6000	399	392.026	-368.759
6000	400	308.619	-314.698
6000	401	593.885	2531.12
6000	402	158.97	272.622
6000	403	-206.576	437.275
6000	404	195.605	731.706
6000	405	281.75	-628.82
6000	406	-816.432	-139.536
6000	407	-374.986	-1343.3
6000	408	534.174	-842.981
6000	409	479.884	856.096
6000	410	-410.158	904.478
6000	411	226.869	1329.33
6000	412	-440.352	374.464
6000	413	-94.5855	999.195
6000	414	-1197.26	1013.71
6000	415	-26.3738	-78.0953
6000	416	386.935	472.924
6000	417	245.148	73.9503
6000	418	-530.346	-343.214
6000	419	-868.42	62.306
6000	420	344.177	149.043
6000	421	-319.273	513.762
6000	422	367.634	729.288
6000	423	-289.907	400.826
6000	424	53.8578	909.727
6000	425	587.711	-173.194
6000	426	-154.439	-162.959
6000	427	481.939	460.917
6000	428	-14.6627	-434.522
6000	429	-718.52	-324.451
6000	430	60.4048	-388.864
6000	431	-487.676	515.355
6000	432	-48.8379	1113.38
6000	433	58.2566	1408.57
6000	434	157.804	331.356
6000	435	-213.238	810.338
6000	436	156.388	100.656
6000	437	190.016	-153.297
6000	438	-532.359	1620.12
6000	439	100.361	-512.343
6000	440	-457.626	-47.0637
6000	441	-44.4545	-645.471
6000	442	-190.201	671.68
6000	443	194.267	-517.101
6000	444	-38.0118	608.264
6000	445	295.978	286.36
6000	446	-692.451	50.382
6000	447	336.809	830.737
6000	448	103.886	-86.5469
6000	449	329.739	-597.228
6000	450	746.712	699.026
6000	451	-344.862	-5.83357
6000	452	-501.532	536.473
6000	453	-112.541	-576.009
6000	454	380.763	74.7816
6000	455	-449.136	784.124
6000	456	-47.3905	-457.616
6000	457	-368.349	994.427
6000	458	374.024	-881.75
6000	459	-123.853	-64.5144
6000	460	-546.083	-120.644
6000	461	-431.262	186.014
6000	462	798.719	963.687
6000	463	-626.196	-653.21
6000	464	-402.139	-105.464
6000	465	-769.54	1315.3
6000	466	208.083	-1505.7
6000	467	-116.478	-855.952
6000	468	-35.4082	450.943
6000	469	-612.035	-281.621
6000	470	407.4	-55.7386
6000	471	43.5889	66.7524
6000	472	130.17	-980.819
6000	473	39.6279	-982.219
6000	474	96.357	541.488
6000	475	1.53209	-247.761
6000	476	156.941	-29.8987
6000	477	-273.414	411.643
6000	478	516.263	-351.849
6000	479	75.85	-619.14
6000	480	435.966	633.641
6000	481	104.67	-555.239
6000	482	522.652	254.861
6000	483	452.412	-363.988
6000	484	351.932	343.203
6000	485	-20.8722	-897.07
6000	486	87.4633	-53.6552
6000	487	604.201	-144.175
6000	488	291.049	-209.766
6000	489	67.948	319.847
6000	490	803.23	-236.448
6000	491	-48.4046	446.432
6000	492	-107.078	-548.272
6000	493	520.873	1099.56
6000	494	860.356	-632.53
6000	495	531.975	-1525.6
6000	496	609.544	371.418
6000	497	-222.685	-729.35
6000	498	33.5294	-557.811
6000	499	-193.574	1451.88
8000	0	8.57305	-535.927
8000	1	35.3417	210.951
8000	2	339.437	102.763
8000	3	-714.609	620.381
8000	4	-182.096	735.64
8000	5	769.929	235.925
8000	6	67.3968	-1601.62
8000	7	-346.183	-923.756
8000	8	306.749	-80.7112
8000	9	-308.368	1706.09
8000	10	185.163	-658.11
8000	11	-853.14	-674.111
8000	12	346.78	-999.468
8000	13	380.479	-333.11
8000	14	-307.879	-16.2302
8000	15	164.234	-616.699
8000	16	-650.686	1259.58
8000	17	-151.907	-9.22764
8000	18	-333.907	128.675
8000	19	388.292	1723.05
8000	20	-438.796	-612.982
8000	21	-242.749	-526.41
8000	22	-616.56	272.164
8000	23	889.037	-470.139
8000	24	562.574	372.981
8000	25	4.2349	1139.7
8000	26	50.4901	-527.414
8000	27	902.682	571.911
8000	28	-467.742	1189.51
8000	29	-163.129	-19.5744
8000	30	-351.896	927.684
8000	31	-108.185	1060.81
8000	32	-268.531	59.0946
8000	33	-446.064	-645.705
8000	34	946.227	20.5157
8000	35	55.7553	473.9
8000	36	-553.769	-315.112
8000	37	-124.215	-669.257
8000	38	524.9	-779.493
8000	39	332.153	454.557
8000	40	-182.849	614.982
8000	41	-587.87	1204.12
8000	42	297.481	489.71
8000	43	-427.072	-411.594
8000	44	-117.171	-40.7497
8000	45	360.686	-1314.27
8000	46	221.992	751.901
8000	47	-84.1548	775.485
8000	48	114.086	-57.1807
8000	49	-100.613	1405.48
8000	50	-91.8194	542.281
8000	51	-399.487	936.017
8000	52	450.457	201.769
8000	53	412.38	-826.797
8000	54	-158.487	-63.1395
8000	55	115.887	612.725
8000	56	45.0728	21.1878
8000	57	742.005	-711.903
8000	58	561.511	1255.91
8000	59	371.054	840.369
8000	60	788.855	353.125
8000	61	-146.894	-901.446
8000	62	714.755	-485.469
8000	63	-84.3222	-519.052
8000	64	1530.45	919.03
8000	65	308.54	-1442.9
8000	66	-496.965	-46.1553
8000	67	892.371	-1333.28
8000	68	26.0625	632.639
8000	69	380.213	657.278
8000	70	533.119	-266.834
8000	71	38.5224	-32.7217
8000	72	-237.898	-780.756
8000	73	886.824	-860.846
8000	74	1282.02	-959.798
8000	75	63.1753	-305.423
8000	76	-614.182	-327.672
8000	77	-246.688	966.135
8000	78	407.789	-388.325
8000	79	272.01	389.177
8000	80	433.42	681.743
8000	81	544.649	-290.638
8000	82	374.84	210.008
8000	83	-98.3477	355.911
8000	84	527.136	630.846
8000	85	999.597	32.0907
8000	86	277.617	2095.48
8000	87	-85.4556	2257.18
8000	88	-438.372	-832.299
8000	89	49.6441	-797.326
8000	90	24.6397	-450.733
8000	91	467.819	1375.4
8000	92	706.458	45.7549
8000	93	217.591	87.2465
8000	94	24.5657	-846.844
8000	95	-423.995	-1096.61
8000	96	105.255	310.35
8000	97	-165.534	-251.94
8000	98	-241.064	705.308
8000	99	59.2738	-1205.7
8000	100	-150.726	290.553
8000	101	-375.854	260.832
8000	102	-231.597	-279.797
8000	103	-63.4918	-676.851
8000	104	-135.929	423.476
8000	105	229.877	-972.629
8000	106	-105.276	-833.268
8000	107	-1484.66	-335.629
8000	108	129.172	599.671
8000	109	-316.015	2159.92
8000	110	104.746	-882.485
8000	111	-110.189	-65.5281
8000	112	-205.79	437.814
8000	113	-607.555	2159.7
8000	114	-139.477	686.05
8000	115	-305.239	-841.086
8000	116	100.081	594.966
8000	117	-375.431	-1204.51
8000	118	525.897	517.224
8000	119	-279.037	-13.3576
8000	120	342.642	834.669
8000	121	131.317	537.751
8000	122	673.571	-210.621
8000	123	997.802	371.313
8000	124	-530.463	784.087
8000	125	875.39	454.16
8000	126	-165.093	237.524
8000	127	327.088	-1109.64
8000	128	-595.014	-770.658
8000	129	520.486	-1004.14
8000	130	-155.944	-183.973
8000	131	738.575	1126.58
8000	132	162.385	1246.14
8000	133	254.509	175.594
8000	134	349.727	96.4402
8000	135	-366.505	-32.8898
8000	136	-663.108	-799.61
8000	137	523.251	-917.573
8000	138	406.094	300.348
8000	139	-355.045	-505.083
8000	140	-53.4873	-388.954
8000	141	226.272	-170.98
8000	142	-424.69	-943.096
8000	143	-1203.82	-238.845
8000	144	362.898	50.3539
8000	145	160.375	-723.395
8000	146	40.9389	-761.577
8000	147	-92.3007	-2347.35
8000	148	-394.314	-962.747
8000	149	-340.414	-1875.26
8000	150	-414.388	734.807
8000	151	-577.864	469.18
8000	152	591.425	562.733
8000	153	-8.40769	1564.52
8000	154	200.305	1039.84
8000	155	-937.084	-889.995
8000	156	47.2239	251.518
8000	157	-402.766	-1986.47
8000	158	252.268	-329.436
8000	159	-13.1664	1780.67
8000	160	-474.423	-639.6
8000	161	-96.9688	-687.682
8000	162	652.852	-499.584
8000	163	797.422	818.563
8000	164	661.116	913.787
8000	165	-697.388	-64.2338
8000	166	-67.9563	329.849
8000	167	143.756	-582.133
8000	168	-238.623	-175.054
8000	169	-245.626	-675.617
8000	170	324.196	1178.59
8000	171	-421.647	-591.161
8000	172	318.926	-912.639
8000	173	63.002	-293.929
8000	174	670.494	592.055
8000	175	245.641	-459.429
8000	176	-801.283	610.466
8000	177	-832.661	315.762
8000	178	286.5	-282.331
8000	179	420.047	1712.18
8000	180	-739.537	-1554.43
8000	181	260.683	21.8345
8000	182	-431.61	879.227
8000	183	-1016.09	-534.177
8000	184	-175.866	172.858
8000	185	169.136	-1070.08
8000	186	548.596	-401.701
8000	187	704.884	-246.95
8000	188	-742.168	-876.225
8000	189	-299.421	191.461
8000	190	208.692	257.037
8000	191	-302.735	-294.59
8000	192	199.095	736.782
8000	193	-396.547	1068.99
8000	194	98.5312	748.641
8000	195	668.628	-1438.3
8000	196	-522.901	-289.672
8000	197	-85.7931	882.727
8000	198	407.88	724.636
8000	199	1026.39	-298.382
8000	200	-352.252	-426.612
8000	201	609.554	-620.595
8000	202	553.702	-320.274
8000	203	475.653	116.301
8000	204	-211.971	991.994
8000	205	287.045	-149.295
8000	206	-295.552	-1364.14
8000	207	-94.2137	304.538
8000	208	-657.08	-904.556
8000	209	727.5	781.404
8000	210	478.721	258.306
8000	211	44.7479	516.079
8000	212	415.967	-637.526
8000	213	-370.153	136.565
8000	214	189.824	637.213
8000	215	128.887	-681.71
8000	216	-539.053	73.0536
8000	217	721.805	1187.49
8000	218	142.615	-1055
8000	219	-377.386	-581.801
8000	220	194.022	1346.13
8000	221	-347.053	806.624
8000	222	-270.464	-739.217
8000	223	-1025.08	-560.48
8000	224	-47.2886	66.2595
8000	225	501.91	1332.55
8000	226	-475.285	290.689
8000	227	-281.814	644.848
8000	228	-291.117	1041.99
8000	229	-206.959	-292.015
8000	230	-479.082	-378.422
8000	231	-195.764	380.08
8000	232	228.766	-883.911
8000	233	-276.216	844.992
8000	234	51.5047	-1223.64
8000	235	88.932	255.169
8000	236	394.219	76.2416
8000	237	289.613	-72.0017
8000	238	-256.626	1006.79
8000	239	891	776.493
8000	240	48.8801	-856.396
8000	241	-1187.83	-1473.72
8000	242	147.852	1109
8000	243	-744.046	-410.928
8000	244	417.952	79.8368
8000	245	-528.984	12.1965
8000	246	657.389	-1486.3
8000	247	662.073	-802.886
8000	248	-123.224	36.9045
8000	249	801.853	1297.58
8000	250	500.201	82.0037
8000	251	-116.173	-603.697
8000	252	860.518	-1203.56
8000	253	-60.7766	-1231.32
8000	254	-528.783	1052.38
8000	255	71.186	329.455
8000	256	421.058	2721.89
8000	257	-350.059	-540.461
8000	258	-560.725	-569.258
8000	259	858.921	350.893
8000	260	-1062.2	904.469
8000	261	-935.064	795.397
8000	262	330.308	338.908
8000	263	80.2226	-1037.39
8000	264	-316.254	-1065.83
8000	265	207.715	-491.713
8000	266	313.841	-394.895
8000	267	-82.1121	-389.61
8000	268	-770.075	-636.615
8000	269	740.1	476.38
8000	270	976.664	958.452
8000	271	-602.014	-92.0344
8000	272	392.659	-435.643
8000	273	-336.375	-1214.24
8000	274	-453.638	-1288.52
8000	275	-472.536	646.376
8000	276	-145.263	-151.096
8000	277	405.05	733.827
8000	278	306.497	1477.94
8000	279	70.7067	608.267
8000	280	-505.204	1009.07
8000	281	6.81092	408.262
8000	282	-368.811	147.466
8000	283	34.3848	-989.688
8000	284	558.218	748.74
8000	285	-454.04	786.753
8000	286	-660.813	466.193
8000	287	129.379	-1135.14
8000	288	609.159	638.215
8000	289	111.062	1227.33
8000	290	-230.086	43.0567
8000	291	426.104	281.072
8000	292	583.669	258.354
8000	293	-197.08	762.203
8000	294	-203.82	-320.065
8000	295	14.7667	834.448
8000	296	213.432	584.556
8000	297	246.272	-20.724
8000	298	-1230.08	210.672
8000	299	-221.565	-783.309
8000	300	285.395	-131.503
8000	301	-474.517	-2472.63
8000	302	-11.7021	-1094.3
8000	303	-368.008	-5.96399
8000	304	-41.0667	815.751
8000	305	172.952	17.6045
8000	306	970.246	-1155.5
8000	307	558.858	402.984
8000	308	-8.60617	-56.9111
8000	309	589.274	-441.59
8000	310	332.889	-901.377
8000	311	339.607	-796.705
8000	312	466.347	1249.95
8000	313	84.0341	-259.608
8000	314	-261.567	-1171.34
8000	315	-331.996	1350.38
8000	316	705.194	-425.059
8000	317	-298.124	1333.48
8000	318	39.9501	1110.21
8000	319	551.353	387.529
8000	320	898.447	-254.125
8000	321	-972.925	713.472
8000	322	-1086.47	-355.073
8000	323	822.733	-335.502
8000	324	-506.739	-8.49832
8000	325	473.048	634.478
8000	326	-687.043	-995.784
8000	327	-154.785	599.764
8000	328	-198.28	-541.056
8000	329	109.624	318.667
8000	330	-259.877	322.007
8000	331	-327.238	180.974
8000	332	-40.4247	-587.251
8000	333	113.303	-323.361
8000	334	704.108	350.422
8000	335	311.101	-881.702
8000	336	-11.2492	829.39
8000	337	-584.417	1138.68
8000	338	-328.443	23.0224
8000	339	-431.039	710.777
8000	340	-484.98	-506.719
8000	341	-27.6941	534.784
8000	342	967.083	-624.631
8000	343	-85.7647	-186.83
8000	344	273.741	573.173
8000	345	546.69	934.384
8000	346	-298.295	-392.451
8000	347	1057.34	908.767
8000	348	701.982	441.347
8000	349	-52.3754	441.771
8000	350	127.378	164.884
8000	351	104.567	901.252
8000	352	-64.2299	-204.538
8000	353	289.987	168.221
8000	354	-103.102	-423.322
8000	355	151.277	-30.5208
8000	356	337.776	-516.367
8000	357	366.344	1366.46
8000	358	-209.58	-508.933
8000	359	131.917	-369.371
8000	360	-209.347	-583.971
8000	361	-469.602	-265.389
8000	362	-153.772	-719.192
8000	363	-818.571	-1354.85
8000	364	-362.363	-66.1464
8000	365	-114.632	193.948
8000	366	-420.53	88.5302
8000	367	770.057	-438.693
8000	368	263.751	520.418
8000	369	-298.064	-16.2301
8000	370	707.249	-533.976
8000	371	-260.191	880.546
8000	372	455.901	209.157
8000	373	-400.56	-1137.94
8000	374	203.435	-1497.86
8000	375	-726.503	-85.2626
8000	376	342.245	-1133.68
8000	377	-112.767	464.976
8000	378	-444.26	757.66
8000	379	80.2447	1285.83
8000	380	-704.153	796.496
8000	381	-188.175	634.972
8000	382	-436.957	-624.965
8000	383	-515.066	1158.44
8000	384	207.344	983.658
8000	385	203.373	2356.12
8000	386	526.135	-827.113
8000	387	-375.349	-1343.9
8000	388	-501.816	-523.762
8000	389	584.772	1188.39
8000	390	-196.667	-135.792
8000	391	712.086	674.814
8000	392	504.196	-918.557
8000	393	90.9004	764.895
8000	394	440.553	-426.473
8000	395	255.803	1003.66
8000	396	-283.832	-344.17
8000	397	-349.083	1107.22
8000	398	53.5592	207.962
8000	399	273.265	-598.819
8000	400	526.475	-299.154
8000	401	595.134	2544.17
8000	402	77.6149	549.737
8000	403	475.131	2.23572
8000	404	189.099	699.382
8000	405	363.102	-715.596
8000	406	-933.987	-215.246
8000	407	-394.455	-646.378
8000	408	433.611	-259.116
8000	409	739.062	1021.5
8000	410	-410.501	1124.14
8000	411	-16.2526	1080.57
8000	412	107.098	518.876
8000	413	-197.957	1651.01
8000	414	-1216.45	1410.53
8000	415	13.5165	-495.526
8000	416	522.391	918.852
8000	417	164.045	-186.65
8000	418	-916.244	-284.48
8000	419	-610.524	-31.5247
8000	420	484.909	350.162
8000	421	-140.775	834.058
8000	422	1008.94	775.837
8000	423	-378.368	950.203
8000	424	253.21	392.632
8000	425	748.637	-15.1431
8000	426	-332.918	-510.096
8000	427	63.7512	488.539
8000	428	168.403	-314.895
8000	429	-521.178	629.042
8000	430	100.331	429.855
8000	431	-985.797	84.0989
8000	432	181.479	1823.08
8000	433	-77.4161	1597.81
8000	434	336.638	425.961
8000	435	-373.237	1113.7
8000	436	114.858	525.775
8000	437	309.336	184.719
8000	438	-330.744	1737.84
8000	439	502.07	-1208.93
8000	440	-583.307	-1008.72
8000	441	-423.268	-504.106
8000	442	-146.862	490.18
8000	443	565.561	-104.84
8000	444	99.9673	639.782
8000	445	492.025	716.089
8000	446	-474.985	-144.751
8000	447	41.5852	367.779
8000	448	561.63	-172.214
8000	449	292.779	-242.271
8000	450	185.206	452.056
8000	451	-569.866	389.304
8000	452	-591.45	457.905
8000	453	-112.137	-808.839
8000	454	581.957	203.341
8000	455	-529.231	1668.4
8000	456	1.60989	-666.49
8000	457	-757.044	1429.95
8000	458	686.089	-851.954
8000	459	117.716	-34.1173
8000	460	-440.939	159.131
8000	461	-50.3984	-78.5024
8000	462	577.035	955.081
8000	463	-138.704	-331.107
8000	464	-220.28	249.469
8000	465	-804.175	641.706
8000	466	222.933	-1739.42
8000	467	222.791	-1084.44
8000	468	-55.5183	596.787
8000	469	-591.219	-660.09
8000	470	306.701	-732.973
8000	471	150.237	130.345
8000	472	-58.2827	-943.956
8000	473	9.68035	-1555.47
8000	474	-45.007	829.549
8000	475	126.575	-145.664
8000	476	152.664	-107.429
8000	477	-133.327	0.385281
8000	478	515.086	-354.77
8000	479	192.598	-52.5083
8000	480	217.331	581.819
8000	481	244.728	-424.904
8000	482	605.932	739.665
8000	483	591.888	-96.0798
8000	484	65.7603	230.618
8000	485	279.69	-935.02
8000	486	24.7213	669.588
8000	487	366.492	-271.401
8000	488	-114.412	306.513
8000	489	-148.819	735.513
8000	490	803.868	-666.713
8000	491	-635.843	805.625
8000	492	-404.816	-577.836
8000	493	502.16	740.826
8000	494	279.083	-54.5934
8000	495	633.301	-1354.42
8000	496	713.358	250.243
8000	497	-346.699	-377.387
8000	498	55.7334	-768.375
8000	499	-214.088	1482.21
10000	0	152.449	-31.8281
10000	1	-277.448	605.842
10000	2	398.713	477.803
10000	3	-624.046	267.155
10000	4	-322.892	1284.44
10000	5	1327.42	73.7356
10000	6	128.386	-1633.83
10000	7	-84.8368	-789.953
10000	8	441.409	-848.208
10000	9	71.3296	1299.9
10000	10	223.024	-525.883
10000	11	-897.505	-633.642
10000	12	438.808	-881.526
10000	13	700.526	-294.909
10000	14	-574.678	-533.973
10000	15	-55.4058	-757.534
10000	16	-552.706	1303.7
10000	17	-190.368	-1225.14
10000	18	-233.734	-36.5067
10000	19	517.752	1326.14
10000	20	-999.871	87.9911
10000	21	247.043	243.618
10000	22	-839.771	420.728
10000	23	961.938	-751.715
10000	24	446.179	392.146
10000	25	60.1277	1547.81
10000	26	82.0967	-905.692
10000	27	400.151	529.028
10000	28	-616.807	848.366
10000	29	-203.686	-359.211
10000	30	-231.03	1226.08
10000	31	-328.736	1485.93
10000	32	-433.856	493.003
10000	33	-428.904	-458.904
10000	34	866.19	-106.518
10000	35	-183.897	758.303
10000	36	-693.382	-536.333
10000	37	-346.205	-747.11
10000	38	923.07	-964.816
10000	39	296.211	-996.804
10000	40	-282.951	777.089
10000	41	-604.771	1669.15
10000	42	76.0764	35.3194
10000	43	-484.144	-389.244
10000	44	-197.213	168.239
10000	45	381.178	-1002.17
10000	46	498.585	1483.91
10000	47	-433.667	801.55
10000	48	-68.3393	-488.35
10000	49	-382.566	983.331
10000	50	-37.5324	316.841
10000	51	-582.26	1058.93
10000	52	570.39	202.253
10000	53	634.231	-606.314
10000	54	-95.7228	-311.709
10000	55	601.447	929.87
10000	56	-149.247	-216.089
10000	57	571.834	-855.447
10000	58	361.49	939.497
10000	59	634.684	546.951
10000	60	1157.97	466.724
10000	61	6.02022	-877.919
10000	62	773.556	-505.8
10000	63	657.326	-298.404
10000	64	1390.76	815.635
10000	65	644.31	-1488.54
10000	66	-697.842	68.3248
10000	67	836.21	-1025.13
10000	68	127.573	965.838
10000	69	116.395	538.856
10000	70	524.233	160.392
10000	71	77.3986	-463.382
10000	72	19.4862	-969.459
10000	73	908.661	-492.675
10000	74	1462.54	-783.07
10000	75	91.1196	-538.007
10000	76	-789.943	52.5659
10000	77	33.3012	1377.87
10000	78	447.916	-555.245
10000	79	387.742	294.091
10000	80	-165.056	-76.0919
10000	81	347.293	33.5316
10000	82	14.2034	-35.8277
10000	83	-338.033	553.747
10000	84	965.465	760.812
10000	85	978.721	939.569
10000	86	481.859	2763.29
10000	87	-125.318	2859.57
10000	88	-496.565	-991.696
10000	89	111.03	-485.311
10000	90	127.504	-238.489
10000	91	281.142	1353.64
10000	92	594.956	297.424
10000	93	650.406	-905.944
10000	94	302.6	-860.837
10000	95	-706.486	-1296.29
10000	96	408.349	-222.197
10000	97	-157.034	-47.3352
10000	98	-260.36	952.187
10000	99	180.786	-1810.65
10000	100	233.437	568.513
10000	101	-215.182	744.773
10000	102	-388.102	-795.001
10000	103	-275.296	-872.677
10000	104	-248.158	-113.096
10000	105	307.136	-966.88
10000	106	-85.4387	-624.721
10000	107	-1164.14	-489.906
10000	108	387.462	188.992
10000	109	85.2915	1981.16
10000	110	240.431	-567.308
10000	111	-97.7051	-124.772
10000	112	-560.43	621.98
10000	113	-810.104	2468.19
10000	114	-402.798	1234.45
10000	115	-469.902	-1414.62
10000	116	-97.3454	799.295
10000	117	-274.227	-1221.71
10000	118	527.719	251.008
10000	119	-139.826	-765.653
10000	120	814.99	709.388
10000	121	31.8301	822.947
10000	122	679.094	-869.768
10000	123	1259.34	818.402
10000	124	-268.284	860.422
10000	125	689.361	389.244
10000	126	-148.354	360.712
10000	127	727.217	-1415.99
10000	128	-574.228	-1547.24
10000	129	463.872	-817.49
10000	130	243.919	260.637
10000	131	1149	1125.1
10000	132	118.598	1684.26
10000	133	-37.1007	416.637
10000	134	229.98	-155.863
10000	135	-291.687	461.948
10000	136	-524.043	-1017.53
10000	137	444.683	-489.541
10000	138	224.4	-582.113
10000	139	-12.8517	-283.121
10000	140	-152.832	-945.259
10000	141	84.7452	149.815
10000	142	-243.373	-1174.96
10000	143	-1051.6	265.049
10000	144	36.565	160.784
10000	145	222.699	357.258
10000	146	-141.614	-711.164
10000	147	86.3561	-2823.5
10000	148	-134.276	-1053.91
10000	149	-382.195	-1629.97
10000	150	97.9439	597.842
10000	151	-821.173	-127.497
10000	152	656.573	-561.623
10000	153	-182.709	1098.86
10000	154	121.954	1187.56
10000	155	-273.694	-1331.54
10000	156	245.46	613.099
10000	157	-124.44	-2406.53
10000	158	16.8447	-1151.45
10000	159	-212.139	2699.61
10000	160	-776.249	-374.551
10000	161	-145.457	-453.994
10000	162	944.763	-540.263
10000	163	574.676	949.838
10000	164	495.365	1329.34
10000	165	-726.868	72.3921
10000	166	-328.592	229.309
10000	167	-36.6146	-1054.9
10000	168	-362.216	-1063.06
10000	169	-217.427	-209.947
10000	170	236.445	809.726
10000	171	55.3938	-1440.43
10000	172	74.598	-901.773
10000	173	62.7563	-868.928
10000	174	823.765	1140.33
10000	175	-195.136	411.767
10000	176	-502.042	462.029
10000	177	-1021.42	397.682
10000	178	408.515	19.5483
10000	179	241.814	1603.84
10000	180	-756.707	-530.692
10000	181	151.867	-179.09
10000	182	36.0049	741.595
10000	183	-638.526	-298.13
10000	184	81.9824	70.4674
10000	185	-75.6084	-1373.82
10000	186	767.074	-279.496
10000	187	969.885	-48.7433
10000	188	-1182.76	-163.554
10000	189	-621.054	117.023
10000	190	80.0589	332.508
10000	191	-603.906	-283.103
10000	192	-82.9964	647.12
10000	193	-183.179	964.579
10000	194	59.1443	840.41
10000	195	448.513	-1950.39
10000	196	-159.769	60.7671
10000	197	-119.871	769.968
10000	198	566.716	627.565
10000	199	701.673	-487.258
10000	200	-791.976	-753.122
10000	201	1254.03	-340.25
10000	202	551.253	6.18041
10000	203	357.72	275.36
10000	204	-541.395	716.228
10000	205	368.421	-1198.49
10000	206	-896.857	-1071.62
10000	207	82.6227	373.621
10000	208	-599.12	-1796.26
10000	209	806.305	1248.07
10000	210	537.478	161.868
10000	211	23.9062	800.28
10000	212	897.462	-518.867
10000	213	-272.414	149.095
10000	214	338.759	689.946
10000	215	285.893	-497.168
10000	216	-420.797	51.6031
10000	217	1322.36	1159.14
10000	218	29.3034	-1526.68
10000	219	-458.475	-320.167
10000	220	34.8951	1483.66
10000	221	-288.45	464.907
10000	222	-109.124	-972.525
10000	223	-1154.4	-549.794
10000	224	144.264	398.805
10000	225	97.5591	1887.52
10000	226	-818.285	-107.271
10000	227	-315.205	929.005
10000	228	-372.55	977.823
10000	229	-448.378	-313.152
10000	230	-357.829	-612.494
10000	231	-274.322	821.514
10000	232	587.818	-1336.7
10000	233	203.597	755.537
10000	234	133.31	-1387.38
10000	235	316.568	-429.442
10000	236	466.38	-278.215
10000	237	211.958	-374.238
10000	238	-374.562	605.311
10000	239	1269.52	561.202
10000	240	-406.73	-1469.36
10000	241	-1148.93	-1619.38
10000	242	129.4	1441.81
10000	243	-858.444	-1152.33
10000	244	368.189	-186.078
10000	245	-458.595	717.427
10000	246	316.108	-1304.61
10000	247	1190.31	-992.797
10000	248	-283.703	699.148
10000	249	880.516	312.911
10000	250	800.153	388.108
10000	251	-551.781	-311.029
10000	252	1043.15	-1589.77
10000	253	-178.021	-630.133
10000	254	-648.616	277.649
10000	255	-629.576	219.683
10000	256	223.418	2732.71
10000	257	-305.691	-561.734
10000	258	-1118.61	-1078.69
10000	259	1018.51	-185.697
10000	260	-1058.98	443.628
10000	261	-873.324	681.749
10000	262	4.90096	660.439
10000	263	-267.669	-970.474
10000	264	-197.088	-1612.86
10000	265	323.685	-303.962
10000	266	633.973	355.791
10000	267	-180.807	-39.5103
10000	268	-790.001	-862.88
10000	269	900.283	405.971
10000	270	1133.82	952.457
10000	271	-981.518	-792.912
10000	272	636.652	-110.992
10000	273	-944.129	-1288.45
10000	274	-233.982	-1287.48
10000	275	-335.771	94.2773
10000	276	33.2438	146.141
10000	277	666.633	465.45
10000	278	761.318	1512.04
10000	279	270.321	1313.5
10000	280	-663.495	1708.17
10000	281	273.934	478.148
10000	282	-308.769	126.041
10000	283	12.3452	-1129.1
10000	284	1108.43	1121.83
10000	285	-74.3872	771.454
10000	286	-451.735	361.409
10000	287	150	-1331.27
10000	288	630.36	287.143
10000	289	7.03513	1304.44
10000	290	-479.29	308.695
10000	291	321.48	350.523
10000	292	665.842	76.293
10000	293	-79.1475	564.222
10000	294	-348.753	-217.881
10000	295	-200.501	890.785
10000	296	155.436	-464.221
10000	297	125.582	-314.524
10000	298	-1364.89	117.743
10000	299	-460.006	-634.491
10000	300	-13.9318	304.82
10000	301	-417.395	-2799.23
10000	302	431.484	-1095.37
10000	303	-185.853	252.397
10000	304	-41.1279	298.614
10000	305	190.29	291.387
10000	306	974.975	-1428.74
10000	307	874.464	686.823
10000	308	-81.3358	-77.6369
10000	309	187.521	-137.452
10000	310	394.496	-1201.4
10000	311	-61.1475	-1521.43
10000	312	883.829	1337.74
10000	313	48.015	-167.903
10000	314	-420.972	-2023.03
10000	315	-332.176	1050.64
10000	316	537.041	-230.982
10000	317	-178.508	1409.01
10000	318	-63.716	1919.18
10000	319	814.135	597.586
10000	320	836.901	-226.317
10000	321	-428.971	1638.53
10000	322	-1139.81	-419.821
10000	323	743.931	468.332
10000	324	-748.059	-276.161
10000	325	834.066	929.059
10000	326	-202.814	-1288.73
10000	327	344.054	145.442
10000	328	-610.63	-409.047
10000	329	406.352	590.764
10000	330	-518.185	176.6
10000	331	-384.485	715.407
10000	332	-306.425	-884.467
10000	333	193.448	-314.748
10000	334	680.367	1237.35
10000	335	673.346	-630.282
10000	336	40.4542	571.97
10000	337	-1053.76	1613.18
10000	338	-302.325	42.4784
10000	339	-550.8	978.188
10000	340	-421.88	-845.677
10000	341	-277.626	702.674
10000	342	821.745	-1043.34
10000	343	-244.21	-439.514
10000	344	610.93	128.038
10000	345	582.828	1354.39
10000	346	-298.788	-829.683
10000	347	638.943	644.754
10000	348	644.742	-398.257
10000	349	-444.848	188.624
10000	350	-171.11	4.28
10000	351	207.454	1024.53
10000	352	-642.061	-456.025
10000	353	428.845	-321.899
10000	354	-245.482	-28.904
10000	355	143.525	26.2346
10000	356	96.9315	-314.694
10000	357	508.348	732.729
10000	358	-273.171	-309.939
10000	359	210.401	-961.045
10000	360	-119.498	-539.614
10000	361	-413.487	-189.432
10000	362	-12.9855	-642.371
10000	363	-1458.56	-1738.99
10000	364	84.4844	-1.08395
10000	365	-465.313	380.245
10000	366	-280.899	-18.3673
10000	367	891.626	-106.035
10000	368	322.352	669.323
10000	369	-229.473	-443.751
10000	370	729.248	-1344
10000	371	-422.009	576.305
10000	372	402.527	-334.883
10000	373	-540.512	-718.753
10000	374	163.989	-1510.31
10000	375	-688.042	-23.9069
10000	376	326.153	-888.811
10000	377	-333.28	164.446
10000	378	-769.478	305.16
10000	379	318.247	1715.18
10000	380	-561.627	504.186
10000	381	-367.335	359.6
10000	382	-634.383	-1159.01
10000	383	-560.703	2106.72
10000	384	588.342	972.789
10000	385	319.641	2822.98
10000	386	326.767	-567.895
10000	387	-633.781	-767.564
10000	388	-359.219	855.263
10000	389	429.235	309.525
10000	390	-416.776	-601.211
10000	391	750.321	98.5661
10000	392	1025.85	-780.933
10000	393	33.6178	791.907
10000	394	688.038	-1030.4
10000	395	256.153	1215.1
10000	396	75.2166	-691.35
10000	397	-371.013	1140.91
10000	398	413.958	1072.78
10000	399	55.6029	-815.082
10000	400	780.495	-850.691
10000	401	599.738	2319.48
10000	402	619.33	1298.47
10000	403	1131.86	16.5337
10000	404	98.7445	1019.46
10000	405	420.779	-703.055
10000	406	-753.519	227.961
10000	407	-546.905	-464.236
10000	408	392.973	-666.104
10000	409	1019.13	1160.82
10000	410	-236.106	781.97
10000	411	322.533	1147.91
10000	412	236.629	466.727
10000	413	222.597	1254.95
10000	414	-1439.37	614.351
10000	415	-204.613	-941.954
10000	416	487.587	1400.58
10000	417	6.34138	256.837
10000	418	-1031.71	-152.698
10000	419	-588.603	130.355
10000	420	627.078	218.833
10000	421	-158.51	721.712
10000	422	1265.09	327.148
10000	423	-355.895	1201.54
10000	424	95.6768	-678.787
10000	425	689.796	-81.0006
10000	426	-483.623	-147.315
10000	427	-176.455	755.335
10000	428	226.411	-242.772
10000	429	-661.668	848.816
10000	430	60.8237	931.022
10000	431	-1235.8	-203.954
10000	432	791.498	986.829
10000	433	-355.577	1252.21
10000	434	437.015	923.153
10000	435	-194.339	1688.6
10000	436	552.39	470.239
10000	437	-56.6383	700.1
10000	438	-193.672	1978.68
10000	439	358.233	-1186.9
10000	440	-524.581	-247.347
10000	441	-242.579	-687.63
10000	442	134.067	-344.201
10000	443	652.688	-220.104
10000	444	82.3425	493.012
10000	445	773.902	700.619
10000	446	-393.327	-4.46184
10000	447	374.165	-124.956
10000	448	143.732	-774.91
10000	449	309.954	-21.0042
10000	450	267.111	89.5689
10000	451	-645.772	100.913
10000	452	-275.446	562.422
10000	453	71.6281	-701.357
10000	454	523.412	44.2593
10000	455	-189.152	1631.29
10000	456	-154.109	-943.696
10000	457	-455.226	2199.58
10000	458	925.884	-757.536
10000	459	-148.996	-125.668
10000	460	-188.607	-94.1223
10000	461	-390.082	237.245
10000	462	453.328	1272.58
10000	463	-260.451	74.7832
10000	464	4.66562	525.982
10000	465	-768.497	582.288
10000	466	360.366	-1702.16
10000	467	374.551	-331.917
10000	468	325.521	169.975
10000	469	-645.07	-635.259
10000	470	33.0642	-279.447
10000	471	426.581	454.991
10000	472	48.0073	-1669.99
10000	473	632.069	-1225.55
10000	474	-182.995	197.794
10000	475	202.299	-392.358
10000	476	-81.3064	-83.1072
10000	477	-232.957	171.75
10000	478	518.879	-771.658
10000	479	434.192	-649.556
10000	480	292.298	1098.78
10000	481	145.354	-235.973
10000	482	463.125	651.376
10000	483	612.773	-278.242
10000	484	-153.91	373.899
10000	485	139.458	-1022.49
10000	486	6.07812	391.11
10000	487	327.162	-54.3498
10000	488	307.468	222.827
10000	489	-424.906	-146.608
10000	490	483.507	-995.21
10000	491	-223.883	965.638
10000	492	-867.832	-167.834
10000	493	279.601	686.515
10000	494	183.957	-382.548
10000	495	971.809	-900.494
10000	496	689.718	349.119
10000	497	-229.913	-95.0936
10000	498	57.3028	-589.734
10000	499	-392.041	1165.57
12000	0	-91.0648	120.98
12000	1	-416.527	348.833
12000	2	356.932	671.113
12000	3	-405.514	313.6
12000	4	-483.747	1453.51
12000	5	1987.17	202.231
12000	6	-129.627	-1798.28
12000	7	92.972	-755.498
12000	8	561.729	-327.697
12000	9	-133.581	1380.59
12000	10	341.981	-509.241
12000	11	-492.246	-998.843
12000	12	75.7997	-829.46
12000	13	739.906	210.933
12000	14	-406.824	-740.458
12000	15	-257.695	-929.221
12000	16	-854.444	1773.06
12000	17	-248.617	-1784.31
12000	18	-310.343	198.366
12000	19	799.497	1867.1
12000	20	-745.103	-298.277
12000	21	713.225	59.9757
12000	22	-976.233	306.7
12000	23	793.573	-632.204
12000	24	616.19	72.3595
12000	25	286.814	1685.61
12000	26	-132.281	-80.8044
12000	27	702.343	379.59
12000	28	-295.294	456.502
12000	29	-142.777	387.468
12000	30	-635.42	1336.52
12000	31	-449.554	1009.27
12000	32	8.64092	514.529
12000	33	-843.025	-546.726
12000	34	1227.5	50.313
12000	35	251.686	432.557
12000	36	-804.823	-331.196
12000	37	-201.695	-232.125
12000	38	923.339	-1436.83
12000	39	216.411	-65.5071
12000	40	-342.412	628.688
12000	41	-7.21307	2038.37
12000	42	595.795	-395.792
12000	43	-467.486	-121.42
12000	44	-455.41	151.174
12000	45	319.385	-584.759
12000	46	506.899	1361.44
12000	47	-423.258	281.697
12000	48	-95.4799	-625.951
12000	49	-382.317	1261.39
12000	50	163.832	-52.9181
12000	51	-261.329	425.638
12000	52	608.954	233.203
12000	53	591.781	70.4298
12000	54	203.393	-227.293
12000	55	737.529	1064.86
12000	56	-210.294	-222.05
12000	57	537.822	-1103.89
12000	58	258.733	688.618
12000	59	966.896	1527.57
12000	60	1067.83	304.119
12000	61	392.8	-1617.44
12000	62	834.841	-971.843
12000	63	897.611	-410.416
12000	64	1549.97	900.703
12000	65	867.669	-1249.36
12000	66	-400.58	353.782
12000	67	844.993	-1296.74
12000	68	363.511	1148.34
12000	69	138.729	177.066
12000	70	51.776	497.547
12000	71	378.004	-249.181
12000	72	100.046	-835.713
12000	73	927.944	-291.779
12000	74	1305.07	-601.188
12000	75	-69.9865	-822.708
12000	76	-1205.76	86.2673
12000	77	553.331	2163.41
12000	78	612.117	-675.428
12000	79	608.163	368.995
12000	80	-464.779	-373.775
12000	81	564.313	-461.948
12000	82	-46.7591	993.177
12000	83	20.4361	1388.91
12000	84	908.989	927.264
12000	85	841.457	1392.27
12000	86	441.525	2641.29
12000	87	14.8856	3330.58
12000	88	-186.579	-848.214
12000	89	351.405	331.45
12000	90	251.193	-307.381
12000	91	200.978	1274.69
12000	92	468.914	-102.943
12000	93	562.255	-1211.81
12000	94	643.504	-1234.86
12000	95	-484.902	-902.585
12000	96	505.333	-147.511
12000	97	115.278	-982.071
12000	98	-221.128	1412.02
12000	99	-233.437	-2363.01
12000	100	310.919	1082
12000	101	-295.304	220.377
12000	102	-644.019	-1698.66
12000	103	-176.198	-770.672
12000	104	-298.881	-694.807
12000	105	424.028	56.3979
12000	106	-163.293	-849.947
12000	107	-984.672	-178.531
12000	108	350.508	62.4551
12000	109	207.549	1714.12
12000	110	-96.5395	-862.113
12000	111	-187.422	-235.175
12000	112	-447.559	201.926
12000	113	-713.176	1773.2
12000	114	-602.778	918.698
12000	115	-645.357	-1019.19
12000	116	-176.368	649.478
12000	117	-497.234	-1430.78
12000	118	606.713	-137.326
12000	119	-58.678	-517.49
12000	120	864.934	741.895
12000	121	13.0427	838.928
12000	122	735.34	-1021.6
12000	123	1368.4	586.479
12000	124	364.147	140.646
12000	125	812.773	-55.3447
12000	126	-124.805	115.029
12000	127	654.815	-1259.35
12000	128	-377.92	-1766.59
12000	129	507.796	-840.932
12000	130	-194.637	1294.45
12000	131	1200.9	1150.08
12000	132	617.679	1753.88
12000	133	4.75644	1230.52
12000	134	187.523	-377.344
12000	135	-509.846	794.228
12000	136	-641.734	-1393.07
12000	137	323.268	-416.599
12000	138	227.108	-771.309
12000	139	-52.7135	-312.888
12000	140	-631.627	-870.189
12000	141	84.5663	223.285
12000	142	-364.258	-1201.72
12000	143	-1044.07	629.293
12000	144	-345.261	375.224
12000	145	19.5424	349.143
12000	146	201.426	-424.934
12000	147	223.192	-1943.53
12000	148	29.371	-930.097
12000	149	-944.832	-2004.12
12000	150	-37.5221	242.874
12000	151	-879.283	-136.529
12000	152	331.189	-439.847
12000	153	-83.7803	1054.8
12000	154	499.261	1094.46
12000	155	-151.229	-1418.19
12000	156	326.252	552.459
12000	157	98.0093	-3088.68
12000	158	327.741	-1381.25
12000	159	-110.006	2783.92
12000	160	-855.517	224.493
12000	161	-256.34	-399.754
12000	162	572.49	-765.073
12000	163	435.392	1124.96
12000	164	886.342	2071.3
12000	165	-658.87	-489.909
12000	166	-235.799	-557.963
12000	167	178.727	-1381.26
12000	168	-511.438	-857.849
12000	169	-17.0342	-69.387
12000	170	673.759	653.597
12000	171	439.256	-1689.51
12000	172	13.4041	-1295.56
12000	173	382.651	-769.618
12000	174	511.146	924.985
12000	175	-272.065	763.228
12000	176	-356.606	1174.86
12000	177	-1219.37	377.617
12000	178	487.933	191.324
12000	179	643.046	1249.84
12000	180	-980.454	-849.973
12000	181	-127.794	-752.267
12000	182	223.597	291.362
12000	183	-478.757	-42.7855
12000	184	186.465	894.477
12000	185	-229.591	-1417.08
12000	186	1108.05	-14.2889
12000	187	1367.44	-541.344
12000	188	-1123.1	-35.8406
12000	189	-520.95	286.963
12000	190	318.078	-98.6848
12000	191	-720.101	21.9412
12000	192	-164.919	757.161
12000	193	-655.532	1372.5
12000	194	-296.39	920.003
12000	195	47.0113	-2651.69
12000	196	160.559	-131.818
12000	197	323.899	1337.15
12000	198	901.545	502.646
12000	199	790.172	-826.207
12000	200	-813.196	-444.498
12000	201	1014	-388.794
12000	202	1056.67	-0.660324
12000	203	414.259	830.915
12000	204	-892.175	1141.16
12000	205	286.102	-1925.5
12000	206	-854.242	-1732.54
12000	207	103.73	-10.7671
12000	208	-414.376	-2321.15
12000	209	773.803	1386.43
12000	210	78.9302	333.813
12000	211	534.851	988.211
12000	212	1055.37	-1181.9
12000	213	-460.081	551.529
12000	214	556.057	887.032
12000	215	408.061	-459.645
12000	216	-999.311	202.097
12000	217	964.921	952.881
12000	218	315.023	-2125.72
12000	219	-393.264	-477.029
12000	220	178.259	1697.06
12000	221	-130.966	339.705
12000	222	-512.535	-865.894
12000	223	-986.589	11.302
12000	224	535.094	51.1679
12000	225	-307.187	2023.31
12000	226	-1097.53	189.735
12000	227	-173.849	1353.61
12000	228	-511.118	1120.61
12000	229	-205.533	-457.185
12000	230	-437.682	-386.183
12000	231	-317.359	276.732
12000	232	761.87	-805.043
12000	233	402.008	422.682
12000	234	-364.718	-737.47
12000	235	498.982	-356.585
12000	236	236.095	-616.647
12000	237	73.2721	-376.515
12000	238	-96.9676	377.478
12000	239	1170.85	339.351
12000	240	-552.765	-1259.89
12000	241	-1389	-2372.94
12000	242	6.81788	1790.61
12000	243	-724.511	-1023.95
12000	244	257.164	-196.024
12000	245	-395.926	856.76
12000	246	636.701	-1023.45
12000	247	1114.94	-1347.35
12000	248	-323.169	966.647
12000	249	499.253	604.955
12000	250	784.224	323.04
12000	251	-400.504	374.353
12000	252	762.624	-1831.96
12000	253	-39.4457	-743.923
12000	254	-507.389	215.527
12000	255	-188.668	-100.616
12000	256	149.453	3104.15
12000	257	-260.763	-909.441
12000	258	-1279.57	-883.567
12000	259	1198.5	-232.373
12000	260	-1422.62	158.084
12000	261	-891.006	509.042
12000	262	-35.5669	773.742
12000	263	-194.019	-740.014
12000	264	-95.4383	-1590.53
12000	265	451.014	-652.759
12000	266	809.718	163.614
12000	267	-162.442	-45.6823
12000	268	-766.974	-1408.65
12000	269	1262.64	693.267
12000	270	956.654	1241.26
12000	271	-642.915	-503.821
12000	272	757.753	-581.028
12000	273	-603.17	-1205.71
12000	274	-72.5761	-1150.14
12000	275	-33.4116	-41.2348
12000	276	-284.278	36.7293
12000	277	648.445	8.27137
12000	278	917.711	1552.1
12000	279	598.876	1280.78
12000	280	-630.818	1575.64
12000	281	-228.449	568.695
12000	282	191.603	471.289
12000	283	-4.86336	-1452.62
12000	284	1047.45	1160.28
12000	285	85.9297	873.798
12000	286	-691.432	-412.481
12000	287	508.679	-981.675
12000	288	589.486	630.85
12000	289	353.752	640.001
12000	290	-226.913	55.4695
12000	291	658.746	-41.5646
12000	292	702.96	638.024
12000	293	541.712	694.498
12000	294	-210.68	-120.542
12000	295	-559.398	107.347
12000	296	116.605	-497.785
12000	297	285.555	-241.586
12000	298	-750.918	-48.9205
12000	299	-761.614	226.439
12000	300	-48.2703	315.569
12000	301	-924.387	-3178.22
12000	302	810.441	-859.882
12000	303	-65.4499	418.916
12000	304	-299.067	338.758
12000	305	149.868	99.3802
12000	306	1114.43	-1117.35
12000	307	1057.54	921.207
12000	308	-299.267	-755.732
12000	309	282.131	-408.352
12000	310	591.503	-505.358
12000	311	-540.644	-1784.03
12000	312	983.933	1535.23
12000	313	324.827	-494.124
12000	314	-437.33	-2124.1
12000	315	-201.983	1483.16
12000	316	795.82	434.806
12000	317	-159.273	1927.34
12000	318	136.514	1240.66
12000	319	1030.74	-287.07
12000	320	378.449	-31.303
12000	321	-423.987	1071.85
12000	322	-1204.88	-26.0916
12000	323	643.405	565.411
12000	324	-349.624	29.5581
12000	325	1242.7	995.676
12000	326	-908.15	-822.178
12000	327	424.017	-46.9101
12000	328	-351.423	-646.689
12000	329	-95.8841	708.245
12000	330	-739.527	-319.316
12000	331	-387.325	621.665
12000	332	-259.755	-1550.5
12000	333	315.049	-155.283
12000	334	681.366	1554.18
12000	335	831.829	-819.891
12000	336	310.33	414.828
12000	337	-1113.36	2148.15
12000	338	-340.837	120.309
12000	339	-272.881	972.429
12000	340	56.6164	-241.406
12000	341	-511.813	887.513
12000	342	745.867	-1089.27
12000	343	-404.298	-407.364
12000	344	992.101	220.9
12000	345	443.964	1575.43
12000	346	-363.141	-1142.35
12000	347	816.388	771.823
12000	348	503.897	-1141.33
12000	349	-382.232	335.035
12000	350	-150.874	-69.6647
12000	351	400.669	1067.17
12000	352	-542.299	-1160.82
12000	353	-75.4192	86.4414
12000	354	-460.108	442.35
12000	355	-10.3846	562.266
12000	356	56.1241	-730.275
12000	357	446.471	974.158
12000	358	-141.714	-198.14
12000	359	384.08	-373.284
12000	360	311.441	378.688
12000	361	-672.073	192.885
12000	362	-152.42	-237.046
12000	363	-1697.51	-1431.37
12000	364	404.23	-107.592
12000	365	-745.7	741.63
12000	366	-223.75	503.955
12000	367	672.229	235.232
12000	368	242.087	591.603
12000	369	-217.694	267.198
12000	370	625.023	-1633.64
12000	371	-302.707	1698.95
12000	372	306.626	-374.764
12000	373	-353.41	-572.131
12000	374	-38.317	-922.31
12000	375	-669.012	227.245
12000	376	183.496	-808.583
12000	377	-34.3737	575.302
12000	378	-747.516	313.514
12000	379	658.373	1163
12000	380	-440.459	311.606
12000	381	-304.535	-7.06777
12000	382	-1174.07	-1238.8
12000	383	-354.399	1912.76
12000	384	431.889	1174.06
12000	385	2.63165	3170.14
12000	386	174.564	-414.013
12000	387	-414.553	-1550.78
12000	388	-231.278	946.66
12000	389	726.869	290.731
12000	390	-517.802	-635.394
12000	391	737.78	456.782
12000	392	1142.16	-1635.4
12000	393	-427.335	1016.68
12000	394	844.874	-1470.45
12000	395	498.056	883.665
12000	396	255.227	-402.915
12000	397	-668.452	1464.15
12000	398	615.185	1144.65
12000	399	-263.081	-1495.91
12000	400	472.393	-548.359
12000	401	755.154	2847.5
12000	402	1046.75	1600.85
12000	403	1369.14	-20.0503
12000	404	159.196	1378.99
12000	405	360.813	-671.465
12000	406	-417.117	-311.263
12000	407	-193.968	-307.737
12000	408	754.718	-144.38
12000	409	970.577	1561.25
12000	410	-289.381	582.053
12000	411	-130.969	1367.96
12000	412	89.948	674.816
12000	413	67.1627	1406.75
12000	414	-1536.24	564.516
12000	415	-466.361	-615.689
12000	416	543.867	554.846
12000	417	-20.0369	211.597
12000	418	-1098.92	-690.444
12000	419	-610.451	-845.692
12000	420	886.885	418.836
12000	421	-216.06	286.644
12000	422	1066.53	241.597
12000	423	-778.306	1610.58
12000	424	574.937	-1249.43
12000	425	529.851	-330.352
12000	426	-296.216	-421.537
12000	427	-74.3724	746.147
12000	428	-153.106	-824.238
12000	429	-421.583	1095.16
12000	430	-447.677	1370.87
12000	431	-1164.16	-331.481
12000	432	728.557	1446.77
12000	433	-383.105	2008.41
12000	434	563.056	581.487
12000	435	23.7027	2064.78
12000	436	355.875	240.048
12000	437	-92.0366	379.433
12000	438	-30.3738	1010.64
12000	439	98.7379	-1162.26
12000	440	-627.602	-231.476
12000	441	125.335	-353.246
12000	442	-114.867	-564.466
12000	443	1049.95	109.847
12000	444	84.3638	598.625
12000	445	991.944	-103.195
12000	446	-652.618	326.773
12000	447	175.205	-116.326
12000	448	22.2883	-970.708
12000	449	305.455	118.122
12000	450	487.458	-60.4402
12000	451	-243.091	260.201
12000	452	-338.514	1174.9
12000	453	86.2612	-912.236
12000	454	499.274	71.2291
12000	455	-407.7	1719.16
12000	456	-96.8312	-759.14
12000	457	-928.328	2551.06
12000	458	1015.08	-851.901
12000	459	-122.285	-579.058
12000	460	230.027	106.257
12000	461	-131.613	339.779
12000	462	776.196	643.357
12000	463	-265.734	18.4651
12000	464	303.381	1153.44
12000	465	-465.256	179.216
12000	466	142.006	-1263.68
12000	467	649.741	321.699
12000	468	285.567	602.692
12000	469	-752.696	-779.469
12000	470	146.094	-70.6806
12000	471	430.103	558.386
12000	472	75.3674	-2111.73
12000	473	408.766	-665.065
12000	474	-200.627	343.54
12000	475	-193.735	-3.87754
12000	476	-349.507	-732.235
12000	477	-352.142	-398.285
12000	478	338.961	-184.937
12000	479	528.093	-1239.11
12000	480	281.234	1110.27
12000	481	-457.988	-179.072
12000	482	519.777	741.128
12000	483	850.142	-317.463
12000	484	164.986	884.522
12000	485	-260.792	-1170.91
12000	486	-154.335	777.096
12000	487	264.569	548.573
12000	488	86.5108	-530.089
12000	489	-450.483	-49.1152
12000	490	544.262	-999.752
12000	491	-85.7608	1374.32
12000	492	-986.922	-324.132
12000	493	219.938	377.881
12000	494	362.348	-146.957
12000	495	1190.39	-824.502
12000	496	919.955	705.38
12000	497	-164.539	-409.843
12000	498	536.934	-630.185
12000	499	-334.315	1733.98
14000	0	-28.0432	77.7428
14000	1	-457.785	479.385
14000	2	339.349	993.788
14000	3	-45.8986	-71.7259
14000	4	-542.677	1792.38
14000	5	1728.05	185.318
14000	6	-91.286	-2021.69
14000	7	252.653	-835.317
14000	8	503.086	41.6282
14000	9	-529.672	1524.46
14000	10	821.989	420.5
14000	11	-405.912	-861.219
14000	12	117.153	-228.331
14000	13	840.692	-13.6984
14000	14	-523.752	-338.294
14000	15	-769.345	-886.459
14000	16	-788.841	1820.06
14000	17	-331.006	-1855.27
14000	18	-393.171	1054.5
14000	19	919.179	1650.36
14000	20	-839.148	140.949
14000	21	533.103	56.0531
14000	22	-1011.24	-45.1059
14000	23	830.049	-660.649
14000	24	489.528	-510.478
14000	25	469.687	1500.57
14000	26	-67.7217	-437.116
14000	27	1098.75	314.57
14000	28	-598.691	905.454
14000	29	76.5892	593.536
14000	30	-436.258	1324.8
14000	31	115.088	1561
14000	32	-73.0498	611.118
14000	33	-1144.02	-812.069
14000	34	1183.76	-91.5855
14000	35	214.67	-143.057
14000	36	-195.176	-254.301
14000	37	158.386	-303.312
14000	38	1068.08	-1536
14000	39	237.228	76.9889
14000	40	-101.131	257.135
14000	41	113.102	2949.18
14000	42	690.811	-658.283
14000	43	-406.236	89.6078
14000	44	-277.168	195.004
14000	45	21.6674	-984.074
14000	46	636.964	946.903
14000	47	-214.852	1146.41
14000	48	-603.974	105.002
14000	49	-662.9	925.491
14000	50	104.342	223.942
14000	51	-140.35	470.557
14000	52	648.529	823.133
14000	53	648.122	865.44
14000	54	60.6971	-956.963
14000	55	516.446	1588.22
14000	56	-424.175	-704.387
14000	57	441.041	-775.677
14000	58	-278.243	114.557
14000	59	873.081	1340.39
14000	60	728.423	-82.6614
14000	61	923.927	-1482.65
14000	62	673.719	-747.069
14000	63	1021.2	-171.369
14000	64	1591.12	399.601
14000	65	706.566	-1640.68
14000	66	-522.221	743.672
14000	67	873.114	-897.149
14000	68	365.062	523.346
14000	69	-341.815	-289.196
14000	70	-168.383	103.457
14000	71	840.255	-651.189
14000	72	222.297	-333.243
14000	73	966.117	-217.145
14000	74	1283.94	-811.001
14000	75	-390.144	-859.011
14000	76	-1426	-499.462
14000	77	1065.77	2100.52
14000	78	683.139	-678.473
14000	79	711.419	212.844
14000	80	-696.551	22.62
14000	81	119.93	-665.492
14000	82	333.927	1435.94
14000	83	304.38	1627.54
14000	84	1244.14	2086.29
14000	85	344.12	1303.36
14000	86	420.529	1990.59
14000	87	156.101	3538.18
14000	88	-527.466	-816.422
14000	89	151.903	683.192
14000	90	687.295	161.134
14000	91	222.773	1306.41
14000	92	251.837	-340.832
14000	93	373.46	-1868.04
14000	94	426.352	-2016.49
14000	95	-658.429	-1210.25
14000	96	505.747	-413.389
14000	97	-45.0679	-1176.79
14000	98	-278.65	1425.7
14000	99	-158.985	-3063.66
14000	100	237.843	22.4632
14000	101	-276.159	-357.151
14000	102	-831.348	-2036.42
14000	103	-107.239	-952.559
14000	104	-756.955	-630.19
14000	105	625.988	-139.971
14000	106	40.6028	-939.736
14000	107	-501.654	99.5293
14000	108	568.69	236.032
14000	109	246.738	1242.21
14000	110	-430.953	-1232.4
14000	111	-498.481	452.659
14000	112	-183.669	154
14000	113	-892.321	1950.49
14000	114	-822.384	598.894
14000	115	-586.386	-1078.58
14000	116	41.5279	547.849
14000	117	301.93	-1870.78
14000	118	916.851	21.8766
14000	119	-139.218	-315.975
14000	120	1063.66	740.092
14000	121	-67.1855	68.031
14000	122	296.957	-1191.31
14000	123	1459.04	470.623
14000	124	748.962	59.9135
14000	125	1009.85	529.407
14000	126	131.112	438.376
14000	127	1109.46	-1604.73
14000	128	-841.446	-1687.95
14000	129	421.262	-685.505
14000	130	-335.279	642.014
14000	131	896.726	1190.86
14000	132	678.733	1353.72
14000	133	206.266	722.984
14000	134	130.132	-207.374
14000	135	-539.211	971.4
14000	136	-501.207	-1736.52
14000	137	500.766	-375.411
14000	138	525.341	-1139.22
14000	139	-111.485	-286.876
14000	140	-432.382	-672.449
14000	141	81.0549	113.185
14000	142	-305.254	-1105
14000	143	-849.951	-210.17
14000	144	-444.369	559.028
14000	145	141.737	260.229
14000	146	18.9386	-364.375
14000	147	645.437	-2456.09
14000	148	105.289	-1231.69
14000	149	-716.31	-1911.96
14000	150	279.55	800.714
14000	151	-819.826	272.363
14000	152	253.186	-807.311
14000	153	15.3598	1333.24
14000	154	621.755	1326.89
14000	155	-340.325	-1649.02
14000	156	226.077	294.539
14000	157	476.547	-3211.08
14000	158	431.198	-1514.04
14000	159	-64.6976	2739.16
14000	160	-933.386	585.363
14000	161	-529.684	-636.728
14000	162	333.436	-450.986
14000	163	517.894	754.554
14000	164	933.008	2302.05
14000	165	-999.053	124.999
14000	166	-153.132	-148.187
14000	167	182.155	-1769.39
14000	168	-756.863	-1140.68
14000	169	60.2694	98.4101
14000	170	552.563	904.357
14000	171	138.764	-1448.93
14000	172	58.6262	-1898.42
14000	173	324.901	-811.934
14000	174	576.728	1196.6
14000	175	-35.7562	893.377
14000	176	-380.216	990.125
14000	177	-1117.58	3.82174
14000	178	84.9343	802.202
14000	179	563.536	1622.68
14000	180	-1052.76	-916.615
14000	181	-406.452	-716.114
14000	182	23.1369	644.462
14000	183	-498.215	390.253
14000	184	3.15682	1288.03
14000	185	-249.15	-1953.61
14000	186	1045.11	-41.568
14000	187	1267.27	-1206.76
14000	188	-1062.6	459.071
14000	189	-719.956	544.142
14000	190	539.805	-253.963
14000	191	-442.137	679.507
14000	192	-4.22892	986.237
14000	193	-916.492	965.682
14000	194	-57.571	967.334
14000	195	29.6735	-2299.64
14000	196	-202.11	-57.6914
14000	197	621.274	1224
14000	198	704.967	1170.19
14000	199	971.39	-1020.42
14000	200	-730.866	-15.0164
14000	201	891.898	-1404.63
14000	202	833.842	-347.638
14000	203	196.68	402.135
14000	204	-841.991	482.982
14000	205	568.466	-1753.74
14000	206	-793.484	-1504.5
14000	207	142.876	-329.596
14000	208	-276.658	-2411.05
14000	209	889.293	1285.19
14000	210	-641.923	-258.238
14000	211	565.839	682.46
14000	212	1133.22	-864.055
14000	213	-507.156	695.799
14000	214	663.791	316.075
14000	215	436.567	-245.467
14000	216	-1089.1	905.974
14000	217	986.602	1340.62
14000	218	572.246	-2872.48
14000	219	-135.533	-653.999
14000	220	55.667	1799.78
14000	221	-288.653	-105.297
14000	222	-292.223	-999.046
14000	223	-1046.82	678.669
14000	224	412.051	427.628
14000	225	-267.611	1957.3
14000	226	-715.09	292.706
14000	227	100.517	958.65
14000	228	-651.669	1729.8
14000	229	-929.342	-451.132
14000	230	-519.587	-147.015
14000	231	-177.969	-56.8188
14000	232	808.331	-1308.22
14000	233	658.79	975.284
14000	234	-684.296	-420.859
14000	235	506.652	-408.999
14000	236	313.31	-864.869
14000	237	431.084	-413.559
14000	238	5.09526	313.122
14000	239	1231.55	78.449
14000	240	-289.613	-1207.7
14000	241	-1359.89	-2618.76
14000	242	167.437	1983.61
14000	243	-392.521	-725.352
14000	244	356.816	-654.052
14000	245	-442.109	872.335
14000	246	416.406	-831.651
14000	247	1018.09	-971.651
14000	248	-164.427	1478.92
14000	249	359.761	937.308
14000	250	659.513	579.273
14000	251	-431.648	-65.8063
14000	252	1064.6	-1469.05
14000	253	200.966	-1238.05
14000	254	-286.373	278.797
14000	255	-349.349	271.779
14000	256	3.90113	3055.52
14000	257	-331.588	-791.189
14000	258	-1238.28	-895.217
14000	259	1221.73	-1111.04
14000	260	-1381.5	279.896
14000	261	-476.547	1166.17
14000	262	187.834	-14.9079
14000	263	-228.347	-437.508
14000	264	125.093	-1626.11
14000	265	507.46	-1371.74
14000	266	552.575	-104.138
14000	267	118.153	-1037.79
14000	268	-773.848	-1534.88
14000	269	1679.95	800.627
14000	270	1176.89	1440.82
14000	271	-438.497	-600.708
14000	272	537.873	-1399.35
14000	273	-706.083	-1276.47
14000	274	364.901	13.3462
14000	275	23.8125	460.518
14000	276	-285.79	107.921
14000	277	465.331	557.33
14000	278	1160.27	1881.5
14000	279	753.181	1171.39
14000	280	-1049.43	1359.39
14000	281	266.74	224.628
14000	282	732.225	793.551
14000	283	94.6781	-1917.61
14000	284	766.744	1426.12
14000	285	222.98	1500.18
14000	286	-850.457	-614.46
14000	287	831.373	-1399.31
14000	288	269.49	714.141
14000	289	570.185	627.284
14000	290	-289.255	-66.5488
14000	291	878.063	-244.273
14000	292	323.958	374.668
14000	293	1061.61	1071.88
14000	294	-462.756	-151.487
14000	295	-322.759	725.364
14000	296	187.177	-526.628
14000	297	145.805	164.097
14000	298	-771.718	349.362
14000	299	-479.841	475.561
14000	300	-233.721	96.3206
14000	301	-466.544	-3073.01
14000	302	332.175	-675.173
14000	303	90.9685	145.538
14000	304	-122.339	345.89
14000	305	429.383	183.563
14000	306	993.012	-404.005
14000	307	1184.1	578.298
14000	308	-482.32	-640.672
14000	309	387.514	-479.877
14000	310	652.883	-448.868
14000	311	-520.03	-1844.82
14000	312	1192.06	1762.57
14000	313	183.464	-477.179
14000	314	-634.082	-1970.98
14000	315	-490.358	1164.92
14000	316	760.902	887.317
14000	317	-188.438	2493.98
14000	318	-260.835	697.949
14000	319	1092.25	-212.068
14000	320	718.915	459.523
14000	321	-479.947	1402.07
14000	322	-1305.48	-170.102
14000	323	1025.44	1031.03
14000	324	-485.444	-172.608
14000	325	1156.05	1891.38
14000	326	-1243.65	-889.726
14000	327	744.755	458.364
14000	328	-22.0448	-216.501
14000	329	-593.313	683.722
14000	330	-838.52	-855.127
14000	331	-245.483	72.8885
14000	332	-347.839	-1463.53
14000	333	395.655	-614.829
14000	334	640.441	2019.95
14000	335	790.682	-736.622
14000	336	751.295	438.452
14000	337	-1161.13	1401.88
14000	338	-603.19	-76.188
14000	339	-352.136	912.751
14000	340	-5.27211	-482.091
14000	341	-317.573	359.43
14000	342	561.145	-1009.38
14000	343	-204.356	105.433
14000	344	1271.12	-441.096
14000	345	182.636	1712.64
14000	346	-962.076	-1117.28
14000	347	494.301	964.906
14000	348	223.632	-1007.9
14000	349	-522.047	56.6758
14000	350	-270.811	331.229
14000	351	582.151	1544.69
14000	352	-203.504	-750.884
14000	353	114.084	-655.35
14000	354	-183.742	385.632
14000	355	45.3259	405.597
14000	356	293.966	-915.062
14000	357	347.34	350.395
14000	358	-154.773	-236.968
14000	359	412.531	-540.422
14000	360	510.657	936.01
14000	361	-752.146	-107.557
14000	362	145.946	598.313
14000	363	-1720.48	-1460.09
14000	364	545.483	97.3946
14000	365	-727.194	-170.157
14000	366	215.708	511.901
14000	367	673.325	469.886
14000	368	381.988	371.415
14000	369	-457.108	367.408
14000	370	633.298	-1500.78
14000	371	-459.684	1550.6
14000	372	874.709	-893.698
14000	373	-135.365	-297.424
14000	374	-139.126	-786.089
14000	375	-1084.53	799.521
14000	376	24.9656	-923.599
14000	377	709.922	694.155
14000	378	-770.262	159.917
14000	379	517.625	1206.11
14000	380	-201.627	795.5
14000	381	-364.742	963.069
14000	382	-1412.06	-1486.07
14000	383	-395.104	1967.54
14000	384	552.539	1252.28
14000	385	-454.656	2995.25
14000	386	283.783	-553.311
14000	387	104.75	-1623.55
14000	388	-399.48	840.481
14000	389	425.665	128.26
14000	390	-816.408	-342.707
14000	391	792.572	955.911
14000	392	1283.7	-1821.8
14000	393	-289.717	1142.93
14000	394	670.109	-1859.29
14000	395	741.683	607.637
14000	396	515.213	-1188.56
14000	397	-347.498	1313.18
14000	398	232.789	1357.41
14000	399	434.061	-1676.03
14000	400	528.015	-797.277
14000	401	335.862	3262.89
14000	402	1037.36	791.598
14000	403	1412.96	78.0292
14000	404	367.097	708.904
14000	405	338.431	-1052.18
14000	406	-38.8586	1.87675
14000	407	-416.396	-623.831
14000	408	1047.5	237.878
14000	409	1001.74	1684.22
14000	410	-410.621	304.792
14000	411	-162.121	1781.61
14000	412	-210.207	1050.77
14000	413	-94.5683	2060.36
14000	414	-1576.82	-150.995
14000	415	-545.954	-830.607
14000	416	584.847	461.298
14000	417	82.9361	615.572
14000	418	-992.971	-724.761
14000	419	-428.7	-835.745
14000	420	1018.74	-250.994
14000	421	159	1148.08
14000	422	1286.67	712.415
14000	423	-919.443	2027.68
14000	424	1032.71	-1533.05
14000	425	103.609	-349.826
14000	426	-155.435	-350.978
14000	427	-297.845	-136.509
14000	428	-11.6937	-1027.89
14000	429	-479.657	1573.74
14000	430	-500.355	1389.68
14000	431	-1406.64	-225.337
14000	432	584.03	1070.07
14000	433	-199.579	1789.49
14000	434	334.986	501.099
14000	435	-75.8251	2445.31
14000	436	493.99	354.213
14000	437	-332.556	157.801
14000	438	-231.232	939.156
14000	439	134.906	-655.194
14000	440	-585.742	642.292
14000	441	113.991	-143.548
14000	442	-186.629	-965.318
14000	443	1091.74	12.1882
14000	444	168.211	846.6
14000	445	1329.57	-452.602
14000	446	-854.732	1390.94
14000	447	572.679	411.031
14000	448	784.183	-711.847
14000	449	348.886	-382.118
14000	450	567.896	112.206
14000	451	-363.073	437.769
14000	452	-278.735	1672.49
14000	453	-70.3518	-724.09
14000	454	282.14	201.404
14000	455	-506.327	1814.94
14000	456	-261.969	-1245.9
14000	457	-1013.02	3439.24
14000	458	1105.15	-1486.23
14000	459	-23.0753	-622.426
14000	460	472.79	-67.9981
14000	461	-131.679	-184.542
14000	462	996.728	700.005
14000	463	-322.302	556.846
14000	464	620.204	-190.397
14000	465	-549.644	608.413
14000	466	-200.618	-1267.86
14000	467	1004.75	686.353
14000	468	283.56	593.514
14000	469	-488.117	-970.943
14000	470	88.5951	-542.152
14000	471	121.211	425.5
14000	472	410.231	-2508.62
14000	473	310.471	-685.394
14000	474	-40.5051	644.295
14000	475	114.787	404.017
14000	476	-182.782	636.261
14000	477	-334.208	-364.931
14000	478	-203.277	309.577
14000	479	613.927	-1716.83
14000	480	256.996	375.289
14000	481	-514.169	-18.5332
14000	482	506.251	1016.99
14000	483	1051.2	-319.051
14000	484	65.1964	983.914
14000	485	-497.724	-1178.2
14000	486	-556.444	341.663
14000	487	524.092	1236.55
14000	488	-270.793	-364.782
14000	489	-487.166	-4.71555
14000	490	564.33	-1138.66
14000	491	-4.52861	1512.78
14000	492	-1160.57	-1090.07
14000	493	-57.3001	1025.54
14000	494	641.401	-281.694
14000	495	814.47	-71.5537
14000	496	709.6	581.602
14000	497	238.182	-124.272
14000	498	833.998	-302.638
14000	499	-434.786	1229.63
16000	0	-270.543	516.968
16000	1	-337.387	877.154
16000	2	217.866	917.235
16000	3	494.739	-175.077
16000	4	-281.735	2483.27
16000	5	1607.64	-113.262
16000	6	-194.384	-2079.43
16000	7	533.827	-106.618
16000	8	240.64	476.552
16000	9	-427.732	1273.46
16000	10	962.884	-33.9062
16000	11	-252.731	-1746.1
16000	12	22.003	-172.331
16000	13	876.279	688.7
16000	14	-409.387	-643.239
16000	15	-1057.11	-1237.16
16000	16	-995.477	857.243
16000	17	-583.371	-1931.78
16000	18	-534.966	1650.87
16000	19	1009.79	1614.63
16000	20	-857.821	393.685
16000	21	695.785	-1107.17
16000	22	-834.857	-168.067
16000	23	1125.87	123.907
16000	24	430.464	-199.959
16000	25	330.544	1619.42
16000	26	-149.725	-480.189
16000	27	1240.77	543.379
16000	28	-715.574	647.685
16000	29	417.031	813.313
16000	30	-434.295	1446.22
16000	31	451.026	1986.51
16000	32	-94.1183	555.906
16000	33	-1179.01	-903.859
16000	34	1067.66	-206.14
16000	35	35.7502	-284.169
16000	36	-495.807	-540.881
16000	37	38.1219	-162.206
16000	38	1257.66	-1814.74
16000	39	346.785	-418.893
16000	40	-378.613	215.825
16000	41	-187.474	3190.95
16000	42	429.873	-219.919
16000	43	31.2769	108.225
16000	44	-53.6436	841.119
16000	45	243.531	-769.232
16000	46	364.54	494.137
16000	47	-339.337	1052.77
16000	48	-866.301	-68.6433
16000	49	-1057.12	956.053
16000	50	125.084	-951.37
16000	51	48.055	381.459
16000	52	607.745	1229.39
16000	53	693.48	1142.07
16000	54	2.7873	-1190.1
16000	55	646.02	1603.53
16000	56	-208.72	-228.367
16000	57	717.008	-998.227
16000	58	-703.629	706.625
16000	59	693.422	790.353
16000	60	947.526	125.081
16000	61	1092.73	-1504.17
16000	62	777.247	-934.234
16000	63	1016.28	-309.808
16000	64	1944.07	-24.9845
16000	65	463.436	-1815.74
16000	66	-438.125	725.094
16000	67	652.519	-1142.38
16000	68	345.24	202.061
16000	69	-322.505	-437.151
16000	70	-389.773	-114.519
16000	71	1200.24	-855.17
16000	72	192.017	-179.849
16000	73	865.984	142.284
16000	74	1824.27	-1041.97
16000	75	-629.133	-1403.67
16000	76	-1406.43	-762.69
16000	77	1539.23	1969.86
16000	78	1007.56	-704.688
16000	79	810.31	637.024
16000	80	-784.352	-400.063
16000	81	287.221	-1307.2
16000	82	-96.6732	1936.92
16000	83	75.4679	1373.15
16000	84	1405.79	1735.55
16000	85	779.33	629.258
16000	86	756.321	2583.51
16000	87	-325.12	3640.59
16000	88	-157.206	-945.162
16000	89	569.329	550.024
16000	90	843.716	889.788
16000	91	554.199	1055.84
16000	92	617.358	-766.913
16000	93	189.998	-2148.28
16000	94	724.142	-1756.72
16000	95	-686.409	-1326.21
16000	96	666.522	-783.991
16000	97	-2.33429	-520.73
16000	98	-244.273	1618.65
16000	99	-517.317	-2188.67
16000	100	255.207	-848.106
16000	101	-172.884	-541.433
16000	102	-831.108	-2276.63
16000	103	5.072	-1002.4
16000	104	-739.445	-125.585
16000	105	816.43	375.023
16000	106	-163.857	-604.99
16000	107	-264.199	-413.045
16000	108	612.252	-36.7569
16000	109	-16.4432	947.817
16000	110	-32.2173	-1166.71
16000	111	-831.63	210.117
16000	112	-183.186	268.083
16000	113	-773.744	1807.87
16000	114	-687.787	844.495
16000	115	-511.145	-1527.45
16000	116	187.281	326.076
16000	117	200.824	-1761.91
16000	118	1120.01	531.067
16000	119	-320.309	-559.684
16000	120	982.943	288.022
16000	121	253.812	245.307
16000	122	195.248	-1420.22
16000	123	1638.7	383.396
16000	124	872.728	-664.308
16000	125	870.548	566.003
16000	126	295.998	1027.82
16000	127	1365.12	-2257.59
16000	128	-521.093	-1480.94
16000	129	684.96	-1043.07
16000	130	-212.921	910.602
16000	131	817.519	749.001
16000	132	1141.73	982.715
16000	133	23.4768	441.317
16000	134	129.65	-576.495
16000	135	-825.826	682.304
16000	136	-125.333	-1425.99
16000	137	222.16	186.845
16000	138	766.339	-1002.95
16000	139	-43.564	-746.996
16000	140	-371.378	-1158.2
16000	141	-216.532	18.0833
16000	142	-682.312	-504.88
16000	143	-965.619	455.914
16000	144	-923.082	652.7
16000	145	400.991	-135.023
16000	146	-175.586	-21.625
16000	147	123.792	-3539
16000	148	105.914	-1919.69
16000	149	-378.843	-1827.13
16000	150	43.0605	764.465
16000	151	-601.312	554.299
16000	152	293.414	-505.44
16000	153	357.898	1069.3
16000	154	658.676	1245.17
16000	155	-614.045	-1612.78
16000	156	446.309	435.009
16000	157	334.573	-3338
16000	158	367.053	-1114.16
16000	159	-312.885	2928.74
16000	160	-716.471	392.025
16000	161	-519.399	-973.757
16000	162	-24.8705	-593.312
16000	163	628.787	1612.25
16000	164	1014.44	1888.43
16000	165	-1156.61	-110.15
16000	166	-108.9	512.21
16000	167	-158.988	-1917.52
16000	168	-1119.93	-420.47
16000	169	-36.13	-474.388
16000	170	693.101	773.334
16000	171	-198.173	-1773.17
16000	172	159.995	-1917.45
16000	173	121.893	-654.946
16000	174	442.505	1569.99
16000	175	-193.399	1772.84
16000	176	-459.552	1241.55
16000	177	-1175.58	-323.429
16000	178	145.384	1414.13
16000	179	625.373	1116.88
16000	180	-880.822	-1404.03
16000	181	-708.422	-592.535
16000	182	306.788	1334.8
16000	183	-348.943	584.17
16000	184	-176.098	1418.25
16000	185	-109.173	-1783.79
16000	186	1127.68	-419.318
16000	187	1566.13	-563.13
16000	188	-1046.03	259.572
16000	189	-900.509	517.554
16000	190	299.353	-458.452
16000	191	-603.203	1153.66
16000	192	-73.9134	1681.85
16000	193	-652.218	770.168
16000	194	-318.943	1058.95
16000	195	90.4411	-2396.39
16000	196	-722.728	1.19113
16000	197	259.141	1082.69
16000	198	850.369	1351
16000	199	934.589	-733.098
16000	200	-391.902	-77.68
16000	201	632.373	-595.781
16000	202	1073.89	-262.61
16000	203	93.8088	-400.878
16000	204	-1038.15	211.165
16000	205	684.976	-1412.9
16000	206	-858.011	-1572.57
16000	207	205.317	-359.633
16000	208	-277.105	-2025.09
16000	209	886.942	1670.51
16000	210	-197.662	-330.104
16000	211	523.24	915.141
16000	212	1576.78	-942.678
16000	213	-489.835	1544.1
16000	214	196.757	34.1349
16000	215	746.112	-586.604
16000	216	-1402.17	1262.56
16000	217	825.362	1018.12
16000	218	488.797	-3118.41
16000	219	-319.508	-602.183
16000	220	58.4098	1813.49
16000	221	-205.771	119.938
16000	222	-208.622	-608.62
16000	223	-1223.29	1022.31
16000	224	512.252	50.0009
16000	225	-190.909	2432.58
16000	226	-817.999	759.621
16000	227	-25.5314	1167.14
16000	228	-993.915	2019.74
16000	229	-1346.98	-510.666
16000	230	-538.169	581.727
16000	231	-235.62	-84.3303
16000	232	1248.74	-1051.66
16000	233	462.579	819.378
16000	234	-749.424	147.554
16000	235	337.957	-363.396
16000	236	11.1648	-1441.26
16000	237	345.447	-461.068
16000	238	-228.82	1025.93
16000	239	1153.29	-168.528
16000	240	-230.546	-1158.15
16000	241	-1409.91	-2244.56
16000	242	-204.726	1657.75
16000	243	-785.2	-1032.65
16000	244	-84.624	-1132.62
16000	245	-797.634	1299.53
16000	246	477.448	-982.555
16000	247	773.415	-1125.61
16000	248	-264.233	1405.89
16000	249	599.663	814.621
16000	250	517.665	767.368
16000	251	-434.377	-252.574
16000	252	842.206	-1619.49
16000	253	460.134	-1281.6
16000	254	-401.492	362.847
16000	255	-291.319	-20.907
16000	256	-359.504	3044.07
16000	257	-390.966	-460.261
16000	258	-977.257	-918.227
16000	259	860.497	-260.371
16000	260	-1537.38	272.041
16000	261	-516.613	1502.41
16000	262	312.777	388.667
16000	263	-520.372	-101.969
16000	264	402.708	-1201.57
16000	265	829.793	-190.171
16000	266	591.359	41.4003
16000	267	218.172	-380.129
16000	268	-644.808	-2062.77
16000	269	1380.01	670.58
16000	270	1333.58	1903.73
16000	271	-186.536	-582.022
16000	272	481.034	-1196.1
16000	273	-146.882	-1386.47
16000	274	307.349	-64.9269
16000	275	23.4287	241.235
16000	276	-226.719	150.259
16000	277	403.738	-127.457
16000	278	1221.64	1698.08
16000	279	990.906	1106.52
16000	280	-786.186	1990.69
16000	281	164.733	-10.6688
16000	282	472.34	901.401
16000	283	217.351	-1862.64
16000	284	586.557	1784.91
16000	285	154.076	1606.04
16000	286	-590.377	-767.8
16000	287	1209.82	-704.38
16000	288	190.761	1526.99
16000	289	772.331	1109.99
16000	290	-185.714	200.243
16000	291	882.014	-400.572
16000	292	164.461	499.891
16000	293	1281.32	901.255
16000	294	-608.119	-341.965
16000	295	-304.152	753.544
16000	296	56.0375	-291.314
16000	297	-94.7625	-610.9
16000	298	-1014.29	-195.538
16000	299	-681.929	490.829
16000	300	-254.833	602.375
16000	301	-176.879	-3309.33
16000	302	349.41	-686.337
16000	303	530.243	308.607
16000	304	59.4555	261.62
16000	305	654.736	-360.277
16000	306	1009.99	-1639.03
16000	307	1145.75	1643.91
16000	308	-240.812	-416.984
16000	309	337.286	-459.932
16000	310	575.183	-366.457
16000	311	-531.083	-1813.62
16000	312	1247.83	1964.1
16000	313	-76.667	39.2687
16000	314	-576.561	-1730.17
16000	315	-374.219	1238.89
16000	316	256.449	664.349
16000	317	-338.341	2323.7
16000	318	-241.461	301.259
16000	319	673.181	-839.153
16000	320	776.734	1200.71
16000	321	-447.274	2287.24
16000	322	-1063.58	142.129
16000	323	1165.4	563.471
16000	324	-376.371	-235.457
16000	325	1335.52	2224.28
16000	326	-1006.48	-468.128
16000	327	866.307	657.301
16000	328	-328.569	-633.069
16000	329	-293.106	1142.41
16000	330	-875.429	-533.395
16000	331	155.274	-434.898
16000	332	-498.345	-1892.24
16000	333	674.834	-815.902
16000	334	551.306	2371.26
16000	335	372.252	-255.84
16000	336	1031.6	802.05
16000	337	-1015.25	1529.31
16000	338	-379.83	-112.864
16000	339	-312.819	1114.94
16000	340	-266.676	-138.269
16000	341	-368.251	-173.838
16000	342	411.076	-988.165
16000	343	-484.655	330.37
16000	344	1212.27	261.101
16000	345	-189.466	1625.68
16000	346	-1411.51	-1213.41
16000	347	894.177	777.588
16000	348	-257.939	-917.316
16000	349	-622.044	434.93
16000	350	-393.013	-166.888
16000	351	237.979	1450.35
16000	352	-121.913	-208.531
16000	353	-28.3851	-1429.26
16000	354	-2.57035	643.317
16000	355	35.9344	473.646
16000	356	294.789	-809.648
16000	357	649.561	648.611
16000	358	-112.445	-568.628
16000	359	791.399	-527.646
16000	360	539.158	755.253
16000	361	-852.747	-332.876
16000	362	169.433	533.65
16000	363	-1995.98	-1250.73
16000	364	585.118	95.1857
16000	365	-436.195	-108.996
16000	366	116.568	404.706
16000	367	610.662	743.692
16000	368	262.751	677.207
16000	369	-579.313	793.394
16000	370	505.43	-1940.32
16000	371	-540.891	1720.54
16000	372	553.587	-1008.22
16000	373	-421.138	-110.43
16000	374	-203.176	-349.505
16000	375	-1267.45	1384.84
16000	376	-3.93443	-916.991
16000	377	928.905	273.554
16000	378	-769.16	-688.626
16000	379	203.864	1131.09
16000	380	-403.394	488.14
16000	381	-454.123	1232.83
16000	382	-1437.23	-1653.25
16000	383	-511.925	1811.48
16000	384	871.511	965.032
16000	385	-294.063	3119.12
16000	386	685.923	10.1682
16000	387	246.378	-1301.96
16000	388	-279.606	824.485
16000	389	343.443	40.5475
16000	390	-978.914	-533.812
16000	391	571.555	606.902
16000	392	1908.04	-1970.66
16000	393	-426.785	925.184
16000	394	626.006	-1963.79
16000	395	1134.02	94.4921
16000	396	820.508	-1525.71
16000	397	-135.888	1663.65
16000	398	-128.045	1264.27
16000	399	415.501	-1947.18
16000	400	-112.716	-918.739
16000	401	372.204	2631.73
16000	402	713.481	724.599
16000	403	1374.26	-482.467
16000	404	495.707	-148.166
16000	405	443.188	-956.681
16000	406	33.8689	150.962
16000	407	-873.87	-192.136
16000	408	577.567	69.0614
16000	409	821.242	1625.51
16000	410	-512.085	104.922
16000	411	43.4217	1463.29
16000	412	-133.006	664.307
16000	413	-340.114	1809.2
16000	414	-1457.31	-322.844
16000	415	-146.109	-1026.24
16000	416	564.556	669.23
16000	417	344.72	1121.73
16000	418	-1174.04	-1089.37
16000	419	-605.792	-624.759
16000	420	1203.89	121.961
16000	421	239.817	1430.72
16000	422	889.611	1036.13
16000	423	-876.072	1920.73
16000	424	776.388	-1428.46
16000	425	270.182	-71.1783
16000	426	185.301	-157.633
16000	427	-399.789	-158.557
16000	428	64.5944	-680.201
16000	429	-332.25	1464.32
16000	430	-475.993	1388.25
16000	431	-1406.91	323.82
16000	432	707.646	1111.37
16000	433	88.1295	1865.46
16000	434	536.259	903.18
16000	435	304.213	2497.05
16000	436	347.439	399.27
16000	437	69.9443	-1.63643
16000	438	-93.6071	1088.02
16000	439	-196.977	-507.648
16000	440	-417.715	360.156
16000	441	114.013	310.038
16000	442	-46.3238	-69.7587
16000	443	815.203	-89.4147
16000	444	121.675	1387.57
16000	445	1487.38	642.511
16000	446	-932.686	1608.65
16000	447	933.71	503.719
16000	448	522.511	-722.145
16000	449	368.844	-537.279
16000	450	846.298	-162.73
16000	451	-195.258	-507.761
16000	452	-562.292	1830.08
16000	453	129.014	-920.474
16000	454	461.212	97.3683
16000	455	-226.402	1322.97
16000	456	104.75	-1087.15
16000	457	-1234.3	3584.83
16000	458	1067.77	-1359.13
16000	459	78.053	-717.361
16000	460	631.781	398.678
16000	461	27.717	-633.788
16000	462	979.666	629.196
16000	463	-343.487	-116.275
16000	464	539.826	-372.296
16000	465	-501.678	773.401
16000	466	-360.105	-1168.8
16000	467	744.089	308.544
16000	468	22.1557	765.711
16000	469	-74.695	-210.879
16000	470	-114.706	-405.33
16000	471	-158.724	-278.532
16000	472	468.589	-2500.39
16000	473	407.936	-114.971
16000	474	161.158	647.193
16000	475	164.276	-0.750338
16000	476	114.663	-98.3997
16000	477	-807.067	384.617
16000	478	-19.9203	70.2971
16000	479	792.101	-1637.75
16000	480	73.2945	560.249
16000	481	-57.9211	133.599
16000	482	761.813	1073.79
16000	483	1236.25	-428.251
16000	484	-252.974	1222.19
16000	485	-581.698	-1775.79
16000	486	-415.301	-104.069
16000	487	302.208	1185.64
16000	488	-545.148	288.368
16000	489	-627.501	193.253
16000	490	300.676	-865.972
16000	491	412.586	1782.7
16000	492	-1189.04	-708.364
16000	493	-58.5446	566.942
16000	494	738.946	-495.689
16000	495	849.666	-123.268
16000	496	608.631	729.308
16000	497	54.8761	-410.559
16000	498	1056.39	-727.53
16000	499	-870.794	1327.22
18000	0	-166.808	1240.61
18000	1	-373.918	603.076
18000	2	507.364	1087.8
18000	3	737.068	-583.985
18000	4	-190.233	2304.27
18000	5	1747.99	219.453
18000	6	163.006	-2548.94
18000	7	712.2	499.922
18000	8	164.181	496.438
18000	9	-510.77	1486.11
18000	10	1101.65	-185.083
18000	11	68.0983	-1738.22
18000	12	94.5667	-179.983
18000	13	838.769	532.041
18000	14	-508.285	80.2066
18000	15	-1018.61	-1587.52
18000	16	-655.645	988.247
18000	17	-852.008	-2122.53
18000	18	-432.291	1272.24
18000	19	1265.27	1491.71
18000	20	-1079.34	299.229
18000	21	934.226	-923.12
18000	22	-482.16	254.615
18000	23	1187.03	304.124
18000	24	193.149	45.7722
18000	25	211.603	1492.85
18000	26	31.1453	-766.39
18000	27	1078.36	800.588
18000	28	-1038.61	770.993
18000	29	263.89	760.771
18000	30	-273.292	1859.13
18000	31	566.118	2776.54
18000	32	50.8595	611.393
18000	33	-1225.64	-1050.58
18000	34	749.894	-143.457
18000	35	-106.919	-87.7176
18000	36	-459.946	-206.54
18000	37	-105.076	-155.692
18000	38	1045.25	-1860.18
18000	39	598.052	-512.034
18000	40	-847.513	891.756
18000	41	-239.189	3332.82
18000	42	252.783	418.205
18000	43	-285.779	-47.8535
18000	44	-175.785	1309.96
18000	45	441.796	-261.106
18000	46	497.659	-200.514
18000	47	-104.239	469.045
18000	48	-268.07	250.547
18000	49	-1215.6	839.919
18000	50	6.17444	-542.718
18000	51	221.198	1013.63
18000	52	611.04	1228.64
18000	53	435.554	1380.6
18000	54	-100.761	-1336.14
18000	55	850.082	1900.46
18000	56	-50.6654	-524.035
18000	57	1058.71	-942.695
18000	58	-940.254	443.181
18000	59	655.294	221.717
18000	60	1031.92	467.286
18000	61	944.803	-1830.4
18000	62	854.468	-520.406
18000	63	1055.24	-34.1033
18000	64	1586.83	-562.775
18000	65	445.757	-1028.29
18000	66	-481.46	780.366
18000	67	796.658	-1931.32
18000	68	522.77	158.881
18000	69	-220.282	-585.829
18000	70	-140.31	447.476
18000	71	1358.34	-1111.03
18000	72	142.485	-217.174
18000	73	982.909	424.717
18000	74	1882.59	-602.959
18000	75	-989.885	-1683.79
18000	76	-1307.55	-201.298
18000	77	1310.9	2280.54
18000	78	979.08	-798.693
18000	79	1449.48	653.927
18000	80	-1040.25	-497.92
18000	81	232.043	-1530.68
18000	82	75.2688	2205.41
18000	83	380.977	719.835
18000	84	1587.68	1426.58
18000	85	999.865	614.906
18000	86	799.315	2979.16
18000	87	-446.515	3484.19
18000	88	-140.536	-1836.7
18000	89	810.723	32.2859
18000	90	904.564	611.283
18000	91	376.87	840.89
18000	92	711.909	-831.554
18000	93	11.6501	-2064.74
18000	94	844.918	-1765
18000	95	-908.681	-1522.3
18000	96	758.625	-606.438
18000	97	255.768	-294.687
18000	98	-580.438	1727.12
18000	99	-181.486	-1301.93
18000	100	-130.764	-962.111
18000	101	-158.961	-500.303
18000	102	-622.229	-2275.24
18000	103	382.46	-1554.44
18000	104	-675.081	506.563
18000	105	775.009	785.913
18000	106	-441.953	-557.15
18000	107	-322.45	-326.61
18000	108	608.096	-324.75
18000	109	-417.605	1214.95
18000	110	-272.814	-911.014
18000	111	-731.295	1159.19
18000	112	-148.192	72.5059
18000	113	-233.356	2238.61
18000	114	-938.231	1072.08
18000	115	-1165.02	-1591.98
18000	116	84.2879	635.16
18000	117	185.667	-1331.03
18000	118	789.452	710.472
18000	119	-621.773	-405.976
18000	120	1001.77	391.867
18000	121	372.996	-139.505
18000	122	274.397	-1387.47
18000	123	1799.6	514.121
18000	124	791.673	-159.55
18000	125	650.382	528.284
18000	126	374.875	1548.62
18000	127	1076.7	-2088.94
18000	128	-778.274	-1378.24
18000	129	544.199	-1173.07
18000	130	-252.969	953.43
18000	131	760.768	521.925
18000	132	1057.5	1187.28
18000	133	143.059	-65.323
18000	134	168.385	-493.119
18000	135	-1070.98	925.958
18000	136	-123.481	-753.894
18000	137	601.926	-85.6838
18000	138	916.021	-1173.93
18000	139	-254.563	-462.63
18000	140	-371.876	-1214.02
18000	141	107.842	629.145
18000	142	-805.377	-539.518
18000	143	-1086.72	1201.06
18000	144	-1023.58	158.891
18000	145	403.86	-101.313
18000	146	2.27137	640.26
18000	147	-197.264	-3606.33
18000	148	506.201	-2347.9
18000	149	-462.908	-1870.9
18000	150	322.48	689.7
18000	151	-281.78	228.509
18000	152	409.91	5.74755
18000	153	616.073	1047.25
18000	154	682.713	1272.16
18000	155	-711.312	-1774.25
18000	156	346.451	74.7392
18000	157	66.8217	-3953.9
18000	158	388.583	-1225.16
18000	159	-94.0869	2753.77
18000	160	-1072.44	-50.3802
18000	161	-540.177	-927.25
18000	162	-386.741	-262.611
18000	163	697.536	1637.8
18000	164	947.279	1606.76
18000	165	-465.417	-45.7744
18000	166	354.194	880.268
18000	167	-97.4811	-2327.64
18000	168	-1179.99	-527.509
18000	169	-259.453	84.4011
18000	170	813.686	207.623
18000	171	-180.835	-1284.74
18000	172	80.0248	-1724.56
18000	173	21.8361	-494.005
18000	174	404.748	1549.21
18000	175	369.3	1619.73
18000	176	-419.995	785.609
18000	177	-493.74	-381.922
18000	178	96.4237	1572.34
18000	179	524.043	1276.01
18000	180	-738.033	-1203.34
18000	181	-566.333	6.56282
18000	182	27.0198	1984.44
18000	183	-855.9	63.0334
18000	184	5.13279	973.625
18000	185	-169.842	-1733.42
18000	186	889.227	-312.98
18000	187	1346.86	-275.195
18000	188	-1341.34	44.3218
18000	189	-781.673	979.685
18000	190	521.393	-410.094
18000	191	-762.473	1651.7
18000	192	182.696	1762.97
18000	193	-783.903	575.025
18000	194	-550.058	1080.26
18000	195	267.329	-1693.39
18000	196	-479.781	-251.661
18000	197	289.317	1582.12
18000	198	748.309	1026.19
18000	199	709.141	-730.924
18000	200	-593.914	161.345
18000	201	748.985	-352.696
18000	202	1134.67	-626.18
18000	203	16.3236	-693.051
18000	204	-1158.91	485.561
18000	205	904.234	-1655.82
18000	206	-936.638	-1758.8
18000	207	346.18	-260.352
18000	208	-279.662	-2365.98
18000	209	1183.68	2587.22
18000	210	-201.033	71.745
18000	211	465.98	897.239
18000	212	1848.74	-723.343
18000	213	-411.43	1356.35
18000	214	736.625	-226.805
18000	215	746.485	-362.778
18000	216	-1362.03	850.846
18000	217	1205.24	1274.59
18000	218	24.5358	-3418.46
18000	219	-480.65	-535.303
18000	220	-269.281	1731.75
18000	221	-384.259	-126.174
18000	222	91.7999	51.0162
18000	223	-1241.04	597.131
18000	224	313.6	283.877
18000	225	171.87	2240.45
18000	226	-717.613	766.068
18000	227	31.3552	605.24
18000	228	-1213.43	2181.54
18000	229	-1427.25	-222.649
18000	230	-559.795	609.522
18000	231	-370.671	-607.981
18000	232	1149.58	-1418.51
18000	233	401.545	823.117
18000	234	-865.343	35.5972
18000	235	198.39	-974.029
18000	236	-186.993	-1960.79
18000	237	393.613	-654.959
18000	238	168.291	1101.25
18000	239	1129.48	96.6386
18000	240	7.49813	-194.858
18000	241	-1170.1	-1654.02
18000	242	168.388	2490.25
18000	243	-705.398	-1777.11
18000	244	-180.615	-1384.64
18000	245	-978.65	1209.94
18000	246	238.445	-576.549
18000	247	671.656	-1214.97
18000	248	-123.9	1654.13
18000	249	420.195	786.277
18000	250	508.993	1112.27
18000	251	-594.432	-679.282
18000	252	641.429	-1298.11
18000	253	380.81	-1165.96
18000	254	-585.56	500.605
18000	255	-248.188	-217.924
18000	256	-460.244	3159.93
18000	257	-221.704	-364.23
18000	258	-1058.36	-1147.59
18000	259	1596.02	-510.431
18000	260	-1956.49	119.382
18000	261	-687.024	1592.64
18000	262	327.79	104.427
18000	263	-437.385	-948.426
18000	264	33.8006	-1800.81
18000	265	885.205	85.1608
18000	266	490.376	-161.672
18000	267	184.061	-407.395
18000	268	-466.735	-1813.87
18000	269	1620.01	529.352
18000	270	1712.63	1548.89
18000	271	-20.1003	-948.437
18000	272	862.933	-1329.62
18000	273	-207.293	-1618.02
18000	274	384.636	739.896
18000	275	324.756	635.083
18000	276	-281.025	590.612
18000	277	187.522	-347.217
18000	278	1360.28	2156.1
18000	279	1171.15	1162.38
18000	280	-583.636	1850.34
18000	281	43.403	-257.064
18000	282	-155.992	1602.06
18000	283	331.536	-1675.62
18000	284	730.836	1850.56
18000	285	43.5813	1499.21
18000	286	-338.901	-294.609
18000	287	1289.92	450.338
18000	288	88.1914	2306.59
18000	289	994.282	1418.24
18000	290	-346.64	518.51
18000	291	1141.36	80.5844
18000	292	486.961	621.116
18000	293	1531.95	1108.86
18000	294	-447.782	-4.87103
18000	295	-285.742	571.839
18000	296	11.2856	-579.846
18000	297	244.604	200.534
18000	298	-917.602	354.109
18000	299	-835.674	562.807
18000	300	44.3038	29.7854
18000	301	-74.1908	-3583.83
18000	302	-207.441	-917.961
18000	303	769.868	1242.5
18000	304	135.315	186.532
18000	305	812.01	-38.9023
18000	306	926.667	-1700.93
18000	307	819.084	1290.95
18000	308	-383.151	-240.202
18000	309	246.136	-34.8006
18000	310	575.211	-1313.98
18000	311	-654.585	-1876.04
18000	312	1108.2	2812.54
18000	313	63.8578	36.5095
18000	314	-818.56	-1985.49
18000	315	-291.606	1303.37
18000	316	161.622	1233.54
18000	317	-497.771	2253.05
18000	318	59.2648	768.58
18000	319	570.596	-1298.6
18000	320	935.996	1293.88
18000	321	-467.363	2393.55
18000	322	-1182.32	380.212
18000	323	706.081	500.467
18000	324	-347.694	-96.9157
18000	325	1176.61	2156.47
18000	326	-1306.2	-948.794
18000	327	869.571	259.701
18000	328	-229.981	-686.754
18000	329	-494.465	2289.2
18000	330	-779.946	-477.378
18000	331	215.264	-356.077
18000	332	-700.521	-2176.16
18000	333	375.636	-568.209
18000	334	802.644	2131.63
18000	335	452.747	-541.056
18000	336	1089.08	444.858
18000	337	-1416.25	2000.76
18000	338	-582.578	-219.798
18000	339	-501.797	1385.65
18000	340	-212.937	-643.507
18000	341	-420.186	65.7197
18000	342	223.212	-1916.57
18000	343	273.131	764.227
18000	344	790.304	383.156
18000	345	-512.601	1956.58
18000	346	-1238.87	-807.571
18000	347	677.243	3.63751
18000	348	-78.7241	-638.878
18000	349	-842.681	-94.7513
18000	350	-854.934	-268.035
18000	351	361.245	1471.57
18000	352	-212.066	181.951
18000	353	-387.346	-2258.53
18000	354	54.1937	393.778
18000	355	-273.541	142.411
18000	356	557.051	-869.42
18000	357	166.976	923.629
18000	358	-14.212	-743.476
18000	359	693.217	145.333
18000	360	249.519	879.325
18000	361	-888.174	-709.095
18000	362	427.374	713.566
18000	363	-2157.56	-1014.9
18000	364	684.875	133.11
18000	365	-625.262	-136.962
18000	366	-61.4309	505.602
18000	367	733.548	55.457
18000	368	3.81356	599.874
18000	369	-576.381	840.618
18000	370	988.725	-2152.61
18000	371	-541.249	1697.74
18000	372	1092.38	-358.593
18000	373	-559.852	-491.038
18000	374	26.0293	-1045.4
18000	375	-988.631	1808.26
18000	376	101.871	-1256.44
18000	377	948.943	208.064
18000	378	-908.953	-284.607
18000	379	339.922	1399.68
18000	380	-162.453	-1.33082
18000	381	-146.213	1001.93
18000	382	-1575.67	-1510.08
18000	383	-536.13	2462.03
18000	384	927.477	870.84
18000	385	-143.932	3027.29
18000	386	763.548	17.794
18000	387	105.241	-1522.48
18000	388	257.698	1071.18
18000	389	73.0057	-543.714
18000	390	-993.476	-252.113
18000	391	851.763	1133.5
18000	392	1582.85	-1772.08
18000	393	-769.27	1142.47
18000	394	536.217	-2298.05
18000	395	720.822	-815.073
18000	396	1257.96	-752.527
18000	397	-69.9959	2383.98
18000	398	-225.566	1576.86
18000	399	461.687	-1564.69
18000	400	106.326	-1244.06
18000	401	455.401	2009.21
18000	402	619.068	-20.9285
18000	403	1555.8	-465.416
18000	404	200.172	-176.702
18000	405	442.64	-836.011
18000	406	184.592	54.1233
18000	407	-1000.57	140.98
18000	408	670.627	-334.305
18000	409	683.688	1655.71
18000	410	-891.269	369.406
18000	411	224.55	2212.38
18000	412	-12.703	488.358
18000	413	-957.607	1670.15
18000	414	-1517.09	-375.748
18000	415	-491.704	-795.833
18000	416	745.574	306.3
18000	417	349.182	992.408
18000	418	-1192.32	-383.243
18000	419	-970.114	-1118.25
18000	420	1364.56	-111.01
18000	421	219.919	2003.73
18000	422	473.84	1938.98
18000	423	-957.423	2197.58
18000	424	593.524	-1231.54
18000	425	448.63	71.7731
18000	426	242.201	-896.667
18000	427	-1056.32	-142.197
18000	428	-292.409	-1406.23
18000	429	-440.524	753.748
18000	430	-156.573	1314.57
18000	431	-1445.27	337.67
18000	432	672.694	1749.76
18000	433	362.66	2315.02
18000	434	374.669	811.369
18000	435	204.435	3065.78
18000	436	257.012	-326.903
18000	437	109.93	31.5601
18000	438	389.442	1178.38
18000	439	-359.297	-1218.08
18000	440	-266.219	450.238
18000	441	414.637	121.989
18000	442	-373.219	-92.7918
18000	443	811.803	172.393
18000	444	261.894	1361.67
18000	445	1626.29	744.375
18000	446	-734.359	1594.09
18000	447	557.597	338.043
18000	448	461.244	-513.357
18000	449	588.149	-374.821
18000	450	767.874	-665.078
18000	451	-3.50947	-515.352
18000	452	20.9743	2382.7
18000	453	251.386	-1312.76
18000	454	382.258	-18.8249
18000	455	-370.37	1388.94
18000	456	326.398	-934.248
18000	457	-1144.36	3707.45
18000	458	1426.26	-1302.98
18000	459	-43.9621	-657.963
18000	460	851.182	498.232
18000	461	-189.925	-504.012
18000	462	975.916	311.932
18000	463	-84.6864	-366.773
18000	464	898.596	-150.547
18000	465	-905.604	601.521
18000	466	-558.819	-1815.13
18000	467	567.677	356.607
18000	468	-215.519	1344.85
18000	469	208.547	-294.789
18000	470	-214.972	-957.753
18000	471	-175.823	-169.927
18000	472	431.873	-2290.2
18000	473	348.785	-201.573
18000	474	-21.1985	9.56265
18000	475	462.531	421.766
18000	476	74.0722	49.6855
18000	477	-892.313	1541.98
18000	478	-341.343	51.4007
18000	479	951.993	-1404.99
18000	480	-323.832	895.703
18000	481	424.737	-420.076
18000	482	332.501	958.334
18000	483	1252.45	-307.063
18000	484	-134.478	189.657
18000	485	-223.878	-2071.45
18000	486	-534.669	128.406
18000	487	446.317	1730.82
18000	488	-674.981	577.06
18000	489	-747.039	-215.852
18000	490	574.181	-1446.47
18000	491	274.4	1998.92
18000	492	-1004.93	-1102.76
18000	493	-357.737	483.525
18000	494	653.775	-91.829
18000	495	891.622	-513.999
18000	496	308.779	696.222
18000	497	-59.8786	-334.186
18000	498	794.134	-1205.32
18000	499	-667.644	1428.27
20000	0	373.608	720.347
20000	1	-293.691	891.056
20000	2	697.215	1107.24
20000	3	832.646	-864.261
20000	4	-244.316	2166.32
20000	5	1608.81	-54.4072
20000	6	485.975	-2609.8
20000	7	398.119	212.358
20000	8	324.952	494.869
20000	9	-118.612	2433.75
20000	10	1240.01	-711.399
20000	11	110.354	-1715.72
20000	12	158.346	89.9639
20000	13	1285.9	342.181
20000	14	-468.602	505.957
20000	15	-885.098	-2237.1
20000	16	-31.4825	845.524
20000	17	-1070.46	-2063.37
20000	18	46.1632	1134.67
20000	19	1066.19	2196.11
20000	20	-836.003	682.524
20000	21	1359.9	-387.301
20000	22	-616.408	-742.661
20000	23	871.273	396.22
20000	24	811.345	-205.301
20000	25	70.4966	1027.02
20000	26	-250.554	-162.517
20000	27	1405.4	298.057
20000	28	-799.743	297.109
20000	29	458.121	1069.53
20000	30	-74.8814	1782.95
20000	31	578.388	2944.61
20000	32	147.317	523.866
20000	33	-982.796	-973.973
20000	34	848.653	-245.56
20000	35	-509.43	-370.496
20000	36	-612.934	-314.934
20000	37	-82.9007	-35.9081
20000	38	484.263	-1882.32
20000	39	654.959	-1097.46
20000	40	-283.846	167.487
20000	41	-287.886	3883.69
20000	42	-23.5078	796.743
20000	43	-167.237	-228.353
20000	44	-376.194	1288.27
20000	45	581.251	463.514
20000	46	538.462	-265.376
20000	47	293.755	637.625
20000	48	-427.821	1050.46
20000	49	-682.023	699.346
20000	50	306.567	-810.604
20000	51	58.6438	923.083
20000	52	829.629	1274.93
20000	53	513.82	863.4
20000	54	-38.1958	-1439.84
20000	55	616.282	1749
20000	56	-212.712	-313.673
20000	57	460.509	-1069.33
20000	58	-1017.23	962.832
20000	59	853.974	1054.09
20000	60	1509.21	-344.841
20000	61	1044.78	-2152.39
20000	62	936.524	-482.451
20000	63	816.536	-100.352
20000	64	1351.55	-564.58
20000	65	364.214	-1294.76
20000	66	-259.935	-38.9735
20000	67	1098.8	-2561.91
20000	68	851.313	350.011
20000	69	-19.7882	-197.822
20000	70	-206.448	278.47
20000	71	1692.06	-1482.63
20000	72	25.9421	-572.44
20000	73	1228.54	560.408
20000	74	2225.85	-650.645
20000	75	-490.368	-1748.6
20000	76	-1305.63	-577.401
20000	77	1232.43	2182.04
20000	78	885.599	-663.405
20000	79	1936.12	127.159
20000	80	-980.896	146.093
20000	81	345.614	-1261.06
20000	82	-4.28383	2170.52
20000	83	61.9664	1061.31
20000	84	2148.38	1356.48
20000	85	941.884	1005.21
20000	86	489.417	2880.55
20000	87	-711.411	3355.89
20000	88	-176.642	-2574.66
20000	89	288.671	184.046
20000	90	1227.57	681.081
20000	91	762.858	172.876
20000	92	1050.99	-998.383
20000	93	350.261	-2398.05
20000	94	1303.66	-1461.5
20000	95	-900.885	-1724.87
20000	96	903.819	-361.749
20000	97	34.3857	-157.551
20000	98	143.311	2361.17
20000	99	-578.868	-1232.79
20000	100	-109.94	-1057.3
20000	101	205.628	-815.519
20000	102	-631.706	-2339.04
20000	103	284.818	-1243.32
20000	104	-655.689	275.942
20000	105	635.361	1057.92
20000	106	-601.839	-214.135
20000	107	-64.3475	-338.342
20000	108	689.686	-211.404
20000	109	-958.411	1818.09
20000	110	-353.681	-772.859
20000	111	-1150.11	841.149
20000	112	-26.3896	-479.06
20000	113	-752.456	2608.53
20000	114	-902.393	1224.66
20000	115	-887.047	-2135.26
20000	116	463.847	700.093
20000	117	261.877	-1747.66
20000	118	886.261	-127.825
20000	119	-759.607	-547.731
20000	120	782.693	-163.3
20000	121	604.492	-398.481
20000	122	-224.158	-1422.01
20000	123	1779.55	294.172
20000	124	1150.29	-581.552
20000	125	710.126	702.485
20000	126	473.011	1630.18
20000	127	1047.46	-2328.75
20000	128	-701.747	-872.194
20000	129	764.013	-956.208
20000	130	-359.931	639.773
20000	131	615.739	765.724
20000	132	818.16	1861.48
20000	133	-23.0894	-119.306
20000	134	6.05494	-174.271
20000	135	-1188.35	1081.13
20000	136	159.163	-823.911
20000	137	423.022	-843.769
20000	138	688.282	-1707.65
20000	139	-143.058	-549.932
20000	140	-673.297	-1614.24
20000	141	85.446	1455.89
20000	142	-842.981	-831.359
20000	143	-1342.67	974.98
20000	144	-1011.58	713.544
20000	145	520.733	-206.5
20000	146	-77.6887	604.447
20000	147	-88.7087	-3191.81
20000	148	750.048	-2166.58
20000	149	-600.938	-2116.78
20000	150	-39.8312	1339.6
20000	151	-177.097	212.108
20000	152	453.955	-254.188
20000	153	695.793	1142.46
20000	154	840.369	1124.21
20000	155	-647.996	-1143.92
20000	156	366.733	644.222
20000	157	441.779	-4201.71
20000	158	329.657	-1425.47
20000	159	-477.726	2687.14
20000	160	-1634.01	-567.784
20000	161	-958.938	-642.259
20000	162	-364.602	175.466
20000	163	1026.15	843.232
20000	164	1014.75	1572.61
20000	165	-739.849	110.807
20000	166	412.531	738.901
20000	167	-134.756	-3370.67
20000	168	-1180.11	-833.516
20000	169	-480.279	-468.397
20000	170	1213.2	330.772
20000	171	78.206	-1048.22
20000	172	17.9814	-2658.83
20000	173	1.77268	-617.75
20000	174	826.988	1231.03
20000	175	806.564	2034.98
20000	176	-376.616	39.1101
20000	177	-518.676	-201.122
20000	178	-13.0441	1907.63
20000	179	245.131	1770.78
20000	180	-278.451	-1256.84
20000	181	-371.134	-157.889
20000	182	-185.283	1568.97
20000	183	-736.265	186.298
20000	184	166.753	1043.05
20000	185	-128.977	-1751.59
20000	186	1165.44	249.164
20000	187	1275.04	-388.335
20000	188	-1351.06	-677.303
20000	189	-842.878	1413.09
20000	190	403.185	529.167
20000	191	-641.515	1623.86
20000	192	-183.139	2041.31
20000	193	-751.754	916.502
20000	194	-697.346	913.412
20000	195	-10.3426	-1549.64
20000	196	-680.163	55.6528
20000	197	337.47	2376.7
20000	198	734.459	581.399
20000	199	709.291	-837.224
20000	200	-663.917	203.798
20000	201	872.426	-305.739
20000	202	1472.11	-810.548
20000	203	55.9002	-914.162
20000	204	-1154.12	-57.3081
20000	205	1304.59	-2139.68
20000	206	-695.011	-1314.42
20000	207	84.0377	-117.347
20000	208	-115.905	-2543.22
20000	209	987.737	3000.14
20000	210	117.856	-487.475
20000	211	442.86	903.325
20000	212	1734.74	-460.752
20000	213	-670.857	1295.8
20000	214	1058.77	-541.153
20000	215	405.916	-677.538
20000	216	-1221.21	262.874
20000	217	1403.67	1359.4
20000	218	-74.7	-3201.7
20000	219	-516.795	-873.667
20000	220	-222.529	1768.1
20000	221	-266.409	-472.519
20000	222	372.897	-469.397
20000	223	-1141.63	-46.4155
20000	224	311.986	180.534
20000	225	312.161	1249.15
20000	226	-557.415	703.192
20000	227	41.2479	1193.35
20000	228	-953.801	2491.75
20000	229	-1327.61	257.607
20000	230	-459.604	726.576
20000	231	-337.103	-636.837
20000	232	1441.61	-1756.21
20000	233	418.778	593.857
20000	234	-986.234	536.391
20000	235	-10.513	-260.058
20000	236	313.712	-1964
20000	237	432.917	-366.933
20000	238	87.3955	1097.22
20000	239	1031.07	30.5877
20000	240	173.006	297.677
20000	241	-1069.42	-2143.48
20000	242	88.4014	2086.16
20000	243	-642.927	-2147.33
20000	244	156.278	-1141.43
20000	245	-618.382	1024.44
20000	246	497.984	-230.342
20000	247	311.793	-1196.62
20000	248	229.378	1668.53
20000	249	319.119	890.495
20000	250	519.28	1398.02
20000	251	-310.555	-1260.68
20000	252	400.895	-921.455
20000	253	225.412	-1247.85
20000	254	-549.328	243.581
20000	255	-187.546	-208.266
20000	256	-541.359	3014.85
20000	257	-252.288	-648.412
20000	258	-1258.57	-599.298
20000	259	1796.3	-901.373
20000	260	-1777.95	660.167
20000	261	-674.601	1304.74
20000	262	689.381	620.316
20000	263	-158.602	-757.196
20000	264	163.965	-1696.11
20000	265	563.181	-16.5786
20000	266	70.8907	-80.3114
20000	267	119.358	-908.399
20000	268	-356.91	-2228.19
20000	269	1664.8	-56.2447
20000	270	1317.93	977.671
20000	271	40.0455	-1523.44
20000	272	939.686	-1779.64
20000	273	-52.878	-1945.68
20000	274	384.406	400.148
20000	275	646.141	724.483
20000	276	-142.708	243.744
20000	277	486.212	-91.0993
20000	278	1220.51	2653.51
20000	279	1011.5	607.206
20000	280	-1043.58	3078.99
20000	281	4.97663	122.875
20000	282	-185.865	1046.5
20000	283	493.911	-1234.21
20000	284	1047.08	2675.64
20000	285	286.687	1781.96
20000	286	-527.814	271.448
20000	287	1031.48	1097.35
20000	288	268.783	2425.95
20000	289	1051.44	746.648
20000	290	-607.6	657.588
20000	291	1040.34	-164.374
20000	292	882.602	182.732
20000	293	1724.38	950.242
20000	294	-361.576	-573.638
20000	295	-302.966	718.771
20000	296	-325.086	-606.53
20000	297	342.798	1529.51
20000	298	-953.087	281.097
20000	299	-418.853	94.999
20000	300	347.691	251.098
20000	301	26.3586	-4194.51
20000	302	-138.657	-256.961
20000	303	530.495	1932.46
20000	304	398.862	-500.267
20000	305	669.238	737.338
20000	306	693.628	-1951.21
20000	307	386.395	1096.76
20000	308	-201.219	-820.653
20000	309	389.425	260.134
20000	310	533.966	-406.954
20000	311	-516.178	-2314.21
20000	312	1247.02	1982.16
20000	313	-93.6862	-602.957
20000	314	-875.801	-1589.56
20000	315	-254.521	1289.39
20000	316	120.2	1569.62
20000	317	-117.55	2590.38
20000	318	258.106	629.079
20000	319	609.489	-1178.42
20000	320	881.752	1440.22
20000	321	-286.87	3108.4
20000	322	-1203.73	774.991
20000	323	545.598	369.984
20000	324	-274.901	-306.042
20000	325	1373.91	2699.19
20000	326	-1059.59	-727.471
20000	327	684.365	479.838
20000	328	-767.666	-1273.33
20000	329	-849.173	2353.43
20000	330	-740.468	-857.714
20000	331	473.049	-584.087
20000	332	-568.751	-2937.11
20000	333	173.842	-711.319
20000	334	679.483	1912.17
20000	335	168.395	-999.124
20000	336	1207.32	253.244
20000	337	-1379.84	1908.01
20000	338	-922.957	53.1804
20000	339	-472.723	1325.58
20000	340	-0.177993	-1763.93
20000	341	-522.628	-13.2026
20000	342	239.655	-2246.51
20000	343	72.4121	1168.94
20000	344	1131.17	354.198
20000	345	-460.529	2151.95
20000	346	-1240.47	-586.252
20000	347	509.113	-703.406
20000	348	301.052	-877.652
20000	349	-861.204	-97.7936
20000	350	-1131.16	-579.476
20000	351	399.257	2039.23
20000	352	-363.301	1134.28
20000	353	-40.3491	-2333.62
20000	354	-525.557	-377.256
20000	355	-592.727	-471.733
20000	356	917.947	-76.998
20000	357	-91.1704	534.551
20000	358	-234.608	-952.357
20000	359	1349.65	92.6949
20000	360	251.765	1313.76
20000	361	-877.085	-803.472
20000	362	327.486	1027.76
20000	363	-2178.28	-1217.92
20000	364	906.795	-448.971
20000	365	-844.899	-674.595
20000	366	39.2764	433.552
20000	367	700.223	180.485
20000	368	514.688	808.659
20000	369	-471.472	823.88
20000	370	1344.68	-1848.65
20000	371	-342.181	1754.89
20000	372	1491.14	-272.858
20000	373	-1.42033	-851.943
20000	374	64.3016	-1125.86
20000	375	-510.24	1818.17
20000	376	339.432	-1657.15
20000	377	1226.38	-286.22
20000	378	-1230.45	-103.253
20000	379	159.41	1349.22
20000	380	-261.752	0.846416
20000	381	109.728	1055.27
20000	382	-1513.86	-1584.67
20000	383	-295.484	3048.14
20000	384	1006.89	327.505
20000	385	-375.003	3582.5
20000	386	563.609	-682.126
20000	387	226.947	-1425.76
20000	388	660.303	804.114
20000	389	226.447	-889.274
20000	390	-660.024	-112.755
20000	391	571.906	1878.05
20000	392	1625.94	-1508.18
20000	393	-1190.29	1401.3
20000	394	350.575	-2207.88
20000	395	353.873	-547.689
20000	396	1500.69	-442.544
20000	397	87.097	2184.9
20000	398	191.21	1769.62
20000	399	856.59	-1597.06
20000	400	68.4601	-1658.96
20000	401	964.467	1308.38
20000	402	538.702	-104.148
20000	403	1694.53	-581.156
20000	404	194.174	534.901
20000	405	-97.5374	-339.465
20000	406	359.825	581.897
20000	407	-815.161	309.661
20000	408	651.048	-357.565
20000	409	380.321	1740.86
20000	410	-1007.06	796.43
20000	411	-74.2559	2346.28
20000	412	-50.5866	545.371
20000	413	-938.166	662.948
20000	414	-1477.71	97.8009
20000	415	-909.867	266.829
20000	416	602.149	1013.03
20000	417	322.265	984.659
20000	418	-1514.21	-634.102
20000	419	-1070.07	-849.302
20000	420	1124	-59.6456
20000	421	421.12	2008.77
20000	422	5.97704	2077.72
20000	423	-918.305	3185.88
20000	424	273.438	-931.821
20000	425	794.225	483.882
20000	426	484.754	-608.087
20000	427	-1036.24	625.641
20000	428	-32.7086	-1905.97
20000	429	-240.639	762.134
20000	430	-477.386	1218.83
20000	431	-1106.5	295.894
20000	432	227.699	1831.92
20000	433	344.391	2217.66
20000	434	334.282	591.111
20000	435	-336.91	2593.85
20000	436	-87.7547	218.185
20000	437	-12.9332	6.00606
20000	438	487.63	1075.35
20000	439	-260.422	-817.378
20000	440	17.0446	889.822
20000	441	513.4	-589.354
20000	442	-209.605	306.291
20000	443	550.77	458.534
20000	444	382.483	2001.85
20000	445	1329.06	918.174
20000	446	-833.319	1858.9
20000	447	555.523	818.812
20000	448	623.229	-620.837
20000	449	989.04	-333.748
20000	450	907.299	-933.605
20000	451	136.217	-705.24
20000	452	-338.363	1943.6
20000	453	821.099	-1155.15
20000	454	-76.7032	-22.3876
20000	455	231.059	1517.76
20000	456	285.092	-853.186
20000	457	-1346.19	3203.78
20000	458	1186.28	-1030.25
20000	459	137.685	-647.532
20000	460	577.516	205.388
20000	461	-788.782	-642.955
20000	462	1096.46	342.934
20000	463	321.241	-1194.42
20000	464	1159.31	-311.18
20000	465	-490.015	1062.86
20000	466	-477.617	-1830.78
20000	467	864.969	374.681
20000	468	-275.161	423.766
20000	469	206.513	-235.078
20000	470	-290.524	-1511.27
20000	471	-158.113	-311.839
20000	472	671.911	-2315.37
20000	473	406.447	527.37
20000	474	270.189	593.567
20000	475	424.923	447.886
20000	476	-45.3383	-12.0338
20000	477	-1531.48	1048.25
20000	478	-104.221	307.613
20000	479	1199.1	-686.318
20000	480	0.749977	1011.97
20000	481	368.79	-652.629
20000	482	422.361	1544.73
20000	483	1174.02	-672.554
20000	484	305.43	1383.39
20000	485	-681.87	-1004.31
20000	486	-294.152	212.816
20000	487	800.09	2093.52
20000	488	-994.763	443.349
20000	489	-767.3	534.693
20000	490	425.181	-1430.79
20000	491	372.403	2149.41
20000	492	-1259.66	-638.648
20000	493	-310.072	501.4
20000	494	688.657	-226.508
20000	495	570.408	-815.259
20000	496	449.579	1105.03
20000	497	88.6705	28.4029
20000	498	1050.87	-1153.82
20000	499	-1211.15	1407.35
