8000000.0001	-0.0568642	-0.0887883	-0.0945223	-0.0250657	-0.0368558	-0.0582679	0.014839	0.018958	-0.00438457	0.0389408	-0.019401	-0.0488983	0.0650362	-0.0293919	-0.045212	-0.0208822	-0.0828377	-0.00301218	0.0259013	-0.0148787	-0.0137004	0.0601228	0.0296571	0.120206	0.0373355	-0.00781826	0.0176358	0.0345667	-0.00360133	-0.0231994	-0.00260956	-0.0597773	-0.0109158	-0.0475579	0.0452264	-0.067564	-0.0236468	-0.110999	-0.0779534	0.0347112	0.00101399	0.038426	0.0251558	-0.0621743	0.0547726	-0.0455277	-0.0969352	-0.00744133	-0.00190754	-0.0687208	0.0157105	0.0041382	0.0816734	0.041663	-0.149787	0.0339632	0.0348406	0.0967949	0.0511114	-0.0387564	-0.0894693	0.0102121	-0.0411816	-0.040923	0.0792518	-0.0477274	-0.0572451	0.0882357	-0.0727335	-0.0691074	0.00283972	-0.0598386	0.00462575	-0.046113	-0.0629325	0.0148989	0.0918494	0.0274192	-0.0896553	0.0216328	0.0208069	0.0191323	-0.0100801	-0.0140871	0.000263814	-0.0507936	-0.00980332	-0.0593409	-0.0993144	0.0618457	0.0465633	-0.0298404	0.00748304	-0.047241	-0.14628	0.0447788	-0.0139963	-0.0241208	-0.00987814	-0.0151328
8000000.0001	-0.0277377	0.0179143	-0.0159857	0.0192936	-0.000666415	-0.0172054	0.0898161	-0.0708244	0.025163	-0.0486232	-0.0105701	-0.00187687	0.0661716	-0.0273228	-0.000178281	0.100117	0.00695501	-0.0832247	0.0565822	0.0164222	-0.0612984	0.164305	-0.0794549	-0.011001	-0.000541739	-0.0289512	0.109508	0.0742959	0.0133233	-0.0496114	-0.0435893	0.0264366	0.066457	-0.0140858	0.0002915	0.0695038	-0.0647721	-0.0480653	-0.00823421	0.0646654	-0.05512	-0.0398765	0.024226	-0.048534	0.0572237	0.0298355	0.0165979	-0.0402501	-0.0213774	-0.073039	-0.0129237	0.000258591	0.0386558	-0.0328276	-0.000211824	0.0832279	0.0251791	-0.0597498	-0.10765	0.0607275	0.0186493	0.0233723	-0.0204486	0.00649074	0.0958967	-0.0539039	0.0140843	-0.0313508	0.0346698	-0.0332514	-0.0278032	0.0102951	-0.0399376	-0.028453	-0.0985579	0.10921	-0.0144472	0.0417865	-0.076598	-0.0390704	0.0521424	0.0880024	-0.0455392	0.13219	0.108614	-0.0379747	-0.0425458	-0.0329853	-0.0232166	0.0418742	0.0321344	0.00516267	0.0585392	-0.0385983	-0.063006	-0.0036012	-0.0585417	-0.0546118	0.0308506	-0.00204513
8000000.0001	-0.0842695	-0.0706267	0.0318508	-0.0714237	0.0734656	-0.0261044	-0.00203567	0.00956118	0.0108307	0.0162124	0.0467536	-0.0540866	-0.0409898	0.110536	0.0365721	-0.0868879	0.0841911	0.0131429	0.0741048	0.00144663	0.0678278	0.0320921	0.0573496	0.0447716	-0.0556853	0.0857323	-0.0909508	-0.020592	0.0287176	0.00949088	-0.0293245	0.0126843	0.0360583	0.0864283	0.0724393	-0.0734555	-0.110895	0.107475	0.036914	-0.0360114	-0.0608991	-0.0985258	0.164179	-0.0656714	0.00192963	0.0301542	-0.0416783	0.0131261	0.0058974	-0.0239682	0.0512694	-0.0576303	0.000943004	0.0614129	-0.0793759	0.0652099	-0.0165882	-0.0303107	0.00743043	0.0358468	-0.0569593	-0.00409759	-0.0596007	0.0234313	-0.0254472	0.0324733	0.0270174	0.0184721	0.0366837	0.0887239	-0.0536381	-0.0136303	-0.00234613	0.0180491	-0.0497728	0.0382991	-0.0358748	-0.0753856	-0.0122054	0.0115896	0.0447268	-0.0389772	-0.0388326	-0.0635842	0.0156524	-0.0713488	-0.00671907	0.0375095	0.136382	0.0488053	0.0525684	-0.0463006	-0.00943728	0.0561062	-0.00672379	0.041512	0.0111096	-0.0980809	-0.0293629	0.0024674
8000000.0001	-0.110975	-0.0596133	0.0755449	0.0621702	-0.0174745	-0.0890538	-0.055446	-0.0628485	-0.0764114	0.031385	-0.0139688	0.159667	-0.0766064	0.0717358	-0.0107402	0.0792254	0.0530472	0.024842	-0.0668973	-0.0811039	0.00845888	0.133809	0.0713832	-0.134354	0.0132576	-0.0510856	-0.00437227	-0.0114255	-0.0751885	0.00695463	0.223575	-0.117104	-0.0359392	-0.0237182	0.172799	0.0861312	0.0592286	-0.0283157	0.00317181	0.050478	0.0784057	0.0112261	0.0150831	0.067842	0.0180795	0.0471227	-0.00229019	-0.0408524	-0.0395319	-0.0350335	-0.06637	0.0580389	0.0153714	0.00786013	-0.000643543	-0.152523	0.069204	0.00578388	0.0393031	-0.0064773	0.0528498	0.00994253	0.0442246	0.0396095	-0.00662477	-0.0268843	-0.000696931	-0.00480063	0.0268988	0.022042	0.00956239	0.0887395	0.0120314	0.0596049	0.0446932	0.008109	0.128825	-0.00299928	0.00401136	0.0333206	0.041588	-0.0767993	0.0218582	0.174375	-0.0428585	0.0107848	0.133278	-0.0286172	-0.0213714	0.0240699	0.107659	-0.0757306	-0.0541189	-0.0679644	0.0181606	0.0484146	0.0131366	-0.0594331	-0.0532195	-0.0425006
8000000.0001	-0.041676	-0.00603896	0.00370365	-0.00574474	0.0632502	-0.00929252	0.0701934	0.0758495	-0.0101903	-0.0887108	5.32537e-05	0.0104642	-0.018347	0.00885975	0.0879236	0.0259633	0.0280751	0.0872333	-0.0824915	-0.0241871	-0.0781582	-0.0058532	-0.0203254	-0.0704939	-0.0614697	-0.0118542	-0.0703437	0.0943671	-0.0640624	-0.0205307	0.0636841	0.0344479	-0.0874397	0.014617	0.0802504	-0.0333637	-0.0137148	0.0602219	0.0219417	-0.0539845	0.0338307	-0.00190875	-0.00975533	-0.0487564	-0.0713892	0.0357996	-0.0884567	-0.0214215	0.0546572	-0.0157361	-0.0225341	-0.0247769	-0.00651037	0.134583	0.0512043	0.00419424	0.0419576	-0.0279911	-0.0211862	0.112321	-0.0144014	0.128132	-0.0372506	0.0406783	0.00241112	-0.0212797	0.0115037	0.0699756	-0.0205064	0.0467867	-0.0203454	-0.00283813	-0.0402327	-0.00486566	0.0110781	-0.101694	-0.104448	0.0389338	-0.00322313	0.00180339	-0.0426678	0.0315577	0.0502223	-0.0575042	-0.0660526	0.0891158	0.067091	-0.011417	0.0904126	-0.00805633	0.0624197	0.00966058	-0.0505155	-0.0481159	-0.00555877	0.045848	-0.0558684	-0.0192564	0.0109916	-0.0309189
8000000.0001	-0.0561354	-0.025307	-0.0386319	0.00282017	0.0034231	0.00681189	0.0357283	-0.0571545	-0.00943321	-0.0100661	-0.0355277	0.0914133	-0.00619467	0.0591923	0.0513653	0.0208362	-0.0581369	-0.0630702	-0.0701524	0.109279	0.0119923	-0.0244596	-0.08709	-0.0993372	-0.0647177	-0.0250435	-0.0438235	0.0688456	0.0854151	-0.029	0.0650654	0.0232445	0.0308725	-0.0723911	0.0289835	0.00393891	-0.109977	-0.0559414	0.0669993	-0.139122	0.0179552	0.0719831	0.0855459	0.0305656	-0.00801739	-0.0167921	0.039815	0.0159018	-0.0289827	-0.0447217	0.0372692	0.0285631	0.0253976	0.0559841	-0.0804009	0.0163525	-0.0237698	0.0871536	0.0441899	0.0435315	0.0129516	0.0558524	-0.102982	0.0451409	-0.0275263	0.0852902	-0.0376459	-0.0411478	0.0247501	0.0506252	-0.0340964	-0.062828	-0.00715196	-0.0195863	0.0633112	0.063283	0.00101483	-0.0244229	0.0451385	-0.0227135	0.00565773	0.0104152	0.0472062	0.015441	-0.0224942	0.0942152	0.0209817	0.0651487	0.0234822	0.0561136	-0.0629582	-0.00395349	-0.0358579	-0.0645239	0.054553	-0.0346122	-0.0511101	0.0701324	-0.050821	-0.0278912
8000000.0001	-0.0984624	-0.0544651	0.0434021	0.020662	0.0160575	0.0261459	0.00445547	0.080442	-0.0414349	0.0588313	-0.0387112	-0.0670486	0.117747	-0.0457257	0.0102036	-0.0271586	-0.0765998	-0.00871066	0.0476593	0.00722966	-0.00572325	-0.107506	0.030633	0.0751004	-0.00569955	0.0712227	-0.0202488	-0.000916315	0.0112699	-0.0515303	0.035898	-0.043566	0.0319335	0.0053368	0.0190539	0.0500431	0.00922264	-0.0580098	0.0213975	-0.185634	5.1601e-05	0.0284015	-0.0034067	-0.0683612	0.0032705	0.0932972	-0.0488185	0.0404726	0.035538	-0.103021	-0.0490181	-0.0278268	0.127022	-0.00509166	-0.0426969	0.0324006	-0.0823443	0.0165267	0.0558731	0.00424591	0.0869424	-0.0498897	0.0215497	0.0800218	-0.0418056	0.0413735	0.0777725	0.0550494	0.0152839	0.0718071	0.000640764	0.116656	-0.0211569	0.0365723	-0.102886	0.016718	-0.0459617	0.0203748	0.000553412	0.0572863	-0.0572095	-0.00585099	0.0189464	0.0029725	-0.0165603	0.0413798	-0.020219	-0.114885	0.0607135	0.0204593	-0.0648438	-0.0226734	-0.0130888	0.0408657	-0.0406287	-0.0781928	-0.0135487	0.0382541	-0.0822523	-0.0656347
8000000.0001	0.0144113	-0.0261523	-0.0423879	-0.036063	0.0191164	-0.0643072	-0.0339598	0.0313171	0.038052	0.034606	-0.0445509	-0.0274997	0.0294524	0.0696728	0.00933777	0.0284673	0.0823276	0.0687591	-0.0361704	-0.0108312	-0.0931121	-0.00448312	-0.0105346	0.0453169	-0.0890432	0.00472139	0.00259893	-0.00350226	-0.0813247	-0.0267144	0.0436599	-0.0766222	0.0849324	-0.0366864	0.0202978	0.076153	-0.0144853	0.0436391	-0.0271816	-0.0268786	-0.00970339	-0.0965958	0.0464659	0.0989654	0.131478	0.037392	-0.0129577	-0.000629143	-0.0552426	-0.0383292	0.0687977	0.108473	-0.106985	-0.0126742	-0.030907	0.109866	-0.0514114	0.0553281	0.0284905	-0.014118	-0.015227	-0.027861	-0.00210716	0.0838676	0.0446286	-0.00308737	-0.0743762	-0.0791012	0.0462723	-0.0397268	-0.00323322	-0.0120075	-0.0464265	-0.0854369	0.0626324	0.0774948	0.0130661	-0.0344821	0.0234044	0.0598823	-0.0492766	0.0046918	0.0192449	-0.0238762	0.0469719	0.0872109	-0.118769	0.0617971	-0.0559346	0.108994	0.0240368	0.0118068	0.0166005	0.0210001	0.0296605	0.0431993	-0.0356619	0.0567236	-0.0252056	0.0656085
8000000.0001	-0.0107561	0.0956142	-0.00732522	-0.0658256	0.0248718	0.0994841	-0.0386309	-0.0788392	0.0612786	0.0203012	0.0256824	0.0487158	0.00337021	0.0071412	-0.0283393	-0.00541958	0.0477459	-0.0339229	0.0869206	-0.0420678	0.083356	0.0152249	-0.140515	-0.1015	0.0491286	-0.123362	0.0476187	0.00652432	0.0260668	0.0831438	-0.0298873	-0.0326169	0.0706364	0.0326945	-0.133116	-0.04485	0.00859165	-0.0190663	0.0550027	-0.0539222	-0.0540536	-0.00456157	0.0961332	-0.0624969	-0.0853945	-0.0321065	-0.0671941	-0.0154679	0.0340546	-0.0208134	0.062792	0.00665624	-0.00523331	0.100729	0.0395024	0.0298329	0.117796	0.112817	-0.00909361	0.0115385	0.071112	-0.0189341	0.014846	-0.0802648	-0.0403242	0.0142417	-0.0669868	0.0359798	-0.0218821	0.10535	-0.0437369	0.0195065	-0.0120259	0.0174886	-0.0455699	0.0124396	-0.0999591	0.041233	0.0124974	-0.080059	-0.0103779	-0.0749959	-0.0300151	0.108796	-0.0179507	-0.0345212	-0.00697147	-0.0192849	0.0624367	-0.126355	-0.0812842	-0.0522573	-0.0564411	0.000585466	0.0631811	0.0376059	-0.0828404	-0.0304661	0.00742441	0.00943595
8000000.0001	-0.0730191	0.119414	-0.0010269	-0.0724599	-0.0371361	-0.0590177	-0.0167104	-0.0893084	-0.0387845	0.0153678	-0.0121236	-0.084032	-0.0858665	0.0635386	0.0131489	-0.0268967	-0.0349815	-0.0652458	-0.0374628	0.0561396	0.032182	0.00907207	-0.036477	-0.105321	-0.0676227	0.0306901	-0.00190168	0.095284	-0.0343874	0.0246604	-0.0447937	-0.0527189	-0.00764686	0.0457141	-0.0208225	-0.106724	0.0930457	-0.0255446	0.0945954	-0.0190825	-0.0541264	0.0264334	-0.0253991	-0.0350524	0.0193232	-0.00671895	-0.0825517	-0.00857323	-0.00919834	-0.068351	0.0348521	0.0305774	-0.0545929	-0.0736555	-0.0731042	-0.0531013	0.13983	-0.00797282	0.0792131	0.0528574	-0.062977	-0.0335091	-0.0940382	-0.015619	0.0228499	0.0869382	0.0577614	0.0650603	0.0787401	-0.00322167	0.0866749	0.00661524	-0.084726	-0.0298768	0.0851885	-0.0399139	-0.0405285	0.0868088	0.0107635	-0.0818992	-0.0241066	-0.118063	0.00437454	-0.00846515	-0.0334383	0.0868381	-0.00822186	-0.0636874	-0.0833524	-0.062709	-0.033009	0.00122331	-0.0191084	-0.149619	0.0320252	-0.0888927	0.0228756	-0.0216471	-0.0395622	0.0656976
8000000.0001	0.0747183	-0.0773861	-0.035618	0.0708784	0.0672171	0.011412	-0.0649918	0.019648	0.035307	-0.0735201	0.0307885	0.0503479	-0.031934	0.0416824	-0.0620298	0.0299426	0.0172762	-0.120257	0.0338832	-0.0500157	0.0136147	0.00994727	0.0487589	-0.0141457	-0.0782032	-0.00930994	0.0652031	0.0419861	-0.0689173	0.0503033	-0.0741485	-0.0111263	0.03081	-0.0601702	0.00242682	-0.0534975	0.0402186	0.0671994	-0.0054999	0.00156081	0.0324048	0.0387344	0.00533248	0.0981966	0.0983516	0.0960292	0.0139727	9.95215e-05	0.102631	-0.00204011	-0.00843275	0.0869758	0.0765752	0.0159179	0.00987078	0.124271	-0.0834153	-0.0510157	0.0317527	0.00189891	-0.00826752	0.00105342	0.000690636	0.060222	0.0774639	-0.0585154	-0.0795051	0.0306361	-0.0282181	-0.0233883	-0.0570494	-0.146963	-0.0590723	-0.00195922	-0.00657255	0.110957	-0.0355124	0.0445547	-0.0874368	-0.0933757	-0.0398377	-0.0600832	0.0216857	-0.021359	0.106278	0.0404766	0.0459659	-0.0583309	0.023559	-0.0119985	-0.0209598	-0.104618	0.0383391	0.0484682	0.0302618	-0.0277388	0.00364965	0.0564787	0.0316884	-0.00377513
8000000.0001	0.0964185	-0.00110213	0.0414502	0.0779878	0.0150868	-0.0220942	-0.0240477	-0.0624142	-0.0191501	-0.0391624	0.0577747	-0.0200488	0.037198	-0.0662072	0.00576947	0.0311315	0.00708844	-0.0419015	0.0661243	0.0163018	-0.0329578	0.0670347	0.0187262	-0.00862325	0.0194396	0.0363421	0.0165488	0.0394495	0.0458296	0.05359	0.0591233	-0.0306312	-0.0027975	0.0990539	-0.0110489	0.0318547	0.0688769	0.0634462	-0.081233	0.0516716	0.0584319	-0.00310735	0.051484	-0.05835	0.000395744	-0.00788	0.0747725	-0.0482306	-0.033163	0.0556843	0.0797129	0.0690626	-0.0719439	0.0263119	0.0514459	0.0551519	0.0274872	-0.0333644	0.0157579	-0.0109939	-0.0586823	0.0498892	-0.0597734	0.0146124	-0.0537838	0.0598452	-0.0257652	-0.0156479	-0.0507345	0.0456954	-0.058559	0.0409884	-0.117343	0.0440366	0.0424937	0.00662915	-0.0661134	-0.045095	0.0903275	0.020781	0.0330831	0.0816753	-0.0732973	0.0623485	-0.0169141	-0.120044	0.0553944	0.00657647	0.0270582	-0.00304704	0.018171	-0.0541337	0.106141	-0.0771726	-0.0462563	0.0495816	-0.10969	0.0563622	0.0156319	0.00397721
8000000.0001	0.0446314	-0.00865107	-0.0815431	0.0891821	0.0111626	0.0310849	0.0269054	0.0702482	0.0328634	-0.0142886	0.00423906	-0.074068	0.0403126	-0.0703148	-0.132039	-0.0910162	0.0184739	0.0383684	-0.0187911	0.0574172	-0.00229798	0.0829989	-0.0216327	0.0155026	0.0275425	0.00894939	-0.107754	0.0221042	-0.0286399	0.00137782	0.0223945	-0.00435201	0.0312869	-0.153779	-0.0376342	0.00122499	-0.0146527	-0.0490358	-0.122326	-0.00551728	-0.0310951	0.00536304	0.0212426	0.0517062	-0.021212	0.0510976	0.0171438	-0.0356531	-0.0105859	0.0232439	-0.0941179	-0.0925843	0.0204836	-0.0603507	-0.0407918	0.00381969	0.0440019	-0.121676	-0.0715031	0.0756822	0.0245361	0.0655261	-0.0105602	-0.058426	0.0246123	-0.00804332	0.0284612	-0.00573865	-0.0163333	0.100438	0.055783	-0.0361175	0.0195925	-0.0862755	-0.0903916	0.0469838	0.0394833	0.0191042	0.0289197	-0.0337593	-0.0604537	-0.00891231	-0.0362938	0.0421634	0.0596298	-0.0133037	0.0460746	0.0309222	-0.0987419	-0.0375222	0.011935	0.00633513	0.0228644	-0.0599685	0.0023907	-0.046783	-0.0477837	0.0108707	0.0904647	0.0232748
8000000.0001	0.118808	-0.0460293	-0.0246198	-0.00312952	0.0480605	-0.0505607	0.00912873	0.100851	-0.0452475	-0.0448217	-0.00665077	0.0618359	0.091911	-0.0252871	0.0453188	0.00177654	0.0213585	-0.023462	-0.105468	0.0179238	-0.0413208	0.0274807	-0.0344574	-0.143488	-0.0673205	-0.0076865	-0.0411929	-0.103434	-0.0750225	0.0116288	0.0958331	0.0361284	0.0456162	0.102001	-0.034627	-0.0163641	-0.0022768	-0.0044175	0.0862986	-0.0487628	0.0672726	-0.01185	-0.0199259	0.0492529	0.0893033	-0.0542088	-0.0459978	-0.0125487	0.00745686	0.0223954	0.0922115	0.0675889	-0.0378885	-0.0187773	0.0351197	-0.028175	-0.0920194	-0.0109101	-0.00956572	0.0209542	-0.0284723	-0.0589065	-0.00208491	0.0555603	-0.126693	0.0814116	-0.080132	0.0120614	0.0496409	-0.0687054	-0.108091	0.0723431	0.00578	-0.00394819	0.087016	0.0023571	0.0125229	-0.0731926	0.0237289	0.0660644	0.0709059	-0.0281296	0.053283	-0.013035	0.0675945	0.0769968	0.00458733	-0.0348825	-0.0956334	-0.068229	-0.0909474	-0.0839944	-0.0229716	-0.0717787	-0.0868131	-0.112169	-0.0672568	-0.0316121	0.0613536	-0.0231969
8000000.0001	-0.0334916	-0.0722977	-0.00760324	-0.0271903	-0.0349137	0.0125832	0.0563083	0.0224801	0.0763577	-0.0378603	0.0255207	-0.0250455	0.0345691	-0.0853385	0.0455534	-0.0469921	0.0331117	0.0520297	0.037555	0.0770365	0.00847633	0.00895745	-0.0138661	-0.059224	-0.017659	-0.00204224	0.102052	0.0445043	0.0528721	0.03556	-0.0458546	-0.059019	-0.0415522	0.0259002	0.0275705	0.0228673	0.0123142	0.0483329	0.0153797	8.6421e-05	0.00675129	0.131011	-0.0674288	0.0134868	-0.0847224	0.022341	-0.0492034	0.0415378	-0.0384294	-0.0416946	-0.0416481	0.0797185	-0.0190143	-0.0680304	0.0386209	0.0394669	-0.0641204	0.0542892	0.0861802	-0.0641992	-0.030038	0.0604904	-0.066937	-0.0219481	-0.0220037	0.00575787	-0.0702212	-0.00191811	0.00232601	0.109249	-0.0415561	-0.0227053	0.00263778	-0.0183755	-0.00359414	0.0947156	-0.117245	0.0435669	-0.0340498	0.00212456	0.100012	0.0426533	0.0351513	-0.0753824	0.0465632	-0.0621562	0.0975675	0.0664037	0.00175041	-0.0491054	0.00964244	-0.0169515	-0.0258724	-0.0322055	0.0856576	-0.00128886	-0.10478	-0.0619087	-0.0634822	-0.0387807
8000000.0001	-0.0858852	0.0485335	-0.0409728	-0.0511438	-0.0583434	0.0381197	-0.00145086	0.124295	-0.0192158	-0.00604555	0.0339968	-0.0883225	-0.073692	0.0214938	-0.00981467	0.0356644	0.044514	-0.000440926	-0.0283305	0.000539936	-0.0523222	-0.0819316	0.0487626	-0.0223642	-0.0125972	0.0768955	-0.0490956	0.00727198	0.0265741	0.0207667	-0.0125656	0.0420817	0.03374	-0.112044	-0.103237	-0.0712135	-0.0711114	-0.022693	0.020358	0.108054	-0.0314847	-0.0210419	-0.023208	0.00769727	-0.0317942	0.0221479	0.0131922	-0.037722	-0.0304601	0.00150705	0.0269787	0.00808571	0.0964319	-0.0173931	-0.0140865	0.0327138	0.0449416	0.0791502	-0.00577818	0.0150311	0.00464189	0.0427189	-0.0626203	0.0105309	-0.061437	-0.0286229	-0.0584676	-0.0799778	-0.0782997	0.0765535	0.036598	0.028519	0.0151133	0.0574947	0.0138281	-0.0372254	0.00294138	-0.00607217	-0.0446388	-0.0308159	0.0545217	0.0650502	-0.0137524	-0.0350352	0.134661	0.0635173	-0.126597	-0.10135	-0.0643484	-0.0954492	-0.0560111	-0.0193702	-0.028577	0.0726731	-0.0113348	0.0593237	-0.0406533	-0.000664661	-0.00470718	-0.0480821
8000000.0001	-0.0968773	0.0184741	0.0300502	-0.0329815	0.076523	0.0784599	0.0462026	5.61212e-05	-0.00593936	-0.0479129	-0.00650416	0.0448727	0.0668372	-0.0431454	-0.031153	0.030186	0.0187199	0.0126992	-0.0273083	-0.0872544	-0.0976377	-0.0564895	-0.063573	0.00247731	0.00627823	-0.000423758	-0.0707925	0.0536701	0.0352001	0.0620754	-0.0704446	-0.0485196	0.0435379	-0.0061294	0.13023	0.0688122	-0.0938787	-0.0125602	-0.0323094	0.0844685	-0.0415741	-0.122626	0.00532139	-0.000197056	0.0545732	0.1	-0.0548892	0.109345	0.0152912	-0.0215182	-0.00842123	-0.035637	-0.0712105	0.00737603	-0.0638512	-0.0355329	-0.0440419	-0.0376225	0.00210892	-0.0285857	0.0284612	-0.066169	0.0177928	-0.0592472	0.0650871	-0.0895726	0.111357	0.00957858	0.0485346	-0.0674631	-0.027235	0.0732221	0.0658654	-0.00117558	-0.0915606	-0.14213	-0.0337084	0.0749061	-0.0489294	-0.0639708	-0.134668	0.108103	0.00338661	0.022968	0.0103572	0.0191213	-0.019364	-0.0303488	-0.099366	-0.0657536	-0.00346306	0.0109967	0.0759773	-0.0217052	0.0160406	-0.0698925	0.00249	0.063448	-0.173851	0.0858645
8000000.0001	-0.0605858	0.046396	-0.119935	-0.044811	-0.120615	0.0504661	-0.0410743	-0.0589811	-0.0220343	-0.0233995	0.0152783	0.0577118	-0.0706281	0.0898536	0.0048345	-0.0163312	0.00937693	-0.0207307	0.00892019	0.0112131	-0.022343	0.0321157	-0.0111264	-0.0146767	-0.0335472	-0.0462587	0.129591	-0.0460416	-0.0308454	0.0422628	-0.00510346	-0.0832039	-0.0283318	0.00970812	-0.0516029	-0.0288153	-0.092647	0.0748643	-0.0192378	-0.0565283	-0.0550617	0.0755031	-0.00285308	-0.0441828	0.0310389	-0.0578158	-0.0188016	0.114069	0.163845	0.0475691	0.0111643	0.0265818	-0.0568045	-0.0287005	-0.0138629	-0.0261879	-0.0155573	0.0344564	-0.0283725	0.0527783	0.0960986	0.0679573	0.038089	0.0530064	-0.0784262	0.0505817	-0.0338012	-0.0552111	0.0315093	0.121167	0.0169465	0.0953716	-0.0239884	0.0872448	0.0767826	-0.0264234	0.0788901	-0.0150172	-0.0589803	-0.0152471	0.000902607	0.0278875	-0.0134136	0.0199522	-0.0725003	0.005496	-0.0350687	-0.0556417	0.0374113	-0.0673033	0.0431168	0.0539135	-0.0691929	-0.0336272	-0.0489708	0.0100583	0.00902588	-0.065876	0.0644236	0.013923
8000000.0001	-0.0811197	-0.109009	0.0222922	-0.046679	0.00475183	-0.125671	-0.0336453	0.0764165	0.0287769	0.0295886	-0.0490495	-0.0209116	0.0779966	0.0435245	-0.0420956	-0.103381	0.0246603	0.0265888	0.110878	-0.0514083	-0.0419891	-0.00937645	0.0665223	0.0908443	-0.00537196	-0.0238997	-0.125904	-0.0124472	0.0357408	0.0797432	0.0306463	0.0238847	0.0924262	-0.0269156	-0.0525274	0.0265935	-0.00538339	0.0683973	0.0982137	-0.0781193	-0.0455587	-0.0174513	0.034231	-0.00328825	0.0351179	-0.00914301	-0.00559902	-0.0787197	-0.133774	0.0192327	-0.0138554	0.0227614	-0.0510389	0.0321555	-0.0511383	-0.0746942	-0.00134484	0.0298758	0.0330284	0.00301015	-0.00422054	8.59198e-05	-0.0259833	0.0629379	0.0814977	0.0679576	-0.0674715	0.0188852	0.0185726	0.0218282	-0.0791245	-0.0143678	-0.0135246	0.0382802	-0.0907474	0.000135887	0.0370211	0.00897061	0.0232018	-0.0177035	0.0204339	0.0596407	-0.0256082	0.02796	-0.0282397	0.0260314	-0.0149956	0.0350292	0.0349355	-0.0512696	0.0547973	-0.020348	-0.0180263	0.0624688	0.0705603	-0.0869598	0.0431499	-0.0144234	0.0356848	0.110821
8000000.0001	0.0170977	-0.00829603	-0.0189633	-0.0121822	-0.0497729	-0.083203	-0.0104174	-0.0682953	0.109757	0.13385	0.0295721	0.0269208	0.0885953	0.0291025	0.113379	0.040173	0.0495685	-0.0704077	0.00893469	0.132394	-0.0374905	-0.0111378	0.0496398	0.00304192	-0.032654	0.00827702	0.00778969	-0.101479	0.0890111	-0.0461528	0.0534309	0.0605222	0.00954749	0.00954126	-0.00790565	0.061018	-0.0477093	-0.0128618	0.0041552	-0.00502293	-0.00425626	-0.0577176	-0.0800384	0.0275397	-0.0648776	-0.0151259	0.0166815	0.00183017	-0.10041	0.0835119	0.0759081	0.0972827	0.00316525	0.0121246	-0.0834045	0.0137688	-0.0336644	-0.0101773	-0.0363173	-0.0308909	-0.0108186	-0.0142004	-0.00208708	-0.0357602	0.0542225	0.0592331	-0.0448443	-0.0352249	-0.0108797	0.0283508	-0.00675707	-0.137909	-0.036006	-0.0663084	0.0155891	0.0243796	-0.0133287	-0.00445718	-0.0160048	-0.0797044	-0.00105598	0.0379767	0.0116464	-0.0401021	-0.0886912	0.0410547	0.0624906	-0.0850338	0.050513	-0.100272	-0.0475995	-0.0660587	0.0453517	0.025484	-0.0920609	-0.0208392	0.0121906	-0.0750863	0.067133	0.0484475
8000000.0001	0.0246586	-0.0385535	0.0508445	-0.0395705	0.0790858	-0.0117625	0.0877879	0.0168817	0.0449996	0.00967863	-0.00206758	0.126859	0.0012091	-0.00532862	0.00859235	0.070554	0.0215313	0.0969684	0.131306	0.00376552	0.0361566	0.0455237	-0.0656692	-0.0159441	-0.0332277	-0.0069856	0.0311891	-0.126034	0.00411068	0.0346927	-0.0429569	0.101146	0.0635508	-0.0273547	0.0444102	-0.0521671	0.0044422	-0.0820245	0.00429051	-0.0553631	-0.0212671	0.0225828	-0.0553543	-0.0765294	0.0654813	-0.0332121	0.0235644	0.0829488	0.138261	-0.0684382	-0.0600643	-0.0653914	0.0632233	-0.021838	0.0545583	0.000782954	0.0666847	-0.0585256	-0.0273036	0.111215	0.0662475	-0.048895	0.0207779	0.0699439	-0.00295657	0.0962835	0.0461801	0.146484	-0.0538845	0.0915004	0.00432384	0.00275358	-0.0229051	-0.14803	0.030383	-0.130286	0.0570435	-0.0868548	0.0659243	-0.0103587	0.071736	0.0248625	0.0243345	-0.118796	-0.0639058	0.0285209	0.051982	-0.145696	0.123546	-0.0278052	-0.0504589	-0.0259681	0.0734041	0.0330644	-0.0117391	0.00826919	-0.0253414	0.0123453	0.157279	0.0283848
8000000.0001	0.0115015	0.0343087	0.0979197	-0.0429286	0.0325329	-0.0753827	0.0198446	0.0171411	-0.0918588	0.111209	0.00919445	-0.0765919	-0.113229	0.0723291	-0.0715427	-0.0513209	-0.104079	0.0291481	-0.0125222	0.0581976	0.016616	-0.0233299	0.0754155	-0.0570481	-0.0461147	-0.045641	0.00025898	0.0607237	0.104537	-0.0822875	0.0972534	0.0225895	-0.0490889	-0.060492	0.0769991	-0.0220837	-0.02368	0.00453127	-0.0849742	-0.0109575	0.124953	0.0560392	-0.042022	0.0970808	-0.0876048	-0.0231951	0.0545841	-0.0125282	0.0827809	0.00629291	0.0793011	-0.0198536	0.0333317	-0.0423154	-0.0149308	0.000317664	-0.0637917	-0.0486307	0.0637453	-0.0366771	0.026634	0.0182042	-0.0492875	-0.0346869	0.0748442	0.0301052	-0.0474416	0.0727314	0.0366087	0.0507137	-0.0740413	0.00315981	-0.0224237	-0.00678314	-0.0322824	0.0123876	0.0373184	-0.0431284	-0.0102982	0.0736596	0.0554992	0.0107232	0.0293316	-0.0907353	-0.0611817	-0.0283309	0.0466337	-0.0181095	-0.0543853	-0.0458406	0.00701206	0.0515025	-0.0528054	-0.0544926	0.0992342	0.0137115	-0.0575618	-0.0964728	-0.0599428	-0.0265475
8000000.0001	-0.0146917	0.0832345	0.0920125	0.0075757	-0.00525351	-0.0499966	0.0675477	0.117119	0.00826283	-0.0114	0.0192461	0.0542026	-0.132343	-0.0646725	-0.0207009	-0.0338657	-0.0187163	-0.0398037	-0.0547613	-0.0163188	0.0614837	0.0200324	0.0335222	0.0245304	0.0621803	-0.0310998	0.00139717	-0.0923522	-0.0593378	0.0161599	-0.0250902	0.0497573	-0.000718758	-0.0288634	-0.0287663	-0.122698	0.00312922	0.0616253	0.00714775	-0.0270184	-0.0390948	-0.0788988	-0.018291	-0.0607364	-0.0119812	-0.0551991	-0.0395647	-0.104805	0.0186091	0.0307531	-0.0561353	-0.0322794	-0.079294	-0.0156275	-0.0651749	-0.0248523	0.0473412	-0.0503805	0.0936071	-0.024479	0.0669185	0.0923384	-0.0346719	0.116158	0.128433	0.0681521	0.0173018	0.0457576	-0.0967949	-0.0327814	0.0750321	-0.0658642	0.0129963	0.0638608	0.104002	0.0913259	-0.0499466	0.0228092	-0.00137481	-0.0314877	0.0325842	0.0362855	0.0220531	0.0440025	0.0330259	0.0662766	0.0342247	0.05011	-0.10984	0.0112439	-0.0984403	-0.0421167	-0.0624423	0.0981171	-0.0543609	0.0434628	-0.0933629	0.0273039	0.0594617	-0.0324906
8000000.0001	0.0446514	-0.0228183	-0.051296	-0.0194552	0.0290624	-0.00995631	-0.00692165	-0.0793379	-0.0508184	0.0205658	-0.0298015	0.033844	0.00238766	-0.0474109	-0.0501869	-0.0169605	-0.0236265	0.0330233	0.032278	-0.0400908	-0.0320283	-0.0704998	-0.058866	0.0157213	-0.0164564	-0.0234987	-0.0489869	-0.0930673	0.0997563	0.137438	0.0207796	0.0954219	0.0457161	-0.0968345	-0.103376	-0.0101575	0.0180816	0.0612008	0.00207631	-0.0261519	0.104132	0.0766442	0.00466837	0.0134694	-0.0103782	-0.0992049	-0.0492169	0.0604717	0.0688249	0.0690764	0.0230496	0.0363456	-0.0508064	-0.0323414	0.0387691	-0.00129641	-0.0512583	0.0210897	-0.040533	-0.0718291	-0.0992938	-0.0379233	0.0642721	0.057648	-0.0730205	-0.0689778	0.0955276	0.0537498	-0.078282	0.0668593	0.000827966	0.0518283	-0.0546344	-0.0602586	-0.0852982	-0.0056689	-0.102338	0.0331763	0.0650896	0.0316614	-0.0218162	0.015186	0.0173081	0.0951837	0.0770111	0.0841887	0.0830332	-0.00110931	-0.125975	0.0622387	-0.0808607	-0.0407523	-0.0516318	-0.00950697	-0.0516843	-0.0486981	-0.0601452	0.073118	0.0210761	0.0228921
8000000.0001	-0.0367334	-0.0627662	-0.0105226	0.0533982	0.00204694	0.0216835	0.0302476	-0.0348819	-0.0727999	-0.00880138	0.0517989	0.0579681	0.0196191	-0.0464549	0.023249	-0.0281995	0.0489096	0.00693479	-0.046223	-0.0249499	-0.0305373	0.0587428	0.106406	0.0290212	-0.0927169	-0.0378172	0.0747342	-0.00789636	-0.0230097	-0.023497	-0.00760829	-0.0807355	-0.013795	0.00288943	0.00630841	-0.00671071	-0.0411219	0.0256847	0.102847	0.0574209	0.0355284	-0.0105723	-0.0424033	0.0580366	0.0377433	-0.0815895	-0.0502553	-0.0947837	-0.0505639	0.0278622	-0.0881578	0.0839408	0.0265637	0.0801518	-0.0199461	0.102704	-0.0512016	0.0554573	0.0318772	0.0707487	0.0464783	0.0555167	0.0639768	-0.155307	-0.122347	0.0159293	-0.0450622	0.0235872	-0.0163392	-0.0177654	-0.00263163	-0.0648405	0.0362052	0.0784469	0.0416576	0.0830013	0.078124	-0.00918702	-0.0366706	0.0129033	-0.0699848	-0.0102185	0.0155357	-0.0743942	0.0481298	0.0948322	0.0981795	-0.034307	0.0556227	-0.138969	-0.021387	-0.0139375	0.182365	0.0151219	-0.0769971	-0.0354591	-0.0695775	0.162845	0.00485844	-0.016434
8000000.0001	-0.021659	-0.0848071	-0.0479228	0.0988025	-0.0127689	-0.0234036	-0.00909234	0.165901	-0.0469627	-0.0298556	0.0293138	-0.0162167	-0.0246875	-0.0887734	-0.087493	-0.0662533	-0.0493642	-0.000549827	0.0292674	0.00468045	0.00907212	0.0522843	0.0220056	0.0464872	0.0248506	0.019773	0.0804181	-0.0382568	-0.022808	-0.0235004	-0.128765	0.0501314	-0.0325256	0.0946558	0.0390866	0.0501458	-0.004914	0.0667357	-0.0479678	0.0400147	0.052013	-0.0746791	-0.0933003	-0.0553151	0.012119	-0.119952	0.038932	0.0132888	-0.0133461	0.027675	0.0679266	-0.00718022	0.0231064	0.0355771	0.0868555	-0.0994228	-0.094612	0.0956106	-0.0262178	-0.0237726	0.120181	0.0362422	0.0252106	0.0349483	-0.00257485	0.042907	-0.000136123	-0.0273302	0.0578404	-0.0539993	-0.10083	0.0732648	-0.0194178	0.0633256	-0.0539912	0.0690463	-0.010891	-0.0643052	-0.0766334	-0.0238157	0.030613	-0.0943118	0.0622183	-0.0190394	-0.100974	0.0073872	-0.0232578	0.0480451	0.00701097	0.044696	0.01416	-0.11245	0.0390682	-0.0254434	0.00562112	-0.00123031	-0.0692238	0.00813324	-0.0471749	-0.0660444
8000000.0001	0.0842834	0.0304208	-0.0293069	-0.0110371	0.0737248	-0.03291	-0.0156948	0.047732	0.0376082	0.0311833	-0.0296882	0.0524111	-0.109509	0.00826722	-0.00278252	-0.0279396	-0.0218507	-0.0296702	-0.00197496	0.119812	0.0656003	-0.0818777	0.0418187	-0.0566372	0.0460569	0.0274927	0.0381011	-0.0565517	0.0184785	-0.0567599	-0.0122479	-0.0616902	-0.0365578	0.13583	0.0121908	-0.0745682	0.00388134	0.0108407	-0.025238	-0.0822844	0.0688472	0.0199278	-0.0457464	-0.0244776	-0.0185199	-0.041757	-0.0107958	0.0820566	-0.00575139	-0.0158932	0.110448	0.0189188	-0.0915092	-0.0445659	0.0238422	0.00137855	-0.0102702	-0.00354354	-0.00486717	-0.0731146	-0.13078	-0.0139022	-0.0164649	0.0399533	0.0286446	0.0223793	0.0431742	0.0102103	0.0122703	-0.0475932	0.0142571	0.0122484	0.0220666	0.017282	-0.0645964	-0.0393029	-0.00156984	0.0353446	0.0289685	0.0949469	-0.00567277	0.0140478	-0.0314799	-0.0379326	0.00924433	-0.102884	-0.001909	-0.0309881	0.0973392	-0.0167739	-0.00337222	-0.0470169	0.0659831	0.0184383	0.0336422	0.0769289	-0.0465872	-0.00779818	-0.0215833	0.0074368
8000000.0001	-0.0294269	-0.0427304	-0.0595718	-0.0849294	-0.0415234	-0.06475	-0.0369525	-0.0237541	-0.0379634	0.0202271	-0.0497297	-0.0136301	0.0127718	0.0155268	-0.0862973	0.0188826	-0.06463	0.0237698	-0.0418231	0.0106372	0.0225999	-0.0369308	-0.0370755	-0.0470656	-0.0657553	0.0184061	0.0743714	-0.0412849	0.111432	0.00683245	0.037691	0.0942186	-0.0106257	0.0439903	-0.026636	0.00622848	0.00466824	-0.111908	-0.00893096	-0.0217644	0.0755519	-0.0447197	-0.0144372	-0.0339138	-0.0126508	-0.00356533	-0.00442696	-0.0183338	0.0237232	0.0140329	0.0606917	-0.0358141	0.0889232	0.0237461	-0.033043	-0.0185255	0.0358621	-0.00421316	-0.00839396	0.0358907	0.0580791	0.0385999	0.0172017	-0.0128183	-0.0701232	-0.0995695	-0.0746771	-0.0900498	-0.0309531	0.0606413	-0.00241387	-0.00877357	-0.0239724	-0.0183104	0.0396804	0.0296511	-0.0386073	-0.0545942	-0.00674839	-0.0785282	-0.0468614	0.0491039	0.0154722	-0.0301715	-0.0921681	0.00317987	-0.01367	0.00234186	-0.0568857	-0.00538322	-0.103167	-0.0341272	0.0080909	-0.0839454	-0.0137506	-0.0185384	-0.00342535	-0.0374298	0.020319	-0.021621
8000000.0001	-0.0482844	-0.016143	0.0257171	0.00967555	-0.108748	0.0629142	0.0234398	-0.0732352	-0.0252023	-0.000474494	0.0709755	-0.0807551	-0.02883	-0.0245425	-0.0379605	0.0246806	-0.0439987	0.0163179	-0.00542957	-0.00373	-0.0538034	0.0575582	0.0341941	0.0685116	-0.112943	-0.0480713	-0.109119	0.0172545	-0.0943088	-0.0186642	-0.0155474	0.0226114	0.0155712	-0.084764	-0.0665646	0.0159879	-0.00467239	0.063826	0.000474554	-0.00131978	0.0109909	0.0551654	0.0594613	-0.0930124	0.00470264	-0.029734	0.0235327	-0.0824388	0.0152458	0.027226	0.0678568	-0.0801003	-0.103156	0.0325547	-0.00772377	-0.0261958	0.118897	-0.0103059	-0.0961398	0.022945	0.0216283	0.0390254	0.0820134	-0.000505896	-0.0522038	-0.0197399	-0.0501934	0.041465	0.0915771	-0.00829959	0.0258379	0.0584239	-0.0445968	0.0428199	0.0435349	0.0341658	-0.00194599	0.0606323	0.10762	-0.018511	-0.0663066	-0.0444344	0.092972	-0.0363942	-0.0312996	-0.0174228	-0.10043	-0.0766151	0.0581637	-0.00443745	0.0510471	-0.062184	-0.0174037	0.0627071	-0.0505946	-0.0358959	-0.0504543	0.0526093	0.0785685	0.00959311
8000000.0001	-0.0267005	0.027395	-0.049884	-0.0832738	0.0825361	0.0945051	0.0608434	-0.0090956	-0.0610028	0.0144468	0.0431939	-0.0582574	0.0221887	-0.0540113	0.00128095	-0.0169465	-0.0398538	-0.0455699	-0.00335977	0.0221715	-0.0134449	0.0334534	0.0454754	0.0691195	0.0204997	-0.0242236	-0.00921236	0.0528686	0.0255386	-0.00750808	-0.0100185	0.00546871	-0.0395301	-0.0325195	0.0297784	0.0579622	-0.0406573	0.0520994	0.0228883	0.0382871	0.104968	0.0882721	-0.0250866	-0.0752183	0.00704751	0.0861406	0.0117202	-0.0599099	-0.104401	0.0508042	-0.0460243	0.00896514	-0.0027014	-0.0168865	-0.00204097	0.0407415	0.0325776	-0.00591753	-0.0139913	0.0346043	0.00110933	-0.033993	0.0721536	0.0481714	0.0537596	-0.00933426	0.0212432	-0.0119146	0.00464978	0.105631	0.011308	0.00817501	-0.0836106	0.00234668	-0.040791	-0.0573404	-0.0345973	0.114584	0.10646	-0.0820394	-0.0122187	-0.0494003	0.0354687	0.00956297	0.00242981	0.000947945	0.0320876	-0.0218599	-0.0386765	-0.0177771	-0.0927225	0.019535	0.0518414	-0.0331772	-0.00216403	0.0194593	0.0260468	-0.0378593	-0.146564	0.0486161
8000000.0001	0.0284742	0.0437351	0.0450705	-0.0233949	0.0490469	0.0278102	-0.082997	0.0230607	-0.0637274	0.030666	-0.0381528	-0.000676561	0.0681496	0.0122969	-0.018041	-0.00729207	-0.0505398	-0.0581897	-0.0733182	0.0210213	0.0318211	0.017993	0.0015251	-0.00555093	0.0488892	0.0339934	-0.055709	-0.0264084	0.0342193	0.0542639	-0.0644344	-0.0210691	-0.0126824	0.0840549	-0.0308716	0.027607	-0.0181686	-0.0303768	-0.0101523	-0.0556089	-0.0263737	-0.040327	-0.00664322	0.0518384	0.058831	-0.0151262	0.0974663	0.082574	-0.0147011	0.0797576	-0.0501118	-0.0490142	-0.0310217	0.00752462	-0.0727049	0.0283213	-0.0056105	-0.0423297	0.0151995	0.00528719	0.0243183	0.0412837	-0.0214611	-0.0367506	-0.0503622	0.0203348	0.0066495	0.00259502	-0.0083831	-0.0273901	0.0740731	0.0610295	0.128179	-0.00343308	0.0197276	0.0672141	0.0144268	0.132375	-0.0520875	0.0569029	0.0652344	-0.03682	-0.00768769	-0.0750099	0.00193949	0.00804555	0.0456313	-0.0372514	0.00353674	0.127243	-0.0305898	-0.0156284	-0.0291878	-0.0258019	-0.00973291	-0.0267738	0.00968766	0.0388963	-0.0580582	0.059218
8000000.0001	0.0544915	-0.0406613	-0.00415711	-0.116432	0.0150148	0.00996205	-0.0876971	0.0277537	-0.0701307	-0.0380622	0.0729575	0.00558096	-0.103889	0.0347335	0.0899217	0.0440115	-0.0402422	0.0267661	-0.0250207	0.030182	-0.0562383	0.0578235	0.0279349	0.0275018	-0.039597	-0.0359622	0.0789858	-0.0542592	0.069084	-0.0851672	0.0134546	0.0822411	-0.129623	-0.0472985	-0.0252429	-0.0258328	-0.00359602	-0.0795413	0.00571705	0.0257301	-0.0673715	0.0677392	-0.0374944	-0.024545	-0.0339328	-0.102297	-0.0228194	-0.0745147	-0.0514527	0.0907772	-0.0685569	-0.0770558	0.022823	0.00824198	-0.0507683	-0.0191964	-0.0337207	0.0406139	-0.0598225	0.0449364	-0.00169581	0.0125157	-0.0144919	-0.05427	-0.16115	0.0119251	-0.0399331	0.0249849	-0.00711148	0.0383046	0.014601	0.0800089	-0.0164751	-0.0150322	-0.0510163	0.00990907	0.0304627	0.0349281	-0.0683791	0.056217	-0.0460528	-0.0278444	0.020876	-0.055712	0.0466057	-0.13672	0.0458	0.128933	-0.0448074	-0.0178639	0.0254639	-0.0204701	-0.0239881	0.0133773	-0.0952855	-0.0344801	0.146519	-0.0382668	0.0543124	-0.162779
8000000.0001	0.0372658	0.0530506	0.0381517	0.0576697	-0.00581641	-0.0605686	0.0113997	0.000801469	0.00713948	-0.0206075	-0.00437531	0.0287236	0.00029124	0.0443484	0.0981099	-0.087317	-0.0331844	0.00703762	0.032036	-0.0812253	-0.0615463	-0.0872785	-0.0701004	-0.0879762	0.0168265	0.0152161	-0.0699886	0.124165	-0.0729349	0.0114943	0.0259485	-0.0805115	-0.0630582	-0.0323535	0.0382185	0.018434	0.0564912	-0.0549455	0.0453623	0.114195	-0.0503882	-0.0691684	0.0533098	0.0853065	8.27245e-05	-0.0866402	-0.0983031	0.0930163	-0.0897558	-0.0383174	-0.0284874	-0.0538307	0.0326153	-0.065065	0.0643536	-0.0479932	0.0789339	-0.0197776	0.066033	-0.018452	0.0122945	-0.0831453	0.00422799	-0.0267073	0.0413665	-0.0049042	-0.0145075	-0.08913	0.069851	0.0652363	0.0809317	-0.0838868	0.0550501	0.110574	-0.000755331	0.00673249	-0.0626043	0.0680734	-0.0357683	0.0282756	-0.11312	0.0706911	0.0330784	-0.0998495	0.0128183	0.0751762	-0.0666044	-0.0226872	-0.0466132	0.0397024	0.0232866	0.0147519	0.0559568	0.0522046	-0.0249224	0.0221359	-0.0459795	0.106779	-0.111118	0.000638328
8000000.0001	0.0587138	-0.0593852	0.0349393	0.052485	-0.000459765	-0.00736322	-0.0196457	-0.0534489	0.0221363	-0.0388561	0.0593247	-0.0233814	0.115622	0.112657	0.0338285	-0.0599249	-0.0531703	-0.0172456	0.00866658	0.0313776	-0.00680251	-0.0212832	0.0372329	0.0164985	-0.0542424	0.170789	-0.0051504	-0.0196634	-0.0274647	-0.0124133	0.0434232	0.0256278	0.0785927	-0.0677769	-0.014388	0.0294049	0.0410206	-0.0727823	0.0788439	0.0217847	-0.0140028	0.0158777	0.0172736	-0.0793419	0.0798812	-0.0196011	0.0467943	0.00276879	-0.054281	0.0673527	-0.0205895	-0.0331453	-0.102562	-0.0904135	-0.0332428	-0.00508476	-0.0517492	0.00959681	0.0352273	0.166516	0.033984	-0.056211	-0.0350741	0.00931271	-0.0407424	0.0115162	0.0228702	-0.0607505	-0.0950994	0.0317835	0.0422349	0.0293063	-0.0265317	0.0239812	-0.0298947	-0.0675579	-0.0301467	0.0124276	-0.038807	0.0154056	-0.0673724	-0.104898	-0.000506287	-0.0200028	0.00547897	-0.0307325	0.0813243	0.0359417	-0.0217808	0.0161163	-0.0420005	0.0502549	-0.0458091	-0.0147203	-0.125988	0.0438277	-0.0662831	-0.0569905	-0.0703752	-0.0654691
8000000.0001	-0.0143687	-0.0773501	0.0199848	-0.0201168	-0.0114595	0.00285287	0.0415915	-0.0434725	-0.0500232	0.011362	-0.0419234	-0.0506403	0.0235	-0.0304124	-0.0408376	-0.00621877	0.0109678	0.053151	-0.0364357	-0.0916216	0.033687	-0.0606329	0.00576634	0.0198934	-0.0706361	-0.0165744	-0.0860665	0.0707579	0.110319	0.0725416	-0.0590963	0.00785162	0.0736456	0.0105911	-0.115684	0.0102187	0.0642431	0.0294108	-0.0985038	-0.00172872	0.00165133	0.0043526	-0.0465611	0.0229138	0.0656561	0.0685028	0.0703034	-0.00180757	-0.0639952	-0.0667613	-0.0321283	0.0456747	0.00465003	0.00288923	0.0079712	-0.0242301	0.0126775	-0.0149225	-0.0178647	-0.00172109	0.0361146	0.0580825	0.017939	0.0522513	-0.0221067	-0.0289041	0.0658941	0.00829175	-0.0152308	0.0127846	-0.0253831	0.0022557	-0.00467273	-0.013517	-0.0609066	0.0568538	0.0719171	-0.0309078	-0.0905988	-0.0615315	0.021004	-0.075244	-0.0698538	-0.0414463	-0.110729	-0.0289514	0.0279844	-0.0714926	-0.0824047	0.0183092	-0.0295134	-0.0189576	0.0358718	0.0481602	-0.0296195	0.0369006	0.069422	-0.0694633	0.0633019	-0.0340967
8000000.0001	0.0393665	0.0290997	-0.038892	-0.0455907	0.0258015	-0.0112441	0.0106727	0.00927945	-0.0435722	-0.0445576	0.0431557	-0.0837572	-0.01093	0.0606356	-0.0940194	0.0562176	0.0163157	0.0114703	0.0387305	-0.0132101	0.141576	0.0564399	-0.089615	0.0471374	0.0846294	0.0286303	0.00534705	-0.0368363	0.030607	0.0823016	0.0736533	-0.000303486	0.0215802	-0.0737313	-0.0541523	-0.0490481	0.0115163	0.00976622	-0.0184149	-0.0945319	0.0800973	-0.0771201	0.0346093	-0.0876502	0.0266622	-0.0182782	0.0691754	0.0309152	0.00590959	0.0385336	0.0191652	0.0871962	-0.0308598	-0.0261951	-0.0115208	0.0264178	0.0385014	0.0624242	0.0829247	0.108175	0.0146951	0.0311491	0.107611	-0.0145904	0.097454	-0.0132291	0.0817483	0.0298187	-0.0288769	0.0166404	-0.0859389	0.137392	-0.0427277	-0.0175598	0.0232827	0.0385307	-0.0746897	0.0477379	-0.0323105	-0.00872456	-0.046538	0.0522978	0.0644794	-0.0182419	-0.054901	0.0784092	0.0336009	0.0442746	-0.0620959	0.0832791	0.014248	-0.0543239	0.0654898	0.03792	0.045699	0.0696042	0.0726243	0.0295519	-0.0350814	0.0293438
8000000.0001	0.0397796	-0.143416	-0.108086	-0.0186128	-0.0766735	-0.0104555	0.0859795	-0.0167881	-0.0456185	0.0950038	-0.0190324	-0.00236806	0.00486018	-0.0116965	-0.0471273	0.0555533	-0.0109244	-0.0025209	-0.0209143	-0.0761883	-0.016754	0.0407616	0.0378519	-0.0492814	0.00615485	-0.020037	-0.0304155	-0.0943011	-0.0213593	-0.0533109	-0.043248	0.023914	0.0204344	-0.0775592	-0.0734876	0.0770273	-0.0162848	0.0115437	-0.0432984	0.00498622	-0.00484757	0.0655546	-0.0263525	-0.0353372	0.0411974	0.0284512	0.0838975	0.0237125	-0.00738241	-0.048069	0.0237518	0.0161424	0.0547534	-0.0331554	-0.0113705	0.0430445	0.0277372	0.0470217	0.000203174	0.00570878	-0.0777405	0.0446986	0.031106	0.0202979	-0.0296638	-0.0214385	-0.0703593	0.00282153	0.0438407	-0.0190593	0.00917855	-0.0427527	0.00956815	0.0318498	0.0497761	-0.0576655	-0.0277136	-0.0332522	0.0526922	-0.0447057	-0.0456769	0.0444081	0.000577652	-0.0259597	-0.0225418	-0.0118893	0.0279924	0.011632	-0.0134965	0.0163756	0.0065401	0.0821613	0.0537207	0.0220549	-0.055052	-0.0397381	-0.0490272	0.0557118	-0.0562384	0.125171
8000000.0001	-0.000250696	0.0925416	0.0253651	0.00183034	0.0144108	0.0409883	0.0172133	-0.0536271	0.0173506	0.0586271	0.0985923	-0.0392118	-0.00452089	-0.00469419	-0.0181681	0.0757465	0.0411402	-0.0631428	0.118432	-0.0323958	0.0953952	-0.0182247	0.00543517	0.0860811	0.0574993	-0.00238959	-0.00417735	-0.00949634	-0.0775677	-0.0582618	-0.0360037	-0.102436	-0.00269343	0.0848579	0.00441003	-0.0140727	-0.0450457	0.0620084	-0.0594683	-0.0730044	0.0780392	0.0399518	0.0450108	-0.0153414	0.0049737	0.062678	-0.0566416	-0.0149031	-0.0152962	-0.085061	0.0996204	0.0681217	-0.0144305	0.0944083	0.0811722	0.0400841	-0.0377068	0.0660513	0.0952477	-0.022225	-0.019788	0.0414117	-0.120086	-0.0573163	-0.0952066	-0.00962567	0.0139864	-0.045655	0.00948874	0.0289145	0.0827474	-0.0217559	0.00392401	0.0219092	-0.0502197	0.00238751	-0.0771782	0.047763	-0.0297994	-0.112239	-0.0276997	-0.0435232	-0.0311236	0.010452	-0.0524538	0.0673533	-0.111074	0.0782099	-0.0370412	-0.00616795	-0.038121	-0.0514874	0.000323287	-0.0525379	-0.0640856	-0.0647378	-0.0179589	0.0167375	-0.0407862	-0.0623931
8000000.0001	-0.0549805	-0.00421024	0.0278108	0.0883844	-0.0373321	0.0222297	-0.0719228	-0.0230555	-0.0155592	0.0247848	-0.0843602	0.0945178	0.129298	-0.0208419	-0.10623	-0.0266746	-0.045629	-0.0250874	-0.0400013	-0.0192712	-0.0604192	-0.0407067	-0.0472326	-0.0168479	-0.0582992	0.110273	-0.0936937	0.0199695	-0.041259	-0.0174232	-0.0158965	0.00590477	-0.0551515	-0.0380388	0.0748952	-0.0869533	-0.0925491	0.0256906	-0.013046	0.0730277	0.031316	-0.0139643	0.0180648	0.0171113	-0.0217221	0.00624308	-0.0434473	-0.00379351	0.0391359	0.00374804	0.00834749	0.0689243	0.0632881	-0.00511455	0.077978	0.0124317	-0.0504517	-0.0657151	-0.0706783	-0.0410952	0.000301366	-0.0368693	0.0316971	-0.0102583	-0.0359457	-0.0315658	0.0274632	0.0085381	-0.0341041	0.00899374	0.0174056	-0.0394581	0.0545373	-0.12076	0.00982831	0.028343	-0.0359474	0.0344377	0.0771806	-0.0141705	-0.0107461	0.00905605	-0.0207457	0.0147554	-0.0327969	0.055191	-0.0319212	0.0108399	0.00738031	-0.0265797	0.00687809	-0.0513703	0.0359971	-0.0535848	0.0124044	-0.0530986	-0.012178	-0.0219467	0.0047307	0.0251631
8000000.0001	0.0235587	0.0194115	-0.0159171	0.0262716	0.0399581	0.023961	-0.0219608	-0.101895	0.0651405	-0.015039	-0.0392517	0.0316426	-0.0674658	0.0669293	-0.0746002	-0.0180952	0.00391945	-0.0648917	-0.0161212	0.0876286	0.0430792	0.0266971	-0.0105732	0.101169	-0.0169731	0.0732214	-0.0785124	-0.00765084	-0.09536	0.150885	-0.0784051	-0.0759618	0.014576	0.0143926	-0.0430651	0.0494838	0.0948592	-0.00610999	0.0378798	0.0121838	-0.0424412	0.0444419	0.0459607	0.0543389	-0.0505441	-0.0288553	0.0461477	-0.0663597	0.0454952	0.0197686	-0.0671536	-0.00107127	-0.0357681	-0.0423289	-0.0517135	-0.0385825	0.0132581	-0.0295944	0.122896	-0.0469539	-0.053378	0.0516552	-0.0616436	-0.0104525	-0.0891306	-0.0525926	0.037261	-0.0940508	0.026329	-0.0664078	-0.00907878	-0.045861	0.0450574	0.0201771	0.0172748	-0.0767068	0.0511691	0.0143084	-0.00215108	-0.0218396	-0.10039	0.101761	-0.0866906	0.136535	0.000462519	0.00291936	0.0711311	-0.00905527	-0.0412467	-0.0609977	-0.00409994	0.0865944	0.0445252	0.0724399	0.0221755	-0.0611601	0.0140974	-0.0606114	0.0203711	0.00854638
8000000.0001	0.0107566	-0.0302399	0.0588581	0.0192469	-0.0387642	-0.00527997	0.0899484	0.0460392	0.0898422	-0.0694486	0.0209037	0.0033759	0.0575719	0.0673301	-0.0834126	0.0150856	0.0788986	0.0517586	-0.0533924	-0.0221152	-0.0584992	0.0598528	0.00792488	-0.0106389	-0.00931265	-0.072245	-0.0174174	0.133462	-0.095258	0.147012	0.0102412	-0.0254171	-0.00993306	0.0734717	-0.0578005	0.0569228	0.0638688	-0.0335053	-0.00881351	0.0129437	0.0851198	-0.0124495	-0.00229949	0.0797425	-0.0174513	0.00896253	0.0376677	-0.0546753	0.0574949	-0.0349399	-0.0458536	0.0609126	-0.0134548	0.041801	0.0474861	0.032043	0.112571	-0.0153115	-0.0608269	0.0313088	0.0379018	0.090964	0.0365308	-0.0129417	-0.12844	0.0321996	0.0421291	0.0615224	-0.00788667	-0.0769254	-0.021681	-0.0731978	-0.0398381	-0.0407081	0.0576756	0.000837869	0.00788114	0.0405494	0.0482335	0.0216366	-0.121756	-0.0415947	0.0616451	-0.104278	-0.0492201	-0.0441042	-0.113868	0.0346266	0.00888654	0.0110281	-0.0250807	0.122449	0.0404	-0.0367311	0.0775035	0.0375377	-0.105533	-0.0084814	0.0474156	0.0595431
8000000.0001	0.0186896	0.0644774	0.0115661	-0.0625687	0.0265987	-0.0734721	0.0133102	-0.0162451	0.00785203	0.0447905	0.10447	-0.0355469	-0.0147358	-0.0185713	0.0285542	-0.0336772	-0.0574475	-0.0882268	0.0820098	0.0400266	-0.0144968	0.101486	-0.0401719	0.0217473	-0.0521721	-0.0275614	-0.0123874	-0.0656149	0.0362605	-0.0553347	-0.0211113	-0.0123457	0.00121695	-0.0043739	-0.0703644	-0.00544933	-0.0309391	0.0531296	-0.0571561	-0.0578893	0.0443875	-0.0359505	-0.0174639	-0.0307992	0.0041634	-0.0271042	-0.0342296	0.126488	0.0736533	0.0348976	0.0420157	0.0730962	0.0774304	0.062644	-0.00625715	0.0252728	-0.0672172	-0.00511752	-0.0491249	0.038501	-0.0889432	-0.0603737	0.0767244	0.0491461	0.0258962	0.0745255	0.0183971	-0.0498968	-0.0173276	0.0140825	0.0349403	0.0718741	-0.0685485	-0.0658011	0.00535854	0.085985	-0.0437476	0.0118119	-0.0305979	-0.00415406	0.0400963	-0.0399064	-0.0285935	-0.0348021	-0.013218	0.00261144	0.0613249	0.0330829	-0.0213776	0.0623749	-0.0208932	0.0500623	0.0124815	-0.0323489	-0.010986	-0.033573	-0.0108581	-0.107953	0.0229822	-0.0702093
8000000.0001	0.0560426	0.0922663	0.127874	-0.0916329	0.0254305	0.0111858	0.0601083	-0.115621	-0.033865	0.0114637	0.107088	-0.0525633	0.0281921	0.0598329	-0.0805555	0.0154065	0.0590545	-0.0417158	-0.0912032	0.104124	-0.0613957	0.0592591	0.0575679	-0.016192	-0.0395508	0.0189463	0.122294	0.0088684	-0.0180906	0.0458954	-0.0954465	0.014516	0.0906861	-0.110045	0.0640725	0.0959347	-0.0443141	-0.090114	0.0687427	0.0444582	-0.0322671	-0.00667541	0.009146	0.0435139	0.0698952	-0.0183089	-0.0553655	-0.0592571	0.00764859	-0.026951	0.00726988	0.0572264	0.0607525	-0.0419502	0.0758587	0.0358399	-0.0799684	-0.0870623	-0.0896371	0.077093	0.00576421	-0.0215311	0.0683183	0.0236108	-0.14906	-0.0569594	0.030198	-0.05474	0.0232976	0.106146	0.036277	-0.0343906	-0.00839957	-0.0424904	-0.0500552	-0.0715441	-0.0999842	-0.0763666	-0.0360092	-0.0750338	-0.00589371	0.069114	0.03376	0.0189263	0.028035	0.0567722	0.0286787	0.00951021	-0.0744479	0.0131427	-0.0674404	0.107286	-0.0677476	0.0393185	0.116336	0.0648219	-0.11205	-0.0561853	0.0776732	-0.116924
8000000.0001	-0.132662	0.0280328	0.018144	-0.18317	0.0120866	-0.068291	0.0586765	-0.095183	-0.048407	-0.0887546	0.0761636	0.0354506	-0.0448303	0.0251063	0.0127949	-0.00330074	0.0342307	0.014885	-0.123261	-0.100369	-0.0858358	-0.149365	0.0572253	-0.0132293	0.0035321	-0.0659099	0.0669964	-0.041995	0.00349953	-0.0961178	0.104418	0.0431277	0.0245267	-0.042647	0.015051	0.0541234	0.0208252	0.14323	-0.0398931	-0.0203953	0.0630793	-0.0375654	0.0578018	-0.0185477	-0.0138777	0.126711	0.0221825	0.0243368	0.0309425	-0.0859996	0.0195283	-0.00625297	-0.0381287	-0.0399027	0.0741132	-0.0303772	-0.0654808	-0.0867217	0.0465707	0.0292321	-0.0439447	-0.17568	0.0474164	-0.0769811	-0.00768832	0.0157412	0.057943	-0.0043562	0.0562541	-0.0666094	0.0302666	-0.00464973	0.0229519	-0.0315994	-0.0186157	-0.0699654	-0.10144	-0.0458853	0.0405283	-0.0108735	-0.0186739	-0.11998	0.072255	0.0264704	0.0865583	0.0508023	0.0328742	-0.0193047	-0.0764561	-0.0236706	-0.0135838	0.0266908	0.0221717	-0.0392118	-0.0439768	-0.0487032	0.00670439	0.0973019	0.0262607	0.118431
8000000.0001	-0.0645534	0.0145969	0.00129184	-0.057184	0.102287	0.0318692	0.0538792	0.0980376	0.0107577	-0.0598121	-0.0673829	0.0269318	-0.0299197	-0.00370399	-0.0278435	-0.0223336	-0.0285687	0.00240745	-0.0479017	0.0138592	0.105142	0.00207658	-0.0525346	-0.0122126	-0.0811443	-0.00400308	0.0311607	-0.102036	0.038523	-0.0163708	0.0438589	-0.0215551	0.0730342	0.0744756	-0.0372373	0.101432	0.0462806	-0.0127829	0.0100191	0.0479567	0.0753602	-0.0658052	0.0228415	0.00775122	-0.0069103	-0.0133956	-0.0242986	-0.118039	0.0645931	0.0123038	0.0375509	-0.0705181	0.0488486	-0.00773449	0.0836828	0.0132596	-0.00293094	-0.0462593	0.0185536	-0.0108833	-0.0169073	-0.0827468	0.0472605	-0.0421784	-0.00730061	-0.0225326	-0.0196949	0.0437249	-0.0413384	0.0396174	-0.0126778	-0.0248301	-0.0289709	-0.00590295	0.0723808	0.0346382	0.0997173	0.0173252	0.0772653	0.0477479	0.0680846	0.056959	0.0227528	-0.0304881	0.00480379	-0.000381115	-0.0105422	0.114229	-0.0161551	0.0577559	-0.0357449	-0.087088	-0.0481335	-0.0496632	-0.0401833	-0.0675977	-0.140167	0.0198538	-0.0110236	0.00385203
8000000.0001	-0.066442	-0.0630981	0.0938304	-0.0377215	0.0142037	0.0231531	-0.0285365	-0.00407184	0.0696134	0.0247092	0.0660623	0.0042874	0.105636	-0.0428262	0.0873427	0.00548212	-0.0860857	-0.0721602	-0.0156259	0.03891	0.0236819	-0.0111165	0.06358	0.0379262	-0.0875831	0.00212379	0.0136972	-0.120657	-0.0304762	0.0418681	-0.054977	0.0075701	0.000638676	-0.148374	-0.0982225	0.0406432	0.0612004	-0.0157067	-0.0942568	-0.0904214	0.00505175	-0.0195414	-0.00490953	0.118944	-0.0872416	-0.0168482	0.106839	0.0311334	0.0426711	0.0150159	0.000430633	-0.045822	0.0290067	0.106446	0.0128526	-0.0191648	-0.00200886	-0.023325	-0.0303705	0.0395688	-0.0353927	0.0364055	0.0201349	-0.00862584	0.0591704	0.0149916	0.0960072	-0.0329878	0.104123	-0.076065	-0.0756421	0.00989147	-0.0515649	0.0114789	0.0495307	-0.00130618	0.0464432	-0.0481766	0.0493604	-0.0192641	0.0204585	-0.0204326	0.0413646	-0.0121161	0.0646317	-0.0306388	-0.0179464	0.0413659	-0.0283914	0.0251472	-0.0420077	0.078969	0.0153713	-0.0318615	-0.0232888	0.0092294	0.0119051	0.0224247	0.0947873	-0.0348352
8000000.0001	-0.068145	0.0850876	0.000299743	-0.0596128	0.0286435	0.0659434	-0.0426539	0.0570288	-0.0366982	0.0504906	-0.0897754	0.0119918	-0.0546578	-0.0169005	-0.00861066	-0.103519	-0.0556808	0.0536106	0.04109	0.0039219	0.00695856	-0.0534487	0.0269665	0.0450735	0.00399432	-0.0236804	0.0830702	-0.0436982	0.0270809	-0.0111819	-0.000297073	0.0378189	0.0626328	-0.0424051	0.105697	-0.100959	-0.10904	-0.0968845	-0.0826289	0.0434859	0.0118429	0.0563077	-0.0495259	0.0760771	-0.0141719	-0.0478326	0.00478853	-0.00762403	0.0016311	0.00705151	0.0347688	0.00778808	0.0758783	0.00218717	0.0351703	-0.130521	-0.0357148	0.110598	-0.0687298	-0.0312205	-0.056692	0.0437158	0.0105339	-0.071205	0.00517919	-0.161133	-0.0232018	-0.020788	0.0302044	-0.0127481	-0.0272634	-0.0240776	-0.0785847	-0.0950451	-0.0819657	-0.0572223	-0.0328941	0.092483	0.0162686	0.0691278	0.0633569	0.117687	0.0471472	0.0209175	-0.0206498	0.0446145	0.0824779	-0.0367444	0.00837301	0.0148356	-0.0462198	-0.00502119	0.0585485	0.0931324	-0.0360541	0.0667073	-0.0404833	-0.014049	-0.0702213	0.0465863
8000000.0001	0.0478919	0.0731302	0.0676652	-0.0335557	-0.0374534	0.0033544	-0.00741956	0.00717184	-0.00428344	0.0474974	0.0104358	-0.0382578	-0.0442139	-0.0341403	0.00303155	-0.00572418	-0.0140603	-0.0594699	-0.0305907	-0.0177144	-0.185852	0.00914211	0.00752362	-0.067016	0.0614358	-0.0328924	0.0736166	-0.0867015	-0.027398	-0.0165872	-0.0110656	-0.0190828	-6.43727e-05	0.0423912	0.0149588	0.0243249	-0.0196953	0.000633356	0.0171786	0.0130946	0.036263	-0.0200521	0.00346215	-0.0333982	-0.081514	0.0450282	-0.0081058	-0.0458833	0.0331966	0.106783	-0.0393734	0.00302994	0.0205432	-0.0393999	0.0554802	0.00215294	0.0906739	0.0399414	0.023265	-0.0253476	-0.0214901	0.0648491	0.0284641	0.0125276	-0.0835688	0.0977555	-0.0102229	0.00675965	0.0176496	0.0190585	-0.124559	-0.0129584	-0.00824513	-0.0610611	0.03183	-0.0682013	0.0694841	0.0634397	0.0574338	0.0419566	-0.0377239	0.0549059	-0.0374125	-0.102563	-0.0291433	0.033748	0.0247103	0.0227449	-0.0398939	0.087887	0.00282736	-0.0246748	-0.0919213	0.0626193	-0.00990535	-0.025866	-0.0967868	-0.0181469	-0.0434868	0.0294516
8000000.0001	0.079989	0.0992347	-0.0340622	-0.00260677	-0.0446499	0.0531681	0.0246072	-0.0458988	0.117001	-0.0772297	-0.0120931	0.0678035	0.0459802	-0.0867787	-0.000810832	0.00356215	0.0326377	0.0419499	0.0349973	0.00905891	-0.0662064	0.00803756	0.052626	0.00263349	0.0296068	0.0430562	0.0767622	0.0190123	0.0324432	-0.0140203	0.0497915	-0.0660623	0.0504428	-0.121312	-0.0581616	-0.0432852	-0.0285136	-0.00190878	0.0657528	0.0375014	-0.00630181	0.064402	0.0102506	-0.0325109	-0.0201022	-0.0365085	0.0843824	0.0114489	-0.00702392	-0.030348	0.031516	-0.00335541	0.0204225	-0.0475404	0.0161815	-0.0685215	0.0133625	-0.048747	-0.0533392	-0.0292893	-0.0173107	-0.0756197	0.00482389	-0.000818433	0.0234765	0.0232509	0.0288541	-0.00393655	0.0591755	0.0331753	0.066745	-0.065832	-0.0169476	-0.0674402	0.0289224	0.0654997	0.0508491	0.0175304	0.0423667	0.218133	0.123165	0.0169628	-0.0914344	-0.0478048	-0.105067	0.110151	0.00136991	-0.172491	-0.000528939	-0.0233309	0.118304	-0.0611138	0.0013255	0.021854	0.0113163	-0.0395167	0.00106507	0.0415163	0.0945267	-0.014486
8000000.0001	-0.0180854	-0.0145264	0.000493843	0.031121	-0.14183	-0.0219887	-0.0167556	-0.0287167	0.0106486	0.0999777	0.0190383	0.0165065	-0.0181304	0.0405032	-0.00200711	0.00875218	-0.0311803	0.131224	-0.123551	-0.0750562	-0.0118008	0.0415376	0.0356247	-0.0608835	0.00319835	-0.011334	0.0317608	-0.0689815	0.00367443	-0.0383337	0.0484977	-0.0728217	-0.0744846	0.0617757	-0.00569616	0.115826	0.0887645	-0.107031	-0.0866472	-0.00697914	0.0107454	-0.102784	0.045088	-0.0464653	0.0714291	-0.0592195	-0.0504988	-0.0179668	-0.0361941	0.0346842	-0.0515123	-0.00967128	0.0794214	-0.0158478	-0.10318	-0.0776397	-0.113804	-0.0802986	0.101427	-0.08982	0.00541746	0.064605	-0.101727	-0.0486765	0.0744593	0.0203928	0.0227155	0.00466282	-0.0476203	0.0386933	0.0112174	0.0385136	0.00442506	-0.0542232	-0.0608042	-0.100082	-0.0118207	0.0343634	-0.0612775	-0.0667116	0.0722473	0.0102144	-0.00613043	0.00675817	-0.0525108	-0.0588416	0.0494971	0.0135302	0.0644823	0.0145349	-0.0362951	0.0139188	-0.0400988	0.000603118	-0.0460687	0.0978692	-0.0550221	0.15563	0.0166461	-0.0435949
8000000.0001	-0.0142793	0.00371615	0.111124	0.0814689	-0.0337274	-0.028664	0.0222005	-0.0264413	-0.0091909	0.0263942	0.119856	-0.0100182	0.16057	0.101591	0.058932	0.00667383	-0.0418874	-0.0248096	0.0113404	0.0136353	-0.0824399	0.0114364	0.0326881	-0.0829448	-0.112569	0.0317868	-0.0409122	0.0606055	0.0296023	-0.0588173	-0.154829	-0.0411104	-0.0716474	0.110818	0.0344959	-0.0850663	0.00894984	-0.0423772	-0.0323413	-0.0010506	0.0428804	0.0754761	-0.0477269	-0.0663579	-0.0111309	-0.0312612	0.106166	0.00206154	0.0685069	-0.0363848	-0.00762307	-0.0171439	0.0340722	-0.110099	-0.0281366	-0.0315719	0.0932781	0.0333434	-0.0642831	0.0144515	0.0180426	0.0718278	-0.0467601	0.0924575	-0.0967953	0.120461	0.00882263	-0.0695202	0.0218838	0.0200688	-0.0505249	-0.0774906	0.121753	-0.00627116	-0.0754725	0.100126	-0.0608304	-0.177255	-0.0166346	0.12638	0.0311878	-0.00328267	0.147827	0.00442094	0.0927331	-0.00295174	-0.0357191	-0.184306	0.101764	-0.0370773	-0.0276659	0.0587024	0.0528393	0.0401578	-0.09414	-0.0309057	0.00367822	-0.0516287	0.0888963	0.0204656
8000000.0001	0.0822812	0.0772201	0.0164783	-0.0194393	0.0225153	0.0294194	-0.0315519	0.0504368	0.0324462	-0.0679035	-0.0247119	-0.0623504	0.0251846	0.110019	0.0630326	-0.0273405	-0.0196868	0.0863098	-0.0127133	0.0550417	-0.0254994	0.0548375	-0.0604911	0.0294617	0.050398	0.0146892	-0.0307985	-0.00276215	-0.0059733	0.0783814	0.0363945	0.0227675	-0.131029	0.0844002	0.0222101	-0.0887057	0.0597062	0.0170407	-0.00343164	-0.0452275	-0.0807713	-0.0640293	-0.0505412	0.00208122	0.0135117	-0.0349395	-0.0574335	0.0146961	-0.0459851	0.0916168	-0.0386103	-0.00545722	0.0811853	-0.152576	0.0609569	0.0736601	-0.135982	-0.024224	-0.0422521	-0.0451842	0.0667866	-0.0175287	0.0111963	0.0106853	0.0322609	0.00647248	0.144804	0.0469351	-0.0237065	0.0669175	0.0609288	-0.0207843	-0.0489706	0.0643202	0.108115	0.00568688	-0.0229342	0.0677697	0.0802455	0.0474989	0.00951487	-0.0931397	-0.0930795	-0.0335732	0.0242669	0.0553035	0.00876363	-0.0129595	0.133305	-0.0715014	-0.0343165	-0.00519412	-0.0435704	-0.0262109	0.0185769	0.0307285	0.0656285	-0.0869475	-0.0534209	0.0291258
8000000.0001	-0.0537179	0.0233894	-0.0567007	0.00455978	0.013958	0.112039	0.00123397	-0.110477	-0.0804169	0.0581753	-0.17088	0.00976347	-0.0337949	0.00308652	-0.0214799	-0.0406031	-0.0404854	-0.106064	-0.0301542	0.0236484	-0.0089099	-0.00278607	0.0630015	0.00746979	0.0313011	-0.00932528	0.00341934	0.00432471	-0.0306994	-0.0270614	-0.0754175	-0.0323643	0.0563572	0.026932	-0.0187426	0.0349377	-0.00630718	0.011013	0.0124112	-0.0233878	0.029147	-0.0109401	0.0693561	-0.103352	0.0870768	0.0559961	-0.0581717	-0.0287141	0.0193833	-0.0249776	-0.141691	0.0309718	-0.0189116	-0.0156761	0.013777	0.0120661	-0.0957495	-0.052768	-0.0660325	-0.0305574	0.0336079	-0.0348835	-0.0854797	-0.0273114	-0.0619232	0.0749268	0.0146832	0.00745336	0.0485751	0.0720972	-0.0624508	-0.0541514	-0.0331782	0.0152096	0.0577717	0.000546886	-0.106865	0.143267	0.0139085	0.00532164	-0.104623	0.0203498	-0.00639054	-0.00321346	-0.0265501	-0.0595984	-0.0162018	-0.0521513	-0.0228868	-0.0344361	0.0229418	0.0252947	0.0678652	-0.0666892	0.0998084	0.0142956	0.00625714	-0.119544	0.0679347	0.0135646
8000000.0001	-0.0367923	-0.0109128	-0.10189	0.0575012	0.0815858	0.0315101	-0.00592804	-0.00707871	-0.00921746	-0.0254628	0.00314663	-0.0619379	-0.0594941	-0.0451627	0.0197163	0.0692339	0.0846549	-0.08086	0.0224866	-0.0427078	-0.0365685	0.0234264	-0.0517031	-0.0181405	0.0659649	0.00111162	0.0143623	-0.0484952	0.0818071	0.0378808	-0.0367138	0.0394932	-0.00421964	-0.0581895	-0.033316	-0.0105413	-0.0601149	0.034194	0.114393	-0.0869246	-0.106461	0.0127429	-0.0762415	-0.0329782	0.0223908	-0.00396882	0.0971467	0.0675718	-0.0251177	0.103949	-0.038887	-0.00227859	-0.0070685	-0.0451907	0.0132133	-0.00451208	-0.0141001	-0.0211202	-0.0124708	0.0962877	-0.0435741	0.0413916	0.0187187	-0.00978104	0.00629875	0.0480985	0.0318646	0.06662	-0.0238039	-0.0121036	0.0675849	-0.0767429	-0.00479471	0.076217	-0.0267231	-0.00940658	0.0471856	-0.0312093	-0.124531	-0.0485058	-0.108454	0.0197958	-0.0402142	0.00398075	-0.0447886	0.0527264	0.0222396	0.0550133	-0.0268961	0.0588676	-0.0954735	0.0473923	-0.029385	-0.0333097	0.0720077	-0.0723012	0.0424401	-0.01948	0.00415994	0.0792461
8000000.0001	-0.0562992	0.0406911	0.100096	0.074426	0.0896669	0.0300257	-0.0555622	-0.121351	0.0359038	-0.00628779	-0.0129557	0.042261	-0.0264019	-0.104236	-0.0124791	0.00503154	0.0407642	-0.0448013	-0.0506665	0.0169138	0.00800415	0.0592434	0.0377206	-0.0244863	-0.0627622	-0.00587204	-0.0851662	-0.162913	-0.0735556	-0.0183925	0.010033	-0.0614011	-0.0481683	-0.0835321	0.0145924	0.0548471	0.0450899	-0.0271036	0.0158733	0.0378481	0.0842238	0.0471595	0.0832555	0.0540624	-0.0665259	-0.0270718	0.0319944	0.00263197	-0.0537863	-0.0136914	-0.0113737	0.0454017	-0.0452337	0.00737778	0.00395461	0.0553671	0.0623184	0.0967109	-0.0121344	-0.0885517	-0.0201204	0.0796336	-0.00902522	-0.0100486	-0.0334857	0.0491783	-0.0419476	-0.0342342	-0.0271376	-0.0653992	-0.0420631	0.0741756	-0.00662449	-0.00620607	-0.0477633	-0.0322306	-0.0337382	-0.0188735	0.0892647	0.114229	0.0958942	-0.10095	0.01153	-0.043807	-0.0533813	0.0335113	-0.0713082	-0.0587071	-0.0554606	-0.0282974	-0.0453728	0.0230334	0.00923765	0.0425209	0.102118	-0.107447	0.00515525	0.015712	-0.0117488	-0.084062
8000000.0001	-0.0422018	-0.00751832	-0.0105494	-0.0391485	-0.00665589	0.0596573	0.0256069	-0.0122217	-0.037077	-0.0599921	-0.000315529	0.00534015	-0.0116251	-0.00328796	0.0907642	0.0814549	-0.0688835	0.0453216	-0.0323715	0.169368	-0.0797093	0.0367291	-0.0949727	-0.023209	0.0622037	-0.0261013	-0.135821	0.03133	0.0104591	-0.00789367	0.0772239	-0.101187	0.0318026	-0.0589947	0.0905985	0.00857795	0.0748531	0.0829134	0.0968163	-0.0834928	0.0143675	0.0224838	-0.0240111	-0.0551026	0.0330537	-0.0486988	-0.0202217	-0.0367765	0.0216468	0.089669	-0.00270914	0.0312907	0.0129915	-0.029725	-0.0633092	0.0389226	-0.100193	-0.0843634	0.0188755	0.0320863	0.0965687	0.0137229	-0.0722021	0.0255257	-0.00213642	0.0933128	-0.0802216	0.0310617	-0.0892707	0.0443185	-0.0209507	0.00975261	-0.0913287	-0.0511495	-0.0296439	-0.0327257	-0.0199563	0.0501677	-0.0347483	-0.0323109	-0.0339344	0.0537794	-0.0316936	0.0746874	-0.0451796	-1.55501e-05	0.0565872	0.00247951	-0.0716222	0.0230026	0.0695503	0.0495356	-0.152679	-0.0270828	0.0143862	-0.0730362	-0.0416926	0.0391145	-0.0282172	-0.095989
8000000.0001	0.0695553	-0.0802678	-0.046246	-0.0301889	-0.0212879	0.0403831	-0.012815	0.0539802	0.0716449	-0.0891642	-0.0139238	0.0974922	-0.00491838	0.0464302	-0.0842597	-0.00222673	-0.0449058	0.0429286	-0.000534621	-0.03394	-0.0679149	-0.0310549	0.0717349	-0.113395	0.0410405	0.077082	-0.0359288	0.0505681	-0.101928	0.10657	0.033819	-0.0276585	0.0847053	-0.0598305	0.0406262	-0.0066222	0.0297223	0.0917756	0.0119715	0.0136123	0.0248916	0.0460989	0.0363842	-0.0604017	-0.0662054	0.0198512	0.0123886	0.0536316	0.0810898	-0.00123802	-0.0466147	-0.153755	0.0390117	0.013592	-0.140298	0.0498243	-0.00537493	0.0518659	-0.0333166	-0.0834782	0.0102823	-0.00788337	0.0251859	-0.116975	-0.0189269	-0.088341	0.0856509	-0.0295089	-0.0896237	-0.0222866	-0.0432858	-0.0653945	-0.065463	-0.0308424	0.00762635	-0.0162615	-0.0890515	0.0972961	0.0186881	0.018745	-0.0558205	0.0448906	0.064876	-0.0404593	0.000222862	0.0374311	0.0476915	-0.0146191	-0.0425765	-0.00649523	0.00458658	0.0129922	0.0800126	0.0606319	0.0418434	0.057414	-0.103953	0.0646852	-0.072363	0.016536
8000000.0001	0.0413804	0.058552	0.0440306	-0.0393957	0.00533337	0.0254504	-0.136279	-0.0335432	-0.0391554	-0.0110834	-0.0160953	-0.0872941	0.0589363	-0.00283355	-0.0629806	-0.0493116	-0.105123	0.00936246	-0.00441963	-0.00239974	-0.0540766	0.0207328	0.0312691	0.109123	0.0163071	-0.0550939	0.0175889	-0.00205648	-0.0769095	-0.0321918	0.0335781	-0.0355551	-0.0470088	-0.0133547	0.0456679	-0.00541113	0.131876	-0.00516856	0.00182799	0.0516581	0.0283276	0.0435291	-0.0844167	-0.0808469	0.0395033	-0.0555407	0.0371	-0.0259321	0.034685	-0.000985061	-0.0814107	0.0134632	0.0242229	-0.0697484	-0.0547045	0.0724329	-0.00303252	-0.00284428	-0.116608	-0.00901618	-0.0427811	-0.037883	-0.0286967	0.042329	-0.00696019	-0.0382856	0.0211572	0.0770291	-0.00174464	-0.0195991	-0.00131175	-0.0360836	-0.071117	0.0990327	0.0207124	-0.0110262	-0.000244815	0.0655474	0.0514882	-0.0239892	0.0707648	-0.0730499	0.0240345	0.0734237	-0.0617396	0.00517169	-0.0633269	0.0099896	-0.0872903	-0.0151954	-0.0653564	0.0119767	-0.150868	0.0596953	0.134888	0.0601365	0.116796	-0.0149791	0.0901907	-0.123337
8000000.0001	-0.00804515	0.088899	0.0418572	0.0592281	-0.0207851	0.0316608	-0.0137342	0.126969	0.0947588	-0.0668875	0.0489667	-0.0272719	0.0270766	0.0583967	0.0147485	-0.00759966	-0.00859471	0.0225297	0.00215835	0.0965199	-0.0269173	0.0498994	0.0328533	0.107042	0.0447071	0.043618	0.0263732	0.0213167	-0.0299461	-0.00537281	0.0875299	0.093334	-0.0538904	0.0365393	0.000971865	0.034151	-0.0135191	-0.069528	-0.0133433	0.0308573	-0.0513409	0.0274484	0.0807898	0.0286241	0.00573999	-0.0110628	0.00351963	0.0595969	0.123409	-0.0448871	0.0368056	-0.00806299	-0.0828487	0.0451504	0.0325141	0.0725755	-0.0825115	0.0924924	0.0583025	0.00471789	0.102284	0.0192118	0.0288676	0.0442395	0.0681548	-0.0104528	-0.0464149	0.00166222	0.0954363	0.00263017	0.0410706	0.00610686	-0.000519324	-0.0184498	0.103389	0.0274631	0.0414281	-0.00421561	0.0629963	0.0563712	-0.0909649	0.0602061	-0.0526271	-0.0618732	-0.0416654	-0.0216045	0.0251878	0.016586	-0.103086	-0.0758296	0.0175309	0.00752647	-0.0383904	-0.00246433	0.0065311	-0.0144545	-0.0750409	-0.0649643	-0.0497341	0.0187878
8000000.0001	0.00968938	-0.0623724	-0.0794313	-0.0719873	-0.0423185	-0.0677413	-0.0263275	0.0200524	0.0804094	-0.0285382	0.16136	0.0017476	0.0245029	-0.0555327	-0.00862075	-0.0428319	0.0243018	-0.15523	-0.0493427	0.0682011	0.00339081	-0.0917016	0.0146869	0.0147605	-0.0902858	0.163792	0.0220725	0.0110418	0.0318055	0.0163599	-0.0114004	0.0220844	9.52574e-05	-0.0394564	0.0122649	0.161817	0.0376825	0.19389	0.0639064	-0.0817791	-0.065001	-0.102532	0.0735677	0.0807144	-0.111875	-0.0517083	-0.0460385	0.0709283	0.0243777	0.0122215	0.0170372	0.0112847	-0.0101671	-0.0476225	-0.0430657	-0.0344128	-0.0752922	0.0611783	0.093812	0.0836497	-0.0221218	0.00086304	0.0491668	-0.0574951	-0.0183868	0.0128568	0.00365329	-0.0168233	0.0254262	0.00771978	0.0527561	-0.0882064	-0.00708459	0.034232	0.0491314	-0.00194942	-0.037407	-0.100164	-0.0334451	0.0366333	0.0152741	-0.0515056	0.0507336	-0.0151002	-0.0421197	-0.0801757	0.0573294	-0.0450886	-0.0474891	0.0999559	0.0538738	0.0347996	0.0386502	-0.0540662	0.0946305	-0.063396	0.0174375	0.00282402	-0.0611168	0.0427509
8000000.0001	0.0508668	-0.0644205	-0.000999851	0.0767422	-0.0485785	0.0210444	-0.011727	0.00235591	-0.0671282	0.0143154	0.0263757	0.0255615	0.0370284	-0.0406811	0.015893	-0.0753963	0.0696515	-0.0116973	0.0324719	-0.0951206	-0.00522174	0.0904373	0.0826831	0.0554206	0.034507	-0.00582211	0.0532003	-0.0977961	-0.0434174	-0.0116583	0.0390745	-0.0248742	0.00369893	0.0526475	0.00376437	0.00430643	0.108311	0.0124866	-0.0643172	0.0482361	0.0562473	0.144889	-0.0888947	-0.0803105	-0.0464979	-0.125838	-0.0643014	0.0354672	0.0505486	0.0115456	-0.0854633	0.0420732	-0.0319774	-0.124444	0.0300534	0.0733032	0.0621965	-0.0199896	0.0225815	-0.0558838	-0.0299474	0.0106252	-0.0578978	-0.0660196	-0.0550306	-0.00326658	0.0567965	-0.0797779	-0.0338191	-0.0265883	0.0117387	-0.0898931	-0.0946785	0.0964695	0.0628607	-0.0495295	0.0211409	0.0186182	-0.0623575	-0.0697895	0.127734	0.114602	-0.0284292	-0.0105073	-0.0289582	0.0919811	-0.00975891	0.0272849	0.0326478	-0.069728	0.0610639	0.0283612	0.0367496	-0.120899	-0.0758173	0.050988	-0.074528	0.0764606	0.0425339	-0.0363134
8000000.0001	-0.00423842	-0.0631801	0.0410608	0.0699551	-0.0224414	0.0152873	0.0224762	0.0723768	0.0636383	0.000252567	-0.0189268	0.0448532	0.00896825	0.049928	-0.0106446	-0.00644062	0.0540799	-0.0628513	-0.0116374	0.0157452	0.0186592	-0.0185992	-0.0268832	-0.0525294	-0.0142994	0.0594574	-0.0740442	0.0311882	0.0535158	0.0356642	0.0300282	0.0710384	0.000787501	-0.0971906	-0.0301838	-0.0323069	-0.0150644	-0.0987525	-0.0314696	0.0798464	-0.0172041	-0.000836917	-0.0623775	-0.024437	0.0128103	0.0525965	0.0560716	-0.005809	-0.00305646	0.0207645	-0.0590123	0.015357	-0.0337629	0.0468205	-0.0437335	0.0444772	0.0282257	0.0451051	-0.039581	-0.0267627	0.0511895	-0.0535778	-0.026695	0.0568457	0.0837435	-0.0168458	0.0194971	-0.0461461	-0.0136489	-0.0686014	0.0182868	-0.0202721	-0.0682718	-0.0616856	-0.04154	0.0396128	0.00740024	0.0407473	0.00757964	0.126633	-0.024355	0.0152958	-0.0255256	-0.0111653	0.00318319	0.0357979	0.072104	-0.0406692	-0.0513311	0.0125818	-0.00840456	-0.0707026	-0.0105196	0.118423	0.0937712	0.105603	-0.117622	-0.0043989	-0.00572623	0.0286349
8000000.0001	-0.0059256	0.0339855	-0.0225388	0.00725839	0.0284162	0.033783	0.0080626	0.00784856	0.00214721	-0.0637321	-0.0172413	0.0152189	-0.100392	-0.0561691	-0.00971645	-0.0445691	0.0413949	-0.0677378	0.0541401	-0.0602433	0.0090555	0.0524179	-0.0355695	0.0387894	0.089077	-0.0352016	0.0125563	-0.0559317	0.0958758	-0.0109002	-0.0284793	-0.0806904	-0.113931	-0.0292538	-0.0119436	-0.116016	0.070959	-0.09299	0.109658	-0.0269902	0.0621283	-0.00491009	0.111534	-0.0177207	-0.0267035	0.0022094	0.0183007	-0.103129	-0.0239613	0.0286832	0.110835	-0.0307954	-0.00989013	-0.0327214	0.0307805	-0.053565	0.100035	-0.0414486	0.0190585	0.094472	-0.0164582	0.0425466	-0.00152967	-0.0293617	-0.0526253	0.0661875	-0.00319302	-0.0286075	-0.0364958	0.0387893	0.0232266	0.0253304	-0.0256779	-0.0357715	-0.0346403	-0.033593	-0.0397514	-0.0176373	-0.0461575	0.150898	0.0457224	-0.0155891	-0.0316992	-0.0469112	-0.0310619	-0.023186	-0.00951036	0.0857317	0.0778364	0.0596431	-0.00226281	0.0241832	-0.1233	-0.0848013	0.0160264	0.0126665	0.1358	0.0464208	-0.00105172	0.018786
8000000.0001	0.0732374	-0.0100197	-0.107794	-0.0151124	-0.00349528	0.0373195	0.0759364	-0.0501552	-0.145924	0.0455323	-0.0467968	0.0111608	-0.0358709	0.0991376	-0.0380984	-0.00322299	-0.0984443	0.0569917	0.0424756	0.0120509	0.025478	0.0322354	-0.141867	-0.0891944	-0.0889055	0.102636	-0.0145657	0.0174727	0.000980243	0.0808823	-0.0376017	0.023975	0.00625084	-0.0450663	0.000210284	0.059099	0.0148861	0.142297	-0.0624282	0.0120903	-0.0155383	-0.109997	0.00597805	-0.00445276	0.0483368	-0.0363565	0.0134389	-0.0294354	-0.0418449	-0.129103	-0.0692074	-0.0441042	-0.167468	0.0140642	-0.0452396	0.0250365	-0.0370556	0.00267919	-0.0435609	-0.0890696	-0.000415292	-0.0390537	0.0852008	0.0568719	0.0283516	0.0372042	-0.0691164	-0.0374164	0.0149887	-0.0094127	0.0252946	0.0111705	-0.00923655	0.0591415	0.00568364	-0.00564796	-0.0780944	0.00578536	0.0126673	0.00521555	-0.000502088	-0.124208	0.0563285	-0.0136177	-0.066037	0.0818944	-0.0132875	-0.0778342	-0.0225525	0.0297577	-0.0771061	-0.00461448	0.0185141	-0.0106199	0.0660922	-0.0362193	0.037	0.11208	-0.0705354	-0.0209851
8000000.0001	0.000153639	-0.0213026	-0.00312877	0.105596	-0.109468	-0.0243242	-0.0950096	-0.0049222	-0.0368819	-0.0206095	0.00200853	-0.059259	0.00680873	0.0199396	0.051353	-0.0615169	0.0337873	-0.0114699	-0.0544995	-0.109313	0.0240576	-0.0279204	0.0137861	0.0371203	0.0336556	-0.0187264	0.000142756	0.0133848	0.0338191	-0.0479009	-0.0455313	-0.0753872	-0.0111269	-0.0470732	-0.0678228	-0.0510392	-0.0399538	0.0195811	-0.00515126	0.000152871	0.00550933	-0.00679041	-0.0506256	0.155741	0.0955988	0.0680495	0.00954702	-0.00250378	-0.0600516	0.0487536	0.0405472	-0.0523203	-0.0223852	-0.0211466	-0.0131191	-0.0436676	0.0209422	0.0503268	-0.0987745	0.0765042	0.0231985	0.144525	0.0934273	-0.0800385	0.0174538	0.0302713	0.0398487	0.0389066	-0.00459882	-0.0709595	0.0528551	-0.0177395	-0.0878146	-0.00731817	0.0191032	-0.0634653	-0.0221769	0.02281	-0.1118	-0.0105217	0.0508018	-0.00338816	0.0365703	-0.025933	0.018263	0.0185794	-0.0519228	0.0130966	-0.00817135	-0.0794012	0.0704256	-0.108771	-0.0250896	0.0171274	-0.0516643	0.0562725	0.028277	-0.0307162	0.0553816	-0.0154357
8000000.0001	-0.0469608	0.00922763	0.0115055	-0.0211473	0.00677805	0.080156	0.00912782	-0.0551411	0.0582776	-0.0378882	-0.0271417	-0.0442864	0.118697	0.0653002	0.0293372	-0.0201493	-0.0137245	-0.0394716	-0.0347996	-0.0447794	0.0310475	0.00961799	-0.0213723	0.017356	-0.0250411	0.059587	-0.0791565	-0.0361102	-0.0949003	0.0796981	-0.0445751	0.0644849	-0.0924176	-0.0217221	-0.0290609	-2.89115e-05	0.0267228	-0.0187823	-0.00950825	0.0402963	-0.0497106	0.0190799	0.0143256	-0.0480094	-0.0521687	-0.0343355	0.0350061	0.00487103	0.0416689	-3.9032e-05	0.0892367	-0.0447496	-0.050867	0.103107	0.0512623	-0.0979024	0.0830624	-0.0228698	-0.0272378	-0.0450106	-0.065896	-0.0042758	-0.0948003	0.0900735	-0.0900492	0.0303413	0.0873201	-0.0516706	-0.00910058	0.0278955	0.0227508	0.00627265	0.0174446	-0.0389262	0.09518	0.0932917	0.00773892	0.0113177	-0.00944446	-0.0172804	0.0788979	-0.0442219	0.0679371	0.0776355	-0.0513081	0.01232	0.0197877	0.0248154	-0.053063	-0.0434293	-0.0178876	0.101424	-0.0187279	-0.0274191	0.0418896	0.106857	-0.0358965	-0.0327927	0.00130578	-0.0117134
8000000.0001	0.0452534	-0.0342358	0.0874609	0.0551673	0.0707103	0.0778709	-0.0242953	-0.0255403	0.00279674	0.0113988	-0.0556202	-0.0435798	-0.155155	0.00299414	0.0621873	0.0772406	-0.0388071	0.107711	-0.106862	-0.00682797	0.00222468	0.0135027	0.0603344	-0.0535867	-0.0216054	0.131211	0.0133381	-0.102554	-0.00910763	0.126793	-0.0124828	-0.0977334	0.0291003	-0.07136	-0.00253152	-0.0375669	0.0912197	-0.107201	0.0260669	0.0748664	-0.00951067	-0.0678283	-0.022314	0.0599742	0.0553062	-0.0756468	-0.00334959	-0.0211324	0.019289	-0.0168246	0.0340267	0.0360734	-0.0316877	0.0203326	-0.107037	-0.0410079	-0.0428787	0.0528954	0.0311572	0.0997647	-0.0253369	-0.0479781	0.0262331	-0.0490179	0.0300915	0.0139883	-0.0453224	-0.0152907	0.0295787	0.0516706	0.0689861	-0.00402504	0.0295914	0.005903	-0.104366	-0.0962395	-0.0131522	0.0327199	-0.121236	0.0354625	-0.0143054	-0.0777894	0.0279227	0.0256962	-0.0917314	-0.0133141	0.00374137	-0.000897679	0.0276358	-0.00760577	-0.00774001	-0.107938	-0.0101694	0.0201	0.0837918	0.0236816	0.0732923	-0.0417594	0.0580853	0.0419923
8000000.0001	-0.0633138	-0.0328394	-0.0538843	-0.0779946	0.0340135	0.00160489	-0.0236788	0.0551726	-0.0599533	-0.0108925	-0.0361087	-0.0032101	-0.045888	0.0467169	-0.0372569	-0.0854559	-0.00840923	-0.0563918	0.134254	-0.0495265	0.0975931	-0.0416782	-0.0161175	0.0269548	-0.0552294	-0.0174771	-0.00547538	0.0440928	0.108278	0.00132963	0.033691	0.0346809	-0.102481	0.052062	-0.0351482	0.0612247	-0.0377189	0.0199005	0.0466659	-0.04292	0.0185691	0.039947	-0.0172488	-0.0167459	0.00855626	-0.0814695	0.058713	0.0497526	0.116925	0.0645539	0.0910907	0.0997667	0.0117066	-0.0676156	-0.027714	-0.0339901	0.0207048	-0.00683686	0.069851	0.0565633	0.0050695	0.0101661	-0.0466197	-0.0493596	-0.0285225	0.0805119	-0.0359319	-0.0604237	0.0740346	0.0315403	-0.0111382	-0.0248413	0.0175836	0.0338434	-0.0238422	0.0920051	0.0375506	0.0274135	0.0910627	0.0226529	0.0423766	0.0410532	0.00700453	-0.093265	-0.00456386	0.081291	0.0273904	-0.0378147	0.0440353	0.0360728	0.0441668	0.0242122	0.150832	0.0384801	-0.206401	-0.000554014	0.0739487	0.0600494	-0.00868491	-0.0877949
8000000.0001	-0.0364068	0.0138523	0.0904816	-0.0390849	0.00861273	0.0804826	0.0431159	-0.0657214	0.140121	-0.0252313	-0.0547533	-0.0113798	0.0213909	0.0359826	0.0295688	-0.0929088	0.040291	0.012466	0.00377679	0.00681492	-0.0495009	-0.0523813	0.0792296	0.0612773	0.0263355	0.00532129	-0.00277174	0.0255382	-0.00404832	-0.0220524	0.0277181	0.076179	-0.0485055	-0.0155671	-0.0136564	0.0559775	0.008385	-0.00103972	-0.0582	-0.102018	-0.0566157	-0.0504762	-0.0492148	0.0649438	-0.0422385	-0.0689681	-0.0683123	-0.0223258	0.00282328	-0.0280186	-0.0110286	-0.0412086	0.0232002	0.114995	-0.0403457	-0.0184808	0.0686043	-0.00305406	0.125745	0.0955992	-0.0510207	-0.0168487	-0.00531921	-0.0701404	0.183046	0.0190946	0.00228632	-0.0681955	0.041403	0.0261307	0.0477908	-0.0158374	-0.00226694	0.0326004	-0.0278662	0.0988241	0.0223191	0.044963	0.0318061	-0.00707794	0.0411732	0.00158729	-0.0687077	0.0761957	0.0420846	-0.113325	-0.0147232	-0.0267889	-0.00590585	0.0763663	0.0447076	0.131679	-0.07302	0.0267491	-0.021656	-0.0312566	0.0849396	-0.0256674	0.0868699	-0.134309
8000000.0001	0.156583	-0.0554969	-0.0416029	-0.0648256	0.0836523	0.00647919	0.0206074	0.0244884	0.0676738	-0.0180286	-0.0236602	-0.00467467	-0.012746	-0.0823456	-0.00930955	-0.013734	0.0415318	0.058983	-0.0277064	0.085683	0.00919352	-0.0431341	-0.00502409	0.0585835	0.0483792	0.031613	0.0295858	-0.0218211	0.0716952	0.0007442	-0.0124957	-0.0174779	0.0677228	0.0660396	0.0521223	0.095436	0.0663375	-0.0112503	0.0526057	-0.0716124	-0.0277369	-0.0304342	0.00924906	-0.051805	-0.0146135	0.0578079	-0.0054954	-0.088416	0.022893	0.0768177	-0.0416651	0.0106632	0.0355313	-0.0504483	-0.12559	-0.0267439	0.0743291	-0.0234715	0.0175867	-0.058491	0.0840557	-0.0316871	-0.0769888	-0.0718064	-0.0564192	-0.111905	-0.0126977	-0.00576876	0.0730667	0.00891686	-0.043099	0.00255176	-0.0116485	0.0440233	-0.020627	-0.0223016	0.048628	0.00333253	-0.0129862	-0.0182904	-0.0563559	-0.0311211	0.0248219	-0.0100867	-0.0346209	-0.104341	-0.0372381	-0.087276	-0.0499251	-0.0204232	0.0540814	-0.0417702	-0.0237526	0.0248168	-0.104452	0.0553883	-0.0117823	0.0277837	-0.0205587	-0.100751
8000000.0001	-0.0724077	0.0496869	-0.00116694	-0.00502072	0.0677434	-0.0447507	-0.0354815	-0.0177377	0.0272555	-0.0036333	-0.0353543	-0.0157936	-0.0232746	0.0303494	0.155298	-0.00525421	0.0645592	0.099433	0.00411697	-0.11637	0.0172032	0.0278505	0.0762134	-0.00958592	-0.0326178	0.00834927	-0.0158045	-0.0844085	-0.046392	-0.0728077	0.0042007	-0.0450203	-0.026487	0.0172354	0.034637	-0.00700485	-0.0499578	0.00207072	0.0373531	-0.0231441	-0.0548155	-0.0325272	0.0419103	-0.028095	-0.0290768	0.0669892	0.0302334	-0.101843	-0.0255661	0.0672088	0.0777916	0.0976252	0.00798022	-0.0249981	-0.0496504	0.00614897	-0.05586	-0.010508	-0.0674764	0.0450005	0.10154	0.0191772	0.065337	0.0937603	0.0837522	0.0291583	-0.0756619	0.00909509	-0.0175698	-0.0119558	0.13487	-0.0901127	0.074174	-0.150668	0.0439175	-0.0764814	-0.0154027	-0.056843	0.128352	-0.101314	-0.108486	0.000362518	0.0039459	0.0338132	-0.0371253	-0.0201189	-0.0171227	0.0755441	0.112247	0.00740495	0.0685975	0.0149385	-0.00165333	0.0404265	-0.0325922	-0.000299184	-0.00291606	0.0591319	0.0595688	0.0141726
8000000.0001	-0.0618294	0.0221305	0.0237997	0.0226203	0.0320911	-0.00348614	-0.0137837	-0.0383072	-0.00336361	-0.0491946	-0.0167368	-0.0311591	-0.00612502	0.00805871	0.0595954	0.0599284	-0.0384382	-0.0718772	-0.0669092	-0.101411	-0.0352394	-0.0188688	0.0739741	0.0355332	0.0207341	0.0502451	0.0580166	-0.00843878	-0.0306051	0.0895953	-0.00594862	-0.0737174	-0.0134308	-0.000736927	0.0285674	0.142414	0.0158889	0.0143268	-0.0152531	-0.04442	0.0202321	-0.158912	0.00393217	-0.0477285	0.0190996	-0.0254502	-0.046002	-0.0635867	-0.0603415	-0.0204971	-0.0249489	-0.0153733	-0.0546734	-0.0491473	0.101531	-0.022426	0.0350268	-0.0797542	-0.0231803	-0.0381533	0.0773172	0.030493	0.0756149	0.0268001	0.103585	0.00439718	-0.0605695	0.021897	-0.00670996	-0.0862221	0.0111218	0.0214776	0.045287	0.0595673	-0.00964375	-0.00198468	0.0310343	-0.0268488	-0.0407592	-0.0368658	-0.0962336	-0.0507352	-0.00837732	0.0291482	-0.0519799	0.0529679	0.137366	0.0212944	0.0127488	-0.0241623	-0.0428172	0.0280037	0.069904	0.00783125	-0.0999732	-0.0700798	0.0582427	0.0576581	0.00888315	0.120285
8000000.0001	-0.0512217	-0.029021	-0.00903464	-0.0125223	0.0198611	0.040686	-0.00280421	-0.0402754	0.0564586	-0.0513806	0.0716782	-0.130793	0.00292811	-0.0720793	-0.132693	0.0877671	-0.0600921	0.00617228	0.00919093	0.0463045	-0.0678194	0.043942	-0.0351283	-0.0281599	-0.0673677	0.012408	0.0420349	-0.00948012	-0.0206639	-0.0331556	-0.0406446	-0.00908087	0.00554178	0.0369836	0.0568752	-0.0502474	-0.0253539	-0.0748287	-0.037959	0.0077957	0.0853627	-0.1013	-0.00500817	-0.0420685	-0.0630722	0.00781066	-0.0142573	0.0241304	0.112268	-0.0169986	0.0812217	-0.00962961	-0.078153	0.00203103	-0.060287	0.0199686	0.0415574	-0.0381404	0.067736	0.000637875	-0.0522257	0.000713828	-0.0490462	0.0611045	-0.00670802	-0.0366199	0.0224684	0.0321905	-0.0941091	-0.0493118	-0.088117	-0.0211935	-0.0258892	0.0688936	0.0418304	0.00297246	0.0529432	0.046061	0.0307936	-0.0219899	-0.0925098	-0.03565	-0.0270266	0.00488146	0.0370158	-0.0108691	-0.0643815	-0.00735477	0.0286445	0.0684509	0.113012	0.0691224	0.0806989	-0.0213853	-0.0520076	-0.00232713	0.0323208	-0.108233	-0.00899311	0.111026
8000000.0001	-0.0534745	-0.0711764	-0.0143421	0.012306	-0.110217	-0.0627809	-0.0454055	0.0532923	0.0139469	0.0053133	-0.0117707	-0.0737599	-0.102655	0.0488697	0.0279038	0.0823331	0.0479077	-0.0548961	-0.049461	0.0370283	-0.0140656	-0.0154905	0.0286095	-0.0422318	-0.148627	0.0414482	0.105963	-0.0108993	0.00600722	-0.00417929	-0.0578127	-0.0342931	0.0493328	-0.0848289	0.066536	0.0766038	-0.123743	0.00851164	-0.012642	0.0144621	-0.00028435	-0.0937833	0.0899963	-0.0954935	0.066761	0.0349631	0.0474643	0.0641119	0.037151	0.00405928	-0.119763	-0.0710268	0.00917819	0.0397358	-0.0697602	0.133069	-0.0759679	0.0376004	0.0587336	0.0403839	0.0463291	-0.0377485	0.0183079	0.0465118	-0.0795897	-0.00358094	-0.0854979	-0.00520154	0.0036495	-0.0892476	-0.0603582	0.0277403	-0.0948568	0.102093	-0.0172017	-0.0322322	0.0255733	-0.0039994	0.0958954	-0.0765023	-0.0599466	0.0133449	0.0441708	0.0754435	-0.0816245	0.0307986	0.0792904	0.0629267	0.0607949	0.0290436	0.0740168	0.00477876	-0.0626681	0.0437247	-0.071347	-0.0656611	0.028915	-0.0608277	0.0231264	-0.0209749
8000000.0001	-0.00977868	-0.135106	0.0700332	0.0431155	-0.0285298	-0.0912676	-0.0493614	-0.0451696	-0.138981	-0.0594316	-0.0476972	-0.00636647	-0.0897903	-0.128001	-0.0184681	-0.0666142	-0.0848598	0.0368972	0.023579	-0.00177301	0.0323604	-0.0241522	0.00748914	-0.0880586	0.0276387	-0.0293462	0.0746659	0.00330528	-0.03906	-0.0653017	0.00869154	-0.0300126	0.0294622	-0.0678901	0.0374856	-0.104359	-0.0112042	0.0301934	0.0456707	-0.0161137	-0.06696	-0.0798113	-0.0195195	-0.0823102	-0.0394719	-0.0474589	-0.00492318	0.0305287	-0.0146957	0.0252641	-0.0532524	-0.0811925	0.0242174	0.00145746	-0.124542	0.0359305	-0.0963285	0.0130318	-0.0611824	0.0068304	-0.0886467	-0.040382	0.0493926	0.0456432	0.0258296	-0.0215498	-0.0434038	-0.0489624	0.0271762	0.0233943	0.0541157	0.0546049	0.0727019	0.0530297	0.0640041	0.0411172	0.0262841	-0.158353	0.0306225	-0.0878079	0.0866713	0.128742	0.128821	-0.0251873	-0.0117518	0.010253	-0.0365517	-0.044921	0.00113103	-0.141974	-0.0247599	0.0467779	-0.0524993	0.0272712	0.0215818	0.0111854	-0.0653377	0.0376892	-0.0693377	0.0140063
8000000.0001	0.0293952	-0.0227704	-0.0640868	0.0969274	-0.0181973	0.0137868	0.0425026	0.127715	0.00713885	0.0476025	-0.00147617	0.0545876	0.0311567	0.0887918	0.0998948	0.0689155	0.00663423	-0.0380775	0.00979806	-0.0528867	-0.0115903	-0.0263582	0.0752568	0.0156143	0.0111598	-0.10594	-0.0607448	0.102648	0.0289757	-0.0393665	0.0498093	0.0036801	0.0193081	0.0228481	0.000410809	0.00864681	-0.00937306	-0.0643485	0.0598612	-0.00725234	-0.00844641	0.0517174	0.0658316	-0.118528	0.0421597	-0.076014	-0.00262098	0.118896	-0.0123049	0.133109	-0.0409749	0.0298811	0.0247879	0.0140239	0.0206377	-0.0255486	-0.0644803	0.00559107	-0.0311007	0.0287018	-0.0772394	0.0473849	0.0455523	0.00835723	-0.0170027	-0.0103707	0.0340251	0.0280476	0.00932077	0.0586824	-0.0841198	-0.0963281	0.0404895	-0.0490914	-0.0268624	-0.0890784	0.0558297	-0.0179775	0.0744813	0.0476341	-0.0312561	0.00478694	-0.0780481	-0.0135408	-0.0891292	0.0243702	0.0143846	0.0429855	0.0289521	-0.00252674	0.0847116	-0.0188758	0.00185166	0.0757181	0.0456976	-0.00751517	0.00163794	0.0262501	0.138222	-0.0601555
8000000.0001	0.00546685	-0.062015	0.0718473	0.0111758	-0.108127	0.106194	0.0670832	0.105671	0.0242897	0.0137174	0.111661	-0.067392	0.10329	0.0296069	-0.0532658	0.0119858	0.0331106	0.00164382	0.0158055	0.0199613	-0.0901718	0.0843537	-0.0645918	0.0251812	-4.24472e-05	-0.0464996	-0.0367638	0.052527	0.0890487	-0.0197182	0.0247666	0.119653	0.00921082	0.0361513	-0.116295	-0.0183676	-0.0396565	-0.0527027	0.0405244	-0.0311053	-0.0421581	-0.110741	-0.0237065	-0.0223611	-0.0475025	-0.124712	-0.0187024	-0.0139813	-0.0195809	-0.109093	-0.00842884	-0.0444549	0.0455224	-0.0345376	0.0736401	-0.0976896	0.0265469	0.00720737	0.000150915	0.012459	-0.00716955	0.0415241	-0.0362569	0.0437092	-0.0239864	-0.00351378	0.0619155	-0.0203341	0.00444804	0.0682046	-0.100098	-0.0779922	0.061472	-0.048764	-0.00635069	-0.0596392	-0.0219265	-0.0278258	0.0190174	0.00687072	0.123734	-0.0572596	0.0118025	-0.0567491	0.0792551	0.0132906	-0.0333641	0.0120965	-0.0130266	0.0841988	0.100888	-0.0413436	-0.0586856	-0.134073	0.0741664	-0.004821	0.067636	0.128114	-0.1154	0.0370469
8000000.0001	-0.100466	0.0253673	-0.0392961	-0.0112096	-0.0599085	0.00911942	-0.0314834	-0.0867053	0.00976259	0.0671727	-0.018575	-0.0150148	-0.0301131	-0.055234	0.0398215	0.0830112	0.0614658	0.0352143	0.112765	-0.0183111	0.074758	-0.0358065	-0.112346	-0.0713314	-0.0311835	-0.0216418	0.0435263	0.00153531	-0.111625	0.00884507	-0.0724141	-0.0861988	0.0737051	-0.0972581	0.042869	-0.0035737	0.0494928	-0.0147516	0.00733812	-0.0316057	0.149501	0.0467138	-0.035474	-0.0149377	0.00586196	-0.0250115	-0.0824321	0.105631	0.0570076	0.00490287	-0.165875	-0.00616829	-0.000727825	-0.0429503	0.0195037	0.0154894	-0.0319275	-0.00856215	0.00541221	-0.133435	0.101515	-0.00549032	-0.0227826	0.0603607	-0.0888913	-0.0945554	0.0171925	-0.0762711	0.0421703	0.0603503	0.172013	0.119454	-0.00246456	-0.0497304	0.0475175	0.0762179	-0.0654426	-0.0680838	0.0118278	-0.0530803	-0.0194628	0.0740076	0.0179957	0.0510282	-7.39445e-05	0.0329583	-0.0643232	0.00175508	0.0563909	-0.0990009	0.0414728	-0.0342403	0.037206	-0.0466848	-0.0272934	-0.0169175	-0.000526774	-0.117493	-0.0913613	-0.0891525
8000000.0001	-0.0454419	-0.0578067	0.0739465	-0.0654567	-0.0147344	0.0378824	-0.0723963	0.0252863	-0.0536339	0.0379447	0.0783548	0.00913719	-0.0792544	0.0395242	-0.0176256	-0.0424645	0.0199198	0.0422878	0.0387456	-0.148707	0.0394543	-0.0141801	-0.059763	-0.0291935	-0.0456821	-0.0705485	-0.0725394	-0.00494778	-0.0605805	0.0133298	0.0852659	0.0285452	-0.0414903	0.0685458	-0.0730217	0.0536322	0.0173232	-0.0240169	-0.0541056	-0.0783875	-0.072388	0.00791057	0.0300768	-0.0434242	0.0901607	0.0669576	0.0946204	-0.0114166	-0.0521471	0.053895	-0.0274934	0.0352373	0.0426608	0.0680457	-0.0284778	0.0622044	-0.0964019	0.0258703	0.0440017	-0.0238417	-0.0813514	-0.00276472	0.0842069	0.0684508	-0.144747	-0.0324552	0.0194942	0.0212302	0.0852022	0.0322954	-0.00534396	-0.0547081	-0.00658608	0.0495601	0.022123	0.0205958	0.0514886	0.064476	0.112941	0.0107426	0.0476132	0.0653439	0.0108747	-0.00348755	0.113248	-0.0348049	0.000162343	-0.00632859	0.0729498	-0.0809921	0.0732231	-0.0134685	0.0672768	-0.0406675	-0.0457426	-0.00875522	-0.036955	-0.012724	-0.0344607	-0.122035
8000000.0001	0.0492918	-0.00384218	0.030548	-0.0868164	0.0572222	-0.0414612	-0.0747691	0.092243	0.00503009	0.0470314	-0.0260883	0.0508986	0.0469128	0.0834125	-0.00932879	-0.100214	-0.102457	0.0408938	-0.0733474	-0.0261758	-0.0837769	0.0112683	0.0602916	0.0775241	0.0300419	0.0418493	-0.0330193	0.0564477	0.0412083	-0.00290198	0.0197896	0.0104603	-0.0670259	0.058999	0.029535	0.0481251	-0.0276024	0.0360922	0.0092643	0.050303	-0.020535	0.0108803	-0.104403	-0.0427398	-0.0226297	-0.0244235	-0.0217131	0.065245	0.0338783	0.122044	0.110465	0.023106	0.0678696	-0.0471847	0.0523407	-0.00432189	-0.0849887	-0.0716574	0.0272304	-0.113051	0.0333582	0.0154104	-0.0685302	0.0619266	0.00860215	0.0624703	0.025421	0.0436952	-0.0395376	-0.0462112	-0.0367591	0.0612251	-0.0211469	-0.0233536	-0.040981	0.133409	0.0321251	0.00676286	0.0312805	-0.000129886	0.0870737	0.00768565	-0.0217024	-0.0375012	-0.102382	-0.0156989	-0.0176	0.0719382	0.0545851	-0.00116543	-0.000850271	-0.0489129	-0.0185923	0.0648727	-0.00348314	0.0183707	-0.0441344	0.103598	-0.0973485	-0.00235208
8000000.0001	-0.0372279	0.100273	-0.00329598	0.0396376	-0.0257289	0.00241561	0.0620557	-0.00854605	0.030202	0.052513	-0.0718519	-0.045092	0.0700438	-0.0261944	-0.00167497	-0.0818347	-0.040544	-0.104643	-0.035863	0.0416645	0.0511359	0.0549882	-0.0228823	-0.0463064	0.0225532	-0.0225442	0.0599034	-0.088759	0.0792148	-0.0229737	-0.0416606	0.104478	-0.00530115	-0.0400026	0.0498482	0.0223341	0.0077859	0.0785683	-0.0303229	-0.0439031	-0.0590767	0.000345502	0.0141709	-0.0894685	0.0655071	-0.0874221	0.0538976	0.0534712	0.0208328	0.0755552	0.0174111	-0.0982705	0.0632819	0.130856	0.0261183	-0.00436619	0.0127973	0.0727915	-0.0445484	0.00961874	0.06874	-0.00856245	0.037273	-0.0427775	-0.123512	0.000565947	-0.0096564	-0.0105055	-0.0163762	-0.00301835	-0.0218601	-0.029778	0.137802	-0.057579	0.108211	0.0258605	0.0118658	0.0186638	0.0155381	0.135185	0.0416203	0.0248754	0.0477817	0.0229882	-0.0333966	-0.0367915	-0.0811368	0.00294161	0.0342338	-0.000636496	0.0197792	-0.000602295	0.0178044	-0.0127066	-0.0213756	-0.0228302	-0.0343154	0.113449	-0.0361636	-0.0363017
8000000.0001	-0.0500482	-0.0227322	-0.0392556	0.0304874	-0.0409472	0.027097	-0.108008	-0.0539859	-0.0331659	0.0930584	-0.0595951	0.0332428	-0.0110596	-0.122128	0.0550493	0.0160269	0.0184429	-0.0373312	-0.0840473	-0.00110284	-0.00354166	0.0227771	0.120366	0.0188702	0.0109574	0.0355201	-0.0357348	-0.0706498	0.0300101	0.0769065	0.0364563	-0.000131906	0.117199	0.0024125	-0.015071	-0.0131816	0.0986161	0.0877083	0.0070387	-0.0303009	-0.0272042	-0.0422835	-0.0791603	0.0483959	-0.0755303	-0.0385873	-0.0165338	-0.033239	-0.0506275	0.0781117	0.0609128	0.0275527	-0.0523276	0.028484	-0.0140803	0.00443203	-0.041513	0.120793	-0.0987145	-0.127734	-0.0389129	0.0103086	-0.108708	-0.0486719	-0.0774388	0.0237387	0.0910235	0.033186	0.0387842	0.135909	-0.0631072	-0.0328941	0.0699579	0.0781276	0.0217372	-0.0792777	-0.0496462	0.033049	-0.0553083	-0.0503282	0.00974477	0.0502926	-0.0958855	0.0442526	-0.0659035	0.0211273	-0.0546071	-0.0155532	0.0686079	0.0568344	-0.00470798	-0.0387701	0.00728372	0.0242418	-0.0398864	0.00183177	0.138441	-0.0425846	-0.0257829	-0.0296661
8000000.0001	-0.0888661	0.0764434	-0.037148	0.0233506	-0.0128326	0.0933038	0.0939555	0.107128	0.0641119	-0.00800441	0.0224691	-0.00722557	-0.0208972	-0.0835033	-0.0675363	0.0602675	-0.00126071	0.0104406	0.0670111	0.0584626	0.0886659	-0.0255626	-0.0294258	0.018567	0.117127	-0.0230318	-0.054108	0.0188016	0.0941145	-0.0162319	-0.0214384	-0.0984514	0.0421325	-0.0824533	-0.156092	-0.0402581	-0.154125	0.087226	0.0499808	-0.0055166	0.125734	0.0598788	-0.0930774	0.0090353	0.0954032	0.024408	0.0192351	-0.000222611	-0.0742891	-0.0108342	-0.0807733	0.0154002	-0.0588602	-0.0758376	0.00229201	-0.0538739	0.025254	-0.00922695	-0.0532909	-0.0215093	-0.0255295	0.107653	-0.0526949	0.0497887	0.0953046	-0.0779443	-0.0121823	0.0506784	-0.0301639	-0.00639597	0.0737468	-0.0714112	-0.0190737	-0.0380035	-0.0595972	0.0495313	0.0101161	0.0357675	0.0386437	-0.0345159	-0.064099	-0.0579188	-0.00833465	0.0256755	0.0563211	0.0344431	0.132713	-0.0179184	-0.0123691	-0.0397747	0.081759	0.000645678	0.028387	-0.0841091	0.0284365	0.0306834	0.0242193	-0.065894	-0.148675	-0.0452317
8000000.0001	0.0351173	0.0466378	0.0435853	0.0246556	-0.0719946	-0.0364729	-0.0519573	-0.0322232	-0.0204957	0.109857	-0.139552	0.0347998	0.0129063	-0.0564921	0.153981	-0.02117	-0.173203	0.0668129	-0.080803	-0.105601	-0.0712226	-0.0264217	-0.0301026	-0.0726858	-0.175462	0.0431159	0.0464652	0.002102	0.0736466	-0.0229088	0.010279	-0.0423006	-0.0346597	0.0882124	0.0216972	-0.00485696	0.0399385	0.04048	-0.030987	-0.0471771	0.0375983	0.0136344	0.0308887	0.0853228	0.0142523	0.0325832	0.0811266	0.00198868	0.0265473	0.00454018	-0.0409524	-0.0840457	0.0828105	-0.0235728	-0.0432656	-0.0378466	0.084758	-0.0405841	0.0763457	0.0132362	0.0398084	0.0338016	-0.0501176	-0.0938031	0.0247529	0.0922812	0.0614718	0.0330775	-0.0379925	0.0295194	-0.0372194	-0.00535947	0.086178	0.000826498	-0.000213417	-0.0180443	0.0563068	-0.031316	-0.0278885	0.147056	-0.0555707	-0.023974	-0.0509101	-0.00826423	0.0505806	-0.0249664	-0.122155	0.0696311	0.0504277	0.0443419	-0.0161107	0.0429902	0.090164	0.0149573	0.00110931	0.0632288	-0.1591	0.0396196	0.0435029	0.00640337
8000000.0001	-0.0568116	-0.0675039	-0.00110214	0.0434711	0.0156427	0.0682374	-0.0299288	-0.0471773	-0.0450709	-0.115085	-0.0380051	0.0758267	0.0471383	0.0344687	0.0742103	-0.087922	0.0509509	-0.128167	-0.10067	0.0193662	-0.0787381	0.115285	-0.0407644	0.0565814	0.0129652	-0.0574314	0.0340355	-0.0802354	-0.00249072	0.0103799	-0.00103424	0.0177411	0.00232002	0.00854487	0.0555216	-0.0622481	0.032101	0.0215823	-0.0496973	0.0213877	0.00587654	-0.00471057	-0.0485898	-0.0509053	0.0382572	-0.0297556	-0.00214658	0.0155793	0.146404	-0.0173709	0.0236935	-0.0186058	-0.00100911	-0.0439494	-0.0210829	0.00118494	0.13246	-0.00934821	-0.0167989	-0.00563317	0.0200715	-0.0423299	0.00968272	0.0939946	-0.0366094	-0.0170044	0.0594812	0.0113304	-0.0809524	-0.0159557	0.102986	-0.144174	0.0917622	0.0391152	0.00257032	0.0523362	-0.123483	0.0479476	-0.0784013	0.0818147	0.0450802	0.100938	-0.0514185	0.00353848	0.0334487	0.0304858	0.0146381	0.0318829	0.0504989	-0.118715	-0.0170788	0.0508505	-0.0332291	-0.0580289	0.0161126	0.0988664	-0.0829046	0.0458342	0.0116719	-0.00871158
8000000.0001	-0.05038	0.100341	-0.0136665	0.0302066	-0.0813983	-0.111395	0.0922402	-0.000862773	-0.0407818	0.0687403	0.00818063	0.0893878	0.0342596	0.0884287	0.015865	-0.0153734	0.0330978	0.0523466	0.0420592	-0.016475	0.0101277	-0.0212787	0.0275499	0.0408878	-0.0404307	-0.0565245	0.0236777	0.00780063	0.0316699	-0.0130899	-0.0100544	0.0671821	-0.004675	0.000785667	0.0998218	-0.0374541	-0.0648498	-0.00386568	-0.0647107	0.074071	-0.00455976	-0.0209788	-0.00450777	0.00229605	0.0514713	0.0053527	0.016871	-0.0140332	-0.0740941	-0.0712559	0.0646652	-0.0660455	-0.0297009	0.00604355	0.0191592	0.0300257	0.02115	0.073622	-0.043827	0.0143856	-0.0217158	0.0749476	-0.0985849	0.0301932	-0.0212331	-0.000997472	-0.0459586	-0.0388918	-0.047049	0.00645676	-0.0394792	-0.0524826	0.0235669	0.0126092	0.0439921	-0.0316872	-0.0472679	-0.036398	0.117809	0.00551476	0.135412	-0.0175523	-0.0141132	0.0801914	-0.0211821	0.00170223	0.09843	-0.0348189	-0.0472165	-0.00327709	0.0215864	-0.0108766	0.0697625	0.0240911	-0.114462	-0.0498379	-0.107513	0.00450346	0.161555	-0.143676
8000000.0001	0.0628736	-0.0267367	0.152725	0.13166	-0.00492433	-0.00769407	-0.0729471	0.0157394	0.0351291	0.0553705	0.0220738	-0.0311959	-0.0554673	0.0383257	0.0383786	-0.0645882	-0.0497164	-0.077503	-0.0928389	0.0528264	0.032299	-0.0794073	-0.068579	-0.000189699	0.00795832	0.00118933	-0.0455446	0.00773636	-0.0412415	-0.0607787	0.0519949	0.00104232	-0.056273	-0.10238	0.00407888	0.00187594	-0.0316027	0.0543542	0.0149868	-0.0371884	0.00229864	0.0170482	-0.0126261	0.0467437	0.0172269	0.0307457	0.0153931	-0.036445	-0.0607255	0.0432066	0.0201832	0.0415511	-0.129894	-0.0740974	0.0162505	0.0369247	0.0521215	-0.0972005	-0.025226	0.065722	-0.0204206	-0.0283382	-0.153391	-0.0293569	-0.017364	-0.0428198	-0.00136069	-0.043892	0.0368485	0.00191865	-0.0200705	-0.00766841	-0.0894479	-0.0340442	0.0257935	-0.0128774	-0.0307092	-0.0200487	-0.0527948	0.0175222	9.99233e-05	-0.0153799	-0.0513165	0.0324064	-0.0984001	-0.0324351	0.0173226	-0.0154291	-0.0605376	0.0214688	0.0510299	0.0884099	-0.00790094	0.0231786	-0.00536383	-0.0293275	0.0153394	-0.00692085	0.0445833	-0.0626033
8000000.0001	0.0481581	0.0807259	0.0381679	-0.0560148	-0.0335185	-0.0535806	0.112344	-0.0154233	0.0486795	-0.0598155	0.00692158	-0.0215453	0.0770729	0.0032121	0.0228145	0.0584721	-0.024403	0.0282434	0.0574652	0.0231252	0.0664972	0.0377361	-0.059091	-0.0424575	0.00263502	-0.000583123	0.0271595	0.0360662	0.0761244	0.0903758	0.0300578	0.00307718	-0.0510181	0.0475736	0.0939951	-0.0153233	0.0287844	-0.0488116	-0.00478212	0.00442857	0.0115119	-0.0183866	-0.0340649	-0.0358365	0.00140952	0.0691362	-0.0125703	-0.0152262	0.0347142	0.00851857	-0.00129149	-0.0344859	0.094293	-0.115155	-0.0811777	0.00898921	-0.0850713	0.0382236	0.0123992	-0.00854961	-0.0107694	0.0721159	0.0393677	0.0345062	0.0246853	0.0641336	-0.0182325	0.0626447	0.041152	-0.0368881	0.00259308	0.127325	0.0521597	-0.0511156	0.0105516	0.0548814	0.00508825	0.140505	0.0249181	-0.10528	-0.0286455	0.0828298	7.90886e-05	0.00841571	0.0472088	-0.0484608	-0.0911811	0.0511983	0.00798401	0.0854622	0.04294	0.0716446	0.0992463	0.0065591	0.0594522	-0.0649412	-0.0457415	-0.0470507	0.0419829	0.0761489
8000000.0001	0.104266	0.0568874	-0.0345574	0.021589	0.00852029	-0.0653348	0.0316629	0.0497432	-0.0868647	0.0376649	-0.0666077	-0.0159349	-0.0559921	-0.0731711	0.0211242	0.0636506	0.0652203	0.0450995	0.0832174	0.0121784	-0.0577777	-0.0286137	0.00365157	0.0270899	0.0473224	0.104903	-0.0413326	0.0154502	-0.0476592	0.0994514	0.0885706	-0.0667818	0.100476	-0.0391463	0.0549224	0.0691293	0.0343471	0.00578172	0.017719	-0.033604	0.0797324	0.0508076	-0.00664048	0.0147482	0.0822052	-0.0094663	0.0219591	-0.0435054	-0.0759495	-0.0160328	-0.0318053	-0.0389045	-0.0434391	-0.0595975	0.0662095	-0.00639612	0.0123945	0.0437924	-0.0284748	-0.0346636	-0.0954224	0.00289309	0.0414848	-0.0238421	-0.0316973	0.0285192	0.0860511	-0.0660233	0.018271	0.0817385	0.0353036	0.0287571	0.00166052	-0.0170133	0.0023003	-0.025525	-0.0249507	0.00972757	-0.0280667	-0.0257567	-0.00834262	-0.0403046	-0.0272237	-0.0878469	0.0487731	0.0318508	-0.161631	-0.00274319	-0.0952902	0.0512015	-0.00834602	0.0195556	-0.02199	-0.0303697	0.0563435	0.0507062	-0.0226029	0.0486509	-0.00944649	-0.0417974
8000000.0001	0.0155735	-0.0672507	-0.138342	0.0780672	-0.0017809	0.0107556	0.0352339	-0.00288268	0.0121477	-0.0385325	-0.071357	-0.0303518	0.0626612	0.0494492	-0.042569	0.0643185	-0.00826891	-0.0145506	0.0299891	0.0604842	0.00578084	-0.0862573	-0.0132004	0.0942598	-0.0354589	0.0922657	-0.165358	0.0408944	0.000797064	0.0283478	-0.103165	0.0173778	-0.0617399	0.0322041	-0.0045499	-0.00511686	0.090453	-0.064879	0.0111132	0.0259557	-0.111466	0.0254241	0.0837355	0.209998	0.0236862	0.0724718	-0.0423713	-0.00484661	0.0618481	-0.106271	0.0821187	0.0583945	-0.0935657	0.0345578	-0.007139	-0.109464	-0.0123075	0.0673057	0.0810137	-0.0510563	-0.018357	0.077606	-0.0740833	-0.101075	-0.045004	0.0177871	-0.0296628	0.0105292	0.00276314	0.00839822	0.00291567	0.0596751	0.0224914	0.0342947	0.023185	0.0927711	0.120122	0.0074704	0.105154	-0.0589615	0.104454	-0.0436267	-0.0401108	0.129074	-0.0513163	-0.0935441	0.0192293	0.0761018	0.078293	-0.00266409	0.0146868	0.00943534	-0.000884937	-0.0186813	-0.0460949	0.0118695	0.00806476	0.0664732	0.0158386	-0.0205899
8000000.0001	-0.044636	-0.0209056	-0.0172198	-0.0307087	0.0840144	0.0578444	-0.0409006	-0.0600546	-0.0762333	0.102803	-0.0101591	-0.0702962	-0.0691274	-0.00988959	0.0845615	-0.0365132	0.054991	0.129222	0.0575408	-0.00293302	-0.0220325	-0.043863	0.184953	-0.0116403	-0.0853817	-0.0247961	-0.037166	0.0486956	-0.00478484	0.0614762	-0.0911311	-0.0127126	0.0486164	0.0284135	0.0269435	0.120901	0.0102066	-0.0642103	-0.0383189	-0.0373942	-0.0925958	-0.0910846	-0.0648095	-0.042408	-0.002864	-0.0731993	-0.00807091	-0.0606794	-0.0117241	0.00534083	-0.0221705	-0.0121991	0.0129376	0.0797431	-0.02936	0.026223	-0.0670869	0.0806924	0.00159381	0.00594239	0.037809	0.0170878	0.0284936	-0.0127634	-0.00801824	-0.0293987	-0.041552	0.108972	-0.029848	0.00837785	0.100869	0.0110654	-0.0312141	0.0291751	0.0537382	0.0548635	-0.0189254	0.0154922	0.0391812	0.00431039	0.105403	0.0417856	-0.0647602	-0.0510326	-0.0319648	0.0539729	0.0223633	-0.0771022	-0.0148301	0.0135756	-0.0787039	-0.0725283	0.0766355	-0.109691	-0.00866451	0.0125211	0.00847351	-0.0275906	-0.0716982	0.0705148
8000000.0001	-0.0065776	-0.029794	-0.0629092	-0.0724539	0.0217227	0.102062	-0.0722872	-0.0833877	0.00534122	0.00748923	-0.0188637	-0.00186989	0.0218314	-0.0279931	0.00524069	-0.0102887	-0.00387867	-0.0195079	0.0136358	-0.0689272	-0.0141142	-0.042778	-0.0372406	0.0250983	0.0236561	0.173573	-0.042983	-0.1244	-0.0258655	0.104999	-0.0299439	-0.0540426	0.0317622	0.0310862	-0.0226007	0.0377938	-0.108709	0.0276814	0.0216689	0.0536177	-0.0247278	-0.0712334	0.0521214	0.0499467	-0.0819642	0.0462019	-0.0421701	-0.00789922	0.007948	0.00158399	-0.00209682	0.0916976	0.0609302	-0.0126296	0.0321175	0.0498241	-0.0368542	0.0161995	0.00957608	-0.0414913	0.00224734	-0.0265906	0.0517931	0.0522468	0.0905195	-0.053053	0.0307195	-0.0138951	-0.00384451	-0.0280507	-0.0318486	0.039761	-0.0381383	-0.0671372	-0.128001	0.0540964	0.0161098	0.0339628	0.00124721	0.0767796	0.035322	-0.0521705	0.0664366	-0.119479	-0.0082829	0.02838	0.0304771	-0.0391848	0.0588206	0.0155968	-0.0222316	-0.0632846	0.0671082	-0.0124605	0.082313	0.112209	-0.0866556	-0.112434	-0.0213565	0.00239003
8000000.0001	-0.0573568	-0.0204475	-0.0909502	-0.0472161	0.0816477	0.0564249	-0.0802414	0.0592556	0.0225726	-0.00461179	-0.0253016	0.0536829	-0.049071	-0.034546	0.093183	0.0733991	0.0017095	-0.14762	0.0435353	0.0705898	0.078161	-0.0475846	0.046377	-0.0277726	0.00951862	-0.0683431	0.0422732	0.0088967	-0.0333633	-0.0703765	-0.00876359	-0.021176	0.083462	-0.0137616	0.0335528	-0.0297321	0.0516122	0.0674408	-0.00111564	0.0132861	-0.107784	0.0692586	0.00387378	0.00172061	-0.0165071	0.0414257	0.0923579	0.0082676	0.00187678	-0.123279	-0.0778876	-0.0100432	0.163247	-0.03378	0.0303756	-0.0270349	-0.141776	0.0153941	-0.0427033	-0.0410183	-0.000777217	-0.00564554	-0.127724	0.0268139	0.0666217	-0.0341119	-0.0505837	-0.116066	0.0438155	0.0695416	-0.0121009	0.0669417	0.0658362	-0.051594	-0.0303007	-0.0405927	0.153421	0.00719763	0.00231382	0.0440448	0.144713	-0.0326369	-0.0677008	-0.191828	-0.128055	0.0299603	0.0528074	-0.105211	-0.00180864	-0.00152494	0.0166512	0.0103527	0.007078	0.110676	0.0422732	0.026435	-0.0274679	-0.113352	-0.0955322	-0.0544997
8000000.0001	0.0606578	-0.0262323	0.0108342	0.0431804	0.155216	-0.000110246	0.0416509	0.00104539	0.0588732	-0.0684401	0.0030816	0.0642463	-0.0592079	-0.0405885	0.178089	0.0353796	0.0737342	-0.0658593	-0.0618589	0.034909	-0.016462	0.0495789	0.0359487	-0.0595318	-0.0419969	0.0447445	0.0247515	0.00906361	0.111711	-0.0146985	-0.00754974	0.0420312	0.0435494	-0.0087587	-0.0417818	0.0803639	0.00859874	-0.0109671	0.0863604	0.0486167	0.0390157	-0.0253097	-0.0464122	-0.106107	0.0235438	-0.0440607	-0.0459449	0.0289111	0.00452029	-0.0544789	0.0182848	0.00348749	0.00962832	-0.0414582	0.0104577	0.00940314	0.0397085	0.0194834	0.106476	0.0220719	0.0102185	-0.0460463	-0.0480454	0.0439904	0.0830149	0.127748	0.0161408	0.0488213	-0.0144885	-0.115234	0.031972	-0.0469907	-0.0477874	-0.0530728	-0.0317339	-0.0112421	-0.0618339	-0.02977	0.00426531	0.000128396	0.0495765	0.0318725	0.0172535	-0.0308159	0.0756656	0.0921487	-0.0219806	-0.0766813	0.0751495	-0.0587517	0.045464	0.0332232	-0.0426282	-0.135698	0.0122114	0.0422248	-0.044631	-0.00124282	-0.0683591	-0.0577646
8000000.0001	-0.00444115	0.00395459	0.00495203	-0.0368049	-0.0965005	0.0894427	-0.0250719	-0.0160861	0.00181963	-0.0652309	-0.0151339	-0.0814974	-0.00101509	-0.0263995	-0.0181033	-0.0626027	0.0255545	0.0102866	0.123437	0.0776799	0.0553183	0.0396766	-0.0369822	0.197236	0.0683973	0.0482826	-0.0251432	-0.0503049	-0.0235724	-0.0497683	0.00268325	-0.0418183	0.0157065	-0.00661205	-0.00532041	-0.0090844	0.0300024	-0.0610325	-0.101518	-0.0308191	0.0451943	0.0481434	-0.0339181	0.0804399	0.0600627	-0.120816	0.0454051	0.0392732	-0.0136698	0.0441117	-0.0424703	-0.0106938	-0.00820798	-0.171463	-0.043409	0.0282051	-0.0963581	0.00942799	0.120174	-0.00143801	0.118061	-0.0972609	0.0692039	0.0102947	0.0228754	-0.0432369	0.0207852	-0.00567224	-0.0381266	-0.00173066	0.0203184	0.0461333	-0.0399212	-0.0764969	-0.0362926	-0.0601466	-0.0558945	0.0935747	-0.0456954	0.0345079	-0.0386559	0.0730163	0.0334239	0.0205262	-0.0849317	-0.061904	-0.0195024	0.0701244	-0.10529	-0.0377578	-0.00370499	0.109845	0.046549	0.0123578	0.00582148	-0.00392586	-0.00473078	0.0144106	-0.0459761	-0.0482053
8000000.0001	-0.0524934	0.071276	-0.046916	0.0465568	-0.00659158	0.0520702	0.0364438	0.0188054	-0.0462402	0.000348964	-0.0897568	-0.0706168	0.0731035	-0.035373	0.0409618	0.0753336	-0.0027317	-0.0164399	-0.115619	0.0163807	0.0303514	-0.058642	0.100135	0.0252221	-0.0773553	0.0482935	0.046097	0.0343457	0.0312006	0.0858075	0.050147	-0.0469461	-0.017051	0.0299128	0.0494091	-0.0287781	0.022913	-0.0397206	0.0302309	-0.0572836	-0.0276059	-0.0508961	-0.010422	0.0645567	-0.0138247	-0.105834	0.0315064	-0.0182771	-0.0169756	-0.0696363	0.104779	0.186644	-0.0611567	0.0335251	0.0508233	-0.0320131	0.126432	-0.033671	-0.0495423	-0.0645483	-0.0151871	-0.00196023	0.0362582	0.0697906	-0.0181679	0.00701623	0.0555452	0.0504464	-0.118347	-0.137682	0.102651	0.0121547	0.0406582	-0.0786454	-0.0108379	-0.112513	-0.00225219	-0.0488997	0.0241673	0.000556575	0.0262834	0.0298775	0.00125711	-0.052121	-0.0361081	0.00148265	-0.0245711	-0.0618336	0.0144187	0.0519151	0.0791486	0.016984	-0.0582709	0.084102	-0.0399448	-0.0333553	-0.0140095	-0.0298645	0.0271251	-0.035724
8000000.0001	0.0203554	-0.00469948	-0.00166157	-0.00845184	-0.0776705	0.00442448	-0.0246261	-0.0750492	0.0435093	0.0215418	-0.0530197	-0.0432036	-0.0234651	-0.0209701	-0.0707171	0.0209784	0.132626	-0.0249354	0.0301437	0.0525651	0.0142232	-0.0269897	0.0469036	-0.0159405	0.0727606	0.0228009	0.0099219	-0.0396881	-0.00369563	-0.0506582	-0.0574555	-0.00657699	0.0239953	-0.0926241	-0.078195	-0.0280806	0.0108882	0.072681	0.0785714	-0.018038	-0.0402186	-0.0983037	0.0413997	0.0211126	-0.0468779	0.0926276	0.0666145	0.0538513	0.0632088	0.0592573	6.61995e-05	0.0390454	0.0151596	0.0149253	-0.0439654	-0.0519285	-0.037878	-0.0163766	0.029618	-0.0507311	0.0315885	0.0534694	-0.0109673	-0.0244233	0.0174678	-0.0620045	-0.0535512	-0.045878	0.0403969	-0.0315456	0.115359	0.0953323	0.0243614	-0.0665232	-0.035475	-0.0850221	-0.02723	-0.0795052	0.0168601	0.0380304	0.0130718	0.033439	0.0452379	0.0112494	-0.0939219	-0.0593007	0.0594281	-0.0584499	-0.0390011	-0.0210683	-0.00166005	0.0247828	0.042065	0.0703906	0.0208609	-0.0609533	0.058621	-0.0978146	0.115848	5.56329e-05
8000000.0001	0.0261086	-0.00578842	-0.0236973	0.0897468	0.0502428	-0.00384413	-0.0790837	0.00224665	-0.058549	0.115397	-0.139932	0.0156049	-0.0929222	-0.108888	-0.0500497	-0.018552	-0.0376021	0.0443005	0.130742	0.0851709	0.00946519	-0.0195199	0.00588826	0.00905624	-0.00383607	0.107334	0.0474286	0.00722233	-0.115536	0.0412755	-0.017318	0.104894	0.0482845	-0.0659906	0.0344433	-0.144167	-0.0396129	0.0256472	0.00615444	0.0415509	-0.0297693	-0.0470616	-0.0159977	-0.0524005	-0.0822421	0.0669922	-0.0857273	-0.109071	-0.0385569	0.0152778	-0.074908	-0.0216662	-0.0495502	-0.0529343	0.00660411	0.0204567	-0.0855335	0.015076	0.0248457	0.0896249	0.0473925	0.120324	0.0592268	-0.0480135	-0.0101108	-0.0479986	0.00639882	-0.0641699	0.0225642	-0.0282826	-0.0778717	-0.0551758	-0.118334	0.0332181	-0.0588671	0.0504046	-0.0597908	0.00293407	-0.0329337	-0.0832041	0.0495246	0.0176293	-0.0720872	0.0650536	0.025277	-0.0209658	-0.0445087	-0.0401666	0.024612	-0.0263494	0.0574774	0.0319679	-0.00454291	0.0174027	0.030604	0.0496367	-0.0174056	-0.0200304	-0.127135	0.0930799
8000000.0001	0.022065	0.0464276	-0.00508595	0.0483408	0.00276574	0.0992242	0.0493772	-0.0941734	-0.0225423	0.132594	0.0181063	-0.0754736	-0.0206491	0.0491146	-0.057673	-0.086306	0.0352363	0.00671184	0.0166967	-0.0695042	0.083006	-0.0455348	-0.00392422	0.13703	0.0411538	0.0461823	-0.00207696	-0.0285314	-0.0977747	-0.143957	-0.0383067	0.0498896	-0.0417824	-0.118924	0.0122187	-0.0936227	-0.0263586	-0.0420188	-0.0611933	0.0359162	-0.050422	-0.0122675	-0.0921725	0.0450674	-0.0759255	-0.0664198	0.0690468	-0.0374589	0.0545937	-0.0931034	-0.103916	0.00114561	-0.0205925	-0.0530945	0.00403055	0.0558895	0.0501068	0.0589669	0.05668	-0.0202382	-0.0646544	0.00324907	0.0519556	-0.0140795	0.106763	-0.0561136	0.0758847	-0.0291792	0.0239362	-0.0207663	-0.0797509	-0.0108937	0.0684543	0.0181602	0.0551749	0.0610491	-0.0674145	-0.0969833	-0.0834314	-0.107601	0.0634092	0.0355256	-0.034879	0.00847907	-0.0274512	0.0237984	-0.0915839	-0.0376403	0.0300396	-0.0288396	-0.0273712	0.00010823	0.0203469	0.0437779	0.114734	-0.0262919	-0.00971319	-0.0255792	-0.0566487	-0.0721302
8000000.0001	-0.00753551	-0.0499095	-0.0323375	0.0101861	0.0181816	-0.0320624	-0.0188054	-0.0295679	-0.0177061	-0.0221558	-0.00819484	-0.0560587	-0.0337082	0.0698119	-0.0255328	0.00971601	-0.092834	0.00562845	-0.0745278	0.0118647	-0.107629	-0.0101612	-0.0797719	0.024165	0.00831174	0.101839	0.0119268	-0.0274343	0.00560654	0.0640635	0.00980755	-0.0318651	0.030278	0.0247335	0.0570706	0.0459968	-0.00355911	-0.00663066	0.0925694	-0.0237769	0.0891762	-0.0161405	-0.00104328	0.0522997	0.0332503	-0.0047271	0.0336099	-0.0234328	0.0104548	0.061014	-0.070178	-0.12003	0.00690685	0.0532885	-0.00314782	-0.0419042	-0.0503545	-0.0277968	0.0572725	-0.0285912	-0.00733206	0.0825136	0.102722	0.0524681	-0.00114438	0.0375643	-0.0240441	0.0157176	-0.0554891	0.0258148	-0.0412332	0.0206251	-0.00162619	-0.0819345	0.0281224	0.0379844	0.0386222	-0.106853	0.00508865	-0.00520724	0.0169825	-0.023304	-0.0299876	-0.075905	-0.0200097	0.0292648	0.080211	0.0222217	-0.0461069	-0.0253599	0.0671083	0.0410275	-0.0901467	0.0347173	0.132211	-0.0739105	0.00546508	0.0358881	-0.0179107	0.0157353
8000000.0001	0.0430047	0.0229392	0.00654456	-0.103008	-0.14115	0.0437514	-0.108627	0.0263619	0.0644382	0.057691	-0.076778	-0.096217	-0.110092	-0.0534015	-0.060577	-0.0929275	-0.0310127	0.0507144	-0.0247418	0.0340839	0.00694127	-0.0369067	-0.000347694	0.0738742	-0.0084558	0.0403774	-0.0534427	0.0342349	-0.101819	0.0248275	-0.00381483	-0.0130244	0.00693527	0.0316781	-0.0291444	-0.0524535	-0.0166008	-0.0151338	-0.102291	-0.061055	0.0240647	0.0154886	0.096354	-0.0700282	-0.132719	0.033371	-0.0597535	-0.0634811	0.046935	-0.0968681	0.0415806	-0.0519375	0.0310412	0.0514905	-0.0369766	-0.0641289	-0.00564724	0.122083	0.00557724	-0.0210668	-0.0451935	0.0877563	-0.0368745	0.027197	0.00519112	-0.0914032	-0.0041881	-0.0227961	0.0447678	0.0519304	-0.0677308	0.0218017	0.0195331	0.0177527	-0.0297738	0.0337216	0.0244546	0.088219	0.0329236	0.00888982	-0.139721	0.0177209	-0.0202231	-0.0632776	-0.0883957	0.0477662	-0.0084996	-0.0182186	-0.0319661	0.0136591	0.0187553	-0.0107815	0.00837756	0.0744066	-0.0478474	-0.0643298	0.00795525	-0.0109297	-0.00429985	-0.0365221
8000000.0001	0.186064	-0.0263269	0.0234499	-0.00899303	0.0326276	0.00779774	-0.051859	0.000619811	0.00878839	0.0744382	0.0610307	0.0260632	0.0421671	-0.0725967	-0.0991795	0.0617565	0.0256884	0.00409964	0.0734982	0.00377152	0.0573231	0.00454419	-0.0128015	0.00160784	0.00767499	0.0394298	-0.019008	-0.015939	-0.00487918	-0.00332771	-0.1172	0.0563695	-0.0133834	-0.0216541	0.0202886	-0.00598004	-0.0176471	-0.0282689	0.0669062	0.0402839	-0.0838317	0.0402945	-0.0375112	-0.0694367	-0.0361852	0.0770137	0.0717729	-0.00422194	0.0290452	-0.0113215	0.0594219	-0.00432989	0.0566137	-0.0223233	-0.0805184	-0.0290101	-0.010507	-0.0403458	0.0232006	-0.0917506	-0.018633	0.0663	-0.0605354	-0.0800143	-0.0420539	0.00475695	-0.0895069	0.0852541	-0.0800013	0.0187915	0.00392014	0.0253636	0.00854145	-0.0307295	0.0635723	-0.0569117	0.0295575	-0.0178733	0.0100085	-0.0150511	-0.0184749	-0.125718	0.0733258	0.00426222	0.0428454	0.050774	0.0497484	-0.0593922	-0.0103473	-0.00608151	0.0107515	0.0410542	0.00294282	-0.0546655	0.0309469	-0.0452081	0.0174196	-0.00789162	-0.0723476	-0.0177686
8000000.0001	0.114709	-0.0515706	0.0139717	0.0399283	0.00917639	-0.00670888	0.06577	-0.0234582	-0.0526267	0.00772238	-0.0556893	0.143216	0.0490001	-0.0388239	0.130478	0.00721647	0.0354579	-0.0112629	0.00936025	-0.0702366	0.037159	-0.07426	-0.0138524	-0.0778453	0.054952	0.0492593	0.023877	0.0176733	-0.121866	-0.0332557	-0.00378388	0.0229049	-0.0341352	0.0288769	0.0433636	0.0053749	-0.000981174	-0.00913399	0.0264447	-0.063366	0.0254794	0.0339077	-0.0889032	-0.0424895	0.0936035	0.148604	-0.0410901	0.0106541	-0.01135	-0.00790828	-0.0587052	0.0581765	-0.00581144	-0.0690362	-0.0119526	-0.0589878	-0.0842026	-0.0120437	-0.0252622	-0.0137521	-0.070434	-0.0781006	-0.0456691	0.0529381	0.0978397	0.0373634	-0.0159272	-0.0639566	0.0130997	-0.0503078	-0.0201935	-0.00643389	-0.0901818	-0.0287589	0.0217746	0.10713	0.00920379	-0.133028	0.0249357	0.0450164	0.00550338	-0.0160347	-0.0371982	-0.0298225	0.0867383	-0.00477475	-0.0493017	0.0316254	-0.00144018	-0.0400178	0.00914108	-0.0502742	0.0546941	0.0435267	0.0188069	-0.109313	-0.104373	-0.0452523	0.0698629	-0.131725
8000000.0001	-0.0799657	-0.000807055	0.0162802	0.0141426	0.110068	-0.0328757	0.0105433	0.00960417	-0.111994	0.00595626	-0.0731072	0.0751179	0.0385503	-0.0840565	-0.012422	0.181807	-0.045084	0.0567066	-0.013976	0.0134405	-0.0381497	-0.0807905	0.0575839	-0.0371975	0.0424006	0.102912	0.0469196	-0.0188548	0.0239361	-0.0431213	0.119993	-0.115257	-0.0342282	0.0606104	0.0494288	0.0940877	0.000685436	-0.0102699	-0.0863372	-0.0680511	-0.0986695	-0.0591216	0.025669	-0.00248351	-0.088493	-0.00347491	0.0608292	-0.114604	0.0386105	-0.015722	-0.109359	0.0260043	-0.0311672	0.0668529	-0.0561832	0.0607025	0.0203632	0.00896484	0.00730029	0.0242883	0.0472719	0.0389538	0.0155111	0.100426	-0.0392771	-0.0224486	0.0280355	0.0347327	0.0858328	-0.0417226	0.0254545	-0.0702293	-0.0055977	0.0150742	0.0196234	-0.120152	-0.0449835	0.108965	0.034622	0.0423628	-0.00914662	0.0535876	-0.0315304	0.0358572	0.0334782	-0.056116	-0.00852243	-0.0456628	-0.0810661	0.0319954	0.0306116	0.0105387	0.0247485	-0.029729	-0.0935862	0.0318645	0.0139548	0.0807721	0.0570137	-0.00170642
8000000.0001	-0.0119189	0.0366104	0.0378947	0.0524882	-0.10975	0.0526218	-0.020703	-0.0893969	0.0900664	-0.0363182	0.112169	-0.0976255	-0.00909508	0.024929	-0.096505	-0.0418635	-0.0354416	-0.014476	0.0618448	0.043279	0.0594254	0.00499735	0.0794763	-0.0702032	-0.0808351	-0.0207753	-0.0522798	-0.0611226	0.035038	-0.0431579	0.0402739	0.0949644	-0.00579765	0.0921251	-0.0100296	-0.0756966	0.0159475	0.0777892	-0.0396577	0.00662126	-0.0857164	0.0456128	-0.00697232	0.0234214	0.0820419	0.0387447	0.0756196	-0.00816368	-0.0553865	0.0127674	0.0770275	0.0167042	-0.0386662	0.0419106	-0.0792831	-0.0496221	-0.022089	0.0421969	-0.00599162	-0.0199773	0.0304054	0.0803759	-0.0150016	-0.025046	-0.01691	0.0739159	-0.00622986	-0.00918074	0.0731106	-0.0193044	-0.0719195	0.0297927	0.0545058	-0.00429747	-0.013002	0.0180662	0.0459864	0.0548235	0.0863005	0.081079	0.0319304	-0.0249954	0.0202592	0.00310606	-0.053794	0.0515827	-0.0877467	-0.0631955	0.0314454	0.0585115	-0.0119331	-0.0581609	-0.0266972	0.0209461	-0.10636	-0.0192726	-0.0278493	0.0213458	-0.0556478	0.0614518
8000000.0001	0.0357238	0.010322	-0.109314	-0.00665897	0.0312462	-0.0369603	0.0538501	-0.0792658	0.0681812	-0.0372791	0.0699783	-0.0585996	0.0283322	-0.0623937	-0.0396344	0.0181236	-0.00929158	0.143075	0.00763263	0.0158237	-0.00775929	-0.00543971	-0.0189626	0.113897	0.0285359	-0.0147865	0.0856503	0.0859705	-0.00898265	0.0176302	0.0123864	-0.0410028	0.0789213	-0.0130387	-0.0161329	0.0579604	-0.00585876	0.0882817	0.0300061	-0.0119687	-0.023123	-0.116987	-0.0337088	0.0122781	-0.0399141	0.0488321	0.0296872	-0.0642449	-0.0591904	-0.0168373	-0.0524779	0.0420431	0.0792729	0.028562	-0.0291728	-0.0188172	-0.0265126	-0.0422168	-0.0267144	0.00308095	0.0240488	0.0159365	-0.0663109	0.12156	0.00232914	0.0168276	-0.0234193	-0.00466175	-0.0107327	0.13667	-0.0629177	0.14033	0.0193461	-0.00509296	0.0222235	-0.0567972	-0.0930799	-0.058226	0.03225	-0.024353	-0.0818716	0.00212662	0.0483757	-0.0803594	0.0104773	-0.119232	0.0270103	-0.0409952	-0.0337567	0.0690764	0.0337983	0.0175192	0.0437087	-0.0319094	0.0263484	-0.158505	0.128175	0.0462319	-0.0574887	-0.0520727
8000000.0001	0.0228724	-0.0545454	0.0237712	0.0148663	0.0632345	-0.0760903	-0.0450677	-0.064193	0.0141014	-0.0924214	-0.0619196	0.00916794	0.00222274	0.0496049	0.0246314	-0.0978725	0.114167	0.0158539	0.0361795	0.00213139	-0.00331989	0.0599416	-0.107414	0.08426	0.00539745	-0.0527858	-0.0930552	0.0526	0.0463164	0.0402761	0.0180242	0.0608016	-0.0312864	0.017163	-0.0338621	-0.0310467	0.0448139	0.00478911	-0.0203946	0.0428109	0.105094	0.11401	0.0464197	-0.0507515	0.0547182	-0.0956563	-0.0740241	-0.0358655	-0.0280935	-0.0799879	0.0691621	0.084851	-0.0248197	-0.0309035	0.137433	-0.155943	0.00225276	0.00178878	-0.0422987	-0.0686213	0.079714	-0.0330484	-0.0520022	-0.00640294	0.0290339	0.0063485	-0.0396685	-0.0452154	-0.0898771	-0.0728721	-0.0513512	-0.0185095	-0.0217523	0.00305344	0.0153114	-0.0198107	-0.0126142	-0.0269401	0.0228891	-0.00256042	-0.0179203	-0.0245825	0.000779755	-0.0756076	0.0777653	0.0234403	0.0539353	0.0521518	0.037897	-0.000951783	-0.0313298	-0.0256006	-0.00152689	0.0398687	-0.0266746	0.0164656	0.0165711	-0.00763736	-0.0501992	0.052971
8000000.0001	-0.0427999	-0.0161836	0.0324856	-0.00657058	-0.0260694	0.035965	0.0377434	-0.0249156	0.0139516	-0.045086	-0.011934	-0.0230693	0.0394025	-0.0852921	-0.101001	-0.0609735	0.0354467	-0.0213415	0.107815	-0.00674071	-0.00744261	0.0322704	0.0415972	0.0549181	-0.0370962	0.0464105	-0.0917555	0.0508735	0.087083	-0.0548521	0.0984132	-0.0168413	0.0459414	-0.00878139	0.0198554	0.00382879	0.00593525	0.0944698	-0.0202847	0.0693365	0.0073167	0.149477	-0.125606	0.0340523	0.0424832	-0.0319458	-0.0163707	-0.0190661	-0.0799137	-0.0532602	-0.0658173	-0.048508	0.0963006	-0.131761	0.00306772	-0.133637	0.0536283	0.0413767	0.0123932	0.0401172	-0.0351249	0.0143931	-0.0818348	0.0806935	0.0647326	-0.014551	-0.0303041	0.0458762	0.0193871	0.0527221	-0.0349512	0.0539737	-0.0293983	-0.0376921	0.0805716	-0.133441	0.138529	-0.0517987	-0.0466809	-0.0381243	-0.0305404	0.0803351	-0.0838027	0.00607023	0.143518	-0.0120496	-0.0353452	0.0223282	0.00482791	-0.0267027	0.0192645	0.0472878	-0.0411775	0.0328525	-0.00834141	0.061351	0.0797942	0.011458	0.000569796	-0.0478551
8000000.0001	0.00654581	-0.0388396	0.146297	0.00471198	-0.020036	-0.0164377	0.0883883	0.0179263	0.0217319	-0.0185684	-0.0133576	-0.0261081	0.00354109	0.0223324	0.0605664	-0.0115512	0.0103769	0.0342721	-0.0238161	-0.0540225	-0.0627731	-0.0109717	0.071549	-0.0274602	-0.00622345	-0.0347446	0.0563703	0.0748837	0.0586835	0.0835107	0.00799446	-0.00444309	-0.0976774	-0.00164093	-0.0370169	0.0540455	-0.0248461	-0.0171408	0.0143835	0.0965718	-0.00703269	0.0744135	0.0116187	-0.0176393	-0.0809916	-0.0489093	-0.00403977	0.0457737	0.0809714	-0.00525672	-0.0584433	-0.0607389	-0.0289281	-0.0765204	-0.0487622	0.0528511	-0.128836	0.0178449	0.0289074	-0.018431	0.0932359	0.0142582	0.0328059	-0.0622374	0.055194	-0.0770806	-0.0087543	0.138521	0.0229337	0.0179074	0.0120678	0.140324	0.0926508	0.0284961	-0.00551341	-0.015986	-0.0700559	0.0359185	0.0234055	0.0405312	0.0938227	-0.00514703	0.0957231	-0.0117611	0.0312748	8.49614e-05	-0.0160947	-0.0831499	-0.0327162	-0.0103008	0.0115674	-0.0257638	0.0757473	-0.0260342	-0.0120639	-0.0513595	-6.0257e-05	0.0241493	-0.0404246	-0.0720132
8000000.0001	0.0149127	-0.0435535	-0.0237361	-0.011845	0.0574636	0.054661	-0.0619619	-0.0989965	0.0387389	0.0507761	-0.0770334	0.0760285	0.0733948	0.0596352	-0.0856178	0.0135172	0.0311655	-0.00269983	0.0471158	-0.00985419	0.00927388	-0.0741871	-0.0710385	0.037637	-0.0182551	-0.0813561	-0.0427478	-0.00983963	0.0711922	-0.0625096	0.104339	0.0658773	0.0404056	-0.168055	0.0422175	0.0223781	-0.0246022	0.0239933	-0.00928328	0.0249431	-0.0334915	-0.0524841	0.130928	-0.0447268	0.0297365	0.0542889	-0.0357349	0.0144253	-0.0634871	0.0243173	0.00323455	-0.0071057	0.00767117	-0.0962952	-0.00144923	-0.0203356	0.0321973	-0.0140614	-0.0691893	0.227562	0.0640296	-0.0702718	0.0459212	-0.0738403	-0.0324368	-0.0406398	0.0690866	0.0197627	0.065058	0.00570128	0.0338884	-0.000570361	0.0220863	-0.0136443	-0.0168032	0.0181724	-0.00961338	-0.0239115	-0.0187588	-0.000578551	0.0570789	0.0544585	0.00957713	0.0496535	0.0331772	-0.0357397	-0.00820979	-0.0235247	-0.0275527	-0.0651659	-0.054505	-0.000355782	-0.0594455	0.00386167	-0.0890219	0.0945392	-0.0320013	0.0669832	0.0779701	-0.00163938
8000000.0001	0.0136392	0.150529	-0.0400816	0.0254163	0.0834118	0.0117679	-0.0200075	-0.0265814	0.0442083	-0.0150581	-0.0159544	0.0451817	0.0148289	-0.122382	0.0207373	-0.00357967	0.093994	-0.0137545	-3.82408e-05	0.0140254	-0.0124963	0.00409142	0.137825	-0.0117785	0.0301854	0.0907906	-0.0730609	0.0632355	0.0469908	-0.024246	0.0115382	-0.0600024	0.0360128	0.0197542	-0.0402855	-0.0180102	-0.0364433	-0.022106	0.0114096	0.0059771	0.0262001	0.0194226	0.0298965	-0.0166771	-0.0367214	-0.0448636	-0.129723	0.0471582	0.04284	0.0962913	0.154476	0.0315929	0.00742594	-0.0474102	-0.0126167	-0.0191242	-0.0226815	-0.0261847	-0.0327256	0.00517535	0.110745	-0.0466245	0.0859698	-0.004397	0.012096	0.0765841	0.0768996	-0.0976536	-0.0271993	-0.0101062	0.034922	0.00641846	0.00634981	-0.0190671	0.0278795	0.0474309	-0.0250575	0.0675629	-0.0133708	-0.0776924	-0.107171	0.0192124	-0.0100944	-0.000769027	0.0356153	-0.0587903	0.0443523	-0.0349798	-0.067572	-0.0493742	-0.0186661	0.125887	-0.00649137	-0.0010939	0.0304007	-0.04114	0.0333487	0.0487065	-0.110245	0.0113102
8000000.0001	-0.0538118	0.03024	-0.0513063	-0.088482	-0.0614963	-0.0920588	0.107821	0.0842585	-0.0572614	0.0084681	-0.109086	-0.0888488	-0.136116	0.0235807	-0.0236773	0.0351525	0.0226212	-0.0145453	0.000579336	0.0591376	-0.00233601	0.109197	0.0273292	0.00934149	0.00973654	-0.0386742	0.0819988	-0.0127225	0.00868457	-0.021393	0.00150246	0.0356251	-0.0297367	-0.0284654	-0.0141774	0.0761454	-0.0338239	-0.0598899	0.0188127	-0.0167752	0.0535528	-0.0719578	0.0187461	-0.00208826	0.00495441	0.0404459	-0.00242424	-0.00133837	0.0768743	-0.0190863	-0.00677263	0.0259044	0.0808674	0.0295185	-0.0185112	0.0043241	-0.090579	-0.00848166	0.0257083	-0.00178035	0.0382949	-0.0302138	-0.0297973	0.0223855	0.0233456	-0.0720239	0.0231159	-0.0262703	-0.0145709	0.0715227	-0.0229868	-0.0155709	-0.0558838	-0.0189936	-0.00472862	0.0118193	0.0994921	-0.0296235	0.0239391	-0.0422282	-0.144941	0.0089217	-0.080478	0.0129835	-0.0280849	-0.105703	-0.00303125	0.0562877	0.0709189	-0.0172091	0.00447827	0.0486071	0.028183	0.0872863	0.00349605	-0.081864	0.14709	0.0319608	-0.0481536	0.00719878
8000000.0001	0.0298095	0.0421024	-0.0353974	0.0371134	0.0428981	-0.0425716	0.0269289	-0.0430374	-0.026622	0.0364546	0.0360665	-0.0331015	0.112619	0.00491491	-0.0429029	-0.0204571	-0.0118016	-0.0687991	-0.131739	0.00332725	-0.0614046	-0.0109598	-0.146239	0.0215879	0.000151851	-0.124776	-0.0614411	0.0848538	-0.0833431	-0.0790456	-0.0346251	-0.0301275	-0.0158931	-0.025279	-0.00898567	-0.0423689	-0.0202291	-0.0607563	-0.0510906	0.00406404	-0.082502	-0.0482815	0.0849266	0.0706044	0.0718	0.0151355	-0.0919262	0.00205808	0.0132494	0.0714438	-0.00290727	-0.00608833	-0.078192	0.0103427	-0.0411553	-0.0737876	0.00582479	0.0209637	0.0806767	0.0168226	-0.032945	-0.0955612	-0.000995898	0.149523	0.0155593	-0.00148173	-0.0296043	-0.0104821	0.00789313	0.0373297	-0.0147356	0.0433416	-0.0677029	0.0853999	-0.0392276	0.0806649	0.0621733	-0.0201491	0.0344608	-0.135272	-0.0322672	0.0655881	0.0410952	-0.0466223	0.0168377	0.0150984	-0.00421947	-0.0197991	-0.00676692	-0.0536568	-0.00326861	-0.0456016	-0.0434585	0.0499412	0.0361147	0.0214034	-0.0355905	0.0116352	-0.00578418	-0.0965968
8000000.0001	0.0180061	0.0227147	0.0152151	0.105817	-0.00547799	0.0624503	0.050129	0.0773826	-0.0625987	0.0528974	0.0283485	0.0497601	0.0533588	0.00471044	0.0143998	0.00189947	-0.0260581	-0.0850396	0.0243448	-0.0147489	0.0397829	-0.0689823	-0.00314544	-0.080845	-0.0518308	0.0158018	0.0616705	0.0448238	0.00847622	-0.0386704	-0.0436213	0.0338494	-0.0868399	0.0404581	0.000668916	-0.0378135	0.0520499	-0.0692461	0.0230197	0.0483235	0.0854319	0.0468127	-0.0312723	0.0384113	3.54047e-05	-0.108492	0.060461	0.0551132	0.0225675	0.00523745	-0.0614005	-0.03518	-0.0141823	0.106117	-0.0610665	0.012845	-0.0196628	0.0134556	0.0173566	0.0149061	0.01793	0.052869	0.0272354	0.0402763	0.0109065	-0.093349	-0.0625047	-0.0126137	-0.0640965	0.00603349	-0.00449651	0.0452717	-0.0741064	-0.00600409	0.00842602	0.0736712	0.0410533	-0.00437716	0.0067573	0.000217861	-0.0204363	0.0256585	0.00336716	-0.0453915	-0.0255146	-0.0240482	0.00369125	0.00368491	0.0552843	-0.0366873	-0.0426312	-0.00693847	-0.0100422	0.0452007	-0.0371744	0.140193	0.0365196	0.0270762	0.00612882	-0.120758
8000000.0001	-0.0344576	-0.00344858	0.0684677	0.0602177	0.0688403	-0.100383	-0.0419688	0.0675354	0.0687749	0.0617746	-0.0102087	-0.0891645	-0.0491605	0.038328	-0.0702844	0.0320995	0.0266697	-0.00135439	-0.053952	-0.0435942	-0.0226628	0.025913	-0.0124874	0.0137192	-0.0122318	0.0160251	0.149299	-0.0286939	-0.0667309	0.101528	-0.0158109	-0.0779945	0.0234	0.0790076	-0.0466951	-0.0817977	0.0208942	-0.0845519	-0.0129899	-0.0585114	0.00447039	-0.0143728	0.125362	-0.0357284	0.0635752	-0.136141	0.0332554	-0.00567553	0.0840427	-0.0874031	-0.0178085	-0.0236142	0.00186887	0.0921524	0.0223172	-0.0670931	0.0571668	0.0218709	0.00709004	-0.0122282	0.0276539	0.0126495	0.0920232	-0.0629894	-0.05122	-0.164778	0.0641436	-0.0279022	0.0590696	-0.0720079	-0.0369431	0.0165502	0.0253285	0.0270215	0.0776295	-0.0885082	0.0074864	0.0198028	0.0266949	0.0199495	0.021984	-0.0536303	-0.00515775	-0.035575	0.0251091	0.0391228	0.125445	0.0574639	0.102662	0.0449733	0.0198918	-0.105084	-0.0102808	0.0222905	0.0013244	0.0265741	0.0527554	-0.0322192	0.0654911	-0.00479912
8000000.0001	-0.0482421	0.0174181	0.0185145	0.0557926	0.0632576	0.104228	0.0615326	-0.0188419	-0.0578022	0.0123651	0.0517124	-0.0170813	0.0117871	-0.0560524	0.056947	-0.045727	0.0547682	-0.0311976	0.0573901	-0.100134	0.070201	-0.105182	-0.036652	-0.0373926	-0.0997171	-0.0427736	-0.0122708	-0.0356431	-0.039637	-0.0800387	-0.0362703	0.00831103	-0.014215	0.0122901	0.0230442	0.0193498	-0.0631761	0.0418054	-0.0524054	-0.00613473	0.0352645	-0.13305	-0.00825256	-0.0683588	0.0314949	-0.152288	-0.102503	-0.025782	0.110872	-0.0107836	0.0207099	0.0638378	0.00279383	-0.0042521	0.0727245	0.00219283	-0.059989	-0.0446993	0.0113856	-0.11496	0.0108397	0.119749	0.0500783	0.0096793	-0.0232467	0.0424196	-0.0327628	-0.0319702	-0.0131343	0.0126378	-0.0842428	-0.0281745	-0.0376753	-0.0548091	-0.0384269	0.0384907	0.0879238	0.0775853	-0.0146885	-0.0524144	-0.088805	0.000940385	0.0477154	-0.0205727	-0.0293414	-0.00944806	0.0190015	0.194603	-0.0411948	-0.0489558	-0.0723996	-0.115549	0.0605824	-0.0304449	-0.0420893	-0.0212081	0.0223505	-0.0384989	0.0167267	0.0215636
8000000.0001	0.00570864	-0.0842105	-0.126809	-0.0698716	-0.00139175	0.0498571	-0.0184197	0.0320342	-0.0518845	0.0639651	-0.0343975	-0.0805316	0.0989227	-0.00645343	-0.10583	0.0225407	0.0312769	-0.000272774	-0.0479862	0.0728412	-0.00804041	0.0121033	-0.168613	0.0640036	-0.0557271	0.0300595	-0.0601776	0.0774016	-0.103608	0.0489722	0.113246	-0.0225462	0.0588353	-0.0142656	-0.0124466	0.0435625	0.0341289	-0.0380496	0.0441379	0.0421135	0.15093	0.0122537	-0.0618813	0.107513	-0.0224673	0.00141362	0.063713	-0.060876	-0.00416473	-0.0266737	-0.0667184	0.0505892	0.0111256	-0.0542462	0.0717862	-0.0788497	0.0615655	-0.0561697	-0.0638144	0.046392	0.0787535	-0.118241	-0.0283724	0.0469274	-0.0366297	0.100322	-0.0246473	0.0340382	-0.00067124	0.0418665	-0.0727433	0.0177264	-0.0302585	0.0882282	0.00554789	0.00781012	-0.00917107	0.0768209	-0.0535974	-0.0543005	-0.00160386	0.0247767	0.0988092	0.00890976	0.0369491	-0.0419398	0.149958	-0.015813	-0.0463419	0.029608	-0.0489278	-0.0855903	-0.0263567	-0.0576321	0.11088	0.077131	-0.113201	0.00461948	-0.00334586	0.0325668
8000000.0001	0.007316	0.0376463	0.00857891	0.000471704	0.016775	0.0937088	-0.00189832	0.0401525	0.00175302	0.0387515	0.0751905	0.0401256	0.0233412	-0.0712298	-0.110248	-0.0321662	-0.0989936	-0.038453	0.0246519	0.0641787	-0.0546805	0.0601114	-0.123382	-0.0218787	-0.0541328	0.105849	0.053508	0.0206788	0.100846	-0.0295653	0.0619904	-0.0633729	0.00757272	-0.0272733	0.00980614	0.046606	-0.106392	0.000109267	0.0826845	0.00447337	-0.0181553	-0.0326686	-0.050328	0.0703435	-0.0918983	0.046666	-0.0951124	-0.0656101	0.00461596	-0.0144933	0.0446514	-0.000664714	0.00608483	0.00334642	0.0654196	0.100155	-0.0773681	0.0320531	0.0267022	-0.0803258	0.00755876	0.0344965	-0.0435758	-0.10078	-0.0311707	0.0316311	-0.0384808	-0.0174039	-0.0325899	-0.0371429	-0.024514	-0.108099	0.0511482	0.0748156	-0.0142861	-0.055578	-0.0220839	0.0218281	-0.161721	0.0400345	-0.0444138	-0.0371799	0.0601366	0.00350917	0.00405371	0.0906149	-0.0537138	0.0407677	0.0431244	0.0509444	0.011872	-0.0472555	0.0185359	0.0252914	0.0778021	-0.0299764	-0.0225526	-0.0584293	0.0563401	-0.0227312
8000000.0001	0.0158161	0.0539826	-0.140284	0.048438	0.0267598	-0.050026	-0.0171957	0.0737763	-0.075138	-0.068125	-0.106264	0.0293226	-0.0256797	-0.0771176	0.105574	0.035959	-0.064511	-0.0477209	0.035709	-0.0370895	-0.0386237	-0.133366	0.0528074	0.0211746	0.0418864	-0.069798	0.0297702	0.0780198	-0.0509907	-0.0223094	-0.0206631	0.00739025	0.00479674	0.113609	0.0103764	0.0235968	0.072398	-0.119368	0.0581037	-0.0699239	0.0365695	-0.0813166	-0.0693151	0.0210682	0.00217582	-0.0365846	-0.0392479	-0.0228651	0.0821752	-0.0368625	-0.00125809	0.0239286	-0.0362366	0.0947892	-0.014407	-0.0621885	-0.027367	-0.0330779	-0.0457472	0.0265233	0.0797645	0.051738	0.00216582	0.0829131	-0.0446757	0.0133933	0.0352276	0.040925	-0.0688524	-0.0647632	-0.0480691	0.0165142	-0.150938	0.0219373	0.0949849	-0.086971	0.0366072	-0.144408	-0.0199445	-0.00452803	-0.0138678	0.0316717	-0.0944685	0.091195	0.0379281	-0.0266865	0.053826	0.0670418	0.097556	-0.00418032	-0.0573883	0.0973475	0.132338	-0.0507825	0.0362398	-0.0605304	0.02598	0.0310353	0.0657109	0.0789794
8000000.0001	-0.0474648	-0.0771313	-0.014106	-0.0200489	-0.0944403	-0.0546072	-0.0179522	-0.0638139	-0.0558834	0.167563	-0.091722	0.0381871	0.0460773	0.0879656	0.0134605	-0.0137273	0.0189617	-0.00752033	0.00592177	-0.00264295	-0.00500116	-0.0954771	-0.0264926	0.0755312	-0.0681981	-0.0986003	0.00519466	-0.00480495	-0.0886012	0.00221251	-0.0579454	-0.0619078	0.0731985	0.0180816	0.0974132	0.0191	0.0436854	-0.0105414	0.0335861	-0.00786014	-0.00498354	0.0606078	0.0482568	-0.0054292	0.0618243	0.00755087	0.00860674	-0.037086	-0.00927203	0.0624992	-0.0194491	0.00107357	0.0287229	0.0936367	0.0602592	0.0471399	-0.0845409	0.0830396	0.0322564	-0.0334387	-0.0778145	-0.0718207	0.107259	-0.00443723	0.0404844	0.113643	-0.0973227	-0.0569445	0.0409262	0.00231298	0.135756	0.0412822	-0.0562476	0.0686343	-0.0386084	0.00917709	0.0406311	-0.0113225	0.0577203	-0.02259	-0.0284544	0.00348497	-0.0827417	0.0700335	-0.0322598	0.0128852	-0.0234137	-0.0785061	-0.0577015	0.0734037	0.0269786	0.00365955	-0.0189075	-0.0110125	-0.0192189	-0.0356994	-0.0552782	-0.00967047	0.093671	0.075716
8000000.0001	0.00410707	-0.00635621	-0.0343057	0.00496402	0.114188	0.0374424	-0.0251215	-0.138102	-0.0592746	-0.0108173	-0.0462172	0.049005	0.113364	-0.0472452	0.0169085	0.00424301	0.0426812	0.0335701	0.111273	-0.0579726	-0.0382936	-0.0566719	-0.0994233	0.0521903	0.0103176	-0.103994	0.0102113	-0.0938274	-0.0492382	0.0496162	-0.0527634	0.0538617	-0.0148065	0.0451199	-0.0914976	-0.0963584	-0.0658987	-0.00160072	-0.0657067	0.0422987	-0.0343982	-0.0607434	-0.0929305	0.065133	-0.000459786	0.0871938	0.0786802	-0.0779651	-0.0765797	-0.0315636	0.0493298	-0.00807891	-0.000617788	-0.10933	-0.0773487	0.016515	-0.0106581	0.079604	0.0065799	0.0432459	0.115799	0.0884134	0.0615894	-0.0195755	0.0317209	-0.115918	-0.05138	0.0551985	-0.0407823	0.0340221	0.0305566	-0.098271	0.0617522	0.127376	0.097497	-0.0690681	0.0378576	0.0185378	0.00404684	0.00264604	7.04732e-05	0.0102579	-0.021042	-0.0676022	0.0219203	0.015606	-0.0367087	0.0234609	-0.0345077	0.0950662	-0.00683453	-0.0721308	-0.0247285	-0.0993738	-0.00862443	0.0954523	-0.00220979	-0.0341575	0.0112439	0.0225515
8000000.0001	0.0956118	-0.0580593	-0.0424093	0.102407	0.0516709	0.0599752	-0.0686121	0.042429	0.0383616	-0.0684057	-0.0523765	0.0269055	-0.074747	0.0380893	-0.0384043	-0.0382321	0.0454157	-0.0521289	-0.0155548	0.0442876	0.0110105	-0.0230581	0.0918942	0.0940606	0.0459988	-0.000713713	-0.118444	0.103431	0.0339545	-0.0312657	0.0179107	0.0167581	-0.0548911	0.0205702	-0.137336	-0.00734642	0.0231824	-0.0359225	-0.085874	-0.0371798	-0.0264659	0.0167129	0.0518908	-0.0122875	-0.0401928	-0.00494652	0.0514412	-0.0551518	-0.0703337	0.022409	0.00137461	-0.00690652	-0.0334658	-0.00134143	-0.0115029	-0.0715606	0.00418861	0.0686051	-0.0804091	0.0270302	-0.0689308	0.079384	-0.0152896	-0.027896	-0.00158043	-0.0021749	-0.0854019	0.0450908	0.000749754	-0.0478974	-0.0104406	0.130305	-0.0169581	-0.045384	0.0343228	0.0137578	-0.0451448	-0.0232203	-0.0279863	0.0267337	-0.00448259	0.0307379	-0.0283853	0.0758641	-0.0197325	0.00183983	-0.00922529	-0.0548387	-0.0239205	0.141506	-0.0774857	-0.0627908	-0.0473621	-0.0988984	-0.0430254	-0.0218448	-0.144017	-0.067174	0.00545336	-0.103139
8000000.0001	0.0583612	-0.0589755	-0.0409661	-0.0805593	0.126607	0.00682538	-0.0366344	-0.0146936	0.071673	-0.0718795	0.0679768	0.0679664	0.0383288	0.126813	-0.095747	0.0603579	0.10703	-0.0289246	0.0156732	-0.102881	0.128453	0.0935021	-0.0954045	-0.0752382	-0.00221444	-0.0945118	-0.0191734	0.0594537	0.0160733	-0.040146	-0.0561055	-0.00708456	0.053566	-0.00474415	0.0652709	0.0214405	0.13339	-0.0559639	0.0313142	-0.0148218	-0.0594771	0.0235001	0.0789327	-0.00114125	0.0121719	0.0831168	0.0151968	0.040418	0.0174284	-0.0563692	0.0454008	0.0088898	-0.104907	-0.00699096	-0.0568319	-0.0675588	0.0135295	-0.1045	-0.0593828	0.0357843	0.0455362	-0.0537248	-0.116834	0.0167806	3.82721e-05	0.0622933	-0.0430187	0.111805	-0.0571083	0.0607075	0.025855	-0.00140104	0.0228932	0.0209569	-0.0705169	-0.0704506	0.111851	-0.0749758	0.0581474	0.0188286	0.0585951	0.00875068	-0.036159	-0.0290427	0.037551	0.055932	0.0703951	0.0547844	0.0206482	0.0592786	-0.0300004	-0.117771	-0.00103437	-0.0535	0.0387825	-0.102947	0.0654597	0.060322	-0.0328971	-0.0487431
8000000.0001	0.119526	0.0237804	0.0785379	-0.00305678	0.0139695	0.111462	-0.0725515	0.0399295	-0.00948619	0.01691	-0.0224185	-0.0825337	0.0164627	-0.0794698	-0.0109168	-0.0083933	-0.0254961	-0.0178192	-0.0309828	-0.0249318	0.0119922	0.0387849	0.0236091	0.0548134	0.0905557	0.0297461	-0.0193681	-0.0121544	-0.00250744	0.11478	0.017827	0.126626	-0.111151	-0.0311438	-0.0233678	0.108144	-0.0970047	-0.0459168	0.0489748	0.0256498	0.0709674	0.0849217	0.0890397	-0.0641332	0.0209183	0.0084995	0.0092604	-0.027263	0.0611465	-0.0343364	0.0486027	-0.0226429	-0.0187538	0.0646641	-0.101203	-0.00184731	0.0992153	-0.0951013	-0.00641592	-0.0373133	-0.0505974	-0.0480957	-0.0340072	0.0537744	-0.0152373	0.0624858	-0.0647805	0.0363968	-0.0477812	-0.0487201	-0.125588	-0.0667932	-0.040838	-0.106274	-0.0436588	-0.047444	0.0309653	-0.0511876	-0.00930661	0.0478227	-0.0248958	-0.0447013	-0.0482789	0.111098	0.00820825	0.144316	-0.018011	0.12653	0.0905088	0.0104168	0.00767929	-0.0564699	-0.000573149	-0.0824427	0.0253635	-0.0348138	-0.0016528	-0.0996237	-0.0299119	0.0281312
8000000.0001	0.0312305	-0.0352413	-0.0357999	-0.0701467	-0.0472391	-0.0722267	0.00490442	0.0598574	-0.0319468	0.0459115	-0.0571975	-0.0377461	0.0411322	-0.013572	0.0167318	-0.0367681	0.0339637	0.0761565	0.0752065	0.042577	0.0145518	0.0588605	-0.00322718	0.0386925	0.00128412	0.0270188	0.0602304	-0.0711816	-0.0172577	0.114922	-0.0604515	0.0151301	0.000533793	-0.13481	-0.0610718	0.0652518	0.0748338	0.0731996	0.0211092	0.0257175	0.0726333	0.0555662	0.0564139	-0.00703548	0.0045652	-0.0989524	0.0644417	-0.0461959	0.0698331	-0.0750745	0.0457472	-0.109303	-0.0466365	-0.0343573	0.0464368	-0.0458513	0.0103544	0.060932	-0.0531984	0.0494185	-0.0650975	-0.0278728	0.0314385	0.0671558	0.0349571	-0.0326497	-0.0474369	0.011602	0.0280684	0.0231641	-0.056378	-0.0038021	0.0492147	0.00938474	0.0095608	0.0843145	0.0502149	0.114569	0.0191159	0.0416455	0.0185998	0.0790601	-0.0570925	0.0181245	0.0317169	0.0339131	-0.00370519	0.018619	-0.101026	-0.0902945	-0.0664662	0.0107372	-0.103737	-0.00816967	-0.0384538	-0.0265478	-0.00868959	-0.220369	-0.0939464	0.0425542
8000000.0001	0.0324502	0.00403613	-0.00971777	0.0411493	0.0568173	0.0155563	0.0645195	0.0171211	0.0197978	-0.0441835	0.0365825	0.0611077	0.00983879	0.026304	-0.0570871	-0.00147665	0.0510684	-0.042677	0.0394114	-0.0284522	0.030696	0.0535927	-0.0263325	-0.0740259	-0.0160524	0.037126	0.0258794	-0.0188099	0.0313032	-0.0948504	0.127057	0.0453607	0.012069	-0.0220081	0.028252	-0.0591396	-0.0912112	-0.0530525	0.128113	-0.10051	0.0532373	-0.0328484	0.0708855	0.0130368	-0.0135394	0.0238402	0.041946	-0.166849	0.0309785	-0.026971	0.0162006	-0.00794224	0.0381573	0.0406445	0.113907	-0.00408238	0.0249156	-0.0310498	0.144997	-0.0141568	0.0387008	-0.000748637	0.0173462	-0.0900758	-0.0469346	-0.019496	-0.0340822	0.0146034	0.015257	-0.0319161	-0.0299258	-0.162042	-0.0204476	-0.022858	-0.0298653	-0.0959872	0.0125393	-0.165731	0.0373302	-0.0739401	-0.0545533	0.0587592	0.00152643	0.0373071	0.0313425	-0.0620026	-0.0597901	-0.0630444	0.0638497	0.0457009	-0.0385102	-0.0110574	0.0201157	0.102451	-0.0430654	0.031422	0.00935403	0.0138396	0.00846664	-0.0135166
8000000.0001	0.00352197	0.0415848	0.0588183	0.030945	-0.000449489	-0.0384245	-0.0472983	-0.0671467	0.0950333	0.0770264	0.127989	-0.0752114	0.102507	-0.0281302	-0.0367694	0.0721072	0.0575103	-0.0700721	0.00238424	-0.0436169	0.0619276	-0.0501033	0.0718678	0.0645953	0.00656029	0.0475288	0.00594834	-0.0409028	-0.0752657	-0.0985084	-0.0435165	-0.0298727	0.0406984	-0.0117138	-0.114088	0.00498026	0.0287192	0.0287396	-0.0674049	-0.0628154	0.00564661	-0.0517662	-0.0174042	-0.0287893	-0.0626445	0.00912918	-0.0605759	-0.0356362	-0.12728	0.0883605	-0.0172686	0.0358419	-0.112841	-0.0191611	0.100068	-0.0347903	-0.00127005	-0.0307492	-0.00876131	-0.0797821	0.0725553	0.0389802	-0.0733213	-0.0171462	0.0226742	0.0111849	0.0591716	0.0010289	-0.00669844	0.0897711	0.092465	0.0691083	0.00602629	0.000441008	-0.0888071	0.134191	0.0214834	-0.098554	-0.0448703	0.0157344	0.0465574	0.0747121	0.0764317	0.0791359	-0.0712627	0.0527416	-0.0413151	0.0763451	0.14468	0.0929593	0.0612738	-0.033169	0.0841882	0.0221342	-0.101669	-0.0581047	0.208738	0.0323161	-0.0690788	-0.0111839
8000000.0001	0.00253376	-0.0241086	0.0775449	-0.0405636	0.0709451	-0.00951812	0.0274435	-0.000826587	-0.0334172	0.0870585	-0.068036	0.0366205	-0.0529854	0.00629155	-0.0243353	0.0409661	0.0678305	-0.0170369	-0.103957	0.0317899	-0.0357137	0.071329	0.0921366	-0.0220389	-0.0848501	-0.0504188	-0.0452651	0.00342582	-0.126304	0.0105532	0.0807622	0.115079	-0.00998385	0.00159107	0.052812	0.169696	0.0573425	-0.0367701	-0.0442156	0.0336928	0.0248993	-0.0155016	0.0241393	-0.0500786	0.00764526	0.0449039	-0.0214307	0.0308568	-0.0510231	-0.0195483	-0.0053865	-0.0871586	-0.0413197	-0.063617	0.0424445	-0.0596939	-0.0590883	-0.0272544	-0.000258479	0.0533707	-0.0411689	0.149295	0.0318521	-0.037081	-0.0121289	0.0308547	0.0487212	0.00840302	-0.00851807	-0.0565249	0.044849	0.0907722	-0.0503989	0.126516	0.0474536	-0.0565133	-0.0453014	-0.0257982	-0.0412954	0.0582531	0.0648574	-0.0719747	-0.0313238	-0.0193116	-0.0557149	0.134806	0.0244225	0.07018	-0.0991136	-0.103034	-0.100436	-0.0660599	-0.0236928	0.00473695	-0.0264359	0.0966431	-0.0576557	0.00809472	0.0564148	-0.0183785
8000000.0001	-0.0642032	-0.00990605	0.0114075	-0.0778379	-0.0204128	-0.041274	0.0997754	-0.0493009	-0.0122976	-0.0622386	0.0678796	0.0298856	0.0133229	-0.0115779	0.0297558	0.0417776	0.0885416	0.0613787	0.0518281	-0.0400846	-0.000614844	-0.0599086	-0.079632	0.00433507	0.0854338	0.109181	-0.0182021	-0.0211653	-0.116227	0.00431847	0.0241577	-0.0241418	0.0164175	-0.00376078	0.0303691	-0.0384591	-0.00978281	0.0179333	0.0254792	0.0561356	0.0308623	0.0528513	-0.00814222	-0.00150759	0.115107	0.0120164	0.0447628	-0.0668692	-0.00938637	-0.000697426	0.0218059	0.0385458	0.0157606	0.0377015	0.0210548	0.061679	0.0741869	0.00469393	-0.00574975	0.00235501	0.0986053	-0.00588412	0.0150744	0.0292667	-0.0671136	0.00549546	0.0810837	-0.0998048	-0.0338854	0.0527672	0.0395239	0.0161702	-0.111065	0.0053038	0.0162756	-0.0351461	0.0173236	0.0537585	-0.0104307	0.0645769	0.0755607	0.0816721	-0.14341	-0.0132027	0.00420314	0.0308655	0.0549113	0.0103858	0.0218277	-0.0598696	-0.0612682	-0.0329614	-0.104754	-0.108375	0.0805328	-0.0172849	0.0373005	-0.0326337	-0.018154	-0.109831
8000000.0001	-0.0866314	-0.0412946	0.0621002	-0.076633	-0.137341	0.0460047	0.0183244	0.161599	-0.0627774	-0.000894724	0.14941	0.0585383	-0.0174544	-0.0197137	-0.0413706	-0.0878719	-0.158069	0.0117957	-0.128438	-0.0208735	0.00289663	-0.0495519	-0.0391094	0.0335819	0.019035	-0.0405072	0.0523658	-0.109053	0.0762371	0.0320359	-0.0211746	0.0119571	-0.0253494	-0.0237073	0.0780468	-0.0102369	-0.0855675	0.107435	-0.00240245	0.0548482	0.0190161	0.0871235	0.077805	0.0786461	0.0258923	0.0147002	0.0253469	0.0237725	-0.0146468	-0.0184141	0.10008	-0.0208119	-0.0444162	0.0605847	0.100178	0.105482	0.000981098	-0.0671589	-0.0104305	-0.0326272	-0.0210747	0.0750776	-0.0697839	0.0163294	-0.0858588	0.0769898	-0.0749772	0.076017	-0.0204257	0.104635	-0.0651837	0.00790619	-0.0790685	0.0344506	0.055264	0.090379	0.0757347	-0.0275866	0.014009	-0.075049	-0.00476812	0.0626619	0.0435604	-0.0445426	-0.00667494	0.0907521	-0.00857789	-0.0408202	0.0957767	-0.0665718	-0.0181014	0.0305456	0.0303891	0.0159738	-0.0915218	0.086644	-0.0559513	-0.0734717	0.0124887	-0.0344131
8000000.0001	0.0360972	-0.000401339	-0.00193861	-0.0677561	-0.0193968	0.0103972	0.0839782	0.025985	-0.00718717	0.00885649	0.0108131	0.0662672	-0.026633	-0.0947927	-0.0385747	0.00663161	-0.0288442	0.00709248	-0.000269584	-0.160292	0.0125609	-0.0658675	-0.0230272	0.00611887	-0.0615242	0.0856103	-0.0463374	0.0644105	0.183117	-0.00775327	0.0305586	0.019179	0.00221314	-0.0344516	0.0510695	0.0584693	-0.0247726	-0.0255167	-0.0667961	-0.0652416	-0.00650943	-0.0448853	0.0778561	0.0365662	-0.034052	-0.0272767	-0.0168495	0.0599302	-0.0314055	0.0496914	0.0629575	0.0282109	0.0557061	-0.0331886	0.0352448	0.0749124	-0.000497228	0.000834204	0.103617	-0.0185115	0.103714	-0.014591	-0.0256086	0.0281465	-0.0717282	-0.0671749	0.085277	0.0510237	-0.0962876	-0.00567235	-0.00963993	-0.0709214	-0.0515282	-0.0969473	-0.0335878	-0.0128056	-0.0121537	0.0539631	0.0255245	-0.0256973	-0.00564454	-0.0372535	0.0704528	-0.0908517	0.000486791	-0.12112	-0.0706521	0.0240689	0.0738563	0.0288696	0.0242649	-0.0112356	0.0522681	0.0481775	-0.0280641	0.0158526	-0.0368576	-0.0495911	-0.0957833	0.0299063
8000000.0001	-0.0331904	-0.00795598	-0.00197951	0.00206019	0.00108024	0.0114328	0.0906008	-0.00603273	-0.00643162	0.0305938	-0.12845	0.104685	0.032047	0.0347828	-0.0109273	0.0821695	0.0514275	0.0608981	-0.0455916	-0.0638615	0.0400713	-0.056493	-0.110942	0.0427327	0.0400517	-0.0637346	0.0417518	-0.0508154	-0.0669526	0.0271701	0.0883036	0.0652302	-0.0100308	0.0181096	0.0503387	-0.066476	0.0985911	-0.0464285	-0.0890177	-0.151283	-0.0466581	0.0707179	0.0277178	-0.0495888	0.0603487	-0.0435451	0.0350166	-0.0564652	-0.0540883	0.0320646	0.00258224	-0.0154951	-0.055874	0.125832	0.071042	-0.089597	0.0251217	-0.0382787	0.00172383	0.0152902	0.005309	0.0938475	0.0388639	0.0823149	0.0786872	0.0579844	-0.0240649	-0.10445	-0.095867	0.0376095	-0.0614865	0.00636526	-0.0287663	-0.0259966	0.0113475	-0.121404	-0.058134	-0.102213	0.0154817	0.0830572	0.0691523	0.0424028	-0.170403	-0.0484607	-0.0133189	-0.0540489	-0.0601419	0.127853	-0.0111106	-0.00941737	0.00496316	0.0277873	0.0654394	0.0977218	-0.00347983	0.0221008	-0.0381211	0.00404616	0.0709487	-0.0498566
8000000.0001	0.0982464	-0.0116167	-0.0648271	-0.0680145	0.106015	-0.00559935	0.0213131	-0.0163206	-0.0137722	-0.0405785	0.0304956	-0.152082	0.0101471	0.0174715	-0.0824717	0.0917409	-0.0297817	-0.0235687	-0.0364206	-0.00269403	0.108852	0.0818018	-0.00393256	0.0454501	0.0591936	-0.00188472	0.127361	-0.0736018	0.0576608	-0.0484863	0.0315607	0.0110386	0.0548513	-0.0402799	-0.0149954	0.0889961	-0.0903091	-0.0713394	0.00825646	0.023541	-0.0053465	-0.0938291	-0.0475069	-0.00806772	-0.0933344	-0.073883	0.0411129	0.0155906	0.0208406	-0.0570717	0.061234	0.026916	-0.00433055	-0.00537684	-0.00115014	0.052932	0.133479	-0.0337308	-0.0653782	-0.0780121	-0.0122843	0.0145256	-0.0419668	-0.0153174	-0.0507381	0.0136014	-0.0954486	-0.0292487	0.101994	0.0498397	-0.0802284	-0.00535153	-0.0591173	0.0333222	-0.0327479	-0.0126753	-0.0164605	-0.00520101	-0.0188302	0.098234	-0.0731888	0.0871957	-0.034969	-0.0169954	0.093762	-0.0529959	0.0817799	-0.0487684	0.0202397	-0.00412566	-0.0340204	0.0732179	-0.0584381	-0.00623533	0.00569437	-0.0314806	-0.0230869	0.00312378	-0.0437979	-0.0704308
8000000.0001	-0.0232077	0.0861002	0.0225907	0.0217909	-0.130886	-0.00289664	0.0978942	-0.13043	0.0297907	0.0428895	-0.0578723	-0.0948924	0.0977682	-0.0545568	0.0166441	-0.0177512	-0.0139453	0.101822	-0.0453658	0.0311463	-0.0447384	-0.0134605	0.0419378	-0.0481226	0.0254655	0.0874116	0.0139287	0.0182884	-0.0118677	-0.0698748	-0.0370603	-0.0619453	-0.0261683	0.0341087	0.000539341	-0.049427	-0.0333687	-0.0345013	0.0210814	0.0770225	0.0528485	-0.015419	-0.134151	-0.141421	0.00355078	0.0960426	0.0729598	-0.0476841	0.028945	-0.0163513	0.0223245	0.0833053	0.0147814	0.0573979	0.009305	-0.0146774	0.0313846	-0.0170231	-0.0769806	0.0636659	-0.00727641	0.118285	-0.0717185	-0.0594914	0.00593257	0.129533	0.0316019	-0.048636	0.0423061	0.00561606	-0.0224457	0.0239212	0.0309864	-0.0612406	-0.0341517	-0.0661491	0.00601901	0.138233	-0.0179184	-0.0152378	-0.0353326	0.0129471	-0.00432438	0.0426731	-0.131972	0.0848225	-0.0488422	-0.0412145	0.134055	0.0904911	0.0256763	0.0872707	-0.0604263	-0.14635	-0.00770326	-0.120819	-0.000324703	0.00532039	-0.085404	-0.0111573
8000000.0001	0.0396806	-0.0244695	-0.112652	0.0420562	0.0365908	-0.107982	-0.0646321	-0.0316455	-0.0935057	-0.00243861	0.00977938	-0.00264658	0.0209407	0.0110173	0.00588515	0.0417678	-0.0277126	0.0697197	0.00575267	-0.102103	-0.0301196	0.095148	0.00206517	-0.0629318	-0.0787812	-0.00755097	0.0600137	-0.0378315	-0.0588552	0.0600643	0.0674033	-0.00429267	0.0074963	-0.00418086	-0.0385194	0.0241329	-0.0572588	-0.0166679	-0.062546	-0.0607343	0.0593923	0.0373004	0.0851138	-0.0620763	0.0431706	-0.0229728	-0.0242502	0.0522403	0.000242758	-0.0234147	-0.0270492	0.0847536	0.0543618	0.0499858	0.0139031	0.083948	-0.000113978	-0.10685	0.0324883	-0.0607809	0.079143	-0.0698338	0.060427	0.0565752	-0.0373935	-0.00372864	0.0257692	-0.00541784	0.0027713	-0.101149	-0.0620878	0.0593323	-0.0806967	0.0932092	-0.069479	0.0746729	-0.0963308	0.126064	-0.0471516	0.0548322	-0.058669	-0.0134959	0.0631295	0.0094626	-0.0236765	0.0459159	-0.0668882	0.162512	-0.140765	0.000850906	0.0168494	0.0139794	0.0503879	-0.00111607	0.0608683	0.0309422	-0.00119723	-0.00310012	-0.0191171	-0.0312273
8000000.0001	-0.0320557	0.0225575	-0.0375333	-0.0638567	0.0490998	0.00321235	0.0298185	-0.0645297	-0.0461006	-0.0902486	0.0801725	0.0389027	-0.0432777	0.143731	0.0285173	0.0603662	-0.0564421	0.00183622	-0.00770346	0.0588235	0.0344059	-0.0419917	0.0554608	0.113813	-0.0322803	0.0156903	-0.0691142	-0.0436337	0.0504187	-0.0158277	0.121014	0.047455	-0.0276114	0.0279512	-0.0271952	0.00240576	-0.00990206	0.0329632	-0.102819	0.0513123	-0.00148452	0.050648	-0.047807	-0.0994198	-0.0235765	-0.0641439	-0.0525639	-0.0379919	-0.126962	0.00382429	0.0147412	-0.102891	-0.0890011	0.0570547	-0.165122	-0.0489363	0.0347205	-0.0443974	0.0347148	-0.0432267	-0.014626	-0.0510926	0.00642369	0.0220644	0.0396356	0.0155651	0.0242333	0.0237697	-0.0161552	-0.0500412	0.0222015	-0.0437395	0.0297446	0.0457202	-0.0264328	0.0911793	0.0544999	-0.0165601	-0.0160046	0.130772	0.0785477	0.0551859	0.0636575	0.000535198	-0.00284489	0.00233849	-0.0272841	-0.0218225	0.0615157	-0.124217	0.0773671	0.0953098	0.0233918	0.0802364	-0.0585065	-0.00318748	-0.00406958	-0.00729554	0.0100224	0.055424
8000000.0001	-0.0173797	-0.0267767	-0.107069	0.00890841	-0.021658	0.0832192	0.103677	0.055967	-0.0234004	-0.0193464	-0.0970333	-0.101348	-0.0641958	0.123725	-0.0618026	-0.0180344	-0.0423497	0.0518043	-0.039704	0.0165071	0.00962536	0.0500785	-0.0204677	0.0184098	0.0281235	0.013262	-0.0763281	0.0818399	-0.0652189	-0.108317	-0.0822472	-0.161328	0.0366555	-0.0606014	-0.00454839	0.0407262	0.00735382	-0.0180253	0.00161813	0.0149181	0.0418137	-0.0644943	-0.0286609	-0.0787227	-0.0145563	-0.0637484	-0.0197219	0.0267818	0.0210958	-0.0138196	-0.0589756	-0.00624802	-0.0435898	-0.0325275	0.0200179	-0.0429151	-0.0297141	0.0308215	-0.118671	0.0192222	0.0569316	-0.0539469	0.101599	0.0609874	-0.0249858	-0.0803043	0.0523198	0.0505086	0.0969579	0.0829413	0.00762386	-0.0705862	0.0386066	0.0953035	0.0549333	-0.0331517	0.154535	0.0936212	-0.0417683	0.108065	-0.072806	-0.0166311	0.00317459	-0.0544484	-0.0195626	-0.0899022	-0.0273122	-0.00223936	-0.0663373	0.0339358	0.0638128	0.0605436	0.00243949	0.0246059	0.0999297	-0.0780714	0.0240563	0.00611679	-0.0140139	0.0953136
8000000.0001	0.082562	-0.053408	-0.0461358	0.0203124	-0.0893817	-0.11132	0.0655658	0.0963527	-0.0110531	-0.0353215	-0.0746566	-0.0538201	0.0650893	0.0921506	0.00791324	0.00351259	0.158414	-0.0150296	-0.0983541	-0.0404286	-0.0208081	-0.0233519	0.0424576	0.018579	0.0348897	-0.0236493	-0.0217926	-0.0177902	-0.00935263	0.0094488	-0.0224843	-0.0487558	-0.140035	-0.146686	0.0769242	0.0757241	-0.0566054	-0.0361773	-0.029904	0.0164576	0.0358407	-1.17325e-06	0.0892038	0.0702508	0.116738	-0.000586235	-0.0167157	0.046034	-0.00120785	0.017191	-0.008593	0.0426678	0.0061437	-0.0705478	0.0360519	0.0419679	0.0860419	-0.0343952	0.0138847	0.0308804	-0.0440789	0.0251484	0.00161062	0.0405049	-0.0945931	-0.0338541	0.0139401	-0.0628471	0.0107648	-0.0757225	0.100219	0.0837052	-0.0171317	-0.00651083	-5.50695e-05	-0.00747098	0.0515121	-0.0417698	-0.052892	-0.0298333	0.0603697	0.00836892	-0.0113328	0.0385778	-0.0184535	-0.0230139	0.107404	0.0695505	-0.0199241	0.111946	-0.0199648	-0.00259235	-0.0245447	0.134389	0.0491459	0.0221807	0.0325992	-0.0451699	0.0828498	-0.0125017
8000000.0001	-0.0815175	0.0697262	-0.0503533	0.0183289	-0.0627519	-0.0899842	-0.0598855	-0.116621	-0.0143247	0.0550738	0.0198602	-0.00868657	-0.0184141	-0.0354621	0.123732	0.0618872	0.0695563	-0.095044	0.0673983	0.0203993	-0.0988437	-0.00509308	-0.0210968	0.0161023	-0.0803806	-0.0411386	0.0813282	0.0682897	0.0319853	-0.0231731	-0.0555636	0.0640884	0.0735793	-0.0218017	-0.0175203	-0.00222833	0.00707511	0.011063	0.00170051	-0.0327228	-0.0342243	0.108653	-0.0406065	0.0243147	-0.0552578	-0.0419924	-0.107207	0.0152753	-0.0252693	0.0247649	-0.0477977	0.0996256	0.0427514	-0.0143564	-0.0932685	0.022206	0.012836	-0.00392688	-0.00548831	-0.048811	-0.0361531	0.00277383	-0.0467419	-0.0225629	0.0342952	-0.0539894	-0.0193156	0.0230166	0.000503714	0.00782716	-0.0339759	-0.0527124	0.0549246	-0.127877	-0.0166029	0.109046	0.042957	-0.0726894	-0.0602352	0.00195976	-0.130863	-0.00515967	0.0286017	0.00251882	0.035446	0.0730604	-0.01599	0.0289819	0.0385295	0.0960575	-0.0649379	-0.0269967	0.119358	-0.0690818	-0.0611785	-0.00602318	0.0687787	-0.052216	0.0983066	-0.0772617
8000000.0001	0.0155744	-0.0474205	0.0493979	0.0220067	-0.015714	-0.00224473	0.0373724	0.0202041	-0.0226602	0.0794271	-0.0298787	0.0240583	-0.0409957	-0.0377347	0.0714418	-0.0174453	0.0943193	0.0448701	-0.0180209	0.0998487	0.0824889	0.0369864	0.0440973	-0.0961705	0.0243309	-0.0572025	0.000382874	0.0399278	0.115253	0.0441025	-0.0400281	0.0642425	-0.0149253	0.108557	-0.0329337	-0.0207733	-0.0248611	-0.0668637	-0.0552647	0.0775668	0.0606036	-0.041964	-0.0730986	-0.0692214	-0.0441606	-0.0441043	0.0264119	-0.102753	-0.0852321	-0.0242797	0.0656978	0.0706071	0.0177478	0.0582657	-0.00676005	-0.0976551	-0.0158491	0.0701664	-0.140858	-0.00915352	-0.0241586	0.0133454	0.0741161	0.00438025	0.0259935	-0.00719339	-0.0585303	0.0401337	0.0177977	-0.138844	0.0635306	0.0539029	-0.0621093	-0.0196873	0.0348987	-0.0202069	-0.022556	0.0263186	-0.0351329	-0.023936	-0.00937718	-0.0629902	-0.0992596	-0.0223384	-0.0951883	-0.0551016	0.0582429	-0.0438461	0.0472045	0.0149828	-0.0177029	0.0137043	-0.0158302	-0.00516006	-0.0150859	0.00647709	0.171042	-0.0526202	-0.0282904	-0.0193166
8000000.0001	0.0261124	-0.0910812	0.000924714	0.00820877	0.0311082	0.0769008	-0.0349985	-0.00222241	0.0867514	0.0390828	0.0754132	-0.0326122	-0.0166541	-0.0546091	-0.0167775	0.141804	0.0336152	-0.0165845	0.0401216	-0.0546617	-0.019806	0.0729663	-0.0270754	-0.0352669	-0.0346535	0.050169	-0.0206822	-0.00413579	-0.0617662	-0.026454	-0.0947114	-0.0160054	0.057082	0.0615777	-0.0270124	-0.0755038	-0.0497297	0.0780265	0.0241583	-0.0853751	0.0161329	0.0877961	0.000320501	0.0617288	0.00870275	0.0746891	-0.0958893	-0.0680198	-0.0337453	0.012971	0.0599513	0.0528021	-0.101216	-0.0535906	-0.0144387	-0.0126453	-0.0729497	0.115095	-0.0433606	-0.0516418	-0.0234245	0.0269543	0.120539	-0.049423	0.0811179	0.0968059	0.0223451	-0.00106534	-0.0910656	-0.0671585	-0.0436257	-0.0235781	-0.00169007	-0.0371212	-0.0261359	-0.0804702	0.0332994	0.0940567	-0.00238167	0.0221016	-0.00996879	-0.0667681	-0.0835635	-0.0535345	-0.156474	0.01682	0.083256	-0.00678124	0.0117515	0.0589269	-0.00658096	0.00171597	-0.00625062	0.0527943	0.022636	0.137807	-0.0584655	0.00499509	-0.0337809	-0.0141763
8000000.0001	-0.0794936	0.0671767	-0.0401206	0.0463413	0.0638899	-0.0410439	-0.0198356	-0.0789505	-0.0444883	-0.145237	0.0870883	-0.0462043	0.00601833	-0.0192597	0.0164856	0.127984	0.0472427	-0.0505715	-0.0445268	-0.182105	-0.0174787	-0.00717354	0.0065342	-0.00744444	-0.00331256	-0.0445846	-0.00604262	0.0362114	-0.0487319	0.0131971	-0.027663	-0.0141243	-0.00933654	-0.054027	-0.0433649	-0.044099	-0.061711	-0.0276944	0.0996883	0.0163839	0.0347865	-0.0604485	0.064624	0.0441989	-0.0494573	-0.0560583	0.00820452	-0.0863511	0.017715	-0.0443745	0.0129398	-0.0313155	0.02441	-0.00673585	-0.0298778	0.00785854	0.0648146	0.0150698	-0.0192115	-0.0887931	-0.0392232	-0.0450956	-0.0262393	-0.0320453	-0.0239418	0.0971008	-0.0694039	0.0132742	-0.0288561	0.0494722	-0.0520327	-0.0268921	-0.0205637	-0.0207051	0.104942	-0.066502	-0.0389275	-0.0861737	-0.0547408	0.00996415	-0.0481231	0.0385598	-0.0328271	0.122853	0.0272997	0.0871761	-0.0729198	0.016799	0.0894773	0.0970472	0.00506193	0.0648751	0.010561	0.0042643	-0.11261	0.0709602	-0.0213365	-0.0217267	-0.0725102	0.0276521
8000000.0001	0.0501522	0.00219282	-0.0663348	0.0192361	0.0378598	0.068117	-0.11496	0.0790318	0.104839	0.035743	-0.0987992	0.00254736	-0.00736827	0.0834231	-0.0729469	0.0374874	0.0652777	-0.0635905	-0.0464099	-0.0217607	0.109996	-0.0368541	0.0497197	0.00979267	0.0568243	-0.0540266	-0.0385124	0.0459491	-0.0685498	-0.0129789	-0.0114147	-0.0785062	0.0889566	0.0185755	0.00997224	0.017751	0.00738667	0.0381099	-0.0759444	0.0145506	0.0647187	-0.0290822	0.0182885	0.121559	-0.00155411	-0.0581047	-0.019406	0.0547196	0.0661856	-0.0419323	0.0455652	0.104661	0.0654155	0.0741235	-0.00385631	0.041369	0.0553432	0.0884805	0.125836	-0.0161109	-0.04256	-0.0998002	0.0380594	-0.0302739	0.0547964	-0.112441	-0.0272827	0.00839272	-0.0284266	-0.0969479	0.0565867	0.0591831	-0.0887384	0.0317607	-0.123397	0.0144166	-0.00499345	-0.0633764	0.077938	-0.00878474	0.0478228	-0.0762168	-0.0679787	-0.0537264	-0.0563735	-0.0829521	-0.0564998	-0.0547888	0.0535352	0.000942604	0.0264545	-0.0757567	-0.00401707	0.147181	0.0112474	0.0282451	0.0277944	-0.0720611	0.0689972	0.047944
8000000.0001	-0.0958945	0.0463702	-0.00137734	0.0347467	0.0382715	-0.099516	0.0854419	-0.0755327	0.0451685	-0.0623247	-0.100452	0.0174625	0.00774904	-0.00829283	0.0052711	-0.128079	-0.110582	0.0661211	-0.0344851	-0.0267736	-0.0754834	0.0214457	-0.0201036	0.0407781	-0.0198082	-0.0341525	0.0270506	-0.00909425	0.0747826	-0.00317488	-0.0278551	0.0326873	0.00307845	0.0805049	0.04383	0.0678622	-0.0538697	-0.0646181	0.0487933	-0.0041925	-0.0225582	0.103515	-0.0373445	0.0134851	-0.00313012	0.0711938	-0.00429201	0.105246	0.10487	-0.0013397	-0.0810078	-0.00883692	-0.0716443	-0.0765197	0.115308	-0.014738	-0.0241329	0.00243946	-0.027632	-0.00352312	-0.0846067	-0.0246333	0.0393698	0.0877347	0.0605416	0.0623326	0.0159519	-0.0705904	-0.0470297	0.050569	0.0519885	0.0169527	-0.00761899	0.04408	-0.0557155	-0.0371	-0.0054922	0.0191574	0.126562	-0.0375682	-0.00657423	0.0123006	0.0527888	-0.0123821	0.00588995	-0.0909846	-0.0998734	0.0801428	-0.036663	-0.111497	0.0127257	-0.0534551	0.0302628	-0.0230789	0.0313651	0.0286317	0.0287743	-0.0486199	-0.0835692	0.0322281
8000000.0001	-0.00236123	0.0472751	0.0200141	-0.0603691	0.176991	-0.0531472	-0.035748	-0.0103287	-0.0472441	-0.124898	0.0482342	0.0198141	0.00728029	0.0160115	-0.0344466	0.0571825	-0.0863849	-0.0170064	-0.0494744	-0.00364799	-0.0335584	0.0131609	0.0189398	-0.100609	-0.0405087	-0.019285	0.0756821	-0.0320727	-0.0261465	-0.0101147	-0.00219204	-0.0328809	-0.08759	0.00107359	0.00589096	0.0502121	0.0333846	0.0598823	-0.0199747	0.0185055	0.039839	0.0420798	0.021335	0.07442	-0.0331214	0.000542917	0.0442042	0.0296929	-0.0473096	0.113158	-0.00855086	0.0280477	-0.0138593	-0.01516	0.0832378	-0.018271	0.0136683	-0.0300515	0.064461	-0.0661311	0.00310972	-0.0994788	-0.0673202	0.0105281	-0.00742391	-0.0476064	-0.0508977	-0.039487	-0.0922634	-0.0255175	-0.01893	0.0325949	0.00935866	-0.0263862	-0.0572591	-0.0257116	-0.00254432	0.0438917	0.0655025	0.0154994	-0.0776932	-0.0680503	-0.050692	0.0140982	-0.0122709	0.03703	0.00870843	-0.0221554	-0.0167948	0.0193944	0.0285774	-0.112599	-0.0398091	-0.0542452	-0.00724079	-0.0899267	0.0385615	0.0543513	-0.0615555	-0.139034
8000000.0001	-0.00753896	-0.0675933	-0.00136073	0.0510131	-0.036852	-0.00220373	-0.0876786	-0.0491113	0.0352796	-0.0232681	-0.0507035	-0.0283081	0.0342879	0.0420955	-0.00771486	-0.0695614	0.000439934	-0.051481	0.0492455	-0.0123641	-0.0567693	0.0509339	-0.0706988	0.0137344	0.0961721	0.0243524	-0.0300555	0.0159489	-0.0553046	-0.0297491	0.0227303	-0.0322445	-0.04044	-0.0100315	-0.0387903	0.142665	-0.0598937	0.0740953	0.0137264	-0.0843702	-0.028069	0.05647	-0.0708346	0.0542294	0.0706417	-0.0317581	-0.0712265	0.0238866	-0.0232214	-0.0211871	-0.0266031	-0.0450377	-0.043738	-0.0717497	0.0931385	-0.0199353	0.0957523	-0.0782419	-0.0809719	-0.0167935	0.0143286	0.048675	-0.0108575	0.0501806	0.0871998	0.0585019	-0.0651912	0.0800945	-0.00349492	0.0736041	-0.00868713	-0.0455434	0.000715661	-0.0225312	0.0326828	0.0857297	-0.0102877	-0.123155	0.046977	0.0715553	-0.0253593	0.01807	0.0787586	0.0030662	0.0327765	-0.0304927	0.0528827	0.0508085	0.0333691	0.0424397	0.0608649	0.084262	0.00397152	-0.037024	0.0169834	0.0118641	0.0289983	0.0418716	-0.0163691	-0.0419638
8000000.0001	0.0635152	0.0566826	-0.0163666	0.0910153	-0.0263109	-0.000292079	-0.052199	-0.00872435	-0.0217692	-0.0227358	-0.040357	-0.109643	0.00748686	0.0808966	0.0267274	0.109852	-0.0155948	0.000475888	-0.0796141	0.0972599	0.00381531	0.00279936	0.0148964	-0.00121339	-0.0833176	0.0198535	-0.0224454	-0.070901	0.125114	0.189953	-0.0278726	-0.0392062	-0.0324558	0.08034	-0.0957037	0.0181206	0.0910087	0.00198153	0.0408418	-0.0192163	-0.0429708	0.0773455	0.0311696	0.0334163	0.0938752	-0.0660741	-0.0743953	0.0131047	-0.0152734	-0.0297239	0.0539653	-0.028842	-0.0546934	0.0181602	0.0360831	0.0248926	-0.107745	0.0299373	0.0208822	-0.0838593	0.135124	-0.117362	-0.0966911	-0.0163191	-0.0476347	-0.000601015	0.0108701	-0.00543553	0.0216307	0.0440681	0.0280102	0.038221	0.0360297	0.0515839	0.00632014	-0.0705747	0.00183229	-0.0415949	0.00792108	0.0226773	0.0532942	-0.0445175	0.0720729	0.0115573	-0.0163513	0.0587524	-0.0139488	0.102884	-0.0168015	0.0186507	0.0659945	-0.0401795	0.0127446	0.0134372	-0.0379919	-0.00148792	-0.0337792	-0.045357	-0.0451925	-0.0918364
8000000.0001	-0.0912488	0.0314761	-0.103925	-0.0878915	0.0324342	0.0856631	-0.0946603	0.0521924	0.0116874	-0.0283715	0.0184439	-0.0232174	-0.0610932	0.0212551	0.130295	0.0331382	-0.102667	-0.00628744	-0.0155162	0.052286	-0.00829481	-0.0204376	0.0373327	-0.0137291	0.0762955	0.0310855	0.0463809	0.0116946	0.00266633	0.0493434	0.0175766	-0.0288236	-0.0689222	0.0461215	0.110959	0.0232088	-0.019137	-0.117076	-0.0424214	0.0466337	-0.00119013	-0.00410365	-0.0945329	0.00776965	0.0475103	-0.0212115	-0.00553409	-0.0323508	0.0139123	0.0377445	-0.063606	0.0788143	0.0928235	0.0126196	-0.0423762	0.00939381	-0.0288982	-0.0175166	0.0466638	-0.0441175	-0.0235306	-0.0612377	-0.12224	-0.0326799	0.0181731	0.0351023	0.0260011	-0.0185241	-0.00872407	-0.0728814	0.0206217	-0.0879167	0.0148701	0.0569547	0.00615523	0.0148283	0.023923	-0.0353669	0.0887355	-0.0715817	-0.117224	0.00824463	0.0141976	0.0566799	-0.09325	-0.0311563	0.0121331	0.0595645	-0.0352563	-0.0239351	-0.070816	0.0664218	0.0964079	-0.0277733	-0.0671799	-0.0633499	-0.0494865	0.00483859	0.0285958	-0.0381496
8000000.0001	0.118627	-0.0918144	0.00251122	-0.0448649	-0.052286	-0.02491	-0.0466698	0.0197385	-0.139713	0.0382877	-0.116955	-0.0152968	-0.0866936	0.0210939	-0.0236848	0.0375458	0.0709437	0.0607017	0.00929739	0.00654647	-0.0302292	-0.0247618	0.00731003	-0.030497	-0.0227604	-0.0319816	-0.0318168	0.0457351	0.0354036	0.0117017	-0.0288342	0.0439591	-0.0565933	0.0924775	-0.0541217	-0.0775116	-0.0235464	0.0758821	-0.0492406	-0.078024	0.0654227	-0.0167074	0.0327468	0.116994	-0.0254887	-0.0135152	-0.0373351	-0.136765	-1.43564e-05	-0.00483775	0.0259305	0.00846836	-0.0615127	-0.000778689	0.0155124	-0.0162556	0.0438498	-0.00527791	0.0133383	0.00215975	0.0932625	-0.0525632	0.0429151	0.00882455	0.0849274	0.0171038	0.0934752	0.0187342	-0.063299	-0.0877477	-0.084855	-0.0381191	-0.105786	0.00116555	-0.0602558	0.0137652	0.0449713	0.00197676	-0.03758	-0.0608037	-0.0162428	0.09766	-0.0160382	0.0511705	-0.0905933	-0.0488195	-0.0997079	0.0266974	0.0755383	-0.0447743	-0.0801221	-0.0713838	0.0824758	-0.0129074	-0.0591279	0.0184099	-0.00453362	-0.0482034	-0.0398712	0.160098
8000000.0001	0.0167495	0.0129674	-0.0717474	-0.0442019	0.0322183	0.0515008	-0.0243763	-0.00644557	-0.0846131	-0.0384541	-0.0194642	-0.0206487	-0.0338716	-0.0237364	0.0656478	-0.0163019	0.00542051	-0.0456206	-0.00520869	-0.0106512	0.0144604	-0.0123173	-0.031653	-0.00703359	-0.0309588	-0.0744049	-0.0830878	-0.018879	-0.0817439	-0.0572569	-0.0713659	-0.0127139	0.0662994	-0.0555942	0.00520059	-0.00226638	-0.143918	-0.0138521	-0.00250399	0.0726018	-0.0672377	-0.105153	0.0799188	0.0362314	0.125476	-0.0985253	0.0180331	0.0287194	-0.0237872	0.0132194	0.00191038	-0.0501781	0.102106	-0.0614334	0.0235032	-0.0173886	0.00736528	-0.00279105	-0.0153902	0.0365026	-0.0715615	0.0211953	-0.0642105	0.0149676	0.0271551	-0.0382878	-0.0452392	0.0908765	-0.045708	0.0921844	-0.0571023	-0.0353976	0.0152865	-0.0611748	-0.0607367	0.040995	-0.00166408	-0.0654669	-0.0761872	-0.085947	-0.0450176	-0.0100971	-0.0321327	-0.0468004	0.0168711	0.0453309	0.119799	0.0383208	0.0393508	-0.0178077	-0.103023	0.0189202	0.00460081	-0.0179334	-0.0479702	-0.00404656	0.0245861	-0.0179367	-0.0536699	0.0648842
8000000.0001	0.110351	-0.0248945	0.0630621	-0.00242245	-0.0308543	0.0459474	0.0536641	-0.0965971	0.0199108	-0.0623067	-0.0535913	0.0776579	-0.00519172	0.0466145	0.0594668	0.120004	-0.0165756	-0.0287489	0.022331	-0.0317537	-0.0819666	0.0289683	0.0160987	-0.0104845	0.0384688	-0.0327301	0.0155018	0.0690727	-0.0527856	0.073764	0.0735161	0.0175562	-0.0577161	-0.0185327	-0.0345286	0.0486323	0.0374127	0.040768	-0.0538482	0.033644	-0.0449967	-0.0513033	-0.0235281	0.197252	-0.0674821	0.124596	0.0171062	-0.0680491	-0.0964831	0.013364	-0.0860512	0.0760341	0.048031	0.0153657	-0.0415106	0.00751145	-0.0353657	0.122827	0.120811	-0.030002	-0.026826	-0.0995265	-0.0434685	-0.0179398	0.00921563	-0.0918851	0.0241495	-0.068409	0.00798529	0.0473237	-0.0246124	-0.0861037	0.0131711	0.0197373	0.0362794	0.0204982	-0.0418694	0.0224355	0.0293696	0.0222622	0.0927451	-0.0188258	0.0540628	-0.026798	-0.0450351	-0.0300621	0.076038	-0.0709803	0.110844	0.0485354	-0.0244238	0.02862	0.0977089	0.0617693	-0.0522977	0.0120544	-0.102478	0.0455258	-0.01068	0.0189182
8000000.0001	-0.0338611	-0.0761877	0.118849	-0.0457348	0.0019638	0.0474615	0.0866815	0.0346733	0.00725714	0.0029377	-0.0243652	0.125447	-0.0143007	0.0064782	0.0233697	-0.00276142	0.0127029	0.0168242	0.0157587	-0.000578773	0.067889	0.0540435	0.0243831	-0.0293772	-0.0233984	0.10999	0.116143	-0.0340157	0.0956604	-0.0112412	0.00518112	0.0883921	-0.0228374	-0.0866465	-0.027997	-0.0343045	-0.0351454	0.0255891	-0.00228734	-0.0160883	0.0483582	0.135437	-0.0521675	0.0135741	-0.0112871	-0.0111087	-0.0613473	-0.0269562	-0.0869506	0.0949448	-0.0257833	-0.0841831	0.0198489	-0.0464488	0.0323521	0.0979837	-0.0762341	0.0243887	-0.0202037	-0.0264475	-0.0270939	0.0267356	-0.0284043	-0.0582733	0.0422973	-0.00630062	0.0468616	-0.0223317	0.0412009	0.0594076	0.0656698	-0.0429563	-0.0116274	0.0564726	-0.0227579	-0.0533681	-0.061756	-0.00206054	0.12949	-0.0825937	0.053763	0.0302285	0.00970568	-0.0272882	-0.00105673	-0.025508	0.014558	0.0504806	-0.0143985	-0.0758966	-0.148135	0.0112029	-0.0341868	0.0291153	-0.0215743	0.00512923	-0.0916418	0.0357889	-0.0230482	-0.0676065
8000000.0001	-0.0259737	0.00131705	-0.0135087	-0.00769983	0.0124822	0.0144657	0.0429837	-0.0599455	0.00553846	-0.0839688	0.0504807	-0.0281787	0.0141206	0.130924	-0.0227887	-0.0217049	0.0475424	0.0318774	0.0205082	0.0772754	-0.0665352	-0.0397263	-0.068968	0.0164438	0.0248246	0.00211166	-0.0699956	0.0517753	-0.0980267	-0.0120095	0.0334657	-0.0115631	-0.0124971	-0.00549377	-0.0845322	0.0244239	0.0694026	-0.0129841	0.0472818	0.0225452	0.0733559	-0.0292922	-0.0161411	0.0377965	-0.0876816	-0.0226178	-0.0651792	-0.09029	-0.0172899	-0.12891	0.0969932	0.0456441	-0.0156196	0.0404232	-0.00908153	-0.0590016	-0.0200705	-0.00700377	0.0325636	-0.0224046	-0.0738288	0.122342	0.0492139	0.0215127	-0.0193484	0.0941583	0.00580792	-0.0776479	0.0158594	0.073498	0.0158301	0.0193154	-0.113981	0.0826599	-0.0129037	0.0930992	0.0261633	0.0189009	-0.0849078	-0.0136001	0.066024	0.0385765	0.0738865	0.0954289	-0.0419974	0.145326	0.0247147	0.0613879	-0.0577366	0.0462064	-0.0241375	0.00199629	0.0242191	0.0847013	0.0635433	-0.0029957	-0.0480973	-0.0599515	0.152069	0.00982392
8000000.0001	0.101212	-0.0269096	-0.100372	-0.0809007	-0.0189829	0.0540382	-0.0369627	0.0533454	0.0693102	-0.0573667	-0.0371291	-0.023075	-0.0220871	-0.0199023	0.121472	0.00796589	-0.0778968	-0.000776551	-0.00191746	-0.0360488	0.0507033	0.0749633	0.0108574	0.00391891	0.00769654	-0.0273963	-0.0623416	-0.0103476	0.0608799	-0.0438053	-0.0412233	-0.0212831	0.0845514	0.073395	-0.00873863	0.0194879	0.116497	-0.0846733	0.0214515	-0.043385	0.0526589	0.0441915	0.0341069	-0.0112998	0.0109816	0.0475475	-0.0125506	0.0223971	-0.0302941	-0.0736889	-0.0228118	0.0249107	0.0600923	-0.0556923	-0.128906	0.0343286	0.0481534	0.0159873	-0.00646642	-0.0646447	0.0462778	-0.0606054	-0.0149034	0.0650148	0.00116703	-0.0707537	0.0477296	-0.0413363	0.0719568	0.0305796	-0.000820367	0.00458247	0.00182762	-0.00769235	0.030159	0.056709	0.0311995	0.0334051	-0.0606657	0.0145832	0.0180072	0.0705451	-0.0596723	-0.0788087	0.01603	0.0693913	0.00181891	0.052292	0.00703087	-0.0403899	-0.0730088	-0.0381692	0.0710294	0.108139	-0.00415601	0.0104891	-0.00769299	-0.0764567	-0.025681	0.0622863
8000000.0001	0.0273346	-0.0627459	0.0046602	-0.0225928	0.0134745	0.0423979	-0.0381694	0.00313205	-0.0696115	-0.0357084	-0.0516443	-0.165257	0.057064	0.0127572	-0.0620079	0.0560766	0.0238888	-0.0930822	-0.182071	-0.0761057	-0.0377273	-0.0699557	-0.0222037	-0.0254297	0.0299539	-0.0812854	-0.0447603	0.0934776	0.0333715	0.0497758	-0.0687664	0.0469188	0.0282135	-0.0213234	-0.0395619	-0.00886253	-0.02609	-0.0616326	-0.0280023	-0.0438306	0.00189009	0.0664136	-0.0700664	-0.101301	-0.0303174	0.00828997	-0.013099	0.0433845	-0.0618327	0.0932126	-0.0585302	-0.0263384	-0.0185784	0.0687991	0.0346957	-0.0415589	-0.0079551	0.0548396	-0.00544066	-0.00750348	0.123883	-0.0636055	-0.0932741	-0.0369691	0.0155802	-0.0148156	-0.00518539	-0.0351779	0.0400554	0.0080303	0.124118	-0.0755119	0.0548028	0.041575	-0.0302097	-0.0232597	0.0645621	-0.0510321	-0.0600701	0.0161172	-0.0260891	0.0157744	-0.00418843	0.0544659	-0.000770598	-0.05841	0.0851298	0.0162415	0.121818	-0.126437	0.0786629	-0.0354529	-0.0835434	0.0459633	-0.056517	0.00203886	-0.0845167	-0.0793865	-0.085253	0.103003
8000000.0001	0.067811	0.0219033	0.0565592	0.00663407	-0.00718949	-0.0649951	-0.0111702	-0.0498178	0.0572394	0.0658216	0.0107116	0.0722887	0.0609686	0.026645	-0.0341356	-0.00727883	-0.0999188	0.00413994	-0.0454317	-0.0693523	-0.0597771	-0.10152	-0.000164269	-0.0502297	-0.0438538	-0.0403397	-0.0191239	-0.0108013	-0.0177108	-0.0391492	-0.0400833	0.0569501	0.100739	0.0239129	0.000140808	-0.0291753	0.0158555	0.028851	0.00258453	0.076251	0.0361729	0.080332	-0.0672856	-0.0179745	0.0606351	0.0931717	-0.109776	0.0923242	-0.0533184	-0.00216438	-0.104401	0.0304026	-0.0210018	-0.115867	0.138085	-0.0255461	0.0787453	0.0314868	0.0268224	-0.00300962	0.0215189	-0.0327698	0.0621179	0.151605	0.0548351	0.0249028	-0.0526886	-0.0942137	0.0462143	0.00380295	-0.000491998	0.0752325	-0.0195815	-0.0275605	0.0326575	0.0414616	-0.0311389	-0.0646743	-0.0459914	0.035663	0.0747562	-0.000387908	-0.031475	0.0711027	-0.0562801	-0.00121525	-0.0218319	-0.0595167	-0.0464786	0.0561548	-0.0431224	0.0713208	-0.0631171	-0.0276686	0.0281515	0.0992077	-0.0289953	0.00117111	0.115806	-0.050167
8000000.0001	-0.086757	-0.0779179	0.053527	0.0233142	0.0819223	0.0336901	-0.117165	-0.00420787	0.108741	0.044682	-0.0508486	-0.0391866	-0.103729	-0.00704865	0.0136913	-0.0483978	0.0343361	0.0140783	0.12849	-0.029522	-0.00178047	0.0198748	0.0720916	0.0360453	0.0407918	-0.0381531	0.0141574	0.0976303	-0.0585258	0.0270121	-0.0186086	-0.0140701	-0.0686576	0.0903248	-0.0456322	0.052984	-0.113989	0.079178	0.0238844	0.0250422	0.0764572	-0.12592	0.0106473	-0.00402087	-0.030691	-0.0609909	-0.00197068	0.0441839	0.0429318	0.0895696	-0.0353702	0.0671343	-0.0709853	0.026652	-0.0731223	-0.0132985	-0.0190191	0.0426512	-0.0455734	0.0787126	-0.059096	0.0171851	0.0610774	0.095113	-0.0761392	-0.0460048	-0.0211559	0.145828	-0.0206411	-0.182121	0.000922058	0.0342878	0.0242476	0.0449637	0.0474848	0.0478472	-0.0364286	0.00448611	0.054928	0.0334986	-0.00677519	-0.00410833	-0.0217945	0.0167396	-0.0940291	-0.0266537	0.035388	-0.088395	0.0373725	-0.00657518	0.155959	-0.0684473	-0.0564424	0.0335467	0.0100367	-0.0537406	-0.00732693	-0.0426817	-0.014027	-0.0623659
8000000.0001	0.15043	0.0676673	-0.0534293	-0.0110579	-0.0375832	-0.00209097	-0.0620399	-0.0112929	-0.0314325	0.0632286	-0.0219266	-0.065231	0.102923	-0.0500563	-0.0477144	0.033874	-0.00582048	0.0135098	0.00980415	-0.0139386	0.0389324	0.15228	-0.0304326	-0.0118915	-0.0850808	-0.141189	-0.0795345	0.0938177	0.022567	0.046569	-0.00430527	-0.00264328	0.0521078	-0.0127687	-0.120841	0.0223561	0.0212398	0.00781301	0.0455056	0.106399	0.0151617	0.0446892	-0.0596969	-0.0148816	0.0493857	0.0669716	0.0413455	0.0258477	0.00025588	-0.0144754	-0.0473936	-0.0867734	0.0549771	0.0873163	-0.028502	0.00908975	-0.0781037	0.121438	0.100514	0.0568675	0.0242168	-0.104866	-0.0559743	0.0168662	-0.0769394	-0.0436197	0.039574	-0.100237	0.0755429	-0.0225819	0.00502732	-0.0174964	-0.0279702	0.0071005	0.0802345	-0.0272993	0.0452115	-0.0386101	-0.0471675	-0.0075506	0.0955443	-0.0300914	0.0742013	-0.000464674	-0.0558935	-0.00789383	-0.0948061	-0.0248893	0.0172541	0.0315345	0.0502236	-0.0785162	0.0125343	-0.0435857	-0.0476915	0.0269403	-0.0246829	-0.0315616	-0.0764727	-0.0217804
8000000.0001	-0.0162681	0.0249056	-0.101199	0.129991	-0.0595092	0.00827824	0.0216072	0.165278	-0.0486689	0.0769855	-0.0286315	0.0549347	-0.018396	-0.0940748	-0.0216849	-0.0630348	-0.033222	-0.027777	-0.0411326	0.0314271	-0.0220724	0.00654121	-0.0734654	-0.0637918	-0.0103143	0.0204596	0.00228796	-0.060717	-0.0466517	0.0151934	0.0322902	0.0159292	-0.00702461	0.0447681	0.048598	0.0715011	-0.0286868	-0.00519753	0.00310845	0.00518931	0.0571993	-0.0168072	0.0368673	0.0452751	-0.0146334	0.0642477	0.0138084	-0.00337474	0.0279872	-0.0217289	0.0303727	-0.00792754	-0.00768183	-0.0277385	0.0156608	-0.0528796	0.0446379	-0.0328911	0.0535394	0.0125727	-0.0698892	0.0721351	0.0157953	-0.0361655	0.0981085	0.0223962	-0.00531271	-0.0246156	-0.0109219	-0.0852681	-0.000656407	-0.119287	-0.0546069	0.00738144	-0.052932	-0.0917091	-0.031932	-0.0169131	0.0531955	-0.0224431	-0.0123813	0.00762024	0.0666504	-0.0212617	0.0138843	0.0218988	-0.0377939	0.00995975	0.0583943	0.0283053	0.119988	-0.0198617	-0.0570424	-0.0945417	-0.0459419	-0.00775753	0.0430081	0.0487575	0.0288412	-0.118562
8000000.0001	0.0515831	-0.0257576	-0.00103714	-0.0348804	-0.0695994	0.0627948	-0.0361742	0.00289462	-0.0600036	-0.0243686	0.0378446	0.146579	-0.034486	0.0863177	-0.0187444	0.0637834	-0.0265861	-0.0934441	-0.0447722	-0.0502718	-0.0213429	0.00347585	-0.104786	0.0530645	-0.107793	-0.0692815	-0.0570134	0.180441	-0.00396179	-0.0198452	-0.0934362	0.0296557	0.0488311	0.0641871	0.0409764	0.0361245	-0.0531432	-0.00932542	0.0796156	0.125228	-0.0612713	0.0451005	0.0337042	0.0338069	0.100953	0.0472056	-0.0249204	0.033264	0.0158833	-0.052367	0.0494532	0.0350301	0.0135227	0.056495	0.061918	-0.0617649	0.0762341	-0.00342103	0.0100817	-0.0165399	0.0577414	0.0250728	0.0503115	0.0155159	-0.0535125	-0.016944	0.0413162	-0.0350139	-0.0742317	0.0408386	-0.0194464	0.0432813	0.044031	-0.0270442	0.0707395	-0.0051114	-0.0551708	-0.0332431	-0.0432028	-0.0960732	0.0213323	0.0118595	0.0873585	-0.0156736	0.0232919	-0.0238526	-0.0224715	0.01523	-0.00571842	-0.0300714	0.03697	-0.0537855	-0.0119957	-0.0152732	0.0394069	0.0446674	-0.0797848	-0.0597348	0.00968612	-0.0889519
8000000.0001	-0.0454443	0.0660971	0.00450638	-0.0767338	0.0104112	0.0394224	0.0653014	-0.0991928	-0.0241032	0.064205	0.0699704	-0.0656312	-0.00487412	-0.0908642	-0.0243994	-0.0987737	-0.032621	-0.115	-0.0314187	-0.0383728	0.0589621	-0.0436338	-0.00170965	-0.0281128	-0.0790356	-0.0757315	-0.0206153	-0.135437	-0.0631941	-0.0265936	0.0591436	-0.0253937	-0.0369897	0.0606335	0.0199131	0.00477005	0.023198	0.0282638	-0.0235658	-0.0320237	0.0818108	0.0891405	0.0665452	0.0057276	-0.0284525	0.0196776	0.0442485	0.0276411	-0.0225963	0.0151102	-0.000697645	-0.0200874	0.00958278	0.0268212	0.0137746	0.0931489	-0.0511656	-0.0934351	-0.0616509	0.101751	-0.0321608	-0.0802227	0.0191896	-0.117267	0.032963	-0.0307509	-0.127852	-0.0342173	0.00798359	-0.0416851	0.0477116	0.0109939	-0.140854	-0.143206	-0.0610544	-0.0354911	-0.0466271	0.0471702	0.0650864	-0.0621424	-0.0941342	-0.105827	-0.0136412	-0.0281266	0.0377095	-0.0161805	0.00400256	-0.0741865	0.0447753	0.0809114	-0.00283535	-0.0866228	0.050879	-0.00563963	-0.0482346	0.00349859	-0.007609	0.0201661	-0.0852918	-0.0408424
8000000.0001	-0.0419056	-0.0323661	0.0153262	0.0175259	-0.047179	0.0183824	0.0687632	-0.0387479	-0.040172	0.0123852	-0.0331089	-0.139017	0.0148671	0.0806673	0.0397312	-0.0529453	0.0490043	0.0480903	-0.00386603	-0.108614	-0.0181446	-0.0963827	0.0370485	-0.0156858	-0.107137	0.0171926	0.0456902	0.00575631	-0.0108865	0.00759339	0.00137898	-0.0768624	-0.0137044	0.0327152	0.0975787	-0.0100953	0.00616744	-0.0204609	-0.00354351	0.110035	-0.0107135	-0.0623902	-0.0637047	0.052813	-0.022579	0.0553293	0.0519979	0.0142373	-0.0524479	0.031441	0.112881	-0.0254414	-0.0124112	-0.0280717	0.00179947	-0.0301598	-0.00614328	-0.00162958	0.029664	0.0286958	-0.0592626	0.0967213	0.067369	-0.0307385	0.0628314	-0.0274301	0.0193692	-0.0919758	-0.0991699	-0.00932639	-0.0435094	0.136374	-0.0139248	0.0999549	0.0710701	-0.0162058	0.017436	-0.0438847	0.0153257	0.083315	-0.0732702	0.0172977	0.0204516	-0.0630519	-0.0668571	0.0117627	-0.0355298	-0.0752677	-0.13458	0.00481381	-0.0290797	0.00165673	-0.0869108	-0.0496946	-0.0522798	-0.0350659	0.0653149	0.006309	-0.0516582	-0.0706868
8000000.0001	0.0800924	-0.00182127	0.059037	0.0184746	-0.0707585	0.0604756	0.0352985	0.0683302	0.0493656	0.0589331	-0.103772	0.0366489	-0.0032703	0.000488289	-0.0757796	0.0392257	0.0886456	-0.0262169	0.0322099	-0.0430078	0.085569	-0.00783746	-0.00161945	-0.0122786	-0.0539032	-0.0280879	0.0129994	-0.0252329	0.064947	0.00202093	-0.00299365	0.0321761	-0.0535745	-0.0560107	0.0695286	0.0500089	-0.0717841	-0.0201752	-0.0153346	-0.0665101	-0.0315202	-0.106942	-0.0315883	-0.0037615	0.0378486	-0.0725863	0.0242942	0.103783	-0.00340276	-0.00132849	0.0193563	0.0168414	0.0981935	-0.0132123	0.0505452	0.023027	-0.0443643	0.00460418	0.0628565	0.138336	0.015321	-0.0255559	0.0359872	-0.129766	-0.0348625	0.0863576	-0.0297795	-0.147757	0.0222912	-0.0702255	0.041059	-0.0326446	-0.0735387	-0.006546	-0.00288256	0.00163933	-0.0183054	0.0548657	-0.162039	-0.0861428	-0.0450136	0.00157128	0.00658533	-0.0359684	0.0391756	-0.013295	0.0459229	0.113785	-0.0262286	-0.0914235	0.00900088	-0.0882734	-0.0733698	-0.00625136	0.10567	0.0409658	0.0536932	0.0263113	0.0413745	-0.0393734
8000000.0001	-0.0329191	0.124747	-0.0286394	0.0240274	0.0191713	-0.0533613	0.0774115	0.0954884	0.0153859	0.00268888	0.090844	-0.0228031	0.0312525	-0.0591824	-0.0234244	-0.0627806	0.0526896	-0.0160414	-0.00877018	0.0334528	-0.0617527	0.0257376	-0.0749214	-0.00514529	-0.0171305	-0.026148	0.0488366	-0.00398261	-0.0344524	-0.0540256	0.0170917	0.012674	0.0283204	-0.00520992	-0.0378387	-0.0193254	-0.0224826	0.0387417	-0.0302002	0.0170341	-0.0879904	-0.0714888	0.0369034	-0.0412013	-0.00778987	0.0811362	-0.0484802	-0.0832894	-0.0102806	0.0859747	0.0801478	0.0669561	-0.117597	0.135136	-0.0800421	-0.0182765	0.0137362	-0.0573821	0.00413065	-0.092342	0.080391	0.00210411	-0.0399573	-0.0649611	-0.0523861	-0.082561	-0.0356472	0.00162682	-0.123819	0.0851605	-0.04763	0.118918	-0.0656447	0.0107681	0.0219568	0.0501943	0.0585123	0.110799	-0.02696	0.0733505	-0.00439388	-0.081653	0.0248173	0.00780532	-0.00121082	-0.00758721	0.0470393	0.0275832	0.0213295	-0.0469892	0.0421362	0.0266753	-0.0215433	-0.00443784	-0.0398426	0.0392728	0.0399893	0.00128651	-0.0789285	-0.0282422
8000000.0001	-0.0202252	0.0026684	0.0972518	-0.0142583	0.015368	0.00781374	-0.0484798	-0.00890914	0.0450236	-0.128508	0.12632	-0.00105194	-0.00615364	0.0692527	0.0342887	0.0569825	-0.0508838	-0.0366273	-0.127035	-0.0505174	0.0492037	-0.099817	-0.0408921	-0.0408009	-0.0137894	0.057291	0.128816	0.0468667	-0.00397964	-0.0527605	-0.0700679	0.047479	-0.0205197	-0.0213338	-0.0180986	0.0116224	0.0294368	0.00336123	-0.102184	-0.00809796	-0.139693	-0.0191484	0.0878132	0.0269083	0.049196	0.0450688	-0.00254612	0.000411157	0.00684422	0.0359288	0.0133658	0.0361735	0.00431986	-0.0579323	-0.01738	0.0916415	-0.053608	-0.0331198	0.0205224	0.0886708	0.0300962	0.0938119	0.0272244	0.0128255	-0.0284562	0.058404	0.0228711	-0.0738238	-0.0248142	-0.00424118	-0.0741658	-0.0779168	0.066183	-0.0761341	0.152175	-0.114165	0.0198799	0.0420101	0.0434098	-0.0352158	-0.0139835	-0.00820971	0.0418098	-0.102989	0.0610041	-0.00560465	0.0355122	-0.0595392	0.0357546	0.0777026	-0.0915455	0.0396836	-0.013569	0.0429671	0.0712441	0.11089	0.0341185	-0.018355	0.0396523	-0.074046
8000000.0001	0.0149079	-0.0250631	-0.0473262	-0.0153887	-0.0432502	0.119224	0.189016	0.0583332	0.0435507	0.0283792	-0.0405405	-0.0476544	0.000398569	-0.0314281	-0.0808687	0.0422751	-0.0837785	-0.0354926	0.0971688	0.0142307	-0.107554	-0.0559139	-0.0614196	0.0330707	0.00934449	0.0526028	-0.0302056	-0.0585867	0.0590939	0.140371	0.0797604	0.0663213	0.0414548	0.00133733	-0.044061	0.0885675	-0.0630642	-0.0117392	0.0692011	0.0616445	-0.0436632	-0.0296976	-0.0211442	-0.0348991	-0.00238167	0.0736034	0.0163268	0.114025	0.0098465	-0.0352442	0.031868	-0.0290504	-0.0761952	-0.0365696	-0.0391634	0.010382	-0.0239251	0.0659424	-0.0224082	0.0180648	-0.0284593	-0.0174951	-0.0426303	-0.103262	-0.0149829	0.0999755	-0.0193382	-0.049542	-0.0645125	0.0296285	0.00379128	0.0598765	-0.0873888	0.00363943	-0.0802935	0.0726034	-0.0623505	-0.0776413	-0.0946859	-0.0302357	-0.055843	0.00999009	-0.00760196	0.0257936	0.0635308	-0.00598286	-0.0630956	0.0237448	-0.0125627	-0.0718555	0.0523645	0.0346699	0.060723	-0.0220843	-0.00730482	0.067825	0.0288364	0.0828797	0.0772226	-0.0654656
8000000.0001	0.0244793	-0.0154731	0.0522455	0.0252326	0.054245	0.0144387	0.0994898	-0.0325767	-0.026514	-0.0582422	0.00466195	0.0669952	-0.128943	-0.0411452	0.0837361	-0.0348052	0.0122305	0.0470829	-0.0437297	0.0378309	-0.0761496	-0.0662761	-0.0667778	-0.0932662	-0.0561694	-0.0295342	-0.0447101	0.0867089	0.0684293	0.0365214	-0.0109401	-0.013039	-0.101957	-0.0218988	0.0129369	0.0321691	-0.0102705	0.0353546	-0.118739	-0.0518403	-0.00386004	0.0339364	0.1452	0.0357047	-0.0456544	-0.0011718	0.0560211	0.099893	-0.00407352	-0.0368369	0.0429339	-0.0425497	-0.0295783	-0.0609823	-0.0490793	0.00807699	-0.0374388	-0.0352381	-0.0194223	-0.0324209	-0.0200355	-0.000759664	0.061152	-0.044094	-0.0398331	0.0271873	0.0605379	0.0160737	0.0345112	-0.13572	0.0287482	-0.0651032	-0.0537982	-0.0880546	-0.00733702	-0.0495188	-0.11212	0.0422324	-0.0411404	-0.0965757	0.0145611	-0.00198079	0.00433339	0.0250906	-0.0470856	0.0438912	0.0416803	-0.0551332	-0.142507	-0.0293424	-0.0599559	-0.0934885	-0.0430797	0.00108826	-0.0594323	0.0778154	0.0962197	-0.0169765	0.0196011	-0.0120768
8000000.0001	0.0272477	-0.0658392	-0.0398212	0.00902539	-0.032351	0.0365396	-0.00704153	-0.0599558	0.0445845	-0.0891771	-0.0601135	0.0407577	-0.00863155	0.0370223	0.0206265	0.00374243	-0.0559704	0.12963	0.0202713	-0.0736421	-0.0015649	0.0458819	-0.0066484	-0.0125477	-0.0168172	-0.0482196	0.0683964	0.0115845	-0.0828394	0.0298624	-0.00676354	0.048213	-0.0253544	0.0381159	0.0367151	2.20799e-05	-0.0611942	0.0147917	0.00950958	0.0247878	0.11709	-0.0264795	0.0435411	0.0296071	0.0963959	0.0019131	0.101231	0.0494004	-0.10361	-0.0644222	0.0120664	0.0182695	0.0931612	-0.0770471	0.080102	-0.0465516	0.00763161	-0.00304054	-0.0247775	-0.00612424	-0.0502056	-0.0011779	-0.0313747	0.0431921	-0.0564171	0.101057	0.0371412	0.0558346	0.0156147	0.0140627	-0.0326569	0.0116831	0.0659086	-0.0170573	-0.0153695	-0.033478	-0.0884094	0.0776134	-0.118538	0.142643	-0.0500849	0.0849956	-0.035179	0.0534166	0.129351	-0.0524727	-0.103593	-0.0830069	0.0190488	-0.0729947	-0.00945478	-0.0187454	-0.0566512	-0.00271957	0.0742326	0.108844	0.0377535	-0.0301522	0.0382118	0.0421086
8000000.0001	0.0436659	-0.0272363	-8.98418e-05	-0.103191	0.0194078	0.0912669	-0.0934711	0.00137112	0.0300681	-0.0481426	-0.0170487	0.0332513	-0.074361	-0.0478201	0.0364026	-0.0271247	0.00620194	0.0243809	-0.0624791	0.100333	-0.016015	-0.104668	-0.0224996	-0.0207905	-0.0375003	0.0784376	0.0567745	0.0169076	-0.0301208	0.04037	-0.0137198	-0.0166437	-0.0380395	-0.0146803	-0.00152023	0.0819632	0.0101137	-0.0617853	0.0218604	-0.0135516	0.0430352	0.0302039	0.0844206	0.00568284	-0.00412533	0.0465113	-0.0257908	-0.0533982	-0.0279448	0.0240185	-0.0185445	0.0127322	-0.0368386	-0.00218778	-0.0208992	0.0603291	0.0994946	-0.0288537	-0.0315426	0.0387962	0.028035	0.10299	-0.156332	0.0787557	-0.0401635	0.0387376	-0.0238092	-0.0105429	-0.00899089	0.0161206	-0.0096441	-0.024388	0.0595061	0.0112903	-0.0691542	0.0902348	0.040358	0.0694509	0.0291157	0.0614205	-0.0567065	-0.065325	-0.0665833	-0.104299	-0.0799577	-0.0380928	0.0119064	0.0272176	-0.00652388	0.096768	0.0854059	-0.0386132	0.0837301	0.0233312	-0.0402819	-0.0257125	0.045821	-0.0302157	-0.0890288	0.0598971
8000000.0001	0.0441897	-0.133762	0.121176	0.0331392	-0.00192998	-0.0424687	-0.0108349	-0.0877348	0.0109911	-0.0685216	-0.0222686	-0.0323006	0.0609417	0.0580414	-0.0242616	-0.0614588	-0.0281873	0.102271	-0.00352359	-0.0326708	-0.0444258	0.00730674	0.0887774	0.0138305	-0.0757966	-0.0238443	-0.0146222	-0.0519084	0.0799061	-0.0786841	-0.0667799	0.0446777	0.019386	-0.0136212	-0.03496	0.0587821	-0.0231759	-0.00694568	-0.0375859	0.0775907	0.0204884	0.0913367	-0.024796	-0.0986724	0.120004	0.0779048	-0.0639126	0.0430262	0.0593411	0.00426347	0.0369173	-0.00167507	-0.00321681	0.0316512	0.0125803	0.0731277	-0.0496747	0.0183368	0.0353033	-0.0488696	-0.039165	-0.0958876	-0.0701933	0.0660781	0.0550827	-0.0158009	0.0306765	-0.0350501	-0.0503687	-0.101671	-0.0764238	-0.0112569	0.111474	0.0409005	0.00646436	-0.0347697	0.0641238	0.0792616	0.0374848	0.0452578	0.0441141	0.0297613	-0.060186	-0.0170382	0.0683342	0.0506999	0.0887345	0.034624	0.0887256	0.0305753	-0.0274156	0.0188208	-0.0103239	0.0219503	-0.0140688	-0.00924614	-0.0440033	0.0779189	-0.113531	0.0935821
8000000.0001	0.013306	0.00377333	0.0247886	-0.00831218	-0.175872	0.0105384	-0.00841319	0.0809956	-0.104015	0.0179875	-0.00312103	-0.00436259	-0.0489013	0.0543825	0.0589016	-0.00328041	0.0324218	0.0348835	-0.0184951	0.129805	0.0148568	-0.0245265	-0.105857	0.0743184	0.103892	-0.110959	0.00646447	-0.00414677	0.0190602	-0.030051	-0.0644041	0.0625981	0.007431	-0.000329632	0.0487222	0.0779123	0.0130775	0.0608888	0.086822	0.0317587	0.0111807	-0.0641673	-0.000387042	0.0090984	0.058229	-0.0902323	0.0649447	-0.0756831	0.0168733	0.141799	-0.0533425	-0.0771289	0.0565637	-0.0605676	0.0247584	-0.0677598	0.0913625	0.0931316	-0.0536418	0.0303532	0.0376462	-0.119954	-0.0301971	0.0491352	0.00862864	0.0264663	-0.0242071	0.0709331	0.0340736	0.00301059	-0.00533441	-0.00645908	-0.0533248	-0.0260913	0.0240017	0.13971	0.143693	0.00250607	-0.108856	0.0218722	0.0472519	0.0834551	-0.0436262	-0.0171813	-0.0350272	-0.0037253	0.0663932	0.0716688	-0.0533088	0.0214435	-0.0395012	-0.0158748	0.102023	0.0292592	0.0619564	0.0184407	-0.0116597	0.024827	0.00156114	-0.118798
8000000.0001	0.024115	0.111851	-0.0649774	-0.00614271	-0.0427446	-0.0521694	-0.0132171	-0.0790168	0.0383724	0.0105198	0.0864148	-0.106316	0.011472	0.0323993	0.0191394	-0.0507994	-0.0846912	0.099851	0.0733655	0.0549649	-0.0210499	-0.0218622	0.00832238	-0.0355518	0.019518	-0.0836229	-0.0229159	-0.0330433	-0.0270252	-0.00721433	0.0241505	-0.0481088	-0.0192803	-0.0332117	0.0438925	0.0159358	-0.0112107	-0.0558215	0.0492452	-0.152872	-0.0562947	-0.0578762	0.0837056	-0.0671973	-0.0294402	-0.0170395	0.0466578	-0.00543655	-0.0135566	0.0702516	-0.0397701	-0.00322995	-0.0397084	-0.0128785	0.0469014	-0.0247161	-0.0437333	-0.0928884	0.00831762	0.0256377	-0.0657164	0.0566597	-0.0315285	-0.00838752	-0.024553	-0.0126767	-0.0252554	0.0198588	-0.0544519	-0.0245763	0.0693805	0.032545	0.0261528	0.00252715	-0.146582	0.183117	-0.0105382	-0.0443617	-0.0164909	0.0175397	0.0765638	0.0297956	0.0862877	-0.0932196	0.142253	0.100596	-0.00429723	-0.0359896	-0.0208126	0.0281652	0.116548	-0.00872616	0.00493153	-0.0211723	0.0687871	0.00710055	0.082513	-0.0748149	0.0189581	-0.000806861
8000000.0001	-0.00860653	0.0534731	-0.0347729	0.00281317	0.0419685	-0.048123	-0.0706708	-0.0826929	0.0868031	0.0196292	0.0554947	0.0149966	-0.0430868	-0.0756501	0.00357572	-0.0877619	0.0945132	0.0060137	-0.0680497	-0.00612878	-0.0240444	-0.0943465	-0.0660396	0.0669489	0.037036	-0.00286482	0.0624197	0.0408737	-0.0630397	0.0417697	-0.0734384	0.0677584	-0.0258627	0.00901282	0.0835991	-0.0249677	0.00653205	0.054524	0.0229689	-0.0188423	-0.0393505	-0.0565557	0.0375517	0.0522482	0.0479039	0.00761327	-0.0326167	-0.0392704	-0.110993	0.10807	-0.0680205	0.0616758	0.0545525	-0.000102124	-0.0935397	0.0742214	0.0499145	0.0414755	-0.063871	0.0533401	0.0835232	0.025049	-0.030462	-0.0560703	0.0160425	0.0227811	0.0656598	-0.0212655	0.00612552	-0.0459487	-0.0661084	-0.0469228	-0.0172868	-0.0169997	0.0396153	0.165096	-0.00564208	-0.067752	0.0664841	-0.0304762	0.0311229	-0.0468243	0.0261515	0.00144487	-0.0633525	-0.0324672	0.0525832	0.0354299	0.00777837	0.0119518	-0.031082	-0.0208447	-0.0566735	0.122906	-0.0163386	0.0436423	0.0691827	-0.0529671	-0.00586578	-0.0501076
8000000.0001	0.0113487	0.0354971	0.0541463	0.0229918	-0.12673	-0.0130132	-0.0255896	-0.0791143	-0.0240748	0.0185633	-0.00957782	0.0926507	-0.00188499	-0.0745688	-0.0689111	-0.103159	0.0420616	0.00706175	-0.105086	-0.0534355	-0.0146534	0.049175	-0.0702765	-0.0621971	0.0126626	0.000329251	-0.098831	0.0263935	0.0245613	0.0666404	0.0374659	-0.0523323	0.0693472	-0.0607802	0.0826375	0.00115379	0.0776089	0.000406079	-0.106056	0.0988351	-0.000448002	-0.0337623	0.141607	0.0569435	-0.0397978	0.0643093	0.0956865	-0.0864964	-0.00994267	-0.0900947	0.00334914	0.0199668	-0.0126208	-0.0800528	-0.099708	-0.0277688	-0.0340295	0.0585786	0.0250898	0.0392233	-0.000102644	-0.0849877	0.0460691	0.0547104	-0.0308946	0.0575863	-0.0266042	0.0557436	0.0540763	0.0391901	-0.0283567	-0.0218968	0.136323	-0.00898412	-0.0548403	-0.0255467	0.0107602	0.0201255	0.0321287	-0.00341547	-0.0170982	-0.0244806	0.109786	-0.0187721	-0.029148	-0.051007	-0.0041562	-0.0238351	0.108494	0.0327006	-0.10681	0.009902	-0.0840318	0.0577472	-0.0247871	-0.0925458	-0.0717009	-0.0156256	0.0930737	-0.0445995
8000000.0001	0.0303514	0.0101067	0.0960659	0.004163	0.0384151	0.0110019	-0.148708	0.0771237	-0.0731762	-0.0484021	0.0364458	-0.0729598	0.134601	-0.0381679	0.110724	-0.00948934	-0.0418662	-0.00344175	0.0480594	-0.00952983	0.0340618	-0.13894	-0.0336422	0.0215481	0.0344341	0.025257	-0.00317103	0.0825115	-0.0463246	-0.0610669	-0.0504333	-0.143825	0.0572913	-0.000925911	-0.0925628	-0.0264551	0.0324996	-0.0126014	0.03803	-0.0284097	0.0209724	0.0150227	-0.0367654	0.00979662	0.0498727	-0.0607223	-0.017418	-0.00337734	0.0850581	0.0376718	-0.0322587	-0.12624	-0.0362028	0.0906871	-0.0728755	0.0408688	-0.0186806	-0.0100808	-0.109641	0.00290262	-0.014175	0.0699962	-0.0897212	-0.0411817	-0.0406888	-0.0830693	0.0761997	-0.0323533	-0.03875	0.0277934	-0.0464532	0.0357185	-0.0367061	-0.047196	0.0380946	-0.0326483	0.0385186	-0.0375466	0.00775674	-0.0778743	-0.0570227	0.0240108	-0.00105842	-0.0394226	0.051462	-0.0583943	0.153542	0.0591557	-0.0468108	0.0908017	-0.0409004	-0.0126129	-0.0734559	-0.0209111	0.0200401	0.0656675	0.0175072	-0.00389174	0.0454333	-0.0209066
8000000.0001	-0.0105427	-0.0173796	-0.0187283	-0.0114027	0.0734794	-0.00893362	0.0732073	0.0108118	0.00129938	-0.025254	-0.0158443	-0.0103959	0.00399367	-0.107987	0.0301404	-0.0436889	-0.0344114	0.015737	-0.0770856	-0.00614386	-0.0614574	0.0129276	0.0124321	-0.0438088	-0.0146999	-0.0181558	-0.0867309	-0.0220412	-0.0308867	-0.0350387	0.0277015	0.0793936	-0.0146471	-0.110533	-0.0322223	-0.00179608	0.0370733	0.0841372	0.00581879	-0.0511968	-0.00898701	-0.0409605	0.0598116	-0.0113078	-0.0409784	0.0836244	-0.0459291	0.0918311	-0.0279887	-0.0418942	0.0660069	-0.124537	-0.0379881	0.00642015	0.0379166	0.142541	0.0471733	0.0621018	0.0367847	-0.003613	-0.0371118	-0.0353536	0.00508274	-0.011931	-0.0284985	-0.013546	-0.0300554	-0.0363311	-0.0678578	0.0868657	0.0236308	0.01205	-0.0371999	-0.037678	0.0299524	0.00752834	0.0144934	-0.00523043	-0.12892	-0.0714276	-0.137586	-0.0656905	-0.067251	0.00941035	0.0384367	0.031211	-0.000689194	-0.178397	-0.1186	-0.0297408	0.003552	0.095691	-0.0134753	0.0709143	0.0134078	-0.10719	-0.0610035	0.0572115	-0.0362269	-0.0504118
8000000.0001	-0.104959	-0.0484666	0.0622745	0.0438373	0.0222445	0.0646165	0.00588955	-0.0217301	-0.0844051	-0.0134025	0.0674247	-0.0588399	0.0230071	-0.0452544	-0.00192706	0.0385113	-0.028099	-0.115568	-0.0343151	0.0156229	0.032298	-0.0296571	0.0491393	0.0026833	0.0246638	0.0288687	0.0313193	-0.0447121	-0.0108932	0.00362939	-0.0254065	0.0348056	0.00886884	0.00715158	-0.0658605	0.0539049	0.0901935	0.0224171	0.0653483	-0.0455973	0.0432531	-0.0130148	-0.0607478	-0.00726564	-0.126532	0.0363763	0.109096	-0.00361392	-0.098833	-0.0659646	-0.0393642	0.021866	0.0270541	-0.0658547	-0.0432071	0.00463739	0.114316	-0.014983	0.011562	0.0670055	-0.0248241	-0.0062508	0.004774	-0.0357821	-0.0611231	0.205848	-0.0116682	-0.0180757	0.041206	0.0600065	-0.00438093	0.00901409	0.0797883	-0.0102743	-0.0835054	-0.00603939	-0.0412279	-0.0108022	0.149369	-0.0189743	0.0415586	-0.0138197	-0.0163808	-0.0644961	0.00994404	-0.0322358	-0.0606635	0.0239141	0.00110102	-0.0540328	0.00104583	-0.0445742	-0.009881	-0.0111404	0.119678	-0.0214006	0.0434212	-0.0610932	-0.0204138	-0.0210893
8000000.0001	0.125848	0.0427471	0.0159193	0.0850274	-0.00367446	0.0306821	0.0024088	0.0215161	-0.0961265	0.0111168	-0.0642274	-0.0605212	0.0735437	0.032948	-0.0721679	-0.0438786	-0.146335	0.0323672	-0.0334193	-0.00995702	0.0328679	-0.0522039	0.00435207	-0.0670959	-0.0733373	0.0529389	0.116918	0.0998332	-0.139043	-0.00828138	0.0194298	0.0120968	0.00774925	0.0768089	-0.0163268	-0.0629852	-0.0560784	-0.0275369	0.0849928	0.0169313	-0.00616191	-0.0586835	-0.0256655	0.00044451	-0.0265235	-0.0680283	0.162019	0.00410972	-0.00918337	0.0643952	-0.00546719	0.0676527	0.039029	0.0167462	0.00585435	0.025712	0.00302756	0.0453653	-0.0373864	-0.0201137	-0.00949098	0.0168376	0.103339	-0.0943908	-0.00241288	-0.00135752	-0.0409907	-0.0506335	-0.0693913	0.117515	0.0814619	-0.0154028	0.0799516	0.0327006	-0.0524898	-0.076821	0.0438706	0.0190095	0.0842324	0.0210143	0.0689965	0.0412143	0.00949816	0.0531405	-0.0231303	-0.0239024	-0.0236242	-0.0368864	-0.0553471	0.0654842	-0.0660428	0.126177	-0.034118	-0.0385748	0.00122339	0.0375507	-0.0437163	-0.00260857	0.0788154	0.0308325
8000000.0001	0.015937	-0.0441618	0.0115925	-0.00150688	-0.0143232	-0.0731984	-0.0121878	0.0120123	-0.0379007	-0.0686504	-0.0328959	-0.0721364	-0.03082	-0.0643726	-0.0412045	0.0583958	-0.0720778	-0.0272537	-0.0168866	0.0532568	-0.0809078	-0.0255534	-0.119542	0.147171	0.0728025	-0.0799839	-0.0476241	-0.0282964	-0.0809755	0.0782435	0.074019	-0.0388295	-0.139475	-0.078068	0.0211505	0.112985	0.0133925	-0.0647704	0.00725534	0.0575439	0.0317605	0.0600635	-0.0478004	0.0152794	-0.0230229	0.0035172	0.0603941	-0.0864769	0.049696	0.0238965	-0.0467415	0.0264765	-0.0859981	-0.042925	0.0573187	-0.072125	0.0102186	0.0469525	-0.0160597	0.123393	-0.0442422	0.0394636	-0.00671352	-0.0716727	0.0974001	0.03438	0.0227414	-0.0191469	0.103087	0.033516	0.0730523	-0.0382828	0.00846795	-0.0262328	0.00641424	-0.00957112	-0.0652161	-0.0206665	0.0224737	0.00394486	-0.0639564	-0.0985429	0.0139735	-0.00831649	0.0550299	-0.0680321	0.0239206	0.0170759	0.0456754	0.0572332	-0.0849976	-0.088224	0.0542569	0.107852	-0.139146	0.0361104	-0.0680977	-0.0437087	-0.00276005	-0.00449972
8000000.0001	0.0641337	0.110498	0.0409509	-0.0713672	0.0836195	-0.0734638	0.0717924	0.121569	0.0266711	-0.0434543	-0.0506925	-0.0150649	0.0755129	-0.000896057	0.0126389	-0.0162075	-0.0623195	-0.107835	0.0151903	0.0204146	0.0180686	0.0234675	0.000634684	-0.03451	0.0493697	0.0792539	0.0773023	-0.049943	0.104006	-0.113646	0.0457077	-0.105854	0.00271688	-0.0708022	-0.100366	-0.0276306	0.0450013	0.041623	0.00298781	-0.015728	0.0391617	-0.00995717	-0.0158904	0.0360324	-0.0401177	0.0181045	0.00711216	-0.00805253	0.00866748	0.0440146	0.026876	-0.0585524	-0.0579805	0.058775	0.053537	0.0599709	0.00985282	0.0716143	-0.0190627	0.0647176	-0.0632428	-0.0152411	-0.006097	-0.0219206	-0.0251206	-0.170815	-0.0160849	-0.0578134	0.0403563	-0.130947	-0.0368498	0.105678	0.026046	-0.0196925	0.0194877	-0.0170447	-0.0438735	-0.0412757	-0.0942638	0.176381	0.0883251	0.0216455	0.0680648	0.026087	-0.0101047	-0.017272	-0.0247842	-0.105254	0.0191418	-0.165272	-0.0570182	-0.102839	0.0462751	-0.0510565	-0.0354185	-0.0187204	0.00917312	-0.0606931	0.0478775	0.018557
8000000.0001	-0.000425703	-0.00830709	-0.0016506	-0.0566835	-0.0516112	-0.0681399	0.0138937	-0.0944886	0.013782	-0.0466312	0.0167045	-0.030285	0.0236645	0.046431	-0.0286211	-0.0261207	-0.0116008	-0.0557349	-0.0319507	0.0513742	-0.00400418	0.0604505	0.0208439	-0.0233506	-0.0336873	-0.0275665	-0.0140274	0.0201701	-0.0970201	0.0327724	0.0637597	0.0686691	-0.0606151	0.0593079	-0.0276167	0.0443228	0.065272	-0.0824049	0.0239142	0.00102118	0.030157	-0.0443107	0.050877	0.0493057	0.122929	0.0959744	-0.00798573	0.00794808	0.0308309	-0.0736685	-0.0717457	-0.0410653	-0.00245196	0.0784448	0.0933182	0.0137219	-0.0265448	0.0772537	-0.01419	0.0774383	0.0787674	-0.0831165	-0.00676938	-0.0154507	0.0122864	-0.00446446	0.09014	0.0553473	-0.047199	0.0851663	-0.0126033	-0.100273	0.0302539	-0.00811971	0.0338563	-0.00829014	-0.038419	-0.0343928	0.185652	0.10282	-0.0820027	0.00916992	0.0502476	-0.0570815	0.0201753	0.0451317	-0.0291154	-0.0335842	0.0889201	-4.19907e-05	-0.1433	-0.0237337	-0.00916613	-0.039801	-0.0153347	0.166945	0.0831609	0.0765828	-0.0308506	0.00622184
8000000.0001	-0.0595593	0.00484952	-0.0278338	0.0448835	-0.00347523	0.00822402	0.0551971	0.0221846	-0.0156026	-0.0227281	0.0253194	-0.0593724	-0.125593	0.0422454	0.0427234	0.0536779	0.0199371	0.0686898	0.0902469	0.0458013	0.0342916	0.0528221	0.0391738	-0.00162885	0.0867618	0.061577	-0.0369293	-0.0547139	-0.0267129	-0.0159533	0.0405792	0.0692124	-0.0441147	0.0196835	-0.0426346	0.0166435	0.0461622	-0.0504629	-0.0199	-0.073223	0.116099	0.0136856	-0.111465	-0.0160875	-0.043633	0.0298074	0.00617189	0.0442246	0.109271	-0.00954825	0.0812343	0.0666911	-0.0713412	-0.015874	-0.130438	0.0758564	0.0420615	-0.0112728	0.0724549	0.00203792	-0.0154462	-0.0383592	0.00239564	-0.11966	0.085521	0.0147393	0.0517129	0.0341014	-0.137853	-0.0534154	-0.0202856	0.0185986	-0.0432135	0.021061	-0.00405748	0.0588185	-0.00128818	0.0762167	0.09031	-0.0794979	0.000677912	-0.0122002	0.0865912	0.0443444	-0.027504	0.0787641	0.0262332	-0.107602	0.0460225	-0.113658	-0.04703	-0.0220812	-0.0180241	-0.0813339	0.108333	0.0267832	-0.0136208	-0.00226768	0.0190785	-0.0174376
8000000.0001	0.0478175	0.00811149	0.0408825	-0.0102479	0.0722387	0.0189829	0.060712	-0.0562511	0.0285619	0.0420939	-0.0850316	-0.00333621	0.0118645	0.0303502	0.0283548	-0.0256511	0.0136845	-0.0359711	-0.0536971	-0.0415574	-0.0083558	0.0264642	0.0457823	-0.0342277	-0.0686981	0.101003	-0.0245944	0.0995364	0.040838	0.0215977	0.0295863	-0.0233656	0.0854251	0.0634898	0.0740336	0.0712261	0.0979094	0.0489917	0.0489149	-0.029378	0.017295	-0.0607152	0.0480867	0.0701746	-0.0404521	-0.0135227	-0.0493092	0.099432	-0.0308846	-0.0817783	-0.0459961	-0.0407073	-0.0701142	0.0600412	-0.068517	-0.0608229	-0.0554712	0.139988	0.0172491	-0.0317129	-0.065628	-0.0112023	-0.031955	0.0868662	0.063472	0.117053	-0.0130266	0.013329	0.00742687	0.0650342	0.0592232	-0.0675406	-0.00793546	-0.0299762	-0.0222315	0.0356174	-0.0558686	-0.0389016	-0.0106067	0.024023	0.0209884	0.00578591	-0.0210429	-0.0343565	0.055783	0.0843016	0.00265569	0.0392296	0.0160506	-0.117004	0.0162045	0.0557147	0.01723	0.00142185	0.00588166	0.00405137	-0.0331077	0.0529041	0.05084	-0.00408023
8000000.0001	-0.0483977	-0.0527191	0.0422558	-0.0876416	-0.00888166	0.010203	-0.0396943	-0.0736832	-0.00739656	0.00555484	0.0335375	0.0458095	0.030595	-0.0752601	-0.0897488	-0.073058	-0.0246147	0.0802096	-0.0938024	-0.00235094	-0.0701957	-0.00957858	0.0481239	-0.0883216	0.0369864	0.0705783	-0.0188891	-0.0944613	0.0385449	-0.129122	0.085855	-0.0732966	0.0664233	-0.00559305	0.0530305	-0.0189331	-0.0154553	-0.0832149	-0.0545482	0.0914916	0.0606887	-0.017519	0.0212295	0.0389338	0.0110757	0.00609784	0.0687863	0.0191784	-0.0619861	0.00924291	-0.0485083	-0.00504463	0.0324861	0.0388458	0.0330837	0.0381357	-0.0558917	0.0649929	0.0296524	0.023968	0.0126438	-0.000782252	-0.0544191	0.0576456	0.0338814	0.107311	0.00103572	-0.000588617	-0.0305695	0.0200185	-0.0580014	0.0133753	-0.0669473	-0.0990958	-0.0204086	-0.073463	-0.0655382	0.0162626	-0.00895396	0.0165886	-0.0688509	0.0367478	-0.0497855	0.0224379	0.0669635	0.0717875	0.00291849	0.029823	-0.0251297	0.0818044	-0.0394587	-0.0144546	0.0592447	-0.0520132	0.07201	-0.0643002	-0.170793	-0.0640173	0.0559017	-0.0276765
8000000.0001	-0.039344	-0.00852239	0.0610074	0.0324085	0.0983241	-0.0185907	-0.0753873	0.0375966	0.0181737	0.0185657	-0.0377965	-0.0732545	0.0352719	0.117447	-0.0464346	-0.0658515	0.0531697	-0.048754	0.0610905	0.131465	0.0572769	-0.0357995	0.023739	-0.0169639	-0.0495243	-4.67349e-05	0.0885851	-0.00348109	-0.0550035	-0.0515093	-0.0032339	0.0899398	0.0882475	-0.0272074	0.0621869	-0.0522833	0.0446728	-0.052262	0.0161892	-0.0565186	-0.0396239	0.0273573	-0.0474823	0.0333754	-0.0543955	0.0324921	0.0163785	0.0290276	0.0490987	-0.0953785	-0.113095	0.0106598	-0.0668278	-0.0615596	0.060489	0.0743694	0.0679621	0.0832971	0.0483813	0.0695817	0.0314101	-0.0173338	-0.111523	0.00786512	-0.0472328	0.0490782	-0.0844659	-0.0275023	-0.0127391	-0.0664699	0.0952682	0.00761727	0.0533173	-0.146027	-0.0393994	-0.0205832	-0.0220405	-0.0239937	0.0123048	0.0201827	0.0629379	-0.056738	-0.0261849	0.0722837	-0.0153788	0.0163265	-0.0294185	0.0188114	-0.00252335	0.104415	0.0243245	-0.106538	0.0570354	0.0036736	0.0797341	0.0202637	0.0420607	-0.0108625	0.0467454	0.0785188
8000000.0001	-0.0424704	-0.00628243	-0.055686	0.0706458	-0.115837	-0.0927203	0.0220619	-0.0621884	-0.0221513	-0.0311656	-0.0475009	-0.0217638	-0.0242132	0.0829555	-0.0649282	0.0529722	-0.0198251	0.138102	-0.0751926	-0.0836695	-0.0516818	-0.0885411	-0.0423913	-0.126627	-0.0140006	0.0197971	-0.00779592	-0.0290812	0.0512258	0.00364099	-0.0178488	-0.04915	0.092185	-0.0208405	0.11846	0.0220271	0.0170436	-0.0777875	0.0567015	-0.0313711	0.0243847	-0.0974167	0.0107746	0.0316424	0.00177483	0.040753	0.0742899	0.108073	-0.0405091	0.101416	-0.00874847	0.00366717	-0.0649567	-0.0762684	-0.0143521	0.0494985	0.0512051	-0.0798169	0.0736095	-0.05675	0.0320635	-0.00432867	-0.0293236	0.0508816	0.0175769	-0.00473857	0.0478101	-0.0505145	-0.0289731	-0.0443046	0.0206405	0.00811656	0.0284517	0.0327717	0.0524497	0.000238228	0.0149333	0.0445458	-0.0651476	-0.0207129	0.00421414	0.0931462	0.0677068	-0.00794958	-0.0216218	-0.0280903	0.0852122	0.0528732	0.0257554	-0.0397126	-0.0195428	0.0661462	0.0142236	0.0510758	-0.0545593	-0.0218985	0.0694633	-0.00293678	-0.0965272	-0.0558886
8000000.0001	0.10127	-0.101449	0.00500146	-0.230459	0.0112769	0.0143806	0.0978063	0.0833868	-0.0161808	0.0425732	0.0756852	0.0435022	0.0774794	-0.127975	-0.0813092	0.114457	-0.00227098	0.0613069	-0.0409958	-0.0464516	-0.0151376	0.0292022	-0.0153857	-0.0477865	0.0164263	-0.0874208	0.133013	0.0492403	0.0304398	0.0324601	-0.0170589	-0.0193542	-0.0704499	0.100162	0.0373996	0.00304718	0.00311639	0.0142257	0.0588959	-0.0305662	-0.0320324	-0.0899809	0.0098502	-0.0134775	-0.0972079	0.0631985	-0.101793	-0.0314568	-0.110567	0.0325941	-0.032918	-0.024888	0.00782512	-0.108029	0.0240424	0.0563371	-0.0174518	0.00561538	0.0309567	-0.0244813	0.040138	0.0716799	-0.0614823	-0.0564094	-0.0439958	0.0303694	-0.0696336	0.0590663	-0.104062	0.0288736	0.043954	0.0108642	-0.0329114	0.0318619	-0.0359793	0.0108348	0.0252103	0.0113983	-0.029803	0.0496993	-0.0924097	-0.088079	0.0415712	-0.00813059	-0.0482606	-0.0625057	-0.0264467	0.0146983	0.0477411	-0.0522389	0.0470723	-0.0241147	-0.0247909	0.0614591	0.102173	-0.03383	-0.11387	0.0238802	-0.0726753	-0.0195276
8000000.0001	0.0459532	-0.00740791	0.0372495	-0.0252587	-0.00140769	-0.0279148	0.162344	0.0227528	0.0432817	-0.0824968	-0.0783075	0.121441	-0.0301331	-0.145886	0.0971373	0.0166657	-0.0183216	0.0316024	0.0594502	-0.00541481	0.0716089	0.035254	0.0453752	0.00102186	0.0510661	0.00102723	0.00918258	-0.044532	0.00332784	-0.0186353	-0.0374461	0.0604173	-0.0409023	0.0251736	-0.016265	-0.052865	0.0234698	0.0303094	0.0414373	0.0518794	-0.0306741	-0.0358091	0.0226162	0.0525798	0.12815	-0.0251134	-0.00367138	-0.025929	-0.0503439	-0.0505993	-0.0529834	-0.0843073	0.0173769	-0.0464292	0.0580684	-0.0012134	-0.00382429	0.179261	-0.119785	-0.111518	0.0182671	-0.0888565	0.0110108	-0.0441919	0.0387474	0.0889035	-0.0870265	-0.0807072	-0.134393	-0.0609479	0.0984489	0.063998	-0.0616678	0.0427682	0.0286424	0.0433859	0.0558157	-0.134447	-0.0371884	-0.10489	-0.00978325	-0.0137579	-0.0613291	-0.0452348	-0.127365	0.0275407	0.0324393	-0.0115492	0.118008	-0.0315114	0.00469193	0.0861569	0.00131346	-0.0892877	0.0208172	0.0271755	-0.0693998	0.0743059	-0.0942717	-0.0894053
8000000.0001	-0.042525	0.0974028	0.0602723	0.00501023	0.00185521	-0.0433328	-0.0191742	-0.0248823	-0.0665713	0.0968951	0.033203	-0.0426543	-0.0876473	0.114398	-0.0819839	-0.00786011	0.054688	0.00773761	0.0586498	0.0275056	0.0242599	-0.0255665	0.00932786	0.0952489	-0.0150305	-0.0390307	0.0697973	-0.00229183	0.0312089	-0.0193692	-0.0240895	-0.0653765	-0.0114989	0.0247413	0.0231974	0.0576538	-0.081168	-0.0255644	0.048953	0.0137461	0.0396967	-0.0399747	-0.0153186	0.0652345	0.015203	-0.0241755	-0.0259478	-0.0259663	-0.00672347	0.0143278	0.0495208	-0.0176109	-0.073127	-0.176876	0.0397156	-0.0250302	0.059028	0.0291773	-0.0652104	-0.0605149	-0.0635278	0.0215667	0.0347022	0.04751	-0.0869337	-0.0541177	0.0948078	0.0527434	0.0619925	0.0727504	-0.014979	-0.0614991	-0.0248743	-0.00471996	-0.0218901	0.122815	0.0689613	0.0283064	0.114442	0.0103797	-0.0862031	-0.0305677	-0.0545647	0.0179929	0.0090623	0.0107573	-0.102965	-0.00682866	-0.10961	-0.0813417	0.0486075	-0.0669131	-0.016411	0.0119417	-0.0702109	-0.0176247	-0.0886586	-0.05637	0.0504178	-0.0024407
8000000.0001	-0.0133269	-0.0750429	-0.0449266	-0.0268726	-0.00998599	0.0244704	-0.0541327	-0.144374	0.0257226	0.0279125	0.0332955	-0.0317333	-0.0517692	-0.079986	-0.0334344	-0.0823453	0.109106	0.121491	-0.0132869	-0.0159199	0.00227369	-0.0245946	-0.058873	-0.024111	0.0940156	-0.00883787	-0.000159815	0.0384706	0.00485885	0.0395637	0.0610742	-0.0195421	-0.027135	0.0102306	-0.0460958	0.0385239	-0.0103256	-0.0241297	-0.144287	0.0404424	0.0549532	-0.044602	-0.101135	0.0792962	0.0089387	0.0122924	0.0015882	0.0498044	-0.00855097	-0.014707	-0.0189986	0.0401464	0.0373458	0.0573401	0.0222927	0.00376101	-0.113426	-0.0271733	0.121142	0.103827	0.00181294	-0.116398	-0.0404528	-0.0104115	0.0654071	0.0475159	0.0392499	-0.0193827	-0.0100025	0.00763561	-0.0172395	0.00408158	-0.00448695	0.0318149	0.0307941	0.00899348	0.0310871	0.0165901	-0.021816	0.0426541	-0.082294	0.05247	0.0423645	0.049287	0.0193975	0.0871754	0.0267296	-0.0519691	-0.0420925	-0.0755429	0.053537	-0.0837276	-0.00509569	0.0151715	0.00888296	-0.0825449	0.0691506	0.00830941	-0.0210509	0.00502638
8000000.0001	0.0785996	-0.0400884	-0.0047852	-0.0677621	0.0858667	-0.00632892	0.0314988	-0.0443817	0.116868	-0.0540009	0.00488162	-0.0334217	0.0365349	-0.0395367	-0.0176495	-0.0390573	-0.0140918	-0.0726927	-0.0758413	0.0143267	0.0119169	0.131219	-0.052398	-0.0233422	-0.0972011	0.0500065	0.0572392	-0.0306879	-0.0503122	-0.11247	-0.0147009	-0.0697298	0.019538	0.0230948	-0.0601208	0.0351559	0.0157396	0.0119316	0.0578411	-0.0154567	0.0255626	0.0406228	-0.00535966	-0.00823362	0.00734892	0.0355652	-0.0191709	0.0276752	-0.0379569	0.0165073	0.0588546	0.00781621	0.0561513	-0.00387246	0.0277426	0.062186	-0.0350096	0.0332674	-0.0643266	-0.0496154	0.000313281	-0.0250134	0.039702	-0.00330751	-0.0263247	0.0222216	0.118417	-0.0105112	0.0203142	0.0423904	-0.0667976	-0.0598299	0.0299106	0.0851477	-0.0743756	0.013516	0.028395	-0.0672845	-0.0527842	-0.0192439	0.0904613	0.00678549	-0.0738395	-0.0161469	0.0245372	-0.0188948	-0.0174582	-0.0454627	0.00705951	0.0989201	-0.0415856	0.0522728	0.0159594	-0.00724671	-0.0640915	-0.0235271	-0.0123103	-0.0149551	0.079384	0.0194261
8000000.0001	-0.0171998	-0.0848958	-0.0444926	0.0156727	-0.0273494	-0.167188	-0.0326725	-0.0474791	-0.0708986	-0.0740843	0.001529	-0.0698143	-0.0124158	-0.0660513	-0.0161985	0.00407842	-0.0558368	0.00226758	0.0498807	0.0375797	-0.0743992	0.073159	-0.117603	-0.0244379	0.0361781	-0.0692543	-0.032291	-0.00469435	-0.123333	0.0477679	0.0377578	-0.0479082	0.0505761	-0.00571959	0.00925129	0.00836578	-0.00919386	0.125784	0.0339467	-0.0202018	0.150126	-0.0115697	0.0731869	-0.054266	0.0240063	-0.0141245	0.0137663	0.114109	-0.0238294	-0.0188469	0.0669532	0.0688235	-0.0302264	0.0289235	0.0200987	0.0854414	0.0530347	-0.0296314	0.0102747	-0.0507953	-0.0437096	0.00952772	-0.0320505	-0.0346211	-0.0120333	0.0433726	0.0856485	-0.0626853	-0.0351936	-0.0443269	0.0951814	0.0101359	0.0249811	-0.0348361	-0.0509588	-0.0340142	-0.0520133	-0.030743	-0.029019	-0.0360407	0.0578777	-0.024435	0.0132417	0.0892029	0.0908052	0.0218886	0.124366	-0.0289547	0.0619095	0.0438309	0.0438818	0.0365643	-0.00678087	0.0155184	-0.00205953	-0.026147	0.0133485	-0.113371	-0.0429044	-0.0944044
8000000.0001	-0.0289122	-0.114304	-0.0638183	-0.093201	0.00534151	0.0251666	-0.112084	-0.00118978	-0.0152977	0.0507451	0.0735274	0.129114	-0.0560646	0.00670936	0.0537694	-0.080177	0.0488101	0.063517	-0.00121881	0.110398	-0.0253976	-0.0600979	0.0191879	0.012436	-0.0495229	0.0327584	0.0603557	-0.0126379	0.0689495	0.000426714	-0.100914	0.0134019	0.0303303	-0.00894379	0.0330829	-0.0218267	0.0970538	-0.0411908	-0.0623094	0.0130104	-0.0153042	0.0502285	-0.0421719	0.0731079	-0.108277	-0.00586224	0.0022096	0.0919422	-0.0471322	0.00268938	0.0113307	0.019904	0.00892988	0.0325816	0.0331827	-0.0582948	0.059241	0.0471841	0.0734203	-0.0968439	0.0244458	0.0717406	0.0499248	-0.0157913	-0.0197677	-0.0600311	0.0106969	0.0409475	0.0924369	0.0645678	-0.0220121	-0.0755997	-0.0457805	-0.00676517	0.0388853	0.0844102	-0.00921601	-0.00529356	0.0364077	-0.0700809	-0.0579504	0.0392469	-0.0117537	0.0545438	-0.0813431	0.0673283	0.0662821	0.100111	-0.0222995	0.0449432	0.0602225	0.0520515	0.0314727	0.0435473	-0.0705837	0.0247107	0.0263202	-0.114449	0.0479178	-0.03986
8000000.0001	-0.00546564	0.00932371	0.00833078	0.0456018	0.0209135	0.0264619	-0.0782261	-0.06182	-0.0143416	-0.062486	-0.0246958	-0.0637197	0.0370435	0.0454987	-0.0313222	-0.0218836	0.00341754	-0.0226549	0.00540557	-0.0340558	0.0135156	-0.0129423	-0.00848302	-0.0999477	0.00554109	-0.0229421	0.0385667	-0.101719	0.0393543	0.00843243	0.0526381	-0.0768983	0.00107815	-0.0552859	-0.0295507	-0.0197191	-0.00685065	0.0771193	0.012698	0.0117292	-0.0503798	-0.0171261	0.082457	0.081135	-0.0234625	-0.0596822	-0.0254641	-0.0670598	-0.0370837	0.00731012	0.0175858	0.0158367	-0.0308743	0.0025978	0.0345847	-0.0486932	-0.00384713	0.0308025	0.133875	0.00506159	-0.102631	0.0481753	0.0184059	-0.015309	0.0116081	-0.107734	0.0565294	-0.124468	0.0906716	0.0798936	0.0454396	-0.0726993	0.132702	-0.0373813	-0.00293097	0.109175	-0.0486282	0.0268101	0.0888946	-0.0134719	0.0318626	0.00151102	0.144532	-0.10594	0.0964705	0.096201	0.0379304	0.0695565	-0.0528269	0.0381098	-0.0446109	0.076414	0.0129223	-0.104084	0.043892	0.060134	0.0427892	0.0955939	-0.0548091	-0.0819616
8000000.0001	-0.0437353	0.0398588	-0.0205507	-0.000312396	-0.0680197	0.0180016	-0.0193585	-0.0889258	0.0527761	0.00801418	0.0424804	-0.0378992	-0.0696916	-0.0486098	-0.00733996	-0.0160128	-0.0472037	-0.0389637	-0.00741176	-0.0231005	0.0365841	0.146199	-0.11764	0.0809405	0.0158187	-0.122571	0.0793922	0.00371073	0.0306765	0.0545896	0.0239515	0.0783622	0.00903782	0.0407716	0.0918081	-0.0221991	-0.0297834	-0.0106539	0.134317	0.10977	0.0337956	-0.00556343	-0.0677043	-0.00190478	-0.0812681	-0.0767802	-0.027278	-0.00375355	0.00820892	-0.000471573	0.0204938	-0.0559848	-0.0889927	0.0696326	0.0345784	0.0693734	0.0268418	-0.0360649	0.0620691	0.00412881	0.00875957	0.0543912	-0.0424115	-0.000658227	-0.0429266	0.0217266	0.0679569	-0.00725916	-0.00522924	-0.0281718	-0.0542506	-0.0712349	-0.130206	0.0451589	0.0868625	0.0267528	-0.0237496	-0.0353068	0.0247211	0.0246743	0.0125021	-0.0265192	-0.0760853	-0.0034586	-0.010992	0.046807	-0.071174	-0.0302331	-0.0244505	0.0209697	-0.043136	-0.0300833	0.00576816	-0.000267354	-0.116917	0.0467306	-0.0352202	0.016674	-0.0417189	0.0366741
8000000.0001	-0.0676543	-0.00660134	-0.0747231	-0.0442081	-0.0887027	-0.114364	-0.007118	0.0617556	0.0562689	-0.00030468	0.0471422	-0.0073041	-0.0613691	0.0804798	0.0527875	-0.0436247	-0.0799092	0.018275	0.0338201	0.0379841	-0.0374015	-0.0729597	-0.0351218	-0.033243	-0.090781	-0.0299828	-0.0507119	0.037444	-0.0162602	-0.00280326	-0.0290828	-0.0349548	-0.0518751	0.0446807	-0.00686598	0.0400344	-0.0478744	-0.0957528	0.0107184	-0.0874379	0.026939	0.00645436	-0.084413	0.0634371	0.0687715	-0.0843035	0.00714215	-0.0755159	0.00946209	-0.0758767	0.0251231	0.0329628	-0.0393472	-0.102198	0.0145616	0.0279027	-0.00780629	0.0837528	-0.0354441	0.0349643	0.0171967	-0.0532102	0.0395289	0.0642056	-0.0126864	-0.0143687	0.0239122	-0.00619031	0.0314405	0.0521678	-0.0908406	-0.0415012	0.0396874	0.0811915	0.120788	0.0544156	0.0096702	0.097702	0.101385	-0.052925	-0.0378912	0.0489793	-0.0733817	-0.0946296	0.124549	-0.0748138	0.00429334	-0.013951	0.0135985	-0.00158511	0.0103855	-0.0147564	-0.0557714	0.0117992	0.0234636	-0.0894973	-0.00211884	-0.0371603	0.05991	-0.0265438
8000000.0001	-0.0168767	-0.0731685	-0.00637384	0.0297246	0.0650855	-0.0573869	-0.0386335	0.0239236	0.0447174	-0.0137648	0.0764378	-0.038321	-0.0920635	0.122854	-0.0240461	0.0541397	-0.143039	-0.0351157	-0.0700431	-0.0930668	0.0480378	-0.0278173	-0.0706368	-0.0230103	-0.023904	0.0130869	0.0616966	0.0401813	-0.0343512	0.0168364	0.0393532	-0.0177315	-0.0267843	-0.0474169	0.064533	0.034071	-0.00973862	0.0245826	-0.0130652	0.0609911	0.00976452	0.0119223	0.0135302	-0.098883	0.0445562	-0.0468372	0.0692247	0.0600175	0.0400505	0.0217307	0.0567536	-0.00307575	-0.0864884	0.0288579	0.0600934	0.017599	0.0610756	0.0787937	-0.0201244	-0.0020313	-0.0798985	0.0168999	-0.0101768	0.0455827	-0.00751421	-0.0641073	0.000341393	0.0482404	-0.0564512	0.0197104	0.0639215	-0.0185328	0.0940914	-0.132616	-0.0507655	-0.0298792	-0.00892327	0.00537479	0.0149891	-0.00245511	0.000499528	0.031161	-0.0784234	0.0734063	-0.0786736	0.0472197	-0.0107729	0.0296841	-0.0338484	-0.0264926	0.0690441	0.0333795	-0.0167913	0.0626406	0.0325781	0.0176085	0.0620897	-0.00720622	-0.0693766	-0.0683615
8000000.0001	-0.00739287	-0.0737882	0.0140954	-0.126485	-0.150266	0.104947	-0.114498	-0.116741	0.0701663	-0.0331399	0.0489544	-0.0646285	-0.0151226	0.0194363	-0.0399547	0.0293868	-0.0120517	0.0420304	-0.0541751	0.00257664	0.00103201	-0.0114478	-0.0340065	0.0878149	-0.0260801	-0.0734896	-0.0532564	-0.0689522	-0.0827522	0.0210709	-0.012225	0.0526362	0.0671681	0.00810212	-0.0366672	0.0188632	0.045821	0.0824481	0.0636607	0.0232493	-0.0130636	0.0220984	-0.0995358	-0.0632039	0.0319608	-0.0539165	-0.106456	-0.0401505	-0.00495083	0.0116507	0.0684169	-0.00667077	0.0435834	0.0291497	-0.000771613	0.0494744	0.0725151	-0.0269166	-0.0745547	0.0727439	-0.000734658	0.11814	0.0118146	-0.0681434	-0.00167726	-0.0743146	-0.14829	-7.48496e-05	-0.0729123	-0.0498931	-0.0408912	0.0265092	-0.0480182	-0.0495808	-0.0824794	0.00597647	0.00983699	-0.0318458	0.0124605	0.0200232	-0.0363915	0.114767	0.0165144	-0.0704946	0.0216463	-0.0289135	-0.0983242	0.0443218	-0.105659	-0.033578	-0.124123	0.0395208	-0.0997668	-0.00423874	0.0261189	0.0107132	-0.0378328	-0.0151787	0.0527097	0.0135712
8000000.0001	-0.00477152	-0.0188003	-0.116227	0.146775	0.0333156	0.0404499	-0.00588477	0.0562191	-0.0525109	0.034675	-0.0446291	-0.0118163	-0.0396243	0.0171854	-0.00170587	-0.11267	-0.0490755	0.042945	-0.0557243	0.0613576	0.0416026	-0.0402152	-0.0623688	0.0782414	-0.0173819	-0.00461191	0.0568647	0.0511404	0.0603755	-0.127111	-0.102564	0.0283659	0.0838882	0.0238579	0.0286679	-0.0481918	0.0925722	-0.0317641	0.0258897	-0.102289	0.04245	0.118218	0.0870401	-0.036993	0.0010358	0.0501601	-0.0447606	0.0301276	-0.00123327	0.0294878	0.136084	0.0422354	-0.0821069	0.0537423	0.00730509	-0.0281841	0.0891471	-0.0447688	0.0114887	0.0153276	0.0116522	0.0199662	-0.012916	0.0757656	-0.0664557	-0.00375951	-0.0356775	-0.120861	0.074967	-0.0361606	0.0475959	-0.0560674	-0.00485931	-0.0250704	0.0524177	0.11354	-0.0549623	0.0452791	0.0268992	-0.000742752	0.00882069	-0.130406	-0.00437665	0.0713851	-0.0194477	-0.00572015	0.0258746	-0.000400495	0.0115138	0.0810264	0.00882194	-0.0378207	-0.0872389	0.050161	0.0388285	-0.00814066	0.0600565	-0.0347318	-0.0256344	-0.0679442
8000000.0001	-0.0458534	0.00768456	0.00517353	-0.0298208	0.0251495	0.0126503	0.0605219	0.0535239	-0.0867974	-0.051435	0.0460884	-0.0460669	0.0323373	0.0663004	-0.0335574	0.035252	0.0364618	-0.0104194	0.0100418	0.0897358	0.0180865	-0.0448681	-0.0610116	0.0618784	0.0565905	-0.174963	0.0232207	-0.0907708	0.00507766	0.0563802	-0.125646	-0.0297373	-0.0196235	0.0713077	0.00449069	0.0387409	-0.0569378	0.0776222	-0.0409863	-0.0478373	-0.0549494	0.0145794	-0.0298382	0.0607779	0.0172975	-0.0251146	0.0267079	-0.0660765	0.0113243	0.0875651	-0.0624222	-0.12962	0.0778072	-0.0779469	-0.0437259	-0.0273056	0.018958	-0.0369825	-0.0197553	-0.0296129	-0.0549397	0.00694813	-0.0800903	0.00848995	-0.0152222	0.0386937	0.0793703	0.0125803	-0.060101	-0.04162	-0.0345287	0.0353663	0.0549398	-0.00752366	-0.00347433	-0.100094	0.0376484	-0.10186	-0.0278804	-0.0260695	-0.012507	0.057437	-0.0174445	-0.0299805	0.0489103	-0.0464814	0.00361623	0.0600555	-0.0380899	0.0220663	-0.0296844	0.0221104	0.093746	0.00612183	0.0499977	0.0621863	0.019317	-0.0928503	0.0515328	0.0674172
8000000.0001	0.01399	-0.100246	0.0332354	-0.0425693	-0.010181	0.0597675	0.11263	-0.00782391	0.135381	-0.00249193	-0.0161055	-0.0306798	-0.0234019	-0.0824509	-0.0989154	0.0101129	0.00578509	0.0476975	-0.0681228	0.0108068	-0.0393674	0.0320653	0.0689007	-0.0354239	-0.0256485	0.0405768	0.0398303	-0.10669	0.140054	-0.0283657	-0.0648109	-0.0218773	-0.110109	0.0356107	0.0120362	0.0571587	0.0113149	-0.0175146	-0.101612	0.0553308	-0.0616113	-0.0138585	0.065865	-0.085867	0.0660518	0.083952	-0.0286285	-0.0898801	-0.040871	0.0837469	-0.169512	0.050161	-0.0147682	-0.073109	-0.0529136	0.0549641	0.0323813	0.0567446	0.0812265	0.0461444	0.0264521	0.000958784	-0.0511624	0.0359743	0.0405527	0.00350327	-0.111707	0.053345	-0.0218874	-0.000630325	0.03182	0.0470788	0.066025	0.0143195	0.00463521	0.0501337	-0.0293135	-0.0199611	-0.0575009	-0.0502549	0.00580286	-0.070052	0.068162	-0.0779851	-0.0214859	0.00609141	0.00875182	-0.119418	-0.0573609	-0.0590881	0.120831	-0.0253285	-0.0582348	0.109084	0.0717272	-0.020994	-0.138011	-0.06962	0.0366031	0.0348398
8000000.0001	0.0652571	-0.0113556	-0.0379099	0.0617529	-0.0722854	0.0801648	0.0159295	-0.0205754	-0.0108403	0.101419	0.0523789	0.0323083	0.0672347	-0.00883408	0.0121848	-0.0281853	-0.100818	0.086021	0.0489296	-0.0199996	-0.0161582	0.00139558	-0.0214713	-0.0590672	0.0360581	-0.0159199	-0.0123918	-0.0243137	-0.0273879	-0.00781225	-0.0559021	-0.0241972	-0.023345	-0.0233381	0.0399917	-0.0319625	-0.00385364	0.0473136	0.0761631	-0.0627614	0.0744976	-0.0770324	0.00695154	0.000581957	0.0175915	-0.120481	0.0645689	-0.000810906	-0.00875533	-0.150166	-0.0877061	-0.0496517	0.0343352	0.0168564	0.0644502	-0.0363249	-0.110187	-0.0825345	-0.00236401	-0.0252098	0.0390699	0.101916	0.0493808	0.09809	0.07179	0.0226264	-0.0205019	0.0854351	-0.0689589	0.116223	-0.0128688	-0.0276684	0.0504997	-0.0638455	0.110995	0.00703419	-0.00578646	0.145772	0.0406555	0.0219498	0.0421499	-0.0241545	-0.0430232	0.0249448	-0.0629994	-0.135687	0.0995577	0.108453	-0.107431	-0.0403829	-0.00443595	0.024339	0.0776148	-0.010291	0.0218609	0.0355698	0.00688392	-0.0119766	-0.0153143	-0.0229656
8000000.0001	0.0413088	0.0781742	-0.0314693	-0.0446854	-0.0479919	0.140706	-0.0308156	0.0102093	-0.045024	-0.0800804	-0.0134906	-0.0393289	0.0237685	-0.00287739	-0.01665	0.0819758	-0.038362	0.0431231	0.0250041	0.0526512	0.0146764	-0.0662229	-0.0207005	0.0497928	-0.0952167	0.0808868	-0.0391342	0.0116279	0.0402662	-0.0498748	-0.00778523	0.0229764	0.128815	-0.00932022	-0.000801818	-0.00920386	-0.0552997	-0.0578921	0.00985533	-0.106725	-0.0478349	0.0402266	-0.0847819	-0.101615	0.0686492	0.0443559	0.0322953	-0.134078	-0.0338936	0.0536667	-0.0619177	0.0392162	0.135257	0.099676	-0.0397522	-0.132911	0.0605613	-0.0228633	-0.0191418	0.0599569	0.000612845	-0.0518482	-0.0544418	-0.00679436	-0.0121727	0.0484011	0.0867061	0.00825284	-0.00873428	0.0250085	-0.0784364	0.130614	-0.00109661	-0.0180228	0.0186615	0.0422742	-0.019901	-0.0205586	0.00161819	0.126473	0.0120401	0.0522729	-0.0750827	-0.0947845	-0.0411279	0.0156844	0.0216901	-0.0203257	0.114592	0.0237595	0.0431279	0.0483741	0.0899627	-0.102284	-0.0406387	0.13423	0.0676578	-0.073995	-0.0667135	-0.0150245
8000000.0001	-0.0251665	0.0220696	-0.0141265	0.0399903	0.0276434	-0.0956374	-0.0767867	-0.0535902	0.0876928	-0.0744941	0.0765613	0.0348289	0.0479562	-0.0667763	0.132604	-0.0743118	0.00468681	0.0496636	-0.0655358	-0.128438	-0.019809	-0.00228838	-0.0740355	0.0377286	-0.0631442	0.0251737	-0.126271	-0.0619255	-0.0265707	-0.0477566	0.0223255	-0.0167729	-0.0462185	-0.0634736	0.0428728	0.0410432	-0.00665437	-0.0222231	-0.041204	-0.0240992	0.0691721	0.0365869	0.0560345	0.0333009	0.0694141	-0.0487894	0.00803421	-0.0342397	0.0671661	-0.0233634	-0.0126773	-0.0527065	0.0885628	-0.0149465	0.0273091	0.0708599	0.0388485	0.0850013	0.0425365	-0.00320985	0.0382691	0.051446	0.0600707	0.016408	-0.0410531	0.0247492	0.0316447	-0.0526036	0.00187559	0.00834903	-0.0496305	-0.000918398	0.00550914	-0.0645314	-0.126896	-0.0216955	0.00511342	-0.0108707	-0.0131419	0.0880291	-0.0393339	0.0301018	0.00187921	0.0267797	0.127963	-0.0348083	-0.00341574	0.0495237	-0.0413974	-0.00314899	-0.063521	0.0408877	-0.0430947	-0.0471311	0.0255005	0.105903	-0.00976691	-0.0504816	0.0500599	-0.118065
8000000.0001	0.0627216	-0.0789636	0.00623299	0.0815878	-0.0124148	-0.00537431	0.0225253	-0.0246237	-0.0263386	-0.00322017	-0.0135988	-0.0119547	0.0277667	-0.0185754	-0.0101584	-0.0198059	-0.0346475	-0.0606212	-0.0458531	-0.0728121	-0.0707406	0.00593407	0.0339424	0.0295036	-0.0265871	0.00671127	-0.0263733	0.0352039	0.0613763	0.0804275	0.033055	0.00768624	-0.0279453	-0.0654537	0.0998071	-0.0948689	0.0442551	-0.024843	0.0545318	0.0310258	-0.026495	0.0176679	-0.0388825	-0.0778303	0.027433	0.101966	0.0958596	-0.0167024	-0.0262155	0.0157787	-0.00368161	-0.0532159	-0.0486503	0.033622	-0.038111	-0.0743868	-0.122391	0.048637	-0.0878676	0.0393983	-0.0923058	0.0235495	-0.0725107	0.0221336	-0.0157522	0.0280436	-0.0287626	0.103636	-0.0381405	-0.0503324	-0.0160071	-0.0481519	0.000944625	-0.00920114	0.128546	0.0257385	-0.0519935	0.045452	-0.0849097	-0.0137857	0.00751646	-0.060052	-0.0132387	0.0496641	0.0793593	0.0443809	0.0296244	0.0523718	-0.0325821	0.0706424	-0.018112	0.0538614	0.0134569	-0.00270809	0.0538949	0.0834373	0.0675123	-0.0589039	-0.0365847	0.0780741
8000000.0001	0.139573	-0.0700721	0.0551027	0.0156338	0.0852287	-0.0263365	0.0402416	0.033685	-0.0321713	-0.0319466	0.0253351	-0.00630366	-0.031656	-0.084566	-0.0234577	-0.12407	-0.0518964	0.0324161	0.0284343	-0.0189617	0.0708628	-0.00171417	0.0515743	0.0318606	0.0625671	0.0485651	-0.0895899	0.00727847	0.0108482	-0.0219398	0.01298	0.0736521	-0.0695088	0.000317567	-0.0533601	-0.0420344	-0.0871822	0.0674544	-0.0209634	-0.0501118	-0.0224762	-0.049862	-0.0882767	0.072824	0.10857	0.00665501	0.00107672	0.0820366	-0.0599333	-0.0105126	-0.0212456	0.0133853	-0.048345	0.0756943	0.0401235	-0.062205	-0.0811818	-0.0148266	0.046474	0.0186577	0.0730829	-0.107789	0.0359326	-0.0282363	0.0257996	-0.0052481	-0.0907759	0.0249784	0.107204	0.029259	-0.00738424	0.157535	-0.047762	0.054666	-0.0346929	0.0594799	-0.10656	0.00285005	-0.00834465	-0.0468419	0.0353492	0.0152688	0.0439433	-0.0571064	0.0204977	-0.146142	0.055713	0.100201	-0.00208301	0.0465631	-0.0179252	0.140608	-0.00101281	0.0118519	-0.181531	-0.0499998	-0.0197215	0.133876	-0.0667497	-0.0957935
8000000.0001	-0.0647781	-0.0323392	-0.0287254	0.0069021	0.0475207	-0.101331	0.0395956	0.00209188	-0.0999484	0.0220499	0.110807	0.104943	0.0545997	-0.00313071	-0.0899321	-0.0139822	0.00859145	-0.042817	-0.023165	-0.0363422	0.0837511	-0.00287592	-0.0168406	-0.0613946	-0.0894044	0.0922416	0.0336421	0.00337818	0.0405907	-0.0531333	0.022485	-0.0612697	0.01018	-0.116343	0.0201266	-0.0731345	-0.0539278	-0.0204859	0.0905396	0.0840717	-0.0739031	-0.043073	0.0127732	0.0491451	0.0784872	-0.00822281	0.027254	0.064535	0.0547803	0.0510468	0.0121203	-0.0280425	0.0697468	-0.0252395	-0.0728561	0.120748	0.0978142	0.0193555	0.0222703	-0.0592148	0.0283229	0.00918855	0.0796714	-0.0925795	0.00804714	0.00914682	0.0320965	-0.0425952	-0.0618571	-0.0389629	-0.0588053	0.00595744	-0.0325193	0.094624	0.0347651	-0.0119755	0.0593681	0.0340752	0.00408569	-0.00227086	0.0138065	-0.0393232	-0.0271672	-0.0996289	-0.0100701	0.114004	-0.0419438	0.0646776	0.0338655	0.15308	-0.0307131	-0.0941195	-0.137646	0.0834774	-0.0523488	-0.0303165	-0.136501	0.0303971	-0.0814237	0.0964495
8000000.0001	0.0742824	0.00132478	-0.0714568	0.120096	0.027932	-0.100132	0.0240364	0.21861	0.122734	-0.0344959	0.00447418	0.0312482	0.0641896	-0.0342261	-0.0145523	0.0504023	-0.169985	-0.0540089	-0.0165029	-0.0712322	0.0561193	-0.0621225	0.0220187	0.0553562	-0.021409	-0.0485847	-0.049663	-0.0235965	-0.0804262	0.117683	0.011951	0.0403972	0.0182022	-0.0310275	-0.0388577	-0.059066	0.0190397	0.138336	-0.0343779	-0.0446543	0.0687783	-0.0826527	-0.0107268	0.0171451	0.0517999	-0.0144335	0.032947	-0.00085602	-0.0264885	-0.0610063	0.116412	0.0334437	-0.0469551	-0.0392538	0.00924876	-0.0657108	-0.0775999	0.0558671	0.00645496	-0.0441403	-0.0652635	0.0086106	-0.00227061	-0.0139128	0.0856459	0.0304892	-0.0350708	-0.113979	0.0738296	0.014763	0.115557	-0.0188536	0.060573	-0.0119957	-0.0108304	-0.00471803	-0.088069	0.0343846	0.0434264	0.0379206	0.0737314	0.0378207	-0.0192459	0.0543994	-0.0492504	-0.00235721	0.224725	-0.0361424	0.0348949	0.0467994	-0.0474548	0.0121158	-0.0502709	-0.0434577	-0.0413148	0.0715592	-0.0193016	-0.00544064	0.0809351	-0.0372986
8000000.0001	-0.0464212	0.0535832	-0.0171261	0.0638662	0.0921273	-0.0266944	-0.0227918	-0.0892647	0.0276742	0.00961773	-0.0485058	-0.0373728	-0.0802207	-0.0465721	0.0324312	-0.0765748	0.0248285	-0.0252087	0.119364	-0.00859273	-0.0323696	0.036153	0.113166	-0.089188	-0.0234222	-0.0538888	0.0827978	-0.044355	-0.032909	-0.114463	0.0303338	0.0105232	0.0611757	0.0157988	0.0432387	0.000834101	-0.146374	0.0781485	0.0657022	-0.0597124	-0.00508473	-0.00632368	-0.0229841	-0.000154112	-0.0966407	-0.0355462	-0.0298508	-0.00363119	-0.0330303	0.0373366	0.00323826	-0.0447733	-0.0103083	0.0674474	0.0502361	0.00035176	-0.0693432	0.0829952	0.000195817	-0.0463318	0.0506778	-0.047678	0.0463937	0.00539979	-0.0316913	-0.125956	-0.0324049	0.0324513	-0.10663	0.0195547	0.0792364	-0.00285223	0.0251341	0.0414792	0.038924	0.0192816	0.0274523	0.0406507	0.031603	0.0739848	0.0326568	0.013052	-0.0858525	-0.0227664	-0.099803	0.0425324	-0.103474	-0.0568377	0.0587954	0.116464	-0.00728784	0.059112	0.0324798	-0.056912	0.0185382	0.024951	-0.0322525	-0.0390602	-0.0246967	0.0118736
8000000.0001	-0.037233	-0.00208649	0.0627059	0.0723084	0.0361821	-0.078445	-0.0429766	-0.052756	0.00840099	-0.0486028	0.0143832	-0.0197079	-0.0409414	-0.0589747	0.0768091	0.0442086	0.0157634	0.0790792	0.0854769	0.0229559	-0.0312613	0.0098648	0.0333614	-0.0125076	0.00853434	-0.0653473	-0.0438065	-0.0359017	-0.0822191	0.0409885	-0.0416253	0.00435175	0.000635114	-0.044547	0.00257201	0.125111	-0.0171375	0.101822	0.0473745	-0.0148728	-0.0894714	-0.0303168	-0.0122756	0.091476	-0.0719907	0.0333191	0.227842	0.0141035	-0.0193067	-0.0117697	0.0387456	-0.108285	0.00442832	0.00591441	-0.0553574	0.0131761	-0.0298972	-0.0880665	-0.0124422	0.0489471	0.0270907	-0.00125485	0.068347	-0.0540739	-0.053723	-0.0802437	0.0787668	-0.0207879	3.54785e-05	0.046928	0.0237369	-0.0383434	0.0339903	0.0906396	0.0192014	-0.032231	0.0281488	-0.0153058	0.0126448	0.0386009	-0.0438247	-0.0903578	-0.0487656	0.0714393	0.0182293	0.00599192	-0.0105472	0.0828022	0.0795022	0.168973	-0.0123221	-0.070972	-0.0185581	-0.038296	0.0120424	0.0174882	-0.00244998	-0.0482713	0.0251904	0.0438714
8000000.0001	0.0369583	0.135157	-0.176776	-0.0676981	0.0314831	0.0417873	0.0501639	0.0355921	0.0324804	0.0209682	-0.057467	0.140707	-0.0667702	-0.0555716	-0.00222529	-0.148665	0.0344817	0.00221282	0.0104134	0.0975058	0.0112406	0.0883713	-0.112222	0.095119	-0.108354	-0.042206	-0.0417131	0.0959177	-0.0777822	-0.13659	0.00328921	-0.039033	0.0550691	0.0908985	0.0332364	-0.0356354	-0.0384625	-0.0209531	0.0500271	-0.0280695	-0.0805507	-0.00731182	0.0499523	-0.0370168	-0.0187121	0.0892705	0.0453011	0.0865586	0.00219197	0.133225	-0.00535213	-0.0252251	-0.142621	-0.0974409	0.0224805	-0.00488217	-0.00191521	0.050446	0.0556618	-0.006083	0.0167259	0.0329656	-0.0339038	0.018468	0.068075	-0.0315791	0.00613066	-0.0535023	-0.0308913	0.0608892	0.0311383	-0.162373	0.0658116	-0.0769367	0.0250976	0.034181	0.0673455	-0.0233292	0.0216947	-0.0963398	-0.0213206	0.0714431	0.0250192	0.00536442	0.00414854	0.0118037	0.0703658	0.0329325	-0.106487	0.0340282	-0.0119287	0.0302373	0.0663807	0.0728086	-0.0230602	-0.0262027	0.0702488	-0.108638	0.0781284	0.0577246
8000000.0001	-0.0573671	0.0628417	-0.00931067	0.00890085	-0.00200427	-0.0048237	-0.0565375	-0.129836	-0.0627465	0.0336435	0.0315761	0.125682	-0.0509853	-0.047807	0.0712563	0.0292577	0.0611505	0.0493187	0.0679996	-0.0618335	-0.0499735	-0.0580586	-0.0102379	-0.0494796	0.0447177	0.0416503	0.0500068	0.0194386	-0.00491454	0.111054	0.0900425	-0.0447771	0.09356	0.108249	-0.0078265	-0.120806	0.057836	0.0470529	-0.00434236	-0.0648186	0.0759968	0.00823446	0.0191216	0.00022138	0.0485807	-0.0596861	-0.0426161	0.053199	0.0188439	-0.0773149	0.107693	0.0360445	0.0662595	-0.00860596	-0.0210742	0.0364422	-0.00610014	-0.0241087	-0.033447	0.00523229	0.0951977	-0.000694134	0.0154741	-0.0461773	0.057408	0.0435656	-0.0633117	-0.135398	-0.0608917	-0.0537712	-0.0524758	-0.0166445	0.0537212	0.0525915	0.0318231	0.0316442	-0.0673482	-0.0224154	-0.00139694	-0.0165949	0.0423539	0.0562306	-0.067323	-0.125179	-0.0560119	0.00500074	-0.0187711	-0.0125837	-0.00663926	-0.0906041	-0.087888	-0.088222	0.0297542	-0.036762	0.0375031	-0.00457029	0.0463575	-0.0550222	0.00268202	0.0124815
8000000.0001	-0.0260781	-0.0250535	0.0339448	-0.00915656	-0.0328904	0.0846962	-0.0295794	-0.00788541	-0.0429619	0.0110764	-0.154063	-0.0782328	-0.0236472	0.0331404	-0.0274964	-0.118628	-0.0988585	0.00146618	0.0453416	0.0709412	-0.0799039	-0.00959923	-0.00187064	-0.00752283	0.087172	-0.0303146	-0.024335	-0.0697103	-0.0508852	0.0146756	0.000170195	0.115679	0.0803564	0.0424313	-0.0113013	-0.0632262	0.0547835	-0.114943	-0.0461683	0.0430865	0.0246492	0.0660145	0.0345018	0.119417	0.00105117	0.0122502	-0.0182162	-0.0172766	0.0842158	0.0278484	0.0475574	-0.0272172	0.0677005	-0.0103203	-0.103302	-0.0734162	-0.0618603	0.0466589	-0.0888738	-0.0196727	0.0156084	-0.0572266	-0.00169827	-0.0212782	-0.0914364	0.0134433	0.0218888	0.0664983	-0.144994	-0.033745	0.0755428	-0.0410012	0.0266825	0.0264603	-0.0341645	0.0458405	-0.002065	-0.0850057	0.0122662	0.0338473	0.043014	-0.0478414	-0.0284111	-0.0152581	0.0231634	0.0391229	-0.00311228	-0.00262768	0.0165655	-0.00319496	0.0654783	-0.0066274	-0.0159841	-0.0572934	-0.0360645	0.00289619	-0.0228356	0.0140814	0.0815029	-0.0423282
8000000.0001	-0.034358	0.0193236	-0.0138304	0.039561	-0.0227293	-0.0464309	-0.0124843	-0.0731387	-0.112202	0.0831253	-0.0296143	-0.0219108	-0.0700824	-0.066336	-0.0921778	-0.0726643	-0.0249871	0.0448144	-0.0100963	-0.00376299	0.015065	-0.0435988	0.0294978	0.0818776	0.0494861	0.0342699	-0.0999886	-0.0839526	-0.124798	0.0424304	0.0501755	-0.0371837	0.0285206	0.107377	-0.0232686	-0.0341336	-0.0760034	0.0276563	-0.00988633	-0.0701057	-0.0106512	-0.0393996	-0.00337081	0.0204137	0.0343836	-0.0406884	0.100058	-0.012811	-0.0625136	0.0383957	0.0409577	0.0540171	0.0131528	-0.0568246	0.0476193	0.104882	0.020843	0.061734	-0.0133605	-0.111579	0.0105097	0.199459	-0.0113792	-0.0293254	0.0142504	-0.00141118	0.0972483	0.00873753	-0.12443	0.0372366	-0.0162051	-0.00922936	-0.0445339	-0.0468975	0.0373771	0.0743939	0.0754341	-0.056766	0.0746236	-0.039524	-0.015282	0.0245861	-0.00297607	-0.00621186	-0.0500922	-0.0821806	-0.0728945	-0.026103	0.0554624	0.013768	0.0500457	0.0787013	0.0464434	-0.167307	-0.0608523	-0.0474155	-0.0378404	0.0294268	-0.122676	0.0357747
8000000.0001	-0.0141744	-0.0495955	-0.0654014	0.0470588	-0.092744	0.0769122	0.0206514	-0.0172793	0.0890106	0.0621204	0.0603148	0.0425415	-0.00503025	-0.0619129	-0.0162631	-0.0562213	0.0208564	0.00636717	0.0328757	-0.0149237	-0.0678368	-0.0432039	0.0640968	-0.0406315	0.0072864	-0.0853559	0.0260047	-0.0337879	0.0307215	0.0358771	0.0747085	-0.0507847	0.0481852	-0.00768962	-0.0362922	-0.0222309	-0.0424234	0.0656254	0.0487891	0.0353858	0.0153902	0.0204137	-0.00596682	0.0104779	0.0396774	-0.0249893	0.0377859	-0.0109981	0.0577278	0.0308121	-0.0454431	0.0642213	-0.0222313	0.017076	-0.0573435	0.0291367	0.0255358	0.0527767	0.0694862	-0.00526899	0.101424	0.0177265	0.0261455	0.01026	-0.0488316	-0.0249476	0.0532294	0.00250082	-0.00822061	-0.0475146	0.0667841	-0.0525715	0.025703	0.00658952	0.018557	-0.0844817	-0.0527679	0.0267492	0.000962544	0.0427762	-0.069778	0.0891901	-0.0185721	0.0229237	-0.0259087	-0.0609591	0.0331492	-0.0710274	0.0865984	0.00820286	0.0139778	0.0476278	0.00740605	0.101095	0.034608	-0.124557	0.0751716	0.0209978	-0.0362739	0.0435889
8000000.0001	0.0560561	-0.0269589	-0.0578478	0.0215852	0.0509576	-0.00215233	-0.111473	-0.0115612	0.0923959	-0.0673135	-0.0688557	0.00599409	-0.00361303	-0.029028	-0.0539354	0.107065	-0.019111	0.00803762	0.0192939	0.0214792	-0.0760114	0.00763949	0.0109974	-0.0360191	-0.0279879	-0.0430607	-0.0208041	-0.0708759	0.0959656	-0.0662737	0.0606161	0.00383493	-0.0222465	0.0651669	0.0772105	-0.00773181	-0.000447657	0.00703954	0.0609897	-0.00503728	0.0962173	0.0767739	0.0409601	0.00409679	0.0113699	-0.060618	0.0398264	0.0500079	0.0364813	0.0495578	-0.00403393	0.0126176	-0.00243218	-0.0634869	0.0520449	-0.0160017	0.0742241	-0.018218	-0.0157525	0.0221802	0.0564306	-0.0344762	0.0845877	-0.0240782	0.00970634	-0.0447684	0.0797025	-0.0394062	-0.0286596	-0.0788096	-0.0735801	-0.00247322	0.0732348	0.0188044	0.0334662	-0.0263691	-0.0246028	-0.0242568	-0.000544881	-0.0314721	0.0254598	-0.0142487	0.0655909	-0.0564601	-0.069081	0.0539823	0.0820072	-0.11415	0.0308875	-0.0108492	0.0419216	-0.000469096	-0.0138238	0.0445892	-0.0057201	0.0082835	-0.114053	-0.0758557	-0.00317479	0.0316338
8000000.0001	-0.0267278	-0.0109597	-0.00282267	0.0453893	0.0841784	0.0080764	0.0859079	0.00836119	-0.0460023	0.0281509	0.0233386	-0.02956	0.0444167	-0.00613448	0.0418393	0.0440587	-0.0333215	0.00674908	0.0330179	-0.0685419	0.0203254	0.0091744	0.0487715	-0.0461653	0.0344269	-0.0147074	-0.00930931	0.0550312	0.00143011	0.0458733	0.0498667	-0.00598443	0.00728922	0.167592	0.110507	-0.0337512	-0.00963871	-0.0352457	-0.0301142	0.0500816	-0.0126734	0.0693698	0.0196393	-0.00861417	-0.0474509	-0.0321323	-0.0481553	0.0814346	0.0894071	0.00870106	0.106849	-0.0440583	-0.0932129	0.0189014	-0.000438303	0.0378052	-0.0124912	-0.00734698	0.0667538	0.0617705	0.03726	0.0478298	0.0545453	-0.0362112	0.014694	-0.0608088	0.00498154	0.0350208	0.0513466	-0.0191696	0.0155512	-0.0487819	0.0218904	-0.028623	0.0346138	-0.019492	-0.0921782	0.0740185	-0.0719462	-0.0785961	0.0328074	-0.057729	0.0123579	-0.0246552	0.0316907	-0.0463489	-0.092136	0.0188885	0.0119682	0.0793109	-0.0340925	0.0203987	-0.00954342	-0.0660301	-0.107913	-0.0264038	0.000300144	-0.00611104	-0.0361326	0.00664525
8000000.0001	0.0605414	-0.075222	-0.0107631	-0.0304603	0.019481	0.0531724	0.0438708	-0.011865	0.0237577	-0.0505913	-0.0235447	0.0669105	-0.038927	-0.0568635	-0.105764	-0.070784	0.0820082	0.0399149	0.0942466	-0.0238013	-0.0986454	-0.159907	-0.0472696	-0.136781	-0.0778758	-0.00902559	0.0116625	-0.0979761	-0.055948	-0.00981775	0.0550418	-0.0275087	-0.0301163	-0.0302182	-0.0469842	0.0334767	0.0901082	-0.0904288	0.0545933	-0.0443162	-0.0446438	0.0852359	-0.103883	-0.0661282	-0.0102908	0.0680674	-0.0227526	0.0869515	-0.00996414	-0.022653	-0.0824522	0.112697	0.0146076	-0.0239732	-0.043938	-0.0494643	0.00290492	-0.0290053	-0.0530452	0.00892552	0.0230066	0.0511001	0.0460006	-0.082404	0.0614554	-0.0271949	-0.0809823	0.0281543	0.0678114	0.0568384	0.0336322	0.0181662	-0.03483	-0.0946882	0.0367676	0.0322361	0.00647868	-0.119515	0.0435968	-0.126504	-0.0765625	-0.0123009	0.0727367	0.030051	-0.118348	-0.154995	-0.103624	0.0149732	0.020179	0.0253051	0.033518	-0.0227131	0.0144038	0.0162685	-0.0416761	-0.0123245	0.00988957	0.0549152	-0.0942694	0.00277921
8000000.0001	-0.0698969	-0.0358261	-0.106753	-0.0694456	0.0143203	-0.100883	0.108604	-0.013092	-0.0879892	0.0345736	-0.00360591	0.0273367	-0.00413151	-0.0972686	0.00123446	0.0590921	-0.0993172	-0.0778022	0.015633	-0.117989	-0.117305	0.0906182	0.0707141	-0.0631502	-0.0427804	-0.0240955	-0.0639549	0.0179164	0.0245249	0.0057753	0.0353941	-0.060397	-0.0135642	-0.0954039	-0.0918457	0.0286126	-0.0226465	-0.0925374	-0.0852924	-0.0222178	0.0176023	-0.101305	0.0663209	-0.0477101	-0.020589	-0.0352342	-0.0522408	-0.100809	0.123034	-0.00155113	-0.057034	0.10055	-0.0513759	-0.0175771	-0.00139074	0.0791015	-0.0261078	-0.0160583	0.116462	-0.0426945	-0.102351	-0.10199	0.0498562	-0.0234547	-0.0091685	-0.0401963	-0.0158014	0.0711636	0.0857634	0.0450599	-0.00651845	0.0120464	0.0173693	-0.0534139	0.0885422	0.0114818	-0.0326603	0.0905584	-0.0099901	0.0554385	-0.0382207	0.0145725	0.0295502	0.0903811	-0.0113442	-0.0292705	-0.0186462	0.0730836	-0.106118	-0.0592223	-0.0439729	0.00720937	0.0103257	-0.0114853	0.0514049	0.029503	-0.068494	0.00490142	-0.0360529	-0.163557
8000000.0001	-0.00258893	-0.0397673	0.0119253	0.0175778	-0.000367081	-0.0411165	0.0955834	-0.054954	-0.0419845	-0.0480774	-0.0819989	0.0416609	-0.0604511	0.156971	0.0516124	-0.0367473	0.163355	0.0185492	0.00146082	-0.10818	-0.119081	-0.00192955	0.0316338	0.00461767	-0.0642586	0.0311759	-0.0449305	0.0569849	-0.149879	0.0117042	0.0963637	-0.0415738	0.0341135	0.0642141	0.114655	0.0113838	-0.0078617	0.115831	0.127708	-0.0159183	0.137979	0.0542183	-0.0315192	0.0205243	0.0172777	-0.111472	-0.0226952	0.0448577	0.0263077	0.079046	0.114991	-0.0382283	-0.0575736	0.0397769	0.0714439	0.000139697	-0.0395814	0.0290047	0.0339933	0.00272083	-0.0121244	0.030666	-0.044317	-0.0359457	-0.0112061	0.0282236	0.036631	-0.00677587	0.0788944	-0.0677943	0.0340935	0.0035687	-0.126319	-0.00270321	-0.0696001	0.0191089	0.0122416	-0.0524235	0.0389119	0.00467204	0.132537	0.0520073	-0.0847325	0.0305452	-0.0424995	-0.0523038	-0.040588	0.013593	0.0331953	0.0236789	-0.0055319	-0.0445869	-0.0508433	0.0452685	0.0572341	-0.00122293	0.000624838	0.016315	0.0877411	-0.0105118
8000000.0001	0.00930076	-0.0315911	0.0671425	0.0012888	-0.0386477	-0.0127728	-0.0210528	0.0756241	-0.0780638	0.00796962	0.013193	0.0502434	-0.0323304	0.0746615	-0.0516403	0.0583388	0.0814092	0.0323304	0.0358234	-0.0251122	0.00544661	-0.0691504	-0.03757	-0.0550512	0.0703472	-0.0216003	0.0124963	-0.123023	-0.0276868	-0.0584581	0.0481267	0.0432573	0.015558	0.00490886	0.0745519	-0.0284824	-0.0084848	0.00624643	-0.0038454	0.0387857	0.18251	0.00880689	0.0338153	-0.0157255	0.0292478	-0.0292273	-0.0401181	0.0624793	0.0586165	0.111668	0.0466457	-0.00499416	0.0341965	-0.0396926	0.0319398	-0.115896	0.060993	0.0981029	0.00738114	0.0655087	-0.0186235	0.0149579	-0.0466054	-0.154805	0.0619526	0.0786977	0.0507262	-0.0284681	0.00913049	0.19313	-0.0373463	0.136968	0.0808917	0.00324292	0.0421937	0.0730475	0.0244664	0.0677319	-0.0330317	0.0322889	-0.0183328	0.030736	-0.0468382	-0.0833702	0.00884713	0.0525147	-0.0303894	-0.000448522	-0.00717462	0.00789171	-0.0183081	-0.102891	0.0148279	0.0653735	0.0121916	0.0270492	-0.034887	-0.00266897	0.0120573	-0.0119426
8000000.0001	0.0220423	0.06489	0.0267471	-0.0525174	-0.0116119	-0.0235921	0.035157	-0.0867993	0.0839279	-0.0399745	0.0867534	-0.011253	-0.0908098	-0.0729772	0.00286387	-0.0531633	-0.0664494	0.0191203	-0.0240245	-0.0374966	-0.00598493	-0.00518602	-0.00449571	-0.058187	-0.0270539	-0.0349557	-0.0135761	0.0973481	-0.0326862	0.0668082	0.0194146	-0.00726167	0.0162154	0.050569	-0.00815421	-0.090885	0.0455302	-0.0097054	0.0144344	-0.0608162	-0.0345205	0.0789117	0.064171	0.0271204	-0.0499719	0.0167744	-0.0594583	-0.0562738	-0.0796146	0.0796607	-0.000887689	0.0684335	-0.0633248	-0.0214153	-0.104563	-0.0387765	0.0227585	0.0438444	0.0487821	-0.026205	0.00983922	0.021253	0.0409147	-0.0734671	-0.0226827	-0.042561	-0.0255293	-0.0504814	-0.0610663	-0.00429245	-0.0442014	-0.0950329	0.0617311	0.0358711	-0.0661151	-0.0864179	-0.014529	-0.0898134	0.0522404	0.00934869	-0.0834953	0.00316367	0.0112722	0.0606626	0.0465717	0.0483861	0.0119341	-0.00627445	0.0161712	-0.0951741	0.0565085	0.0380251	-0.0139161	-0.0208321	0.0791607	-0.0123088	0.0614985	-0.103475	-0.0151504	0.0395407
8000000.0001	0.0148492	0.0630925	-0.00986876	-0.0810373	0.103342	0.0147101	-0.0704719	0.0633817	0.0963911	0.0223689	-0.117148	0.0474589	0.0301196	0.036379	0.0470196	-0.0118675	-0.0254951	0.139147	0.0828152	-0.0934079	0.0594996	0.0107628	0.0524234	-0.0179868	0.0497305	-0.0583251	-0.021192	0.0664126	-0.0144172	-0.0177597	0.0100426	0.00739245	0.079359	-0.010185	-0.0215499	-0.0210964	0.0162389	-0.00187227	0.166198	0.00887126	-0.10137	-0.0532491	-0.0950209	-0.0369351	-0.0257432	0.0195642	-0.0386733	0.0696321	0.0469772	-0.0098291	0.0691945	-0.0655113	-0.0798668	-0.0064489	-0.0295827	-0.0715788	0.0453783	0.0712106	0.0322257	-0.0328207	0.0584851	-0.0325866	0.0503058	-0.112263	-0.0143773	0.15184	0.0990951	0.046146	0.0115748	-0.00591169	0.0437477	-0.00184568	0.0938636	0.0363176	-0.00167532	-0.0391265	0.0249554	-0.00722351	0.0190216	-0.134124	0.0273846	-0.065703	0.0524737	0.0992469	-0.0545235	0.0850955	-0.0835234	0.000556913	-0.0569193	0.104248	0.0234416	0.0789779	0.0504189	0.0108023	-0.0504707	-0.0631882	0.0177467	-0.0126316	-0.135889	-0.0649198
8000000.0001	-0.112066	0.108795	0.0791558	-0.022293	0.0201565	-0.0325448	0.0756763	-0.00118703	-0.0879894	0.00878268	0.0055842	0.0243135	-0.134936	0.0323427	-0.0710979	0.00215057	-0.0122875	-0.0100262	-0.00447298	-0.0243246	-0.0524083	0.0196289	-0.0211677	0.0541912	0.0435429	-0.0188857	-0.0456371	0.101383	0.0154534	-0.0105468	-0.0392822	-0.0501268	0.0359263	-0.048455	-0.0732944	-0.0626541	0.0575985	0.108359	0.00918593	0.0448232	-0.00358229	-0.00335219	-0.115551	-0.00468893	0.115707	-0.0443335	0.0766861	0.106936	-0.00328237	-0.0906618	0.0126659	-0.0441421	0.0103801	-0.0107002	0.0372509	0.0757143	0.0590813	0.040923	-0.106705	0.0426936	0.0188431	-0.0359901	-0.0106487	-0.0191473	-0.120531	-0.018329	0.0747418	-0.0390834	0.0210264	-0.0387799	0.0758238	0.126634	-0.0272527	0.0322952	-0.0586876	-0.0525499	0.0423129	-0.107917	0.0516303	0.123104	0.0261043	0.0271362	-0.0938086	0.0460704	-0.0535453	-0.059265	0.0181279	0.0507424	-0.0271639	-0.0556237	-0.0572755	-0.0421036	0.00519384	0.0124426	-0.00780174	0.0229388	-0.0758784	-0.044972	-0.0838301	0.10995
8000000.0001	-0.0117397	0.0960836	-0.0234136	-0.0186073	0.105396	0.0362582	-0.0779501	0.00374931	-0.06526	-0.0158501	-0.0302798	0.203379	-0.00911134	-0.0132698	-0.060909	-0.0793328	0.0125538	0.121929	-0.084095	-0.0583789	0.0509362	0.0750964	-0.00584906	0.153611	0.027708	-0.0105174	0.00844682	-0.0647288	0.0108019	-0.0378011	0.0980443	0.0603836	0.0741829	0.0192415	0.0631517	0.0967441	0.0379023	0.00531612	0.0329663	0.0357206	-0.0358939	-0.0277306	-0.0109705	0.0259026	-0.0249039	0.066637	-0.0581396	-0.101067	0.0318908	0.0111468	0.027392	-0.0152621	-0.0850693	0.0581858	-0.0522616	0.000201875	-0.0458224	-0.0213968	0.0135332	0.0665699	0.0444265	0.00959831	0.0603627	-0.0689127	-0.0742586	0.0336506	0.0107814	-0.0114689	0.0164299	0.0566613	0.0776983	0.0782665	-0.0985987	-0.0309804	-0.136418	0.101809	-0.0613546	-0.134851	-0.0535007	0.0711661	0.0367566	0.0122038	-0.06265	-0.0383165	0.00238914	0.0593961	-0.0166571	-0.0345266	0.0422223	0.0366388	-0.0898742	0.0197626	-0.0110267	0.212042	-0.0359149	-0.0142521	-0.0539851	-0.0214964	0.0733202	0.0709547
8000000.0001	-0.0850015	-0.0258078	0.0123643	0.0902822	0.0980928	-0.10599	-0.0450068	0.0241713	-0.067819	-0.024089	-0.0629366	0.1167	0.0815641	0.0270587	0.0012886	0.0914275	-0.0745132	-0.0177442	0.0505083	-0.0797674	0.102606	-0.0494644	-0.0180386	-0.117028	-0.0205866	0.102291	0.0892908	-0.0371806	-0.0395122	0.135451	0.0551881	0.04532	0.0247668	0.102247	-0.0053538	-0.0426457	-0.00959036	0.0516563	-0.0335476	0.0540218	0.0694032	-0.0149962	-0.116308	-0.119809	0.0374681	-0.0508027	-0.0193524	-0.00783917	0.00366363	0.00561075	-0.0236708	0.0813275	-0.180684	0.124896	0.0909882	0.00872953	-0.0670844	0.0730859	0.00998248	-0.00979766	0.0276035	0.0440025	-0.0223439	-0.0642694	0.00207318	-0.00980763	0.0213711	-0.0765507	0.0536462	4.38934e-05	0.0468253	0.0495785	0.0116068	-0.0230016	0.0499355	0.0520667	-0.00848952	-0.0430985	0.121426	-0.00899766	-0.144952	0.0582164	0.0783965	0.0358782	0.0460332	0.070642	-0.0158747	-0.0273903	0.106159	-0.0174859	-0.0369127	0.0654121	0.0585199	0.00229706	-0.00377028	-0.0613756	-0.100931	0.0256694	0.0618087	0.0220172
8000000.0001	0.0313487	-0.0502266	-0.0357405	-0.122183	0.0752779	-0.107808	0.0422032	-0.0432531	-0.0130399	0.0638162	-0.0234088	0.0942346	-0.0912492	0.025166	0.0717167	0.0284604	0.03958	-0.0051524	-0.0136225	0.113696	-0.0453258	-0.0887464	0.016339	0.00701023	-0.0304731	-0.00192481	0.0354824	0.0744837	0.0280094	-0.0401031	0.0513924	0.00393999	0.0807578	-0.000907752	-0.0524841	-0.051193	-0.0628416	0.0855196	-0.0892432	0.00398644	0.0530947	0.0214722	0.0233217	0.088312	0.057428	0.00916668	0.011017	0.0506606	0.037055	0.0744943	-0.0359677	0.110728	0.0279919	-0.0482056	0.100831	-0.114953	-0.0034688	0.0319016	-0.0635393	-0.0483327	-0.0401222	-0.0415081	0.0799449	0.0279321	-0.0671336	0.148556	-0.0484709	0.0562082	-0.0521631	0.0617309	0.0110693	0.0179772	-0.0634613	0.0414207	-0.0767781	0.0292982	0.050217	-0.112973	-0.0992247	0.00246797	-0.0908379	-0.00434796	0.0203453	0.0225175	-0.111255	0.0459218	-0.0318106	0.00173118	-0.0289114	0.0498386	0.00898428	0.0192712	-0.0333455	0.0323853	0.0836854	0.0255554	-0.0901	0.141874	0.114835	-0.000263854
8000000.0001	0.0283133	0.0237872	-0.0675506	-0.0662549	-0.0552367	-0.0653195	0.0799774	-0.0923979	-0.105444	0.0102689	0.109094	-0.0333378	0.0324758	0.0361197	-0.0135935	0.0180044	-0.0474633	0.024675	0.0126982	0.0242384	0.0170556	-0.0573868	0.0605383	0.0250346	0.00454718	-0.0226089	0.0947754	0.104431	-0.034884	0.105712	0.0446526	0.0183076	-0.06234	-0.0331394	-0.0157246	-0.0827606	-0.0743998	-0.0513502	-0.0458368	0.017069	0.0411606	0.0232026	-0.0545463	0.00568064	-0.0447039	-0.0874103	-0.0518492	0.00894273	0.115917	0.0231133	-0.0284669	0.0156758	-0.109125	0.000559781	-0.0579997	0.142608	0.122153	0.0196172	0.069634	0.0183226	-0.0508058	-0.0146443	0.0452385	-0.0404987	-0.0663477	-0.00550725	0.0122269	0.00110563	-0.000829632	0.00487179	-0.0243673	0.0797496	-0.0103986	0.0311829	0.00351878	-0.0652177	0.0753374	-0.0348008	-0.0488975	-0.0261841	0.00181383	-0.0653793	0.0222638	0.0711349	-0.0464378	0.0667003	-0.050357	-0.0458891	0.0981351	-0.00728429	0.0544267	-0.0446847	-0.0419223	-0.124346	0.0588895	-0.0983156	0.0318545	0.0308345	-0.0882922	-0.0311248
8000000.0001	0.0690379	-0.0443354	0.0248432	-0.0976357	0.0828722	-0.0716971	-0.0161087	-0.110531	-0.101188	-0.0262831	0.0492259	-0.116988	-0.0995167	-0.0105733	-0.0998678	-0.0816642	0.0678075	-0.102065	0.003709	-0.0200339	-0.0358302	-0.0346391	0.0994635	0.0652897	-0.0285528	-0.099064	0.0618945	0.0198692	0.00273639	-0.0163321	0.0469856	-0.0652771	0.0654377	-0.0345666	-0.090595	-0.0276319	0.0357414	-0.0784355	0.054667	0.025562	0.0120618	-0.0142269	0.0277436	-0.106741	-0.00419966	0.00775037	0.00264094	-0.0734771	-0.0185568	-0.0521227	-0.0421399	0.0299319	-0.0325924	0.0285412	-0.0627094	-0.00290197	0.0844588	0.0421647	-0.00375758	0.00254914	-0.0975778	0.0481254	0.0296729	0.00409574	-0.0603297	0.029378	-0.00897556	-0.00743787	-0.0789801	0.0180644	0.0602543	-0.0318446	0.0547198	-0.00619117	-0.0235432	-0.0182433	0.0115754	0.00462681	0.0502394	-0.0549404	-0.0909207	0.0342935	-0.0104375	-0.0358128	0.00720307	-0.041835	-0.00516262	0.0149467	-0.054225	0.0118659	0.0441164	-0.0618966	0.0144154	0.0343586	-0.0170203	0.0120296	0.021101	0.110131	0.00699257	-0.0230496
8000000.0001	0.0941849	0.0446118	-0.00929242	0.0853102	0.0793099	-0.0447466	0.0357934	0.0837812	0.0209866	0.0477198	-0.0457725	0.00185225	-0.031482	-0.0754623	0.0280576	-0.126424	-0.0568533	0.0305999	-0.127941	-0.0531931	-0.0682171	0.0334915	0.0338187	-0.0597576	-0.0568937	0.0441546	0.00723512	0.0531905	0.029853	0.0670298	0.0445911	-0.0336414	-0.0181435	-0.0150331	-0.0069897	0.117139	-0.00608439	0.039393	-0.0539613	0.00330235	-0.114422	-0.0145379	0.0401414	-0.00275631	-0.0548646	-0.130577	0.0926902	0.00574091	0.0880078	0.000446288	-0.0644352	0.10439	0.0999038	0.021661	-0.0755728	-0.0608677	0.0688277	-0.00705691	-0.0310838	0.0804521	0.0729019	0.0586881	0.0880457	0.027029	0.0611517	-0.0563006	-0.0148665	-0.0211542	0.0277246	-0.0533157	0.148853	0.0979361	0.0169467	-0.0234388	-0.0538016	0.0039323	0.0811358	-0.0730095	-0.0137394	-0.0765583	0.016757	-0.00245333	-0.0641707	-0.0617305	-0.118872	-0.0724315	0.00496606	0.0017471	-0.0333305	-0.0301709	0.0253756	-0.0451019	-0.0103308	-0.110906	0.0180086	-0.0114623	-0.0387009	0.0380847	0.00191026	-0.0710938
8000000.0001	-0.0237194	0.0206096	-0.0375422	0.0149244	0.0255725	-0.045759	0.0332513	-0.0676003	-0.0843392	0.00778984	0.0545102	0.0387514	-0.0276867	0.0814527	-0.0131842	0.0321829	0.0127274	0.0837606	-0.0260635	0.0651386	0.0285862	-0.0607133	0.0298877	-0.0213605	0.0949701	-0.107039	0.0483182	0.0462583	-0.0331545	0.00300903	0.00588865	-0.0324199	-0.0235844	0.0180238	-0.052723	0.0124501	0.0342628	-0.057071	-0.0743142	-0.059005	-0.109788	0.0116217	-0.0795416	-0.0478941	0.0155051	-0.0501672	-0.0784579	-0.0801013	-0.0451281	0.0139472	-0.0130081	-0.0583393	0.06807	-0.072043	-0.0121613	0.0238263	0.0182892	0.0306062	0.00221421	0.0671627	-0.00409683	0.0594352	-0.0987988	-0.00552175	-0.014872	-0.055307	0.0189893	0.010542	0.0158499	-0.0323733	-0.0015471	0.0165334	0.0619954	0.0306782	0.00351416	-0.103675	0.0424535	-0.031608	-0.0667184	-0.0393233	-0.0528717	0.049577	-0.0332097	-0.0605913	-0.00755795	-0.0782584	0.0704963	0.0360791	0.0110566	0.0678968	0.0355804	0.00235015	0.0704158	-0.0474757	-0.0654586	-0.0129495	-0.0293179	0.00465012	-0.00385819	-0.0572483
8000000.0001	-0.075331	0.00868164	-0.0133639	-0.0775462	0.156776	-0.0847043	-0.0496316	-0.145425	-0.0856467	-0.0156027	-0.0593161	0.13681	-0.0862309	-0.0325551	-0.0450426	-0.0599708	0.139878	-0.00150452	-0.00711533	0.0549125	0.0774548	0.00319047	0.0668007	-0.0832174	-0.0422274	-0.03631	0.0219254	0.0265056	0.0231384	0.0640005	-0.0272593	0.0853253	0.102193	0.0409635	0.0103373	-0.00637448	-0.0262493	0.116134	-0.0372129	-0.0568084	0.00476588	-0.0727921	0.00546567	0.045964	-0.0183803	-0.0892721	-0.0747575	0.0276524	0.0773619	-0.0025208	-0.0920512	-0.00970887	0.0235115	0.0312899	0.0105567	0.0520671	-0.000389937	0.00954305	-0.0763654	0.0408251	-0.0937567	0.0116572	-0.0811891	0.114262	0.0876607	-0.0411901	-0.00679108	0.0665794	0.0650129	0.0681176	0.0197154	0.045707	0.061492	-0.0233705	-0.00254402	-0.0530019	0.0215186	-0.0136394	-0.00365028	0.0918628	-0.0909153	0.0266999	-0.0617673	-0.0257489	0.0370679	0.0291008	-0.084605	0.0465624	0.124425	-0.0784794	-0.0569449	-0.10048	0.0103661	0.0420845	-0.0115143	-0.0660338	-0.0200057	0.0838	0.0706454	-0.0812939
8000000.0001	0.0317246	-0.0398243	-0.00539589	-0.0243916	-0.0748335	-0.0174669	0.0139913	-0.0239318	0.0268833	-0.0457191	0.0201415	-0.0522421	0.0355252	-0.0193895	-0.0466523	0.106072	-0.0519995	0.0172527	-0.106351	-0.0504577	0.0080539	-0.0143478	-0.113425	-0.0750969	-0.0477134	-0.091085	0.110037	0.016171	-0.0403887	-0.0197819	0.0449238	0.0178607	0.0480203	0.0188001	0.0518499	-0.0728127	0.0415052	0.0377072	-0.0704428	-0.0278058	0.0482639	-0.0757175	0.0752996	0.0766862	-0.0257686	-0.0473353	0.0725197	0.0928478	-0.0724375	-0.00173468	0.0109286	-0.0500316	0.0175108	-0.0252918	-0.0189049	0.055676	-0.0131217	0.0839419	-0.130873	-0.0432076	-0.0060197	-0.0395663	0.0168272	0.0366261	-0.0529463	-0.0379524	-0.0133934	-0.00544586	-0.015205	0.0607108	0.0308239	0.0144547	0.162884	0.0802905	-0.00949646	-0.0393241	0.0680912	0.0333355	0.0642967	0.0269637	-0.0586958	-0.00398641	-0.0354258	-0.0455063	0.0197732	-0.0785813	0.142586	0.0290095	-0.0656113	-0.0589612	-0.054512	-0.00466649	0.0828734	-0.00718412	-0.102973	0.0188689	-0.0276885	-0.0294798	-0.0670964	0.00861895
8000000.0001	0.117891	-0.0708814	-0.0429054	0.0800411	0.014267	0.0109021	-0.0353695	0.0479382	0.0123598	0.114922	0.0875118	-0.0339655	0.0266557	0.0236048	0.0698568	-0.0674498	-0.0160713	-0.0424959	-0.0528088	0.0840583	-0.0319561	0.036802	-0.0215725	0.0283252	0.0376971	0.0149854	-0.00109591	-0.0863753	-0.042015	-0.0594799	-0.037924	-0.0788185	0.00144001	-0.0789458	-0.0807598	0.166438	0.00109637	-0.0179031	-0.0371268	0.00880656	-0.089743	-0.0422689	-0.0190317	-0.038159	-0.108449	0.102525	0.0610798	-0.00782813	-0.042127	0.0429989	-0.0116156	0.0660858	0.141796	-0.0271646	0.0609736	-0.030386	0.0613382	0.0388017	-0.0768481	-0.0904421	-0.0704618	0.00895526	-0.0167652	-0.0976051	0.0384609	0.124206	0.0478647	0.087342	-0.198101	-0.0275189	0.0700756	-0.0344292	0.0286524	-0.0314063	-0.0291257	0.022075	0.0226565	-0.0731659	0.0323219	-0.0222235	0.0231899	-0.0713013	-0.0367351	-0.0213641	0.00511965	-0.142156	0.0542583	0.0474982	0.0369431	0.0565589	-0.0329538	-0.0709475	0.0105209	-0.0212766	-0.0641671	0.0621989	-0.0443903	0.00116846	-0.0734153	0.0544752
8000000.0001	0.0104448	0.0280921	-0.00397018	-0.0629507	-0.0221774	-0.0420205	0.0735573	-0.00668159	0.0399985	-0.0818591	0.0344707	-0.00811318	-0.0274307	0.0433727	0.0595449	-0.0953928	-0.0472852	0.0197707	0.0202573	-0.127115	-0.0240481	-0.0876654	-0.0201167	0.0484816	-0.116406	-0.143705	-0.0320203	0.128771	-0.0102847	-0.0219067	-0.0887831	-0.0155812	-0.0504024	0.0442462	0.00543257	0.0321769	0.0936809	0.0498482	-0.0782865	-0.0447539	-0.0171063	-0.194228	-0.0731498	0.0463027	-0.0257961	0.02024	-0.0754988	0.0650809	-0.0557217	0.0740652	-0.0800417	0.018084	-0.0227115	-0.104783	-0.0227509	-0.0850255	0.0350915	-0.0133611	0.0240679	0.0273533	-0.0271428	-0.0291864	0.0161352	-0.00889676	0.0170251	0.0330232	-0.0326749	0.0330242	-0.0737726	0.0237248	0.00638701	-0.0701356	-0.0115179	-0.0533687	-0.101463	0.0469196	0.0164398	0.0123995	-0.067941	-0.0683195	-0.0395895	0.0658246	-0.0127609	-0.0206456	0.0330125	0.0356035	-0.0182865	-0.0477092	0.127506	0.0350477	-0.0879185	-0.00892946	-0.0191308	-0.0228877	0.0741232	-0.0112963	0.0499412	0.0299038	-0.0515564	-0.0955145
8000000.0001	0.0311055	-0.00524359	-0.0531821	-0.0171358	-0.0869736	0.0397835	0.029093	0.0324736	-0.0286736	0.0199575	-0.0186033	-0.128661	-0.030023	-0.0445482	0.0504	0.0256685	0.00553286	0.0239612	0.0600378	0.0063104	-0.0716128	-0.0243503	-0.158124	-0.031894	-0.0146436	0.07821	0.0824152	0.0152636	0.00549546	0.086159	0.00759745	0.00758708	0.0305742	0.052901	0.00827966	0.0853318	-0.0023066	0.00763715	0.0345289	-0.0835135	-0.0691094	0.10014	-0.0205411	0.0875013	-0.0305329	-0.013924	0.00087595	-0.0275747	-0.0162463	-0.0841925	-0.0590951	0.0276851	0.0219142	0.0380725	-0.0404073	0.0753526	0.0268667	0.00971645	-0.0984215	-0.0252106	0.104808	0.128465	-0.0022224	0.0246042	-0.0275963	-0.00316775	0.0363722	0.0216338	-0.0125446	-0.11698	-0.0581232	-0.129355	0.0485499	0.0424396	0.0261257	0.0650357	0.090453	-0.0301452	-0.0486971	0.0952127	-0.0958054	-0.0129464	-0.0190811	-0.0276666	-0.0334694	-0.0862076	0.0593985	-0.00610029	-0.0511054	0.0197338	-0.0368394	0.0301579	0.0769273	-0.0681481	0.0571589	-0.0158431	-0.0687981	-0.00959198	0.0626025	-0.0708633
8000000.0001	-0.00693653	0.0184701	-0.0785571	0.0913017	-0.0254155	0.0204065	-0.00332358	0.0222763	0.0130253	-0.0676313	-0.0741266	0.0341683	-0.0961315	0.053868	-0.083767	0.106147	-0.0576503	-0.0399302	0.0908771	0.00628054	0.028998	-0.0563939	0.0236668	0.0661576	0.0561259	-0.0273395	-0.0626753	-0.0177359	0.0158542	0.069177	-0.110436	0.108953	-0.0311486	-0.0653289	-0.0166651	0.0404931	0.0564271	-0.0220535	0.00812333	0.00997634	0.0327624	-0.0705453	-0.0261098	-0.0607341	0.0370691	0.0030131	0.0305338	0.0260125	0.0149172	0.073239	0.00404075	-0.0277658	0.077829	-0.0614484	-0.021411	0.0264505	0.0619805	-0.0739461	-0.0259466	0.0811599	-0.0396236	0.0811057	0.0688079	0.119184	0.0125928	-0.0484735	-0.00983969	-0.0201985	-0.0556487	0.0775645	0.0171463	0.00147688	-0.0181315	0.020242	0.0327375	-0.0125206	0.0793053	0.0876095	0.0276766	0.00986153	0.0535363	0.0563098	-0.00453538	-0.037092	0.132676	0.0447123	-0.0505614	0.0431216	-0.050894	-0.0509873	-0.131681	0.0497649	0.0101095	-0.0587581	0.0482445	-0.0347274	-0.0925082	0.0164756	-0.0424575	-0.0323761
8000000.0001	-0.00227979	0.00630076	0.0275342	-0.0960104	-0.00714725	-0.0233854	0.0084283	-0.0870251	-0.0728858	-0.05517	0.000510167	-0.0122938	-0.0733672	-0.0637399	-0.0461395	-0.0898465	0.0111352	0.0263287	-0.0817626	0.177486	-0.0479752	0.0969687	0.0413237	-0.0438485	-0.0190516	-0.04418	0.0922793	-0.000572368	0.126831	-0.0225333	-0.0384025	0.0304813	0.058982	-0.075052	-0.0332329	-0.0761453	-0.0685444	0.00627422	-0.00758898	0.0341425	0.0838457	0.0992474	0.0139241	-0.0151511	-0.00663259	0.0197652	-0.0143303	-0.0976763	-0.0739598	0.0694632	-0.0105979	0.034876	0.00559301	-0.0365817	-0.0341324	-0.125215	0.00741968	0.0676619	0.0491822	0.0258772	0.0194499	0.158886	0.0305291	0.156986	0.00661586	0.0298629	0.0778804	-0.0732076	-0.00722956	-0.0018452	-0.0241566	-0.0225351	0.089381	0.0663772	-0.0683871	-0.0532137	0.00706125	-0.0348817	-0.0828971	-0.0381482	0.0409503	-0.0841896	0.0468661	0.0633705	-0.0467355	0.0670163	-0.0886833	-0.00201056	-0.00294244	0.0448211	0.0692193	-0.0216737	0.0385843	0.0386498	0.031995	0.112529	-0.0928777	0.0349347	-0.000457721	-0.0437721
8000000.0001	0.0666465	0.0178704	-0.0661413	0.0440942	0.000751917	0.039304	-0.0358672	-0.0142346	0.0879464	0.0569753	-0.0246074	-0.0314027	0.0615934	-0.0284785	-0.0238876	-0.0409087	0.0418384	0.0562645	-0.00408994	0.0127941	0.0357584	0.0770888	-0.0326881	0.0570701	0.00707936	0.0797404	-0.00410905	-0.0484463	0.0285996	-0.0269428	-0.0189544	0.0639413	0.016624	0.090304	0.0309133	-0.0714332	0.132367	0.122516	-0.00670887	-0.0748042	0.0702665	-0.0174184	-0.0100913	0.0422499	-0.0125746	0.0377484	0.0519584	0.033042	0.0526933	0.0400239	0.0124765	-0.052283	0.045698	-0.0209704	0.107823	-0.121382	-0.0661685	0.0539386	-0.0721303	-0.0982863	0.0263564	0.0781725	0.0648105	-0.117446	0.019652	-0.103431	0.0114861	-0.0133661	0.020148	0.0284623	0.0239267	0.120008	-0.0124712	0.0532681	0.0267984	0.0372343	0.0484099	-0.0505158	-0.0846052	-0.0625132	-0.107585	0.0405317	-0.00904417	0.100702	-0.0556387	-0.108638	0.0778268	0.0437249	-0.00921957	0.039717	-0.0128643	-0.00849943	0.0243105	-0.035049	0.0337998	-0.0758018	0.0455301	0.00564658	-0.0525892	0.00128973
8000000.0001	0.0677973	-0.0331887	-0.119448	-0.101702	0.00840597	-0.00659686	0.0401655	0.0153725	-0.0485266	-0.0919174	-0.0644067	0.0945193	-0.00580812	0.149105	-0.0165894	-0.0107403	-0.0181085	-0.0172045	-0.0651173	-0.046355	0.0962242	0.00689207	-0.149671	-0.0490754	0.0446	-0.0991914	-0.0497546	-0.132305	0.0293547	0.0403976	0.0101538	-0.0339373	-0.00516784	-0.016091	-0.070813	0.030934	0.0247664	-0.0457505	0.0233022	0.00186349	-0.0297953	0.022233	0.108275	0.0411557	0.0477368	-0.00308634	0.0933139	-0.0311177	0.0403085	-0.0840836	0.0645221	0.128588	0.0355509	0.0225622	-0.00246594	0.0544023	0.0706888	-0.168172	0.0153318	0.06471	0.0636465	-0.0385612	0.0957939	0.0112339	-0.0400343	0.102007	0.0406437	0.0506994	0.0488105	0.0321858	0.056224	0.0430589	-0.0374104	0.0645969	-0.10196	0.0197976	0.00167553	-0.0424348	0.242733	-0.0423264	-0.0612854	0.0778024	0.0108973	-0.0119846	0.0800453	-0.00276442	-0.0177145	-0.050267	-0.0112991	-0.0485873	0.0139873	0.00620886	-0.0605121	0.149531	0.0202264	-0.117891	0.00720563	-0.0360159	-0.0110444	-0.0173522
8000000.0001	-0.0973967	-0.109889	-0.0508356	0.0333475	-0.0691432	-0.0276635	-0.0273334	-0.00196943	0.0217833	-0.0184795	-0.0316305	0.0133975	0.0304547	0.0417506	0.0185271	-0.0417811	0.0290571	0.00208083	-0.0216416	-0.0826888	-0.0357592	-0.0127552	-0.112268	0.0220024	-0.0348326	-0.00252172	-0.0123526	0.000324616	-0.00594857	0.0303487	-0.0336133	0.0625909	-0.150422	-0.055222	-0.0355421	0.00865249	-0.0407818	-0.0306248	-0.0501329	0.0440535	-0.0230466	-0.0439113	0.0859062	-0.00177374	-0.0620249	0.0317891	0.0578017	-0.0289364	-0.057343	0.0757212	-0.0165877	0.0625917	0.0399453	0.0244812	0.00479139	-0.0311784	-0.116805	0.132156	-0.112744	0.0323391	-0.024452	0.0327258	0.0744391	-0.047988	0.0789601	0.019053	0.123235	0.0519026	0.014182	-0.101565	-0.0132869	0.015204	-0.0637012	0.00795778	0.021124	0.0299545	0.00129813	-0.130238	0.0478305	0.110261	0.077984	-0.125175	-0.0666689	0.0012292	0.0166232	0.11997	-0.0156365	0.0141186	-0.0149589	-0.0896646	0.0962285	0.0838839	-0.0204432	-0.128697	-0.0134388	0.0523488	-0.0795167	-0.0530679	0.0414822	0.0367828
8000000.0001	0.0390783	-0.0659527	-0.0189141	0.0529721	-0.0616768	0.0144945	-0.032293	0.0619626	0.0523241	-0.0497811	-0.0118393	-0.133557	0.0357047	-0.0485718	-0.000194196	-0.0444384	0.0357529	-0.00787532	-0.0563276	-0.0348209	-0.00597419	-0.0430239	-0.0399034	0.0328342	0.0748463	0.0860613	0.0163769	0.105909	-0.0599617	-0.0669904	-0.0360349	0.0376094	-0.116223	-0.0500607	-0.0733561	-0.0987871	0.0492518	-0.0639461	-0.0162111	0.0342385	0.0648114	-0.058322	0.107535	0.0296368	-0.0299805	-0.0189939	-0.000514151	-0.00207548	0.0123555	0.0823885	-0.0769505	-0.0395854	-0.0208955	0.0102921	-0.0696985	0.13245	0.0209184	-0.00502959	0.06895	-0.0199573	0.0758648	-0.0370109	0.0165318	-0.0235635	-0.130131	0.073332	0.0513708	-0.00853261	-0.0882205	0.000775576	0.0251253	-0.00569078	-0.0704109	0.0171002	0.0257358	0.00947219	0.0826422	-0.0536466	0.056346	0.113757	0.0761754	0.0487024	0.0250826	-0.0294171	-0.00875863	0.0270435	-0.0081222	-0.0426015	0.00394688	0.036471	0.0310428	-0.036775	-0.0463906	0.0665986	-0.0145122	0.00407018	0.0352944	0.0223852	0.0176639	-0.0876781
8000000.0001	-0.0428416	0.00228824	-0.0558697	0.00507732	0.0712641	-0.017857	0.0600011	-0.0105376	0.0294371	-0.0699455	-0.0445748	0.00840604	-0.0413117	0.0546131	0.0614896	-0.0193319	-0.032465	0.0857935	-0.0809466	0.0482295	0.116721	0.00461915	0.0253638	0.052874	-0.0356921	0.0596196	-0.0347082	-0.0551277	0.0215205	0.0505256	-0.0195764	0.0681525	-0.0317821	-0.00111077	0.0563081	0.0471607	0.0166432	0.0162919	0.058723	0.0528023	-0.0142017	0.073363	-0.0551889	0.0600712	-0.0144831	0.0335833	0.0283448	0.0382938	0.0605326	-0.0599285	-0.0121626	0.00405271	-0.0721122	-0.048208	0.0467839	-0.00173853	-0.11759	0.00647958	-0.0662604	-0.0458756	-0.0414952	-0.0236706	0.13701	-0.0484942	-0.0235136	0.0275865	0.0832478	0.0649609	-0.0373928	-0.0111745	0.0624301	0.0306485	-0.0367684	0.0149123	-0.0690137	0.0363851	-0.0243067	0.0232784	-0.0739461	0.00839725	-0.0686542	-0.0495258	-0.0572685	-0.0684115	0.0627346	0.0634438	-0.0902723	0.0326044	-0.0113367	0.0247149	-0.0164367	-0.118442	0.0617894	-0.0112259	-0.0503716	-0.0086957	0.0251499	-0.0525891	-0.0525607	-0.0191628
8000000.0001	-0.0216795	0.0320924	0.0586419	-0.0517587	0.0108604	-0.0836826	0.0537099	-0.00504577	-0.0918255	0.00586567	0.0393912	-0.0077088	0.00227417	-0.0321321	0.0227444	-0.00441273	-0.017462	0.0229304	-0.0758679	0.0162998	0.0543196	0.154618	0.0546128	0.0751186	-0.0339956	0.0376951	-0.101503	-0.0287232	-0.0449562	0.0851662	0.0322257	-0.0774555	0.0551512	0.0785719	-0.00103747	0.0698319	0.0425399	-0.00928596	-0.0225497	-0.0550572	-0.0360609	-0.0472639	0.0567887	-0.00178547	-0.0447626	0.0289981	0.0512705	0.0133268	-0.00245684	0.13142	-0.0574844	-0.00708605	-0.0236967	-0.109721	-0.12967	0.0271365	-0.0865874	-0.0286329	-0.00314181	0.0100816	-0.0464813	-0.0201427	0.0706802	0.0112763	0.00831604	-0.0213297	-0.0480606	-0.00411582	0.0414444	0.0472151	-0.0528773	0.0487213	-0.0278772	-0.00411212	-0.0218389	0.0182345	-0.0526203	-0.0239963	0.156119	0.0125281	-0.020498	0.0581269	-0.130759	-0.036903	-0.0866472	-0.0729002	-0.0366006	-0.079934	-0.108696	-0.0800348	0.0398514	-0.00127096	-0.0991375	0.0148934	-0.0560863	0.127259	0.0622001	-0.00428398	-0.00328594	-0.0482586
8000000.0001	0.0629751	-0.0238779	0.0872436	-0.0389476	-0.0654281	-0.0854823	0.0417995	-0.0295782	0.065739	-0.0430962	0.0518259	-0.0571133	-0.0239246	-0.133138	0.00775604	-0.0149351	0.0157076	0.0546426	0.153228	0.0268763	0.0177731	-0.0565731	0.00248072	-0.0221681	-0.00186578	-0.0548235	0.0199199	-0.0767584	0.0276775	-0.0106418	0.0435241	0.00880192	0.0764461	0.0365068	-0.0538415	-0.0270696	0.00184345	-0.0722497	0.0160552	-0.016844	-0.0833217	-0.141326	0.0320353	0.0253411	0.0517479	-0.000769587	0.0602112	0.034632	0.00803161	0.00974595	0.0853763	0.0966348	0.0815295	0.0265702	-0.0578749	0.137433	0.138541	-0.0360631	0.0373622	-0.0455464	-0.00942555	0.0621912	0.0524601	-0.00423132	0.0379821	-0.0467998	0.0521978	-0.0168128	0.062296	-0.0242007	0.0321034	0.0944243	-0.0757226	0.103811	0.0295906	-0.012121	0.0179662	-0.0643991	-0.0789953	0.0314997	-0.0964556	-0.0102515	-0.0348855	0.0385384	0.0375362	-0.0507117	0.0260677	0.0152487	0.0695571	-0.017039	0.0813017	-0.00238809	-0.0262297	-0.0223802	0.0353198	-0.0618467	0.0136343	0.014396	-0.017827	-0.00629364
8000000.0001	0.00652403	-0.0692774	0.00988807	0.0165084	0.070853	0.0152578	-0.043498	-0.0631007	-0.0621228	0.0195527	-0.0317642	0.0108138	0.00754696	0.0394973	-0.00395161	-0.0377369	-0.062603	-0.0819517	0.0901769	-0.0688857	-0.0171868	-0.0742801	-0.0639115	0.112204	-0.115267	0.0201287	0.0204264	-0.014111	0.0058162	-0.0037626	0.0788119	-0.0287577	-0.0388116	0.0652273	-0.0540734	-0.0348284	0.0666081	-0.00286321	0.0145085	-0.0215123	-0.0379431	-0.109015	0.0819894	-0.019716	-0.00297898	-0.0472862	-0.0506624	-0.046254	-0.0712095	-0.041329	-0.0419295	-0.141849	0.0420453	0.0618374	-0.036321	0.051671	0.0503039	-0.0709609	-0.0414471	0.0340942	-0.145046	0.126305	0.0169199	0.00647333	-0.0574455	0.0637301	0.0539636	0.0962135	0.0512553	-0.0872762	-0.0232565	0.0503485	-0.0204534	0.0476485	-0.0188971	-0.0750921	-0.00729056	0.0182839	0.0462729	0.0634012	-0.021121	-0.0266727	-0.0425933	0.0309249	0.0424158	0.048701	-0.0402155	-0.114521	-0.0451467	-0.0457227	-0.030977	0.0647563	-0.0360004	-0.069064	-0.0229995	0.0160009	0.0258105	-0.0605573	0.00499298	0.0071416
8000000.0001	-0.0548723	0.0394469	-0.105144	0.0106687	0.0451739	0.101409	0.0477112	-0.0535646	-0.0704822	0.0522851	-0.0657072	-0.0187657	-0.00198584	0.0530651	-0.103669	-0.0587527	0.108035	0.058097	-0.0880143	0.00819369	-0.0596378	0.0875045	-0.0497853	-0.0518739	0.0706837	0.00688956	-0.0784915	0.0564852	0.0901864	-0.0228343	-0.0239632	0.0588969	-0.00671308	0.0019191	-0.00225635	-0.0560147	0.0756309	0.0199393	0.0694619	0.0261683	-0.00165435	0.0174726	-0.0411629	0.0499179	-0.113971	0.0383831	-0.0283889	-0.042375	0.0786956	0.0713728	-0.117474	-0.0913652	0.0518039	-0.0172304	-0.141667	0.0306314	-0.00731447	0.0539684	-0.0846546	-0.0628208	-0.0764196	0.0308602	-0.040129	-0.0112386	-0.0288773	-0.0152177	-0.0381615	0.0079968	0.0521348	0.0338031	-0.0326026	-0.047195	0.0461993	-0.0301155	-0.0850991	0.050555	0.0672077	0.0591176	-0.000493383	0.0338829	-0.00196776	-0.00538334	-0.0488963	0.0456237	0.05076	0.0423617	-0.0363151	-0.0257969	0.0105742	0.0114777	0.0189615	-0.0294606	0.00518838	0.04262	-0.0379013	0.0150195	0.129563	-0.0196897	0.00654802	0.0568736
8000000.0001	0.0619258	0.0708006	-0.0534429	-0.0299883	0.0593801	-0.00695187	-0.0497196	-0.0197349	0.0609333	-0.104488	-0.114211	0.000917276	0.0107181	0.0765382	-0.0566469	0.0812696	-0.0432924	0.00227189	-0.0723202	0.0364022	0.0673081	0.0738793	-0.0438504	-0.0098676	-0.0811522	-0.0185054	-0.0390402	-0.020762	0.0867341	0.0547035	-0.034882	-0.0111014	-0.0484226	0.0841302	0.078568	0.0226934	-0.138645	-0.0366373	-0.0183567	-0.0148311	0.0344926	-0.0662951	-0.0330241	0.0463633	-0.00765142	-0.00611599	0.0120626	0.0622156	0.012116	-0.0480804	0.0431539	-0.0486263	-0.0295167	-0.00874923	0.0672812	-0.0598986	0.0385017	-0.023991	0.00827702	0.0171666	0.0368438	0.0891985	-0.0315952	0.0469988	-0.0191153	0.016047	0.126067	-0.00740305	-0.0500271	-0.0198589	-0.0060659	0.00983696	0.0225454	-0.0161323	-0.0471786	0.0437866	0.0552563	0.0424814	0.0242181	0.0993089	0.0388009	0.0276418	-0.0260423	0.00943282	-0.0650201	0.00624167	-0.0477732	0.0350286	0.0343459	-0.0243671	0.0459321	0.0166771	0.0145188	-0.0602904	0.0721004	0.067219	-0.0991969	0.0668756	0.0750917	0.0377633
8000000.0001	-0.0273162	-0.026954	-0.0919778	-0.0552972	-0.089434	0.0162291	0.0372321	-0.00757094	-0.0714552	-0.0500695	0.0159587	-0.0229199	0.0318887	0.0565557	0.050771	0.00145619	0.018616	-0.0193287	0.0730635	0.0612639	0.0162784	-0.0698961	-0.101855	0.0379762	-0.0176986	-0.00356822	0.00597934	0.160961	0.022772	0.00969337	-0.0102432	0.0233894	-0.016156	0.0284895	-0.0255033	-0.067195	-0.0378168	-0.112667	-0.0255394	0.0907781	-0.0716399	0.0523391	-0.00192136	-0.00375022	0.0671389	0.0191143	-0.0319308	-0.0134284	0.0757724	-0.0448543	-0.0270258	-0.066045	0.0739869	0.0530933	0.00945676	0.00116397	-0.0166114	0.00941284	0.0601794	0.133143	-0.0161564	-0.0330174	-0.0366795	0.0732242	0.0916224	0.0776568	-0.0349629	0.0384689	-0.0333276	0.0889594	0.00323413	-0.0155081	-0.0262981	-0.0615356	0.0100412	-0.00343349	0.0709035	0.0600526	0.0142361	-0.0973287	0.0690711	-0.0114588	0.04376	0.0431316	-0.00132285	-0.00264019	0.0108344	-0.0555733	-0.0630354	-0.00459702	0.0022141	-0.0483145	-0.0180997	-0.00139272	0.0489602	0.0851943	-0.0139664	0.0347779	0.0164072	0.0180201
8000000.0001	0.0138987	0.017171	-0.134455	0.0629276	-0.00568225	-0.0127946	0.0171523	-0.0174296	0.0401577	-0.0730204	-0.00942581	-0.022964	-0.0442416	-0.0788873	0.129933	0.0133934	-0.0266352	0.0516708	0.036002	0.0402628	-0.11057	0.0412596	-0.00719035	0.00982915	-0.014165	0.0540757	-0.0382956	0.0620657	0.0557407	0.0324462	-0.00727052	-0.115146	-0.0853875	0.000104567	-0.0218468	-0.0391537	0.0155549	-0.152443	-0.0613172	-0.0573601	0.0600894	-0.0540454	-0.0993221	-0.00141701	0.0298724	-0.0160094	-0.0833482	-0.0655585	-0.108045	0.0818392	0.0500407	-0.0283565	0.0802175	-0.0369592	-0.0600679	-0.0220612	-0.0110887	0.00996128	-0.105501	-0.101953	0.0252176	0.0022051	0.0525143	0.0243512	0.0803562	0.0574356	-0.0842844	-0.0353713	-0.050863	-0.0381568	0.0379119	-0.00777514	0.0020711	0.0288695	0.0688893	0.00394712	0.0214393	-0.0476132	0.00494879	-0.055078	0.0228696	0.0777371	0.00796169	-0.0511902	-0.00383406	0.0346821	-0.0235962	-0.055484	-0.0497175	-0.0633832	-0.0357697	0.0388979	-0.0215202	-0.0350452	-0.0177404	0.00692463	0.0279613	0.078429	-0.112428	0.0459651
8000000.0001	0.0726469	0.0404291	0.0720582	-0.0317944	0.0529689	-0.0389314	-0.0356633	0.0136153	-0.079694	0.00526213	0.0138061	-0.000720224	0.0281345	-0.0274206	0.0461556	0.0559222	-0.0461343	0.0729223	-0.0498812	-0.0527841	0.00375738	-0.051323	-0.0116432	-0.0575351	0.062643	-0.082718	-0.0397457	0.0801343	-0.106766	-0.00475373	-0.00899163	0.0103953	-0.0163458	-0.0235102	0.0340827	-5.34225e-05	0.0714771	-0.0448167	0.0373557	0.0555854	-0.0861714	-0.0200885	-0.132134	0.0300831	-0.061703	-0.0364558	0.0302825	-0.00138779	0.0659175	-0.00772149	0.0078635	-0.0523252	0.059715	0.0366074	-0.071386	-0.0401343	-0.0598311	0.020159	0.0897287	0.023721	-0.0415739	0.0431454	0.0162571	-0.0388807	0.00549415	0.029512	0.0462216	-0.00783275	0.0466253	0.0199054	0.0510593	-0.0662971	-0.0324882	0.0199408	0.0442303	-0.0476031	0.0569348	0.0707372	0.00255386	-0.0344147	0.0632993	0.0310731	-0.0118665	0.0663857	0.0502195	-0.100257	-0.0195355	-0.019046	-0.114323	-0.0246732	0.0505323	0.0245578	-0.0226497	0.0833431	-0.0521663	0.0812664	0.0539447	0.0012559	0.0197152	-0.0518417
8000000.0001	-0.0948618	0.0549869	-0.120535	-0.0136942	0.00347779	-0.0429451	0.0885654	-0.00591526	0.0258161	-0.0116982	-0.00253858	-0.00855559	0.0837278	-0.0149718	0.0983869	0.03993	-0.0292705	-0.0625598	-0.0392185	0.0666833	0.0395101	-0.0129177	0.076656	-0.0921892	-0.0169989	0.0432349	0.00567582	-0.0572331	-0.037214	0.0891488	0.0980367	0.0668452	-0.0308544	0.0708536	0.0834016	-0.0380552	0.049011	-0.0337917	0.0194617	-0.0469587	0.11244	0.113406	0.0945038	0.0848718	0.0185812	-0.0198814	0.0927754	-0.0143061	-0.0183087	0.0325026	0.0858221	-0.0210709	-0.00433254	0.0855275	0.0844714	-0.0780262	0.0324198	0.0234057	-0.071892	0.0781317	0.103974	-0.0337128	0.00251833	-0.0852009	-0.00710536	0.0761893	-0.0185229	-0.0161373	-0.0106014	0.00053248	-0.0119224	-0.0506831	-0.00700384	-0.0337971	-0.00329491	0.00274121	-0.0172648	-0.0325232	0.0850956	0.0267441	-0.0663985	0.0272677	0.00469103	-0.0552729	0.0375849	0.00102786	-0.0352185	0.0026853	0.0186003	-0.0867166	-0.0374606	0.0166363	0.0618842	0.151845	-0.0563171	0.0237015	0.014517	-0.0237861	0.0357827	-0.0839118
8000000.0001	-0.074744	0.0151587	0.0277206	0.0293914	-0.00964061	0.0726268	0.0204593	-0.110068	-0.0472832	0.0100506	-0.0407763	0.0086362	-0.0440183	-0.0812556	-0.0216171	0.00169666	-0.00390418	0.0309333	-0.0550873	-0.0624955	-0.00296544	0.019742	0.00873908	0.0759822	0.0458643	0.0831612	-0.0758135	-0.00631544	-0.114729	-0.0965993	-0.0093955	-0.00177815	0.0178826	0.110756	0.00331936	-0.0369757	-0.0434906	0.0216438	-0.0132618	-0.00069293	-0.059198	0.0412316	0.0802312	-0.0686918	0.0346218	-0.0487536	0.0269086	-0.0127344	0.0527127	0.0495744	0.0366852	0.0140707	-0.0394728	0.0953314	0.00122289	-0.0338232	0.0580475	-0.0219069	0.0208489	0.0371978	0.0101157	0.0102926	-0.0163281	-0.11136	0.0115107	0.00307415	-0.0577533	0.0698483	-0.0380848	-0.0824903	0.0263215	0.0803261	0.0169973	-0.0846965	0.0150479	-0.029321	0.0302612	0.0035402	-0.0416484	0.0592279	0.0952451	0.08082	-0.030606	0.0508895	-0.00547204	0.0570011	0.00843983	-0.0189175	0.0610636	-0.0477702	-0.0407745	-0.04904	0.0151984	-0.0671526	-0.0246325	0.0433878	0.0569172	-0.0758731	-0.0434161	-0.0416219
8000000.0001	0.0334573	0.0776066	0.0546399	-0.00321101	-0.102491	-0.0116211	0.0582495	0.0704723	-0.0599845	-0.0900187	-0.0145152	0.106603	0.0244387	-0.0100512	-0.0367855	0.0389881	-0.0264863	-0.0560067	0.0153671	-0.00932625	-0.0553274	0.0332584	-0.02505	-0.0421318	0.0445351	0.0152897	-0.0421939	-0.112861	-0.0383167	-0.0105955	0.0213189	-0.0325591	0.0806468	0.0205469	-0.0619735	-0.0842838	-0.0288234	-0.0613933	-0.149477	0.0903038	-0.110488	0.066555	0.0470621	-0.00620181	0.011483	-0.0430412	0.0441082	-0.0828519	-0.0226032	-0.0636384	0.0465016	0.0316132	-0.0217987	-0.0455736	0.0172161	0.0067355	0.0342231	0.0918869	0.0735731	-0.0419605	-0.0319807	0.00145243	-0.0196102	0.0287402	-0.0214021	-0.00948172	0.0811216	-0.00427002	-0.061769	-0.0947058	-0.0243349	0.0282019	0.0323952	0.0976238	0.0230698	0.130516	0.00953003	0.000364736	0.0145707	-0.00019337	0.0338431	-0.0230415	0.0550277	-0.0982585	0.0399634	-0.0209973	-0.025952	0.0836035	-0.0348468	-0.0078908	0.0341485	0.0393999	-0.0141669	-0.0610427	-0.0613343	-0.0263273	-0.0295864	-0.0695904	0.089972	0.0315602
8000000.0001	0.016086	0.102862	-0.0638779	0.0571856	-0.00649546	0.116758	0.0259326	0.0289335	0.0406963	-0.1342	-0.0674482	0.0196408	0.0702086	-0.0735499	0.00380294	0.00932844	-0.0447448	0.043883	0.12373	0.0284127	-0.100844	0.0821861	-0.0092301	0.00681591	-0.0550814	0.000523516	-0.0210976	0.0300125	0.0487507	-0.0416292	0.0176409	0.0187432	0.0120873	-0.0865476	0.0320277	0.0515352	-0.0807774	0.0116118	0.00946343	-0.137445	0.0214408	-0.0601457	0.00324867	-0.0170108	0.0113719	-0.0195257	0.0317682	-0.0195476	0.0566975	-0.0420376	0.0503618	0.0991381	-0.0584949	-0.00621147	-0.0175412	0.0321961	-0.00266294	0.0561312	-0.0122552	-0.0538177	0.0170307	-0.165845	-0.0623234	-0.0900882	0.00210447	0.0402993	-0.0360264	-0.0134687	-0.0181041	-0.0988125	-0.0306093	0.0232352	0.0424597	-0.171558	-0.0509206	0.0108356	-0.0162234	-0.0245302	0.0197672	-0.0341181	0.0413838	0.00885389	0.0337746	0.0122103	-0.0355256	0.00115249	-0.0309815	0.0104148	-0.0397261	0.0222442	-0.106733	-0.0496078	0.0407385	0.0044157	-0.0687164	0.0356213	0.0185709	-0.031513	0.000981774	0.078011
8000000.0001	-0.0374749	0.145164	-0.0390957	-0.0325306	-0.00592367	0.019601	-0.0250232	0.0517509	-0.0165334	-0.00451748	0.0301946	0.0237981	-0.0444632	0.0741946	0.0405187	-0.0498731	0.0538314	0.0292623	0.0285022	-0.0183153	0.0846582	-0.0702554	0.064063	-0.0254708	-0.0365673	-0.00117715	-0.0422913	0.0215774	-0.05939	0.0627898	-0.0424952	-0.0188333	0.0339306	-0.104407	-0.0628868	-0.0185736	-0.0511102	-0.0782679	-0.0244447	0.0320378	-0.12245	0.0347819	-0.0214462	-0.0323898	-0.0308731	0.0207247	0.0960436	-0.0394204	0.013489	-0.0257224	0.103169	-0.109709	-0.00789104	-0.0556003	-0.0875651	-0.00872284	-0.0243231	0.0995065	-0.0719911	0.0247715	-0.011544	0.0635658	0.162732	0.109689	-0.00614393	0.0431586	-0.0178137	0.014926	-0.0299252	0.0830373	-0.0814774	0.117408	0.0358685	-0.0259279	0.0259441	0.0510597	0.0331794	-0.000589026	-0.0470561	-0.0617337	-0.0568713	-0.0618994	-0.0512648	-0.0696136	0.0293642	-0.0218203	0.0037488	0.0233856	0.0756548	-0.0518948	0.0382146	-0.00524796	-0.0209346	0.0214135	-0.0363746	-0.0511489	-0.0235713	0.0280658	-0.00701004	-0.0102819
8000000.0001	-0.0229996	-0.0595162	0.0121577	0.0266934	0.0166375	0.00246535	-0.00937903	-0.00186125	0.104129	0.0277424	0.0191912	0.0214634	-0.00435707	0.0832441	-0.00213405	-0.00554218	0.0161624	0.0691066	0.091634	0.119575	0.00600978	-0.0175526	-0.104083	0.0405876	0.0193268	-0.0381677	-0.054211	-0.0885765	-0.0892272	-0.0097115	-0.0729034	0.0550577	0.00742077	0.0277046	0.00187939	-0.0011874	-0.0179399	0.0254003	0.0614245	-0.0604951	-0.0475645	0.0641854	-0.00754116	0.0799441	-0.0445025	0.0213267	-0.0250705	0.0511415	0.032659	-0.0478927	-0.0139771	-0.0303987	-0.0403857	0.00738812	0.094644	-0.000617386	-0.0143474	0.0943291	-0.00409937	0.0207986	0.114044	0.075413	-0.0192867	0.00284403	0.0911756	-0.0404944	0.06419	-0.0534968	0.043125	-0.0833114	0.0454676	0.131	0.0424904	0.0462871	-0.0863963	-0.0675899	-0.0783118	0.00150332	0.0554129	0.0180874	0.130912	0.0282768	0.057451	0.0113773	0.0826828	-0.0589876	-0.0130613	-0.0111938	0.111177	0.0371188	0.0403691	-0.0610036	-0.0331698	0.0382145	0.0668309	-0.0470064	0.0452052	-0.0410542	-0.0725303	-0.0553014
8000000.0001	0.0501974	0.0543758	-0.0442882	-0.0127686	-0.0338145	0.0358366	0.002283	-0.078982	0.0261557	-0.118034	0.00679292	-0.0142878	-0.0186645	-0.114704	-0.0374476	0.0608154	0.0240453	0.0437599	-0.0360916	0.000978009	-0.109301	-0.00874384	-0.0374215	0.0862616	0.0405624	-0.0581854	-0.0756508	0.0788707	0.0920582	-0.0258937	0.0176829	-0.0220196	-0.0196999	0.000218349	-0.0225094	0.0945196	-0.0774037	-0.0337261	0.0235188	-0.0542835	0.0801449	-0.0498802	-0.0746423	-0.0127962	0.0443816	0.0511739	-0.0800833	-0.0301695	0.0825349	-0.0182272	0.0352318	-0.0115438	0.104179	0.0920171	0.0660674	0.11969	0.0782122	-0.0554165	-0.0623847	0.0394975	-0.0476005	0.0111322	0.108069	-0.0262571	-0.0689127	-0.0642085	0.0739589	0.0984108	-0.0215738	0.00947152	0.00433116	-0.0432278	0.0357923	0.0145924	0.0194366	-0.0693797	-0.0431115	-0.0221648	-0.0461837	0.00892499	0.0193333	-0.0270428	0.0528283	0.0741124	0.0419474	-0.0413957	0.046954	-0.0846206	-0.111716	-0.0201372	0.0428478	0.00113632	-0.0178575	0.0472233	0.0253613	-0.0861024	0.00196349	0.0962339	0.0599065	-0.0485681
8000000.0001	0.0359322	0.0620308	0.0197257	0.0564732	0.135898	-0.0929508	0.0140479	-0.057362	-0.0309358	-0.072759	0.0354141	0.0172385	-0.0791292	-0.0199931	0.0178022	-0.0335668	-0.0532546	0.0418479	0.0425667	0.00327778	0.0694266	-0.0394712	0.0657595	0.0291301	0.0015053	0.0676731	0.0749082	-0.0260269	0.0693684	-0.0607834	0.0412245	-0.016268	-0.000151812	0.092558	0.0173056	-0.0414261	-0.039377	0.0338507	-0.0520703	-0.0250356	-0.0898784	0.0309826	-0.0719546	-0.0720637	0.0724423	-0.0411639	-0.0561442	0.0533524	0.0355888	-0.00263891	0.0969839	0.0234502	0.064812	0.0714838	-0.0644239	-0.0808957	0.0353519	-0.0641231	-0.019687	0.0664116	-0.0490616	-0.0268677	0.0072638	0.0679531	0.0360086	-0.0765719	0.034561	-0.05907	-0.0396434	0.101758	0.0792578	-0.11918	-0.00322187	0.00464332	-0.0585533	0.0879905	0.116907	-0.0540907	0.0013983	0.0833147	-0.000128257	-0.015806	-0.025564	0.0792991	0.100368	0.0490602	0.0539808	0.0246901	0.0378348	0.0383092	-0.0295355	0.00851417	0.049917	0.0369258	0.0899828	0.0492054	0.0026463	-0.0108483	-0.16705	-0.0302473
8000000.0001	0.00895611	-0.0344218	-0.0127056	0.0669914	-0.0072608	-0.0726958	0.0973711	-0.0358958	-0.13472	-0.0251044	0.0618251	0.107229	0.00634433	-0.0597093	-0.0246163	-0.0387341	-0.107426	-0.00151953	-0.0979959	0.0149083	-0.0265075	-0.0576654	0.0518044	-0.00436379	-0.0475024	-0.0360942	-0.0198737	-0.00632559	0.00326546	0.0912363	0.00039322	-0.000109468	0.0644696	0.0788964	0.0250366	0.0360364	-0.031411	-0.062593	0.0574018	0.00244006	-0.0573949	0.0604591	0.107501	0.0124728	-0.0686467	-0.0813423	0.103055	-0.086475	0.0579935	0.0186431	0.00900245	-0.0171069	0.00706559	0.0338553	0.00524817	0.0200578	-0.0643644	-0.00260142	0.125074	0.00378069	0.00335954	0.0598523	-0.0267962	0.0383514	0.006542	0.0241765	0.0913808	-0.0217326	-0.00694491	0.0914951	0.00899781	-0.0602449	0.0556626	-0.0252602	0.000230905	-0.0475266	-0.0483213	-0.0806661	-0.022635	-0.0666625	-0.048167	-0.064897	0.0222617	0.0433466	0.0556794	0.052649	0.0608057	0.133415	0.0129767	-0.0213488	-0.0197241	0.0217746	-0.0320101	-0.070778	0.0250142	-0.00301044	0.0161579	0.024283	-0.0253558	0.061477
8000000.0001	0.187489	0.0317381	0.04398	-0.0291015	0.035063	-0.0844612	0.0349907	0.0565359	-0.0723128	0.0187241	-0.00962727	-0.00131359	-0.00789445	0.0260139	-0.0664484	-0.0447239	0.00523439	-0.0534431	-0.0229965	0.0635247	0.117743	-0.000513603	0.0432297	0.072017	-0.0168914	0.0981016	-0.0235521	-0.0825634	0.0250811	-0.0589316	-0.0747513	0.103375	-0.102604	0.0930217	-0.0515718	-0.0209586	-0.0223644	0.125235	-0.073611	0.0075124	0.0959388	0.056529	0.0297581	-0.0415997	0.0662965	0.0317095	-0.0234697	-0.0778241	0.0130482	0.040231	0.0390919	-0.011994	-0.0186163	-0.00363762	0.0168965	0.0108107	-0.139227	-0.0143297	0.025693	-0.0146299	0.0556572	0.0127502	-0.0272921	0.0203886	0.0906402	-0.0424745	0.0630256	-0.00868066	0.00787948	-0.0408105	-0.0678342	-0.0691871	0.0213256	-0.0226704	-0.076763	-0.0423185	-0.0314028	0.0171459	-0.0094254	-0.028098	0.0571268	-0.0294865	0.0355808	0.0813057	-0.0365482	-0.0823789	0.0072314	-0.0478643	-0.0150688	-0.0270971	0.000622551	-0.026246	-0.0323012	-0.0265399	-0.0076601	0.0778768	-0.00434609	0.083614	-0.0156031	-0.0556747
8000000.0001	-0.0324781	0.0713536	0.0517742	0.00934951	0.0413968	-0.0703804	-0.0436226	0.0345055	-0.0548096	0.0116753	0.0371151	0.109501	-0.0215767	-0.00441392	-0.0639203	0.0230488	0.0492818	-0.0400801	0.0546871	0.0691984	-0.169397	-0.081831	-0.0662178	-0.0651501	-0.120232	-0.0605888	0.0806373	-0.0267569	-0.0135852	-0.0382212	-0.144746	-0.0376464	0.0618843	0.05956	-0.00753018	0.0358004	-0.117436	0.0770164	0.131152	-0.0314475	-0.0239176	-0.047537	-0.0579516	0.102879	0.0596057	-0.0532921	-0.0240762	0.0631678	-0.0860708	0.0452877	-0.0205995	-0.0713552	0.0513903	0.0268202	0.0745826	0.00156139	-0.0303863	0.0617812	0.00367026	-0.000750075	-0.0367616	0.0474451	0.0118745	0.00679797	-0.000744982	0.0162885	0.0341408	-0.019549	0.0403145	0.108804	-0.00650723	-0.0736899	0.126514	-0.034302	-0.0392098	-0.0140577	0.0190127	0.024835	0.0753846	0.0791303	-0.0132904	-0.0216576	0.0443259	0.0568858	0.0235061	-0.00681864	0.0285644	0.0625598	0.0677897	-0.12721	-0.0655093	0.0174218	0.00179641	0.0642555	-0.0226718	-0.065734	0.0788771	0.0100027	-0.0561779	0.0683877
8000000.0001	-0.0558735	0.0487772	-0.0263497	0.052499	-0.0330054	-0.0329551	-0.0119967	-0.00497502	-0.0576244	0.0647451	-0.064823	-0.0218377	-0.0282718	0.0461036	0.0567511	0.0430603	-0.0496941	-0.0121503	-0.029871	-0.0175946	-0.0152701	-0.0571548	0.106327	-0.0122092	0.0257259	-0.0361914	0.00412489	-0.024372	0.00947671	-0.00696666	-0.00936637	-0.0101772	0.0124518	0.0139221	0.0144317	-0.0822112	0.0138706	-0.100892	-0.0410893	-0.00426461	0.062101	0.095565	-0.0268711	0.0275412	0.0926466	-0.0298021	-0.0392421	0.0116015	0.0110576	0.00878382	-0.0265612	0.0820555	0.11647	-0.114773	0.0754133	-0.0996289	0.0121445	-0.0136654	0.0124592	0.0575244	-0.115966	0.00211747	0.0563252	-0.0300244	-0.0680861	0.0372241	-0.0181159	0.0121139	0.137203	-0.00982039	0.0530385	-0.0155359	-0.0661676	0.0649817	-0.0491549	-0.0195851	-0.0962283	0.00330879	0.00542998	-0.0507483	0.0333859	0.0873131	-0.0163782	0.024332	-0.00594847	-0.0667184	-0.134719	0.00693765	-0.00207267	-0.0563119	0.102183	-0.0761532	-0.0384021	0.0134082	0.0222914	0.0369586	-0.0661677	-0.0407402	-0.0537262	-0.0348982
8000000.0001	0.0778047	-0.0768136	0.0692649	0.018285	-0.0263363	-0.0442236	-0.10904	-0.0112954	-0.00956068	0.12313	0.0459345	0.0176068	0.048119	-0.0309139	0.102502	-0.0293731	-0.0950349	-0.00260086	-0.0370452	0.0391319	-0.0909115	0.0210753	-0.0236105	-0.0236076	-0.048051	0.0213598	0.0599355	-0.0024393	-0.0933715	0.0723872	0.0630568	0.0494683	-0.00493115	-0.00550041	0.0466035	-0.0310609	-0.00537077	0.0155065	0.0261972	-0.0641541	0.00489967	0.03543	0.0985153	-0.0721646	0.0248706	-0.0166149	0.00150205	-0.0782159	-0.00740698	0.0996983	-0.107641	0.0729319	0.0893479	0.102551	0.0370109	0.0522073	-0.0850944	0.0276711	-0.0732553	0.0160546	-0.115857	0.0479416	-0.0777891	0.0348953	0.0140027	0.0851168	-0.00851883	0.0397764	-0.0463879	0.0647221	-0.024106	-0.00101221	-0.067727	0.0360005	0.0217137	-0.122432	0.0178112	0.0231921	0.0251253	0.00520485	-0.0656254	-0.00365845	-0.0476042	0.0514925	0.0826764	-0.0989528	-0.0369255	0.0531614	0.0207963	0.0470895	-0.0703871	-0.00304723	-0.0166463	-0.0674928	0.0747017	0.0717874	-0.0201579	0.00695563	-0.0378206	0.00444144
8000000.0001	0.0261462	-0.0479006	0.000268052	-0.0174511	-0.0152065	-0.0069581	0.108316	0.0541114	-0.0141964	-0.0345773	-0.0887437	0.0329325	-0.0170033	-0.0208342	0.0143808	0.0780336	-0.00808579	-0.064748	0.0771156	-0.00332046	-0.075483	0.0918648	-0.0872122	0.00500268	-0.0831936	-0.130808	0.063885	-0.00965418	0.0645332	-0.0592315	0.000243706	-0.00895407	-0.00536716	0.0216356	0.0550278	-0.058252	-0.012051	-0.0498731	-0.0305908	-0.0265048	0.00342554	0.0764021	-0.0574003	-0.0876309	-0.00581032	-0.000488918	0.00737615	0.0895852	0.0100304	-0.0035535	-0.0408645	-0.0396541	0.00889845	-0.0913655	0.00383983	0.013302	0.0397208	0.0131352	0.0187052	0.0190873	0.0171844	-0.00511239	0.080851	0.0641407	-0.0912512	-0.0763565	-0.00408783	-0.00857712	0.0481157	-0.0060057	-0.0524775	0.0326961	-0.0218469	0.0394496	-0.0519973	0.000329765	0.0131217	0.0162413	0.0164787	-0.0242713	0.107859	0.0139776	-0.00111327	-0.0581989	0.015796	-0.0478637	-0.0610086	-0.0174752	-0.017799	-0.0494669	-0.0291947	0.0678133	-0.00316135	0.0812064	0.058719	-0.106801	-0.0607839	-0.0557281	-0.0652381	0.00886188
8000000.0001	-0.0928795	-0.0186247	0.0256142	-0.204057	0.0396667	0.059799	-0.0492291	-0.0214074	-0.0372034	0.0513319	-0.000205424	-0.0139816	0.0102703	0.0503007	-0.000276978	-0.0180731	-0.0985433	0.0279957	0.00610069	-0.0360369	-0.0560195	0.0842845	-0.0583819	-0.0185686	-0.0368018	-0.0612518	0.0350641	-0.00297164	0.0123863	-0.0975789	-0.00670341	0.0173867	0.0510243	0.00607748	-0.097987	-0.0597117	-0.118723	-0.0604866	0.0665138	-0.0989442	0.0718361	0.0334946	-0.0607046	0.0947896	-0.0587995	-0.0623093	-0.0108986	0.00928466	-0.0490474	-0.0679542	-0.0999647	0.0436387	0.00448827	0.0686858	-0.00590205	0.0538799	-0.104874	0.0578949	-0.0930428	-0.0227967	-0.111732	0.0313193	0.0231891	-0.0334705	0.0477981	0.0116253	-0.086634	0.058859	-0.11094	0.022502	-0.0391559	-0.0172378	-0.0284157	-0.105585	-0.128756	0.0319791	-0.00631788	0.0103694	-0.0179236	0.0943092	-0.033759	0.0193869	0.0709595	-0.0178818	-0.00105957	0.0687886	-0.0623507	0.0794991	0.00793213	0.0224598	-0.0373612	0.042033	0.0010309	-0.0287193	0.0512952	-0.0801551	-0.0240494	-0.0811169	0.0290659	-0.0418726
8000000.0001	0.0534197	-0.0804033	-0.0251899	-0.042415	0.0434375	-0.0607698	-0.0360533	-0.00864147	-0.00174851	0.0533076	-0.0228767	0.0494185	-0.042791	0.0211457	-0.0977944	-0.0377918	0.0131698	-0.012775	-0.02406	0.0650742	-0.00996484	0.0192182	-0.029774	-0.0251103	0.0342412	-0.0132506	-0.0439995	0.0366624	-0.00163391	-0.0863705	0.000587712	0.0128243	-0.0280192	0.121506	-0.0283775	-0.0746981	-0.0510113	-0.0638627	0.0187299	0.061698	0.00397176	-0.02163	0.0106842	0.0356721	-0.022031	0.0266847	-0.0442537	-0.0138227	-0.0640422	0.0114116	0.0635501	0.113403	0.00783688	0.0441947	-0.119353	-0.00813173	0.0102973	0.0783955	0.149726	0.00518526	-0.00311592	0.046484	0.00352742	0.0459186	-0.0585452	0.0498006	-0.118298	-0.00986835	-0.016473	-0.0306507	0.045374	0.0284854	-0.0582215	0.0100857	0.13018	-0.0638305	-0.00507999	-0.0801777	-0.00315825	0.0323408	0.0118676	0.0664478	0.0226483	-0.0240327	0.0495513	0.0516187	0.0409654	0.0123335	-0.033149	-0.0203034	-0.10201	-0.0689504	0.00588938	-0.00441373	0.0387923	0.0216541	0.0248594	-0.0447605	0.0904553	-0.015917
8000000.0001	0.0100596	-0.069498	-0.0619283	0.0159337	-0.0976257	0.0860792	-0.0135112	0.0692699	0.0184352	-0.0514185	-0.060134	0.0607743	0.00213302	0.0231057	-0.0373073	-0.0691749	0.0173156	-0.0462066	0.0281052	0.050042	-0.030772	-0.0186537	0.0147131	0.0419314	0.0720402	-0.0108337	-0.0264489	-0.0837179	-0.0470417	-0.172278	0.0468622	-0.0715742	0.0690664	0.0868575	0.00552902	-0.0922545	-0.00361597	-0.0126813	-0.102751	0.0649936	0.112196	-0.0805582	0.105601	0.0287617	-0.0209922	0.0770088	-0.0872929	0.0363792	0.0454581	-0.0643042	0.0491647	-0.0379804	0.0110815	0.00697184	-0.0385844	0.00638494	-0.0667299	0.00155507	0.0633144	0.143222	-0.0499977	0.0116034	-0.0918831	0.109392	-0.0831091	0.0847369	0.0278085	-0.0845329	-0.0822543	-0.0488688	0.0168468	-0.110416	0.0169522	-0.0807356	-0.0121914	-0.134495	0.0429011	-0.0276729	0.0101031	-0.0253358	-0.0214746	0.0773438	-0.0581304	0.0321066	0.149187	-0.0209511	0.05184	-0.0365992	0.02086	-0.00124209	0.0650815	0.00185659	-0.0134706	0.0166428	-0.0150294	0.0131201	-0.0368259	-0.000160217	0.00441457	-0.0609756
8000000.0001	0.00210309	0.0983376	0.0187108	0.0162388	0.0433462	-0.00449109	0.0196931	0.0476492	0.0600732	0.0187224	0.0586845	-0.0278513	0.077102	-0.0438907	-0.0084469	0.0134929	0.0815661	-0.0346179	0.0123037	0.162913	-0.114335	0.120818	0.000268626	0.0348101	-0.0289351	0.0438532	-0.0292338	0.0140044	-0.0101288	0.0875635	-0.0561326	0.101553	-0.0394753	-0.142823	-0.0151406	0.0412584	-0.104272	0.0371152	0.0263695	0.106588	-0.0866195	0.0533719	-0.0443063	0.0216604	0.0609073	0.0702041	-0.0215149	-0.0256214	-0.0572239	0.0139297	0.0873218	-0.0100039	0.0626872	-0.0124216	-0.103504	0.000406065	-0.109074	-0.00356947	0.0210638	-0.0533195	0.0108265	-0.133131	0.0208115	0.0359483	0.0207146	-0.0165986	-0.0135834	-0.0229617	-0.0153583	-0.0397224	0.0771189	0.0594187	-0.0157696	-0.0208887	-0.0330859	0.0176073	-0.0253601	-0.000825113	-0.0422784	-0.0569072	0.100977	-0.0176713	0.0480907	0.00176727	-0.0954714	-0.0830378	-0.00784311	-0.0565002	0.0421192	0.0324135	0.0448652	0.0397716	0.0307307	-0.0073831	0.0661259	-0.00626259	-0.0408916	-0.0202726	-0.0842337	-0.0252825
8000000.0001	0.0131526	-0.0309217	0.0873693	-0.0419699	0.0555202	-0.0364852	-0.0251805	0.0717192	-0.00757828	-0.0442409	0.00931694	0.0704642	0.0291509	-0.0475594	-0.0126279	-0.0352813	-0.037216	0.0494611	0.0558622	0.0202598	-0.116721	0.0136826	-0.0404916	0.00377539	-0.0459378	-0.00718996	-0.0350582	-0.0347999	-0.0460628	0.000509303	0.0211589	0.0286978	-0.00880847	-0.0279901	-0.0751944	0.057386	-0.0256555	0.047653	-0.094614	0.0671236	0.0532839	0.00340085	0.0466558	-0.11833	-0.0361379	0.0374334	0.108942	-0.0238879	0.0583817	-0.0569181	-0.0594292	0.00622328	-0.0146825	-0.0317385	0.0352622	-0.074311	0.0541353	-0.0299114	-0.0515091	0.0263105	-0.0150554	-0.0533442	-0.00983369	0.05451	0.022393	-0.137637	0.124999	0.00651331	-0.0240816	-0.0875617	0.0587012	0.0245994	0.0337389	0.0895124	-0.0231421	0.0548652	-0.0301206	-0.0266507	-0.0412441	-0.130549	-0.00959913	-0.0105036	0.0412558	0.0324212	-0.0061228	0.0926159	-0.079609	-0.0542557	-0.125439	0.127123	0.038118	0.0200951	-0.12307	-0.0689954	-0.0229761	0.0258648	0.0559268	0.0431905	-0.139116	-0.0744532
8000000.0001	0.00815757	-0.0273119	-0.0460862	-0.024486	-0.0093219	-0.0380775	0.141898	0.0366905	0.0219835	-0.0801276	-0.115784	0.0892922	-0.00651018	0.00208074	-0.0152206	0.0369947	-0.0646774	0.105195	-0.112391	-0.113178	-0.0242694	0.016875	0.0382862	0.100669	0.00792376	0.0367598	-0.12625	0.0715822	-0.109986	-0.0511231	0.055544	-0.143913	-0.0306449	0.0736356	-0.0018603	-0.107218	0.0609273	0.0356741	-0.0280216	0.053659	-0.0634684	-0.00443462	-0.0176449	0.0497972	-0.064143	0.0158512	0.0123062	0.0253841	0.0834616	0.105701	-0.11504	0.0849047	0.0776717	0.0409655	-0.0802854	-0.0178683	-0.0754506	-0.0171123	0.0371789	0.047605	0.0903473	0.100711	-0.0438906	-0.0349782	-0.080239	-0.025152	-0.0620099	0.0347485	0.00787426	-0.0417253	-0.036634	0.0225734	0.0530989	-0.0654705	-0.0524454	0.108912	0.0697369	-0.0609346	-0.10851	-0.0995845	-0.0782925	0.0373586	0.0125657	-0.0212921	0.0294246	-0.00880541	-0.0158824	0.0972071	0.0285889	-0.0363735	0.0116746	0.0115147	0.0779832	-0.0330862	0.0311833	-0.0562888	0.121621	-0.0217783	-0.0372521	-0.00360089
8000000.0001	0.0118714	-0.0296383	0.137186	-0.00845884	-0.00345429	-0.0202164	-0.0581824	-0.0133346	0.0223078	0.0392301	0.0268593	-0.0170346	-0.0458126	-0.0476868	0.0236946	-0.015774	-0.0801298	-0.016344	-0.0181578	0.0702647	-0.0433366	0.000379873	-0.0283851	0.0759455	0.1087	0.0713086	-0.0113996	0.00918579	-0.0322296	-0.039585	-0.0826657	0.0572635	0.052869	0.146449	0.108245	0.0133248	0.0107119	0.148632	-0.028642	0.00990132	-0.104116	0.148843	-0.057759	-0.0155853	-0.0679667	-0.0445014	-0.0134221	0.00929676	0.0463098	0.0430183	-0.00425643	-0.00629647	0.0668156	-0.0309932	-0.0402249	-0.00212597	0.0479177	0.0693771	0.0957361	-0.118418	-0.122963	0.0422319	-0.0791602	-0.0275196	0.0492587	-0.0463051	0.0223276	0.0956978	0.0266003	0.0356269	-0.034365	0.00708735	0.0258276	0.0298674	0.0901652	0.0203326	-0.0236953	0.0300204	0.0105123	0.00953545	-0.0191141	0.0102739	-0.0404977	0.0105751	0.0646059	0.0357685	-0.0470357	-0.0689678	-0.0155823	0.0684161	-0.00462453	-0.0321462	0.0650765	-0.0203243	-0.00992199	-0.0283102	0.0895579	-0.0874202	-0.0434596	0.0147891
8000000.0001	-0.0519372	0.0668478	-0.0184269	-0.0113958	0.00174617	0.0319488	-0.0471142	-0.0362427	-0.0849131	0.0907147	-0.0493168	0.018335	-0.00465413	0.0122459	0.0375758	0.0748113	-0.00903392	0.00900765	-0.0144006	0.00798245	0.0561387	-0.00643494	-0.0251157	0.0420475	0.0270466	0.0107249	0.00279662	-0.0494931	0.0580196	0.0161575	-0.0703386	-0.0289688	-0.104321	-0.0549888	0.0394646	-0.082237	0.0263234	-0.0418889	0.0176241	0.0584072	0.0804075	0.0803689	0.105046	-0.010719	-0.0583177	0.01539	-0.0226712	0.119465	0.0571688	-0.0648319	-0.0380189	-0.0126093	-0.0895587	-0.0773971	0.0521719	0.0593021	0.0478286	-0.109875	-0.0669573	0.0930534	0.0227996	0.00465483	-0.0204415	0.113024	0.162794	-0.0651071	-0.0555092	-0.0921084	-0.0157962	0.0759177	-0.0180018	0.0326071	0.000765087	0.0627791	0.0444586	-0.0727725	-0.0444299	0.0285189	0.062663	-0.0266161	0.0815961	0.0245829	-0.0165679	-0.101159	0.0438085	-0.0790689	-0.0926077	-0.0263591	-0.0233177	-0.0277091	-0.0151744	-0.103372	-0.04797	-0.0748769	-0.00509699	-0.0472351	0.00601076	-0.115823	-0.0569049	-0.0130177
8000000.0001	-0.00791401	0.0456096	-0.0541075	0.0160454	-0.0659368	0.0444637	0.0148216	-0.0417077	0.0303147	-0.0108943	0.00595836	0.112558	-0.0638346	-0.0846933	-0.0771576	-0.0350435	-0.0408767	0.0729812	0.00425889	-0.0142968	-0.0938843	0.0960444	-0.0242491	0.0221439	0.0289366	-0.042114	0.0279888	0.0367927	0.108706	0.0276332	-0.0418484	-0.0179519	-0.0198538	-0.0492894	0.076927	-0.0290732	0.0164714	-0.0771146	0.00855814	-0.000242402	-0.0221244	-0.0389088	-0.0836575	-0.0241053	0.0486901	-0.0233974	0.0128462	-0.0515222	0.0200134	0.0230719	0.0147639	0.0231573	-0.0345299	-0.0354584	-0.0150863	0.0736171	-0.0598564	-0.0249522	0.0472982	0.051372	0.0266578	-0.00244306	0.134622	0.012846	-0.00840146	0.076912	-0.00962973	0.0223645	0.02174	0.0566005	-0.00897806	0.0744742	0.0606842	0.0385834	-0.0543655	0.0575675	0.0309694	-0.0218334	-0.0771227	-0.0578465	0.0349198	-0.0531196	-0.0363212	0.0538785	0.0324862	0.0191965	-0.0206388	-0.0836652	0.0756089	0.0249637	-0.076817	0.0248702	-0.00183212	-0.034812	-0.0559123	-0.0345984	0.0292839	0.125247	-0.00722016	0.104219
8000000.0001	-0.039675	-0.00215853	-0.0973478	-0.0592327	-0.0783697	0.0106302	0.00467036	0.00915509	0.0940418	-0.104588	0.127518	0.0147478	-0.0267735	0.00938977	0.0129472	-0.0316649	-0.0466193	-0.00210762	-0.0115219	-0.00932691	0.00167434	-0.0479656	-0.0358936	0.0396785	0.0469773	-0.0336341	-0.0160443	0.128128	-0.0132493	-0.0494468	-0.019025	0.0165606	0.0983659	-0.00300274	-0.148219	-0.0161299	-0.0159325	0.0633883	0.100123	-0.0335004	-0.0563037	0.0188076	-0.0685943	-0.00941072	0.00786714	-0.0375598	0.00318558	0.0710052	0.0637295	-0.0905486	0.0222853	-0.0356443	0.0326629	-0.0175866	0.0398536	0.044431	-0.0463825	0.111685	0.0563396	-0.00592808	0.0566534	0.00788506	0.0234666	0.0234947	0.0247972	-0.0195233	0.0328846	0.022128	-0.0346704	-0.0041383	-0.000967679	0.0973058	-0.0209703	-0.087888	0.149781	0.078084	0.0114615	0.00548311	-0.0102577	-0.104564	0.00667193	0.0326723	-0.11347	0.0835981	0.0585604	-0.055052	0.0012145	-0.0566679	-0.0417432	0.0215375	-0.0349048	0.0464604	0.0227789	-0.13639	0.0494377	0.00517866	-0.0686082	0.0589897	-0.00574374	-0.0452905
8000000.0001	0.0350305	-0.0160225	0.0784289	0.0428236	0.0209705	-0.0382623	0.059013	-0.0401883	-0.0449629	-0.0437813	0.092586	-0.0824407	0.0376944	0.0464752	0.0806026	0.0573917	0.122466	0.146492	0.00386864	-0.0265366	-0.061226	0.0270993	-0.0847261	0.121334	-0.0466739	-0.0645545	0.061807	0.0140973	-2.82817e-06	0.0127711	0.00904124	-0.0287934	0.0676619	-0.0169306	-0.0540076	-0.117037	-0.0536192	-0.0164997	-0.0197844	-0.023114	0.0683872	0.0693047	0.0154793	-0.00873782	0.0461681	-0.0184875	0.00613299	-0.0376741	-0.0500403	0.0348705	-0.05902	0.0216226	0.00458024	0.0620316	0.0458585	0.0440073	-0.0751426	-0.00393925	0.0494349	-0.0129083	-0.0722238	0.058986	-0.116305	-0.0240557	0.0789472	0.0319593	-0.0629314	-0.0391004	0.00988985	0.0182962	-0.0413974	-0.0254097	-0.0360252	-0.0204881	-0.0139158	-0.0110643	0.0740379	-0.0873972	0.0212859	0.0605556	-0.0380902	0.138151	0.0388153	0.0891558	-0.049528	0.0459063	-0.0173237	0.0493847	0.0102595	0.0752946	-0.0235408	0.103947	-0.0129863	-0.0140246	0.00206744	-0.0522205	0.0791919	0.0367025	0.0833105	0.0561313
8000000.0001	0.0343794	0.0417773	0.0590412	-0.0323686	0.0205584	-0.0581295	-0.0585646	0.0494527	0.0194509	0.0141349	0.0481976	-0.0381801	0.00536537	0.0135779	0.0420509	-0.0262966	-0.0965187	-0.0253586	0.096476	-0.0226668	-0.0498225	-0.0233095	0.0336274	-0.0717401	-0.0287275	0.031595	0.0194202	-0.026612	0.055679	-0.0702358	-0.00162127	0.0830429	-0.040536	0.0723124	0.0872583	0.0176776	0.0312864	-0.0619434	-0.0132005	-0.0317679	0.134337	-0.00359249	0.040202	0.0159051	-0.0577673	-0.0732951	-0.0622887	0.034769	-0.0153747	-0.0184	-0.069665	0.0372904	-0.0212223	-0.0455772	0.0154993	0.0663247	-0.0259059	0.0197127	0.000925032	-0.108936	0.0254384	0.0327096	0.0265034	0.0327359	0.00609106	0.00829439	-0.0340649	-0.058305	0.00152151	-0.0840481	0.0242466	0.0372298	-0.0936446	0.0737937	-0.187211	0.0537472	-0.0202901	0.0290945	0.0453416	0.0323827	0.0093575	-0.0230133	-0.0591914	-0.146536	0.0246356	0.0201874	-0.060626	-0.0405772	-0.014107	0.0174123	0.00298172	0.00702505	-0.0716964	-0.0496301	-0.0153325	-0.0323179	-0.056893	0.0453712	-0.0311644	0.0448641
8000000.0001	-0.0700835	0.0149688	-0.0138865	0.0436861	-0.0086013	-0.0245223	-0.0270396	-0.11992	-0.0665805	-0.0625517	0.0933356	-0.060355	-0.035527	0.045217	0.0264824	-0.0143259	-0.0651148	0.0418797	-0.0360203	-0.0122301	0.00719585	0.0843743	0.0792515	-0.0175683	0.117912	0.0554393	0.108531	-0.0178896	-0.0112281	0.00970101	0.0406784	0.0419917	0.0315434	0.0829116	0.0418079	-0.0367884	-0.000825721	-0.0540846	-0.058477	0.128293	0.0298706	-0.0564404	0.0282904	0.00389524	0.140425	-0.0474769	0.0978142	-0.0913006	-0.0863113	0.0322613	-0.0645179	0.0762498	0.0945497	-0.0443526	0.0362585	-0.00265777	-0.0831474	0.00371693	0.0144019	-0.00564831	0.0419946	0.0367545	0.0713268	-0.0472544	-0.0379286	0.00575172	0.065661	0.0317629	0.0738001	0.00771682	0.0458803	-0.0236343	0.117992	-0.101098	-0.0807717	-0.0306704	0.0494445	-0.0562374	-0.0157809	0.0260938	0.0958601	-0.0194743	0.00722704	0.0794626	-0.106607	0.0264927	-0.00762029	0.0340933	-0.0347779	-0.121647	-0.0802847	0.0711799	-0.00257867	-0.0161029	-0.086197	-0.0831183	0.041711	-0.0140498	0.02181	-0.00537036
8000000.0001	0.0982801	-0.0355363	0.0216963	-0.0630956	0.0190848	0.0184858	-0.0280821	0.0409665	0.0968815	-0.0959391	-0.0034332	0.0383308	0.0380666	-0.0633441	-0.140372	0.033234	-0.0328881	-0.0364915	0.00869481	0.00357238	-0.00554031	0.00182029	-0.0638381	0.0346823	-0.0378454	0.0680771	-0.00810843	0.0963377	0.020018	-0.0726661	0.00186346	0.0466244	0.0579406	-0.0142053	-0.146859	0.0339493	0.0213916	0.0645918	-0.0264207	0.111282	0.0357211	-0.0590202	-0.0703251	-0.0484043	0.0673264	-0.0311964	0.0388461	-0.00829821	0.0739152	-0.025136	0.125766	-0.0889063	-0.00641898	0.0133996	-0.0206464	-0.0512068	-0.0332913	0.113782	0.0125557	-0.00447501	-0.0124559	-0.167197	-0.00881358	-0.0140542	0.0494386	-0.0518313	-0.0185382	-0.00669677	0.0234649	0.0444852	0.00813216	-0.0717562	0.0394989	-0.100634	-0.0225964	0.0296139	-0.00972344	0.0907112	0.118653	-0.0177401	-0.0262008	-0.0657749	-0.0573783	0.109866	-0.022536	-0.0261977	-0.0149973	0.0446869	0.0328391	0.0400781	-0.0497873	0.00712805	0.030822	0.0250608	-0.0719788	0.060887	-0.0182393	0.107515	0.0142153	0.00972546
8000000.0001	0.0314737	-0.0554831	0.0424702	0.0340164	-0.0230215	-0.0697891	0.0391291	-0.0521797	-0.0304411	-0.0771674	0.16482	0.0244583	0.0413661	-0.057412	0.0578982	-0.00855804	-0.0486122	-0.0342877	0.153725	-0.0231975	0.0240259	0.099655	-0.00391294	-0.0180458	0.0719586	0.000604013	0.0374696	0.0317727	-0.0452614	0.0688084	0.0263451	-0.114588	-0.0489032	-0.00183006	0.0060066	-0.035671	0.0221519	0.0520316	0.0349011	-0.0695687	0.025725	-0.0458774	0.0203473	0.141152	-0.0245426	0.075362	-0.0495662	0.00862697	0.00577858	0.102608	0.0180476	-0.034161	-0.0494702	-0.0142916	-0.0326662	-0.0371745	0.0483113	-0.0769883	0.0662032	-0.0106088	0.0201937	0.0329421	0.00855846	0.0830889	0.0959751	-0.000968606	0.0751661	-0.0551135	-0.0454743	-0.0282311	0.0258489	0.0671501	-0.0331696	0.0595212	-0.00749487	0.0089071	-0.0195224	-0.0898596	-0.0375855	0.0114069	0.0510857	-0.0526231	-0.0132703	0.0393802	-0.013734	0.0990532	0.0913477	0.0793799	-0.0914035	0.0179249	-0.0357792	-0.0217234	0.0249586	0.0199565	-0.0843105	-0.106972	-0.0481709	-0.091005	0.0019113	0.0223659
8000000.0001	-0.0431745	0.0611539	-0.101221	-0.0801128	0.00833845	-0.014184	-0.0248989	-0.030953	0.0494234	0.00389218	-0.0175061	-0.055843	0.0411097	0.00900726	-0.00802216	0.00255984	-0.00748046	0.073993	0.0709213	-0.0256601	0.0053531	0.0252155	-0.098184	-0.0998987	0.0198891	-0.0434172	0.0344156	0.103129	-0.016802	-0.0428905	-0.0410936	-0.0871189	0.0498393	0.031087	0.0336443	-0.0561092	-0.0217877	0.0839857	0.0127594	-0.0747231	0.0190978	-0.058217	-0.0787267	-0.00942641	-0.0715012	0.0255616	0.0167138	-0.0933774	-0.0072868	0.0551944	-0.0598809	-0.0664945	-0.0787981	0.0453886	-0.0495266	-0.0391306	-0.0637276	-0.0949778	0.0666893	0.102047	-0.076102	-0.0155009	-0.0759787	-0.0177068	0.0137956	0.00706162	-0.0504961	-0.0544438	-0.00642952	-0.0810802	0.00926374	-0.068599	-0.0237629	-0.0150226	0.10986	0.0287818	0.103043	-0.0232904	-0.0564138	-0.0432512	0.028689	-0.0114283	0.046343	-0.0884276	0.0901889	0.00915604	-0.100818	0.0417021	-0.0291326	-0.0304151	0.0694644	-0.0747785	-0.0229782	-0.0108939	0.0383107	0.0488473	0.0964383	0.0248741	-0.000717108	-0.0209135
8000000.0001	0.0077742	-0.0626831	-0.0163793	0.0290974	-0.153512	-0.0240045	-0.0871139	0.0240689	-0.0464487	-0.0369718	0.0358043	-0.0811871	0.00286195	-0.0259966	0.0224065	0.0686947	-0.0805329	-0.108047	0.00785284	0.0925615	0.0887429	-0.0137214	-0.0337819	0.0747236	-0.0529316	0.00783658	-0.0148312	0.0686974	-0.105354	0.0503233	0.0460906	-0.0457161	-0.0972596	-0.0480618	-0.072111	0.0429705	-0.0642642	-0.0562676	-0.0478322	0.084828	0.0955687	0.0373209	0.0346447	0.0567762	-0.0968231	0.00386757	-0.0377025	-0.0384282	-0.0238049	-0.118087	0.0146764	0.0778556	0.0444362	0.0102123	0.0345465	-0.102036	-0.000904971	0.0236698	0.0191913	-0.030003	-0.080318	0.053316	-0.111552	0.131554	0.00564974	0.0780321	0.0407913	-0.0422215	0.0219071	0.0342406	0.0763643	0.0262402	-0.00404193	0.0448385	0.00929528	-0.0779598	0.0392455	0.0458168	-0.0266291	0.000931005	-0.0334498	0.0326623	0.0438022	-0.0410099	0.015348	0.0235565	-0.0446955	-0.0678348	-0.0747066	-0.00532603	0.0135172	0.014018	-0.0716073	-0.0237228	0.0112068	0.0414564	-0.11744	-0.0439718	0.0435081	-5.07953e-05
8000000.0001	0.0349057	-0.0885932	-0.0451189	-0.047597	0.022722	0.0248561	-0.0554996	-0.0185242	-0.0390866	0.0167943	-0.033387	0.0454023	-0.113277	0.0102036	-0.0437375	-0.0720071	-0.0554833	-0.0457687	-0.0193921	0.00886515	-0.0189079	0.206074	0.00816142	0.0622855	0.0745662	0.0278698	-0.0801214	-0.0242205	0.0855529	0.0501609	-0.0237003	0.0725681	0.00122986	0.0588677	0.0394234	-0.048992	-0.0173146	0.0609036	0.0393454	0.0256398	0.0440899	0.0588355	0.00861264	-0.0803142	0.0483323	-0.130793	-0.00195342	-0.0186094	-0.0432202	0.0388154	-0.0973343	0.0620021	0.0606415	-0.0162244	0.0241941	-0.0343244	-0.0532871	0.0332122	-0.10158	-0.122845	0.00921811	-0.0407889	0.0595728	0.0175374	0.00743651	0.000669761	0.00493942	0.00795412	-0.072626	-0.138406	0.0061139	-0.00948016	0.0395171	0.0481918	0.0657896	-0.0228576	0.0185234	0.0963118	-0.0064018	0.0395817	0.102787	-0.152759	0.0896913	-0.0763489	0.0606156	-0.00736372	0.0147943	-0.0262572	-0.000751348	0.10841	0.10555	0.0198624	-0.0105889	0.111265	-0.0477644	0.00447864	0.0598614	0.0196112	-0.0136355	-0.0984832
8000000.0001	-0.0442143	0.0567409	0.0407077	-0.0113505	-0.0174736	0.0496988	0.0863866	0.0107728	-0.0853999	-0.00474551	0.0283298	-0.00617869	0.0240525	-0.0892283	-0.0277388	-0.0740115	0.0264472	0.0816777	0.00534851	-0.0460272	-0.0368415	0.00467789	0.0121362	-0.091753	-0.0138709	0.0112317	0.0667393	0.00246836	-0.00579403	-0.013645	0.0207454	0.00486962	0.069747	0.0373934	-0.147991	0.0035443	-0.0249425	-0.0237062	0.0168831	0.0766907	-0.0385554	-0.00119894	-0.00686855	0.0440907	-0.0286199	-0.0111008	0.0896118	-0.0809144	0.0413191	-0.063116	-0.0687574	0.113369	-0.052093	0.00363514	0.0460891	0.0546803	0.0546933	0.0469959	0.0120248	0.0238692	-0.00612218	-0.0381314	0.0220515	0.0387196	0.0105021	0.0180304	-0.0392911	-0.00465216	-0.0339978	0.0360105	0.00856323	-0.042808	-0.0240434	-0.0365477	0.0158228	-0.0167473	-0.0500043	0.065966	0.0681076	0.0237036	0.0309388	-0.0360626	-0.0387231	0.0380795	0.101722	0.0213367	-0.0244888	-0.049269	0.00100294	-0.0930295	0.0153014	0.0185276	-0.035114	-0.066303	0.00165135	0.012158	-0.0760401	-0.0429734	-0.0468574	-0.0218407
8000000.0001	0.0694945	-0.040625	0.0143163	0.0342002	0.0769472	0.106739	-0.0531367	-0.00780392	0.0455605	-0.059948	0.046502	-0.0424743	-0.0165676	-0.00610731	-0.0595434	-0.0608202	-0.0008117	-0.0175062	-0.0269261	-0.106247	-0.0248365	-0.0298806	-0.0779982	0.116056	0.0960235	0.0570324	-0.0569049	0.0326275	0.0125981	0.14139	-0.054682	-0.0705885	-0.064458	-0.0296431	-0.0208252	-0.0144422	-0.0563395	-0.0757984	-0.00448488	-0.0120413	0.0307857	-0.00873541	-0.0877719	-0.0249132	0.0592658	-0.0120993	0.0500818	0.0605796	-0.0641081	0.125948	-0.0179721	-0.0769567	0.0963204	-0.00840582	-0.0711287	-0.0424681	-0.0141623	0.00479096	0.0304926	-0.020083	0.0924001	-0.00984719	0.00361303	-0.00969484	0.0250988	-0.0651627	-0.019533	0.0212413	-0.0523559	-0.014348	0.00531812	-0.0072909	0.109547	0.0187451	0.0211049	-0.0293691	-0.0330137	0.00496153	0.00657313	-0.00611133	0.0570108	0.0568269	0.0589095	-0.0554175	-0.0149816	-0.00986251	0.0548827	-0.0115908	-0.0108966	-0.0518336	0.00670695	-0.0685879	-0.0743851	-0.027731	-0.0521174	0.017242	-0.0419813	-0.0605414	-0.073585	-0.0859661
8000000.0001	-0.0253336	0.0138885	-0.0272131	0.00219645	-0.0134997	-0.0764873	0.0377521	0.0485837	-0.0233204	-0.0598555	0.00727254	-0.046718	-0.139692	-0.135633	-0.0263291	0.00844745	0.00534249	0.0633264	-0.0332575	-0.00442059	0.0256171	-0.0129816	0.0346275	0.000314806	-0.0339761	0.0238225	0.0728874	-0.0512442	-0.103357	0.0292364	-0.00763555	0.0464772	-0.0301774	0.0404452	0.0816136	-0.0491533	0.0524485	0.0870175	-0.0513431	0.032266	-0.0580969	0.0361158	-0.110729	0.0305078	-0.0450957	-0.0654075	0.0639955	-0.00882515	-0.0303749	0.1008	-0.10986	-0.0045936	0.0447363	0.0167247	0.0538294	0.0233409	-0.0149096	0.0422303	-0.0466004	-0.0233583	-0.00666898	-0.0208096	0.005223	-0.00109713	-0.0113339	-0.0160141	0.0054137	0.0387601	0.00628796	-0.0561914	0.0196485	0.0641176	0.0460383	0.0845972	0.0362815	-0.0264855	-0.0180002	0.094934	-0.0301589	-0.0199445	-0.0191039	-0.0227752	0.00411303	-0.0553011	-0.10247	0.101255	-0.0395118	-0.11001	0.0269892	-0.111731	0.0462558	-0.0987544	0.010792	0.0139916	-0.0532131	-0.0246857	-0.0593857	0.0604278	0.0220099	-0.0132202
8000000.0001	0.0257006	0.0120538	0.0499879	0.0139189	0.0926711	0.019441	-0.0482282	-0.0959618	0.0181419	0.0267534	0.0713218	-0.0552965	0.00176289	-0.0535606	-0.098055	0.0349034	0.0635602	-0.114213	0.0681591	0.0684437	-0.0736742	-0.0664403	-0.0603179	-0.0311109	-0.0184757	-0.0797174	0.0489407	0.0138211	0.0850654	-0.0653703	-0.0477745	0.0530507	-0.0214996	-0.0771128	-0.0436884	0.0162984	0.0776968	0.113563	-0.0520517	0.0749223	-0.0515588	0.00604276	0.0240587	0.00922538	0.0927944	0.0107302	-0.0304404	0.0746278	0.0239538	0.063371	-0.00578735	-0.0507526	-0.0479109	0.0145241	0.0426569	-0.103395	-0.0232733	-0.0165278	0.075618	-0.0842553	-0.00303436	0.139565	0.0903049	-0.0178963	-0.0733925	0.00396374	-0.0323903	-0.00227317	-0.0821856	0.0131708	-0.0458876	-0.111117	0.0289505	0.0421921	-3.35004e-05	-0.0330587	-0.0221257	-0.101567	-0.00279089	0.0050832	0.0345453	0.00923541	0.0713997	-0.00341259	-0.0377042	0.00967163	-0.0584436	-0.0326898	0.0252818	0.0458138	0.026404	-0.0332219	-0.0183679	0.063976	0.0193287	-0.0165825	0.0374204	-0.14697	-0.0667266	-0.0340222
8000000.0001	0.0781755	0.108205	0.00102142	-0.0442379	-0.0269912	-0.0419941	0.0182936	-0.000442785	0.0667497	-0.0540851	0.107809	-0.0486066	-0.00397698	-0.00025856	0.0154975	-0.0344398	0.0236494	0.016558	0.017626	-0.0570271	-0.0293548	-0.0489593	0.0280708	-0.0320695	0.0231206	-0.00944074	-0.0126412	-0.0162053	0.0659637	-0.117684	0.0130231	-0.149949	0.00236061	0.00528328	0.0195354	-0.0724939	0.0530973	0.0102532	0.0768072	0.0467819	-0.0364346	-0.0241387	0.126266	0.0155842	-0.01567	-0.0409306	-0.0186564	-0.00379698	0.112355	0.0296447	-0.0071041	-0.0868595	-0.00720696	0.028425	0.105028	0.103028	-0.0370929	0.0194452	-0.0413688	0.0167629	-0.0536622	0.0767496	-0.0326672	0.0458427	-0.0792739	0.128628	-0.0439144	-0.0263913	-0.0343697	-0.00139877	0.0635403	0.011733	-0.022165	-0.0816395	-0.0662804	0.0266653	0.0608922	-0.0339399	-0.0211383	0.0271496	-0.00693232	-0.0366328	-0.0264678	0.0215772	0.047533	-0.150076	-0.0816433	0.013998	0.00883206	0.0107676	-0.0192576	-0.063406	0.0224948	-0.0581699	0.0178112	0.046161	-0.0250934	0.0250262	0.0435024	0.0607292
8000000.0001	0.0449307	0.0510466	-0.0508511	-0.0801076	-0.172852	0.089835	0.0701193	0.0751504	-0.00429606	0.0439628	-0.0199751	-0.0616571	-0.0126134	-0.0277565	-0.153103	0.07411	-0.0292792	0.0375131	0.0881342	0.0196542	-0.0533223	0.0314544	-0.0402697	-0.0389392	-0.0531396	-0.0132478	-0.072689	-0.053464	0.0765494	0.0340023	0.0151378	-0.0362512	0.0211868	-0.00155251	0.0893584	0.0414645	-0.000876268	-0.031283	-0.0364308	0.0363084	0.0162296	-0.0671697	-0.032902	-0.0376123	-0.0943994	0.0811302	0.0637063	-0.0269195	-0.0435961	0.0349014	-0.000751648	-0.0886226	0.0139698	0.0801214	-0.0776112	0.0209992	0.0572633	0.113593	-0.0791505	0.029809	0.0548355	0.0503868	0.0347685	-0.0465599	-0.0106831	-0.0223678	-0.031836	0.0143391	-0.0581305	0.0374421	0.0920548	0.00958407	0.000794897	-0.0577668	0.0372849	-0.0119552	-0.0986453	-0.0214874	-0.00698164	-0.0633859	-0.0354771	-0.00769551	0.103181	0.0282843	0.0617552	0.0599633	0.00831481	-0.0044768	-0.0602509	0.0208114	-0.00499438	0.0868448	-0.014161	-0.0327342	-0.0394429	0.000293503	0.0856448	-0.034637	0.0260558	0.0126462
8000000.0001	-0.0797016	-0.0982739	0.091403	0.0239015	0.0743746	0.0659791	0.0336425	0.0314563	0.148394	-0.00967137	-0.0363472	-0.0338048	0.0800259	0.107613	0.0924558	-0.0204157	-0.0297818	0.0235289	-0.0216369	0.0905119	-0.0541771	0.0006034	0.0403245	-0.128829	-0.0377368	0.0040505	0.0813904	-0.035522	-0.000305814	-0.00964897	0.0270135	-0.00890159	-0.0215849	-0.0337165	-0.0177401	-0.0156486	-0.100067	0.00762816	-0.0674765	0.0101657	0.0381983	-0.0288971	0.0607419	0.0427628	-0.0381245	-0.0017893	0.0726123	0.0289482	-0.0821937	0.0523422	-0.0452858	-0.0796214	0.110716	-0.0515118	0.0708911	-0.055974	0.00736935	0.0220222	-0.0732353	-0.0432629	0.0940391	-0.0276669	0.0313735	0.0732707	-0.0289937	0.00289954	0.0782061	0.04588	0.0943206	-0.0524404	-0.051273	0.0282691	-0.0242659	0.000807368	-0.0323776	-0.0192988	0.00521255	0.0825733	-0.0307217	0.00448566	0.0177658	0.085598	-0.026566	0.0311904	0.0791805	-0.0486091	0.0402683	0.180272	-0.0383699	0.00130087	-0.0712792	0.0120218	-0.0101973	0.0118142	-0.0189962	-0.0971739	-0.0922411	-0.0390647	0.053053	-0.041726
8000000.0001	0.0213699	-0.033003	-0.0321148	-0.00981934	0.0566899	-0.0365058	0.0117786	0.0385219	0.0232332	-0.0959472	0.0381183	-0.0581127	-0.0511783	-0.00978222	0.00679348	0.0286649	-0.0272311	-0.0095455	0.0210255	-0.0555652	-0.0964614	0.0102849	-0.0120236	-0.0603565	0.0643499	-0.0529615	-0.01735	0.0576229	0.0536907	0.0719498	-0.0339648	0.081805	0.0384529	-0.0740823	0.0238305	-0.0277338	-0.0127483	-0.00764907	-0.00298654	0.0896643	-0.0700439	0.00425065	0.0655251	-0.109143	0.0277815	-0.0116345	0.050007	0.138659	-0.0539007	-0.0649974	-0.000262315	-0.00567209	0.0746202	0.00512729	-0.0513834	0.040974	-0.0562738	-0.00214272	-0.00591619	0.0397895	0.1	-0.00555176	-0.0555846	-0.018984	0.0311421	0.0202384	-0.0527156	-0.0431707	0.0515562	0.0367109	-0.0483897	-0.0581728	-0.0420971	-0.0696482	0.034808	-0.0311193	0.0330452	-0.0887217	0.0107804	0.0113143	-0.0183793	0.057972	0.0147048	-0.0247742	0.00566363	0.0751533	-0.025543	-0.00722042	-0.072735	-0.0444697	0.11473	-0.00839778	0.0295678	0.0320926	-0.0609422	-0.0356451	-0.0167527	0.0676528	-0.0519288	-0.0927865
8000000.0001	0.0380881	0.0590102	0.000691514	0.0514311	0.0110646	-0.00203495	0.0776206	-0.000668681	0.0294131	0.00181757	0.0826969	0.00913423	-0.0114049	0.0450977	-0.13641	0.0382164	0.0944507	-0.0021334	-0.0268755	-0.0499671	0.070689	-0.0462613	0.048956	0.0143343	0.0384146	-0.0232574	0.0270463	-0.0255114	0.0667435	-0.0683932	0.0499261	0.0358313	0.0303888	-0.0013969	0.0345632	-0.0241799	-0.0356211	0.0250418	-0.036154	0.033215	-0.0864865	0.152386	0.0195699	0.0324895	-0.024569	0.0588442	-0.0103291	-0.065183	-0.0596852	-0.0387997	0.0693926	-0.041074	0.0282745	0.0350265	-0.0192138	-0.0805419	0.0363415	0.0625119	-0.0111584	0.009921	0.0449256	-0.000471675	0.00185958	-0.0469623	-0.119367	-0.0739678	-0.0278941	0.028213	-0.00812311	-0.00218574	0.0651714	0.0586779	0.0505445	0.0265891	0.0195816	0.0819867	0.0879643	0.087529	-0.00469166	-0.118227	0.0431881	-0.0381019	0.0611627	-0.140231	-0.0133528	0.0266803	-0.0411211	-0.0129119	0.0866072	0.00754258	-0.0476785	0.0478706	-0.132876	0.0715656	0.00673193	-0.0201818	0.0022842	-0.0617426	-0.0245012	-0.0743811
8000000.0001	0.0653138	-0.0593417	-0.0414618	-0.0735683	0.019887	-0.0326701	-0.0638103	0.070386	0.00626715	0.051452	-0.0196908	0.124482	-0.0241273	-0.0591234	-0.0535243	0.0205642	-0.0325026	0.00914412	-0.0165419	0.119788	-0.0590532	0.094199	0.100117	0.0325683	0.0125803	-0.100881	-0.0170739	-0.00552407	-0.119834	-0.11551	0.0478239	0.0173957	0.0676325	-0.0422374	-0.0977774	-0.104916	0.112677	-0.0250972	0.0293218	-0.0141582	0.0087914	-0.108026	-0.0585542	-0.0200779	-0.0317463	0.0586405	-0.0225353	0.0347233	-0.030279	-0.0453729	0.0207648	-0.132456	0.118999	0.120214	0.0573044	0.0580612	-0.0507008	-0.0134798	-0.0142677	-0.0831369	0.0405114	-0.0276016	0.0354292	0.0292295	0.0477246	-0.0407127	-0.023005	0.0376545	-0.0813016	-0.000557982	0.0983434	0.129767	0.00317038	-0.0558799	0.0580929	0.0779674	0.0578781	-0.0334236	0.0436742	-0.0555955	0.0671645	-0.107476	0.0699967	-0.0147902	0.0667351	-0.0486124	-0.0189738	-0.121674	-0.00494604	0.0150935	-0.0442781	0.00344821	-0.00149057	-0.0712599	-0.0275207	0.118643	0.0013922	-0.0924469	0.027509	0.0692863
8000000.0001	0.118304	0.0475567	0.0376951	-0.069444	0.0525167	0.112011	-0.0624398	-0.0648808	-0.115999	-0.075273	-0.0901623	-0.0154184	-0.00423695	0.0797478	-0.011711	-0.013564	-0.0666705	-0.0387302	0.00131269	0.0853406	-0.0599212	0.0612262	-0.05518	0.0979236	0.00112561	0.00323449	0.000659165	-0.0137979	0.0612631	0.0119814	-0.0169057	-0.113433	-0.0354521	0.0541468	0.0276635	-0.0658037	0.0252465	0.00408477	0.0268642	0.116067	-0.0617842	-0.0376861	-0.0624621	-0.0402457	0.0350666	0.00230677	0.0373669	0.0719434	0.0799376	-0.0496985	0.00838485	0.0267949	0.0608227	0.0227074	-0.0314072	0.0470517	-0.0750678	-0.0747191	0.0326868	0.00288136	0.0329834	-0.0449254	0.00414423	0.00905779	0.103023	0.0632461	0.0382143	-0.00433609	-0.0674212	0.0250255	0.0125013	-0.0521458	0.0121444	0.00890349	0.0550108	0.0788513	-0.00834726	0.0163777	-0.0247795	-0.0324128	0.0527176	-0.0715537	0.00743459	-0.0506825	-0.0906143	0.0305147	-0.0400425	0.00835673	0.0568965	-0.122017	0.0272647	0.028787	0.0652899	-0.0637138	-0.0426089	-0.0499731	-0.0794616	-0.000556153	-0.0155839	-0.0100962
8000000.0001	0.0603544	0.0111734	0.0418861	-0.0663495	0.0761629	0.177115	-0.0107168	0.0370011	0.10094	0.0719346	-0.00508367	-0.0494005	0.035916	0.0245732	0.0285289	-0.0938889	-0.0535992	0.0231926	0.0258328	-0.0529202	-0.0141343	-0.000247526	-0.014394	-0.0804596	-0.0180258	-0.025723	0.0678682	-0.0568035	0.0291302	0.0141781	-0.119725	0.0054057	-0.0650046	-0.0170325	0.00239104	0.0238117	0.0261026	0.00346252	0.0133691	0.0946922	0.0582834	0.0247416	-0.149633	0.0361778	0.015382	0.032042	0.0179805	-0.0998621	-0.0620144	-0.0120635	0.104359	0.0313005	-0.0695282	-0.0231011	-0.109494	0.0230535	-0.0973097	0.0410731	-0.0146439	0.0552944	-0.00157063	0.0433228	0.103056	-0.0246291	-0.0251143	-0.0859823	-0.057383	0.0517646	0.0250291	0.0253419	0.089776	0.015728	0.0351285	0.0967372	-0.0913759	0.0567321	-0.115906	-0.0742892	-0.0453655	-0.0216045	0.0266081	-0.0546061	-0.0362206	0.0571966	0.00696571	0.0175987	-0.0134707	0.0200087	-0.13012	0.0144954	-0.00509666	0.0096586	0.00748673	-0.049095	0.0423663	-0.0592722	-0.000550226	-0.000432603	-0.0628491	0.0852925
8000000.0001	0.00597489	0.0259366	0.112114	-0.1418	-0.0719248	-0.00642407	0.0891306	-0.00900428	0.0224144	-0.0883175	-0.0296211	-0.0608649	0.0447661	0.0577477	-0.00734414	-0.0345029	0.0143069	0.0336847	0.0473695	0.0800025	0.126999	0.0244834	-0.0159614	-0.0208762	0.0888637	7.71332e-05	0.0393396	0.0703218	-0.0495497	-0.0373572	-0.0302475	0.0397411	-0.0115926	-0.0555833	0.0113089	-0.00822836	0.05191	0.0771462	0.0165389	0.000816181	0.000535133	0.0442892	-0.0430753	-0.138788	-0.101443	0.0461855	0.0310944	-0.0225402	0.0324026	-0.0449755	-0.00290769	0.0486783	-0.0804292	0.0215751	0.018017	0.157294	0.0457046	0.0183661	-0.0307719	-0.0141399	-0.113877	-0.00201718	-0.0055058	0.0490537	0.0543085	-0.0580792	0.140353	0.0608567	-0.00951681	0.0276841	0.0896255	0.0658935	-0.00125778	-0.0206568	-0.0810194	-0.121649	0.10969	0.0334445	0.0539809	-0.0612799	-0.00553369	-0.104976	-0.0387269	-0.016192	0.00179862	0.0301806	-0.0344586	-0.0541429	0.0337308	-0.0599688	0.0906535	0.0828267	-0.0361901	0.0616722	0.0438056	-0.0162647	0.0199244	-0.0197335	0.00927903	0.0413489
8000000.0001	0.0310505	-0.0600411	0.0454098	-0.0657766	-0.0424794	-0.0187776	0.0081017	-0.00208226	0.0373836	-0.0496348	-0.0059347	-0.0367969	-0.0573055	0.049461	0.0623575	0.00889138	0.0560982	0.0238648	-0.00800933	-0.0670671	0.0112665	0.0155312	-0.0588712	-0.0630962	0.0019648	-0.0386541	0.0139077	-0.0324314	0.0527193	0.0101388	-0.0598344	0.121728	0.0846022	0.115749	-0.0146285	0.11529	0.031541	0.0271093	0.00919033	-0.0839545	0.019817	-0.0832711	0.0446575	0.0459392	0.0493012	-0.0269545	0.0451546	-0.0213464	-0.0306696	0.0916594	-0.0825876	-0.0386462	0.0216781	0.00115945	0.0609802	-0.0143983	0.0891208	0.0184795	-0.00664473	0.0222951	-0.0896359	-0.0651123	0.051795	0.0114525	0.0578009	-0.0864924	0.062874	0.0128114	0.0429792	-0.0719881	0.0722742	-0.0281221	-0.0012757	-0.0358286	-0.102119	-0.0456483	0.0912205	-0.045844	-0.0625776	-0.0228571	-0.0363918	-0.0333659	0.0759771	0.0486739	0.0125203	-0.0382893	0.0293853	0.0152479	-0.0982839	0.0199615	-0.0137176	0.0922508	0.00193971	0.0420147	0.000921566	0.113936	-0.074724	0.0352135	-0.0257815	0.0104726
8000000.0001	-0.0938821	-0.0833638	0.0119052	-0.0309638	0.00120578	-0.00854982	-0.0151738	-0.0413977	-0.0232264	-0.124467	0.0187413	0.00757469	-0.0102717	-0.0530694	0.0186444	-0.0876178	0.027446	0.0202552	-0.0432146	0.00649452	-0.0653636	0.0907169	0.050458	0.00386609	0.0122066	-0.0294888	-0.155568	-0.0377076	0.0519194	0.0116448	0.0379845	-0.00691627	0.0660199	0.059525	-0.0532591	-0.0572954	0.0814474	0.0978419	0.0878434	-0.0376165	0.0530916	0.0166783	0.0464497	0.0103445	-0.0217	-0.101422	-0.0387285	-0.052782	0.0121219	-0.0180573	0.10043	-0.000345359	-0.0553569	-0.0640047	0.0331113	0.0836295	0.051627	-0.0823716	0.113558	0.0402318	-0.0409757	-0.13497	0.0375424	-0.0874528	-0.0249993	0.0412499	-0.0226612	0.0557614	0.0757581	0.0442989	-0.0379288	-0.092349	0.0635667	-0.0554725	-0.0732522	-0.0127591	-0.0689973	0.0227533	-0.00890221	0.0419242	0.0067488	0.0237959	0.0127802	-0.045286	-0.0361867	0.0273808	-0.0235399	0.0275865	0.0300948	0.011029	0.00217407	0.126202	0.0688904	-0.0423606	-0.089388	-0.0124554	-0.0689463	0.0386298	0.000666229	-0.00373427
8000000.0001	0.0406072	-0.0569911	-0.0619899	-0.0226821	0.014627	-0.0381475	-0.0531706	-0.0238362	0.00683753	0.0533153	-0.0474612	-0.0353587	-0.0851678	-0.0764265	-0.00134895	-0.133076	0.0351083	0.0232568	0.0667648	0.00381831	0.102838	-0.0485757	-0.0374094	-0.0472683	-0.0104526	-0.0365522	0.0301353	-0.0936712	0.081239	-0.0411295	0.0440852	0.0242545	-0.0175255	-0.0501622	-0.0190436	0.00203752	0.0341161	-0.0765479	-0.00371007	-0.0452959	-0.038004	0.0707271	0.00045636	0.0299391	-0.00764158	0.0662435	0.0514005	-0.0025107	-0.0267903	0.054857	0.0901541	-0.0515138	-0.0881374	-0.0590556	-0.0898033	0.0100944	0.0928913	-0.0537078	0.0339212	-0.0403445	-0.04108	-0.0331864	0.0408557	0.0319394	0.0262526	-0.0263696	-0.00792817	0.0756976	-0.0663326	-0.013646	-0.0211961	-0.0149335	-0.0272602	-0.0924437	-0.0364762	-0.0440605	0.00500975	0.0370613	-0.0803033	0.0817111	0.0625039	-0.0670333	0.0272555	-0.067168	0.00458424	0.00518134	0.114798	-0.113044	0.0636123	0.00589931	0.00169099	-0.035764	-0.0205942	-0.0262108	-0.0468659	-0.00724875	0.0549142	-0.0845929	0.0778328	-0.0550157
8000000.0001	-0.0416772	-0.0365667	-0.0371518	0.0332011	-0.0219736	-0.069604	0.0018943	-0.013195	0.07684	-0.0572906	0.055019	-0.0688246	0.0263885	-0.0739034	0.0315574	0.0545621	-0.00436095	0.0761563	0.0220037	-0.0761635	0.0855664	-0.056069	-0.0112281	-0.0331009	-0.0194748	0.0807519	0.0106276	-0.0416054	-0.0511241	-0.0465256	0.0743907	-0.0298494	0.0350002	-0.0067793	-0.0166849	-0.0222373	-0.0106292	-0.0391945	0.0138696	-0.00345157	0.163731	-0.035375	0.0147266	0.0516428	-0.00986792	0.0233713	-0.0361648	-0.0804814	-0.0359683	0.0370373	-0.0677588	-0.0691037	-0.0174364	0.0430009	0.0161039	-0.073277	-0.000558277	-0.0518478	-0.0586351	0.108653	0.0234782	-0.116247	0.00649866	0.151314	0.0253557	-0.00939834	0.0754942	-0.0520578	-0.0582118	0.0130239	-0.0731814	0.0424887	-0.0679971	-0.0962662	-0.0737509	-0.0180933	-0.0584177	-0.00416062	0.0144324	0.0523687	-0.00221947	0.00702023	0.038563	0.0353054	0.0381874	-0.0456272	0.0773257	-0.0507913	0.0216217	-0.0233517	0.0042379	-0.000424447	0.0381714	0.0314239	-0.0578168	-0.0959618	0.0496077	-0.0605828	-0.0277362	0.00235684
8000000.0001	-0.0666997	-0.0232192	0.0655052	0.011011	0.0287451	-0.034779	0.036279	-0.0430199	-0.093	0.045337	0.0141483	-0.0724859	0.0625487	-0.0419238	0.0403635	0.0272058	0.0845825	0.00639629	0.0199369	-0.0179407	0.0815854	-0.0197876	0.0701005	0.0383578	0.0196131	-0.0469198	-0.0828106	-0.132357	0.0620725	-0.00315416	0.0259421	-0.0342962	0.0419846	0.0734016	0.0215472	0.0242747	0.0556342	0.00252496	-0.00932418	-0.0401651	0.102509	-0.0219209	-0.114669	0.0684437	0.0265507	0.0265214	-0.0693215	0.00198429	0.017527	-0.153842	-0.0613529	0.0342039	-0.147082	0.0244303	0.0207381	-0.0656013	-0.0520324	0.0185239	-0.0534407	0.0516055	-0.0763627	-0.108166	-0.0113925	-0.0972234	0.00329761	0.0872032	-0.00340075	-0.0611813	-0.0520331	-0.0524119	0.0327872	-0.0165528	0.000903911	0.0370185	0.0406763	-0.0248183	-0.053863	-0.0277423	0.0712644	0.0089082	0.100305	0.0250703	0.10018	-0.029943	-0.135181	0.0409373	-0.0427167	-0.010742	-0.00496975	-0.0413222	-0.00979607	-0.0269688	0.0182669	-0.0248766	-0.0673203	0.00894592	-0.0429735	-0.0469709	-0.0219526	-0.0480614
8000000.0001	0.0287421	-0.0329654	-0.0537125	0.00125943	0.021593	0.0441581	0.129325	-0.0462592	0.0193317	0.0999854	-0.0758213	-0.0933303	0.0268166	-0.0557595	0.0767788	-0.0492991	0.0997459	0.00431709	0.0233668	0.0152861	0.013477	0.0319034	0.00531407	-0.0864917	0.00977347	-0.0816642	0.0672836	-0.031954	0.059743	0.0273643	-0.0252852	-0.0342453	-0.00718423	-0.0220395	0.00777419	-0.0147466	0.000848324	0.0379346	0.0219671	0.035478	0.0563146	0.010077	0.0225764	-0.0642708	-0.133969	-0.0372761	-0.12629	0.0667097	-0.0734224	-0.0814588	0.0175444	-0.0146558	-4.76239e-05	-0.109886	-0.0135298	0.0412933	-0.0217012	0.0579577	-0.00876972	0.00148034	-0.10204	-0.024677	0.0857471	0.00817671	-0.111026	-0.0910178	-0.154858	0.0763373	-0.0450037	-0.0181996	0.00999485	-0.0737505	-0.0290644	0.0446992	-0.000878696	-0.0285389	0.00462911	0.0124047	-0.0165324	-0.0093362	-0.0196426	-0.0274118	-0.0414472	0.02455	0.114217	0.0930391	0.0670193	0.0240631	0.0271306	0.00378519	0.0043414	-0.0138402	0.0222707	0.015097	0.0627101	-0.0391953	0.162452	-0.0657612	0.0472099	-0.0804681
8000000.0001	0.040346	0.104616	-0.0260098	0.0646739	-0.0479753	0.0429742	-0.0449803	0.0821062	0.0873119	-0.0372258	-0.0962959	0.0395801	0.00910843	0.0045839	0.0114157	0.0996502	-0.0306408	0.11718	-0.0458606	-0.00864156	0.046293	-0.100437	0.0107776	0.165222	0.0539069	0.109053	0.0491163	-0.0128175	0.023658	-0.0486612	-0.0161188	-0.0331228	-8.61488e-05	0.0227762	0.0469019	-0.0331214	-0.0625931	-0.0299784	0.00552571	-0.0452657	0.0868541	0.0306084	-0.0264221	-0.0701192	-0.0406546	-0.0692268	-0.0197701	-0.031071	-0.0228654	-0.0138429	0.00802479	-0.00084751	-0.0926054	-0.00960576	0.0750548	-0.0723083	0.0267782	-0.0704159	-0.0102104	-0.00536588	0.104647	0.0844439	-0.1136	0.00473269	-0.102882	-0.00220623	-0.0503191	-0.00284746	0.0756462	-0.0364783	0.035325	-0.0544416	-0.00774922	-0.0316043	0.00484869	0.0174419	0.0348927	0.0351649	-0.0212622	0.0566798	-0.0620664	0.140775	-0.025154	0.0380659	-0.00316551	-0.0809441	0.0522661	-0.0386413	-0.0606733	-0.163724	-0.0207962	0.0259855	-0.0251063	-0.0474923	-0.0373459	-0.0809049	0.00898994	0.0692753	0.0498546	0.126836
8000000.0001	0.079728	0.0444444	-0.0214091	-0.0813286	-0.00836577	0.0110443	-0.0785359	0.139345	0.0740291	0.114145	-0.0312217	-0.0392163	-0.047003	-0.0349939	0.0530069	0.0420254	-0.00741976	-0.0817522	-0.0222274	0.0154619	-0.00477146	0.059676	0.0355349	0.0192018	-0.077294	0.0606355	-0.0263608	0.00740494	-0.0363125	-0.0286202	-0.0259479	-0.125344	-0.0433828	-0.0180261	-0.104921	-0.010735	0.0435087	-0.121165	-0.0693226	0.00324737	0.0476964	-0.0823407	0.0441548	0.0634494	-0.0092728	0.0559861	0.00932274	-0.0839743	0.0219044	0.0507885	0.0950796	-0.0193131	-0.0767606	0.00722872	-0.0738231	0.0355661	0.0119423	0.0356221	-0.074771	-0.0143251	0.0736533	-0.108769	-0.00995669	-0.106549	0.0480329	-0.0737491	0.123482	-0.0271032	0.0276986	0.0386224	0.0216701	-0.00367232	-0.00763653	-0.0730665	-0.0547012	0.0370522	0.0106635	-0.0276706	-0.0236019	-0.0872983	0.0341904	-0.0860467	-0.0803702	-0.0813346	0.0221775	-0.0385002	-0.00872699	-0.0325769	0.0539115	-0.0429594	0.0921869	-0.0389839	-0.0500268	-0.00543284	0.121008	-0.0109703	-0.0259748	-0.0450382	0.172706	0.0309509
8000000.0001	0.00164178	0.0875356	-0.155874	0.0675175	-0.0621968	-0.0524934	-0.0144071	-0.0160259	0.0114251	-0.0165915	-0.0713533	-0.0032415	-0.00934226	-0.00179531	-0.0702464	-0.00590329	0.103117	-0.0829147	-0.0395938	-0.0482191	0.00803825	-0.105138	0.0317	-0.0147491	-0.0155308	0.0198141	-0.0553811	-0.0449792	-0.0219486	0.0445209	0.0729881	-0.0110877	-0.0161766	0.0666498	0.0730277	0.022432	0.0812399	-0.0348928	0.0105794	0.0706494	-0.0473182	-0.0362181	-0.0568095	-0.0395145	-0.0932717	-0.12584	0.0801104	-0.0267707	0.0347194	0.0549569	-0.0447224	0.0163912	0.0353205	-0.0211322	0.0648311	-0.0586546	-0.0539162	-0.020945	-0.0327055	0.0300051	-0.0168196	0.0451282	0.0479355	0.0656054	-0.0284289	-0.0403959	-0.0892499	0.0961748	0.0106544	-0.0968947	0.0143808	-0.0311456	-0.114387	-0.0136215	-0.0847833	-0.0237567	0.0162882	-0.100602	-0.0141117	0.0731459	0.0983204	0.0522862	-0.142876	-0.0391077	0.0280119	0.00778626	-0.0609878	0.0214626	0.0522436	0.0122312	0.0291688	0.128733	0.0644968	-0.0318671	-0.0376168	-0.0240601	-0.0522928	-0.0422883	0.00827592	-0.00281967
8000000.0001	-0.0248906	0.06093	-0.00596943	0.0193793	0.00409293	0.0654057	-0.0259924	0.0646639	0.0620497	-0.0338158	0.0203344	0.129492	0.0281053	0.0230949	-0.0935397	-0.00042222	0.0536312	-0.110772	0.0566946	-0.0123151	0.0640793	-0.204316	0.00718477	0.0206866	-0.0268252	-0.0516571	0.00236817	0.0143624	0.0153032	0.0900456	-0.0177973	-0.00540425	0.0300005	-0.00732558	0.112024	-0.0297492	-0.0455679	0.0835245	0.0194932	-0.075687	-0.0154738	-0.0233941	0.0645119	-0.00588181	-0.0347018	-0.0347775	-0.028648	-0.0533059	0.0439322	0.0135864	-0.0170486	-0.0640633	-0.0784667	0.107736	-0.0485491	-0.0113672	0.03909	-0.0341912	0.0519371	-0.102279	0.113547	0.0202759	-0.0573943	-0.00806004	-0.0279908	-0.0505764	-0.0205104	-0.0944899	0.0971485	0.0349049	0.134863	-0.00231576	0.0775343	-0.0797191	-0.00459137	0.00819329	-0.113152	0.0209615	0.0526046	-0.00502399	-0.0568275	0.00210519	-0.0332337	0.083055	-0.0713369	-0.0667358	-0.0155557	0.18122	-0.0409536	-0.00386319	0.0522872	-0.0189771	-0.0246999	0.0543941	0.000516885	-0.026006	0.0181441	0.0517083	0.18938	-0.0344822
8000000.0001	-0.0920848	-0.0945303	-0.0221564	-0.0510128	-0.136598	0.0373851	0.0850136	-0.018345	-0.0203557	-0.0190018	0.0403336	0.0136723	0.0216683	0.00768342	0.0655109	-0.0638355	-0.0824958	-0.0621973	0.0228626	-0.115257	0.0455134	0.00624855	-0.0157834	0.0322684	0.0189623	0.000503623	0.0499539	-0.0773117	0.0935969	-0.0326233	-0.101427	-0.0351966	-0.0456047	0.0230403	0.0288242	-0.0420812	0.115832	-0.0170731	0.0139354	-0.0698267	0.0349713	0.0397997	0.0133953	0.0692679	0.0622748	-0.0491398	-0.0340487	0.0381886	0.00725556	0.0492815	0.0136891	-0.000720151	-0.0843705	-0.0202625	-0.096528	-0.000927251	-0.0080692	0.0460805	-0.0128537	0.0489084	-0.0744741	-0.00729399	-0.081126	-0.0534303	0.0117965	-0.00654633	-0.130094	-0.0367642	0.0177161	0.0835959	-0.0163609	0.167803	-0.0585304	0.03906	-0.0543712	0.0811085	0.0154306	0.0631862	-0.0526609	0.0751049	0.0481282	0.0560899	0.0355292	0.0362761	0.0398176	-0.0405162	0.0567661	-0.0296966	-0.0889317	-0.0422074	-0.0647264	0.0168685	0.0599419	0.0368341	-0.0893017	0.0120635	-0.0157033	0.0654717	-0.0243225	0.0978075
8000000.0001	0.0642136	-0.131231	0.00553655	0.0653927	0.0719511	-0.0271732	0.00521011	0.00932352	0.0671599	-0.0236541	-0.0239714	-0.00204116	0.00867102	-0.0109078	0.0633157	-0.0507045	-0.063038	-0.0604075	0.113089	-0.0698208	-0.0364632	-0.00269355	-0.0126718	0.0497519	-0.00892466	0.0620194	-0.00521757	0.00481028	-0.018825	-0.0130622	0.0567573	-0.0128684	0.0329512	0.0246405	-0.0698608	-0.0213465	0.066103	0.0101594	-0.0186626	-0.00701203	0.0825201	-0.0247784	-0.0700892	-0.0592731	0.00549544	-0.104616	0.095792	-0.0329666	-0.0331344	-0.00412684	0.0413659	-0.103394	0.0106583	0.0582403	0.0599918	-0.0333245	-0.0592943	0.100805	0.0208329	-0.0800802	-0.033467	-0.0433507	0.044731	0.0441998	0.115786	0.00649038	0.0355905	-0.0528268	0.0139291	0.0797295	0.00633118	0.0321364	0.03052	0.0758474	0.0586172	-0.00495091	-0.0141898	-0.0188492	-0.0315712	0.00995905	0.0270503	0.0129845	0.0401504	-0.005373	-0.0956321	-0.116188	0.0313004	-0.00519715	0.131659	-0.0306603	0.0122248	0.0124154	0.0730266	-0.0659726	0.00904725	-0.0134803	0.0625259	0.0349654	-0.0461334	0.0484699
8000000.0001	0.0898994	0.0313993	0.049894	-0.0270631	0.023522	-0.00843669	-0.0197374	-0.0187766	0.0953349	-0.0432103	-0.00369826	-0.0352941	-0.066844	-0.05211	-0.0572921	-0.00573255	-0.0113979	-0.0257394	-0.0515241	0.0884717	0.0466727	0.0951001	-0.0477517	0.0743591	-0.00846694	-0.00099395	0.0220945	-0.000955115	-0.125128	-0.120069	0.0903966	0.0351414	-0.0255109	-0.117581	0.138435	0.0467992	-0.011956	-0.0246886	0.0688961	-0.203197	-0.0891657	0.064307	0.121955	0.0910591	0.108095	-0.0236845	0.00800651	-0.052955	-0.0136443	-0.0889843	-0.0869513	0.0501606	0.0354607	0.0126097	-0.0418771	0.105223	-0.126179	0.0397347	-0.0176686	-0.0403131	0.0379359	0.00696668	0.0148142	-0.0295374	-0.00125598	-0.0155868	0.0130701	-0.0177503	0.0574961	0.0330725	-0.0934925	-0.0440403	0.0226055	0.0814755	-0.134565	-0.0138828	-0.066813	-0.123721	0.010596	-0.00532883	0.0476238	0.024904	-0.0170138	-0.0108375	-0.113672	-0.0392401	-0.0969407	-0.0427127	0.0111474	-0.0579271	-0.0397526	0.0249998	0.134705	0.0959128	-0.0367514	0.0210515	-0.0686057	0.100428	0.0122935	0.0542536
8000000.0001	0.0340185	-0.0216191	0.0392631	0.0338829	0.126428	-0.0364086	-0.00919274	-0.0783433	-0.0565866	-0.00488782	0.0150892	8.57847e-05	-0.0778693	-0.0451171	-0.0358101	0.0659362	0.144121	-0.0554054	0.0195965	0.00366799	-0.139408	0.0331348	0.0652512	-0.0163684	-0.0493816	0.0255827	-0.0345971	0.00922258	0.00253285	-0.0430507	0.0148342	-0.0168775	-0.0350127	-0.0518451	-0.0549586	0.0786484	0.0434975	0.0802049	-0.0772266	-0.104893	-0.0256939	0.0391842	0.0161255	-0.0772701	-0.074116	-0.014979	0.0557192	0.124285	0.0271399	-0.0199531	-0.122316	0.0192125	-0.00891661	-0.0145291	-0.0701291	-0.0560642	-0.0440812	-0.00910988	-0.00724472	-0.0499952	-0.0447169	-0.00267749	0.112828	0.0567431	-0.0182931	0.0276889	-0.10083	0.0141013	-0.078239	-0.0107782	0.0182789	-0.0639492	0.0465809	-0.0359358	-0.0117679	-0.039527	0.0623162	0.0471677	-0.062506	0.0123719	-0.0489371	-0.032946	-0.0270938	0.0320915	-0.0810369	0.0467974	0.0397044	0.0339908	0.0498154	-0.0856478	-0.0858423	0.0337439	-0.00892612	0.00460693	-0.035015	0.00444439	0.0361239	0.0285062	-0.0552639	-0.00460897
8000000.0001	0.138317	0.00892007	-0.0155787	-0.0763466	0.065761	-0.0123309	0.00989665	-0.010012	0.00392141	-0.0427355	0.0669368	0.000776944	0.119319	0.0794725	0.039144	0.00628723	0.0718807	-0.0314874	-0.0175779	0.0136917	0.126634	-0.0679198	-0.0898227	-0.0819028	-0.0637395	0.0196839	0.0542693	0.0724839	0.120044	-0.0571431	0.0076112	-0.00771802	0.0348437	-0.0591114	0.0208477	0.000844459	0.031235	-0.00837457	-0.0622965	-0.00468868	0.0630409	-0.0344227	-0.0142521	-0.03565	0.022126	0.0118069	-0.00588799	-0.0503715	0.0792569	0.0839725	-0.0914192	-0.0241117	0.0130265	-0.0385023	-0.0582679	0.0233047	0.0386371	0.0177475	0.0261971	0.0286649	0.00163839	0.0656583	0.0933127	-0.0266497	0.00235741	-0.00335113	0.0582073	-0.0793316	0.0754838	0.079877	0.031255	-0.0199133	0.0680242	-0.0535395	0.0862936	0.0623626	-0.0196683	-0.0880668	0.0402814	0.0218297	0.00328541	-0.0247999	-0.126592	0.0175999	0.0338808	0.0347273	0.0501045	-0.0384194	-0.0380063	0.00102521	-0.0413254	-0.0690307	0.0667202	0.00458511	-0.0167392	0.016398	-0.015224	-0.0739387	0.0643102	0.0248054
8000000.0001	-0.0486486	0.0730455	-0.0326365	-0.0073328	-0.0106051	-0.0134432	0.0280074	-0.00389268	-0.0112423	-0.0304629	0.112491	0.0198014	-0.0180898	-0.114459	-0.018423	-0.0378232	0.108883	0.0364033	-0.00151279	0.00836582	0.00865534	0.0152416	-0.0588169	0.0981872	-0.00320296	-0.0233009	0.103688	0.0190799	-0.0762738	0.0652017	0.016217	0.0397503	0.0231519	-0.0199974	-0.0374479	-0.0265955	-0.109864	-0.0679385	-0.0139519	-0.0369129	0.00374171	0.0106418	0.106083	0.018622	0.0336171	0.0326746	0.0498387	0.109844	-0.0802571	-0.0863902	0.0726696	0.0559554	-0.0108013	0.091387	0.0291183	0.0337382	0.0543523	-0.0356689	-0.0320206	0.0236129	-0.00115634	0.132328	-0.00782598	-0.0280588	-0.0450679	0.0149455	-0.0414866	0.0451386	-0.115359	0.0450763	0.0691263	-0.0998301	0.0018842	-0.0690231	0.0340963	0.0622507	0.049432	0.106736	-0.0472772	0.00474117	0.00728785	-0.0554182	-0.0773949	-0.0859821	-0.0154061	0.138335	0.0703335	-0.0453653	0.00464608	0.0956966	0.0689683	-0.0126715	-0.00157147	0.0395402	-0.0334588	-0.0575216	-0.157397	0.0235335	-0.0219849	-0.005555
8000000.0001	-0.091746	0.059738	0.0445767	-0.0674208	0.0489778	0.0507916	-0.0731344	0.0219768	0.0285116	-0.0542888	0.0652835	-0.0503416	-0.0388825	0.0178343	0.101915	0.0907133	-0.00940282	-0.0371793	0.000447684	0.00953801	-0.0325083	0.0307948	-0.0646894	0.0349154	-0.0567999	-0.0130755	-0.0488723	0.00718357	-0.00357099	-0.0139206	-0.0610866	-0.0142837	-0.0439372	-0.0175112	0.00673786	0.0454974	-0.141648	-0.0527216	0.0484554	0.169294	-0.013792	-0.00927551	0.0669459	0.0346366	-0.0440784	-0.011841	0.0734139	-0.0608505	-0.00218783	-0.0260607	0.0835904	0.047257	0.0580748	0.0770282	-0.00499679	-0.0394364	-0.0456567	0.0667196	-0.127174	-0.0361031	-0.0282568	0.0699659	0.0729018	0.0363108	0.0480504	-0.0130461	0.0193626	-0.102108	0.0601523	-0.00597526	-0.011325	-0.0129934	0.0498833	-0.0755782	0.0205034	-0.0344906	-0.0112252	0.0471145	0.0624028	0.0223783	0.0288645	0.0539482	-0.0322051	0.03242	-0.0778512	0.0160932	0.0128002	0.0618552	0.00919911	-0.0959034	-0.0482087	-0.0828543	0.0547177	-0.00215149	-0.117599	-0.0366806	-0.0430921	-0.0110898	-0.0332769	0.0164204
8000000.0001	-0.0348306	0.00210301	-0.0242363	0.0505543	-0.0447222	0.0157005	-0.0691983	-0.024198	-0.0382235	0.0282171	0.0607918	0.0313078	-0.0299459	-0.0162493	-0.0266629	-0.011321	-0.0127829	0.00358288	0.0668776	-0.109837	0.0408264	0.0570892	0.0202253	-0.0346817	0.00890121	-0.0576105	0.0187984	0.0862194	-0.0145596	-0.0115166	0.0420032	0.0494513	-0.00590258	-0.0453837	-0.0818864	0.0378028	-0.041268	-0.0358138	-0.0099629	0.0647821	-0.0193967	0.0993371	-0.108232	-0.0579181	-0.00963487	-0.0477286	-0.0348088	-0.0627085	-0.132434	0.033153	-0.00694375	0.0508274	-0.0225461	-0.00452368	0.0982138	-0.0901517	0.0899613	0.0307841	0.0631409	-0.0203804	0.00792869	0.0448149	-0.0192606	0.053984	-0.103627	-0.0616798	-0.025098	-0.0710317	-0.010838	-0.0255485	0.0215669	0.0266087	0.0421392	-0.0363315	-0.0412653	-0.0319335	0.026359	-0.00614606	-0.0387452	-0.0998087	0.0215064	-0.00976896	-0.0692753	0.0599732	-0.0286761	-0.0815894	-0.0580065	0.0521628	-0.000243159	0.0581131	-0.0469829	-0.087491	0.0676512	0.0736404	0.0804049	0.0176857	0.0881711	0.032931	-0.0567298	-0.108098
8000000.0001	-0.0171026	0.0147565	0.0105569	-0.0524357	0.0661834	-0.020804	0.0712453	0.0686715	0.0566083	0.0696149	-0.111857	-0.0465555	0.0138986	-0.0981404	-0.0161711	0.0483239	-0.0548129	0.0159199	0.0277865	0.010103	0.0251364	0.0741394	-0.0596436	-0.0880309	-0.0608931	0.0979315	0.0125861	0.0229484	-0.0536334	-0.016464	0.00809543	0.0881268	-0.0200756	-0.00378054	0.0300312	-0.00344909	-0.0256983	0.0462487	0.163836	0.0273602	0.0855406	0.0855173	0.0874109	-0.0822759	0.0517736	-0.0219369	-0.0816759	0.0781213	-0.0348369	-0.0134893	-0.00671127	-0.0205633	-0.0452223	0.09037	-0.0488298	0.0152564	0.00791989	-0.0293603	-0.0617397	-0.040457	0.0301653	-0.0362626	-0.0547433	0.0971378	-0.0698398	0.0628765	-0.0231263	0.00869392	0.0155442	0.0476215	0.0480478	0.0866176	-0.0224496	0.0334737	-0.0612177	-0.080136	0.112794	0.00392511	0.0217981	-0.0903204	-0.070421	-0.0199266	-0.0199961	-0.0103817	-0.0828515	0.0504839	-0.0537269	-0.0301507	0.0671893	-0.0269331	-0.00606878	0.0182409	0.0334008	0.00938477	0.00396114	0.0127033	-0.129678	0.0582329	-0.0765742	-0.0214444
8000000.0001	-0.00600154	0.0268361	0.0309652	0.0123633	-0.0255159	0.0812602	-0.069109	-0.122412	0.0283087	0.00272238	-0.0471487	0.0406286	-0.0441855	0.00541405	0.0210818	-0.104559	0.021973	0.0116197	-0.0244733	0.0572775	-0.064572	0.00348149	0.133696	0.0196291	-0.0477488	0.0642562	0.0374934	-0.0204209	0.0805211	-0.0721247	-0.0272313	0.0621945	0.0372487	-0.0460266	-0.116839	-0.0683227	0.0378173	0.0666168	0.0359666	0.0308443	-0.00256108	-0.0397772	0.023328	0.0597038	0.0364732	0.0597479	0.125244	0.0110917	-0.0258363	-0.0375157	0.0831783	-0.0302443	0.00618101	-0.0626574	-0.0218302	-0.074369	0.084495	0.0257026	-0.0580807	-0.11285	-0.0495909	-0.00759714	-0.00293146	0.0125193	-0.0147337	-0.0667917	0.0710205	-0.0932467	0.00872149	-0.0253926	-0.0532	0.0395279	0.0165546	-0.069755	-0.0248821	0.0189738	0.0700341	0.0158619	-0.0208633	-0.0659949	-0.0262535	0.0844876	-0.00174537	-0.0167768	0.0268538	0.0771927	-0.120398	0.0535708	0.00240706	-0.0436398	0.0272655	-0.013283	0.141806	0.0595522	0.0726286	0.0109832	0.0278553	-0.0308455	-0.146961	0.0431579
8000000.0001	0.0805019	-0.0128673	0.0436729	-0.0475545	-0.139946	0.0174027	0.0166914	-0.00872592	-0.00603358	-0.0138659	0.0209011	0.00675804	-0.0155403	-0.0411187	0.0828436	0.078814	-0.000543062	-0.0351504	-2.69368e-05	0.0562014	-0.050073	-0.105435	-0.0218582	-0.0184847	-0.0844114	-0.068377	-0.0202517	-0.0832394	0.0413941	0.00541396	-0.00237861	0.0216276	-0.0272004	-0.00121465	0.0591813	0.00581087	0.0229297	0.00560078	-0.148078	-0.00647286	-0.00886111	0.0146184	-0.0849282	0.0503356	0.0639239	0.0437932	0.0506606	0.0462913	-0.0095071	0.0119431	-0.0750303	0.0214031	0.0790024	0.114998	0.0111345	-0.0394382	0.0698272	0.0182623	-0.0453729	-0.0213361	-0.11398	-0.104304	-0.00830718	-0.0709823	0.0619014	-0.0187814	-0.0498852	-0.050956	-0.103959	0.0156856	0.00501478	-0.0925351	-0.0166664	0.0567726	0.0354897	0.00562947	-0.0156368	-0.0385164	-0.053162	0.0261053	0.0049315	-0.00958032	-0.00862818	-0.0672243	-0.0194119	0.0204129	-0.0780855	0.0682948	0.0415892	0.026439	-0.0921582	-0.0182757	0.0481985	-0.0594894	0.0433204	0.0542362	-0.0512066	0.0233432	-0.0027767	-0.0319089
8000000.0001	-0.0943485	0.0158897	-0.00867549	0.0471715	0.0550727	-0.0418175	-0.00839392	-0.100793	-0.0961515	0.0793006	-0.030929	0.064825	0.135407	-0.0726521	0.00148111	0.0220074	-0.015404	0.080434	0.0395108	0.00293122	-0.0360931	0.0274199	0.0488401	-0.0431732	0.0609382	-0.0243747	0.0425499	-0.00112881	0.0285875	-0.0354569	0.0662009	-0.0513309	0.0027048	0.0601456	0.00831196	-0.0711597	-0.0336708	-0.0539446	-0.00718023	0.000586136	-0.0495867	0.000359865	0.00359716	0.0198594	-0.0381743	0.0397393	-0.00841152	-0.0964911	-0.0182577	-0.0331639	-0.0425223	0.104442	-0.0085639	-0.0200393	-0.0405519	-0.00139182	-0.0278909	0.0371433	-0.0259535	-0.0347988	-0.037859	0.0142029	0.048776	0.114668	-0.0401166	-0.0556412	-0.0199913	-0.0248729	0.024493	0.00290473	0.099524	0.00679299	-0.0245259	0.00677083	-0.0611438	-0.0835703	-0.0568534	0.0833323	0.112543	0.00798299	-0.0330424	-0.0108747	-0.0400925	-0.0258081	0.0295743	-0.0152609	-0.0487712	-0.0145266	0.0578969	-0.010885	-0.0934198	0.05898	0.0206503	-0.0269051	-0.0579918	0.00810531	-0.0338311	0.0530281	0.0494089	-0.0485741
8000000.0001	0.0292574	0.028071	-0.140139	-0.10026	-0.0764404	-0.0584775	0.0778724	0.0216937	-0.0354176	0.06791	-0.0205351	0.061219	0.0318198	0.0697333	0.0695414	-0.0229457	-0.0755508	0.00667189	-0.00878204	-0.0930188	0.00432299	0.039379	0.0162068	0.0553852	-0.125501	-0.0470227	-0.0580097	0.0633639	-0.022801	-0.0217533	-0.10999	0.0666917	-0.0465644	0.00726139	0.0402454	-0.0669433	0.0278581	0.0444149	-0.0550496	-0.0280224	-0.0259763	-0.0606917	0.00373939	0.0146482	0.0970746	0.0325333	-0.0765526	-0.0121132	-0.0527991	-0.0148619	-0.0196587	-0.0220802	-0.0719413	-0.103468	0.06382	-0.0414275	0.0255081	-0.0419424	-0.0312338	0.0896625	-0.0560554	0.0758808	0.0371272	0.0448318	-0.0193458	-0.0104306	-0.0762183	0.015368	0.00430243	-0.0356596	-0.0185068	0.0645415	0.0105134	0.141095	0.0986737	0.0766282	0.0733707	0.0418197	-0.0505033	0.0177298	0.0642936	0.0561089	-0.0416938	-0.134885	-0.00292237	0.0999383	-0.0593338	-0.0117033	-0.0909046	-0.0735033	-0.0241379	0.00863466	-0.109891	0.0911664	-0.0738764	-0.00649522	-0.059283	-0.0454681	-0.0303035	-0.0323319
8000000.0001	0.0198754	-0.00261346	-0.0158719	-0.0148511	0.0507858	0.0140779	0.00655089	-0.0719566	-0.054544	-0.136686	-0.103519	0.0936291	0.0325971	0.0193263	0.0551962	0.0117732	-0.0579832	-0.0170777	0.0113685	-0.0922135	0.0139163	-0.045109	0.0215386	0.023514	-0.0012261	0.0219901	0.0311576	-0.092954	-0.000393832	-0.0434532	-0.0464365	-0.0498582	-0.0229734	0.0312682	-0.110149	-0.0497546	-0.0430654	-0.0305128	0.0603348	-0.00558334	-0.0787928	-0.0505231	-0.00490356	0.0079822	-0.0663189	-0.0194117	-0.0827192	-0.0406339	-0.0372471	0.0151564	-0.00940061	0.0717124	0.000433941	-0.00818315	0.0834923	-0.0458796	-0.0339331	-0.0109323	0.076581	0.0151816	-0.0433875	0.0425103	-0.0698336	0.0369678	0.00858777	-0.0513021	-0.0231243	-0.0393091	0.0653415	-0.00879612	-0.0119585	0.0148717	-0.0995897	0.0431756	0.0168378	-0.117866	0.0248194	0.0115631	0.00881789	-0.102992	-0.015421	-0.0189591	0.0227872	-0.00206572	0.0194031	-0.0155668	0.169595	0.0337543	-0.117741	0.0387659	-0.0158778	0.0291809	0.00554951	0.0361512	0.0471747	0.0392603	0.0771146	-0.0124427	0.0160139	-0.00532843
8000000.0001	0.00157721	0.029091	0.067136	-0.0230045	0.00682886	-0.0120662	-0.066769	-0.0484239	0.0302467	0.0105001	-0.0597736	0.0126333	-0.0250496	-0.01929	0.0213124	-0.0312529	-0.0169406	0.0125808	-0.044169	-0.0486371	0.0295976	0.0638718	-0.0243287	0.0511706	0.0150758	-0.0834609	-0.0205129	-0.0094682	0.000798723	0.0501135	-0.0843363	-0.0186391	-0.0781916	0.0126331	-0.0260517	-0.0135546	0.0471127	0.0224425	-0.0646159	0.0350987	-0.0394378	0.000888155	-0.08561	0.0316562	-0.0823819	0.0557672	0.00118095	0.0431706	0.0571236	-0.0133603	0.00821231	-0.0303167	-0.00110096	-0.0484175	0.0104544	0.0831976	0.0842271	0.0867222	0.0665578	0.0319835	0.098513	-0.0528396	-0.0239823	0.0230093	-0.0382239	0.0565195	0.000429332	0.0294633	-0.0292672	-0.0943616	0.0335388	0.00404864	0.040716	0.0132732	-0.0636185	0.00172792	-0.065197	0.0601134	0.0258047	-0.0659362	-0.0186601	0.02699	-0.00330422	0.0346462	-0.0773349	0.00220959	0.128471	-0.0314878	-0.155371	0.100009	0.0562611	-0.0153831	-0.0193854	-0.0234159	0.0346037	-0.00147426	-0.0209825	-0.0704769	-0.043073	-0.0393484
8000000.0001	0.0334054	-0.036505	0.00183085	-0.0439584	0.117107	-0.0824592	0.0262046	-0.044647	-0.0491767	0.00761367	0.1189	-0.0253621	0.0240866	-0.00931723	-0.063562	0.0252944	-0.0111627	-0.0580746	-0.0640669	-0.0521381	0.0521218	0.0622697	-0.0187081	0.00535924	0.0239042	-0.0481715	-0.0011226	0.0645484	0.0236253	-0.0513055	0.0926836	0.0199448	0.0380097	0.102917	-0.0352108	0.0111472	-0.0738139	0.099037	0.0276245	-0.0449497	-0.0814175	0.0113879	-0.0345697	0.0230021	-0.0677075	-0.0461021	0.0266927	-0.0396783	0.0293849	-0.00767801	0.0314351	0.0698544	0.0207758	0.165872	0.0787158	-0.0169839	0.0105342	0.0527521	-0.0335889	-0.000135961	0.0166764	-0.0436604	0.0338	-0.00596833	-0.104848	0.0408919	0.0107868	0.00346997	-0.0829503	-0.0270016	-0.102278	0.0127798	0.0456039	0.0827361	-0.0718856	0.0630657	-0.00165039	-0.0680385	-0.0493293	0.0860734	-0.0978615	0.00333123	0.0572986	-0.0126286	0.0421367	0.0884018	0.0441726	0.0546921	-0.0656638	0.0837624	0.0445242	-0.0573983	-0.0259708	0.0255965	-0.00116482	0.0266514	0.00582147	0.0783367	-0.0376095	0.007832
8000000.0001	0.0252404	-0.0562803	0.0854093	-0.0166406	-0.0551215	0.00671109	-0.00744155	0.0205189	0.024016	0.095756	0.012766	-0.0101136	0.0168449	-0.0511767	-0.0307247	-0.107212	-0.0205494	-0.103949	0.0232198	-0.0511226	-0.0512213	-0.0665307	-0.0022807	0.0647137	0.0186553	-0.00375517	0.0555031	-0.0279547	-0.00304363	-0.0826673	0.00465466	-0.0480629	0.00795437	-0.0235695	0.00734324	0.00039548	-0.0815632	0.00948115	0.0259698	0.00147959	-0.109977	-0.0264514	0.0983479	0.0526607	-0.00815602	0.0596372	0.0645277	0.0418229	0.154001	-0.0741993	-0.0966905	0.00696492	0.0561912	-0.101065	0.0915382	0.00927391	0.0235548	-0.0270191	-0.00402085	-0.028566	0.0881543	0.044308	0.0899717	0.00507309	0.0460186	0.0443671	-0.0399619	0.0270836	0.0443335	-0.00560538	0.0250429	0.0305421	0.0244853	-0.0499021	-0.0733231	0.0518808	-0.040176	0.048226	0.035676	-0.0555835	-0.0414115	0.050838	0.0485526	-0.0209011	-0.000306577	-0.0159828	-0.0629961	0.0171681	0.0731347	0.0166881	0.00866274	-0.0308013	-0.072003	-0.0468929	0.0122203	0.00471202	0.0199333	-0.0170731	-0.0457398	-0.00892651
8000000.0001	0.0744253	-0.0253997	-0.00283702	-0.0206407	0.0200087	0.00245105	0.053301	0.0236835	-0.00669985	-0.00179579	-0.0595304	0.0566976	-0.0203871	-0.0780689	-0.0697713	-0.00313111	-0.0064789	-0.0109717	-0.0311084	-0.0151123	-0.138627	-0.0477944	0.0129728	0.0654991	0.0186077	-0.0774756	-0.0340932	-0.0571418	-0.0170575	-0.0321034	-0.0637614	-0.012648	-0.000426536	-0.0130154	-0.00601159	0.0198819	-0.0241601	0.104464	0.0284967	-0.0486399	0.00684354	-0.00209121	-0.0404416	0.0432693	0.00651477	0.00796887	0.00653428	-0.0999255	0.0739375	0.0452311	0.118791	-0.0283464	-0.0274563	-0.0378839	-0.0597441	0.0636133	-0.0211786	-0.0458832	-0.0301401	0.00441628	-0.0429281	-0.054324	-0.0250593	0.0356346	-0.0621384	0.0212125	0.0932094	0.0223803	-0.0461925	-0.00913795	-0.0167803	0.0054745	-0.067912	-0.121338	0.0324035	0.0469318	-0.060217	0.0775058	-0.112413	-0.0399767	-0.0331178	-0.0299867	0.0351495	0.0740285	-0.00447137	-0.0221815	-0.0382063	-0.00258124	-0.0584055	-0.00467723	0.0490922	0.103985	-0.0647859	-0.0962315	0.0260256	0.00090667	0.0875666	-0.00990698	-0.0546691	-0.0106928
8000000.0001	0.0716461	-0.00852358	-0.0501624	-0.0572076	-0.0209104	0.0985411	0.0443846	-0.0285054	-0.063119	-0.0433423	-0.0187985	0.02589	-0.0318373	-0.011607	-0.0730491	0.071553	-0.0188622	-0.0262911	-0.0467706	-0.00643088	-0.0175092	0.0523776	-0.0183632	0.00755058	-0.000226453	0.0586492	-0.0904025	-0.00340494	0.0566923	0.00988077	-0.052294	0.0673257	0.0387539	0.0573895	-0.0557641	0.0643801	-0.0598306	0.0235078	-0.00257216	0.00682942	0.0192585	0.0408537	0.118066	-0.0611261	-0.0386192	0.0549995	-0.00328626	-0.0452037	-0.109572	0.0413547	-0.000444459	0.0801452	0.021093	0.059783	-0.0325996	-0.00705268	0.0282329	0.0542157	-0.00595688	0.0320425	-0.000920488	0.0442495	0.0682053	0.0200111	-0.00777905	0.0924974	0.0354663	0.078615	0.0871024	0.00714198	-0.012394	-0.0516687	0.0103095	-0.0162284	0.0734653	0.0128906	-0.0347434	0.00970322	-0.0307833	0.0454262	0.0506167	-0.0540666	-0.026882	0.0777299	0.0189708	-0.0223335	0.0887303	-0.0825909	-0.0323043	-0.00335786	-0.0147388	0.036235	0.00366564	0.0410485	0.0810767	-0.00441308	-0.0416296	0.0375728	0.033586	-0.0218303
8000000.0001	0.0287724	0.0280516	-0.0187837	0.0211497	-0.00106798	0.0122358	-0.121184	-0.0949201	0.0898668	0.00337187	0.0726738	-0.0405545	0.0570707	0.0297183	0.028127	0.0391297	-0.0647739	0.0163702	-0.0324928	-0.0029247	0.0434435	0.00631471	-0.0706481	0.00722281	-0.0233879	-0.0274073	-0.0300589	-0.0222816	-0.00397026	-0.0199374	-0.0704458	0.0315904	0.0102444	-0.0843743	0.0346449	-0.0497593	-0.0802218	-0.0492083	-0.0210358	-0.0153162	0.0550662	0.109637	-0.00835449	0.0274828	-0.0149218	-0.014333	0.00986681	0.00552795	-0.0491493	-0.118822	-0.00469264	-0.00696757	-0.0569843	-0.0282614	-0.0530636	0.0200405	0.0806515	-0.124253	-0.137934	-0.0139053	0.00667627	-0.052305	-0.0950632	0.0535725	-0.061708	-0.0852112	-0.0219859	-0.0266424	0.0540416	0.0239387	0.017449	0.0153321	-0.0437285	0.0528002	-0.00736381	0.0295435	-0.101184	-0.0545095	-0.0137021	0.0801924	-0.0191917	-0.0673282	0.0360235	-0.0370636	-0.0109416	-0.0118248	-0.093422	0.0018411	-0.0296109	0.0147521	-0.0131338	0.0777451	-0.0993578	-0.077569	0.0169641	-0.0437563	-0.0064201	-0.0323411	-0.0520264	-0.0122219
8000000.0001	-0.0158698	-0.037199	0.127974	0.00393152	-0.0635553	-0.0189358	-0.0656189	0.107976	-0.0431967	-0.00207196	-0.0118396	-0.0563548	0.0133316	0.0653913	0.000869095	-0.104211	-0.0530411	0.0275573	-0.0172612	-0.0103564	-0.0191278	-0.0488864	0.019794	-0.0822642	-0.0104435	0.012441	0.0276231	0.0017065	0.0329519	-0.0155472	-0.0695718	0.0492696	0.027286	0.0638385	-0.0485427	-0.030321	0.0486559	0.112522	0.0347855	-0.0508111	-0.0374585	-0.0575495	0.0453558	-0.0496037	-0.0843151	0.0301803	-0.0218083	0.0355184	-0.0115164	-0.0848098	-0.097474	0.0335724	-0.0472685	-0.0871717	0.00998838	-0.102729	0.0951402	-0.0989408	0.00882267	0.0145995	-0.0269572	-0.0228319	0.0380458	0.00204503	0.00108703	0.104421	-0.020079	0.0132045	-0.110566	-0.0346584	-0.0055267	0.0215595	-0.0385188	-0.000405305	0.0879325	0.0463992	0.0130899	-0.00268973	-0.0123008	0.0693212	-0.0133388	-0.102438	-0.0243385	-0.00677384	-0.0275311	0.0745082	-0.0722204	-0.0185243	-0.102785	0.0152149	0.0216495	-0.0455811	-0.0446296	-0.0144644	-0.101302	-0.0329319	-0.0219899	0.00870961	0.0780655	-0.0296316
8000000.0001	-0.0348743	-0.0179447	0.00428652	0.0383294	0.0405313	-0.0265953	0.00203128	-0.0380544	0.00138794	0.0289066	-0.00353316	-0.0323882	-0.0834084	0.0350328	-0.067358	0.0511418	0.107597	0.0583022	0.0413371	-0.026115	0.0875734	0.0650399	0.0756152	-0.103967	-0.0920787	0.0534873	0.032226	0.0763917	-0.016621	-0.0686065	0.0721032	-0.0203	0.0414463	0.0341183	0.057168	-0.058908	-0.0287369	-0.0376757	-0.0324011	-0.00569137	0.0404416	-0.0635029	-0.0576479	-0.159724	0.00796876	-0.0334151	0.0566562	0.0316367	-0.00652053	0.0361067	0.122217	0.0451696	-0.0505219	-0.0267669	0.0035801	-0.067608	-0.0266806	-0.0777196	0.0298329	0.0229973	-0.00442462	0.0708135	0.0383395	-0.113271	-0.0370259	-0.0312696	-0.0728739	0.0101798	-0.0237674	-0.042617	0.0429904	-0.0823441	-0.0507143	-0.0337343	0.000787323	-0.0138051	0.00717266	0.0791129	0.00414783	-0.00101412	-0.0500185	0.0541147	-0.0263597	0.0674223	0.0540655	-0.0769399	-0.11543	0.0176684	-0.023104	-0.102407	-0.0456894	-0.0270046	0.0353282	-0.074565	-0.0609847	-0.0572079	0.0419853	0.0400341	0.0422772	0.0508945
8000000.0001	-0.0134701	0.0671174	-0.0527796	0.0446373	-0.0464227	0.00248496	0.125102	-0.0213957	-0.0798645	-0.0249104	0.000385506	-0.060237	-0.0328033	-0.0111589	0.0386484	0.00330788	-0.0158234	-0.0531354	0.0499969	-0.0384073	0.045661	0.0320852	-0.0177138	0.0734471	0.0101976	0.0383058	0.014861	0.0211351	0.0441116	-0.00300565	-0.0161861	-0.0154649	0.0484964	0.0264965	-0.0542912	-0.0470829	0.0213282	-0.0406772	0.0328981	0.0561137	-0.01337	-0.132074	-0.0251248	0.0549332	-0.0787478	-0.0698048	-0.0296047	-0.117447	-0.0734109	0.0629805	-0.0609246	-0.11132	-0.026783	-0.00211406	-0.00777283	-0.0839374	-0.106768	-0.0815861	0.0860659	-0.119575	-0.0515314	-0.077007	0.107978	0.0388184	-0.0106893	0.0705348	-0.0077264	0.0740486	0.0858836	0.0205429	-0.0630881	0.0475661	5.63167e-05	0.0135324	-0.0191957	-0.0401716	-0.0218933	0.0891534	-0.0388252	-0.0490855	0.0719789	0.0238036	0.0890922	-0.0401436	-0.0372855	-0.00155168	0.100901	0.0834003	0.0389948	0.0422741	-0.119442	0.0699627	0.0667365	-0.0647793	-0.148918	-0.0595883	0.00607673	-0.000221382	0.0411562	0.0377199
8000000.0001	0.075616	-0.071885	-0.0663626	0.0600166	0.00444826	-0.00588548	0.0251666	-0.0110397	-0.0341245	-0.0472416	-0.00358127	0.0105868	0.0245009	-0.035116	-0.0391774	0.0490199	-0.0509121	-0.00757838	-0.00959826	-0.0104297	-0.00942728	0.0617119	-0.0198921	-0.0653234	0.0642512	-0.0240861	0.0625399	0.0367827	-0.0411426	0.0564689	-0.00980057	-0.0435275	0.06706	-0.10607	0.091713	0.0600043	-0.0119328	-0.0298611	0.015666	0.0152106	-0.00429491	-0.0675735	0.011652	-0.0744191	-0.0475549	-0.0263829	0.0206932	0.0743893	-0.0339263	0.0839796	0.00236566	-0.00691942	0.0210681	0.0242834	-0.0168872	-0.0367509	0.0219954	-0.000299768	-0.0975486	0.027867	-0.067651	-0.00390079	-0.0655079	0.0816074	0.050495	-0.0374722	0.0405348	-0.00410395	0.0638783	-0.00921951	0.0218179	-0.00786405	0.00625145	0.00479192	-0.0110309	0.0727213	-0.0355582	0.037641	-0.0663822	0.016813	-0.00663897	0.0722307	0.100897	-0.0665752	-0.0176806	0.0268509	-0.0258437	-0.0722381	0.0268691	0.0490818	-0.0448948	0.0238993	-0.0276359	0.119024	0.0702634	0.0439823	0.016668	-0.038508	-0.0797615	0.0207231
8000000.0001	-0.114494	-0.0619112	-0.0503792	0.00447184	-0.0294393	-0.031662	0.0610021	0.0145682	-0.0275722	-0.018131	0.0628867	-0.0434737	-0.00528801	-0.106979	-0.104408	0.0998444	-0.0315991	0.0520678	-0.0461435	-0.0765746	0.00687792	-0.0341298	-0.0612127	0.0520978	-0.0226564	0.109249	0.0464383	-0.0301851	-0.0325019	0.0754616	-0.106272	-0.104848	0.0592644	-0.037296	-0.0364198	-0.0439123	-0.0636562	-0.0119286	-0.0911012	-0.0304197	0.0429806	0.0383835	-0.0750135	0.032299	-0.0101349	0.0577398	0.0368844	-0.0134291	0.0325204	-0.0812105	0.0431708	-0.0246505	0.00808694	0.117477	-0.010256	-0.0929001	0.054702	-0.036671	0.0638886	-0.137543	0.127892	-0.079126	0.107514	-0.0754705	0.0575562	0.0133033	-0.0242743	-0.0271927	-0.0132209	0.0641502	-0.0495282	-0.00435649	0.0826508	-0.0613738	0.0558783	0.00467506	-0.0339698	-0.0171602	-0.018264	-0.0102785	-0.041871	0.00965321	0.00447401	-0.0222471	-0.0212767	0.044737	-0.0101869	0.0610412	-0.0204853	-0.0491739	0.0909066	-0.0608116	0.0510174	0.0850119	0.0130279	0.0300851	0.00764517	0.0922552	-0.0430807	0.0184196
8000000.0001	-0.027558	-0.055893	0.0787337	-0.0700478	0.00406417	-0.0602086	0.0216595	-0.00351096	-0.0900377	0.00742198	0.0189895	-0.0374916	0.10465	0.0235218	0.0782925	-0.136514	0.0771385	0.126159	-0.0185581	0.0195026	0.0386183	-0.0734303	0.0997914	0.0138501	-0.0687125	-0.109516	0.0670554	0.0118165	-0.0136127	-0.0858283	-0.011312	-0.04154	-0.0116674	0.00109071	0.0594643	-0.0667692	0.0362068	-0.042485	0.0542686	-0.013429	0.0954615	0.0320474	-0.0550197	0.0104563	0.084159	0.0340808	0.023312	0.00469572	-0.0180693	-0.0236101	-0.0481445	-0.00248787	0.0267126	-0.00213837	-0.0434109	0.0458175	0.00533786	0.0112282	0.0171874	0.0244714	0.0472997	-0.0294944	0.0383301	0.000851174	-0.0396194	0.0298748	0.0102855	-0.0584883	0.0801632	-0.0722463	-0.083318	0.0366292	-0.0196994	-0.00916467	-0.00604507	-0.0489017	0.0568852	-0.037488	-0.0265822	-0.00404668	0.00161678	-0.0609246	-0.0450786	0.0930514	-0.0581343	0.0104779	0.093897	-0.0209929	0.0778829	0.0699898	0.0255111	-0.0182995	-0.054068	-0.0172977	-0.0388275	-0.0833853	-0.0118225	0.00855134	-0.0369511	0.00888862
8000000.0001	0.00461041	-0.120921	-0.0401793	-0.0742912	0.0169627	0.0458619	0.012662	0.000808864	0.0769596	-0.00899687	0.0472678	-0.0241115	-0.0487829	-0.0889308	0.0431262	-0.00117866	0.0182437	-0.0994638	0.0393941	-0.0862007	-0.0389256	0.0317365	-0.00933032	-0.063703	0.0173299	-0.0339444	-0.0196877	-0.0386466	0.00191091	-0.0421784	0.0139266	-0.0356929	-0.0943521	0.0621802	0.0243837	0.0862564	0.0781389	-0.00878893	-0.0057817	-0.0796406	0.0716183	0.0286057	0.00199022	-0.0713999	0.025741	-0.0516728	-0.0427054	-0.044188	0.0487388	-0.00183595	0.0562058	0.0115343	0.0229004	0.0464323	0.00877939	-0.0194476	0.0388874	-0.0811441	0.038663	-0.0381537	-0.0276576	-0.000756682	-0.0562859	0.0323727	0.0733286	0.061542	-0.0419335	-0.0753416	0.0952676	-0.0809255	-0.0416267	-0.0272867	0.0373817	-0.020626	-0.0245217	-0.0141903	0.0434653	0.0576073	-0.0608209	0.0103299	0.0222545	-0.0255726	-0.106555	-0.0463907	0.100862	-0.00170855	-0.0806308	0.00238831	0.00961313	0.0545562	0.0258145	0.0328567	-0.012026	-0.0426712	-0.098521	0.023122	-0.0310707	-0.00840188	-0.0300542	0.0615968
8000000.0001	-0.0621704	-0.0365067	0.0121987	0.113453	-0.0160216	0.0191308	0.0153598	-0.0559368	-0.00158587	-0.0354583	-0.090168	0.00572276	-0.0167327	-0.0975261	-0.0117589	-0.00356842	-0.100004	0.0693504	-0.0318281	0.00146476	0.0536397	0.0232733	0.0959611	0.0650631	-0.0253627	0.100139	-0.0641956	-0.00307878	0.0440607	0.0409776	-0.113203	-0.0409505	-0.0806963	0.00942798	0.0179647	-0.0800304	-0.127151	-0.010707	0.0685126	0.0388778	-0.0904367	0.0562073	0.0465424	0.068664	-0.0022827	0.0610759	-0.00266112	-0.018832	0.0564212	-0.00433422	-0.0932198	0.0337636	0.0149558	-0.051707	0.103842	-0.0783706	-0.0283216	-0.0561176	0.0668614	0.0227684	-0.0870814	0.0369338	-0.0421156	-0.00693285	0.00638436	-0.0870976	-0.0164648	0.00574838	-0.0257236	-0.0744068	-0.0338617	-0.022636	-0.0325233	0.0357163	-0.045091	-0.124705	0.0363141	-0.0435305	0.0162812	0.01219	0.036612	0.0400335	-0.0967299	0.00135139	0.0645274	-0.0823047	-0.069005	-0.0936241	0.0827787	-0.020348	-0.00478673	-0.023434	-0.071106	-0.0613603	-0.0572965	-0.0783089	-0.0744647	-0.0631952	0.0177896	0.0405898
8000000.0001	0.0121894	-0.040052	-0.0502593	0.0189537	-0.00100883	0.0256777	0.0318631	0.0251953	0.0375958	0.0292266	0.0713404	0.00589306	-0.00260669	0.0380897	0.015142	-0.00954854	-0.00113137	-0.0266629	-0.0114407	-0.0833552	0.0370797	-0.0228875	-0.0644672	-0.072865	-0.0763011	-0.0957933	-0.0181837	-0.0214559	0.00762051	0.0424578	0.0628075	0.00103809	0.0776256	0.0627405	0.0314678	-0.049545	-0.016546	0.0261793	0.0103933	0.0722059	0.0367058	-0.0452019	-0.121757	0.0409886	0.0252729	-0.0622471	-0.04159	-0.00541531	-0.0592095	0.00655122	-0.0179853	-0.00945345	0.0382529	-0.0723924	0.0298695	0.00248205	0.100474	0.00603716	0.0250974	0.084565	0.000479838	-0.065135	0.0255721	-0.0752204	-0.152831	0.0321549	-0.0528568	-0.0780798	-0.00649971	0.0243732	-0.0614756	0.0299416	-0.0482236	0.00635305	-0.0528956	-0.0426107	-0.101921	-0.0619119	-0.0353653	-0.0121066	0.00761733	-0.0183629	0.0447239	-0.0633292	-0.0765912	-0.028797	0.0177342	0.0416059	-0.0554964	-0.039975	-0.0263809	-0.0480254	-0.114239	-0.024385	-0.0379017	-0.0039955	0.00392837	-0.0441386	0.0391851	-0.0284531
8000000.0001	-0.0376732	-0.0438368	0.0477046	0.0243526	0.12427	-0.0137763	-0.0445365	0.0390734	-0.0240558	-0.0331641	-0.0424974	-0.0891162	-0.0309921	-0.098991	0.0166686	0.0745392	-0.0734006	-0.0470264	0.0878496	0.0294569	0.0260549	-0.0703616	-0.0608575	-0.0831896	-0.0679472	-9.10819e-05	-0.0120085	-0.0158203	-0.0287462	-0.0650155	-0.0311017	0.0232744	-0.0501723	0.071123	-0.0231615	0.069217	-0.0282214	-0.0503855	0.040608	-0.158616	-0.0143214	-0.0130552	0.0169472	-0.00780434	-0.0863741	0.047538	-0.0502173	0.0400754	0.00217842	0.0346809	-0.0591046	0.0966658	-0.0945958	0.100281	-0.106159	-0.0172545	-0.0560439	-0.0178939	-0.0405928	-0.0805679	0.0608512	0.071909	0.0409226	-0.00371258	-0.0252233	0.0346625	-0.0138193	0.00245714	0.0796169	-0.0435235	-0.0170797	-0.0781919	-0.0384011	0.0156118	0.0611199	0.0606834	0.0271133	0.0514169	-0.00567945	-0.035194	0.0268863	-0.163663	-0.0387627	-0.0160935	0.035522	0.00779218	0.059892	0.00911169	0.0518966	0.0951167	0.0167183	-0.0753779	0.023215	-0.0231577	-0.00119758	0.0580508	-0.0731691	-0.0166031	-0.00725061	-0.0293219
8000000.0001	0.0643052	-0.082999	0.0334869	-0.00510642	-0.124883	-0.0314109	-0.0069384	-0.0144829	0.0529714	-0.082639	-0.0551091	-0.00516665	0.0139682	0.0534782	0.00142184	0.0291473	-0.053068	-0.0589841	-0.0180134	0.129332	-0.0396964	0.00825016	0.0142436	-0.00604297	0.062997	-0.0756311	-0.10335	0.0483908	0.0205528	-0.00978682	-0.106362	-0.111003	0.0372323	0.0397562	-0.0170655	-0.0443712	-0.0259076	-0.0557732	0.00582925	-0.029356	-0.000588229	-0.059534	-0.0142776	-0.00217381	-0.0962467	-0.0644262	-0.0798736	0.0214059	0.0834341	-0.0108554	-0.0922573	-0.0525592	-0.0897173	0.00523433	0.0320289	0.0400733	0.00412788	-0.0335667	0.0485168	-0.0258215	-0.034871	-0.0108446	-0.127076	0.0166497	0.0869143	-0.0139377	0.106459	0.0219127	0.118552	0.0877346	-0.0228586	-0.0192352	0.000855202	-0.0761091	0.110255	-0.0207153	0.00562474	-0.0661935	-0.0614226	0.0611757	-0.0702476	0.00128437	0.0935828	-0.0415946	0.0267502	0.00728651	-0.00842145	-0.0611075	0.0345706	-0.0673156	-0.0847616	0.0878133	0.00750065	-0.0504481	0.0508189	0.0369846	0.0967748	-0.0109524	0.019982	0.0551986
8000000.0001	-0.0616628	-0.0504424	-0.059397	0.0431498	-0.0628988	0.085006	-0.120334	0.0663317	0.0196057	0.00966388	-0.0270265	-0.0809541	-0.0656301	-0.0753335	-0.0627057	0.0643028	0.0962182	0.0524161	0.00759797	0.0520632	0.0265313	-0.0382788	0.0355957	-0.0173822	0.064648	-0.0110643	0.0124727	-0.0812094	-0.0162569	0.0387891	0.0889789	-0.0810345	-0.0699506	0.0630496	0.00139042	0.0841808	-0.0560332	-0.0346707	-0.0414547	0.044928	-0.0195664	0.018182	-0.109352	0.00611332	-0.000286171	0.00869806	0.024455	-0.0651225	0.0312316	-0.120483	0.0228277	0.0246625	-0.0468827	-0.10321	-0.0695855	-0.0152771	0.0163695	0.0339687	0.0544204	-0.0826214	0.0716982	0.0301908	0.00741104	0.00872599	0.0545635	-0.136145	0.0714515	0.0447817	0.0699713	-0.101959	-0.017802	0.0483286	0.0760356	-0.112027	-0.0029812	-0.121918	-0.0895475	-0.0582975	0.000408246	-0.0379055	-0.0707475	0.0260777	-0.0308031	-0.0558159	0.0549097	-0.0209123	0.0629904	-0.0813198	0.102952	0.182092	0.0685582	-0.0658256	0.0284162	0.066863	-0.0534868	0.0292241	0.072661	-0.0103463	0.0189016	0.0646787
8000000.0001	0.00518223	0.050091	0.01099	0.0019164	-0.0754808	0.0628168	-0.0564989	0.015223	-0.0216318	-0.0732523	0.00671681	0.0277508	0.0246694	-0.0686891	-0.032852	-0.0855629	0.0345966	-0.0697378	-0.0218746	-0.0108237	0.0296367	-0.0768677	0.0545193	0.00436388	0.0293517	0.0765905	0.0190872	-0.0645575	-0.0893306	0.0160241	0.123564	-0.0134334	0.0305274	0.0198611	0.00348424	0.111885	-0.0440991	0.0335096	-0.00100431	0.0798051	0.107145	0.0703592	0.0371453	0.0533904	-0.0248455	-0.0148094	0.0338471	-0.0299076	0.0187161	-0.013847	-0.00528097	0.165131	-0.00335446	-0.0306553	0.027449	0.0930673	-0.0307866	0.0546934	-0.147536	-0.0825956	-0.0179255	-0.0561614	-0.00365838	0.00131997	0.0332004	0.0634146	0.1042	0.0346289	-0.00994774	-0.0218452	0.0335284	-0.00382321	-0.0146259	-0.0360858	-0.0103932	0.00646659	0.0487848	-0.0463501	-0.00772032	-0.00577468	0.0107551	0.00393509	0.0538839	-0.0464984	-0.0461608	-0.051925	0.0646229	0.0870636	-0.0191023	-0.0649654	-0.0612918	-0.107335	0.0166761	-0.0321268	0.116906	0.0293476	0.00278937	0.0888438	0.00958356	-0.054672
8000000.0001	0.029533	0.0194365	-0.0331706	0.00598637	-0.0442882	-0.0887436	-0.0251147	-0.0209761	0.111704	0.0260103	0.00608009	0.0168762	0.110795	0.0937366	0.0683419	-0.164743	-0.0484091	0.0105062	-0.0803167	0.0282352	-0.0747576	-0.0129415	0.0253073	0.115986	-0.062631	-0.036699	-0.0531507	-0.00921668	-0.043569	-0.0443815	0.0765035	-0.0545069	-0.0881966	0.00413488	0.075163	0.0367224	-0.00748009	0.0860009	-0.0198035	0.0846311	0.0364692	0.0260691	-0.0415988	0.0956395	-0.113406	0.0313718	0.0202105	-0.0337442	-0.0709803	-0.0545604	-0.000405002	0.0991634	-0.0508117	-0.108273	0.058851	-0.065342	0.0477278	-0.0288884	0.0140162	-0.069864	-0.0533752	0.0520839	0.0116613	-0.00261949	-0.0546518	0.0572737	-0.153765	0.0720308	-0.0118559	-0.0343124	0.0289951	0.0367846	0.0491503	0.0362983	-0.0245267	-0.050966	-0.0257196	-0.0273029	0.0844967	-0.0272149	-0.129254	-0.0215893	-0.0339499	0.0812871	-0.0649536	0.0995846	0.0578526	-0.022784	0.0753173	0.0346463	0.0645314	0.00497333	0.00193635	0.0388645	-0.0437549	-0.0641499	-0.0128918	0.079464	0.172282	0.0994298
8000000.0001	-0.0455715	-0.0380842	0.0459234	0.0852882	0.0412224	0.0255091	-0.0266693	-0.121862	-0.00503018	0.0960446	0.0839557	-0.0384599	-0.115423	0.0421166	-0.0177787	-0.167815	0.0516933	-0.068255	0.0450951	-0.0780106	-0.0357989	0.0992186	-0.0442668	-0.0698992	0.00766688	-0.113924	0.0461558	0.0167979	-0.0748428	0.0369842	0.0264932	-0.0547913	-0.0677875	0.0240183	0.046737	-0.0104916	0.00862747	0.0300601	-0.0564806	-0.0150751	0.017454	0.143562	0.0874361	-0.0361866	0.0480209	0.0258722	-0.00588796	0.121958	0.0615288	-0.0129673	0.0489742	0.00717009	0.0953924	0.0267431	-0.00943247	-0.0282041	-0.0572371	0.00516832	-0.0421227	-0.00611572	0.0991711	0.133859	0.0648484	0.0580286	-0.0854204	0.0041677	-0.0350009	-0.0528919	0.0654642	0.000927119	-0.133633	0.0417718	0.0608253	-0.0841833	0.0353076	-0.0257779	0.0588181	0.113265	-0.0272371	0.0246273	-0.0316972	0.0631876	0.0522459	-0.033964	0.00835542	-0.0383458	-0.0242528	-0.00560693	0.0102793	0.0427184	-0.0214052	-0.0311305	0.0734694	0.0399034	-0.0586564	0.00150104	0.0131442	-0.00683599	0.0180952	0.0166069
8000000.0001	0.00181326	0.0881293	0.0278236	0.0182226	-0.0351852	-0.071359	-0.071138	-0.0444199	-0.0608113	0.0606831	-0.0596847	0.0813283	0.0394131	0.12881	0.0330668	-0.032202	0.108267	0.00364991	-0.0258166	0.00638364	0.0588159	-0.0353404	-0.0437946	-0.0131226	0.00590357	-0.124242	0.0816654	-0.0454856	0.0297592	-0.0323296	0.0669121	0.0854226	0.0899135	0.0315965	0.00633976	0.0641682	-0.00573341	-0.0332211	0.0411119	0.0051312	0.0379306	0.0563524	0.0934877	-0.0820129	-0.00840203	0.0246273	0.00554654	-0.0692842	0.0525625	0.00594752	0.0313386	-0.0123101	0.00917549	0.0309812	0.0444001	-0.0152913	-0.0288646	-0.0529794	-0.10105	0.0622178	0.0171232	0.0456377	0.0151409	0.0591018	-0.0550938	0.104339	-0.119865	0.0584315	0.0588964	0.135144	-0.0020683	-0.00474294	0.00679443	0.000371376	0.0415582	-0.0566283	0.00735452	0.0128616	0.034237	-0.0428886	0.00957292	0.00503204	0.0357772	0.0656818	0.056554	0.0261538	-0.0285332	0.0801797	0.0876839	-0.0802303	-0.0676358	-0.0784333	-0.012702	-0.0152339	-0.0120401	-0.0112228	0.0294726	-0.0769009	0.0260577	0.0379121
8000000.0001	0.0641427	-0.0146331	-0.00651797	-0.0797005	-0.0308023	-0.000478823	-0.0202858	0.0437316	0.0871271	0.013732	-0.0449751	0.0990164	-0.0407269	0.0696389	-0.102855	0.0346256	0.0411555	0.0481086	-0.00792876	0.0796021	0.0468739	0.0962232	-0.0586036	0.0121733	-0.0200279	0.0119256	-0.140251	-0.00892854	0.0735256	-0.0502213	0.0415404	-0.0239831	0.0194001	-0.0545195	0.0128559	0.0206393	0.0336251	0.104559	0.056047	0.00878728	-0.0559791	0.0159688	0.0307835	0.0575426	0.0796413	-0.0742581	-0.0623893	-0.0833929	-0.0366396	0.0496462	0.013736	-0.0556955	0.0561453	-0.0521527	0.0292832	-0.117859	0.00296688	0.0688591	0.0361578	-0.0475515	-0.00191498	0.0578072	0.07699	-0.0249401	-0.0695222	-0.0427943	0.0654558	-0.0351854	-0.0422951	-0.027715	0.114054	0.0226383	-0.0574937	-0.0552439	0.030048	0.00307064	0.0743413	-0.0423385	0.00206054	-0.00997347	0.0571886	-0.0175564	0.0717908	0.0455906	0.0381778	-0.0158428	0.124165	0.112189	0.0110343	0.0670136	0.00202095	0.00220149	0.0690084	0.0524508	-0.0774904	0.00352371	0.0495172	-0.00700395	0.0934982	-0.00538083
8000000.0001	-0.0799533	-0.0609339	-0.100553	-0.0666306	0.0410076	0.00548194	0.0294632	-0.0496866	-0.0203055	0.0307084	-0.0433457	0.0755944	-0.0621838	0.044272	0.0584446	0.0413648	0.0654896	0.0229575	0.0225518	-0.0720462	0.0993936	-0.0835458	-0.0842403	0.0617039	0.0326931	0.0866625	0.0121191	0.0541856	0.00196219	0.0270039	-0.102281	0.0626891	-0.00504744	-0.0455605	-0.10539	-0.0371506	-0.0705338	0.0740341	-0.019575	-0.0629187	-0.0107162	0.00800302	0.00303017	-0.0310478	-0.000778426	-0.0116811	-0.00467304	0.0726668	0.0305251	0.0479636	0.103927	-0.0237472	0.0273227	0.0308033	-0.0717163	-0.00762611	-0.0366569	-0.044795	0.0101398	0.0327982	-0.0291567	0.0352055	0.0048034	-0.0385159	-0.00528376	0.064086	0.0968829	0.0824943	0.121104	0.052298	-0.058741	-0.0331616	0.100182	0.0478735	-0.00619312	-0.00887487	-0.0913595	0.0145662	-0.0901538	0.129528	-0.0552094	-0.10106	0.0365988	-0.0138795	-0.0391153	-0.0244253	0.0607589	-0.00589953	0.0513725	-0.0305213	0.0217941	-0.0010096	0.0508528	0.0615484	0.00556215	0.0595177	-0.0452611	-0.03214	-0.140355	0.000982306
8000000.0001	-0.0273464	-0.0175853	0.0908506	-0.0535943	-0.00800616	-0.0442029	0.00447364	-0.0475034	0.011554	-0.0936586	-0.134591	-0.0135523	0.0423223	-0.0192707	-0.00153031	0.0185923	-0.00717789	-0.107389	-0.0542253	-0.118612	0.014907	-0.0570673	-0.0144084	0.0744393	0.0521149	-0.0343616	0.177201	-0.154824	-0.000867295	0.0524479	-0.0533614	0.0550001	-0.003345	0.0785891	0.0873909	0.000793342	-0.0256909	0.0837037	-0.0752985	-0.018552	0.0169576	-0.0334773	0.123643	0.00809373	-0.0789244	0.11073	0.0730807	-0.00900621	-0.103095	0.0257975	-0.051019	5.63496e-05	0.097433	-0.0492979	-0.0867086	0.0319111	0.00926583	0.0340213	0.0328932	-0.0360244	-0.0235104	-0.0515266	0.0180349	0.00365218	0.0242695	0.0400936	-0.144648	-0.0287197	0.0734628	0.0115432	-0.00546091	-0.020771	0.00723518	0.0323666	0.0234999	0.0405444	-0.0255942	0.0281684	0.0587846	0.0293128	0.0313491	-0.0244648	0.0209801	0.0451385	0.0616274	-0.0104793	-0.0761508	-3.62802e-05	0.0190124	-0.0368213	0.00281722	-0.0484653	-0.083139	-0.0484026	-0.0689018	0.0128952	0.0580721	-0.0581173	0.033869	0.00230167
8000000.0001	0.0281711	0.0540422	-0.0997415	0.0547198	0.032583	0.00858048	0.0677578	-0.069594	0.0596094	-0.00395643	-0.078968	0.0400811	0.0484078	-0.11754	0.0875375	0.076986	0.0716607	0.0293099	0.0335994	-0.0622817	0.0479688	-0.0113889	0.0230285	-0.0432774	0.0450547	0.0217193	-0.0193658	0.00337673	0.00996961	0.0145048	-0.0109942	0.0258525	-0.0366855	-0.00185808	-0.0386179	-0.0265719	-0.0773614	-0.0895404	0.0121781	0.0663328	-0.0584902	-0.0137543	-0.0264026	-0.0362685	-0.0308035	0.0212843	-0.00568707	0.00645348	-0.0164205	0.0258986	0.0341727	-0.0265652	-0.0592588	0.00281264	-0.0250375	0.0314331	0.0288471	0.0701571	-0.03527	-0.0455304	-0.0129465	0.0707407	-0.0299039	-0.0887122	0.0562847	-0.0294359	-0.049746	-0.0589119	0.0441778	0.029217	0.0170214	0.000244988	0.0191263	-0.0332754	0.0309503	-0.0217684	0.0356901	0.0708764	0.0368615	-0.0458669	-0.0673369	-0.00523273	-0.0276112	-0.0971902	0.0402443	0.0452408	-0.00215568	-0.0314237	0.0158942	-0.0701957	-0.0274485	0.17618	-0.147252	-0.0195296	-0.149596	-0.0571111	-0.0283147	0.0348979	-0.00335765	0.08775
8000000.0001	0.0240505	0.0228965	-0.0798717	-0.0349384	0.0171459	-0.0357147	0.00489083	-0.030263	-0.00999738	-0.0104732	-0.0209784	-0.0469635	0.0567646	-0.00103244	0.0197293	-0.0346221	0.00357546	0.100835	-0.0275926	-0.00825709	-0.0517331	-0.0655452	0.0368752	-0.0359961	0.0583726	-0.0287808	0.00986069	-0.0555648	0.0251513	0.030139	0.0447307	-0.0254715	0.0391456	-0.0557013	-0.0581078	-0.0639854	0.0332137	-0.0611079	-0.103165	0.0608373	0.00564617	0.0261809	-0.0259169	0.00975135	-0.0699338	-0.138999	0.0396296	-0.0674693	-0.017498	-0.0229944	0.0815852	-0.0651287	0.103006	-0.0267692	-0.043523	0.0870658	-0.00386179	-0.074637	-0.0358448	-0.0234079	-0.014413	-0.030427	0.021718	-0.084924	0.0636825	0.00542721	-0.101802	-0.00110986	-0.00373783	-0.0572692	-0.00367054	0.00445276	-0.0358661	0.000476555	-0.0624188	-0.111097	-0.0192629	-0.0699086	-0.0128696	-0.0102879	0.0480825	-0.0628874	0.0754478	0.12723	-0.0717773	0.0771901	-0.0607558	-0.0567548	0.0884463	0.0840536	-0.0162059	-0.0175687	0.0826008	0.0482621	-0.140294	-0.016164	-0.0387923	-0.116168	0.0210436	-0.0316962
8000000.0001	-0.0415322	-0.118716	-0.0206804	0.0101774	0.0544784	-0.0100356	0.00885695	0.0260459	-0.0186095	0.0770863	0.0651902	-0.0595363	-0.114074	-0.00500051	0.0959457	-0.0726222	-0.0368621	-0.0684049	-0.0333637	0.0173405	-0.0865525	0.0252825	0.070714	-0.0243079	-0.00418986	-0.0145065	-0.0142934	0.0334694	-0.0616836	-0.0389479	0.0158743	-0.0458166	-0.0528133	-0.0228862	0.00271015	-0.0115743	0.0429875	0.0740205	0.0369153	-0.019645	0.00616187	0.0450165	0.0438585	0.0708064	0.0672263	0.107763	0.0878484	0.108768	0.00838688	0.0784403	0.0397683	0.00536928	0.0414496	0.0198318	0.0709719	-0.0689142	-0.00244693	-0.0107851	-0.00807046	-0.0844962	-0.0701555	-0.0219521	-0.0191689	-0.0421454	-0.0767901	0.0573663	0.00248311	-0.0371434	0.119584	-0.0405933	0.00890763	0.0349349	-0.0401367	0.0438776	0.0689778	0.098569	-0.0219159	-0.078443	0.0513009	-0.0885512	-0.0970135	-0.0441994	-0.00984459	0.0745517	0.00215916	0.0297026	0.0701195	0.0355139	-0.0164406	-0.0981022	-0.0108478	-0.0399915	0.0809738	0.0871166	0.0084062	0.0335325	-0.030907	0.0450254	0.114299	0.0255112
8000000.0001	0.0250314	-0.0309565	-0.0348732	-0.0733321	0.0164995	-0.0405641	0.0213787	-0.0270033	-0.0286172	0.11086	-0.0588717	-0.083194	0.0248471	0.0418566	-0.0149849	0.0502395	-0.0928584	0.0486457	0.15609	0.041448	0.0629769	-0.0316268	0.0377824	0.0395291	-0.0073579	-0.0486693	-0.0182908	-0.0123256	0.000178749	-0.0393115	0.0489701	0.0359305	-0.0600131	0.018931	-0.091824	-0.0415027	0.00646608	-0.0529106	-0.0190028	-0.0469867	-0.00187133	0.0087766	-0.118879	0.0245244	0.00270405	-0.0309773	-0.107745	0.019522	0.0632888	-0.0335354	0.0479252	0.0493755	-0.0193336	-0.0583714	-0.00532423	0.0476067	-0.0963452	0.0565096	0.0517596	-0.0380208	0.064183	-0.0279293	-0.00737436	0.0950549	-0.00409057	-0.00186966	0.00843472	0.0534478	-0.0285057	0.0241418	-0.0209779	0.105701	0.00190246	-0.0151466	-0.0544008	0.080767	0.0523652	-0.0888676	0.00911202	0.0302193	0.073593	0.0363347	0.00596729	-0.0249045	0.0618389	-0.0307839	-0.0324753	0.0235315	-0.0647109	-0.0996934	0.0529457	-0.0680951	0.0579216	-0.0179012	-0.0027304	0.0501151	-0.0324189	0.0202527	0.0877683	-0.0786514
8000000.0001	-0.0504402	0.0351187	-0.0789385	-0.113993	0.066285	0.0507826	0.0341621	0.0278429	-0.0245669	0.107219	-0.0210219	0.0297477	0.0868191	-0.112779	-0.080149	-0.0738436	-0.0959493	0.0269318	-0.0382964	0.0138034	-0.000706159	-0.143146	0.0626301	-0.0573785	-0.0824478	-0.0276723	-0.0672668	-0.200636	-0.0323601	0.0441281	-0.038676	-0.135255	0.0473214	0.0546835	-0.000522101	-0.0163794	-0.018273	-0.0803716	0.0125992	-0.0158703	-0.107724	0.0849615	-0.00337439	-0.0197056	-0.136011	0.0465022	0.0393642	-0.0864938	-0.0345819	-0.0806612	-0.047092	0.0145732	-0.0335081	-0.0407088	0.021596	-0.0325338	-0.00165739	-0.0785533	0.0563231	0.00948307	-0.00382657	-0.017933	-0.106529	-0.00657302	-0.100902	-0.00193926	-0.024064	-0.0201719	0.0671936	0.0180276	0.0736835	-0.0182036	0.0947381	0.0450538	-0.0574362	0.0505802	0.044556	-0.09091	-0.0544296	0.0156023	0.0255399	0.0214973	-0.0852486	0.065782	-0.0607929	-0.111383	-0.0559619	-0.0279693	0.0169689	0.020057	0.038939	-0.0415936	0.0348529	-0.0361467	0.0193274	0.0451287	-0.0154243	0.016221	0.107377	-0.0270907
8000000.0001	0.00665197	0.0499733	-0.0671853	-0.0343261	-0.119084	0.0153165	-0.0133339	-0.0139091	0.0671191	-0.08219	0.0170385	-0.00439705	0.0601209	-0.0253187	-0.00526252	-0.0675389	-0.0217631	0.0196694	-0.000701996	0.020325	-0.0131712	-0.0156737	-0.0114447	-0.0030916	0.107339	0.0300362	0.0664182	-0.0964777	0.0324681	-0.0548672	-0.00870356	0.0210623	-0.0344539	-0.045498	0.100965	-0.129308	0.0190324	0.0636493	-0.0137037	0.0456677	0.0185298	0.09012	-0.00463607	0.0457386	0.0184028	0.00364143	-0.00879962	-0.0265642	-0.0296185	0.11734	-0.0283647	0.0679585	0.0554669	0.0201064	-0.0568565	0.0150043	-0.0120544	0.0226973	-0.021271	0.0746804	0.0432673	-0.0274952	0.125716	-0.0832491	0.069868	-0.0351357	0.0329149	0.0325189	0.0447549	-0.0452082	-0.0172982	0.00931887	-0.0144695	0.0188317	0.0369258	-0.0796017	-0.00723068	-0.0225894	-0.0620898	-0.0546124	0.0475664	0.041343	0.04064	-0.0652606	0.0665632	0.0644855	0.0367092	-0.074917	0.0350435	0.0599596	-0.0702749	-0.0103208	-0.0314607	-0.0483295	0.105774	-0.0416103	0.0795301	-0.113388	-0.0161431	0.0222164
8000000.0001	0.034516	-0.0210918	-0.0791823	0.109683	-0.0118594	0.000762758	0.0120528	-0.0101354	-0.00446937	0.0442284	-0.00924428	0.0433086	0.0507698	-0.0302759	-0.0246543	0.0432407	-0.0918211	-0.0531808	0.016396	-0.0859028	0.0747019	0.0652288	-0.00622501	0.137346	-0.0124022	0.0226633	0.0103063	-0.0728182	-0.00990457	-0.0444918	-0.0281965	-0.0126858	0.0655812	0.0790034	-0.0452616	0.0208792	-0.0180291	0.00662056	0.0755516	-0.0914962	0.0481865	0.0524937	0.0470636	0.0967726	0.0869408	0.0198298	0.0438368	0.101553	0.156535	0.00823963	0.069572	0.0187432	0.0123376	-0.0319398	-0.0137189	0.0288	0.0311585	0.00976271	0.000618695	-0.0313323	0.100977	-0.0142546	0.0637499	0.0613585	0.0154721	0.0565074	-0.0959537	0.0640036	0.0254215	0.0354101	0.0475336	0.0684168	0.0219097	0.103195	0.0572384	0.02622	-0.0294418	-0.0503548	-0.0419215	0.0689627	0.0180641	-0.0251866	-0.113198	0.0737665	0.0731101	0.0160911	-0.083857	-0.00481488	0.00765916	0.0524524	0.0179384	0.0589096	-0.121965	-0.0729189	-0.0369097	-0.00698732	0.0243106	-0.0121214	-0.0976346	0.0519177
8000000.0001	-0.0158561	-0.028367	-0.0944379	-0.109848	0.0922041	-0.0775888	0.0807519	0.00532112	-0.037156	-0.0196623	0.0490453	0.0707859	0.0491047	-0.0783107	-0.0318518	0.0077234	-0.0366172	0.0143517	0.0133383	-0.0253905	-0.0792909	0.0266963	-0.0347115	0.000126004	-0.0558391	-0.0719888	-0.0391092	-0.0321042	0.0821228	0.0283942	-0.0696106	0.0360067	0.0444221	0.113565	0.0935399	0.0413088	0.100338	-0.098027	-0.027362	0.0871661	0.0672921	-0.0354164	0.00787922	-0.100045	0.0506279	-0.0231834	0.0136072	0.0926555	-0.0602919	-0.0384415	-0.0856782	-0.0379017	-0.0714766	0.0128703	0.0782999	-0.0445419	0.019812	0.0674854	-0.0170404	-0.125104	-0.110171	0.0599783	0.0350061	-0.0449011	-0.0545299	0.0296725	0.0897	-0.0186365	-0.00722143	-0.152386	0.0932607	0.100999	0.0345318	0.0560311	-0.00375236	0.0130414	-0.0244997	0.0215457	-0.0925974	0.0295333	0.00912691	-0.00481205	0.0335041	-0.0237202	0.117083	-0.0674621	0.0547616	0.151367	0.0561396	-0.0129476	0.0170845	0.121776	-0.0241798	0.038914	0.0353949	-0.0165366	-0.0368493	0.02421	0.028794	-0.0305647
8000000.0001	0.0249021	0.0708301	-0.019493	0.0799196	-0.108523	0.13615	-0.0513084	-0.0331893	0.00151629	-0.0165971	-0.0753235	-0.11263	-0.0689238	-0.0366708	-0.0670223	0.0293626	0.0301863	0.0931912	0.0366983	0.0919009	0.0704118	0.0130758	0.0331964	-0.0394482	0.057662	0.00589265	0.0481271	-0.0616063	0.0742149	-0.0294078	-0.106103	-0.0293357	0.00174012	-0.103674	-0.0204905	0.0390943	0.00949407	-0.0935876	0.0361602	0.0699966	0.0292839	0.0968469	-0.00408663	0.0536404	0.10019	-0.0522391	0.021778	-0.00713111	0.0942737	0.0245987	-0.0720523	0.0974334	-0.0107516	-0.0975631	0.0185611	0.0600885	0.080455	0.0206375	0.0110295	-0.042933	0.092581	-0.0285483	-0.0495435	-0.0118408	-0.0169726	-0.0730323	0.164782	0.0107123	-0.0563789	0.0632204	0.038239	0.0420481	0.0727717	-0.0570881	0.0899544	-0.0523235	-0.0536612	0.04545	-0.0614931	-0.0182825	-0.0243679	-0.092648	0.0144822	0.0737642	0.0172201	0.0343697	-0.0778504	-0.00607844	-0.0791963	-0.102446	0.0349632	0.0457411	-0.0797118	-0.00416477	0.0315936	-0.0411908	-0.0634482	0.0553899	-0.0828512	0.0675447
8000000.0001	0.0478921	-0.0495169	0.0832519	0.0913879	-0.0306439	0.10406	0.0409297	-0.0515373	0.0238428	-0.0739163	0.0495543	-0.0612277	0.0562868	0.0169459	-0.0383389	0.0558441	-0.043307	-0.100447	0.0398008	0.0799369	-0.0017276	0.0337104	-0.0436214	-0.0900544	-0.013454	-0.00795723	0.0971867	0.126646	-0.125996	-0.0843077	-0.0160662	0.0173044	0.0200291	0.0347256	0.0448655	0.0621762	-0.0436769	-0.0650759	-0.029962	-0.0455368	0.0112203	-0.00819184	-0.0353096	-0.0270016	0.016934	0.0221834	-0.0672997	-0.0293701	0.060854	-0.00757707	-0.0651269	0.0169736	0.00109309	0.121854	-0.0109482	0.0343008	0.0230391	-0.0291845	0.0292907	0.00351755	-0.0352105	0.01902	0.0446702	-0.00901509	0.049315	0.017959	-0.0393379	0.125997	-0.0462385	-0.0966794	-0.0109398	-0.0180243	-0.0303834	0.028553	-0.0387287	0.00810868	-0.0253198	0.0117658	0.0569733	-0.0621751	0.094742	-0.0717887	0.140071	-0.0106807	-0.0376762	0.0243589	-0.0763829	0.0106477	0.172937	0.0242694	0.0842553	-0.0149086	-0.0428644	0.0401359	-0.0368811	0.0514439	0.0575548	0.0743516	0.0290708	0.084913
8000000.0001	0.0162327	-0.0122951	-0.0639398	-0.0652117	0.00739875	0.00312068	0.0624726	0.0393245	0.0645162	0.0892376	0.0908364	-0.0785625	0.0606966	-0.0626199	-0.105698	-0.0887392	-0.0356505	-0.0120933	-0.0112443	-0.0987682	-0.0221557	0.0374347	0.165258	-0.0397737	0.0505689	-0.00523369	-0.0119134	0.0432817	0.142796	0.0466368	0.0370999	0.116849	0.066277	0.0350893	0.0319697	-0.0417378	0.0117295	-0.0101992	-0.045092	0.0206687	-0.068746	-0.0167065	0.0246599	0.025615	0.0350228	-0.148196	0.0284569	-0.0564137	0.0248752	-0.024799	0.0402658	0.0545213	0.0554693	0.0610855	0.0266914	0.0194555	-0.0205627	0.0590897	0.0167171	0.0314533	-0.0464555	-0.0488346	-0.024852	-0.0620773	-0.00735786	0.058716	0.0685793	0.0738873	0.0423313	-0.0151684	-0.0264286	0.00663873	0.0760783	0.0224427	0.0150202	0.0102423	0.0946749	0.0243089	-0.13401	0.0350427	-0.0242804	0.0296248	0.0692499	0.16858	0.00167856	-0.0356359	0.0489836	0.157759	0.0381281	-0.00365713	-0.0394034	0.0841825	0.0304371	0.0285143	0.100326	0.00776608	0.00134162	0.0908703	-0.0343471	-0.10657
8000000.0001	-0.0563179	0.0563609	-0.0390193	-0.0820385	0.107993	0.0541988	0.0225211	0.0538547	-0.00754348	0.0420265	0.0541945	-0.0235635	0.0630773	0.0518702	0.0127719	-0.0495351	-0.0174536	-0.0212862	-0.0212639	0.0196856	0.0322752	0.0206542	0.0278758	-0.0596599	0.0274872	0.00880322	-0.094257	0.0334492	-0.0946832	-0.0401233	0.00628864	0.0307589	-0.073921	-0.0179039	0.0282854	-0.032599	0.153329	-0.0381	-0.0308402	0.0179213	-0.0554483	0.000320453	0.0205694	0.052762	-0.0187332	-0.0259913	-0.119551	0.00795228	0.0745013	0.0494828	-0.00599987	0.096028	-0.0348399	0.0252966	-0.0234137	-0.0163908	0.100229	0.0360382	0.0366735	0.0242986	0.0761735	-0.0253241	0.0711161	0.00816402	0.0846852	0.0604855	0.00264339	-0.0404209	-0.00563423	-0.0114256	0.0214819	0.00924938	-0.00505987	-0.0221907	-0.0499564	0.0178491	-0.114856	0.0937212	0.06221	0.0701046	0.0355511	0.108831	-0.0750416	-0.0109842	0.00940774	0.0239879	0.0103592	-0.0484061	-0.0136834	0.00854706	-0.0710153	-0.0645303	0.0256298	-0.0480832	0.0173529	-0.1115	-0.00750165	-0.0335946	0.0163613	-0.0563217
8000000.0001	-0.136215	0.0945543	-0.0251819	-0.117027	0.0902175	0.0853154	-0.0212031	0.00028315	0.0160726	0.0804933	-0.0509925	0.018023	0.00658186	0.0283989	-0.0146016	-0.0297641	0.0585304	-0.0272275	-0.080411	-0.00028977	0.0492784	-0.0424483	-0.0782401	-0.00152272	0.0208556	-0.0586521	-0.00118161	0.0705915	-0.0179749	0.0321332	0.0124992	0.00262481	-0.0303324	-0.0680037	-0.0112617	-0.0302635	-0.0496057	-0.00589807	0.169846	-0.113682	0.0341665	-0.0258897	-0.0079431	-0.0763953	0.0444213	0.0625705	0.0501873	-0.128407	0.0560291	-0.0745785	-0.02027	0.0972594	-0.0465247	-0.0695561	0.0766573	-0.117701	0.0147894	0.114147	-0.0600104	0.0479201	0.11363	-0.0646342	0.0306005	0.00725346	0.00395496	-0.10549	0.0924431	0.0615012	-0.0683348	0.0411958	0.115825	0.00734759	0.0156585	-0.0424446	-0.0129186	-0.117465	-0.0420082	-0.00842362	-0.0243426	0.00235205	0.0128658	-0.060124	0.0265487	0.107581	0.0327188	0.0584773	-0.0165627	0.0072201	0.0321087	0.035123	0.0912771	-0.0813583	-0.0260425	0.121225	0.0176821	-0.0867999	0.0512406	-0.0995945	-0.106842	-0.0324129
8000000.0001	-0.0510298	-0.0236342	-0.0120651	0.0277542	0.0712723	0.00134595	-0.046617	0.0531138	0.0539751	-0.0471285	0.0288383	0.0481415	0.00889363	-0.00150243	0.0189692	-0.0534842	0.00452534	-0.0338647	-0.0147422	-0.0674296	-0.0255616	-0.0663192	-0.0423813	0.041673	0.0201005	-0.0926083	0.00576237	0.0860917	-0.0979762	-0.120588	-0.0592302	-0.0116529	0.000890668	0.00654399	-0.0180594	-0.0349408	-0.0351791	0.0119018	0.0841617	-0.105774	-0.00807747	-0.0611032	-0.00738428	0.0796708	-0.0667321	0.0412852	0.0306004	0.00517522	0.0675482	0.0213564	-0.0265892	-0.063414	-0.00646955	-0.0299612	-0.0665727	-0.0687313	-0.0782326	-0.0330866	0.094826	0.004422	0.0383394	-0.0435609	0.0361724	0.0334331	0.0721006	-0.0372249	-0.0369321	-0.0462345	-0.00216091	-0.0555976	0.0314873	-0.0562525	-0.00374032	-0.000709728	0.0119921	-0.0351807	-0.0174133	-0.0448737	-0.048472	-0.023588	-0.035593	-0.0416073	-0.00763714	0.0452674	0.0558048	0.102155	0.0386651	0.0272619	-0.00111005	-0.0314378	-0.0588427	0.0263771	-0.0236286	-0.0411101	0.0165619	-0.0988445	-0.0518902	-0.0254899	0.0535179	0.00303641
8000000.0001	0.00553386	0.0803822	-0.00425358	0.0189246	0.0163086	-0.0634687	-0.0363173	-0.0105325	-0.030362	0.0777072	0.0340097	-0.10843	0.00241167	0.0744628	0.0287358	-0.00166928	0.100667	0.0399103	0.067969	-0.00361654	-0.0750816	-0.0343934	0.0215521	0.0880884	0.0149711	-0.0454464	0.0890409	-0.0327221	0.00887245	0.0106647	0.0476056	-0.00862666	-0.0843443	-0.128243	0.109217	0.0384552	0.0784051	-0.0275438	-0.0281207	0.0464802	0.0126465	-0.00642041	0.0328745	-0.00522062	0.00701352	-0.0742819	-0.0304051	-0.0285048	0.00616532	0.0477328	0.0539446	0.0319633	0.093223	0.0712594	-0.0776341	-0.0751427	-0.00409879	0.011761	0.0334666	0.0125868	0.0271403	-0.0123465	0.0176239	0.0617971	-0.0114811	0.0732388	0.0502789	0.0453098	0.0930516	0.00253983	0.0194088	-0.0213324	0.0139506	-0.00412369	-0.112788	-0.0519945	-0.0112521	0.0474209	-0.0135198	0.0509168	0.00629445	-0.0754547	0.00294025	-0.017862	-0.0407694	-0.0305798	-0.0282782	-0.0576126	0.00897073	-0.0202649	0.0157655	0.0222841	0.0121159	-0.0216447	0.039738	0.0266839	0.0185958	0.0148023	0.0279582	-0.0278294
8000000.0001	0.0266185	0.05035	0.0872102	-0.0494936	-0.0528439	-0.00801269	-0.0373812	0.0779682	-0.0319052	0.012754	0.0683007	-0.0425405	0.0221572	-0.0616593	-0.00699342	0.131484	0.0341179	0.0320769	0.0420616	-0.0199048	0.054135	0.0552755	-0.061898	0.103529	0.0922667	0.0113542	-0.0475979	0.0951804	-0.021503	-0.0168488	-0.0702003	0.0622115	0.0180143	-0.0585334	0.0308854	0.00751157	0.123823	-0.0685065	-0.0280046	0.0029007	0.0389868	0.0436439	0.106193	0.000451579	0.0168975	0.0368924	7.57327e-05	-0.0161427	0.01122	0.00582456	0.104056	0.0223466	-0.0731589	-0.0504365	0.103453	-0.00118719	0.0390233	-0.0135637	0.0196107	0.0824831	-0.0603132	-0.0174032	-0.0498848	-0.0544286	-0.00113551	0.0974212	0.00585287	-0.00301311	0.00155169	0.045863	0.091462	0.0390585	0.025184	-0.0499938	0.0760679	0.0299242	0.00707805	0.0365353	0.0224053	-0.0551063	-0.0399794	0.0195348	0.0307658	-0.00478694	0.052834	0.0586679	0.106698	-0.156459	-0.0965528	0.0726635	-0.0782983	0.0108819	0.101365	-0.00681414	-0.0129853	-0.0354662	0.0996923	-0.0132132	-0.0794102	-0.0246124
8000000.0001	0.0685033	0.0977575	-0.0838159	0.0279626	0.036983	-0.050923	0.0845352	-0.00558657	-0.0209017	0.0390975	-0.17207	0.0425173	0.0410835	0.02594	0.0248173	0.0626892	0.0133424	0.0142552	-0.107947	-0.122076	0.0792079	-0.072216	0.0724127	0.0873928	0.0424523	-0.0292823	-0.0415698	-0.0156286	0.0296049	-0.087959	-0.0301798	0.0318547	0.00584361	0.0540529	-0.00234563	0.0793977	0.0207167	0.0126328	-0.0300987	0.0343257	0.0304443	0.0304372	-0.0210574	0.172336	0.0268181	-0.0888946	0.0386747	-0.000723799	0.0480529	-0.0370816	-0.0819932	-0.0329971	0.0497685	0.130942	-0.0515226	0.0482726	0.073699	0.0224444	-0.0131637	0.00300655	0.0381147	-0.0502433	-0.0260725	-0.00485302	0.0681441	0.0349215	0.0696215	0.0222441	0.0138755	0.0047267	0.0301807	-0.0789687	0.0113049	-0.0202359	0.0684736	0.0275668	0.0311769	0.000268421	0.0648747	-0.00196464	-0.114271	-0.109863	-0.0771947	0.0280887	0.0633192	0.101233	-0.0270058	0.0303063	0.0293885	0.0171102	-0.0679611	-0.0140378	-0.0115815	0.0843854	-0.0232324	-0.0117434	-0.09953	0.054789	0.111571	-0.0958163
8000000.0001	-0.0306829	0.0162273	0.0137037	-0.108821	0.00893214	-0.000653749	0.12138	0.00635044	0.120159	-0.00654007	-0.0132556	0.0314557	-0.0238655	0.0919013	0.0212241	0.0280799	0.0365413	0.0154819	0.110163	-0.0133693	-0.00653968	0.0937569	0.0120438	-0.14647	0.0768452	0.0610263	0.011615	0.0291532	0.005684	-0.0793189	-0.0703812	0.102865	-0.00726545	0.0356342	-0.0319064	-0.0666479	-0.0395001	0.0129946	0.0374018	-0.0742562	0.0497794	0.0543091	0.0535363	-0.0818837	-0.0425606	-0.0679042	0.0298775	-0.0548993	-0.0382414	-0.00769237	0.0413945	0.0472509	-0.0212467	0.183495	-0.0718389	0.021993	0.10795	0.00198945	-0.0258601	-0.058605	-0.0304817	-0.0543176	-0.000709237	-0.111078	0.0771527	-0.0291429	-0.0544315	-0.109327	-0.0285143	0.00179774	0.0323871	-0.0669732	0.0124141	0.0256331	-0.0354632	-0.00515556	0.0526614	-0.0136362	-0.0590916	0.00356585	-0.0543	0.022987	0.00617041	-0.0108326	0.111944	-0.0458638	0.0840278	0.0304541	-0.00287069	0.0977411	-0.135133	-0.0824078	-0.0163677	0.0629742	-0.0279356	0.025041	-0.090834	0.0156558	-0.0368609	0.0236107
8000000.0001	-0.00728591	0.0123399	0.0579478	-0.0218574	0.0423961	0.129323	-0.0276166	-0.00856759	0.0493743	-0.0175495	-0.0847558	-0.09225	-0.00572911	-0.0537296	0.0883152	-0.0387973	0.0569606	-0.0701175	0.127733	-0.00593604	0.019082	0.0278706	-0.0208736	-0.053218	-0.0588006	0.0145746	0.0907994	-0.0651736	-0.0234665	-0.056626	0.0206832	0.0454578	-0.0220819	0.0798357	0.0868083	-0.0607522	0.0924637	0.128531	-0.0740348	-0.071312	-0.11065	-0.0852708	0.0514417	0.0662993	0.0646801	-0.006207	0.0326228	-0.0354378	-0.00777992	-0.00625512	-0.0823826	-0.0962457	0.0265469	-0.0302694	-0.0759097	0.00775997	-0.123009	-0.0084309	0.0514985	-0.107715	-0.0481114	-0.0365443	0.0427979	0.0416127	-0.0375903	-0.00671433	-0.0658593	0.0131098	0.00998075	-0.0439249	0.0982589	-0.0306089	0.062255	-0.0827762	-0.0945589	-0.0355968	-0.00840056	-0.0058356	-0.0961232	0.00231942	-0.0333291	0.0237797	-0.0877155	0.0922298	-0.00286678	-0.0508736	0.0304438	0.118576	0.00842905	-0.00150885	-0.0538751	0.0706615	0.0384337	-0.0367701	-0.0679584	-0.0389664	-0.0863827	-0.0041156	0.0380591	-0.0483833
8000000.0001	0.00486905	0.0575141	0.0906258	-0.0246115	0.0384089	-0.0396001	0.0140912	-0.0272074	-0.0757208	0.0316539	-0.0529774	-0.00123918	-0.0378625	-0.0752923	-0.0342613	-0.0333891	0.0681049	0.0212275	0.0202691	-0.00613135	0.0446749	0.0466442	-0.000691403	-0.0521521	0.0468516	-0.061775	-0.00220344	0.0364313	-0.00857395	0.0373664	-0.0507961	-0.0886748	0.031595	-0.0132289	0.0755176	0.0648289	0.054368	-0.0181899	0.0262974	0.0739014	0.0136813	-0.00597664	-0.0458132	0.00318897	0.0294232	0.0574445	-0.0540559	0.0339184	-0.0230698	0.0201627	0.0602807	-0.104526	0.0154979	-0.0060046	0.107802	0.0937897	0.0873797	-0.0236657	0.104932	0.0243064	-0.120404	-0.0327875	0.0495819	-0.0255737	-0.0735803	-0.0155164	-0.0337244	-0.0615918	0.0173722	0.00453718	-0.00194592	-0.0422722	-0.0545543	-0.0603458	0.0573914	-0.0464779	0.0193912	-0.127112	-0.0438668	0.0140815	-0.0128936	-0.145721	0.0815678	0.004676	0.0205525	-0.000266118	-0.0373142	0.000678772	-0.0339234	-0.0174358	0.0621575	-0.0796958	0.0098532	0.071018	0.00334443	-0.0400813	-0.0461614	-0.10225	0.00855395	-0.00675197
8000000.0001	0.141593	-0.093685	-0.0214872	0.0750818	-0.0711957	-0.103677	0.0105975	0.00269292	0.0601706	0.0120726	0.0131023	0.0594513	0.0559899	-0.0430364	-0.0424224	0.069587	-0.0338837	-0.0270364	-0.0522353	0.00624951	-0.000749348	-0.00469995	-0.0176067	0.0384028	0.068818	0.00415012	0.089447	0.00852564	0.0822473	-0.0450673	0.031922	-0.0354002	0.0481386	-0.0344555	-0.0572934	0.0277937	0.0704282	-0.0447622	-0.0353178	-0.0279541	-0.0795774	-0.0769726	-0.0123223	-0.00482137	0.0309233	-0.0949871	0.000927968	0.165968	0.0513995	-0.0695846	0.0368855	-0.20377	0.0451245	0.0463922	0.0416786	-0.0278801	0.0527384	0.0230657	-0.0383899	0.0986052	0.00981739	0.0453068	-0.00554002	-0.0840129	0.0522396	-0.152148	-0.0471669	-0.03039	-0.0179601	-0.0203052	0.0119037	-0.0109274	-0.0189014	0.0954187	-0.0662546	0.00955129	0.0154488	0.0566674	-0.00480226	-0.1505	0.0792148	0.0250533	-0.0257529	0.00297038	-0.0122854	-0.0408386	-0.0409844	-0.0308914	0.0378166	0.0315492	-0.00320897	-0.0492828	0.0610562	0.0893019	0.0437234	-0.00826811	0.0463314	-0.0365673	-0.0109998	-0.0871519
8000000.0001	0.0174938	0.0574222	0.0192349	-0.00364191	-0.0833632	-0.0240304	0.00352736	-0.0322633	-0.0129094	0.0673588	0.00697734	-0.0133613	0.161065	-0.091392	0.0304243	0.0408111	-0.070469	0.0625114	-0.0285378	0.113681	0.00700634	0.0636588	0.122854	0.0765598	0.0358877	-0.00102657	-0.0422031	0.00601017	-0.0215078	0.119213	-0.0300161	4.97716e-05	0.0105678	-0.0902766	-0.0411658	-0.0418415	-0.0302666	0.0372656	-0.106007	0.0145069	0.0333486	0.0498013	0.0789358	0.0618299	0.140055	-0.0188301	-0.0119038	-0.00394426	0.0259077	0.0559663	-0.0550355	0.0137015	-0.0429137	0.0812549	-0.0725949	0.0461373	0.00116757	-0.0919946	-0.0963725	0.0473523	-0.0139009	-0.0399196	0.126294	-0.0593048	-0.056807	0.00451755	0.0369112	-0.0282234	0.042728	0.0139481	0.0878138	-0.0175748	-0.0117412	0.0815448	0.0507527	0.0322017	-0.021865	0.000243105	-0.00534911	-0.0452085	0.0127535	0.0206017	0.0287349	-0.0214993	0.0265602	-0.015008	-0.0507199	-0.014744	0.0629638	0.0364279	0.0286881	-0.108941	0.13759	0.147206	-0.0516629	-0.118734	-0.0388656	0.0701243	0.0230619	-0.0217597
8000000.0001	-0.0222136	-0.00322285	-0.126695	0.036409	0.0957524	-0.0402836	-0.0621235	-0.0946853	0.0892857	-0.00604171	-0.0244142	0.0119045	0.0138635	-0.0307317	-0.065754	0.00677018	0.00302944	0.0217184	-0.0400674	-0.0586198	0.0127885	-0.0884555	0.0687955	-0.0709883	0.0182929	0.0169168	0.0839506	-0.158728	0.0230362	0.0522259	-0.0716685	-0.0790602	-0.0165789	0.0476451	-0.0785678	-0.0158228	0.121362	0.0597959	-0.063471	0.0387256	-0.00603049	-0.112262	0.0428966	0.0267516	0.0207537	0.0298335	0.0846076	-0.0443118	0.0460997	-0.00212619	-0.0259579	0.108698	-0.0402493	-0.109301	0.0119248	0.0430569	0.0513488	0.00866472	-0.0158772	0.0137947	0.0699046	0.0755561	-0.0263695	0.0601944	-0.0725986	-0.0169464	-0.0431191	0.00409065	0.0552638	-0.0609884	0.00165916	0.0836068	0.0134764	-0.177678	-0.0955743	-0.00876707	0.0324789	0.0555524	-0.0341779	-0.0489413	0.00367845	-0.0731286	0.0444524	-0.0478888	-0.0500491	0.0221131	-0.0660617	0.0224236	-0.0469734	0.0574633	-0.0765224	0.0659402	0.0331096	0.0151269	0.103834	-0.0749228	-0.0720285	0.0453278	0.105122	-0.00658036
8000000.0001	-0.0958463	0.0217781	-0.0177465	0.116798	0.00721697	-0.0379012	0.0710819	0.0854663	0.0876555	0.104815	-0.0940917	-0.00233889	-0.0568006	0.0150511	0.0543499	-0.0396755	-0.0273484	0.162147	0.0297334	-0.0951669	-0.0149401	0.012716	0.0303259	0.00150294	-0.0880298	-0.0218313	-0.0590491	-0.0477717	0.029266	0.0328999	-0.111904	0.0815408	-0.0433116	-0.00781938	0.067878	0.00207602	-0.0455643	0.0370758	-0.0511302	0.0201465	-0.00845804	0.0384082	-0.0228279	0.0280608	-0.00623092	-0.0081654	0.0945866	0.0540441	0.0972723	-0.00784333	-0.0540579	0.0490318	0.089805	0.0169754	0.029833	-0.0420258	-0.0850952	0.0569207	-0.0119604	0.0139999	0.0191459	-0.0284113	0.033018	-0.0934207	0.063196	0.06734	-0.0607562	0.00169321	-0.000206664	-0.0244037	0.0562614	-0.0817114	0.0830876	0.117218	0.0642431	-0.0477792	0.045028	-0.00987617	0.0256466	-0.0220512	0.0364446	-0.0599026	0.0386811	-0.075427	-0.0453207	0.0122608	0.111326	0.105001	0.0219517	0.15553	0.108073	-0.0417387	-0.0301432	0.0328386	-0.0707559	0.0318735	0.0185624	0.0471302	0.162218	-0.028925
8000000.0001	-0.0199082	-0.0369255	0.043164	-0.0128713	0.0417291	0.0409688	-0.0153067	-0.00305837	0.029815	0.0107052	-0.0468749	-0.0232309	-0.0497679	0.0342289	-0.0058822	0.0437182	0.0447968	-0.0924055	0.0588245	-0.126305	-0.0430999	0.028411	0.000434425	-0.0111954	0.0337789	0.00721945	0.141289	-0.0759972	0.105294	-0.0477601	-0.0452655	-0.00416533	0.0225003	-0.00450634	0.0955681	-0.00778005	-0.0286404	-0.0702671	-0.127034	-0.0678321	-0.0257522	0.076984	0.0280155	0.0404568	-0.0126802	-0.104747	-0.00927038	0.0367421	-0.018974	-0.0350848	-0.0152951	0.0657981	-0.0792555	0.0440367	0.0347793	0.0365339	0.044757	0.0381827	-0.0989624	-0.0292256	-0.0172338	-0.133275	-0.0413385	0.0245884	0.0287344	0.0738546	0.0307461	0.126425	-0.00173574	-0.000999213	-0.0263987	-0.00355504	0.0418399	0.0658223	0.0819202	0.0147564	0.0146935	0.050004	-0.00128077	-0.118066	0.0357848	0.104037	0.0273707	-0.10198	0.0103387	0.0407382	-0.0522372	-0.0354873	-0.0397076	0.0393071	-0.148072	-0.113135	0.0734082	0.0435565	-0.0167052	-0.111213	0.0666795	-0.0199705	-0.0778889	0.0235738
8000000.0001	-0.0980488	-0.0105891	-0.0241857	0.138497	0.00758528	0.0520547	-0.00387216	0.0579067	-0.0217792	-0.0216647	0.12752	0.119267	0.0548644	0.0846128	-0.115267	0.0730486	0.0347285	-0.112638	0.0696585	0.0230997	0.0421258	0.0665262	0.0851757	0.0824583	0.0361947	0.0512059	0.0046279	0.0960974	0.00442174	-0.0197389	0.0885552	0.0997549	0.117441	0.0225383	0.081473	0.0315179	-0.0533976	0.0399078	-0.0612281	-0.0191193	-0.100387	-0.0400556	-0.00874007	0.0910853	-0.0327283	-7.72849e-05	-0.0590171	0.0444472	-0.047967	0.00937517	0.0974003	-0.00515913	0.0312167	0.0307713	0.0331751	0.0734024	0.0320702	-0.011206	0.00581704	0.0292627	0.0293418	0.087333	-0.0297865	0.0588503	-0.0205414	-0.0308922	0.0637929	-0.00831637	-0.0785329	-0.060109	-0.0516388	-0.0190324	0.0426271	0.00482253	0.100469	-0.0467473	0.0469363	0.067238	-0.086663	0.00383617	0.0571069	0.0238142	0.110589	-0.0123502	-0.0310957	0.0715837	0.0284316	0.0692349	-0.01138	-0.0994352	0.0513723	0.0226338	0.0174851	0.0102699	0.0495923	0.0727247	0.0510668	-0.0741759	0.00690343	0.0271981
8000000.0001	-0.0362334	0.0601261	-0.0194708	-0.037522	-0.0578445	0.0461871	-0.0439605	-0.0600853	-0.0049431	0.114767	0.0426884	-0.0511789	0.0281756	-0.0718652	-0.0191263	0.0503594	0.0413478	0.097392	0.0729024	0.0124891	-0.047297	0.00632646	0.00101121	-0.0705706	0.0227575	-0.00471422	0.0260614	0.0868822	-0.0664182	0.0161381	0.0575019	-0.113481	0.110463	-0.0465876	-0.036413	-0.0933386	0.0777824	0.106889	-0.0466679	0.0130242	-0.0320068	0.00748877	0.106413	0.0481369	0.0395854	0.0351838	-0.0805047	0.016915	0.106585	0.136183	-0.0641936	0.0287781	0.0277634	0.0294007	-0.0364514	-0.052981	-0.0220083	0.0442789	0.0335512	-0.142464	-0.0434071	0.122113	-0.0782888	0.0440145	-0.0137691	0.0669263	0.032301	0.0559645	0.0219724	-0.0583002	-0.023333	-0.00478373	0.0717273	-0.0586641	0.0496168	-0.0320509	-0.0764357	-0.0649149	0.0500689	-0.0427652	-0.0674061	0.0229619	-0.057841	0.0757555	-0.0330117	-0.0504561	0.0816642	0.0305104	-0.013612	-0.0168338	-0.0418655	-0.0590985	-0.0266755	0.0149099	0.0762467	0.089088	-0.00408784	-0.012696	-0.059552	0.0051407
8000000.0001	-0.0428188	-0.0940877	-0.00186164	0.0488096	0.056576	0.006917	-0.018712	-0.0223193	0.0371172	0.0181062	-0.0092125	-0.0437701	0.00972509	-0.0337995	-0.0443826	-0.018913	-0.00199737	-0.00599301	-0.0148132	0.0177893	0.0400785	-0.0595715	0.0963893	0.0231559	0.0556106	-0.0216806	0.00732566	-0.0720157	0.0611824	-0.0944941	-0.010711	-0.00155472	-0.0309377	0.0512365	0.000476043	0.0520342	-0.0191792	-0.0557861	-0.0746104	0.00984349	-0.0789577	-0.0569338	0.0151781	-0.0680448	0.0237624	-0.00426149	0.0102356	0.0435185	0.0813924	-0.0997808	-0.104249	-0.00978953	0.0416835	0.0112674	0.0190673	0.0796018	0.080491	0.0419173	-0.0550205	0.024906	-0.052565	0.0424204	-0.0638418	-0.0287207	0.090904	-0.00360002	-0.0164246	0.00416765	0.025951	0.100506	-0.00230946	0.027954	-0.051016	0.0851237	0.0514356	0.0117253	-0.0123344	-0.0118515	-0.0214829	0.137169	0.0432921	-0.0830086	0.0470769	-0.024573	0.0178864	-0.00750657	-0.047263	-0.0132685	-0.0486159	0.0373738	0.0325135	0.0601232	0.0257719	-0.0977996	-0.102333	0.0707947	0.104774	0.0103071	0.0415613	0.0498615
8000000.0001	-0.03021	0.0756888	-0.0228885	0.0454934	-0.00493808	0.0278734	0.0450779	0.0071648	-0.086379	-0.00508817	-0.00224212	-0.05946	-0.0293448	-0.067975	-0.0394573	0.00141826	-0.0537695	-0.0691547	0.0640538	-0.0939882	0.0255232	-0.0602049	-0.106313	0.110544	0.0161125	0.180377	0.0280311	-0.0116578	0.0775586	-0.00741079	0.0528806	-0.047193	0.00105118	-0.0126892	-0.0207813	-0.0323855	0.0125361	0.0125284	0.0543386	0.048392	0.037909	0.0668589	0.0716243	0.0294365	-0.0157043	-0.0561252	-0.0523605	0.0484546	-0.0181125	0.128927	-0.040666	-0.0142659	0.0704452	0.0253028	0.0780023	0.00553092	-0.0386879	-0.0151781	0.0362758	0.0133344	0.0143878	0.0798004	0.0213768	0.0528057	0.0184496	-0.0599177	0.0398563	-0.0517952	0.108162	0.00750654	-0.0257376	-0.00353674	-0.0366104	-0.00678331	-0.0706591	-0.0197125	-0.0198588	0.016141	0.0240798	0.059084	-0.00424398	-0.0433401	-0.0182454	0.0634303	-0.0589425	-0.0498489	0.0500289	0.0272157	-0.0948306	-0.0452608	0.000260343	0.000328679	-0.0156492	0.0629175	0.0925458	0.0579126	-0.0303283	0.0159236	-0.102002	0.072985
8000000.0001	-0.037957	0.0261269	0.0478239	-0.0175746	0.0425699	0.00299126	0.0331066	-0.0155082	0.0024404	-0.0552504	0.00921052	-0.0980019	0.0501238	-0.0341022	-0.0462034	-0.0040616	0.134339	-0.093427	0.0758756	-0.0396762	0.00587932	0.043745	0.0656592	-0.0337851	0.0528059	-0.0116091	0.0828302	-0.0223594	-0.0552509	0.0314716	0.038358	-0.00137894	0.0890069	0.0225497	0.0134495	-0.0392792	-0.111583	0.0113174	0.0169498	0.0517434	0.00168435	0.0981354	-0.0281189	-0.0363409	-0.0946171	-0.0362913	0.0357207	-0.00716628	-0.00365616	-0.122486	0.0103954	-0.0120477	0.0128385	-0.090823	0.0931781	-0.0340197	-0.0827076	0.00781558	-0.0262709	-0.0334175	0.0249615	-0.0114138	-0.00535342	-0.0319431	0.0945271	0.0168524	0.0107424	-0.10382	0.0802915	-0.000592355	-0.025724	0.00426131	0.0122418	-0.00325748	0.0678949	0.0614901	0.0431976	-0.00366785	0.0358024	-0.00716902	-0.0311969	0.0419193	-0.163198	-0.119843	-0.122715	-0.0783592	-0.0637078	-0.055993	0.0655621	-0.122196	0.0442694	0.0109318	-0.00279972	-0.0323725	-0.0742853	0.00240009	-0.0615522	-0.0821248	0.0587922	0.0219764
8000000.0001	-0.0171476	0.0129567	-0.0858663	-0.0802708	-0.0851875	-0.0141824	0.036858	0.0189657	0.0278021	-0.0487966	-0.0348376	0.0172175	0.0641911	0.0553295	0.0316076	0.00795684	-0.0312051	0.0583434	-0.062163	-0.0444351	0.0586528	-0.0022593	0.0316717	-0.0133159	0.0138261	-0.0161145	0.028852	-0.0160572	0.0464066	-0.0583997	-0.0133071	0.0600834	0.0150368	0.00938033	-0.0056084	-0.074833	-0.00297657	-0.090932	0.0500065	0.050284	0.0634104	0.0989427	0.00617542	-0.0340906	-0.0529215	0.0396882	-0.0377036	-0.0919283	0.00262848	-0.0204481	-0.0399533	-0.0762666	-0.00955004	-0.0352207	0.00347301	0.00789718	0.0187564	0.0364623	0.0400178	0.104326	0.0165424	-0.0233334	0.00826031	0.0283389	0.0403358	-0.0590802	-0.000658044	-0.0427351	0.0326901	-0.100494	-0.0212042	0.00754223	-0.0221937	0.0025179	0.122417	0.022934	-0.0375675	0.0711733	0.0224957	-0.0599642	0.10812	-0.106854	0.0418023	-0.0589907	0.029563	-0.0414748	0.0874502	0.00734077	0.0523384	-0.046102	0.0959747	0.0119857	-0.059808	-0.0552014	0.133692	-0.0335301	-0.0219978	-0.020241	-0.050867	0.0476501
8000000.0001	-0.00404077	-0.00359654	0.0614267	-0.010876	0.00256506	-0.0547099	0.00824383	-0.0274203	-0.0659	-0.0324237	-0.0238814	0.114413	0.0898545	0.0803412	-0.0574671	-0.0330311	0.0140823	0.090027	-0.0386727	0.0112324	0.0196862	-0.00924209	0.0155899	-0.0204289	-0.000629248	0.0436648	-0.0354946	0.03642	-0.0352614	-0.0196923	0.000724645	0.033914	-0.0177468	0.0732858	-0.00815285	0.0638171	-0.118721	0.0515542	-0.0112081	0.0658883	-0.0942151	0.0348527	-0.0424159	-0.0797466	-0.00673218	0.0702168	0.0192049	-0.0160115	-0.127346	0.0327212	0.0624303	0.0361226	-0.0043497	-0.0756011	-0.0350755	-0.0591088	-0.101666	0.0554896	-0.0080362	0.0323375	-0.0824348	0.00784238	0.00303175	-0.00619664	0.0811143	-0.108555	-0.0769734	-0.00229267	0.0539862	0.00100401	-0.003403	-0.0105135	-0.029298	-0.0193424	0.0395134	0.0389547	0.0595283	-0.0293372	-0.0423111	0.0667877	-0.0894706	-0.0596422	-0.073144	0.0330159	0.11558	-0.01529	-0.0307067	0.029526	0.0210933	-0.0460107	-0.119698	0.0111881	0.065915	0.0141295	-0.0320137	-0.0311226	-0.019929	0.0375195	-0.00858136	0.0358518
8000000.0001	-0.0948224	0.0248595	0.0263843	0.0821915	0.000265859	-0.0042708	0.00982116	0.03549	0.0455111	0.0492113	-0.0473201	0.0892588	-0.0113219	-0.0323472	-0.0216714	-0.00557297	0.0405979	0.0232212	-0.0476543	-0.053455	0.0502857	0.0168709	-0.014583	-0.133896	0.0397805	-0.0356149	-0.00536653	0.00419011	0.0515029	0.127404	-0.103521	0.125916	-0.0208945	-0.0747739	0.0291873	0.0174247	-0.0450112	-0.0563428	0.060569	-0.016611	0.0564957	-0.0141094	0.0437737	-0.0130783	0.0151928	0.0396156	0.0281925	0.0290752	0.0285537	-0.0167569	-0.0771316	0.00958437	-0.00322939	-0.0039093	0.0639537	0.0394361	-0.0204301	-0.0725306	-0.0384068	-0.0144504	0.029681	-0.0008958	0.0281389	0.0478168	0.0581074	-0.036567	0.0635452	-0.0672449	0.0540002	-0.0530798	-0.00405476	0.0241058	-0.00720204	-0.0615585	0.0205614	-0.0288237	-0.0510494	-0.117385	-0.126502	-0.061922	0.0342874	0.0527138	-0.0200464	-0.0290908	-0.115293	0.0039141	0.036055	-0.021782	-0.0393411	-0.00634657	0.0732854	-0.000166789	0.0503587	0.0863907	-0.0516922	0.115628	0.028317	-0.0939264	-0.0508241	0.0907977
8000000.0001	-0.113735	-0.0373092	0.00781255	0.0301994	0.00777421	-0.0807299	-0.0278783	-0.0880636	-0.0164358	0.0844088	0.0216658	0.0341413	-0.0244853	-0.00898105	0.0142815	0.0958617	-0.0269155	-0.0912058	-0.0107995	0.0230226	0.08152	0.136654	0.0663213	-0.166885	-0.00379252	-0.144588	-0.0110616	0.0303468	-0.0598677	-0.0763867	0.0511668	-0.0968321	0.00942987	0.0897845	0.00983571	0.0267927	-0.0209367	-0.0084018	0.0100651	-0.0679824	0.0164463	0.087095	0.0230669	-0.0159747	0.170591	-0.0265661	0.00236046	-0.0912782	0.0594187	-0.049646	-0.0274375	0.0542173	0.0367581	0.0521112	0.0902485	-0.0875166	-0.0127764	-0.011065	0.00513381	-0.0769167	0.0805761	0.105193	-0.0287468	-0.0106216	-0.0354629	0.0654781	-0.08307	-0.0548876	-0.0132348	-0.0776048	0.0420276	-0.0163717	-0.0812952	0.0761111	0.0244699	0.0628527	-0.0823356	-0.0924751	-0.0679924	-0.0318467	-0.0828327	-0.0361186	0.0584988	0.0342247	0.038626	-0.0482064	0.0193218	0.00266566	-0.0573301	-0.00481107	0.00132731	-0.043992	0.0388955	0.00944943	0.00519133	-0.01719	-0.131853	-0.0252361	-0.0104576	0.0638231
8000000.0001	0.0549606	0.0159038	0.0735937	-0.0652936	-0.0478007	0.0491925	-0.0182958	-0.0354405	-0.016128	-0.00713943	0.00260242	-0.0390663	0.0744554	0.0191014	0.0293517	0.0668246	-0.045498	-0.0307807	-0.0239655	-0.0189727	0.132323	-0.074291	0.0466301	-0.0775951	0.0220286	-0.0961635	-0.0799802	-0.0649899	-0.00781339	0.0403744	-0.0974252	0.0491058	-0.0135678	0.0747862	0.0596487	0.0842428	0.0148449	0.0352515	-0.0714183	0.0699763	-0.0636209	-0.0206419	0.0224088	-0.0590757	0.0136809	-0.0430372	0.0592541	0.00132816	0.0360785	-0.00644648	0.0308255	0.0506826	-0.0690385	-0.0416546	0.0257496	0.00477305	0.0205514	-0.126933	0.012812	-0.0455584	-0.00666407	-0.0652233	-0.0351943	0.0138414	-0.0246446	-0.0880338	0.104497	0.0802639	0.0411344	-0.00943996	0.104973	-0.0191021	-0.0424038	0.0474882	-0.118448	-0.0189851	0.0239861	-0.00719175	-0.0288523	-0.0450675	0.0247929	0.0111738	-0.0568369	-0.0118441	-0.0293067	-0.0286661	-0.0159323	-0.0922793	-0.0132308	0.0566942	0.00645135	-0.0509098	-0.0799949	-0.0194759	0.0769571	-0.0025519	0.0100737	-0.0210827	-0.00371226	0.0777263
8000000.0001	0.03542	0.00828386	-0.0432899	0.0216567	0.0213675	0.0320044	-0.0284236	-0.0791959	-0.0524046	-0.0516457	0.0840343	-0.0239897	-0.0559742	0.0750925	0.00163366	-0.0386103	0.0152521	0.0212009	0.0874621	0.0291635	0.0705698	-0.0351658	-0.0466833	0.00970911	-0.111842	0.0564364	-0.0435339	0.00107545	0.0446349	0.0358817	-0.0092456	-0.0404024	0.0181819	0.0698721	-0.0409845	0.00730521	0.130769	0.0158792	-0.0462048	0.0372745	-0.02453	-0.0898201	0.0689479	-0.0831932	0.116893	-0.123653	-0.00172052	-0.0537757	-0.0459673	0.0526749	-0.0287145	-0.058285	-0.058518	0.0207672	0.0294929	-0.00383334	-0.0856792	0.0328403	0.0305191	-0.0730109	0.115226	-0.0647553	0.0518029	0.0365476	0.0125694	0.0482971	-0.0230549	0.0877075	-0.0179795	-0.00841635	0.0542845	-0.0257137	-0.155196	0.0597912	-0.0132652	-0.0145136	0.0510717	-0.0365144	-0.034705	0.0584143	-0.110467	-0.0338486	-0.0863764	-0.0905291	0.0590236	0.00835016	-0.0135702	-0.0440004	0.0671849	-0.00650231	-0.017843	-0.0858973	0.011087	-0.0311383	0.037143	-0.0706466	0.0298458	0.0732068	-0.118044	-0.0332168
8000000.0001	0.00460158	0.0691288	0.0321323	0.028467	-0.0275448	0.0213286	0.098611	-0.0502608	0.111122	-0.0109694	0.0416048	-0.0288206	-0.0365845	-0.0429512	0.143568	-0.00490685	0.122854	0.0284114	0.155876	0.0170632	0.0154061	-0.00773911	-0.00567629	-0.14775	0.0258415	-0.00656772	-0.0110142	0.00950275	-0.0255698	0.0542886	-0.0708177	-0.07275	0.0299117	0.0372598	0.00805077	-0.0414977	0.0480035	0.0286622	-0.0199327	-0.0576411	0.118072	-0.0885403	-0.0148769	-0.00218586	0.107435	-0.0155274	0.0190868	-0.00891539	-0.00531144	-0.0074918	-0.107673	0.0846639	0.000487833	-0.0710359	-0.038355	-0.0408863	-0.00819788	0.0825422	-0.0515697	-0.0349859	-0.0830582	-0.067456	0.0645287	-0.0101858	0.0255343	-0.00146682	-0.0994935	-0.0313412	-0.0353879	0.0762487	0.0220263	-0.0213454	0.0868185	-0.0792782	0.0715307	0.0193215	0.00540021	-0.0299129	0.0479431	0.00857724	0.0673875	-0.0446602	0.0889688	-0.0608825	-0.0452462	0.0620854	-0.0942898	0.0431492	-0.0464434	-0.0345025	0.127379	0.0450552	-0.0340849	0.0016819	-0.0286446	-0.00669104	0.00720586	-0.059346	0.0328282	0.000239743
8000000.0001	-0.0423757	0.0462711	-0.0417694	0.100246	-0.0682859	-0.0363924	-0.125342	-0.0169807	0.044366	-0.0423363	-0.0572982	-0.017101	-0.0552959	-0.027821	-0.171784	-0.0401653	0.0367567	0.0130542	0.0693102	0.0397668	0.0374782	-0.00778404	-0.0127436	-0.0316111	0.0435764	0.0257864	0.0923285	0.0314636	-0.0433338	0.119771	0.0589671	-0.051407	-0.0186564	0.0700225	-0.10087	0.0326042	-0.0376078	-0.0207905	-0.0640207	-0.0117045	-0.019019	-0.124727	-0.0502521	-0.0924438	-0.0138041	0.0165309	0.00867653	-0.0299715	-0.00111592	-0.08677	0.0571161	-0.0359544	0.0331196	-0.0392232	-0.0945195	0.0423529	-0.0766567	-0.00897243	-0.0648415	-0.0451364	0.00509344	0.0144508	0.0167846	0.0634154	0.0403472	-0.00665023	0.00577682	-0.062103	0.0758125	0.00275059	0.0732943	-0.0707054	0.0909878	0.0507295	0.00197121	-0.000725493	0.0406876	-0.00583347	-0.0148223	-0.0433016	-0.0301381	0.151185	-0.0788301	0.0333114	-0.0192624	0.0852747	0.0695907	-0.0483056	-0.00522209	0.00959105	-0.00133961	0.0731545	-0.0116927	-0.0967231	0.0693475	0.0418989	-0.000174004	0.0442895	-0.0815348	-0.0430935
8000000.0001	0.0119269	-0.0719064	-0.135069	-0.0103072	-0.0491986	-0.0307767	0.0348725	0.00300649	0.0133146	0.0929654	-0.00973615	0.12103	0.176679	-0.0673204	0.0103942	-0.0212356	0.0477012	0.0710166	-0.00650053	-0.0343767	0.020815	-0.0218758	-0.00263415	-0.0342804	0.0972727	0.0442732	0.013902	-0.0367229	-0.08385	-0.095341	0.00841091	0.0908866	-0.00277536	0.02597	-0.00803142	0.0337508	-0.0327178	-0.00483332	-0.062825	-0.0237667	-0.0184953	-0.0122242	0.00651437	2.53851e-05	0.0538986	-0.0615231	-0.00455691	0.0711691	-0.0314384	-0.0344659	-0.0308741	0.00825191	0.00120592	0.0132214	0.0904413	0.00852449	0.0925837	-0.058071	0.0167475	0.0191205	-0.029628	-0.0571343	0.0281468	0.0242997	0.108262	-0.0557147	0.013626	-0.115371	0.0680728	-0.0457195	0.0426981	0.0526736	-0.0184969	0.12445	0.108722	0.054513	-0.0700196	0.0173673	-0.0138474	-0.0716467	0.0130401	0.0157737	0.0481402	-0.0439357	-0.0388388	-0.0336756	0.0285054	-0.0492438	0.0148243	0.012871	-0.036498	-0.0947194	-0.025803	0.00142812	0.043917	0.0528419	0.0258223	0.000960456	0.0366268	0.132096
8000000.0001	-0.0253566	0.0122942	0.022337	-0.00390433	0.0129243	-0.119594	0.0337226	-0.0899995	0.103889	0.0432894	0.0922421	0.0213393	-0.115006	0.116821	-0.033494	-0.012372	-0.0426236	-0.026645	-0.0489806	-0.00187688	-0.107071	-0.0193432	0.0112196	0.0106899	-0.0269393	-0.0480446	-0.0219465	0.0155269	-0.0344459	0.0276122	0.029385	0.0271124	-0.141938	-0.00128365	0.0423828	-0.016663	0.0593231	-0.0446514	-0.00595655	-0.118376	-0.101582	-0.0497464	0.0269194	0.0381551	0.0091185	-0.000621019	-0.0357415	-0.057	0.0667008	0.0337917	-0.0282651	-0.0800062	-0.0416182	0.0626087	-0.00267104	0.0762176	-0.0211482	0.0109613	-0.0719717	-0.0386663	-0.0509802	0.0563227	-0.0673715	0.0467829	-0.0411672	0.0262694	0.0260885	0.0778315	0.00450379	0.0497938	-0.0282906	0.107189	-0.0460519	-0.00350701	-0.0413551	0.101944	-0.0409285	-0.0246134	0.0654015	-0.127935	0.00802123	-0.0259622	-0.0380711	-0.0119275	0.00816125	0.0587646	0.0226781	-0.0408405	0.156196	0.0470866	0.0694124	0.00937967	-0.0502369	-0.0121386	-0.0174157	0.0691017	0.118895	-0.121049	0.106884	0.0526194
8000000.0001	0.0278096	-0.0462108	0.0619325	-0.075513	0.0513422	0.0623783	0.128587	0.023601	-0.00640338	-0.073867	-0.162995	0.0208258	-0.0627847	0.132996	0.00627132	-0.0142011	-0.00675472	0.0914042	0.0256506	0.0827913	0.0399577	0.094496	0.0236726	-0.0595287	-0.145285	0.0586033	-0.0473894	-0.0279671	0.116167	-0.0303324	-0.0571776	-0.0293903	0.0442667	0.0772619	-0.0913504	0.0150889	0.0271018	0.023349	-0.0417487	-0.0247609	-0.109409	0.0163247	-0.00640361	0.00235089	-0.0659868	-0.0254764	-0.120438	-0.116361	0.01244	-0.0173529	-0.0519456	-0.0690426	0.0156185	-0.0129096	0.00971739	0.061791	0.00968162	0.0266741	0.0863457	-0.121182	0.0805287	0.0269493	0.0509898	-0.0359814	-0.0655632	-0.0268031	0.000487475	0.00979813	0.0137641	0.0932015	-0.0497612	0.0705524	-0.0687505	0.0817712	-0.0380315	-0.107452	0.0993028	-0.0452545	-0.000282431	0.0506941	0.109041	0.0606606	0.0389539	0.0135258	-0.0758367	-0.0400143	0.00161131	-0.0139995	0.0350005	-0.0526487	-0.00730844	-0.0534415	-0.0248946	-0.0237615	-0.0198343	0.0342357	0.0174597	0.00991193	0.00761808	0.02959
8000000.0001	0.0556957	0.0864295	0.0815173	0.0387133	-0.0969073	0.0337098	-0.0539426	-0.0345333	0.0497673	0.0312234	0.0267933	0.0205754	0.046643	-0.0447852	-0.0858285	0.0471329	0.0502387	-0.000663102	0.102469	9.04038e-06	0.0526825	0.0507801	-0.0203843	0.00750984	-0.0522771	0.0309464	-0.0602585	0.014511	0.0671178	-0.109987	0.0685355	-0.0451222	-0.0812727	0.0150513	0.00527036	0.0891797	0.0421077	0.0544772	-0.0165766	-0.0550007	0.0315432	0.00825131	0.0487451	0.0955643	-0.0396523	-0.00656989	0.0599143	0.127144	0.0791731	-0.0168464	0.0133619	0.000723399	0.023504	0.000304596	-0.0289435	-0.094714	-0.0299928	-0.0167804	0.0168951	-0.0192644	-0.0829884	-0.027314	0.0653282	-0.0893048	0.0183568	0.0435324	-0.0214303	-0.0197465	0.0934745	-0.00353357	0.0876922	0.00850455	0.114941	0.0202835	0.0502859	0.0741522	-0.0472956	-0.023788	0.0641309	-0.0966163	0.00976038	0.0246163	-0.00701099	0.0554643	-0.0207338	-0.036663	0.0254644	0.0191337	0.043161	0.0634984	0.0176927	0.127518	0.00143931	0.0543606	0.019977	-0.0181817	-0.0646185	0.0397912	-0.0678284	-0.0493083
8000000.0001	-0.0461044	0.0628711	-0.0867367	0.0305614	-0.0480675	-0.0812108	-0.000276129	-0.0241611	-0.0721068	-0.0863951	0.0310074	-0.156917	-0.079723	-0.0685146	-0.00422345	-0.0336943	0.0213744	-0.0149294	-0.0168233	-0.0563221	-0.0155613	0.10833	-0.0708966	-0.0511572	0.0112401	0.00133758	-0.104161	0.0174836	0.0242039	0.0217725	-0.0208318	0.0157892	-0.0531766	0.0338066	-0.0849138	0.0237911	0.0738414	0.0274181	-0.0531671	0.0346671	-0.0311228	0.0557657	-0.0127086	0.0843362	0.0264816	-0.0506805	0.0664415	0.052404	0.00796789	0.0365653	0.0188863	-0.00626767	-0.0748793	0.00917707	0.016787	-0.0125555	-0.0172085	-0.104175	-0.0111977	0.0318799	0.0896211	0.0147047	-0.0656525	0.0282614	-0.0604759	0.0268337	-0.0252494	-0.0395358	0.0756383	0.0289086	-0.0825352	0.00886301	0.0198407	0.0251432	-0.00361137	0.0413687	0.0149709	0.0513742	0.118951	-0.0337509	-0.0272158	-0.0230859	-0.0125749	0.0524575	0.0502545	0.040354	0.0867558	-0.098775	-0.125487	-0.00201118	-0.0285312	-0.00260414	-0.00237604	-0.0363154	0.0168977	-0.00959652	0.0748419	-0.0351299	0.0222581	-0.0626022
8000000.0001	0.0636998	0.0533997	0.0240578	-0.116853	0.0234638	-0.0796086	-0.0313628	0.0710716	0.14719	0.122929	0.00970391	-0.111695	-0.0436339	-0.0874798	-0.0744653	-0.0598668	-0.0253288	-0.0357804	0.0238493	0.0494079	-0.0274331	0.0276755	-0.010258	0.0167942	-0.139449	0.0332732	0.018436	-0.0304246	0.0574106	0.0935202	-0.00149723	-0.0858888	0.0117587	0.0516031	-0.00728939	0.0334938	-0.0362014	0.010963	0.00318972	-0.0810397	-0.0063196	0.115555	0.112562	-0.00613961	0.0458707	0.0865916	0.0708809	0.0216128	0.0392093	0.069994	0.0274883	-0.0140076	-0.0536519	-0.120325	0.0347663	0.0274469	-0.0201284	-0.0243179	0.0692601	-0.0407117	-0.0496397	-0.0952215	0.00705158	-0.10202	-0.0507171	-0.034815	0.0130654	0.118841	0.0116753	0.0849034	0.0809302	0.0753716	0.051188	0.0272385	-0.0174441	0.0692303	-0.0382673	-0.0499565	-0.0615907	0.0900603	0.102697	0.074778	0.0171963	-0.0115048	0.0475972	0.100551	0.00277994	0.0693553	-0.00892315	0.0129422	0.0532129	-0.000620432	0.0381247	0.0221503	0.0869515	-0.0392442	0.00388808	-0.0531751	0.0226025	-0.0503374
8000000.0001	-0.0156083	0.0573813	-0.0886691	-0.0395993	-0.055992	0.0275767	0.0266634	-0.113951	-0.00692176	0.00566542	-0.0154376	0.0643169	0.00705391	0.0142495	0.110067	-0.0442129	-0.0582162	0.00828982	0.0907264	0.00407279	0.0211416	-0.0304113	-0.0133097	0.0266404	-0.0127056	0.028849	-0.066082	-0.0286811	0.0287681	-0.045648	0.0570765	-0.0251021	-0.00483879	0.0745166	-0.0134476	0.0290788	0.0108963	0.158	-0.0853356	-0.0747563	0.0622023	-0.0231011	-0.00924211	0.0743694	0.0874359	0.0642735	-0.00594259	-0.0700821	0.025016	-0.0196975	-0.00355751	0.0492716	0.0224692	-0.0305954	0.0295495	-0.0408291	0.0330545	-0.0191536	0.114882	0.0832954	0.000965422	0.0329526	0.0281563	-0.082359	0.034854	0.021294	-0.0284224	-0.0103283	-0.00198907	0.00321363	-0.0284418	-0.131864	-0.0520622	-0.00819217	-0.0163156	0.0612812	-0.0136024	0.00690983	0.0117589	0.0853864	0.0922155	0.0725326	-0.0602403	0.0112469	-0.0318696	0.0609797	-0.0093042	-0.0110494	-0.0506356	-0.0481612	-0.00857281	0.0287285	-0.0271921	0.0213785	0.052668	0.154188	0.0463244	0.0706787	0.0566968	0.0121068
8000000.0001	0.0275106	0.0389692	0.0702026	0.106149	0.0406462	-0.0567114	-0.00999108	0.000704268	-0.0467501	0.0812448	-0.0354822	0.0517237	0.0703521	0.0698522	-0.0497692	0.0751737	-0.0114846	0.101118	-0.0152968	0.155575	0.0185075	0.0642327	-0.0677092	0.0489447	0.0222381	-0.0112075	-0.0425965	0.0161036	-0.0200805	0.0588734	-0.130388	0.121049	-0.028084	0.00574395	0.0533993	-0.0254635	0.0339803	0.0840445	0.101959	-0.00611919	-0.0384757	0.00859118	-0.0165734	-0.0489251	0.0701271	0.0484315	-0.00320429	-0.0427392	-0.0150121	0.0646265	0.041406	0.0426475	-0.0485316	-0.0488649	0.0482234	-0.0262676	-0.0137214	0.0869827	0.0395816	0.0592417	0.0320272	-0.0502441	-0.00660019	-0.0278737	0.00722144	0.0874885	0.0653542	-0.087101	-0.0256689	0.0479442	0.0412523	0.150285	0.0129817	0.0594167	0.0299518	0.0362177	-0.0609541	0.00973852	0.0546915	0.0119045	-0.0475526	0.00534452	0.0532911	0.00157706	0.123064	-0.00754344	0.0762697	-0.045926	-0.0628316	-0.00846238	-0.0148259	-0.047141	-0.115147	0.118967	-0.013882	0.0755203	0.178049	-0.0989543	0.0243282	0.0379625
8000000.0001	0.0609562	0.00378287	0.0278978	0.0809199	0.0631324	0.0639732	-0.0433042	0.0604669	-0.0801823	-0.0454659	0.0622122	0.0466286	-0.0341138	0.0868857	0.0687616	0.0544493	0.0968551	0.012829	0.0751555	0.0255802	0.0359064	0.0304735	-0.0163039	0.0642482	0.0472348	0.086641	0.0418509	0.053926	0.00684489	-0.016153	-0.00213966	-0.061703	0.00045979	-0.106927	0.015677	-0.102608	0.035395	0.0615435	-0.0342671	-0.0235951	0.0847354	-0.0157779	-0.126178	-0.0355474	-0.00202537	0.0310986	0.0198228	0.0633505	-0.0400024	-0.048702	-0.0398707	0.0245875	-0.00215918	0.010385	-0.0548229	0.0139952	0.0791095	0.127773	0.0258214	-0.0575786	-0.0845392	0.0524196	0.0355249	0.00348413	-0.054479	0.0628035	0.0550217	-0.00775618	-0.142505	-0.0126087	-0.0248433	-0.0214763	-0.0400292	-0.108913	0.0167624	-0.081331	0.0696572	-0.0221787	0.0319883	0.0264001	-0.0107819	0.0432046	-0.0896954	0.0182321	-0.07604	-0.0210677	0.0395238	-0.065084	0.0414268	0.0878573	-0.0125501	-0.0604146	-0.0408573	-0.136908	-0.0424872	0.00219017	0.00836851	0.0280376	0.0394275	-0.114593
8000000.0001	-0.0615214	-0.0206871	0.0088637	-0.0332275	0.00734327	0.0834931	0.114756	-0.0259543	0.0343498	-0.0307488	-0.0120519	0.048086	-0.0327469	-0.019307	0.0451632	-0.0179002	0.0400735	0.0370794	-0.00355477	0.0117543	-0.0596751	0.0217549	0.0414064	0.103602	0.0827691	0.11512	0.070581	-0.102853	0.0347088	0.0962199	0.047109	-0.0428951	-0.0277149	-0.0283453	0.0509541	0.0848289	0.0149397	-0.134781	0.00838266	0.0927018	0.0192694	0.0326296	0.0542577	0.0868711	-0.00719252	-0.0441197	-0.0175388	0.00157012	-0.0750392	-0.0491998	0.0741468	0.0226057	0.17819	-0.00564194	0.0424271	-0.0389505	0.118787	-0.0644211	-0.00093744	0.0280935	0.0351154	-0.135864	-0.0118651	0.00391169	-0.0305512	-0.0205651	0.0414433	-0.0253222	-0.0209289	-0.0518306	0.0153628	0.00677157	-0.0104922	0.10088	0.0197309	0.00467645	-0.0925713	0.0177123	0.0376286	-0.0720294	-0.0209573	0.0243297	-0.0349432	-0.0129174	-0.0597333	0.0256506	-0.00948925	0.121637	-0.0193951	-0.0703045	0.0118311	-0.0118217	-0.017414	-0.00624942	-0.00673918	-0.0308463	-0.0418969	-0.0976554	-0.0402734	0.0195909
8000000.0001	0.0347699	0.0271375	0.0424978	-0.102013	0.0554881	0.0591159	0.0013626	-0.0593806	-0.0503126	-0.0601518	-0.0974867	0.0383579	0.1187	0.0682395	-0.0414063	-0.0943874	0.0450484	0.0128953	-0.0380518	-0.0654152	0.0212649	0.0192451	0.0526402	0.0109449	-0.0307192	-0.0165244	0.0883959	0.0298755	0.0220064	0.0380755	-0.0313228	-0.0384094	-0.0927673	-0.00795052	0.0295144	-0.000949486	-0.0981607	-0.0717835	0.0135143	-0.0171312	-0.0370852	-0.106004	-0.0341962	0.038304	0.0691194	-0.0359242	-0.0274991	-0.0438734	-0.0777251	0.0129212	0.0184904	0.0369477	0.10795	-0.00669622	0.0666039	0.0299396	-0.0109508	-0.0168335	-0.118343	0.0218167	0.0501663	-0.0239006	0.147452	0.0375489	-0.0319254	0.0123553	0.0376593	-0.0250676	-0.10132	0.0162982	-0.0355716	0.0637418	0.059319	-0.0161717	-0.042091	-0.0377174	-0.0139883	-0.0626068	0.0306943	-0.0537997	-0.0625893	-0.0158807	0.000315323	0.0450544	0.0712302	0.0576567	0.12562	0.0357897	0.10257	-0.00757655	0.0423851	-0.00796106	0.0913345	0.0495556	0.0480203	0.0632593	0.0278802	0.0115473	0.0218099	0.0156056
8000000.0001	-0.0010715	-0.0500758	0.0723965	-0.0444723	-0.000564993	-0.0851506	-0.0404436	-0.0243557	-0.069299	-0.00959667	-0.0512291	0.0372791	-0.170138	0.0241222	-0.0428753	0.086933	-0.00621341	0.0380245	-0.0241615	0.125637	-0.0784323	-0.0912706	0.0216601	-0.0216645	-0.115237	0.0104931	0.012834	0.0740774	0.0246663	0.0870333	-0.0958507	-0.0106439	-0.105485	-0.0515844	0.0636609	-0.057696	0.0109091	-0.0562738	0.00378208	0.0130749	-0.0168141	-0.0334111	0.0673217	0.0933227	-0.0356651	0.0225421	-0.0410953	0.0168956	0.0936924	-0.0158061	0.0758094	-0.0559877	0.017772	-0.069681	0.0774168	0.081505	0.144289	-0.0339018	0.0384339	0.0147639	-0.15845	0.0152436	-0.022009	0.0620221	-0.00979408	0.086142	0.0761007	0.0254331	-0.00874915	0.0587621	-0.0215908	0.0560868	-0.00483287	-0.0433994	0.0011197	0.0214922	-0.11149	0.126028	0.0361732	0.00462105	-0.0369173	0.0966039	-0.0111465	-0.101762	0.0586344	0.0478037	-0.0323569	0.00928361	-0.0888629	-0.0536044	-0.0288268	-0.032971	0.00887626	-0.00925627	0.0236266	-0.00444456	-0.0780178	-0.107324	0.0469725	0.00645918
8000000.0001	0.0729871	-0.0897056	0.0399509	-0.0250276	-0.00223383	0.0912849	-0.026086	0.0350982	0.00329329	-0.0224436	0.0480434	-0.14004	0.0388826	0.00165491	0.0426101	0.00333376	0.0185921	-0.0435611	-0.0217548	-0.0610141	0.0333852	0.0381198	0.0370929	-0.050931	-0.0990074	-0.041858	0.0326464	-0.0542829	-0.00283117	0.0346504	-0.00187763	0.0309313	0.0151006	-0.0219964	-0.0278433	-0.0326491	-0.094851	0.0999832	-0.0166786	-0.0819747	0.106948	0.0583961	-0.00883206	-0.0797667	-0.0359357	-0.0738705	-0.0168442	0.0634099	-0.041165	0.0573113	-0.0101114	0.0359432	-0.0179645	-0.00813809	0.00867037	-0.0225191	-0.0697432	0.0051238	-0.0575447	0.0126801	-0.142913	0.00980387	-0.109378	-0.0376815	-0.0157847	0.0524851	0.0254318	0.0832456	0.00445116	-0.0142338	-0.00146085	0.045571	0.0122894	0.0339451	0.0481461	-0.153025	0.0119893	0.0563199	0.0155836	-0.0254436	-0.0230662	0.0222635	-0.0202652	0.0151053	0.0133192	-0.123665	0.0449926	-0.0520064	-0.0712635	-0.068692	-0.0700961	-0.012072	-0.0329392	-0.0132347	-0.0868343	0.0144935	0.0442244	0.00804346	-0.0505347	0.0928999
8000000.0001	-0.0350417	-0.0319026	0.0199135	0.0460617	-0.0304225	0.102329	0.0407247	-0.0535272	0.0933726	-0.0967761	-0.0137784	0.0367588	0.0080415	-0.0198339	-0.122153	-0.0818223	0.0231736	-0.0228944	0.057527	-0.0629254	0.0626558	0.0249721	0.0704549	0.0432712	-0.0317474	-0.052532	-0.0645642	0.00379687	-0.0801859	-0.0344895	-0.00446481	-0.074014	0.00806675	-0.00749204	-0.0122439	0.0176011	0.0337427	0.0520041	-0.054339	-0.00126481	-0.0383366	0.0670039	0.0895752	0.0840894	-0.0536776	0.0325799	0.0198902	-0.0487333	-0.00266913	0.0464388	-0.000365365	-0.0317745	-0.0270198	0.0399596	-0.00470937	0.0513617	-0.0263719	-0.0219188	0.0150895	0.0539284	0.0645191	-0.133838	-0.0454141	0.210467	-0.0673943	-0.0300672	0.0511361	0.0401896	0.102521	0.058382	0.0699091	-0.0162881	-0.0974321	-0.0158349	-0.0135578	-0.0269197	0.0467156	0.0356672	-0.0344676	0.0213701	0.038456	-0.00896985	-0.0360401	-0.0122196	0.0515929	0.025091	0.0104306	-0.0785991	0.0155716	0.0323954	-0.0303128	0.0248019	0.036195	0.0738948	-0.0795475	0.118573	-0.0903569	-0.0178535	0.00190603	-0.0399668
8000000.0001	0.0314093	0.016728	-0.0174212	0.0921484	-0.0687212	-0.0332233	0.0435104	0.0563338	-0.0202241	0.0114011	-0.0270493	0.0113706	0.00967656	0.0606234	0.0339244	0.056478	0.0263068	-0.0172058	0.0787026	0.0200985	-0.00914747	0.0685273	0.00716613	-0.0242666	-0.122166	0.0261633	0.09593	-0.101001	-0.0302498	-0.00824665	-0.0256022	0.00553283	-0.00460428	-0.0826548	-0.0186941	-0.010677	-0.0769635	-0.0539345	0.0580493	0.0546076	0.106832	-0.00800093	-0.0568169	-0.039649	0.000242093	-0.148138	0.0125409	0.0342123	0.000400277	-0.0115392	-0.0107846	0.0499466	-0.0187768	0.00399493	0.0314377	0.0181728	-0.00221168	0.00958514	-0.0474169	-0.0255533	-0.0697456	-0.0190511	-0.10323	0.0231771	0.0151717	-0.0781856	0.139524	0.017388	0.0271406	-0.020577	-0.0941074	-0.051561	0.0190764	-0.0284743	-0.0237108	-0.0845392	0.0975343	0.0554934	0.0220564	0.0252572	0.0594257	0.0960094	0.0954473	-0.0483102	0.0719644	0.0146905	0.0862442	0.0197083	0.143744	-0.0332585	0.0549778	0.0867063	0.121741	0.0202989	-0.103709	-0.0688454	0.0587304	0.00196852	0.0322142	0.0777804
8000000.0001	0.0871125	0.115609	-0.0791933	-0.0728182	0.0753874	0.0669751	0.000422143	-0.120588	-0.0176095	0.0534218	-0.0686539	-0.0631837	-0.0111814	0.0345129	0.0266187	-0.00464043	-0.00142584	-0.136222	0.00223666	-0.0745745	0.0562926	0.000457691	0.00249843	-0.120418	-0.0257955	0.0420493	-0.0245246	0.0202395	0.135395	-0.0948328	-0.104651	0.0650629	0.00496454	-0.0241768	0.035313	-0.00799101	0.00463068	-0.056616	0.0106728	-0.0400711	-0.0476093	-0.0648612	-0.0636355	0.00876799	0.0347607	-0.0500116	0.114696	0.0127216	0.00138531	-0.0496276	-0.0504659	0.0173942	-0.00843627	-0.0287148	-0.0552182	0.0918745	0.0204951	0.0228298	0.000159436	-0.0373695	0.0100572	0.10719	0.0669677	-0.048135	-0.0626709	-0.0192035	-0.031952	-0.00682981	-0.0639266	-0.0370515	0.0217905	-0.143915	0.0974979	-0.0803248	0.0084259	-0.0528865	0.0228172	0.146621	0.0417782	-0.0419186	0.0717819	-0.106748	0.026329	-0.0508745	0.124318	-0.0632878	0.0578976	-0.000926837	-0.0460523	-0.0366027	-0.0426807	0.00555405	-0.0294707	0.0436417	-0.0937324	-0.0754654	0.00600163	0.034102	0.0444798	0.0252825
8000000.0001	-0.0212513	-0.118647	-0.0186334	0.0487642	0.0486611	0.0393429	-0.0693378	-0.104883	0.0230051	0.0626774	-0.0141934	-0.0825114	-0.0348335	0.00994282	0.0490358	-0.0162045	0.0352462	0.0232837	0.0400263	-0.0287236	0.0100153	0.064432	0.00553818	-0.0888224	-0.0026375	0.0829171	0.0238606	0.0384255	0.0502006	0.0673327	0.0889716	0.0294999	-0.00323155	0.0935662	-0.0467016	-0.113283	-0.0442414	0.015537	0.00796124	-0.0717138	-0.0739643	-0.0641772	-0.013547	0.0734761	-0.143305	0.0694532	-0.00589386	0.0143955	0.0231706	0.0612609	0.0187085	-0.020154	0.0938216	-0.0347179	0.0765102	0.0127348	0.0932459	0.167337	0.030275	-0.00710621	0.00658022	-0.123444	-0.0626306	0.0687012	0.0318799	0.0598092	-0.0871652	0.0597564	0.00423095	-0.0846926	-0.028138	0.0196058	-0.0140199	0.00873437	-0.0744534	0.0795627	-0.107119	-0.0389674	-0.0917405	0.0672543	-0.00906302	0.000732399	-0.0497738	-0.0287417	-0.0571052	0.00744976	0.00223956	0.10097	-0.00390841	0.0216045	-0.0534203	0.0181675	-0.00866541	0.0327813	0.00238389	0.014306	-0.0633139	0.0291433	-0.033489	0.000832195
8000000.0001	0.0522795	0.0521968	-0.0649653	0.0111668	-0.133567	-0.0325889	-0.048021	0.081176	-0.0343741	0.136241	-0.105068	0.056334	-0.0740891	0.0112678	0.0264806	0.00917722	-0.174012	-0.046619	-0.0984797	0.0266664	0.0168992	-0.0391099	0.0272487	-0.0350065	-0.0159788	-0.0112061	0.0471629	-0.00143619	0.00960035	0.141005	0.0900973	0.0746465	-0.124596	-0.0742816	0.0162913	0.0104907	-0.0683598	-0.0361426	-0.0952497	0.0622393	-0.0792091	0.0926099	0.0350678	-0.0889598	0.0771635	0.0679101	-0.0628486	0.0579026	-0.0353779	0.0446291	0.0103263	-0.158846	-0.0090189	-0.105844	-0.0126251	0.0192794	-0.0738255	-0.0374128	-0.112699	0.0450944	0.0846613	-0.0186048	-0.00564136	-0.0138507	-0.0481381	0.111283	0.115192	0.0304374	0.00226895	-0.0568505	-0.0365718	-0.098669	-0.0531461	-0.0441934	-0.0220174	0.0700605	-0.0409484	-0.0328301	0.00581868	0.0514284	0.0463241	-0.00749501	-0.00148062	-0.0315992	0.0588786	-0.0306353	-0.00493142	-0.0451672	-0.0539875	0.0136972	-0.0479304	0.0302228	-0.136573	0.0923284	-0.0734565	-0.0062432	0.0754902	0.0575423	0.0261193	0.102089
8000000.0001	-0.162324	0.0810469	-0.0218252	0.00245693	0.0403701	0.00224179	-0.0831161	0.110508	-0.0215083	-0.0367569	-0.044349	0.0540127	-0.10333	-0.0294026	0.00719716	0.0243025	0.00207071	0.0221726	0.0956658	-0.129196	-0.026362	-0.114139	0.0194183	-0.114996	-0.0237513	-0.0582229	0.00332549	-0.000967073	0.0390591	-0.0058426	-0.0756033	0.0673814	0.0509225	-0.012918	-0.0188665	-0.0533243	0.021913	0.0218684	0.0325265	-0.0507227	-0.00554284	0.0431864	0.0562869	0.0762858	-0.0382752	-0.005244	-0.0948945	0.0401679	-0.0292596	-0.0105539	0.0119124	-0.0339317	-0.0113691	0.0334449	-0.158516	0.0418812	-0.0120961	-0.044355	0.0846139	0.0813098	0.00255233	-0.0631468	0.0193725	-0.0479655	-0.0915226	-0.0393185	0.111081	0.0174579	0.0985103	-0.0866933	0.100312	-0.0448256	0.0138344	-0.027072	0.106114	0.0129895	0.0629343	-0.0772477	0.0449518	0.0185062	0.00656523	0.0274085	-0.0466343	0.0514792	0.0365419	-0.00971768	-0.00108509	0.0763423	-0.0354453	0.0532462	0.0500812	0.0825486	-0.0630462	0.0690187	-0.0194247	-0.072531	0.0224408	0.0956564	-0.0276704	-0.0112041
8000000.0001	0.065674	0.0315009	-0.0224205	-0.0141522	-0.0226577	-0.0326993	-0.0222241	0.0301943	0.14137	-0.0658066	0.0268913	-0.121825	0.0488212	-0.0173322	-0.055956	-0.0353197	-0.041087	-0.0734304	-0.0338208	0.000680244	-0.0079936	0.0510638	0.0190098	0.0110419	-0.064472	0.101413	-0.0151237	0.132803	0.0732762	0.147533	-0.0645282	-0.0295807	0.0662416	-0.00750915	0.0318026	-0.0740909	0.0598742	-0.0105942	-0.108099	0.0655531	-0.0379016	-0.0720642	0.0259397	-0.0438829	-0.0259627	0.157932	0.0207083	-0.06203	-0.0725033	-0.0793311	-0.0149319	0.116008	0.038247	-0.00126376	0.0373721	-0.0781904	-0.0831127	0.0243757	-0.0324683	-0.026147	-0.0599212	0.100041	0.012113	0.0494563	-0.0985676	-0.046887	0.0550244	0.00479183	-0.0371836	0.0409215	0.0429137	0.00950732	0.000370837	0.0547584	-0.00115194	-0.0340426	-0.110906	0.0222858	0.0662457	-0.0449192	-0.0745824	-0.00446317	0.0679224	0.0168731	-0.00866369	-0.0309625	0.0655381	0.0156769	0.00211087	-0.0831006	0.0112432	0.0562086	-0.0454856	-0.076848	0.0196404	-0.0534589	0.0258837	0.0164244	-0.103062	-0.028699
8000000.0001	0.0325258	0.0789895	-0.091488	-0.0726784	0.0276459	-0.0519789	0.0291368	0.0518107	-0.117411	-0.100642	-0.0295004	0.0227132	-0.0627708	-0.0459593	-0.00539069	-0.013124	-0.032033	-0.0309891	0.0945176	0.0318852	0.0463404	0.0095546	-0.0985217	-0.0271152	0.0334776	-0.0483034	0.0572022	0.0439393	0.124078	-0.024183	0.0096759	0.046514	-0.0158024	0.00139806	0.00494542	-0.0638341	-0.0810445	0.194937	0.0776225	0.0286388	0.00095235	0.00381895	-0.0468817	-0.0650092	0.0338787	-0.0623097	-0.0254948	0.0463598	0.12113	0.00100649	0.0247122	-0.107015	0.0337688	-0.0112817	0.0267976	0.0429153	-0.01036	0.0348788	0.0317613	-0.163792	0.0356872	0.0211383	-0.0237973	0.0558738	0.06359	0.0517741	0.0182308	-0.0222412	0.0352698	-0.120928	0.000479254	0.00660522	0.0646877	-0.0132947	-0.0227547	0.019978	0.00766571	-0.0286203	0.061716	-0.0881419	0.0535549	-0.0150302	-0.00753419	-0.0458195	0.027823	0.0122155	-0.0499331	0.0188246	0.00986232	0.0239254	-0.0609868	-0.0245781	-0.094766	-0.00971779	-0.0427622	0.011075	0.0723926	0.0776955	0.0708297	0.0562051
8000000.0001	0.043825	-0.0904489	-0.0486354	0.0680439	0.0345024	-0.0055574	0.00216018	-0.0802873	-0.040291	0.00289951	-0.0393148	-0.0602388	-0.0147743	0.0135866	-0.0190749	0.0241123	-0.043684	-0.0820046	0.0246391	0.077893	0.0359112	0.0290872	-0.0188546	0.0655901	-0.0480436	-0.0207829	-0.0942571	-0.0767425	-0.0559652	0.0464882	0.0332875	-0.0543616	-0.0194643	0.0452892	-0.00554535	0.0435042	0.132583	0.0574215	-7.40036e-05	-0.104075	0.051	-0.0667005	0.140771	0.0442319	-0.0160649	0.00249689	-0.00251368	0.0893134	0.015644	-0.0472395	0.105104	-0.196067	-0.0355812	-0.0519135	-0.0370628	0.0275926	0.0798341	-0.00906084	0.0233655	0.0295128	0.0302079	-0.0486817	0.0108624	-0.073493	-0.0826356	0.0589733	0.0494566	0.0231458	-0.0446235	0.0884394	-0.06781	-0.0382535	0.0834582	-0.0194596	-0.00579409	0.0817222	-0.0161949	0.016975	-0.0141828	0.052874	-0.108852	0.0805708	-0.0270206	0.0384703	0.0181711	0.0550706	-0.01051	0.0773294	-0.125455	0.00930259	-0.0356493	-0.076344	0.0157925	0.0698033	-0.0594266	-0.0683118	-0.0133417	0.0281682	0.0597459	-0.0456719
8000000.0001	0.0596011	-0.0212148	0.0118839	-0.12477	-0.00238989	0.0247704	0.0939071	-0.0340184	-0.00470178	0.0654222	0.0886381	-0.0475504	-0.00758034	0.0218839	-0.0375114	-0.108769	-0.0195401	0.0582823	-0.0183966	0.0516109	-0.117299	-0.0341187	0.126923	0.0437589	0.104167	-0.00580677	0.0234356	-0.0362982	0.00468173	0.0140957	-0.0366973	0.0368521	-0.0152885	0.063968	-0.103566	-0.0180563	-0.0123804	0.102708	0.0244883	0.0398059	0.0411217	0.0997912	-0.0457203	0.00551483	0.024483	0.0633804	0.0816083	-0.0644972	0.0301254	0.0469597	0.0689549	0.0295306	-0.0723247	-0.0579489	-0.0629712	0.0389593	0.054958	0.0434094	0.00325229	0.0123735	-0.0196926	-0.0379082	0.0186634	0.0366633	-0.16303	0.0355519	-0.00188513	-0.0318753	0.0446423	-0.0443515	0.0311128	0.0150917	-0.0207558	-0.0385944	0.0707743	-0.00543034	0.0140795	-0.00705367	-0.0307396	-0.0163008	0.0380261	0.00456048	-0.000650285	0.124451	0.0133746	0.0153807	-0.116957	-0.111199	0.0802872	0.017707	-0.0175468	0.00840169	-0.0258705	0.026782	0.141936	0.0344332	0.0342689	-0.0681957	0.0163568	0.121208
8000000.0001	0.00991385	-0.0322893	0.0449011	0.117027	-0.0325248	-0.0183096	0.0088325	0.0392964	-0.0767888	0.0519448	-0.0685489	-0.022513	-0.00605872	-0.112529	0.095742	-0.00293677	0.0982909	-0.0281528	0.0271941	0.0764235	0.00502608	0.0391891	0.051257	0.0405828	-0.0802887	0.0411837	0.100348	-0.00292742	0.0732137	0.0634347	0.0129563	-0.00496462	-0.0373852	0.099358	0.0290035	-0.0699743	0.063046	-0.0135439	0.00698365	-0.0406399	0.134613	0.0863752	-0.0712047	0.0241175	-0.00250459	0.0252353	0.00678876	0.0018999	-7.02543e-05	0.042675	-0.0401224	-0.185581	0.03865	-0.00440497	-0.0713889	0.0578138	-0.0196286	-0.00679182	0.0397916	-0.0445563	-0.121349	0.0749381	-0.0067001	-0.0787433	0.101166	-0.0182931	0.00119654	0.0618742	0.0287268	0.00374171	0.0208683	-0.00376918	-0.0507044	0.0136516	-0.092247	0.0473027	-0.119985	-0.0676219	0.0410455	-0.012585	0.0298155	-0.0345634	0.0169079	-0.00190123	-0.00665218	-0.115992	-0.0220374	0.094716	-0.033391	-0.0812062	0.0874367	-0.0515728	0.0258354	-0.0133779	-0.06132	-0.0201162	-0.0339375	0.0592702	0.116948	-0.0309332
8000000.0001	-0.0679813	-0.00812335	0.0120721	-0.128944	0.116028	-0.0603475	0.00994049	0.0989044	0.0809827	-0.000863377	-0.0771621	0.0636289	-0.026822	-0.0127199	-0.071142	0.0419592	0.0628309	0.00292551	-0.0170156	0.0339218	0.106164	-0.0314046	-0.0823966	0.111029	-0.0475984	-0.0721434	-0.0268029	-0.0418301	0.0463553	-0.0143563	0.0684073	0.167169	-0.0814935	0.0708632	0.0386424	-0.0638509	0.0853324	0.0405134	-0.0224176	0.0210727	0.00181099	0.0181558	-0.0552167	0.0900213	-0.110577	-0.00733022	0.0460543	-0.0119801	0.0937568	-0.030392	-0.0514923	-0.0116308	0.0569562	0.148926	0.0334609	0.11433	-0.103282	0.0467657	0.117482	-0.0167167	0.0423976	-0.00517284	-0.0457711	0.0590938	-0.0302161	0.0364649	0.106582	0.0369744	0.00273647	0.0804133	-0.116825	0.0449532	0.0822094	0.0247192	-0.0383166	0.106434	0.0290649	-0.110328	-0.0761151	0.074234	0.109763	-0.120052	0.0280926	-0.0422555	-0.0193535	0.110381	-0.0146448	0.0778196	0.0799815	-0.0107684	-0.000475341	0.0471998	0.149463	0.063228	-0.0108544	-0.0847801	0.076887	-0.0829704	-0.0697988	-0.0759813
8000000.0001	-0.0928903	0.0517701	0.0170482	0.0807964	0.0548845	-0.00567165	-0.0670871	-0.0196572	0.0259591	0.019629	-0.0255921	0.0618156	0.0456517	-0.000765961	-0.0156532	0.157391	-0.0361439	0.0679198	-0.0483286	-0.0656467	-0.0916295	0.0573568	0.0110185	0.0343054	-0.0555557	-0.0978558	-0.0380991	0.00963404	-0.0120468	0.0151595	0.0794268	0.130676	0.085539	0.0347722	-0.054082	0.00504859	0.0382342	0.0575513	-0.0118079	0.0295693	-0.0193676	-0.0878387	-0.0213188	-0.0358743	-0.0215959	0.126425	-0.0113705	-0.0491807	-0.0354964	-0.0870836	0.101634	-0.0671026	0.0704725	-0.0389369	-0.00874245	-0.0689297	0.0145945	0.00409407	0.0242114	-0.0411484	0.0914813	-0.0441676	-0.0134128	-0.0100379	-0.104884	0.0149735	-0.0530908	-0.0316121	0.0027177	0.0149336	0.0166643	-0.0842086	0.0149389	-0.0584915	-0.0131028	0.0217403	-0.0184416	0.0050336	0.0636296	-0.0504207	0.048792	-0.0316731	0.0641691	0.0250026	-0.035514	0.103419	0.035732	0.0701801	0.130828	0.108577	-0.0289461	-0.0848943	-0.0204137	0.0697769	-0.120527	-0.00850872	-0.027367	0.0883374	-0.000416936	0.0174541
8000000.0001	0.0842168	0.0133154	0.0489246	0.0419504	-0.0309443	0.0467361	-0.00921709	-0.0705394	0.0689262	-0.0292097	-0.0104483	0.0377179	0.0708132	0.0190319	0.0222245	-0.00327228	0.0693693	0.121617	-0.0305316	0.136441	0.0315843	0.00699907	0.0180402	0.0983452	-0.0150051	-0.0455867	0.055761	-0.00545987	0.0319838	-0.00889666	0.0449601	0.140313	0.00364879	-0.0508214	-0.0284027	0.0616653	-0.00467887	0.024791	-0.075814	0.0543265	0.036842	0.0851564	-0.0747574	0.0583191	0.0213734	-0.067268	0.0931307	-0.0739974	0.0421062	-0.0710449	-0.00584372	0.0314466	-0.0403742	0.0260041	0.0515889	-0.00553551	-0.0429582	-0.0418347	-0.114005	0.0910178	-0.0923201	-0.0353125	-0.040115	-0.0810026	-0.0501398	0.0698072	0.00291581	0.0446073	0.00824798	0.0345304	-0.00156539	-0.0305558	0.125026	0.0355807	-0.0458651	-0.0206705	0.00288413	0.0283908	-0.0557505	0.00310558	-0.0901995	0.000778816	-0.0992868	-0.0422567	0.0142602	0.0143271	-0.112357	-0.0179046	-0.00693613	-0.0938316	0.0390857	-0.131567	0.0079669	-0.086358	-0.0161596	-0.0185163	0.00820988	0.0238092	-0.0875177	0.0151968
8000000.0001	0.0244983	0.0175735	-0.0185944	-0.0187944	-0.0783004	-0.0429093	-0.0707662	0.0249527	-0.0764815	0.000653649	-0.0240838	0.0151602	0.0240869	-0.0459049	0.00281553	0.0350795	-0.00205085	0.0213819	0.0347944	-0.0183346	-0.0512409	0.0363977	0.00772204	0.0942117	-0.0520067	-0.0535892	-0.0484515	0.0013387	-0.0244108	-0.0193135	0.0611721	-0.0290018	-0.0180461	-0.0162078	-0.0675014	0.0131404	-0.0478396	0.0837832	0.0601554	-0.0204065	0.0229967	-0.0137449	-0.0193435	0.041317	-0.0605915	0.118469	-0.0652443	0.0249989	-0.115414	-0.00298741	-0.0273728	-0.00794991	0.0374336	-0.0865193	0.0308323	0.000721307	-0.00669539	-0.0246021	0.0878035	0.026828	0.0284011	-0.0282765	-0.0893456	0.0742687	-0.00819422	0.0554366	0.00149229	-0.081987	-0.0546157	-0.00682375	0.0141486	0.0144516	0.0578633	0.018793	-0.00370452	-0.0253506	-0.015398	0.0829705	-0.0329508	0.0959582	0.0117208	0.0465871	-0.00910827	-0.0780048	-0.00784958	0.0169289	0.0188099	0.021538	0.0234619	-0.107213	-0.0615131	-0.0717446	-0.10303	0.011427	-0.124066	0.0352196	0.101267	-0.119574	0.0889315	0.0457288
8000000.0001	-0.0608053	0.0309733	-0.0207545	-0.0542099	0.0549954	0.0695071	-0.0176764	0.0185963	-0.0297926	0.00687578	-0.0196062	-0.055785	0.080753	0.0631192	-0.0026304	-0.113755	0.034508	-0.0408047	0.0174818	-0.020868	0.0229883	0.0545081	0.0430386	0.0214053	-0.0222375	0.0506709	-0.0957634	0.0326374	0.0364786	0.0239368	0.0208057	-0.0205128	0.0326534	-0.139339	0.103764	0.00452787	-0.0380087	-0.0820415	0.00501529	0.00314186	0.0477096	-0.0232173	0.0303827	-0.0938559	0.0294253	-0.0996264	0.0559012	-0.00516225	0.0167368	0.0176261	0.0721745	-0.0287064	0.040318	-0.0274613	-0.0736713	-0.0497481	-0.0333513	-0.0697238	-0.0310319	0.00445352	-0.0435543	0.0574057	-0.00404934	0.0154917	-0.086687	-0.0704076	-0.0413922	-0.0703311	-0.0729297	-0.0257541	0.00305719	-0.0796153	-0.0599182	0.0420016	0.0199628	-0.0841828	0.0170629	0.0206308	0.110585	0.181473	-0.0142535	0.0371265	0.00299855	-0.0353464	0.0517243	0.0446901	-0.0433708	0.000212892	0.0918354	-0.0830561	0.0421455	-0.00635946	-0.0366632	0.0220557	0.0702209	-0.0262535	-0.00275422	-0.033454	0.047788	-0.0175595
8000000.0001	-0.0285529	-0.0217292	-0.0530579	0.0651652	0.0246558	0.074248	-0.0468798	-0.0070765	0.136487	-0.0092731	0.0395084	-0.0378761	0.0517135	-0.149088	0.0540724	-0.0415668	0.0352595	-0.0895139	-0.0777613	0.0175322	-0.10945	-0.0373274	-0.0327497	0.0435395	0.0431761	0.00202065	0.0113374	-0.0113224	-0.0450842	0.0199813	0.0568843	-0.0549725	0.00130334	-0.0644085	0.0797613	0.0319282	-0.0287014	-0.0420732	0.114454	0.0253958	-0.0341798	0.010126	-0.0761065	0.089723	0.00749605	0.123348	-0.0150693	-0.0243934	-0.0198916	-0.0242782	0.0513861	0.0362077	-0.0492442	0.0294695	-0.0575002	-0.00997963	-0.12855	-0.094836	-0.00653016	-0.061603	-0.0770967	-0.087542	-0.0237518	-0.0289834	-0.00673166	0.0823667	-0.0505259	-0.06734	0.0543046	-0.0198572	-0.000608237	-0.169212	0.0755861	0.0808603	0.116403	-0.0488221	0.00315766	-0.0476515	0.0419375	0.0113869	0.000986903	-0.0164392	0.173282	0.00417534	0.0723032	0.0173737	0.0453495	-0.0099055	-0.0817591	0.0428967	-0.0241547	0.0329705	-0.073642	-0.0185672	-0.0703896	0.0168398	0.00683421	0.022352	0.0611123	-0.0515527
8000000.0001	-0.0966198	0.0117408	-0.0312405	-0.0189001	0.0286075	0.0353873	-0.00576967	0.0253817	-0.0252915	0.0324103	0.0327329	-0.0921226	-0.0083072	0.0615716	-0.00850416	0.0240555	0.0722462	0.0358645	-0.0702727	0.0495913	0.113106	0.0106133	0.0019238	-0.0516142	-0.0236407	0.0286762	-0.0455591	0.094996	-0.0194716	-0.0243414	0.0536794	-0.0364858	0.0765452	0.015174	-0.0586774	-0.00973317	-0.0446298	0.0177416	-0.0733467	-0.0221961	0.0175221	0.0112992	-0.0521328	-0.0223543	0.0737642	-0.0560347	0.0798029	0.0326958	0.0628814	0.023036	-0.045183	0.00244615	-0.0350958	-0.0119877	0.0407636	-0.000259292	-0.00284891	-0.0784069	-0.0666547	0.0793516	0.0542643	-0.0378524	-0.0421846	0.0327691	-0.051375	-0.0586355	0.0410669	0.129607	0.0164985	0.00467214	-0.122309	-0.0216069	-0.0637423	-0.086686	0.104567	0.0132979	0.0343031	-0.0151189	0.01714	-0.103654	-0.00277046	0.0299521	-0.0180906	-0.0511536	0.0491303	0.0702436	0.0446871	-0.0542169	0.0399384	-0.0431431	-0.0145033	0.0135907	-0.028372	0.0330478	-0.0069101	-0.0478537	0.0722083	-0.0561177	-0.0206671	-0.0528253
8000000.0001	-0.0980277	-0.0446144	-0.00797522	0.00515947	0.00542775	-0.0446628	-0.0301371	-0.0538113	-0.0409656	0.0606619	0.0419085	0.00397131	0.0519366	0.0122418	0.025987	0.0477262	-0.0690032	0.000425575	0.00548197	-0.0573076	-0.0350609	-0.0176831	0.0610206	-0.0819792	-0.000645949	0.00751984	0.00449678	0.0384854	0.0317909	0.0515632	0.065258	-0.0755826	-0.0754455	0.0572294	-0.0273711	-0.0327407	-0.106149	-0.0158272	0.070068	0.0714562	0.0882368	0.0134299	0.0773369	0.0423216	0.0564842	0.0358682	-0.0314863	0.0425638	-0.0275044	-0.0231725	-0.0248556	-0.0308163	-0.0479608	0.0284992	-0.0591174	0.0813826	-0.107074	-0.0930028	0.029356	-0.0497004	0.0464545	-0.0641024	0.00937419	0.00361519	0.00169	-0.0538613	-0.00291016	0.123786	0.0251765	0.0965505	-0.0220614	0.0518767	-0.0745157	-0.035568	0.0884073	-0.00590023	0.100845	-0.0810954	-0.0504623	-0.0112721	0.0427428	0.122085	0.140484	-0.0271075	-0.0106647	0.134009	-0.0489422	-0.0784308	-0.0262788	-0.0624402	0.0392694	0.0180121	0.00498006	-0.0920595	0.156804	-0.0051296	0.0106032	0.0911555	0.0151858	-0.0860715
8000000.0001	0.0373473	0.0659571	0.0418584	0.0895873	-0.0009292	0.00317574	-0.0564761	-0.0477428	0.0633932	0.0103467	-0.0431081	-0.112531	-0.0550405	0.0517411	0.0534181	0.00972542	0.0431591	-0.0223602	0.0181298	-0.0351109	-0.0101008	-0.0183188	0.0252881	-0.059723	-0.0343507	0.0196834	0.00289116	0.0857066	0.00933015	0.0439496	-0.0256571	-0.00831396	-0.0691445	-0.00774683	0.00430976	-0.0177351	0.0196237	0.00986034	-0.0480959	-0.0740471	0.086901	-0.00147198	0.0701227	0.0378354	0.0902285	0.0237608	0.11305	0.137212	-0.0358199	0.071996	-0.0727645	-0.0497465	0.00377333	-0.0228834	-0.0305053	-0.0192104	0.0012718	-0.0380953	0.104574	0.0233247	-0.0530667	-0.00533304	-0.0445783	-0.0554679	0.098777	0.129813	-0.0433067	0.0226392	-0.0736677	-0.0992309	0.0162022	-0.0291332	-0.0481974	-0.00728332	-0.000710643	-0.0336106	0.0280185	0.0357816	-0.0489136	-0.0453319	-0.0567432	0.0177705	0.078397	-0.0233144	-0.0349209	0.0162441	-0.109342	0.0553793	0.10381	0.0441074	-0.0832253	-0.0429074	-0.0347487	-0.0794939	-0.075104	0.052575	-0.0651118	0.0756095	0.0560023	0.00491034
8000000.0001	0.0107097	0.0464553	0.128504	0.0673728	0.0746868	0.0136797	-0.0704638	0.021506	0.0758523	0.0446703	-0.00952695	-0.0523664	-0.0304884	-0.03877	-0.0136783	0.0128328	-0.0395317	0.0421173	0.00982923	-0.0176326	0.07633	-0.0135855	-0.0321852	-0.0194621	0.0173707	-0.0547927	0.0386695	0.0593063	-0.00138821	-0.067536	-0.155663	-0.0340093	-0.106203	0.0195763	-0.0559349	-0.00497229	0.0303238	0.00358135	0.0204699	0.0764953	0.0610183	-0.0278551	0.0303129	-0.0997028	0.0316448	-0.012965	0.11677	-0.0496275	0.0194143	-0.00039142	-0.00499267	0.0423259	0.017263	0.00626179	-0.0868489	-0.00529845	-0.0523522	-0.00274036	-0.127107	-0.038287	0.0295061	-0.0632368	0.062165	-0.0032819	-0.0862295	-0.0345068	0.0564509	-0.155554	-0.0633084	-0.0184042	-0.0118689	-0.116208	0.0537092	0.00146833	-0.00869228	0.0177516	-0.0523626	-0.0825317	0.0641314	-0.0249982	-0.0920373	-0.0846138	0.00180307	0.00918047	-0.0392137	0.0918217	-0.00490951	0.0842346	-0.0518675	0.028002	0.0765083	0.0474195	0.000872825	-0.0288081	-0.0317027	-0.0354745	0.011839	0.0253411	-0.112383	0.048181
8000000.0001	-0.0666894	-0.0186249	-0.0991402	0.0184959	-0.0424445	-0.0263261	-0.0683411	0.0246018	-0.00353555	-0.0255002	0.030418	0.0710537	-0.0840807	-0.0373459	0.0716003	-0.0312608	-0.104985	-0.0269837	0.0269276	-0.00923019	0.00944253	0.048226	-0.0254146	0.0361167	0.0047237	-0.0594441	-0.0156	-0.0967021	0.0232915	0.0129962	-0.0465432	-0.0140954	0.00857654	-0.0563323	0.0279467	0.0261263	-0.031535	0.0164563	-0.0429506	0.11745	-0.0693383	0.0148721	-0.00402907	0.0621342	-0.0123692	0.0839123	-0.000595901	-0.0300398	-0.00282399	-0.00375105	-0.0116174	0.00995991	-0.0609787	0.0438906	0.0718227	0.0496093	-0.0174118	-0.00736312	0.00471773	0.103834	-0.00704718	0.034964	0.0384062	0.0104731	-0.0362351	-0.0390726	0.00593321	0.01859	0.220098	0.0377894	-0.00845594	0.0425603	0.00606651	-0.0611256	0.0300783	0.0230389	-0.0596125	-0.051254	0.0479468	0.0561456	0.00318344	-0.00814012	0.0404003	0.0101935	-0.0129855	0.093023	-0.0338746	-0.0578237	-0.00673658	0.0477877	0.00974648	0.0577232	0.108807	0.0710855	-0.084348	0.0295774	-0.00606622	0.0485571	-0.00484023	0.0668069
8000000.0001	-0.0424228	0.00413325	-0.0173797	0.0223276	-0.0489071	0.0138208	-0.0111817	0.0214271	0.0229781	-0.0408718	0.0380809	0.0990044	-0.0477901	-0.00873928	0.101479	-0.106837	-0.0523025	0.14808	-0.019736	-0.0125563	-0.0177845	-0.00228035	0.0017754	0.0317621	-0.0478287	-0.107763	-0.017148	0.0844133	-0.00864787	0.114246	0.018216	-0.0448994	-0.0714309	0.046588	0.00493882	-0.0110234	-0.0239155	-0.0354134	0.0436512	0.0194643	0.123888	-0.0468901	0.0292492	-0.0423371	-0.0614236	-0.0971144	0.0520093	-0.033644	0.0206796	0.0330511	-0.0252897	-0.0445904	0.0424558	-0.00928459	0.0596497	-0.0127412	0.0598361	0.00798493	-0.0117298	0.109433	0.126652	0.018604	-0.0797799	0.097836	0.045064	-0.0218197	-0.00750815	0.0394141	0.0462685	-0.0670057	-0.0131183	-0.0191931	-0.0375388	-0.0333208	-0.0156185	0.0163681	-0.135153	-0.0742454	0.017754	-0.114855	-0.0504988	-0.0149458	-0.0445889	0.0352265	-0.0729081	-0.00044196	-0.00632011	-0.0554438	-0.0462953	0.0820536	-0.0188742	0.0265187	-0.0815958	0.013367	0.0270263	-0.0465063	0.112062	0.0480854	0.0806644	0.0293156
8000000.0001	-0.0950355	-0.0894091	-0.00313817	0.0625055	0.0285593	-0.0652961	0.00411333	-0.00817213	-0.0731961	0.0631051	0.0500863	-0.0611372	0.0515914	0.0692	0.0895791	-0.00246612	-0.0514197	0.0242233	0.00682884	0.0537067	-0.0584571	-0.00471761	-0.0637478	-0.0589652	0.0754953	0.0189256	-0.0311186	0.0607092	-0.00656561	-0.0520796	-0.0512108	0.0190017	-0.0448767	0.0138773	0.0141861	-0.0823538	0.0331624	0.0989831	-0.0031134	0.025303	0.00470241	0.0533593	0.0587815	0.0186483	0.0571257	0.0437761	-0.0753168	-0.0121652	0.104566	0.0385393	-0.037523	0.0250873	0.0474695	0.00250177	-0.0308927	0.0525403	-0.0423217	-0.0408493	-0.00765091	-0.0738667	0.0160541	-0.0512534	-0.00496972	-0.0139893	0.0284334	-0.053091	-0.0576507	0.111053	0.000591748	-0.0452756	0.0406874	0.0228059	-0.0199755	-0.0357084	0.0266051	0.0715604	-0.00553648	0.0112265	-0.0339566	-0.0130957	-0.0327253	-0.0640202	-0.0159315	0.0133947	-0.0706873	-0.0385265	0.0376228	0.0574229	-0.0176333	0.0361622	0.0150201	0.10566	0.0258062	0.0306387	-0.0766025	0.0507802	0.0342994	0.034271	0.073702	0.0105221
8000000.0001	-0.108737	0.106397	0.0596307	0.0767302	-0.0561104	-0.0402203	-0.101705	-0.0930515	-0.0121599	-0.0633098	-0.0532426	-0.00442758	0.0424587	0.0386647	-0.0476336	-0.0660456	0.000341432	-0.0487598	0.0685849	0.026748	-0.00262361	0.000486429	-0.0351496	0.0272273	0.00157766	-0.0275357	0.0331662	-0.125744	0.087452	-0.0174163	-0.0468485	-0.051654	-0.000854103	-0.068777	0.0441766	-0.0173575	-0.0259149	0.00862173	-0.00261158	-0.121692	0.0722544	-0.0395448	-0.0526903	-0.00254225	0.0316949	-0.007774	0.111436	-0.0458814	-0.0164831	-0.0282566	0.00925451	-0.0390794	-0.128104	-0.0249517	-0.0572259	0.045029	0.0960705	0.0180964	0.0486464	-0.113946	-0.0213893	0.196377	-0.0332721	0.0154227	0.0480959	0.0438346	0.0273104	0.149088	-0.110665	-0.0212943	0.00815476	-0.050909	-0.0112297	-0.0128325	0.0621137	-0.0930953	0.00309377	0.0438495	0.0507174	-0.00645971	-0.0221263	0.0115435	-0.00197439	-0.0135139	0.0853495	0.00830839	-0.00578768	-0.0603348	0.103141	0.0892173	0.0153403	-0.16715	-0.0459953	-0.0347396	0.00260551	0.083599	-0.0747686	0.00738243	0.0612896	-0.0544785
8000000.0001	-0.0258851	0.0127563	-0.000767027	-0.0162154	0.00424865	0.0283926	-0.0566007	-0.0454908	-0.0686608	0.0114704	-0.0298115	-0.030508	0.0191509	0.0484843	-0.0957024	0.0363169	-0.0205212	-0.0399704	-0.038911	0.0476323	-0.0265533	-0.00676432	0.018627	0.0764411	-0.100974	0.0702013	-0.0493683	0.120562	0.0388044	0.088639	0.0146864	-0.0996355	0.00877856	-0.0395136	-0.0046356	-0.00162477	-0.0220717	0.0116551	-0.0375417	0.0032332	0.0542196	0.0236878	0.028006	-0.0666803	-0.0256842	-0.0780217	0.0375147	0.028799	0.0142926	0.0883049	0.132194	-0.0174677	0.00881718	-0.039128	0.0164593	0.0230405	-0.000832647	-0.0219621	-0.0495919	0.0748537	-0.0190288	0.0303914	-0.0890489	0.00670517	-0.0673844	-0.0993596	-0.0209681	-0.00520471	0.00762571	0.09322	0.0398281	0.0025257	-0.0624967	-0.0363736	-0.0187231	0.104226	0.0221669	-0.0143994	0.0708077	-0.0563877	0.00492182	0.0844354	0.0159628	0.0206215	-0.0428058	0.0129799	-0.0502037	-0.0473911	0.11855	0.019029	-0.0165172	0.0841415	0.0276916	0.00550416	0.0269256	-0.0595681	-0.026483	0.0417063	0.0130461	0.0305914
8000000.0001	0.0136533	-0.0456148	-0.107212	0.0444797	0.0426507	-0.00134948	0.0422884	-0.0146902	0.0344272	0.0376066	-0.000930411	0.0654811	0.0114201	0.0470167	0.0599524	0.0207969	0.0141589	-0.0147685	-0.086702	-0.0267665	-0.09061	-0.069926	0.063427	-0.0505616	0.0392488	0.065416	-0.0334848	-0.0295035	-0.0365472	0.0122983	0.000397777	0.0292249	-0.0230124	-0.0211648	0.0184998	-0.0832132	0.0684579	-0.0206685	-0.000156651	0.0901549	-0.0712142	-0.00668435	0.0806556	-0.0626746	0.0707641	0.0804019	0.0264888	-0.0778949	-0.0363909	-0.0408456	-0.0231872	-0.0617227	-0.0321765	-0.0277824	0.0853452	0.00943892	-0.0325253	-0.0684061	-0.0964741	-0.00580076	0.0286891	0.0162349	0.0335185	-0.106902	0.0177961	0.0335141	-0.0352677	-0.0889585	0.0223162	-0.0397999	0.00730253	-0.00117086	0.0452029	-0.014083	0.0831626	-0.0100509	-0.0106218	0.00894852	0.0421095	-0.017549	0.0274479	-0.020074	-0.0138481	0.0139674	0.0132708	0.0459304	-0.0706527	0.11097	0.0824729	0.00761679	-0.00120093	-0.0735483	-0.0124353	-0.00174605	0.0511982	-0.00880818	-0.0364452	-0.0596186	0.056118	0.0948836
8000000.0001	-0.0184306	0.00678663	-0.0859038	-0.00132157	0.0548516	0.0244557	-0.0477677	0.0171845	-0.0216084	-0.06897	-0.0972486	0.0826762	0.13166	0.0259423	0.00714069	-0.054351	0.0723764	0.0137341	-0.0478862	0.0509352	0.000618536	-0.0151306	-0.0423957	0.0185187	0.0088932	-0.11409	0.0546929	0.0505065	0.0560092	0.0150641	-0.0397421	-0.102124	0.0590159	0.145276	0.0154636	0.00627767	-0.0209164	-0.064583	-0.00596411	-0.0309976	-0.033331	0.0603061	0.0252105	0.0695539	-0.00673643	-0.0735322	-0.0328968	-0.0550708	-0.0265464	0.0236585	-0.0127009	0.0454701	0.0305373	0.048952	0.00938846	-0.0387474	-0.0660026	0.0529	0.029518	0.0102789	0.0310943	0.0289624	0.0696188	-0.0846874	0.0300603	-0.0736963	0.0229783	0.0623979	-0.0499029	-0.0230957	0.00676995	0.00724272	-0.0128462	0.034666	-0.0305776	-0.0439856	0.072345	-0.0140709	0.134281	0.0468016	0.0126925	0.0181956	0.0275532	0.00458882	-0.0619617	0.0257046	-0.0137954	-0.0286121	0.0644656	0.0667936	0.031667	-0.0113895	0.00573524	-0.00539289	-0.0456311	0.00198872	-0.00923843	0.00743774	-0.0292254	0.00715682
8000000.0001	0.0890512	-0.0512382	-0.0200962	-0.0187065	-0.0257227	-0.00427003	0.0618829	0.00377597	-0.00509235	-0.0287602	-0.0963312	0.0218947	-0.0292042	-0.0216111	0.0219401	-0.0486994	-0.0660038	0.135479	0.101553	0.0911846	-0.0529433	-0.0181515	-0.0817485	0.0659741	0.0895107	-0.0421081	0.0301028	0.00546997	-0.0791253	-0.0218327	0.0755299	-0.0325904	-0.0657398	-0.116681	-0.0537525	-0.0495908	-0.0308905	-0.0257796	-0.000387689	0.00387688	0.0113135	0.0394811	-0.0530734	-0.0618054	0.0497526	0.102101	0.0267717	0.0174355	0.0104759	0.0152884	0.0370764	0.0307772	-0.00901458	-0.00978668	0.0104339	-0.105574	0.00821259	0.0936563	0.0650071	-0.0260308	-0.0305283	-0.0363781	0.031711	0.0181714	-0.0292953	-0.058339	0.0123521	0.062248	0.0243673	-0.0764377	0.0780845	0.0631788	-0.038988	-0.0635025	0.0375798	-0.0466484	0.0332008	-0.0517711	0.0251322	0.140742	0.0132525	0.0989083	-0.0250824	0.00196514	0.0372848	0.14358	0.0571045	-0.0775203	-0.0280012	0.0250922	0.0991601	-0.0727103	-0.0206025	-0.0260328	-0.0311227	0.0207615	-0.0171185	0.0462389	-0.0381011	-0.103539
8000000.0001	-0.00544982	0.00202326	0.0313394	-0.143042	0.0222172	-0.0180648	-0.0318709	-0.00387456	0.082402	-0.0185935	-0.0447086	0.0337879	0.0132661	0.0107954	0.00157942	0.0656686	-0.0569969	-0.0396684	0.0347838	-0.0667997	-0.0819384	-0.0285847	0.0129737	0.0462456	0.0402764	-0.0471158	0.0241187	0.0743549	0.0628043	0.00850895	0.055456	0.0577134	0.0213491	0.0895754	0.073092	0.0560565	-0.0122162	-0.0726027	0.0882614	0.0366656	-0.0158343	0.0541629	-0.0588791	-0.0216511	0.0682358	-0.0933639	0.0733507	-0.053028	0.0514035	0.0507652	0.102967	-0.0145284	0.0337549	-0.0245465	0.0345228	0.0619016	0.00564715	0.0375013	-0.0179754	-0.0264916	0.118462	-0.0165577	0.0341046	-0.0281294	-0.00474624	-0.0869894	-0.00371733	-0.06171	0.054871	-0.0623815	0.0425881	0.0511763	-0.0543447	0.106207	-0.0407315	0.10788	-0.0484556	-0.0115354	0.00322003	0.0252205	-0.0195422	-0.0557163	-0.0469526	0.073188	0.116636	0.00239191	0.0691989	0.00338815	0.0423623	-0.0409496	0.0253263	0.0772576	-0.0203286	0.0885971	0.00789256	-0.0223994	-0.110356	-0.0742665	-0.060656	-0.0198042
8000000.0001	-0.00390767	-0.00101178	0.119647	0.00613734	0.0766843	0.00503527	0.0275197	0.00215921	0.0370898	-0.0141773	0.00194321	0.0576121	-0.0156193	0.0212557	0.00198898	0.00400074	-0.0265144	0.0134758	-0.0462433	0.0026639	0.0320246	-0.00858321	-0.0218093	-0.0590782	-0.0762025	-0.0330926	-0.0333883	-0.0394139	-0.0193448	-0.0531872	-0.0739126	0.00271146	0.00941026	0.0352066	0.0336133	0.0649407	0.0375704	0.00523809	0.0466127	-0.0380841	0.0571903	-0.162877	0.0831111	-0.0152646	-0.0599598	0.00150253	0.0432839	-0.0163591	-0.00344829	-0.016661	-0.0261562	-0.0291028	-0.014006	0.0764811	-0.000332541	-0.0387476	-0.00968725	0.0177352	-0.0899781	0.0406394	0.0860694	-0.0471808	0.073601	0.0107591	-0.0121267	-0.105255	0.0172977	0.0113767	0.0445134	0.0203315	0.00939374	-0.0312879	-0.0400759	-0.0139742	-0.00118133	0.0123677	-0.00867723	0.00990213	0.00329994	-0.0385168	-0.113259	0.067838	0.0639679	0.000172396	-0.0211582	0.0790709	-0.000268233	0.0179632	-0.122357	-0.0395572	-0.0468686	-0.0432419	0.0388382	0.0196673	0.106353	0.0239158	0.0148396	0.0353419	0.0459088	0.0233762
8000000.0001	0.00331937	-0.03411	0.109344	-0.0446046	-0.0821875	-0.0188405	0.152447	0.048705	0.0246136	-0.0438348	-0.0420583	-0.0304882	0.0551777	0.0247222	0.0914433	0.0502839	0.0210333	0.0746952	0.0174992	0.0538241	-0.0233095	-0.101819	0.00628567	0.00663635	0.0311537	-0.0430545	0.0320082	0.0117678	-0.101195	-0.0530637	-0.0830127	-0.00178259	0.00851514	-0.0230844	0.0560507	-0.0118814	0.120166	-0.081823	-0.0276727	0.0675532	-0.0125941	-0.0623646	-0.052664	0.0466067	0.0283247	0.0797511	-0.0596075	0.0172132	0.0327617	0.0165439	-0.00321968	-0.0406683	0.0227649	-0.0263045	0.0144894	-0.00539172	0.0943681	0.081722	-0.0816311	-0.0157125	-0.00523818	-0.00905719	-0.0132341	0.0440096	0.0317205	0.0166365	0.0776893	-0.0839006	-0.0832486	-0.0227424	-0.0172683	0.0496314	-0.00585182	-0.0292194	0.0196549	-0.0571384	0.00321473	0.132098	-0.0617204	-0.00407068	0.0372518	0.0170878	0.0891767	0.106824	-0.02465	-0.011931	0.0361231	0.0644152	-0.0942532	-0.110118	-0.043216	0.041841	0.073999	0.149407	0.0233048	-0.0309835	0.0273916	-0.045854	0.0437588	-0.0453869
8000000.0001	-0.0217269	-0.000160863	-0.0161697	-0.0418085	0.00176884	-0.0239073	0.0440069	-0.00739219	-0.0826114	0.0676912	0.0902096	-0.034481	0.00557692	-0.0862687	0.0576514	-0.0839957	-0.0129091	-0.0224515	-0.0585896	-0.0738444	0.0165848	0.071598	-0.0154932	-0.000536628	0.034985	0.0526038	-0.033377	-0.0700998	0.001747	0.0911769	-0.058601	0.000305954	0.142076	0.0762878	0.0175344	0.0882379	0.0273472	0.0856204	-0.0533832	-0.102618	0.0229562	0.0396609	-0.000439794	0.040403	-0.000502082	-0.0887212	0.0308123	0.0769411	-0.0467784	0.0649956	0.0418486	0.0729576	0.0777762	-0.0361638	-0.102571	-0.0107151	0.0553884	-0.0646076	0.0934966	0.0481225	-0.0809032	-0.0317414	-0.00472945	-0.00958818	0.00970438	0.0286323	-0.0785122	0.0831746	-0.0072138	0.0629691	0.0198082	-0.00937994	-0.0763024	0.105017	0.0280705	0.0101018	-0.0133245	0.11303	0.0987725	0.125475	-0.0121642	-0.0607588	0.0159076	-0.0322561	-0.000938146	0.00764934	0.0261265	-0.00539865	0.0749318	-0.0232617	-0.0581105	0.032827	-0.128314	0.0274921	0.0121843	-0.025015	0.00894884	0.000728166	0.0326449	0.0237721
8000000.0001	0.00909984	-0.0522213	-0.0704218	-0.119464	-0.0877422	0.115624	-0.0709873	-0.0192713	-0.0894152	0.101369	-0.0288021	0.0292352	0.00332599	0.0284368	0.063993	-0.0494742	0.0237112	0.0817311	-0.0422725	0.00231815	0.0808669	-0.116496	0.0013369	0.0479094	0.0986711	-0.0758681	-0.0764341	-0.0292492	0.0645173	-0.0165199	0.0374151	-0.0173927	0.136002	0.0875544	-0.00909641	0.0216725	-0.10399	-0.053711	-0.00795979	-0.0232749	0.00731538	0.0724768	0.0205895	-0.031841	-0.0666373	-0.0568791	0.0315608	-0.0649587	0.0128252	-0.0300185	-0.0524469	0.0106424	-0.0246732	0.0604004	-0.124105	0.0269892	0.0016417	-0.0052106	0.0681451	0.00880612	0.023037	0.0692362	0.00984321	0.0358857	0.0170052	0.0934481	0.000944225	-0.0810422	0.00276185	-0.0172887	0.0370137	0.0322162	-0.0312521	0.010969	-0.050512	-0.0742014	0.0393314	0.0314861	-0.0206992	0.0765585	0.0636441	-0.0128624	-0.058321	-0.00299704	0.0561397	0.0122431	0.0452552	0.051676	-0.150968	-0.0587058	0.000560455	0.0850468	0.0804805	-0.0146744	0.0206213	0.0463125	-0.101447	0.0367359	0.0475279	0.0398549
8000000.0001	-0.00513832	0.0882227	-0.0254056	0.107433	0.0391714	0.0218246	-0.0350194	0.00949569	0.0566681	0.0391206	-0.0815927	0.113829	0.00597407	0.0440829	-0.015306	0.10172	-0.0466701	0.143928	-0.0174427	-0.0713881	0.0259113	0.0232967	0.0847448	-0.0945757	0.0173367	0.0173608	-0.00409064	-0.00542469	0.0501484	-0.059089	0.00853294	0.0615541	-0.0753185	-0.0585038	0.0280997	-0.0107982	-0.0466058	0.0407103	-0.0925638	-0.0275237	-0.00409275	-0.129336	0.00611875	-0.0400044	0.0585985	0.0402935	0.0116901	0.0238164	0.0670719	-0.0359248	-0.0371402	0.0121565	-0.0355866	0.00293063	0.0102861	-0.0469825	-0.0410262	-0.0441117	0.0195161	0.0423839	-0.07042	0.0423419	0.0269137	0.00502297	-0.012645	-0.0542608	-0.00380271	0.0330037	0.070679	-0.0404516	-0.0618956	-0.0215104	0.12301	0.0826685	0.0526836	-0.0442243	-0.0499397	-0.0742442	-0.0145843	-0.0091104	-0.0144567	0.00507165	-0.0606587	0.0112451	-0.0488061	0.141838	-0.0941746	0.00290567	-0.0821124	0.0448509	-0.031037	0.0246543	0.0333042	-0.0544346	-0.0499944	-0.0133795	0.0582212	0.0825849	-0.000850051	0.11028
8000000.0001	0.00208361	0.0722965	-0.00530214	0.0703717	-0.0666221	-0.0721505	0.0528299	-0.0507785	0.113045	-0.02081	0.0253139	-0.0977301	-0.0522887	-0.031065	0.0698899	-0.00190819	0.0183428	-0.0888619	-0.0238089	0.00792646	0.05958	-0.120499	-0.0307056	-0.0414913	-0.0474242	0.0284299	0.0385658	-0.0750668	-0.0162773	0.0699427	-0.0682149	0.0696382	-0.0301006	-0.101446	0.0179428	0.0381658	0.0820771	-0.0131269	-0.0506865	-0.0904287	-0.103208	-0.0749575	0.0356866	0.026135	0.0239154	-0.0326584	0.00296454	-0.0374839	0.0331506	-0.0131691	0.0704076	-0.0352612	0.0188412	0.0434708	0.0508887	-0.0765363	-0.0494691	0.0642612	-0.122669	-0.0308348	-0.038251	0.033922	-0.0468875	0.0660896	0.0301308	-0.00227332	0.0474869	0.109713	-0.0869815	0.0058312	0.0107629	-6.01062e-05	-0.0653673	0.0330164	-0.0150356	-0.00157956	-0.169556	-0.0429812	-0.0368728	-0.0273195	-0.0392696	0.138539	-0.0902884	-0.051424	0.0458558	-0.01983	-0.0212826	-0.0960636	0.0834119	-0.0214119	0.0160864	0.0744745	-0.0377221	0.0455097	0.0876474	-0.0128259	0.0626508	0.0440887	0.0555011	0.0135379
8000000.0001	0.0054556	-0.132413	0.0166834	0.00417227	0.121553	0.103842	-0.0176589	-0.068502	-0.0250106	0.00831629	0.115179	-0.00430948	-0.0147339	-0.015275	0.0134862	0.0435357	0.0974466	-0.00347653	-0.0339125	-0.0901943	-0.0431885	0.0412369	0.102625	0.0272251	-0.00658351	-0.130864	-0.0148618	-0.0194194	0.010568	-0.0112716	0.0677574	0.0645385	0.0918858	-0.0700543	0.0797992	0.0162191	0.0559015	-0.00861919	-0.0341946	0.0424709	-0.01402	0.0123314	0.0421511	-0.0513467	-0.00711183	0.134634	0.0578874	-0.0180557	0.000825454	-0.0442181	-0.0576853	-0.0260507	-0.0467355	0.0363016	0.018989	-0.0222705	0.0366695	0.0531189	-0.0519012	-0.00322724	0.0139886	0.0503916	0.0249038	-0.065404	0.000101676	-0.00295116	-0.0422644	0.0224529	-0.0258571	0.120042	-0.0340607	0.00787628	-0.00155541	-0.0264514	0.0416974	0.0799546	-0.0599382	-0.00525588	0.108904	-0.0685263	-0.0443966	-0.0202838	0.00382084	-0.0215647	0.0439416	0.0807634	0.135023	-0.0162557	-0.0192795	0.108085	0.0576043	-0.106612	-0.0343806	0.0832733	0.0618207	-0.0754481	-0.0129433	-0.0181438	-0.0277212	0.120138
8000000.0001	0.0347576	-0.0666092	0.036433	0.0180266	-0.0598978	0.0760478	-0.0860477	0.0273574	-0.0322831	0.00867022	-0.124323	-0.0983319	-0.0762401	0.0138342	-0.0297564	0.0595239	-0.0554965	-0.0452794	0.0307548	-0.0217796	-0.00557357	0.00125238	0.00549972	-0.0226427	0.0858021	0.0307956	0.0303764	-0.0705102	-0.0919356	0.0043002	0.0562631	-0.0386397	-0.0340055	0.0394357	-0.0362653	-0.0459016	0.00567152	0.0139372	0.00329885	-0.0656161	-0.0398109	-0.0598693	0.0208146	0.0504806	-0.0451114	-0.0347365	-0.0516988	0.0726887	0.00719101	-0.0321726	-0.0229856	0.0662841	-0.0816504	-0.00413866	-0.0432296	-0.0262753	-0.0313802	-0.0135516	0.0450715	0.023619	-0.0347305	-0.0676767	-0.0353445	0.0106159	-0.00651638	0.0485231	-0.00529416	0.0524984	-0.0399447	0.0264283	0.0389382	-0.0769728	-0.000572138	-0.0390904	0.12674	0.00602923	0.0215319	-0.0766795	-0.0191339	0.0388179	0.00136157	-0.0105463	-0.0108231	0.0233491	-0.12576	0.0112004	-0.0277148	-0.0471025	0.0674641	-0.0594272	0.00474661	-0.0519358	0.0732656	-0.0438595	-0.00241675	-0.0400579	0.00473977	-0.0554005	0.0127955	0.0305142
8000000.0001	0.17825	0.102046	0.0358457	0.00981994	0.0489669	-0.0620092	-0.0643445	-0.0815388	-0.0441726	0.0793224	0.038104	-0.0487998	0.109987	-0.0669789	0.0937584	-0.0214724	0.0629895	-0.115127	0.063726	-0.00259495	-0.0479689	0.069401	0.0806868	0.0189927	0.00728022	0.0140889	-0.00390749	0.105071	-0.0807615	-0.110258	0.0394178	0.0203734	-0.043336	0.053901	-0.0780793	-0.00585988	-0.0358669	0.00801718	0.1292	0.0254086	0.0616603	-0.0517423	0.0759098	0.0215215	0.0261994	0.087572	-0.0615415	-0.0633634	0.0678424	0.00871745	-0.050091	0.0414682	0.0420449	-0.0546627	-0.0165473	-0.0194185	-0.045236	-0.00812544	-0.117667	0.0433843	0.0168492	-0.0195859	-0.0789358	0.0996413	-0.0112336	-0.038337	0.0281407	-0.00683808	-0.0683902	-0.00751862	-0.0120844	0.0526251	0.0883381	0.0254404	0.0488343	-0.00218244	0.0337548	-0.0407189	-0.0615775	0.03492	-0.0264536	0.0150791	0.00436584	0.0161696	0.00627154	0.0682337	-0.0452038	-0.0343436	-0.0169673	-0.0541196	0.0359634	-0.0638293	-0.140866	0.016873	-0.00678308	-0.0221251	0.0133667	-0.00142096	-0.0736453	0.0153014
8000000.0001	0.0101813	0.0316862	0.0191764	0.104775	-0.00107896	-0.022344	0.0598944	0.0205513	0.0416034	-0.00732551	0.0708338	0.0413274	-0.0317916	-0.0367473	-0.0376144	0.0556012	0.043086	-0.0192733	0.0808182	-0.0458795	0.0599541	-0.0854754	0.0835833	-0.0594466	-0.0543753	-0.00267308	0.0584421	0.0680128	0.101838	-0.0933572	0.00850634	-0.223086	0.0198564	-0.041025	0.0820587	-0.123263	0.0226717	0.144194	0.00663787	0.0348432	0.0130357	-0.108623	0.0300346	0.000745038	0.00392475	-0.0816802	0.0805765	-0.00868166	-0.0179923	0.0116891	-0.0301542	-0.0666692	0.149935	0.0752951	0.0522993	0.027161	0.0404046	0.0245466	-0.0507087	0.0549038	-0.0245841	0.0578462	-0.00925811	0.0159205	0.0313114	-0.014167	0.0200058	0.0733413	-0.0647455	-0.018367	0.0107059	-0.0249196	-0.105539	-0.107182	0.00467296	-0.067536	0.0479819	-0.0284401	0.0790472	0.032766	0.0438012	-0.0495099	1.27398e-05	-0.0201399	-0.0276803	-0.00286107	-0.040265	0.0352122	0.00223897	0.0181293	0.00464216	-0.0234073	0.0277614	-0.023233	-0.0105009	-0.0975301	0.0451535	-0.0217347	0.0174215	0.032658
8000000.0001	0.0584725	0.0994647	-0.016351	-0.0819581	-0.0947893	0.00173228	-0.00019755	0.0979184	0.00372711	-0.0575375	0.00785475	0.0142742	-0.0256269	0.183705	0.038695	0.0438797	0.0681211	0.0896989	-0.0126788	0.116594	0.0105736	0.00468164	-0.0738169	0.000304949	0.160376	0.0945688	0.0267334	-0.0682897	0.0369786	0.0427285	-0.108669	-0.0192377	-0.0191839	0.00653281	-0.0594652	-0.00377457	-0.04916	0.0418729	-0.0265192	-0.0154562	-0.0605876	-0.0310967	0.128993	-0.095594	0.00548124	0.0563506	-0.0167672	-0.0343345	0.033937	-0.127222	0.0871833	0.0565293	-0.01515	-0.0917749	-0.0408975	-0.116429	-0.00982426	-0.00344991	0.00287019	-0.041143	0.130312	0.070895	0.1055	-0.0137343	-0.0610755	0.128455	-0.0139452	0.0312079	-0.0192902	-0.0302787	-0.0206531	0.0110408	-0.0334347	0.016475	-0.0282361	0.0316195	0.0406085	0.0122103	-0.0241068	0.050227	0.0238982	0.00625289	0.0582422	0.0365485	-0.0339111	0.0783967	0.0370896	-0.017163	-0.0651207	-0.00770796	0.0555868	0.038826	0.0763144	-0.00696089	0.0662473	0.048341	0.114355	-0.0442204	-0.0655606	-0.0394931
8000000.0001	-0.0273615	-0.0475691	0.0646563	0.0909885	0.109853	0.0214345	-0.0773003	-0.0552486	0.0306593	0.0127683	0.0532587	-0.0345331	0.0458473	-0.0712955	-0.0386625	-0.0272727	-0.0320645	0.0158131	-0.0856362	0.029439	-0.0286259	0.0696139	-0.0154495	0.0307061	-0.075073	-0.00207933	-0.00234007	0.120744	-0.0184401	0.0261097	0.0166516	-0.0192923	0.032358	-0.0725423	0.0797715	0.0373698	0.0133088	-0.0313565	0.0239618	0.0551344	-0.086979	-0.0675927	0.0792603	0.00707428	0.00716669	0.0355513	0.00777201	-0.0480605	-0.0667665	-0.0653909	0.101409	-0.037047	-0.0378082	-0.00451979	0.0091625	-0.093194	0.00733869	0.121797	-0.0481611	0.103131	-0.0700781	-0.00925271	0.0855853	-0.0592202	-0.0283669	-0.0427057	-0.0241277	-0.150682	-0.0609778	0.0189655	0.00743841	-0.077946	0.0747366	-0.0658138	0.0118409	0.00580935	0.066829	0.0751694	-0.114891	-0.0478421	-0.00108238	-0.00957191	-0.0209159	0.0664796	0.0140491	0.0120852	0.0129956	0.00179661	0.0063517	0.029989	0.0327503	-0.0452497	0.0251394	-0.00356876	-0.0207393	-0.125246	0.0143663	-0.00581301	0.00295702	0.0973715
8000000.0001	0.0478775	-0.0204269	-0.045812	0.0261586	0.0238831	-0.0962155	-0.0687455	-0.00662211	0.0723847	-0.0025858	-0.0219951	0.0188508	0.0465422	0.0771256	0.0296976	-0.0553109	0.0774254	0.00348318	0.0100083	-0.0424971	-0.0427483	0.0378956	-0.0279262	0.0276811	0.0868074	0.119535	0.0666997	-0.0280159	0.0398262	0.00213828	-0.136189	0.0105023	0.0198441	-0.0636278	-0.0241735	0.0302125	0.0462828	0.0315895	0.00448475	-0.0498697	-0.0133308	-0.00379382	0.0521417	-0.0187753	-0.0803373	-0.0625202	-0.0357054	0.0675241	-0.0485138	-0.00726956	-0.0168258	0.0132187	-0.0169121	-0.0156196	0.00140268	0.0176498	-0.000760527	0.0105402	-0.107031	-0.00753629	0.0963701	0.0284934	0.0545524	-0.000364486	0.0189393	-0.0173322	-0.125857	0.0343665	-0.0355557	0.00662759	-0.0390696	0.0362579	-0.0956133	-0.0579362	0.0141222	0.0403362	0.0612262	-0.0696472	-0.0530746	0.0292311	-0.015763	0.0440756	-0.023682	0.041335	0.0875335	-0.0188062	-0.088084	-0.0366988	-0.0135194	0.0179138	0.0337381	0.058551	0.0359419	-0.0860864	-0.12546	-0.0449354	0.0811323	0.0406203	-0.0818311	0.0341379
8000000.0001	-0.044769	-0.0759535	0.109507	-0.0667257	0.0796177	-0.075954	0.0152693	-0.0425821	-0.0286043	-0.0388292	-0.07289	0.0373842	-0.121726	-0.00295461	0.0908575	0.0524474	-0.0224318	-0.00421958	-0.0611569	0.0471529	0.0198687	-0.0706538	-0.0975968	0.0185582	-0.0268471	0.015323	-0.0466434	0.00240842	-0.0320703	0.00229363	0.13344	-0.0322281	-0.0558825	-0.0775236	0.029302	0.073638	-0.0486346	0.0488146	0.0508397	-0.00852416	0.075248	-0.038189	0.0490123	0.00709838	0.0036597	-0.0423302	0.022483	-0.0581301	0.0394224	0.0348628	0.0377193	0.030315	-0.0146735	0.0635178	0.00388774	-0.0213455	-0.0380837	-0.0507105	-0.107049	0.0483836	-0.0180872	0.0496762	-0.00890968	0.0417053	0.0591274	0.00553485	0.00563273	0.0518522	0.0283836	0.0674515	0.0161132	-0.0754386	-0.0391651	0.106383	-0.00412796	-0.0576497	-0.0110921	0.0161895	0.0120738	0.0118523	-0.0155436	-0.0273816	-0.0965722	-0.0322703	0.0408193	-0.0488483	0.0402143	0.077482	-0.113456	0.0998476	-0.0113311	-0.131885	-0.0356573	0.0756186	-0.093263	0.0323184	0.0531451	0.0177887	-0.0764326	-0.0013474
8000000.0001	-0.00617793	0.0548513	0.0109062	-0.039152	-0.0465532	-0.0459977	-0.00466444	0.0192233	-0.00534095	0.0127049	0.0348694	0.0689608	-0.0801204	0.0474387	-0.0344178	-0.044094	0.0195617	0.0164214	0.0357591	0.00464315	-0.0394501	-0.00940262	-0.016469	-0.0433982	0.0853779	0.0453529	0.0245837	0.116165	0.0602749	0.0302283	0.15923	0.0315101	-0.0153085	0.0172695	-0.0198212	-0.0549374	0.00090691	0.00501972	0.0152263	0.0202155	0.0469421	0.0298602	0.0929925	0.00722269	-0.0932143	-0.0866804	0.00753813	-0.0352073	-0.0428624	0.0493453	0.000692334	0.0157094	-0.0105964	0.0173048	0.055497	-0.0655827	0.0340593	-0.035991	-0.0605745	-0.0629036	0.00607145	-0.0264374	-0.0668903	-0.0704244	0.0332588	-0.0657432	-0.0217734	0.086354	-0.0168822	-0.0392803	-0.0198726	0.0307017	-0.0117938	-0.0991526	0.0591558	-0.0463118	0.0650484	0.0115879	0.0837031	0.0719468	0.024355	0.0890912	0.0860584	-0.0187899	0.0381582	-0.0415909	-0.107264	0.00570416	-0.165963	-0.0594401	0.0422399	-0.0407858	0.11737	0.0628667	-0.00688244	-0.0714715	-0.0611733	-0.0898179	0.056818	0.0688269
8000000.0001	-0.0254463	-0.0109736	-0.0246214	0.0337843	0.0145212	-0.0475292	-0.000627326	-0.0876964	0.0401087	-0.021509	0.0665555	-0.0192001	0.0231766	-0.0841864	-0.00997664	0.0105811	0.014431	-0.00468984	0.0611538	0.0149664	-0.0963077	-0.0629396	-0.0815399	-0.0660512	0.0749506	0.0311282	-0.0329649	-0.113126	-0.0569874	-0.0301274	0.066518	-0.00124235	-0.0165337	0.0610248	-0.0430569	-0.0822835	0.00895652	-0.0260166	-0.0300803	-0.109803	-0.0593012	-0.0101137	0.0304222	0.0591368	0.036715	0.00507268	-0.0627152	0.0109374	-0.031281	0.0124747	0.0457717	-0.048779	0.00371977	0.0472892	0.0835908	0.0654177	0.0187889	-0.0535658	0.0782418	-0.0699139	-0.0327475	0.102322	-0.0252389	-0.0374706	-0.00491558	0.0750424	-0.122833	-0.0793494	-0.0866083	-0.000738784	-0.0288294	0.0502407	-0.147568	0.0657701	-0.00692019	-0.0874396	0.0403807	-0.0376763	0.0258846	-0.0291437	-0.0225197	0.0401058	-0.0197743	-0.00985945	0.0158466	0.0308128	-0.110448	-0.0166187	0.0622909	0.0232174	-0.0123684	0.0376364	0.0562696	-0.0416415	0.0708899	-0.0991859	0.072977	-0.0111594	0.0250104	-0.0418088
8000000.0001	0.0106913	0.0896891	0.0287514	0.0266589	-0.0402062	0.0720185	0.018736	0.0481926	-0.0204849	-0.0597153	-0.046301	0.0328573	0.0668896	0.0573943	-0.0138829	0.0202485	-0.0470867	-0.0012134	-0.0159259	-0.0365614	-0.0734259	0.0846112	-0.0243682	0.0013661	0.0779185	0.0133105	-0.0290881	0.136702	0.0942958	0.0176136	0.0432699	0.00705831	0.0184799	-0.0346458	-0.00443926	-0.0321384	0.0969167	-0.0667481	-0.0820587	-0.0224312	0.0668423	0.0192787	-0.146898	-0.000426378	0.0209619	-0.122828	0.0939416	0.0374078	-0.0335531	0.0205488	-0.0472645	0.0488337	-0.0842812	0.0743229	-0.0134295	-0.0377467	-0.0200891	-0.045703	-0.0279105	-0.0163097	-0.000391053	-0.00226673	0.0362725	-0.0073918	0.0394239	0.00405115	0.0179551	-0.0402173	0.099294	-0.0219155	-0.0938631	0.00742701	0.0306919	-0.0532137	0.0574254	-0.0984464	-0.00737904	0.0288277	0.00916852	-0.0251084	-0.0748995	-0.0171991	0.00473308	0.0612814	-0.0825759	-0.0337388	0.0356038	0.0575085	0.00743136	-0.0248837	-0.0434795	-0.0465551	0.00898906	-0.0695018	-0.00567855	-0.00765311	-0.111375	-0.0762113	0.08019	-0.0904273
8000000.0001	0.0469485	0.0446314	-0.0228729	0.0952895	-0.0115658	0.0428899	-0.00954072	0.0696634	0.028661	0.0545903	-0.0494581	-0.0118416	0.158689	0.0616541	-0.0677743	-0.0399907	0.00220235	0.0143624	-0.0141361	0.0539168	-0.0249507	0.0588635	0.0718331	0.0957516	0.0195866	0.060184	-0.0821285	0.0435206	0.0247314	0.00382428	0.10678	-0.0427977	0.0259466	0.0256083	0.02348	0.0133394	0.0927594	0.0410569	0.0411629	0.0611435	0.0253269	-0.0432944	0.0419696	-0.0975579	-0.0199265	0.100269	0.00028883	-0.0365508	0.0932894	0.0604092	0.126119	0.0638629	0.0703367	-0.057883	-0.0374751	-0.0247707	0.015177	-0.0669373	0.00279498	0.0281678	-0.0349304	0.0841253	0.0574647	-0.0067435	0.0277132	0.0477881	-0.00737264	-0.0184368	-0.0568343	0.01109	0.00924299	0.130035	-0.0267944	0.0727218	-0.00807207	-0.0307135	0.0409696	-0.0409273	0.000558812	-0.0355223	-0.0156062	0.0761706	-0.0164105	0.015614	0.02351	-0.0151386	-0.0688899	-0.0560464	-0.0784154	-0.016187	0.0504283	-0.0080164	0.215074	-0.0730502	0.103169	0.00618261	-0.00377525	-0.0531305	0.0169972	0.0511161
8000000.0001	-0.0612756	0.0604292	0.0519582	-0.0736214	-0.0450684	0.0531219	-0.0748379	-0.0253865	-0.0854463	0.0407083	0.0163748	-0.0288702	-0.0248703	-0.0667176	0.0255344	0.040087	-0.00169667	-0.0641256	0.021889	0.00639626	0.0146894	-0.128707	0.0729602	-0.0422978	-0.125775	-0.0836588	0.0598521	0.0358163	-0.0198451	0.0264196	-0.114513	0.00185738	0.00989615	0.0250813	-0.0753797	0.012101	-0.0618444	-0.0320156	-0.0522818	-0.0523986	-0.0432304	0.0444462	-0.0240039	0.0955503	0.0379776	-0.0347394	-0.00180866	0.0344714	0.0258768	-0.0168699	0.0156396	-0.00848056	-0.048341	0.0783122	0.00749043	0.0268889	-0.0107046	-0.00654323	0.00838445	-0.0516682	0.0360499	0.0396541	-0.105463	0.0431521	-0.0160235	0.016758	-0.0591471	0.0757399	0.0225713	0.00700792	0.148004	0.0331644	0.105154	-0.000155111	0.0350846	0.0277313	-0.00219637	-0.0433182	-0.00676793	0.0548223	-0.0113899	-0.0856113	0.00802384	-0.0471259	0.0662911	3.0322e-05	0.09992	-0.00928465	0.0848231	0.034336	0.0206177	0.0214864	0.0747704	-0.0280785	-0.00490823	0.0561677	0.0642724	-0.0535063	-0.0781647	0.119126
8000000.0001	0.0140617	0.0683618	-0.0643503	-0.123506	0.0295444	0.0177504	0.115389	-0.0198067	0.0638476	0.115541	-0.000429436	0.0470911	-0.0388672	-0.066349	-0.00955395	0.0235612	0.0844685	0.0165028	0.0306724	-0.066008	0.0353778	0.0589267	-0.0030448	0.0759094	-0.0141167	0.117511	0.0225032	-0.0157398	-0.0396431	-0.0869632	0.010991	-0.0029615	0.0777509	0.00420484	0.0168762	-0.0213507	-0.012546	-0.114538	-0.0176518	0.0775651	-0.0477021	-0.0252549	0.0464559	-0.135422	0.0343444	0.0136132	0.057246	-0.0278615	0.0110728	0.0578003	0.019876	0.133892	0.0109108	-0.0475648	-0.0542491	0.0020104	-0.136635	-0.0880446	0.01529	0.0669321	-0.055576	0.0250925	0.00142946	0.0648015	0.139611	-0.0274022	0.142425	-0.04017	-0.110346	-0.0160457	0.0207191	0.0267826	-0.00673845	-0.00519988	0.0178605	0.0508294	-0.0860536	0.0207472	-0.0728434	0.0183726	0.0471381	-0.0796245	0.0146171	-0.0363364	0.0488366	-0.128979	0.0111929	0.0101648	-0.057981	-0.0424763	-0.0100578	0.0213243	-0.0248955	0.0299163	-0.0287127	-0.0141889	0.00466393	0.00106737	-0.0729897	0.0928801
8000000.0001	0.0281908	0.0594911	0.000819671	-0.0250453	-0.0655272	0.0515116	-0.0128905	0.0282401	0.0335709	-0.0454778	0.0127496	-0.0251712	-0.0512988	-0.0312589	-0.0241455	-0.124024	0.0448598	-0.00339677	0.0428051	-0.0240009	0.0173219	0.0366251	-0.0324785	0.0537471	0.00140505	-0.00226334	-0.0160298	-0.00547842	0.012978	-0.0525468	0.00032147	-0.0435744	0.00505317	-0.00963825	-0.0286295	0.0502956	0.0932379	0.00913486	0.0313598	0.0297781	0.0457814	0.0348473	-0.0658382	0.0703984	-0.053558	-0.0304242	-0.0201543	0.0683883	-0.0897565	-0.0683437	0.00982814	-0.0609808	0.0674813	-0.0367461	0.0386878	0.0913266	0.0409742	0.0934405	0.127387	0.0433054	0.0770824	0.0489032	-0.00835102	0.0297016	-0.00481499	-0.020421	0.00380943	-0.0345866	-0.00313154	-0.0643597	0.0237096	-0.0610202	-0.00516744	-0.0361784	0.0429244	0.0321832	-0.0186943	-0.0401826	-0.0420138	0.0307616	0.0539406	0.084212	-0.0496299	-0.0521494	0.0607183	0.0297061	0.092657	0.0127562	-0.00914084	0.0293522	-0.0672048	0.0212663	0.00579938	-0.0119817	0.126681	-0.018532	0.0124704	0.024606	-0.016387	-0.0567497
8000000.0001	-0.0369992	-0.0734995	-0.011887	-0.112461	-0.0480964	0.0813717	-0.0719257	0.042149	-0.0538858	0.0381829	-0.0637171	-0.05114	0.00516867	-0.0542844	0.0151139	0.0566145	0.0913329	0.0258067	-0.0317011	-0.0380309	0.0344594	-0.0591992	0.0245388	-0.00705216	-0.0531971	0.0123303	-0.0683964	-0.135748	-0.0587778	0.0546516	-0.0575949	0.0220034	0.0967972	-0.0291007	0.0524158	0.0791411	0.0497962	0.0864385	-0.0555408	-0.026762	0.0317563	0.0232984	0.0611357	-0.030167	-0.0570729	-0.0136897	0.0618223	0.0482908	0.0442744	-0.00855261	0.0139626	0.0207934	-0.00748007	0.0324868	-0.00370932	-0.0025001	-0.0572138	0.00767146	0.0275239	0.000157936	0.0156398	-0.0711016	-0.0328217	0.0382079	0.00285205	-0.100838	0.0231857	0.0650762	0.0594267	-0.016839	0.0260456	-0.0212376	0.0300514	-0.0576655	-0.119541	-0.00253539	-0.015694	-0.0158661	0.0988315	0.000141228	-0.0365428	0.0278431	-0.0470483	-6.57673e-05	0.0396702	-0.0456622	0.00190108	-0.0521585	0.105415	-0.0210908	0.0528491	0.00505111	-0.0266901	0.0125471	0.0375777	-0.00418395	0.0281448	-0.00257596	-0.00988779	-0.0387646
8000000.0001	-0.0238968	-0.040854	-0.0467728	-0.0194117	-0.0338812	-0.0181357	-0.0602279	-0.0151889	-0.0169506	-0.00110076	0.0290282	-0.0664353	-0.0345686	-0.0303961	0.0512802	-0.0285655	-0.0149969	-0.0311504	0.0564517	-0.0077798	-0.01809	0.00703005	-0.0216525	0.00460084	-0.0362613	-0.0277407	0.0181655	0.0448181	0.0264884	0.0670908	0.0478494	-0.00189994	0.00690755	0.0861285	0.00579104	0.00236525	0.0672565	0.0537433	-0.120625	-0.0543925	0.087252	-0.0593246	0.00220674	-0.0343528	-0.0962827	0.0187092	-0.0624397	-0.026279	0.0529877	0.052502	0.027591	0.0183964	0.131089	0.0647835	-0.013229	0.0566066	-0.0205603	-0.076585	0.0873667	-0.0182823	-0.0708217	-0.0196295	-0.00425831	-0.082925	-0.0211551	-0.00211176	-0.0572668	0.0223871	0.00318868	0.0814255	-0.00473573	0.0294387	0.110703	0.0347213	0.117423	-0.075072	0.0417359	-0.0470209	-0.0568824	0.0266728	-0.0622133	-0.0165305	0.0277752	0.0215703	0.00799834	-0.00825348	0.0103111	-0.0778344	0.0199734	-0.0248793	-0.0206477	0.0159734	0.135947	0.0289999	-0.0191534	-0.00729296	0.0114937	0.0493513	-0.0096185	-0.0689598
8000000.0001	0.0826668	-0.0371878	-0.0101426	0.0190881	-0.0744957	0.0193523	-0.0129777	0.0304105	0.0498718	-0.0367611	0.0396842	-0.0483269	-0.0916838	0.0446392	0.0613319	0.0209624	-0.0426671	-0.00586903	-0.0292143	-0.0543767	-0.0405452	-0.0377925	0.104313	0.0925686	-0.0126588	-0.0528769	-0.0550491	0.0788087	-0.0160607	0.0382623	0.094374	0.0381439	-0.0793751	0.0877432	0.0444412	0.0286256	0.0113882	-0.0286357	0.0165377	-0.055458	-0.0294365	-0.157916	0.0711169	0.000777962	-0.00672457	0.0457628	-0.0636633	-0.0355463	-0.071379	-0.0649478	-0.0361491	0.0168945	0.00517452	-0.0496844	-0.0356785	-0.00163876	0.00657379	0.0180059	-0.0302458	0.0380907	0.0471626	0.0408587	0.0705413	-0.0569607	-0.0241782	0.0868971	-0.0743377	-0.0523849	-0.00550105	-0.0572204	-0.0041204	-0.157113	0.0507812	0.00246678	0.00921768	0.00463939	-0.0541225	-0.0236139	-0.0233324	-0.0272316	0.0564149	0.0998845	-0.0252168	0.0183135	0.0137319	0.120996	0.0484991	0.0940691	-0.039647	-0.0417403	-0.0525282	0.0107468	-0.0187494	-0.0920973	0.0486152	0.0142336	0.0257966	0.0155029	0.00744653	0.0368754
8000000.0001	0.00624796	0.0614064	0.0597748	0.0917279	-0.0648207	-0.102633	0.0136037	-0.0322628	-0.0798442	-0.00205216	-0.0113931	-0.00555291	-0.0525453	0.0543508	-0.0282248	-0.00920131	0.00845349	-0.0267961	0.00126233	-0.00403269	0.0679735	-0.0233959	-0.0717387	-0.00890186	0.0126435	0.0342818	0.0175713	0.0925782	0.0206962	-0.0198466	-0.0218456	0.0811975	0.155129	0.0406553	0.0475386	0.0655762	-0.123792	-0.0076735	-0.0394193	-0.00447012	0.0167443	-0.092612	-0.033313	0.0139916	-0.0686022	0.0168673	0.0440755	-0.0410175	0.0616633	0.0408818	0.0278852	-0.0276075	0.101134	-0.0467657	0.0176217	0.0754332	-0.0468789	0.0660607	-0.095211	-0.0294799	0.0720615	0.082308	-0.0335335	-0.0626142	0.0108461	-0.00716778	0.00780957	-0.0650887	0.086298	-0.0428709	0.000517286	0.0576701	-0.0218295	0.00058867	0.0264717	0.0497774	0.0958713	0.0332144	-0.0671067	0.157435	0.00717201	0.023913	0.0209705	-0.048665	0.0656124	0.0601693	-0.00100845	0.0558512	0.0366716	0.103875	0.0401169	-0.00123244	0.0263451	0.106215	0.00771449	-0.0339147	-0.0496288	0.067159	0.0562756	-0.0133421
8000000.0001	0.0491943	-0.0679339	-0.0172212	0.0289145	-0.139449	-0.0441831	0.00677939	-0.0520464	-0.0252546	-0.0253023	-0.0420869	-0.0598662	0.0380033	0.0437362	0.0552265	-0.0788005	-0.0930659	-0.0397919	-0.0794009	-0.0335856	0.0995665	-0.0159957	0.0471023	0.0704144	-0.0479873	0.0126213	0.0133559	-0.114303	-0.0396771	0.0178605	-0.0613738	-0.000196563	-0.0624685	-0.00476759	0.0986179	0.0319183	0.016262	0.0729685	0.0262063	-0.0292301	0.046591	0.0862986	0.0442376	0.0175453	-0.0791698	0.0189006	0.0672747	-0.0149261	-0.0358584	0.0581831	-0.0149411	-0.055262	0.0335058	0.0285512	0.121403	-0.0232478	-0.0157202	-0.0223805	0.0480582	-0.00133606	-0.0014259	0.16333	0.00186425	0.0661769	-0.00443661	-0.0598725	-0.0242777	-0.00544332	-0.0642417	0.0456682	0.133716	0.0563855	-0.0737083	0.0204643	-0.0162148	0.0507905	0.0794216	-0.0521125	0.0153668	-0.0376999	-0.0888452	0.0206347	0.116403	-0.0603874	-0.140568	-0.0445478	-0.105362	0.00723457	-0.111987	-0.0378859	0.0200453	-0.0204783	-0.0893643	0.0549464	0.0220129	-0.0288396	0.00978057	-0.116234	0.0309996	-0.0172219
8000000.0001	0.0264216	-0.00193504	-0.0838705	-0.020261	-0.0372365	0.129546	0.052665	-0.0539407	-0.0522986	0.0118293	0.0780742	0.00560607	-0.0516004	-0.00784866	-0.0155459	-0.0214277	0.00862343	-0.0509702	0.0278539	-0.0436172	-0.0327462	0.0416284	0.0793891	-0.0470223	0.00681661	0.045213	0.112912	0.0286472	-0.000500322	-0.0343746	0.0674573	-0.0222736	0.0546468	-0.0125313	-0.00237965	0.0659745	0.0206508	-0.0296859	0.0371555	-0.0589629	-0.0244912	-0.0246996	-0.049268	0.0959866	0.000231711	0.0794362	-0.0407139	0.0307849	0.0778194	0.00985165	-0.0454962	0.0748967	-0.00478294	-0.0123327	0.0933853	-0.0386348	-0.0365566	0.0492961	-0.0156768	-0.0053144	0.081419	-0.0461885	0.0320975	-0.0569967	-0.0054095	0.190788	-0.00522391	-0.0432439	-0.0544591	-0.0180602	0.027661	-0.0436792	0.0722613	-0.0237057	0.0273688	-0.0241528	0.077518	-0.0056358	-0.0413669	-0.0256762	0.0126087	-0.076863	0.002971	-0.123884	-0.0656543	-0.013529	-0.0698837	0.00603214	0.0570167	-0.0358198	-0.0625265	0.0511865	-0.00730258	0.0204094	0.0369506	0.0437055	0.0309218	0.0534379	0.0622373	0.0422091
8000000.0001	0.0144323	-0.0303802	0.0298096	-0.0656831	0.0218395	-0.00128898	0.109801	-0.000564258	-0.0138915	0.0375027	0.038919	-0.0786231	-0.0179886	-0.0952468	0.0936019	-0.0563958	-0.00885775	0.0254744	0.0401937	-0.0246145	-0.0450875	-0.008033	-0.00348261	-0.0779322	0.0958579	-0.0171377	0.0457716	-0.0197099	0.14563	-0.109824	-0.00522205	-0.0382067	0.0608303	0.0443684	0.0191093	0.0105822	0.0252894	-0.0142688	-0.0545094	0.000993233	-0.0203667	0.0698985	0.000810624	0.0138521	0.0357181	-0.0417667	-0.0678092	0.0277927	0.0117129	-0.0541958	0.0745466	-0.00134595	-0.0274852	0.0273102	-0.0705765	0.0266693	-0.0444755	-0.0168255	-0.032461	-0.0371876	-0.0814204	0.0527917	0.104289	-0.0692074	0.115691	-0.0961759	-0.0110818	-0.0314574	-0.0106878	-0.0735723	-0.0897594	-0.0685284	-0.147272	0.00655998	-0.127488	-0.0625669	-0.0120438	-0.00309611	0.0232206	0.0392945	0.0032877	0.0382281	-0.0869285	0.00502861	-0.0066824	-0.0706256	0.0185855	-0.103338	0.017438	0.0809572	-0.0757486	0.0696096	0.00831593	0.00301506	-0.0102139	0.0918555	0.053464	-0.126251	-0.0296977	-0.0761473
8000000.0001	-0.0534222	0.0916022	-0.0065831	0.00658585	0.138921	0.0503928	-0.0863351	-0.0312801	0.00582782	0.038448	0.0281427	0.072117	0.043839	-0.00167799	0.0249561	0.128844	-0.0546095	-0.0275142	0.01355	0.0399848	0.000750157	0.0227879	0.0348749	-0.0912525	0.0344799	0.0215758	-0.00832814	0.104995	-0.0986084	0.0203119	-0.0626729	-0.057238	0.0455469	-0.0809684	-0.0142117	0.0360114	-0.0707778	-0.0205507	0.0103689	-0.0829812	-0.00912382	-0.0689388	-0.0320817	-0.014041	0.0886521	-0.0698575	0.0164553	0.0360805	0.00032553	0.111377	-0.0179908	0.114776	-0.0874141	0.0567553	-0.0200162	-0.0946381	-0.0530276	0.0892217	-0.0705767	-0.0426425	-0.0621011	0.0988318	-0.0331055	-0.0370089	-0.119649	-0.11798	-0.0103508	0.0681474	-0.0220546	0.00697647	-0.0637406	0.00945533	0.0356721	-0.0120486	0.0536565	-0.146974	0.00366416	-0.0655985	0.109967	-0.0270321	0.0624019	0.0736675	0.0234574	0.0784697	0.0271194	-0.0663092	0.0410295	0.0199669	-0.0232519	-0.032776	-0.0461709	0.0421203	0.0490106	-0.0318331	-0.0148776	0.0103197	-0.0464574	0.0389223	0.0462274	-0.00795792
8000000.0001	-0.0597408	0.126447	-0.00983949	0.117993	-0.0356545	0.0654958	-0.0986061	-0.0118338	-0.00410484	-0.0215911	0.063673	0.0265894	0.0568666	0.102121	-0.0102749	0.0252409	0.118562	-0.019851	-0.132639	-0.0865725	-0.0645383	0.015011	0.000257261	-0.0296638	-0.019777	-0.0396558	0.0258158	0.0702834	0.0932644	-0.139534	-0.1209	-0.0865024	-0.040439	-0.0666984	0.0249162	0.0201322	-0.0499106	0.0330635	-0.0926363	0.0355494	-0.0494568	0.0466109	-0.0434894	0.0339505	-0.124652	0.0121028	0.0413236	0.0905173	0.0397223	-0.135112	-0.00629539	-0.0336531	-0.0207545	0.0704745	0.000572521	-0.182859	-0.0355251	0.00790455	-0.000954079	-0.035565	-0.0251424	-0.0501038	0.100236	0.10006	-0.0208745	0.0928011	0.0109194	-0.0437152	0.0675677	0.0109802	-0.0056549	-0.0191178	0.0170796	-0.00879819	0.0358264	-0.0528383	0.0258015	0.0355063	0.0483774	-0.0680266	0.0304772	-0.0269997	0.0522455	-0.00703154	0.122747	-0.0384435	0.0217684	0.0572494	0.0288008	-0.0744165	0.0277141	-0.0889211	0.0465045	-0.0357325	0.119902	0.0762063	0.0350563	-0.110344	0.00348703	0.0491113
8000000.0001	0.0303657	-0.169875	-0.0481439	0.0480563	-0.0521807	-0.0438798	0.081019	-0.00326414	0.0201866	-0.0249659	-0.0619766	0.00664564	0.101683	-0.0181149	0.0394797	-0.0849609	0.0356311	-0.0544501	-0.00780443	0.0535231	-0.0593691	0.0893094	0.0657189	-0.0553922	-0.0415515	0.0145799	0.122986	-0.0571367	0.0725505	0.0190407	0.0671629	-0.103949	-0.100902	0.0302324	-0.0547636	-0.0279894	0.0674648	0.0331001	0.0409502	-0.0224341	-0.003045	0.0857268	-0.114659	0.0280193	-0.00989446	0.0323945	0.0953964	0.000795689	-0.0581386	0.0712899	0.0454485	0.0527751	0.104941	-0.0934419	0.0241369	0.036632	0.0139714	-0.0204715	-0.0381802	-0.100204	0.016444	0.00853853	-0.00982998	0.0809136	0.0403681	0.00123429	-0.076858	0.0227597	0.0192069	-0.00308117	0.038619	-0.0220738	0.0678168	-0.00119455	-0.0475333	-0.10889	0.0964833	-0.0675431	0.0053334	-0.112851	-0.0843006	-0.0822605	-0.0740387	-0.0126828	-0.0853828	0.0207556	0.00438827	0.0496722	0.0228601	0.0672912	-0.0816571	-0.0322804	0.0672029	0.0409658	0.0196588	-0.0634659	-0.0400435	0.0332801	0.00604595	-0.0887106
8000000.0001	-0.0623028	0.0370383	-0.0783849	0.00590835	0.0370833	-0.00550652	0.00325106	0.0332607	0.00696632	-0.0556414	-0.0278516	-0.0128741	0.0275019	0.0446937	-0.0446171	-0.0208674	0.0105316	0.00331236	-0.0853028	0.116235	-0.00156526	-0.0151894	0.0359167	-0.0370121	-0.0209597	0.0351823	-0.0333973	0.0216415	-0.00830664	-0.0584042	-0.112751	0.0155524	-0.0297729	0.128344	-0.00540977	0.0501676	0.0175805	0.0630023	-0.00835771	0.0115443	-0.00367493	0.00498783	-0.0367364	-0.0209414	-0.020573	-0.0328205	-0.0186481	-0.0287102	-0.0148902	-0.010709	0.0504581	0.0197226	-0.00332968	-0.00376062	0.00672664	0.0883212	-0.0642857	-0.0206001	-0.01314	-0.0607991	-0.0309982	0.029506	-0.0533328	0.205522	-0.0791507	0.0636953	0.0133431	-0.0938815	-0.105324	0.0309602	-0.00997774	-0.0881321	0.0480973	-0.0520366	0.0547143	0.0979948	0.0882547	0.0140215	-0.0114343	-0.0596216	0.0299363	-0.00384635	-0.0235018	-0.0385752	0.0471344	0.0104127	0.061456	0.0831815	-0.0508516	-0.0297059	-0.0301631	-0.0035826	-0.0345168	0.0451722	0.0673442	0.0309756	-0.0575646	-0.0250862	0.0756753	-0.0386514
8000000.0001	-0.038194	-0.0435271	-0.0150604	0.0331636	-0.0221836	-0.097787	0.0292444	0.00509765	-0.018975	0.0549274	-0.0440904	0.0116214	0.0209026	-0.0462778	-0.083032	0.0226074	-0.00299771	0.0193797	0.0776784	0.048191	-0.0143561	0.0234595	-0.1075	-0.0774756	0.0326375	0.0591643	0.0393668	0.0419623	0.0477587	0.0537475	0.0122448	0.0761793	0.0417364	0.0115945	-0.00962675	0.0894687	-0.04738	0.0370709	-0.00639173	0.0033196	0.0199728	-0.0194448	0.0496714	-0.0317531	0.0516932	-0.0743091	0.0461977	-0.0434327	0.116339	-0.0620416	0.105275	-0.00665702	-0.0708007	-0.099401	-0.0556875	-0.131836	0.12789	-0.0870299	-0.0408573	0.0187224	-0.0257628	0.0140867	-0.100292	-0.0619061	-0.134126	0.0127069	-0.0212224	-0.00663846	0.0235647	0.0445346	0.0381206	-0.065269	0.0410155	-0.0666012	-0.025927	0.0392762	0.0661869	-0.0676806	0.101462	-0.0382423	-0.084926	-0.0337937	0.0549785	-0.0669049	-0.00753299	0.00564356	-0.0182287	-0.127524	-0.044142	-0.00750645	-4.39071e-05	-0.0654848	-0.0278477	-0.0101121	-0.09235	0.0132426	-0.0941283	-5.65657e-05	0.0269919	-0.0580368
8000000.0001	-0.00901143	-0.0109803	-0.0683815	-0.0195609	0.0215117	-0.0132658	0.0917008	0.0271381	0.00665462	0.00637969	-0.00196321	0.0862412	0.00389165	-0.0337344	0.00483233	-0.0770086	-0.00217779	-0.017372	0.087259	-0.0479985	-0.00600875	-0.0028603	-0.0642952	-0.0135054	0.0327475	-0.0919315	-0.063857	-0.0112237	-0.0762015	0.0596114	0.0109241	0.0740141	-0.0268467	-0.0320938	0.0130999	0.0320155	0.00782367	-0.108764	0.0157035	0.042806	0.114447	0.0718513	-0.000325445	-0.0469346	0.0582811	-0.0179015	0.0168819	-0.0425183	0.0687401	-0.0377553	-0.0565083	-0.00582502	-0.0548113	0.043324	0.00425099	0.0242678	-0.0485745	0.0520928	-0.0219397	0.088807	0.0175755	0.0249689	0.0247969	0.0249128	0.113679	-0.0800596	-0.0316963	-0.0032535	0.0241755	-0.00639755	0.0107778	-0.0487505	-0.000325869	-0.0544246	0.0470883	-0.0198108	-0.0140443	0.00871247	0.00502083	0.107903	-0.0340447	-0.145966	-0.00958357	0.0264444	-0.0473317	-0.0795445	0.00423545	-0.177384	-0.0561735	0.0116638	0.0739319	-0.0784276	0.0228015	-0.0561665	0.039693	-0.000881288	-0.0678118	-0.0469739	-0.0312116	0.0540919
8000000.0001	0.0326662	-0.0266979	-0.0244209	-0.0762913	-0.00224263	0.0352653	0.0188706	-0.00716968	0.00779966	0.0234585	0.0171024	0.101196	-0.0233234	0.0708253	0.00532328	-0.00638818	-0.0188181	-0.0054215	-0.0720551	0.0569469	0.0984045	0.00480733	0.0251256	0.0218366	0.0145224	-0.0324164	-0.069095	-0.0176713	0.0998031	-0.0777989	-0.0325897	0.0949227	-0.00543229	-0.0390003	-0.0190417	-0.10861	0.0157579	0.0521561	-0.0386762	0.0600587	0.0509972	-0.0207037	-0.0325289	-0.0926997	-0.0296938	0.0776059	-0.00382784	0.0913897	0.00643349	0.056156	0.0167903	-0.00492029	-0.047308	-0.0147562	-0.116838	-0.00443284	-0.0684803	-0.0382167	0.0354453	0.041322	-0.111415	0.110692	0.0970165	0.0383646	-0.0309195	-0.00615422	-0.00968358	0.10151	-0.117625	0.0196985	0.0107221	-0.0282543	-0.0258488	0.0461641	-0.079778	0.0235158	0.00633727	-0.107834	-0.00166077	-0.0348889	0.0174482	-0.0539769	0.0650825	0.00288958	0.0406628	-0.0148529	-0.0519012	0.114763	-0.00842013	0.0456549	-0.0239402	-0.0749584	-0.015046	-0.0550619	0.0012679	0.0097841	0.0439845	-0.0254999	0.0219651	0.0611679
8000000.0001	0.0831493	-0.0679002	-0.0556835	-0.0194725	-0.0437151	-0.0615165	-0.0418957	-0.0842252	0.118201	-0.0527173	-0.0642308	-0.0511443	0.040355	0.083662	-0.0683279	-0.0100493	0.0219625	-0.0126507	-0.0677871	0.012309	-0.0865279	0.0597553	-0.0342112	-0.0282255	0.116399	0.107318	0.0780847	-0.0549163	-0.00817789	-0.011354	0.187334	0.0593166	0.0100994	0.0533508	0.0510856	0.0881787	-0.00531798	0.120359	0.0244749	-0.0812227	0.0488374	-0.0740463	0.00411333	-0.00334456	-0.0983062	-0.091254	-0.0405464	0.0149934	-0.00197389	0.0131347	-0.101983	-0.0861428	-0.0206619	-0.0362084	-0.0710268	-0.04232	0.0388725	-0.102008	0.0632096	-0.158508	0.0396115	-0.0833809	-0.0957231	-0.0907504	0.0423614	-0.064952	0.033922	0.0463216	0.0499542	0.123319	-0.0778167	-0.00960565	0.0162177	0.0800248	0.0295509	-0.0134896	0.00942772	-0.089506	0.045818	0.0520356	0.0616601	0.110851	-0.0493375	-0.075967	0.0893054	0.0650044	-0.0462053	-0.0172808	0.0405199	-0.0520456	0.0495989	-0.136959	-0.0624613	-0.0378668	0.117462	-0.021717	0.0606639	0.0365456	-0.060089	-0.0654122
8000000.0001	0.00162293	0.0414595	0.0661606	0.00684172	0.0598999	-0.0297564	0.0773056	-0.0109062	0.102526	0.042449	0.0671735	-0.0264937	-0.0550864	0.0442509	-0.0824325	0.0474886	-0.0404086	-0.034476	0.0466871	0.0979187	0.0704516	0.044688	0.0538783	0.0742152	0.00516425	0.0668001	0.00319264	0.0291876	0.0482697	0.00566978	0.00738389	0.0566895	0.00564925	-0.176708	0.0930952	0.0022225	0.019661	-0.0236552	0.00423628	0.0237252	0.00263673	0.0376642	-0.086698	-0.0229813	0.0173757	0.0249418	0.0993473	0.0873262	0.0306838	-0.0454265	-0.0412029	0.0665117	-0.0466688	-0.0298179	-6.87578e-05	0.0463504	-0.0537884	-0.059561	-0.0736337	0.0134093	0.0110625	-0.0398842	-0.0176932	-0.0166923	0.0514024	0.0473811	0.0601597	0.0153287	-0.0112187	0.104064	-0.00292628	0.0514485	-0.0529529	-0.05105	-0.0475778	-0.0148676	0.0159522	-0.114198	-2.25335e-05	-0.00299718	-0.0184058	-0.0280294	0.0578482	-0.0164353	-0.0468501	-0.0468909	0.0418623	-0.0476994	-0.0281019	0.0245914	0.0333077	-0.0989408	-0.058982	-0.101383	-0.0483821	-0.0478168	-0.0135339	0.0381982	0.036055	-0.00486751
8000000.0001	-0.136319	0.0460275	-0.0133436	0.051762	-0.00830572	0.0435604	0.0831904	0.114347	-0.0256455	0.131541	0.104029	0.0300324	0.00589752	-0.0914983	0.12126	-0.0421231	0.0353225	0.111512	-0.0106626	-0.0707335	-0.0491077	-0.0423102	0.0358644	-0.0198817	0.0232467	0.0471639	-0.0387944	0.117695	0.0373807	-0.119747	-0.0209455	0.0072616	0.0848458	-0.0241256	0.169161	-0.0816144	-0.0495283	-0.0206194	-0.0137998	-0.111638	0.117903	-0.0114854	-0.119621	-0.0609205	-0.0908404	-0.0315216	-0.0369449	0.113279	0.062251	-0.0296239	0.0690539	-0.03469	-0.0312026	-0.0176151	-0.056321	-0.0834199	0.068152	-0.0678128	-0.0287487	-0.0172104	0.0435755	-0.0687386	-0.0052638	0.0105221	0.0608921	0.0613965	-0.0180985	0.0422077	0.0220871	0.0518392	0.0614606	0.0177983	-0.0442879	-0.00896683	-0.0740436	0.0157156	0.0154213	-0.0414258	-0.02389	0.0704845	0.0698238	0.0760259	0.045423	-0.0438476	-0.00346833	-0.0365661	0.0829116	0.00226576	-0.0252358	-0.0181021	-0.0325994	-0.022252	-0.000837097	0.0757781	-0.019055	0.0460897	0.0659025	-0.115248	0.0329592	0.0472552
8000000.0001	0.0172041	-0.0494656	0.0538131	0.0475386	-0.00142454	-0.0490964	-0.0681963	0.0606323	0.0080984	-0.0116793	-0.00100148	0.0214654	-0.033824	0.0439698	-0.048945	0.0205315	-0.0407071	0.0336542	0.0141717	0.0383405	-0.00353252	0.0286334	0.0660125	-0.0312949	-0.0537007	0.0514631	0.00723585	-0.0179138	-0.00697557	0.109341	-0.00721117	0.0187594	-0.0144311	0.101109	-0.0533749	0.00887564	-0.00466004	-0.0397023	0.0658176	0.0562552	0.137765	-0.0151947	0.0310508	-0.0982736	-0.0372948	-0.07289	-0.0105723	-0.00983806	0.0381438	-0.00783117	0.0294971	-0.0628146	0.081345	0.0744446	-0.0658503	0.0411985	0.0249138	-0.0559235	-0.0316862	0.0581073	-0.0885884	-0.0537643	0.0693329	0.0207591	-0.0291621	0.0736243	0.0641326	-0.0155031	-0.117471	0.0642043	0.0655038	-0.0418886	-0.0234053	0.039863	-0.151495	0.03412	0.00444924	-0.19067	0.0592559	-0.0479336	-0.0792863	0.0779991	0.00585403	0.0767493	0.0281599	-0.0587226	0.113486	-0.0378501	0.000198772	0.0223217	-0.0221907	-0.0178544	-0.0820697	0.0243455	0.102056	-0.00159384	-0.0868087	0.0254387	0.0647086	-0.0348145
8000000.0001	-0.0102616	-0.0335655	-0.0456827	0.0591122	0.0404466	0.000470035	0.0484835	0.042019	0.0951573	0.00698488	-0.0681326	-0.000183141	0.077411	-0.0374492	0.0842607	-0.0393597	-0.00573348	-0.0335885	-0.0144916	-0.0580923	0.00196899	0.0326327	0.00218036	0.0457508	-0.102868	0.048669	0.0501003	-0.0133783	0.0778858	-0.0462743	0.00280655	-0.0530466	0.0233435	-0.0364403	-0.0513909	0.0382214	-0.0515101	-0.0120747	-0.0626873	-0.0454843	-0.0364066	-0.0430962	-0.10179	-0.0959531	-0.0197867	-0.0310482	0.0551139	-0.0623347	-0.0332289	0.0817545	-0.0111915	0.0317572	0.0727462	0.0241871	0.033651	0.039166	0.069052	0.0439003	0.0899926	0.055972	0.0388111	0.0594861	-0.0832545	0.114497	0.0171831	0.00384759	0.0516474	-0.032556	0.0528901	0.0185448	0.00787513	0.0137475	-0.067569	0.0995169	0.0447384	-0.0143551	0.0505945	-0.000864405	0.0973513	-0.0335826	0.0617838	0.023484	-0.025519	0.00632704	-0.0520031	0.0126455	-0.0620874	-0.0824934	0.032333	-0.0526083	-0.0488148	0.0326136	-0.0368025	0.0804616	-0.0134338	-0.0948905	-0.0573438	0.00185678	-0.103184	-0.0660138
8000000.0001	0.0625147	-0.00954093	-0.0452699	0.0590463	-0.0516281	0.0652708	-0.02396	-0.0425872	-0.0133377	0.00690026	-0.0472663	0.0211343	-0.00829025	0.030895	0.0508018	-0.0672158	-0.0216487	0.0403885	-0.00400937	-0.0497879	0.0772024	0.00753241	-0.0650167	-0.0533372	-0.0456379	-0.0575497	-0.104159	0.0063448	-0.12024	-0.0083569	-0.101923	-0.0987307	-0.0319726	-0.0209062	-0.0439462	0.0318151	0.00307243	0.0518368	0.0188305	-0.0433248	-0.0976006	0.00123293	-0.0224118	-0.0108512	0.00227865	-0.0461262	0.000731689	0.00568838	0.0138316	-0.00633463	-0.0568032	-0.119287	0.0317103	0.0224213	0.020777	0.0133316	-0.0572991	0.0425737	-0.0462629	-0.0232598	-0.111734	0.0323152	0.0811808	0.0318278	-0.0408064	0.0166879	-0.0744991	0.106601	-0.118924	-0.0842226	0.0620196	0.0161412	0.00965025	0.0288753	-0.0545086	-0.00244721	-0.00544794	-0.156643	0.0399648	0.00455806	-0.0369091	-0.0638666	-0.00990758	-0.0419856	-0.109364	0.000817021	0.0135723	0.0426109	0.050901	0.0498413	0.00124982	0.0697859	0.0820626	-0.0978983	-0.021158	-0.0138531	-0.0219551	0.110076	-0.0450375	-0.027328
8000000.0001	0.00619891	0.111481	-0.0625801	-0.0308541	0.0639666	0.0229414	0.0226664	0.0415209	-0.0213912	-0.013152	0.0641537	-0.048821	-0.00193048	0.0189275	0.0135702	0.0230504	-0.0324286	-0.013777	-0.0558507	0.0321956	0.0662538	-0.00691213	0.0987759	-0.0967437	0.0363276	0.0226233	-0.0321133	-0.0730776	0.0151025	-0.0143716	-0.024524	-0.0969449	-0.00601052	0.0393346	0.0134217	0.00466771	-0.0200024	0.0462176	-0.0162228	-0.104066	0.0768469	0.0719207	-0.0302276	0.0615081	0.0840558	0.0918912	-0.119948	-0.0720486	-0.0661016	-0.0374187	-0.0136215	-0.0695218	0.00304318	0.0709271	-0.0382776	0.0129674	0.0707766	0.120159	-0.079008	-0.0738572	-0.0867865	-0.0111346	-0.0435277	0.085736	-0.0161387	0.0484601	-0.0426476	0.048527	-0.07321	-0.044537	-0.0533207	0.00262069	-0.0533746	0.038819	-0.0223706	-0.000549115	-0.0241353	0.0847107	-0.117874	0.0389525	0.0252811	0.0557192	-0.0539621	-0.0366158	0.00814434	-0.0086307	-0.121477	-0.00249287	0.0612408	-0.0121652	0.0757598	0.0631108	0.00139608	0.0236181	0.0975883	0.104671	-0.112118	0.0386211	-0.111195	0.019723
8000000.0001	0.0657584	-0.127464	0.128652	0.0146657	-0.00652701	0.00218503	-0.0407786	-0.0379989	-0.0458278	0.0138772	-0.0657979	-0.0637875	-0.00162097	-0.0223729	-0.0860198	-0.0425741	-0.0255727	0.0864248	0.0275296	-0.00287526	0.0285306	0.00859366	-0.0442959	0.0635943	0.0518789	0.0324262	-0.080585	-0.0810401	0.0787933	0.0314921	-0.0634949	-0.0439318	0.0299272	0.0600932	0.0594772	-0.0405418	-0.0050907	-0.0624431	0.0371756	-0.0954393	0.0134332	-0.0313988	-0.117305	-0.114759	-0.0521399	-0.102997	0.0553985	0.000426441	0.010877	0.0426339	-0.0357262	0.0385705	-0.0136467	0.0853072	-0.0160944	0.0750674	-0.0168921	0.0953379	-0.0907793	0.0332763	0.0391428	-0.0326245	0.0834189	-0.0332583	0.0392342	0.0174015	-0.0779161	0.133341	-0.105659	-6.85579e-05	-0.0516753	0.100591	-0.00232634	0.0178689	-0.0683494	-0.0192851	0.0454069	-0.0825458	0.0910441	0.0303838	-0.0491203	-0.10503	0.102907	-0.0293584	0.0383577	0.0197683	-0.0727411	0.0734944	0.0427272	0.00346998	-0.00942263	0.00179982	-0.0151018	0.0374696	0.0472421	0.0472268	-0.0360293	-0.042347	-0.0739064	-0.0447455
8000000.0001	0.0056898	-0.0990673	0.00543463	-0.0137421	0.0266281	-0.0648841	0.0394635	0.0249128	0.0774454	-0.0924278	-0.0062672	-0.0223468	0.0556933	0.0260074	-0.0349728	0.0528389	-0.0213182	0.0678324	0.0040979	0.00088523	0.013588	0.0562449	-0.0224104	0.0969022	0.0314826	-0.0468344	0.00939132	0.0512657	-0.0430471	-0.0864753	-0.0198148	0.0336391	-0.0766282	-0.0760238	-0.094224	-0.0209395	-0.0420824	-0.103545	-0.0290441	0.0664116	-0.0232131	0.0826101	-0.0237164	0.0480282	0.0616456	-0.120807	-0.0140927	-0.0411025	-0.060572	-0.129761	0.0079893	0.0187742	0.0625187	-0.0297958	-3.24306e-05	1.89028e-05	-0.0505745	0.0324329	-0.00706515	0.0396259	-0.00345842	0.0347875	-0.0428664	0.0590638	0.0230988	-0.0211594	-0.00408399	-0.0890907	-0.00884796	-0.0457813	0.0465133	0.00432438	-0.0328294	-0.0334159	0.0350559	-0.0308122	-0.0853813	-0.00211832	0.0427902	0.0726675	-0.0869926	0.0676484	-0.0224121	-0.100211	-0.0179004	0.0359937	-0.0399797	0.0408211	0.0938073	0.107205	-0.0349984	0.0258718	0.0462009	0.0630582	0.0238086	-0.10109	0.0285405	-0.00818069	-0.0108865	0.0132613
8000000.0001	0.00102087	0.049059	-0.070625	-0.0296167	-0.0170625	-0.0456037	0.0315457	-0.0496139	-0.042827	-0.145917	0.00853234	-0.144761	0.0206986	0.00162234	-0.0445188	-0.0145596	0.0401154	-0.066722	-0.024807	0.0438637	0.011802	-0.0084	0.038274	-0.0413414	0.0780784	0.0271705	0.10113	0.0406673	0.0545291	0.0392712	0.00860971	-0.0849933	-0.110163	-0.0115885	-0.0806271	-0.0268776	-0.0551148	-0.0253128	-0.0154344	0.0535693	0.201907	-0.0257814	-0.0743304	0.0571444	-0.0396005	-0.0118606	-0.0278391	-0.0327357	0.00435351	-0.0551982	0.0104308	0.0472045	0.0153337	-0.0600828	0.126502	0.0424182	-0.0851847	0.0506786	-0.0142191	0.0599752	0.15005	-0.115392	-0.0506659	0.132884	0.0567391	-0.0459113	-0.0184966	0.0150863	-0.0788813	0.0329837	0.0361027	-0.0315812	-0.104561	0.085593	-0.0330362	-0.0759372	0.00632556	0.0545839	-0.0402068	0.107835	0.121402	-0.0633036	-0.022787	-0.0176304	0.0290391	0.0155944	-0.00380274	-0.0532959	0.0355991	0.0439245	-0.0239912	0.0321464	-0.0814472	0.0593768	-0.100331	0.0754562	-0.0632624	0.0114275	0.0522074	-0.0174842
8000000.0001	0.00684405	-0.0501171	-0.0262292	0.0620811	0.0243192	0.100592	0.0181029	-0.040866	0.114224	0.0312377	0.013115	0.023106	0.0192072	0.0116513	0.0301861	-0.0175226	-0.0270835	-0.0174523	-0.0996968	-0.0553564	-0.0354426	-0.100417	0.0222315	0.0204173	-0.0477659	0.0259115	0.0927437	0.0105138	-0.0435091	0.00119776	-0.0706888	-0.0477012	-0.108029	0.00386987	0.0267783	0.0128676	0.0876913	-0.107484	0.0150367	-0.0169871	0.0355863	-0.096632	0.0324391	0.00425039	-0.0201533	-0.074162	0.0840655	0.0277043	0.0448873	0.0101684	0.00767907	-0.0263736	0.0124244	0.053002	0.0669401	0.104169	-0.0532995	0.119162	-0.0145109	-0.025427	0.0974388	-0.00450341	0.0441781	-0.0896314	-0.0384519	0.00580843	0.00103861	-0.0160682	-0.061677	0.0679343	0.127261	0.143536	-0.0269908	-0.0513315	-0.0440278	0.138863	-0.00128013	0.00810583	-0.0176039	0.0103546	0.0302105	0.0683055	0.121497	-0.00109696	-0.0279372	-0.0461073	-0.0119597	0.00473699	-0.00681744	-0.0705694	0.0403509	-0.103639	0.0142035	0.0209816	-0.000421578	0.0703489	-0.0677569	-0.0951721	-0.0132684	0.124271
8000000.0001	-0.0389601	0.0118833	0.054039	0.0459011	0.00213636	-0.0727561	-0.0608783	0.138853	0.0920836	0.0558277	0.0208274	0.144786	0.00388404	-0.0603236	0.103014	0.00911544	-0.0381288	-0.0142793	-0.0662778	0.0767785	0.0117672	-0.00238115	-0.0289942	0.0250237	-0.0322806	-0.114945	0.0669885	-0.0173884	-0.0487091	0.0296459	-0.0192963	-0.0886085	-0.0365961	-0.0390315	-0.0482955	0.0142394	-0.00971656	0.0558468	-0.0391687	0.162733	-0.0475841	0.0163777	0.0330622	-0.0340819	-0.020518	0.0156918	-0.00786986	-0.0825352	-0.0342843	-0.0398628	-0.0558026	0.0564382	-0.00180816	0.0279957	0.0296603	-0.0643616	-0.017955	0.00679796	0.0461429	-0.00363505	0.0302359	0.0412202	-0.0106297	-0.0378382	0.054297	-0.0179342	0.043269	-0.140746	-0.00150415	-0.0378079	0.033234	-0.0320717	-0.152698	0.0454238	-0.0714077	-0.0733398	-0.0757954	-0.0800648	-0.216081	0.0551194	0.00708228	-0.00138756	0.0141793	-0.0231095	-0.0857707	-0.0712214	0.0398265	0.0357573	0.0656488	0.0849391	-0.0298114	0.0677648	-0.02848	0.0835221	0.0200077	0.0517771	-0.0848692	-0.0356029	-0.0350231	-0.0170643
8000000.0001	-0.0541189	0.0191211	-0.0133241	0.066402	0.00245599	-0.00267613	-0.0187181	-0.056407	-0.0126619	0.00320606	-0.0311862	0.0531397	-0.0627624	-0.0251134	0.0655779	0.00356319	0.0649074	0.00566811	0.0214977	0.00183288	-0.0218488	0.0246709	0.0195919	0.0827627	0.0724888	0.0221843	0.068783	-0.0631303	-0.159575	0.0432545	0.0462585	0.0483005	0.0867352	0.0425412	0.0427498	-0.113117	-0.0378171	0.0528623	-0.0298584	0.0192462	-0.0200181	-0.0679573	0.0283745	0.060486	0.0145484	-0.0213629	0.0440872	-0.0583735	-0.133724	0.0276944	-0.089076	0.0391415	-0.0123165	-0.0531055	0.0229843	0.0337399	0.0277745	-0.0130989	-0.0442373	0.0938224	0.0597078	-0.122356	0.00297139	0.0119502	0.00861369	-0.00290554	0.0137061	0.0634596	0.048656	0.0636967	-0.0502003	-0.0599324	0.0781532	0.015535	-0.00406567	-0.0230621	-0.0404962	-0.00829619	0.0559214	0.0379991	-0.0288312	-0.0241736	-0.040087	-0.0644345	0.0686944	-0.0494564	0.0204589	-0.0221523	0.0445974	0.059543	0.00823475	0.00160965	0.0740579	0.0773836	0.0249954	-0.0815407	-0.0523848	0.0765496	-0.03873	0.00229479
8000000.0001	-0.0472054	-0.0546747	0.102672	-0.0203571	0.0173099	0.102587	-0.0175939	-0.101822	-0.0613126	0.016982	-0.0476962	-0.00258691	0.00897359	-0.0137093	0.000605841	-0.0285456	0.0492764	-0.0180761	0.0459305	-0.00448192	0.0307879	-0.0371093	0.00335657	0.00598381	0.026588	0.00309077	-0.00769556	-0.00107424	0.0333826	-0.0393169	-0.0753688	0.0445326	0.00438198	0.0192868	-0.0982128	0.00882285	0.0603146	-0.0128812	0.0038862	0.014781	-0.105037	0.00791525	-0.0072877	0.0173074	-0.0515692	0.11844	-0.0703953	-0.0586959	0.0341422	-0.0671984	0.0348892	-0.0125528	0.0461619	0.014637	0.0503238	-0.00154703	-0.014849	-0.0501515	0.0210035	-0.0424515	-0.0199692	-0.0822757	0.0219377	-0.117553	0.0724539	0.0945351	-0.0225357	-0.0417343	0.0156004	0.0332248	-0.107884	0.0735258	0.022765	-0.019853	-0.149398	0.0208515	0.00707946	0.0230716	0.082868	0.0236775	0.0495962	0.103235	0.0732333	-0.0310422	0.0767225	0.155706	-0.00740225	-0.0109414	0.0847157	-0.0529182	-0.0552235	-0.0481258	0.0268187	-0.0581411	0.0259747	-0.0762241	0.00288928	-0.00581078	-0.0645781	-0.071988
8000000.0001	-0.0289054	-0.0259425	-0.0455303	0.0556513	0.0724469	0.0701343	0.00116815	-0.064877	0.0577776	-0.0944405	-0.0545515	0.0746873	-0.102966	0.0474288	0.0355703	-0.036539	-0.0259644	-0.0363121	0.0151426	0.0561226	0.0973254	0.0445757	0.0409692	-0.0313571	-0.0327819	0.0566426	0.002307	0.0434259	0.0442994	0.0990985	-0.169761	-0.0160334	-0.0886445	-0.145663	-0.0586213	0.0206931	-0.0420741	0.0411301	-0.0237843	-0.0397253	0.0694349	0.0401524	-0.0137705	-0.0527807	0.0589658	0.0792123	0.046165	-0.0448773	0.0144558	0.0245818	-0.03328	0.0644754	-0.135156	-0.0913073	0.0179266	0.000888958	0.0501548	-0.0452702	-0.0990719	0.0579911	-0.0919562	0.0397341	-0.0523574	-0.0519293	0.0681367	0.0559951	0.0851978	0.101499	0.103766	-0.0255845	0.0496276	0.00308338	0.0326397	0.0903811	-0.00730079	-0.0666802	-0.0363107	-0.043704	-0.0730566	0.0664055	-0.0247923	-0.0269524	0.000267448	-0.052957	-0.0157629	-0.133913	0.08303	0.0542072	-0.0383334	0.104067	-0.00816526	0.0413346	-0.121993	-0.00400623	-0.0230254	-0.00305849	0.0228525	0.0183666	0.0762607	0.0624097
8000000.0001	0.0668509	-0.196265	0.100089	0.0335641	0.099832	-0.0159699	0.104809	0.00971327	-0.0608815	0.0314372	-0.0456139	0.0247647	0.0407043	0.00467633	-0.00292737	0.0307812	-0.035011	0.0592351	0.0921705	0.0449237	0.0685713	-0.00800216	0.123685	0.0122045	-0.0306173	0.0709479	0.143659	0.0042068	-0.000197731	-0.0702392	0.029964	-0.0195648	0.0142921	-0.116217	-0.0387871	0.0789341	0.0200267	0.013777	0.0147476	0.0579734	0.0770894	0.00803961	-0.0335255	0.0224549	0.0515199	-0.0460525	0.00123024	-0.00105751	-0.111055	-0.121004	0.0445349	0.0214856	0.112077	0.0415318	0.0632093	-0.0171906	-0.0539394	-0.121454	0.0301943	-0.0342314	0.140611	0.0381659	-0.0102414	0.00641138	0.0413161	-0.0514374	0.0396963	-0.0364359	-0.0855322	-0.0236027	-0.030769	-0.0624839	0.0595049	-0.155983	-0.0829576	0.117794	-0.0374611	0.00145769	0.113232	0.00734967	-0.0117704	0.0289163	0.019972	0.0122262	0.0810337	-0.0644683	-0.0721112	-0.0332841	-0.099696	0.00252667	0.0440087	0.0408165	0.0171466	0.00569173	0.00405671	-0.0329196	0.0307212	0.0448671	-0.0199388	0.065716
8000000.0001	0.0447281	-0.02518	0.00645842	-0.129953	-0.0100547	-0.0653847	-0.116946	0.014267	-0.087561	0.00774214	-0.102329	-0.0274137	-0.0117765	0.0127758	-0.0007772	0.0766275	0.0401056	-0.0264813	-0.0203758	-0.0376747	0.0387033	-0.0361425	0.0151866	0.0292791	-0.0722777	-0.0718601	-0.00478019	0.0877845	-0.0766717	0.0894232	0.115408	-0.013529	-0.055666	-0.0286293	-0.0270379	-0.0471801	0.0950497	-0.000578399	-0.0340697	0.088132	-0.0596418	-0.0489983	-0.0165944	-0.015055	-0.0294428	0.0107351	-0.0345518	0.0258958	-0.0099462	-0.0244233	-0.0543639	-0.0351487	0.127901	0.0124383	0.0248062	-0.0580428	0.141484	0.00512213	-0.05449	0.0343522	0.0315321	-0.00912534	0.107758	0.0264264	0.0378438	-0.0619986	-0.146143	0.074405	0.0615781	-0.079529	0.185615	-0.0334226	-0.0205597	0.0357108	0.0842732	0.0419933	-0.117652	0.0231804	-0.0288632	-0.0471407	0.0762903	-0.0917482	-0.00277117	-0.017916	0.0139811	0.0187815	0.0419858	0.0244579	0.00894965	-0.0729733	0.00453527	0.0758268	-0.0401596	-0.00737981	0.0331703	-0.00502812	0.0878733	-0.09606	-0.00529304	-0.044415
8000000.0001	-0.0507609	-0.057414	-0.0482088	-0.112804	-0.0198367	0.142133	-0.067023	-0.0420878	0.0188662	0.0447327	-0.0735749	0.0999843	-0.0902474	0.0334615	-0.0301307	-0.0337864	0.0984509	-0.0565028	-0.0549613	0.0130311	0.0615421	0.0672737	-0.0569746	0.0363795	-0.0598503	-0.0437887	0.0732628	0.0117883	-0.052791	-0.0100113	-0.00288976	-0.000942872	-0.0648904	0.000713339	0.0301192	-0.0276513	-0.11201	-0.22461	-0.0363474	-0.0806931	-0.0679877	-0.0168089	-0.0651333	0.0449877	-0.032573	0.0511054	-0.121529	0.029404	0.00861881	0.113846	0.0882817	0.00644091	-0.0700656	-0.0818339	-0.00583378	-0.0500191	0.00253299	0.0293855	-0.0180816	-0.0616565	0.0256607	-0.0242677	0.0321285	-0.0836475	0.0835933	-0.100867	-0.0998782	-0.00911898	-0.0678067	0.0777629	0.0125278	-0.0660924	0.225104	-0.0434872	0.00545328	-0.0785554	-0.00235826	-0.0613079	0.0369184	-0.0232773	-0.00341088	-0.0642917	0.0689904	0.04139	-0.00756068	-0.0941087	0.0395407	0.0359338	0.0179922	-0.0368529	-0.0296067	-0.10505	-0.03624	-0.0623532	-0.00935908	-0.051984	0.0303238	0.0248201	0.0152841	-0.0562906
8000000.0001	0.00781201	-0.0590544	0.00631663	0.011503	0.0314776	-0.0472909	0.0577462	0.0113378	-0.0913489	-0.0269803	0.0599511	0.0351929	-0.0279516	-0.0640044	-0.0366891	-0.0069652	-0.0354665	0.0247569	0.00548261	0.15206	0.0165205	0.00764224	-0.115981	-0.0395177	0.0114417	-0.0477331	-0.0834756	0.0238636	-0.0393757	-0.0213322	-0.0513271	0.0221481	-0.0109594	0.0334783	0.0447414	-0.0530592	0.0322445	0.128734	0.0536659	0.0636992	-0.0353688	-0.102628	-0.0469623	-0.0868717	0.0414326	0.130151	-0.0014208	0.0696465	-0.0636688	-0.0232467	0.0253076	0.0360384	-0.0282849	0.00633689	-0.0526823	-0.0793896	0.0575164	-0.00238648	-0.0953007	0.0421736	0.0062145	-0.0522508	0.0781927	-0.0411183	0.155199	0.00837641	0.0850135	0.00496866	-0.0366787	0.0169646	-0.0922589	-0.0365291	-0.0176833	-0.0348	0.00849865	0.00693256	0.0719927	0.0704909	-0.0509501	-0.0256139	0.043526	-0.0673386	-0.0408949	-0.0996414	-0.0955405	-0.122903	-0.0844599	-0.0251231	-0.0108086	0.0400399	-0.0358062	0.0136667	0.0174277	-0.112292	-0.0155173	0.0108363	0.00720295	-0.0793635	-0.0299203	0.0329789
8000000.0001	-0.00779427	-0.0245553	-0.0271847	0.0494108	0.00918269	0.0375207	-0.0215181	-0.0580041	-0.0609826	-0.00583525	0.0687428	0.0367475	-0.0469659	0.00217868	0.0272166	0.034645	-0.116668	-0.0423496	0.0133455	0.00765497	-0.0173425	-0.0137798	0.0503268	0.0323601	-0.0777696	-0.0409139	-0.0259527	-0.00713692	0.0865181	0.0187595	0.00162605	-0.0775048	-0.0145613	0.101054	-0.0816027	0.0477587	-0.0105287	-0.00530051	-0.0969702	0.0702064	-0.069832	0.026273	0.0372527	0.0420228	-0.080445	-0.0520153	-0.0371727	-0.0257849	-0.0458749	-0.00722616	0.0758715	-0.101013	-0.0826721	0.0141051	0.0297842	0.0450526	-0.0211155	0.0510535	-0.0693728	0.0494043	0.0613391	-0.0510196	-0.0657404	-0.085369	0.0208833	0.0198181	-0.0243772	-0.0316851	0.112461	-0.00496783	0.0521488	0.00209124	-0.0181743	0.0316832	0.00913292	0.0430564	0.0295272	-0.0135987	-0.0500195	-0.0452988	-0.0172879	0.108818	-0.0169105	-0.0477893	0.00883487	0.0721143	-0.103828	-0.0292527	-0.00636024	0.00470359	-0.0243581	0.00166361	0.0758315	0.0727377	-0.0216481	-0.129954	0.0219372	0.026617	-0.0873491	0.0463802
8000000.0001	-0.00932319	0.0338775	-0.026063	0.0674513	0.0661866	-0.0386076	0.0200816	0.0414259	0.136477	0.055477	-0.00243222	-0.0428386	0.0437072	-0.00508607	0.0119878	-0.0155965	0.0344531	0.0914841	0.0668328	-0.0106728	-0.0317755	-0.0201773	-0.130173	-0.126712	0.0120165	0.00103764	-0.0556767	-0.0440062	-0.104979	0.115015	-0.0515362	-0.0612232	-0.0555241	0.102794	-0.0307423	-0.0562995	0.0659825	-0.0957113	0.036954	-0.0602014	0.0398606	-0.00193671	-0.0192938	-0.0289998	-0.0527757	0.0022328	-0.140083	0.0674527	0.012711	0.0034748	-0.0453409	-0.0271781	0.0514669	0.0377155	0.074152	0.0197151	0.00598065	0.139482	0.0126347	-0.0172307	-0.0132172	0.0335629	-0.0415194	-0.156992	0.0555751	0.10481	0.0804852	-0.00462609	0.045284	0.0086677	-0.0468826	-0.0940464	-0.00343207	-0.0266569	-0.00710843	0.014025	-0.0364384	0.04411	-0.0954474	0.0164765	-0.0723238	0.0404651	0.000354402	-0.0706161	0.0214213	-0.0298914	0.0718021	0.0199461	0.0201603	0.0282898	0.0872903	0.0132117	0.000854211	-0.0438331	0.0642527	0.0314574	0.0357604	-0.0164188	-0.0337082	0.00898493
8000000.0001	-0.0778973	0.00172439	-0.0124637	0.0501279	0.0702499	0.0152073	-0.0428659	-0.125541	0.02917	0.0225381	-0.0333171	0.00243296	-0.0634313	-0.0349369	-0.025441	-0.0531983	0.0673564	0.0319867	-0.0949498	-0.0408322	0.0502265	0.0138158	0.101985	-0.0138079	-0.0740494	-0.0562996	0.0243363	-0.0548762	0.0302291	0.0425029	0.0379523	-0.0129075	-0.0040403	0.011595	0.152702	0.0460236	-0.00630684	0.0316733	-0.00184994	-0.0259617	0.0556368	0.117591	-0.0148449	-0.0545495	0.0233716	0.0866003	0.0150108	-0.015538	-0.0406202	-0.00436946	0.00170957	-0.0260908	0.0384674	-0.0550074	0.0137641	0.026328	-0.126415	-0.0246632	0.00392487	-0.00522221	-0.00321656	0.0381594	0.106638	-0.0150879	0.00363703	0.0817015	0.122393	-0.00419632	0.0198747	-0.0147088	-0.0731442	0.0275663	0.0218916	0.0146557	-0.0499279	0.0791673	0.0617021	-0.0282394	0.0218165	-0.0333956	0.0346649	0.00514251	-0.0264221	-0.0351211	-0.010017	0.0283761	0.022727	0.02689	-0.0447113	0.00752017	0.0307558	0.027682	-0.0917619	-0.0604673	-0.0246905	0.085097	-0.0130598	-0.0665981	0.0560807	0.0540786
8000000.0001	-0.104606	0.0174426	0.034217	0.00822119	-0.0535325	0.0215811	-0.0859614	-0.0180917	-0.0147248	-0.110144	0.0372616	0.0689916	0.0173311	-0.0329728	-0.056297	-0.144045	0.0311582	0.00968204	-0.14448	0.0144853	-0.162942	-0.0160646	0.0177214	-0.0430201	-0.0684878	-0.0243008	-0.0884287	-0.0294252	-0.0628511	-0.0610287	0.0181571	0.00502764	-0.00462629	-0.0583607	0.0592328	-0.0335701	-0.0559492	0.0549374	0.036713	-0.0301501	-0.00807999	0.0801533	-0.0260666	0.0718488	0.00332845	0.0376352	-0.0282487	0.0654531	-0.0977175	0.0069294	0.0311623	-0.0268809	-0.0661604	0.0632946	-0.0679431	0.124085	-0.0809	-0.0390162	-0.0744997	0.0322292	-0.0512398	0.00795052	-0.0530078	-0.0385322	-0.0386232	0.0753738	0.120499	-0.0223448	0.0445758	0.0347256	0.0773062	-0.050103	0.0961025	-0.100919	-0.02573	-0.107225	0.000860213	-0.0787196	0.0339158	-0.0677639	0.029738	-0.0254044	-0.0497885	0.0241791	0.0469768	-0.0795187	-0.0453036	0.000815792	-0.0380276	-0.0881119	0.0563093	0.00090178	0.000184003	0.0109476	-0.0534301	0.0866177	0.0157616	0.0368799	0.0364438	-0.00359138
8000000.0001	-0.021835	0.0048591	0.0349065	0.0877004	0.0450567	0.00767068	0.0814626	-0.0287659	0.0695181	-0.00943994	-0.0827134	-0.0459947	-0.0150847	-0.0501833	0.00555064	-0.0454602	-0.0143545	-0.0587251	-0.0466054	0.0533276	0.0201591	-0.0501718	-0.0370564	0.0292457	-0.0985377	0.074155	0.0739317	0.0828922	-0.0516039	0.0594012	-0.0600539	0.0510827	0.0344284	-0.118663	-0.0327861	-0.0382501	0.0135674	0.00970133	0.00794575	-0.115913	-0.0304184	0.112507	0.0574027	0.0322612	0.0233316	-0.0225767	-0.0729799	0.0177199	0.0678332	0.0643902	0.011058	-0.0337635	-0.0416523	0.0557583	0.110458	-0.00026659	-0.0404517	-0.0267095	-0.0214574	0.0514807	-0.0102397	0.0168519	0.0264629	-0.0248426	-0.122204	0.0402045	0.00445745	-0.023688	-0.0934308	0.0626767	0.0873057	-0.00609725	0.0452322	-0.0659872	-0.0117437	-0.012952	0.085063	-0.0128874	-0.0725328	-0.0115201	-0.0428603	0.0141666	0.0633313	0.025377	0.0104153	-0.00838894	0.0687047	0.0496068	-0.0436285	-0.0203628	-0.00388078	-0.0973318	-0.0741477	-0.118536	-0.0488441	-0.119451	-0.00113693	0.0070029	0.0934974	0.103792
8000000.0001	0.0480014	-0.0445158	-0.0127573	-0.0183911	-0.0903429	0.0320806	-0.0440609	-0.0303281	-0.030407	0.034446	-0.0468311	0.00489009	0.0704242	0.0160613	-0.0692155	-0.0371854	-0.0165577	0.0306355	0.00841015	-0.0515288	0.00100532	0.0317734	-0.0629857	-0.0129705	0.0485636	0.0108957	-0.000432417	-0.0868144	0.0468423	-0.0193626	-0.011962	0.00989347	0.026257	0.00144417	-0.0114526	0.0316008	0.0468129	-0.0797244	0.0487002	-0.0162997	0.0580268	-0.0484466	0.0427138	-0.0958551	0.0593778	0.0419811	-0.0418052	0.0477612	-0.106149	-0.0271166	-0.0106681	0.011506	-0.0453417	-0.095976	-0.00236835	-0.0684732	0.10011	0.00981473	-0.00277848	0.0215596	0.000425685	-0.046042	0.0254482	0.0216192	0.0239036	-0.0155268	0.0162825	0.0173527	0.0315925	-0.0610907	-0.0437535	0.00773419	0.048509	-0.0241867	0.0553892	0.0339605	0.0267749	0.0357114	-0.0109131	0.0595758	-0.0928306	-0.02115	0.0586869	-0.0807203	0.0741527	-0.00366221	0.00859302	-0.0961717	0.0288598	0.0896328	-0.0273791	0.0785148	-0.00492462	0.0479816	0.0796843	0.0266824	0.0285076	0.0945665	-0.0747725	-0.0569329
8000000.0001	-0.00277687	0.0126463	0.0721873	-0.0252824	-0.072935	-0.0176434	0.0221524	0.0216686	0.00354363	0.0347664	0.0357726	0.0737324	0.0918428	-0.0333884	-0.0301397	-0.106796	-0.015693	-0.0961693	-0.187447	0.0226063	-0.0104461	0.0311907	0.0144421	0.0172622	0.034542	0.035574	0.0552238	-0.0191655	-0.0590955	-0.0500926	0.0283837	0.0863493	-0.0439317	0.0371559	0.0594179	0.0424802	-0.0452666	-0.00795316	-0.0347057	0.103528	-0.0983522	0.128321	0.105314	-0.152052	-0.0120588	-0.0582984	0.0135609	-0.0796269	-0.00671098	0.0864647	0.0819468	-3.07958e-05	0.00368393	0.0669673	0.0270738	0.00681312	-0.0337841	-0.0144845	-0.00317291	-0.0328372	-0.0315173	0.00258136	0.0111246	0.0571514	-0.0482845	-0.0409351	0.0122302	-0.0595695	-0.0466613	0.0152024	-0.0151577	-0.0738949	0.0268617	-0.0433539	-0.0239678	0.00923636	-0.105519	0.0427927	-0.000657268	0.0241162	-0.0260535	0.0471813	-0.0154273	-0.0572283	0.0474137	0.035441	-0.0598519	0.0131864	0.0471929	0.0450278	-0.0134981	0.102011	0.0451999	0.0743478	0.0633525	-0.0925074	0.0188253	0.062809	-0.00968464	-0.00987068
8000000.0001	-0.035018	0.0914434	-0.0155583	-0.10773	0.023099	0.0126726	-0.00890789	0.068453	-0.0173334	-0.0462755	-0.0490509	0.11529	-0.116052	0.13505	-0.0563831	0.0260491	0.00173028	0.0463939	0.055604	-0.0116541	-0.041913	0.0671259	-0.0885721	0.0470968	0.059198	-0.0053508	0.0150803	-0.0842948	-0.0171972	-0.0148961	0.0612789	-0.0317014	0.000600951	0.0114508	0.0407452	0.00378555	-0.0269781	0.0240658	0.082939	0.160368	0.00294857	0.0415994	-0.0580494	0.0536092	0.0129455	0.101827	-0.00287003	-0.0595353	-0.0259358	0.0200598	0.00721985	0.000285743	-0.0723158	0.0102522	-0.114271	-0.086289	0.0990292	-0.153338	-0.0117992	-0.0138386	-0.00736425	-0.0188947	0.0288857	-0.0816969	-0.000720538	-0.031101	-0.0103849	-0.00977026	0.0899359	-0.0246483	-0.0360928	0.0149481	-0.0687417	0.0480337	-0.122829	0.000943399	0.0987557	0.0554159	0.0375673	0.0254904	0.0180643	0.0488679	0.0928578	0.081658	-0.0209579	0.0733248	0.0404947	0.0359998	-0.00851364	0.106167	0.0171994	-0.0289327	-0.0826698	-0.0797715	-0.00368563	0.0236605	-0.043368	-0.0204705	0.0168932	0.0204595
8000000.0001	-0.0598888	0.022291	-0.0462319	-0.0398127	-0.0172702	-0.0308188	-0.00717485	-0.0250448	-0.0597591	-0.0841804	0.035595	0.0350269	0.00432352	0.0837483	-0.00824328	0.14047	0.041584	-0.0867652	-0.0111078	0.0690804	-0.0442605	0.0690192	-0.0724755	0.11303	0.0794107	-0.0268803	-0.0401026	0.00606332	-0.0317175	-0.0479564	0.0725287	-0.0558527	-0.00924366	-0.0313157	0.0546753	0.102172	-0.0016789	0.0849662	0.0200679	-0.0610448	0.0318758	-0.101775	-0.00906693	0.0864193	-0.0843494	0.0309522	-0.0449984	0.0133972	-0.0714896	0.115473	-0.0367657	-0.026485	0.0529061	-0.0126509	-0.0827011	0.0356638	0.0298552	0.114647	-0.105152	0.0443499	-0.0888764	-0.0567946	0.0475369	0.0538804	0.0155358	-0.0926722	0.124827	0.106089	-0.0124662	-0.0378799	-0.0159616	0.00458723	0.0686896	-0.0602293	-0.00174833	-0.0638492	-0.0653097	0.00564384	-0.000951149	-0.0114887	-0.106619	0.0405256	-0.0690053	-0.0760955	-0.0260554	0.00598325	0.173569	-0.013569	-0.0235027	0.00807953	0.0380467	0.0225902	-0.00428513	0.00245571	-0.014326	0.00261779	-0.0465858	0.000794075	0.00349118	-0.0371575
8000000.0001	-0.00667438	0.0633956	0.00452197	0.000149052	0.133678	0.0193358	-0.0492568	0.0109262	0.00483339	-0.0775901	-0.0533806	0.0390571	-0.0326603	0.0830229	-0.0205111	0.000762226	-0.0186997	-0.0744337	-0.0337198	0.148566	-0.0616382	0.0589438	0.0531153	-0.0195467	-0.00136933	-0.0247863	-0.0267014	0.097821	-0.0298362	-0.0194352	0.0468666	-0.0627293	0.0433287	0.0334191	0.0789999	0.0575774	-0.126781	0.0232177	-0.0441387	0.0987969	0.0707327	0.0622077	0.115432	0.0275695	-0.0286006	0.0468351	-0.0403439	0.0154712	0.000976961	-0.00102184	0.088913	-0.0320413	-0.019383	-0.118591	0.0202815	0.00353312	0.119065	-0.00281916	0.0350595	0.0499798	0.00692532	-0.0320955	-0.0515668	0.0054488	-0.024	0.103871	-0.0481876	0.0518494	-0.0728719	-0.118103	0.00594423	-0.041813	-0.082101	0.0406521	-0.0878771	0.0526925	-0.0296616	-0.0316734	0.0921411	-0.0110389	-0.107374	-0.0609552	-0.10578	0.0214847	-0.0314379	-0.0148845	0.00710662	-0.0966126	0.0490844	-0.0325088	-0.0272155	-0.0235693	-0.068245	-0.00284379	0.00451913	-0.0711126	-0.0307068	-0.0200887	0.0422535	0.139443
8000000.0001	-0.0114246	0.0532767	0.0182259	0.0808216	-0.00683722	-0.00290838	-0.076477	0.0618706	-0.029828	0.0559697	0.042792	-0.0135369	0.0345909	-0.0237872	-0.00393482	-0.15621	-0.0708741	-0.0096187	0.045927	-0.0127807	0.00409307	-0.0553435	0.0487841	0.116025	0.0528158	0.103531	0.046048	0.050497	0.0419675	0.0386325	-0.054291	-0.086615	0.0977265	0.0394451	0.0731591	0.0546264	0.00536354	-0.0877788	-0.00849315	-0.0170203	0.025964	0.0737291	0.0123736	-0.134768	0.000446618	-0.00380809	-0.127266	-0.0447742	0.0189181	0.00865244	0.10297	0.00550333	-0.0369566	-0.0465842	-0.0620185	0.0860363	0.00365554	0.0255995	0.0881893	0.0494855	0.0731684	0.0282861	0.0148313	-0.00918446	-0.00982779	0.0286545	0.0160662	0.0383827	-0.175198	0.056596	-0.0193262	-0.0631687	0.0275784	-0.00930204	0.0828061	0.0789068	-0.0262243	-0.0334642	0.028472	0.041341	0.0917842	0.0712238	0.103514	0.0146491	0.0729415	0.0193671	-0.0184717	-0.0184579	0.0323605	-0.0517657	0.0345491	0.0118743	-0.0332679	-0.00251187	0.0703643	-0.0176631	-0.034705	-0.0680454	-0.0805452	0.0400334
8000000.0001	-0.024408	0.0945016	0.000234658	-0.083904	-0.124228	0.0986037	-0.0599778	0.115358	0.0421635	0.0683923	-0.0118715	0.0021064	-0.00643701	0.0128491	-0.0428789	-0.0127077	-0.0673414	-0.0235144	-0.0457638	0.0185395	-0.0422247	0.0446047	-0.067599	-0.0218407	0.0208315	-0.0280928	0.0926768	0.0915034	0.0628519	-0.0199116	0.0263268	0.0814729	0.0361777	0.0462238	0.0175148	-0.0190648	-0.141984	0.0629093	0.0181	-0.0007289	0.0677455	0.00197264	0.0689931	-0.0782749	0.024768	0.0291464	-0.00834276	0.0863572	-0.0067516	-0.0042789	0.10207	0.0264542	-0.0351187	0.0661241	-0.00669229	0.0162258	-0.0361782	0.101363	0.0328463	0.137374	-0.0413728	0.0201791	0.00628329	-0.0479342	-0.0761706	0.0899186	0.0452035	0.008119	-0.0164758	-0.122689	0.035715	-0.0685333	-0.0247467	0.0417771	-0.0796601	-0.050526	0.0168288	-0.110011	0.0101774	0.0118157	0.00496412	-0.00397452	-0.0330574	-0.0289981	0.115825	-0.0572709	0.0260373	-0.0465963	0.0242689	-0.0913917	0.156642	0.0503453	-0.0326967	0.0647746	0.0418799	0.0518833	-0.0428203	0.0523389	-0.0447142	-0.0228258
8000000.0001	0.14202	0.0170804	0.0180377	-0.0259612	0.0422367	0.125166	0.0200368	-0.119701	-0.00218019	-0.0466792	-0.030379	-0.00401058	0.0642441	0.0553066	-0.005838	0.048113	0.0224375	0.0199089	-0.0183676	0.101338	0.0240199	-0.0600892	-0.00567795	0.0412909	0.00879763	-0.00469299	-0.0258623	-0.079499	0.0204719	-0.0155293	0.0128922	-0.0376479	-0.092347	-0.00279229	-0.0633386	0.0142892	-0.0762688	0.00240079	0.0199977	-0.0434906	-0.0212675	-0.131544	0.0277111	0.0800793	-0.0747176	-0.0326513	0.0423963	0.0544083	-0.08941	0.0394473	0.0954609	-0.0431333	-0.00407647	0.00789057	0.0424259	-0.00276264	0.110247	-0.0100539	-0.00472147	0.170853	-0.0434393	-0.0258553	0.0696916	0.0175197	-0.0289111	0.0176834	0.0916913	-0.0629472	0.0552826	0.00825092	-0.0727618	-0.0331491	0.056113	-0.0051555	-0.0520421	0.113398	-0.0907946	0.0917167	-0.0199951	0.000398675	0.0458153	0.00195315	-0.0217549	-0.102297	-0.125929	0.017209	0.00396261	-0.0816568	0.00187859	0.064079	0.180826	-0.12157	-0.0418146	0.0180884	-0.0360119	0.0551862	0.0505132	-0.133708	0.105398	0.0545418
8000000.0001	-0.0739243	0.0222454	-0.0882128	-0.0792213	0.0658271	-0.0231857	0.0784913	-0.125632	0.10885	-0.0631627	-0.0546602	-0.0809682	-0.0527075	0.00788447	0.00843679	0.033728	0.00479738	-0.152808	0.0132335	0.0768573	0.0372511	-0.0849033	-0.0333688	0.00759101	-0.0396711	0.0172783	0.0101512	-0.0129959	0.146503	-0.0260178	0.0416769	0.00466398	0.0550072	-0.00611423	-0.0696955	0.118261	0.0285546	-0.0891284	0.0981062	-0.00268393	-0.0948073	0.0471525	-0.0429443	-0.0466124	-0.0539099	0.0190888	-0.0903123	-0.0754476	-0.0335443	0.0401387	-0.00154704	0.0388394	-0.0593568	0.0297156	0.0318948	-0.015691	-0.101171	0.00645597	0.0982504	0.0585567	0.0396247	0.052661	-0.0129884	0.0255491	0.0352164	0.0536635	-0.020002	0.0522732	-0.105804	-0.0217558	0.0322916	-0.0567368	-0.0840622	0.0419726	-0.0142936	0.0969348	-0.0648761	0.00345455	-0.0407907	-0.0299427	0.0520626	-0.098939	-0.0811819	0.113478	-0.0158143	-0.0487908	-0.0324839	0.0234759	-0.0109687	0.00823287	-0.0610453	0.0572436	-0.0502994	-0.0431891	-0.0497021	0.0953308	0.0454826	0.0229964	0.0222551	-0.0569282
8000000.0001	0.0562374	-0.0988298	0.0228895	0.0898915	0.0211827	0.0108245	-0.0386609	-0.0429803	-0.0774132	0.035989	0.000927143	-0.0655143	-0.0168436	-0.0245041	-0.00985357	-0.0349543	0.0284562	0.0399178	-0.0896397	0.0262907	-0.0161274	0.102805	0.0251692	-0.161688	-0.0119785	0.0762312	-0.0108372	-0.103375	-0.103852	0.0601171	0.117301	0.0147045	0.0047209	-0.00117575	0.0554675	0.0524564	-0.108102	-0.0528989	0.00447746	0.0261937	-0.00861201	0.0318596	-0.0743946	0.0199007	-0.0639404	-0.00701479	0.0447142	0.0486892	0.0203727	0.0439025	0.00706354	-0.00644191	0.0250176	0.0742244	-0.0342017	-0.0712334	0.0323375	-0.00937156	0.0680755	0.000365457	-0.0271182	0.0558486	-0.0446642	-0.0432379	0.0424686	-0.0119091	-0.00651208	0.105816	0.00685596	-0.0844212	0.0169049	0.0259583	0.00287764	0.0690194	-0.0410524	0.0805963	0.0733934	-0.0616784	-0.000156745	0.00756638	-0.0416822	0.00678044	0.061927	0.0362978	0.0165684	0.0486458	0.0458601	0.00113676	-0.0206439	0.0873053	-0.110654	-0.0664188	0.0208202	0.0269892	0.0707416	0.0206331	0.0103531	0.0778598	0.0703514	-0.0890418
8000000.0001	0.0779705	0.0948437	0.0697692	0.0296393	-0.0387134	0.027191	-0.0176003	0.143762	0.0472563	-0.00124078	0.00883421	-0.0765663	0.0186453	0.0467707	0.0508372	-0.0164713	-0.0459346	-0.0730168	0.0450503	-0.0721314	-0.0167953	0.0174053	-0.107549	0.024487	0.0440135	0.0251513	-0.0701185	0.0545082	-0.00134644	0.140668	-0.0152946	0.0437399	0.0492613	0.0111771	0.128402	-0.105008	0.0895627	-0.183189	-0.0300855	-0.03657	0.0847568	-0.00928824	0.169171	0.00211196	0.00723262	0.0149142	-0.016009	-0.0794497	-0.0254602	0.0558291	-0.0702325	-0.0572245	0.000746646	-0.0602764	-0.0797667	0.0202988	-0.00922917	-0.00684257	0.0700771	-0.0263624	-0.00397608	0.0786278	-0.021462	-0.0502689	-0.00377734	0.0153794	0.0674214	-0.125913	-0.0114417	0.0830773	0.0420583	0.0539541	0.0567492	-0.104398	0.0146095	0.0401335	-0.0311981	0.0871413	0.0801392	0.0910836	0.0731941	-0.00152212	-0.064122	-0.0149213	-0.0884164	-0.00570302	0.0768608	-0.195199	-0.00127414	-0.113393	0.0120041	-0.0178618	-0.0111258	-0.01822	0.08457	-0.0171607	-0.0260527	0.00512986	-0.0489843	0.0957446
8000000.0001	-0.0976899	-0.0412148	0.0401742	-0.0235224	-0.0174688	0.021644	-0.0127458	0.0597903	0.0324578	-0.0701397	0.0106852	0.0213432	0.0691876	0.0670164	-0.0487906	0.120898	0.0132979	0.0106918	-0.0771784	-0.0108612	0.00133556	-0.00682213	0.0364444	-0.041246	0.0750627	-0.0672508	-0.0137522	0.144393	-0.011177	-0.148031	0.0468105	0.0689862	-0.0175757	0.0317347	0.0167917	-0.0755599	0.0132177	-0.0504977	-0.0452492	-0.0261957	0.0839016	0.0381471	-0.00789535	0.0611785	0.0383294	-0.0855851	0.0622327	-0.0121864	0.0210559	0.00261706	0.0692179	0.0816712	-0.125116	0.0392873	0.0209561	-0.00712163	-0.0318786	0.0335068	0.0727685	-0.0281184	-0.0525814	0.0186068	-0.0459363	0.0603216	0.0599719	0.0589003	0.0827581	0.0575142	0.00653538	-0.0456759	0.0711583	-0.000139759	0.00235997	0.00619611	-0.0343807	0.0626153	-0.0249245	0.0024879	0.0754189	-0.0644131	0.0513318	-0.040211	-0.0442073	-0.0622627	-0.11748	0.047843	-0.00398638	-0.0161348	-0.0750004	0.0826613	0.0270094	-0.0467848	-0.130052	0.0734814	-0.0321447	-0.077356	0.055646	0.0460973	0.0597812	-0.130937
8000000.0001	-0.0348972	-0.110356	0.0516827	0.0156439	0.169949	-0.0323466	-0.0664085	-0.0247524	-0.0708845	0.0186302	-0.0335641	-0.0181566	-0.0640973	0.0088038	0.000537838	-0.108574	-0.0106558	0.0763738	0.0146507	-0.0152951	-0.0170481	0.00585406	-0.0124549	-0.0120083	0.0757761	-0.0112629	-0.147431	-0.0466012	-0.0105897	0.0329807	-0.050738	0.0145137	-0.0550543	0.0356642	-0.0270841	0.0269821	-0.0350247	-0.0654385	-0.0341067	-0.0282414	-0.0626014	0.0317853	0.00295147	-0.0099346	-0.0978889	0.0626967	-0.0810993	0.126775	0.0387426	0.0808766	0.0429947	0.0262621	-0.0129242	-0.0348148	-0.00897453	0.0394195	0.00488572	-0.0472946	-0.0487737	-0.0496237	0.0042948	-0.100135	-0.016772	-0.0525825	-0.0664614	0.099271	-0.033165	0.0498312	0.0317718	0.0951216	-0.0166081	0.0337768	0.0118487	-0.00412126	0.0740405	0.0784912	-0.0102297	-0.00384855	0.0125714	-0.113099	-0.0748384	-0.0180521	-0.00122738	-0.00517227	-0.0059322	0.0347842	0.0389427	-0.0965203	-0.0440598	-0.0533534	-0.0136063	0.0617459	0.0206698	-0.117649	0.0141598	0.00393461	-0.0711492	-0.0571266	-0.0130496	0.0436756
8000000.0001	-0.0506239	0.0106859	-0.00966309	-0.0341583	0.0572585	-0.022305	-0.031437	-0.04301	0.017053	-0.0649135	0.0168718	0.0328016	0.0322264	-0.124799	0.0278227	-0.0480968	0.0893238	0.0793332	0.0236311	-0.0112715	-0.0519444	-0.0194243	-0.0780963	-0.120682	-0.0296477	0.0315127	0.0180867	-0.070292	-0.0232407	0.0370513	0.0699291	0.0103846	0.0611416	-0.0147708	-0.0211714	0.071053	0.016629	0.0233307	-0.0755201	0.0668055	-0.0886188	0.0794865	0.0222762	-0.0201193	0.0370514	-0.0925926	-0.0146863	0.140132	-0.0302857	0.0695506	0.0087845	-0.0224654	-0.0383946	-0.0868517	-0.0420753	0.0172932	0.0568161	0.0152099	0.0348949	-0.03898	-0.010658	-0.100167	0.0227765	-0.106651	-0.0581916	0.00493998	-0.137854	0.0940947	-0.13028	-0.01712	-0.0281756	-0.0386918	0.0244614	-0.0667457	-0.0267099	0.0260728	0.0139491	0.0399888	-0.0338762	0.0470759	0.095004	0.0369722	0.0669819	0.020713	-0.0463956	-0.0462946	0.0015666	-0.0767306	0.0776044	-0.0097542	-0.0109137	-0.0894124	-0.00276502	0.0121867	-0.0812943	0.00364264	-0.06714	0.0344909	0.0571768	-0.0163887
8000000.0001	0.0418311	-0.0550771	-0.0655006	-0.0204239	0.0278088	-0.0137785	-0.0337902	-0.112239	-0.0519379	-0.0992776	-0.0810823	0.0852599	0.0303779	-0.0308697	0.0187488	0.0135922	0.0347354	0.0496359	0.0176245	0.0403717	-0.087673	0.0461261	0.0108976	-0.00636883	-0.0231292	0.215294	-0.206245	0.0440413	-0.0447122	0.0247116	-0.0317469	0.0378872	-0.0431588	-0.0162884	0.0687113	0.0176988	-0.0263153	-0.0414729	-0.0536696	0.0609654	0.0253501	0.0151818	0.00172863	-0.0530489	0.0515466	0.0636878	-0.0502975	0.058214	-0.0911225	-0.0295881	-0.00385195	-0.0576503	-0.112979	0.0225846	0.0114771	-0.0556723	-0.0222195	-0.0496075	0.104363	-0.0470828	-0.0829638	-0.0823006	-0.00684598	-0.0481664	0.0307611	0.0165956	-0.0298715	-0.0138302	-0.108946	0.075521	0.0836582	-0.0731776	0.0212543	-0.0502764	-0.0167735	-0.0748072	0.0932917	-0.0342076	0.0482832	-0.0569292	0.0701887	-0.0184378	-0.0288117	-0.0233332	0.0618854	-0.111002	-0.0366295	-0.0367975	0.0353144	-0.0385244	-0.067834	0.0199382	0.00299303	-0.0122672	0.0611941	-0.0409741	0.0169751	0.0338592	0.0117765	-0.0195071
8000000.0001	-0.0016564	0.0113539	0.126731	-0.0563762	0.017325	0.0513732	-0.0143588	-0.0387441	0.0125973	0.0691867	0.0906202	0.0182262	-0.0381181	-0.0390834	0.00548511	-0.0712463	-0.0341533	0.0599737	-0.200571	-0.0370738	-0.0530686	-0.0805324	0.116733	0.00551405	-0.00231383	-0.0327746	0.0406107	0.0668367	0.072374	-0.00178754	0.0884062	-0.014624	0.00967075	0.0384823	0.0570554	-0.0404082	-0.0838361	0.0270159	-0.0337075	-0.0826744	-0.0570825	0.0904155	-0.00184477	0.0275546	0.00738878	0.0182036	0.0068919	-0.11229	0.029788	-0.0154491	-0.0225608	0.0186589	-0.0941941	0.0286768	0.0143382	-0.0172006	-0.0295496	-0.0102386	0.0192651	0.0444614	-0.00132649	-0.0391357	0.0155598	0.145318	-0.00428351	-0.11118	0.021748	0.0711513	-0.0706409	-0.0118915	-0.049341	0.0416409	-0.0770062	0.0582348	-0.0506617	0.142192	0.062623	0.0331572	-0.023324	-0.059688	-0.0548968	0.0939684	0.0799801	0.15708	0.0290507	-0.0627528	-0.0360536	0.0729164	0.142877	-0.0379898	-0.0628877	0.0228933	0.0114014	-0.0182663	0.0830452	0.0162365	0.0244598	-0.0508591	0.00847553	0.00861574
8000000.0001	0.0112541	-0.0964981	0.0299281	0.105736	-0.0168425	0.0431809	0.11977	-0.117093	-0.0961769	0.0516883	-0.0957275	0.0804648	0.0576911	0.0501117	0.108636	-0.0105807	-0.0451961	0.12224	0.0519094	-0.00558436	0.00197352	0.0563413	-0.0991905	-0.0730067	0.0918852	-0.0796545	-0.00799948	-0.0227972	-0.023291	-0.104923	0.0285459	0.0518545	0.0481626	0.00704811	0.142274	-0.083783	-0.00921959	0.0255239	0.0456705	-0.144714	-0.000787114	0.0013538	0.0532082	-0.0586444	0.00439103	-0.0980897	0.0954988	0.0837697	0.0207229	-0.0517086	0.025052	-0.056416	0.0198789	0.00492178	-0.0515061	-0.0400471	-0.0396074	0.0371929	0.106349	-0.036186	0.0692443	0.0243058	0.0315732	-0.0392589	-0.00850967	0.00243055	0.0902003	-0.0280346	0.0367287	0.00459306	0.0730766	0.0252825	-0.0197927	-0.0149752	0.0472481	-0.0268815	0.0514004	-0.155365	-0.00514223	-0.0556455	0.052412	-0.0254345	-0.0348823	-0.0551337	-0.0296526	0.0108058	0.104328	0.00329888	0.0267487	0.0282525	0.000332392	0.00793111	0.200872	0.00739713	0.0804889	0.189367	0.0107853	0.00627939	-0.00165269	-0.0102355
8000000.0001	-0.0656327	-0.0329574	0.0600033	-0.0134883	-0.217067	0.140317	-0.0199658	-0.0172789	0.0389848	0.0497261	0.0272512	-0.0656288	0.00930749	0.0430702	0.0287365	0.0993963	0.00815643	-0.0544326	0.0147513	-0.0613955	0.0249667	0.0164734	-0.0638913	0.0456853	-0.0304547	0.102123	0.044766	0.0374354	0.00146479	0.0247853	-0.0311244	-0.00412394	-0.0352715	-0.0162046	-0.0149841	0.0390701	0.017319	-0.0857549	-0.0751247	0.0484884	0.0623176	-0.0354364	0.055484	0.0662502	0.0354913	-0.0075241	-0.0401792	0.0446489	-0.0675286	-0.019242	0.00907252	0.0148883	0.0264768	0.0420846	-0.0809701	0.0346617	-0.0414172	0.0158279	0.0397884	-0.0396599	0.0465863	-0.016852	0.0620754	-0.145342	0.00156082	0.0141675	0.0526212	-0.108012	-0.147249	-0.0102022	-0.0269429	0.0642338	0.0108522	0.00406068	-0.031545	0.103328	-0.0364124	-0.0723872	-0.0343992	-0.0206629	-0.0140411	-0.0801429	-0.000295811	-0.037882	-0.020751	0.0363778	-0.0261525	0.0337201	-0.00694999	-0.0476737	0.0232777	-0.0679515	-0.121626	0.0202518	0.0807909	-0.0508573	0.0571743	-0.124986	0.0959894	0.0384914
8000000.0001	-0.0270905	0.0713328	-0.0771429	0.0229826	0.0155049	-0.0388784	-0.0216038	-0.0106483	-0.00627928	0.000822435	-0.0297721	-0.0161835	-0.073402	0.0356855	-0.0371043	-0.0960632	0.115872	0.0298514	0.0334758	-0.0351473	0.0256348	0.0132472	-0.0747679	0.0206244	-0.0862349	-0.000293997	-0.00260997	-0.0380879	0.0145715	-0.0455062	-0.0244368	0.122387	-0.0637654	-0.033668	-0.0457249	0.0396931	0.0457141	-0.106626	0.0473791	0.035808	-0.0616372	-0.0348011	0.0380763	0.0126468	0.0263218	-0.0349567	-0.0645769	-0.0467995	-0.10979	0.0660248	0.0755016	0.117606	0.0153874	-0.0373417	-0.0920829	-0.0673288	0.0693251	-0.0314529	-0.0888163	0.0125438	0.0123504	0.158113	0.0198421	0.0566645	-0.0493839	0.0974446	-0.0482149	0.0134148	0.0165913	0.00378207	-0.0457327	0.000972692	0.0165648	0.0350033	0.0933044	-0.0569306	-0.0319786	-0.0702211	0.0475254	-0.0801312	-0.0150815	-0.0764625	-0.0660346	0.115942	-0.035134	-0.0469855	0.00873403	0.040554	-0.0306766	0.0410228	0.0690488	0.037151	0.0266092	-0.0491305	0.0900969	-0.00524838	-0.079505	-0.0507476	-0.0580395	-0.00330397
8000000.0001	0.0299699	0.0777554	-0.0680555	-0.024437	-0.110418	-0.096935	-0.0830193	0.0474353	0.0129282	0.0166885	0.000242401	0.00261289	-0.0471913	0.102021	0.0832963	-0.0312642	0.0445119	0.0238188	0.00525861	-0.0105759	0.0360578	-0.119357	-0.100243	0.00858694	0.0277636	-0.014042	0.00503874	0.0124628	-0.0360978	0.096619	-0.0467159	-0.05256	-0.0721657	0.0893017	-0.0370333	0.0709441	0.0185807	0.0257298	-0.0416359	-0.101054	-0.027859	0.105616	0.0176353	0.0022521	0.0262416	0.025069	0.137911	-0.0755598	-0.0140642	-0.0232321	-0.0425168	-0.0676842	0.0382256	0.0170433	0.041672	-0.0942695	-0.0218059	-0.0890749	0.00228722	0.0370666	-0.0251893	-0.109006	0.00170978	0.0423563	0.0319254	-0.0860467	0.0934714	-0.0483375	0.0182409	-0.0540381	0.0850777	0.0244253	0.115531	0.030282	0.0316547	0.0122052	-0.0100931	-0.014807	-0.0221537	0.052242	-0.0260987	-0.117169	-0.0736576	0.0239628	0.0691065	0.00740712	0.0742855	0.0124493	-0.0389157	0.0753098	0.0815182	-0.00218333	-0.0998263	0.0387427	0.00429875	0.00722255	-0.0618465	0.00170751	0.020817	-0.000726911
8000000.0001	0.0851027	0.014674	-0.0695898	0.0440606	-0.00943601	0.0215962	-0.0838595	0.0146588	0.0155331	-0.0664362	-0.052158	-0.0493544	-0.0390153	-0.0130761	0.0323455	0.0844782	0.0815639	-0.0919922	-0.0289711	-0.0639408	-0.00195533	-0.0647262	-0.0177827	-0.036301	-0.0257649	-0.0106506	-0.00178243	0.0283724	-0.0483024	-0.00890994	-0.0705566	-0.0413256	0.0364835	-0.0396947	-0.000455639	0.058518	0.0368938	0.0340979	-0.0806896	-0.0211307	-0.0137409	0.0888042	-0.00496102	0.0138939	0.016597	0.102446	0.0265913	-0.151275	0.0263336	-0.0517203	-0.000809321	0.0374666	0.0233246	-0.0412916	-0.0456	0.0310921	0.00660924	-0.00639426	0.000816179	0.0232148	0.0231141	-0.0380846	-0.0124186	-0.0762652	0.115561	0.0928536	-0.0496127	0.0203613	-0.0129324	0.0270021	-0.0742885	0.0426376	-0.00421267	-0.0656149	-0.00186588	0.0940952	0.0139847	-0.0247245	-0.0525129	-0.0298592	-0.00512136	-0.0118502	-0.0119722	-0.0506941	-0.120812	0.0371386	-0.0495654	0.162767	0.0869686	0.0251438	-0.0876297	0.0393011	0.0463009	-0.00390951	-0.0167305	-0.156617	-0.0184714	0.00807606	-0.0443423	0.013967
8000000.0001	0.0384176	0.0842178	-0.0229504	-0.0549311	0.00517265	0.0975621	0.013232	-0.0570024	0.0156039	0.0845365	-0.0912992	-0.0139369	0.0767173	-0.0369741	0.011479	-0.0708674	0.0113134	0.0103265	0.0168326	-0.0603387	0.0234317	0.0342383	-0.0270143	0.061176	0.0117787	-0.0306598	-0.0385241	-0.00819481	-0.0496666	0.0355657	0.0333152	-0.0387457	0.0824831	-0.0250271	0.0203217	0.121686	-0.13604	-0.0152163	0.119861	0.0868637	-0.0320074	-0.0536372	-0.0199803	-0.0127577	0.0673194	0.0705982	0.0135983	-0.000643216	0.0563882	-0.120117	0.0205675	-0.0630432	0.106775	0.0295423	-0.00979245	-0.0402744	-0.00647397	-0.0451141	0.0373847	0.0102738	-0.0812132	-0.0506407	-0.081698	0.0601398	-0.0709248	0.0138546	0.0266904	-0.0629605	0.0746455	0.0681482	-0.0745666	0.0443046	0.0292987	-0.0422873	-0.00877267	-0.0393232	-0.0226728	-0.0683422	0.00748866	0.0584756	-0.0402502	-0.133717	-0.00212983	-0.00878614	-0.0131744	-0.0258658	0.0869386	-0.1001	-0.0318506	-0.0104786	-0.0420314	0.0973297	0.033652	0.00917178	0.0328142	-0.055439	-0.061614	0.0018211	0.0230897	-0.0882856
8000000.0001	0.0444384	-0.0272315	0.0535177	0.0350186	0.0731606	-0.0163921	0.069283	-0.0666902	0.0190085	0.154283	-0.0713559	-0.0434856	0.0176809	0.0307595	-0.015819	0.0596742	0.0939227	-0.0724379	-0.0820597	-0.0542527	0.0118825	-0.0275792	0.0404118	-0.0142742	0.0124243	0.0112767	-0.0153406	0.0255726	-0.140834	0.0329659	0.0638226	-0.0470951	0.0164692	-0.0646433	-0.0350953	0.103227	0.0704417	-0.0491736	0.024773	0.0630732	-0.119597	-0.118581	0.0286716	0.0794177	0.067809	0.0221304	0.0139636	0.00114785	-0.0192319	-0.0374245	0.142714	0.0221181	-0.0184278	-0.116275	0.0357866	-0.0565883	-0.0465942	-0.05849	-0.0652651	-0.08	0.0462038	0.0485341	-0.0377936	0.00158193	-0.00756099	-0.0319509	0.0663156	0.0225653	0.0146911	-0.0801331	0.122234	0.0128844	-0.0198799	0.0491242	-0.0474734	-0.136911	0.0362003	0.0518965	0.0523951	0.073181	0.0585574	0.0366719	-0.0437116	0.011146	0.0879385	-0.0681078	0.0870555	-0.0605895	-0.0358499	-0.0610671	0.0448095	-0.104064	0.0237659	-0.0253087	-0.0192377	-0.0465227	-0.0278487	0.0694715	0.0327406	0.00417755
8000000.0001	-0.05034	0.0874683	-0.000452169	0.0281394	-0.00938896	-0.0304479	-0.0384915	-0.0793736	0.0548791	0.0372737	0.0706163	-0.00279873	-0.0188338	0.0862261	-0.0812594	-0.108356	0.0286384	0.0413979	-0.0850215	-0.0017165	-0.0349965	0.0194291	0.135075	0.0557725	-0.0327346	0.0450344	-0.022565	-0.0472906	0.00271576	-0.0231868	0.0258274	0.0328338	0.147806	0.0339235	0.0361935	-0.0495346	0.00434014	0.0267904	-0.0767432	0.0228399	-0.000246166	-0.0672683	-0.0281232	-0.0116974	-0.144046	-0.0252639	0.0263963	-0.0246439	-0.0319683	0.0507506	-0.0117548	0.000947621	-0.0455033	0.0474865	0.0185745	-0.0320596	-0.012187	-0.0336051	0.00461245	0.0247432	-0.0255633	-0.0133315	0.0993336	-0.117926	0.0453994	-0.0254194	-0.04896	-0.0112065	0.0509515	0.0686002	0.065193	-0.0586698	0.0337873	-0.0726788	0.00683151	-0.0187024	-0.00901598	-0.0452351	-0.000290252	0.0991277	0.0345299	-0.0051548	0.0503186	0.0357804	0.0451067	0.0329971	0.0319983	0.0913506	-0.0500023	0.0899701	-0.0879694	-0.0529645	0.111964	-0.0260167	-0.0652723	-0.0213977	0.00603076	0.019515	0.0100694	0.0456036
8000000.0001	0.0185009	-0.033562	0.0320854	0.0902718	0.044295	0.0134474	-0.0705742	0.00203951	-0.000264658	0.050393	-0.0151237	0.113355	-0.0653644	0.0728298	-0.0281943	-0.0241222	0.0371037	-0.0723206	-0.0801239	0.00958917	0.0348891	0.0279689	-0.00582884	0.0893897	-0.0345048	-0.0524346	-0.0362061	0.0856344	0.0263913	0.070445	-0.03242	-0.0852992	-0.0115663	0.0139451	-0.0541788	0.019065	0.0666851	-0.0810891	-0.056082	0.0489783	-0.017305	0.0307418	-0.101591	0.00563493	0.0189615	-0.0985444	-0.0717154	-0.00981282	0.0374848	-0.00698155	0.0343435	-0.00466182	0.051078	-0.0158355	-0.0223496	-0.0400524	-0.0184804	0.0308451	0.0120471	0.0656852	-0.054272	-0.0491224	-0.101265	-0.012056	0.0522555	0.0306508	0.0467954	-0.0526633	0.000862785	0.053044	-0.0897145	-0.0319667	0.019279	-0.00903402	0.0732897	0.0034568	-0.00988321	0.0629004	-0.0567753	-0.13898	-0.0212946	-0.0225086	-0.0854141	0.0523433	-0.100039	-0.0228554	-0.0368764	0.0127581	0.0213848	-0.0605402	-0.00881712	-0.00268228	-0.1064	0.106896	0.0500624	0.0220989	-0.0478813	-0.0760876	0.0474957	0.0537798
8000000.0001	-0.0115055	-0.00439807	0.0972155	-0.00860422	0.131048	0.0169631	-0.0257016	-0.106956	0.0801211	-0.0360502	-0.0650453	0.0427926	0.0224932	-0.00324533	0.0867219	-0.0980583	-0.0256752	0.0231022	-0.0545036	-0.114104	0.0122858	0.0478636	-0.0300229	0.0254124	0.00314722	-0.036634	-0.0436203	0.0576758	0.0509252	0.0795313	0.0544087	-0.0114378	0.0173586	0.0632991	-0.0552682	-0.048953	0.117388	-0.119613	0.00524199	0.0245826	0.0451876	0.0516121	-0.0715151	0.0301901	0.0468196	0.0623614	0.00283912	0.105532	0.023666	0.0287944	0.0676518	-0.037986	0.0221696	-0.0400692	0.0732812	-0.0262497	-0.0504647	-0.0789759	-0.147036	-0.0791278	-0.0256996	0.0435463	0.0622714	-0.0304157	-0.125738	0.0352535	0.00479449	0.00250356	-0.0236972	-0.0499523	0.0757859	-0.00868531	-0.0758237	0.0290164	0.0475905	-0.101566	0.0406352	0.0232843	0.0369574	-0.0270326	-0.00218304	-0.034617	-0.0544396	0.0101288	-0.03336	-0.0200722	-0.0104523	-0.00300096	-0.0408285	-0.0602571	-0.0953271	0.0489493	-0.100205	0.0255575	0.0389839	-0.0787907	-0.0666729	-0.0240364	0.00168408	0.00743064
8000000.0001	-0.0702911	-0.0792053	-0.0175635	-0.0893008	0.00478709	0.114582	0.00527744	0.153682	0.00943201	0.038948	-0.0761155	-0.0214482	-0.0119991	0.08647	-0.0280275	0.0298579	-0.0186038	-0.058253	0.0101225	0.014975	0.0654171	0.0199031	0.00812799	0.0223995	0.021482	0.0218961	-0.00479261	0.0681073	0.096976	0.0504449	0.0513123	-0.101555	0.0392868	0.00704924	-0.124944	0.011727	-0.0146683	-0.0247568	-0.0035773	0.0315492	0.00114818	0.0026627	-0.0540978	-0.0760171	-0.039749	0.0281901	0.00165418	0.024323	0.0308351	-0.0604151	-0.0424939	-0.0221701	-0.0404466	-0.0133927	-0.0829938	-0.0530224	-0.0463785	-0.0140515	-0.0634155	0.0334589	0.000410745	-0.0578949	-0.0126349	0.0415272	-0.0608473	-0.0330157	-0.0223528	-0.0730262	-0.0674999	0.00159003	-0.0454696	0.0559885	0.078092	-0.0764035	-0.000306039	-0.0137465	-0.0467781	-0.0191798	0.0702931	-0.0158466	0.0251809	0.00931871	0.0248625	-0.00197956	-0.0168965	0.0662995	-0.016102	-0.029291	-0.115364	0.0368529	0.117269	-0.0308921	0.0519434	0.0153946	-0.0158194	-0.0756657	-0.0532744	0.0793143	-0.0189833	0.000345836
8000000.0001	-0.00749952	0.13901	0.0165974	-0.00483352	0.00365727	-0.0704428	-0.0812108	0.0147851	-0.00754248	-0.0879853	-0.0459145	0.0325916	0.045863	-0.0502194	-0.0375619	0.0292044	-0.0170649	-0.0508017	0.100496	0.118489	-0.0956096	-0.0237849	-0.0528111	0.0531398	-0.158424	-0.0271122	-0.0415214	-0.0543743	0.0358071	-0.0493501	-0.0901699	0.0142193	0.0192851	-0.0393699	0.0346833	-0.0627022	-0.0439957	-0.0284568	0.0578973	-0.0481311	0.0207835	-0.00841369	-0.0825777	0.0361506	0.0219663	0.00830175	-0.055096	-0.139554	-0.043542	0.010061	-0.0421925	0.0516242	-0.0580827	-0.0186256	0.00684932	-0.0692337	0.041745	0.0114541	-0.0389963	-0.0384664	0.0433047	-0.0237221	0.0904066	0.0335293	0.00629709	0.111391	0.0309859	0.0119429	0.0133809	0.066968	0.0225815	-0.000600217	-0.0433217	-0.026272	0.0636416	0.0984739	0.0319851	-0.0298012	0.0398024	-0.0300075	-0.0547175	0.060063	-0.0705855	0.0278353	-0.0675042	0.0620071	0.000226124	-0.00403095	-0.0851994	0.00970889	-0.0297404	-0.055756	0.0348506	-0.00284636	-0.0119521	-0.042779	-0.0395064	-0.0592649	0.094612	-0.0412767
8000000.0001	-0.0444809	-0.0170395	0.0192921	0.058657	0.0280812	-0.0729637	0.0234921	-0.0970768	0.0260349	-0.0375466	-0.0458753	0.0758797	0.0103232	0.0835004	-0.0549374	0.056901	0.0856	-0.144433	-0.0296736	-0.038188	0.0335193	0.0627535	0.0251286	0.0304189	0.0250994	-0.0878567	0.118716	0.00134793	0.0702025	0.087702	0.0444562	-0.0396433	-0.055724	0.00681715	-0.013891	-0.1405	-0.0070405	-0.0612511	-0.0425179	-0.0833445	-0.0392367	0.00399346	-0.0299704	0.0607466	0.022297	-0.000831481	0.0752787	0.0225713	0.000196946	-0.0108781	0.0684883	-0.0526758	0.0159104	-0.0355365	-0.0454337	-0.0269696	-0.0136037	-0.0802733	0.0018833	0.0428064	0.0327725	0.0101635	-0.0551197	0.0248931	-0.0929469	0.0551101	0.0384888	0.0467584	-0.00534291	-0.0039367	-0.0424717	0.0198023	-0.0244122	0.0334594	0.0322615	0.057637	-0.0499644	-0.0497897	-0.0889461	-0.0304397	0.0655936	0.102874	-0.055525	0.0624596	-0.0361381	0.00177599	0.0136926	0.00764956	-0.0228781	-0.0439374	0.0360238	0.0644269	-0.0282362	0.0289021	0.0149109	-0.0781039	0.0162961	-0.0204541	0.123998	0.00754661
8000000.0001	0.119177	0.00916285	0.0811982	-0.0179557	0.0162472	-0.0416797	0.0193294	0.010563	-0.0672088	0.0553621	0.076408	-0.0669382	-0.0663284	-0.0229725	-0.106216	0.00389238	0.00377839	0.0230199	0.137442	0.0111981	0.0429478	-0.0171805	-0.00510669	0.0377937	0.115806	0.00622841	0.0808582	0.0441911	-0.046826	-0.0406174	0.0887648	0.0638759	-0.0505377	1.89139e-05	0.0820149	0.0248118	-0.0862286	-0.0678632	-0.065159	-0.0924951	0.0975038	-0.0141786	-0.0801312	-0.0282768	-0.0205609	0.0207299	0.0327571	0.0142824	0.0112292	-0.0147705	0.0896018	0.050585	-0.0105159	-0.0616863	0.0918576	-0.00880614	0.0330029	-0.13562	0.0585995	-0.0377039	-0.00503616	0.0290786	-0.037418	-0.0918132	0.0113657	-0.0742949	-0.0739575	-0.0215804	2.10638e-05	-0.00765255	-0.0116996	0.0122996	0.017317	-0.121482	-0.0414756	-0.0144014	-0.00741022	0.0262123	0.0486669	-0.000222126	-0.0986597	-0.0166348	-0.0360537	-0.0628275	0.0971357	0.0372871	-0.00835521	0.035158	0.0600665	-0.0147988	0.0255158	0.128077	0.0483915	-0.0319524	0.0653042	0.0590836	-0.0149241	-0.0104238	-0.00898377	0.0339604
8000000.0001	-0.0111145	0.0864652	0.000627128	0.00550089	-0.0343834	-0.0355498	-0.109039	-0.00348007	0.0147058	0.0470177	-0.0137589	-0.0121557	-0.0233634	0.0770115	0.0802995	-0.0540989	0.0204358	0.0114075	-0.0108498	0.0222146	-0.0237965	-0.0311205	0.0470141	-0.0726272	-0.0402066	0.046038	0.0644845	0.0563939	0.0207288	-0.0151347	-0.103364	-0.0735413	-0.0302853	0.091679	-0.0285581	-0.0217745	-0.0785842	0.0155882	-0.0417747	-0.0959525	0.0856642	-0.0415293	0.0430728	0.0114438	-0.0253894	-0.000266524	0.0410903	-0.077252	-0.0715173	-0.0279366	0.00145695	0.051531	0.0296795	0.0195522	-0.00638767	-0.0969858	0.0354503	0.049962	0.0250777	0.0861389	0.0789201	0.0339825	0.00026341	0.0379932	-0.0176798	-0.029879	-0.0896911	0.0279811	0.00573399	0.0672086	0.0194811	-0.0248064	-0.0551537	-0.0358904	0.0300376	0.0346996	-0.0760792	-0.0532916	-0.00875128	-0.00719679	0.0477292	0.0771059	0.0819797	0.00295211	-0.0204208	0.0159492	-0.0107386	0.0628918	0.00259716	-0.0309498	0.0050394	-0.0052695	0.00835674	0.0472051	0.0260743	-0.0194476	-0.00186621	-0.0481406	0.102968	0.055411
8000000.0001	-0.0328977	-0.033617	-0.0137363	-0.0686429	-0.0200189	-0.0564992	0.00686844	0.0141022	-0.0463889	-0.0284426	0.0377097	-0.000860355	-0.0793662	-0.048185	-0.0266401	-0.0444784	0.0402735	-0.0114702	0.0183561	0.0493254	0.0312402	0.012874	-0.0420179	0.0254798	-0.0233023	0.0082872	-0.0188711	-0.0316531	0.0762921	-0.0298213	0.0332622	0.00518015	-0.00225045	0.0584518	-0.00471737	0.00258102	-0.0638215	0.00872122	0.00169001	-0.00936481	-0.0221704	0.00447454	0.000807523	0.0601218	0.0351523	0.0338778	-0.0145305	-0.0655216	-0.0359998	0.0172847	-0.10146	-0.0191582	0.0226138	0.0317335	0.0152998	-0.0635875	0.0330172	-0.0077131	0.0793859	0.0169466	-0.022273	0.0195844	0.0771874	-0.119195	0.0996514	0.0745701	-0.0266547	0.0260747	-0.041779	0.0543442	0.0221646	-0.0209731	0.0412674	-0.0325658	0.058272	0.0159305	-0.0108795	0.101907	-0.0533724	-0.0197364	0.059722	-0.0561943	-0.106741	0.0330005	-0.0718042	0.0178714	0.00717315	-0.00521438	-0.054273	0.0607768	0.0863196	0.0406339	-0.0797758	0.0514381	-0.0594801	-0.0145908	0.0497706	0.0435398	0.0305429	-0.0885734
8000000.0001	0.0976333	0.0586862	-0.0880754	0.0580662	0.0519958	-0.00236774	0.0952524	0.0812369	0.0606633	-0.129829	0.0387184	0.00152664	-0.00437942	-0.0597573	-0.0144445	-0.0124696	0.00842977	-0.00574489	-0.0516009	-0.0752099	0.0565523	-0.0459651	-0.0835468	0.0468686	0.045247	-0.0708433	-0.127493	-0.000852876	-0.0257558	0.048763	-0.0725434	-0.0273461	-0.044013	-0.0321092	-0.0397781	0.00801259	-0.0483459	0.0607693	-0.0176651	-0.013621	-0.0624661	-0.0546637	0.00772875	0.0589697	0.0463592	-0.035619	-0.00754731	0.0192515	0.0056958	0.0268676	-0.0946458	-0.0188549	0.0584992	-0.0682807	-0.0503898	0.0919339	0.0225144	-0.0762979	-0.00845503	-0.0512707	0.006499	-0.0402376	-0.00746986	0.0372706	-0.0201549	-0.0184838	-0.0252872	0.0584102	0.0219789	0.0296189	-0.0385494	-0.0274629	-0.0660666	-0.0550439	0.0342955	-0.0148478	0.00710769	0.0749447	0.0293505	-0.113532	-0.033506	0.00157353	0.0387292	0.0766271	0.0246461	0.0733365	0.0507194	-0.0649083	-0.00268985	0.0301426	0.101119	-0.0180319	0.0103219	0.0394552	0.0154987	0.0123883	-0.0360866	-0.0565865	-0.0358646	0.0946852
8000000.0001	0.0110662	0.0587007	-0.0569546	0.0838338	0.0354309	-0.0161235	-0.00522142	0.0339467	-0.0228355	0.0434288	-0.0155263	-0.0176398	0.0198044	-0.0561104	-0.0332691	-0.0932045	-0.0337236	-0.054018	0.013335	0.00665703	0.0157108	0.0304487	-0.0459542	0.0120409	-0.0414735	-0.0108672	-0.0111499	-0.0248143	-0.0184704	-0.0108734	0.0987855	-0.111532	-0.0502808	-0.105479	0.0427593	-0.0351351	0.0221002	0.0325414	0.0415552	-0.0237936	0.0586258	0.0905906	-0.117581	-0.0276912	-0.0137773	0.080699	-0.032486	0.0810956	0.0443584	0.0682368	-0.04438	-0.0167991	0.0347158	-0.0310244	7.38945e-05	-0.00441981	-0.00750398	0.0795453	-0.0178286	-0.0444326	0.0602484	-0.11987	0.0666508	-0.079326	0.0509798	-0.0779997	0.0493254	0.0707434	-0.084063	0.0358827	-0.0127018	-0.000769701	0.0539453	0.0160448	0.0451976	-0.0274914	0.0660117	-0.0343103	0.0274101	-0.00340306	-0.0592993	0.010761	0.00418392	-0.0176031	-0.0198808	0.0483653	0.0282909	-0.065212	-0.0514048	0.000462364	-0.0345977	-0.0463028	-0.102171	0.0362191	0.0943588	0.0127514	-0.0989344	0.0155884	0.0163102	0.00306378
8000000.0001	0.00436957	0.00203927	-0.0769669	-0.00946691	0.0165799	-0.0186884	0.0504081	0.0561857	0.00560653	-0.0421209	0.00874581	0.046473	0.000678015	-0.0695587	0.0406167	0.037124	0.0646322	-0.0343598	0.0087557	0.0563484	0.100407	0.103615	0.00110449	0.0363028	0.106057	0.102497	0.0135207	0.0832326	0.015717	-0.0248943	-0.0486471	0.00454519	-0.0466747	0.0244341	-0.0996577	0.0276119	0.0804119	-0.0568648	0.0467989	-0.0550259	-0.0347579	-0.0979087	-0.0130716	0.0622691	-0.0116818	0.00806195	-0.0231163	-0.0199083	0.0295079	0.0660536	-0.0301366	-0.0194582	0.0824056	-0.0203821	0.0388647	0.0849846	0.0532323	-0.0775232	0.011061	-0.0186917	0.0377148	-0.0519187	-0.0787193	-0.029985	-0.0427874	-0.0248203	-0.0348544	-0.0581356	0.0214585	-0.0365651	-0.0417339	0.080102	0.00285148	-0.0804012	-0.0494386	0.0487688	-0.0255951	0.0488118	-0.0040305	-0.00835902	0.0450845	0.0074588	0.0437972	-0.0562407	0.0197746	0.0409532	-0.0462333	-0.000820624	0.0603217	-0.00331629	0.00819181	-0.0457311	-0.0290519	0.0262736	-0.0167301	0.0815199	-0.0776033	0.0149467	-0.0522724	0.00450917
8000000.0001	-0.00595312	-0.0611164	-0.0662093	0.0976968	-0.00214384	-0.00842732	-0.0609604	-0.0861549	-0.0487604	0.0426401	-0.0331166	-0.0179766	0.0684938	-0.0118177	0.0212571	0.0113595	0.029536	-0.010355	0.017511	0.0411661	-0.0105412	0.00884327	0.0205012	0.0610428	-0.0284985	0.0850744	-0.114722	0.0178433	-0.0837358	-0.0855318	0.000931462	0.00898266	-0.0449029	0.0313044	-0.015225	0.0210911	0.0444866	0.0978248	0.0858966	-0.0257693	0.0534826	0.00474865	0.0775732	-0.0873661	0.0158536	-0.0872109	-0.0690566	0.0438201	0.0193389	0.0770076	0.0461045	-0.0610533	0.00385197	-0.040647	-0.0264683	-0.00133231	-0.0856496	0.0628094	-0.0844469	0.0489316	0.0271285	0.138083	-0.0599255	0.0846509	0.125878	-0.00798199	-0.10374	-0.00673485	0.0186465	0.0259965	-0.0250215	0.036842	0.0044177	-0.00178888	0.0305515	0.018234	-0.0448043	0.0658368	-0.0216081	-0.02117	-0.0294481	-0.0583439	-0.00533189	0.0254383	0.00558416	0.0577222	0.0722895	0.0987021	-0.0911022	0.070523	-0.000536295	-0.0828066	-0.0451133	-0.0939684	-0.0518301	0.0143782	0.0378375	-0.0512454	-0.0176563	0.000528011
8000000.0001	-0.0286826	0.0652787	-0.0638922	-0.0635658	-0.0137443	-0.0282087	-0.00432593	0.0459783	0.0150452	-0.00780396	0.0150718	0.03083	0.060622	-0.0204787	-0.000919953	0.0146151	0.0271942	0.0129797	0.0566987	-0.0812289	0.0179374	0.0142987	0.0360975	-0.0716449	-0.023731	0.0708297	-0.0845972	-0.0382681	0.00375215	0.00288194	-0.0668047	0.0335157	-0.00922396	-0.0367904	0.0169841	0.00669314	-0.0490848	-0.0165034	-0.0315562	-0.0482143	0.0344375	0.041308	-0.0235617	-0.0164965	-0.0146534	-0.016719	-0.00920889	-0.0178144	-0.0904995	-0.14019	0.0708328	-0.0384041	-0.0553918	0.0886893	-0.0383882	-0.0603256	0.0713191	-0.0311995	-0.0485303	-0.00985868	-0.0446131	-0.0671168	-0.066786	-0.0560917	-0.0709667	0.0506216	-0.0558623	0.0965823	-0.0168355	0.0312796	0.0596213	0.0587557	-0.00735743	-0.0694638	0.0305615	0.0505514	0.0112017	-0.0375911	-0.0224252	0.00163566	0.0136647	-0.0981131	-0.0658794	-0.0273605	-0.0145858	0.0319388	0.125211	0.0152133	0.112452	0.0711404	0.0506582	-0.0117921	-0.0332545	0.00761759	0.0186023	0.0293248	0.0675623	0.0459757	-0.0366962	0.0201304
8000000.0001	-0.0474616	-0.0011934	0.0246108	0.00343094	-0.0124039	0.0448293	-0.0215108	-0.0465119	0.0231799	-0.0135275	-0.0422536	-0.045199	-0.039341	-0.0675477	0.0642027	0.0213032	-0.060306	0.0225363	0.0162257	0.0557275	-0.167311	0.0234899	0.0915543	0.00977757	0.00691866	-0.00417294	-0.0554488	0.0073933	0.00530796	0.0804581	0.0145047	0.0376108	-0.0709743	0.0419341	-0.043691	-0.00724566	-0.0447649	-0.0457589	0.0542183	0.0224581	0.04796	-0.00110919	-0.0319848	-0.0658834	-0.0134055	0.0322771	-0.0421884	-0.0364716	-0.114386	0.0209099	-0.0388498	-0.061658	-0.00295711	-0.0232286	0.00381872	0.0811879	0.00717944	0.110827	-0.0382657	-0.0100941	-0.0312421	-0.00609829	0.0522477	-0.0667565	0.0424257	-0.0662622	0.00732638	0.00711016	0.038062	-0.0936021	-0.0273007	-0.0284072	0.0215666	-0.0817872	-0.0289884	0.00528487	-0.00861253	-0.0373478	-0.0229832	0.00711075	0.0449199	-0.088664	-0.0191542	0.0344257	-0.0520724	0.021509	-0.0338541	0.0113281	-0.0631425	-0.0348282	0.0212112	0.0999439	-0.0243427	0.0631885	-0.0478776	0.00786669	-0.00872007	0.00123587	0.0400076	0.117831
8000000.0001	-0.0047265	-0.0413216	0.0520517	-0.0270555	-0.00681857	0.0257642	-0.0699103	-0.0189103	-0.0411828	0.0103482	-0.0754931	0.102295	0.0121951	0.00145562	-0.0353954	-0.0307144	-0.079882	0.025735	0.0684103	-0.017395	-0.0580036	-0.0167227	0.0322046	0.0235346	0.103911	0.106282	-0.0178406	0.0156105	-0.0515495	0.0351392	-0.102494	-0.0226422	0.0415717	-0.140136	-0.00390453	-0.00788214	0.0355021	0.0499456	-0.0118115	0.0351843	-0.0174881	0.121919	-0.0325932	0.0401488	-0.0176992	-0.00696713	0.0132231	0.0565113	-0.0186015	-0.0188284	-0.0248074	0.00380944	-0.00188069	0.0378112	-0.0369866	0.13007	-0.0842634	-0.00252389	-0.0673293	0.0281461	0.0413589	0.0470754	0.0640838	-0.0338917	0.00271793	0.00867127	-0.0896535	-0.0194758	-0.0758724	-0.00441915	-0.0741545	0.0283603	0.0383933	-0.106652	0.0598621	0.00117865	-0.00467046	-0.0250543	0.0670035	0.0341992	-0.00654127	-0.0375344	-0.00887959	-0.0025588	0.124603	-0.0296199	-0.00779588	0.0823834	-0.0219466	-0.077783	0.0202245	-0.00736271	-0.037385	-0.00588505	0.00169878	-0.0254426	-0.0385893	-0.00779789	0.0460585	-0.0703835
8000000.0001	0.015128	0.0309434	-0.0771533	-0.015842	-0.0280673	-0.00947367	0.0378701	0.00440781	-0.00720492	0.0394642	-0.0877532	0.0136952	-0.0327138	0.0149221	-0.0257902	-0.0096224	0.0287269	-0.0628825	0.0315654	-0.0103813	0.0120488	0.0692283	-0.0129354	0.0580591	0.0824474	0.0217127	0.0796544	0.107026	0.0186326	0.00193083	0.0399088	0.0611961	-0.0465875	-0.0904413	-0.0928498	0.0047568	0.0147664	0.00888292	-0.0895934	-0.00886557	0.0932731	0.0282371	0.0157508	-0.0138266	-0.0184162	0.0848865	8.06601e-05	0.180395	0.00636502	0.00438844	-0.033707	0.0788673	-0.039431	0.039999	0.0748377	-0.0579655	-0.00638179	0.0553669	-0.00900141	0.0707227	-0.0549082	-0.0097251	-0.0660029	-0.0149246	-0.0421592	0.020791	0.0644198	0.0461153	-0.00465331	0.0367537	-0.0550428	-0.0622654	-0.0346545	0.00293118	0.0343533	0.100503	-0.0789584	-0.0336398	0.149802	-0.058663	-0.0537091	-0.0448308	-0.0117947	0.00899601	-0.00326658	0.0572184	-0.0271727	0.0205611	-0.0586175	-0.0658357	-0.0419929	-0.0226003	-0.00258372	-0.0585891	0.121996	-0.0191254	0.0087262	-0.0104503	-0.0570828	0.0354004
8000000.0001	0.0291802	0.0271642	-0.00961231	-0.000971843	-0.0119093	0.121278	-0.0487018	0.0952706	0.0610431	-0.0945517	0.00503021	0.0721902	0.0673702	-0.0920905	-0.0487957	0.0946826	-0.0029887	0.0996361	-0.0191746	0.0235463	-0.113347	0.0446455	-0.0990694	-0.0227474	0.0126087	0.046009	0.027404	0.0299277	-0.0578982	0.135448	-0.0855368	-0.0446084	-0.0235036	0.0168763	0.0928005	0.0684832	-0.0953142	-0.0348427	-0.00515133	-0.0328211	-0.0512569	0.0537967	0.062178	0.0157725	-0.048112	0.0554259	0.0422654	0.010655	-0.121605	-0.0142171	0.104185	-0.076491	-0.0510416	0.0258621	0.00380522	0.0369503	-0.115695	0.14682	0.0199397	0.0134262	-0.0182076	-0.00482081	0.0694322	-0.0291201	-0.00845033	0.0714422	-0.110175	-0.0244655	-0.0983338	0.043908	0.00873369	0.0722838	-0.0252602	0.0186488	-0.0370587	-0.0459124	-0.0665342	-0.0373832	0.0324376	-0.0629571	0.042603	-0.00441959	-0.0284571	0.102026	-0.0581078	0.0328524	0.0559918	0.00771021	-0.0293774	-0.0370577	-0.00491696	-0.0819014	-0.027756	-0.0080691	0.0305871	0.00716962	-0.0224435	-0.0651609	0.0226228	-0.0578467
8000000.0001	0.0387134	0.0416039	-0.0189539	0.0237315	-0.0441877	-0.0775612	0.014419	0.0540858	0.0126106	-0.0021264	0.0528247	0.0215482	0.0347083	0.0223959	0.0600843	0.0167455	-0.11595	-0.0406598	0.0424881	-0.000348162	0.0924478	-0.0370334	-0.062963	-0.0107108	0.120346	0.0323071	0.0151886	-0.0438892	-0.130179	0.0114658	0.0783127	0.00674857	-0.0743875	-0.0246805	-0.0619173	0.0950671	0.00164829	0.0482822	-0.0394878	-0.0358871	-0.0223055	-0.000724741	0.090325	-0.0474828	-0.101306	-0.047014	-0.0476198	-0.0131673	-0.026444	-0.0523522	-0.048382	0.0223779	0.0753895	-0.0208722	-0.00245649	-0.0504456	0.0672775	0.0413093	-0.0490924	-0.0628261	0.0749423	0.0549605	0.0102542	-0.0343463	-0.045958	-0.0682045	0.025642	-0.0367127	-0.0339758	-0.157672	0.014523	0.0429988	0.00834873	0.0460613	-0.0759865	0.00585811	0.0198208	0.0556747	0.00770336	-0.0563199	-0.00802299	0.0383525	-0.0930625	0.0413151	0.00794967	-0.0986762	-0.0856315	-0.0366045	0.0250314	0.0117831	-0.00926504	0.055958	-0.0145676	-0.0286774	0.00927551	0.014927	0.00574922	-0.0261768	0.059811	-0.08657
8000000.0001	-0.0165184	0.0582248	-0.0883659	-0.038747	0.0249455	0.011496	-0.00103872	-0.000934125	0.0705415	-0.0267598	0.00333324	0.0128742	0.0465689	0.0389886	-0.0282626	-0.0772822	-0.00752628	0.131997	0.0473562	-0.00353168	0.0842759	-0.154514	0.033101	0.0538099	-0.0180507	-0.0501693	0.0337772	-0.0478927	0.0921115	-0.0348749	-0.0404297	-0.0383128	-0.00794889	0.0234083	-0.0311848	0.0319234	0.11194	-0.0305371	-0.0232175	0.0790451	0.0203722	-0.0168492	0.0113689	-0.0433683	0.135412	0.0025364	0.0019655	0.00151103	-0.0171516	0.064126	0.08975	0.00010812	0.0756568	-0.0443291	0.010428	0.091742	-0.034846	0.103315	-0.0671797	0.0586569	0.0294077	0.00769304	-0.0369499	0.0261312	-0.00309234	0.00324387	0.0286442	0.0440755	0.00474669	-0.00654501	-0.00630122	0.0128211	0.0500739	0.0386439	-0.0250864	-0.0153417	-0.0101863	-0.0873235	0.0768962	0.0577526	0.107558	0.124745	-0.00456092	0.0265953	0.0225063	0.0380678	-0.0276715	0.0019493	0.0364858	-0.0432711	-0.096433	-0.0450882	0.130598	-0.034682	0.00216842	-0.0686095	-0.0164156	0.00132626	-0.0422346	0.0243093
8000000.0001	-0.0199536	-0.0469656	0.0128296	-0.0280042	0.0555599	-0.0211075	-0.0383494	0.0425048	0.0144619	0.018128	0.0788366	0.0962577	-0.0556845	0.0177745	0.0266635	0.0245541	0.0279955	0.00811375	0.00266492	0.00564084	0.0391932	0.00448221	-0.00223354	-0.0595566	-0.0198105	0.0330845	-0.0117924	0.016636	0.0544488	-0.0197261	0.118578	-0.0281513	-0.0684821	0.0623671	-0.0175652	-0.0108521	-0.0042862	0.0317868	0.00352716	-0.102233	0.0281125	-0.0339305	-0.0200118	-0.079663	-0.00332444	0.0106197	-0.0699845	-0.0166587	0.0689366	0.0457035	0.00515573	0.00681477	0.0392813	0.013858	-0.00465291	-0.000655703	-0.026959	-0.123113	0.0811727	0.0310789	-0.0849589	-0.0717238	-0.0667687	0.134796	0.0554589	0.0558454	0.00450771	0.0349749	0.00993255	0.0121087	-0.0351513	0.0694078	-0.0361665	-0.0181952	-0.000477412	0.0086452	-0.0465968	0.0118136	-0.00523703	-0.150212	0.044658	-0.0561631	0.0274311	-0.0333319	0.13367	-0.0661381	0.102485	-0.0877936	0.0153999	-0.0939843	0.111311	-0.0443763	0.0103046	-0.0504498	-0.0857225	-0.0526614	-0.0460054	-0.00693641	-0.0129576	-0.0175172
8000000.0001	0.00964132	0.0212789	0.0399493	-0.0986897	0.0734272	0.0726121	-0.0588383	0.0301055	-0.0597844	-0.0493504	0.0669346	0.0503797	0.0703319	0.0478584	-0.0202485	0.0397143	0.0557283	0.0388739	-0.0636346	-0.00916991	0.0190448	0.0360561	-0.0154516	-0.0146785	-0.0347097	-0.0874249	-0.125445	0.0328754	0.0833662	-0.0943046	-0.0564058	0.0523822	-0.0459009	0.0396957	-0.0504381	-0.0162228	0.0775711	-0.0221802	-0.044294	-0.0577896	0.028945	-0.020922	0.0973129	-0.022309	0.0541919	-0.085945	0.0354327	-0.0542957	0.100785	0.00704794	-0.0130328	0.0564135	0.0473715	0.0537246	-0.0555245	0.00892899	0.123494	0.00776531	0.0534858	-0.0599812	0.00989	0.00117416	0.00711231	-0.0113224	0.00902446	0.0935134	0.0336679	0.0241491	-0.027365	0.0764294	0.045304	0.0401738	-0.0838777	-0.00185079	0.131855	-0.0100675	-0.0101224	0.0283578	0.106342	0.0416818	-0.0701872	-0.0184213	-0.0867115	-0.0333012	-0.0661296	-0.007383	0.0660046	-0.026934	0.0319437	0.0457433	0.0108803	0.000270005	0.00353078	-0.00936394	-0.0184474	-0.026808	0.0788118	-0.0473908	-0.0786324	0.06827
8000000.0001	0.0822799	-0.0212546	0.000258809	0.00945179	-0.0202975	0.00410829	0.0656402	-0.0939032	0.0598135	-0.0574775	-0.000218283	0.0262491	0.0479702	0.0283222	0.0385804	0.013763	-0.0109323	0.0670279	0.00867948	0.106947	0.0499923	0.00972116	0.102051	-0.0922796	-0.0760266	0.0160432	-0.010837	0.0398112	-0.0496918	-0.0730708	0.0494716	0.0436138	0.0342614	0.067403	-0.0607678	0.00613142	-0.010962	0.117273	0.00356981	-0.0593818	0.0369233	0.0830152	0.173008	-0.0126117	0.0675013	0.0285367	0.0119083	0.0537802	-0.0269682	-0.0739288	0.0475932	-0.102931	-0.0735975	-0.0273184	0.0276291	-0.0183674	0.02219	0.0707683	0.0656575	-0.0122116	0.111629	-0.0186395	-0.00464057	0.0830508	0.00462634	-0.0109968	0.0120913	0.00913501	0.0011702	0.0847755	-0.00394444	0.00753171	0.0726428	0.0775788	-0.0396338	0.00424732	-0.0472365	0.0833226	-0.0206818	-0.0374378	-0.0199864	0.079487	-0.0256715	0.0274104	-0.0312076	0.000542397	0.024031	-0.0147808	-0.0383452	0.05936	0.111857	0.0277804	0.000711592	0.00412243	0.0295354	-0.0441379	0.0429681	0.0148362	-0.0253929	0.0430692
8000000.0001	0.055996	0.0328553	0.0275249	0.0442	0.0432531	0.070099	0.118882	-2.90759e-05	0.0377566	0.0122298	0.126822	0.0109414	0.0307874	-0.128914	0.0224917	-0.0436875	-0.0206517	-0.0820534	0.000678378	0.020074	-0.00918934	0.0964538	0.0626863	0.033355	-0.0363974	0.0320278	-0.0583499	0.116169	-0.0283701	0.108525	-0.0223459	-0.0340203	0.0196509	0.00477859	0.011204	-0.0614413	-0.07436	-0.0060449	-0.0616808	-0.00488447	-0.0725012	-0.043693	0.0192047	0.0851046	-0.0709537	-0.145686	0.0263506	0.00519466	-0.0201877	0.0062324	0.041056	-0.0601428	-0.00890481	-0.000570006	0.00156094	0.092314	-0.0176157	0.0582741	-0.0230603	0.0733971	-0.0351068	-0.00332978	0.0525306	0.00110367	0.0165803	-0.0356394	-0.00188429	-0.011916	-0.0611291	-0.0592172	-0.0618136	0.00891369	0.0398874	-0.0353949	0.0558758	0.0580424	0.0389356	-0.0138872	0.0173234	-0.041487	-0.112187	0.0129691	0.0251214	-0.0177701	-0.0122752	-0.0390065	-0.0979799	-0.0739829	0.0368002	0.0433288	0.0377936	0.0186418	0.0277381	-0.0476462	0.032269	0.0703306	0.109112	-0.0540758	-0.0280976	-0.083884
8000000.0001	0.0385256	0.0537231	-0.018528	-0.00909126	-0.010343	-0.0869522	0.095347	0.0238579	0.0458125	0.040135	-0.00360452	0.0214451	0.0673008	0.00590924	-0.0579759	-0.0322382	-0.0308361	0.136411	0.0207334	0.0198162	0.0145948	-0.0226781	0.0598682	-0.0092976	0.0670335	-0.0400745	0.0867171	0.0162254	-0.0391973	-0.035229	0.0951224	-0.0727903	-0.0296138	0.0473812	0.002102	0.0157673	0.00230478	0.0586066	0.0312851	-0.00321165	-0.058644	0.0256897	-0.03908	0.0068707	0.142349	-0.0728585	0.0168911	-0.107929	0.000830832	0.0100527	0.0187205	0.117124	0.0938021	-0.132576	0.0542803	-0.000556027	0.0834943	0.0335014	-0.0108634	0.043851	-0.0812287	-0.022232	0.0693635	0.0595454	-0.0243994	-0.0681091	0.0337936	0.0400571	0.086325	0.160433	-0.090614	0.130146	-0.0810095	0.0221634	0.0725243	0.0567264	0.0127999	-0.0343075	0.0716321	-0.0108514	0.0151603	0.0101031	-0.0460922	-0.0707757	0.00938084	0.0746788	-0.00780287	0.0273377	0.0646508	-0.0155232	0.0187027	0.00622615	0.00328764	0.067379	0.0672912	0.0196807	-0.0508896	-0.00550977	0.15542	-0.0843079
8000000.0001	0.0300518	-0.00749331	-0.0715139	0.0568384	0.0692012	-0.0476297	0.0152835	0.000538353	0.00830589	-0.0228861	0.0162442	0.0016874	-0.0309459	0.0204887	-0.129565	-0.0328579	-0.00103637	0.0031914	-0.00871938	0.0971418	0.013945	-0.0586524	0.0523454	-0.00589029	0.00913805	0.0160547	-0.124325	0.000607242	-0.0220179	0.0200052	-0.0403926	-0.0285597	-0.0202875	-0.0172221	0.0530238	-0.0193306	0.0507607	-0.078906	-0.00901525	-0.112946	-0.0479135	0.000346264	-0.16388	-0.00153397	0.129237	0.027574	-0.00415472	0.0265823	-0.00356745	-0.0202031	0.0412017	0.0310127	0.0413273	0.0416621	0.0477566	-0.0412317	-0.00591966	0.0354684	-0.121271	0.0557031	-0.0720696	-0.00786048	0.0591844	-0.0433416	-0.00293894	-0.0348806	0.0505346	-0.0199747	0.00074101	0.0158207	-0.1057	0.0282984	0.0396213	-0.0379914	0.0570527	-0.0390414	-0.00490843	-0.0252635	-0.0930448	0.023395	-0.00593266	-0.0577885	-0.00133489	0.0519316	0.0211612	-0.0232456	0.0230916	-0.0431333	-0.0929323	-0.00488933	0.0631553	0.0675146	-0.0272608	0.0104376	-0.0231679	-0.0395061	0.0152323	0.0583563	-0.0196718	0.0296462
8000000.0001	0.0829441	-0.0423417	0.0153905	-0.0122434	-0.0526091	-0.066134	0.0774562	0.00430092	0.0108735	-0.167042	-0.0127869	0.0171197	-0.0247016	0.0296838	-0.0743124	0.0258246	0.0289647	0.0656477	0.0232211	0.0191395	-0.0288121	0.0234355	0.00646099	-0.0612691	-0.0845419	-0.0304748	0.0960383	-0.0758441	-0.143273	0.075036	0.0282486	-0.0618305	0.0620466	0.0424011	-0.0999682	0.0576815	-0.0204699	-0.0478817	0.0294589	0.0478996	0.0508533	0.0788459	-0.126568	-0.0245379	0.0231904	0.0407945	-0.0615687	0.040341	0.00564409	0.0338268	-0.0770441	0.0277217	-0.017468	-0.0115479	0.0298475	-0.123925	0.0103979	-0.0307688	0.012073	-0.00578289	0.0202488	0.114271	1.68783e-05	-0.0157977	0.00878856	0.0568552	-0.136224	-0.0431219	-0.0492067	-0.0532503	-0.0241878	-0.0958061	0.00747086	-0.102184	0.0242235	-0.0361894	-0.0402589	-0.0415758	0.0935509	0.0198261	0.0382767	-0.0857617	0.0158087	-0.0772048	-0.042776	-0.0474891	0.000352324	0.0204737	-0.126084	0.0143107	0.0160979	-0.0423329	0.0264549	0.0769423	-0.0464481	-0.0960261	-0.000984641	-0.0416203	-0.0435518	0.0708408
8000000.0001	0.0178157	0.0152115	0.104152	-0.0424923	-0.0879242	-0.0335518	0.104405	-0.0380538	0.0541273	0.0629632	0.0636758	-0.00814493	0.0214035	-0.0232222	-0.01783	-0.0999422	0.0364667	0.0719927	-0.0366837	-0.0623743	-0.00927154	-0.0641044	0.0269764	-0.00406429	-0.013163	-0.098412	0.0663895	-0.0692012	-0.0439586	-0.0517929	-0.0474798	0.155889	0.0386419	0.113893	-0.00465432	-0.03549	-0.0200177	0.0374226	-0.0564582	-0.0177993	-0.0493572	-0.00726737	0.0354309	0.0575464	-0.0225165	0.00849298	0.00336574	0.0344806	0.0089201	-0.0473228	0.0140695	-0.113887	-0.0269332	0.0321762	-0.048945	0.0290398	-0.00376838	-0.00565297	0.0642097	-0.0167028	-0.0626048	-0.109078	-0.106464	-0.0597419	-0.00227692	-0.0363083	0.0245922	0.117106	-0.0166365	-0.033459	0.00384011	0.15315	-0.0529517	0.140221	-0.0105916	-0.0415834	0.00928207	0.0883951	0.0362111	-0.021336	0.00915257	-0.0137558	-0.00324309	-0.0352042	-0.0510685	-0.0348204	0.0492221	-0.0489421	0.0131193	0.117681	0.0431418	-0.151736	0.0294167	0.0610032	-0.0121421	-0.0327764	0.0167741	-0.0365645	-0.0903191	-0.0701744
8000000.0001	-0.047093	-0.0234026	0.0294419	0.135833	0.0330367	-0.0850855	0.101614	-0.0333141	-0.000101726	0.0146408	-0.0358353	0.0264269	0.0864211	-0.0520775	0.0481014	-0.00620095	-0.0800596	0.0308755	-0.0686108	0.0105139	0.0409459	-0.0465501	-0.0859087	-0.000286677	-0.025917	-0.0553801	-0.0352588	-0.0171109	-0.0470887	-0.0364804	0.0249366	-0.0658201	0.0378672	-0.0842953	-0.045035	0.00237452	0.120331	-0.0673417	0.0213975	-0.116546	0.0802094	0.033544	-0.0132336	-0.0455777	0.0188814	0.0285346	0.0638168	0.0417366	-0.0819007	0.0402175	-0.0019085	-0.0183793	-0.0653341	-0.128657	-0.0228896	0.0149637	0.00945788	0.0510602	0.0161024	-0.0102916	-0.00530687	0.083102	0.0460643	-0.0203174	-0.113683	0.0255821	-0.0669494	0.008956	0.0727535	-0.0135979	-0.024943	-0.027207	-0.0449102	0.0185016	0.0483669	0.0167385	-0.0551151	-0.141052	-0.0412375	-0.0695851	-0.0426326	0.0483587	-0.0651512	-0.126184	-0.100982	-0.0503034	-0.0134051	0.0395308	-0.152229	-0.0827548	0.0526352	-0.0431263	0.0293888	0.0181511	-0.00939593	0.0457876	-0.107187	0.0309516	-0.0746215	0.0735071
8000000.0001	-0.0729747	-0.00935075	0.0427934	0.0305013	-0.0665523	0.053228	-0.0742986	0.0488475	-0.0248638	0.0865065	-0.000621389	-0.0326201	0.0279173	0.0203955	-0.118248	0.0370777	-0.0343044	0.0394711	-0.0500108	0.0708732	0.0412568	0.00920392	0.0117417	-0.0792082	-0.0668689	0.0731505	-0.0464139	0.116997	0.0489858	-0.0715289	0.0870981	0.0170467	0.0487759	-0.0813224	-0.00115365	0.00238788	0.0632567	-0.0908718	-0.00195363	0.00351447	-0.0233632	-0.0340012	0.0650452	-0.00720085	-0.0113292	0.0417828	0.0412442	0.0742552	-0.00553319	0.0170948	0.0274749	0.0189956	-0.0212166	0.00754613	0.0190715	0.0097201	0.00679977	0.00186937	-0.0858673	-0.0641701	0.0722279	-0.00686578	0.0609423	0.00418526	0.0488084	0.0151876	0.0535745	-0.0115785	0.00497303	-0.000777044	-0.0234403	-0.00847266	-0.0814134	-0.0863275	0.0149008	-0.0383483	0.0286354	0.014895	-0.0578149	0.0092961	-0.0336027	0.00444525	-0.0150289	0.0920546	-0.0537525	-0.00874642	-0.038821	0.0256406	0.0110553	0.0830861	-0.00176048	0.051621	-0.0150985	0.0317445	-0.0415686	-0.0525246	-0.0504409	-0.0279456	-0.0227344	-0.00973699
8000000.0001	-0.0681009	-0.0465919	-0.0100992	-0.0868542	-0.0387864	-0.0265114	-0.0243481	0.0513791	0.0202644	0.00556146	-0.0801448	-0.0379917	0.00866699	0.0548747	-0.0552357	0.0093593	0.0674139	0.0582711	-0.0375636	0.00419741	-0.0543246	0.0481681	0.0436523	-0.0205791	0.00775568	-0.0909293	-0.00960395	0.0561492	0.0251003	0.0390441	-0.075158	0.044359	0.0453589	-0.0225717	0.00581982	-0.126144	0.0872407	0.052631	0.0326731	0.00947778	0.0236775	0.0138946	0.0563008	-0.0410715	-0.0334159	-0.0216324	-0.0309897	-0.00756323	0.0515361	0.00639848	0.0250795	-0.0401109	-0.00152053	0.0187908	-0.000185457	0.0169471	-0.0357428	-0.0247803	0.0920633	0.0791873	-0.0708329	0.0571772	-0.0057073	0.0128	-0.0811576	0.099613	-0.0558176	0.0320533	0.0245689	-0.0784309	0.0269668	-0.0617619	0.0171146	-0.0195741	-0.0687655	-0.00427889	0.024007	-0.094191	0.0668377	-0.0176178	0.0262407	-0.0993097	-0.02394	-0.0201686	0.142541	-0.114499	-0.0814459	0.00792023	-0.0409135	0.0490464	0.0118428	-0.0116936	-0.0863058	0.0187605	0.0675177	0.0444377	0.0382074	-0.067266	-0.00137447	-0.0727501
8000000.0001	0.0611273	-0.0899489	0.0612657	0.0735482	0.0351873	-0.00402702	-0.018678	0.0643119	-0.0378902	-0.0773049	0.0873459	-0.123149	-0.158478	-0.0616296	-0.0352367	-0.0941471	0.0893648	0.0120158	0.051607	-0.0785443	0.0169632	-0.0225694	0.0241664	0.00169384	0.0753817	0.00271715	0.0445967	-0.0370317	-0.0116539	-0.0547007	-0.0253968	-0.0427776	-0.0412991	-0.0807878	-0.00396675	0.000784663	-0.016685	0.0579139	0.0727692	-0.075633	0.0242392	0.031541	0.00967698	0.00514435	0.00382566	-0.0545559	-0.0166655	-0.0301989	0.109897	-0.113707	0.0503449	-0.0393368	0.0217607	0.0221595	0.0106335	-0.0685828	-0.0475739	0.0589157	0.00899373	-0.0490689	0.0646603	0.0454156	-0.00795101	0.0149857	0.081865	-0.00937661	-0.00446762	0.00510084	0.00271213	-0.0934726	-0.0528275	0.0584036	0.0213321	0.0252725	0.088184	-0.0424778	0.104711	0.0592634	-0.0746382	-0.0237149	0.0693407	-0.0112602	-0.0177568	-0.0227536	-0.0356506	0.132062	0.037678	-0.00274693	0.0825378	-0.0224982	0.0257804	0.0118106	-0.0521347	-0.0262381	-0.131159	-0.0235234	-0.0202219	0.0448219	0.0136531	0.00607484
8000000.0001	0.0391152	0.0904623	-0.00997007	-0.0325164	0.0865298	0.00616877	-0.0227273	-0.0922175	-0.0509553	-0.0934694	-0.102775	-0.0248818	-0.0290634	0.0400598	0.00124879	0.0405643	-0.0140399	-0.0548682	0.0712357	0.0305399	-0.0722432	0.0686463	0.0588472	-0.0462974	0.0311677	-0.048975	0.0766103	0.0593312	0.020505	-0.0368977	-0.00246565	0.0616737	-0.0106255	-0.0675233	0.0350364	-0.00303367	0.0359842	0.0762228	0.0557575	-0.00911514	-0.0679426	-0.065959	0.0474195	-0.0113601	-0.00562522	-0.0308036	0.0295903	-0.0486674	-0.0502615	-0.0502746	0.0690839	-0.016709	0.0144836	0.00225326	0.0103654	0.048973	0.0457263	0.0431478	0.000920709	-0.0276948	0.0323491	-0.0295983	0.0615082	-0.0484875	0.12883	-0.019032	-0.0395696	-0.0269767	0.0682141	-0.0378577	0.0508501	0.000495699	0.048532	-0.126873	0.0493832	0.018795	0.0606199	-0.000988744	-0.0818702	-0.00230995	0.0300929	0.0749336	0.0214593	-0.0956636	0.0276084	0.0136857	0.0196343	0.0161991	0.0196889	0.0217246	-0.0407257	0.0688735	-0.0356206	0.0269584	-0.0963085	0.0318875	-0.0950852	0.044902	-0.0438088	0.0576476
8000000.0001	-0.0260481	0.0446747	0.00111412	-0.000602573	-0.0452046	0.0183942	0.0766491	-0.0548698	-0.0528137	-0.0444256	0.00921326	-0.0937879	-0.0551423	-0.048637	0.0132214	-0.029371	-0.00892051	0.100109	-0.0755959	-0.0231127	-0.0366862	0.0121565	-0.0339976	0.0130554	0.0810469	-0.0403266	0.0799109	0.0293413	0.0223903	-0.0638752	0.0349729	0.0110724	-2.5693e-05	0.054467	-0.0439186	-0.00666359	0.0511853	-0.056054	0.00800757	0.0767437	-0.0595276	0.0467855	-0.0522502	0.0553412	-0.0338331	-0.058272	0.0301368	-0.0900564	0.0469415	0.0698633	0.0109101	-0.0209279	0.0856337	-0.0533883	-0.0463551	0.0574402	-0.00615728	0.0357988	-0.0504546	0.041515	-0.0507324	0.0183717	0.032078	-0.0822578	0.0161788	0.0301371	0.144498	-0.0732061	-0.0180386	0.00935348	0.0383188	-0.0881743	0.0398371	0.0118524	0.0972793	-0.120015	-0.0147927	0.0261122	0.104513	-0.0210049	0.015807	-0.085573	-0.0617699	0.154954	0.0375147	-0.0812496	0.0408688	-0.0516985	-0.126504	-0.150531	-0.00280329	0.0363114	0.067227	0.104272	0.0157688	-0.0492874	-0.0544577	-0.0576045	0.0160598	0.0112944
8000000.0001	0.0466365	-0.00286671	-0.00905348	0.0384487	0.0263688	0.0452252	-0.0103349	-0.0199768	0.0217958	-0.0227574	-0.161328	0.0610852	-0.0544722	-0.0601377	-0.098667	-0.019578	-0.03129	0.0133624	-0.0951964	-0.0247199	-0.0577849	-0.0482776	-0.0465466	0.00277979	0.00603807	0.00153087	0.016388	-0.0565886	0.017746	-0.028294	0.0422114	0.0798615	-0.0237208	0.0622287	-0.0147867	0.0486322	-0.0889135	-0.0163773	0.0715729	-0.0238055	0.0339566	-0.0535796	0.0544476	-0.0339941	-0.0562269	0.0551422	0.10684	0.0263812	-0.0166601	0.0491491	-0.0489312	0.0264184	-0.0213039	-0.0165174	0.0588335	0.00232968	0.0523986	0.0362927	-0.0412736	0.0300423	0.0192507	-0.0567199	0.0665958	0.00678665	0.0614472	0.117493	0.0685391	0.0795687	-0.0609326	0.026625	0.0293405	-0.0982274	-0.0317269	-0.0611516	0.0744007	-0.032371	0.0736803	0.00796972	-0.0289957	-0.0738658	0.0180536	-0.0641549	0.0320876	-0.0316396	0.0334636	-0.0491233	0.0595748	0.0490229	0.0587938	-0.0115891	0.121322	0.11491	-0.00660618	-0.0777546	0.00564675	-0.000840891	-0.020871	-0.0635942	-0.0433901	0.0807541
8000000.0001	-0.0256431	0.00982046	-0.0303114	0.0203745	0.0743144	0.0167936	0.037595	-0.0665214	-0.0474428	-0.0542106	0.134404	-0.0481446	0.00482743	0.0633422	0.00120707	-0.023312	0.0143199	0.0424486	0.045	0.0422271	0.0385135	0.0702148	-0.0818091	-0.00573971	0.0593266	-0.0875143	0.032761	0.0228795	0.0288676	0.00128172	0.0211204	-0.0852908	0.0164519	-0.0224568	0.079562	0.00271883	-0.020616	-0.0629908	-0.0338838	0.0216876	0.0967872	0.00139776	-0.0266507	-0.0260308	-0.0382546	0.00231345	0.0181597	-0.0227966	0.0520139	0.0397642	0.0456807	0.0185246	-0.0618424	-0.0404805	0.029729	-0.0329758	0.0459792	0.018831	0.0693527	-0.103571	-0.00130141	-0.0276723	0.0298409	-0.013442	-0.0143052	-0.0277797	0.0419963	0.0327326	-0.0345626	-0.0325705	0.0999992	0.0217934	0.0218498	0.0587476	-0.0477477	0.0446471	-0.0213315	0.0988006	0.0841486	-0.0299801	-0.0597613	0.066116	-0.0110593	-0.00979202	0.00858022	0.0300573	-0.0109269	0.0433204	0.00299502	-0.0396773	-0.103032	0.033488	0.0656183	0.0149697	0.0345844	0.0180717	0.0105073	-0.0508939	-0.1	-0.00782713
8000000.0001	-0.0376793	0.0452587	-0.0259147	0.0168149	-0.0123874	-0.0148124	0.0106876	0.015983	-0.0294623	-0.046847	-0.0655118	-0.0835699	0.0057992	-0.014835	-0.00413313	0.06629	0.0460797	-0.120452	0.0152125	0.0620016	-0.0112524	0.0627713	-0.0457532	0.0528187	0.00364239	-0.0232924	0.0115475	0.0297078	-0.0465792	-0.0970174	0.0713981	-0.0380475	-0.0192702	-0.0985492	-0.0472701	-0.0394248	-2.76398e-05	0.0869813	-0.00614384	-0.0187958	-0.0254412	0.04984	-0.0342343	0.0897821	-0.0380772	-0.0063346	-0.148194	-0.0091054	-0.0398878	-0.00701325	-0.0424047	-0.0263102	-0.0786247	0.0410302	0.038426	-0.0165106	-0.125288	-0.0158191	-0.00491718	0.0135625	0.00232297	-0.0411151	-0.136248	-0.0798786	0.0665441	-0.0330181	-0.00143776	-0.0197006	0.0118022	-0.0683462	-0.0263837	0.00549492	-0.0802672	0.0134012	0.0152966	-0.0235312	0.119394	0.0522677	0.0311731	0.053411	0.00439857	0.0212278	0.000897132	-0.10105	-0.0877919	0.0160257	-0.0221597	0.00976825	0.0782459	0.0313065	-0.0396998	0.0998631	0.0430425	-0.0227674	-0.00310429	-0.0255475	0.0128312	0.0161911	0.0579691	-0.0193925
8000000.0001	0.122679	0.0221544	-0.0194883	-0.0131616	-0.0298818	-0.0959972	0.00751664	0.00527003	-0.00640684	-0.116451	0.0440549	0.106185	-0.015638	-0.0979797	-0.0207277	0.0596914	-0.00459537	0.149746	0.0155549	0.0608902	-0.15983	0.102382	-0.0324255	-0.015306	0.0735445	0.0930732	0.0177993	0.0468238	-0.0687517	-0.112437	0.0680867	-0.0583348	-0.103898	0.021272	-0.0228272	-0.0136471	0.0319867	0.000867606	0.0725138	0.0313832	-0.0545479	-0.0168379	-0.0861616	-0.0212109	0.0443041	-0.0775445	0.0217909	0.0413818	0.0761925	0.00126106	0.0728542	-0.0249585	0.0219059	0.0232424	0.0574597	0.0347291	-0.107413	-0.0910753	0.000808429	0.0613303	-0.0646712	-0.0132157	0.0862037	-0.0194203	-0.0507997	0.0561954	0.031009	-0.029949	-0.0518119	0.0815349	-0.0643175	0.0535652	-0.0926645	-0.0345047	0.125767	0.079412	-0.00894731	0.0131065	-0.061656	0.0427414	-0.0657213	-0.014364	-0.09882	0.0469259	-0.0446896	0.051275	0.0220907	-0.0271473	0.156544	0.0228154	-0.134122	0.033003	0.0867389	-0.055885	-0.0641738	-0.0122904	0.132323	-0.00182912	-0.0919787	0.0288991
8000000.0001	0.081167	0.0826941	0.0668706	0.0352985	-0.053799	0.114634	-0.00492461	-0.076376	0.063265	-0.0325882	-0.00818667	0.0322053	0.0514187	0.0318607	-0.0373717	-0.0338108	0.0275059	-0.125701	0.00509959	-0.0771626	0.0823985	0.0148128	-0.0526714	-0.0535948	0.0825478	-0.0690581	0.100353	0.0014783	-0.0243722	-0.00335737	0.0093198	-0.113545	-0.104957	0.0332678	0.027085	0.0315282	0.0665714	-0.0610976	-0.0408538	0.0659034	0.0137238	-0.0851513	0.146926	-0.0275658	0.0500229	0.0640496	0.00685061	0.0368697	-0.0691209	-0.0395251	0.078649	-0.103691	0.0623133	-0.0429255	-0.0798214	0.057678	0.00524302	0.0763633	-0.0345751	0.0194591	-0.0434476	0.0725936	-0.0380903	0.00740916	0.00926348	0.0579721	-0.0433705	-0.0111304	-0.0765717	-0.0179273	0.0230849	0.0292783	-0.0700255	-0.0532598	0.0151551	-0.0537729	0.0275432	0.0523264	-0.00219263	0.0402382	-0.0576131	0.0897241	0.0764099	-0.0641399	-0.040074	0.0547339	-0.108006	-0.0196528	0.0112509	-0.133066	-0.0160795	-0.025043	0.0757133	0.0839017	0.0304832	-0.00591343	0.0712662	-0.00246226	-0.0671596	-0.0177507
8000000.0001	-0.00308705	0.00126432	0.0536747	-0.00847354	-0.0998966	-0.0928215	0.00645522	0.112233	0.0311874	-0.0922389	-0.0106273	0.0619154	-0.0116016	-0.0314398	-0.0454827	0.0188773	-0.00232391	-0.0750961	0.00856843	0.0902276	0.0298151	-0.00236404	-0.100706	-0.0222406	-0.0506013	-0.0295752	-0.0212235	0.0551416	-0.0351391	0.0465921	-0.0848771	-0.0515005	-0.0492801	-0.0892245	0.00872796	0.0655867	-0.111529	-0.0958628	0.0643514	0.116848	0.106051	0.100778	-0.0573008	0.0135889	0.0478069	-0.0868804	0.0716211	-0.0372831	-0.0354397	-0.060726	0.024008	-0.0459841	-0.014868	0.0354576	-0.0392649	0.00962775	-0.0470291	-0.0290937	0.0419034	-0.0269127	0.0273712	-0.0809554	0.00846639	-0.0552259	-0.0226634	0.0795134	-0.0657702	0.0743172	0.02333	-0.0631473	-0.0482656	-0.0952218	0.00397251	0.0324787	0.0122892	0.113725	-0.0037204	0.0877873	0.0150265	-0.00999448	-0.0148639	0.0430431	0.110242	-0.00652776	-0.0315417	0.145373	0.0108821	-0.0110476	0.0298135	-0.0650447	-0.0562672	-0.0385203	-0.120335	-0.011109	-0.00390195	0.0702373	0.0287624	-0.0103441	-6.73558e-05	0.0694429
8000000.0001	-0.0294834	-0.0825197	-0.0540173	0.0305464	0.0457906	-0.056221	0.0591801	-0.0530257	-0.0392145	-0.0465367	0.0151326	-0.0313637	0.0672554	-0.0438735	0.0380209	-0.0204057	-0.0171637	-0.064045	-0.00979524	-0.0623191	-0.0740805	0.0340509	-0.0524659	-0.111813	-0.00825196	0.0241179	-0.0561876	0.010969	-0.0551626	0.0268257	-0.0573578	-0.0639626	0.018292	-0.0686528	-0.0302848	-0.0303886	0.0323442	0.0708781	-0.024974	-0.0326829	0.115475	0.0285739	0.00311864	-0.000208503	0.0620859	-0.0177263	0.0250135	-0.0961342	0.0979572	-0.00241366	0.029519	-0.000760076	-0.0968518	0.058143	0.0768603	-0.0533227	0.0688359	0.116367	-0.081382	-0.0673994	0.0878935	-0.0846351	-0.0366808	-0.0678367	-0.072938	-0.109252	0.123674	0.0587823	-0.114292	-0.0625867	-0.0187142	-0.0167419	0.058094	-0.0452495	-0.00909173	-0.0643319	0.0621076	-0.106677	0.0369431	-0.041745	0.0125879	0.0339135	0.0109268	-0.0648452	0.0350283	0.036402	0.0249295	0.00904579	-0.0748992	0.0438411	0.0387671	0.073538	-0.0295443	0.0270606	-0.0279833	-0.0766562	0.0154948	0.0755167	0.0522256	0.0153389
8000000.0001	0.0488248	-0.0446438	0.0497519	-0.0705646	-0.0211348	0.0589561	-0.160653	0.0220551	-0.0423053	0.0737749	0.00246791	-0.0985303	0.0299936	0.0614467	0.00538313	-0.0743654	0.00483839	-0.0359817	-0.0638938	-0.0160007	0.0458222	0.0120196	-0.0567544	0.0459886	-0.0376055	0.0641928	-0.0544993	0.00209533	-0.0142643	-0.0204498	-0.0324845	0.0178303	-0.0241229	-0.000290706	-0.075497	0.0913503	-0.0395833	-0.0429033	0.0222402	0.0516704	-0.0037519	0.0455116	0.0485309	-0.0431292	0.00834014	-0.0213416	0.0336341	-0.0405044	0.0851576	0.0441496	-0.0128311	0.00906039	-0.0494539	-0.0411839	0.00829712	-0.0439217	-0.0728529	-0.00078105	-0.0232491	-0.0526208	-0.0037031	-0.0150069	0.0152436	-0.0587506	-0.0326671	0.0331731	0.0245748	0.0486304	0.0492047	-0.0118207	0.0608721	0.021378	0.0613696	-0.0133946	0.032308	0.0398069	0.0129241	0.0378386	-0.0591969	0.0108508	0.0412101	-0.0266494	-0.0359118	-0.0226861	-0.0242091	-0.0290637	0.128686	0.0573284	0.0175409	-0.0201108	0.00637	0.0154874	0.0247335	0.00951752	-0.0346042	-0.0600238	-0.0717404	-0.0116382	0.0714295	-0.0799003
8000000.0001	-0.0467398	-0.0635175	-0.0835514	0.0156615	-0.0147871	-0.0887016	-0.0387475	-0.0610238	0.0601116	0.0163189	-0.0150652	-0.0263987	0.00662564	0.0393389	-0.029998	-0.044869	0.0663877	0.0773398	-0.0265354	0.0125641	-0.0565665	-0.0512655	0.0500276	-0.0687918	0.0227482	-0.0445933	-0.139222	0.0241619	-0.0585625	-0.0473091	0.0365218	0.0110108	-0.0898906	-0.0929537	-0.0126263	-0.0172099	-0.0134545	-0.0969125	-0.0890506	-0.0927194	-0.0168014	0.0628042	-0.0174328	0.00599166	-0.0408446	0.0982143	0.0217022	-0.0369916	-0.0310612	0.0378989	0.0194746	0.0172536	-0.070168	0.0339328	-0.128871	-0.0540548	0.0123419	0.00267552	-0.0883696	-0.00227291	-0.0308712	-0.0482553	0.0441507	0.0903214	-0.012309	0.0112385	0.0297465	-0.0430751	-0.0347574	-0.0612955	-0.010065	0.0459378	-0.00993025	0.00254263	-0.0434175	0.0220665	0.0418317	0.0684426	0.0446297	-0.103506	-0.0417337	0.112451	0.00274602	0.012212	0.13264	0.0123218	0.0240157	-0.0914369	-0.0200653	-0.00430609	-0.052898	-0.0203239	0.0836412	-0.0273193	-0.100728	0.0800896	-0.0332503	-0.00491202	0.0498578	-0.0749807
8000000.0001	-0.0726936	0.000484295	0.117242	-0.0488606	0.0802943	0.0167601	-0.0092037	0.00885273	-0.0385834	0.013344	-0.0140829	-0.0358768	0.061943	0.00116113	-0.0170157	-0.0233806	0.0132263	0.0207847	0.0246349	0.0172522	-0.098974	-0.065919	0.0222534	0.00755191	0.0846618	0.00573004	0.032289	-0.108731	0.00728237	-0.0342046	0.118217	-0.0458244	-0.0218977	-0.0916496	-0.0649152	-0.0583968	-0.12368	-0.00152748	-0.111576	-0.0702794	0.0663467	-0.0696308	0.0877325	-0.0167098	0.0552469	0.0173601	0.000892924	0.00204509	-0.0610096	0.0337317	-0.0438738	-0.0254672	-0.0304054	0.0261767	-0.0417303	0.0146504	-0.0482993	-0.0982083	0.0348506	-0.0697739	-0.027395	-0.0615849	0.00972496	0.0049892	0.0696908	-0.00687613	-0.0046745	0.0133689	-0.00907734	0.0178884	0.0532818	-0.0176906	-0.0189643	-0.0871905	-0.0162069	-0.0727136	-0.0146628	-0.0419732	-0.00272676	-0.0315705	0.0421361	-0.00974251	-0.0568689	-0.0270331	-0.081357	-0.0257005	-0.0144223	-0.00890032	0.0357375	0.0479653	-0.0736436	0.0914558	0.00989808	0.0910821	-0.0627145	-0.0171324	-0.0376798	-0.0103584	-0.0632773	-0.0115463
8000000.0001	-0.0257691	-0.0385737	0.0218993	0.0197376	-0.0847943	-0.0802047	-0.0150388	-0.109672	-0.0399554	0.000800042	0.0428515	0.0030388	-0.000808943	-0.00492923	0.0762584	0.00510302	-0.0552864	0.0195063	0.0453354	-0.0618747	-0.00477204	-0.0511031	0.0203133	0.0387059	0.0257148	0.0524266	0.0642755	0.0340056	0.0227086	-0.0526061	-0.0723971	-0.145225	0.0776426	0.00604519	-0.0214397	-0.035198	0.0205451	-0.0909762	-0.0189813	-0.0572989	-0.0431668	-0.0033568	0.0176473	0.0312191	-0.011767	-0.00355341	0.0172501	-0.0149853	0.0665624	0.0374483	-0.107523	0.0498448	-0.0335118	-0.00592632	0.0054977	-0.0340754	-0.144976	-0.0618216	-0.0226784	0.0514411	0.0678042	0.00653404	0.0948008	-0.0294803	-0.065222	0.02355	-0.0256924	-0.150199	-0.00502845	0.0599333	-0.0897384	0.0603062	-0.0173296	0.0538008	0.0144122	-0.0497495	-0.0624053	-0.0531014	0.0219678	-0.010852	0.0146448	-0.0917543	0.0900422	0.133275	-0.0995274	-0.0547129	0.0784353	-0.0326601	0.00754684	-0.0805017	-0.0672566	-0.057713	-0.0514284	-0.0510842	0.0100699	-0.0210804	0.00733468	-0.00730722	0.0607511	-0.00016657
8000000.0001	0.0292266	0.0108733	-0.0200664	-0.00693313	-0.0436834	-0.060539	0.090502	0.00905231	-0.00552304	-0.084802	0.101762	-0.0303072	-0.117083	-0.0285487	0.025016	-0.0419927	0.0512118	0.0852415	-0.136481	0.0342144	0.0224543	0.0304597	0.021744	-0.00795694	0.0134398	0.0149422	-0.0414393	0.110876	0.011722	0.042307	-0.0458888	0.0180738	0.0161208	-0.0513942	-0.0154199	-0.0117461	-0.124462	-0.0744998	-0.0496606	-0.0501507	0.0520865	0.0195624	-0.00519061	-0.0442546	-0.0616563	0.0632697	-0.0506425	-0.0420336	-0.0380418	-0.00127519	0.00606629	0.00811856	-0.0595077	0.0191998	-0.0778385	0.0383471	-0.00373416	-0.0336925	0.0711202	0.0692982	0.0257333	0.0562677	-0.113277	-0.0730841	-0.000628056	0.00420288	-0.069766	-0.0383067	-0.0825288	-0.059716	0.00833756	-0.0068182	0.0516328	-0.0295607	0.0435245	-0.031861	-0.0811058	0.0587359	0.0147357	-0.0575388	-0.0623476	-0.0269858	0.0387028	-0.0715858	0.0846586	-0.0577086	-0.00544638	0.0113325	0.0404538	0.0651364	-0.0183199	-0.0807553	0.136442	0.0523373	-0.0825835	0.0142887	-0.0232373	-0.065531	-0.0705039	-0.0270186
8000000.0001	0.0105647	0.00860971	-0.0531504	-0.0752821	-0.00411284	-0.0125727	-0.0160883	-0.00796064	-0.0620223	-0.00120049	-0.0288573	-0.0191484	0.041565	-0.0136536	0.071648	-0.0778314	-0.0383774	0.0683064	0.0484061	-0.0429558	-0.0110725	0.0793114	-0.15432	-0.0256062	-0.0262628	0.0443663	-0.0425614	0.0518451	-0.062133	-0.0711804	-0.0295757	-0.104763	-0.0561774	0.0553767	-0.0552776	-0.136398	0.0659189	-0.00856841	-0.0175369	0.0236483	0.0243608	-0.0248099	0.0764185	-0.0597738	0.0378148	0.0439261	-0.0252502	-0.0274502	-0.0967991	0.0466563	0.00690005	-0.0233428	0.0223891	0.170636	-0.0440388	-0.0971504	0.10892	0.0343609	0.0737998	0.0405009	-0.0703951	-0.0681564	-0.0613017	0.059095	0.0559404	0.0627693	-0.0266096	-0.0309766	-0.0264514	-0.0280573	-0.0277922	0.000831613	0.0770082	0.0862658	0.0418247	-0.0392094	0.0840644	-0.0270236	0.00154873	0.0175308	0.0645285	0.0740994	-0.0342679	0.150655	-0.0276054	0.0769479	-0.0464791	-0.0218686	-0.0410085	-0.0407141	0.036307	-0.00109953	0.0424372	0.0874742	-0.142915	-0.0512305	-0.0347023	0.00562821	0.03923	-0.00988612
8000000.0001	-0.142948	-0.0023894	-0.00334433	0.0953808	0.00327276	-0.13239	-0.00896445	-0.0644968	0.0121785	0.0352932	0.01833	-0.0513893	0.019682	-0.0658734	-0.0785587	0.081351	0.00598438	0.103148	-0.0208667	0.0433963	0.064649	0.101567	-0.0227604	-0.0520894	0.0012893	-0.0492397	-0.000690656	-0.0692765	0.0520426	0.0968748	0.00700242	0.0464077	-0.110556	-0.0629971	-0.0743069	0.0451937	-0.0118758	-0.100216	0.037209	-0.00320825	0.0716614	-0.0376691	-0.00228414	-0.0104042	-0.00492545	0.0200916	-0.024468	-0.0221104	-0.0126944	0.0452946	-0.157792	-0.053957	-0.0233857	0.0440191	-0.122472	0.0547061	0.0146327	0.0880222	-0.027108	0.00428322	0.00626926	-0.0217841	0.0148781	-0.151854	0.0714329	-0.100923	-0.0377526	-0.0936374	-0.0318246	-0.0315694	-0.0593621	-0.0653565	-0.123049	0.0274627	-0.0120207	0.0528979	-0.0738448	-0.0153988	0.0199662	0.00152474	0.014782	0.0561101	0.0848087	0.0891141	0.057938	0.0147031	-0.0495288	0.0235803	0.0671605	-0.00491433	0.0635464	-0.0857053	0.0971325	0.0348724	0.0644452	-0.0262743	-0.0725223	0.0200044	0.00761306	0.0543047
8000000.0001	0.0313012	-0.0144545	-0.0579557	-0.0163025	0.0746491	0.099444	-0.103352	0.125349	-0.00894562	0.050613	-0.0452938	-0.0240159	-0.0932541	0.0967145	-0.0861544	-0.0293719	-0.0527905	-0.0200669	-0.0780653	-0.13163	-0.0300705	-0.0314355	-0.0299842	-0.0184554	0.00705247	-0.0874874	0.0124705	0.0418479	0.0337245	-0.0145258	-0.00137661	0.0140646	-0.106072	-0.0190195	0.0216769	0.0273076	-0.0584465	0.0857882	-0.0386103	-0.065568	0.0384583	-0.0196518	-0.0945255	-0.00450882	0.0636142	-0.100141	0.0823779	0.0851499	-0.00662962	-0.0171875	0.0894072	-0.0211873	-0.00548479	-0.00924978	-0.0296425	-0.0108793	0.0380015	0.0432535	0.0673895	0.0284907	0.0102703	-0.0336785	0.0752154	-0.0409891	-0.0296408	0.0378408	0.013667	-0.020392	0.0340747	-0.0807296	-0.0258044	0.0952661	0.0380136	-0.141489	0.0538498	-0.205232	-0.00957501	0.00860069	0.088304	-0.0891838	-0.0742478	-0.0534218	0.0156519	-0.0157812	-0.00368414	-0.000130215	-0.0839917	-0.0186904	0.0498842	-0.0359228	0.0642165	-0.0365887	0.00944543	-0.0635921	0.115967	0.0266241	-0.134724	0.0296683	-0.0459193	-0.0377889
8000000.0001	0.0568977	-0.042098	-0.0970691	0.0548046	0.0294474	0.00936512	-0.0399017	0.089982	-0.0981437	0.0406118	-0.00395605	-0.125777	0.0690839	0.00759034	-0.0233831	0.00210657	-0.0527637	0.0747167	-0.176283	-0.126071	-0.07437	-0.0273086	-0.035557	0.0604619	-0.0293639	-0.115439	0.104191	-0.00927833	-0.0467911	0.0682841	-0.00698404	-0.0838318	0.0309424	0.0312717	0.0171988	0.00975195	-0.0237034	0.0470509	-0.000875473	0.139248	0.0286458	-0.0986985	0.0303189	0.112158	-0.0437783	-0.00661893	0.0779095	0.0436438	0.0335016	0.0392763	-0.0935492	-0.0258391	-0.0208273	0.0474012	0.0489961	0.00880642	0.0348072	0.0582269	-0.00289283	0.0586088	0.0334685	-0.0506325	0.00108596	-0.0266966	-0.00723335	-0.0547121	0.0391717	-0.0359531	0.0405548	0.0543471	0.0443405	0.0508321	0.102881	0.0774012	0.00424532	0.058277	-0.0906979	0.016883	0.0161126	-0.0334869	-0.0552413	0.0367456	-0.0306438	0.0277227	0.0126049	-0.0722518	0.0324665	0.0382602	-0.0204248	-0.0820772	-0.0255213	0.0302428	0.00366539	-0.219311	-0.0492226	-0.0306667	0.0141487	-0.115064	-0.0291508	0.00933686
8000000.0001	0.00739127	0.0460455	-0.0442502	0.0350077	0.0532109	0.0369393	-0.0530737	0.0538602	0.0161701	-0.0846411	-0.0238832	-0.0135437	0.0591047	-0.0342204	-0.0866362	0.000338506	0.0277287	0.0210973	-0.0127658	-0.00902512	0.0499439	-0.0641931	0.10737	-0.0518924	0.0143549	-0.00698708	0.014477	-0.0265241	0.0279329	-0.0567038	-0.143166	0.0353041	0.00453659	-0.0358723	0.0152119	-0.0708256	-0.00281267	-0.0183668	-0.0044489	0.065268	0.0254801	0.0875394	-0.02942	-0.0437513	0.060119	0.0529706	-0.00690866	-0.0546185	0.00480005	0.0311465	-0.000214764	-0.0444287	0.0358573	0.0307106	0.00813614	0.00316596	-0.0151818	0.00633382	-0.0122079	0.0152042	-0.0256303	0.00923462	-0.0318804	0.089683	0.0561121	-0.0445828	0.0307328	0.035379	0.106822	-0.0383634	-0.0555144	0.00915706	0.078562	-0.0358591	-0.0179791	-0.020636	-0.0429887	0.141919	-0.0481799	-0.136501	0.0804715	0.049389	0.000507583	0.0846702	0.0529706	-0.00980905	-0.0259971	-0.0658444	-0.0299516	-0.035605	0.048275	-0.0162607	-0.00805631	0.0330547	-0.120359	-0.113278	-0.0139519	0.134573	0.0259838	-0.037159
8000000.0001	0.00126771	-0.0305721	-0.0220485	-0.0663437	-0.000514036	0.00513332	0.0825112	0.0271151	0.0725693	-0.0462239	-0.0201828	-0.105861	-0.0345172	-0.0648206	-0.0300981	0.05537	-0.0149782	-0.108465	0.0721097	-0.044124	0.0555822	0.113296	-0.0236162	-0.065133	-0.00339254	-0.0633176	-0.0914341	-0.0357878	0.0560017	0.0486472	-0.0800926	0.00981836	0.117975	0.0540156	-0.0379499	-0.0175311	-0.0144881	0.0919027	-0.0167586	-0.0747889	0.0294546	-0.0660831	-0.0737615	-0.083499	-0.0226164	-0.0353368	-0.0176109	-0.0278864	0.0973716	-0.108987	-0.0315367	-0.0330003	0.015429	0.144224	0.0722594	0.000885755	0.0702064	-0.0059297	0.0486798	0.0324071	-0.0504525	-0.00175094	-0.076268	0.0124303	0.036346	-0.113976	-0.072892	-0.0977762	0.113798	-0.0125278	0.0135546	-0.000806052	-0.0509755	-0.0404426	0.0538656	-0.0498152	0.0257457	-0.0982729	0.0960451	-0.0302603	-0.00532138	-0.0302613	0.0276934	-0.0661938	0.0568402	-0.00268981	-0.107718	-0.0314176	-0.0674248	0.0424881	-0.0876089	-0.0503316	0.0439247	0.0243764	-0.0540157	-0.0180993	-0.0604806	0.0894684	0.0898189	0.0586999
8000000.0001	-0.0118767	-0.0617237	0.0118774	-0.0449918	0.00602557	-0.0292941	-0.0565455	-0.0970194	0.0425343	-0.0671542	0.012193	-0.0692012	-0.0217336	-0.0140025	0.0531295	0.00163333	0.0553686	-0.102794	-0.0477926	0.0170986	-0.00565753	-0.0362934	0.00579041	0.0712917	0.00180577	0.0943049	-0.0283826	-0.0216649	-0.0846675	0.071996	0.0445425	-0.017266	0.034801	0.0223598	0.077867	0.00107028	-0.0958391	-0.0293372	0.0494971	0.0612767	0.0563888	-0.0255579	0.0210597	0.0287819	0.00599507	0.166716	-0.0583027	0.0936631	-0.030254	-0.0533496	-0.059853	-0.0328126	-0.0157072	-0.135701	-0.00791624	0.102878	0.00291835	0.0518791	-0.0745043	-0.0225325	0.054241	-0.031202	-0.0763429	-0.0492234	0.0310743	0.042646	-0.0578586	0.0564121	-0.0851281	-0.0787192	0.0050113	-0.0199677	0.00261582	0.0645958	-0.0256881	0.0150479	0.0548312	-0.0304763	0.0182028	-0.026451	0.0784817	-0.0333708	-0.0407117	-0.112343	0.00813455	-0.0713986	-0.0743434	-0.00564247	-0.0752362	0.0710716	-0.0249055	0.0515368	0.0757524	-0.00704996	0.0595896	-0.000702163	0.0971967	0.00672387	0.00119485	0.0762721
8000000.0001	-0.0624814	-0.0522616	-0.112253	0.0315237	0.0815219	0.0687283	-0.0391683	-0.00047715	-0.0568991	0.040555	-0.0692927	-0.01774	0.00546271	0.00342962	-0.0745099	-0.0433567	0.0121722	-0.023424	0.0386881	0.0481296	-0.00856858	0.0197006	0.0493496	-0.0877693	-0.061202	0.0150706	0.00152767	-0.0355191	0.0664346	0.0130207	0.123226	-0.0820877	-0.00857842	-0.00315974	0.0122856	0.0931093	0.0196435	0.00114002	0.00279318	-0.0164517	-0.0841089	-0.00548451	-0.016037	-0.0188404	0.0617325	0.0680213	-0.048234	0.0165188	0.112039	-0.00703755	-0.0786514	0.0592359	0.0439639	-0.0974648	-0.0157305	-0.0723892	0.0969782	-0.0207092	-0.0839287	0.0957566	-0.0157769	0.0263444	-0.0364704	-0.00132615	0.041005	0.0178057	-0.143267	0.0190014	0.0170097	0.14932	-0.0782811	0.0468749	0.0255693	-0.0619706	0.0189685	0.0462961	0.0448352	-0.0436393	-0.0143003	0.0968612	-0.0316713	-0.0320348	0.0264349	0.0678318	-0.066282	0.0318765	0.137375	-0.13032	0.0165674	-0.0646495	-0.0419226	0.097918	0.0471176	-0.0907997	0.0543072	0.0603719	0.0109481	-0.0652648	-0.129357	-0.00845577
8000000.0001	0.0545096	0.0299055	0.0200509	-0.0349305	0.00840687	-0.00495041	0.038058	0.0941325	-0.00482845	0.00583337	0.000825408	0.0585186	0.0801629	0.0174937	-0.108087	0.019656	-0.00361019	-0.0783678	-0.0462768	0.0171811	0.0616088	0.0245915	-0.0612108	0.116561	0.0500315	0.00439228	-0.0651679	-0.0373671	0.0171673	-0.0182669	0.0945044	-0.00928726	-0.118527	0.0122815	0.0514109	-0.0534037	-0.0079508	-0.0213967	0.0293856	-0.0441113	0.0499537	0.127813	-0.0510279	-0.00144202	-0.0867713	0.0280006	-0.0572699	0.062302	0.0383132	-0.0373753	0.0556003	0.026502	-0.0560006	0.0138374	0.0533034	0.0142684	-0.106368	-0.112906	-0.00437826	0.021736	0.0602209	-0.0719968	0.0944281	-0.0274394	-0.0376314	-0.022107	0.0115411	-0.0383213	-0.0494799	-0.0384435	0.0570888	0.0367201	0.0453407	0.0567926	-0.0602484	-0.064773	-0.059524	-0.0179299	0.0255342	0.03116	0.0183004	0.131283	0.0975064	0.0333454	-0.0444721	-0.0346826	0.043322	0.013733	0.019193	0.0345737	-0.00518785	-0.0142463	0.0548968	0.0554869	0.053324	-0.00521226	0.0152993	0.0508264	0.084298	-0.0121251
8000000.0001	0.0526645	-0.0583483	-0.0170362	-0.0521463	-0.0208549	-0.0904013	0.00659209	0.00887934	0.000129383	-0.107343	0.0174271	-0.0455594	-0.00835119	0.0970555	0.0498079	-0.0687721	-0.0291175	-0.00527834	0.00557674	0.0625697	0.0123632	-0.0501996	-0.00459486	-0.0482653	-0.00854031	0.0489073	0.108586	0.0637652	-0.0219403	-0.0224327	0.0332915	0.0667824	0.00747792	0.0317387	-0.0615908	-0.0310441	0.0248967	0.0484718	0.0656048	0.0179576	-0.0277082	0.057339	-0.016754	0.0887561	-0.044575	-0.0386374	0.00868835	-0.0320457	-0.119199	-0.0217091	0.0957059	-0.000394673	-0.0852379	0.0145032	-0.127823	-0.0981187	-0.052717	0.0257295	0.0167695	0.0204532	0.0424095	-0.0166334	0.0189444	-0.0167564	0.0946048	0.0283582	-0.0513913	-0.0621363	0.0395134	-0.00350746	0.0242191	0.00147455	-0.0501641	-0.0664552	-0.0285477	0.0365033	0.0497735	-0.0300198	0.021081	-0.0586637	-0.0223416	-0.0269062	-0.00115945	-0.027725	0.065005	-0.0808287	0.016685	0.015847	-0.0176935	0.00674662	0.092861	0.00553617	0.00999924	-0.0542233	0.0677372	-0.0176133	0.00469624	0.0891125	0.0231997	0.0840023
8000000.0001	-0.0311638	0.00211044	-0.0374316	-0.00338316	0.0166267	-0.086935	0.0184475	0.0484186	-0.0875841	-0.0100228	-0.0977111	-0.0465903	0.119803	-0.0519065	0.0384111	-0.0457055	0.00204769	0.00375557	-0.0377725	0.0192786	0.0663289	-0.00123941	0.0603236	0.0176169	-0.0339229	-0.00482849	0.0126111	0.014293	-0.0360615	0.0514583	-0.0967085	0.0114825	0.0476024	-0.0671641	0.0870444	-0.0323039	-0.000499354	-0.0117357	-0.0228109	-0.00117293	-0.0627107	0.00159515	0.00384758	0.0732539	-0.117807	0.0532362	0.0921377	-0.0414756	0.019355	-0.0341051	0.0627744	0.0257773	-0.0431859	-0.000718848	0.0908409	-0.0763885	-0.00466912	0.0582588	0.0842772	-0.016902	0.0229171	0.0223631	0.0422024	0.000516977	0.0557222	0.0158084	-0.0293459	-0.0512045	-0.0423379	-0.13607	-0.13796	-0.0143793	-0.0361134	-0.0722905	-0.0130938	-0.0262876	0.0067781	-0.00380217	-0.00886876	-0.0535471	0.049043	-0.00590365	0.0246853	-0.0083798	0.0307	0.0327731	-0.00556395	-0.098912	0.0248503	0.00135935	-0.0420484	-0.0253905	-0.0727043	0.0697768	0.0344916	0.0245008	-0.00658777	-0.0459407	0.0149162	0.0437584
8000000.0001	0.0739446	-0.0201888	-0.0422999	-0.00407775	-0.0398575	0.0316503	-0.0193367	0.0459498	-0.0729376	0.000987808	-0.106455	-0.00277742	0.0413538	0.0455375	-0.0224416	-0.0106793	0.0508255	-0.00552716	-0.0585128	0.0146571	0.0689988	0.0291353	0.040836	-0.000544513	0.0637046	-0.0616163	-0.0926486	0.0299134	0.0367198	0.00742823	0.0987708	0.0862568	-0.0976516	-0.113135	0.0675492	-0.0552745	0.0347318	-0.0532313	-0.0646847	0.0429422	-0.112051	-0.0649728	-0.0146945	0.0368082	-0.00141851	0.0561926	-0.0249512	0.0200537	0.0745381	0.00969127	-0.0669815	-0.108676	0.00199093	0.0556865	-0.0832533	-0.0967339	-0.0400109	0.0602377	0.00772682	-0.0126454	-0.0316016	0.0520422	-0.0289538	0.066854	0.00681154	0.0329561	0.14866	-0.0946755	-0.0311073	0.0475081	-0.0371045	-0.00466775	0.05683	0.0878103	-0.00580767	-0.0161312	0.033295	-0.0614165	0.0447547	-0.0629514	0.0189267	0.0142397	0.00983298	-0.111068	0.0974432	-0.0512032	-0.025403	-0.0652644	-0.0681056	-0.0801136	-0.0251289	-0.0322623	0.0616993	-0.0674998	0.0974416	-0.0126664	0.076932	0.0151605	-0.0234079	-0.039897
8000000.0001	-0.0343601	0.0240452	-0.0450508	-0.00269453	0.0311855	-0.045998	-0.0572778	-0.0792205	-0.0483426	0.0341141	0.101356	-0.0321469	0.115094	0.039788	0.0221138	-0.0488711	0.00598958	0.0653265	0.0949497	-0.0492097	0.0816915	-0.0227564	0.134953	0.0938966	0.0204535	0.0723263	-0.136323	0.0305127	-0.0331953	-0.0374393	0.0132999	0.0140181	0.0246068	0.0682177	-0.0249491	0.0624928	0.0646568	0.00213814	0.0482819	0.100641	0.0257161	-0.0100797	-0.0506437	0.0168979	-0.0526883	0.00401535	-0.0120144	-0.0292048	0.0288706	0.0146663	-0.0826297	0.0530542	0.0865044	-0.0653353	0.0311234	-0.106928	0.032369	0.0333253	-0.0271776	0.0612529	0.02127	0.138469	0.00666355	0.0905489	0.000763976	-0.0620465	-0.0140879	0.0261658	0.0583146	-0.0680153	0.0253243	0.0221315	0.0495473	0.104709	-0.0860889	-0.0586794	-0.164046	-0.0697686	0.0390639	0.0233492	-0.0726785	-0.030208	0.0478797	-0.0345783	0.0572527	0.129991	-0.00901178	0.0251977	-0.0132717	0.0902394	-0.0133929	0.0417801	-0.0741976	-0.043746	0.0161254	0.0285976	0.0116077	-0.0345591	-0.108365	-0.0506814
8000000.0001	0.00279946	-0.0311376	0.0530314	0.0540257	-0.0520881	-0.117932	-0.00797075	0.070921	0.0389656	-0.0428978	-0.0258524	0.0362982	-0.00102128	0.0180678	0.00792796	0.112865	-0.0895203	0.0635421	0.0563688	-0.0192924	0.00049206	0.0311296	0.000962846	0.00328473	-0.0631623	0.144417	0.082707	0.00775016	0.0134999	-0.00952008	0.0426652	-0.0339037	-0.0246751	-0.0410127	-0.0557399	0.0330226	-0.0600818	-0.100188	-0.0272863	-0.0444371	-0.0439527	0.106558	0.0146138	-0.0545858	0.0225409	0.038609	-0.11337	0.004814	0.0819592	0.0216138	-0.0301762	0.0821411	-0.0145094	-0.0475358	0.0272512	-0.0420888	0.0858764	-0.0579414	0.0841627	0.0327134	-0.0273404	-0.0226802	0.106155	-0.033716	-0.0795504	0.0558522	0.0648405	0.0424078	0.078368	0.0474554	0.0153302	0.043088	0.117895	-0.0377983	0.0184973	-0.0647761	0.0375884	0.0376185	-0.0590649	0.0443113	0.00587872	-0.0331849	-0.0443854	-0.0305838	-0.00607285	0.0508121	0.0316786	0.0310989	0.0671883	0.0769062	-0.00135228	-0.151723	-0.030871	0.0322433	0.0388553	0.0269058	-0.0282806	-0.0280747	-0.0604655	-0.0101004
8000000.0001	0.0450562	0.0669644	-0.0638095	0.118558	-0.0129951	0.048084	0.0191642	-0.0093396	0.0517793	0.0441987	0.00465937	0.0202757	0.0345958	0.0735743	-0.0633072	-0.149512	0.132098	0.00153984	0.0088911	0.0348398	-0.0310853	-0.0378898	-0.13301	0.0329899	0.0503081	0.0907859	0.0374318	-0.0356466	-0.0161105	0.0455771	0.00432483	-0.0420978	0.0506194	0.0222698	0.0218632	-0.0255831	0.0428806	0.0652449	-0.102588	0.0217084	0.0375747	0.0323852	0.00890885	-0.105132	0.0162107	0.0302827	0.0123614	0.0489959	0.0595904	-0.0485988	-0.031362	-0.0221547	-0.0396116	0.0164125	0.0254169	0.0600312	0.00628162	0.00263439	-0.040233	-0.0229949	-0.0670331	-0.0626641	0.00681532	-0.0538987	-0.0433344	-0.043093	0.0334067	-0.0218166	0.0010942	-0.0238004	0.0617873	-0.00428141	0.00496858	0.00170696	-0.0419174	-0.0622355	-0.0458243	0.116934	-0.147354	-0.102606	-0.0491777	-0.0262904	-0.0790358	0.0483468	-0.0574847	-0.0276169	0.00504759	0.011203	0.00374391	-0.0222441	-0.00526114	-0.0103664	-0.0372841	-0.00459881	-0.0142155	0.128191	0.0664196	-0.0813271	-0.0452002	-0.0294061
8000000.0001	-0.0610859	-0.0685334	0.116588	-0.0337868	-0.00790258	-0.0162938	0.0102786	0.0621228	-0.10379	0.0532641	0.0160437	0.0333238	-0.0493272	-0.0256229	-0.0395021	0.068791	0.0891011	-0.0810779	0.078272	0.0581401	-0.0646924	0.119287	-0.0182925	0.0176625	0.0816377	0.0609841	0.00768138	-0.000535005	-0.0800246	0.0805689	0.0329443	0.0386185	-0.00789202	0.0701662	-0.0205399	0.0959003	-0.0412542	0.00690757	0.076563	0.0463623	0.0543554	-0.0398845	0.0158145	-0.0919913	0.0227935	0.049694	-0.0332142	0.0596064	-0.060645	0.077406	-0.0555567	0.0596344	-0.0052431	0.00541509	-0.0141511	0.0248414	0.179285	0.0526627	-0.0255606	-0.0622301	-0.0220653	0.0477636	-0.10611	-0.0671883	-0.0261982	-0.0588386	0.0778814	-0.0935814	-0.00755054	0.0689312	0.015089	-0.0818437	0.0980724	-0.031738	-0.0123475	-0.0249911	-0.0491233	0.0530729	-0.0105619	0.013991	0.0714588	0.0404047	-0.0319753	0.0542168	-0.00804922	0.0522585	-0.00269682	-0.0738963	0.0805672	0.0213967	-0.0315969	-0.0555268	0.0603587	-0.0618519	-0.0156609	0.0190926	0.0434185	0.0535177	0.0315463	0.0293526
8000000.0001	0.0403349	0.0445541	0.0724186	0.0192159	0.00311333	-0.104971	-0.0148449	0.0495242	0.0695042	0.0239874	-0.0968817	-0.0229382	0.130533	-0.0225098	-0.0551792	0.0113844	0.0832219	0.021312	-0.0369985	0.0113575	-0.0651752	0.0368781	-0.0184079	0.015699	-0.00682287	-0.0149825	-0.00912024	-0.0807688	-0.0215905	0.0786127	0.00711137	0.0702332	-0.07078	-0.0121435	0.00252488	0.02003	0.0682633	0.0050342	0.039381	-0.0597573	-0.0531685	0.0260061	-0.0199175	-0.096997	0.0924679	-0.0349288	-0.0678898	-0.00685745	-0.0588212	0.0113184	-0.00377226	0.000759476	-0.0172493	-0.00390831	-0.0329005	-0.0337694	0.10069	-0.0545456	-0.0194109	0.110282	-0.066349	-0.0254871	-0.0457683	0.00761434	-0.0388223	0.0251469	-0.0211621	0.0917305	0.0186918	0.0734592	-0.00419525	0.00849433	-0.0265293	0.0653099	0.049375	-0.0173592	0.0768614	0.078392	-0.0397698	0.0409155	-0.0942674	0.00867767	-0.0128787	-0.0704213	0.0153512	-0.02992	0.0658605	0.0121523	-0.0776213	-0.0219916	0.0269297	0.048441	0.0345593	0.0314957	-0.0375587	-0.0153965	-0.0141877	0.063328	0.0689536	-0.0235779
8000000.0001	0.0379889	-0.00358788	0.0699512	0.0658139	-0.0295307	0.0135738	0.027667	0.148638	-0.065347	0.032765	0.00824877	-0.0525882	-0.0610222	-0.00828685	0.0463628	0.0281703	0.0372575	0.0410739	0.00998009	-0.023278	0.0168554	0.116627	0.0150649	-0.0551097	-0.0958078	0.0468882	-0.0673709	0.100201	-0.0472422	0.0173874	-0.0603975	-0.0279931	-0.0629659	0.0737641	0.0699823	-0.143282	0.00794119	-0.0360864	0.0656852	-0.0353548	-0.106731	-0.0795573	-0.0660966	0.0522857	0.0309586	0.0286106	-0.0432239	-0.00425914	0.153986	-0.0179651	0.06543	0.0872846	0.0205017	0.0521304	-0.0355714	0.136124	0.0063891	0.0798613	-0.057802	0.149961	0.0665568	-0.0540074	-0.0373393	-0.0686039	-0.0325831	-0.051037	0.026546	-0.0644242	0.0899946	0.0436888	0.00440794	-0.0667437	0.00679132	-0.0248131	0.0520606	-0.0445919	-0.0128097	0.00330296	-0.0599889	0.0297744	-0.0136417	0.066359	-0.023664	-0.032699	-0.0216326	0.0235781	-0.0326671	0.080062	-0.0170321	0.0388426	0.0107689	-0.088885	-0.0450443	0.0577618	-0.0929	0.0369747	0.0329435	-0.00923169	-0.0416395	-0.0209733
8000000.0001	0.0752872	-0.0755438	-0.016041	-0.0122326	-0.0635179	-0.0278014	0.0741	-0.0201503	0.0557246	0.00191793	0.0465762	0.0488295	0.0124363	-0.0726491	0.0354679	-0.0972363	0.00821292	-0.109151	0.0633214	0.025156	0.0167981	0.0221239	0.0341311	-0.0138736	-0.00488403	-0.115052	0.016905	0.0142116	0.0707523	0.0734808	-0.0303712	-0.0730235	0.0345487	0.0515213	-0.0406359	-0.0742262	-0.0804484	-0.078624	-0.104703	0.016188	0.0171138	-0.0193895	0.00294738	0.131746	-0.0708866	0.0251071	0.0171124	-0.0383237	-0.0777885	0.0166403	-0.0523104	-0.0186521	-0.0287425	-0.0728702	-0.0374456	-0.0176048	0.0126479	-0.0886243	-0.0496052	0.0196704	0.0019864	0.0447876	-0.000702648	0.037779	-0.0218845	0.0115646	0.0528526	-0.0355814	-0.00750807	-0.126835	-0.0753919	0.0563703	-0.0147945	-0.0287012	0.12566	0.0280985	-0.0531347	-0.01006	0.0860955	-0.0429012	0.00468861	0.0776291	0.0429194	0.0661927	-0.0317334	0.0392004	-0.0572166	0.0467789	0.00925239	0.0738807	-0.0512487	0.020854	0.00174689	-0.122552	0.0458519	0.0250626	-0.029403	-0.0214655	-0.0553785	0.0484444
8000000.0001	0.0175598	0.0324575	-0.0183438	0.0466921	-0.00541461	0.0694515	-0.100569	0.0700241	0.0835815	0.0307154	-0.0910743	-0.00458984	0.0430991	0.0478499	0.00996659	-0.0692347	-0.0349358	-0.0361555	0.00399813	0.0105355	0.0851896	0.0969789	-0.118858	-0.177516	-0.0853462	0.0118132	-0.014398	-0.0246356	0.0224442	0.011583	-0.0170374	-0.0812779	0.0397978	0.0423806	-0.0402767	-0.0336034	-0.0474365	0.0399966	-0.0723204	0.00049498	-0.0317935	-0.00786748	0.0470511	-0.0189044	-0.0513646	0.0840606	-0.00125915	-0.0622306	-0.00513504	0.0333456	-0.0470896	0.00153848	0.0406227	0.125558	-0.0370754	-0.0434315	0.0283083	0.0408894	-0.055504	0.0151324	0.0864635	-0.024964	0.132175	-0.0290744	0.122175	-0.0377387	-0.0921615	-0.00514487	-0.0426948	0.0246743	0.0696896	-0.0576656	-0.0309025	-0.000519609	0.223998	-0.0281247	0.0689756	0.0714153	0.0610319	-0.038526	0.00452622	0.0914729	-0.0244668	0.000338085	-0.0339426	0.0334166	0.00818145	0.00357862	0.00868201	-0.129523	0.0865169	0.0580158	0.091245	-0.0639508	0.0389792	-0.0861249	-0.039198	0.00816443	-0.118513	0.085776
8000000.0001	-0.0951144	-0.0296732	0.156131	-0.078145	0.0464514	-0.0761788	-0.0780373	-0.0646265	-0.0793357	0.100409	-0.0275147	-0.025954	0.0409204	0.0111024	-0.00443402	0.00443987	-0.0618503	0.041889	0.0769768	-0.0468765	-0.0067865	0.00346007	0.0159916	0.00662246	0.026354	-0.0125503	0.0599197	-0.0113292	0.0997446	0.0382146	0.0178698	0.12519	0.0217016	0.0324339	-0.091252	0.0310968	-0.0239502	0.0161305	-0.0298548	-0.0591884	0.0463719	-0.00914787	0.0816179	-0.00254513	-0.00128159	-0.0355426	0.0750761	0.000698743	0.0698819	-0.0639453	0.0820777	-0.0871662	0.0043674	0.0502624	-0.0956187	-0.0321085	-0.0240208	-0.0842359	-0.0112285	0.134639	0.00443924	0.0409381	0.0468473	0.0719713	-0.00184946	0.0511154	-0.043077	0.077894	0.0822057	-0.0257725	0.139334	0.00665327	-0.0230176	-0.0946891	-0.0935632	0.0125456	0.033583	-0.026363	-0.032544	-0.0576424	0.0118032	0.0183772	0.00203047	-0.0114092	0.0668772	0.0463696	-0.0564602	-0.0186335	-0.0140064	0.0373877	0.0494105	-0.00723287	-0.0958424	0.0677156	-0.137913	0.0213001	-0.135176	-0.00250742	0.0713866	0.0362716
8000000.0001	0.0221504	0.0279112	0.0872295	-0.0376921	0.0590806	-0.0375082	-0.00454346	-0.0237822	0.0553243	-0.0160274	-0.0939817	0.06388	0.0525621	0.0200503	-0.0399275	0.0053446	-0.106751	-0.00860101	0.0420066	-0.00996255	-0.0726459	-0.0667128	-0.0456298	0.0433088	0.024474	0.0209137	0.00328963	0.0718658	0.0184656	0.0360313	-0.0632573	-0.00320442	0.0142397	0.0599204	-0.0246826	0.0402858	0.0494704	-0.0192696	-0.173226	-0.13302	-0.0135851	-0.0199288	-0.0660354	-0.0404989	-0.063353	0.0403868	0.0567449	0.0620528	0.0874318	0.102971	-0.0849594	-0.147547	0.025018	-0.0351249	-0.0185274	0.00716458	-0.00277351	-0.0702663	0.0687028	0.0103901	-0.0741798	-0.0197278	0.0111838	0.119047	-0.0104698	0.00649581	-0.0655484	0.0588995	-0.0231824	-0.0100308	-0.0331669	-0.0508719	0.0562313	-0.0187364	0.0617464	-0.0066903	0.0563716	0.0361589	-0.0128322	0.0764713	0.0176803	0.0995777	0.07875	-0.0628401	-0.084379	0.0238935	-0.0790493	0.116192	0.0175177	-0.039122	0.0114163	-0.0632439	-0.0138619	0.000208233	-0.0689596	-0.0493923	0.0284084	-0.0106691	-0.0543922	-0.00644318
8000000.0001	-0.054238	-0.030134	-0.0409327	-0.0178639	0.0676929	0.0475854	0.0171665	-0.0481664	0.0102403	0.0656689	-0.0300597	-0.00800161	0.100334	-0.0348997	0.0903458	-0.109737	-0.0287471	-0.0741293	-0.119561	-0.0583524	0.0516878	0.110009	0.0647479	-0.0242974	0.0862287	0.0429982	-0.0506792	-0.0013851	0.0887621	-0.0347314	0.0080519	-0.108775	0.0843634	-0.0399463	0.0854296	0.0101226	-0.0320885	-0.0413574	-0.0332179	0.0257403	-0.109663	-0.0603588	0.111503	-0.00293913	-0.0488812	-0.00455972	-0.131604	-0.105675	-0.0355982	0.00700952	-0.0227531	-0.00541858	0.0352938	0.113916	0.0552551	0.19027	-0.0556584	-0.00672093	0.0256728	-0.0634011	0.0223534	-0.0379142	-0.0742595	-0.041841	-0.0184869	-0.0908978	0.0413152	0.0613326	-0.0546598	-0.0110392	0.0462422	0.0415174	0.0558557	0.0611083	0.0222447	0.0972087	-0.0505746	0.0574011	-0.0772908	0.0888681	-0.0228501	-0.00746283	0.0223505	-0.0504389	-0.0610339	0.0186698	-0.0874105	0.0602476	0.0805293	0.0662379	0.0383176	0.0478838	-0.00350607	0.0427655	0.00820047	0.0652983	0.0123246	-0.071637	0.0176128	0.0341358
8000000.0001	0.0755622	0.0267481	0.0570504	0.0313203	0.00482474	-0.0820636	0.0311563	-0.194286	-0.00370526	-0.0154395	-0.0152392	0.00172352	0.114332	0.0388758	0.0654255	0.0634009	-0.058012	-0.102926	-0.0760503	0.0561626	-0.027646	0.0870777	-0.0206009	0.0004128	-0.0805864	-0.0343429	0.0364883	0.0441692	-0.123649	0.0105625	0.0391083	0.0918803	-0.0108698	0.0438164	0.0797354	-0.136234	0.026301	-0.1405	-0.0682131	0.0938496	0.0077855	-0.0325635	-0.00145523	0.00736573	-0.00903098	0.0699664	0.0556521	-0.033963	0.0434143	0.0334407	0.0318282	0.00173774	-0.0173451	-0.0367211	0.10006	0.0505603	-0.00703286	0.0352741	0.0181852	0.0465156	-0.0253787	0.0109376	0.0342834	-0.0751383	0.0397038	-0.012623	-0.0507158	-0.0120982	0.0166053	-0.0269045	0.0542339	-0.0760497	0.0339342	-0.0997447	0.0390411	0.0114639	0.0451677	0.041029	0.0102464	0.0313334	-0.0410372	-0.0630826	-0.100581	-0.0371746	-0.0293283	-0.0345576	-0.0115282	-0.0816182	0.00319718	-0.00965752	-0.0460329	0.105631	-0.0302644	0.0281719	0.00462725	-0.0136076	0.0612859	0.00725328	-0.117365	-0.0358604
8000000.0001	-0.0415662	0.0615822	-0.109296	-0.0528549	0.195623	-0.0136299	0.0296202	0.0507257	-0.0170478	-0.0112943	0.0376407	-0.00906561	-0.0392048	0.106171	0.0812932	-0.00331022	-0.00310435	-0.0398712	-0.0395665	-0.054462	0.00765741	0.0652304	-0.011152	0.0262151	-0.0269418	0.0423862	0.00891933	0.0216466	0.0236999	-0.102546	0.0366096	0.0546445	0.000919983	0.058899	-0.026887	0.0966092	-0.113032	-0.106635	0.102427	0.0191317	-0.0323456	-0.0577323	0.0599373	-0.0191314	0.0462163	0.0417395	0.0639182	0.0111905	-0.0775345	-0.0414741	0.0849648	-0.0551556	-0.0132669	0.0546787	-0.151658	-0.0715899	-0.0169715	0.030189	0.0130698	0.0666939	-0.0175136	0.01425	0.0419312	-0.0898322	0.0320282	-0.0483718	-0.0882056	-0.0401025	-0.0494771	-0.0574752	0.025683	0.0166941	0.00939753	-0.0819226	0.00327593	-0.0322041	0.0507026	0.0333976	0.00336859	0.0182216	0.0174812	0.0870802	-0.0465694	0.0718874	0.0540082	0.0277118	-0.00982343	-0.01385	0.0870207	0.042697	0.0860871	0.0306133	0.0416151	-0.0706472	-0.0104009	0.0179025	0.0170645	-0.0725757	0.0617014	0.0470428
8000000.0001	-0.0653983	0.0853732	-0.061217	-0.0257003	-0.00463498	0.000262271	0.155637	-0.103261	-0.00913826	-0.0518663	-0.0120711	0.0721749	-0.0666992	0.0210877	-0.048117	0.0705161	0.0125137	-0.00104508	0.0115799	0.0719631	0.0100322	0.0528966	-0.0243332	0.0559246	0.103492	0.0906338	0.0500096	0.00683407	-0.0308641	-0.0538497	0.000391412	-0.030421	0.0110577	0.000542566	0.0840392	-0.0198428	0.0665413	-0.0517742	-0.040788	-0.0280715	-0.05793	0.0942885	0.00242528	0.00969785	-0.106154	0.0173515	-0.0650309	-0.0296865	-0.0473086	0.0605443	-0.0223132	0.0522591	0.0293964	-0.130314	-0.0496529	-0.0429093	-0.00466397	-0.0268277	-0.0422162	0.07387	-0.0360744	-0.012367	0.121874	-0.00888476	-0.0232031	-0.0754978	0.0322899	-0.0890727	0.139274	0.0333106	-0.0807117	0.015039	0.103914	-0.0281171	0.0186275	0.0638798	-0.0229884	-0.0601239	-0.0347348	-0.0121112	-0.047294	0.0105327	-0.0272521	0.0322118	0.0532902	0.0256677	0.0191241	0.0716415	0.00965848	0.0273044	-0.0866285	-0.0339427	-0.0130441	0.0896011	-0.0605438	0.0884324	-0.00486285	-0.0277394	-0.0714762	0.114224
8000000.0001	0.0694882	0.036287	0.0140665	0.010958	-0.0376971	-0.0960528	0.032582	-0.128165	-0.0460048	0.0345933	0.0849368	0.0176334	0.00213339	0.0457014	-0.0097246	-0.0324721	0.0028953	0.0168263	-0.101075	0.0482716	0.0750821	-0.0522958	0.0484844	0.029466	-0.0234588	-0.0405083	0.0660191	0.0320329	0.033465	0.0293724	0.0693519	0.0622086	-0.173502	0.060706	0.0182395	0.0133039	-0.0291657	-0.00529053	-0.0417872	0.0607213	0.0545415	-0.0455627	-0.0490167	-0.124855	-0.0228365	0.125879	-0.0261253	0.0201372	-0.00468285	0.00844036	-0.0172488	0.062398	0.034755	0.0266688	-0.00336443	0.0439293	0.0217615	-0.0839215	0.0530587	0.0636057	0.00062834	0.0650545	0.0255587	-0.0509382	0.114186	0.0579084	0.104417	-0.038734	0.0177667	0.0152888	0.011942	-0.0962347	0.00815832	-0.058259	0.000289284	-0.0295973	0.00175564	-0.00501558	0.00766424	-0.0400659	0.115549	-0.0548046	0.039317	-0.106897	0.0382977	0.065051	-0.018087	0.0679717	-0.0957531	0.0996545	0.0166222	0.0967244	0.00996357	0.0738102	0.0161115	0.0253835	0.00937804	0.0102254	0.00985894	0.0315616
8000000.0001	-0.0375916	0.118279	0.0021041	-0.0680395	-0.0219329	0.0571337	-0.00440621	-0.129985	0.0911025	0.0593776	0.0236669	0.0317715	-0.0430669	-0.0317508	-0.0412609	0.00831625	-0.0822711	0.0677037	-0.0218155	-0.000689374	0.00156029	-0.00692937	0.0155968	-0.0207148	-0.0870955	0.00809285	0.00302269	-0.0398322	0.0068693	0.0475509	-0.0167254	-0.0268664	0.0601772	0.0979287	-0.00454046	0.0712815	-0.0352323	0.0121934	0.0873819	0.0383565	-0.0216096	0.073323	-0.183604	-0.0493466	0.035347	-0.0398689	0.0659343	0.0576724	-0.0229104	-0.00252291	0.00773955	0.134096	-0.0612041	0.0557426	0.0215111	-0.0445378	-0.0215141	0.0395489	-0.00261502	0.0219893	-0.0116777	0.018623	-0.0228983	-0.00802919	0.106038	-0.000231517	-0.011273	0.0412714	0.0801732	0.0849263	-0.03371	0.00894105	0.0248551	-0.0373292	0.0217658	0.0211567	-0.0741468	0.0316565	-0.109778	-0.0680593	0.0906545	0.0931941	-0.0379484	-0.043278	0.0621866	0.0449737	-0.0692175	0.0252974	-0.0523504	0.00817368	-0.0266957	0.0496737	0.068705	0.0420562	0.0130599	-0.0642138	0.0982604	0.0307689	-0.0193671	-0.0990885
8000000.0001	0.0588564	0.0252039	0.00598075	0.0448942	-0.0326213	-0.0601995	0.0121253	0.0687067	-0.0522996	0.00176854	0.0387589	-0.0173833	0.0795269	-0.0483543	0.0057357	0.0297217	0.00515391	0.038718	0.0878263	-0.0260651	-0.0203138	0.0212542	-0.0323094	-0.0356128	0.0307112	-0.0501709	0.0513879	0.121959	-0.0642218	-0.0364061	0.0427724	-0.0299236	0.0251912	0.0676594	-0.00491756	-0.0287196	-0.0484043	-0.0320418	-0.0798797	0.0420647	0.0394867	-0.0793939	-0.00198164	-0.0163914	-0.0161567	-0.0311761	-0.00369363	-0.0102796	0.0975245	-0.00160608	-0.0319535	0.0830034	-0.0116	0.113076	-0.0482689	-0.155363	0.0537778	-0.0486605	-0.0648179	0.0989262	-0.00989947	-0.0881235	0.0999711	-0.0181343	-0.0775388	-0.0774783	0.0359624	-0.0161527	0.00189329	0.100407	0.0114278	0.114296	-0.0176881	-0.0126435	0.0269238	0.0192532	-0.0222177	0.0115096	0.0409274	-0.0469244	-0.0685526	-0.0890329	0.0474372	0.0110084	-0.0131927	-0.100195	-0.0113977	0.0599062	-0.0133966	-0.0656168	-0.0292843	-0.0361469	0.00862202	-0.0141168	0.00913342	-0.0911971	0.0851443	0.0061149	-0.0212285	-0.0274193
8000000.0001	-0.0463304	-0.0220409	-0.00745934	0.0247008	-0.102371	-0.0300628	-0.0518527	-0.0105889	-0.0569873	0.0791915	0.0711511	0.0266027	0.100068	-0.0352555	-0.0686465	-0.0861302	0.0172067	-0.00731678	-0.0958519	0.0141907	-0.0929823	0.0133673	0.0771267	-0.00344371	0.00906074	-0.0350446	0.0153185	-0.0286219	0.0931069	-0.0162985	-0.0276888	0.0893904	-0.00997603	0.0725952	-0.0363132	-0.0437674	0.0340679	-0.0267095	0.0172409	0.0384923	0.0131719	-0.0873703	0.0751413	-0.0382506	0.0450105	-0.0193698	0.00346416	-0.00839992	0.0537073	-0.0158691	-0.0682754	0.0925134	0.0360661	0.1276	0.00414545	0.021016	-0.0396749	-0.073716	0.0334094	-0.0150735	0.0528081	-0.00622152	0.118418	0.0276332	0.0385993	-0.097333	-0.0175363	-0.0348199	-0.0195518	-0.020693	0.00849052	0.0211147	0.117443	-0.0224794	-0.0685162	0.0473806	0.0411971	-0.017833	0.00565052	0.105748	0.105672	-0.061787	-0.00331688	-0.00410615	-0.0699094	0.145426	0.0881787	-0.00843496	0.0903679	0.0456085	-0.0327383	0.0701117	0.00113002	-0.00620866	-0.0443884	0.00362418	0.0936293	-0.056411	0.0693866	-0.0976462
8000000.0001	0.0648576	0.146699	0.04551	0.0537498	0.0111869	-0.107727	0.0913314	0.0490045	0.190026	-0.0972489	-0.0215602	-0.0744337	0.0514002	-0.0629186	-0.00259198	-0.0608606	-0.0825424	0.0132797	0.00224226	-0.0106819	-0.0935496	-0.0480324	0.0417889	-0.0535139	0.0476795	0.0897655	0.0837708	-0.0190055	0.0245855	-0.00226789	-0.0655745	-0.0263388	0.113792	-0.00650188	0.0184987	0.0185869	0.00592405	0.0492715	0.0745786	0.0431291	0.0420573	-0.0141946	0.0465909	0.00595884	0.0977444	-0.140629	-0.030258	0.0214575	-0.0261376	-0.0735032	0.0683046	-0.0294038	-0.0600265	0.00927325	-0.00503709	0.11731	0.0765257	0.0112236	-0.0938288	0.129131	-0.0829395	0.0116034	-0.0137208	-0.00270633	-0.00762047	0.030287	0.0142425	0.0605574	-0.0278766	-0.0545301	0.0246483	-0.00953212	0.0445423	0.072249	-0.0369577	-0.0561392	-0.0922234	-0.138748	-0.0296477	0.00429508	-0.0326578	-0.0414088	-0.0714386	-0.136523	0.0910789	0.021349	-0.0770226	-0.00605788	-0.109117	-0.100191	-0.0144935	0.0212015	-0.053541	-0.0433829	0.025018	0.0635518	-0.025685	-0.0930753	-0.102757	0.00717366
8000000.0001	-0.00106723	0.0559806	-0.106007	-0.0164594	0.0159713	0.117012	-0.00917099	-0.053288	0.0113157	0.0278384	0.085967	0.0893272	0.0051907	-0.143066	0.00181076	-0.0221461	-0.142326	0.109635	0.0415947	0.0691405	-0.0238076	-0.0134884	0.122086	0.0765195	-0.0848458	-0.0466732	-0.0259694	-0.0967777	-0.00215281	0.0255268	-0.0657565	0.00490455	0.039396	0.109902	0.0939799	-0.011021	0.0368516	-0.0210375	0.0327852	-0.00963814	0.00799465	0.0812339	-0.0610116	0.0385312	0.0227312	0.00491259	0.0525555	0.000814348	0.0505363	0.050542	-0.0755697	-0.0182213	-0.0221599	-0.030769	-0.110509	0.093667	-0.0332539	-0.0187803	0.13326	-0.110259	-0.0241233	-0.00147457	0.0648092	0.00342419	-0.0326642	-0.0732528	-0.0565861	-0.113292	-0.0314335	-0.0353075	0.00656003	0.0274611	0.0554041	-0.0682036	0.106502	0.00148645	0.0353394	-0.0273412	0.0693279	-0.149368	-0.005901	-0.115511	-0.0078774	0.0674118	0.0303649	0.0104981	0.00763295	-0.0560356	0.066968	0.015152	-0.0512548	0.0589688	-0.0220706	-0.0109235	-0.0145869	-0.00346754	0.133998	-0.0440239	0.0153189	0.0212795
8000000.0001	0.00027506	-0.0473801	-0.00446309	-0.136475	0.0368661	0.0635734	0.0739539	0.0401569	0.00400613	0.0555283	0.0441866	-0.0165982	-0.0244488	0.0279556	0.0126881	-0.0901195	0.0392037	0.0277978	0.0841401	0.00251965	0.0858253	-0.0344457	0.0155461	0.103692	0.170496	0.00128125	0.0125126	0.0536031	0.0259365	-0.0278964	-0.0274918	0.0558143	0.00352836	-0.00829459	-0.0638258	0.0544379	-0.06936	-0.0403862	-0.0490364	-0.0487972	-0.102513	0.0497825	0.0158083	0.00149221	0.00877027	-0.100926	0.0248578	-0.0359446	0.0394215	-0.0553096	-0.0128134	0.0176834	-0.0761241	-0.0244766	0.0553853	0.0203532	0.00368153	-0.0287088	-0.0320324	0.0617463	0.0178017	-0.112182	-0.00782484	-0.0494489	-0.143662	-0.0110873	-0.0567799	-0.0953752	0.0455206	0.0680509	-0.0505364	0.0181945	0.0973792	-0.095419	-0.0206682	0.112203	-0.0275435	-0.0566746	0.0232635	-0.0111219	0.0322101	0.0144139	-0.0526499	-0.0329557	-0.048104	0.0958428	-0.0629281	0.106055	0.0109071	-0.0408748	-0.0767519	-0.00520371	0.0261368	-0.0224244	0.068606	0.0744558	0.00312178	-0.103287	-0.0437557	0.0912253
8000000.0001	0.0472531	0.106135	-0.0334432	-0.0201992	-0.120242	0.0597345	0.0141209	0.051886	0.0695391	-0.00794281	-0.0167182	0.0598819	0.0314481	-0.00988677	0.061979	-0.00676016	-0.0459935	-0.0644565	0.0565475	-0.0446961	0.0672574	-0.0191162	0.0600967	-0.0108898	-0.0851511	-0.0387599	-0.0557282	-0.000987798	0.0229351	-0.0437202	0.0353109	0.0445176	0.102011	0.016306	0.101812	0.0639477	0.0300464	0.0326861	-0.0339576	-0.0521165	-0.0394786	-0.0184922	0.00033272	-0.0310928	0.0185708	-0.0263147	-0.109487	0.0210363	-0.099129	-0.097584	0.0469682	0.0123799	-0.0407602	0.0266569	-0.0900695	0.00984225	0.0692727	-0.00835874	0.0736332	-0.0726115	-0.0118745	-0.0666513	0.0438529	-0.0265617	-0.0844413	0.0454219	-0.0501847	0.0184736	-0.0441185	-0.00373771	0.00507262	0.0366588	-0.0805347	-0.0823739	-0.0240896	0.0740694	-0.0316836	-0.041707	0.0654993	0.0322366	-0.0539939	-0.141487	0.00582781	0.00768699	0.0217237	-0.0747267	-0.040609	-0.104838	0.00705601	0.0701036	0.0202041	-0.0545311	0.00777243	-0.00571438	-0.0616901	0.132648	-0.160209	0.0124045	0.102139	-0.0615778
8000000.0001	0.0923538	-0.0242058	-0.0308743	-0.016164	-0.0311774	0.0402066	-0.00041901	0.01277	0.00836268	-0.0963261	0.064433	0.0513124	0.0330849	-0.0511634	0.0415671	0.0610383	-0.00310355	0.0115628	-0.0201088	-0.0812341	0.021878	-0.0996002	-0.0110368	-0.0736259	-0.0561042	0.0682006	-0.0259477	0.0737525	0.0493923	-0.0696624	-0.0311452	-0.0221905	0.0799946	-0.0489539	1.73762e-05	0.0276558	0.0185319	0.0125704	0.0324443	0.039559	-0.0845161	0.00908847	-0.110637	0.0158774	-0.0488267	-0.0230679	0.0386009	0.0764375	0.0621996	0.0487319	-0.0267405	-0.0689972	0.0160374	-0.0212868	0.0271235	-0.0182379	-0.0670603	0.0324688	-0.0587562	0.0306387	0.0451653	-0.172695	0.00453537	0.0348176	-0.0174293	0.0547007	0.000907821	-0.0390217	-0.0419423	-0.146815	0.00138205	0.0303078	-0.0682494	-0.0328987	-0.0770219	0.0274404	-0.0504691	-0.0126879	0.0119147	-0.0275947	-0.084219	0.12617	-0.0715182	-0.048315	-0.0263575	-0.0769919	-0.0321468	-0.12282	-0.0488621	0.0737257	0.0403299	0.0563605	0.0936695	-0.052633	-0.0181909	-0.0702521	-0.05105	-0.0266879	-0.00926686	-0.0124994
8000000.0001	0.0690377	0.107874	0.0319539	-0.0837432	-0.0247288	-0.126401	-0.0906497	-0.00206934	0.0144732	-0.11204	0.0450458	-0.0297834	-0.0403128	-0.0346591	0.0146856	0.0919808	0.0582623	-0.138518	-0.0771057	-0.0299735	0.114013	0.0183303	0.0529291	-0.0193832	-0.0715298	0.0402211	0.00754618	0.010019	0.0421603	0.00121343	0.00062175	-0.165842	0.0969786	0.00132314	-0.0378223	0.010499	0.070741	0.0627147	-0.0530047	-0.115952	0.125062	-0.108385	-0.0734987	0.0894999	0.0171472	-0.0405926	0.0665423	-0.0838776	-0.0118381	0.0657059	0.0493476	0.00896323	0.0656761	-0.00321115	-0.0420699	-0.0443666	0.196172	-0.0819868	-0.0796889	0.060515	-0.012099	-0.0720719	-0.0563903	0.027702	-0.0837911	0.0282559	0.0328845	-0.0136138	0.03385	0.056948	-0.153925	0.00205121	-0.0146198	0.0195745	-0.000474417	-0.0751462	-0.038823	-0.0122384	-0.0181216	0.0312648	0.146985	0.0856196	-0.0333267	-0.0523249	-0.0463047	0.00929919	0.0283281	0.0759906	-0.0790983	0.123509	-0.0703443	-0.0191123	0.0748452	-0.12999	0.0930886	0.00837885	0.0552029	-0.0307205	-0.0861935	-0.087029
8000000.0001	-0.0165165	-0.00222092	0.00284523	-0.0813891	0.0219972	0.0609252	-0.0609311	0.0755295	-0.0491131	-0.00732666	0.00775259	-0.0598045	0.0139784	0.0359701	0.0781093	-0.0240479	0.0361704	-0.0269575	-0.0630738	0.0224077	0.0160884	-0.0997071	0.0230049	-0.000319448	0.0156611	-0.0304011	-0.0346209	-0.0621734	-0.0698799	-0.0499842	-0.111229	0.000372341	-0.00377144	0.00324806	0.0445257	0.0394362	0.0265772	-0.108774	0.0505132	0.0303209	-0.004735	-0.0642043	0.0803557	-0.0446362	-0.0268067	0.0246323	0.00176108	-0.0892444	0.0124956	0.00604419	0.0539368	0.0609883	-0.0829455	-0.00245509	-0.0502149	0.0455759	-0.016126	0.00976855	0.00405271	-0.0776834	0.00530327	-0.0425396	0.0442259	-0.00199669	0.0362003	0.0588108	-0.016942	0.059375	0.0901428	-0.0210032	0.0163993	-0.0382303	0.0622422	-0.0317348	0.000783946	0.052326	-0.0731175	0.00549032	-0.054213	0.03583	-0.0359418	0.0131661	0.0214393	0.0271296	-0.0965984	-0.0501294	-0.121314	0.017455	-0.107301	0.0209527	0.0326932	0.0476071	-0.0119308	-0.115196	0.0128483	0.00122612	-0.0566228	-0.119659	0.0269472	0.0294326
8000000.0001	-0.0339713	-0.101936	-0.0302803	0.0452349	-0.0415083	-0.0511001	0.0151466	0.064597	-0.0546516	0.0867386	-0.0629394	0.0847937	0.0482954	-0.0928497	-0.014891	0.0583353	0.0173578	0.00780805	-0.014413	-0.0275848	0.0188862	-0.0823428	0.0346421	0.0832215	0.0100441	0.0885682	-0.0229193	0.0282709	0.0300706	0.0156442	0.0298702	0.00629185	-0.135488	0.0450241	-0.0662067	-0.0294457	-0.0244667	-0.0667231	-0.0222359	-0.0374117	0.0374566	0.0634703	0.0492671	0.00173461	-0.100793	-0.010334	0.0586816	0.0800116	0.0105786	0.0640655	-0.072308	-0.0667625	-0.0736989	0.00360559	0.00502392	0.0802724	0.0413269	-0.00503637	0.0486338	0.111667	0.0890322	0.0317253	-0.0633115	0.0688747	-0.0956084	0.0998682	0.00415543	0.000768979	-0.103429	-0.0128052	-0.0449659	0.0336702	0.0456253	0.0780605	-0.0387187	-0.0144305	-0.0386087	0.0563507	-0.0313137	-0.117578	-0.00196681	-0.00453704	-0.184279	0.0296591	0.0260052	-0.0724662	0.0212325	0.0288141	0.00373903	-0.0208125	0.0209233	0.0201287	-0.0272936	0.113276	0.0872529	-0.0027111	-0.0450795	-0.0409388	0.0736351	0.00968702
8000000.0001	-0.0158165	0.0800966	-0.0479592	-0.090896	0.0393587	0.125134	-0.0113155	0.0382797	-0.00544134	0.0625582	0.0754132	-0.0136579	0.0545277	-0.0212585	0.00744924	-0.0561862	-0.00477899	-0.0110563	0.062643	-0.0416472	0.00246512	-0.0363408	-0.0305657	-0.0832384	-0.0190311	0.008887	-0.0230163	0.0890268	-0.114094	-0.069264	-0.0518781	-0.0785708	-0.0380637	0.0354438	-0.0715033	-0.0666756	-0.0139022	0.117848	0.0230599	0.0415836	-0.063976	0.11872	0.0129721	-0.031738	0.0570228	-0.00554609	-0.018063	0.0825345	0.0305033	-0.0792481	-0.0111389	-0.0767784	-0.0370858	-0.00906918	0.0579829	-0.0099096	-0.043393	0.0917528	-0.0621899	-0.0312174	0.0280908	0.110337	0.0393485	-0.0632707	-0.0990644	-0.0212607	0.059606	-0.0454845	0.0444633	0.0161775	-0.0636818	-0.118629	-0.0593991	-0.0154243	0.033192	0.0648554	-0.0160901	0.00419767	-0.0204158	0.121624	-0.0328701	0.0508478	-0.0721599	0.0471379	0.00762981	0.0955162	0.039062	-0.0246586	0.118306	-0.00558061	0.0051505	-0.03973	0.0616751	0.0189267	-0.0342168	0.0727942	0.0527917	0.104584	0.0867113	0.023526
8000000.0001	0.0124006	-0.0325042	-0.0691618	-0.00102355	0.00383236	0.0209956	-0.0753942	0.0216785	0.034242	0.00646311	0.00991183	-0.0104579	-0.00461863	0.0717304	0.0285588	0.00597941	-0.0457638	0.0512498	0.0415989	-0.0271643	-0.105066	-0.0480916	-0.0568586	0.0676291	-0.00823062	-0.0764637	0.132252	-0.0300108	0.0355295	-0.0552084	0.049321	-0.100386	-0.00389565	-0.00851562	0.030023	-0.00517638	0.064884	0.0795967	-0.0771141	0.0885887	-0.0457476	0.138478	-0.109162	0.0184631	0.0342384	-0.015794	0.0207439	0.049904	0.00595259	0.0385629	0.0159783	-0.00576861	0.148058	-0.126402	0.0862147	0.0679273	0.13337	0.034752	0.053395	0.016241	0.0639391	0.0720884	0.118091	0.0394901	0.0159778	-0.00165565	-0.0412476	-0.0792922	-0.0238923	-0.17385	-0.0527147	0.0551547	-0.123534	-0.0190552	-0.0422335	-0.0116249	-0.0138461	-0.0840749	-0.029694	-0.0284978	0.0174637	0.0440316	-0.0154394	-0.0455088	0.0027781	0.0167401	-0.0387965	-0.0138842	0.0409694	0.0683099	0.0802522	-0.00926421	0.0488907	-0.0511463	0.0844097	0.0117623	0.104287	0.0707324	0.0777901	0.128979
8000000.0001	-0.014059	0.00506401	-0.0382092	-0.0822337	-0.0465259	0.0185786	-0.0329456	-0.0407921	-0.0637366	0.0577623	-0.002316	0.0406721	-0.0439134	-0.131688	0.0233121	-0.0170105	0.114045	0.0295603	-0.142531	0.0367859	0.00561424	-0.0322498	0.0927244	-0.0628151	-0.025021	0.0748596	-0.107825	-0.0661858	0.0258484	-0.0872797	0.0906364	0.00282329	0.0832334	-0.0285558	0.0257222	-0.0238114	0.00560086	-0.00138388	0.0125216	0.0332493	-0.0391198	0.0716944	0.0297662	-0.00119694	0.0193582	0.0394957	0.0727212	0.0992818	0.0712819	-0.0399372	0.0424489	0.0642453	-0.128101	-0.135526	-0.020583	-0.0331002	-0.00867646	-0.0901892	-0.0275887	-0.0837461	0.0289804	0.00516957	0.0188368	-0.0380407	-0.0782919	0.0665613	0.0494012	-0.0650862	0.0186449	-0.0120066	-0.00921832	-0.00243916	0.0632122	0.0422013	-0.0720105	0.0598417	-0.0784522	-0.0959145	0.0558395	-0.0946253	0.0143844	-0.0520837	0.0693125	0.0430661	-0.0151648	0.0354214	0.083498	0.0307892	-0.0735427	-0.0577657	0.0030469	0.0313048	0.0132007	-0.00881479	0.0202242	-0.077476	0.011309	-0.056228	-0.0916462	0.017648
8000000.0001	-0.169345	-0.0873631	-0.0129817	0.0199399	-0.0538608	0.024445	0.0390441	0.0604097	0.0791751	0.0519445	0.0659378	0.0862018	-0.0782475	0.0435871	-0.0360939	0.0356422	0.00568089	0.0835003	0.0489664	-0.0669381	-0.122968	0.0192915	0.00843103	-0.0835362	-0.0221117	0.0266582	0.109507	0.0164492	-0.14691	-0.0171451	0.0659211	0.129325	-0.0821105	0.0463094	0.139918	-0.0895669	0.0853382	-0.143929	0.0178386	0.0306219	-0.0338783	-0.00242818	-0.0591864	0.0332142	0.0341542	0.0475154	0.0176289	-0.111226	0.078193	-0.0503745	0.034277	-0.0754861	0.0228211	-0.0599038	-0.0443759	0.0166052	0.0899753	-0.0400332	0.0874346	-0.0111193	-0.00957027	0.0715038	0.00362507	-0.0879552	0.0100632	-0.0185973	-0.0259975	-0.015988	-0.0199702	0.0228041	0.00405627	0.154869	-0.0165008	0.0290988	-0.0579681	0.0547878	-0.0114517	0.0818712	-0.0707552	-0.026827	0.106581	0.0603087	0.0870814	0.00789683	0.00115297	0.065453	-0.00682643	0.0572499	-0.0386197	0.00896266	0.0274789	0.0153363	-0.131387	-0.0605503	0.0520259	-0.0312664	-0.00425036	-0.0141814	0.0653108	0.0534735
8000000.0001	-0.0297288	-0.0571453	-0.0341272	-0.0391032	0.0989159	0.0267507	0.0275012	0.00151322	-0.0256171	-0.0383632	-0.100789	0.0242326	-0.00148874	0.0797373	0.02477	-0.00392234	0.0336303	0.0234505	0.0808888	0.0553151	0.00900242	0.0322561	0.070144	0.014015	-0.0354355	0.0244457	-0.0434814	0.013214	0.0850081	0.00380545	0.0970867	-0.0689609	0.027684	0.0349459	-0.0380603	0.045593	-0.0242708	0.0441532	0.0545629	-0.0162728	-0.0659038	-0.0472042	0.0270424	-0.0923562	0.0497106	-0.0282726	0.055252	-0.102916	-0.0984889	-0.0241261	-0.0851765	0.0631203	-0.0871715	-0.0345297	0.107039	0.00468418	-0.0471433	0.049095	-0.035322	0.0122421	0.0245697	0.0220002	0.0244088	-0.0644558	-0.147957	-0.0156369	0.122245	0.0435738	0.114419	0.0108225	-0.119543	-0.00826717	-0.00512334	0.0484221	0.00438025	-0.0220162	-0.00551595	-0.0926988	-0.000771413	-0.00432298	0.09813	-0.0253485	0.0530672	-0.0820271	-0.0647133	-0.0471802	0.0831794	-0.0320522	0.0468907	0.0518929	-0.0112066	-0.0241645	-0.0345204	-0.13621	0.0499069	0.0345628	0.0597809	-0.0389916	0.00496343	0.0835808
8000000.0001	0.0568067	-0.0117915	0.00439328	0.0292344	0.0186456	-0.106799	-0.00936894	0.0194603	-0.0345495	0.0253578	-0.00771265	0.0192836	0.0761947	-0.0596648	0.011562	-0.128459	0.0825818	0.0184858	0.0367102	0.0269587	0.0383913	0.105367	-0.0479852	0.061252	0.0159053	0.0914217	0.0598562	0.0182528	-0.0164683	-0.0378729	-0.196561	-0.00144376	-0.0319316	-0.104376	-0.0229947	0.136395	0.0374333	-0.0583828	-0.0740243	0.0485076	0.0509647	-0.00850663	0.0419805	0.0803922	0.00989204	-0.0223988	0.0807181	-0.00847704	0.0908775	-0.0533747	-0.00294917	-0.00148074	-1.22308e-05	0.0724536	-0.000334927	0.0569316	0.0862907	0.165141	-0.0384753	0.0131296	0.0865214	0.0605344	0.132986	0.0277365	-0.00515712	0.0121902	0.0848761	-0.0726864	0.0304983	0.0285941	0.0100414	-0.0472853	-0.00884051	0.0726722	-0.020017	-0.0444403	-0.0989845	0.0390945	-0.0650002	-0.00155748	0.0234054	0.00160289	-0.112125	-0.0541929	0.00782504	-0.00732971	-0.0242559	-0.0497708	0.0029594	0.0365647	0.0445212	-0.0597922	-0.0176789	-0.0343797	-0.105784	0.0218114	0.0570903	-0.036704	0.012987	0.0703357
8000000.0001	-0.0224634	-0.0383066	0.000769818	0.0552477	0.0489569	0.0931664	-0.0296806	0.0107442	-0.057296	0.00152972	0.00363863	-0.0404786	0.000428209	-0.00525684	-0.0295696	-0.087741	-0.0418518	0.00722202	0.0632596	-0.0931928	0.0141434	0.00762863	-0.0928449	-0.0446476	0.011467	-0.0218886	-0.0147103	-0.0136077	-0.0630898	-0.011034	0.0786056	0.0101537	0.0152	0.008939	-0.0493648	-5.49675e-05	0.0220658	0.0273302	0.0588481	0.044385	-0.0235745	-0.024292	0.135035	0.0159825	-0.0734476	0.0087957	0.0192493	-0.0849592	0.00257605	-0.0588212	-0.0406544	0.033947	0.0443177	0.0667192	-0.0989307	-0.0611721	-0.00328294	0.0183748	0.0136069	-0.0557724	-0.0357267	-0.0507346	-0.0628303	0.0172045	-0.0983097	0.0508214	-0.0148227	-0.0158244	-0.0344316	0.00985863	-0.0119223	-0.0542617	0.0532019	0.000523771	0.0146235	-0.0251254	-0.0295335	0.118125	0.0206005	0.0549227	-0.0262374	0.0456477	-0.0267215	-0.110698	0.0339242	-0.0634439	-0.00821801	-0.019439	0.076783	-0.118124	-0.0511793	-0.10256	0.0256629	-0.0010603	-0.0895911	-0.00814182	0.0576915	-0.0206262	0.00380381	0.0242862
8000000.0001	-0.0343766	0.137322	0.0487238	-0.0331571	0.00208302	0.0260634	-0.037284	0.0688597	0.0737027	0.0176465	-0.0299483	0.0623926	-0.0396307	-0.0277766	-0.0067272	0.0677303	0.0926469	0.0534611	0.0566881	-0.0441721	0.0549468	0.0132818	0.0793286	0.0883967	-0.0133997	-0.0501232	0.0603516	0.0495036	0.0554277	-0.0159907	0.0155382	0.0899084	-0.0443399	-0.01624	-0.0290182	-0.00741808	0.0724076	0.0362227	0.0684344	0.0162525	-0.0872215	0.00146191	0.0248552	0.0477979	0.0959749	-0.0530831	0.0076312	-0.0347663	0.0122667	-0.0929424	0.0098344	-0.0287941	-0.0460295	-0.141919	0.0545301	-0.0692989	-0.00167237	0.00459517	0.0393496	0.167944	0.0868598	0.0623292	-0.0645309	0.0665281	-0.0246936	0.0125552	-0.0184703	0.0478312	-0.0389959	0.00362867	0.127483	0.0907613	-0.0310448	0.0790828	0.0203867	0.0248662	0.0670542	-0.112222	-0.0354049	-0.140218	0.128202	-0.0134796	0.0642127	0.0348386	-0.051722	0.00518951	-0.0976729	-0.0222854	0.0143494	0.0197641	0.0700982	0.0151172	-0.0328211	0.0131411	-0.0424022	-0.0377962	-0.0702781	-0.067048	-0.0832188	0.0179739
