2000	0	6.88338	4.87323	0.60586
2000	1	2.2263	2.82319	0.588199
2000	2	8.77634	4.48373	2.39948
2000	3	2.40441	1.25382	3.89301
2000	4	5.69719	1.58608	4.33308
2000	5	3.72157	0.293134	3.65741
2000	6	2.5528	1.62073	4.7717
2000	7	4.26216	3.04166	5.24627
2000	8	1.84695	1.19431	4.07684
2000	9	2.14933	4.55428	1.26302
2000	10	4.35824	1.89206	5.18855
2000	11	8.3205	3.45272	4.83442
2000	12	3.7813	2.31731	5.62971
2000	13	4.97064	1.86576	0.00460496
2000	14	5.77309	4.10812	2.89723
2000	15	2.10363	1.11249	0.629111
2000	16	2.40056	1.05346	5.76883
2000	17	18.6387	1.32508	1.04528
2000	18	2.50163	0.876169	4.57904
2000	19	2.26416	2.03871	0.921388
2000	20	13.9486	0.572081	5.0727
2000	21	3.70923	4.22198	2.28762
2000	22	17.2775	3.82829	2.10614
2000	23	2.94114	0.0601657	2.97106
2000	24	4.17084	3.14639	3.53761
2000	25	5.81001	3.83386	2.68868
2000	26	7.4569	0.849921	4.77639
2000	27	3.67287	3.41061	0.308398
2000	28	15.2577	3.74711	1.26218
2000	29	8.12726	1.21555	5.46402
2000	30	2.30957	3.47704	4.8836
2000	31	5.13249	2.89109	5.281
2000	32	5.05806	2.03578	3.03856
2000	33	5.00109	2.58736	1.19876
2000	34	4.66403	3.24415	2.09224
2000	35	2.92693	1.88819	5.26931
2000	36	6.48052	3.43157	1.15891
2000	37	6.3514	0.17741	5.14625
2000	38	2.42878	4.59179	5.29759
2000	39	6.69329	4.98986	4.93091
2000	40	2.19404	3.79823	5.90224
2000	41	3.18981	1.67712	1.35652
2000	42	9.16802	2.82985	1.6105
2000	43	6.10804	3.52868	2.89
2000	44	2.4797	0.761265	0.487804
2000	45	5.27305	1.04222	2.67143
2000	46	3.04633	4.1418	4.41268
2000	47	7.66608	0.433426	1.59522
2000	48	2.02656	4.8146	5.18748
2000	49	5.83999	2.19517	3.07805
2000	50	6.0835	2.95722	3.78776
2000	51	5.60576	3.69057	2.87751
2000	52	6.07591	2.84243	3.51477
2000	53	4.19804	2.4519	3.90947
2000	54	4.96975	2.0437	4.2051
2000	55	3.6168	2.84316	0.33086
2000	56	2.83154	3.71128	5.1048
2000	57	4.22072	0.539365	3.41456
2000	58	16.1262	3.80706	1.70247
2000	59	18.6785	1.52585	2.35293
2000	60	4.80643	0.210822	5.43848
2000	61	2.04042	4.16674	5.00096
2000	62	3.75695	3.26874	4.56664
2000	63	2.67081	0.261968	4.54758
2000	64	4.45717	0.615045	5.6268
2000	65	3.53534	0.202772	5.39966
2000	66	18.3415	3.13302	6.06424
2000	67	5.3565	3.26311	3.92656
2000	68	1.10971	2.67109	4.71267
2000	69	2.97593	3.50073	0.644108
2000	70	4.4917	2.34797	0.205757
2000	71	4.81517	4.55356	4.95447
2000	72	1.94701	1.80063	0.061791
2000	73	5.62512	1.15998	4.10733
2000	74	10.918	3.99979	0.334947
2000	75	3.86375	1.68522	3.82064
2000	76	3.08528	0.0456576	1.60915
2000	77	7.38416	4.7746	0.247803
2000	78	3.38833	3.95401	5.76616
2000	79	2.6929	4.08521	6.17135
2000	80	4.11713	4.20481	3.91702
2000	81	3.50975	0.445765	1.93319
2000	82	2.37433	4.79888	1.174
2000	83	5.11279	4.5717	2.18231
2000	84	7.63224	2.19733	1.25478
2000	85	2.46396	1.46813	5.20884
2000	86	9.46407	2.13364	0.942087
2000	87	3.03958	3.20326	2.36041
2000	88	17.8171	3.0241	0.583266
2000	89	5.44993	0.220771	0.575105
2000	90	2.35761	3.98643	6.04106
2000	91	4.45467	4.4821	3.15027
2000	92	15.2047	4.27757	5.08007
2000	93	19.8525	2.35036	5.05691
2000	94	2.51939	0.268618	0.677945
2000	95	13.1796	4.63611	5.59605
2000	96	16.966	0.656538	1.65114
2000	97	5.30334	1.75479	0.599829
2000	98	12.6076	4.3388	4.19704
2000	99	4.56384	0.238732	4.14261
2000	100	5.5164	1.07524	3.587
2000	101	2.18823	3.66448	6.2632
2000	102	1.46595	4.17649	1.70458
2000	103	3.76079	4.5161	3.74256
2000	104	5.13216	3.70156	5.21272
2000	105	5.71409	3.58425	5.72316
2000	106	4.21071	0.317655	0.181175
2000	107	18.6717	4.41787	1.70509
2000	108	5.88214	1.19891	4.43227
2000	109	5.40463	1.90202	1.71677
2000	110	7.29498	4.14269	2.08893
2000	111	5.03424	0.238008	2.76912
2000	112	2.28757	3.67543	0.144348
2000	113	6.06733	0.435049	5.81571
2000	114	4.9459	0.763414	1.95313
2000	115	2.16668	3.14877	2.19866
2000	116	2.38214	3.54644	0.757838
2000	117	2.6633	2.23667	0.694656
2000	118	18.1277	4.95472	4.15732
2000	119	5.71189	1.50169	5.10116
2000	120	5.39819	1.92757	5.4087
2000	121	3.66985	2.96094	2.20386
2000	122	4.77318	1.24491	3.4347
2000	123	13.402	0.800852	1.04746
2000	124	5.47798	3.96063	3.14837
2000	125	1.22933	1.81249	1.65716
2000	126	5.08412	2.27998	6.05171
2000	127	5.0457	0.62235	2.20343
2000	128	10.2755	4.60133	5.12938
2000	129	2.95988	4.76214	5.72905
2000	130	10.3834	3.88263	4.08063
2000	131	2.69827	3.0449	1.94643
2000	132	5.28011	3.98224	3.04554
2000	133	4.14409	2.92833	0.333821
2000	134	2.25506	1.17031	0.956489
2000	135	5.31065	0.00243194	5.93891
2000	136	2.82362	2.12428	2.75286
2000	137	2.51697	1.22202	5.18626
2000	138	5.20381	1.83114	3.375
2000	139	4.98501	3.78385	1.93345
2000	140	4.34149	4.39832	1.63943
2000	141	3.46661	0.974208	3.94682
2000	142	1.65261	4.14762	4.29516
2000	143	5.40536	3.10004	4.86201
2000	144	7.72928	2.07865	1.95181
2000	145	6.78617	1.61699	5.27705
2000	146	6.64541	1.22601	1.27119
2000	147	2.85393	4.15372	0.56999
2000	148	12.2361	0.994753	4.27261
2000	149	5.51852	2.4574	3.59226
2000	150	2.98168	1.43445	4.30539
2000	151	4.01137	0.0581457	3.78819
2000	152	6.98875	0.542993	3.4165
2000	153	1.15092	4.60437	5.4442
2000	154	12.968	4.41455	1.32249
2000	155	4.66006	1.14433	4.19431
2000	156	2.64238	0.690001	5.84063
2000	157	5.77046	2.55034	4.72889
2000	158	6.03156	2.14471	1.76374
2000	159	4.3548	3.76418	4.90652
2000	160	4.16994	2.06401	1.92033
2000	161	4.63224	1.16486	2.13859
2000	162	7.1755	1.62307	2.02483
2000	163	6.93244	3.97193	4.82741
2000	164	6.39525	2.35938	2.34396
2000	165	5.69204	3.61808	2.47662
2000	166	3.1116	4.65803	2.23021
2000	167	2.42797	3.52454	3.86886
2000	168	4.94789	3.57394	2.3642
2000	169	3.24212	0.433177	0.218214
2000	170	5.05776	2.86577	0.973599
2000	171	5.8736	3.83577	4.79465
2000	172	4.57184	2.83657	5.64643
2000	173	1.43884	2.20848	5.34085
2000	174	8.85361	2.2616	0.415004
2000	175	3.23203	4.14872	0.409655
2000	176	12.8909	2.67718	3.49943
2000	177	0.0421782	1.94744	6.07155
2000	178	3.69602	2.99647	5.69249
2000	179	11.184	2.35714	5.61381
2000	180	2.3008	0.14851	0.515426
2000	181	2.50722	3.10423	0.707869
2000	182	4.05042	1.50275	2.89443
2000	183	2.27353	1.03991	5.09867
2000	184	2.35558	1.8215	5.08959
2000	185	4.18461	0.737242	5.67269
2000	186	12.4236	0.741618	5.11807
2000	187	3.69555	2.7879	4.28706
2000	188	1.47909	1.4918	1.56785
2000	189	3.0958	0.664883	2.42461
2000	190	15.6323	2.13241	0.876254
2000	191	3.62252	0.809836	1.45079
2000	192	2.89424	2.45964	5.30377
2000	193	5.43364	0.454886	4.07119
2000	194	6.11503	4.83886	4.33684
2000	195	3.53045	3.4592	5.48635
2000	196	5.9029	1.87745	4.39787
2000	197	2.31032	3.20922	2.04523
2000	198	8.44174	0.36849	4.35075
2000	199	11.9324	3.60577	1.48283
2000	200	8.53895	3.60999	1.54508
2000	201	3.39862	4.32324	2.66393
2000	202	5.84376	3.10267	3.95415
2000	203	2.88793	2.64538	4.51168
2000	204	5.8822	2.75401	0.196832
2000	205	2.76361	0.293135	1.18951
2000	206	4.03575	2.26517	5.8671
2000	207	2.92719	4.8855	4.76959
2000	208	3.36066	4.57729	3.47689
2000	209	3.09369	3.37984	5.34099
2000	210	1.85949	0.835736	5.51425
2000	211	18.8235	0.525126	3.38726
2000	212	6.50957	2.97923	2.90329
2000	213	4.63457	1.93517	5.69487
2000	214	9.17754	0.522951	3.62045
2000	215	4.05001	1.04536	6.23591
2000	216	5.78006	4.75554	3.7526
2000	217	7.57554	3.37746	2.09837
2000	218	2.97566	2.37683	1.07715
2000	219	3.98909	4.69656	1.88707
2000	220	2.66984	3.43823	2.01599
2000	221	7.09609	1.14164	4.93522
2000	222	10.0916	4.28934	1.60303
2000	223	11.9219	1.68557	2.09409
2000	224	2.37877	2.78201	5.89017
2000	225	1.98078	2.17944	1.21439
2000	226	2.94438	4.07739	1.838
2000	227	6.63086	4.75498	1.74148
2000	228	5.56804	4.77156	0.216428
2000	229	4.17586	0.315185	4.13292
2000	230	1.34272	2.68036	1.5556
2000	231	1.95598	1.03608	1.34786
2000	232	4.97138	4.28764	1.96641
2000	233	16.3594	0.0357536	1.71719
2000	234	6.46879	4.2987	5.68762
2000	235	4.4712	3.98309	3.99848
2000	236	3.67329	0.243953	1.69854
2000	237	6.35289	4.88364	3.90455
2000	238	5.36832	2.64226	3.74853
2000	239	12.7724	2.34257	1.96701
2000	240	17.6541	3.40271	0.305057
2000	241	1.96684	3.17932	5.60824
2000	242	3.03849	0.201376	5.39879
2000	243	2.74685	1.14401	2.57761
2000	244	4.76328	3.49678	1.67632
2000	245	4.6688	1.56071	1.00936
2000	246	6.26176	1.10236	3.98769
2000	247	6.25784	1.57842	0.897519
2000	248	2.16148	4.21788	5.53885
2000	249	4.36136	2.05285	3.05633
2000	250	4.94892	0.0780201	1.4605
2000	251	4.89063	1.29142	4.95314
2000	252	5.72631	2.37598	2.38506
2000	253	8.78644	0.638013	4.04147
2000	254	5.07417	3.33175	4.06788
2000	255	3.11579	1.45933	5.91324
2000	256	4.80279	0.713364	3.29305
2000	257	4.63688	3.65049	0.652569
2000	258	6.35898	3.19311	4.89466
2000	259	2.89772	0.735535	4.0988
2000	260	3.07328	0.302453	3.22614
2000	261	1.3417	3.19151	0.191447
2000	262	4.1862	2.1086	0.0573019
2000	263	4.10388	4.84141	0.650563
2000	264	3.37392	1.26711	0.257501
2000	265	3.70661	2.64135	0.84736
2000	266	5.44064	1.21674	4.42572
2000	267	4.2144	3.67577	1.19816
2000	268	3.91034	0.0909791	6.14504
2000	269	4.41726	4.96099	1.26772
2000	270	10.3928	0.171608	4.89516
2000	271	5.25364	1.30373	2.05695
2000	272	9.16137	3.23386	1.48291
2000	273	8.59669	3.17355	3.26781
2000	274	5.47072	4.62755	5.44956
2000	275	4.02018	2.15251	4.37848
2000	276	4.46962	3.85553	3.79042
2000	277	4.89023	2.43572	2.09289
2000	278	4.36941	4.00618	5.9166
2000	279	2.71011	3.40505	0.567984
2000	280	2.84262	4.43643	1.08911
2000	281	2.06907	1.93855	0.0898542
2000	282	3.90002	1.03675	0.231654
2000	283	19.2728	0.05346	0.359878
2000	284	6.27889	1.15803	5.8738
2000	285	2.11367	0.709189	5.59071
2000	286	16.2534	1.86806	2.30342
2000	287	0.637462	0.0605064	2.64072
2000	288	2.32989	2.46896	0.545902
2000	289	17.1083	2.84936	2.39728
2000	290	5.29351	4.45013	2.61541
2000	291	11.39	3.10059	0.94778
2000	292	2.27208	2.39413	0.219623
2000	293	6.78387	0.666254	1.79794
2000	294	4.93938	2.95457	5.73097
2000	295	10.7921	0.0660096	4.17118
2000	296	6.98099	0.0637663	3.52005
2000	297	18.2824	1.60586	2.12704
2000	298	5.84099	1.89772	2.93586
2000	299	2.64675	1.46609	1.89498
2000	300	5.28696	2.36776	3.99552
2000	301	4.55695	4.43322	4.21989
2000	302	2.97394	2.86253	1.19271
2000	303	4.39188	3.27828	5.0601
2000	304	10.0484	2.36121	0.322373
2000	305	4.86568	4.284	4.14133
2000	306	3.20747	4.88727	2.21378
2000	307	4.35911	0.518966	4.22741
2000	308	4.66991	3.5992	3.12946
2000	309	1.42528	1.07773	1.53307
2000	310	2.40356	0.57866	5.40436
2000	311	6.06271	1.67277	5.04913
2000	312	6.03952	0.914097	5.85854
2000	313	3.3983	3.77676	0.322929
2000	314	2.71169	4.33196	6.13146
2000	315	3.94904	4.32376	1.02557
2000	316	5.54124	2.75837	3.85138
2000	317	3.96763	1.38343	0.492101
2000	318	4.39311	3.5631	0.205798
2000	319	5.78358	4.80329	5.20598
2000	320	6.22396	4.3986	5.67975
2000	321	3.5011	1.8816	5.92053
2000	322	4.04745	2.03547	1.03135
2000	323	5.21712	0.19583	3.64168
2000	324	0.799342	3.54796	3.86978
2000	325	5.45719	1.53023	0.320184
2000	326	5.38014	3.59019	2.58121
2000	327	2.61252	1.1123	3.63834
2000	328	3.62688	1.22335	5.17449
2000	329	3.33515	2.55099	0.652332
2000	330	1.75652	0.650704	4.63393
2000	331	0.958773	4.3851	4.10307
2000	332	9.60946	3.51342	5.24146
2000	333	3.72338	4.58029	0.815369
2000	334	1.64948	3.41241	5.0868
2000	335	3.74005	4.30275	0.683699
2000	336	2.63452	2.33973	2.07967
2000	337	2.14127	2.20934	0.943591
2000	338	1.82694	3.70662	1.57791
2000	339	3.50319	0.537252	1.20095
2000	340	1.56724	0.74862	4.63778
2000	341	5.89353	0.363389	1.20326
2000	342	5.35766	2.9207	2.85125
2000	343	5.28616	0.461833	6.23834
2000	344	4.48452	4.91064	6.12946
2000	345	3.10434	3.50945	3.36833
2000	346	2.85056	1.72516	4.15951
2000	347	1.35651	4.30328	1.47391
2000	348	11.9627	3.45964	2.33127
2000	349	5.02051	1.74536	4.78386
2000	350	3.88103	4.03965	3.6408
2000	351	7.25247	1.12453	2.45431
2000	352	4.25606	2.77249	5.98781
2000	353	3.93039	4.80354	6.1771
2000	354	2.83756	2.82543	5.77965
2000	355	2.22001	2.67318	6.16338
2000	356	4.22982	3.83299	2.64839
2000	357	2.58517	4.72016	4.08901
2000	358	2.27451	2.38398	1.05466
2000	359	4.98025	0.575634	5.59506
2000	360	14.2247	2.91647	4.41953
2000	361	5.49936	0.144861	4.03157
2000	362	3.25613	2.57176	5.59176
2000	363	4.43474	3.40152	3.47284
2000	364	1.15175	2.73973	1.3115
2000	365	12.6242	1.45046	1.41484
2000	366	10.6737	0.666404	4.87549
2000	367	2.7736	1.12327	0.750027
2000	368	5.18888	2.00185	5.43796
2000	369	6.90567	0.563902	5.53524
2000	370	2.93839	4.72767	0.181581
2000	371	2.63158	0.518672	4.44205
2000	372	3.72586	1.68541	3.46561
2000	373	2.91413	2.91484	3.87305
2000	374	4.63473	2.32636	5.14282
2000	375	2.84502	0.619497	1.35825
2000	376	5.17327	2.69519	2.39183
2000	377	1.81813	1.15242	4.88933
2000	378	1.44615	1.8229	3.78311
2000	379	5.28249	3.84557	2.71845
2000	380	6.65846	2.74608	3.36203
2000	381	6.71103	2.33803	2.54819
2000	382	4.74296	0.996816	2.11426
2000	383	0.549804	0.718112	3.0859
2000	384	6.6043	3.46073	2.03843
2000	385	4.35685	1.30926	2.41932
2000	386	3.77883	4.81143	3.21363
2000	387	5.10022	4.74202	2.72269
2000	388	2.49951	4.15577	6.09767
2000	389	7.0176	1.54322	1.69194
2000	390	3.13062	1.14271	3.70693
2000	391	6.15487	2.50953	5.54915
2000	392	1.93453	3.59539	6.26418
2000	393	3.31697	1.08262	2.04246
2000	394	5.21832	0.433057	3.35695
2000	395	4.91734	1.58396	5.94156
2000	396	4.2349	0.862617	4.13253
2000	397	2.17949	4.71188	5.01762
2000	398	3.66047	1.38528	4.08991
2000	399	4.80388	2.54996	5.29391
2000	400	3.41008	2.23707	2.08291
2000	401	19.1418	3.08395	2.47231
2000	402	4.98415	1.47989	2.18195
2000	403	5.23888	1.13241	0.0723227
2000	404	4.12172	2.75406	2.43959
2000	405	8.23807	4.3692	4.02528
2000	406	3.26929	0.830318	3.25404
2000	407	6.43888	2.55798	2.43084
2000	408	6.46923	1.49331	2.34492
2000	409	7.92157	0.886807	0.457562
2000	410	5.74446	4.66843	2.48764
2000	411	4.73146	4.73939	5.5928
2000	412	6.04528	0.86926	1.51238
2000	413	5.32276	1.13241	1.13926
2000	414	16.3272	4.82245	0.559435
2000	415	3.24255	4.32439	5.56731
2000	416	1.70203	0.909592	0.108751
2000	417	3.31466	0.442454	4.17062
2000	418	7.74782	3.21771	1.58971
2000	419	4.09837	2.64995	1.13397
2000	420	4.16958	3.39484	0.692662
2000	421	5.04216	3.04283	3.07888
2000	422	3.47349	3.88102	4.17078
2000	423	3.35553	2.13069	1.78706
2000	424	7.51056	2.52094	5.02886
2000	425	6.14002	2.27137	4.68243
2000	426	4.30281	1.71605	5.76129
2000	427	19.5577	2.62357	3.58056
2000	428	3.86774	0.327286	2.70779
2000	429	5.72286	1.38375	3.55913
2000	430	3.22421	2.39592	2.20243
2000	431	15.0074	2.19003	1.358
2000	432	2.6706	3.90612	0.463722
2000	433	2.13257	0.888075	1.1761
2000	434	3.07763	0.82001	1.73942
2000	435	12.9234	4.73132	2.6124
2000	436	2.50832	4.98366	1.29127
2000	437	2.91045	3.44881	3.15169
2000	438	5.3647	4.2353	0.519474
2000	439	1.97033	1.10964	4.89083
2000	440	2.61103	1.61992	3.22961
2000	441	3.7364	1.70563	1.88734
2000	442	5.17202	3.97925	4.01514
2000	443	3.35213	2.4795	2.57616
2000	444	6.79693	0.580385	5.758
2000	445	2.71514	2.3741	3.10446
2000	446	16.0593	0.563423	5.26406
2000	447	8.05619	2.7858	5.35829
2000	448	3.08699	1.81386	2.24093
2000	449	4.75951	2.56831	1.07415
2000	450	1.69819	0.645333	2.48517
2000	451	7.32428	1.61069	3.43775
2000	452	11.2434	0.751332	3.90394
2000	453	2.05478	2.58566	5.1914
2000	454	3.92489	1.22495	1.19375
2000	455	1.9407	1.71648	3.42707
2000	456	1.64068	1.9325	4.09263
2000	457	6.66559	1.99478	0.0693299
2000	458	4.33466	0.219399	3.07103
2000	459	2.25272	0.649523	0.845779
2000	460	19.4435	1.94928	0.362656
2000	461	2.00408	2.00281	5.84669
2000	462	5.04765	0.738546	4.39563
2000	463	4.38838	1.59829	3.07484
2000	464	4.77128	4.25235	1.30405
2000	465	2.35917	2.85706	5.79909
2000	466	3.97144	0.333995	4.80392
2000	467	2.36851	4.16401	3.58133
2000	468	19.7403	4.38072	6.10364
2000	469	4.07461	0.798167	4.43318
2000	470	3.36827	1.75724	3.10111
2000	471	19.8786	2.78985	0.791119
2000	472	4.68653	0.0886803	1.41137
2000	473	3.84303	3.51684	5.77395
2000	474	11.7024	3.94575	3.95367
2000	475	2.32049	4.56321	0.832046
2000	476	3.37513	4.98673	0.674589
2000	477	5.87803	1.88456	5.49667
2000	478	5.59429	4.47311	4.02916
2000	479	4.34237	1.10547	5.36632
2000	480	4.67057	4.37771	5.71495
2000	481	0.855527	0.209839	5.53113
2000	482	3.47473	3.86641	1.82403
2000	483	3.634	3.22767	1.79231
2000	484	5.59879	2.47553	0.203231
2000	485	5.97332	4.79717	4.4414
2000	486	3.91096	3.59476	5.01329
2000	487	18.0189	1.58741	4.33797
2000	488	1.29725	4.82453	4.7593
2000	489	2.67171	3.61771	2.62841
2000	490	4.7143	3.86157	0.40166
2000	491	3.66881	4.48765	0.0899059
2000	492	9.05896	3.17393	1.68927
2000	493	0.649294	3.02625	5.58718
2000	494	9.16765	4.16092	2.43017
2000	495	2.85685	0.91048	2.60361
2000	496	4.65553	2.76019	6.02503
2000	497	5.48692	1.06452	3.1626
2000	498	3.56423	3.13152	1.19709
2000	499	5.75381	2.98684	1.36816
4000	0	2.33018	2.52482	1.04598
4000	1	3.87441	3.53607	3.2164
4000	2	19.444	0.996672	5.65304
4000	3	7.55218	0.802408	4.86403
4000	4	3.42994	0.143627	1.64574
4000	5	8.93943	4.23601	3.09382
4000	6	5.0975	2.45868	2.91232
4000	7	19.5552	0.841282	3.74928
4000	8	7.06034	3.15061	2.58357
4000	9	1.76217	4.55642	0.0428908
4000	10	2.66304	3.76486	1.98734
4000	11	5.99873	1.28526	1.00976
4000	12	3.1433	3.60436	1.13229
4000	13	5.1138	2.13553	2.83897
4000	14	8.50681	3.66111	3.63788
4000	15	9.67895	4.58796	6.2244
4000	16	2.45257	4.14311	0.0673799
4000	17	5.29315	2.39352	0.173774
4000	18	6.12368	2.55229	1.87396
4000	19	2.32258	1.35357	0.952339
4000	20	6.94665	3.91401	2.02288
4000	21	3.56709	1.64154	0.239112
4000	22	6.17492	2.5702	4.39694
4000	23	16.2469	1.0486	6.25064
4000	24	3.28412	0.554717	1.37047
4000	25	3.80986	3.29302	0.583271
4000	26	4.89015	4.68112	3.88954
4000	27	6.48734	4.72638	4.48749
4000	28	6.41495	3.0337	4.59418
4000	29	5.42458	3.52012	1.21115
4000	30	4.09059	0.888785	1.36799
4000	31	2.86209	4.11793	5.84505
4000	32	5.89567	0.625146	4.3474
4000	33	5.86929	1.924	5.16404
4000	34	7.3089	0.0335079	1.85954
4000	35	5.3201	4.52016	1.16674
4000	36	3.62061	3.51996	5.98384
4000	37	4.91379	2.77064	0.460101
4000	38	5.71661	0.585475	5.69549
4000	39	18.0804	2.46867	2.82003
4000	40	7.36068	3.12767	3.14261
4000	41	5.57949	3.35651	3.88741
4000	42	7.10134	0.695125	3.66523
4000	43	14.8139	4.77603	3.83277
4000	44	4.95447	1.22191	2.44778
4000	45	2.88967	4.1962	2.55633
4000	46	2.06054	3.34186	5.71702
4000	47	13.952	4.25018	5.17065
4000	48	4.26669	1.06127	3.03175
4000	49	2.31945	1.31313	5.47144
4000	50	8.3214	0.333224	3.66237
4000	51	3.56993	2.07085	5.8029
4000	52	5.118	0.104153	0.708507
4000	53	2.38127	3.41101	5.14833
4000	54	3.40838	3.85377	2.37611
4000	55	4.17871	3.67938	2.11216
4000	56	7.96628	4.59951	6.10545
4000	57	6.13549	1.5308	6.05052
4000	58	5.53592	1.86213	3.29984
4000	59	5.97218	2.98085	5.85952
4000	60	4.81517	3.79309	3.20262
4000	61	2.49962	2.83917	4.40217
4000	62	5.82375	3.82199	5.78066
4000	63	5.08851	2.6345	1.84276
4000	64	9.85522	2.60929	4.5776
4000	65	3.52738	0.177417	4.76246
4000	66	5.64672	4.22533	3.80736
4000	67	4.03436	3.88645	4.95324
4000	68	4.8819	2.10306	0.932358
4000	69	5.93588	3.4045	5.02494
4000	70	4.69343	3.46052	3.63094
4000	71	4.57333	1.69191	2.93589
4000	72	2.70274	2.3454	2.69608
4000	73	4.78949	1.6796	5.94921
4000	74	0.161709	1.02467	5.82744
4000	75	4.5897	0.0971906	0.0159734
4000	76	4.645	4.34716	0.671648
4000	77	3.86983	2.93652	4.09845
4000	78	3.6063	1.54297	1.84215
4000	79	4.39639	4.65581	0.675549
4000	80	6.19248	2.69373	3.18423
4000	81	4.4215	1.02676	0.47214
4000	82	4.02345	1.53362	2.151
4000	83	5.06747	1.33813	4.11218
4000	84	1.93792	4.09436	2.16425
4000	85	2.77721	2.25119	0.0995077
4000	86	14.9557	1.93056	4.74702
4000	87	3.9336	1.32485	5.05582
4000	88	11.1774	4.23067	5.68468
4000	89	3.8824	1.232	1.55199
4000	90	2.34095	2.72078	0.894832
4000	91	1.6291	2.00024	1.95395
4000	92	2.66878	2.63436	0.0149857
4000	93	2.42497	0.518726	1.02741
4000	94	1.11016	2.07971	2.78387
4000	95	2.47149	3.04701	2.526
4000	96	5.04932	3.78615	2.16653
4000	97	4.4962	2.82496	5.9825
4000	98	2.87239	1.81893	3.00625
4000	99	9.49834	4.68048	3.86925
4000	100	3.14115	2.91034	0.533962
4000	101	7.74201	1.99238	6.27712
4000	102	3.42425	4.5614	3.65019
4000	103	2.93825	1.88208	3.72253
4000	104	2.10379	0.132946	1.36816
4000	105	4.36064	3.42135	4.27042
4000	106	6.60428	4.05878	1.44867
4000	107	5.61179	2.51272	1.06598
4000	108	3.72298	0.0747504	4.00996
4000	109	2.31106	2.0439	0.987919
4000	110	0.305395	2.58439	2.15474
4000	111	2.97725	0.488806	0.430856
4000	112	6.46095	0.642632	2.25191
4000	113	5.42833	1.7159	3.31218
4000	114	0.567771	0.72517	5.70403
4000	115	2.90562	4.42938	5.54089
4000	116	16.0967	2.9758	2.84847
4000	117	2.30465	2.53049	5.27917
4000	118	3.58046	4.30699	3.51114
4000	119	5.8334	0.112284	5.23906
4000	120	5.12605	0.392728	3.53799
4000	121	6.69461	3.01161	3.51618
4000	122	6.30097	2.10032	2.95871
4000	123	2.98416	2.70333	0.820401
4000	124	5.1215	3.59211	3.08322
4000	125	5.25768	0.613815	2.16927
4000	126	4.57183	0.474565	2.66171
4000	127	2.48816	0.693234	5.95266
4000	128	5.28681	1.59011	5.85803
4000	129	4.69277	1.83319	5.36266
4000	130	3.54552	0.136731	0.528206
4000	131	5.38365	2.7578	2.78353
4000	132	6.38635	1.6315	5.162
4000	133	4.09633	0.168591	0.16524
4000	134	3.26667	2.65134	4.66384
4000	135	4.63601	2.55075	3.55415
4000	136	0.715099	1.20889	6.0476
4000	137	5.81208	0.394483	3.40971
4000	138	3.76418	2.98407	2.82659
4000	139	3.27292	3.13483	0.694859
4000	140	5.23905	0.0706754	0.023149
4000	141	5.43399	4.58313	3.00893
4000	142	2.22152	3.89047	5.31049
4000	143	8.90205	0.56949	2.1373
4000	144	3.12574	3.29138	4.83606
4000	145	3.00019	3.78945	0.301897
4000	146	3.16499	4.86579	4.50031
4000	147	9.39576	4.50046	3.51161
4000	148	19.7123	1.05247	4.9864
4000	149	4.98165	1.24896	0.879084
4000	150	2.87955	3.34402	1.63994
4000	151	18.9016	1.47729	4.5625
4000	152	5.35339	4.64707	2.12573
4000	153	14.5669	2.58116	3.87669
4000	154	7.82023	1.9367	4.94368
4000	155	6.45328	3.22294	2.8345
4000	156	4.59276	0.324951	4.6657
4000	157	6.65979	0.414353	0.922315
4000	158	4.87507	1.69583	2.11706
4000	159	3.0321	2.98831	0.298903
4000	160	3.94311	1.76322	5.76138
4000	161	5.52406	3.32553	2.77982
4000	162	4.39778	3.98379	2.72118
4000	163	2.62655	0.0363873	5.3107
4000	164	5.55498	4.85437	5.01269
4000	165	4.97512	4.9261	6.07005
4000	166	3.32949	4.33575	5.16035
4000	167	3.23179	4.46586	5.9014
4000	168	2.36062	2.29447	3.21218
4000	169	5.17231	3.34085	2.29611
4000	170	3.98832	2.72852	5.44017
4000	171	2.42104	3.41564	3.99318
4000	172	8.23021	1.48596	4.01363
4000	173	16.8157	1.21806	0.0835982
4000	174	2.63667	1.94957	0.528572
4000	175	2.52727	1.91716	2.75992
4000	176	6.47721	2.79961	4.67625
4000	177	1.6787	0.729433	3.29501
4000	178	6.68294	3.68201	2.59563
4000	179	4.24672	0.0141306	5.5181
4000	180	3.41743	1.72111	4.76175
4000	181	4.95698	3.75548	2.18536
4000	182	14.9222	2.33668	4.90098
4000	183	3.14972	3.80362	2.74716
4000	184	9.22474	3.26304	4.79257
4000	185	3.93046	3.94461	3.2783
4000	186	4.62282	0.999288	4.82775
4000	187	13.6212	0.273746	0.132685
4000	188	1.75604	0.82503	1.46315
4000	189	3.87668	4.12611	3.84183
4000	190	4.26811	4.64936	1.9919
4000	191	19.305	3.56666	0.843954
4000	192	2.61323	4.74713	0.78322
4000	193	3.35111	1.33899	3.70306
4000	194	16.1003	4.44918	2.22714
4000	195	5.2442	2.03624	0.459289
4000	196	3.20686	4.4009	0.395766
4000	197	4.03172	4.25929	5.35079
4000	198	4.78205	3.05708	6.24686
4000	199	3.92636	4.23296	5.01037
4000	200	2.79797	0.649282	4.48933
4000	201	8.28876	1.96467	3.66861
4000	202	4.38834	2.50372	2.53128
4000	203	12.2212	0.0254036	0.416046
4000	204	4.00473	0.998768	2.59611
4000	205	15.4861	4.64759	4.69703
4000	206	2.62311	0.865287	4.41506
4000	207	3.27456	3.2916	2.95377
4000	208	5.22848	0.687526	0.428541
4000	209	5.40676	3.54172	3.85867
4000	210	4.78609	4.4221	3.68399
4000	211	3.08612	4.48734	0.058464
4000	212	3.91155	2.6404	3.64257
4000	213	2.94363	1.3218	3.29354
4000	214	2.71159	0.0533754	2.80308
4000	215	5.80026	4.45452	3.98607
4000	216	3.98813	1.67391	4.60639
4000	217	2.12896	2.71834	1.16295
4000	218	9.50451	2.99202	5.2462
4000	219	3.30205	4.02453	5.55295
4000	220	2.37135	3.19794	5.17664
4000	221	9.55455	3.61359	0.456799
4000	222	5.69431	2.54644	0.366287
4000	223	10.21	4.33429	2.54608
4000	224	3.82955	4.66917	0.217293
4000	225	3.26448	3.97432	0.858389
4000	226	4.34368	4.77441	5.80535
4000	227	19.1425	3.0609	2.13635
4000	228	3.45441	3.19117	3.67376
4000	229	2.18676	0.441328	2.77871
4000	230	4.23778	3.83785	2.51113
4000	231	5.06054	2.76063	5.67359
4000	232	7.18421	2.50206	5.68803
4000	233	5.36334	3.21837	4.09495
4000	234	13.9614	4.15471	2.74237
4000	235	1.66987	2.52286	2.05394
4000	236	2.31699	1.46955	6.1065
4000	237	2.92122	2.31014	5.67943
4000	238	3.85599	2.3613	2.59331
4000	239	13.4039	4.32553	2.00212
4000	240	7.7361	2.14641	3.93486
4000	241	4.09608	2.22265	3.88457
4000	242	3.84939	0.984049	1.09399
4000	243	6.43424	4.51742	3.96381
4000	244	3.13241	2.50601	3.02432
4000	245	2.5457	3.34193	2.74161
4000	246	4.44136	4.54408	3.49334
4000	247	3.06003	1.55875	2.26862
4000	248	4.97003	4.17868	2.91037
4000	249	4.15751	3.09934	3.86855
4000	250	3.79193	2.37135	6.1706
4000	251	2.50437	2.8306	0.358039
4000	252	18.2314	4.03561	1.15313
4000	253	6.40213	1.86563	1.34419
4000	254	2.44052	4.15059	3.09482
4000	255	3.70697	2.63038	2.62262
4000	256	6.61637	0.315743	0.0645735
4000	257	1.7578	3.57249	1.54464
4000	258	7.29035	0.215609	4.27246
4000	259	5.26811	2.54427	3.90642
4000	260	6.10874	4.17933	3.70843
4000	261	18.7159	2.36243	0.617
4000	262	6.90635	3.43399	1.26905
4000	263	3.84937	2.60172	5.75244
4000	264	18.4158	0.969279	3.99048
4000	265	5.14616	1.437	3.74772
4000	266	16.7171	4.4604	5.93919
4000	267	14.1989	4.01398	3.66343
4000	268	1.90132	3.79339	4.90708
4000	269	4.61986	1.53806	2.83278
4000	270	4.54679	0.806517	2.0942
4000	271	5.84911	2.67406	3.24593
4000	272	3.45043	0.540375	4.10293
4000	273	1.86808	4.56076	0.0636581
4000	274	3.68188	2.45116	2.47672
4000	275	2.42852	4.97302	3.85941
4000	276	5.50008	0.449598	4.25103
4000	277	4.02424	4.45977	4.42744
4000	278	4.5073	3.63157	5.92115
4000	279	10.6072	1.68087	2.82385
4000	280	2.13498	0.757567	1.0021
4000	281	2.72394	1.49172	0.365302
4000	282	5.38431	2.17132	4.15375
4000	283	2.89987	0.991571	1.89211
4000	284	5.74717	0.286972	1.77642
4000	285	3.03897	1.97281	5.98988
4000	286	5.1507	1.51892	2.49737
4000	287	1.99633	4.80864	1.36427
4000	288	2.16554	1.67937	3.58049
4000	289	19.8975	4.03402	6.10488
4000	290	6.74323	1.09507	5.83259
4000	291	7.53141	0.108888	1.61697
4000	292	5.49468	2.98119	5.04223
4000	293	3.2478	1.57172	5.89645
4000	294	8.69673	4.62386	0.122033
4000	295	2.74739	2.04136	4.49156
4000	296	3.23172	0.813978	5.97932
4000	297	3.74812	0.444872	3.04402
4000	298	5.78996	1.22357	1.77618
4000	299	6.14259	1.45725	3.17454
4000	300	4.56412	4.82219	4.68373
4000	301	2.87207	2.66273	5.94388
4000	302	6.28026	3.06104	6.16469
4000	303	4.54832	2.16042	3.68884
4000	304	5.17817	3.95736	5.33313
4000	305	4.48043	2.03324	1.3901
4000	306	2.62813	3.14871	4.71717
4000	307	4.18606	1.25434	3.09261
4000	308	7.89979	3.48916	4.29631
4000	309	9.13126	2.8459	0.611159
4000	310	4.40132	1.56211	2.58922
4000	311	2.26237	0.746187	4.75182
4000	312	11.4281	4.76841	4.03691
4000	313	1.97054	2.89855	1.05065
4000	314	3.34885	2.4809	3.34218
4000	315	4.64496	3.00391	0.327429
4000	316	2.61555	0.389771	4.14682
4000	317	4.92662	3.99047	4.66106
4000	318	7.23301	1.37411	1.25181
4000	319	3.11399	2.33904	4.89444
4000	320	3.15379	4.09106	3.11013
4000	321	2.88311	1.06257	4.60977
4000	322	2.49683	4.84303	0.020667
4000	323	5.25203	4.14365	4.35824
4000	324	4.1129	4.76355	4.95121
4000	325	4.44941	3.78528	4.06708
4000	326	7.73563	1.2123	4.67158
4000	327	4.49399	0.416415	5.73929
4000	328	4.09491	3.15537	5.51399
4000	329	3.26005	0.231257	5.33122
4000	330	2.55814	1.03011	3.80211
4000	331	2.68858	1.82778	4.60783
4000	332	5.62722	4.32202	0.892844
4000	333	2.23606	3.66735	4.80536
4000	334	11.804	4.47958	5.37657
4000	335	3.63147	1.70563	2.00678
4000	336	3.05153	3.08828	2.46077
4000	337	10.1605	2.24694	5.99617
4000	338	2.42066	1.41575	1.06289
4000	339	4.84354	4.5695	5.80991
4000	340	1.92799	1.06931	4.8842
4000	341	2.1497	4.03658	3.46483
4000	342	11.1624	4.8288	3.17113
4000	343	5.05789	1.90786	5.99277
4000	344	1.96261	4.92715	5.21281
4000	345	10.4336	0.181376	6.23296
4000	346	5.63581	1.79652	1.94205
4000	347	5.42882	0.0875758	3.37057
4000	348	5.48708	3.10047	4.1486
4000	349	3.36085	4.90122	3.95886
4000	350	5.99516	1.63236	4.39909
4000	351	6.21932	0.609739	1.47164
4000	352	6.75219	0.745828	4.75017
4000	353	2.87736	4.8085	2.21647
4000	354	10.4454	3.17834	0.795561
4000	355	6.18026	0.220418	1.7398
4000	356	3.66764	2.18833	2.23276
4000	357	2.66851	0.70032	2.45278
4000	358	2.28453	3.23774	0.905622
4000	359	11.9151	4.55119	5.0441
4000	360	2.655	4.39722	5.97088
4000	361	1.5532	4.62058	4.71343
4000	362	3.51367	3.99509	4.23223
4000	363	2.61432	1.53582	3.02363
4000	364	5.26623	0.607791	3.47461
4000	365	3.23909	0.384843	5.718
4000	366	4.62625	2.86942	3.78679
4000	367	4.14178	2.16796	3.00983
4000	368	3.17189	0.0838611	0.693689
4000	369	3.2803	0.978148	4.63465
4000	370	3.5217	4.82668	1.49298
4000	371	7.33907	2.69638	0.484171
4000	372	2.16644	3.77367	0.975471
4000	373	6.31895	4.00595	3.26621
4000	374	3.66707	0.324735	1.65822
4000	375	3.40352	1.07411	4.07396
4000	376	2.76224	0.30207	2.28171
4000	377	5.3549	4.16954	3.367
4000	378	2.57861	3.25575	5.55557
4000	379	3.15153	1.06731	3.44644
4000	380	17.1481	4.82619	2.40341
4000	381	4.39599	0.635341	5.52905
4000	382	17.4014	4.20345	3.37497
4000	383	2.19429	2.90434	0.093183
4000	384	5.05384	0.0129659	2.80006
4000	385	5.19749	1.20636	3.11449
4000	386	3.72938	0.591198	5.5967
4000	387	19.7909	3.61714	2.99894
4000	388	2.24498	2.95744	0.327902
4000	389	10.5697	2.53828	1.4795
4000	390	5.81549	2.7641	3.66727
4000	391	2.27631	0.892242	1.04853
4000	392	16.1177	0.0869177	3.93154
4000	393	5.43076	2.26764	2.70552
4000	394	2.38792	4.3942	6.24599
4000	395	4.79656	3.96742	3.8189
4000	396	4.55325	3.25184	1.48178
4000	397	3.47686	1.97872	0.0432186
4000	398	4.1589	2.34179	4.13442
4000	399	7.24196	4.48214	2.4585
4000	400	7.3834	1.8726	3.5778
4000	401	3.86487	3.15096	5.45002
4000	402	4.68628	0.160363	4.86879
4000	403	5.64898	1.66238	2.28708
4000	404	3.58238	1.01179	4.36416
4000	405	8.37121	3.11245	6.0295
4000	406	2.46439	3.82256	5.57382
4000	407	5.4901	2.80274	0.274382
4000	408	5.87279	2.87218	4.13105
4000	409	4.33885	0.174036	1.91195
4000	410	3.69343	3.57415	2.79294
4000	411	2.54604	4.5113	4.67686
4000	412	3.45667	0.799418	1.47103
4000	413	4.74373	1.09696	2.89189
4000	414	3.37944	2.8204	5.75854
4000	415	4.90607	3.2549	0.355958
4000	416	4.29609	2.52729	5.85693
4000	417	8.72102	2.33973	2.68153
4000	418	4.92718	2.28252	4.65313
4000	419	4.94919	4.5864	0.666428
4000	420	5.1621	3.82785	0.179188
4000	421	5.17794	2.78652	0.209667
4000	422	4.53884	1.06555	2.02165
4000	423	2.93073	2.35184	3.27804
4000	424	3.82009	0.930983	5.93914
4000	425	1.54288	0.735813	5.89206
4000	426	4.23973	4.12351	0.46186
4000	427	5.81839	4.14212	1.75092
4000	428	8.27364	4.46217	4.78319
4000	429	0.984015	1.04347	5.54497
4000	430	3.89472	1.97519	2.66514
4000	431	5.55557	4.91166	4.15091
4000	432	2.44726	4.03082	2.47922
4000	433	4.52368	3.99391	3.69711
4000	434	3.71499	3.68916	2.18993
4000	435	4.51155	3.50928	2.86471
4000	436	5.67589	3.57755	2.01611
4000	437	6.23142	2.14677	4.65924
4000	438	5.95885	3.64828	4.46463
4000	439	2.25203	2.26279	0.374577
4000	440	5.04402	3.12622	2.0852
4000	441	11.3999	1.15973	4.97322
4000	442	5.19199	4.65591	2.85766
4000	443	3.18332	3.11069	2.6343
4000	444	5.35693	1.72178	3.09069
4000	445	8.61193	1.63169	1.72461
4000	446	5.84389	1.65069	5.3353
4000	447	2.42622	0.78259	1.90943
4000	448	3.37461	4.28484	1.32024
4000	449	4.67197	3.2099	3.62536
4000	450	8.30924	0.775841	4.4794
4000	451	2.04075	3.13485	0.352526
4000	452	4.00165	4.29493	1.80317
4000	453	4.73698	0.389418	3.60558
4000	454	4.54084	1.53888	1.65316
4000	455	2.48223	4.77584	0.229582
4000	456	5.60684	1.26616	0.350011
4000	457	4.99038	0.802619	3.39353
4000	458	5.5455	1.25273	2.49566
4000	459	2.75995	1.45141	2.5567
4000	460	3.75913	1.73622	6.17651
4000	461	4.28868	2.6565	3.6973
4000	462	4.31556	1.76225	2.20981
4000	463	2.27542	4.88486	5.24305
4000	464	7.12601	2.38097	3.81323
4000	465	17.4082	2.48915	5.08094
4000	466	3.88434	3.5186	1.9954
4000	467	7.12585	3.74097	5.04726
4000	468	6.31347	0.268037	3.95739
4000	469	0.735289	1.49547	2.95483
4000	470	3.28816	1.97371	3.3543
4000	471	3.81425	1.48381	2.76653
4000	472	5.84128	4.38614	4.5421
4000	473	4.98233	0.922254	2.99295
4000	474	8.21262	3.54986	2.66671
4000	475	11.3201	3.29012	5.91178
4000	476	5.59923	2.09968	5.95264
4000	477	3.87571	4.54483	4.87759
4000	478	3.81265	2.02904	3.64691
4000	479	4.6336	0.517421	5.47984
4000	480	8.04988	1.62132	0.0254863
4000	481	3.25587	3.68633	5.71238
4000	482	6.22681	1.0143	0.824785
4000	483	5.59594	1.32378	5.92949
4000	484	4.90283	0.00762656	5.87014
4000	485	6.30021	4.83042	1.7884
4000	486	3.94321	0.728758	4.371
4000	487	3.39272	2.50387	4.14322
4000	488	2.1264	0.00273426	6.25534
4000	489	4.26382	2.19598	3.66671
4000	490	3.9391	0.694429	0.713837
4000	491	4.34295	1.5584	5.92413
4000	492	5.76044	2.80845	2.27743
4000	493	4.67596	4.19021	4.62074
4000	494	6.17624	3.79947	5.48709
4000	495	3.84851	0.0820033	2.90432
4000	496	5.25874	4.28952	5.40003
4000	497	3.87368	3.89578	0.209954
4000	498	2.90817	4.73478	3.1254
4000	499	6.22267	1.3314	4.10167
6000	0	2.41425	2.69338	0.936495
6000	1	4.32347	1.17452	3.60388
6000	2	4.08915	4.73259	1.11367
6000	3	7.91284	1.73105	4.00876
6000	4	13.3802	4.26665	1.68847
6000	5	1.58408	4.48504	1.61138
6000	6	3.5295	1.5931	0.206755
6000	7	3.81569	0.829213	6.2008
6000	8	17.4943	0.0776633	5.51507
6000	9	4.65212	0.409066	3.4535
6000	10	5.47529	1.45424	3.51798
6000	11	2.79908	2.76749	0.129652
6000	12	3.53463	2.66423	5.03401
6000	13	3.78535	3.26133	0.514846
6000	14	3.09426	1.29408	4.72246
6000	15	6.49015	1.39804	3.02994
6000	16	3.85329	3.12732	4.69127
6000	17	9.33198	1.82088	3.18272
6000	18	5.00875	3.59949	3.18495
6000	19	14.7463	3.91437	0.384351
6000	20	3.58445	0.00295965	5.51054
6000	21	3.66498	3.85651	0.0681335
6000	22	4.16925	0.714266	4.15046
6000	23	3.45578	3.95519	5.11303
6000	24	1.0883	4.33698	4.93638
6000	25	5.90729	1.13845	0.373383
6000	26	4.51566	3.25799	4.11056
6000	27	4.62508	4.68559	1.52335
6000	28	7.2027	1.3543	2.85147
6000	29	3.27724	2.41788	1.59305
6000	30	2.31194	2.54161	2.07206
6000	31	13.0587	4.85727	3.74843
6000	32	12.3741	0.81018	3.92574
6000	33	2.88863	2.36159	4.89429
6000	34	6.14018	4.55021	5.79288
6000	35	6.16991	3.88526	0.822827
6000	36	5.48233	4.75584	2.64273
6000	37	4.6633	2.325	5.28107
6000	38	3.55938	1.21488	3.54917
6000	39	3.35957	0.571621	3.61521
6000	40	2.61741	1.4406	1.8722
6000	41	7.15105	1.38884	4.30841
6000	42	5.2627	2.4839	4.06882
6000	43	3.08342	0.828846	2.20712
6000	44	2.30289	3.73282	4.28748
6000	45	2.3007	3.45226	0.0875077
6000	46	3.74823	2.33904	4.69537
6000	47	2.82256	0.132619	2.67242
6000	48	5.24565	0.213649	3.0426
6000	49	5.65211	2.15424	3.8023
6000	50	6.78346	1.02603	0.0695265
6000	51	2.43019	1.02543	1.13175
6000	52	2.65998	2.78738	0.852791
6000	53	7.8375	0.793161	2.60737
6000	54	3.91056	3.45483	0.07857
6000	55	4.8479	4.63365	5.53081
6000	56	4.95839	3.61527	3.5655
6000	57	11.2271	3.36092	1.65274
6000	58	2.40633	2.20248	1.07841
6000	59	2.52904	1.5413	2.95394
6000	60	8.70879	4.18556	3.44311
6000	61	3.55442	3.69763	2.66602
6000	62	7.31937	4.20729	4.57419
6000	63	6.49598	4.63283	5.8675
6000	64	2.87606	1.8153	0.012585
6000	65	9.41989	1.54146	2.71005
6000	66	13.4284	2.73011	4.39526
6000	67	4.09228	4.94986	5.09866
6000	68	1.83523	1.68268	4.01708
6000	69	8.39604	3.28807	1.38169
6000	70	3.17218	4.80252	1.59174
6000	71	5.81249	4.05366	4.2481
6000	72	5.96958	2.35211	2.05601
6000	73	2.70768	3.71406	1.98182
6000	74	5.76904	2.72727	2.31611
6000	75	2.24268	1.11523	4.00939
6000	76	16.574	2.53633	6.28294
6000	77	5.45142	4.37532	3.42691
6000	78	3.88253	4.87155	1.88559
6000	79	0.263225	1.51311	2.12126
6000	80	5.05808	3.80972	4.10601
6000	81	5.00174	0.265337	4.21722
6000	82	5.60152	0.447566	2.66784
6000	83	5.82522	3.03883	3.1337
6000	84	5.58222	2.55615	3.34082
6000	85	2.26226	1.23406	1.03629
6000	86	5.77932	2.51024	4.50093
6000	87	2.23691	2.82046	1.19812
6000	88	2.96103	3.09589	5.92842
6000	89	5.85807	2.05655	6.15902
6000	90	6.61215	3.30185	0.0462705
6000	91	2.77017	4.18891	4.13444
6000	92	4.05655	3.43307	1.60367
6000	93	19.9685	1.03519	0.799786
6000	94	6.14861	1.89699	1.79885
6000	95	3.63332	3.99759	6.06677
6000	96	11.6668	3.16704	6.00101
6000	97	10.4336	3.26074	0.964949
6000	98	3.18269	3.48216	2.5368
6000	99	11.4319	1.60141	2.53217
6000	100	3.88461	2.2321	3.34243
6000	101	2.4452	4.30584	5.98524
6000	102	4.6747	1.66055	0.913376
6000	103	2.25699	4.88758	3.8041
6000	104	12.8265	4.29818	4.66992
6000	105	7.74932	2.17027	4.01532
6000	106	2.27342	0.0827556	6.08764
6000	107	2.20563	0.538881	1.0723
6000	108	4.597	2.77148	0.139425
6000	109	2.04649	1.79705	5.75044
6000	110	18.0553	2.63888	1.65237
6000	111	3.96883	4.84243	6.23359
6000	112	6.39056	1.37386	2.18788
6000	113	4.18696	4.32536	3.88419
6000	114	6.73692	3.67946	3.675
6000	115	1.28291	3.91827	3.22546
6000	116	4.23857	2.47315	2.53262
6000	117	4.36418	3.10382	5.02599
6000	118	1.30747	3.79827	1.42622
6000	119	6.20965	3.11823	0.275884
6000	120	3.16626	3.3035	5.6629
6000	121	19.3017	0.642727	0.58465
6000	122	6.62771	3.20234	4.06711
6000	123	4.68436	1.64369	3.25386
6000	124	4.80098	2.95638	4.48936
6000	125	19.0814	2.98622	6.26988
6000	126	2.3254	3.70076	5.98354
6000	127	0.759848	2.84902	5.02644
6000	128	5.32422	4.21469	2.5604
6000	129	2.9844	3.55543	5.81907
6000	130	5.97458	3.28341	4.04219
6000	131	5.05363	1.66136	5.30177
6000	132	5.71685	0.0731014	4.4595
6000	133	4.42202	2.79814	4.59654
6000	134	3.0248	0.501219	1.49334
6000	135	3.26168	1.54183	1.582
6000	136	2.46505	4.20495	2.53197
6000	137	1.82304	2.07179	6.10722
6000	138	2.23607	3.23812	2.66062
6000	139	2.23745	1.61725	6.24228
6000	140	3.63499	3.56369	4.8833
6000	141	11.343	0.592457	6.0471
6000	142	7.63442	1.5587	3.3154
6000	143	6.78047	4.49344	2.51726
6000	144	3.83289	2.7483	6.22409
6000	145	6.47541	2.98361	1.6582
6000	146	0.684279	4.16169	0.776297
6000	147	2.52257	1.26509	4.01358
6000	148	1.89447	2.1504	1.88321
6000	149	3.82232	3.75415	1.16293
6000	150	2.70713	2.20338	4.10033
6000	151	1.77971	3.41572	1.34353
6000	152	18.3511	1.95072	2.70386
6000	153	5.06036	0.597704	3.92007
6000	154	4.26296	3.96472	3.22911
6000	155	5.81717	2.33323	1.9882
6000	156	7.08232	0.0064416	1.04653
6000	157	2.49242	4.8756	0.896206
6000	158	4.93016	0.569107	4.30184
6000	159	11.0877	1.74664	0.479358
6000	160	4.97602	4.62238	1.88717
6000	161	2.13092	4.95696	1.05953
6000	162	3.89012	1.88242	5.85859
6000	163	2.62995	4.17776	5.42743
6000	164	3.39944	0.187875	4.70646
6000	165	3.6751	2.77442	4.72015
6000	166	5.9685	1.26144	2.44981
6000	167	4.6145	1.39671	3.29819
6000	168	4.45064	3.03705	4.7096
6000	169	3.91496	1.77567	0.311377
6000	170	2.45415	3.28578	4.98343
6000	171	17.9448	2.81538	5.90873
6000	172	9.73408	2.63043	2.36392
6000	173	14.7192	2.61352	3.38997
6000	174	8.68186	0.301821	6.18733
6000	175	19.0394	2.64385	1.05305
6000	176	6.84961	2.67221	2.88416
6000	177	3.77187	0.360332	4.27285
6000	178	13.7323	1.60642	0.265907
6000	179	5.09427	4.59221	0.975107
6000	180	4.43107	4.36757	2.47383
6000	181	6.5834	4.29924	0.839166
6000	182	4.31722	4.95361	4.37468
6000	183	5.08845	4.30431	2.46907
6000	184	12.9983	1.04442	1.24507
6000	185	2.72162	0.151166	3.09963
6000	186	5.73835	3.69974	3.17911
6000	187	9.72409	1.86717	2.10975
6000	188	3.15029	2.97144	2.83184
6000	189	3.5757	2.99953	4.63131
6000	190	4.31418	4.33307	1.98713
6000	191	5.18429	0.990638	2.30115
6000	192	5.74007	3.89019	1.62465
6000	193	5.03648	4.12579	1.11434
6000	194	5.05564	4.92411	2.56594
6000	195	2.48611	0.501442	5.60543
6000	196	3.56706	4.85093	3.28129
6000	197	8.1182	0.051582	2.31429
6000	198	3.02875	1.66678	5.94762
6000	199	11.7513	3.33187	6.25006
6000	200	7.1349	3.20187	5.15091
6000	201	14.6161	2.26043	4.91568
6000	202	3.58336	0.867858	0.765267
6000	203	2.23386	4.60089	5.47513
6000	204	3.1556	0.754375	6.16333
6000	205	5.56593	1.51642	0.592769
6000	206	4.49368	0.51723	6.14352
6000	207	9.65613	3.28598	6.22907
6000	208	16.091	0.948359	1.49991
6000	209	4.78913	4.99647	3.14827
6000	210	12.6547	4.3723	1.8704
6000	211	3.31864	2.12936	6.27319
6000	212	15.0103	2.34118	0.411077
6000	213	5.63835	0.341204	3.9042
6000	214	6.1863	1.37593	5.74365
6000	215	2.72762	0.013819	0.698598
6000	216	13.1102	1.83329	4.80926
6000	217	5.05386	2.68578	4.26604
6000	218	4.57129	3.88207	3.99679
6000	219	3.71672	0.337243	1.78164
6000	220	6.79289	1.48206	3.98849
6000	221	1.65483	0.593495	4.73975
6000	222	0.612633	0.709146	1.78673
6000	223	4.52201	4.84836	5.12288
6000	224	6.52735	0.756126	1.4471
6000	225	6.92891	3.00493	1.58665
6000	226	4.49554	0.160751	2.1365
6000	227	17.0537	0.180202	5.67396
6000	228	3.85255	1.02405	4.31163
6000	229	9.44658	1.08157	2.33848
6000	230	5.99331	1.59402	3.18772
6000	231	3.76218	2.53507	4.14237
6000	232	6.91004	3.55612	4.88344
6000	233	5.01246	3.01117	3.09775
6000	234	4.28602	2.30047	3.65137
6000	235	4.06348	2.75299	3.67377
6000	236	4.15759	1.7965	3.19194
6000	237	2.68754	4.0231	3.97808
6000	238	3.8435	1.91791	1.59082
6000	239	5.24322	4.36105	0.777359
6000	240	3.31353	2.57758	1.85764
6000	241	2.37016	1.74104	5.69279
6000	242	2.63745	3.83673	6.26622
6000	243	4.98067	1.02946	4.78818
6000	244	7.46242	1.77951	5.51116
6000	245	3.44385	1.68548	2.04981
6000	246	2.90287	3.15538	3.41371
6000	247	3.96284	0.292368	3.01698
6000	248	5.16843	1.29041	0.558617
6000	249	5.0128	4.88492	3.43414
6000	250	5.35545	1.64018	4.52174
6000	251	3.08377	2.8269	1.9052
6000	252	3.94687	3.61487	3.98026
6000	253	4.24211	3.27329	6.14432
6000	254	7.46323	4.36415	2.45898
6000	255	5.17197	2.46886	2.83319
6000	256	5.17703	4.68267	0.485889
6000	257	7.68436	4.41316	4.41495
6000	258	6.23828	0.942353	1.9532
6000	259	14.75	0.569049	0.683222
6000	260	4.1141	3.42558	5.26048
6000	261	7.12214	1.9995	0.534625
6000	262	4.09658	2.58915	5.89155
6000	263	6.74344	2.84646	5.32815
6000	264	5.81276	1.85518	4.39364
6000	265	12.1344	3.37744	4.06974
6000	266	4.46435	4.72485	5.78638
6000	267	9.0208	3.12711	2.76403
6000	268	3.81528	4.20944	1.95265
6000	269	5.34287	3.87168	4.60885
6000	270	5.9185	2.86755	5.74148
6000	271	17.0113	4.13998	5.31671
6000	272	5.70715	3.32233	4.05354
6000	273	3.97615	4.09861	4.2714
6000	274	2.96968	2.1767	5.73862
6000	275	12.3042	2.37709	4.69761
6000	276	3.16226	1.50592	3.19742
6000	277	5.06434	4.16789	0.204148
6000	278	4.06441	4.34952	4.39052
6000	279	2.41879	4.63732	1.72922
6000	280	1.80872	1.56919	4.7572
6000	281	2.81089	4.32602	4.36007
6000	282	2.50962	3.98676	0.0177979
6000	283	2.47107	0.404371	0.753967
6000	284	14.7244	1.01722	5.10692
6000	285	4.95778	0.190224	2.12314
6000	286	5.938	0.973237	1.03718
6000	287	8.31554	2.52218	3.54885
6000	288	3.25905	1.12969	1.34107
6000	289	2.52306	3.03084	0.245109
6000	290	1.47954	4.85176	0.0367535
6000	291	4.52082	1.54765	6.00478
6000	292	2.98666	3.62692	3.92457
6000	293	8.13127	3.89884	4.76356
6000	294	3.25047	2.32794	4.74154
6000	295	3.54473	1.98715	3.74919
6000	296	5.19113	4.74528	3.2061
6000	297	4.40259	3.84636	1.8952
6000	298	4.78042	1.89354	5.89795
6000	299	2.88106	4.12306	1.69198
6000	300	2.9153	1.57495	2.49935
6000	301	6.47733	3.30492	5.00951
6000	302	4.98409	3.44058	0.664365
6000	303	2.45422	0.113716	5.54736
6000	304	4.16325	1.55074	4.50839
6000	305	2.42392	3.03739	2.39753
6000	306	4.67833	0.901968	5.29763
6000	307	2.90027	4.74972	0.596925
6000	308	2.9193	0.524239	5.23567
6000	309	5.8518	2.93187	5.59264
6000	310	17.8826	3.90764	1.52647
6000	311	3.39797	3.97717	5.50242
6000	312	5.0996	3.44192	1.94007
6000	313	5.41685	2.77343	3.59946
6000	314	18.4513	0.666872	6.2507
6000	315	6.03066	2.93684	0.719512
6000	316	2.02178	0.112305	3.58954
6000	317	5.08689	0.79903	2.19334
6000	318	4.21951	1.04093	0.103192
6000	319	1.81799	3.25198	1.72456
6000	320	3.97359	2.32512	1.56057
6000	321	4.98604	0.947435	0.161185
6000	322	5.05855	2.43326	5.73405
6000	323	6.25464	3.75713	5.45468
6000	324	3.19786	2.32319	5.56543
6000	325	8.22761	2.23591	4.97439
6000	326	4.02901	0.923488	1.4036
6000	327	5.90708	0.861126	3.16887
6000	328	4.30724	0.849331	1.70981
6000	329	4.97298	2.04908	3.61935
6000	330	3.26434	4.71352	4.61578
6000	331	7.1646	4.3432	1.53047
6000	332	17.1646	4.44107	0.437474
6000	333	2.51265	2.48841	4.87864
6000	334	5.58405	3.40662	2.23204
6000	335	2.14904	3.55828	1.26927
6000	336	1.98361	3.01077	1.39394
6000	337	6.1548	4.4999	0.819852
6000	338	4.59571	4.71476	2.63177
6000	339	2.29715	3.59132	5.34476
6000	340	6.35515	2.91345	3.1093
6000	341	13.0751	0.507772	0.973588
6000	342	4.5058	0.37126	3.02913
6000	343	4.70038	4.96055	4.90094
6000	344	2.73848	0.68116	5.53445
6000	345	3.26807	3.22459	4.99069
6000	346	3.98211	1.36964	2.04482
6000	347	4.56287	4.63596	0.868264
6000	348	2.87259	3.82463	0.405347
6000	349	7.67324	4.01014	2.37469
6000	350	7.72151	4.5543	4.41925
6000	351	0.824939	4.90908	3.87374
6000	352	5.24986	1.76611	5.27427
6000	353	2.10994	0.901837	2.47636
6000	354	2.54259	4.95348	5.98475
6000	355	4.9401	2.91766	1.77098
6000	356	3.18902	1.37462	2.89875
6000	357	2.50885	3.07848	5.17128
6000	358	1.59917	0.265198	4.44919
6000	359	13.1068	3.49754	5.81886
6000	360	3.16559	0.16822	5.54022
6000	361	7.26298	2.10876	4.74791
6000	362	3.63534	1.38113	4.53717
6000	363	3.60997	4.13149	3.03965
6000	364	3.9214	4.00239	3.97354
6000	365	2.91672	2.31558	1.1067
6000	366	1.74453	3.67827	2.40237
6000	367	9.1295	2.76336	3.15947
6000	368	7.82494	3.76236	0.802349
6000	369	6.43383	4.34796	2.2002
6000	370	3.30441	1.84855	3.39289
6000	371	4.70744	3.97216	1.49164
6000	372	18.4663	3.17258	1.65598
6000	373	5.18198	1.22767	2.2954
6000	374	3.24926	2.90801	0.0633658
6000	375	1.14664	0.545546	5.72959
6000	376	4.58299	3.64541	3.41551
6000	377	3.12452	4.2999	3.49327
6000	378	11.064	4.19531	0.562555
6000	379	6.26886	1.66598	2.49115
6000	380	3.60277	2.13827	2.84599
6000	381	7.14756	1.9406	1.78105
6000	382	2.5648	1.12217	0.0456784
6000	383	3.61184	4.25233	5.95343
6000	384	11.4459	0.377371	3.7787
6000	385	3.75451	4.97656	0.0613134
6000	386	3.71665	0.684657	3.43839
6000	387	6.67989	3.97806	3.51944
6000	388	8.89162	3.86537	1.60417
6000	389	2.77842	1.54662	5.05504
6000	390	5.92452	0.672706	2.41357
6000	391	18.8842	3.08202	5.34523
6000	392	4.82167	2.27336	3.72519
6000	393	4.68469	4.91579	3.85517
6000	394	4.90828	1.67239	5.98418
6000	395	5.39715	4.37106	2.74053
6000	396	2.37244	4.35305	5.84042
6000	397	3.04801	2.93615	1.35262
6000	398	1.98539	4.57171	0.0375567
6000	399	5.91774	1.33344	4.67091
6000	400	9.37134	4.47616	2.3237
6000	401	6.3766	2.33376	1.83776
6000	402	3.07472	3.28862	5.86232
6000	403	4.07455	2.50764	4.48736
6000	404	5.218	1.65716	0.168206
6000	405	19.5541	3.05606	0.533885
6000	406	10.314	0.171574	2.70679
6000	407	3.28753	0.879493	0.0906499
6000	408	4.23637	1.93318	0.341318
6000	409	5.67291	4.25907	2.4542
6000	410	5.82033	3.9509	3.59898
6000	411	1.22507	2.76933	3.39748
6000	412	8.70054	2.74796	4.76935
6000	413	5.2503	2.15377	2.84525
6000	414	4.40445	0.278014	4.0035
6000	415	3.32803	0.466969	4.40758
6000	416	4.59293	4.13599	1.21831
6000	417	7.63098	2.59761	5.89743
6000	418	5.24312	1.98351	2.27188
6000	419	17.1487	0.939941	5.88017
6000	420	4.66177	3.03102	3.07933
6000	421	5.31504	3.37129	1.26162
6000	422	7.35175	0.47429	0.0942551
6000	423	4.39537	1.92504	4.85899
6000	424	3.35339	1.04029	2.4064
6000	425	17.2347	2.98223	3.20772
6000	426	4.29878	1.9735	5.18988
6000	427	13.0435	2.41566	5.47186
6000	428	2.34714	1.35327	5.12802
6000	429	3.22049	1.93439	1.38932
6000	430	2.45845	0.556198	3.68143
6000	431	5.46557	3.56158	4.29161
6000	432	4.52342	2.17974	3.52546
6000	433	5.46065	1.30786	0.0436059
6000	434	2.85659	4.67967	3.17774
6000	435	19.576	1.01866	5.83818
6000	436	5.67592	0.234009	1.89062
6000	437	2.4462	2.04257	0.511303
6000	438	6.35038	0.865531	5.43638
6000	439	13.3497	1.36817	4.01984
6000	440	3.32256	1.25144	2.53477
6000	441	15.7721	2.06108	4.19165
6000	442	9.63082	3.2168	4.67079
6000	443	3.99519	4.48033	5.07432
6000	444	8.84166	2.44229	0.467667
6000	445	2.84782	0.703904	1.23487
6000	446	2.6509	1.09304	1.78213
6000	447	1.83892	4.21505	1.34338
6000	448	4.17455	0.167684	4.22951
6000	449	5.90476	4.52232	2.53278
6000	450	16.0765	1.45218	0.260784
6000	451	4.02945	0.587327	3.31066
6000	452	6.38676	4.80305	1.84477
6000	453	1.99415	4.88729	0.899483
6000	454	4.93166	2.25312	2.88024
6000	455	4.14536	3.70743	1.64826
6000	456	2.95881	4.62441	5.60177
6000	457	12.5956	1.98259	2.00621
6000	458	5.62465	4.88058	0.0553586
6000	459	5.46264	2.59399	2.45938
6000	460	1.02359	2.64878	0.207869
6000	461	3.42348	2.83248	1.98621
6000	462	4.41858	0.840868	2.7473
6000	463	3.26993	1.92449	4.20676
6000	464	2.42352	1.06474	6.12369
6000	465	5.72738	4.89409	2.62822
6000	466	5.2779	1.02509	3.61952
6000	467	18.3886	0.540859	2.54309
6000	468	3.38539	4.45943	4.01862
6000	469	2.14174	4.29383	5.47125
6000	470	5.75865	1.95069	2.78088
6000	471	5.19175	3.57523	1.18286
6000	472	3.92287	1.53509	1.86556
6000	473	15.1679	3.22655	3.21375
6000	474	3.22145	4.58478	3.48672
6000	475	3.75899	4.73453	5.32559
6000	476	6.16317	2.95381	1.85789
6000	477	7.9527	1.98189	3.50478
6000	478	7.01027	4.58304	2.13412
6000	479	2.23574	2.03685	5.36701
6000	480	2.80587	3.47937	1.35594
6000	481	5.76476	0.814759	2.22136
6000	482	5.43316	2.91512	4.72625
6000	483	5.15738	1.43185	3.79268
6000	484	4.30058	2.93072	3.01729
6000	485	2.30392	1.4549	6.03235
6000	486	5.77868	1.79558	2.09345
6000	487	4.86719	2.37905	0.980473
6000	488	3.91297	2.07682	5.24654
6000	489	2.50047	1.87411	3.23589
6000	490	1.70641	0.949631	6.26907
6000	491	5.22772	2.82716	5.75067
6000	492	4.14528	4.46254	1.2855
6000	493	4.80626	2.7873	0.118933
6000	494	4.46399	0.737228	4.16194
6000	495	3.11837	3.94194	2.76245
6000	496	14.7091	2.02318	4.28315
6000	497	4.57819	1.46353	0.478748
6000	498	8.06099	2.17075	4.78691
6000	499	3.77032	0.543711	4.01346
8000	0	18.4039	0.020487	2.75017
8000	1	1.83755	0.545482	3.82253
8000	2	7.84618	2.04245	4.65384
8000	3	3.20138	2.12317	3.84751
8000	4	3.18886	2.29883	5.91181
8000	5	3.39331	3.34341	1.05634
8000	6	2.31984	2.44871	5.06235
8000	7	6.65441	2.09024	1.52452
8000	8	4.98677	1.57467	5.20386
8000	9	2.95328	4.40182	0.620572
8000	10	5.30245	2.48392	2.44282
8000	11	1.98319	4.3033	5.02969
8000	12	6.06964	3.04982	4.28818
8000	13	11.7455	1.1932	1.17966
8000	14	7.83083	1.14117	0.0429973
8000	15	5.48255	3.7898	1.23699
8000	16	2.19931	2.80706	3.6609
8000	17	5.75649	2.57078	5.49668
8000	18	5.14972	2.06574	3.06975
8000	19	3.61474	4.33362	1.061
8000	20	4.28815	2.08818	5.05373
8000	21	4.39943	0.0824365	2.49834
8000	22	4.3978	1.28984	2.35775
8000	23	5.12209	0.449082	3.10495
8000	24	3.48918	1.46801	2.92212
8000	25	5.69619	1.39247	1.89114
8000	26	3.07447	2.70548	5.99167
8000	27	7.33277	4.56579	4.15213
8000	28	6.6085	0.206653	3.13822
8000	29	18.6403	1.12309	4.3861
8000	30	2.97388	3.62957	4.38614
8000	31	19.0063	0.56931	1.20268
8000	32	6.22276	1.92614	4.59389
8000	33	6.52321	1.1204	4.57967
8000	34	6.00869	2.5812	1.87866
8000	35	3.81096	2.57994	3.04045
8000	36	5.25883	1.41531	1.58043
8000	37	5.02549	0.693703	5.14522
8000	38	4.98254	4.10465	3.67365
8000	39	5.07638	3.29934	0.377294
8000	40	5.93834	1.00664	1.83247
8000	41	4.91766	4.93507	3.99988
8000	42	4.25409	3.94549	5.72871
8000	43	3.9984	1.96413	5.95534
8000	44	4.71059	3.43602	0.886077
8000	45	3.78983	0.0942235	5.13678
8000	46	2.37649	3.57492	5.77966
8000	47	5.6891	4.11473	2.11673
8000	48	8.38724	1.53383	1.60942
8000	49	1.99492	1.41806	4.92616
8000	50	3.19574	0.36685	1.38139
8000	51	3.25865	1.19217	3.20756
8000	52	7.4211	3.66306	3.41325
8000	53	2.11693	1.61095	1.55184
8000	54	2.25531	4.29061	0.136213
8000	55	2.15898	1.06826	0.0254398
8000	56	4.70546	1.65147	2.3331
8000	57	5.24386	1.7452	0.20051
8000	58	2.0788	3.13165	1.1804
8000	59	5.52936	0.821151	5.5687
8000	60	12.5934	2.12504	1.18488
8000	61	4.86319	1.96922	2.88894
8000	62	5.11551	4.97483	3.76561
8000	63	5.25034	0.0563621	3.02908
8000	64	3.27379	1.07119	0.596859
8000	65	5.59868	4.43568	4.99942
8000	66	2.36481	1.14531	2.39492
8000	67	4.00347	4.50984	1.23774
8000	68	12.7831	3.83532	3.54862
8000	69	5.61829	0.856634	0.673965
8000	70	4.16285	1.82038	2.8703
8000	71	5.59425	2.38253	1.99983
8000	72	3.65261	4.79591	4.8714
8000	73	4.66022	4.22177	0.0758604
8000	74	3.60868	0.64943	4.31147
8000	75	3.41151	1.97502	5.90598
8000	76	1.33497	4.9664	2.94332
8000	77	3.92743	1.14068	0.171156
8000	78	4.66181	4.54106	2.09202
8000	79	2.40827	2.68167	1.17014
8000	80	17.1997	1.44687	2.28995
8000	81	4.14593	0.569655	1.36432
8000	82	8.38625	0.0690062	3.44508
8000	83	2.47309	0.086418	2.63459
8000	84	2.55627	0.633947	0.548779
8000	85	3.14481	1.36409	3.01327
8000	86	2.42017	4.98638	0.306975
8000	87	2.13637	0.403871	3.74654
8000	88	3.14334	4.90486	2.88714
8000	89	10.0137	2.95853	1.77088
8000	90	2.45669	3.51163	6.2359
8000	91	5.82724	0.568553	4.83183
8000	92	2.60127	3.96839	5.54053
8000	93	2.70197	2.29093	0.234412
8000	94	7.22069	1.94647	3.92241
8000	95	4.78613	1.69671	2.58255
8000	96	17.1232	4.41977	3.56119
8000	97	4.1537	2.67271	3.1628
8000	98	4.25177	3.13174	2.39646
8000	99	5.49873	3.95879	0.6424
8000	100	5.42597	3.2249	3.83463
8000	101	1.89416	4.36103	1.70528
8000	102	2.97201	3.25595	1.43931
8000	103	4.80766	4.78554	6.15026
8000	104	16.9462	3.07363	3.67013
8000	105	5.52104	0.0296945	3.47591
8000	106	2.67513	3.66939	4.91114
8000	107	8.03421	3.74213	4.73047
8000	108	4.10676	4.86878	3.20682
8000	109	5.95103	3.42211	6.24272
8000	110	4.59347	3.39687	3.59061
8000	111	5.99719	0.805935	2.20402
8000	112	19.8617	2.35123	3.16394
8000	113	9.72808	0.778886	6.23773
8000	114	3.45848	2.02631	3.8133
8000	115	2.44979	1.28671	0.468556
8000	116	3.25175	0.660649	4.59625
8000	117	3.07656	1.09229	1.68381
8000	118	3.58552	3.2906	5.54973
8000	119	2.59371	1.77304	2.30352
8000	120	4.86956	2.61594	2.39285
8000	121	4.24571	0.0402213	5.02562
8000	122	5.65275	2.47322	2.4954
8000	123	10.3889	0.563165	6.11392
8000	124	6.74274	3.10471	2.1766
8000	125	6.0887	1.1462	2.39435
8000	126	10.7149	1.00557	6.071
8000	127	6.74629	4.3291	4.28162
8000	128	5.55123	1.5701	3.08063
8000	129	15.375	2.50789	0.138125
8000	130	5.41002	4.74202	3.81768
8000	131	10.9552	0.0384596	5.33817
8000	132	10.5635	4.94131	0.292347
8000	133	19.4671	0.143601	1.79059
8000	134	5.71226	3.75661	1.87096
8000	135	2.18757	0.490964	3.3779
8000	136	4.48964	3.93533	3.61498
8000	137	2.20878	1.38369	3.29153
8000	138	19.0323	3.36454	5.76526
8000	139	3.77382	3.27831	4.1098
8000	140	1.89503	4.48473	1.40968
8000	141	5.40417	2.21815	4.36058
8000	142	2.4164	4.47701	0.682002
8000	143	3.14718	1.81412	0.929385
8000	144	3.44471	1.7473	5.29979
8000	145	5.01451	3.81385	4.14604
8000	146	0.490763	3.04075	5.74343
8000	147	2.3238	4.83311	4.94136
8000	148	15.4977	4.84808	4.41355
8000	149	3.81455	1.18849	3.25068
8000	150	2.28424	3.34168	0.541743
8000	151	7.58799	3.69804	4.41418
8000	152	5.30816	3.96268	4.64295
8000	153	7.28284	2.02399	0.757151
8000	154	5.15217	0.640325	0.0110601
8000	155	5.59529	2.94654	4.75843
8000	156	6.04053	2.07027	2.44801
8000	157	4.15845	3.34894	5.79944
8000	158	5.20251	2.8781	5.88912
8000	159	3.94283	2.61473	3.86282
8000	160	7.77374	1.68578	4.64757
8000	161	3.03499	4.91362	2.13654
8000	162	4.35395	3.4031	5.08968
8000	163	3.54685	3.23357	1.49143
8000	164	5.91476	0.0398224	3.45448
8000	165	8.47734	1.94564	4.23082
8000	166	11.634	2.45976	5.71055
8000	167	4.71085	4.65497	1.22579
8000	168	6.57331	1.11482	2.24052
8000	169	2.95116	0.931188	0.977152
8000	170	4.95555	2.83257	2.6888
8000	171	5.29196	4.50509	0.60362
8000	172	5.45148	3.77744	3.98989
8000	173	17.034	4.5123	3.89747
8000	174	2.52153	1.51869	1.9339
8000	175	2.80068	4.92997	3.51577
8000	176	2.9236	4.88371	1.64487
8000	177	3.22235	0.286968	5.41112
8000	178	4.90932	4.55804	3.19973
8000	179	3.77122	3.7549	1.22682
8000	180	15.7373	3.35668	3.2359
8000	181	8.21279	2.6729	6.0615
8000	182	4.09349	2.56591	5.17031
8000	183	5.26836	0.133791	1.42271
8000	184	5.02588	0.398218	4.35293
8000	185	6.30809	3.14408	1.8568
8000	186	4.06904	4.7736	3.36619
8000	187	4.13831	4.31234	1.69253
8000	188	11.0244	1.45345	2.89087
8000	189	2.58365	1.73564	4.90786
8000	190	2.64065	4.52538	4.60857
8000	191	4.91022	1.03842	0.521351
8000	192	7.84755	4.46926	3.00498
8000	193	5.65822	4.85591	3.03303
8000	194	2.63787	3.33431	0.70037
8000	195	5.3309	4.25555	2.69518
8000	196	4.64149	0.646416	1.32888
8000	197	5.23028	4.82885	0.464034
8000	198	0.33293	3.53594	4.68733
8000	199	5.2491	2.73907	0.770635
8000	200	2.83909	0.35437	0.109821
8000	201	4.56963	4.68643	5.24327
8000	202	3.72327	3.62047	0.930169
8000	203	8.03662	4.51805	3.03237
8000	204	5.03435	1.3051	1.384
8000	205	1.3246	1.07484	0.991433
8000	206	5.58125	4.14434	0.567857
8000	207	13.8662	1.63112	2.95604
8000	208	3.93807	0.239414	2.50481
8000	209	3.48841	0.503892	0.974986
8000	210	3.92222	0.70549	2.73443
8000	211	3.91998	4.0193	2.2432
8000	212	5.95494	3.92763	4.17121
8000	213	2.39827	2.30275	3.24745
8000	214	2.62195	3.39655	5.31696
8000	215	19.8584	4.62746	2.26065
8000	216	3.66026	2.77781	0.0232227
8000	217	17.8138	0.654836	1.96101
8000	218	2.34513	2.15888	1.1927
8000	219	4.61856	3.14385	1.924
8000	220	5.25758	2.29332	0.213014
8000	221	3.7477	4.46383	1.07884
8000	222	4.92828	4.30168	4.43393
8000	223	6.58863	0.0815526	1.91161
8000	224	2.40391	1.99068	2.3529
8000	225	5.46939	2.1112	2.48402
8000	226	0.601456	2.96879	4.73294
8000	227	7.98194	0.518516	2.58549
8000	228	12.4926	0.136846	1.87015
8000	229	2.34335	1.21386	4.40897
8000	230	19.7905	1.77151	6.02024
8000	231	3.53301	1.68483	0.669487
8000	232	2.30428	0.752407	0.653709
8000	233	7.88003	3.67897	0.612763
8000	234	2.14177	2.00998	0.300402
8000	235	2.93364	0.655744	2.72843
8000	236	6.33815	2.86356	0.449287
8000	237	4.57903	1.34777	6.09751
8000	238	2.15328	0.54521	6.0969
8000	239	3.4979	2.69243	1.14161
8000	240	1.30672	4.16545	5.59398
8000	241	6.15762	1.80651	0.499631
8000	242	11.5115	4.73719	2.46931
8000	243	3.50072	0.0879147	3.97921
8000	244	4.25285	3.22462	5.05765
8000	245	8.34608	0.816687	3.43496
8000	246	4.58579	0.646869	6.05888
8000	247	3.18385	4.52606	2.7123
8000	248	4.17308	1.94554	1.14813
8000	249	5.76393	1.74878	1.87147
8000	250	3.27744	0.597823	2.68156
8000	251	2.43229	0.699093	2.98445
8000	252	4.50083	3.99006	4.41013
8000	253	3.25574	4.59496	0.788402
8000	254	3.65888	2.91974	3.32596
8000	255	6.6458	0.891215	0.771827
8000	256	3.76196	4.81599	1.07825
8000	257	14.3968	1.57386	2.65983
8000	258	3.37479	4.61694	2.67594
8000	259	6.77306	1.94934	0.0841358
8000	260	10.721	2.77342	2.54245
8000	261	3.63111	2.04623	0.313613
8000	262	5.56919	0.988925	2.42087
8000	263	19.723	0.541441	1.26422
8000	264	5.55921	4.38796	3.1914
8000	265	3.82532	2.131	3.69638
8000	266	3.96061	2.55972	1.66244
8000	267	5.12077	0.633784	3.51486
8000	268	2.77009	2.92959	0.926177
8000	269	2.87631	1.13516	0.954191
8000	270	5.99959	3.64673	5.11422
8000	271	11.7412	1.49968	1.75035
8000	272	12.8788	1.93779	0.509649
8000	273	4.52918	1.41103	5.52557
8000	274	11.3656	2.68767	5.42076
8000	275	3.53984	2.81047	3.71404
8000	276	3.35334	4.89152	0.670462
8000	277	13.1918	2.92357	1.61895
8000	278	2.40091	4.19345	2.14498
8000	279	3.60871	4.49595	3.24523
8000	280	4.57148	1.49551	0.84392
8000	281	18.9439	0.17402	4.65172
8000	282	4.34139	3.77232	2.77048
8000	283	2.11736	1.77481	5.74069
8000	284	6.33833	0.475586	0.93333
8000	285	2.22378	2.51378	5.86423
8000	286	3.7345	3.94095	0.0886701
8000	287	2.31813	4.44815	0.70241
8000	288	4.01992	1.74316	2.18091
8000	289	1.69284	0.312297	4.76247
8000	290	2.2587	4.77413	5.24873
8000	291	3.32244	0.112712	2.86978
8000	292	3.86642	3.00548	5.2764
8000	293	3.71678	3.39767	5.28312
8000	294	6.78445	2.68054	5.5938
8000	295	4.50923	3.3655	2.71315
8000	296	4.08426	1.07547	2.61868
8000	297	6.55999	2.99921	4.23138
8000	298	4.77205	4.21359	1.55827
8000	299	6.71196	3.97526	4.29183
8000	300	4.82402	0.482034	2.81152
8000	301	4.82722	3.35724	3.93319
8000	302	2.00691	1.16741	1.37362
8000	303	3.76865	1.10309	0.65629
8000	304	2.91291	4.0169	0.872445
8000	305	3.78899	0.877126	0.0233193
8000	306	8.47169	2.79768	4.20529
8000	307	2.79783	1.4403	0.691234
8000	308	7.96433	2.4712	3.21245
8000	309	1.70911	3.68412	3.24707
8000	310	2.53499	1.97905	5.42738
8000	311	5.71702	3.12397	6.05039
8000	312	16.9982	3.72347	3.00228
8000	313	5.79305	2.82891	4.57769
8000	314	19.5835	2.23525	2.52535
8000	315	16.6315	0.0771782	1.15011
8000	316	1.56177	1.45387	1.51103
8000	317	13.6047	3.7084	3.51479
8000	318	2.72278	2.58446	0.0891066
8000	319	2.97963	4.40668	2.9014
8000	320	10.3875	3.42032	5.74152
8000	321	2.99264	2.12439	4.39286
8000	322	3.01083	1.17044	3.90486
8000	323	16.0853	4.64159	1.42971
8000	324	4.28749	2.82057	5.46207
8000	325	2.81537	2.55145	2.71532
8000	326	4.65738	2.42368	4.24248
8000	327	6.79471	3.37625	6.20891
8000	328	3.24512	3.35456	1.45883
8000	329	19.1901	3.1729	2.26035
8000	330	6.43622	0.039706	0.766292
8000	331	3.76969	1.348	3.9368
8000	332	1.19657	4.08351	5.23962
8000	333	4.52387	1.88951	5.12303
8000	334	4.00834	0.377115	1.4749
8000	335	5.62201	3.93539	4.51933
8000	336	4.91199	2.46464	0.592776
8000	337	5.57817	0.239679	3.65586
8000	338	2.57915	0.686318	2.187
8000	339	5.4222	3.4513	3.93048
8000	340	3.42533	2.5687	6.17587
8000	341	4.29607	2.56105	0.974042
8000	342	19.0829	1.96338	2.09851
8000	343	6.51226	0.895789	1.30739
8000	344	1.64115	1.00013	4.77451
8000	345	3.36064	3.62353	6.01241
8000	346	6.87329	2.73455	1.81196
8000	347	2.86808	0.0806668	2.77068
8000	348	2.50075	3.26184	5.58146
8000	349	5.18209	3.65979	1.1237
8000	350	4.07806	1.44455	4.56635
8000	351	5.33621	0.345831	5.80739
8000	352	1.81182	0.439247	1.2972
8000	353	13.092	4.51074	4.12965
8000	354	3.01808	0.6349	4.63886
8000	355	2.65135	2.79605	4.69412
8000	356	6.86273	2.45369	5.07673
8000	357	5.41542	1.57107	3.52253
8000	358	4.96315	0.161185	2.70326
8000	359	3.91082	4.86816	2.56574
8000	360	10.1202	1.12658	4.26488
8000	361	5.91579	4.76404	5.06308
8000	362	6.50567	2.47078	2.51784
8000	363	5.93798	1.55901	1.9733
8000	364	4.21154	2.94476	5.22103
8000	365	1.44935	4.3587	4.79531
8000	366	3.32709	3.48641	2.33886
8000	367	4.83509	4.60654	4.31233
8000	368	2.12999	2.66248	5.40095
8000	369	7.25161	0.674228	3.24598
8000	370	14.2994	4.66943	2.7225
8000	371	3.65566	0.288291	4.48158
8000	372	6.18197	2.69931	1.64765
8000	373	2.7588	3.00008	3.0346
8000	374	2.98607	3.05484	3.53648
8000	375	3.94003	1.30521	2.58708
8000	376	0.668031	1.85572	3.01341
8000	377	19.8855	2.53326	0.900758
8000	378	5.05584	1.14144	5.59425
8000	379	4.12263	3.26588	1.96252
8000	380	7.30606	0.875559	5.9983
8000	381	3.05351	1.89668	5.69618
8000	382	16.5599	4.38234	4.73227
8000	383	2.83443	1.40904	2.82853
8000	384	4.1408	4.07767	2.35525
8000	385	5.16022	1.47721	2.06112
8000	386	2.93929	4.71573	0.270967
8000	387	4.67971	0.0840188	3.78786
8000	388	4.34858	1.5946	0.776917
8000	389	5.34093	2.2439	5.06544
8000	390	12.6577	0.329153	4.45733
8000	391	4.00057	0.846801	5.55483
8000	392	6.25217	1.44251	5.05254
8000	393	5.94661	4.28019	3.74644
8000	394	4.47247	4.44848	3.85928
8000	395	5.60266	2.28333	0.820534
8000	396	5.64398	2.99571	2.5931
8000	397	4.96735	4.90153	5.67912
8000	398	5.00968	1.71184	4.68959
8000	399	7.02491	3.86432	6.17557
8000	400	3.00515	3.66845	4.66757
8000	401	5.01461	3.76018	3.6102
8000	402	11.5927	0.196119	1.72874
8000	403	2.5308	4.28036	5.3695
8000	404	8.77059	0.623433	0.991775
8000	405	5.1716	1.70613	3.55857
8000	406	4.08142	2.35177	1.31263
8000	407	4.39462	0.502471	0.0855242
8000	408	14.1417	2.97362	3.35126
8000	409	15.5809	3.01357	1.1471
8000	410	3.21395	4.07253	6.01709
8000	411	15.9839	2.57201	2.30315
8000	412	2.76013	3.50303	3.06806
8000	413	2.60954	4.54935	5.2243
8000	414	1.95039	4.6172	1.41464
8000	415	2.32084	2.37663	0.944501
8000	416	4.49603	0.385617	2.33328
8000	417	1.77697	2.41084	1.46795
8000	418	1.89721	3.34709	4.90712
8000	419	4.82892	3.01116	5.40248
8000	420	4.43451	0.942828	3.22303
8000	421	7.64496	4.23485	2.22001
8000	422	4.61105	3.7584	2.67322
8000	423	3.29525	1.87293	3.90537
8000	424	4.05572	0.24009	2.99853
8000	425	5.91324	4.65764	2.27355
8000	426	6.59915	3.8221	1.0853
8000	427	10.3895	4.02373	4.01174
8000	428	5.46535	1.6486	1.12761
8000	429	6.58664	1.95091	3.11258
8000	430	5.50954	3.13099	2.09398
8000	431	3.0109	0.491347	1.03002
8000	432	4.4905	4.53404	6.0161
8000	433	6.53775	4.23729	1.98203
8000	434	14.5722	4.54245	3.09456
8000	435	3.39133	4.11472	3.39603
8000	436	3.90012	2.0272	5.08799
8000	437	6.19235	4.19247	4.35178
8000	438	4.98632	1.29815	4.31321
8000	439	7.66974	1.79455	2.91795
8000	440	4.12307	4.00788	4.12027
8000	441	2.19084	3.53518	6.24303
8000	442	2.53303	2.98378	5.36112
8000	443	5.76203	2.96179	3.6407
8000	444	4.70162	0.861329	0.83237
8000	445	4.73572	2.35825	1.87728
8000	446	2.98445	3.87925	4.32865
8000	447	4.69287	1.96975	1.15875
8000	448	4.33467	2.49758	1.85397
8000	449	2.32876	0.166643	3.15858
8000	450	3.87299	4.03875	2.2991
8000	451	8.14965	1.82312	4.81602
8000	452	14.5873	0.915613	1.91391
8000	453	6.1133	0.163034	2.28596
8000	454	5.41043	0.426353	4.20498
8000	455	6.87477	3.69143	4.68838
8000	456	4.00489	3.50791	4.06404
8000	457	5.81044	1.70492	3.48537
8000	458	2.49506	2.88569	0.125573
8000	459	3.52178	1.226	4.28043
8000	460	4.6451	0.691375	3.96167
8000	461	1.7164	3.06263	5.8686
8000	462	4.17343	0.673526	5.21246
8000	463	5.56452	4.50675	4.24135
8000	464	5.90684	0.886133	2.99733
8000	465	3.44117	0.577665	0.723589
8000	466	5.30335	0.988309	3.5135
8000	467	3.24788	1.70266	3.52615
8000	468	3.86228	0.433923	5.13503
8000	469	3.24775	2.54337	4.58199
8000	470	4.00817	4.77899	5.76963
8000	471	5.85843	4.64655	0.259758
8000	472	4.28465	2.04062	2.87943
8000	473	6.53013	4.71242	2.32361
8000	474	6.60104	0.467358	2.59865
8000	475	2.79453	1.42778	3.85714
8000	476	3.2128	1.4407	3.92343
8000	477	4.49881	2.61015	2.91645
8000	478	3.02036	3.23852	5.90916
8000	479	5.101	2.94515	3.87695
8000	480	5.67409	2.6159	2.71746
8000	481	8.40678	3.02886	1.39601
8000	482	2.92809	2.53649	0.673903
8000	483	4.76756	3.80878	3.48515
8000	484	2.49932	4.44723	1.83844
8000	485	5.05535	2.17476	4.34545
8000	486	2.43053	1.78705	0.906754
8000	487	10.8981	4.05428	0.20596
8000	488	2.34056	0.841122	0.238438
8000	489	0.299673	4.96002	5.61801
8000	490	1.82084	4.62739	0.0152457
8000	491	14.7704	3.0372	2.14773
8000	492	9.66914	3.69935	1.48891
8000	493	9.40528	4.1189	3.5138
8000	494	3.39599	3.79894	4.9883
8000	495	4.29588	0.941739	0.239402
8000	496	12.2461	3.44296	5.17861
8000	497	4.36509	4.34068	5.86032
8000	498	5.61832	0.953751	1.93826
8000	499	4.60726	2.93639	2.72937
10000	0	4.47369	2.77448	2.81733
10000	1	4.59389	0.117987	3.76841
10000	2	12.3074	3.60328	2.98507
10000	3	5.5353	4.46531	0.889077
10000	4	6.96177	0.341077	3.69643
10000	5	3.6959	4.27453	0.816369
10000	6	19.8659	1.58423	1.44814
10000	7	17.7035	1.19069	3.28206
10000	8	8.08817	3.5961	3.33673
10000	9	4.92214	1.6219	5.51632
10000	10	3.3512	2.4909	0.625552
10000	11	17.1135	4.00698	2.86453
10000	12	4.17543	3.25757	0.437452
10000	13	6.74402	0.485606	2.97926
10000	14	11.5588	2.81479	2.00317
10000	15	5.26023	2.23217	4.37117
10000	16	4.22832	1.36169	4.00393
10000	17	5.3057	3.7602	0.335236
10000	18	2.58256	4.09765	2.73946
10000	19	5.6648	0.816496	1.8357
10000	20	3.53224	3.33788	5.85778
10000	21	3.27982	1.04611	5.43705
10000	22	4.16736	2.67505	0.137791
10000	23	3.54839	4.89962	5.3688
10000	24	15.0445	3.86078	2.8993
10000	25	6.42398	3.12321	5.70759
10000	26	3.50411	0.110129	3.31712
10000	27	7.47404	2.62131	5.59645
10000	28	5.4095	0.805279	4.11906
10000	29	4.10258	0.947653	3.47377
10000	30	7.11566	1.32726	4.74569
10000	31	6.90837	4.98002	4.76353
10000	32	8.97085	2.81332	0.206099
10000	33	3.62255	0.250274	2.17942
10000	34	2.68521	2.5724	3.84126
10000	35	5.12239	2.02669	2.29199
10000	36	16.7512	4.86303	3.71935
10000	37	6.17263	2.69094	0.156946
10000	38	3.24969	2.72646	3.19403
10000	39	4.99166	1.32651	2.39062
10000	40	4.91457	0.434376	4.30483
10000	41	4.12529	1.31782	2.62395
10000	42	5.67069	4.97314	0.917423
10000	43	1.9535	4.10342	3.18135
10000	44	13.9116	3.03268	5.47092
10000	45	5.55435	1.46595	1.37377
10000	46	2.76428	0.302196	0.496097
10000	47	1.27081	3.90503	0.537039
10000	48	6.88703	1.9317	4.34326
10000	49	3.15033	0.187911	3.94818
10000	50	2.94078	0.388254	0.792523
10000	51	7.36206	4.01604	5.05815
10000	52	4.68321	2.54719	3.60483
10000	53	3.42226	0.221628	4.11685
10000	54	4.12491	0.412421	0.537969
10000	55	4.37679	4.739	5.83505
10000	56	6.33859	4.10453	4.4933
10000	57	9.66031	3.14444	4.59459
10000	58	1.47283	2.59856	5.11268
10000	59	3.41879	4.58736	1.54079
10000	60	18.4386	0.461137	1.19882
10000	61	4.0455	2.01985	4.24609
10000	62	3.48817	4.18736	2.01841
10000	63	5.98945	0.77952	4.55537
10000	64	2.5883	0.281142	0.184062
10000	65	2.86632	4.94839	5.14982
10000	66	4.18163	4.82514	5.01791
10000	67	9.68136	0.197231	3.16585
10000	68	6.6731	1.65799	0.468799
10000	69	2.17955	3.36171	0.204181
10000	70	19.9962	0.424359	5.27269
10000	71	9.01627	1.39912	4.84495
10000	72	6.42346	0.457452	5.61103
10000	73	3.27565	3.63196	3.45151
10000	74	13.431	3.74002	6.19598
10000	75	5.03904	2.89829	3.08393
10000	76	6.29309	0.0847045	3.81571
10000	77	3.96744	3.21335	5.73579
10000	78	4.24844	4.16453	0.0385205
10000	79	1.8398	0.741358	0.830658
10000	80	3.07792	1.19904	3.02899
10000	81	4.15412	1.33177	5.74664
10000	82	4.20033	3.37284	2.21307
10000	83	8.08813	2.87339	4.19196
10000	84	4.03383	3.60881	4.15538
10000	85	3.85961	2.67138	0.868398
10000	86	1.87519	1.1782	2.40339
10000	87	6.30672	0.734227	5.48712
10000	88	3.22645	1.55356	5.16618
10000	89	18.0787	1.78006	3.58466
10000	90	4.05404	1.8585	0.0604837
10000	91	5.43411	1.06829	1.79217
10000	92	17.7322	0.61948	4.30922
10000	93	5.8067	4.63823	5.02676
10000	94	12.6516	4.58026	2.55835
10000	95	5.70143	1.61069	4.2899
10000	96	1.06752	1.00392	4.03619
10000	97	2.60033	2.49172	5.83553
10000	98	2.89781	3.05325	5.36152
10000	99	3.47766	3.78143	2.44671
10000	100	3.58164	1.88627	0.712945
10000	101	3.77369	1.17741	0.783354
10000	102	6.33593	0.418577	2.63038
10000	103	5.34165	3.83468	3.5553
10000	104	3.4914	4.10259	2.67182
10000	105	4.49511	4.46925	1.37818
10000	106	5.67338	4.00144	2.4901
10000	107	4.94037	4.66012	0.605435
10000	108	5.54828	0.42226	3.02421
10000	109	5.20724	4.04277	0.117734
10000	110	5.15886	1.48914	1.35124
10000	111	2.52796	0.827922	4.42908
10000	112	9.03079	0.0555029	1.85295
10000	113	7.74345	3.43698	0.986517
10000	114	6.47711	3.68586	1.55836
10000	115	2.20067	3.27616	3.4226
10000	116	5.42057	4.49368	2.4121
10000	117	2.1751	1.51173	1.3082
10000	118	5.38837	4.87653	3.21564
10000	119	13.7389	4.44859	2.60573
10000	120	4.78532	0.258303	5.22984
10000	121	2.52912	3.64691	5.3692
10000	122	2.47332	0.545815	4.08082
10000	123	2.91054	3.97336	4.76965
10000	124	3.55112	0.939568	3.33227
10000	125	17.2097	4.60324	2.554
10000	126	2.84124	2.1138	5.41675
10000	127	13.0091	4.921	1.54547
10000	128	2.16689	0.403897	5.62835
10000	129	19.8111	0.839659	2.48203
10000	130	5.88968	0.20979	1.35285
10000	131	5.98631	1.87769	2.26468
10000	132	10.7943	1.28317	6.21219
10000	133	3.6887	2.81271	6.11268
10000	134	2.87135	1.33514	1.67267
10000	135	9.84258	1.58267	2.68914
10000	136	4.58928	2.72118	0.26896
10000	137	1.85366	3.70371	1.5517
10000	138	4.63045	3.61239	2.89822
10000	139	3.72263	0.765036	6.27629
10000	140	14.6278	3.11892	4.98015
10000	141	1.07939	4.53442	1.34559
10000	142	14.7982	1.25338	0.466528
10000	143	14.1496	3.81795	1.43645
10000	144	5.21341	1.11803	0.0497117
10000	145	4.91403	4.96224	0.27757
10000	146	4.3322	3.83906	3.07271
10000	147	3.73805	3.39577	2.3759
10000	148	3.06639	0.885788	6.01946
10000	149	5.48322	0.140626	5.31272
10000	150	7.97544	0.126044	5.43912
10000	151	17.5268	3.42811	3.11701
10000	152	5.92973	1.51733	0.0175254
10000	153	8.97341	3.01465	2.71579
10000	154	4.38892	2.25207	0.556649
10000	155	16.6623	3.18789	3.45886
10000	156	9.36811	0.858017	4.07982
10000	157	5.22429	4.0501	5.02808
10000	158	13.5425	4.88615	5.93076
10000	159	6.0605	4.86592	5.11994
10000	160	9.12827	2.62743	5.20491
10000	161	3.37474	2.14372	1.25623
10000	162	3.07049	2.32726	4.32183
10000	163	3.84476	3.41524	3.21592
10000	164	2.63002	2.9779	0.888808
10000	165	19.1561	1.02726	1.71189
10000	166	4.11132	0.135966	2.40977
10000	167	3.16788	0.12902	2.11989
10000	168	1.17338	2.4265	2.15103
10000	169	4.78664	2.46589	5.27353
10000	170	5.10656	4.51552	2.43295
10000	171	4.85757	4.29749	3.78083
10000	172	2.52257	3.99665	5.95581
10000	173	4.00144	4.41264	1.78208
10000	174	2.91335	2.36467	2.52651
10000	175	5.62094	4.78136	3.51216
10000	176	1.71736	1.10095	4.81082
10000	177	3.41225	1.35396	5.23573
10000	178	3.74103	1.46415	6.06253
10000	179	2.98787	2.82081	5.63888
10000	180	2.51462	1.94732	2.27137
10000	181	5.6224	2.84469	5.44514
10000	182	2.93347	4.67203	5.92686
10000	183	4.94809	1.06855	5.82078
10000	184	6.61657	1.86674	4.99571
10000	185	2.59511	2.35386	4.20842
10000	186	2.43757	0.750352	1.52576
10000	187	5.20281	2.47507	5.76177
10000	188	3.38613	0.34149	2.96749
10000	189	2.4341	0.0284522	3.32716
10000	190	3.60174	1.78199	1.79877
10000	191	3.09739	2.85655	1.6636
10000	192	2.00864	2.18734	5.82279
10000	193	3.43695	2.99322	0.453115
10000	194	14.5148	4.96322	2.88767
10000	195	1.78192	3.93221	1.47016
10000	196	4.03618	2.39441	2.22252
10000	197	3.08002	1.83552	5.49105
10000	198	8.6573	4.93825	1.63919
10000	199	4.30186	4.22897	0.596116
10000	200	3.40265	2.25425	0.18336
10000	201	6.48435	4.58099	4.87148
10000	202	2.49581	3.34264	0.302924
10000	203	5.77081	0.424084	3.60608
10000	204	4.16888	3.0167	3.65615
10000	205	2.09245	1.27682	4.74106
10000	206	2.64722	2.89996	2.30569
10000	207	16.2071	4.30324	6.07033
10000	208	3.33321	3.13853	5.75527
10000	209	5.53983	1.83978	0.0355963
10000	210	4.36002	0.620351	2.54902
10000	211	5.73735	1.194	4.5839
10000	212	4.9454	1.50103	3.13376
10000	213	6.59958	3.29006	0.566947
10000	214	0.273135	4.2197	1.67326
10000	215	2.07102	2.38008	3.10602
10000	216	4.33362	3.35296	2.56422
10000	217	1.19224	4.39847	1.56913
10000	218	11.5619	2.93555	4.91542
10000	219	3.92869	3.45466	6.23544
10000	220	2.19482	4.39516	1.08939
10000	221	2.9008	0.892962	6.17729
10000	222	2.8353	1.30428	5.67007
10000	223	10.1275	2.18135	3.29371
10000	224	3.64747	4.00284	5.97166
10000	225	5.53458	2.77866	4.27797
10000	226	6.63087	3.83961	0.46595
10000	227	2.55688	3.18817	4.92054
10000	228	7.07677	1.00345	0.439202
10000	229	7.01501	3.443	2.46533
10000	230	5.58368	3.80307	5.86905
10000	231	3.60762	3.45415	1.37024
10000	232	2.29413	4.65117	3.06994
10000	233	4.75951	3.12202	4.04301
10000	234	3.18839	1.72387	0.0797894
10000	235	5.77353	0.837843	4.68795
10000	236	3.61911	4.72138	0.998489
10000	237	2.27524	1.60986	5.80662
10000	238	7.60448	2.13235	5.10131
10000	239	5.17182	0.599501	2.77015
10000	240	3.85265	3.68774	2.08634
10000	241	5.7806	2.51891	0.900799
10000	242	2.84992	1.45769	2.48191
10000	243	3.42422	3.60886	6.08218
10000	244	4.72593	1.71829	2.13763
10000	245	8.07822	2.04086	4.15414
10000	246	5.10338	4.5282	4.50832
10000	247	5.47227	0.581951	6.07335
10000	248	3.2037	2.92979	4.03363
10000	249	4.38271	4.60601	2.88077
10000	250	3.34315	4.06586	5.28015
10000	251	7.48907	3.26747	0.116463
10000	252	3.15476	0.045732	6.10341
10000	253	2.0291	0.388412	0.0283908
10000	254	3.46997	0.640219	4.91325
10000	255	5.98604	4.27529	4.2135
10000	256	3.80354	1.10652	3.22189
10000	257	10.9449	4.92145	1.28141
10000	258	15.1982	4.33097	5.30671
10000	259	5.95709	3.95681	3.72023
10000	260	1.61494	0.559251	3.75443
10000	261	7.57477	1.91151	5.48775
10000	262	2.35685	0.138027	0.131418
10000	263	13.499	3.09292	0.173339
10000	264	3.60528	1.97276	4.65274
10000	265	7.73012	1.20424	5.57571
10000	266	4.66185	2.27339	1.46326
10000	267	6.31046	2.70061	3.91746
10000	268	6.9989	3.82963	1.07337
10000	269	2.26539	0.432015	5.38741
10000	270	8.17296	2.47552	1.77673
10000	271	3.94433	2.67378	3.07422
10000	272	7.92478	3.36066	2.46181
10000	273	1.55216	1.78511	3.19743
10000	274	9.7687	0.142209	1.2924
10000	275	4.7742	0.985317	2.52722
10000	276	3.49997	0.957729	1.87021
10000	277	5.11432	0.544583	0.731038
10000	278	2.75144	3.69799	5.90069
10000	279	8.63699	1.86945	5.84662
10000	280	3.21108	1.809	2.64317
10000	281	3.04421	3.60267	4.90788
10000	282	3.51221	4.29951	4.58572
10000	283	6.42724	0.953267	4.05601
10000	284	13.7277	4.03359	0.241078
10000	285	5.89406	2.58021	3.94051
10000	286	5.67502	2.35393	3.40449
10000	287	4.92399	1.99882	1.38057
10000	288	5.52029	1.25193	5.73869
10000	289	7.07735	1.89507	0.938023
10000	290	10.2342	1.60275	4.70874
10000	291	1.8448	4.23892	1.21421
10000	292	5.17726	3.23932	3.0011
10000	293	5.83509	3.96511	4.02377
10000	294	4.02324	0.903439	2.98479
10000	295	2.4423	4.3322	2.42297
10000	296	9.45776	2.96222	4.53049
10000	297	6.91866	4.78685	1.43421
10000	298	9.73425	2.00135	4.05027
10000	299	5.03459	3.91122	2.47664
10000	300	5.53209	2.36316	5.55236
10000	301	4.80098	2.57969	1.97266
10000	302	14.5083	0.881079	3.94122
10000	303	7.46085	4.20816	0.490647
10000	304	7.19896	0.623505	4.38533
10000	305	1.77307	2.67455	1.48252
10000	306	5.7912	3.64917	3.16357
10000	307	4.54595	1.1028	2.14906
10000	308	2.21769	1.96367	1.27309
10000	309	18.0251	0.674043	3.02037
10000	310	5.25668	0.619496	3.16185
10000	311	16.4122	3.41632	0.34794
10000	312	4.34948	0.675036	3.14951
10000	313	4.52315	4.00463	5.74338
10000	314	8.60775	2.01937	4.64609
10000	315	4.18894	2.62257	4.32378
10000	316	6.55781	1.45954	0.889042
10000	317	4.72405	0.048469	0.0713927
10000	318	4.22331	1.68372	4.80064
10000	319	4.03792	3.91728	1.36132
10000	320	11.1414	3.60385	5.53496
10000	321	6.82766	0.0356064	2.2006
10000	322	4.49296	1.96739	0.536838
10000	323	2.11856	0.633999	1.32453
10000	324	4.64184	0.374764	0.0644841
10000	325	7.85377	3.90581	3.43545
10000	326	3.70452	0.188976	4.25672
10000	327	5.25961	2.94012	5.44241
10000	328	5.7566	4.52699	2.05837
10000	329	5.49588	0.28798	1.64669
10000	330	8.64446	3.55448	1.53048
10000	331	4.44558	1.48926	0.190699
10000	332	6.87277	0.229272	3.10025
10000	333	6.17227	2.98383	2.31542
10000	334	3.91533	4.73805	0.715427
10000	335	2.52903	4.58546	3.5774
10000	336	5.58411	2.05769	4.02517
10000	337	19.7495	0.901957	2.20508
10000	338	3.9987	0.0129705	0.836696
10000	339	4.92274	3.00391	3.05625
10000	340	5.3144	2.27008	5.89293
10000	341	16.3156	2.63021	1.81759
10000	342	5.00758	4.7395	0.859007
10000	343	3.52997	0.433462	3.83084
10000	344	4.37904	1.79691	3.54745
10000	345	5.4549	3.31862	5.68137
10000	346	6.70958	3.20877	4.93432
10000	347	3.84228	0.456654	4.60629
10000	348	0.828607	1.87373	3.46506
10000	349	4.37489	0.214889	1.14804
10000	350	4.62904	3.81032	0.757768
10000	351	3.87274	1.44178	2.03074
10000	352	5.15086	0.861779	2.07137
10000	353	15.8218	4.5311	5.79733
10000	354	5.49932	4.06094	2.80176
10000	355	18.7726	0.63059	5.20375
10000	356	4.56187	2.83338	2.17041
10000	357	3.66371	3.84055	2.68725
10000	358	12.9766	0.570525	0.42777
10000	359	2.39655	0.0165726	5.06754
10000	360	3.13233	3.99741	5.51977
10000	361	3.84797	1.95775	2.67803
10000	362	4.18466	2.21861	3.24519
10000	363	3.98258	0.789093	2.52646
10000	364	5.30214	2.68477	4.62519
10000	365	3.64477	2.17245	3.48836
10000	366	2.42846	2.08757	5.65339
10000	367	3.96441	2.13686	0.137933
10000	368	4.37227	2.37134	3.76731
10000	369	2.98461	0.986074	1.06258
10000	370	1.26655	3.74699	3.24559
10000	371	2.38908	3.27258	5.75948
10000	372	2.74055	4.23208	5.56865
10000	373	4.88301	2.59564	5.29463
10000	374	5.62678	3.29912	3.59828
10000	375	4.3357	3.12943	5.76048
10000	376	5.18046	1.79418	2.46304
10000	377	1.91661	2.52551	3.8668
10000	378	3.76526	4.60519	2.27768
10000	379	2.56374	2.07761	3.71895
10000	380	3.17054	0.84268	4.78277
10000	381	5.5531	1.73026	1.89668
10000	382	11.9019	4.77086	4.61764
10000	383	2.44367	0.869668	2.66238
10000	384	4.60829	4.83341	0.328939
10000	385	17.7912	0.914524	1.84952
10000	386	3.43891	2.81537	5.32971
10000	387	5.88457	2.38243	4.50913
10000	388	2.65301	1.69483	2.96294
10000	389	3.17379	3.40468	0.588301
10000	390	4.8696	3.92754	5.27435
10000	391	3.22094	4.22983	5.19609
10000	392	3.23837	4.52492	4.75889
10000	393	6.2128	4.94505	2.06976
10000	394	4.31267	3.40521	6.27474
10000	395	2.48205	1.443	2.51203
10000	396	2.17654	2.95047	3.59232
10000	397	3.2521	0.656529	0.796137
10000	398	3.53052	1.24252	3.97093
10000	399	16.3789	3.91756	0.851778
10000	400	5.43499	1.52701	3.21309
10000	401	9.94703	0.659006	6.06231
10000	402	4.1613	0.157763	3.60868
10000	403	2.25424	2.21369	0.58371
10000	404	4.96818	1.9399	5.75898
10000	405	4.68493	4.61569	1.11885
10000	406	3.90377	2.68194	1.6947
10000	407	2.91327	4.70702	3.73103
10000	408	5.00565	1.39389	5.42278
10000	409	2.21761	0.77108	4.9685
10000	410	12.1355	3.02692	0.991244
10000	411	5.97628	0.0159241	3.24776
10000	412	3.88126	2.96275	0.0241388
10000	413	6.91043	2.22875	0.399551
10000	414	4.66648	3.62138	4.83233
10000	415	3.69445	1.02214	2.64301
10000	416	2.40963	4.67294	5.56399
10000	417	5.04108	0.352522	1.35401
10000	418	6.05326	4.30879	4.3711
10000	419	6.69333	3.6463	4.89115
10000	420	4.95014	4.00179	0.248373
10000	421	4.70724	0.969535	1.69075
10000	422	5.05222	0.167624	3.2061
10000	423	4.27036	4.03998	2.06147
10000	424	3.24905	2.29621	0.764386
10000	425	3.27196	2.8545	1.64691
10000	426	3.74689	2.4097	3.98098
10000	427	2.92936	0.452216	1.5164
10000	428	6.02707	3.55051	0.532475
10000	429	3.38113	4.85421	2.4559
10000	430	4.88907	3.49441	2.73995
10000	431	1.64296	3.95814	4.71568
10000	432	2.7073	4.78766	6.0181
10000	433	2.92997	3.89083	2.86657
10000	434	7.19218	2.5474	2.86852
10000	435	16.5225	0.905712	0.394487
10000	436	11.3532	3.86525	0.0855521
10000	437	2.37018	2.46165	4.75006
10000	438	2.21861	2.62085	1.87067
10000	439	4.59342	1.79731	1.06513
10000	440	3.1819	2.98278	4.73064
10000	441	18.4742	2.80075	5.76721
10000	442	2.45816	2.20905	2.4221
10000	443	5.37253	2.36759	3.15396
10000	444	5.49616	1.89142	4.14101
10000	445	4.27492	0.770414	1.30971
10000	446	2.23383	4.21278	5.24538
10000	447	4.25063	0.271185	0.682403
10000	448	4.56095	3.28946	1.83339
10000	449	13.8182	2.43498	4.93793
10000	450	4.09759	1.23233	2.16529
10000	451	6.81912	2.3929	0.167895
10000	452	5.85463	3.62369	4.52352
10000	453	6.62666	2.1744	4.51222
10000	454	2.08529	3.81294	5.186
10000	455	5.28954	4.51468	5.75426
10000	456	3.1858	0.646813	5.33637
10000	457	4.42565	4.15236	4.67739
10000	458	2.76889	3.21178	5.78335
10000	459	4.12014	4.0182	5.72171
10000	460	3.20717	0.452486	2.74368
10000	461	4.49673	1.16056	3.25431
10000	462	15.4546	2.7321	1.39283
10000	463	12.8042	1.8248	0.801218
10000	464	3.93475	4.14339	5.44471
10000	465	3.00801	3.32244	4.07268
10000	466	4.57195	1.19288	5.5955
10000	467	2.41383	1.97841	0.91309
10000	468	4.84321	3.2766	6.18482
10000	469	2.09652	4.67106	4.99978
10000	470	4.62356	2.13606	3.04773
10000	471	2.7181	1.46234	4.36631
10000	472	3.70045	1.71101	1.08693
10000	473	1.67312	0.0363885	2.33599
10000	474	7.83669	4.13945	0.107081
10000	475	2.39889	2.85487	0.650748
10000	476	3.15219	3.51419	5.76635
10000	477	10.6484	0.78483	3.81824
10000	478	14.6931	1.65199	0.586428
10000	479	7.94636	0.100405	2.89406
10000	480	3.87112	2.45058	1.27062
10000	481	4.67477	1.72675	5.83001
10000	482	19.8736	4.71111	4.69587
10000	483	7.32872	2.67186	0.973796
10000	484	5.0681	4.68615	4.50757
10000	485	5.3911	4.8597	1.15823
10000	486	6.44993	1.73659	2.56436
10000	487	6.69326	4.33408	2.3971
10000	488	4.07812	4.91903	1.64965
10000	489	3.56328	2.86318	1.80941
10000	490	2.57533	3.51806	5.93147
10000	491	5.07221	3.36474	6.07317
10000	492	4.22541	2.95871	0.200654
10000	493	3.57942	1.50518	3.40033
10000	494	5.13725	4.18175	3.44881
10000	495	5.14872	2.16114	2.82794
10000	496	3.24048	4.41179	5.36101
10000	497	3.33979	2.34118	3.20422
10000	498	13.6861	0.0482835	0.234135
10000	499	5.58379	3.40121	5.1374
12000	0	3.18851	1.55336	5.40075
12000	1	5.31735	4.39156	2.32596
12000	2	7.00981	3.13051	2.55938
12000	3	5.00479	4.37221	5.0721
12000	4	2.66282	2.61135	0.967855
12000	5	5.13793	4.98873	2.41631
12000	6	7.40341	2.27077	5.14722
12000	7	4.36956	2.3524	3.67366
12000	8	4.7037	1.76769	5.64396
12000	9	3.29462	0.769549	0.484861
12000	10	6.91759	3.21603	4.06444
12000	11	3.65054	1.12177	3.41757
12000	12	5.32734	4.88263	2.81393
12000	13	4.17674	0.754633	5.94359
12000	14	2.21345	3.1273	5.1051
12000	15	4.07175	0.925827	6.274
12000	16	2.18015	0.194493	1.12069
12000	17	4.76747	4.01009	6.18109
12000	18	6.029	0.657357	4.57208
12000	19	4.43836	4.86083	5.84624
12000	20	3.20105	4.20473	0.805738
12000	21	9.9628	2.61458	4.10652
12000	22	3.13289	1.42302	2.5742
12000	23	0.946839	2.10134	5.47165
12000	24	8.53436	2.0755	1.67977
12000	25	0.779246	0.576912	5.62511
12000	26	11.2628	2.81583	1.66066
12000	27	19.0519	2.82306	1.35562
12000	28	2.08916	4.7613	1.23826
12000	29	1.14337	0.906349	0.154846
12000	30	2.6691	0.724223	3.99911
12000	31	3.39053	4.09591	2.57746
12000	32	17.3946	0.872323	3.02922
12000	33	5.34752	2.85837	1.53217
12000	34	2.34724	3.42367	5.48503
12000	35	4.46071	2.88067	0.831445
12000	36	5.51103	1.13627	1.78372
12000	37	3.7761	1.91286	5.24663
12000	38	2.27487	1.54301	1.23436
12000	39	3.77586	4.36197	1.00299
12000	40	0.434402	2.61601	5.18095
12000	41	15.6918	2.23443	2.46113
12000	42	3.49265	3.21461	3.52734
12000	43	16.4678	2.14653	1.82969
12000	44	4.08082	4.00398	5.34654
12000	45	16.2341	4.35297	3.10844
12000	46	3.28224	0.291943	0.704231
12000	47	18.2586	1.59017	4.54094
12000	48	2.58178	3.66591	2.26251
12000	49	1.14528	1.63117	1.02089
12000	50	4.05043	1.65324	0.664172
12000	51	2.51602	4.02386	5.11735
12000	52	6.49275	4.2043	5.26376
12000	53	5.6999	2.32817	0.0903968
12000	54	8.3602	1.10421	3.1263
12000	55	3.08334	1.39495	4.74778
12000	56	5.2804	0.150853	4.76348
12000	57	7.62064	1.83825	1.24712
12000	58	2.38961	0.922661	4.47952
12000	59	1.37899	2.75347	0.696559
12000	60	11.6406	3.44081	0.71241
12000	61	4.34999	1.78968	5.94715
12000	62	3.30457	2.73909	4.7816
12000	63	2.46602	1.89549	0.974494
12000	64	5.66203	3.77902	5.66233
12000	65	5.24951	3.92859	4.60983
12000	66	15.2298	4.31084	4.59826
12000	67	15.7666	1.50014	2.21424
12000	68	4.8199	4.78966	2.76208
12000	69	2.07615	2.23987	5.88222
12000	70	15.7619	1.51435	4.80395
12000	71	5.13761	1.32633	2.87197
12000	72	3.64082	3.36418	4.99139
12000	73	9.48539	0.705341	1.16577
12000	74	5.64389	1.63485	4.69035
12000	75	7.53513	2.54451	1.16434
12000	76	2.51777	3.23428	0.512727
12000	77	12.6324	2.82858	1.0757
12000	78	4.81773	4.99351	0.372265
12000	79	5.46456	4.7933	4.13901
12000	80	5.3698	1.51274	4.84026
12000	81	6.62107	2.32609	1.40231
12000	82	7.38609	3.26485	4.6526
12000	83	3.58123	1.94924	5.48968
12000	84	4.09203	3.48048	0.0697299
12000	85	5.82467	2.36601	0.968704
12000	86	4.05359	2.53667	5.21879
12000	87	2.29549	2.83338	6.19772
12000	88	1.17998	1.02121	4.43421
12000	89	4.63445	4.77869	3.54454
12000	90	3.7325	2.88635	5.82473
12000	91	4.36637	4.22383	1.47739
12000	92	2.2418	4.24383	3.71438
12000	93	4.18214	0.374102	3.07544
12000	94	2.74693	2.67922	3.23865
12000	95	16.1398	3.82023	5.06671
12000	96	7.72499	2.79292	1.98472
12000	97	5.17716	1.23711	2.1282
12000	98	2.27934	4.67893	5.90992
12000	99	4.12222	4.55957	3.19672
12000	100	3.3957	2.1028	1.84207
12000	101	4.80729	1.08469	6.19244
12000	102	2.56113	1.74619	2.77424
12000	103	2.30621	1.72649	5.84705
12000	104	2.53102	3.47538	2.01507
12000	105	4.66173	1.53043	0.0968882
12000	106	5.45668	2.65363	3.34092
12000	107	5.17115	3.90015	4.76472
12000	108	5.02847	1.50009	2.38415
12000	109	15.4414	2.25654	0.897064
12000	110	3.3256	4.59041	2.32683
12000	111	5.71474	1.51565	1.37146
12000	112	5.00597	2.44938	3.65037
12000	113	6.44093	4.47499	3.37068
12000	114	1.3581	0.865461	5.86198
12000	115	18.6571	1.42468	1.25455
12000	116	9.98553	3.39169	5.42293
12000	117	4.42732	0.854718	4.15967
12000	118	7.91746	0.424713	5.03125
12000	119	14.616	2.55972	5.55486
12000	120	2.05909	2.1302	4.87843
12000	121	4.48719	4.35927	4.13126
12000	122	8.34294	0.863195	0.638189
12000	123	5.32183	2.06688	2.13262
12000	124	2.3477	3.80291	0.442005
12000	125	10.9166	3.50622	1.59319
12000	126	14.0196	4.53744	3.66
12000	127	4.29796	3.54339	1.955
12000	128	4.91213	3.29512	4.91746
12000	129	2.45165	2.30884	3.87705
12000	130	2.93899	2.04046	5.25205
12000	131	3.82138	3.24452	1.43304
12000	132	2.80785	0.160572	1.89812
12000	133	2.5913	2.94924	2.59755
12000	134	5.17548	0.897723	5.79
12000	135	3.93015	4.28495	5.436
12000	136	12.8547	4.76635	3.45045
12000	137	5.30214	0.769433	0.707012
12000	138	1.63835	0.739035	6.08474
12000	139	2.81981	4.8179	4.74385
12000	140	7.74843	3.56199	1.76786
12000	141	5.02099	0.189282	0.0556491
12000	142	17.7464	1.61157	3.71495
12000	143	1.46972	0.186407	4.29473
12000	144	4.32814	4.98689	5.2839
12000	145	5.74422	3.00792	2.81814
12000	146	3.76561	0.297542	4.25987
12000	147	5.77255	3.78843	4.57615
12000	148	5.84961	3.36472	2.11542
12000	149	1.42907	4.61153	0.703268
12000	150	5.22063	4.33378	3.42563
12000	151	4.59448	3.36996	5.18951
12000	152	5.67261	3.21588	5.73657
12000	153	18.6607	0.579341	0.812656
12000	154	7.05339	0.759766	3.50924
12000	155	3.00734	3.73584	3.10886
12000	156	3.78464	0.60755	5.99546
12000	157	7.42253	3.84405	4.28571
12000	158	18.2818	2.5862	1.28941
12000	159	13.0321	3.55493	0.811811
12000	160	6.72104	1.52475	0.65587
12000	161	17.2923	4.45913	1.86605
12000	162	3.31384	0.298262	1.68364
12000	163	4.17951	1.42493	5.59523
12000	164	5.75042	3.91578	3.94253
12000	165	6.80026	2.41725	0.606724
12000	166	1.55675	2.74347	4.83432
12000	167	4.54117	1.40867	1.02986
12000	168	2.85344	1.58774	5.91733
12000	169	2.3696	2.89569	6.17823
12000	170	2.56702	0.42138	3.34382
12000	171	1.66222	3.80744	4.88193
12000	172	5.49488	3.9951	5.65523
12000	173	5.34979	0.377578	4.28765
12000	174	1.87794	4.89542	5.59101
12000	175	4.12274	4.66373	0.272199
12000	176	5.11707	2.11416	2.33619
12000	177	2.2168	2.58199	5.93596
12000	178	14.1767	3.47669	4.18944
12000	179	9.24572	3.5808	1.53932
12000	180	3.00351	0.596376	2.29501
12000	181	16.3978	4.14357	5.80911
12000	182	8.90294	3.75045	2.76333
12000	183	9.18109	3.39838	4.77842
12000	184	4.66482	0.461188	3.84114
12000	185	3.99828	1.30727	4.14909
12000	186	16.4809	3.83534	0.250283
12000	187	14.8938	0.0936621	4.56877
12000	188	2.00921	0.905065	4.89864
12000	189	6.81168	0.740471	1.71352
12000	190	6.83294	4.19252	1.57993
12000	191	2.32873	3.12827	5.12973
12000	192	3.40616	4.798	3.39831
12000	193	4.07699	2.21506	0.684339
12000	194	3.46794	1.45667	2.64336
12000	195	4.00551	0.736989	0.212173
12000	196	4.20825	3.0872	5.25623
12000	197	3.96029	3.08243	0.0256877
12000	198	6.54651	3.08406	1.30285
12000	199	4.81033	3.2181	3.95213
12000	200	2.84421	1.51225	3.14419
12000	201	2.332	1.89164	0.670378
12000	202	6.40529	3.22836	5.89255
12000	203	4.36204	3.99507	1.43062
12000	204	4.505	1.132	4.37014
12000	205	3.75968	3.85882	2.46794
12000	206	3.95117	4.79598	5.36021
12000	207	3.36827	1.19627	3.78512
12000	208	2.99642	0.761557	5.7927
12000	209	4.49313	2.2747	0.957349
12000	210	4.95134	2.7151	5.89385
12000	211	4.72035	1.28319	4.24605
12000	212	3.44071	4.48817	1.53062
12000	213	3.2281	3.81928	0.98861
12000	214	19.832	3.1689	3.38811
12000	215	2.18123	1.03316	0.644512
12000	216	4.782	3.97891	3.91444
12000	217	1.75028	1.02839	5.0237
12000	218	6.18633	0.239725	4.8823
12000	219	1.93774	3.53709	1.71484
12000	220	4.44534	2.74685	3.70109
12000	221	1.72973	0.0822808	3.76404
12000	222	1.91128	1.33274	5.01392
12000	223	2.75208	1.31019	3.91378
12000	224	16.9133	3.59324	4.64801
12000	225	16.7374	0.911	1.20504
12000	226	2.0331	2.0904	2.67908
12000	227	3.12336	1.11501	1.71186
12000	228	5.70767	1.0835	3.22612
12000	229	5.30629	2.35805	5.52792
12000	230	2.43311	3.97937	0.429216
12000	231	6.98296	0.727314	3.54745
12000	232	4.18644	1.06439	1.88183
12000	233	4.14588	2.00968	4.75926
12000	234	4.0621	0.472041	2.23462
12000	235	3.15723	3.3208	6.24031
12000	236	5.95948	4.46093	1.80974
12000	237	5.92849	2.84406	4.82648
12000	238	12.0037	0.00555729	1.73022
12000	239	2.3207	0.231127	2.16825
12000	240	9.97824	1.61621	5.91509
12000	241	2.24983	1.14034	2.73992
12000	242	4.42096	3.1531	6.27575
12000	243	2.26102	0.286874	5.05345
12000	244	11.646	0.897362	1.13015
12000	245	6.52548	0.215861	4.33987
12000	246	6.07298	1.82541	4.87823
12000	247	5.10343	2.42216	0.528931
12000	248	3.67146	2.52466	0.078609
12000	249	2.2765	1.64625	0.5625
12000	250	3.40669	1.65413	4.16917
12000	251	2.61889	0.337952	0.101329
12000	252	4.79939	0.403076	0.206726
12000	253	0.556939	0.022462	0.280175
12000	254	3.18513	4.69891	4.93199
12000	255	7.3405	1.12575	2.12881
12000	256	16.0108	2.33871	5.63205
12000	257	8.31731	2.01346	0.149759
12000	258	3.30665	2.25685	3.06572
12000	259	4.32575	3.63484	5.30342
12000	260	5.48393	4.49191	6.08129
12000	261	4.80002	2.04462	4.93462
12000	262	3.6565	2.32671	3.043
12000	263	5.89402	2.75864	2.19394
12000	264	2.61996	4.81799	0.0546137
12000	265	6.20735	1.05715	1.53681
12000	266	4.17406	4.62932	4.63498
12000	267	2.54836	1.97021	5.88178
12000	268	7.36825	1.33816	4.43806
12000	269	6.26737	3.98385	3.058
12000	270	2.9473	1.92433	5.68509
12000	271	3.94647	3.59489	4.65957
12000	272	5.28463	1.52834	3.16805
12000	273	6.59996	3.35963	5.82557
12000	274	4.70408	3.64337	5.08824
12000	275	18.5382	0.88808	5.24561
12000	276	4.78417	2.23702	1.05914
12000	277	2.08054	4.61355	3.94315
12000	278	11.1579	0.0693465	0.667397
12000	279	4.37706	3.86246	1.46311
12000	280	16.0708	2.6264	4.98251
12000	281	11.2516	2.9202	6.0503
12000	282	6.55654	0.572583	4.22928
12000	283	2.16407	4.70903	2.121
12000	284	4.49332	4.41329	6.12697
12000	285	16.663	0.649799	6.0275
12000	286	5.13118	0.767213	3.94179
12000	287	2.10843	1.07772	0.0866855
12000	288	6.18922	0.584767	2.21254
12000	289	2.54534	0.21044	3.99901
12000	290	1.39702	3.24571	4.54577
12000	291	6.78118	3.40207	0.280184
12000	292	15.5619	4.51951	1.89941
12000	293	4.20808	2.32594	5.58969
12000	294	5.59866	2.30574	5.36375
12000	295	3.45458	0.734108	5.36149
12000	296	3.19802	4.42683	1.27873
12000	297	3.13616	1.81494	5.94205
12000	298	6.86072	1.80233	1.30706
12000	299	2.70796	4.54848	1.77145
12000	300	4.79062	1.73106	3.67571
12000	301	5.41279	4.65839	0.413744
12000	302	3.61282	0.633713	5.44934
12000	303	2.92576	1.43705	1.16931
12000	304	4.22875	2.3971	5.34585
12000	305	2.93697	4.50689	2.29061
12000	306	3.08191	4.99575	0.453904
12000	307	6.63888	4.40059	1.4194
12000	308	3.68113	1.60085	0.0176329
12000	309	2.43123	0.738076	5.99301
12000	310	4.92281	4.95693	3.39806
12000	311	5.68523	4.53993	4.17071
12000	312	9.01096	4.5183	4.83468
12000	313	5.06741	3.1091	3.92065
12000	314	5.22254	3.77434	3.69196
12000	315	3.083	2.39016	5.16116
12000	316	2.4586	3.66525	2.00171
12000	317	4.74597	3.23073	3.81458
12000	318	4.78447	2.79586	0.257634
12000	319	4.3689	1.35264	0.14744
12000	320	2.80982	4.1111	5.1601
12000	321	3.1533	3.4956	1.70748
12000	322	4.29503	0.5992	4.25223
12000	323	5.80979	3.1981	3.01123
12000	324	5.53952	3.27301	1.33694
12000	325	13.4076	4.87513	0.248629
12000	326	5.58779	0.209515	3.07098
12000	327	5.88318	0.42588	2.13593
12000	328	3.16968	0.879567	4.14231
12000	329	8.53268	1.96489	3.96181
12000	330	6.17522	4.3682	1.44297
12000	331	6.2244	1.41368	6.17337
12000	332	2.32685	2.06307	4.7984
12000	333	2.29243	2.4499	4.5035
12000	334	11.8307	2.33682	4.93817
12000	335	5.55132	3.62513	4.29459
12000	336	5.36064	2.89524	2.43584
12000	337	5.77685	4.87161	1.79596
12000	338	4.65708	0.538964	6.03613
12000	339	10.0088	0.673315	4.53959
12000	340	5.63975	0.11825	2.23675
12000	341	13.3049	3.94552	5.36015
12000	342	6.60022	4.43817	5.96118
12000	343	18.0197	3.27009	4.16027
12000	344	2.71877	1.15466	0.0506811
12000	345	4.61328	4.85052	0.458662
12000	346	6.77263	0.143072	3.4028
12000	347	5.62619	1.30105	4.39285
12000	348	2.08664	0.95506	1.34144
12000	349	2.41458	4.81903	5.06344
12000	350	3.27978	3.68335	4.73717
12000	351	1.462	2.32964	1.64558
12000	352	7.46496	1.45519	5.48844
12000	353	5.8381	4.62438	3.35675
12000	354	5.84368	2.20258	1.76342
12000	355	2.9285	3.01305	6.10098
12000	356	8.38934	2.93004	6.07361
12000	357	11.0402	4.05419	0.0944879
12000	358	2.06591	3.35243	1.0865
12000	359	5.07305	1.80408	1.71318
12000	360	2.8934	3.92985	0.473349
12000	361	3.51021	3.82726	4.56736
12000	362	4.77842	0.134772	2.0879
12000	363	17.9818	4.30023	0.361945
12000	364	6.36174	1.41158	2.53397
12000	365	3.6042	3.89612	2.47012
12000	366	2.52203	2.54207	0.00723604
12000	367	3.32851	2.28039	0.172627
12000	368	3.11163	3.69478	2.07859
12000	369	3.08067	0.362885	3.18678
12000	370	1.80081	3.9775	4.40939
12000	371	13.5577	1.71993	3.17672
12000	372	3.7756	4.68528	0.101862
12000	373	2.9809	2.0315	3.0381
12000	374	3.91512	2.01586	2.80518
12000	375	13.1992	1.94039	4.78252
12000	376	13.3813	2.83849	3.93011
12000	377	5.277	3.50907	2.99542
12000	378	3.96776	0.357001	0.18331
12000	379	7.18354	3.36109	0.660199
12000	380	14.8439	3.17388	1.71535
12000	381	2.00454	1.34749	5.50393
12000	382	2.86483	2.37176	5.08168
12000	383	3.30662	2.97284	1.63387
12000	384	5.14281	3.83528	5.71604
12000	385	16.3849	0.218745	3.55374
12000	386	11.9551	1.33247	1.94534
12000	387	6.15787	3.04876	4.33392
12000	388	2.28753	1.80155	5.56099
12000	389	2.5233	0.700149	3.34872
12000	390	1.7832	4.71734	1.09469
12000	391	6.20425	3.63084	2.80546
12000	392	2.77525	1.00491	0.357119
12000	393	4.68939	2.17299	3.49641
12000	394	7.30362	2.15192	3.56296
12000	395	5.67178	4.21884	4.13156
12000	396	4.61772	0.780365	3.66031
12000	397	14.3169	2.08444	0.0950752
12000	398	5.88007	1.74498	1.62814
12000	399	3.84241	2.62882	1.47612
12000	400	13.8975	1.08402	3.11401
12000	401	2.76664	4.41067	3.79468
12000	402	4.94735	0.699929	1.94851
12000	403	8.62377	0.959286	6.26505
12000	404	0.640323	3.48653	5.51512
12000	405	6.15763	2.25182	6.26292
12000	406	3.08436	3.65214	5.87167
12000	407	4.35442	1.69551	1.6268
12000	408	5.78518	0.810398	0.818684
12000	409	1.35586	2.13925	5.08232
12000	410	6.15793	3.46806	3.62461
12000	411	8.07806	1.53945	4.09079
12000	412	15.9805	2.73654	0.88386
12000	413	3.92662	0.0213812	5.2947
12000	414	4.7836	3.91222	2.27993
12000	415	2.39732	4.77198	6.10248
12000	416	1.44095	4.02815	5.35616
12000	417	3.42794	0.81886	3.08186
12000	418	2.48755	1.33856	4.52976
12000	419	10.5957	1.01843	2.74197
12000	420	6.9235	2.74833	2.26927
12000	421	15.5437	0.96033	5.04797
12000	422	4.44726	2.54157	1.83809
12000	423	2.41176	4.06155	5.31032
12000	424	5.48288	3.39488	4.17325
12000	425	2.64592	2.20046	0.679687
12000	426	2.40262	4.28786	5.82231
12000	427	2.41848	3.80548	4.15616
12000	428	15.8106	4.76758	1.9797
12000	429	5.24322	2.96712	5.61223
12000	430	5.50466	0.376437	5.88639
12000	431	11.1606	1.69908	2.05863
12000	432	2.90472	0.326483	0.68981
12000	433	6.88375	1.90104	4.81049
12000	434	3.32409	0.0693915	2.17061
12000	435	9.0753	0.39011	2.05615
12000	436	4.92207	2.24977	3.12371
12000	437	2.63808	0.587014	6.08221
12000	438	4.59948	2.59616	5.34782
12000	439	4.89596	0.986081	4.85671
12000	440	3.40996	0.905162	5.8779
12000	441	4.57358	1.76776	3.61944
12000	442	17.1287	1.2948	5.19439
12000	443	6.1784	4.02629	2.66796
12000	444	4.31259	0.469292	0.450573
12000	445	5.74394	0.228916	3.62119
12000	446	6.3889	4.35312	4.48682
12000	447	14.5488	0.367987	2.24364
12000	448	2.67407	3.30373	1.15991
12000	449	2.3276	2.43992	5.80874
12000	450	4.43164	0.488327	2.66113
12000	451	5.67374	3.38364	3.0613
12000	452	5.06776	1.74393	0.542689
12000	453	1.3545	4.05447	3.05032
12000	454	5.63153	0.627537	2.91752
12000	455	3.83368	4.79685	5.49914
12000	456	3.74268	2.26506	0.129618
12000	457	5.12179	0.194673	2.86631
12000	458	6.63196	2.3135	1.82178
12000	459	4.11601	2.77111	5.54795
12000	460	3.24631	3.07995	4.0093
12000	461	2.94681	2.78061	3.44437
12000	462	3.9102	1.37398	4.38361
12000	463	4.316	4.09834	4.34696
12000	464	6.53319	3.85491	2.56344
12000	465	3.18455	2.77859	1.31124
12000	466	5.14587	0.529319	5.30109
12000	467	11.3048	0.870299	0.974375
12000	468	5.19011	3.38989	3.36418
12000	469	4.38841	4.27967	4.91449
12000	470	5.44498	2.74494	3.90207
12000	471	2.93145	2.22696	3.81035
12000	472	4.06713	1.16653	1.09898
12000	473	3.51538	1.65225	3.24192
12000	474	10.4219	0.986435	4.86398
12000	475	3.72909	2.98847	1.271
12000	476	16.1936	2.53517	3.72508
12000	477	7.99499	3.194	5.51539
12000	478	19.309	1.65062	5.91231
12000	479	14.0686	2.45081	2.15124
12000	480	1.43037	2.99633	4.92584
12000	481	2.5385	3.01775	5.95745
12000	482	4.6138	1.65745	3.36561
12000	483	6.07295	1.9366	3.5534
12000	484	4.84854	4.34217	6.09679
12000	485	16.4393	2.20191	0.935121
12000	486	4.58003	3.28713	3.28023
12000	487	1.6947	4.83068	3.14513
12000	488	3.73761	3.17795	2.50023
12000	489	5.38111	2.50055	3.26041
12000	490	3.35814	3.73338	0.388775
12000	491	2.65941	2.84679	0.503413
12000	492	4.94494	2.93533	5.15631
12000	493	4.89639	3.6329	0.489964
12000	494	14.9213	2.36628	0.812191
12000	495	3.09198	4.65894	0.0972008
12000	496	3.84964	4.27132	2.84348
12000	497	3.03999	3.03359	4.44098
12000	498	5.15545	2.8274	4.74709
12000	499	14.7525	4.50739	1.94697
14000	0	4.94818	3.01845	4.24007
14000	1	1.65769	1.8634	1.89766
14000	2	5.28287	4.25934	3.49189
14000	3	4.12912	2.52399	3.88636
14000	4	19.6375	0.898591	1.12275
14000	5	6.99034	4.17951	5.32385
14000	6	1.44308	2.47779	4.94073
14000	7	1.35778	0.142173	3.89047
14000	8	5.03614	2.77128	2.17044
14000	9	4.7798	2.99959	3.54745
14000	10	0.242288	3.92938	0.289129
14000	11	4.44568	2.23176	5.01777
14000	12	2.29452	1.85112	0.31288
14000	13	2.01475	2.51153	1.36096
14000	14	2.91466	4.85877	2.46433
14000	15	15.0329	4.32754	1.23988
14000	16	3.64114	3.43272	0.685152
14000	17	3.11327	4.3465	5.00294
14000	18	4.17135	0.896218	5.40654
14000	19	2.85448	3.75059	6.01049
14000	20	4.71682	3.65915	4.49048
14000	21	6.57123	4.1764	2.1051
14000	22	5.56792	0.49984	2.40573
14000	23	3.46405	1.45515	3.89251
14000	24	7.44429	1.29921	2.58956
14000	25	17.9574	0.355943	4.62202
14000	26	1.93548	0.961744	4.68034
14000	27	7.25743	1.00401	1.57318
14000	28	1.79426	1.24218	1.46255
14000	29	2.19295	2.14403	3.9661
14000	30	5.2718	1.34985	4.04078
14000	31	3.54692	1.63527	0.337134
14000	32	9.29011	1.23525	2.55615
14000	33	2.13736	4.25556	5.01766
14000	34	8.32398	1.7339	4.07979
14000	35	4.98302	3.05427	1.40073
14000	36	3.5201	0.590806	6.02833
14000	37	4.53198	1.95709	0.024472
14000	38	2.6011	3.55043	1.64666
14000	39	4.5777	0.982735	3.17115
14000	40	7.91483	4.37799	0.657343
14000	41	5.55875	0.814631	3.63557
14000	42	1.80276	2.80764	0.166419
14000	43	17.9953	3.60867	2.29116
14000	44	3.81367	3.07283	1.242
14000	45	19.0786	3.16474	3.02907
14000	46	4.87713	1.26633	2.04489
14000	47	5.06073	0.258075	2.16656
14000	48	14.7511	4.98694	1.43313
14000	49	5.95787	2.71315	5.27558
14000	50	14.5155	1.64179	2.91595
14000	51	2.16146	4.60335	4.74382
14000	52	9.13235	2.15728	1.9547
14000	53	6.32437	2.7789	4.96078
14000	54	5.40583	3.69913	0.173657
14000	55	8.23174	3.99862	2.00236
14000	56	1.19587	2.10604	3.99839
14000	57	3.43578	4.71871	5.14785
14000	58	6.00278	1.02523	4.56912
14000	59	4.96923	1.58063	1.28413
14000	60	2.29353	0.237249	1.17217
14000	61	8.94579	3.7777	1.68512
14000	62	15.6327	4.87246	0.957467
14000	63	4.10115	2.40907	5.52101
14000	64	5.45502	3.50108	3.29864
14000	65	4.50113	2.28645	3.44907
14000	66	15.9949	3.26703	1.20077
14000	67	5.86427	3.39694	2.72287
14000	68	5.6836	3.1269	1.33188
14000	69	4.8193	0.684546	0.746184
14000	70	5.21127	4.92182	2.27058
14000	71	2.84367	2.5461	4.92373
14000	72	8.83745	0.81123	0.972238
14000	73	5.14895	3.72876	1.30865
14000	74	2.7883	2.55997	1.66774
14000	75	5.41129	1.20746	4.08634
14000	76	5.93162	3.30435	0.655694
14000	77	5.5759	0.404609	1.81822
14000	78	4.63091	4.39887	3.65938
14000	79	2.50999	4.15704	2.99314
14000	80	4.83256	4.1324	2.28558
14000	81	3.07114	2.39171	4.89533
14000	82	1.67375	3.03746	5.42147
14000	83	0.0011186	3.16889	4.18268
14000	84	2.76647	1.51204	2.26778
14000	85	2.03648	4.30124	1.19154
14000	86	12.307	1.64358	2.45844
14000	87	2.56568	0.301046	0.0446374
14000	88	5.51951	4.44273	2.99084
14000	89	6.70411	0.442813	2.84197
14000	90	3.67576	1.11518	1.65037
14000	91	5.28409	4.92105	3.81398
14000	92	9.36771	0.334302	0.945975
14000	93	4.76874	2.13583	3.03417
14000	94	6.19059	0.794199	4.04108
14000	95	18.517	1.95566	5.5038
14000	96	4.27882	0.772173	3.59187
14000	97	5.49933	2.88401	3.0793
14000	98	3.79179	0.374322	4.37489
14000	99	2.9858	3.702	3.18528
14000	100	3.74355	3.46675	3.76956
14000	101	10.3686	3.88641	5.75269
14000	102	2.9853	0.560423	5.69947
14000	103	3.16707	1.51467	3.59659
14000	104	18.1996	2.93865	4.53164
14000	105	3.61537	2.00737	1.42767
14000	106	1.88419	4.62125	4.89522
14000	107	3.76236	0.960543	0.277807
14000	108	5.26993	4.15156	2.35816
14000	109	3.01527	0.807859	1.16606
14000	110	6.72813	0.080008	0.668713
14000	111	1.25082	3.37466	3.19035
14000	112	2.81352	1.00192	3.94104
14000	113	5.30427	0.668856	2.23802
14000	114	6.01164	2.59103	3.61146
14000	115	1.92039	2.90783	0.40027
14000	116	3.43497	1.61499	1.07277
14000	117	9.44861	2.55839	0.0277374
14000	118	2.63278	1.57223	0.802968
14000	119	6.93919	1.61776	5.37455
14000	120	3.20187	1.86986	3.95508
14000	121	3.21742	2.77323	3.91413
14000	122	6.37118	1.45096	4.98929
14000	123	4.81613	3.15621	0.502437
14000	124	4.9851	2.72341	5.17308
14000	125	14.3154	1.93219	2.04198
14000	126	9.51817	0.739104	0.608732
14000	127	4.47048	4.61403	5.81862
14000	128	5.12887	4.89232	5.53268
14000	129	2.96781	3.15906	5.39671
14000	130	7.21906	3.10222	5.24968
14000	131	7.54258	0.296621	3.6553
14000	132	3.33657	4.86597	3.62195
14000	133	5.52671	3.02366	4.9589
14000	134	3.21531	2.69203	4.41709
14000	135	6.04299	4.24499	1.72296
14000	136	5.16357	3.38318	3.85445
14000	137	2.90884	2.45816	3.06349
14000	138	4.44373	1.53924	2.67626
14000	139	3.90428	1.69256	0.222327
14000	140	4.10475	2.12437	1.90366
14000	141	2.88233	0.0799489	5.45661
14000	142	2.95329	1.33214	4.02926
14000	143	8.36218	2.95234	2.42065
14000	144	0.614348	0.784024	1.05297
14000	145	5.7795	0.125612	3.37441
14000	146	6.00828	3.34327	4.35049
14000	147	2.3581	3.12345	5.87488
14000	148	4.72662	4.30163	2.28778
14000	149	3.6452	2.00367	3.46001
14000	150	13.6701	2.97231	0.673541
14000	151	5.31586	3.26868	0.836691
14000	152	3.42301	2.40932	0.582143
14000	153	15.8539	0.239962	0.776713
14000	154	7.54386	0.221897	1.53318
14000	155	3.94545	1.13427	6.03764
14000	156	5.27456	1.87582	3.69214
14000	157	4.78379	3.89773	0.496938
14000	158	5.16146	3.32705	5.6478
14000	159	5.15408	1.6883	4.23909
14000	160	14.9526	4.25871	5.67246
14000	161	3.87135	4.96719	3.10236
14000	162	1.95484	0.201014	1.51973
14000	163	3.98981	4.65311	5.41663
14000	164	6.5688	0.805637	5.87716
14000	165	5.00345	2.25147	3.51015
14000	166	3.37861	0.421958	3.17373
14000	167	5.76396	0.937802	3.94254
14000	168	3.26271	4.42461	0.46396
14000	169	5.77515	1.40898	6.22895
14000	170	6.67583	2.89585	3.292
14000	171	2.06004	2.35461	0.474911
14000	172	17.5288	1.53938	4.1067
14000	173	3.70232	3.21328	4.06283
14000	174	6.22415	4.02201	6.24097
14000	175	3.774	2.30915	6.26207
14000	176	3.12125	2.1329	5.26301
14000	177	3.11523	0.734566	4.17935
14000	178	3.75542	2.55828	0.739916
14000	179	4.61801	2.13324	1.90712
14000	180	14.2402	2.24064	2.53302
14000	181	4.41697	3.03041	5.19371
14000	182	4.23062	0.408097	1.61068
14000	183	3.05842	2.16512	1.02424
14000	184	4.59918	0.147624	2.71737
14000	185	1.99276	3.62251	5.11072
14000	186	4.11449	0.224821	5.5631
14000	187	3.83121	2.96846	2.4326
14000	188	3.90749	3.998	0.136702
14000	189	2.87995	3.50839	3.22226
14000	190	6.90352	3.3742	1.95123
14000	191	3.34308	1.10446	6.2016
14000	192	3.97897	1.59721	3.77687
14000	193	13.8116	1.16462	2.76287
14000	194	2.293	2.71624	1.78098
14000	195	5.63911	4.31904	3.16476
14000	196	3.32125	1.23695	2.66027
14000	197	15.2755	2.64468	0.846685
14000	198	3.09281	0.481995	2.8922
14000	199	4.84746	4.22321	5.73962
14000	200	2.41455	3.00972	3.00508
14000	201	5.1821	2.34726	2.1464
14000	202	4.60499	2.55887	4.56942
14000	203	3.82783	2.0676	0.119261
14000	204	4.60714	0.613239	0.598492
14000	205	4.23997	2.90075	1.31608
14000	206	4.0612	1.23736	2.1348
14000	207	3.17379	1.39941	3.08102
14000	208	9.16831	0.0459297	0.428915
14000	209	8.62518	4.36713	2.58609
14000	210	4.78799	1.22003	1.67435
14000	211	12.18	1.51599	0.628224
14000	212	7.13807	1.83572	4.00694
14000	213	5.58482	0.48607	4.88656
14000	214	5.76672	2.94594	2.01716
14000	215	5.07512	0.413977	4.22028
14000	216	5.06237	4.19357	3.36375
14000	217	3.38359	3.87178	5.06115
14000	218	7.02351	3.66617	5.00716
14000	219	2.67905	0.726823	5.38922
14000	220	2.01791	0.476653	2.61705
14000	221	2.76332	4.46652	0.764761
14000	222	3.31461	3.41245	5.34224
14000	223	15.329	4.51434	0.229788
14000	224	6.11598	1.69977	0.0315271
14000	225	6.6224	4.87169	2.27429
14000	226	2.38556	0.919532	1.00125
14000	227	15.8424	3.06155	0.519346
14000	228	5.28327	1.72073	3.01419
14000	229	2.95233	0.207176	4.6064
14000	230	2.77474	1.49137	3.31685
14000	231	2.98895	0.00796314	5.98821
14000	232	4.6131	2.62576	1.66084
14000	233	3.93378	0.568782	0.0622903
14000	234	3.95967	3.08042	6.19791
14000	235	2.52044	0.0652783	0.857043
14000	236	18.5731	0.706006	5.02601
14000	237	5.28989	0.749457	1.0106
14000	238	3.49023	0.50265	0.505212
14000	239	5.27013	0.320102	2.7519
14000	240	2.64672	4.27952	4.90682
14000	241	1.88482	2.00904	0.118591
14000	242	4.05897	0.0599924	3.25675
14000	243	3.75433	3.89723	6.26526
14000	244	11.3419	0.271931	3.14922
14000	245	2.30915	2.37477	6.27577
14000	246	2.10752	0.12946	0.434835
14000	247	4.07808	4.12637	0.291056
14000	248	2.48702	2.19821	2.51349
14000	249	4.9263	1.48735	4.96123
14000	250	2.67984	1.68272	1.98346
14000	251	3.63576	1.41846	3.4898
14000	252	4.50173	0.953923	1.88612
14000	253	1.56386	4.02841	4.75719
14000	254	5.68949	2.0671	3.40913
14000	255	10.9823	2.42453	3.47625
14000	256	5.35356	1.07049	0.885108
14000	257	4.96833	0.43673	1.98272
14000	258	3.56689	3.93024	1.69011
14000	259	5.46277	2.10858	2.68297
14000	260	5.02928	4.7421	2.46587
14000	261	2.46806	2.41058	5.51583
14000	262	2.17798	1.10364	1.03513
14000	263	2.86887	4.01556	4.65954
14000	264	4.51521	2.24867	0.38409
14000	265	5.64139	1.31185	1.93122
14000	266	4.61103	0.422537	3.91299
14000	267	4.71924	1.84955	0.0421418
14000	268	2.44457	4.03683	5.55338
14000	269	1.18591	4.99088	2.5861
14000	270	4.13668	3.64672	4.06006
14000	271	6.48418	3.62047	1.8055
14000	272	5.37083	1.21795	2.47199
14000	273	4.16051	1.89673	2.04091
14000	274	1.48174	2.73057	4.72079
14000	275	3.63946	2.77626	4.95525
14000	276	11.9281	2.53303	4.6804
14000	277	2.71444	1.27775	0.216445
14000	278	2.70531	4.67055	2.40781
14000	279	4.68504	3.43143	0.252099
14000	280	3.9692	2.21006	1.69275
14000	281	3.21443	2.31409	1.72502
14000	282	2.65509	4.85377	3.46162
14000	283	2.53989	0.00227984	2.87938
14000	284	8.14622	3.05229	5.34378
14000	285	6.55597	4.66119	1.54068
14000	286	2.42115	1.18661	0.412797
14000	287	14.2276	1.52535	3.26103
14000	288	3.70508	4.66049	2.95093
14000	289	3.25509	4.62718	2.80946
14000	290	7.94978	2.30749	3.22242
14000	291	4.1525	3.29019	1.45358
14000	292	2.43969	0.444904	5.98175
14000	293	4.69377	0.457844	2.31697
14000	294	2.36295	0.395133	1.13701
14000	295	6.21572	2.22945	2.97836
14000	296	1.41106	1.27167	5.28106
14000	297	5.7664	2.53334	1.96554
14000	298	4.64072	1.6163	3.22286
14000	299	2.30168	1.41381	3.83204
14000	300	4.99429	0.640677	0.865902
14000	301	5.52765	2.27644	4.31353
14000	302	5.32053	1.64019	1.34021
14000	303	14.5129	1.46655	4.77815
14000	304	12.9058	3.04431	0.692218
14000	305	7.76291	0.0859698	5.7816
14000	306	6.18409	2.86962	3.5247
14000	307	2.24743	1.71346	3.99894
14000	308	4.03227	4.5665	3.28853
14000	309	5.09995	2.67815	3.11097
14000	310	5.58221	4.98738	2.23422
14000	311	6.48295	2.00178	1.6225
14000	312	2.77343	2.37027	0.316058
14000	313	12.9211	1.68651	5.10892
14000	314	6.14436	1.80584	5.89033
14000	315	2.9484	3.06258	3.44896
14000	316	7.39844	2.42155	1.42563
14000	317	4.7851	2.8634	1.58558
14000	318	3.62142	2.73713	2.28152
14000	319	2.54492	1.70723	1.65808
14000	320	4.34834	2.23431	0.0947646
14000	321	5.73083	0.988991	4.28484
14000	322	6.42877	0.0895076	0.401258
14000	323	4.09856	4.2539	3.77689
14000	324	9.1883	4.23996	3.5244
14000	325	4.96027	1.82283	4.82621
14000	326	10.6091	0.583812	4.95282
14000	327	5.31066	2.08067	4.2433
14000	328	2.07121	1.65557	4.68565
14000	329	3.01315	4.70822	3.94784
14000	330	2.61455	0.531404	0.724038
14000	331	17.1219	4.59438	1.41203
14000	332	10.4081	0.140976	3.5603
14000	333	5.85058	0.519971	3.9165
14000	334	4.1925	3.8286	4.55498
14000	335	3.93012	1.47005	1.89607
14000	336	3.38331	4.32553	2.60315
14000	337	2.80827	3.30625	3.83123
14000	338	2.50309	0.551708	5.78344
14000	339	3.91983	2.53188	0.965128
14000	340	3.32905	3.55608	2.60245
14000	341	6.33114	1.95548	1.22943
14000	342	3.33581	4.30181	4.25975
14000	343	4.794	0.106142	0.0850937
14000	344	3.65634	4.11549	2.99981
14000	345	4.51354	3.53365	6.03757
14000	346	3.43607	2.07237	5.09802
14000	347	3.21508	1.95231	6.23153
14000	348	1.56604	0.69911	3.38016
14000	349	16.9237	1.87898	3.856
14000	350	5.78861	3.38767	1.02168
14000	351	4.70775	3.55625	3.60637
14000	352	5.00778	4.69098	4.08509
14000	353	4.1037	0.939598	0.521647
14000	354	2.67188	2.7871	1.80907
14000	355	3.01233	1.32874	2.67832
14000	356	3.25133	0.00273561	4.75738
14000	357	4.13415	1.01999	1.60217
14000	358	6.76982	1.11399	3.24355
14000	359	5.45747	1.09028	1.28077
14000	360	4.0049	3.63298	2.5445
14000	361	4.53776	4.81004	5.3627
14000	362	2.35763	3.6935	6.19975
14000	363	2.12175	3.77239	0.239617
14000	364	13.0944	2.80667	3.29412
14000	365	2.47095	2.59476	4.2725
14000	366	4.90392	3.7703	1.59299
14000	367	2.13623	3.66433	4.25486
14000	368	5.83743	0.278897	2.78326
14000	369	2.44236	3.06085	0.62432
14000	370	3.09959	4.11868	5.80325
14000	371	19.7704	3.28177	6.11129
14000	372	2.37257	3.73882	0.827286
14000	373	4.42892	1.38056	4.00097
14000	374	3.19125	3.20033	0.0261504
14000	375	3.76553	0.0943805	2.00805
14000	376	17.0378	1.69121	4.5546
14000	377	4.42985	0.595201	1.55659
14000	378	2.99391	0.929037	1.06338
14000	379	3.50885	3.88161	0.339728
14000	380	7.28991	2.55216	6.25996
14000	381	2.84622	3.14554	1.68326
14000	382	5.93193	4.8394	2.41709
14000	383	2.84466	2.13095	0.938302
14000	384	4.56417	3.33492	4.98171
14000	385	5.83213	4.2744	3.31665
14000	386	3.13312	3.39271	3.16302
14000	387	4.93839	1.94895	4.19353
14000	388	3.6903	3.61845	1.45967
14000	389	6.22487	2.81067	1.76304
14000	390	5.65821	1.79772	3.18947
14000	391	3.07027	0.423047	0.994786
14000	392	2.52397	1.03171	5.36002
14000	393	3.72067	0.454516	2.33575
14000	394	4.74056	4.4314	5.62293
14000	395	5.42768	2.77721	1.83161
14000	396	4.40029	2.11502	3.28366
14000	397	3.61977	0.877721	3.18023
14000	398	6.59459	2.95433	1.94483
14000	399	6.76985	0.216433	5.836
14000	400	1.84844	0.447278	0.292509
14000	401	4.21536	4.38178	5.80546
14000	402	4.92783	0.76183	5.74777
14000	403	2.32426	3.27384	4.41142
14000	404	4.35602	0.921734	4.57738
14000	405	0.356459	3.13032	3.1472
14000	406	2.53026	3.81413	6.01955
14000	407	6.41457	3.14154	2.30493
14000	408	4.80111	4.00096	5.78479
14000	409	6.10527	0.349457	5.99335
14000	410	8.43885	3.92521	1.41991
14000	411	12.1839	2.86998	3.45681
14000	412	3.54724	0.508967	2.09678
14000	413	2.88616	2.82346	4.26651
14000	414	7.45068	2.12744	3.71209
14000	415	9.91795	2.78513	6.27985
14000	416	5.37682	3.15969	1.08951
14000	417	4.09312	1.34317	5.18085
14000	418	7.14772	2.36224	5.94114
14000	419	1.47903	0.7914	4.51602
14000	420	6.85705	0.0498791	3.60396
14000	421	1.79416	2.57214	1.4456
14000	422	4.08786	1.16172	3.31095
14000	423	6.18894	0.949267	0.882611
14000	424	3.81669	1.76938	4.79315
14000	425	4.29166	3.23472	5.80632
14000	426	4.90789	1.64407	2.84348
14000	427	2.20775	1.42267	5.2274
14000	428	4.23931	1.2982	3.58829
14000	429	6.06757	1.09708	3.16231
14000	430	2.54268	2.90261	5.10394
14000	431	2.65043	3.86333	0.791898
14000	432	4.84369	2.22061	6.08733
14000	433	5.46267	3.51531	4.18704
14000	434	2.62191	4.04793	6.06297
14000	435	6.15139	2.27656	5.17702
14000	436	2.39002	2.0673	2.11213
14000	437	5.02211	1.34698	5.69683
14000	438	2.33565	1.96876	1.14785
14000	439	4.39781	4.15129	3.15607
14000	440	7.65918	4.46237	0.524405
14000	441	2.09223	4.44222	4.02618
14000	442	14.9872	3.23005	1.94632
14000	443	18.5672	1.06138	4.1968
14000	444	6.4471	1.94288	1.83649
14000	445	17.5354	0.624483	0.830674
14000	446	9.12334	2.41031	4.25728
14000	447	4.50869	2.69308	1.04149
14000	448	6.85068	4.26115	0.477818
14000	449	3.56372	4.58939	0.553997
14000	450	2.26483	1.08895	2.83319
14000	451	9.19343	1.52356	5.10833
14000	452	1.81793	3.30421	5.9227
14000	453	3.32692	0.333467	1.73272
14000	454	18.9768	0.593118	0.0901253
14000	455	2.97819	1.86277	2.839
14000	456	4.24107	4.22511	0.0238147
14000	457	2.48288	4.8624	2.29495
14000	458	19.6226	4.26091	1.03248
14000	459	17.6691	4.48726	3.89933
14000	460	7.30077	3.56564	1.3693
14000	461	1.86487	2.85411	4.85581
14000	462	5.31622	1.29562	0.435262
14000	463	2.11791	4.41833	3.3448
14000	464	4.67199	4.7375	4.69297
14000	465	4.23748	0.612744	0.899445
14000	466	4.62927	4.53182	0.545386
14000	467	5.24647	4.55266	2.12668
14000	468	3.41528	0.0334133	2.43546
14000	469	4.2727	3.95985	2.87511
14000	470	2.69872	1.20873	0.585234
14000	471	15.5793	0.28622	1.62999
14000	472	14.0346	2.65773	2.13448
14000	473	10.0539	1.2892	4.25359
14000	474	15.0491	1.0056	6.09988
14000	475	4.17673	2.66826	6.13356
14000	476	3.65953	0.990975	0.736416
14000	477	2.67787	0.856324	4.22577
14000	478	1.91111	3.84154	5.07319
14000	479	13.1169	1.25473	5.02076
14000	480	3.18685	0.754787	3.3779
14000	481	11.2194	4.21443	4.69682
14000	482	4.40883	2.88682	3.37728
14000	483	3.01661	3.86335	3.22863
14000	484	4.07904	2.0147	4.97179
14000	485	11.2379	1.13951	2.30902
14000	486	5.34243	3.83405	3.50848
14000	487	13.7697	3.7746	5.17297
14000	488	4.20202	1.28956	4.46243
14000	489	3.4451	2.32459	4.44462
14000	490	5.00478	1.03418	4.78224
14000	491	9.71665	2.18236	1.40178
14000	492	2.15049	2.17685	5.76687
14000	493	3.92621	3.1482	3.23521
14000	494	16.4582	1.48085	3.87123
14000	495	3.4555	3.15125	1.00433
14000	496	3.93087	4.29154	2.63174
14000	497	3.36422	3.98505	4.51516
14000	498	0.367787	0.372141	1.61587
14000	499	0.723192	3.12161	1.50318
16000	0	4.6165	0.0287488	2.76774
16000	1	4.74803	4.55134	1.31972
16000	2	5.41585	1.46498	1.94949
16000	3	3.81151	1.29484	3.28353
16000	4	4.66317	1.30415	3.60219
16000	5	3.70606	2.64322	4.30862
16000	6	12.5906	0.91957	5.68694
16000	7	3.59566	2.40627	4.87295
16000	8	8.02495	1.01857	1.82352
16000	9	3.98247	0.306738	1.98484
16000	10	3.04461	4.77082	2.09137
16000	11	3.80576	3.10354	2.99094
16000	12	3.74415	0.705805	3.8064
16000	13	4.96561	0.922462	5.06846
16000	14	3.52075	4.88666	0.495092
16000	15	18.5331	3.1907	2.00232
16000	16	5.43073	4.77292	2.01525
16000	17	2.80276	1.40646	4.27264
16000	18	3.71235	2.8605	5.06533
16000	19	2.32028	2.78073	5.15542
16000	20	2.56615	3.55374	5.29138
16000	21	19.343	2.78216	4.15498
16000	22	6.23645	2.30998	4.58531
16000	23	9.84319	1.41404	2.7779
16000	24	2.99084	3.97827	4.87805
16000	25	5.5403	4.7328	3.48804
16000	26	2.45994	0.250028	2.00425
16000	27	3.68405	4.92386	5.63811
16000	28	3.19475	4.13975	4.62054
16000	29	2.80441	2.85574	4.77527
16000	30	2.58994	2.76528	5.31088
16000	31	2.93973	3.12935	1.90025
16000	32	3.47913	2.59017	1.43504
16000	33	6.32065	0.993326	3.37769
16000	34	3.41739	1.09712	2.82459
16000	35	5.25309	0.272335	0.098457
16000	36	2.77349	4.96236	4.04079
16000	37	16.7509	0.747086	3.00538
16000	38	3.06938	1.90291	0.713183
16000	39	19.0243	2.79897	1.09331
16000	40	3.60808	4.7543	4.42061
16000	41	1.16444	4.51333	4.68047
16000	42	7.8434	4.16884	2.04185
16000	43	5.52941	3.17316	5.13434
16000	44	5.26071	1.84586	3.75458
16000	45	6.45638	3.98435	1.46938
16000	46	6.11387	3.67492	1.72201
16000	47	17.325	0.755197	4.12694
16000	48	15.8082	0.634416	5.81835
16000	49	7.68587	0.968033	5.19675
16000	50	6.53043	1.24443	1.84156
16000	51	2.33002	2.44911	0.845105
16000	52	4.21368	0.467083	3.81564
16000	53	4.64379	2.63434	1.73911
16000	54	0.430884	2.05785	4.16059
16000	55	5.37662	2.99656	1.86147
16000	56	4.72693	2.8371	0.866066
16000	57	6.46703	4.39942	3.18952
16000	58	19.5029	3.01011	3.07867
16000	59	8.83047	4.93215	1.58619
16000	60	15.8068	2.93422	1.77681
16000	61	5.39929	2.6534	2.4199
16000	62	4.70374	4.86402	1.15102
16000	63	4.46845	4.39752	3.67585
16000	64	6.02389	2.14838	4.15325
16000	65	4.2766	4.98651	2.29489
16000	66	5.03862	3.17035	5.35115
16000	67	4.98734	2.52002	3.57173
16000	68	16.7085	1.50693	4.13445
16000	69	2.44727	3.8467	0.590248
16000	70	4.30649	3.39487	6.17752
16000	71	5.6414	4.21116	0.249355
16000	72	5.06995	3.73027	4.30898
16000	73	6.23494	4.00216	3.11934
16000	74	14.7336	1.57886	1.46684
16000	75	4.29456	1.44511	1.89073
16000	76	2.49349	1.42075	5.81539
16000	77	5.04152	0.912978	4.03448
16000	78	5.06065	2.9719	5.9881
16000	79	4.99674	4.54731	4.05693
16000	80	4.84736	3.97391	5.57264
16000	81	2.67622	3.50761	5.92581
16000	82	7.45283	3.47619	0.706297
16000	83	4.0801	0.641929	0.843861
16000	84	2.58662	2.33516	1.86921
16000	85	3.60738	1.63172	2.02769
16000	86	4.75585	3.47121	0.818684
16000	87	3.05963	4.3952	2.85951
16000	88	12.8797	2.39126	4.53885
16000	89	3.53743	2.3379	0.218049
16000	90	4.83896	2.07493	0.226211
16000	91	2.37154	0.271995	4.24943
16000	92	4.19903	1.18394	4.38673
16000	93	4.3168	1.18969	0.830002
16000	94	5.29	4.21128	1.21518
16000	95	1.91029	4.48778	1.40247
16000	96	2.91558	3.20532	1.14079
16000	97	2.07445	0.130326	5.98116
16000	98	3.42934	4.1668	2.95185
16000	99	2.89839	2.35829	5.49573
16000	100	3.80794	3.89561	2.12813
16000	101	2.49759	1.52233	2.88902
16000	102	6.60648	2.70497	4.56023
16000	103	4.35782	4.51002	1.08798
16000	104	3.69026	1.54133	4.72864
16000	105	1.26075	1.51226	3.17567
16000	106	4.18643	0.843761	0.469593
16000	107	13.3992	3.07484	3.81419
16000	108	5.30802	3.75242	3.98317
16000	109	18.4033	4.73872	4.60207
16000	110	1.46256	1.07282	1.459
16000	111	7.61871	1.64573	4.54283
16000	112	14.5077	4.25897	1.09809
16000	113	3.80921	2.87515	1.89478
16000	114	1.29656	2.56713	0.227222
16000	115	3.05599	2.35046	1.95529
16000	116	6.25292	2.3675	3.93219
16000	117	15.4506	2.18365	0.403106
16000	118	2.20681	1.09717	0.64766
16000	119	3.60954	0.420746	3.76389
16000	120	9.06093	2.41418	0.247404
16000	121	6.81212	0.607611	1.86288
16000	122	6.873	0.501803	3.28518
16000	123	7.36999	4.65634	4.44875
16000	124	17.9088	1.20791	4.30877
16000	125	3.41345	2.19081	5.68066
16000	126	7.41692	3.43255	1.5035
16000	127	5.22598	2.97198	1.01297
16000	128	2.93443	0.446367	4.62114
16000	129	4.52673	2.77951	6.07266
16000	130	7.37636	2.69524	2.00684
16000	131	5.40067	4.38065	3.92917
16000	132	11.0629	3.3943	3.19669
16000	133	5.82514	4.0773	2.3614
16000	134	4.25737	0.0760171	0.992707
16000	135	2.38909	3.34471	3.3763
16000	136	6.72987	0.796562	6.21534
16000	137	3.85496	3.57084	6.2153
16000	138	4.4256	4.28449	2.01489
16000	139	2.79366	2.30599	1.80133
16000	140	5.4709	1.72564	2.89677
16000	141	6.05461	0.578301	1.2884
16000	142	4.64044	1.30146	1.57306
16000	143	2.1335	0.254705	4.03639
16000	144	2.79007	1.73529	0.79836
16000	145	4.13202	4.50338	5.62537
16000	146	3.97952	3.41954	0.153948
16000	147	2.03657	4.95195	5.92473
16000	148	2.64312	2.57626	5.35108
16000	149	3.37254	3.05208	5.93061
16000	150	4.34741	4.60808	4.4981
16000	151	6.91391	3.26374	5.39211
16000	152	3.70178	2.90502	4.69186
16000	153	1.82863	3.06007	4.81742
16000	154	2.39059	4.07138	4.26213
16000	155	2.77086	4.16956	0.495633
16000	156	6.65616	0.282885	1.65797
16000	157	4.58539	0.964474	1.28162
16000	158	2.28096	2.42665	4.97216
16000	159	3.87513	0.741596	4.62268
16000	160	5.17818	2.42144	2.07352
16000	161	2.55114	3.27832	5.82612
16000	162	3.38675	4.58343	2.18879
16000	163	5.14276	1.99112	1.68537
16000	164	1.39564	4.4971	0.244013
16000	165	4.38524	0.917089	3.77615
16000	166	4.83067	0.0605987	6.19769
16000	167	1.15972	3.66019	1.26502
16000	168	1.00883	2.58436	5.68505
16000	169	4.57807	4.21929	3.62067
16000	170	5.53702	0.452628	0.902249
16000	171	4.34607	2.5155	6.1437
16000	172	2.24125	0.742668	5.76964
16000	173	6.46435	1.52304	0.884554
16000	174	3.62357	2.81669	1.68709
16000	175	6.02997	1.43311	1.83776
16000	176	5.53021	2.70274	2.91212
16000	177	6.84828	1.18108	6.19757
16000	178	4.51254	4.90323	4.94869
16000	179	2.87308	4.4145	4.66291
16000	180	5.84576	3.84512	1.38175
16000	181	3.06713	1.09055	3.29063
16000	182	4.04012	1.78658	0.447215
16000	183	5.98771	2.50399	0.679618
16000	184	4.78476	0.777155	6.26404
16000	185	4.75337	3.5125	4.56581
16000	186	4.39379	3.16821	1.76823
16000	187	6.12734	0.80799	0.55852
16000	188	7.71414	2.99035	2.63366
16000	189	4.44864	2.01349	1.57465
16000	190	7.16727	2.59671	5.14557
16000	191	5.64957	3.58092	2.56582
16000	192	5.01029	1.54568	4.09373
16000	193	4.59722	1.86932	2.55178
16000	194	5.18634	1.07692	1.97963
16000	195	18.3236	3.86734	3.61474
16000	196	12.028	2.76196	1.74943
16000	197	1.71721	4.2375	1.46793
16000	198	4.21996	4.41854	4.28753
16000	199	3.2024	0.817655	3.03987
16000	200	3.54974	4.15331	2.75682
16000	201	2.03734	1.3715	0.828823
16000	202	1.79248	0.989463	5.12032
16000	203	6.3535	0.397995	1.75332
16000	204	18.4932	3.41105	5.32747
16000	205	5.92028	1.95949	5.39884
16000	206	5.70156	1.8018	2.91025
16000	207	7.94446	0.527777	6.01476
16000	208	11.5458	1.85899	3.46477
16000	209	2.51863	0.743149	0.388633
16000	210	4.55624	0.740513	0.992135
16000	211	2.3613	1.70895	4.97393
16000	212	2.50975	2.24354	0.347965
16000	213	3.69876	3.84191	1.92636
16000	214	3.95587	0.0787623	3.47366
16000	215	3.95125	0.286842	5.48749
16000	216	7.10745	0.891349	3.78508
16000	217	8.70934	0.749134	5.59459
16000	218	4.1288	4.1543	5.6844
16000	219	2.87158	3.68843	5.36315
16000	220	3.67604	3.17595	3.95612
16000	221	6.20829	3.00871	2.86314
16000	222	5.47438	2.30383	6.23114
16000	223	15.4814	3.83018	4.70172
16000	224	15.4946	4.80295	3.39269
16000	225	5.81643	4.44338	5.0893
16000	226	2.05303	4.45719	0.879269
16000	227	0.559365	2.07531	0.450364
16000	228	6.22054	2.79941	1.73526
16000	229	5.48894	0.245882	5.1714
16000	230	3.91758	4.22741	4.99096
16000	231	17.8776	2.65406	6.18328
16000	232	13.1586	1.61192	1.7493
16000	233	3.87952	1.83202	0.228895
16000	234	4.83596	1.77081	4.07804
16000	235	5.84246	2.58697	5.54645
16000	236	2.05236	3.3319	4.8673
16000	237	3.55892	2.19937	4.49354
16000	238	8.53136	3.87478	0.167348
16000	239	2.35848	1.66123	6.09577
16000	240	13.8101	0.970317	0.0133195
16000	241	7.28039	1.49258	6.13388
16000	242	2.26153	3.61435	6.23405
16000	243	7.50357	4.02589	1.63454
16000	244	6.6175	3.35759	0.371585
16000	245	7.68732	4.14613	3.72674
16000	246	1.96197	3.88896	4.98471
16000	247	12.8623	4.03177	3.14184
16000	248	3.48346	0.20741	5.7197
16000	249	5.15069	3.33037	3.86215
16000	250	4.43692	1.52192	5.71889
16000	251	3.41088	0.0257134	5.90481
16000	252	8.80119	3.09874	0.264934
16000	253	17.2201	2.48191	1.81604
16000	254	4.87033	4.86225	2.3475
16000	255	5.78654	4.40199	4.90059
16000	256	3.16397	1.58992	2.33093
16000	257	3.37867	0.840521	2.11468
16000	258	3.37071	2.78443	1.59123
16000	259	3.00691	2.9703	3.43829
16000	260	7.86872	2.6847	1.69496
16000	261	4.48376	2.37028	4.59264
16000	262	4.74094	3.86567	0.429095
16000	263	4.06	2.4272	2.84714
16000	264	5.00087	0.129731	3.85789
16000	265	14.4537	2.81986	2.97108
16000	266	3.05357	0.40114	0.80931
16000	267	9.05889	2.97115	5.91918
16000	268	6.35434	2.58472	3.01974
16000	269	19.1491	0.678232	1.07029
16000	270	5.01916	3.08318	4.75545
16000	271	1.92245	2.27865	4.86589
16000	272	2.42118	2.27908	0.820969
16000	273	3.17038	2.08555	1.18102
16000	274	5.37214	4.04114	5.45517
16000	275	4.07361	4.18212	4.03837
16000	276	4.175	3.90934	2.59692
16000	277	6.05721	4.14749	1.94723
16000	278	6.69928	2.70957	4.41367
16000	279	3.56914	3.47316	1.64066
16000	280	5.45994	0.875755	3.53336
16000	281	2.07724	3.38579	2.62012
16000	282	16.836	3.14543	5.59012
16000	283	6.73762	4.06235	0.265815
16000	284	13.9601	0.542284	0.536094
16000	285	4.89919	3.55444	0.169542
16000	286	2.38533	2.10854	5.99236
16000	287	3.91986	1.19771	5.54439
16000	288	1.26696	2.10324	6.16959
16000	289	2.18898	4.30285	4.84179
16000	290	4.31437	3.97389	6.20818
16000	291	4.58752	3.11925	5.93733
16000	292	2.47376	4.5899	2.98068
16000	293	6.12407	2.41892	2.33585
16000	294	4.02075	2.95073	3.98072
16000	295	2.86966	4.80201	2.91802
16000	296	11.0267	2.16027	2.06897
16000	297	11.6906	0.385074	0.904089
16000	298	19.9514	4.38604	1.51133
16000	299	5.92661	0.932141	5.44623
16000	300	3.08374	2.02051	5.95074
16000	301	6.03586	1.14447	1.33261
16000	302	2.42202	4.21411	1.20139
16000	303	3.37347	3.60142	3.80148
16000	304	6.17828	4.88064	5.36635
16000	305	7.17711	2.32706	1.66996
16000	306	1.99836	2.78821	6.25859
16000	307	2.54852	2.42838	5.27483
16000	308	3.16936	3.64957	2.75632
16000	309	5.5793	2.39072	1.94691
16000	310	5.76656	0.464403	3.13791
16000	311	2.26719	0.0790811	6.03377
16000	312	5.70301	0.241137	3.66958
16000	313	6.18825	2.00716	1.87743
16000	314	2.68826	2.76189	2.96171
16000	315	11.9395	1.91509	4.61188
16000	316	2.87967	0.65686	0.575272
16000	317	2.59492	0.757255	5.72831
16000	318	3.92704	4.06558	0.394549
16000	319	4.74585	2.03242	1.02416
16000	320	5.25367	4.5496	3.24118
16000	321	2.30025	3.266	5.92134
16000	322	5.97441	4.36364	0.295209
16000	323	11.3433	2.95571	4.91323
16000	324	5.24952	1.62613	2.32593
16000	325	4.23657	3.33857	6.25504
16000	326	5.01165	0.244619	4.46453
16000	327	2.25335	1.58174	5.33325
16000	328	5.62708	3.66166	1.1104
16000	329	2.15932	3.62734	5.20496
16000	330	5.74338	4.68155	3.26129
16000	331	1.96833	0.490647	5.87276
16000	332	4.22197	0.601277	2.63765
16000	333	2.30784	0.564697	2.03556
16000	334	11.3252	4.87365	1.22871
16000	335	2.42852	4.6767	1.06971
16000	336	3.15808	2.4925	2.71281
16000	337	2.53146	1.17141	0.495617
16000	338	3.70657	2.34238	2.4803
16000	339	8.43829	4.33162	0.599339
16000	340	6.29891	4.18871	4.85658
16000	341	3.82594	2.1417	3.62287
16000	342	7.14822	4.92757	1.02131
16000	343	4.60623	3.32435	0.451168
16000	344	3.72254	1.80443	4.07578
16000	345	3.19737	1.66416	3.16776
16000	346	0.847843	2.39541	3.10921
16000	347	2.96145	1.76367	2.12036
16000	348	5.07986	0.527542	0.0261502
16000	349	5.24045	2.65882	3.02783
16000	350	5.40115	0.704194	5.02263
16000	351	13.2123	0.528235	4.62336
16000	352	10.8117	2.58397	3.16781
16000	353	2.98266	2.85256	2.35071
16000	354	2.42604	1.33731	2.78446
16000	355	5.43433	1.12857	0.98117
16000	356	16.5093	2.98118	4.3257
16000	357	6.94359	3.74448	5.77723
16000	358	7.34911	0.0201037	1.64675
16000	359	7.05325	3.07049	4.38068
16000	360	4.78516	2.34353	0.860885
16000	361	3.46221	3.88181	5.21749
16000	362	5.71909	2.81686	2.29954
16000	363	5.25162	3.64247	4.20884
16000	364	12.3251	2.34018	5.96889
16000	365	4.83374	0.0352814	3.12693
16000	366	3.414	1.27602	4.08449
16000	367	4.41887	2.35555	0.365245
16000	368	16.1945	2.75965	2.54314
16000	369	2.46138	1.84782	6.10561
16000	370	3.46109	1.46767	0.387175
16000	371	5.41666	4.13933	2.41067
16000	372	3.28726	0.610599	4.44571
16000	373	4.1769	3.97115	5.31316
16000	374	3.36872	2.01768	6.2336
16000	375	3.12428	0.329472	5.61607
16000	376	3.11975	3.89407	0.701853
16000	377	3.80845	0.256833	5.94506
16000	378	2.77092	2.39622	6.14227
16000	379	4.44093	3.84738	3.85454
16000	380	2.20282	0.104326	1.06308
16000	381	2.28875	1.18352	0.463954
16000	382	1.32416	1.16621	5.91562
16000	383	6.43344	1.78743	1.70449
16000	384	2.76141	3.34057	3.30989
16000	385	3.93597	4.79601	0.186393
16000	386	5.4722	3.48703	2.92671
16000	387	5.063	0.77093	1.61607
16000	388	12.3637	3.0409	4.3537
16000	389	4.2822	3.49236	2.74443
16000	390	6.93691	4.77198	3.56262
16000	391	4.98129	1.44172	2.25655
16000	392	10.7841	4.49877	5.48026
16000	393	2.9039	0.40424	5.53194
16000	394	2.76383	0.798242	2.79723
16000	395	4.59581	3.93563	3.14345
16000	396	5.10732	1.74185	2.58498
16000	397	16.138	3.11897	1.31485
16000	398	14.6301	0.0685635	3.28993
16000	399	3.97947	1.54056	1.19695
16000	400	8.08064	2.55443	0.137188
16000	401	4.20195	2.52819	4.03828
16000	402	6.42908	1.01209	1.66788
16000	403	2.76815	3.80639	5.06385
16000	404	1.59013	0.697418	1.49039
16000	405	3.15586	0.381716	4.2253
16000	406	4.8653	0.993503	5.23502
16000	407	15.7665	4.35201	2.33945
16000	408	5.68368	1.80623	2.17514
16000	409	2.25426	3.37563	0.890696
16000	410	6.6739	0.171247	0.284869
16000	411	1.6909	3.66297	1.48616
16000	412	17.4239	0.37259	4.45903
16000	413	2.36527	0.851099	4.33249
16000	414	4.11927	1.8161	2.30939
16000	415	7.29806	0.680918	3.16523
16000	416	5.69484	1.16672	0.348311
16000	417	6.04199	4.61913	1.3516
16000	418	2.95794	1.22399	1.37267
16000	419	5.24036	1.37072	3.01668
16000	420	9.29218	3.549	0.470727
16000	421	5.02607	0.527588	2.38471
16000	422	2.00781	0.815679	5.987
16000	423	5.06536	4.77403	1.81562
16000	424	3.11768	3.45941	5.76473
16000	425	4.36196	3.54792	5.63266
16000	426	8.14943	4.10265	5.18954
16000	427	3.00525	4.27354	1.78998
16000	428	3.42762	3.30323	0.697938
16000	429	4.24526	1.55013	4.53945
16000	430	2.74484	1.42356	4.01275
16000	431	8.70415	4.1274	1.66317
16000	432	2.68336	2.91686	3.17784
16000	433	14.2166	0.0886847	1.13749
16000	434	10.9181	3.82365	1.60849
16000	435	1.94664	4.30888	1.30627
16000	436	5.54022	0.432154	2.12271
16000	437	2.83171	4.78209	5.84698
16000	438	4.07428	4.96759	4.53612
16000	439	2.15416	1.4226	5.87645
16000	440	3.32496	0.469921	0.254633
16000	441	5.73657	1.55726	5.95497
16000	442	7.23139	3.60352	4.7986
16000	443	6.49037	3.26804	2.66809
16000	444	3.62194	1.11597	0.626703
16000	445	19.1054	2.15608	3.66713
16000	446	2.56922	2.01649	0.94976
16000	447	10.1009	1.28778	3.92401
16000	448	7.18445	3.51892	0.332719
16000	449	19.8921	1.96328	4.60911
16000	450	4.92426	4.5357	4.84867
16000	451	4.7524	0.489856	1.20612
16000	452	4.30553	2.10806	3.10928
16000	453	2.25582	0.405508	5.83903
16000	454	4.74388	2.78391	1.95095
16000	455	5.44613	2.21354	2.70267
16000	456	5.39894	4.88636	0.11802
16000	457	5.38155	0.586621	2.71116
16000	458	3.11153	4.48678	3.64682
16000	459	2.3856	3.02745	4.24874
16000	460	6.9924	0.016875	1.93176
16000	461	1.70245	3.35663	4.71522
16000	462	2.42252	3.98746	6.07255
16000	463	9.09695	1.00235	1.19586
16000	464	3.35825	3.48407	4.93228
16000	465	15.5056	0.19194	6.00059
16000	466	4.16408	0.532594	1.72222
16000	467	2.12587	2.53475	1.25244
16000	468	4.79066	1.50401	0.508622
16000	469	9.57236	2.2968	1.5939
16000	470	5.03289	2.03534	4.3302
16000	471	15.1	2.69994	4.4738
16000	472	3.00031	3.62167	1.86274
16000	473	10.8771	3.55154	4.19784
16000	474	2.92229	1.33819	2.94765
16000	475	3.01939	4.73604	1.41164
16000	476	3.73109	4.73197	5.96324
16000	477	3.64927	4.56279	2.96682
16000	478	2.52385	4.83802	1.31122
16000	479	5.32731	2.9517	4.13389
16000	480	13.0804	4.9312	6.22099
16000	481	4.90109	3.17778	2.43621
16000	482	3.94552	2.59527	2.32568
16000	483	5.25133	3.29562	4.26184
16000	484	3.61612	1.75426	5.47489
16000	485	4.8904	2.18604	5.21232
16000	486	7.55886	0.861715	0.850673
16000	487	6.22814	4.54165	4.57819
16000	488	8.78067	4.40077	2.40492
16000	489	2.19883	2.46999	5.18484
16000	490	1.74696	1.42946	4.80361
16000	491	3.56286	3.98539	0.678886
16000	492	3.763	4.86608	2.76643
16000	493	4.41372	1.2024	4.01481
16000	494	7.68537	0.703338	5.73891
16000	495	0.97514	1.15378	3.54158
16000	496	4.64388	2.83262	4.01372
16000	497	5.18584	2.64377	3.95927
16000	498	7.46218	1.56841	2.81532
16000	499	5.46539	3.31423	2.19857
18000	0	3.8854	3.58212	3.46006
18000	1	11.0823	3.31947	2.54256
18000	2	4.87489	4.71659	5.15996
18000	3	15.8396	4.71862	1.43699
18000	4	9.78581	3.96282	2.1749
18000	5	8.41295	2.54456	1.2978
18000	6	4.44629	0.981984	4.37827
18000	7	5.7669	2.34928	5.86647
18000	8	1.71602	0.827637	4.81227
18000	9	18.1412	1.03012	4.20568
18000	10	4.99075	0.106303	0.0328712
18000	11	5.53408	2.23418	2.23677
18000	12	4.599	1.01861	0.26126
18000	13	3.19049	1.31162	5.8801
18000	14	2.37762	4.86868	0.652839
18000	15	2.7873	0.148968	6.03078
18000	16	2.80085	4.56962	5.33944
18000	17	6.13038	0.0900471	2.99786
18000	18	16.9566	1.92702	2.74837
18000	19	7.29715	1.49188	0.0237917
18000	20	3.55659	4.83762	4.18365
18000	21	5.33333	4.65433	0.899947
18000	22	5.56451	4.93242	4.31805
18000	23	4.35198	1.47146	0.37556
18000	24	7.60266	0.491721	2.10058
18000	25	2.85875	3.8462	3.25036
18000	26	7.62323	4.97858	0.308677
18000	27	2.53297	3.47149	4.24662
18000	28	5.47951	4.74572	0.113663
18000	29	1.3925	1.47208	1.16734
18000	30	5.61893	0.624756	0.406012
18000	31	14.7109	0.615272	0.326156
18000	32	6.19268	3.14408	3.76015
18000	33	1.97008	3.93489	0.906417
18000	34	1.9566	1.17771	3.94815
18000	35	7.35763	2.37473	0.856105
18000	36	5.80591	1.54513	4.49559
18000	37	9.30857	1.82936	2.04939
18000	38	5.75011	3.7829	1.23535
18000	39	3.5257	3.30047	2.81423
18000	40	2.62975	3.62952	5.7369
18000	41	3.576	1.18896	2.36224
18000	42	6.63793	1.93067	0.348967
18000	43	6.33092	2.97179	1.74807
18000	44	11.9224	4.68007	1.91674
18000	45	2.06664	4.4542	4.43663
18000	46	1.04744	3.60705	3.1971
18000	47	3.03161	0.102414	3.77876
18000	48	19.0198	0.356464	1.32253
18000	49	4.90489	1.95161	1.13042
18000	50	2.93572	1.32987	4.06131
18000	51	5.82544	0.988652	3.90313
18000	52	2.05961	2.00904	4.11075
18000	53	4.3088	4.42637	4.99854
18000	54	4.43546	4.22703	5.57417
18000	55	2.54534	0.764903	2.45063
18000	56	4.25452	0.213605	4.31178
18000	57	2.97822	2.04855	0.958035
18000	58	2.01978	2.26149	5.1517
18000	59	4.09926	2.51298	0.591678
18000	60	4.55754	2.06195	4.44656
18000	61	3.67736	4.02647	2.92735
18000	62	2.30199	2.22601	3.8849
18000	63	2.50368	0.658998	0.727008
18000	64	4.47146	4.57591	1.34629
18000	65	4.29783	3.89838	3.69454
18000	66	4.85141	3.48361	1.99182
18000	67	3.21374	1.67097	0.540844
18000	68	5.61229	1.30304	0.331003
18000	69	2.06625	0.361522	1.32869
18000	70	2.60721	1.46099	2.87364
18000	71	3.91234	3.50767	2.87743
18000	72	17.8164	2.65635	0.467671
18000	73	2.10462	1.60876	1.34238
18000	74	9.67127	2.03876	2.2865
18000	75	4.22043	4.84472	5.98203
18000	76	2.55295	4.71738	3.03198
18000	77	6.02726	3.28069	2.6354
18000	78	0.782005	0.738305	6.2314
18000	79	5.51593	4.10453	4.31358
18000	80	3.32189	2.61212	3.66105
18000	81	4.107	3.34861	1.78556
18000	82	4.40695	1.76421	5.58317
18000	83	4.85786	1.62064	3.83763
18000	84	1.92823	1.88663	1.56301
18000	85	1.90731	1.70063	6.22216
18000	86	5.44426	2.03278	5.91803
18000	87	3.15629	3.10451	4.04931
18000	88	5.45767	4.83718	2.89427
18000	89	15.2858	0.704113	4.17713
18000	90	16.7281	0.242564	4.56203
18000	91	3.36263	0.406131	0.0558461
18000	92	0.774374	4.23862	0.277237
18000	93	6.8105	1.11225	0.807156
18000	94	2.65487	0.632648	1.75525
18000	95	4.83199	3.23977	6.24813
18000	96	2.91512	1.66861	0.214966
18000	97	2.0436	0.693182	0.706458
18000	98	5.05221	1.26851	3.99269
18000	99	4.75573	1.41776	3.83594
18000	100	1.68943	3.79291	2.97953
18000	101	4.98396	0.837775	1.5115
18000	102	3.31675	2.211	0.985224
18000	103	1.17765	3.66805	2.07735
18000	104	2.95702	2.96723	5.97189
18000	105	3.25519	1.81291	1.10385
18000	106	3.02319	4.2851	5.67341
18000	107	13.1712	1.09881	0.24442
18000	108	16.8301	1.98326	3.84341
18000	109	5.54887	3.47309	3.22765
18000	110	3.4586	2.413	0.188953
18000	111	2.49978	4.25289	0.610417
18000	112	6.12785	3.33168	5.95145
18000	113	4.27444	3.78385	5.08403
18000	114	5.04537	2.47612	1.63357
18000	115	7.46595	1.18425	4.5534
18000	116	2.8448	4.67282	3.29149
18000	117	5.92518	1.13828	1.89264
18000	118	4.2307	1.01107	4.68146
18000	119	6.36716	0.571642	3.23757
18000	120	1.11546	2.14686	5.53576
18000	121	5.39476	0.42323	2.73615
18000	122	4.90256	3.71815	3.73254
18000	123	5.80661	1.55796	3.81328
18000	124	4.96311	3.92457	3.30815
18000	125	4.29032	2.48159	0.857815
18000	126	3.22035	4.53373	3.91464
18000	127	1.8139	4.5314	4.6606
18000	128	6.64267	3.77596	3.13723
18000	129	5.5586	2.28566	3.46045
18000	130	13.1045	0.684033	2.63187
18000	131	2.26444	4.89823	0.527233
18000	132	2.5853	3.96108	3.57614
18000	133	2.14285	3.43211	1.05658
18000	134	5.62728	2.43345	0.458551
18000	135	4.3655	2.37678	2.21631
18000	136	4.05468	2.20379	5.66988
18000	137	5.18158	0.581186	2.23614
18000	138	5.22386	3.44661	0.366058
18000	139	2.82551	0.0543029	2.50731
18000	140	16.8179	3.92744	5.56088
18000	141	19.6091	3.93523	1.82438
18000	142	4.81504	3.34592	5.58321
18000	143	5.48313	4.20121	6.21399
18000	144	2.79956	3.5747	0.417965
18000	145	18.9172	2.34501	5.75595
18000	146	2.18404	0.369115	6.25664
18000	147	3.48018	3.86043	4.72732
18000	148	6.18588	3.00489	4.10725
18000	149	5.76968	4.21485	0.680278
18000	150	0.69425	2.55072	3.61706
18000	151	3.73874	1.86826	1.07387
18000	152	17.008	1.6181	5.19298
18000	153	1.87228	0.265377	4.86889
18000	154	2.30512	2.89153	0.243437
18000	155	17.848	1.79961	1.35249
18000	156	4.21164	1.69612	1.62679
18000	157	11.4631	4.52396	1.62317
18000	158	6.37506	0.776546	2.00813
18000	159	2.74175	4.31613	0.169512
18000	160	6.07776	2.02531	3.90577
18000	161	5.26101	4.94293	3.09485
18000	162	5.31772	1.80165	1.09866
18000	163	7.03547	4.1327	2.98358
18000	164	2.04557	1.34604	1.18129
18000	165	9.96427	2.17711	2.71818
18000	166	6.28128	4.25632	3.75951
18000	167	4.43974	4.60957	4.34994
18000	168	2.17336	1.19797	4.91135
18000	169	4.81452	1.50924	5.11914
18000	170	7.15959	4.78834	5.36179
18000	171	6.59635	3.88183	5.64018
18000	172	3.50289	4.00237	1.66225
18000	173	3.25771	1.70068	4.26097
18000	174	6.66864	2.81583	3.5345
18000	175	7.32448	0.678108	1.62926
18000	176	4.63919	4.31331	3.85143
18000	177	13.7507	0.878096	5.93371
18000	178	3.45839	0.835907	2.37902
18000	179	7.30624	2.59181	1.52333
18000	180	4.62222	3.94033	0.498129
18000	181	17.772	1.71768	2.45015
18000	182	4.65767	4.79839	2.29611
18000	183	9.7782	1.57313	0.0360466
18000	184	2.52302	0.114621	5.15022
18000	185	5.1283	4.25801	5.0941
18000	186	3.83888	0.800603	0.316404
18000	187	5.18763	4.00345	2.27529
18000	188	6.07072	2.42044	4.61719
18000	189	6.64347	2.6217	0.525851
18000	190	5.11389	2.20306	2.47239
18000	191	5.13702	4.45851	3.05279
18000	192	0.435978	0.600074	3.94976
18000	193	4.28901	2.70333	3.97138
18000	194	0.722798	4.42385	0.918844
18000	195	5.76052	1.05159	1.10153
18000	196	3.29041	0.646717	4.34007
18000	197	7.6638	2.69681	3.7263
18000	198	4.03631	3.08694	2.71032
18000	199	6.3451	4.52405	1.20182
18000	200	2.47222	2.27412	3.49441
18000	201	16.2862	1.88141	6.08748
18000	202	7.44596	2.66814	0.020062
18000	203	3.67988	2.6677	6.05837
18000	204	2.67906	3.89806	2.83579
18000	205	4.27598	3.21333	3.66703
18000	206	11.3054	3.45086	4.86293
18000	207	7.00835	2.13334	3.27781
18000	208	3.30468	0.929094	4.35169
18000	209	6.92704	0.223928	4.3383
18000	210	2.29509	3.2763	5.09296
18000	211	6.89441	2.91065	3.00756
18000	212	3.9459	0.0806985	2.43093
18000	213	3.74372	1.90733	1.74341
18000	214	4.9244	0.640603	3.48822
18000	215	3.89571	0.578551	4.23444
18000	216	2.73292	3.28474	0.848816
18000	217	5.30865	0.322956	1.05082
18000	218	2.45182	4.5685	5.14596
18000	219	2.55657	4.67842	0.0094352
18000	220	7.58625	1.12782	4.75498
18000	221	4.82892	0.933694	0.542307
18000	222	3.84664	3.08033	0.0654033
18000	223	15.4238	3.59178	5.07003
18000	224	4.87382	3.77273	2.6916
18000	225	11.2405	4.84867	5.68977
18000	226	3.04644	1.92714	2.89102
18000	227	4.28719	4.93753	2.70953
18000	228	5.36834	3.94818	2.42342
18000	229	5.89088	4.77257	4.52909
18000	230	6.50089	2.1858	1.7303
18000	231	3.88799	4.55822	5.357
18000	232	3.67403	0.277918	5.31534
18000	233	5.30461	0.939688	3.70904
18000	234	4.48044	3.37704	2.69433
18000	235	4.72692	1.37523	0.935354
18000	236	6.3799	2.23791	2.09259
18000	237	4.56397	0.511037	2.19625
18000	238	3.03937	3.677	0.991354
18000	239	4.54706	1.5955	1.6085
18000	240	5.62659	2.08274	1.89447
18000	241	5.20279	2.79932	2.808
18000	242	4.96985	3.39751	4.13777
18000	243	2.70582	1.22677	5.80749
18000	244	6.54205	3.67457	4.40144
18000	245	4.26384	0.680429	3.38087
18000	246	8.66041	3.91156	4.58854
18000	247	16.5564	0.891874	4.71008
18000	248	19.5073	3.29113	4.14887
18000	249	0.2625	3.80953	1.11788
18000	250	3.60619	2.05942	5.69344
18000	251	7.88028	1.4433	1.97968
18000	252	6.21655	4.14209	4.56593
18000	253	10.4181	3.12294	3.30062
18000	254	3.7379	0.131916	5.47218
18000	255	3.96926	1.92288	5.67737
18000	256	14.2461	3.5729	3.13803
18000	257	4.25269	1.92084	4.09
18000	258	1.53608	4.93024	0.782529
18000	259	1.79966	3.98839	3.53122
18000	260	8.00188	4.32084	3.95201
18000	261	4.64578	2.98918	0.985591
18000	262	3.48905	2.28543	4.74061
18000	263	2.20979	4.08468	5.35622
18000	264	2.15502	0.108391	2.44087
18000	265	14.693	3.24246	2.07799
18000	266	14.6829	2.6812	0.102977
18000	267	4.54813	2.68015	0.819287
18000	268	3.74876	1.39278	4.43293
18000	269	2.43533	0.453826	6.26157
18000	270	3.70144	4.29909	3.64607
18000	271	7.34694	0.909214	5.63227
18000	272	3.63388	3.67735	3.92713
18000	273	3.80879	1.39419	2.68248
18000	274	10.2543	0.466265	3.56049
18000	275	12.7029	2.35684	2.39024
18000	276	2.61644	3.08994	0.436415
18000	277	4.53952	3.9029	2.33852
18000	278	2.55407	3.2439	3.11013
18000	279	3.92556	2.38844	1.68349
18000	280	7.14968	1.78157	1.42248
18000	281	5.54439	0.743236	5.38321
18000	282	6.06303	1.73992	1.40218
18000	283	2.12688	2.30339	1.34296
18000	284	5.39193	3.19341	3.46698
18000	285	3.85542	4.43049	0.312582
18000	286	3.41098	3.15854	0.143796
18000	287	4.04037	4.53673	2.65995
18000	288	3.82631	4.30658	1.95389
18000	289	3.59283	1.10811	4.13954
18000	290	15.5612	0.992781	0.752097
18000	291	4.47624	4.10234	3.11366
18000	292	2.53008	0.89362	0.0547001
18000	293	5.21455	1.82667	0.032027
18000	294	4.71235	2.75826	4.20693
18000	295	8.21149	2.92319	0.929258
18000	296	3.17214	2.58839	5.39401
18000	297	5.67269	3.3047	0.907937
18000	298	5.56612	2.77688	4.21331
18000	299	3.29144	2.55742	6.19569
18000	300	4.19779	3.69763	0.879036
18000	301	5.47553	4.5463	2.79149
18000	302	10.1049	0.19265	2.1624
18000	303	5.13148	3.14067	2.08316
18000	304	4.81171	2.24126	5.73371
18000	305	12.7876	3.16341	0.574601
18000	306	4.96833	2.58631	1.0684
18000	307	3.75653	2.60106	5.06122
18000	308	3.30541	3.92889	5.21964
18000	309	2.99561	0.876236	2.58649
18000	310	3.7639	4.9837	1.76177
18000	311	2.78675	3.06884	2.84028
18000	312	1.81731	0.881766	0.440325
18000	313	1.09871	0.0333379	1.63479
18000	314	5.66486	4.00365	3.93806
18000	315	8.43927	0.15735	0.810095
18000	316	4.28501	1.81179	5.15466
18000	317	1.77602	1.02311	1.46476
18000	318	4.62732	4.91247	3.2738
18000	319	4.96651	1.21857	6.16441
18000	320	1.84595	2.1723	4.84737
18000	321	4.73041	1.19564	1.90812
18000	322	4.9005	0.898869	4.92953
18000	323	2.6422	0.306954	2.51531
18000	324	2.81151	0.976318	3.3071
18000	325	1.19065	0.799197	1.43898
18000	326	6.81512	0.712015	5.75436
18000	327	5.98331	2.6393	3.87903
18000	328	11.1849	4.76879	0.534714
18000	329	17.8378	1.4984	1.65932
18000	330	2.38113	1.84443	1.33171
18000	331	4.0801	0.87786	4.43129
18000	332	2.74087	4.63949	1.04072
18000	333	2.03022	3.77728	5.826
18000	334	17.8399	4.49138	2.64216
18000	335	5.28963	2.83179	4.91359
18000	336	4.66207	2.5125	2.97517
18000	337	4.16027	2.43775	4.38349
18000	338	4.90364	4.62725	4.00091
18000	339	3.93195	3.36863	5.63762
18000	340	15.7253	0.628296	6.27707
18000	341	6.11304	4.75634	0.101149
18000	342	1.49564	3.01372	0.359331
18000	343	5.52898	2.71378	4.76217
18000	344	13.3922	3.32794	3.91864
18000	345	7.56113	0.313077	4.35679
18000	346	15.161	4.9326	1.55991
18000	347	4.37875	0.550397	2.13088
18000	348	8.70695	4.63632	0.313089
18000	349	8.15703	0.563128	2.1007
18000	350	5.8226	1.4308	3.89028
18000	351	5.34756	2.77988	0.68146
18000	352	3.66449	3.30945	5.69802
18000	353	14.705	2.81545	4.60328
18000	354	3.22938	1.4475	4.4948
18000	355	11.4055	2.87651	3.00824
18000	356	2.54946	1.12032	5.73204
18000	357	4.41134	1.58756	4.79944
18000	358	3.69528	0.352414	3.5204
18000	359	3.60781	4.36837	5.56887
18000	360	2.04976	1.92143	1.44391
18000	361	2.49287	3.77473	5.33675
18000	362	3.24934	4.70709	5.51337
18000	363	19.4313	2.07541	4.93352
18000	364	0.80361	0.469606	4.17828
18000	365	3.68136	0.0215044	3.52851
18000	366	5.15727	0.535512	4.13057
18000	367	2.40952	1.34519	5.6721
18000	368	2.58705	1.06819	1.37071
18000	369	3.0431	4.67371	2.99447
18000	370	4.09354	0.98962	0.434432
18000	371	6.45034	2.28191	2.79689
18000	372	2.50795	1.50875	5.40507
18000	373	1.33906	1.0091	2.48824
18000	374	6.36858	3.92386	1.66062
18000	375	2.02707	0.452307	4.82879
18000	376	3.01577	1.44518	0.352523
18000	377	2.4954	2.47307	3.76656
18000	378	3.64599	3.16226	6.19192
18000	379	5.98111	2.21119	4.46379
18000	380	0.528536	4.20701	1.71071
18000	381	9.09884	4.05672	2.40416
18000	382	2.1371	3.55875	1.34245
18000	383	7.26865	0.966228	0.0819599
18000	384	5.35464	0.937744	4.70587
18000	385	5.37092	4.14422	0.258826
18000	386	3.07713	1.17627	0.341807
18000	387	4.13547	3.46157	0.22841
18000	388	4.24877	2.95043	3.47374
18000	389	12.5295	2.28636	2.85105
18000	390	2.98415	2.694	2.91411
18000	391	2.65507	0.607791	4.09748
18000	392	3.53449	4.21008	3.73448
18000	393	4.42833	3.64301	6.07195
18000	394	3.6405	0.566861	4.30796
18000	395	3.03624	2.20814	3.594
18000	396	3.88573	4.72512	2.06588
18000	397	4.78401	0.503718	4.14515
18000	398	3.76289	1.5578	3.53513
18000	399	5.69255	3.03587	0.615308
18000	400	2.25415	1.09981	1.09649
18000	401	4.86345	2.06784	0.867527
18000	402	15.0237	4.97149	4.41441
18000	403	7.32105	2.73422	4.53239
18000	404	14.603	1.27552	5.77112
18000	405	3.31264	4.47296	0.766044
18000	406	8.83898	1.87457	5.15035
18000	407	4.05823	0.794896	3.21658
18000	408	4.64828	0.561354	0.533723
18000	409	3.47063	0.581259	5.55913
18000	410	4.16678	2.99661	0.60934
18000	411	4.99328	0.176707	4.32427
18000	412	2.31081	1.61878	0.177859
18000	413	3.71855	1.36558	1.30138
18000	414	18.3992	1.39128	3.31536
18000	415	2.23852	2.94873	6.14676
18000	416	7.50812	1.91347	4.73492
18000	417	18.6278	4.03464	5.51343
18000	418	2.52473	2.34821	6.07459
18000	419	3.28471	1.57062	2.94389
18000	420	2.46217	2.23301	2.48378
18000	421	3.42202	0.250139	5.41646
18000	422	11.3158	3.79836	0.0586542
18000	423	1.04201	3.59558	0.615789
18000	424	13.0467	4.401	2.57102
18000	425	13.8466	0.986977	1.88293
18000	426	2.75743	3.95038	6.22797
18000	427	2.26528	0.95836	1.37663
18000	428	5.15957	2.87746	3.51317
18000	429	7.73254	3.49829	5.64877
18000	430	3.97364	2.42937	4.37366
18000	431	5.37584	0.800152	2.95645
18000	432	4.78456	3.26759	2.9529
18000	433	5.45585	1.43292	4.16035
18000	434	3.30951	3.79011	0.601314
18000	435	2.7751	2.76662	0.160106
18000	436	16.7305	4.32922	2.41876
18000	437	2.81264	1.08127	0.0462178
18000	438	3.55081	2.01691	2.88765
18000	439	3.512	4.8228	5.31913
18000	440	4.09522	4.1469	3.26482
18000	441	19.1758	2.57272	1.6477
18000	442	3.19811	4.83547	5.28728
18000	443	6.49082	3.72605	1.91395
18000	444	4.17189	0.354153	2.15618
18000	445	18.9243	0.913162	0.635765
18000	446	2.71793	1.88785	4.86345
18000	447	4.52156	2.51911	2.74562
18000	448	7.19892	1.28899	3.21222
18000	449	4.09176	3.90243	0.327503
18000	450	8.92173	2.74452	2.90169
18000	451	3.63639	3.06292	0.770852
18000	452	5.95433	3.94733	4.38838
18000	453	2.90293	2.57755	0.680475
18000	454	6.28923	0.369015	3.96661
18000	455	3.27186	0.874028	3.32034
18000	456	5.44681	3.5358	4.48968
18000	457	13.9348	3.39161	1.78961
18000	458	4.6994	2.17882	2.18799
18000	459	3.89295	1.56183	1.35771
18000	460	3.26856	0.507015	3.83143
18000	461	6.90402	3.26552	0.970439
18000	462	5.00129	3.83755	5.41485
18000	463	5.66442	1.3226	2.26417
18000	464	5.03007	4.94738	1.69518
18000	465	16.3498	1.4966	3.67426
18000	466	3.45678	3.63527	6.17447
18000	467	3.57282	2.52894	0.879267
18000	468	2.89396	0.392458	0.417218
18000	469	10.9752	3.52241	3.33834
18000	470	3.2016	4.04976	0.101159
18000	471	7.03097	0.225244	1.17665
18000	472	3.18407	1.7982	5.47233
18000	473	6.23086	2.48922	0.130048
18000	474	8.27955	2.63669	4.02017
18000	475	3.02612	4.16772	2.78988
18000	476	6.88455	3.60161	4.44838
18000	477	2.46657	3.08636	3.39219
18000	478	4.65576	0.193541	3.07819
18000	479	3.15256	0.577298	5.23593
18000	480	6.43265	2.99524	5.53869
18000	481	5.7016	3.36183	3.3405
18000	482	2.9074	0.542266	1.82805
18000	483	18.184	4.26491	5.4986
18000	484	4.20197	0.459107	0.834849
18000	485	6.93635	1.84983	4.79792
18000	486	4.73141	4.2235	5.3913
18000	487	3.06904	4.79406	0.0556861
18000	488	2.42118	2.61232	5.68257
18000	489	1.86692	2.49773	4.29544
18000	490	5.35044	0.453475	2.26727
18000	491	4.69759	2.96971	4.39967
18000	492	5.60252	2.31196	4.33281
18000	493	6.09055	4.21755	6.10682
18000	494	5.14562	1.69037	2.7302
18000	495	4.09972	4.87869	4.55784
18000	496	3.2365	4.45031	3.20086
18000	497	4.92444	1.13036	3.37099
18000	498	3.14147	3.43234	2.15499
18000	499	0.161183	4.96733	3.51892
20000	0	4.59632	2.69478	1.93052
20000	1	4.24795	2.16102	0.748071
20000	2	5.11905	1.15692	4.12501
20000	3	7.74839	4.38609	2.37171
20000	4	3.338	1.20576	1.14389
20000	5	6.23019	2.88624	5.86803
20000	6	3.3241	1.34591	0.760786
20000	7	4.21969	2.45665	2.94857
20000	8	6.14257	2.44398	0.378963
20000	9	6.94751	3.19895	4.58107
20000	10	1.3385	0.0613933	4.48326
20000	11	3.34284	1.29033	2.99697
20000	12	4.05241	3.33071	3.15926
20000	13	2.2495	2.35353	6.00189
20000	14	1.91603	4.74415	1.86758
20000	15	3.30933	3.9786	2.61102
20000	16	2.99448	2.02044	1.33325
20000	17	5.15714	4.92341	0.325068
20000	18	3.75471	3.66459	3.31908
20000	19	3.06113	4.22244	2.66587
20000	20	3.96063	3.56357	1.12485
20000	21	3.77772	2.59044	4.80824
20000	22	4.67916	1.21766	3.24227
20000	23	13.8043	3.83033	0.239681
20000	24	4.72891	2.84174	6.15637
20000	25	3.7436	0.53827	1.05307
20000	26	3.06376	3.31088	2.56509
20000	27	3.28379	3.03759	3.38873
20000	28	11.6881	4.04957	3.81575
20000	29	5.44729	3.76241	3.26412
20000	30	4.64605	4.82158	5.48063
20000	31	2.71699	1.4217	5.56116
20000	32	2.97132	1.72964	3.72634
20000	33	3.34021	3.49018	1.4529
20000	34	2.62525	0.682904	5.67026
20000	35	3.22991	4.18404	3.69321
20000	36	5.21289	2.12376	2.93151
20000	37	3.16759	0.633154	3.25354
20000	38	7.19751	1.20679	4.60788
20000	39	6.41679	2.31129	3.72965
20000	40	4.20971	0.167998	3.7263
20000	41	2.52589	1.30703	5.912
20000	42	2.78697	2.22022	4.11729
20000	43	3.30702	2.86855	1.10971
20000	44	2.53694	3.49109	0.480577
20000	45	18.665	4.33684	4.03791
20000	46	5.52413	3.66075	4.75534
20000	47	4.29978	1.88723	3.41611
20000	48	5.8147	2.29649	2.2618
20000	49	0.89308	0.441257	0.865653
20000	50	5.9838	4.38579	2.26142
20000	51	1.63371	1.65071	2.19275
20000	52	6.93478	4.15448	0.00107887
20000	53	5.47893	1.60479	2.70885
20000	54	8.74512	4.87463	2.72432
20000	55	7.64968	4.54858	1.49753
20000	56	6.46937	0.585656	4.42262
20000	57	4.56539	4.4653	3.40994
20000	58	3.10177	4.06967	5.04266
20000	59	5.02656	0.352668	3.38747
20000	60	5.37505	4.41887	5.01466
20000	61	4.69563	3.73798	0.0066355
20000	62	4.60574	4.6054	1.05624
20000	63	2.55943	1.19028	2.58785
20000	64	6.22263	3.58559	1.79657
20000	65	4.39099	3.7669	2.12944
20000	66	6.51398	2.54799	4.6893
20000	67	18.785	4.05718	6.21173
20000	68	5.52057	0.177048	0.715316
20000	69	5.45304	3.32996	3.07373
20000	70	5.26451	3.93265	5.14657
20000	71	3.20846	3.29328	1.19864
20000	72	0.0176302	2.99498	3.08446
20000	73	15.8866	4.37332	1.29271
20000	74	2.42818	3.55906	0.675301
20000	75	2.51537	3.7697	2.3493
20000	76	8.39501	3.96692	3.87287
20000	77	4.81926	4.81786	4.41507
20000	78	2.37039	4.03851	4.52741
20000	79	5.56202	4.2275	3.47219
20000	80	10.0553	1.86698	6.16518
20000	81	5.2481	3.86587	2.19975
20000	82	2.4698	1.58003	1.23337
20000	83	14.9871	4.75524	1.13833
20000	84	19.1979	0.874395	0.614319
20000	85	19.7919	1.83005	0.184051
20000	86	0.321184	4.64082	0.539657
20000	87	5.67418	0.167656	3.06823
20000	88	7.71579	0.273412	1.00136
20000	89	2.55475	2.28188	2.07155
20000	90	2.56838	0.233861	1.43973
20000	91	4.62989	1.79602	2.99921
20000	92	2.32862	2.22703	1.58938
20000	93	7.58057	2.02982	1.8916
20000	94	7.17577	0.795947	2.14781
20000	95	2.27551	3.98561	3.54643
20000	96	2.88742	4.16231	5.79754
20000	97	2.20924	0.366237	1.0754
20000	98	11.471	0.856781	5.0705
20000	99	4.67258	0.954173	0.0333039
20000	100	15.0288	2.77377	5.47627
20000	101	3.4219	1.91213	5.08205
20000	102	1.9091	3.04913	3.51469
20000	103	2.76237	3.40383	2.73556
20000	104	4.37702	3.44433	1.63048
20000	105	5.1659	0.0755779	3.98929
20000	106	5.20837	1.94887	5.73356
20000	107	8.23857	1.77085	4.42464
20000	108	7.36661	1.78834	1.22478
20000	109	5.67805	0.87084	5.74559
20000	110	6.67103	0.0179091	5.11877
20000	111	1.93241	0.0466303	3.75372
20000	112	7.79305	4.855	5.33566
20000	113	2.684	0.28793	0.377833
20000	114	3.90284	4.29086	0.899313
20000	115	4.13275	1.15544	3.74424
20000	116	5.69207	2.04705	2.03315
20000	117	5.5289	1.47892	0.144549
20000	118	4.82697	3.7204	1.43157
20000	119	4.71307	2.43711	3.32061
20000	120	5.55517	3.95797	5.87672
20000	121	2.7607	0.697658	3.86137
20000	122	3.78535	4.31369	2.98794
20000	123	3.98976	2.79988	2.68272
20000	124	6.32147	2.20632	2.70234
20000	125	4.37043	2.65327	1.46653
20000	126	2.72408	2.66305	1.20538
20000	127	4.23978	1.83621	5.10532
20000	128	7.50752	4.03562	3.30516
20000	129	3.97438	1.20143	1.5571
20000	130	7.26311	0.249018	5.88472
20000	131	2.28287	0.0541158	3.24153
20000	132	5.09683	2.40464	1.93166
20000	133	3.84406	0.309026	4.77263
20000	134	3.77744	1.80642	0.37768
20000	135	3.97662	4.04503	6.13818
20000	136	7.41291	3.68834	0.13641
20000	137	5.9914	0.391224	0.445064
20000	138	3.29247	1.64938	4.73573
20000	139	4.50473	3.44781	1.78562
20000	140	4.99869	3.08554	0.161279
20000	141	3.90183	4.69196	4.5657
20000	142	6.07002	1.07895	1.53721
20000	143	4.69347	4.49292	4.91845
20000	144	4.5066	2.2509	4.00763
20000	145	10.2916	3.90723	4.88681
20000	146	2.4035	2.84903	0.630048
20000	147	13.8091	4.51128	4.23793
20000	148	5.03751	1.71074	2.76873
20000	149	1.65249	3.56321	5.2401
20000	150	2.97628	1.31245	4.3801
20000	151	3.13722	4.625	2.79291
20000	152	4.28174	0.739178	2.2713
20000	153	3.58953	3.99148	4.10338
20000	154	4.58266	0.463516	1.51809
20000	155	3.97332	2.57821	3.47922
20000	156	4.04698	3.13517	4.18383
20000	157	2.49969	1.62488	5.13444
20000	158	4.22575	3.69095	0.332274
20000	159	3.18571	3.69204	0.622023
20000	160	2.2862	1.50727	3.66205
20000	161	2.60564	3.68546	0.907361
20000	162	3.67653	0.52165	5.16312
20000	163	15.2738	1.69732	1.6309
20000	164	1.44684	4.8492	1.5384
20000	165	4.93257	2.37758	4.29678
20000	166	5.07123	0.851137	5.75039
20000	167	9.40802	3.05392	5.08806
20000	168	5.41555	2.36571	3.55685
20000	169	4.38107	1.95336	1.7263
20000	170	12.4689	3.37116	2.51372
20000	171	15.9962	0.0526506	3.58143
20000	172	1.68698	4.86427	5.78226
20000	173	6.75482	4.51836	4.81493
20000	174	6.16563	1.46161	3.90721
20000	175	2.58579	4.54152	2.50017
20000	176	16.7657	0.882283	4.15751
20000	177	3.54422	4.12043	4.56847
20000	178	19.7539	3.95511	1.54504
20000	179	5.40239	0.553536	2.62841
20000	180	7.81715	4.21848	4.96451
20000	181	3.53953	4.87706	5.79726
20000	182	3.75197	0.414193	3.78837
20000	183	5.99471	1.68388	4.52762
20000	184	5.90198	3.76234	5.71994
20000	185	1.33513	3.18457	6.17823
20000	186	4.68169	0.129726	3.07469
20000	187	18.1419	1.47782	0.136316
20000	188	2.19602	2.00345	0.635695
20000	189	8.45951	3.72007	3.09007
20000	190	3.69695	3.37678	5.8722
20000	191	2.82895	3.08099	1.68011
20000	192	5.13794	1.18654	2.89633
20000	193	9.65623	4.01721	4.98548
20000	194	1.97592	0.5976	0.852124
20000	195	1.99062	0.932285	0.597215
20000	196	2.02964	1.47027	2.14636
20000	197	4.05396	1.29625	1.77768
20000	198	15.9318	4.46297	0.779532
20000	199	6.40728	1.73166	2.50524
20000	200	4.91335	3.69249	2.92003
20000	201	11.0617	4.48158	0.0910627
20000	202	2.42753	2.30136	5.17405
20000	203	4.38965	2.71141	5.09234
20000	204	2.54363	2.62647	6.16517
20000	205	19.5904	1.46932	2.33289
20000	206	5.23734	3.56553	3.08489
20000	207	2.99532	2.36975	6.06805
20000	208	2.70871	0.121267	2.81876
20000	209	3.61253	2.76685	5.26112
20000	210	3.88694	4.97265	3.76105
20000	211	3.40217	2.01087	2.55205
20000	212	4.13838	0.186886	1.44174
20000	213	5.67679	3.84449	6.14858
20000	214	3.92015	4.00069	2.62161
20000	215	2.21741	4.87116	1.19492
20000	216	3.88958	2.0245	5.20244
20000	217	2.92591	0.112857	2.1463
20000	218	4.06413	0.318055	1.04975
20000	219	5.81242	1.72198	1.81457
20000	220	3.8405	3.26499	4.85511
20000	221	3.83564	1.26137	4.38154
20000	222	11.1566	0.548113	1.02734
20000	223	4.89078	2.92855	4.37417
20000	224	15.0312	3.36576	5.04785
20000	225	3.90637	0.680207	2.70579
20000	226	3.15831	2.58266	1.57041
20000	227	3.58076	4.93967	2.16517
20000	228	1.47791	3.55739	4.58363
20000	229	4.10846	1.4497	0.159213
20000	230	3.20569	0.282519	2.78901
20000	231	4.69836	3.85864	2.63402
20000	232	2.77286	3.56323	4.98068
20000	233	2.21403	1.48433	6.20852
20000	234	6.02143	2.80855	4.82578
20000	235	7.18722	2.09865	1.87095
20000	236	3.42608	3.81155	6.12494
20000	237	5.24626	1.4868	3.88681
20000	238	2.77314	3.03254	3.12411
20000	239	3.89985	1.92328	2.03184
20000	240	7.19697	4.40171	5.37094
20000	241	4.97729	3.60591	2.11999
20000	242	2.09368	4.53458	4.87638
20000	243	4.7622	4.50025	3.16334
20000	244	2.76548	0.468518	1.78374
20000	245	3.71105	1.49637	0.242983
20000	246	2.49985	2.45397	0.924222
20000	247	7.31167	2.63483	3.73096
20000	248	3.08157	0.586567	1.41978
20000	249	3.43313	2.47926	1.81659
20000	250	3.84249	3.18941	1.2496
20000	251	3.99561	3.08134	1.42261
20000	252	19.1332	3.30922	3.24462
20000	253	17.7158	2.34877	4.55743
20000	254	17.1776	4.83536	2.50067
20000	255	3.60197	3.4433	1.78435
20000	256	5.02287	1.09126	2.11404
20000	257	6.3534	0.986823	5.0185
20000	258	0.693548	4.33434	5.58467
20000	259	5.53389	3.15165	2.02807
20000	260	5.00471	2.63636	3.51111
20000	261	3.26869	1.4323	0.129359
20000	262	3.26421	2.96732	0.36959
20000	263	10.6911	3.49561	4.34867
20000	264	14.1868	4.00786	6.19921
20000	265	2.90252	1.54866	5.6478
20000	266	4.94064	4.93583	5.21964
20000	267	6.0547	2.36079	2.59815
20000	268	6.7338	4.40157	1.96517
20000	269	6.26367	3.26391	1.24926
20000	270	8.49068	4.98843	2.52272
20000	271	4.97134	4.22184	0.471029
20000	272	2.16949	4.49674	3.01753
20000	273	1.85216	4.68869	4.83026
20000	274	3.28733	0.482839	2.48418
20000	275	3.41883	3.46884	5.06942
20000	276	5.60301	2.08103	0.204251
20000	277	2.89744	2.95913	1.07374
20000	278	10.5617	3.68996	3.32512
20000	279	4.28271	0.545932	1.25692
20000	280	12.2381	4.87213	1.85416
20000	281	3.01203	1.57971	0.609045
20000	282	6.26679	4.38612	5.37931
20000	283	10.3007	0.0327691	2.04701
20000	284	4.95615	2.72377	3.9913
20000	285	3.04307	2.76668	2.06526
20000	286	2.28859	2.65571	5.00328
20000	287	5.628	1.81037	4.03513
20000	288	7.98464	3.24244	5.7623
20000	289	6.66662	3.76731	2.42911
20000	290	5.21776	3.43402	1.94948
20000	291	0.65477	2.10682	5.23836
20000	292	6.09662	0.0649198	1.38662
20000	293	3.5216	1.14011	2.2178
20000	294	14.6388	3.56633	4.81075
20000	295	9.27667	1.0813	0.251517
20000	296	3.04161	4.7925	3.53186
20000	297	0.119001	0.807115	0.398363
20000	298	3.61019	0.313552	2.81373
20000	299	3.39645	2.80504	3.64362
20000	300	6.00465	4.6046	1.60933
20000	301	6.12627	0.467416	3.65174
20000	302	2.71719	0.495963	4.76027
20000	303	4.01901	1.45927	1.26372
20000	304	5.45769	4.5997	4.10114
20000	305	4.67627	2.33241	1.07587
20000	306	2.07187	2.14852	1.41427
20000	307	8.06734	4.05332	2.56638
20000	308	1.03141	4.97226	4.94447
20000	309	2.96867	3.87779	6.03837
20000	310	7.18383	0.467288	3.03781
20000	311	2.63054	0.907581	2.03047
20000	312	11.0501	1.92834	5.25881
20000	313	4.81914	1.09869	2.72439
20000	314	4.00642	0.907991	0.200324
20000	315	0.449205	2.53673	2.83492
20000	316	1.62334	1.14101	4.75989
20000	317	6.78968	3.82109	0.12962
20000	318	19.5508	2.075	0.165654
20000	319	7.77223	3.81023	2.75313
20000	320	2.80083	3.36971	1.94319
20000	321	7.2436	3.33359	4.96013
20000	322	3.84806	2.22728	4.00009
20000	323	4.05602	4.17052	1.33079
20000	324	16.0475	0.160091	1.66834
20000	325	6.38692	0.873259	0.22218
20000	326	5.7709	4.13084	3.25147
20000	327	19.8168	0.0433181	4.30326
20000	328	13.0319	2.70002	5.06988
20000	329	16.399	4.69978	1.82412
20000	330	3.9776	1.81266	0.982453
20000	331	5.05678	2.64468	2.80077
20000	332	2.64354	4.70328	0.299875
20000	333	2.88178	4.41081	3.2652
20000	334	8.46371	2.57367	0.843079
20000	335	6.66807	1.11142	3.42179
20000	336	18.5518	1.8828	4.8152
20000	337	5.42173	4.32833	4.35704
20000	338	5.13461	0.508562	3.34595
20000	339	18.3181	0.646309	5.53658
20000	340	2.20369	2.94693	5.54799
20000	341	5.06218	3.14157	1.44422
20000	342	3.20934	1.10349	4.74022
20000	343	6.26219	2.33309	5.99086
20000	344	5.01309	4.38205	3.05317
20000	345	2.91679	1.84654	2.24992
20000	346	7.09243	4.43874	3.96027
20000	347	17.5607	0.854505	5.11493
20000	348	2.89965	2.54822	5.64261
20000	349	4.90232	3.85703	3.37442
20000	350	6.83395	1.44429	5.00212
20000	351	1.7817	3.42178	1.23662
20000	352	12.4086	1.25951	1.46318
20000	353	12.3051	1.35023	4.01572
20000	354	11.4104	1.49435	0.555266
20000	355	2.2461	0.560795	4.93213
20000	356	2.92522	0.721903	2.3103
20000	357	3.06005	4.2018	2.02461
20000	358	4.80724	0.472219	2.74144
20000	359	5.24866	4.8479	5.96105
20000	360	1.91817	0.778368	5.54745
20000	361	4.87029	3.12699	4.77724
20000	362	7.63951	1.48653	5.65684
20000	363	5.39592	0.0526739	3.8501
20000	364	4.13652	4.84466	0.268658
20000	365	3.66714	0.812539	1.37263
20000	366	10.9909	0.792617	5.97137
20000	367	3.81628	4.58796	5.05962
20000	368	3.85054	2.54187	0.200405
20000	369	8.3256	4.82894	0.0212462
20000	370	3.27369	2.47687	3.24621
20000	371	4.51241	3.94825	0.421561
20000	372	15.1228	0.184041	5.08957
20000	373	6.65142	0.67917	5.45996
20000	374	5.97839	0.367455	0.964773
20000	375	2.7901	4.60619	5.67499
20000	376	4.10895	3.63457	2.74358
20000	377	2.33381	2.25627	1.01262
20000	378	12.5834	2.34093	0.757324
20000	379	4.69959	1.82968	4.85757
20000	380	19.6149	2.7958	4.08056
20000	381	5.32133	1.96077	2.28189
20000	382	4.83315	2.45208	0.621495
20000	383	3.8451	4.73707	2.4468
20000	384	6.22253	0.95911	1.74021
20000	385	4.44813	4.27355	5.99891
20000	386	2.92147	2.33131	2.51156
20000	387	5.09255	1.73379	5.31523
20000	388	4.35443	1.79797	2.10342
20000	389	0.494544	1.93197	4.39539
20000	390	5.54792	4.32585	5.71264
20000	391	2.48311	0.0212274	0.398625
20000	392	4.29628	4.62424	2.77483
20000	393	15.0138	0.216475	0.492892
20000	394	5.71916	3.21218	4.10888
20000	395	7.45068	3.3093	0.758612
20000	396	4.65388	1.98469	0.0933483
20000	397	19.9856	1.22853	2.44479
20000	398	4.47267	3.90671	4.6135
20000	399	3.53604	0.459532	5.66088
20000	400	2.07872	0.717999	5.48233
20000	401	3.11651	0.201686	4.1865
20000	402	4.66525	1.54745	0.305217
20000	403	4.43023	4.33848	3.62298
20000	404	4.98556	0.663062	6.15833
20000	405	4.33381	0.279756	2.25662
20000	406	5.65379	1.55827	3.31141
20000	407	2.15217	0.862515	4.98393
20000	408	8.41818	3.5098	3.5544
20000	409	5.53557	0.398357	2.8192
20000	410	1.06991	4.52598	1.6696
20000	411	5.08012	1.49505	0.671957
20000	412	2.32106	3.26138	5.38507
20000	413	7.78319	0.589739	4.41572
20000	414	5.51357	2.91387	3.36991
20000	415	6.18493	3.46548	1.57962
20000	416	2.43045	4.04167	0.59477
20000	417	13.8722	3.8513	3.62297
20000	418	1.97226	4.40489	1.14788
20000	419	4.37935	3.06384	0.552614
20000	420	19.049	4.7084	4.45893
20000	421	12.4705	2.88835	4.91434
20000	422	4.98119	1.50639	5.47819
20000	423	4.26714	0.609726	3.13146
20000	424	4.33291	1.0996	3.04391
20000	425	6.10562	4.82294	4.46023
20000	426	4.75583	0.882214	5.20288
20000	427	5.51899	4.53597	3.90406
20000	428	16.7594	2.33944	6.01467
20000	429	6.34234	1.76439	3.45495
20000	430	6.45682	4.49149	0.175695
20000	431	5.32561	2.58002	3.88524
20000	432	5.11952	3.14853	2.58829
20000	433	5.95701	0.71703	5.64836
20000	434	6.05486	1.21127	0.455334
20000	435	3.37117	4.3989	4.35461
20000	436	11.9661	3.44436	2.81376
20000	437	6.73735	3.12502	4.34255
20000	438	4.63642	3.14094	4.82437
20000	439	10.6476	1.51147	3.25876
20000	440	6.67003	1.48511	4.38837
20000	441	3.09491	1.13726	3.67679
20000	442	17.7608	4.34749	5.10954
20000	443	9.69367	0.828428	2.45323
20000	444	1.765	2.29761	1.22202
20000	445	8.40413	1.51398	3.10795
20000	446	4.93555	4.29731	1.75355
20000	447	5.34819	0.875397	3.2895
20000	448	1.76813	1.93408	4.60714
20000	449	4.53416	3.75716	5.03068
20000	450	4.12065	3.01615	5.54923
20000	451	11.2007	2.20701	5.22235
20000	452	1.63741	1.25442	1.11071
20000	453	7.31159	3.85734	4.30987
20000	454	2.0635	0.313029	5.63666
20000	455	3.07165	4.60357	0.971901
20000	456	4.49171	0.672578	2.96301
20000	457	9.31625	1.9712	3.61147
20000	458	3.81453	2.28038	1.15087
20000	459	3.74411	1.15383	4.72033
20000	460	14.6959	4.68186	3.24161
20000	461	3.69632	3.5185	4.94771
20000	462	7.88104	4.44934	2.27411
20000	463	6.08772	1.77806	2.80066
20000	464	3.44172	3.86546	0.662618
20000	465	18.0165	1.59227	3.295
20000	466	18.3895	2.45239	0.296034
20000	467	2.2209	0.464251	1.34855
20000	468	4.99348	0.557364	3.23059
20000	469	9.08978	3.53931	4.58059
20000	470	4.53746	1.7508	2.59395
20000	471	7.28894	2.12803	4.78998
20000	472	3.00989	3.37058	3.92937
20000	473	2.91701	0.982501	0.631456
20000	474	10.5189	4.46817	1.96418
20000	475	6.36391	0.312941	1.13174
20000	476	3.76749	1.72486	4.20025
20000	477	2.71291	4.62304	3.50497
20000	478	3.96598	4.29156	3.893
20000	479	6.21054	4.23175	1.84109
20000	480	2.66319	3.90332	0.62648
20000	481	18.1794	3.6168	1.42452
20000	482	7.50022	3.32702	3.06216
20000	483	13.2243	2.52839	1.50984
20000	484	6.5379	2.3893	5.46575
20000	485	1.53841	1.73193	0.392726
20000	486	16.6705	3.98175	3.68541
20000	487	6.92269	3.19649	0.417044
20000	488	4.24385	0.874902	4.96739
20000	489	7.77163	4.61526	0.143768
20000	490	4.12054	4.37202	5.54723
20000	491	4.10295	2.87129	1.22485
20000	492	3.84946	4.43233	4.12984
20000	493	18.686	1.69642	1.72257
20000	494	4.29378	2.97347	2.52698
20000	495	4.7985	3.48481	3.50519
20000	496	5.78574	3.71965	4.48271
20000	497	7.93303	3.42772	5.0464
20000	498	3.49293	2.33915	1.8613
20000	499	4.44663	1.05906	2.57778
