2000	0	-138.534	187.202
2000	1	-117.011	145.691
2000	2	220.972	205.647
2000	3	91.7461	45.2546
2000	4	-211.222	-145.213
2000	5	46.1645	487.499
2000	6	-2.44332	-133.192
2000	7	-31.3598	-84.9383
2000	8	50.2377	-19.6748
2000	9	-1.86976	156.235
2000	10	112.219	232.702
2000	11	-12.9704	34.8477
2000	12	-217.001	-292.861
2000	13	-283.419	-317.471
2000	14	296.436	348.743
2000	15	-317.861	23.8955
2000	16	102.871	8.78948
2000	17	61.6112	-443.498
2000	18	-80.1682	-232.099
2000	19	188.277	-456.118
2000	20	-35.977	-259.594
2000	21	-283.52	-183.978
2000	22	-49.6821	215.527
2000	23	257.039	398.925
2000	24	-84.5746	-277.193
2000	25	-165.93	-21.3467
2000	26	50.2059	196.975
2000	27	35.8613	-79.8168
2000	28	237.627	303.921
2000	29	-324.799	-163.14
2000	30	-213.146	-57.0942
2000	31	58.2594	143.554
2000	32	-212.868	-14.7389
2000	33	-58.0085	-141.823
2000	34	109.298	-306.675
2000	35	37.5152	-833.842
2000	36	211.946	-92.581
2000	37	65.3962	-432.715
2000	38	-243.17	-4.1162
2000	39	-167.32	65.8483
2000	40	27.606	-546.381
2000	41	8.51731	-199.36
2000	42	-65.73	17.6864
2000	43	236.918	-53.2221
2000	44	-114.983	-412.466
2000	45	-567.455	419.571
2000	46	-213.418	256.531
2000	47	-88.999	-5.36909
2000	48	-56.1769	-582.477
2000	49	117.125	161.208
2000	50	226.764	-367.294
2000	51	-83.4871	284.761
2000	52	-181.814	-147.827
2000	53	-238.563	-54.4176
2000	54	-1.93714	-70.5023
2000	55	-222.326	58.3973
2000	56	168.963	46.6804
2000	57	-199.029	34.8247
2000	58	88.4109	49.3956
2000	59	7.70393	283.709
2000	60	-204.248	63.0048
2000	61	-28.3587	347.603
2000	62	-125.377	19.6352
2000	63	9.6249	-140.286
2000	64	-152.634	-143.779
2000	65	84.9195	-34.5013
2000	66	326.383	-241.845
2000	67	-7.4085	1.0558
2000	68	-80.0827	92.7099
2000	69	60.8379	-12.0808
2000	70	238.373	-88.9731
2000	71	74.9658	64.6521
2000	72	-3.48946	39.9434
2000	73	158.422	-334.844
2000	74	-109.212	95.0678
2000	75	-77.6474	379.468
2000	76	107.934	-292.864
2000	77	107.136	193.241
2000	78	30.9543	-46.5507
2000	79	-437.586	-192.085
2000	80	158.61	160.07
2000	81	69.0969	-106.016
2000	82	-190.145	-164.338
2000	83	-155.585	178.424
2000	84	185.082	184.937
2000	85	-68.1609	607.798
2000	86	-133.908	162.778
2000	87	448.055	-459.306
2000	88	128.705	33.0316
2000	89	109.271	267.878
2000	90	126.952	150.73
2000	91	66.5643	227.961
2000	92	152.136	-125.639
2000	93	85.3714	-564.655
2000	94	41.8035	-215.084
2000	95	-138.097	352.604
2000	96	249.732	-237.663
2000	97	14.8234	71.9448
2000	98	-324.348	20.0777
2000	99	31.9388	245.226
2000	100	-195.355	323.645
2000	101	-74.3528	-6.80936
2000	102	-27.2877	308.982
2000	103	-110.476	-219.849
2000	104	174.165	113.052
2000	105	-110.136	-7.74646
2000	106	-93.327	353.578
2000	107	215.834	-634.455
2000	108	80.2138	56.1529
2000	109	205.018	535.927
2000	110	-67.8429	-387.228
2000	111	-7.78484	167.109
2000	112	-61.7988	190.762
2000	113	75.6337	41.5513
2000	114	-188.379	-31.5763
2000	115	20.975	324.259
2000	116	161.235	-77.9616
2000	117	150.375	-21.742
2000	118	-317.616	-529.838
2000	119	151.567	-83.1404
2000	120	-68.7853	-293.504
2000	121	177.676	9.13086
2000	122	-15.4425	408.568
2000	123	32.7737	67.0036
2000	124	48.3815	-353.275
2000	125	-253.352	105.036
2000	126	-240.528	-294.586
2000	127	-191.065	281.792
2000	128	13.944	-564.92
2000	129	20.6695	-599.425
2000	130	324.626	-79.4248
2000	131	-183.392	111.618
2000	132	-80.6381	-57.2164
2000	133	48.076	654.497
2000	134	110.865	-309.847
2000	135	-210.367	27.3607
2000	136	-267.626	31.6644
2000	137	51.728	-268.805
2000	138	65.2768	-703.633
2000	139	271.562	-20.053
2000	140	58.714	332.88
2000	141	135.959	-264.129
2000	142	102.902	131.598
2000	143	82.6787	-96.0477
2000	144	177.97	-395.511
2000	145	-168.344	-466.903
2000	146	215.556	11.377
2000	147	-275.012	-24.7616
2000	148	183.919	454.892
2000	149	136.406	-18.4682
2000	150	-7.96319	208.765
2000	151	-107.343	121.769
2000	152	-33.1203	585.261
2000	153	156.54	-322.809
2000	154	176.997	290.749
2000	155	363.022	-105.051
2000	156	-204.662	416.988
2000	157	211.07	175.871
2000	158	145.366	-221.167
2000	159	76.5148	573.182
2000	160	-36.3003	-16.6461
2000	161	110.021	208.413
2000	162	35.1845	426.985
2000	163	259.405	-28.4852
2000	164	-137.29	-98.1998
2000	165	-322.628	-112.686
2000	166	-300.652	-63.6692
2000	167	119.581	4.86314
2000	168	-64.7816	-41.8573
2000	169	-255.28	657.461
2000	170	-333.289	356.225
2000	171	69.6158	-323.487
2000	172	-138.908	891.282
2000	173	154.563	-428.684
2000	174	357.181	-578.802
2000	175	-46.3425	-68.2951
2000	176	-109.63	-61.6758
2000	177	64.5785	334.178
2000	178	205.017	-88.0533
2000	179	135.821	-241.668
2000	180	120.135	-350.573
2000	181	23.3531	-302.641
2000	182	498.705	182.47
2000	183	221.135	-308.306
2000	184	-239.186	-549.862
2000	185	301.723	223.087
2000	186	-189.657	-7.22018
2000	187	182.845	326.174
2000	188	173.253	217.709
2000	189	50.6595	561.81
2000	190	208.865	-391.656
2000	191	26.6689	-278.196
2000	192	16.224	230.969
2000	193	-101.257	-605.664
2000	194	81.3875	-537.947
2000	195	181.257	163.05
2000	196	114.085	189.159
2000	197	42.138	-311.728
2000	198	201.174	-111.732
2000	199	385.97	340.428
2000	200	218.417	-302.693
2000	201	28.2165	350.597
2000	202	161.893	294.637
2000	203	-148.149	-145.076
2000	204	-82.6429	47.69
2000	205	-74.54	-384.079
2000	206	-41.4737	-75.0715
2000	207	-408.275	574.983
2000	208	-164.94	57.8494
2000	209	-188.799	362.777
2000	210	-145.775	80.7943
2000	211	-46.0267	-28.7484
2000	212	-362.349	80.4956
2000	213	-271.388	-157.367
2000	214	135.198	-211.723
2000	215	118.01	426.748
2000	216	-44.9052	265.298
2000	217	66.2099	47.434
2000	218	-146.94	155.436
2000	219	112.028	-133.937
2000	220	-79.34	17.5555
2000	221	188.047	128.559
2000	222	19.6298	428.105
2000	223	114.5	46.8091
2000	224	-300.677	-720.164
2000	225	-209.792	109.876
2000	226	4.34258	370.853
2000	227	67.4639	-315.004
2000	228	-37.9956	303.038
2000	229	145.677	-292.989
2000	230	252.216	-222.198
2000	231	-83.6618	139.652
2000	232	338.27	209.487
2000	233	270.204	313.147
2000	234	170.671	-179.276
2000	235	-82.9501	-189.865
2000	236	273.391	342.984
2000	237	-28.7825	231.713
2000	238	220.986	-516.837
2000	239	6.26284	-70.0179
2000	240	-176.912	213.223
2000	241	-244.567	190.75
2000	242	152.858	-111.728
2000	243	-242.635	359.486
2000	244	132.701	512.318
2000	245	-79.5933	278.025
2000	246	169.864	455.39
2000	247	-98.2376	54.4372
2000	248	272.602	-214.264
2000	249	-178.8	-73.494
2000	250	130.717	152.21
2000	251	-126.716	501.473
2000	252	193.393	60.4611
2000	253	-33.8883	-52.8647
2000	254	176.468	121.194
2000	255	43.0534	-368.154
2000	256	-22.0953	-535.208
2000	257	74.4722	33.6446
2000	258	328.415	40.8671
2000	259	133.696	-53.3127
2000	260	-130.068	256.539
2000	261	-106.289	-136.338
2000	262	-254.016	-122.053
2000	263	380.885	332.444
2000	264	-151.612	-591.51
2000	265	-172.168	-197.186
2000	266	24.9646	68.6763
2000	267	360.196	-228.023
2000	268	79.6545	201.237
2000	269	-92.4754	-249.58
2000	270	-62.6833	-107.743
2000	271	74.0363	-15.3111
2000	272	39.6549	-281.711
2000	273	-42.643	376.794
2000	274	267.728	321.216
2000	275	-259.369	-308.926
2000	276	3.08283	301.597
2000	277	104.198	-52.6973
2000	278	-54.4089	119.494
2000	279	-389.54	-445.348
2000	280	-237.568	-340.82
2000	281	-270.723	-226.074
2000	282	-397.113	191.757
2000	283	-60.4525	-96.7074
2000	284	33.9278	-1028.69
2000	285	-50.6239	-189.584
2000	286	-77.2673	-46.6974
2000	287	139.336	194.36
2000	288	357.887	463.943
2000	289	-31.4699	60.5337
2000	290	21.9651	423.179
2000	291	1.25246	-351.793
2000	292	213.987	433.912
2000	293	62.4705	-174.441
2000	294	174.447	-104.893
2000	295	-162.937	-246.348
2000	296	64.9581	72.7879
2000	297	-70.3114	382.969
2000	298	-73.5852	-684.934
2000	299	3.43783	594.527
2000	300	352.453	-286.093
2000	301	134.036	-16.0161
2000	302	-277.625	646.1
2000	303	-63.4572	-327.196
2000	304	92.2519	139.469
2000	305	308.319	45.2577
2000	306	-67.6346	20.1905
2000	307	315.184	326.835
2000	308	-90.794	101.195
2000	309	-299.195	475.83
2000	310	143.886	274.376
2000	311	10.691	-72.6324
2000	312	28.4536	228.426
2000	313	-78.1118	449.043
2000	314	102.712	-51.148
2000	315	-60.578	-44.7022
2000	316	-1.93257	171.239
2000	317	-134.393	-6.15687
2000	318	219.322	-197.563
2000	319	160.418	-147.118
2000	320	-72.6053	-4.66016
2000	321	247.991	-546.346
2000	322	-118.15	138.853
2000	323	-1.64404	505.111
2000	324	-341.901	-220.288
2000	325	245.021	265.543
2000	326	143.366	-50.9789
2000	327	-247.879	-529.79
2000	328	-252.692	48.2572
2000	329	128.358	-148.655
2000	330	-184.025	266.79
2000	331	-72.8878	-30.7393
2000	332	144.618	439.925
2000	333	438.992	-283.977
2000	334	-64.1187	-194.331
2000	335	71.8047	434.196
2000	336	-161.945	-52.0975
2000	337	38.5836	-603.842
2000	338	-62.2491	-644.942
2000	339	26.5956	149.674
2000	340	-34.7382	103.507
2000	341	153.828	85.8807
2000	342	175.896	-333.188
2000	343	-118.091	-600.017
2000	344	-64.8746	260.082
2000	345	209.905	8.499
2000	346	35.3619	601.562
2000	347	-249.705	-378.141
2000	348	-94.0229	319.251
2000	349	-335.659	33.2245
2000	350	235.518	618.452
2000	351	-107.349	484.525
2000	352	98.2551	136.431
2000	353	-51.9996	-354.661
2000	354	21.8948	-15.3436
2000	355	292.579	-825.068
2000	356	209.454	197.538
2000	357	-91.4861	162.919
2000	358	347.161	41.7475
2000	359	77.8183	433.638
2000	360	69.4812	-220.329
2000	361	33.5548	-175.423
2000	362	216.467	-189.651
2000	363	20.8411	-90.9631
2000	364	38.1951	499.49
2000	365	78.1351	-109.765
2000	366	-170.328	213.148
2000	367	313.585	4.37463
2000	368	-358.269	466.906
2000	369	146.697	218.051
2000	370	152.237	-260.947
2000	371	-192.079	-149.11
2000	372	98.6936	46.8898
2000	373	-93.3541	225.761
2000	374	-89.9396	-137.34
2000	375	176.135	-267.777
2000	376	273.218	-50.172
2000	377	-153.387	-299.58
2000	378	137.675	-508.062
2000	379	-22.488	-27.5041
2000	380	-137.44	157.82
2000	381	-249.257	222.985
2000	382	95.9838	240.416
2000	383	19.938	-28.2271
2000	384	106.675	-65.4679
2000	385	-127.44	-92.1683
2000	386	-229.767	-175.605
2000	387	25.8471	79.1947
2000	388	-111.445	-20.8054
2000	389	-55.2325	-260.14
2000	390	95.1789	-130.046
2000	391	138.07	-62.0812
2000	392	203.3	-262.209
2000	393	1.50267	458.504
2000	394	152.659	77.697
2000	395	17.3156	-86.2381
2000	396	149.797	-374.705
2000	397	-188.09	-164.619
2000	398	13.707	217.992
2000	399	54.7763	-171.848
2000	400	131.705	-451.158
2000	401	-317.673	115.946
2000	402	239.865	-126.476
2000	403	-50.7825	-407.72
2000	404	-268.715	-239.025
2000	405	30.9127	88.5331
2000	406	405.153	-160.43
2000	407	-315.853	-333.7
2000	408	-63.9348	-510.49
2000	409	47.7687	-452.424
2000	410	262.187	-225.51
2000	411	152.377	-184.042
2000	412	158.176	-452.175
2000	413	-11.6474	-232.308
2000	414	-196.294	-37.5805
2000	415	235.517	-203.921
2000	416	-179.568	-85.2413
2000	417	-112.105	116.557
2000	418	-315.578	-178.847
2000	419	94.2417	-60.2949
2000	420	-33.7242	-339.681
2000	421	168.028	-459.067
2000	422	-36.4612	-72.4563
2000	423	59.0847	-307.873
2000	424	-147.723	402.962
2000	425	71.3072	349.537
2000	426	-168.17	-138.94
2000	427	-30.1486	314.179
2000	428	272.281	-198.112
2000	429	-61.8233	164.1
2000	430	319.031	-596.534
2000	431	207.839	89.194
2000	432	-119.212	-373.75
2000	433	-15.3125	-60.0592
2000	434	359.757	218.465
2000	435	252.036	-289.873
2000	436	-110.228	7.49615
2000	437	100.104	267.894
2000	438	-131.703	-10.4818
2000	439	64.7266	188.564
2000	440	110.688	-740.389
2000	441	-112.022	-541.063
2000	442	-213.68	-214.463
2000	443	94.6715	-327.883
2000	444	-300.759	167.844
2000	445	359.388	82.2156
2000	446	153.182	149.117
2000	447	-18.9101	-311.635
2000	448	348.593	1124.72
2000	449	-265.058	63.4784
2000	450	349.323	121.655
2000	451	20.9751	23.369
2000	452	-101.761	90.2837
2000	453	-96.7921	-213.761
2000	454	104.257	342.775
2000	455	-351.775	34.7426
2000	456	-75.7779	-204.214
2000	457	92.8239	-80.1469
2000	458	43.4204	-496.699
2000	459	-111.282	-220.864
2000	460	-259.467	-122.922
2000	461	-71.3722	-703.216
2000	462	106.21	-290.042
2000	463	-168.917	-108.971
2000	464	294.055	391.227
2000	465	-196.916	-62.1192
2000	466	-194.009	307.951
2000	467	-21.7565	151.778
2000	468	-326.934	492.483
2000	469	27.014	126.172
2000	470	-40.4515	479.99
2000	471	255.67	107.189
2000	472	-379.296	-137.59
2000	473	-49.7699	-98.2285
2000	474	-287.66	44.3563
2000	475	-40.3419	27.6434
2000	476	128.234	24.232
2000	477	-69.3633	-118.558
2000	478	138.161	-335.024
2000	479	-59.6706	188.251
2000	480	-132.198	-233.586
2000	481	133.151	473.291
2000	482	-296.651	-407.533
2000	483	-91.8736	76.4889
2000	484	100.388	-343.292
2000	485	167.572	-544.206
2000	486	-166.288	-150.051
2000	487	198.953	-101.471
2000	488	171.42	-69.1745
2000	489	181.302	207.086
2000	490	68.5476	439.211
2000	491	132.595	35.1061
2000	492	218.814	-120.775
2000	493	-229.631	174.227
2000	494	156.131	-149.541
2000	495	-188.879	-121.608
2000	496	-87.8336	-365.686
2000	497	-230.593	89.37
2000	498	91.0822	286.151
2000	499	219.527	552.774
4000	0	-152.257	279.375
4000	1	122.88	-166.474
4000	2	361.512	37.1754
4000	3	-132.949	-402.722
4000	4	-274.694	-451.447
4000	5	-116.738	293.206
4000	6	37.2266	-533.207
4000	7	267.069	-200.81
4000	8	-283.065	224.345
4000	9	39.6566	208.462
4000	10	90.6523	400.417
4000	11	8.94487	-218.319
4000	12	-161.389	-82.3745
4000	13	-168.466	-408.707
4000	14	134.741	180.13
4000	15	-140.599	-287.674
4000	16	85.9861	-180.754
4000	17	-35.8271	-309.178
4000	18	387.713	-465.998
4000	19	270.981	-418.728
4000	20	-95.7104	-485.04
4000	21	-381.966	-149.397
4000	22	226.68	-443.352
4000	23	614.157	585.213
4000	24	-265.886	-523.484
4000	25	-263.348	206.91
4000	26	-130.666	381.868
4000	27	195.739	-332.004
4000	28	515.481	631.173
4000	29	-882.014	-272.643
4000	30	-253.51	102.381
4000	31	219.244	969.972
4000	32	-50.3108	26.8142
4000	33	-102.132	81.1517
4000	34	149.501	-400.619
4000	35	-46.7931	-1134.93
4000	36	288.65	-367.3
4000	37	3.32043	540.27
4000	38	-285.564	72.6724
4000	39	-244.404	112.084
4000	40	7.31663	-478.368
4000	41	-161.42	-50.5933
4000	42	-103.261	-717.49
4000	43	297.543	245.1
4000	44	-320.765	-668.428
4000	45	-644.818	816.536
4000	46	-172.876	248.488
4000	47	69.2431	-258.902
4000	48	81.6955	-991.419
4000	49	117.514	245.196
4000	50	128.044	-784.959
4000	51	197.127	333.014
4000	52	-459.76	-454.214
4000	53	-110.48	207.021
4000	54	339.743	-99.3362
4000	55	159.35	-141.282
4000	56	369.797	-343.591
4000	57	-238.787	664.641
4000	58	88.4049	252.501
4000	59	390.739	462.767
4000	60	-505.322	398.169
4000	61	-66.4109	691.492
4000	62	-244.51	-124.436
4000	63	11.8358	131.798
4000	64	10.8587	182.454
4000	65	123.047	322.253
4000	66	224.698	-618.087
4000	67	32.3429	-96.8568
4000	68	115.057	352.592
4000	69	-19.0139	-370.985
4000	70	196.654	154.402
4000	71	12.7726	262.925
4000	72	69.7149	-235.548
4000	73	100.64	-186.168
4000	74	-144.54	108.732
4000	75	59.4204	873.236
4000	76	127.498	-512.942
4000	77	-11.8951	407.342
4000	78	-22.4926	583.792
4000	79	-500.72	-295.961
4000	80	213.23	199.768
4000	81	214.272	-330.92
4000	82	70.3499	-223.856
4000	83	-16.6401	53.8961
4000	84	44.7294	70.112
4000	85	294.246	570.828
4000	86	-251.368	176.369
4000	87	366.386	-567.746
4000	88	349.752	618.979
4000	89	28.7837	365.162
4000	90	125.963	-86.2892
4000	91	-231.203	417.65
4000	92	130.876	625.567
4000	93	406.406	-748.08
4000	94	-159.213	-5.85484
4000	95	61.9206	642.658
4000	96	4.39089	-474.754
4000	97	-54.8714	-211.738
4000	98	173.668	126.888
4000	99	250.365	604.249
4000	100	-195.418	142.045
4000	101	307.821	42.4716
4000	102	170.675	424.113
4000	103	-156.26	-138.555
4000	104	93.8473	167.704
4000	105	-94.4014	345.076
4000	106	168.476	510.347
4000	107	274.37	-297.113
4000	108	-121.734	229.822
4000	109	171.517	588.863
4000	110	-27.546	-774.739
4000	111	-49.4036	277.029
4000	112	161.415	129.432
4000	113	-26.838	5.63201
4000	114	330.155	232.302
4000	115	218.998	456.881
4000	116	37.6941	663.61
4000	117	-69.1025	158.791
4000	118	-528.091	-546.92
4000	119	156.726	-292.187
4000	120	-1.75848	-780.899
4000	121	135.275	193.274
4000	122	58.9274	566.667
4000	123	146.534	-54.548
4000	124	99.8635	-106.734
4000	125	-242.359	526.032
4000	126	-518.291	-426.908
4000	127	-81.28	522.227
4000	128	-166.21	-812.778
4000	129	-16.3968	-180.247
4000	130	282.431	-533.376
4000	131	-4.70185	423.281
4000	132	-278.455	-203.335
4000	133	-17.2022	684.774
4000	134	-83.1331	-471.289
4000	135	-129.819	260.067
4000	136	-103.303	25.3298
4000	137	45.9948	-154.593
4000	138	422.566	-908.25
4000	139	331.735	-180.557
4000	140	6.20968	-513.831
4000	141	347.004	-268.85
4000	142	-132.689	-145.945
4000	143	-137.866	188.808
4000	144	340.403	-628.153
4000	145	22.1541	-584.485
4000	146	392.135	-46.0101
4000	147	24.2076	-12.8459
4000	148	-275.004	231.483
4000	149	259.759	130.205
4000	150	-124.974	-55.4829
4000	151	-70.2496	284.623
4000	152	168.872	300.607
4000	153	273.486	-75.6297
4000	154	156.685	346.136
4000	155	382.89	-86.1371
4000	156	-494.662	567.399
4000	157	291.348	25.0869
4000	158	126.547	-14.4138
4000	159	189.998	363.156
4000	160	-200.831	-213.865
4000	161	307.673	840.2
4000	162	-26.0863	537.311
4000	163	454.748	-440.013
4000	164	-74.341	-166.759
4000	165	-487.883	96.2384
4000	166	-515.179	487.217
4000	167	280.529	-161.488
4000	168	33.9658	-104.411
4000	169	-396.114	78.1806
4000	170	-593.386	188.633
4000	171	-151.363	-432.001
4000	172	140.577	1102.08
4000	173	-88.6317	-181.072
4000	174	557.152	-658.417
4000	175	-52.0734	501.15
4000	176	-149.424	-52.6972
4000	177	86.7312	379.435
4000	178	420.107	37.6892
4000	179	100.906	-180.146
4000	180	240.67	-122.594
4000	181	253.633	-446.937
4000	182	720.003	296.209
4000	183	281.213	-426.916
4000	184	-339.894	-335.231
4000	185	242.39	405.946
4000	186	-129.664	-18.9423
4000	187	67.8738	768.8
4000	188	81.8772	710.558
4000	189	490.776	901.321
4000	190	231.655	-749.679
4000	191	7.44107	111.917
4000	192	233.538	81.347
4000	193	-84.5776	-1232.07
4000	194	-97.4604	-628.97
4000	195	105.951	581.728
4000	196	313.499	239.806
4000	197	110.572	-277.615
4000	198	319.661	-368.912
4000	199	266.186	367.004
4000	200	161.585	-408.851
4000	201	-188.075	123.03
4000	202	283.327	-198.247
4000	203	43.0515	-775.771
4000	204	-104.581	-22.845
4000	205	25.725	-419.719
4000	206	-176.145	-8.52254
4000	207	-328.271	397.673
4000	208	-267.142	309.478
4000	209	-217.985	300.271
4000	210	164.748	212.123
4000	211	-1.8855	-398.274
4000	212	-771.655	291.017
4000	213	-9.83503	301.845
4000	214	-82.1039	-521.423
4000	215	-65.576	655.628
4000	216	-203.212	170.424
4000	217	205.212	-203.755
4000	218	45.54	377.83
4000	219	552.079	-159.446
4000	220	97.7013	-289.703
4000	221	141.296	32.1813
4000	222	101.178	182.311
4000	223	191.699	270.975
4000	224	-459.824	-1069.77
4000	225	-288.732	-160.067
4000	226	27.2474	150.257
4000	227	-172.956	-323.158
4000	228	183.096	743.165
4000	229	340.348	-159.481
4000	230	-68.0977	-428.635
4000	231	-387.174	535.453
4000	232	281.498	-133.01
4000	233	331.207	799.399
4000	234	8.38527	-232.094
4000	235	-100.851	-154.456
4000	236	607.703	392.63
4000	237	291.293	154.929
4000	238	139.087	-804.774
4000	239	-154.647	303.667
4000	240	-207.853	21.4429
4000	241	-63.3725	-373.295
4000	242	-184.755	188.122
4000	243	-443.81	414.297
4000	244	94.3253	893.61
4000	245	7.2883	112.895
4000	246	426.587	333.691
4000	247	160.15	763.283
4000	248	509.933	-205.437
4000	249	-158.721	146.53
4000	250	271.87	513.622
4000	251	193.055	85.5783
4000	252	152.335	-535.408
4000	253	86.3138	-236.811
4000	254	-121.675	99.9828
4000	255	141.51	-326.251
4000	256	-241.618	-655.95
4000	257	69.3872	273.253
4000	258	194.278	138.672
4000	259	54.79	-514.75
4000	260	-211.488	466.795
4000	261	-227.475	292.141
4000	262	-134.446	-761.334
4000	263	461.405	725.904
4000	264	-83.2216	-1195.56
4000	265	-155.291	94.1546
4000	266	16.6185	263.159
4000	267	3.79013	-182.761
4000	268	212.091	424.017
4000	269	-174.199	-582.381
4000	270	61.8373	-190.33
4000	271	-99.4091	-97.468
4000	272	197.014	-406.784
4000	273	-41.8759	342.604
4000	274	109.566	320.179
4000	275	-539.558	-270.908
4000	276	-54.7779	151.854
4000	277	155.599	439.352
4000	278	106.303	61.7426
4000	279	-390.47	-607.111
4000	280	41.1353	-212.784
4000	281	46.8937	-459.725
4000	282	-97.1038	194.787
4000	283	18.372	-6.60101
4000	284	234.798	-1161.66
4000	285	-273.636	-240.655
4000	286	122.184	-397.864
4000	287	299.508	622.077
4000	288	398.131	657.511
4000	289	-14.7813	-588.436
4000	290	241.638	516.469
4000	291	-120.654	-1004.66
4000	292	32.4719	386.75
4000	293	-16.0367	225.966
4000	294	241.229	168.256
4000	295	-204.359	-293.73
4000	296	-75.426	-217.203
4000	297	-309.23	-124.11
4000	298	29.0437	-228.198
4000	299	62.7229	1237.8
4000	300	333.469	-730.462
4000	301	-30.7945	-186.804
4000	302	-179.391	1018.67
4000	303	218.931	-75.5585
4000	304	391.612	642.397
4000	305	210.732	411.941
4000	306	26.9461	-92.0275
4000	307	540.103	-145.996
4000	308	166.873	-45.4529
4000	309	-199.573	988.255
4000	310	260.991	276.368
4000	311	-430.103	-278.31
4000	312	-93.2678	781.962
4000	313	44.6981	487.012
4000	314	257.381	-369.588
4000	315	-500.618	41.0565
4000	316	119.958	434.596
4000	317	-194.669	48.8144
4000	318	55.8165	-259.783
4000	319	12.9079	440.367
4000	320	-171.305	273.258
4000	321	90.378	-451.46
4000	322	25.8334	232.681
4000	323	-122.511	417.06
4000	324	-45.0486	10.2359
4000	325	307.235	207.322
4000	326	-125.965	-146.286
4000	327	-230.153	-194.95
4000	328	-54.3212	-593.116
4000	329	146.062	-49.5174
4000	330	-62.9411	406.966
4000	331	26.6961	-126.982
4000	332	241.501	1007.06
4000	333	582.7	-436.329
4000	334	-81.3432	-265.732
4000	335	91.6468	293.024
4000	336	-160.217	552.441
4000	337	37.0474	-568.688
4000	338	38.2215	-421.39
4000	339	-155.913	57.1508
4000	340	40.0853	-92.9302
4000	341	211.802	186.76
4000	342	175.859	-602.899
4000	343	-117.208	-511.355
4000	344	1.95261	347.471
4000	345	222.858	-266.073
4000	346	-45.3386	640.767
4000	347	-89.2304	-299.318
4000	348	0.309587	90.4417
4000	349	-235.03	-548.718
4000	350	181.337	728.768
4000	351	-109.541	661.093
4000	352	-202.173	-179.2
4000	353	-11.0338	-318.699
4000	354	19.4038	-103.68
4000	355	183.608	-430.954
4000	356	6.81398	597.106
4000	357	223.303	73.8772
4000	358	428.665	-718.815
4000	359	102.14	234.906
4000	360	67.1114	-281.983
4000	361	174.524	-141.86
4000	362	277.246	-148.105
4000	363	161.005	-67.6674
4000	364	-4.73858	426.497
4000	365	139.339	-13.9771
4000	366	-349.129	234.17
4000	367	335.788	81.9082
4000	368	-382.79	435.712
4000	369	220.639	565.926
4000	370	195.334	-324.762
4000	371	-106.497	-46.0093
4000	372	79.1276	-124.352
4000	373	-532.404	197.543
4000	374	-251.411	-21.8315
4000	375	181.975	-176.387
4000	376	212.964	48.8423
4000	377	-9.05253	-260.329
4000	378	257.468	-497.853
4000	379	116.886	-612.315
4000	380	41.0846	471.31
4000	381	-247.684	-34.8119
4000	382	-144.696	480.619
4000	383	-31.1927	-432.666
4000	384	-51.9262	-154.613
4000	385	-168.9	-69.9057
4000	386	-529.497	-317.339
4000	387	65.3685	-273.97
4000	388	-191.052	129.983
4000	389	148.975	-157.545
4000	390	-45.7087	-41.459
4000	391	58.5962	132.422
4000	392	-55.1828	-835.535
4000	393	183.768	670.295
4000	394	416.248	123.929
4000	395	-4.81307	84.6273
4000	396	109.259	177.77
4000	397	-432.393	-36.9612
4000	398	232.411	185.396
4000	399	27.8119	-582.746
4000	400	32.4814	-612.681
4000	401	-224.043	-138.302
4000	402	-102.339	129.42
4000	403	-292.035	-79.4007
4000	404	-68.9059	-263.383
4000	405	210.706	221.708
4000	406	807.751	-786.718
4000	407	-85.1642	-483.37
4000	408	231.55	-635.905
4000	409	-252.131	-798.485
4000	410	501.965	61.435
4000	411	251.791	-263.683
4000	412	417.709	-592.976
4000	413	244.734	-460.82
4000	414	-415.791	-65.4006
4000	415	237.783	180.104
4000	416	-457.758	51.1779
4000	417	-348.164	134.851
4000	418	-232.525	-222.008
4000	419	276.291	123.878
4000	420	-111.695	-29.0308
4000	421	425.108	-324.929
4000	422	-40.4968	-263.402
4000	423	41.3534	-536.766
4000	424	-268.7	1027.42
4000	425	189.9	344.4
4000	426	-74.1795	-546.663
4000	427	6.01314	384.646
4000	428	417.184	229.044
4000	429	-142.012	295.834
4000	430	635.819	-562.362
4000	431	370.444	17.0769
4000	432	-229.919	-505.039
4000	433	-362.602	-104.304
4000	434	238.981	47.0793
4000	435	151.989	-442.528
4000	436	-30.6401	-466.354
4000	437	119.219	492.544
4000	438	-12.0441	-58.3395
4000	439	162.707	201.192
4000	440	168.645	-920.936
4000	441	48.3044	-429.115
4000	442	-511.613	-515.12
4000	443	-103.971	-549.614
4000	444	-104.912	210.516
4000	445	339.189	-218.765
4000	446	98.6706	-456.856
4000	447	24.2012	94.4055
4000	448	51.7908	897.299
4000	449	-281.717	47.7351
4000	450	192.151	-74.0592
4000	451	166.902	173.704
4000	452	-404.516	23.2569
4000	453	301.242	-220.664
4000	454	-57.4051	274.527
4000	455	-413.837	80.9042
4000	456	-134.988	-176.639
4000	457	72.7132	-226.434
4000	458	-33.4572	-569.38
4000	459	111.564	-50.892
4000	460	-416.754	113.047
4000	461	-50.5843	-905.031
4000	462	316.045	-547.791
4000	463	-168.082	-525.28
4000	464	170.226	-1.57362
4000	465	-86.0132	-4.26661
4000	466	-290.207	213.865
4000	467	41.4243	426.961
4000	468	-132.681	-28.8498
4000	469	223.976	8.42212
4000	470	-39.9099	167.139
4000	471	104.715	37.826
4000	472	-604.269	161.841
4000	473	-189.641	173.731
4000	474	-260.631	78.5131
4000	475	120.409	-64.8156
4000	476	187.168	14.562
4000	477	112.994	-334.261
4000	478	316.676	-717.536
4000	479	-58.7964	371.812
4000	480	-193.267	-292.66
4000	481	179.381	600.324
4000	482	-355.185	-68.6452
4000	483	-144.768	-292.535
4000	484	330.144	-868.595
4000	485	272.603	-886.49
4000	486	-150.716	-240.27
4000	487	42.2141	-229.012
4000	488	272.601	-176.537
4000	489	-24.9182	-126.407
4000	490	52.701	814.153
4000	491	175.589	-98.7993
4000	492	152.571	-401.77
4000	493	-410.127	-28.28
4000	494	238.63	-236.955
4000	495	-327.901	-184.16
4000	496	-313.405	-847.58
4000	497	-392.77	-342.415
4000	498	-187.999	631.55
4000	499	498.358	131.073
6000	0	-337.751	665.257
6000	1	40.6121	17.8264
6000	2	742.902	-20.5717
6000	3	-190.76	-552.837
6000	4	3.72192	-389.856
6000	5	-418.998	580.809
6000	6	35.778	-853.528
6000	7	147.622	-46.8557
6000	8	-165.013	370.127
6000	9	256.518	155.763
6000	10	89.6854	93.3267
6000	11	48.6024	77.4654
6000	12	262.894	577.072
6000	13	-227.96	-629.999
6000	14	-248.952	-20.6522
6000	15	-239.799	-257.104
6000	16	503.882	-103.37
6000	17	99.6609	-37.522
6000	18	596.89	-875.279
6000	19	372.062	-656.196
6000	20	-255.823	-897.134
6000	21	-143.055	-338.316
6000	22	229.005	130.225
6000	23	617.21	813.879
6000	24	-47.8346	-214.438
6000	25	-305.244	427.302
6000	26	50.1508	483.067
6000	27	176.103	-405.047
6000	28	516.509	-136.558
6000	29	-907.351	-78.0067
6000	30	-477.932	711.941
6000	31	-301.567	767.854
6000	32	7.86668	154.208
6000	33	-133.983	192.656
6000	34	307.081	-443.449
6000	35	-364.673	-792.224
6000	36	230.264	-555.488
6000	37	-115.765	959.134
6000	38	-104.678	-469.731
6000	39	-405.223	-114.185
6000	40	-9.22911	-623.012
6000	41	-251.822	-182.978
6000	42	-234.325	-824.142
6000	43	376.958	305.053
6000	44	-556.495	-740.284
6000	45	-927.42	678.32
6000	46	-173.135	458.953
6000	47	151.92	-235.102
6000	48	-37.9423	-435.968
6000	49	-25.0011	275.851
6000	50	-272.544	-1384.33
6000	51	117.167	697.188
6000	52	-579.495	-538.432
6000	53	-161.695	836.395
6000	54	458.872	147.611
6000	55	218.219	-137.812
6000	56	470.207	-246.194
6000	57	2.4533	436.427
6000	58	269.022	395.221
6000	59	147.778	362.982
6000	60	-448.141	409.647
6000	61	-164.66	792.102
6000	62	-327.173	-330.223
6000	63	112.027	-417.497
6000	64	188.234	376.622
6000	65	82.6463	776.414
6000	66	206.188	-920.071
6000	67	-109.785	-221.295
6000	68	336.487	615.257
6000	69	-238.446	-760.077
6000	70	218.07	-213.693
6000	71	-266.588	184.546
6000	72	-72.4242	-404.283
6000	73	76.007	85.7448
6000	74	-184.756	376.572
6000	75	-212.978	1313.02
6000	76	-233.19	-427.31
6000	77	-146.41	857.118
6000	78	225.016	70.4794
6000	79	-661.162	-167.739
6000	80	-49.0377	-234.052
6000	81	210.405	-239.905
6000	82	110.742	195.168
6000	83	-217.099	-433.235
6000	84	82.8625	490.709
6000	85	191.543	556.028
6000	86	-471.419	376.052
6000	87	428.84	-702.773
6000	88	450.414	616.205
6000	89	-255.589	-279.444
6000	90	246.411	221.121
6000	91	-552.314	54.6226
6000	92	149.206	732.686
6000	93	482.471	-472.309
6000	94	-341.162	-232.334
6000	95	-80.7326	661.361
6000	96	-366.944	-516.189
6000	97	-43.2154	-704.634
6000	98	74.6546	454.086
6000	99	50.9906	466.974
6000	100	-652.401	-20.8134
6000	101	165.331	-163.928
6000	102	253.055	181.21
6000	103	-314.803	-2.78276
6000	104	196.592	-226.448
6000	105	-157.362	-14.89
6000	106	208.983	1092.62
6000	107	315.5	-105.215
6000	108	-83.8556	498.612
6000	109	271.603	394.401
6000	110	291.253	-842.613
6000	111	-148.707	169.317
6000	112	-180.36	748.226
6000	113	97.5459	-49.0754
6000	114	410.664	381.027
6000	115	18.1172	462.912
6000	116	-276.855	188.367
6000	117	251.568	344.174
6000	118	-717.807	-271.265
6000	119	377.639	-223.073
6000	120	10.4844	-776.041
6000	121	237.618	-35.3473
6000	122	-91.7303	239.254
6000	123	-8.54911	-80.8612
6000	124	139.161	-39.9904
6000	125	-509.341	441.795
6000	126	-532.162	-288.154
6000	127	51.3705	448.656
6000	128	-139.971	-550.764
6000	129	186.128	-177.25
6000	130	305.121	-198.528
6000	131	226.657	209.819
6000	132	-302.317	-777.773
6000	133	105.761	305.715
6000	134	-389.745	157.461
6000	135	-70.1003	130.35
6000	136	32.0721	30.6262
6000	137	42.4207	-433.791
6000	138	503.298	-1170.62
6000	139	311.894	-353.174
6000	140	-180.879	-392.162
6000	141	113.943	14.2015
6000	142	-96.459	-321.703
6000	143	-217.211	828.737
6000	144	121.427	-891.132
6000	145	-252.014	-663.063
6000	146	337.586	315.621
6000	147	-78.3391	-45.7646
6000	148	-417.739	465.075
6000	149	237.856	253.01
6000	150	-396.217	-228.265
6000	151	74.1737	501.407
6000	152	306.972	598.484
6000	153	493.858	-715.892
6000	154	294.4	91.4264
6000	155	343.781	-359.335
6000	156	-583.68	554.219
6000	157	352.697	-16.1473
6000	158	-50.5081	196.39
6000	159	532.747	410.354
6000	160	-550.415	-239.998
6000	161	301.784	927.004
6000	162	278.975	568.729
6000	163	260.614	-592.904
6000	164	-276.635	200.713
6000	165	-368.931	89.1619
6000	166	-863.346	673.778
6000	167	142.012	-876.638
6000	168	93.1508	-47.0422
6000	169	-571.894	-511.823
6000	170	-615.821	-61.38
6000	171	-91.9589	-198.264
6000	172	281.171	891.695
6000	173	157.738	-29.1075
6000	174	734.752	-1155.2
6000	175	92.9788	546.1
6000	176	87.2761	-255.406
6000	177	124.781	668.514
6000	178	534.525	306.34
6000	179	55.5201	-403.672
6000	180	25.4005	-487.295
6000	181	246.385	-987.549
6000	182	1098.72	553.671
6000	183	283.08	-1017.34
6000	184	-654.128	-18.7528
6000	185	-37.3513	892.466
6000	186	-349.201	242.498
6000	187	127.516	737.012
6000	188	-77.8027	550.872
6000	189	630.693	661.087
6000	190	388.823	-890.617
6000	191	-174.268	-13.2469
6000	192	216.642	146.298
6000	193	-204.508	-1071.45
6000	194	21.3989	-199.581
6000	195	304.234	-239.602
6000	196	236.572	768.355
6000	197	117.434	-190.154
6000	198	220.714	-85.737
6000	199	188.791	317.325
6000	200	-81.9968	-654.898
6000	201	-270.398	557.116
6000	202	373.868	-175.517
6000	203	200.317	-416.549
6000	204	136.98	-4.8365
6000	205	-195.044	-769.88
6000	206	-396.811	-272.209
6000	207	88.8971	321.064
6000	208	-265.4	-549.113
6000	209	-158.202	481.365
6000	210	341.987	241.49
6000	211	-223.65	-1013.86
6000	212	-644.154	543.075
6000	213	25.7233	279.512
6000	214	-358.946	-909.727
6000	215	-405.119	694.684
6000	216	-465.289	318.603
6000	217	484.726	-143.91
6000	218	72.7051	82.5692
6000	219	671.797	-214.017
6000	220	21.4151	-529.417
6000	221	400.044	452.174
6000	222	62.9691	575.83
6000	223	89.8248	646.367
6000	224	-339.067	-1025.04
6000	225	-109.219	27.9265
6000	226	385.861	502.272
6000	227	-178.491	-211.746
6000	228	382.627	1160.07
6000	229	243.543	-126.372
6000	230	-46.32	-478.672
6000	231	-446.541	470.282
6000	232	104.093	-105.584
6000	233	231.058	1193.06
6000	234	-171.774	-13.2622
6000	235	-3.70798	-126.053
6000	236	608.374	328.31
6000	237	110.305	233.622
6000	238	18.0221	-985.382
6000	239	-9.39619	246.264
6000	240	-224.936	439.425
6000	241	216.025	-59.743
6000	242	-167.061	124.781
6000	243	-394.353	544.028
6000	244	-227.208	1036.26
6000	245	-232.57	754.991
6000	246	387.259	425.009
6000	247	97.805	978.195
6000	248	714.149	-287.829
6000	249	-375.837	531.377
6000	250	331.825	476.464
6000	251	52.6001	77.7984
6000	252	-287.93	-242.817
6000	253	-52.3437	303.652
6000	254	-221.188	301.839
6000	255	-97.1834	-409.618
6000	256	-98.4862	-725.911
6000	257	-128.897	435.4
6000	258	90.4833	115.131
6000	259	208.876	-531.745
6000	260	-491.455	256.296
6000	261	-263.681	355.873
6000	262	4.24688	-784.267
6000	263	621.41	471.83
6000	264	123.287	-1096.93
6000	265	-14.6104	-278.577
6000	266	-53.8801	192.839
6000	267	259.999	-542.426
6000	268	260.954	387.008
6000	269	6.60199	-267.404
6000	270	65.2289	-683.738
6000	271	-22.8396	434.46
6000	272	17.4565	-184.786
6000	273	-82.6886	-77.7214
6000	274	165.87	453.736
6000	275	-638.952	-250.717
6000	276	-53.019	124.537
6000	277	177.577	520.846
6000	278	-141.303	54.5677
6000	279	-428.105	-413.779
6000	280	-97.3023	-187.919
6000	281	-130.939	-255.949
6000	282	-250.772	-39.1803
6000	283	-38.5262	-335.282
6000	284	713.926	-738.628
6000	285	-270.465	-453.913
6000	286	261.831	-432.384
6000	287	478.087	698.787
6000	288	718.057	795.112
6000	289	-70.2654	-616.475
6000	290	165.235	1101
6000	291	0.2628	-1307.54
6000	292	-188.68	719.739
6000	293	224.08	208.577
6000	294	278.001	370.213
6000	295	-246.194	-612.964
6000	296	-213.097	-190.686
6000	297	-471.553	152.758
6000	298	129.019	125.061
6000	299	-175.575	1532.24
6000	300	549.783	-756.561
6000	301	167.654	452.917
6000	302	-318.504	487.645
6000	303	176.26	-209.174
6000	304	153.163	924.616
6000	305	82.8086	272.662
6000	306	-227.254	374.162
6000	307	376.391	212.821
6000	308	-72.0122	-133.777
6000	309	-379.746	1806.27
6000	310	814.742	130.476
6000	311	-270.317	-462.001
6000	312	-58.8739	953.705
6000	313	-11.7812	144.867
6000	314	172.133	-110.847
6000	315	-640.094	-132.469
6000	316	275.156	579.203
6000	317	-48.3529	-91.4895
6000	318	119.412	-454.363
6000	319	-269.115	-227.093
6000	320	-92.3526	144.627
6000	321	70.4652	-114.063
6000	322	-77.4451	12.9785
6000	323	-299.307	761.922
6000	324	155.525	-331.079
6000	325	326.46	55.8176
6000	326	-67.0633	-389.542
6000	327	-288.916	-327.78
6000	328	-110.185	-59.9354
6000	329	250.938	230.356
6000	330	-119.88	369.503
6000	331	-90.7152	101.479
6000	332	66.8613	763.644
6000	333	615.501	-752.779
6000	334	138.136	-622.642
6000	335	-169.696	-11.688
6000	336	2.6955	828.46
6000	337	-81.7655	-485.039
6000	338	-161.105	-549.982
6000	339	-239.19	833.281
6000	340	25.8861	-912.554
6000	341	-68.4612	440.665
6000	342	-25.7923	-434.717
6000	343	-78.4266	-98.3497
6000	344	72.2692	385.454
6000	345	125.162	34.8372
6000	346	-144.634	771.429
6000	347	-98.5764	-633.659
6000	348	-17.7215	-311.643
6000	349	-274.494	-702.098
6000	350	362.925	602.093
6000	351	174.636	822.137
6000	352	-264.95	-801.476
6000	353	8.87841	-468.388
6000	354	100.551	-149.843
6000	355	501.724	-485.554
6000	356	124.974	300.798
6000	357	147.837	625.416
6000	358	370.321	-490.481
6000	359	156.945	299.008
6000	360	286.821	-567.307
6000	361	412.387	118.602
6000	362	96.6436	-319.224
6000	363	376.837	-162.117
6000	364	-262.752	811.06
6000	365	38.1138	-369.379
6000	366	-192.615	-160.423
6000	367	-187.094	503.254
6000	368	-410.796	148.285
6000	369	211.664	371.532
6000	370	253.592	-389.732
6000	371	-189.666	22.5292
6000	372	15.2315	-317.53
6000	373	-612.893	-470.07
6000	374	-498.398	127.187
6000	375	15.5122	-649.916
6000	376	-190.397	372.159
6000	377	-57.9923	-346.156
6000	378	161.173	-188.21
6000	379	-105.132	-1051.79
6000	380	-56.0345	609.407
6000	381	-227.194	-248.295
6000	382	-163.765	556.074
6000	383	559.038	-1159.19
6000	384	85.3503	-199.415
6000	385	229.106	377.506
6000	386	-594.319	-110.43
6000	387	86.1204	-163.029
6000	388	-269.521	450.789
6000	389	248.933	-8.81921
6000	390	-43.4822	-699.94
6000	391	-21.8146	586.579
6000	392	-252.845	-610.65
6000	393	-298.901	401.409
6000	394	436.357	353.704
6000	395	233.906	-447.819
6000	396	-8.84026	132.516
6000	397	-441.748	54.4593
6000	398	373.455	95.3461
6000	399	370.714	-838.596
6000	400	-126.902	-576.212
6000	401	-145.41	6.0452
6000	402	85.977	-231.532
6000	403	-212.382	-650.428
6000	404	-231.403	64.0048
6000	405	201.846	-191.783
6000	406	1022.74	-929.129
6000	407	25.6714	-220.154
6000	408	350.477	-759.398
6000	409	-252.082	-637.155
6000	410	776.286	75.241
6000	411	165.718	256.502
6000	412	38.7691	-681.239
6000	413	226.469	-606.504
6000	414	-837.459	432.302
6000	415	40.1698	-213.078
6000	416	-736.968	-437.861
6000	417	-204.074	4.37843
6000	418	167.285	-99.6274
6000	419	234.9	-214.619
6000	420	-148.227	269.477
6000	421	368.043	-232.106
6000	422	-63.7888	-446.239
6000	423	-40.6171	-407.582
6000	424	-125.309	1132.01
6000	425	309.982	107.018
6000	426	-308.078	-574.144
6000	427	50.8218	-129.969
6000	428	292.429	416.053
6000	429	75.7142	906.216
6000	430	398.571	-288.943
6000	431	-9.43014	-151.551
6000	432	-357.719	-1487.85
6000	433	-556.899	179.547
6000	434	460.039	212.06
6000	435	451.807	-754.61
6000	436	-93.1227	-334.164
6000	437	303.569	544.878
6000	438	-127.663	-21.6133
6000	439	185.146	326.951
6000	440	367.437	-1073.7
6000	441	-31.3784	-883.405
6000	442	-612.179	-45.7475
6000	443	-103.864	-718.836
6000	444	-42.978	229.918
6000	445	233.987	-685.411
6000	446	-171.438	-726.642
6000	447	-198.233	225.795
6000	448	32.8265	961.222
6000	449	-303.167	393.188
6000	450	150.213	4.90225
6000	451	390.683	-30.3797
6000	452	-486.422	4.91579
6000	453	242.338	-182.824
6000	454	-78.2172	356.847
6000	455	-247.194	-3.3378
6000	456	103.228	68.05
6000	457	-46.5817	-246.466
6000	458	-36.3716	-485.188
6000	459	67.9223	-642.291
6000	460	-219.013	288.244
6000	461	-90.0435	-491.961
6000	462	389.251	-1029.86
6000	463	-107.327	-253.753
6000	464	169.073	174.245
6000	465	-66.9833	-137.551
6000	466	-632.664	350.412
6000	467	-178.554	599.675
6000	468	-132.239	-137.645
6000	469	302.839	82.2843
6000	470	-82.1097	-361.56
6000	471	336.165	275.378
6000	472	-783.376	-54.0241
6000	473	118.148	21.8166
6000	474	-154.698	-24.2029
6000	475	233.371	101.548
6000	476	87.2049	-192.244
6000	477	272.767	-277.175
6000	478	397.413	-1057.41
6000	479	-140.297	596.545
6000	480	-194.395	-595.928
6000	481	252.994	1021.11
6000	482	-137.789	-62.6504
6000	483	-64.1507	-265.862
6000	484	379.494	-832.012
6000	485	250.702	-678.419
6000	486	-24.6195	-60.0888
6000	487	21.7296	56.6045
6000	488	271.578	-762.64
6000	489	-64.1652	-295.414
6000	490	-171.46	395.708
6000	491	112.771	-145.861
6000	492	58.434	-540.359
6000	493	-469.132	-199.46
6000	494	336.072	-749.698
6000	495	-462.666	-622.688
6000	496	-212.907	-1204.77
6000	497	-592.578	-721.751
6000	498	11.7887	783.833
6000	499	637.678	245.614
8000	0	-513.014	470.547
8000	1	14.4359	44.2662
8000	2	762.79	234.459
8000	3	-150.445	-539.52
8000	4	445.821	-275.988
8000	5	-598.714	1007.5
8000	6	-93.811	-973.711
8000	7	231.803	223.084
8000	8	55.8799	446.95
8000	9	378.398	123.899
8000	10	111.897	358.225
8000	11	165.446	-21.4073
8000	12	407.955	619.656
8000	13	-69.1476	-744.976
8000	14	-223.464	75.8869
8000	15	0.900905	-128.793
8000	16	582.221	68.1262
8000	17	120.667	-327.162
8000	18	496.004	-732.446
8000	19	469.534	-923.646
8000	20	266.779	-230.244
8000	21	-124.01	-262.824
8000	22	153.056	93.3549
8000	23	613.611	1573.79
8000	24	92.565	-610.261
8000	25	-341.54	736.328
8000	26	-328.753	426.661
8000	27	314.724	-125.142
8000	28	270.996	14.5832
8000	29	-824.243	-30.4608
8000	30	-353.495	1100.16
8000	31	-40.1736	1027.49
8000	32	-111.263	358.131
8000	33	36.6227	711.371
8000	34	365.883	-733.18
8000	35	-520.884	-1045.15
8000	36	349.82	-638.84
8000	37	-116.172	1258.51
8000	38	-141.32	-1129.01
8000	39	-619.847	148.668
8000	40	-148.191	-554.007
8000	41	-451.627	-294.126
8000	42	-145.663	-784.293
8000	43	140.824	106.404
8000	44	-637.952	-620.854
8000	45	-930.008	684.421
8000	46	-337.615	497.157
8000	47	327.301	-16.1282
8000	48	-77.0489	-333.094
8000	49	133.544	80.1479
8000	50	-253.794	-1320.93
8000	51	77.4712	953.434
8000	52	-563.653	-330.539
8000	53	-483.127	1157.28
8000	54	317.663	-246.706
8000	55	458.109	-463.922
8000	56	511.614	-31.0733
8000	57	-288.58	772.693
8000	58	386.92	360.143
8000	59	-151.263	516.368
8000	60	-306.811	440.106
8000	61	64.5793	1149.91
8000	62	-638.25	160.598
8000	63	270.114	-124.432
8000	64	286.408	378.991
8000	65	384.308	185.429
8000	66	363.353	-1039.68
8000	67	-289.828	-216.189
8000	68	195.47	1163.85
8000	69	-198.228	-1081.1
8000	70	16.4092	-173.118
8000	71	-129.63	8.09745
8000	72	-248.441	24.9618
8000	73	-159.466	-213.14
8000	74	-150.609	327.776
8000	75	-300.984	1132.16
8000	76	-151.842	-328.554
8000	77	-113.048	949.543
8000	78	124.923	-342.602
8000	79	-499.715	394.41
8000	80	-195.48	-161.125
8000	81	-64.5622	-106.08
8000	82	328.963	23.5205
8000	83	5.53516	-566.73
8000	84	344.522	-184.359
8000	85	389.928	345.969
8000	86	-712.589	576.227
8000	87	583.509	-732.964
8000	88	627.904	1547.64
8000	89	-533.066	-413.691
8000	90	65.5197	-437.853
8000	91	-551.241	103.119
8000	92	269.371	445.306
8000	93	526.216	-1372.2
8000	94	-547.117	-116.232
8000	95	-318.202	455.662
8000	96	-510.368	-532.682
8000	97	-84.5866	-903.332
8000	98	11.9088	924.341
8000	99	311.828	615.988
8000	100	-655.287	-316.571
8000	101	27.1928	-242.761
8000	102	-48.2158	-99.2019
8000	103	-456.728	222.883
8000	104	-188.737	-232.568
8000	105	-343.659	202.1
8000	106	187.821	394.698
8000	107	433.375	-341.898
8000	108	-182.526	363.66
8000	109	405.536	869.877
8000	110	129.413	-1041.23
8000	111	23.5101	582.791
8000	112	-240.604	801.876
8000	113	14.2928	-215.934
8000	114	389.213	603.001
8000	115	279.956	606.186
8000	116	-335.05	347.897
8000	117	269.767	-154.71
8000	118	-751.766	-264.149
8000	119	198.522	179.151
8000	120	-11.3599	-689.934
8000	121	158.162	-138.116
8000	122	-424.817	159.934
8000	123	69.7083	-340.257
8000	124	159.059	-53.4425
8000	125	-324.323	868.326
8000	126	-501.318	-324.759
8000	127	-330.13	172.902
8000	128	-107.828	-323.443
8000	129	62.4379	79.2961
8000	130	826.775	-493.749
8000	131	42.4451	635.117
8000	132	-383.879	-725.207
8000	133	-10.8893	67.5071
8000	134	-169.386	764.945
8000	135	-128.44	0.03429
8000	136	232.58	93.5962
8000	137	-20.3839	-484.192
8000	138	441.772	-1601.67
8000	139	232.586	-526.276
8000	140	-388.494	-385.477
8000	141	188.721	135.026
8000	142	85.171	-803.959
8000	143	-519.489	809.949
8000	144	169.899	-541.868
8000	145	-611.522	-373.149
8000	146	21.6828	-60.397
8000	147	-239.119	360.795
8000	148	-609.234	326.764
8000	149	355.589	257.607
8000	150	-208.156	-347.277
8000	151	211.036	741.255
8000	152	706.786	887.822
8000	153	371.312	-971.333
8000	154	434.996	544.205
8000	155	420.781	-394.311
8000	156	-284.35	287.684
8000	157	448.495	576.105
8000	158	-12.6358	154.264
8000	159	757	236.416
8000	160	-146.237	-145.595
8000	161	627.008	1119.08
8000	162	555.861	1170.28
8000	163	-40.4344	-899.07
8000	164	-295.539	96.1698
8000	165	-246.504	303.733
8000	166	-405.292	775.69
8000	167	420.255	-702.084
8000	168	493.122	-170.401
8000	169	-658.107	57.5482
8000	170	-326.698	-76.4806
8000	171	-10.4149	-104.806
8000	172	208.774	1351.57
8000	173	95.4396	139.228
8000	174	876.999	-1067.5
8000	175	292.767	911.502
8000	176	29.3362	-125.388
8000	177	167.825	880.114
8000	178	534.085	306.166
8000	179	194.79	-244.737
8000	180	41.3983	252.946
8000	181	181.004	-1221.36
8000	182	1020.64	145.241
8000	183	179.819	-988.55
8000	184	-520.938	-174.241
8000	185	-277.571	1143.55
8000	186	-351.323	45.2205
8000	187	238.247	363.754
8000	188	-260.123	625.747
8000	189	499.673	602.158
8000	190	568.226	-853.568
8000	191	-193.944	-421.374
8000	192	234.42	321.291
8000	193	-161.289	-1159.83
8000	194	-17.0042	-342.226
8000	195	84.3244	-291.656
8000	196	114.04	970.214
8000	197	146.823	398.343
8000	198	117.149	285
8000	199	149.431	3.30803
8000	200	-280.829	-404.903
8000	201	-31.7583	416.201
8000	202	-15.2268	52.0632
8000	203	80.2165	-474.821
8000	204	251.809	-161.902
8000	205	66.1857	-615.386
8000	206	-436.32	-379.093
8000	207	170.796	656
8000	208	-67.3821	-726.963
8000	209	-263.246	856.16
8000	210	443.451	324.851
8000	211	-206.656	-1331.35
8000	212	-621.345	795.726
8000	213	287.181	719.412
8000	214	-202.895	-1075.47
8000	215	-427.145	352.941
8000	216	-642.46	352.465
8000	217	864.275	126.426
8000	218	52.8591	728.655
8000	219	930.011	-685.761
8000	220	-59.5714	-620.872
8000	221	461.309	659.553
8000	222	100.558	714.958
8000	223	19.1848	326.484
8000	224	-418.282	-1253.2
8000	225	70.6004	135.865
8000	226	327.834	515.075
8000	227	108.135	-292.823
8000	228	362.936	1284.14
8000	229	424.631	80.1031
8000	230	-407.708	-582.646
8000	231	-427.56	876.778
8000	232	-20.3792	-368.786
8000	233	169.96	1045.29
8000	234	-109.102	-234.676
8000	235	22.0486	307.936
8000	236	989.578	170.458
8000	237	11.4538	70.0515
8000	238	-21.8807	-652.064
8000	239	-114.396	533.432
8000	240	-245.869	213.542
8000	241	452.99	-412.769
8000	242	171.063	36.8559
8000	243	-441.618	219.853
8000	244	-487.208	1129.09
8000	245	-449.996	831.204
8000	246	287.687	387.776
8000	247	58.0081	1233.54
8000	248	509.499	-274.023
8000	249	-418.167	548.8
8000	250	370.126	721.681
8000	251	34.7253	-51.5943
8000	252	-510.177	-778.28
8000	253	-131.835	445.267
8000	254	-603.017	294.345
8000	255	1.27474	-209.325
8000	256	-320.267	-448.587
8000	257	-187.814	593.52
8000	258	354.817	-92.5828
8000	259	-24.3117	-669.907
8000	260	-1069.53	170.838
8000	261	-27.88	857.229
8000	262	84.2112	-804.626
8000	263	742.229	820.509
8000	264	143.585	-811.17
8000	265	-50.3439	-629.834
8000	266	-254.075	-15.5422
8000	267	263.1	-559.985
8000	268	179.296	597.954
8000	269	146.013	-377.248
8000	270	763.563	-950.232
8000	271	-144.977	548.612
8000	272	-336.916	-366.738
8000	273	-261.091	-135.966
8000	274	-9.46841	862.625
8000	275	-749.057	-536.355
8000	276	-16.1977	257.399
8000	277	-142.504	20.0778
8000	278	-368.252	54.7079
8000	279	-566.106	-578.493
8000	280	200.56	-33.9515
8000	281	-193.227	-99.5903
8000	282	-119.696	-9.95477
8000	283	-53.007	-453.554
8000	284	555.726	-584.875
8000	285	-473.389	-689.276
8000	286	402.536	-427.532
8000	287	365.539	496.932
8000	288	778.438	538.678
8000	289	-232.161	-601.695
8000	290	-97.6936	1033.92
8000	291	-140.238	-1305.07
8000	292	-63.0798	592.979
8000	293	185.498	259.931
8000	294	377.576	57.889
8000	295	-426.099	-580.007
8000	296	-332.699	-236.22
8000	297	-311.6	-30.5066
8000	298	68.0466	125.513
8000	299	-577.761	1880.43
8000	300	631.086	-354.743
8000	301	147.443	433.494
8000	302	20.9383	582.1
8000	303	276.372	-1018.23
8000	304	111.612	1149.23
8000	305	210.447	315.092
8000	306	-408.319	870.332
8000	307	171.63	287.816
8000	308	-548.248	-72.1517
8000	309	-24.1012	1879.59
8000	310	1140.66	233.824
8000	311	-92.6144	334.337
8000	312	47.0987	1057.04
8000	313	-136.299	-83.8172
8000	314	356.808	209.685
8000	315	-780.576	28.7683
8000	316	-40.1452	474.497
8000	317	-155.729	-541.93
8000	318	63.9628	-764.001
8000	319	-64.0879	-449.189
8000	320	27.8729	423.546
8000	321	-67.1552	-414.333
8000	322	-196.448	29.4466
8000	323	-280.593	505.261
8000	324	438.205	-26.7726
8000	325	147.469	-153.53
8000	326	-147.6	-518.835
8000	327	-254.243	-267.971
8000	328	49.0954	98.1067
8000	329	145.271	71.6881
8000	330	-204.139	416.339
8000	331	-112.175	241.118
8000	332	136.772	706.899
8000	333	958.829	-654.637
8000	334	335.041	-661.341
8000	335	-166.365	-105.198
8000	336	121.986	1192.92
8000	337	-143.808	-399.926
8000	338	-40.6879	-925.276
8000	339	62.1502	877.053
8000	340	-36.937	-389.592
8000	341	-146.283	316.526
8000	342	-404.033	-525.681
8000	343	-299.996	348.842
8000	344	-47.1303	240.285
8000	345	206.806	187.65
8000	346	-306.294	326.832
8000	347	29.374	-350.615
8000	348	57.5834	-495.845
8000	349	-335.657	-696.2
8000	350	165.112	581.513
8000	351	151.103	1386.17
8000	352	-341.793	-349.685
8000	353	-408.896	-396.034
8000	354	41.4071	1.42536
8000	355	460.166	-696.165
8000	356	246.873	41.8137
8000	357	167.744	769.12
8000	358	546.616	-445.104
8000	359	14.7471	560.398
8000	360	386.828	-428.322
8000	361	489.66	442.341
8000	362	138.628	-60.2587
8000	363	277.479	-62.2971
8000	364	-337.678	397.396
8000	365	-280.792	303.791
8000	366	-532.163	-34.3309
8000	367	-185.564	929.613
8000	368	-422.676	-21.0265
8000	369	290.655	675.711
8000	370	413.364	-159.561
8000	371	-411.375	306.395
8000	372	359.654	-347.79
8000	373	-175.48	-583.343
8000	374	-350.652	180.475
8000	375	-2.82749	-200.813
8000	376	-428.284	273.872
8000	377	-34.4342	-582.41
8000	378	58.8502	-314.576
8000	379	-242.968	-924.132
8000	380	-296.718	368.91
8000	381	-68.8021	348.064
8000	382	53.5312	422.824
8000	383	581.615	-1337.52
8000	384	207.599	-57.6448
8000	385	191.672	511.661
8000	386	-411.195	-55.4228
8000	387	93.1447	122.276
8000	388	-584.286	400.506
8000	389	170.569	-6.59339
8000	390	-107.003	-350.729
8000	391	-22.9205	156.816
8000	392	81.3089	-857.468
8000	393	-277.025	252.646
8000	394	201.613	416.782
8000	395	397.78	-195.898
8000	396	108.423	450.573
8000	397	-614.176	334.392
8000	398	273.689	-104.575
8000	399	268.869	-651.401
8000	400	-125.111	-292.969
8000	401	-525.115	-148.292
8000	402	-22.6486	-389.778
8000	403	-229.076	-857.526
8000	404	-290.316	-363.836
8000	405	268.253	-217.404
8000	406	869.235	-905.973
8000	407	-107.12	-237.023
8000	408	613.308	-501.988
8000	409	-250.27	-591.571
8000	410	1041.43	600.027
8000	411	-5.78881	-104.129
8000	412	19.4036	-489.629
8000	413	267.186	-624.85
8000	414	-757.1	631.007
8000	415	-42.5863	-197.285
8000	416	-879.151	-554.999
8000	417	-252.772	-34.3629
8000	418	-51.1798	-123.664
8000	419	293.696	-384.788
8000	420	-54.2383	222.282
8000	421	366.76	-532.78
8000	422	-20.1567	439.693
8000	423	-286.656	-177.424
8000	424	-287.091	1064.09
8000	425	449.393	-62.5536
8000	426	-568.015	-944.366
8000	427	-9.75063	317.921
8000	428	154.599	812.099
8000	429	-16.5134	930.432
8000	430	298.312	-195.023
8000	431	-101.952	-334.424
8000	432	-282.245	-1698.99
8000	433	-575.398	-284.02
8000	434	484.238	415.135
8000	435	372.776	-512.704
8000	436	45.7936	-263.142
8000	437	301.196	449.615
8000	438	-230.225	54.8672
8000	439	162.154	590.655
8000	440	287.494	-1186.81
8000	441	-350.279	-1041.67
8000	442	-592.905	335.692
8000	443	174.714	-497.136
8000	444	160.888	247.457
8000	445	299.431	-733.037
8000	446	-21.1625	-593.664
8000	447	-236.28	103.107
8000	448	171.107	1042.64
8000	449	-125.219	123.909
8000	450	131.681	471.968
8000	451	526.07	-113.944
8000	452	-504.321	-298.907
8000	453	283.405	-202.295
8000	454	-63.9512	293.795
8000	455	-52.5318	-505.828
8000	456	43.2414	281.113
8000	457	-47.2762	-447.91
8000	458	-251.567	-199.9
8000	459	27.2532	-972.738
8000	460	-157.591	25.1375
8000	461	-26.523	-703.869
8000	462	664.99	-1012.91
8000	463	129.998	-344.504
8000	464	-103.499	-123.14
8000	465	127.935	-396.75
8000	466	-532.234	701.195
8000	467	-20.5142	560.801
8000	468	-289.689	-237.97
8000	469	406.182	319.922
8000	470	17.9348	-79.6987
8000	471	157.295	-374.526
8000	472	-663.316	-149.537
8000	473	128.338	136.082
8000	474	-154.447	261.412
8000	475	464.077	-19.3777
8000	476	50.7871	-356.169
8000	477	92.9739	-295.914
8000	478	597.836	-943.954
8000	479	-1.41209	655.884
8000	480	-254.336	-585.584
8000	481	370.828	818.814
8000	482	43.1394	-52.3048
8000	483	43.9911	-69.8821
8000	484	301.505	-689.522
8000	485	169.181	-141.686
8000	486	113.146	-217.569
8000	487	241.776	80.4464
8000	488	333.67	-827.696
8000	489	-149.384	-283.907
8000	490	-168.782	581.959
8000	491	89.6301	-173.42
8000	492	118.177	-576.433
8000	493	-597.557	-127.823
8000	494	275.655	-216.619
8000	495	-547.938	-511.317
8000	496	-74.7435	-1025.96
8000	497	-670.825	-1039.89
8000	498	129.264	616.158
8000	499	539.821	173.256
10000	0	-557.828	-46.5006
10000	1	-76.4752	314.993
10000	2	640.117	594.761
10000	3	-253.329	-336.131
10000	4	327.517	-191.067
10000	5	-380.272	1058.91
10000	6	-126.061	-1405.76
10000	7	229.043	442.796
10000	8	116.428	695.646
10000	9	479.852	4.79789
10000	10	8.35757	457.461
10000	11	300.455	84.5693
10000	12	20.8668	605.493
10000	13	51.675	-1155.92
10000	14	-523.496	-414.986
10000	15	160.365	-318.064
10000	16	481.997	-356.941
10000	17	201.189	-548.911
10000	18	215.477	-603.011
10000	19	589.285	-1055.11
10000	20	145.959	47.3238
10000	21	-23.728	-219.516
10000	22	26.417	414.97
10000	23	735.891	1665.25
10000	24	294.422	-481.891
10000	25	-286.64	912.288
10000	26	-388.624	37.4667
10000	27	678.052	86.8544
10000	28	392.519	623.794
10000	29	-525.782	-146.478
10000	30	-313.36	1134.56
10000	31	114.463	470.862
10000	32	-290.645	26.3804
10000	33	-114.257	797.87
10000	34	228.682	-758.339
10000	35	-325.688	-1065.27
10000	36	509.473	-565.038
10000	37	313.001	867.681
10000	38	-205.906	-1503.1
10000	39	-424.695	44.6274
10000	40	7.5501	-740.021
10000	41	-274.235	-42.8972
10000	42	155.076	-1031.38
10000	43	177.327	542.366
10000	44	-738.527	-653.474
10000	45	-1148.56	1086.08
10000	46	-573.836	170.996
10000	47	600.341	255.777
10000	48	168.672	-184.915
10000	49	-82.7898	26.2597
10000	50	-380.092	-1254.38
10000	51	-22.2122	1277.89
10000	52	-562.089	-144.086
10000	53	-505.569	1358.15
10000	54	379.306	-241.309
10000	55	458.167	-252.66
10000	56	527.882	586.951
10000	57	-275.691	536.05
10000	58	310.316	94.5159
10000	59	-12.883	586.107
10000	60	-563.481	586.464
10000	61	-167.481	1028.8
10000	62	-844.534	74.8565
10000	63	389.155	47.8481
10000	64	208.001	219.434
10000	65	182.461	-220.349
10000	66	366.02	-1391.81
10000	67	-470.293	-227.565
10000	68	-161.574	1300.58
10000	69	-17.4788	-1382.42
10000	70	179.876	-516.715
10000	71	-524.618	-291.616
10000	72	-253.829	-78.1384
10000	73	-262.349	6.31704
10000	74	-366.805	100.613
10000	75	-80.0898	995.855
10000	76	-253.63	-329.764
10000	77	119.294	1337.76
10000	78	23.1216	-368.151
10000	79	-451.986	81.0555
10000	80	-267.727	-292.706
10000	81	-108.719	89.6978
10000	82	528.952	-265.947
10000	83	-92.8099	-855.418
10000	84	-28.2904	-209.946
10000	85	530.832	531.56
10000	86	-611.624	725.606
10000	87	985.468	-293.188
10000	88	829.578	1260.05
10000	89	-552.301	-603.165
10000	90	-12.4119	-302.236
10000	91	-573.565	-219.021
10000	92	79.2076	655.037
10000	93	444.595	-1556.59
10000	94	-661.621	551.144
10000	95	-261.104	552.067
10000	96	-709.241	-517.46
10000	97	16.6742	-760.962
10000	98	70.9241	661.074
10000	99	490.507	1049.81
10000	100	-572.733	-537.445
10000	101	105.8	-76.8699
10000	102	-227.839	-710.775
10000	103	-496.812	216.216
10000	104	-248.892	-93.235
10000	105	-149.459	-212.403
10000	106	22.3694	156.559
10000	107	196.92	-183.907
10000	108	-101.21	-43.1536
10000	109	306.624	553.325
10000	110	53.1696	-1037.49
10000	111	148.651	759.596
10000	112	-381.782	1000.55
10000	113	111.434	170.676
10000	114	350.414	483.69
10000	115	289.654	1157.63
10000	116	-398.175	-348.465
10000	117	372.773	-311.063
10000	118	-463.344	208.47
10000	119	252.704	82.8149
10000	120	-187.833	-772.277
10000	121	219.314	-275.168
10000	122	-235.218	657.079
10000	123	28.3593	-541.805
10000	124	260.425	295.647
10000	125	-262.166	521.063
10000	126	-803.824	-827.876
10000	127	-448.303	-414.294
10000	128	35.3071	-834.857
10000	129	-12.5067	-42.4038
10000	130	565.16	-476.8
10000	131	-239.122	494.843
10000	132	-184.525	-440.129
10000	133	-39.6406	341.807
10000	134	-129.909	702.695
10000	135	473.929	-80.5369
10000	136	36.2665	-112.567
10000	137	-156.867	-569.671
10000	138	440.314	-1882.53
10000	139	430.514	-866.908
10000	140	-471.472	-165.057
10000	141	-45.2779	341.725
10000	142	-94.0201	-514.678
10000	143	-398.558	778.772
10000	144	157.827	-403.24
10000	145	-826.479	-339.209
10000	146	313.799	-465.905
10000	147	-315.783	366.827
10000	148	-737.706	142.947
10000	149	574.653	129.375
10000	150	-225.531	-488.31
10000	151	189.18	558.935
10000	152	947.001	198.08
10000	153	350.747	-1426.17
10000	154	494.373	733.3
10000	155	397.941	-496.808
10000	156	-463.779	154.774
10000	157	708.636	223.648
10000	158	-212.476	135.527
10000	159	509.487	282.378
10000	160	0.22641	-651.985
10000	161	368.03	802.075
10000	162	334.427	1386.62
10000	163	-116.165	-390.362
10000	164	-50.739	-212.66
10000	165	-308.943	214.299
10000	166	-359.982	894.384
10000	167	239.49	-668.914
10000	168	532.267	9.17443
10000	169	-687.339	92.9578
10000	170	83.8554	-457.831
10000	171	-9.25777	13.3807
10000	172	244.349	1467.5
10000	173	-121.103	-178.817
10000	174	1174.51	-1083.32
10000	175	545.416	1319.72
10000	176	69.5439	-280.492
10000	177	87.6651	815.317
10000	178	144.579	-315.647
10000	179	156.246	-30.4913
10000	180	13.4114	301.529
10000	181	301.812	-1085.15
10000	182	1159.49	421.095
10000	183	262.7	-1126.7
10000	184	-477.483	-249.157
10000	185	-535.589	1208.37
10000	186	-367.912	144.235
10000	187	251.059	622.339
10000	188	-299.202	1105.52
10000	189	329.252	744.329
10000	190	826.125	-637.879
10000	191	67.3006	-415.059
10000	192	-222.006	397.397
10000	193	134.789	-1303.58
10000	194	-238.947	-709.328
10000	195	107.066	-622.257
10000	196	-6.99332	631.556
10000	197	67.6184	834.165
10000	198	39.3325	376.971
10000	199	-14.403	30.9274
10000	200	-599.388	-494.226
10000	201	-111.646	396.563
10000	202	-337.316	144.247
10000	203	59.846	-97.0323
10000	204	54.8526	-302.848
10000	205	-75.6499	-464.344
10000	206	-436.848	-468.229
10000	207	446.867	909.709
10000	208	-27.29	-225.8
10000	209	-56.6547	1296.13
10000	210	243.86	481.787
10000	211	53.7468	-1206.6
10000	212	-944.589	1365.11
10000	213	625.942	1137.08
10000	214	-344.984	-1278.03
10000	215	-368.574	281.297
10000	216	-135.586	-5.57057
10000	217	1025.02	442.534
10000	218	131.137	1101.88
10000	219	831.646	-1051.95
10000	220	-178.555	-769.854
10000	221	720.644	1007.82
10000	222	-71.04	732.154
10000	223	69.7891	-0.000507795
10000	224	-418.982	-1176.32
10000	225	91.3896	109.592
10000	226	367.087	589.426
10000	227	187.811	-224.925
10000	228	165.016	917.377
10000	229	985.952	390.3
10000	230	-369.069	-952.276
10000	231	-463.944	825.123
10000	232	-0.10238	-202.369
10000	233	189.606	1232.62
10000	234	26.4918	-123.969
10000	235	-81.4346	737.014
10000	236	976.205	68.8289
10000	237	-49.2503	-427.383
10000	238	178.772	-858.034
10000	239	-355.67	876.388
10000	240	-118.24	246.778
10000	241	372.171	-364.826
10000	242	327.177	19.0388
10000	243	-233.021	766.715
10000	244	-437.327	1219.6
10000	245	-270.353	515.478
10000	246	430.736	696.899
10000	247	60.5267	1549.79
10000	248	830.704	-679.053
10000	249	-593.777	570.29
10000	250	409.791	534.423
10000	251	102.075	69.0032
10000	252	-468.4	-928.129
10000	253	-244.982	101.084
10000	254	-614.373	350.925
10000	255	262.583	-11.7081
10000	256	-181.012	-346.653
10000	257	35.2937	1011.88
10000	258	127.359	-291.399
10000	259	-84.0507	-938.294
10000	260	-928.458	399.562
10000	261	-186.905	359.354
10000	262	509.432	-648.169
10000	263	795.026	931.809
10000	264	-188.348	-690.215
10000	265	-183.197	-858.765
10000	266	-255.918	-46.8645
10000	267	319.955	-551.038
10000	268	198.825	477.192
10000	269	464.889	-500.016
10000	270	883.013	-1393.62
10000	271	-125.141	630.801
10000	272	-47.0826	-20.4495
10000	273	-121.096	-15.8859
10000	274	6.10056	542.619
10000	275	-839.935	-316.194
10000	276	-94.6307	-83.2522
10000	277	278.373	-198.529
10000	278	-193.102	31.6287
10000	279	-748.904	-524.602
10000	280	421.005	-71.0994
10000	281	-156.463	114.915
10000	282	-76.8382	-316.388
10000	283	2.48	-754.733
10000	284	514.023	-433.912
10000	285	-591.077	-401.959
10000	286	664.378	-123.93
10000	287	586.704	992.497
10000	288	878.71	537.731
10000	289	-111.865	-571.112
10000	290	-257.435	1018.97
10000	291	-166.231	-1639.52
10000	292	92.0268	618.446
10000	293	192.617	123.369
10000	294	535.379	693.7
10000	295	-196.009	-434.173
10000	296	-92.2388	-177.998
10000	297	-289.925	-540.859
10000	298	126.044	373.888
10000	299	-769.68	1945.97
10000	300	792.177	-153.434
10000	301	227.287	313.599
10000	302	261.963	467.128
10000	303	218.672	-909.541
10000	304	-185.554	996.314
10000	305	169.933	652.976
10000	306	-709.863	764.88
10000	307	-245.502	-168.659
10000	308	-590.595	-257.783
10000	309	-179.754	1964.88
10000	310	1061.8	847.505
10000	311	130.645	606.35
10000	312	78.2928	1199.97
10000	313	-237.831	20.0903
10000	314	481.876	627.985
10000	315	-1265.88	253.721
10000	316	-99.9552	872.983
10000	317	-173.845	-500.723
10000	318	301.135	-782.336
10000	319	-68.0629	-529.573
10000	320	-113.254	277.531
10000	321	-10.4703	-561.743
10000	322	-218.763	-258.633
10000	323	-402.635	495.295
10000	324	380.166	-342.472
10000	325	164.561	-82.1257
10000	326	-251.561	-968.9
10000	327	-205.57	-41.3026
10000	328	-75.9346	63.4791
10000	329	246.065	70.6338
10000	330	-302.188	447.878
10000	331	-17.7808	159.13
10000	332	142.691	1095.63
10000	333	618.693	-872.12
10000	334	276.528	-494.304
10000	335	-108.593	-382.947
10000	336	57.8088	1176.2
10000	337	-84.1867	-289.163
10000	338	-132.677	-787.896
10000	339	186.193	1134.93
10000	340	-38.2571	-238.49
10000	341	-75.7563	506.701
10000	342	-84.7729	-604.001
10000	343	-160.008	705.934
10000	344	-184.259	-94.4569
10000	345	-88.3282	319.615
10000	346	-566.508	-330.209
10000	347	-30.0627	-336.292
10000	348	100.153	-424.142
10000	349	-636.364	-1143.39
10000	350	221.638	467.184
10000	351	375.014	1869.23
10000	352	-208.374	-860.368
10000	353	-109.594	-372.101
10000	354	181.323	-58.2028
10000	355	301.845	-578.99
10000	356	245.606	36.0932
10000	357	211.559	271.501
10000	358	533.304	-814.111
10000	359	-96.6539	866.939
10000	360	528.178	-424.353
10000	361	677.639	779.713
10000	362	257.142	367.87
10000	363	123.987	-84.428
10000	364	-261.37	391.915
10000	365	-381.27	800.625
10000	366	-506.656	398.077
10000	367	12.859	740.62
10000	368	-555.688	40.1027
10000	369	269.097	922.915
10000	370	434.539	-339.768
10000	371	-266.538	725.452
10000	372	98.7283	-260.809
10000	373	-273.71	-701.418
10000	374	-668.758	57.4364
10000	375	-124.815	-270.103
10000	376	-267.98	154.415
10000	377	29.8105	-718.895
10000	378	117.81	-171.215
10000	379	-225.744	-919.106
10000	380	-341.524	401.638
10000	381	108.479	-388.1
10000	382	-84.5901	756.149
10000	383	376.815	-1133.2
10000	384	-116.121	-290.612
10000	385	312.576	751.183
10000	386	-412.393	-405.173
10000	387	5.38149	-161.649
10000	388	-850.162	12.1033
10000	389	351.684	-147.384
10000	390	54.2911	107.72
10000	391	-84.2038	432.162
10000	392	-115.697	-991.383
10000	393	-175.386	167.326
10000	394	166.096	592.113
10000	395	117.932	343.131
10000	396	-13.9348	297.304
10000	397	-518.613	533.926
10000	398	613.615	-207.94
10000	399	44.4012	-413.495
10000	400	-69.674	-889.814
10000	401	-524.253	152.544
10000	402	-20.5728	2.58045
10000	403	-628.852	-1659.96
10000	404	-130.944	-482.125
10000	405	289.696	-718.224
10000	406	1007.02	-1166.42
10000	407	122.573	-97.1501
10000	408	592.357	-89.8366
10000	409	-292.927	-203.637
10000	410	1224.62	296.334
10000	411	-85.8826	259.789
10000	412	59.5342	-425.736
10000	413	327.138	-765.833
10000	414	-373.198	591.815
10000	415	-317.264	-171.46
10000	416	-598.973	-197.245
10000	417	-27.6717	-16.9563
10000	418	-13.2772	-548.108
10000	419	474.261	-516.783
10000	420	-313.618	495.597
10000	421	407.751	-595.959
10000	422	-100.701	218.441
10000	423	-510.256	289.524
10000	424	61.1864	689.726
10000	425	590.229	101.366
10000	426	-853.741	-940.04
10000	427	-9.01961	248.11
10000	428	273.704	1026.9
10000	429	-155.858	665.063
10000	430	617.944	-197.641
10000	431	172.851	-872.985
10000	432	-298.451	-1899.99
10000	433	-363.705	-508.56
10000	434	520.343	563.188
10000	435	-13.5425	-642.384
10000	436	7.37625	76.2254
10000	437	181.678	360.911
10000	438	-390.351	-421.266
10000	439	324.789	123.183
10000	440	346.203	-1119.48
10000	441	-167.85	-591.674
10000	442	-411.017	-98.7536
10000	443	360.911	-323.853
10000	444	172.361	-267.011
10000	445	-82.0822	-1276.28
10000	446	79.2071	60.6116
10000	447	-177.022	288.132
10000	448	308.343	1012.57
10000	449	-4.50693	-226.586
10000	450	-133.19	361.279
10000	451	273.628	-464.586
10000	452	-882.431	-493.318
10000	453	441.376	107.933
10000	454	-134.877	-171.943
10000	455	-11.7846	-423.528
10000	456	42.0208	561.87
10000	457	115.39	-82.3813
10000	458	-276.104	332.852
10000	459	8.93618	-808.23
10000	460	-129.168	-12.318
10000	461	27.6815	-317.281
10000	462	646.686	-1245.85
10000	463	111.541	-346.459
10000	464	150.103	60.6876
10000	465	-86.6939	43.5147
10000	466	-273.748	811.474
10000	467	84.0697	139.813
10000	468	-447.059	-346.149
10000	469	385.995	376.492
10000	470	-217.692	-301.8
10000	471	193.491	-74.7963
10000	472	-862.695	-379.403
10000	473	490.267	570.237
10000	474	-170.694	350.99
10000	475	558.181	-220.822
10000	476	347.879	-510.141
10000	477	-147.407	421.806
10000	478	935.261	-1382.22
10000	479	-117.811	1128.96
10000	480	-153.708	-1081.47
10000	481	479.132	1148.61
10000	482	480.679	16.1229
10000	483	-219.722	98.966
10000	484	120.52	-962.889
10000	485	69.1966	-183.165
10000	486	151.806	-269.492
10000	487	143.655	-59.5844
10000	488	-50.8333	-125.065
10000	489	-145.744	276.647
10000	490	307.409	740.69
10000	491	371.659	-144.147
10000	492	319.385	-413.34
10000	493	-495.061	-693.601
10000	494	276.097	-164.584
10000	495	-450.094	-584.581
10000	496	-98.3878	-1013.59
10000	497	-590.938	-1225.63
10000	498	120.479	289.03
10000	499	739.805	-247.093
12000	0	-398.39	508.173
12000	1	-59.8242	275.378
12000	2	560.87	799.816
12000	3	-312.777	-640.588
12000	4	168.509	-854.392
12000	5	-496.487	843.954
12000	6	196.076	-1244.87
12000	7	130.545	-344.779
12000	8	615.681	535.758
12000	9	607.239	-59.7892
12000	10	-123.412	829.486
12000	11	447.828	329.162
12000	12	-379.917	488.516
12000	13	113.786	-960.056
12000	14	-684.644	-364.741
12000	15	80.6076	-439.482
12000	16	484.161	-361.626
12000	17	320.877	-916.214
12000	18	219.024	-127.093
12000	19	569.515	-1279.06
12000	20	183.032	444.911
12000	21	15.7657	-28.0619
12000	22	-51.9686	187.181
12000	23	895.672	1745.8
12000	24	232.966	-557.86
12000	25	-72.1205	1072.95
12000	26	-690.319	-5.31847
12000	27	1094.09	290.26
12000	28	677.039	233.706
12000	29	-646.867	-1.1962
12000	30	-173.596	1775.66
12000	31	280.098	636.845
12000	32	-212.485	-399.739
12000	33	-184.066	468.537
12000	34	487.006	-341.716
12000	35	-464.633	-1260.88
12000	36	669.657	-840.969
12000	37	146.31	318.178
12000	38	-306.31	-924.496
12000	39	-546.564	147.61
12000	40	64.3662	-1092.69
12000	41	-513.503	-365.267
12000	42	131.532	-1427.87
12000	43	477.451	572.302
12000	44	-755.893	-524.596
12000	45	-1170.17	1001.45
12000	46	-512.251	132.603
12000	47	469.754	607.111
12000	48	541.475	180.033
12000	49	135.901	-418.272
12000	50	-673.558	-953.023
12000	51	-262.933	1525.39
12000	52	-759.644	-519.891
12000	53	-423.883	1548.36
12000	54	420.782	-361.678
12000	55	601.056	-410.538
12000	56	273.146	609.791
12000	57	-526.027	628.764
12000	58	170.555	-191.817
12000	59	-150.023	675.257
12000	60	-445.777	831.642
12000	61	114.977	1405.64
12000	62	-1010.89	480.597
12000	63	390.172	129.963
12000	64	287.149	601.538
12000	65	167.969	-105.164
12000	66	545.251	-1008.48
12000	67	-465.531	-230.82
12000	68	-263.9	1126.89
12000	69	-118.809	-1578.55
12000	70	-138.512	-481.343
12000	71	-109.88	-141.095
12000	72	-512.092	-175.466
12000	73	-450.816	-457.324
12000	74	-269.117	153.624
12000	75	86.0516	608.772
12000	76	-113.771	-457.169
12000	77	67.3633	1270.19
12000	78	-155.034	-273.629
12000	79	-421.477	426.203
12000	80	-408.87	-867.984
12000	81	-149.007	-233.691
12000	82	610.687	-505.103
12000	83	-32.4805	-1148.16
12000	84	-17.3166	-346.458
12000	85	674.759	396.84
12000	86	-333.666	1.79907
12000	87	936.613	-210.678
12000	88	1129.19	1361.34
12000	89	-492.547	-549.338
12000	90	-113.933	-40.4918
12000	91	-472.264	-242.016
12000	92	152.101	255.853
12000	93	566.603	-1958.99
12000	94	-542.118	640.249
12000	95	-298.338	926.086
12000	96	-585.94	-113.34
12000	97	-43.3844	-1087.2
12000	98	46.6022	894.764
12000	99	629.849	1085.51
12000	100	-655.481	-903.237
12000	101	46.8857	398.161
12000	102	-369.404	-542.759
12000	103	-469.736	160.202
12000	104	-64.351	42.4525
12000	105	-147.055	-0.903377
12000	106	46.3382	558.041
12000	107	79.9417	-191.131
12000	108	-281.964	183.855
12000	109	182.525	266.784
12000	110	131.573	-1762.15
12000	111	52.1398	562.21
12000	112	-40.9016	1386.45
12000	113	57.6703	438.832
12000	114	479.792	69.6818
12000	115	459.495	871.352
12000	116	-576.441	-747.674
12000	117	291.474	-288.309
12000	118	-659.785	-260.422
12000	119	198.197	432.78
12000	120	-242.467	-555.318
12000	121	285.558	-360.505
12000	122	-194.107	697.173
12000	123	-111.381	-1067.3
12000	124	19.7608	-27.4084
12000	125	-122.523	754.668
12000	126	-681.161	-858.144
12000	127	-770.327	-427.072
12000	128	335.802	-787.626
12000	129	102.571	-523.487
12000	130	743.54	-417.931
12000	131	136.086	464.66
12000	132	-341.97	-176.009
12000	133	-377.782	471.421
12000	134	-230.011	145.269
12000	135	572.175	-131.495
12000	136	14.6713	-268.805
12000	137	-478.264	-460.371
12000	138	530.093	-1895.28
12000	139	392.468	-381.084
12000	140	-460.904	-120.014
12000	141	-27.927	758.371
12000	142	-15.6302	127.357
12000	143	-137.826	806.626
12000	144	122.725	-609.092
12000	145	-1211.1	-302.268
12000	146	350.74	-900.433
12000	147	-112.82	402.351
12000	148	-895.955	99.2013
12000	149	855.42	293.727
12000	150	-5.30274	-927.113
12000	151	30.8209	656.254
12000	152	1285.63	616.96
12000	153	111.841	-1555.82
12000	154	557.407	800.217
12000	155	322.835	-437.982
12000	156	-644.313	-554.202
12000	157	730.703	-41.3923
12000	158	-231.949	20.9337
12000	159	379.149	-121.07
12000	160	-80.8458	-735.043
12000	161	150.655	737.719
12000	162	375.842	784.345
12000	163	-136.707	-40.0546
12000	164	162.621	-280.073
12000	165	-209.383	328.815
12000	166	-443.045	761.674
12000	167	382.82	-583.644
12000	168	672.057	-292.066
12000	169	-777.718	-296.029
12000	170	365.847	-437.042
12000	171	-150.447	-119.268
12000	172	322.33	1312.78
12000	173	-301.135	-524.994
12000	174	1057.74	-838.726
12000	175	454.916	766.236
12000	176	-173.057	-366.24
12000	177	-21.8369	574.052
12000	178	43.7133	-105.59
12000	179	135.179	-142.189
12000	180	165.283	420.31
12000	181	39.3331	-866.818
12000	182	1160.38	204.382
12000	183	300.746	-1105.7
12000	184	-634.118	-309.255
12000	185	-469.552	1236.05
12000	186	-400.912	-247.392
12000	187	126.388	855.874
12000	188	-441.523	1005.76
12000	189	227.819	1130.71
12000	190	727.137	-676.085
12000	191	-233.817	-613.544
12000	192	-383.567	236.571
12000	193	194.563	-1228.74
12000	194	-537.421	-885.441
12000	195	27.2368	-703.486
12000	196	-44.728	742.416
12000	197	105.215	701.642
12000	198	98.4789	698.523
12000	199	-292.262	-133.916
12000	200	-580.214	-327.726
12000	201	-54.7439	-60.7605
12000	202	-276.333	-386.084
12000	203	168.124	62.9121
12000	204	-240.908	-423.539
12000	205	-273.479	-255.008
12000	206	-334.107	-395.575
12000	207	-9.26393	796.467
12000	208	-422.012	223.27
12000	209	-134.819	1158.11
12000	210	104.104	344.441
12000	211	255.364	-1386.17
12000	212	-966.251	1355.35
12000	213	485.948	1422.56
12000	214	-76.0268	-969.442
12000	215	-287.084	198.401
12000	216	-240.98	117.338
12000	217	946.369	616.56
12000	218	-66.3151	797.411
12000	219	591.206	-788.959
12000	220	-80.8846	-1147.78
12000	221	644.039	899.718
12000	222	-195.695	984.651
12000	223	-69.679	-310.971
12000	224	-245.245	-1126.24
12000	225	-70.4465	-167.193
12000	226	67.281	427.73
12000	227	165.812	-412.716
12000	228	325.745	1080.66
12000	229	1061.43	137.726
12000	230	-407.177	-1101.73
12000	231	-547.238	274.051
12000	232	60.0162	-394.833
12000	233	410.042	1120.81
12000	234	-66.4589	-128.418
12000	235	-21.3003	906.842
12000	236	608.641	430.496
12000	237	-152.535	-352.005
12000	238	20.0762	-1091.92
12000	239	-273.408	894.346
12000	240	-45.2289	136.921
12000	241	154.079	-467.548
12000	242	355.191	88.9488
12000	243	-220.169	1348.7
12000	244	-547.962	1128.84
12000	245	-670.49	-9.37101
12000	246	608.093	361.517
12000	247	340.976	1692.39
12000	248	989.369	-633.979
12000	249	-702.221	825.553
12000	250	455.68	1034.59
12000	251	362.678	231.505
12000	252	-328.784	-1231.43
12000	253	-282.846	-105.199
12000	254	-703.079	172.476
12000	255	361.034	573.481
12000	256	-161.028	-431.614
12000	257	-7.31769	684.888
12000	258	309.087	-219.006
12000	259	-124.113	-1164.83
12000	260	-1050.34	67.482
12000	261	-69.7219	445.018
12000	262	647.717	-443.127
12000	263	982.434	1123.94
12000	264	-238.132	-1042.68
12000	265	-217.061	-842.357
12000	266	-211.959	-14.9762
12000	267	360.356	-529.825
12000	268	378.027	702.266
12000	269	485.844	-156.328
12000	270	640.146	-1193.42
12000	271	235.574	358.294
12000	272	138.81	-12.6112
12000	273	38.4355	-151.047
12000	274	24.098	552.288
12000	275	-1078.68	165.583
12000	276	144.653	-138.586
12000	277	-25.5332	-382.471
12000	278	126.734	-102.231
12000	279	-1008.96	-230.349
12000	280	320.94	-431.44
12000	281	-330.264	213.169
12000	282	-94.2985	-331.997
12000	283	56.6	-1104.05
12000	284	113.153	226.33
12000	285	-773.473	-544.587
12000	286	905.077	-553.245
12000	287	584.74	716.004
12000	288	988.692	256.474
12000	289	49.1025	-340.636
12000	290	-37.5965	1094.81
12000	291	-322.43	-1439.33
12000	292	191.068	565.144
12000	293	204.493	308.919
12000	294	403.68	1168.45
12000	295	32.7508	-460.063
12000	296	-254.066	-277.325
12000	297	-170.038	-232.386
12000	298	-10.786	553.829
12000	299	-638.024	2087.49
12000	300	1031.25	-272.526
12000	301	-9.83744	-154.022
12000	302	82.7842	52.1757
12000	303	145.986	-862.672
12000	304	-178.578	1329.28
12000	305	69.4389	409.404
12000	306	-588.918	1389.05
12000	307	-543.178	-161.337
12000	308	-429.543	153.41
12000	309	-177.75	1933.02
12000	310	962.475	700.5
12000	311	432.226	638.598
12000	312	107.968	510.417
12000	313	-114.824	-110.855
12000	314	439.976	591.267
12000	315	-1396.4	-79.3185
12000	316	-162.916	699.652
12000	317	-395.873	-134.45
12000	318	178.818	-752.707
12000	319	-232.21	-728.444
12000	320	-211.525	687.706
12000	321	-109.797	-923.689
12000	322	-157.335	-140.349
12000	323	-482.084	378.33
12000	324	-8.76502	-8.03727
12000	325	84.0945	-528.097
12000	326	-225.873	-890.24
12000	327	-706.544	-270.047
12000	328	3.92024	140.941
12000	329	230.517	300.634
12000	330	-362.522	217.168
12000	331	226.134	145.702
12000	332	-303.51	1239.17
12000	333	656.835	-884.864
12000	334	358.379	-519.945
12000	335	219.582	-423.226
12000	336	201.076	1525.28
12000	337	-160.998	-445.103
12000	338	-223.068	-1108.01
12000	339	181.869	1661.71
12000	340	110.526	-69.9681
12000	341	-283.032	211.947
12000	342	-84.5356	-248.688
12000	343	-248.677	1010.76
12000	344	-9.65603	-213.158
12000	345	156.687	516.496
12000	346	-326.268	-331.2
12000	347	211.34	-24.0256
12000	348	120.467	-482.833
12000	349	-573.179	-452.4
12000	350	84.4147	542.528
12000	351	451.291	1297.25
12000	352	-163.402	-774.288
12000	353	-250.726	-437.568
12000	354	201.942	-472.23
12000	355	559.668	-665.736
12000	356	307.729	-117.059
12000	357	48.8941	-23.0099
12000	358	369.135	-595.067
12000	359	-20.8621	540.221
12000	360	208.095	-595.13
12000	361	392.102	1025.14
12000	362	278.066	-153.416
12000	363	161.051	193.526
12000	364	-401.119	-194.982
12000	365	-219.683	569.353
12000	366	-366.394	836.513
12000	367	-346.295	419.524
12000	368	-479.845	304.103
12000	369	311.615	801.019
12000	370	553.024	-1012.99
12000	371	-330.287	1184.93
12000	372	95.3326	-110.373
12000	373	-34.3159	-756.711
12000	374	-541.999	-87.4674
12000	375	16.9848	7.45761
12000	376	-490.039	96.8477
12000	377	47.569	-559.026
12000	378	-2.30839	89.6055
12000	379	-359.537	-1673.61
12000	380	-779.037	121.737
12000	381	30.961	-696.204
12000	382	-265.604	583.79
12000	383	478.722	-1197.3
12000	384	-234.959	-744.111
12000	385	545.576	818.351
12000	386	-313.751	-610.272
12000	387	124.503	183.209
12000	388	-750.909	-34.3643
12000	389	388.694	-220.828
12000	390	64.8431	359.817
12000	391	238.076	490.192
12000	392	-14.8426	-988.918
12000	393	-198.598	-58.4926
12000	394	350.52	595.177
12000	395	-103.001	451.686
12000	396	-88.0415	518.062
12000	397	-659.123	624.852
12000	398	514.603	69.0353
12000	399	269.558	93.795
12000	400	170.893	-641.577
12000	401	-463.36	176.897
12000	402	199.777	-505.236
12000	403	-669.372	-2038.62
12000	404	-194.058	-485.588
12000	405	168.587	-888.962
12000	406	765.884	-1259.36
12000	407	-159.341	-228.882
12000	408	713.335	-343.334
12000	409	-248.993	-248.351
12000	410	1060.6	467.723
12000	411	212.225	367.171
12000	412	-279.426	-345.592
12000	413	425.983	-453.014
12000	414	63.0244	827.768
12000	415	-682.892	232.362
12000	416	-332.964	-313.356
12000	417	-288.812	-340.241
12000	418	144.425	-682.173
12000	419	506.252	-534.772
12000	420	-553.031	328.61
12000	421	788.108	-606.112
12000	422	97.7541	229.516
12000	423	-661.414	135.237
12000	424	193.273	656.242
12000	425	691.5	90.5464
12000	426	-1149.25	-1057.22
12000	427	14.8978	49.0571
12000	428	293.682	712.473
12000	429	-336.011	1129.46
12000	430	623.911	-57.1925
12000	431	228.994	-1046.69
12000	432	-419.193	-1912.88
12000	433	-295.947	-451.535
12000	434	437.777	1047.79
12000	435	351.116	-78.6165
12000	436	137.73	189.033
12000	437	160.139	604.023
12000	438	-62.7374	-332.979
12000	439	485.901	3.36339
12000	440	71.192	-743.233
12000	441	-390.011	-766.76
12000	442	-572.13	-557.07
12000	443	531.185	-71.1238
12000	444	257.806	-158.305
12000	445	-96.4745	-1106.84
12000	446	-202.253	208.235
12000	447	-92.8397	176.292
12000	448	450.445	1230.8
12000	449	-306.718	-679.026
12000	450	-308.54	82.0714
12000	451	469.022	-246.717
12000	452	-993.703	-865.623
12000	453	342.248	-186.549
12000	454	-301.15	-325.695
12000	455	-32.8889	3.69388
12000	456	-77.9701	747.39
12000	457	91.661	-171.51
12000	458	-577.742	478.296
12000	459	-10.1965	-1370.8
12000	460	-211.26	-74.9475
12000	461	-306.99	-125.816
12000	462	512.035	-1168.77
12000	463	93.6145	-379.109
12000	464	470.698	83.3391
12000	465	-66.1137	-344.139
12000	466	-452.647	362.379
12000	467	119.873	220.318
12000	468	-672.29	-218.858
12000	469	342.66	757.228
12000	470	-139.596	-220.202
12000	471	-188.085	221.577
12000	472	-1040.94	-212.262
12000	473	828.181	596.107
12000	474	-230.912	746.727
12000	475	418.881	-351.586
12000	476	544.364	-279.071
12000	477	-105.582	376.671
12000	478	1157.22	-801.028
12000	479	-160.253	1153.02
12000	480	-51.5601	-686.755
12000	481	749.034	1099.54
12000	482	255.567	-334.064
12000	483	-384.647	66.5836
12000	484	342.801	-913.729
12000	485	308.404	-138.093
12000	486	533.896	-115.027
12000	487	-32.7687	38.0538
12000	488	-28.1078	-333.862
12000	489	-125.694	242.932
12000	490	312.395	703.832
12000	491	270.477	276.318
12000	492	-216.705	-492.757
12000	493	-748.234	-926.067
12000	494	574.791	-63.8437
12000	495	-326.89	-769.711
12000	496	122.863	-870.507
12000	497	-690.996	-1038.6
12000	498	170.077	690.56
12000	499	581.014	-534.486
14000	0	-296.196	679.48
14000	1	-137.98	252.961
14000	2	199.971	846.638
14000	3	-612.457	-728.822
14000	4	609.825	-629.83
14000	5	-580.577	851.597
14000	6	-115.789	-1337.17
14000	7	266.491	-692.753
14000	8	976.207	638.527
14000	9	261.909	98.5796
14000	10	-47.9471	983.497
14000	11	528.601	-196.336
14000	12	-219.477	296.958
14000	13	391.406	-789.378
14000	14	-844.766	-634.909
14000	15	157.651	-333.654
14000	16	249.124	-546.049
14000	17	240.217	-1304.94
14000	18	378.705	-197.495
14000	19	526.92	-795.433
14000	20	208.045	377.325
14000	21	156.782	-579.043
14000	22	89.1924	-176.686
14000	23	775.087	1647.75
14000	24	331.642	-272.154
14000	25	-247.355	1406.31
14000	26	-651.732	472.567
14000	27	1094.87	58.0622
14000	28	804.368	-85.2467
14000	29	-650.195	201.236
14000	30	-172.361	1545.15
14000	31	1.44151	1418.51
14000	32	-317.343	-72.9198
14000	33	4.90474	552.119
14000	34	529.642	-277.956
14000	35	-806.224	-804.862
14000	36	529.762	-1199.89
14000	37	244.113	72.1159
14000	38	-403.104	-845.05
14000	39	-504.735	383.694
14000	40	167.815	-1308.42
14000	41	-451.004	-844.667
14000	42	1.85274	-1572.02
14000	43	81.1712	642.776
14000	44	-692.395	-390.12
14000	45	-1128.66	949.079
14000	46	-514.726	-101.474
14000	47	447.352	844.157
14000	48	544.012	25.1741
14000	49	264.85	-495.474
14000	50	-628.558	-1168.48
14000	51	-682.369	1445.41
14000	52	-921.786	-660.345
14000	53	-322.158	1617.71
14000	54	206.693	-176.8
14000	55	983.682	-78.7096
14000	56	48.0884	162.906
14000	57	-419.607	444.986
14000	58	153.311	-249.172
14000	59	133.585	692.239
14000	60	-128.332	1236.91
14000	61	352.692	1212.79
14000	62	-862.275	416.547
14000	63	90.6931	184.787
14000	64	224.996	23.994
14000	65	122.908	-16.25
14000	66	663.518	-684.063
14000	67	-271.043	-379.984
14000	68	-181.194	1319.46
14000	69	63.5054	-1959.95
14000	70	-160.456	-403.894
14000	71	10.9736	-72.264
14000	72	-648.937	-314.031
14000	73	-702.014	-964.108
14000	74	-311.313	348.794
14000	75	362.078	836.938
14000	76	26.6128	-491.13
14000	77	26.1134	1417.33
14000	78	-271.529	-139.089
14000	79	-358.581	418.847
14000	80	-827.321	-953.338
14000	81	-40.2132	-693.457
14000	82	710.334	-46.0712
14000	83	344.808	-1089.47
14000	84	-141.914	124.389
14000	85	650.627	405.982
14000	86	-492.86	72.7759
14000	87	914.276	-238.567
14000	88	1315.32	784.943
14000	89	-576.283	-357.394
14000	90	-333.858	37.4824
14000	91	-470.873	-764.49
14000	92	-165.685	648.351
14000	93	505.436	-1957.26
14000	94	-500.486	1054.8
14000	95	-380.899	781.736
14000	96	-787.587	-330.01
14000	97	-461.907	-510.476
14000	98	673.339	1111.43
14000	99	833.618	451.957
14000	100	-652.078	-730.29
14000	101	-54.7556	426.881
14000	102	-287.91	159.398
14000	103	-190.013	464.867
14000	104	-95.7758	-186.178
14000	105	-387.37	-352.465
14000	106	8.13075	514.488
14000	107	157.151	-1041.47
14000	108	-221.478	479.516
14000	109	44.5815	-96.2471
14000	110	-80.5369	-1718.32
14000	111	53.1542	852.19
14000	112	196.417	1131.94
14000	113	94.8758	584.586
14000	114	551.367	-32.3939
14000	115	581.012	1070.02
14000	116	-615.409	-478.172
14000	117	471.148	-534.615
14000	118	-959.004	-323.494
14000	119	78.7055	438.029
14000	120	-429.262	-1019.47
14000	121	378.729	131.452
14000	122	-333.587	167.172
14000	123	48.0565	-1301.83
14000	124	-99.5981	-469.073
14000	125	117.971	762.549
14000	126	-801.207	-1267.02
14000	127	-469.642	-985.315
14000	128	116.302	-1271.23
14000	129	170.094	-642.058
14000	130	962.287	-624.947
14000	131	-63.8999	785.206
14000	132	-264.347	-157.814
14000	133	-437.877	727.305
14000	134	-224.242	501.81
14000	135	817.271	86.4263
14000	136	195.673	-635.608
14000	137	-375.857	-586.119
14000	138	840.14	-2260.62
14000	139	490.535	-28.5908
14000	140	-142.492	67.047
14000	141	-147.173	806.983
14000	142	185.773	-30.1356
14000	143	-456.809	514.438
14000	144	218.575	-271.36
14000	145	-1288.19	-271.852
14000	146	534.27	-483.039
14000	147	284.272	127.165
14000	148	-754.859	68.4407
14000	149	414.522	350.706
14000	150	-8.07124	-490.796
14000	151	-45.6998	963.424
14000	152	1048.97	399.348
14000	153	-136.534	-1456.5
14000	154	693.259	201.183
14000	155	403.739	-130.033
14000	156	-641.844	-935.308
14000	157	851.984	58.6927
14000	158	-532.048	-8.86767
14000	159	315.381	555.601
14000	160	-379.427	-882.938
14000	161	309.094	714.407
14000	162	322.408	583.014
14000	163	-516.877	-169.126
14000	164	304.694	-158.087
14000	165	-28.8333	34.7169
14000	166	-259.083	1129.84
14000	167	146.873	-669.226
14000	168	774.901	-293.214
14000	169	-819.319	-604.375
14000	170	504.944	388.397
14000	171	27.55	118.764
14000	172	458.923	1371.69
14000	173	-382.866	-1108.51
14000	174	1218.03	-1214.97
14000	175	574.36	1420
14000	176	-146.126	-249.019
14000	177	108.506	286.91
14000	178	104.078	-434.842
14000	179	-3.82473	-17.6607
14000	180	117.674	762.874
14000	181	199.2	-552.547
14000	182	1259.87	434.334
14000	183	324.016	-1368.24
14000	184	-559.193	-565.404
14000	185	-219.393	1269.34
14000	186	-531.561	-306.615
14000	187	-31.5308	1289.94
14000	188	-490.505	742.567
14000	189	-147.922	970.352
14000	190	846.986	-479.043
14000	191	-229.358	-703.804
14000	192	-305.259	617.08
14000	193	-271.834	-970.648
14000	194	-720.539	-1052.29
14000	195	43.873	-367.398
14000	196	-205.172	284.495
14000	197	451.49	658.748
14000	198	379.484	1022.05
14000	199	-291.713	-321.815
14000	200	-957.323	-239.965
14000	201	-132.068	-273.593
14000	202	-192.657	-111.069
14000	203	62.4531	-346.156
14000	204	-244.312	-472.388
14000	205	-466.688	154.19
14000	206	65.2785	-128.65
14000	207	34.8643	861.231
14000	208	-559.7	452.698
14000	209	-119.042	1079.82
14000	210	125.785	191.895
14000	211	-63.4267	-1409.41
14000	212	-1084.58	1881.35
14000	213	668.777	1442.26
14000	214	355.471	-732.026
14000	215	-121.274	-504.082
14000	216	-540.981	76.5554
14000	217	955.584	418.712
14000	218	-146.917	843.134
14000	219	333.348	-897.546
14000	220	-278.189	-1301.99
14000	221	702.891	1000.26
14000	222	-14.6304	866.091
14000	223	90.2633	-341.638
14000	224	-200.719	-379.496
14000	225	-9.99643	-213.45
14000	226	8.19889	574.135
14000	227	19.3083	-406.688
14000	228	284.858	1120.71
14000	229	1165.49	322.613
14000	230	-88.1486	-1402.3
14000	231	-309.295	287.955
14000	232	59.199	-196.201
14000	233	529.762	723.013
14000	234	-149.639	-291.578
14000	235	-0.282846	976.322
14000	236	430.312	469.024
14000	237	-186.901	147.23
14000	238	-558.558	-1105.14
14000	239	-276.78	1282.7
14000	240	-77.8696	-132.394
14000	241	-187.024	-788.527
14000	242	392.328	88.4842
14000	243	-402.181	1560.6
14000	244	-446.428	248.586
14000	245	-724.693	18.1032
14000	246	571.425	539.095
14000	247	302.269	1356.37
14000	248	1030.07	-669.02
14000	249	-499.001	928.784
14000	250	452.935	994.85
14000	251	234.91	34.7473
14000	252	-289.317	-1418.99
14000	253	-390.716	-374.632
14000	254	-783.416	-51.7476
14000	255	439.478	-96.8986
14000	256	-42.1675	-737.692
14000	257	33.2904	161.392
14000	258	506.643	-189.557
14000	259	100.779	-975.102
14000	260	-712.288	333.723
14000	261	-125.446	378.912
14000	262	663.786	-153.859
14000	263	1199.83	1242.62
14000	264	-360.362	-1395.37
14000	265	-355.281	-828.181
14000	266	-12.4178	53.0934
14000	267	560.151	-420.127
14000	268	592.447	290.339
14000	269	603.603	260.84
14000	270	624.274	-1353.3
14000	271	234.534	297.513
14000	272	134.806	146.644
14000	273	278.951	158.787
14000	274	91.3283	42.9247
14000	275	-1179.13	-149.788
14000	276	323.429	-345.058
14000	277	438.842	-569.243
14000	278	80.1776	-203.08
14000	279	-709.514	79.7034
14000	280	58.8711	-355.039
14000	281	-430.201	429.424
14000	282	-316.053	-367.715
14000	283	-18.3626	-1149.07
14000	284	15.3342	68.5802
14000	285	-891.875	-910.79
14000	286	485.051	-388.516
14000	287	395.225	457.892
14000	288	835.788	33.2694
14000	289	130.144	-148.521
14000	290	-178.844	1322.77
14000	291	-277.032	-1532.74
14000	292	353.381	592.332
14000	293	-178.099	379.417
14000	294	456.637	967.494
14000	295	194.118	-139.095
14000	296	-394.356	-222.408
14000	297	-351.446	-430.69
14000	298	-233.024	413.847
14000	299	-615.907	2306.85
14000	300	1031.22	-495.289
14000	301	135.03	329.424
14000	302	64.1959	115.599
14000	303	-22.6397	-437.324
14000	304	-103.609	1256.24
14000	305	147.874	240.037
14000	306	-372.543	1464.95
14000	307	-405.157	38.2815
14000	308	-533.005	652.144
14000	309	-85.8293	1545.61
14000	310	600.869	945.861
14000	311	508.64	400.074
14000	312	247.113	892.395
14000	313	75.7048	-343.418
14000	314	541.57	492.929
14000	315	-1076.41	-218.566
14000	316	-381.325	273.148
14000	317	-295.654	-91.0802
14000	318	123.44	-1027.43
14000	319	-441.675	-884.084
14000	320	-264.228	332.757
14000	321	-366.842	-907.791
14000	322	-96.3873	-307.418
14000	323	-680.021	853.104
14000	324	57.8396	62.5752
14000	325	-155.825	-646.963
14000	326	-47.1676	-733.536
14000	327	-542.273	-296.981
14000	328	-295.903	-333.569
14000	329	368.38	-209.106
14000	330	-543.037	335.586
14000	331	78.0216	682.501
14000	332	-190.721	980.363
14000	333	997.673	-741.315
14000	334	214.562	-419.234
14000	335	572.803	-556.437
14000	336	278.983	1929.66
14000	337	-343.827	-806.202
14000	338	-304.16	-1516.79
14000	339	362.69	1807.71
14000	340	-58.7526	-31.3177
14000	341	-466.919	200.6
14000	342	-464.86	-632.81
14000	343	-279.899	1316.47
14000	344	-27.3636	-535.557
14000	345	27.3005	1089.01
14000	346	-343.395	-1132.04
14000	347	104.546	502.172
14000	348	59.7403	-510.061
14000	349	-433.174	-222.135
14000	350	-317.148	549.565
14000	351	588.69	1276.64
14000	352	-185.33	-655.332
14000	353	-108.623	-746.343
14000	354	279.834	-44.9253
14000	355	579.185	-369.202
14000	356	-33.8423	-327.191
14000	357	-50.0418	127.587
14000	358	587.187	-563.248
14000	359	117.398	434.761
14000	360	229.461	-723.28
14000	361	443.019	830.744
14000	362	480.167	34.8422
14000	363	-131.21	-22.0677
14000	364	-422.377	523.415
14000	365	-303.274	1136.76
14000	366	-199.31	960.781
14000	367	-268.045	367.483
14000	368	-562.256	71.0441
14000	369	309.865	708.846
14000	370	755.47	-294.159
14000	371	-332.32	1569.44
14000	372	-2.38254	-142.667
14000	373	47.5592	-134.547
14000	374	-231.22	-179.037
14000	375	-323.303	237.422
14000	376	-494.216	-3.86323
14000	377	-9.77023	-467.732
14000	378	19.4588	192.593
14000	379	-585.986	-1314.82
14000	380	-738.949	-206.119
14000	381	93.6152	-867.038
14000	382	-173.926	624.442
14000	383	679.64	-1205.01
14000	384	-254.534	-693.059
14000	385	692.18	1318.6
14000	386	-253.024	-802.937
14000	387	-53.8806	-50.8224
14000	388	-711.563	-13.1432
14000	389	210.506	-387.461
14000	390	-44.0472	210.926
14000	391	249.437	134.362
14000	392	-157.786	-968.244
14000	393	-440.146	244.93
14000	394	276.964	50.6775
14000	395	-83.1091	252.995
14000	396	135.329	694.195
14000	397	-834.41	368.022
14000	398	474.957	364.631
14000	399	408.33	-641.081
14000	400	352.305	-981.562
14000	401	-406.324	716.901
14000	402	100.131	-539.468
14000	403	-828.835	-2089.82
14000	404	-559.909	-322.066
14000	405	148.518	-623.809
14000	406	916.128	-1640.61
14000	407	-53.16	-82.0914
14000	408	964.617	-164.36
14000	409	107.695	-556.687
14000	410	872.768	734.855
14000	411	-48.0715	377.049
14000	412	-381.122	-427.512
14000	413	449.426	-236.493
14000	414	-116.324	602.233
14000	415	-840.646	245.717
14000	416	-458.239	-167.48
14000	417	-329.226	-199.418
14000	418	4.61568	-456.901
14000	419	658.977	-667.515
14000	420	-651.792	186.158
14000	421	806.238	-1010.15
14000	422	196.18	475.17
14000	423	-340.331	96.0734
14000	424	364.729	148.263
14000	425	411.597	134.036
14000	426	-1260.32	-1558.1
14000	427	-8.14203	194.11
14000	428	-27.0094	419.805
14000	429	-493.921	972.674
14000	430	515.906	30.4843
14000	431	132.268	-1179.54
14000	432	-456.712	-1784.31
14000	433	-116.494	-327.936
14000	434	324.371	1151.66
14000	435	151.099	205.507
14000	436	124.148	-12.1471
14000	437	-133.82	583.323
14000	438	208.941	-635.238
14000	439	584.088	-196.913
14000	440	-209.587	-366.365
14000	441	-301.76	-523.418
14000	442	-572.073	-229.384
14000	443	536.65	-276.59
14000	444	-43.2847	-490.525
14000	445	-1.4481	-1057.22
14000	446	198.313	493.167
14000	447	-296.436	208.621
14000	448	268.24	1132.86
14000	449	-662.533	-355.969
14000	450	-472.954	390.008
14000	451	88.8491	-433.789
14000	452	-1168.86	-961.673
14000	453	522.948	-126.594
14000	454	-55.1853	-609.106
14000	455	85.2191	78.5355
14000	456	157.847	1253.02
14000	457	233.946	-626.273
14000	458	-438.924	446.896
14000	459	147.678	-989.182
14000	460	-176.304	194.096
14000	461	-248.21	247.372
14000	462	465.937	-1036.12
14000	463	-11.0058	-653.406
14000	464	409.389	213.071
14000	465	55.5617	-129.073
14000	466	-195.794	226.612
14000	467	278.761	342.744
14000	468	-889.635	-613.173
14000	469	544.856	414.802
14000	470	-119.164	-213.314
14000	471	-102.517	-101.24
14000	472	-1180.97	341.868
14000	473	847.831	838.62
14000	474	-307.05	765.733
14000	475	186.837	-426.851
14000	476	785.137	163.532
14000	477	-28.4837	1.55008
14000	478	1469.43	-1017.3
14000	479	159.587	1312.72
14000	480	-114.767	-792.984
14000	481	894.08	1083.55
14000	482	282.87	-511.889
14000	483	-484.791	-602.72
14000	484	221.809	-744.348
14000	485	366.38	-409.96
14000	486	492.077	-442.84
14000	487	122.858	-304.895
14000	488	378.96	-219.87
14000	489	-225.778	510.229
14000	490	428.743	932.393
14000	491	303.489	590.992
14000	492	-420.126	-586.089
14000	493	-727.278	-652.462
14000	494	675.063	-146.738
14000	495	-308.968	-848.68
14000	496	44.5639	-395.165
14000	497	-770.998	-978.906
14000	498	-29.2355	744.107
14000	499	278.001	-237.461
16000	0	-176.79	632.97
16000	1	143.631	-249.846
16000	2	292.544	1012.37
16000	3	-508.628	-639.599
16000	4	124.815	-1240.18
16000	5	-719.415	783.325
16000	6	58.6145	-1269.64
16000	7	407.866	-455.37
16000	8	895.308	778.805
16000	9	299.923	549.411
16000	10	-107.495	1087.67
16000	11	647.981	-58.1135
16000	12	-377.176	-128.045
16000	13	689.869	-1059.73
16000	14	-801.133	-632.547
16000	15	-95.9744	-370.546
16000	16	462.858	-950.679
16000	17	200	-1107.04
16000	18	550.934	-585.267
16000	19	551.459	-642.583
16000	20	326.195	900.217
16000	21	154.941	-824.24
16000	22	88.9546	-595.739
16000	23	835.542	1560.21
16000	24	193.103	-483.321
16000	25	-167.038	1704.61
16000	26	-571.837	170.186
16000	27	794.538	-482.4
16000	28	679.146	-787.309
16000	29	-925.318	411.093
16000	30	-353.602	1653.89
16000	31	2.68977	1798.09
16000	32	-353.646	-415.408
16000	33	253.754	508.108
16000	34	427.138	-651.298
16000	35	-887.446	-822.909
16000	36	389.277	-1084.58
16000	37	553.032	98.9657
16000	38	-303.964	-396.952
16000	39	-644.837	38.2181
16000	40	126.604	-1142.46
16000	41	-364.365	-643.14
16000	42	392.347	-1463.55
16000	43	-161.198	80.8802
16000	44	-674	-376.824
16000	45	-1098.73	596.364
16000	46	-671.164	396.82
16000	47	326.38	665.12
16000	48	483.499	-724.543
16000	49	314.785	-256.777
16000	50	-471.104	-432.838
16000	51	-702.78	1436.82
16000	52	-860.546	-790.557
16000	53	-220.383	1722.61
16000	54	122.402	330.117
16000	55	1401.75	81.66
16000	56	189.363	705.826
16000	57	-16.8002	659.45
16000	58	268.86	-473.025
16000	59	-59.9181	877.531
16000	60	-287.433	1494.82
16000	61	334.549	769.741
16000	62	-784.733	637.572
16000	63	88.8501	178.447
16000	64	68.0408	-3.66388
16000	65	203.929	-443.319
16000	66	584.256	-772.316
16000	67	-569.427	-359.802
16000	68	-343.459	855.611
16000	69	123.598	-1168.82
16000	70	-42.9765	-686.198
16000	71	51.2614	-666.863
16000	72	-923.865	-948.807
16000	73	-668.1	-1218.18
16000	74	-409.893	317.251
16000	75	218.937	444.315
16000	76	-59.5403	-483.159
16000	77	-95.681	1459.28
16000	78	-135.59	-650.175
16000	79	-481.825	648.124
16000	80	-867.363	-1240.12
16000	81	-248.499	-564.149
16000	82	529.02	234.115
16000	83	245.958	-822.084
16000	84	-116.333	536.051
16000	85	452.895	279.265
16000	86	-565.106	-490.326
16000	87	789.05	459.469
16000	88	1508.21	1053.22
16000	89	-692.346	-235.862
16000	90	-513.689	-141.331
16000	91	-427.753	-757.213
16000	92	131.176	745.342
16000	93	608.056	-2104.91
16000	94	-600.641	978.477
16000	95	113.327	1272.16
16000	96	-1210.33	-449.349
16000	97	-346.228	-255.703
16000	98	614.598	1262.75
16000	99	1010.21	395.352
16000	100	-195.577	-997.672
16000	101	64.3677	806.027
16000	102	-328.391	192.691
16000	103	-411.365	492.235
16000	104	-127.473	-362.606
16000	105	-327.89	-619.359
16000	106	145.824	396.003
16000	107	-4.35262	-930.05
16000	108	-159.879	-24.5466
16000	109	285.106	-251.545
16000	110	-148.618	-1811.42
16000	111	-69.2169	1078.71
16000	112	32.989	1373.58
16000	113	36.0827	474.935
16000	114	270.105	295.739
16000	115	904.63	931.15
16000	116	-716.403	-934.88
16000	117	692.401	-535.937
16000	118	-838.604	-617.197
16000	119	218.08	-435.681
16000	120	-367.106	-449.234
16000	121	179.688	331.764
16000	122	-573.958	17.4611
16000	123	-101.406	-1500.74
16000	124	44.4738	-466.152
16000	125	30.5692	837.221
16000	126	-882.568	-1567.05
16000	127	-269.35	-429.048
16000	128	-66.6707	-1668.53
16000	129	-237.29	-764.88
16000	130	1085.6	-927.425
16000	131	-32.6094	811.953
16000	132	-340.45	-77.1129
16000	133	-160.355	609.2
16000	134	-189.042	989.783
16000	135	847.329	-388.3
16000	136	193.99	-20.3318
16000	137	-338.075	-878.731
16000	138	1042.74	-2362.36
16000	139	312.658	145.975
16000	140	-163.661	74.2523
16000	141	-281.669	621.445
16000	142	43.5242	-65.8206
16000	143	-738.957	704.447
16000	144	399.305	-248.787
16000	145	-1046.7	324.399
16000	146	413.422	-409.094
16000	147	242.097	234.837
16000	148	-567.54	329.352
16000	149	417.277	306.287
16000	150	75.6355	-769.934
16000	151	190.882	841.786
16000	152	1011.44	589.405
16000	153	-69.4111	-1870.24
16000	154	516.902	51.7061
16000	155	180.69	-1136.05
16000	156	-703.406	-754.854
16000	157	630.628	222.226
16000	158	-359.829	96.7239
16000	159	235.676	503.075
16000	160	-380.306	-1277.21
16000	161	28.3	1161.16
16000	162	195.59	493.31
16000	163	-477.933	-247.295
16000	164	-80.0084	41.6237
16000	165	-49.047	55.2741
16000	166	-51.308	1123.39
16000	167	404.565	-1176.59
16000	168	518.768	-312.707
16000	169	-757.081	-227.83
16000	170	683.758	521.232
16000	171	206.912	-124.851
16000	172	345.654	1297.25
16000	173	-403.744	-1057.56
16000	174	1334.36	-1349.75
16000	175	732.126	1640.65
16000	176	-110.316	402.979
16000	177	46.4034	549.532
16000	178	-109.766	-573.458
16000	179	-65.1192	-439.194
16000	180	-41.1711	706.95
16000	181	161.106	-398.314
16000	182	1421.04	415.1
16000	183	403.475	-1564.36
16000	184	-497.276	-366.68
16000	185	-537.573	1438.75
16000	186	-671.231	11.4273
16000	187	29.692	1023.66
16000	188	-541.698	970.898
16000	189	99.3119	1259.44
16000	190	929.155	-560.222
16000	191	-352.343	-662.627
16000	192	-525.539	783.543
16000	193	-544.357	-850.856
16000	194	-798.989	-1350.76
16000	195	-32.5718	-477.04
16000	196	95.5696	695.531
16000	197	445.821	323.103
16000	198	381.354	1536.03
16000	199	-391.761	89.5914
16000	200	-900.285	-647.445
16000	201	94.5565	-653.855
16000	202	-196.408	24.6154
16000	203	10.0679	-173.894
16000	204	-476.198	-30.8209
16000	205	-752.575	592.704
16000	206	144.246	-507.164
16000	207	-131.585	1008.22
16000	208	-646.708	449.302
16000	209	-115.457	661.269
16000	210	205.491	207.464
16000	211	-6.8752	-1721.54
16000	212	-1159.72	2238.32
16000	213	727.956	1421.34
16000	214	317.736	-1226.48
16000	215	-408.124	-305.942
16000	216	-488.816	-91.5372
16000	217	957.173	609.37
16000	218	17.8217	599.236
16000	219	210.856	-999.987
16000	220	-128.27	-1544.08
16000	221	841.145	1339.65
16000	222	-0.079826	909.233
16000	223	417.291	298.085
16000	224	-279.177	-526.407
16000	225	-7.59612	-328.848
16000	226	285.064	338.141
16000	227	-233.567	-188.255
16000	228	563.329	1431.9
16000	229	1384	456.841
16000	230	-68.5991	-1074.76
16000	231	-429.041	816.225
16000	232	241.098	-635.2
16000	233	552.257	597.134
16000	234	-88.6896	-255.305
16000	235	238.526	1019.24
16000	236	530.222	455.179
16000	237	-168.012	161.608
16000	238	-101.057	-1176.78
16000	239	-253.375	1514.03
16000	240	-242.67	-170.165
16000	241	155.008	-771.054
16000	242	534.143	640.832
16000	243	-322.088	1327.31
16000	244	-407.109	178.62
16000	245	-511.055	335.412
16000	246	627.347	366.711
16000	247	302.077	1672.35
16000	248	1071.5	-611.854
16000	249	-495.916	637.537
16000	250	451.479	432.261
16000	251	253.064	-267.974
16000	252	-335.212	-1420.35
16000	253	-372.633	-232.069
16000	254	-854.968	-413.047
16000	255	400.435	-628.415
16000	256	219.863	-688.336
16000	257	-267.496	308.68
16000	258	366.401	-392.161
16000	259	453.813	-687.672
16000	260	-587.504	402.818
16000	261	-146.383	200.009
16000	262	584.095	-65.6971
16000	263	1459.19	956.853
16000	264	-413.726	-1246.68
16000	265	-312.688	-1108.59
16000	266	26.3669	29.6345
16000	267	823.577	-42.5164
16000	268	697.697	-331.128
16000	269	466.264	74.8211
16000	270	661.844	-1123.99
16000	271	282.004	201.786
16000	272	-3.47282	-60.4332
16000	273	459.615	287.356
16000	274	132.957	-167.287
16000	275	-1237.18	326.134
16000	276	566.702	-177.656
16000	277	495.464	-675.42
16000	278	227.243	-321.208
16000	279	-588.249	-281.274
16000	280	179.295	-42.1174
16000	281	-272.287	743.277
16000	282	-88.7284	-593.719
16000	283	-77.5109	-1176.33
16000	284	-105.46	105.562
16000	285	-754.596	-950.943
16000	286	322.958	-583.048
16000	287	439.413	240.002
16000	288	706.106	41.6244
16000	289	25.0487	-95.1428
16000	290	-164.315	1291.73
16000	291	-280.383	-1358.58
16000	292	493.9	359.614
16000	293	-216.853	787.042
16000	294	316.468	879.008
16000	295	371.417	97.8544
16000	296	-375.038	160.626
16000	297	-452.023	-286.977
16000	298	-91.5195	695.264
16000	299	-517.158	2176.32
16000	300	1090.82	-462.099
16000	301	127.383	392.959
16000	302	180.721	263.161
16000	303	-142.649	-810.271
16000	304	12.7989	1886.28
16000	305	46.9591	839.773
16000	306	-383.395	973.998
16000	307	-343.177	-119.367
16000	308	-171.659	647.744
16000	309	2.98258	1767.04
16000	310	640.13	847.315
16000	311	489.939	896.225
16000	312	84.5603	1034.03
16000	313	125.689	-963.501
16000	314	557.641	-80.4026
16000	315	-925.659	-536.153
16000	316	-181.365	274.69
16000	317	-413.739	-442.805
16000	318	-0.105842	-1381.76
16000	319	-531.437	-1236.58
16000	320	-133.235	639.967
16000	321	-430.164	-1193.28
16000	322	-195.377	-590.115
16000	323	-379.272	540.345
16000	324	-181.343	40.9307
16000	325	-74.2682	-954.817
16000	326	-33.4084	-494.419
16000	327	-388.263	87.134
16000	328	-193.863	186.531
16000	329	429.254	184.861
16000	330	-539.281	377.574
16000	331	245.755	1108.54
16000	332	-241.536	957.928
16000	333	1418.38	-539.45
16000	334	102.74	-664.348
16000	335	294.961	-684.058
16000	336	272.022	2053.71
16000	337	-164.26	-309.473
16000	338	-214.868	-1436.76
16000	339	83.0735	2630.12
16000	340	141.635	273.154
16000	341	-266.737	163.9
16000	342	-570.116	-818.784
16000	343	19.5881	1011.87
16000	344	-7.24861	-968.264
16000	345	-52.2585	1095.24
16000	346	-402.682	-595.235
16000	347	131.196	592.98
16000	348	-156.705	-220.436
16000	349	-276.305	-127.758
16000	350	-590.69	452.574
16000	351	51.6628	946.704
16000	352	-10.3652	-594.557
16000	353	-69.3951	-1394.12
16000	354	322.737	141.378
16000	355	693.387	-140.22
16000	356	-113.924	-455.124
16000	357	-11.1461	465.798
16000	358	416.089	-468.219
16000	359	560.663	201.992
16000	360	147.482	-554.263
16000	361	215.027	1134.16
16000	362	478.058	231.928
16000	363	-59.1046	-271.398
16000	364	-581.989	565.531
16000	365	-342.2	493.727
16000	366	-172.149	477.306
16000	367	-67.3825	-2.52235
16000	368	-759.523	-16.0915
16000	369	428.295	819.461
16000	370	675.826	430.246
16000	371	-413.338	1675.6
16000	372	-2.27344	-233.951
16000	373	-172.286	-159.067
16000	374	-208.824	-279.342
16000	375	-424.306	620.636
16000	376	-769.251	-32.9415
16000	377	-8.64145	-942.671
16000	378	-261.912	501.827
16000	379	-797.17	-1042.17
16000	380	-1046.67	-384.851
16000	381	312.03	-1057.93
16000	382	-124.157	505.183
16000	383	779.373	-906.318
16000	384	-175.636	-783.044
16000	385	607.941	1322.82
16000	386	-333.581	-589.744
16000	387	-93.7156	-64.9427
16000	388	-512.248	267.085
16000	389	508.03	-665.681
16000	390	-305.949	542.508
16000	391	-63.8453	-282.722
16000	392	-36.0856	-1079.41
16000	393	-597.631	481.183
16000	394	397.027	471.056
16000	395	-205.259	255.203
16000	396	107.711	732.953
16000	397	-730.535	878.666
16000	398	416.179	208.621
16000	399	394.486	-1039.45
16000	400	672.088	-1120.89
16000	401	-403.727	798.184
16000	402	76.9078	-410.453
16000	403	-709	-1821.08
16000	404	-509.606	-560.575
16000	405	314.12	-990.067
16000	406	923.886	-1671.04
16000	407	-96.313	64.6237
16000	408	992.197	-181.121
16000	409	127.261	-341.133
16000	410	1000.02	1070.15
16000	411	-169.227	462.937
16000	412	-315.705	-355.594
16000	413	465.352	-303.587
16000	414	-337.388	631.978
16000	415	-681.681	-570.537
16000	416	-251.804	356.468
16000	417	-308.095	-421.319
16000	418	-34.9484	-779.007
16000	419	475.296	-641.872
16000	420	-1092.99	132.747
16000	421	989.568	-1250.82
16000	422	-38.753	-474.903
16000	423	-399.573	470.076
16000	424	351.044	326.169
16000	425	649.655	329.105
16000	426	-1349.1	-1820.57
16000	427	-412.358	310.863
16000	428	-158.724	564.625
16000	429	-642.311	1123.83
16000	430	756.397	174.305
16000	431	169.185	-1466.87
16000	432	-357.601	-1325
16000	433	242.797	-609.437
16000	434	460.496	567.747
16000	435	215.143	483.792
16000	436	240.813	-230.725
16000	437	-209.655	430.31
16000	438	249.17	-588.351
16000	439	704.501	82.2135
16000	440	-1.14579	-673.46
16000	441	-90.4008	-469.69
16000	442	-533.675	59.4712
16000	443	634.838	203.873
16000	444	233.843	-577.525
16000	445	-61.6788	-1503.99
16000	446	-63.6155	659.766
16000	447	1.90273	-65.693
16000	448	148.443	731.117
16000	449	-462.102	-1.72716
16000	450	-530.744	351.345
16000	451	107.075	-644.464
16000	452	-963.962	-1048
16000	453	363.653	568.042
16000	454	-314.812	-677.457
16000	455	-131.133	-242.683
16000	456	27.6834	838.353
16000	457	392.984	-446.607
16000	458	-460.001	495.624
16000	459	-72.2577	-626.136
16000	460	-76.7908	-12.0711
16000	461	-409.073	134.729
16000	462	528.241	-1202.47
16000	463	330.728	-588.918
16000	464	492.413	192.703
16000	465	-145.279	-71.7253
16000	466	-340.268	-5.22147
16000	467	260.56	491.059
16000	468	-1070.18	-1124.24
16000	469	544.707	440.773
16000	470	259.987	-318.549
16000	471	-302.961	-180.356
16000	472	-1043.03	-150.399
16000	473	911.592	867.045
16000	474	-310.518	782.02
16000	475	181.798	382.171
16000	476	908.949	168.112
16000	477	444.524	296.977
16000	478	1551.4	-874.905
16000	479	260.508	1013.36
16000	480	-222.826	-916.724
16000	481	1020.26	1115.83
16000	482	465.194	-591.113
16000	483	-241.401	-1149.73
16000	484	301.171	-1017.43
16000	485	510.406	-9.7449
16000	486	610.606	-542.036
16000	487	288.581	-729.845
16000	488	308.243	-716.863
16000	489	90.5211	643.708
16000	490	230.897	629.204
16000	491	451.89	391.11
16000	492	-522.606	-511.41
16000	493	-709.584	-760.202
16000	494	475.468	-390.955
16000	495	-208.796	-784.806
16000	496	-96.4279	-693.834
16000	497	-784.629	-1227.36
16000	498	-27.8453	633.869
16000	499	198.514	-552.218
18000	0	305.442	800.356
18000	1	161.22	-436.368
18000	2	340.62	988.31
18000	3	-550.387	-910.567
18000	4	506.666	-1392.58
18000	5	-739.17	579.03
18000	6	416.113	-1346.74
18000	7	387.597	-507.098
18000	8	713.795	701.141
18000	9	247.714	611.708
18000	10	-248.864	901.255
18000	11	746.276	-255.181
18000	12	-277.571	163.282
18000	13	592.819	-1082.15
18000	14	-978.743	-700.234
18000	15	-340.851	-54.3822
18000	16	431.06	-952.899
18000	17	600.634	-1140.96
18000	18	636.757	-775.397
18000	19	509.927	-379.158
18000	20	146.203	486.671
18000	21	-144.503	-1144.66
18000	22	149.317	-943.04
18000	23	734.65	1153.94
18000	24	233.1	-293.738
18000	25	-165.904	1497.93
18000	26	-606.218	-54.974
18000	27	856.451	-531.888
18000	28	564.417	-804.864
18000	29	-966.013	188.652
18000	30	-434.271	1762.47
18000	31	-115.974	2583.26
18000	32	-270.835	-175.151
18000	33	215.825	1030.4
18000	34	606.531	-655.786
18000	35	-1164.25	-810.057
18000	36	70.5382	-784.155
18000	37	271.877	-174.233
18000	38	-397.757	-840.285
18000	39	-686.778	571.76
18000	40	191.398	-1147.07
18000	41	-191.998	-798.428
18000	42	334.545	-1197.76
18000	43	86.3026	-326.074
18000	44	-637.574	-245.622
18000	45	-1286.81	566.088
18000	46	-675.661	598.459
18000	47	409.384	975.425
18000	48	555.351	-619.21
18000	49	-163.884	-135.217
18000	50	-632.254	-384.456
18000	51	-416.947	1246.37
18000	52	-759.177	-673.359
18000	53	-564.199	1562.6
18000	54	99.0445	438.512
18000	55	1137.12	-223.836
18000	56	228.722	448.511
18000	57	-54.2458	501.828
18000	58	467.676	130.332
18000	59	-189.725	825.499
18000	60	-526.293	1386.86
18000	61	293.675	301.21
18000	62	-623.842	640.017
18000	63	-10.5149	546.345
18000	64	-68.3372	-13.9464
18000	65	243.747	-89.0375
18000	66	785.249	-938.112
18000	67	-606.614	-892.618
18000	68	-261.717	1199.29
18000	69	321.232	-1357.7
18000	70	-21.5423	-895.94
18000	71	198.092	-328.532
18000	72	-1170.17	-800.109
18000	73	-761.084	-1416.89
18000	74	-503.896	403.574
18000	75	320.422	897.334
18000	76	89.3651	-708.394
18000	77	-110.849	1509.96
18000	78	-60.1326	-1110.58
18000	79	-702.272	459.551
18000	80	-1046.92	-1748.16
18000	81	-26.6508	-387.934
18000	82	449.011	-362.614
18000	83	105.581	-1066.38
18000	84	64.3356	693.113
18000	85	547.538	131.557
18000	86	-651.712	-451.501
18000	87	489.374	620.601
18000	88	1727.22	803.156
18000	89	-592.547	-892.441
18000	90	-532.466	147.829
18000	91	-286.736	-1474.33
18000	92	131.994	516.487
18000	93	745.836	-2440.21
18000	94	-502.6	1090.65
18000	95	-0.708827	1353.85
18000	96	-1171.74	-98.6529
18000	97	-344.074	-472.268
18000	98	955.069	1163.97
18000	99	951.692	60.6246
18000	100	-515.32	-772.269
18000	101	-152.586	768.385
18000	102	-209.517	385.634
18000	103	-634.845	787.18
18000	104	-208.371	-589.84
18000	105	-225.33	-819.359
18000	106	-14.1484	416.503
18000	107	-44.3774	-996.493
18000	108	-277.513	45.2752
18000	109	228.787	-715.696
18000	110	-287.005	-2008.54
18000	111	165.754	1389.42
18000	112	58.0288	1581.49
18000	113	-246.435	108.592
18000	114	370.769	214.782
18000	115	1279.54	881.007
18000	116	-415.351	-957.144
18000	117	550.484	-779.461
18000	118	-764.257	-225.235
18000	119	-83.9547	-157.094
18000	120	-509.12	-535.616
18000	121	-24.2956	994.684
18000	122	-570.38	-22.1174
18000	123	108.271	-1073.88
18000	124	-95.1202	-432.529
18000	125	237.31	722.806
18000	126	-983.631	-1510.15
18000	127	-308.784	-320.656
18000	128	-204.795	-1275.01
18000	129	-37.8693	-617.931
18000	130	1262.89	-988.704
18000	131	-341.082	870.738
18000	132	-341.626	119.361
18000	133	-44.7537	743.175
18000	134	-181.468	909.021
18000	135	977.717	-189.539
18000	136	-163.561	-627.577
18000	137	-196.149	-581.372
18000	138	814.948	-2490.21
18000	139	231.841	-25.8594
18000	140	-317.661	-52.7206
18000	141	-241.213	1010.93
18000	142	23.6786	-75.5102
18000	143	-758.154	318.875
18000	144	680.034	-418.439
18000	145	-1123.79	-149.638
18000	146	194.51	-752.689
18000	147	181.557	-21.5839
18000	148	-694.379	-112.926
18000	149	715.023	592.723
18000	150	160.382	-688.601
18000	151	168.392	1053.9
18000	152	846.214	477.618
18000	153	-247.126	-1414.33
18000	154	879.992	-249.81
18000	155	94.5237	-1333.97
18000	156	-783.717	-273.379
18000	157	996.076	191.083
18000	158	-551.059	234.302
18000	159	302.551	-333.871
18000	160	-378.484	-1009.69
18000	161	122.22	831.922
18000	162	311.817	154.31
18000	163	-859.833	177.268
18000	164	28.574	82.8587
18000	165	294.23	393.849
18000	166	-77.8	916.446
18000	167	540.827	-1607.63
18000	168	735.297	-275.074
18000	169	-859.201	-264.858
18000	170	504.556	1091.4
18000	171	144.979	-209.889
18000	172	164.039	1384.71
18000	173	-440.451	-1016.64
18000	174	1075.64	-1336.53
18000	175	601.22	1570.99
18000	176	-152.621	477.591
18000	177	-235.743	512.012
18000	178	-318.436	-239.079
18000	179	-202.476	-485.492
18000	180	-41.5941	595.092
18000	181	68.1642	29.2485
18000	182	1379.33	250.384
18000	183	562.978	-1514.57
18000	184	-464.675	-781.027
18000	185	-483.891	2233.45
18000	186	-677.796	-352.997
18000	187	-131.496	1262.7
18000	188	-660.585	1039.68
18000	189	290.382	1249.37
18000	190	788.253	-249.076
18000	191	-213.524	-696.45
18000	192	-405.075	954.45
18000	193	-621.85	-321.522
18000	194	-956.446	-864.927
18000	195	105.193	-453.697
18000	196	177.172	462.725
18000	197	105.831	477.941
18000	198	258.113	1327.95
18000	199	-294.129	-39.8925
18000	200	-641.941	-851.049
18000	201	145.981	-236.218
18000	202	-35.6469	4.13898
18000	203	242.784	196.514
18000	204	-444.624	119.919
18000	205	-635.305	867.21
18000	206	242.3	-833.778
18000	207	-130.364	949.27
18000	208	-621.43	363.423
18000	209	-136.423	594.973
18000	210	249.764	471.626
18000	211	173.72	-1813.37
18000	212	-881.61	2022.17
18000	213	805.646	1390.7
18000	214	417.158	-925.194
18000	215	-327.738	-434.248
18000	216	-384.316	-113.483
18000	217	623.986	-14.71
18000	218	-126.581	621.51
18000	219	314.479	-823.147
18000	220	-37.7623	-1706.9
18000	221	1021.96	672.634
18000	222	-199.245	660.389
18000	223	469.811	163.085
18000	224	-559.798	-1191.58
18000	225	49.9147	-449.422
18000	226	349.43	305.548
18000	227	-92.7739	214.042
18000	228	742.87	1581.7
18000	229	1325.94	699.755
18000	230	103.342	-1125.46
18000	231	-408.248	823.618
18000	232	166.439	-1009.62
18000	233	449.148	573.119
18000	234	-428.961	-833.054
18000	235	179.3	957.199
18000	236	709.969	712.684
18000	237	-365.992	-88.3231
18000	238	237.215	-1117.41
18000	239	-552.092	1688.49
18000	240	-262.366	178.26
18000	241	-24.7279	-696.464
18000	242	481.689	860.123
18000	243	-263.677	1062.51
18000	244	-485.452	295.721
18000	245	-607.105	156.551
18000	246	510.435	-0.0310668
18000	247	182.271	2078.24
18000	248	992.32	-547.759
18000	249	-598.378	527.227
18000	250	433.153	653.464
18000	251	78.5258	-986.633
18000	252	-243.971	-1467.32
18000	253	-253.427	-170.187
18000	254	-651.191	-180.35
18000	255	319.094	-339.992
18000	256	259.545	-694.272
18000	257	31.4327	430.335
18000	258	406.673	-615.023
18000	259	233.479	-178.468
18000	260	-409.878	347.278
18000	261	-168.33	723.629
18000	262	225.808	215.557
18000	263	1402.05	874.187
18000	264	-317.987	-1402.21
18000	265	-575.758	-1214.16
18000	266	287.887	-76.8822
18000	267	800.152	287.801
18000	268	537.214	-251.86
18000	269	445.697	196.275
18000	270	646.421	-839.495
18000	271	9.75848	312.058
18000	272	-83.7857	-25.7943
18000	273	396.475	319.448
18000	274	145.629	-205.95
18000	275	-997.156	-269.106
18000	276	785.241	-313.989
18000	277	436.58	-1357.89
18000	278	-65.9051	-412.016
18000	279	-467.434	-723.834
18000	280	661.884	258.91
18000	281	-670.483	991.565
18000	282	22.8697	-180.735
18000	283	-178.783	-1395.4
18000	284	-404.393	-132.763
18000	285	-992.392	-957.628
18000	286	547.724	-190.57
18000	287	502.078	511.184
18000	288	536.124	498.727
18000	289	109.688	-154.889
18000	290	-637.213	1523.71
18000	291	-287.879	-1422.02
18000	292	670.525	-79.4955
18000	293	-437.161	1120.22
18000	294	416.304	917.454
18000	295	-166.385	347.255
18000	296	-94.9112	-197.86
18000	297	-730.946	-33.5402
18000	298	-53.8347	760.254
18000	299	-996.838	2515.14
18000	300	1339.06	-581.334
18000	301	149.928	434.01
18000	302	323.808	348.088
18000	303	-100.988	-660.422
18000	304	66.2285	2210.43
18000	305	-150.336	987.703
18000	306	-112.678	1242.36
18000	307	-449.383	-141.751
18000	308	-271.899	615.656
18000	309	3.91657	1635.68
18000	310	721.643	1290.04
18000	311	349.213	614.933
18000	312	187.273	935.236
18000	313	223.36	-1232.41
18000	314	435.581	150.473
18000	315	-580.056	-600.803
18000	316	-180.298	720.948
18000	317	-256.418	-152.748
18000	318	-0.82192	-1155.04
18000	319	-614.929	-1285.49
18000	320	150.311	767.783
18000	321	-290.536	-1589.79
18000	322	-38.9609	-794.944
18000	323	-200.967	397.808
18000	324	-271.029	-203.504
18000	325	25.1523	-1076.67
18000	326	-155.439	-761.126
18000	327	-168.86	-404.891
18000	328	-235.443	352.79
18000	329	568.102	267.233
18000	330	-648.349	305.647
18000	331	209.73	900.271
18000	332	-94.688	998.69
18000	333	1368.95	-391.804
18000	334	55.8043	-628.923
18000	335	550.089	-256.204
18000	336	-20.1854	1603.63
18000	337	-283.212	-284.052
18000	338	-41.9956	-1637.1
18000	339	-121.305	2084.53
18000	340	-135.728	328.796
18000	341	-81.972	441.387
18000	342	-745.476	-855.755
18000	343	103.413	656.582
18000	344	-66.1775	-1515.48
18000	345	-411.316	1006.7
18000	346	-346.697	-422.808
18000	347	-48.0314	395.541
18000	348	-176.724	-87.9956
18000	349	-237.107	370.474
18000	350	-716.639	831.799
18000	351	72.9256	1082.75
18000	352	14.7876	-564.484
18000	353	111.319	-1037.5
18000	354	141.881	-871.002
18000	355	940.936	-277.752
18000	356	65.7791	-208.952
18000	357	-207.723	1058.76
18000	358	509.595	-56.047
18000	359	597.02	716.341
18000	360	386.622	-295.096
18000	361	170.89	1511.66
18000	362	858.791	384.933
18000	363	29.1824	-588.349
18000	364	-663.301	986.829
18000	365	-120.643	430.346
18000	366	-67.8102	868.759
18000	367	93.2891	-113.804
18000	368	-662.819	-48.593
18000	369	186.93	691.153
18000	370	1295.09	534.396
18000	371	-391.678	1414.87
18000	372	-61.6568	134.18
18000	373	28.8825	-134.01
18000	374	-408.252	-121.374
18000	375	-344.288	636.329
18000	376	-652.147	-255.417
18000	377	-50.9271	-1430.63
18000	378	-361.9	691.003
18000	379	-805.546	-899.74
18000	380	-1137.81	-519.64
18000	381	694.081	-934.327
18000	382	-223.619	368.506
18000	383	1080.32	-1316.58
18000	384	-113.31	-828.429
18000	385	572.791	1289.96
18000	386	-529.833	-697.633
18000	387	-293.902	23.9392
18000	388	-430.298	692.299
18000	389	389.97	-648.947
18000	390	-407.869	641.855
18000	391	158.463	-407.709
18000	392	252.274	-1090.03
18000	393	-616.668	700.45
18000	394	749.524	557.701
18000	395	98.5019	-55.352
18000	396	264.514	1207.12
18000	397	-730.509	807.215
18000	398	594.634	86.3699
18000	399	568.154	-1029.24
18000	400	491.481	-1051.69
18000	401	-503.681	704
18000	402	-1.61071	-476.571
18000	403	-447.01	-2227.22
18000	404	-601.918	-49.3723
18000	405	212.429	-536.248
18000	406	1046.34	-2099.35
18000	407	26.962	-293.299
18000	408	869.543	57.8906
18000	409	205.492	289.135
18000	410	839.215	1386.35
18000	411	-84.8061	524.457
18000	412	-221.727	-69.9955
18000	413	506.588	-881.435
18000	414	-573.833	443.548
18000	415	-565.009	-136.527
18000	416	-578.339	-59.1874
18000	417	-266.722	-242.737
18000	418	43.368	-527.864
18000	419	652.456	-1059.78
18000	420	-1247.11	-180.633
18000	421	1006.81	-861.333
18000	422	276.014	-623.444
18000	423	-421.112	727.047
18000	424	351.824	1193.5
18000	425	651.747	756.312
18000	426	-1768.58	-1931.08
18000	427	-631.86	51.9672
18000	428	176.113	665.947
18000	429	-523.534	1144.22
18000	430	837.497	-226.996
18000	431	393.109	-1406.1
18000	432	-642.22	-1813.55
18000	433	128.601	-387.62
18000	434	178.018	681.468
18000	435	215.121	191.475
18000	436	126.356	-299.607
18000	437	-121.103	813.187
18000	438	210.041	-569.243
18000	439	424.834	350.825
18000	440	50.9137	-941.339
18000	441	-51.6489	-583.856
18000	442	-610.911	264.854
18000	443	555.189	-318.974
18000	444	334.665	-329.5
18000	445	-118.183	-1306.33
18000	446	79.4548	427.524
18000	447	43.9638	-337.315
18000	448	12.8648	453.616
18000	449	-582.471	-118.382
18000	450	-109.267	77.965
18000	451	185.98	-524.534
18000	452	-1025.12	-935.613
18000	453	-97.6205	1354.21
18000	454	-495.141	-811.626
18000	455	-53.8375	-552.65
18000	456	283.887	891.22
18000	457	393.983	38.9204
18000	458	-435.297	598.219
18000	459	-102.526	-280.535
18000	460	181.689	-180.043
18000	461	-826.349	639.955
18000	462	665.544	-1449.42
18000	463	-68.2657	-232.156
18000	464	242.788	76.8903
18000	465	-276.786	192.605
18000	466	-473.432	-725.358
18000	467	-141.499	276.605
18000	468	-1211.11	-1008.11
18000	469	743.35	192.943
18000	470	122.446	-174.637
18000	471	-563.426	-395.718
18000	472	-1219.8	-403.152
18000	473	868.241	1223.83
18000	474	-372.253	858.318
18000	475	300.144	200.154
18000	476	751.029	144.002
18000	477	674.678	236.23
18000	478	1178.02	-1087.22
18000	479	500.678	1222.8
18000	480	-333.438	-785.327
18000	481	951.706	1370.86
18000	482	312.36	-972.892
18000	483	-283.631	-1161.47
18000	484	221.125	-1201.12
18000	485	406.614	540.017
18000	486	672.526	-573.444
18000	487	361.828	-667.806
18000	488	450.711	-1184.16
18000	489	-69.0077	494.612
18000	490	209.767	1462.77
18000	491	351.458	73.8233
18000	492	-603.447	-418.107
18000	493	-589.467	-901.692
18000	494	656.289	-35.2249
18000	495	-229.53	-1021.63
18000	496	110.349	-682.543
18000	497	-1069.15	-2153.31
18000	498	109.369	572.963
18000	499	19.5051	-773.878
20000	0	190.451	744.323
20000	1	-239	-272.155
20000	2	247.462	582.716
20000	3	-651.013	-671.79
20000	4	428.127	-1424.72
20000	5	-798.231	368.098
20000	6	536.069	-875.385
20000	7	305.738	-375.383
20000	8	456.932	256.844
20000	9	300.233	438.229
20000	10	10.8733	825.25
20000	11	707.189	-53.3888
20000	12	-78.1303	-114.985
20000	13	769.188	-1123.16
20000	14	-1023.9	-1267.74
20000	15	-440.095	31.5791
20000	16	482.871	-1383.74
20000	17	740.839	-1234.19
20000	18	376.151	-753.813
20000	19	829.428	-215.902
20000	20	-115.088	570.887
20000	21	-87.7412	-1203.08
20000	22	349.979	-805.69
20000	23	436.503	1304.11
20000	24	-105.713	-224.14
20000	25	-348.231	1788.74
20000	26	-510.834	230.103
20000	27	676.03	-298.107
20000	28	715.916	-1163.71
20000	29	-646.244	360.005
20000	30	-550.92	1771.51
20000	31	-479.231	2033.64
20000	32	-360.098	-174.066
20000	33	175.71	1452.23
20000	34	408.045	-522.253
20000	35	-1283.47	-890.133
20000	36	-10.2424	-1083.94
20000	37	248.086	-192.03
20000	38	-439.381	-498.686
20000	39	-925.537	648.902
20000	40	408.961	-1648.37
20000	41	-33.0238	-516.071
20000	42	453.06	-1033.48
20000	43	295.751	-680.881
20000	44	-795.152	-859.228
20000	45	-1570.43	886.124
20000	46	-415.987	518.039
20000	47	230.559	1214.97
20000	48	491.944	-699.164
20000	49	-45.5359	-588.318
20000	50	-390.697	-199.624
20000	51	-235.547	969.739
20000	52	-779.845	-836.309
20000	53	-644.264	1769.97
20000	54	238.517	873.984
20000	55	1365.34	146.776
20000	56	-72.059	-31.03
20000	57	-77.9268	-237.672
20000	58	326.736	222.646
20000	59	-234.148	709.78
20000	60	-265.108	1571.53
20000	61	473.732	376.867
20000	62	-466.381	518.741
20000	63	-47.1376	762.429
20000	64	-31.6895	530.155
20000	65	448.087	-322.482
20000	66	1028.57	-536.427
20000	67	-925.327	-1353.47
20000	68	-303.551	1208.5
20000	69	163.813	-1731.22
20000	70	118.526	-857.852
20000	71	51.5504	-281.714
20000	72	-1014.17	-1136.88
20000	73	-801.101	-1598.94
20000	74	-589.42	801.586
20000	75	600.098	946.266
20000	76	166.483	-560.632
20000	77	26.7504	1413.38
20000	78	-256.433	-1098.87
20000	79	-861.22	228.798
20000	80	-1027.25	-1786.81
20000	81	-248.017	-338.788
20000	82	449.101	-840.04
20000	83	207.536	-593.043
20000	84	464.666	683.367
20000	85	753.238	509.997
20000	86	-533.051	-516.422
20000	87	289.339	-123.939
20000	88	1549.54	955.693
20000	89	-432.456	-567.341
20000	90	-371.561	84.1136
20000	91	-372.014	-1127.27
20000	92	51.0057	1067.38
20000	93	804.08	-2551.93
20000	94	-562.029	697.515
20000	95	-62.2805	1084.18
20000	96	-1103.07	-8.22001
20000	97	-462.272	-892.926
20000	98	1016.18	1271.92
20000	99	1011.24	437.734
20000	100	-507.911	-1299.89
20000	101	20.2797	630.045
20000	102	-150.683	351.709
20000	103	-833.847	582.649
20000	104	-288.389	-536.229
20000	105	-323.337	-686.724
20000	106	-233.302	1091.35
20000	107	-17.1353	-915.507
20000	108	-519.008	168.392
20000	109	206.809	-1196.31
20000	110	-487.287	-2174.54
20000	111	94.3767	786.568
20000	112	-23.1231	1108.12
20000	113	-177.245	415.639
20000	114	348.322	407.388
20000	115	815.383	793.014
20000	116	-97.7493	-1224.71
20000	117	351.656	-795.292
20000	118	-619.907	-306.895
20000	119	99.1661	-312.415
20000	120	-827.209	-572.617
20000	121	-41.4324	1000.52
20000	122	-656.541	-132.142
20000	123	48.593	-1439.14
20000	124	-100.167	-472.337
20000	125	677.334	886.041
20000	126	-1023.62	-1831.63
20000	127	-590.929	-233.7
20000	128	-203.157	-939.079
20000	129	64.0504	-539.076
20000	130	1166.49	-840.455
20000	131	-600.484	1469.04
20000	132	-102.801	291.018
20000	133	-218.056	863.202
20000	134	30.2262	653.024
20000	135	950.841	-46.1249
20000	136	-227.767	-381.654
20000	137	56.4941	-248.553
20000	138	1025.84	-2490.25
20000	139	-129.107	-239.713
20000	140	-279.73	494.652
20000	141	-305.761	738.437
20000	142	-193.418	-330.531
20000	143	-655.357	604.445
20000	144	719.282	-297.994
20000	145	-1053.01	-179.102
20000	146	191.478	-825.889
20000	147	482.523	-115.916
20000	148	-797.518	-339.591
20000	149	655.193	-19.9964
20000	150	134.907	-777.066
20000	151	172.591	743.628
20000	152	768.891	607.002
20000	153	-167.188	-1643.07
20000	154	992.082	-64.4247
20000	155	227.591	-998.398
20000	156	-901.447	-63.6165
20000	157	832.178	-119.202
20000	158	-612.091	161.011
20000	159	-21.3395	-130.383
20000	160	-223.008	-815.421
20000	161	326.51	432.984
20000	162	579.654	351.133
20000	163	-839.63	519.718
20000	164	82.6181	653.256
20000	165	65.6383	421.596
20000	166	-200.556	538.748
20000	167	502.2	-1631.3
20000	168	975.095	-151.529
20000	169	-838.142	-377.292
20000	170	603.576	820.257
20000	171	-234.48	-436.549
20000	172	341.579	1122.33
20000	173	-620.923	-802.675
20000	174	1197.91	-1086.44
20000	175	114.818	1191.89
20000	176	-190.229	104.515
20000	177	-330.844	1062.19
20000	178	-77.1696	-619.749
20000	179	121.952	-358.938
20000	180	-60.2022	785.183
20000	181	-159.859	-128.168
20000	182	1119.51	56.4081
20000	183	242.383	-1609.79
20000	184	-280.478	-865.733
20000	185	-297.334	2076.68
20000	186	-411.276	-713.47
20000	187	-53.4419	1513.74
20000	188	-829.81	1328.7
20000	189	8.78375	1032.13
20000	190	748.552	-659.239
20000	191	-333.954	-871.704
20000	192	-162.226	616.278
20000	193	-656.041	-461.54
20000	194	-900.17	-1404.95
20000	195	84.4179	-454.846
20000	196	-36.1495	430.604
20000	197	265.424	675.431
20000	198	479.356	1220.43
20000	199	-93.377	-41.2943
20000	200	-721.069	-1051.62
20000	201	308.696	-28.5326
20000	202	6.06361	-266.983
20000	203	243.215	45.5683
20000	204	-223.778	-220.65
20000	205	-620.479	828.88
20000	206	383.778	-1256.23
20000	207	48.8314	847.151
20000	208	-387.125	626.586
20000	209	-202.723	619.165
20000	210	-17.3503	-32.7644
20000	211	334.727	-1484.69
20000	212	-1121.63	2441.2
20000	213	785.58	1396.62
20000	214	115.494	-1200.8
20000	215	-226.459	-305.434
20000	216	-343.235	-324.539
20000	217	365.251	-397.13
20000	218	-66.0542	70.4249
20000	219	450.743	-1114.62
20000	220	94.8955	-1711.05
20000	221	1044.67	834.137
20000	222	79.5899	866.633
20000	223	494.344	-730.685
20000	224	-580.108	-981.198
20000	225	192.092	-209.856
20000	226	584.444	-250.372
20000	227	-91.4538	420.307
20000	228	635.316	1478.35
20000	229	1503.35	645.926
20000	230	139.203	-1257.9
20000	231	-467.683	806.59
20000	232	119.662	-1500.21
20000	233	373.531	218.48
20000	234	-470.835	-547.606
20000	235	179.661	1128.8
20000	236	737.823	1242.99
20000	237	-361.63	107.314
20000	238	396.948	-1301.43
20000	239	-355.21	1052.63
20000	240	-302.374	647.802
20000	241	235.192	-576.265
20000	242	651.742	1324.79
20000	243	-181.802	1540.12
20000	244	-825.222	245.892
20000	245	-291.868	95.8894
20000	246	571.72	198.947
20000	247	411.048	2013.96
20000	248	1190.83	-925.437
20000	249	-416.81	638.957
20000	250	452.518	778.463
20000	251	-88.2345	-1124.47
20000	252	-246.158	-1642.87
20000	253	-374.522	-18.8805
20000	254	-942.73	-800.571
20000	255	320.129	-462.164
20000	256	71.5922	-1293.49
20000	257	251.543	-6.16186
20000	258	488.48	-512.55
20000	259	314.484	21.4926
20000	260	-430.368	713.33
20000	261	19.4461	751.407
20000	262	23.3773	771.674
20000	263	1488.05	679.076
20000	264	-198.264	-1342.86
20000	265	-666.255	-1469.46
20000	266	359.638	112.001
20000	267	861.71	308.171
20000	268	266.659	-213.76
20000	269	575.164	-36.2684
20000	270	782.084	-348.79
20000	271	78.5789	310.001
20000	272	-63.7247	201.889
20000	273	357.306	244.591
20000	274	225.75	157.149
20000	275	-859.719	-514.1
20000	276	944.113	-102.008
20000	277	638.264	-947.05
20000	278	106.609	251.581
20000	279	-508.204	-625.242
20000	280	565.939	-11.8953
20000	281	-831.956	1105.47
20000	282	177.301	24.952
20000	283	-358.058	-1934.62
20000	284	-611.124	-149.168
20000	285	-1132.06	-1037.32
20000	286	543.798	-210.204
20000	287	539.352	243.275
20000	288	636.115	610.078
20000	289	170.505	36.5317
20000	290	-618.675	1655.97
20000	291	-421.71	-1201.57
20000	292	791.902	52.2412
20000	293	-535.898	1054.26
20000	294	55.5286	1198.18
20000	295	-413.48	413.929
20000	296	-3.75904	86.6846
20000	297	-949.069	38.0928
20000	298	27.0097	584.313
20000	299	-798.834	2481.13
20000	300	1313.41	-664.063
20000	301	327.666	266.961
20000	302	30.2357	1121.5
20000	303	-101.328	-485.636
20000	304	92.5133	2012.29
20000	305	-591.38	955.83
20000	306	-345.754	564.232
20000	307	-483.032	1.70756
20000	308	-329.993	624.344
20000	309	-399.18	2061.63
20000	310	622.886	1280.65
20000	311	148.992	1012.53
20000	312	324.901	1331.7
20000	313	405.248	-1327.73
20000	314	556.951	111.66
20000	315	-739.593	-644.493
20000	316	-139.378	647.614
20000	317	-535.094	-352.367
20000	318	85.3376	-990.07
20000	319	-269.657	-1827.68
20000	320	228.754	1072.68
20000	321	-147.51	-1950.23
20000	322	203.644	-737.624
20000	323	-150.552	671.219
20000	324	-82.1022	146.739
20000	325	47.7544	-1019.1
20000	326	-208.967	-1229.91
20000	327	-468.732	-38.0094
20000	328	-56.3548	343.58
20000	329	825.883	567.289
20000	330	-662.872	435.403
20000	331	347.169	711.214
20000	332	-94.2438	1306.97
20000	333	1457.22	-438.314
20000	334	415.593	-345.411
20000	335	582.485	-73.6648
20000	336	146.08	1091.5
20000	337	-324.558	-353.48
20000	338	-139.287	-1493.82
20000	339	22.041	2156.77
20000	340	-196.79	347.889
20000	341	-286.002	314.577
20000	342	-924.747	-885.899
20000	343	-5.45365	672.098
20000	344	-83.4385	-1011.13
20000	345	-552.435	447.059
20000	346	-281.344	-174.968
20000	347	33.3901	665.304
20000	348	-298.691	412.948
20000	349	-377.423	66.8265
20000	350	-957.553	913.37
20000	351	53.358	1095.75
20000	352	20.8373	-592.375
20000	353	10.0483	-1022.18
20000	354	179.176	-932.669
20000	355	1261.11	-82.4623
20000	356	-253.734	-62.7277
20000	357	-305.22	1299.28
20000	358	586.732	-241.503
20000	359	728.783	1136.25
20000	360	408.022	-110.876
20000	361	453.233	1483.73
20000	362	868.83	95.217
20000	363	30.5286	-370.908
20000	364	-440.791	1311.58
20000	365	-399.964	680.021
20000	366	-9.75626	1176.96
20000	367	174.339	-39.0225
20000	368	-619.217	17.9791
20000	369	189.329	801.738
20000	370	1074.67	564.346
20000	371	-390.946	1710.91
20000	372	16.2181	-115.188
20000	373	165.094	40.7203
20000	374	-711.275	214.74
20000	375	-382.491	821.062
20000	376	-627.166	-346.28
20000	377	146.893	-1942.42
20000	378	-601.824	369.367
20000	379	-1004.42	-1754.52
20000	380	-1078.71	-251.514
20000	381	669.72	-942.904
20000	382	-164.275	696.434
20000	383	1158.55	-1601.2
20000	384	-114.384	-700.947
20000	385	730.266	1209.48
20000	386	-533.465	-743.766
20000	387	-614.633	-185.855
20000	388	-412.388	593.073
20000	389	411.037	-475.862
20000	390	-361.42	585.476
20000	391	28.8805	-237.087
20000	392	742.906	-1240.49
20000	393	-616.367	775.977
20000	394	555.042	394.054
20000	395	218.157	-345.787
20000	396	247.826	1086.9
20000	397	-532.553	993.081
20000	398	432.366	-402.948
20000	399	709.285	-713.614
20000	400	509.948	-1295.85
20000	401	-381.962	370.923
20000	402	397.123	-638.716
20000	403	-286.853	-2247.2
20000	404	-807.921	-94.7013
20000	405	371.671	-511.387
20000	406	964.877	-2068.18
20000	407	27.2417	74.3421
20000	408	733.728	-21.147
20000	409	89.0869	114.092
20000	410	758.652	1628.01
20000	411	-88.0188	799.318
20000	412	-343.395	-337.37
20000	413	267.92	-486.485
20000	414	-676.547	220.467
20000	415	-601.926	-76.2225
20000	416	-620.037	-664.81
20000	417	-410.696	-586.267
20000	418	64.1079	-404.338
20000	419	915.457	-925.757
20000	420	-1231.7	-172.241
20000	421	907.814	-684.533
20000	422	117.753	-999.747
20000	423	-442.016	469.578
20000	424	231.004	1062.65
20000	425	483.16	1077
20000	426	-1607.8	-1774.08
20000	427	-710.924	-443.495
20000	428	235.963	640.626
20000	429	-444.576	1163.95
20000	430	1055.43	282.93
20000	431	530.983	-1244.86
20000	432	-716.905	-1737.64
20000	433	-56.2078	-740.127
20000	434	151.791	997.813
20000	435	33.2739	-536.623
20000	436	286.711	-485.293
20000	437	-352.627	557.111
20000	438	9.5623	-173.73
20000	439	322.187	1079.14
20000	440	-74.3437	-674.628
20000	441	-212.635	-686.726
20000	442	-541.736	-69.3485
20000	443	434.904	-189.241
20000	444	478.164	189.819
20000	445	-439.418	-1327.71
20000	446	77.8381	369.025
20000	447	-37.4163	-484.574
20000	448	-90.963	296.793
20000	449	-662.132	-96.7023
20000	450	131.691	-62.6945
20000	451	109.243	-219.776
20000	452	-930.943	-1050.86
20000	453	42.719	1310.44
20000	454	-433.598	-629.967
20000	455	-212.431	-546.52
20000	456	305.428	890.775
20000	457	793.058	-610.04
20000	458	-251.308	1.57519
20000	459	-109.279	-319.247
20000	460	100.878	-447.842
20000	461	-1109.09	926.419
20000	462	466.589	-969.442
20000	463	12.3903	399.667
20000	464	307.847	-277.045
20000	465	-430.415	429.088
20000	466	-514.566	-616.996
20000	467	-401.358	89.7828
20000	468	-1155.47	-1427.83
20000	469	683.722	590.707
20000	470	208.893	-125.998
20000	471	-542.143	-443.322
20000	472	-854.623	-526.266
20000	473	1003.5	730.666
20000	474	-472.129	1174.28
20000	475	301.588	418.749
20000	476	709.82	118.484
20000	477	553.796	-525.393
20000	478	936.094	-1233.13
20000	479	801.613	1340.26
20000	480	-353.877	-1090.76
20000	481	815.637	1551.67
20000	482	126.629	-1007.14
20000	483	-649.833	-1340.03
20000	484	382.466	-1137.94
20000	485	348.709	894.677
20000	486	589.725	-477.496
20000	487	201.936	-562.85
20000	488	310.148	-1029.04
20000	489	-274.452	640.468
20000	490	371.085	1727.49
20000	491	373.454	77.701
20000	492	-649.513	-489.734
20000	493	-687.259	-1518.93
20000	494	493.56	-285.09
20000	495	-388.804	-674.137
20000	496	82.3269	-773.38
20000	497	-1050.29	-1999.02
20000	498	109.258	853.402
20000	499	379.98	-938.849
