8000000.0001	23916	24123	23680	23956	23773	23887	23876	23940	23847	23940	23822	23931	23834	23670	23834	23856	23705	23453	24124	23595	23914	23961	24094	23934	23986	24197	23979	23764	23869	23752	24082	23673	23973	23731	24076	23815	24125	24018	24174	23740	23817	24024	23873	23750	23839	23831	23901	24046	24039	23878	23900	23813	23787	23933	23926	23851	24257	24001	24098	23570	23829	23845	23748	24048	23962	23791	23956	23908	24066	23854	23856	24191	24027	23888	23823	23908	23901	23826	23935	24184	23806	24198	23969	23711	24000	24075	23797	24001	23971	23874	23946	23842	23849	23992	24054	24095	23931	23833	23922	23781
8000000.0001	24201	24198	24153	23964	24245	24458	24534	24161	24375	24105	24414	24393	24048	24196	24029	24226	24347	24159	24184	24295	24566	24317	24201	24074	24420	24455	24501	24419	24304	24308	24304	23989	24386	24220	24132	24398	24330	24303	24297	24455	24434	24208	24349	24334	24343	24518	24476	24467	24402	24549	24461	24265	24069	24433	23995	24578	24289	24179	24523	24504	23948	24108	24335	24319	24389	24515	24340	24111	24091	24307	24621	24561	24175	24537	24295	24384	24389	24273	24337	24507	24328	24469	24233	24251	24247	24237	24335	24238	24472	24229	24171	24319	23956	24529	24431	24464	24388	24219	24556	24312
8000000.0001	24656	24832	24679	24789	24979	24780	24526	24810	24752	24377	24689	24782	24556	24836	24859	24891	24939	24716	24657	24874	24988	24890	24938	24878	24917	24717	24680	24915	25105	25032	24847	24744	24943	24860	24742	24933	24815	24894	25039	24742	24650	25159	24878	24902	24864	24907	24794	24834	24524	24866	24872	24705	24834	24795	24720	24824	24758	24878	24689	24972	24778	24931	24648	24751	24599	25103	24726	24735	24488	24744	24867	24759	24868	24534	24723	24846	24845	24799	24789	24764	24792	24941	24616	24841	24771	24707	24896	24528	24953	24685	24511	24721	24602	24988	24780	24624	24665	24898	24638	24708
8000000.0001	25283	25324	25550	25158	24937	25264	25417	25265	25755	25125	25507	25234	25483	25451	25459	25331	25268	25211	25540	25453	25573	25464	25486	25342	25477	25162	25362	25414	25655	25323	25316	25471	25384	25252	25370	25592	25334	25284	25364	25349	25219	25467	25525	25294	25343	25447	25270	25328	25206	25251	25354	25302	25152	25205	25709	25307	25231	25425	25494	25147	25424	25756	25512	25090	25526	25330	25266	25136	25349	25771	25324	25731	25370	25461	25374	25502	25650	25495	25260	25135	25358	25449	25252	25241	25500	25576	25176	25199	25319	25374	25319	25333	25289	25461	25484	25354	25301	25498	25631	25336
8000000.0001	26054	26003	25563	26093	26104	26063	26316	25872	26266	26075	26227	25996	26389	25863	26157	25866	26232	26261	25993	26053	25951	25997	25826	26141	25849	25932	25916	25715	25967	26098	26040	25984	26164	26165	25952	25851	26144	26015	25926	26088	26104	26339	26019	26091	26098	25913	26042	26254	26278	26341	25956	26103	26100	26153	25819	26041	26080	25933	26178	26090	25894	26052	26130	26211	26315	25876	25834	26240	25917	26118	25986	26042	26180	25927	25834	25705	26062	26158	26231	25917	26115	26175	25976	25923	25925	25908	26183	26164	26104	26109	26275	25945	25943	26143	25882	26189	26192	26187	26184	26191
8000000.0001	26637	26791	26686	26835	26514	26880	26721	26867	26856	27031	26684	26782	26718	26824	26666	26673	27025	26986	26434	26863	26684	26558	27090	26595	26613	26608	26798	26682	26775	26892	26930	27001	27048	26914	26747	26751	26895	26577	26647	26887	26873	26637	26528	26503	26663	26854	26680	26821	26840	27041	26725	26930	26936	26886	26876	26610	27212	26958	26920	26550	26567	26853	26626	26745	26716	27032	26839	26460	26989	26947	26857	27003	26766	26744	27106	26870	26801	26751	27172	26814	26935	26835	26863	26838	26810	27197	27106	26637	27189	26889	26931	26496	26705	26875	26350	26906	26717	26920	26724	26926
8000000.0001	27528	27574	27694	27537	27499	27598	27548	27344	27667	27607	27366	27471	27597	27647	27660	27361	27511	27750	27450	27701	27378	27599	27927	27821	27761	27845	27587	27644	27480	27603	27754	27376	27540	27731	27841	27571	27798	27787	27848	27470	27480	27676	27658	27638	27597	27711	27702	27704	27543	27715	27636	27912	27745	27970	27718	27608	27760	27600	27871	27801	27724	27500	27716	27821	27806	27954	27489	27741	27916	27714	27463	27607	27424	27596	27896	27733	27895	27799	27669	27592	27722	27538	27895	27883	27764	27267	27227	27420	27419	27707	27422	27627	27746	27216	27486	27445	27872	27691	27919	27643
8000000.0001	28543	28718	28712	28709	28563	28467	28671	28565	28798	28644	28408	28545	28475	28648	28484	28780	28576	28779	28595	28382	28632	28608	28643	28440	28406	28699	28438	28396	28609	28751	28730	28408	28701	28638	28930	28464	28145	28753	28516	28575	28897	28648	28229	28641	28548	28527	28592	28896	28433	28678	28611	28768	28600	28683	28940	28577	28804	28968	28503	28592	28826	28592	28238	28654	28766	28470	28715	28780	28601	28835	28653	28581	28631	28707	28603	28586	28686	28728	28822	28561	28943	28316	28692	28806	29036	28661	28545	28676	28974	28727	28650	28478	28594	28661	28748	28607	28606	28819	28650	28645
8000000.0001	29591	29429	29557	29595	29746	29648	29536	29841	29642	29653	29750	29881	29809	29702	29775	29523	29632	29642	29694	29754	29497	29579	29498	29301	29631	30070	29771	29648	29791	29804	29704	29824	29852	29790	29572	29748	29843	29613	29663	29970	29784	29674	29608	29841	29540	29830	29677	29392	29540	29544	29635	29667	29382	29369	29512	29503	29657	29749	29779	29664	29665	29759	29685	29739	29618	29581	29378	29617	29770	29576	29946	29697	29636	29706	29385	29654	29724	29449	29647	29458	29806	29176	29822	29642	29662	29818	29809	29515	29711	29719	29507	29813	29699	29624	29632	29756	29690	29572	29849	29835
8000000.0001	30625	30949	31023	30526	30762	30741	30771	30809	31077	30602	30876	30914	30232	30832	30685	30614	30628	30707	30608	31064	30693	30753	30990	30771	30543	30712	30701	30652	30940	30749	30690	30813	30521	30844	30690	30688	30577	30756	30711	30488	30908	30485	30741	30913	30855	30826	30800	30646	30771	30704	30619	30839	30805	30673	30878	30628	30372	30800	30715	30835	30823	31073	30642	30661	31012	30867	30427	30739	31007	30633	30915	30932	30859	30830	30725	30529	30569	30688	30762	30697	30904	30931	30683	30791	30772	30784	30921	30630	30858	30757	30970	30610	30639	30759	30392	30672	30282	30511	30720	30775
8000000.0001	31905	32003	32045	31977	32071	31905	31802	31749	32524	32241	32153	31778	32073	31928	32031	32120	31948	31826	31776	31751	32040	32261	31987	32382	31651	32119	31946	32140	32053	31922	31737	31820	31772	32009	32033	32117	31919	31689	32140	32103	31796	32114	31792	32055	32119	31986	31958	31699	31967	31826	32451	31850	31580	31986	31850	31987	31744	32170	31929	31880	31788	32049	31947	32125	32200	31882	32034	32165	31946	31854	31959	31591	32041	32009	31843	32259	32046	31908	31987	31890	31869	31915	31935	31788	32014	32419	32080	32011	31752	32064	31807	31956	32062	31831	31898	32133	31991	31992	31910	31952
8000000.0001	32958	33218	33398	33177	33393	33386	33328	32852	33110	33037	33306	33112	33297	33224	33366	33371	33320	33437	33195	33245	33054	33228	33000	33362	33200	33477	33198	32961	33188	33231	33493	33280	33166	33426	33041	33304	33225	32981	32909	33572	33472	33178	33220	33436	33317	33015	33034	33206	33361	33251	33104	33153	33105	33110	33409	33176	33269	33089	33251	33181	33001	33148	33608	33217	33275	33266	33563	33361	33072	33281	33158	33559	33304	33335	33133	33013	33388	33230	33256	33473	33343	33658	33426	33277	33088	33345	32953	33293	33150	33069	33199	33261	33086	33127	33201	33168	33403	33313	33384	33040
8000000.0001	34715	33953	34328	34649	34790	34528	34609	34579	34435	34647	34624	34490	34436	34376	34766	34495	34649	34554	34101	34683	34635	34408	34665	34442	34544	34385	34341	34574	34370	34615	34746	34734	34285	34444	34567	34457	34110	34461	34182	34617	34865	34496	34437	34123	34676	34709	34689	34622	34668	34773	34250	34420	34849	34467	34572	34494	34370	34421	34454	34278	34313	34631	34276	34397	34039	34390	34807	34616	34422	34460	34352	34156	34349	34687	34318	34353	34563	34701	34410	34697	34218	34748	34645	34499	34505	34463	34204	34446	34248	34633	34689	34504	34470	34555	34535	34700	34609	34540	34456	34400
8000000.0001	35495	35675	35634	35460	35655	35959	35672	36006	35153	35979	35650	35847	35985	35822	35887	35636	35851	35912	35795	35751	35859	35828	35872	35753	35683	35701	35706	35886	35557	35374	35906	35715	35779	36079	35907	35691	35898	35696	35368	35593	35898	35825	35741	36152	35928	35777	36002	35940	35708	35823	36083	35801	35658	35857	35768	35620	35909	35770	35917	35859	35953	35712	35715	35863	35837	35518	36074	35817	36097	35956	35778	35677	35962	35787	35673	35626	35968	35459	35954	35833	35922	36073	35679	36095	35645	36113	35808	36019	35935	36040	35955	35793	35894	36004	35932	35984	35963	35872	35949	35401
8000000.0001	37311	37046	36931	37128	36753	36980	36675	37164	37301	37305	36919	37095	36889	37303	37038	37128	36825	37023	37166	37027	37038	37522	36813	36988	37040	37269	36737	37232	37084	36956	37328	37164	37150	37390	36730	37024	36867	36874	37089	37035	37161	37011	37050	36673	36980	37074	37118	37105	36968	37085	37108	37039	36879	37248	37005	37089	37284	36920	37148	37096	36994	37013	37129	36970	36854	36847	37138	37177	37042	36956	36830	37264	37310	36938	36671	37107	37008	37049	37465	36882	37174	37137	36910	37506	37042	37079	37330	37103	36952	36958	36611	37031	36722	37065	36920	37344	36902	37213	37174	36953
8000000.0001	38413	38561	38318	37942	38183	38366	38144	38003	38468	38485	38353	38218	38368	38260	38593	38155	38596	38190	38377	38276	38393	38158	38237	38320	37993	38547	38376	38215	38135	38371	38621	38138	38331	38357	37977	37919	38384	38323	37754	38730	38081	38228	38229	38438	38274	38081	38682	38504	38625	38111	38234	38507	38562	38409	38524	38642	38302	38544	38275	38138	38128	38577	38032	37898	38413	38002	38178	38132	38168	38254	38148	38638	38712	38624	38856	38170	38059	38362	38387	38188	38374	38272	37935	38460	38399	38400	37990	38863	38456	37988	38101	38040	37889	38271	38307	38416	38324	38218	38399	38146
8000000.0001	39394	39631	39493	39225	39299	39435	39687	39482	39574	39429	39307	39502	39235	39142	39659	39316	39557	39086	39635	39218	39221	39410	39845	39411	39311	39064	39611	39197	39453	39235	39434	39508	39197	39210	39319	39294	39528	39732	39466	39505	39312	39555	39462	39360	39605	39356	39040	39356	39341	39285	39145	39936	39779	39411	39620	39250	39536	39488	39371	39086	38866	39574	39182	39481	39245	39375	39328	39404	39397	39730	39160	39296	39315	38931	39530	39523	39442	39334	39202	39647	39361	39153	39354	39617	39627	39396	39448	39525	39193	39329	39409	38869	39395	39332	39758	39665	39546	39550	39461	39676
8000000.0001	40315	40560	40413	40448	40469	40162	40579	40109	40381	40980	40495	40633	40656	40323	40536	40416	40457	40695	40386	40519	40414	40444	40285	40405	40365	40607	40552	40563	40744	40643	40423	40623	40179	40423	40344	40598	40634	40464	40578	40661	40759	40690	40318	40287	40317	40613	40245	40451	40757	40535	40324	40430	40341	40576	40476	40378	40138	40684	40452	40566	40543	40445	40307	40548	40528	40099	40359	40095	40764	40454	40623	40209	40845	40591	40374	40612	40367	40573	40685	40359	40668	40526	40323	40602	40704	40390	40203	40452	40667	40423	40400	40363	40493	40297	40754	40492	40968	40462	40470	40605
8000000.0001	41427	41613	41253	41699	41532	41569	41533	41658	41721	41606	40931	41291	41234	41556	41505	41239	41004	41257	41230	41452	41727	41723	41601	41236	41509	41360	41736	42018	41566	41755	41337	41341	41220	41238	41306	41460	41495	41438	41610	41488	41724	41666	40764	41482	41162	41282	41103	41654	41416	41193	41127	41023	41198	41480	41305	41324	41638	41331	41533	41230	41400	41985	41618	41324	41501	41190	41223	41414	41038	41213	41374	41355	41359	41351	41438	41571	41315	40843	41412	41278	41167	41335	41188	41187	41256	41349	41182	41202	41418	41655	41113	41521	41350	40905	40993	41300	41425	41428	41126	41336
8000000.0001	42201	41836	42262	41945	42536	42153	42283	42658	42135	42238	42197	42018	42489	42419	42114	42071	42127	42262	41830	42151	41758	41839	42355	42224	41734	42234	42556	42448	42401	42430	41858	41852	42005	42239	42328	42293	41875	42474	42612	42192	42284	41667	42348	42389	42000	42097	42186	41783	42155	41913	42327	41817	42439	42058	42152	41952	42161	41943	42356	42225	42243	42072	41899	42229	41963	42595	41689	41933	41842	42307	42200	42229	42234	41622	41912	41940	41902	41749	42010	42183	42092	42007	42319	42111	42009	42438	42016	42351	42440	42253	42334	42264	42293	41836	42049	42224	41989	41461	41987	42075
8000000.0001	42802	42744	42686	43107	42593	43355	42692	42745	42591	42685	42402	42503	42693	42788	42661	42403	42725	42842	42940	42331	42684	42749	42671	42575	42338	42651	42579	42392	42469	42877	42637	42329	42556	42717	42451	42788	42713	42473	42571	42852	43044	42689	43041	42913	42826	42416	42646	42404	43046	42639	42921	42649	42362	42637	42829	42938	43116	42910	42815	42735	42686	42656	42389	42186	42605	43162	42836	42327	42631	42010	42875	42920	42398	42812	42618	42675	42812	42299	42948	42478	42733	42373	42606	42659	42913	42763	42824	42773	42392	42841	42621	42723	42268	42793	43054	42359	42227	42316	42623	42595
8000000.0001	43191	43082	43272	43250	42820	42887	43241	43070	42734	43136	43009	43151	43012	42961	43495	43061	43269	43320	42995	43258	43213	42984	43181	43035	42681	43095	42962	43189	42819	43079	43209	42813	43273	43149	43018	43116	43002	43341	42830	43269	43034	43160	43245	43368	43008	43443	43408	42893	43354	43142	42807	43598	42861	43029	42972	43338	43185	43223	42704	43192	43287	43401	43044	43229	43163	43158	43038	43144	43218	43117	43288	43314	43037	43271	43233	43028	43349	43457	43118	42782	43380	43220	42958	42646	43227	43125	43083	43282	42689	43187	43256	43083	43063	43391	42964	43066	42806	43072	43365	43044
8000000.0001	43300	43475	43687	43647	43846	43416	43218	43731	43290	43307	43752	43833	43612	43074	43756	43638	43870	43810	43402	43655	43543	43747	43324	43805	43513	43615	43231	43214	43217	43750	43505	43435	43371	43672	43600	43589	43728	43527	43591	43580	43738	43569	43665	43263	43782	43777	43874	43661	43247	43506	43844	43814	43712	43512	43436	43483	43743	43665	43917	43490	43743	43348	43586	43632	43817	43637	43609	43391	43295	43582	43685	43612	43529	43844	43773	43218	43540	43626	43368	43599	43401	43513	43599	42949	43354	43424	43300	43531	43424	43499	43488	43892	43552	43476	43785	43404	43868	43358	43278	43599
8000000.0001	43694	43832	43616	44166	43589	43843	43874	43845	44025	43809	43685	43621	43999	43331	43693	43866	43727	43446	43828	44207	43966	43426	44088	43585	43648	44333	43655	43875	43817	43741	43964	43524	43528	44054	44228	44042	43486	43902	43700	43746	43711	43683	43976	43665	43579	43603	43718	43825	44167	43761	44109	43930	43731	43803	43993	43704	43616	44483	44128	43840	43862	43811	44093	43739	44153	43665	43701	43891	43590	43859	43927	43749	43971	43593	44066	44057	44204	43810	43632	43813	44268	43857	44129	43797	43721	44067	43872	43902	44161	43654	43693	43955	44040	43700	43745	43879	43895	43929	43950	44032
8000000.0001	43987	44100	44248	44495	44068	44243	44339	44245	44526	43871	44069	43871	44505	44016	44595	44291	44636	43817	43843	44226	43966	44108	44162	43758	44205	44242	43956	44246	43864	43647	44064	44294	43882	44138	43782	44255	44396	44014	44090	43800	44049	44062	44234	44116	44161	44148	44181	44185	44106	44624	44094	44185	44139	44331	44103	44140	44386	43749	44224	44430	43979	44027	43968	44058	43955	43996	44593	44322	44197	43966	43975	44288	44003	44089	43990	44012	44139	44093	44192	43958	44205	44266	44011	43978	43971	44026	44219	43507	43931	44136	44392	43708	44273	44227	43807	44107	44031	44604	44031	44550
8000000.0001	43986	44451	43818	44477	44329	43872	44534	44200	44056	44192	44059	44460	44116	44603	44082	44613	44000	43890	44596	44208	44415	43886	44217	44658	44390	43955	44231	44212	44072	43986	44083	44395	44612	44295	44034	44413	44535	44446	44403	43833	44184	44267	43852	44319	44216	44006	44466	44379	44128	44438	44230	44246	44511	43990	44163	44255	44312	44089	44396	44234	44211	44328	44186	44292	44316	44115	43998	44221	44765	44316	44526	44545	44027	44127	44302	44278	44420	44197	44379	44371	44647	44383	44535	44178	44360	43921	44532	44357	44312	44114	44235	44377	44377	43887	44383	44354	44506	44360	44123	44430
8000000.0001	44119	44554	44787	44529	44583	44123	44182	43974	44157	44724	44470	44728	44113	44325	44680	44144	44312	44791	44734	44399	44176	44234	44387	44465	44455	44362	44862	44364	44334	44269	44341	44400	44643	44220	44353	44376	44476	44095	44578	44043	44408	44169	44376	44622	44247	44458	44834	44141	44593	45010	44506	44408	44490	44413	44237	44416	44299	44451	44401	44440	44304	44271	44640	44620	44448	43793	44379	44430	44230	44232	44730	44782	44349	43952	44521	44366	44317	44489	44410	44722	44151	44297	44922	44291	44251	44038	44284	44220	44166	44378	44324	44494	44205	44353	44652	44382	44104	44582	44111	44698
8000000.0001	44084	44408	44526	44470	44248	44077	44192	44275	44373	44411	44737	44102	44440	44557	44544	44298	44284	44620	44160	44147	44029	44563	44806	44721	44428	44359	44691	44356	44543	44656	44641	44304	43989	44475	44487	44681	44403	44115	44274	44595	44547	44302	43901	44388	44268	44327	44361	44504	44389	44127	44275	44143	44039	44634	44277	44559	44719	44373	44409	44322	44368	44036	44565	44586	44611	44368	44121	44514	44526	44147	44662	44175	44531	44363	44451	44255	44631	44260	43945	44382	44385	44170	44219	44151	44094	44516	44486	44078	44673	44504	43921	44421	44403	44371	44376	44244	44222	44362	44530	44240
8000000.0001	43922	44339	44239	44265	44334	44194	44198	44328	44053	44914	44470	44444	44607	44495	44297	44208	43973	44209	44215	44256	44554	44558	44320	44327	44376	44410	44336	44319	44645	43510	43999	44403	44088	44232	44257	44463	44305	44706	44262	44609	44383	44279	44279	44405	44291	44376	44521	44793	44350	44170	44329	44344	44635	44274	44051	44189	44351	44525	44640	44095	44200	44070	44310	44222	44778	44591	44466	44105	44360	44238	44296	44224	44011	44203	44399	44042	44351	44473	44447	44046	44312	44437	44581	44365	44483	44337	44373	44222	44533	44099	44610	44230	44235	44300	44324	44161	44327	44189	44064	44323
8000000.0001	43812	44263	44513	44167	44273	44080	44091	44390	44362	44182	44234	44407	44396	44080	44094	44283	44346	44623	43945	44191	44344	44207	44123	44229	43781	44108	44375	44287	44084	44132	44228	44394	44119	44292	44452	44508	44357	44008	44690	44099	43779	44265	44382	44003	44461	44148	44019	43893	44196	44456	44286	44106	44236	44679	43901	44232	44198	44110	44116	44467	44162	44190	44100	43948	44231	44359	44293	44413	44163	44151	44280	44054	44549	44405	44024	44164	44347	44062	44352	44128	43924	44065	44106	44497	44423	44024	44690	44179	44266	44442	44314	44251	44174	44107	44271	44596	44435	44099	44052	44254
8000000.0001	44263	44141	44083	43986	44141	44156	44136	44191	44308	43952	43995	43968	43831	44036	44030	44168	43807	43949	44093	44473	43886	43892	44144	44010	43887	44210	44267	44029	44149	44105	44144	43990	43955	43887	44475	43762	43674	44499	43994	43819	44170	44205	43488	44090	43761	44133	44542	43699	43748	43847	43919	44204	44185	43993	44034	43797	43839	44203	44029	44058	44046	44046	44157	44159	44138	43799	44307	44304	43608	44135	44056	44087	44019	43828	44262	44211	44514	43928	43741	44084	44035	43977	44146	43993	44460	44187	43956	44085	43979	43855	44288	44375	44220	44276	43929	44212	43886	44344	43971	44569
8000000.0001	43569	43914	43793	44079	44225	43709	43895	43456	44033	43768	43531	43867	43682	43767	43536	43892	43901	44217	44174	43528	44158	43638	43785	43847	43935	43771	43819	44068	44232	43788	43854	43849	44186	43783	43778	43869	43763	44225	43493	43859	43871	43996	43656	43939	43841	44208	43973	43839	43652	44194	43946	44098	43817	43793	44237	43511	43764	43871	43759	43656	43725	43967	44030	43954	43774	44033	43685	43806	43551	43734	44273	43728	43860	44237	44031	43861	44038	43607	43421	43798	43397	43508	43899	43459	43741	43532	43985	43954	43834	44069	43496	43746	43720	43789	44136	43597	43831	43841	43980	43640
8000000.0001	43597	43678	43721	43898	43745	43470	43244	43673	43551	43755	43688	43865	43394	43423	43892	43542	43517	43712	43698	43204	43477	43676	43524	43541	43848	43216	43547	43496	43475	43606	43745	43503	43506	43097	43327	43675	43811	43292	43389	43950	43734	43639	43256	43868	43262	43292	43497	43269	43136	43632	43660	43590	43599	43664	43927	44130	43797	43944	43720	43543	43760	43351	43696	43752	43687	43853	43437	43853	43613	43688	43562	43615	43433	43780	43584	43600	43638	43568	43655	43710	43625	43556	43699	43859	43811	43691	43379	43622	43767	43654	43615	43080	43474	43578	43865	43525	43883	43631	43457	43409
8000000.0001	43451	43343	43108	43425	43387	43396	43350	43114	43462	43418	43057	43149	43560	43107	43151	43279	43414	43492	43252	43210	43141	43192	43348	43264	43121	43304	43033	43591	43212	42979	43080	43042	43112	43191	43426	43379	43200	43296	43294	42989	43298	43157	43423	43228	43207	43490	43157	43250	43174	43076	43380	43307	43115	43446	42946	43192	42937	42980	43747	43355	42876	43058	43375	42759	43594	43452	43365	43365	43059	43214	43260	43504	43372	43437	43147	43491	43243	43458	43366	42928	43100	43193	43264	43013	43321	43090	43222	43129	43334	43468	43466	43385	43379	43574	43318	43182	43198	43155	43330	43064
8000000.0001	42835	42698	42502	43169	43090	42905	42883	43397	42926	43109	42780	42766	42801	43186	42982	43130	43102	43224	43096	43020	42987	43230	42663	43051	43021	42917	42934	43138	43015	42890	43155	43115	42978	42879	43076	42748	43091	43118	42833	42865	43282	43233	42871	42787	42803	43076	43071	42700	43040	42892	43046	43046	42739	43056	42801	42888	43015	42656	43113	43063	42674	42866	42991	43024	42876	42937	42669	43020	43056	42876	42559	42606	43100	43004	42975	43079	42892	42503	42795	42839	43152	42901	42772	43098	43144	43050	43135	42833	43272	43184	42561	42756	43052	43021	43147	42723	42810	43195	43112	43077
8000000.0001	42488	42251	42723	42831	42172	42365	42551	42883	42520	42570	42751	42391	42668	42572	42414	42718	42563	42888	42546	42603	42463	41997	42927	42912	42517	42836	42386	42373	42965	42621	42385	42266	42418	42311	42376	42519	42853	42726	42695	42782	42377	42485	42884	42584	42199	42487	42434	42695	42486	42781	42479	42393	43095	42686	42474	42623	42509	42501	42711	42652	42505	42150	42530	42943	42610	42678	42677	42587	42892	42407	42818	42440	42819	42694	42679	42576	42419	42881	42361	42814	42398	42662	42525	42486	42428	42759	42958	42912	42530	42753	42453	42433	42417	42882	42735	42817	42549	42362	42847	42712
8000000.0001	42206	42521	41954	42086	41976	41927	42343	42431	42378	42218	42343	42133	42151	42213	41901	42059	41858	42418	42388	42032	42133	41960	42213	42318	42150	42032	42402	42447	42164	41966	42221	41833	42128	42141	42304	42537	42423	42451	42085	42008	42241	42382	42155	42457	42631	42405	42279	42210	42273	42375	42054	42065	42207	42222	41811	42295	42317	42312	42151	41972	42125	42023	42439	42548	42335	42089	42313	41660	42110	42430	42164	42175	42034	42272	42602	42467	42403	42261	42167	42222	42312	42717	42100	41734	41837	42216	42178	41930	42324	42274	42464	42621	42077	42453	42056	41937	42295	42072	42066	42385
8000000.0001	42030	41799	41916	41609	41947	41963	41598	41736	42177	41468	41980	41848	41972	41643	41525	41809	41347	41795	42184	42022	41947	41494	41999	41783	42008	41758	41929	41861	41823	41709	41565	41631	41614	41664	42099	41933	41548	41863	41429	41623	41694	41598	41827	42039	41614	41577	41685	41865	41631	41535	41805	41431	41820	41695	41684	41580	41473	41254	41719	41690	41977	41887	41800	41970	41847	41560	41872	41657	41751	41684	41836	41823	41807	41821	41655	41628	41405	41427	41675	41666	41593	41976	41571	41851	41666	41837	41770	41460	41775	41795	41593	41734	41777	42100	41863	41482	41704	41609	41725	41692
8000000.0001	41564	41205	40965	41053	41188	41523	41264	41211	41151	41537	40970	40963	41205	41389	41209	41328	41412	41573	41045	41543	41523	41290	41313	41010	41164	41610	41118	41516	41515	41426	41361	41199	41263	41744	41407	41656	41627	41347	41252	41462	41448	41196	41409	41271	41296	41460	41244	41564	41603	41461	41260	41144	41461	41409	41368	41519	41067	41090	41130	41101	40992	41520	41539	41779	41106	41254	41078	41225	41468	40972	41398	41474	41397	41442	41074	41235	41292	41475	41510	41093	41404	41066	41239	41431	41467	41093	41119	41425	41174	41469	41511	41282	41464	41358	41770	41026	41524	41363	41564	41243
8000000.0001	40870	40904	40560	41016	40657	40894	41055	40666	40908	40844	40811	40957	40636	41238	40797	40643	40498	40346	40815	40610	40862	41058	40861	40892	40522	40864	40797	40970	41036	40760	41161	40577	41035	40595	41107	40611	40782	41003	40695	40368	40789	40430	40680	40613	40681	40566	40907	40976	40789	40953	40873	41059	40840	40746	40664	40581	40728	40863	40727	40996	40813	40597	40691	41145	40590	41094	40950	40757	40791	40877	40835	40405	40680	40650	40794	41044	40581	40714	41238	41104	40683	40664	40842	40946	40569	40763	40843	40461	40630	41117	40863	40602	40722	40901	40534	40713	40590	40923	40845	40804
8000000.0001	40425	40293	40222	40293	40205	39995	40103	40289	40144	40064	40446	40146	40468	40395	40190	40182	40762	40424	39783	40527	39895	40461	40379	40236	40337	40347	40507	40645	40009	40563	40459	40277	40238	40361	40264	40303	40291	39954	40292	39999	40308	40513	39817	39842	39963	40232	40399	40032	40157	40151	40345	40512	40612	40491	40095	40387	40275	40355	40070	40513	40288	40710	40430	40042	40475	40104	40384	40159	40463	40022	40457	40362	39983	40526	39985	40525	40293	40631	40041	40103	39924	40142	40333	40069	40327	40171	40321	40265	40325	40068	40443	40161	40244	40402	40050	39923	40732	40111	39967	40451
8000000.0001	40187	39836	39849	40066	39664	40022	39922	39765	39623	40149	39749	39826	39773	39654	39421	40134	39705	39897	39880	40076	39859	39682	39989	39923	39373	39981	39755	39676	39656	39926	39902	39709	39674	39598	39973	40176	39731	39892	39650	39529	39524	39442	40046	39820	39873	39490	39909	40107	39959	39648	39787	39609	39637	39977	39836	40231	40021	39968	39976	39852	39915	39671	39973	39908	39522	39653	39748	39699	39823	39866	39789	39719	39933	39601	39557	39888	39623	39566	39569	39762	39862	40275	39644	39626	39823	39956	39695	39729	39699	39856	39782	39720	39898	39900	39723	39622	39936	39858	40121	39934
8000000.0001	39305	39524	39526	39619	39138	39158	39342	39282	39312	39412	39134	39439	39368	39239	39039	39319	39365	39518	39615	39511	39277	39042	39084	39107	39360	39437	39235	39282	39050	39217	39270	39485	39551	39100	39398	39435	39413	39524	39378	39235	39009	39222	39310	39290	39440	39065	39440	39221	39219	39241	39226	39446	39209	39309	39286	39366	39462	39029	39140	39045	39070	39088	39536	39315	39120	39166	39298	39202	39689	39570	38990	39456	39314	39208	39012	39489	39253	39104	39088	39065	39153	39262	39172	38953	38677	39586	39145	38880	39484	39336	39585	39374	39042	39457	39314	38966	39737	39322	39245	39489
8000000.0001	38815	38747	38927	38751	38649	38986	38508	38372	38525	39069	38897	38887	38940	38460	38545	38729	38881	38431	38979	38982	38983	38857	38599	38742	38573	39007	38970	38892	38630	39003	38695	38772	38723	39128	38775	38246	38973	38619	38814	39031	38584	38572	38541	38762	38265	38508	38369	39009	38621	38679	38622	38554	38718	38935	38754	39312	39004	38615	38861	39365	38234	38523	38527	39003	38619	38894	38626	38572	38556	38500	38634	38831	38745	38689	38007	38637	38733	38598	39087	38785	38864	38799	38914	39029	38890	38586	39072	38775	38847	38634	38768	38938	38856	38746	38630	38645	38809	38546	38493	38777
8000000.0001	38112	38238	38083	37976	38192	38358	38161	38302	38221	38355	38171	38671	38264	37744	38208	38262	37701	38274	38457	38285	38015	38482	38055	38332	37778	38068	38108	38050	38375	38298	37746	38307	38193	38162	38621	38100	38382	38164	38534	38073	38186	38448	38092	38521	38243	38024	38126	38319	37814	38171	38060	38084	38070	38142	38142	37812	38003	37959	38000	38409	38136	38207	38222	38488	38098	38401	38077	38278	38044	38248	38567	38148	37765	37957	38419	37976	38534	37873	37682	38372	38305	37912	38062	38059	38278	38790	38042	38427	38144	38431	37873	38359	38216	38222	37990	38325	37874	38285	38362	38052
8000000.0001	37563	38009	37562	37761	37795	37313	37583	37630	37927	37608	37458	37795	37764	37538	37503	37601	37403	37639	37901	37716	37621	37338	37416	37589	37606	37801	37703	37823	37418	37476	37901	37716	37684	37382	37364	37567	37841	37478	37691	37597	37509	37608	38041	38015	37563	37601	37396	37865	37399	37568	37619	37678	37930	37437	37583	37707	37730	37477	37997	37221	37867	37363	37928	37534	37370	37793	37643	37870	37410	37511	37411	37421	38022	37782	37536	37576	37477	37419	37807	37516	37724	37246	37734	37713	37474	37541	37511	37495	37608	37658	37781	37263	37797	37513	37578	37644	37522	37373	37781	37702
8000000.0001	36819	37390	37042	37034	37087	36989	36792	37037	36800	37304	37239	36937	37420	37118	36952	37102	37264	36829	37454	37120	37484	37087	37184	37141	36921	37273	37082	37061	36914	37325	37168	37218	36945	37083	37215	36969	36808	37009	37175	36987	37257	37505	37231	36881	37142	37410	37380	37464	36932	37590	36950	37001	37222	37078	37100	36814	37217	37100	36864	37258	37374	36951	36936	37617	36966	36717	37210	37259	37575	36949	37425	36971	36714	37262	37352	36871	36954	37144	37379	37255	37125	37276	37084	37114	36905	37214	36747	37042	37382	37183	37125	37495	37353	36944	36949	37009	37226	37382	36729	37029
8000000.0001	36375	36577	36599	36736	36845	36455	36889	36728	36292	36665	36359	36762	36415	36285	36374	36614	36631	36626	36420	36751	36403	36643	36637	36665	36515	36528	35993	36449	36435	36559	36386	36500	36347	36343	36475	36702	36560	36581	36636	36337	36796	36792	36603	36869	36836	36374	36554	36804	36774	36568	36329	36427	36344	36339	36242	36490	36458	36550	36846	36291	36474	36316	36572	36486	36605	36774	36516	36339	36563	36533	36368	36500	36509	36538	36741	36500	36178	36659	36270	37010	36307	36468	36880	36658	36222	36503	36932	36783	36452	36511	36389	36582	36603	36581	36615	36662	36684	36544	36797	36726
8000000.0001	35450	36117	35915	36289	35793	36366	36090	35748	36008	35922	36218	35750	36200	35957	36219	35673	35798	35709	35975	36398	36012	35879	36177	35964	35862	36329	35885	35707	36418	36165	35998	35991	36055	36098	35489	35986	35973	36047	36181	36027	35880	36265	36058	36253	35789	36298	35948	35890	35849	36070	36063	35792	35832	35876	36230	35718	35818	36157	36105	35743	35895	35790	35928	35961	36052	36087	35608	36179	36175	36034	35942	35805	36097	36260	35699	35837	36102	35969	35806	35665	36045	36116	36208	36439	35928	36003	36023	36009	35798	36116	35997	35965	35757	35949	35958	36091	36174	36209	36073	36157
8000000.0001	35273	35079	35200	35562	35221	35339	35473	35550	35705	35327	35500	35199	35290	35737	35431	35676	35320	35485	35502	35341	35341	35333	35712	35221	35580	35389	35596	35702	35392	35443	35433	35363	35401	35497	35405	35363	35713	35488	35404	35512	35550	35297	35411	35430	35310	35582	35113	35358	35826	35334	35652	35213	35032	35887	35327	35545	35584	35459	35320	35676	35035	35342	35409	35571	35211	35608	35275	35444	35617	35408	35452	35418	35781	35392	35400	35523	35485	35365	35623	35518	35340	35643	35732	35289	35585	35106	35520	35514	35522	35175	35331	35341	35393	35219	35411	35228	35223	35459	35050	35659
8000000.0001	34886	35078	34975	34678	34672	35085	35031	34826	34594	34877	34622	34922	34322	34758	34817	34785	34542	35093	34637	34988	34964	35264	34877	34835	34870	35012	35106	34885	35416	34735	34766	35016	34484	34883	34834	34855	34673	35132	34647	34698	34922	34541	35215	34902	34809	34552	34785	35176	35242	34909	34901	34736	34924	34789	34670	34974	35010	34982	35071	35027	34988	34808	34903	34855	35127	34882	34974	34957	34651	34562	34588	34806	34818	34914	34753	34697	34636	35054	34429	34500	35002	34993	34554	34497	35038	34755	34740	34702	34653	34883	34892	34997	34932	35034	34697	34743	35302	34856	34776	34679
8000000.0001	34317	34379	34387	34185	34332	34653	34443	34088	34122	34286	34618	34476	34363	34200	34101	34606	33910	34442	34007	34452	34145	34204	34365	34494	34505	34210	34174	34100	34392	34473	34287	34173	34406	34542	34504	34355	34645	34110	34370	34363	34461	34351	34372	34294	34303	34273	34037	34281	34023	34651	34561	34452	34217	34358	34396	34201	34367	34337	34273	34448	34324	34182	34410	34241	33988	34366	34129	34713	34265	34175	34382	34244	34426	34098	34443	34159	34523	34622	34366	34203	34105	34147	34203	34290	34455	34463	34556	34229	34122	34299	34552	34453	34191	34240	34513	34616	34596	34444	34483	34353
8000000.0001	33758	33847	33710	33836	33550	33773	33726	33968	33763	33969	33652	33674	33915	33737	33810	34005	33489	33828	33587	33799	33814	33474	33877	33634	33518	33948	33898	34138	33617	33746	33834	34040	33898	33593	33704	33962	33932	34167	33910	33644	33468	33653	33581	34090	33586	33750	33895	33767	33790	33763	33672	33857	33831	33698	34046	34016	33428	33793	33685	33790	33529	33811	34006	33775	33493	33985	33910	33963	33800	33636	33894	33978	33633	33776	33833	34154	33939	34014	33781	33910	33818	33714	33857	33477	33622	33787	33744	33619	33789	33957	33773	33712	33472	33943	33664	33925	33720	33673	33878	34159
8000000.0001	33389	33280	33255	33100	33199	33712	33272	33217	33398	33322	33424	33350	33164	33096	33773	33303	33035	33278	33345	33473	33267	33057	33219	33085	33287	32993	33483	33337	33471	33591	32985	33017	33459	33245	33063	33324	33112	33420	33182	33290	33269	33291	33154	33292	33464	33605	33028	33581	33269	33455	33358	33012	33316	33177	33224	33033	33561	33129	33341	33430	33049	33308	33219	33343	33628	33406	33413	33308	32968	33117	33238	33564	33219	33602	33308	33508	32775	33123	33337	32994	33561	32981	33029	33361	33219	33181	33308	33625	32850	33482	33502	33316	33087	33127	33439	33260	33551	33275	33637	33411
8000000.0001	32681	32445	32914	32849	33023	32693	32717	32465	32911	32842	32844	33018	32616	32821	33074	33214	32909	32839	32705	32458	33066	33008	32746	32882	32584	32566	32816	32889	32801	32770	32698	32708	32756	32611	32672	32947	32672	32721	32651	33041	32724	32685	32954	32699	32739	32550	32791	32477	32560	32436	32455	32454	32596	32791	32928	32720	32917	32948	32545	32617	32776	32697	32861	32440	32523	32633	32810	32733	33014	32667	33004	32656	32875	33093	33225	32936	32665	32704	32624	32946	32748	32727	33144	32915	32860	32565	32628	32946	32745	32922	33018	32720	32677	32690	32584	32730	33116	32773	32999	32912
8000000.0001	32256	32167	32276	32625	32169	32346	32271	32356	32062	32288	32307	32410	32183	32202	32199	31896	32491	32330	32575	32294	32487	32276	32328	32285	32281	32276	32471	32303	32106	32309	32174	32242	31913	32684	32142	32371	32263	32245	32370	32133	32125	32168	31994	32258	32302	32097	31989	32129	32344	32122	31813	32208	32213	32077	32567	32228	32117	32365	32266	32359	32200	32222	32168	32101	32571	32351	32400	32262	32258	31944	32173	32375	31877	32187	31802	32118	32070	32058	32009	32503	32544	32236	32251	32221	32139	32111	32162	32272	32352	32091	32388	32227	32318	32555	32066	32272	32315	32231	32573	32112
8000000.0001	31821	31903	31787	31800	31666	31629	31746	31963	31461	31388	31813	32010	32037	31876	31992	32096	31823	31746	31713	31859	31872	31533	31697	31794	31685	31378	31754	31692	32085	31967	31838	31915	31648	31863	31738	31491	31452	31583	31667	31742	31646	31567	31876	31794	31480	31403	31767	31777	31924	31693	31724	31885	31932	31765	31657	31468	31623	32137	31835	31494	31893	31718	31889	31569	31533	31315	31444	31873	31731	31713	31547	31643	31871	31506	31720	31599	31848	31339	31359	32161	31565	32199	31730	31568	31578	32098	31557	31597	31745	31891	31666	32045	31998	31641	31737	31520	31632	31566	31746	31393
8000000.0001	31256	31160	31267	31399	31222	31299	31196	31220	31260	31476	31631	31358	31290	31107	31078	30973	31142	31301	31482	31073	31126	31351	31120	31509	31256	31349	31331	31287	31288	31356	31583	31020	31391	31102	31309	31161	31189	31087	31413	31470	30921	31289	30977	31304	31323	31012	31389	31548	31261	31496	31072	31421	31391	31248	31422	31254	31646	31337	31023	30838	31451	31553	31176	31163	31282	31046	31195	31382	31234	31365	31352	31613	31272	31385	31453	31396	30876	30924	30864	31597	30919	31288	31509	31207	31301	30989	31472	31335	31426	31217	31189	31343	31103	31122	31481	31235	31428	31216	31426	31262
8000000.0001	30497	31062	31141	31037	31199	30772	30850	30790	30817	30784	30694	30880	30581	30397	30916	31079	30378	30798	30992	30593	30920	31062	30869	30709	30886	30704	30956	30509	30895	31092	30847	30774	30721	30966	30775	30869	30783	30709	30835	30775	30821	31152	30974	30908	30791	31122	30983	30999	30857	30810	30800	30976	30605	30940	30541	30820	30790	30682	30664	30584	30616	30974	30778	30655	30688	30681	31163	31024	30871	30583	30891	30699	30788	30915	30843	30770	30579	30876	30845	30656	30766	30907	30708	30802	30944	30994	30895	30590	30572	31083	31022	30638	30739	30500	30816	30656	30853	30373	30768	30827
8000000.0001	30498	30398	30376	30410	30599	30010	30368	30203	30255	30474	30331	30056	30365	30334	30306	30212	30465	30303	30395	30422	30261	30174	30224	30104	30336	30483	30544	30277	30256	30609	29989	30495	30215	30271	30575	30589	30265	30683	30284	30498	30337	30000	30306	30303	30031	30337	30099	30019	30355	30243	30265	30401	30267	30269	30417	30382	30498	30244	30668	30474	30433	30636	30176	30682	30385	30283	30314	29936	30180	30351	30236	30596	30408	30210	30529	30400	30160	30287	30754	30771	30256	30092	30452	30471	30278	30462	30058	30138	30339	30272	30739	30381	30065	30557	30413	30272	30383	30194	30281	30334
8000000.0001	29843	29922	29956	29786	29858	30017	29653	30015	29835	29806	29872	29846	29820	29735	29718	30207	29742	29933	29776	29765	29699	29770	29797	29864	30101	30017	29730	29740	29759	29660	29761	30051	29618	29664	29625	29854	29700	30361	29696	29864	30281	29806	30069	29970	29850	29893	30066	30248	29830	29899	29874	29990	29659	29790	30173	30013	30437	29935	29885	29732	29658	30109	29815	29933	29976	29596	29692	29988	29820	29837	30083	29771	29945	29912	29826	30127	29771	29990	30198	29486	29628	29854	29615	29689	29990	29895	29892	29827	29795	29882	29698	29951	29833	30038	30021	29947	29892	29943	30316	29644
8000000.0001	29546	29487	29463	29643	29557	29265	29165	29439	29075	29146	29049	29311	29388	29526	29357	29488	29637	29251	29470	29531	29519	29626	29154	29388	29696	29341	29379	29608	29559	29406	29659	29749	29397	29134	29519	29432	29383	29853	29494	29215	29612	29534	29323	29190	29295	29138	29571	29130	29068	29697	29592	29515	29581	29519	29342	29624	29212	29467	29199	29469	29693	29306	29377	29564	29400	29364	29748	29377	29400	29411	29393	29336	29502	29678	29440	29442	29544	29436	29390	29526	29272	29530	29579	29444	29732	29410	29500	29594	29385	29556	29380	29409	29637	29414	29602	29761	29281	29559	29345	29380
8000000.0001	28782	29001	28875	29222	29236	28853	28714	28895	28834	28870	28897	28953	29079	29256	29187	28873	28850	28908	29071	29100	28863	29025	29046	28871	29319	28946	29082	28854	28989	28963	29116	29075	28887	28737	28919	29014	29026	28807	28763	28966	29041	29562	29121	29270	28896	29111	29023	29248	28915	29095	28947	28889	29014	28966	29156	28886	29022	29227	28928	28914	29219	29115	28965	29222	28997	29089	29077	29020	28944	28995	29123	28662	28963	28608	28901	28885	29322	29011	28838	29068	29029	29000	28790	28845	29001	29173	28854	29213	29080	29127	28903	28993	28965	28796	29438	29137	28884	28798	28860	28875
8000000.0001	28412	28731	28627	28926	28360	28527	28576	28230	28304	29087	28495	28688	28470	28559	28565	28295	28563	28757	28600	28322	28333	28445	28740	28901	28559	28499	28449	28435	28660	28419	28635	28481	28654	28460	28839	28869	28827	28715	28730	28478	28551	28914	28423	28711	28688	28502	28749	28398	28646	28627	28734	28606	28885	28515	28436	28881	28561	28815	28316	28548	28571	28630	28717	29046	28743	28621	28717	28657	28588	28326	28839	28437	28564	28365	28523	28495	28545	28495	28497	28214	28692	28663	29048	28981	28804	28667	28516	28206	28683	28570	28599	28383	28746	28507	28784	28572	28551	28710	28528	28700
8000000.0001	28034	28218	28388	28288	28090	28169	27938	28087	28129	28105	28324	28198	28031	28077	28486	28319	28417	28083	28261	28388	28213	28024	27861	28408	28284	28022	28042	28212	28190	28331	28567	28123	28089	28483	28284	28525	28239	28197	28461	28146	27903	28241	28312	27976	28108	28138	28309	28349	27902	28231	27853	28137	27939	27827	28285	28020	28310	28355	28203	28030	28182	28235	28030	27898	28003	28672	28321	28300	28095	27892	28432	28294	28187	28274	28021	28270	28437	28010	28140	28296	27959	27990	27991	28471	28256	28332	28468	28129	28503	28027	28579	27977	27912	28472	27952	28051	28178	28341	28150	28246
8000000.0001	27650	27798	27908	27329	27915	27676	28177	27758	27755	27997	27850	27840	27531	27837	27772	27784	27889	27772	27844	27783	27609	27715	28090	28071	27901	27895	27568	27605	27714	27751	27763	27898	27778	27900	27670	27572	27886	27651	27731	27907	27741	27948	27532	27631	27712	27821	27656	27514	28050	27851	27819	27712	27598	27556	27657	27594	27895	27693	28082	28027	27549	27972	28157	27743	27815	27735	27832	27441	28019	27952	27930	27740	27972	28003	27863	27896	27765	27889	27673	27894	28054	27822	27537	27346	28017	28055	28033	27674	27867	27624	28104	27637	27963	27808	27781	27689	27621	27826	27700	27693
8000000.0001	27442	27623	27293	27253	27340	27620	27600	27586	27610	27699	27690	27611	27252	27161	27243	27335	27314	27247	27397	27455	27504	27459	27666	27183	27618	27459	27206	27411	27658	27601	27399	27683	27419	27262	27297	27384	27083	27686	27606	27529	27037	27477	27301	27558	27421	27329	27642	27326	27499	27490	27716	27587	27417	27325	27487	27443	27329	27417	27739	27425	27118	27714	27282	27383	27324	27566	27324	27377	27203	27440	27618	27222	27520	27619	27715	27541	27268	27287	27396	27221	27627	27507	27432	27231	27288	27085	27510	27353	27562	27390	27462	27474	27344	27360	27500	27508	27563	27501	27357	27597
8000000.0001	26931	27231	26988	27147	26944	27093	27258	27158	26955	27095	27021	26825	27136	26991	27035	27236	27242	26949	26995	27020	26904	27206	27465	26952	27181	27212	27036	27117	26895	27138	26966	26705	27127	26902	27307	27040	26941	26910	26680	27257	27214	26757	27222	27114	27208	26909	27250	27106	27121	27037	27032	27028	26804	26908	26954	27030	27036	26808	26495	26873	27085	27040	27184	26918	27236	27158	27007	27002	26896	27192	27081	27075	27220	27162	27072	27178	27125	27206	27068	27251	27258	27049	27015	27006	26845	27026	27055	27241	26951	27041	26834	27129	27215	27199	26915	27098	26853	27305	27278	27199
8000000.0001	26701	26798	26955	26677	26669	26667	26698	26750	26965	26627	26714	26590	26865	26872	26963	26521	26581	26788	26727	26852	26691	26766	26766	26491	26715	26760	26593	26905	26644	26882	26890	26601	26963	26942	26782	26950	26827	26877	26722	26891	26748	26747	26597	26624	26737	26792	26849	26643	26576	26381	26659	26545	26860	26635	26669	26686	26844	26813	26447	26600	26615	26902	26928	26749	26618	26595	26455	26453	26611	26931	26743	26818	26648	26931	26643	26541	26457	26905	26588	26653	26731	27131	26692	26878	26939	26733	26959	26850	26820	26515	26942	26728	26836	26612	26773	26562	26671	26576	27165	26776
8000000.0001	26244	26335	26321	26344	26461	26454	26553	26104	26579	26483	26312	26372	26336	26330	26366	26309	26401	26216	26295	26600	26363	26507	26462	26255	25945	26729	26791	26387	26082	26169	26455	26170	26288	26352	26170	26406	26317	26460	26132	26516	26372	26318	26225	26457	26504	26418	26424	26209	26274	26669	26593	26427	26310	26658	26564	26561	26435	26509	26710	26133	26441	26283	26355	26220	26251	26650	26438	26489	26257	26162	26072	26356	26172	26559	26251	26452	26384	26737	26234	26585	26570	26426	26691	26323	26138	26315	26425	26782	26145	26492	26695	26148	26069	26161	26681	26471	26406	26383	26497	26613
8000000.0001	26160	26254	26119	25818	26083	25979	25713	26300	25879	26162	26009	26306	26040	26121	26264	25964	26016	26010	26040	25757	25943	26308	26160	26146	26078	25942	26079	26146	25982	25801	26133	26299	26024	26082	26006	26127	26303	26012	26035	26208	26289	25986	25970	26170	26040	25959	25750	26314	26503	26065	26048	26079	26087	26244	25840	26056	26021	26427	25915	26248	26184	26209	26009	25695	25995	26062	26020	25999	25854	26378	26074	25959	25720	25908	26268	25911	25842	26179	25908	26048	26193	26011	25817	25935	25944	25919	26154	26026	26266	26158	26414	26183	26120	26004	25670	25872	25849	25923	25909	25902
8000000.0001	25579	25662	25804	25828	25930	25788	25905	25854	25696	25630	25796	25807	25456	25801	25640	25604	25777	25902	26019	25776	25944	26016	25923	25795	25930	25907	25771	25559	25485	25680	25388	26151	25790	25881	26084	25732	25635	25722	25675	25655	25860	25754	25575	25804	25695	25916	25856	25556	25701	25833	25931	25801	25893	26008	25863	25783	25989	25533	25642	25901	25732	25889	25513	26048	25614	25723	25690	25671	25800	25584	25717	25545	25648	25870	25659	25570	25655	25768	25986	25806	25969	25792	25874	25719	25625	25357	25643	25739	25943	25852	25544	25871	25838	25672	25747	25472	25623	25711	25958	25674
8000000.0001	25639	25304	25398	25492	25665	25442	25144	25518	25417	25324	25269	25396	25398	25693	25534	25637	25535	25334	25519	25360	25347	25394	25745	25258	25438	25678	25746	25502	25271	25492	25449	25552	25181	25320	25417	25578	25532	25418	25286	25534	25489	25443	25640	25577	25326	25707	25473	25572	25367	25229	25344	25268	25377	25462	25486	25372	25572	25701	25461	25700	25495	25231	25471	25199	25132	25770	25501	25325	25636	25451	25693	25178	25738	25476	25470	25690	25630	25535	25408	25632	25494	25816	25437	25570	25681	25497	25643	25502	25477	25389	25399	25500	25443	25522	25512	25169	25578	25422	25344	25757
8000000.0001	25381	25261	24929	25159	25147	25147	24973	25206	25220	25304	25303	25280	24956	25457	24996	25468	25255	24915	25135	25137	24925	25358	25096	25041	25124	25198	25162	25162	25114	25131	25119	25160	25242	25351	25142	25077	25183	25398	25239	25288	24959	24973	25160	25199	25426	25181	25196	25417	25206	25197	24992	25154	25021	25230	24918	25407	25088	25195	25279	25172	25427	24970	24988	25155	25285	25277	25150	25583	25226	25401	25127	25067	25183	25176	25110	24984	25401	25106	24978	25257	25144	25234	25139	25321	25232	24867	25147	25120	25449	25112	25620	25216	25031	25409	25219	24899	25339	25454	25237	25194
8000000.0001	25194	25017	24951	24883	24999	25053	25062	25127	24500	25160	24935	24895	25111	25055	24742	24944	24884	24970	24752	24880	25082	24895	25152	25015	25057	25021	25233	25152	24753	25064	24893	24774	25080	24674	24866	25019	25310	24832	25090	24729	25500	24773	24986	24842	25014	24885	25147	25100	25021	24966	24661	24918	24917	24986	24868	24976	24972	25118	24801	24672	24901	24877	24890	25147	24956	24998	25118	25104	24933	24877	24869	24903	24931	24970	25027	24608	24746	25075	24841	24961	25008	24719	25119	24892	25014	24914	24907	24847	24885	25093	24752	24884	25086	24792	25061	24960	25084	25042	24722	24810
8000000.0001	24960	24568	24459	24528	24756	24835	24559	24914	24681	24643	24644	24942	24798	24647	24489	24563	24740	24455	24625	24649	24519	25334	24400	24505	24712	24766	24432	24572	24929	24563	24523	24504	24828	24449	24674	24814	24607	24331	24740	24720	24590	24627	24781	24707	24835	24784	24661	24765	24784	24609	24925	24559	24164	24746	24689	24540	24819	24428	24607	24724	24624	24593	24642	24565	24885	24850	24499	24385	24717	24913	24444	24716	24515	24684	24821	24756	24507	24920	24611	24794	24805	24600	24513	24707	24745	25078	24671	24934	24629	24757	24767	24701	24591	24508	24647	24554	24667	24503	24583	24714
8000000.0001	24470	24513	24363	24249	24521	24321	24561	24596	24476	24290	24484	24466	24554	24366	24343	24360	24438	24710	24152	24645	24566	24588	24493	24666	24395	24325	24359	24443	24565	24333	24492	24590	24413	24499	24369	24332	24216	24412	24462	24174	24618	24289	24322	24468	24451	24573	24459	24377	24537	24327	24393	24660	24337	24502	24620	24456	25008	24332	24251	24331	24201	24459	24635	24800	24322	24336	24451	24281	24511	24323	24667	24411	24737	24522	24560	24635	24540	24574	24560	24203	24142	24353	24539	24464	24433	24290	24258	24281	24588	24521	24523	24567	24555	24348	24039	24531	24330	24559	24265	24388
8000000.0001	24261	24203	24244	24392	24139	24320	24278	24336	24134	24023	24152	24032	24054	24263	24212	24433	24392	24295	23923	24061	24041	24222	24137	24182	24263	23958	24208	24422	24054	24351	24384	24116	24252	24100	24325	24077	23961	24398	24482	24404	24401	24505	24037	24148	24156	24074	24320	24243	24348	24245	24275	24353	24244	24241	24206	23854	24153	23999	24393	24108	24074	24182	24151	24209	24509	24279	24398	24061	24318	24246	24019	24414	24111	24429	24031	24121	23880	23885	24002	24265	24266	24096	24358	24255	24255	24211	24338	24364	24272	24104	24174	24831	24294	24311	24273	24218	24198	24386	24154	24184
8000000.0001	23996	24077	23824	23730	23969	23803	24083	23979	24025	24222	23781	24182	23729	24182	23971	23850	23852	24377	24117	24240	23897	23735	24100	23798	24153	23979	24249	24198	24026	23959	23861	23908	23924	24241	23902	23824	23658	24152	23891	23712	23926	23885	23968	24064	24187	24044	23936	24221	23858	23804	23996	24307	23665	24181	23990	24005	23996	23834	23928	24132	23967	24124	24035	24121	23899	23887	24232	23918	23949	24115	24270	24151	24018	24023	24105	24119	23990	24170	24289	23831	24099	24047	24042	24001	24042	23795	23776	23992	23821	23809	24122	24033	23776	24279	24080	24074	24172	23707	24079	24049
8000000.0001	23865	23901	24202	23777	23643	23706	23900	23653	23989	23846	23520	23665	23596	24012	23484	23658	23474	23787	23762	23841	23896	23515	23767	23736	23882	23759	23979	24117	23943	24038	24109	23790	23845	23684	23893	23544	23909	23875	23919	23672	24074	23844	23790	23764	23634	23869	23907	23824	23588	23662	23770	23984	24150	24010	23814	23906	23702	23767	23889	23988	23363	23662	23646	23722	23899	23950	23882	23834	24043	23397	23643	23906	23991	23812	23894	23800	23726	23610	23756	23799	24049	23663	23587	23724	23717	23943	23889	23672	23917	23768	24053	23662	23840	23791	23693	23704	23707	23726	23946	23744
8000000.0001	23632	23275	23714	23669	23681	23537	23779	23749	23456	23622	23560	23633	23894	23604	23886	23544	23855	23398	23718	23669	23757	23554	23575	23481	23779	23408	23572	23386	23463	23554	24018	23625	23665	23324	23431	23627	23571	23725	23468	23567	23706	23760	23224	23601	23553	23664	23432	23858	23669	23544	23497	23809	23549	23292	23527	23543	23818	23863	23730	23340	23616	23804	23639	23687	23453	23732	23214	23675	23705	23707	23560	23589	23562	23642	23722	23688	23644	23496	23535	23618	23491	23642	23746	23619	23650	23486	23480	23665	23852	23470	23592	23689	23311	23548	23560	23629	23539	23716	23441	23449
8000000.0001	23660	23450	23461	23347	23425	23482	23252	23252	23591	23404	23427	23448	23457	23593	23309	23466	23448	23574	23496	23363	23391	23366	23420	23732	23589	23568	23255	23385	23277	23482	23494	23693	23522	23531	23280	23432	23647	23902	23620	23497	23710	23528	23374	23422	23104	23313	23439	23446	23472	23572	23287	23354	23287	23454	23386	23473	23513	23213	23432	23483	23358	23455	23440	23641	23433	23526	23272	23455	23874	23355	23355	23482	23647	23512	23436	23300	23605	23184	23506	23481	23195	23657	23637	23472	23387	23342	23509	23534	23595	23205	23216	23225	23408	23385	23483	23484	23582	23278	23645	23686
8000000.0001	23416	23283	23341	23670	23142	23427	23297	22957	23340	23696	23578	23227	23275	23604	23314	23495	23256	23568	23136	23286	23282	23442	23243	23104	23231	23324	23744	23337	23721	23384	23361	23177	23454	23362	23124	23589	23210	23509	23030	23281	23383	23347	23186	23393	23204	23190	23447	23304	23467	23391	23482	23666	23275	23322	23370	23155	23234	23409	23222	23589	23562	23208	23358	23605	23227	23327	23277	23191	23189	23324	23545	23090	23353	23069	23404	23208	23092	23394	23416	22987	23343	23307	23554	23461	23462	23277	23526	23505	23399	23572	23468	23380	23259	23343	23461	23177	23111	23171	23378	23240
8000000.0001	23103	22750	23446	23153	22982	23051	23307	23079	23255	23288	23411	23068	23281	23031	23158	23143	23251	23223	23119	22844	23267	22951	23270	23129	23225	23393	23110	23168	23256	23186	23096	23087	23305	23050	23014	22794	23164	23076	23042	23178	22979	23274	23228	23022	23014	23344	23254	23104	23042	23248	23159	23129	23118	23053	23223	23044	23132	23620	23388	23394	23121	23051	22856	22758	23021	23142	23165	23305	23199	23362	23469	23114	23196	23160	22988	23264	23145	23180	23047	23363	23401	23169	23087	23183	23363	23240	23331	23121	22993	23212	23033	23243	23216	23120	23080	23023	23298	23207	23268	23004
8000000.0001	22911	22826	23049	22976	22843	22896	22850	23167	23127	23065	23039	22973	22942	23247	23064	22986	23009	23100	23110	22916	23057	23026	23081	23152	23207	23119	23081	22968	23257	22943	23239	23402	23222	23179	23175	23012	23008	23028	22931	22973	23281	22952	22796	22886	23008	22952	22825	23035	22703	23113	23123	23059	23025	23080	22980	23142	22955	23161	22908	23128	23082	23209	23136	22667	22688	23003	23197	22865	22978	22945	22947	23144	22773	23255	23150	23064	22821	23133	22898	23049	22783	23149	23277	22988	23183	22986	23164	23134	23072	22917	23273	23132	23037	23043	23411	22915	22720	23073	23011	23077
8000000.0001	22990	23301	22796	22790	22764	22681	23031	23048	22854	22967	23032	22968	23084	22723	22930	22893	23074	22681	22983	22989	22911	22847	22938	22875	22878	22921	22754	22724	23043	23012	22824	22926	22806	22734	22989	22944	22819	23176	22983	22937	22722	22975	23104	22770	23158	22643	23111	23055	22829	22890	22711	23133	22799	23040	22997	23048	23022	22669	23077	23151	23143	23026	22912	22979	23096	22987	22984	22850	22841	22854	22555	22750	23133	22633	22700	22786	23124	22779	23205	22765	22884	22855	23002	23067	23041	22985	22772	22643	22761	23142	23000	23076	22980	22833	22841	22906	22940	22697	22808	22798
8000000.0001	22597	22851	22882	22685	22935	22729	22828	22687	22719	22862	22842	22825	22917	22999	22803	22684	22876	22668	22850	22596	22799	23039	22809	22817	22785	22865	22842	22899	22623	22460	22714	22882	22712	22899	22707	23007	23054	22509	22481	22689	22866	22919	22683	22880	22808	22809	22870	23002	22575	22780	22896	22611	22808	22966	22908	22585	22700	22613	22746	22719	23160	22767	22919	22930	22723	22939	22865	22824	22618	22830	22682	22962	22841	22811	23082	22766	22735	22815	22663	22743	22746	22876	22891	22872	22997	22909	22837	22809	22772	22650	22785	22541	22869	22772	22907	23159	22767	22784	22873	22567
8000000.0001	22419	22747	22656	22570	22417	22466	22820	22468	22730	22775	22897	22630	22890	22690	22716	22373	22675	22958	22859	22593	22778	22642	22808	22736	23003	22878	22471	22838	22932	22862	22887	22534	22485	22452	22679	22615	22777	23018	22897	22488	22525	23122	22854	22926	22652	22401	22762	22820	22658	22530	22768	22922	22840	22799	22825	22923	22850	22770	22913	22785	22764	22703	22933	22728	23070	22816	22663	22490	22545	22628	22787	22588	22704	23074	23190	23041	22389	22892	22781	23008	22444	22691	22908	22725	22799	22517	22486	23028	22716	22421	22647	22697	22852	22612	22597	23120	22998	22814	22896	22658
8000000.0001	22634	22769	22702	22825	22590	22993	22567	22765	22522	22759	22613	22796	22726	22770	22594	22575	22569	22724	22897	22833	22648	22512	22754	22803	22808	22849	22736	22574	22662	22993	22979	22643	22840	22355	22601	22439	22618	22666	22620	22950	22401	22412	22615	22807	22805	22473	22809	22846	22611	22991	22569	22936	22645	22724	22518	22877	22664	22738	22790	22498	22767	22678	23026	22738	22752	22544	22533	22656	22716	22645	22680	22554	22706	22297	22723	22654	22629	22688	22690	22554	22614	23016	22533	22907	22736	22430	22703	22819	22833	22761	22813	22937	22804	22836	22630	22695	22471	22836	22584	22606
8000000.0001	22594	22709	22428	22715	22796	22422	22539	22948	22642	22472	22658	22450	22794	22473	22648	22650	22592	22767	22679	22721	22725	22650	22525	22483	22605	22495	22786	22715	22729	22672	22899	22644	22729	22618	22700	22604	22727	22654	22723	22426	22603	22630	22507	22547	22457	22779	22373	22551	22823	22851	22849	22799	22631	22478	22590	22545	22694	22754	22713	22517	22535	22657	22544	22470	22684	22805	22174	22732	22726	22457	22543	22594	22965	22787	22947	22782	22627	22846	22606	22470	22798	22635	22871	22399	23002	22672	22639	22527	22889	22349	22605	22347	22419	22423	22691	22635	22716	22812	22435	22673
8000000.0001	22440	22427	22513	22396	22681	22432	22956	22782	22594	22478	22870	22589	22741	22683	22649	22540	22410	22549	22494	22622	22628	22650	22577	22747	22576	22659	22534	22601	22494	22517	22587	22415	22610	22669	22856	22672	22755	22559	22596	22510	22661	22597	22716	22403	22224	22626	22618	22626	22375	22535	22841	22424	22697	22622	22591	22614	23015	22570	22491	22272	22584	22496	22927	22678	22551	22417	22629	22756	22531	22485	22699	22654	22734	22695	22509	22743	22298	22499	22638	22633	22488	22546	22372	22612	22958	22798	22741	22537	22618	22760	22840	22610	22558	22361	22552	22502	22614	22621	22753	22720
8000000.0001	22338	22834	22475	22526	22800	22639	22548	22503	22518	22362	22847	22261	22478	22632	22744	22621	22644	22522	22498	22677	22495	22482	22685	22686	22558	22678	22481	22576	22672	22727	22501	22460	22366	22844	22631	22542	22633	22551	22618	22664	22894	22578	22502	22642	22580	22726	22438	22491	22572	22319	22582	22408	22708	22434	22469	22459	22309	22625	22709	22730	22572	22726	22753	22561	22641	22654	22609	22827	22639	22668	22708	22396	22589	22442	22422	22424	22614	22652	22751	22465	22567	22834	22744	22880	22604	22201	22704	22602	22301	22499	22749	22641	22487	22713	22906	22780	22564	22580	22906	22423
8000000.0001	22477	22781	22439	22494	22421	22653	22544	22545	22827	22407	22581	22500	22780	22695	22549	22550	22665	22764	22794	22339	22669	22428	22713	22353	22698	22807	22662	22715	22979	22716	22629	22770	22923	22912	22694	22755	22553	22610	22560	22776	22824	22586	22432	22497	22767	22536	22679	22647	22740	22535	22566	22608	22700	22528	22639	22869	22755	22588	22442	22432	22692	22515	22661	22543	22512	22453	22519	22490	22801	22655	22525	22622	22490	22892	22805	22538	22599	22650	22397	22425	22472	22639	22773	22808	22790	22504	22507	22471	22580	22843	22549	22772	22431	22886	22627	22852	22541	22527	22682	22341
8000000.0001	22812	22553	22534	22590	22812	22593	22473	22657	22647	22749	22666	22894	22551	22486	22645	22521	22859	22489	22437	22644	22703	22617	22651	22660	22772	22945	22744	22623	22748	22500	22575	22501	22623	22472	22527	22515	22438	22604	22738	22590	22817	22587	22548	22531	22636	22675	22879	23007	22737	22617	22764	23014	22969	22660	22550	22727	22568	22509	22688	22896	22368	22795	22487	22675	22485	22543	22932	22750	22584	22624	22399	22512	22520	22610	22594	22889	22409	22660	22778	22795	22734	22704	22616	22731	22527	23144	22816	22552	22519	22589	22499	22868	22823	22861	22471	22661	22953	22756	22563	22693
8000000.0001	23013	22560	23069	22745	22597	22930	22545	22904	22705	22767	22834	22690	22933	22679	22535	22772	22906	22613	22825	22811	22826	22912	22539	22468	22898	22639	22788	22495	22427	22917	22773	22782	22681	22663	22642	22706	22892	22753	22497	22652	22671	23262	23081	22722	22745	22854	22875	22651	22883	22378	22810	22742	22955	22969	22645	22697	22899	22701	22647	22947	22735	22862	22716	22676	22738	22899	22676	22801	22997	23084	22711	22782	22972	22773	22626	22632	22555	22635	22837	22646	22587	23010	22660	22795	22725	22772	23152	22826	23052	22765	22545	22636	22894	22522	22916	22838	22772	22665	22617	22629
8000000.0001	22801	22526	22723	22617	22701	22877	22975	22852	22639	22781	22788	22934	23054	22657	22870	22641	22893	22840	23078	22950	22828	22878	22757	22718	22982	22851	22816	22860	22820	22649	22732	22943	22841	22782	23060	22944	22700	22966	22761	22687	22826	22885	22938	22738	22760	23086	22912	22784	22796	22865	23067	22756	23048	22748	22660	23099	22898	22799	22711	22777	22661	22983	22686	22758	23063	22628	22883	22862	22943	22742	22983	22888	22572	22771	22689	22556	22819	22969	23124	22790	22924	22442	22928	22901	23069	23073	22725	22798	22597	23124	22723	22890	23047	22953	22826	22940	22805	22627	22772	22777
8000000.0001	23170	22875	22929	22841	22777	22887	22962	23094	22872	22937	22894	23029	22920	23027	23075	22631	23090	22667	22885	22950	22769	23065	23152	23115	23168	23090	23249	22905	23012	23279	22871	23215	22964	22961	23175	22528	23142	22920	23002	23035	23044	22811	22972	22554	22857	22827	22824	23039	22648	22634	22950	22902	22947	23081	23034	23011	22834	22960	22916	22821	23130	22958	22912	23187	22990	22746	23230	23087	23147	22629	22991	22823	23020	22837	22803	22673	22941	22889	23000	22971	22832	22982	23014	23174	23038	22979	23080	22903	22922	23195	22971	23001	23036	22898	22896	23148	23010	23138	22974	22772
8000000.0001	23184	23200	23353	23313	23052	23253	23331	23294	23145	22908	23187	23199	22800	23057	23203	23258	23148	23042	23421	22781	23073	23388	23033	23109	23320	23079	23446	23284	23031	23097	23277	23184	23207	23136	23088	23048	23389	22995	22928	23029	22971	23079	23122	23195	23288	23267	23180	23171	23140	23237	23300	23024	23137	23276	23189	23074	23173	22839	23370	22986	23242	23130	23268	22894	22979	23032	23244	23427	23079	23147	23229	23192	23218	22959	23354	23135	22963	23290	23452	23424	22741	23001	23205	23182	23333	23328	23324	23022	23178	23145	23384	23293	23079	22972	23275	23101	23170	23311	23191	23095
8000000.0001	23358	23547	23009	23383	23577	23384	23369	23607	23322	23015	23222	23270	23346	23414	23158	23506	23488	23392	23593	23481	23102	23239	23253	23574	23337	23189	23459	23460	23354	23508	23260	23349	23170	23234	23122	23559	23415	23424	23422	23105	23122	23318	23393	23401	23504	23432	23378	23459	23275	23343	23506	23418	23261	23201	23059	23500	23477	23203	23234	23394	23598	23480	23126	23547	23089	23441	23412	23454	23381	23382	23294	23332	23464	23459	23282	23450	23373	23262	23240	23464	23639	23395	23199	23604	23460	23188	23265	23243	23423	23394	23592	23449	23210	23118	23137	23584	23366	23359	23327	23423
8000000.0001	23740	23439	23607	23457	23736	23522	23258	23617	23417	23803	23735	23646	23775	23447	23695	23906	23660	23286	23866	23716	23615	23628	23444	23471	23641	23479	23399	23721	23795	23839	23520	23727	23432	23499	23663	23669	23612	23854	23548	23665	23693	23675	23679	23615	23823	23357	23424	23681	23825	23472	23891	23480	23434	23738	23304	23426	23811	23564	23734	23409	23368	23593	23602	23586	23604	23678	23358	23315	23459	23486	23422	23462	23506	23497	23808	23444	23447	23678	23765	23613	23462	23655	23571	23649	23480	23687	23361	23559	23827	23415	23647	23511	23659	23659	23656	23392	23432	23564	23695	23832
8000000.0001	23838	24025	23974	23910	24123	23918	24164	24032	24207	24021	23542	23959	23953	23732	23955	23924	24060	23607	23843	23602	24006	23996	24099	23766	23845	23730	23766	23776	23833	23859	23822	23901	24192	23840	23940	23890	23955	24113	24032	23874	24184	23911	23988	23716	23890	23747	23759	23849	23711	23830	23715	23800	23943	23829	23938	23693	23925	23937	23923	23962	23972	23938	23994	23905	24216	24001	23907	23967	24093	23858	23999	24193	23747	23796	24046	23982	23879	23855	23802	23820	23819	24065	23904	23970	24134	24291	23795	23937	23995	24014	23974	24134	23919	24020	24286	24038	23792	24075	23999	24100
8000000.0001	24204	24296	24132	24415	24187	24444	24514	24301	24384	24500	24264	24357	24353	24659	24124	23985	24361	24397	24102	24279	24267	24357	24533	24157	24376	24284	24331	24197	24342	24470	24338	24211	24388	24302	24386	24312	24190	24641	24290	24601	24250	24322	24293	24337	24230	24489	24131	23889	24182	24396	24375	24452	24424	23978	24390	24423	24294	24479	24373	24217	24379	24210	24269	24253	24374	23857	24502	24209	24074	24261	24521	24364	24315	24138	24229	24226	24301	24456	24132	24350	24174	24128	23988	24262	24402	24299	24131	24272	24579	24281	24050	24413	24373	24514	24605	24239	24127	24170	24216	24204
8000000.0001	24882	24776	24631	24810	24771	24789	25124	24725	24753	24942	24988	24899	24870	25035	24875	24755	25042	24794	25139	24697	25049	24786	24989	24823	24903	24675	24696	24590	24541	24660	24929	24762	24971	24779	24873	24890	24593	24728	24809	24790	24898	24716	24571	24701	24969	24932	24331	24545	24881	24809	24515	24796	24485	24820	24682	25150	24957	24654	24778	24643	24884	24749	25023	24806	24986	24716	24846	24789	24842	24788	24996	24456	24767	24575	25042	24831	24673	24996	24623	24514	24543	25036	24892	25157	24665	24812	25024	24786	24609	24580	24871	24692	24767	24584	24957	24912	24956	24733	24856	24964
8000000.0001	25285	25328	25200	25211	25270	25488	25096	25522	25374	25368	25246	25688	25616	25493	25486	25622	25541	25477	25648	25325	25279	25480	25287	25107	25490	25136	25107	25585	25318	25428	25479	25600	25392	25200	25336	25388	25014	25176	25774	25199	25877	25038	25264	25398	25382	25269	25305	25553	25448	25426	25339	25211	25565	25506	25519	25053	25387	25491	25455	25224	25601	25582	25373	25502	25319	25523	25410	25658	25378	25369	25569	25649	25489	25479	25075	25546	25246	25340	25523	25209	25493	25323	25181	25495	25327	25343	25334	25424	25488	25481	25317	25292	25442	25481	25244	25429	25398	25483	25194	25091
8000000.0001	25993	26199	25991	26029	26107	26117	25857	25932	26281	25948	26195	26000	26199	26077	25934	25854	25892	26325	25690	25972	25923	26059	26098	26043	26291	26053	26466	25771	26372	26204	26026	26093	26105	25747	26273	25980	25878	25934	26287	26170	26024	25915	26303	26109	26166	26210	26060	25985	26259	26207	25896	26198	26031	26003	25857	25741	25975	25708	25840	26016	26116	25840	26320	25822	26121	26430	25925	25849	26040	26036	25933	25903	26348	26267	26137	26124	25961	26061	26134	26170	25740	26084	26108	26131	26026	26018	26115	25885	26125	26232	26075	26464	26061	26129	25821	26076	26128	26248	25924	25873
8000000.0001	26612	26826	26622	26908	26657	26578	26963	26752	26674	26619	26948	26727	26998	26774	27096	26710	26925	26739	26834	26840	26802	26889	26506	26654	26747	26370	26739	27021	26772	26847	26831	26950	26714	26887	26807	26661	26692	26909	26708	26621	26653	26822	26692	27014	27026	26848	27077	26618	26621	26639	26614	26863	26819	26631	26516	26867	26766	26601	27172	26719	27017	26752	26855	27054	26684	26953	26765	26632	26784	26815	26774	26798	26924	26646	26835	26865	26949	26640	26811	26660	26905	26968	26729	26921	27119	27075	26813	26783	26783	26930	26917	26946	26976	26657	26760	26717	26791	26911	27056	26865
8000000.0001	27583	27825	27770	27839	27611	27737	27752	27797	27877	27654	27901	27856	27746	27670	27596	27601	27700	27612	27702	27724	27678	27549	27537	27706	27920	27477	28042	27795	27785	27845	27804	27556	27733	27940	27759	27418	27783	27706	27856	27671	27880	27721	27869	27380	27705	27833	27671	27463	27721	27604	27790	27891	27643	28071	27674	27687	27674	27414	27854	27721	27609	27787	27715	27615	27802	27923	27461	27584	27776	27719	27429	27428	27682	27547	27812	27650	27408	27880	27479	27756	27556	27629	27853	27791	27508	27607	27759	27885	27765	27550	27363	27596	27588	27770	27925	27607	27690	27568	27808	27755
8000000.0001	28397	28770	28333	28804	28486	28814	28871	28677	28602	28616	28452	28960	28789	28786	28555	28923	29063	28569	28702	28491	28319	28871	28958	28422	28242	28751	28831	28620	28900	28801	28695	28703	28533	28734	28435	28580	28333	28769	28621	28796	28632	28578	28532	28461	28265	28698	28455	28870	28443	28899	28589	28365	28983	28541	28414	29122	28806	28630	28609	28959	28376	28182	28686	28437	28407	28653	28471	28397	28519	28690	28657	28716	28465	28938	28618	28539	28326	28789	28671	28293	28549	28588	28772	28510	28543	28581	28584	28548	28641	28617	28837	28644	28698	28810	28575	28662	28620	28683	28717	28774
8000000.0001	29475	29440	29913	29594	29677	29717	29813	29161	29783	29685	29639	29392	29980	29826	29701	29643	29698	29728	29537	29461	29597	29609	29469	29513	29519	29721	29649	29571	29605	29815	30018	29404	29497	29808	29570	29435	29838	29923	29850	29413	29800	29356	29666	29810	29676	29707	29648	29855	29632	29600	29610	29388	29776	29637	29625	29808	29580	29800	29717	29822	30116	29700	29423	29711	29790	29850	29776	29509	29819	29574	29734	29402	29831	29829	29848	29536	29570	29744	29890	29867	29821	29740	29479	29791	29616	29633	29507	29636	29820	29931	29734	29529	29279	29524	29718	29848	29448	29658	29640	29621
8000000.0001	30920	30910	30579	30745	30944	30800	30796	30639	30490	30676	30578	30697	30799	30913	30975	30900	31252	30649	31147	30522	30955	30663	30726	30686	30640	30815	30519	30734	30442	30390	30949	31215	30553	30655	30800	30603	30596	30848	30870	30910	30829	30377	30867	30553	30980	30572	30391	30602	30728	30893	30944	30748	30799	31045	30729	30824	30480	30963	30941	30795	30713	30776	30936	30892	30858	30721	30784	30727	30724	30688	30827	30620	30826	30989	31005	30883	30439	30670	31117	30736	30905	30674	30705	30715	30633	30487	30711	31156	31054	30628	30977	30799	30671	30900	30667	30886	30929	30826	30862	30678
8000000.0001	31918	31932	32018	31953	31783	31944	31899	31605	32001	31744	32224	31922	31823	31864	32172	32119	31605	31794	31785	32129	31733	31819	31949	31999	31934	31915	31765	31824	32056	32285	32005	31765	31973	31928	32170	31992	32165	31986	31986	32280	31695	32179	31710	32030	32027	32058	31812	31894	32178	32125	32145	32023	31909	31804	32037	32030	32129	32095	31698	31915	31964	32070	31955	32216	32019	31924	32000	32014	31811	31675	31804	31861	31786	32086	32062	31879	32207	32048	31933	32007	31865	32015	31846	31858	31850	31585	32120	31945	31923	31953	31749	31881	32296	32136	32297	32064	32019	31941	31846	32289
8000000.0001	33430	33118	33525	32890	33317	33312	32901	33379	33643	33212	33216	33217	33527	33060	32741	33108	32821	33266	33176	33323	33012	33051	33316	33600	32953	33139	33201	33241	33173	33171	33463	33040	33008	33009	33216	32994	33142	33129	33151	32737	33222	33322	33277	33184	33022	33244	33337	33398	33049	33365	33428	33258	33118	33352	33250	33255	33142	33194	33524	33327	33217	33042	33201	33391	32752	33514	33395	33329	33011	33350	32962	33413	33225	33286	33308	33186	33261	33230	33033	33234	32936	33285	33327	33515	32962	33313	33182	33091	33084	33213	33144	33130	33319	33342	33425	33369	32874	33356	33400	33031
8000000.0001	34452	34210	34562	34466	34824	34460	34382	34601	34400	34391	34246	34695	34494	34625	34215	34508	34777	34512	34610	34442	34536	34477	34284	34505	34090	34403	34833	34555	34503	34816	34482	34110	34436	34433	34501	34219	34255	34629	34599	34311	34403	34368	34236	34714	34487	34960	34338	34470	34435	34370	33935	34331	34132	34264	34384	34198	34428	34665	34684	34227	34327	34658	34606	34627	34602	34484	34415	34395	34383	34567	34422	34544	34505	34464	34221	34535	34193	34557	34356	34401	34283	34042	34174	34814	34276	34293	34485	34345	34480	34399	34966	34526	34496	34693	34492	34179	34446	34217	34948	34300
8000000.0001	36080	35745	35499	35618	35779	35984	35671	36083	35868	35707	35972	35567	35475	35768	35969	35433	35475	35732	35825	35769	35834	35793	35778	35722	35756	35846	35553	35746	35818	35999	35604	35673	35591	35557	36019	35865	36098	35649	35719	35701	35363	35977	35557	35898	35551	35724	35974	35933	35650	35826	35518	35807	35461	35552	35631	35937	35585	36062	35743	35683	35732	35617	35346	35603	35820	35536	36000	35679	35726	35949	35973	36037	35582	35641	35852	35713	35993	35830	35597	35494	35687	35709	35710	35817	35816	35692	35644	35818	35781	35509	35698	35733	35780	35956	35657	35667	35774	35553	36150	35486
8000000.0001	36991	36674	36883	37173	37298	36913	37172	37001	37025	37082	37231	37090	36731	37195	37431	37277	37197	36841	37173	36901	37092	36918	36983	36818	37121	37072	36777	36682	36980	37049	37176	37045	36892	36956	36795	37028	37101	37090	37167	37318	37195	36878	37130	36912	37029	37157	36998	37124	36978	37015	37088	36999	36816	37061	37024	36984	36778	36795	36966	36695	36892	37105	36997	37224	37082	37204	37364	37348	36787	37098	37261	37009	36799	37065	37242	36938	37038	36863	36841	37232	37363	36929	37031	37236	36928	37077	37137	37115	36940	37149	37084	36959	37266	36883	36763	37283	36688	37159	37258	37141
8000000.0001	38513	38177	38342	38517	38211	38199	38072	38164	38613	37996	38297	38253	38350	38299	38312	38232	37970	38534	38408	38252	38296	38243	38316	38356	38049	38293	38480	38049	38580	38230	38194	38295	38229	38591	38256	38139	38504	38282	38251	38318	38663	38146	38160	38022	38221	37824	38562	38296	37852	38309	38428	38330	38230	38354	38231	38327	38546	38526	38323	38021	38302	38225	38503	38060	38240	38101	38532	37912	38136	38492	38479	38423	38466	38312	38321	38008	38403	38446	38549	38742	38408	38455	38511	37909	38272	38272	38121	38547	38642	38240	38594	38562	38275	38360	38263	38262	38311	38310	38429	38691
8000000.0001	39289	39326	39562	39277	39783	39359	39177	39309	39382	39317	39342	39557	39540	39251	39273	39404	39726	39661	39428	39391	39628	39906	39350	39482	39331	39556	39456	39265	39723	39492	39485	39308	39456	39701	39385	39269	39474	39632	39311	39229	39567	39619	39067	39522	39328	39500	39515	39720	39409	39420	39722	39255	39470	39723	39588	38968	39470	39623	39340	39113	39093	39275	39659	39358	39303	39516	39737	39371	39539	39659	39243	39111	39282	39434	39107	39406	39586	39152	39458	39326	39545	39109	39617	39680	39359	39101	39334	39440	39211	39286	39402	39581	39323	39363	39826	38965	39416	39343	39496	39494
8000000.0001	40290	40504	40516	40656	40532	40715	40859	40152	40441	40590	40342	40455	40268	40742	40475	40280	40253	40407	40341	40342	40690	40672	40395	40312	40886	40555	40676	40429	40736	39988	40519	40751	40380	40550	40657	40657	40598	40642	40648	40633	40539	40464	40522	40502	40515	40778	40334	40525	40568	40486	40501	40427	40821	40566	40418	40214	40252	40563	40266	40582	40089	40574	40474	40046	40477	40701	39989	40631	40489	40327	40366	40733	40493	40058	40686	40629	40244	40378	40523	40322	40631	40525	40473	40455	40495	40510	40672	40392	40365	40330	40296	40553	40506	40267	40476	40474	40469	40287	40330	40241
8000000.0001	41455	41491	41016	41392	41212	41633	41446	41064	41470	41400	41080	41581	41186	41556	41528	41401	41518	41368	41424	41440	41347	41499	40941	41520	41102	40974	41301	41544	41593	40902	41361	41579	41439	41398	41535	41652	41416	41606	41265	41254	41203	41675	41303	41196	40759	41064	41406	41167	41668	41555	41814	41401	41107	41093	41293	41479	41544	41505	40999	41328	40880	41360	41795	41881	41060	41743	41526	41048	41393	41457	41400	41361	41125	41349	41195	41565	41543	41400	41650	41404	41804	41517	41071	41309	41406	41279	41232	41175	41227	41309	41497	41037	41405	41076	41638	41470	41382	41274	41426	41234
8000000.0001	41867	41988	41868	42155	42186	42126	41767	42204	41946	41858	42294	41844	41850	41738	41967	42064	42239	42467	41857	42410	42186	41798	42081	41827	42134	41774	42023	41762	42333	42041	41773	42439	42268	42189	42187	41966	42213	42183	41692	42409	42243	42455	42039	41921	42141	42077	42247	42272	42005	42062	42064	42215	42289	42014	42413	41870	42028	42091	41679	42303	41939	42371	42054	42126	42157	41979	42045	42304	41799	42033	42028	42293	41907	42292	42054	42295	42289	42225	42098	42056	41949	41760	42445	41676	41935	42044	41784	41596	42019	41985	41897	41743	42080	42127	42031	42143	42150	41616	42050	42402
8000000.0001	42515	42818	42668	42420	42774	42648	42487	42851	42795	42997	42640	42846	42449	42385	42175	42288	42397	42927	42258	42769	42557	42604	42636	42797	42422	43075	42325	42743	42559	42514	42630	42765	42699	42468	42731	42597	42408	42738	42479	42449	42704	42734	42693	42830	42408	42900	42924	42566	42524	42724	42854	42827	43073	42515	42514	43258	42899	42382	42851	42639	42448	42597	43029	41985	42701	42564	43077	42752	42817	42537	42495	42414	42944	42680	42490	42954	42687	42969	42851	42393	42741	42743	43046	42447	42195	42691	42645	42348	42735	42570	42584	42456	42750	42343	42462	42621	42751	43082	42421	42367
8000000.0001	43260	43599	43153	42686	43135	43408	43125	42925	43478	43195	43241	42946	43107	43192	43220	43394	43319	43283	43298	43043	42818	43018	43521	43326	43225	43474	43271	43035	43211	43125	43078	43165	43377	43045	42993	43227	43456	42805	42899	43318	43435	42959	43067	43292	43368	43199	43485	43479	42927	43479	43028	42965	43223	43254	42768	42960	42864	43190	43198	43362	43001	43151	43416	43519	43110	43237	42950	42876	42998	43266	42870	42845	43069	43118	42960	43270	43357	43218	43462	43067	42938	43156	43122	42849	43494	42945	43335	43094	42826	43044	42955	43048	42857	42963	43044	43088	43163	43040	42828	43124
8000000.0001	43565	43460	43701	43567	43448	43524	43048	43346	43594	43536	43153	43268	43289	43813	43665	43635	43158	43259	43503	43557	43600	43697	43226	43682	43323	43678	43668	43636	43981	43536	44181	43495	43870	43383	43288	43709	43240	43273	43462	43733	43836	43552	43783	43224	43715	43809	43442	43481	43198	43426	43624	43393	43305	43446	43650	43458	43891	43316	43753	43279	43606	43391	43804	42977	43676	43791	43540	43812	43824	43757	43736	43935	43531	43883	43414	43574	43481	43794	43553	43389	43143	43439	43501	43374	43351	43481	43410	43514	43918	43329	43324	43300	43187	43668	43417	43606	43539	43544	43721	43451
8000000.0001	43583	43774	44036	43918	43525	43863	43655	43862	43718	43708	43448	43905	44078	43785	44227	43844	44086	43486	43752	44132	43839	43769	43938	43638	43485	43953	43955	43615	44081	43545	43796	44221	43690	43700	43766	43664	43663	43935	43873	43947	44126	44022	44053	43961	43708	44023	43843	43955	43733	44035	43800	43858	43731	43964	43923	43866	44006	43406	44042	44073	43782	43667	44111	43676	44110	43621	43853	43996	43718	43785	44030	43866	44063	43971	43521	43927	43937	43980	43401	44052	43977	43768	44161	44159	44103	43664	43752	43870	43621	43937	43885	43763	44147	44314	43927	44203	43680	44281	44070	43787
8000000.0001	44183	43922	43907	44230	43956	44182	43754	44137	44230	43997	43929	44225	44310	44134	43903	43960	43947	44181	43933	44318	44144	43903	43925	44241	44144	44251	43950	44302	43967	43682	43862	43900	44224	44115	43861	44144	43903	44196	43950	44065	43711	44069	44188	44304	44186	44149	44159	43667	43821	43902	43942	43997	44279	44634	43985	44460	44028	44058	44118	44015	43833	43995	44153	44354	44595	43929	44369	44027	43915	43868	44148	44205	43705	43918	44058	43894	43980	43841	43928	44171	44549	44073	43955	44396	43299	44109	44064	43892	44176	44210	43975	43993	44231	43836	44293	44125	44103	43995	43890	43986
8000000.0001	44226	44273	44465	44260	44442	44455	44303	44209	43997	44322	44360	44639	44209	44210	44083	44169	44089	44526	44244	43904	43989	44049	44510	44058	44735	44079	44123	44241	44599	44232	44134	44210	43829	44543	44029	43899	44347	43906	44037	44207	44412	44148	44543	44444	44275	44343	44116	44179	44228	44676	44351	43623	44144	44199	44237	44370	44255	44196	44023	44382	43899	43959	44235	44404	43961	44642	44354	44327	44291	44401	44542	43895	44278	44112	44361	44387	44313	44187	44050	44063	44563	44065	44384	44445	44545	44119	44121	44262	44372	44330	44437	44035	44097	44186	44274	44306	44056	44150	44021	44201
8000000.0001	44051	44502	44220	43994	43909	44379	44157	44138	44482	44260	44456	44357	44265	44517	44327	44422	44345	44442	44122	44783	44450	44316	44133	44084	44192	44397	44268	44629	44263	44377	44150	44519	44416	44596	44428	44057	44662	44272	44169	44548	44474	44223	44202	44435	44764	44610	44381	44570	44572	44862	44536	44485	44203	44480	44508	44308	44292	44521	44422	44391	44120	44400	44489	44333	43812	44292	44534	44914	44323	44478	43864	44126	44150	44498	43857	44336	44704	44610	44519	44569	44766	44370	44354	44322	44419	44787	44304	43861	44180	44304	44757	44218	44354	44236	44343	44019	44403	44423	44337	43988
8000000.0001	43970	44587	44286	44198	44571	44039	44531	44631	43986	44526	44198	44296	44103	44560	44302	44642	44563	44767	44412	44196	44206	44291	44140	44482	44172	44256	44049	44116	44572	44290	44530	44461	44582	44174	44711	44294	44144	44405	44490	44561	44047	44253	44110	44061	44209	43981	44371	44624	44284	44445	44309	44249	44068	44477	44132	44310	44009	44290	43712	44740	44153	44128	44317	44248	44276	44474	44216	44477	44446	44454	44158	44429	44290	44511	44219	44561	44253	44145	44284	44431	44431	44148	44333	44142	43622	44279	44244	44571	44279	43842	44410	44580	44442	44600	44321	44683	44300	44742	44573	44786
8000000.0001	44203	44176	44355	44184	44138	43965	44371	44455	44008	44193	44156	44112	44289	43985	44449	44238	44068	44694	44008	43724	43984	44606	44433	43939	44255	44235	44479	44096	44059	44386	44054	44520	44422	44195	44202	43909	44402	44065	44188	44419	44596	44470	44031	44619	44110	43779	43860	44133	44218	44483	44091	44348	44243	44252	44396	44198	44229	44230	44443	44343	44325	44359	44223	44159	44565	44218	43937	44409	44208	44351	44329	44615	44193	44350	44546	44532	43732	44814	44220	44173	44326	44584	44006	44449	44345	44224	44519	44057	44482	44318	44161	44273	44445	44287	44114	44362	43890	43880	43993	44296
8000000.0001	43899	44019	44231	43853	44075	44659	44129	44128	44427	44056	44422	44116	44684	44047	44514	44388	43781	44451	43967	43796	43948	44399	44272	44312	44204	44104	44303	44243	44148	44214	43896	44253	43948	44430	44311	44329	43679	44355	43873	44218	44016	44149	43919	43843	44321	44087	43928	44521	44646	44112	44272	44452	44051	44433	44413	44345	44226	44117	44134	44396	44039	44092	44253	44161	44188	44045	43968	44378	44410	44052	44348	44240	44443	44163	44197	44302	44398	44028	44112	44112	44183	44248	44379	44300	44503	43986	44564	43686	43817	44089	44276	43906	43775	44480	43907	44562	44142	44546	44255	44323
8000000.0001	43810	43823	43869	44409	44031	44218	43967	44062	43921	44327	44179	43921	43969	44125	44115	44158	43955	43697	43952	44332	43957	43671	44254	44127	44204	44148	43914	44271	43452	44289	44052	44081	44052	44324	44136	44344	43720	44002	44001	43955	43786	44099	44516	43762	43785	44089	44062	44048	43754	43721	44629	43946	44042	44083	44247	44046	44177	43794	44124	44352	44414	43693	43962	44202	43687	44019	43945	44453	43888	44146	44397	44099	44170	43822	44350	44163	43625	44246	44020	44018	44076	43839	44170	44227	44161	44071	44188	43848	43895	44167	44119	44009	44169	43969	44179	43811	44059	44029	43921	43807
8000000.0001	43956	43955	43438	44117	43721	43988	44038	43707	43574	44059	43853	43426	44041	43681	43304	43618	43712	43638	43850	43863	44179	43715	44211	44030	43635	44151	43896	43680	43788	43500	43755	44439	44182	43586	43727	43735	43523	43697	43818	44098	43798	44264	43635	43831	43941	44119	43343	43632	44104	43876	43894	43561	43722	43727	43663	44062	43745	43725	43653	43748	43747	43906	43702	43922	43884	43726	44005	44138	43524	44040	43508	44150	43660	43543	43922	43944	44010	43932	44265	43808	43684	43591	44482	43906	43925	43627	43652	43563	44106	43480	43946	43773	43765	44155	44036	43740	43619	44187	43973	43854
8000000.0001	43553	43420	43640	43542	43801	43343	43592	43475	43731	43900	43561	43795	43702	43184	43542	43736	43377	43476	43788	43569	43669	43536	43222	43525	43467	43590	43539	43646	43702	43644	43585	44075	43743	43678	43421	43628	43736	43898	43507	43602	43713	43359	43518	43521	43511	43774	43744	43933	43103	43877	43655	43843	43488	43891	43430	43354	43255	43475	43474	43379	43207	43612	43513	43329	43681	43598	43552	43626	43518	43641	43429	43698	43282	42923	43727	43471	43369	43734	43611	43479	43705	43611	43427	43860	43510	43899	43409	43532	43791	43622	43438	43677	43222	43777	43588	43571	43711	43497	43336	43476
8000000.0001	43647	43191	43145	43193	43078	43179	43065	43328	43685	43192	42923	43249	43511	43125	43323	42952	43483	43136	42895	43352	43458	43163	43399	43354	43183	43194	43328	43078	43183	43334	43472	43211	43254	43297	43029	43480	43148	43373	43360	43122	43583	43758	43451	42988	43291	43520	43196	43112	43188	42840	42803	43308	42724	43280	43639	43209	43485	42934	43351	43328	43435	43493	43108	42997	43155	43153	42982	43041	43227	43206	43389	43580	43424	42943	42848	43032	43482	43119	43055	43217	43802	43396	43317	43076	43429	43353	42915	43219	43556	43576	43103	43033	43022	42975	42978	43211	43462	43254	43271	43212
8000000.0001	42959	42980	42647	42997	42896	43038	42817	43000	42874	42968	43327	42953	42665	43116	43068	42851	42971	42929	43115	42835	42868	42767	42780	43006	42751	43288	42779	42676	43100	42604	42620	42873	42909	43134	42889	42998	42516	43004	43015	43016	43011	42968	43167	43049	43131	43359	42616	43276	42868	42730	42994	43007	42993	42803	43062	42941	42959	42437	43420	43254	42691	43253	43051	42685	42922	43040	43154	42922	43143	42702	43094	42516	42544	42837	43068	43044	43050	42722	42718	43168	43211	43066	42933	42935	43378	42976	42781	42799	42905	42952	42882	42911	42869	42793	42540	42935	42882	42982	42772	43090
8000000.0001	42390	42605	42410	42683	42493	42659	42782	42831	42847	42178	42804	42382	42912	42214	42445	42605	42229	42624	42744	42082	42602	42808	42784	42519	42803	42423	42868	42127	42656	42381	42379	42173	42803	42239	42922	42437	42172	42687	42516	42729	42498	42613	42563	42676	42387	42598	42501	42901	42331	42193	42633	42464	42548	42425	43180	42769	42357	42488	42377	43091	42480	42574	42340	42456	42418	42475	42601	42468	42846	42636	42457	42204	42071	42609	42906	42627	42596	42333	42676	42311	42656	42479	42540	42431	42823	42499	42580	42244	42049	42345	42618	42411	42281	42557	42723	42509	42546	42591	42427	42594
8000000.0001	42439	42295	42000	42468	42906	42078	41794	41983	42273	42079	41882	42267	42065	41952	42131	41937	42057	42177	42027	42203	41964	41958	42103	42342	42221	42248	42237	42231	42061	42259	42104	42587	42164	42036	42123	42112	41895	42333	42361	42224	42009	42126	42108	41814	41880	42428	42321	41511	42335	42161	42094	42303	42141	41756	42413	41989	41968	42554	41740	41898	42092	42242	41832	42779	42092	42417	42647	42093	41922	42011	42088	42201	42804	41719	42141	42103	42163	42207	42109	41730	42160	41975	42072	42183	41849	41764	42017	42228	42051	42182	42570	42209	42009	42180	41990	42240	42355	41630	42418	41995
8000000.0001	41634	41883	41900	41404	42263	41707	41555	41498	41221	41802	41142	41372	41519	41749	41700	41665	41659	41715	41695	41570	41526	41164	42050	41847	41940	41650	41679	41916	41447	41852	41856	41605	41624	41952	41505	41279	41579	41800	41274	42112	41652	41854	41471	41720	41561	41994	41631	41621	41790	41489	41732	41683	41839	41901	41636	41590	41943	41565	41831	41676	41752	41527	41773	41395	41477	41907	41718	41757	41557	41661	41427	41634	41523	41572	42103	41614	41491	41322	41888	41778	41844	41867	41289	41627	41669	41710	41911	41234	41905	41942	41863	41959	41792	41678	41747	41140	41513	42001	41550	41817
8000000.0001	41309	41343	41061	41078	40813	41292	41388	41226	41192	41395	41351	41366	41154	41264	41366	41302	41075	41485	41243	41465	41485	41218	40859	41233	41137	41531	41387	41720	41440	41045	41216	41568	41017	41080	41090	41022	41142	41437	41269	41412	41272	40830	41114	41504	41153	41290	41245	41076	41240	41231	41584	40916	41038	41630	41489	41112	41357	41259	41256	40563	41317	41545	41307	41394	41108	41508	41155	41068	41158	40980	41443	41264	41825	41551	41603	41481	41214	41467	41235	41475	40891	41455	41507	41246	41149	41298	41245	41110	41287	41190	41340	41479	41583	41140	41215	41169	41253	41236	41511	41309
8000000.0001	40467	40888	40713	40648	40523	40836	41127	40838	40628	40709	40656	40800	40874	41050	41147	40786	40490	40426	41013	40799	40885	40581	40779	41010	40901	40909	40852	40663	41200	40596	40848	40970	40422	40849	40628	40913	41072	40747	40436	40464	40672	41042	40929	40614	40952	40987	40776	40791	40997	40662	40846	40962	40715	40592	40835	40608	40707	40449	40738	40851	40896	40646	40840	41128	40856	40888	40698	40591	40704	40447	40786	40657	40935	40880	40735	40625	40773	40455	40972	40646	40312	40506	40875	40647	41018	40649	40800	40698	41024	40964	40745	40640	40874	40697	40742	41014	40670	40806	41092	40441
8000000.0001	40166	40104	40419	40119	40320	40113	40352	40201	40469	40137	40559	40028	40405	40452	40092	40587	40141	40367	40580	40182	40166	40128	40276	40174	40051	40096	40324	40208	40193	40278	40378	40551	40580	40121	40306	40437	40693	40513	40370	40393	40310	40149	40207	39888	40463	40284	40466	40305	40359	40029	40199	40215	40263	40335	40200	40280	40178	40210	40607	40174	40417	40486	40381	40519	40405	40479	40174	40201	40562	40709	40378	40102	39986	40216	40261	40608	40025	40305	40037	40301	40256	40652	40145	40325	40041	40028	40142	40155	40107	40443	40470	40348	40368	40440	40106	40542	40169	40586	40235	40288
8000000.0001	39662	39787	40190	39431	39906	40114	39744	40283	39720	39819	39691	39782	39864	39746	39893	39733	39659	39401	39547	39917	39498	39808	39797	39601	39661	39838	39694	39890	39557	39876	40114	39733	39373	39839	40048	39534	39476	39746	40130	40152	39834	39539	39846	39786	39796	40116	40083	40126	39828	39789	39353	39804	39581	39386	39844	39805	39533	39740	40041	40069	39767	39905	39604	39875	39562	39525	39801	39961	39463	39513	39711	39764	40075	39905	39754	39953	39612	40095	39423	39575	40034	39970	40034	39792	39988	39723	39503	39686	40287	39826	39627	39847	39588	39996	39606	39645	40051	39636	39898	39503
8000000.0001	39471	39055	39151	39323	39247	39111	39356	39227	38965	39166	39230	39500	39260	39082	39175	39359	39384	39387	38830	39093	38957	39157	39388	39049	39126	39294	39114	39281	39351	39643	39338	39089	39069	39241	39443	39258	39246	39319	39115	39079	39378	39056	38967	39211	39274	39601	38834	39232	39569	39755	39106	39317	39134	39184	38999	39306	39068	39247	39354	39235	39362	39141	38991	39228	39288	39175	38990	39307	39504	38994	39060	39377	39183	39404	38915	39204	39450	39374	39252	39217	39446	39320	39111	38762	39373	39312	39201	39186	39442	39108	39172	39205	39381	39351	39141	39123	39318	39039	38836	39215
8000000.0001	38641	38706	38745	38691	38754	38641	38496	38654	38577	38802	39402	38646	38710	38825	38899	38733	38952	38765	38453	39056	38264	38623	38397	38822	38895	38480	38850	38834	38491	38944	38541	38630	38708	38439	38503	38531	38551	38887	38286	38949	38860	38867	38973	38885	38667	38358	38675	38950	38472	38996	38716	38784	38727	38960	38422	38688	38687	38570	38363	38471	39012	38387	38408	38273	38772	38975	38722	38843	38688	38781	38788	38882	38828	38615	38605	38753	38277	38851	38603	38530	38958	38556	38760	38591	38425	38718	38841	38587	38594	38774	38692	38708	38797	38617	38847	38430	38373	38421	38932	38698
8000000.0001	38352	38398	38543	38189	38314	38101	38074	38077	38188	38359	38324	38117	37663	38231	38227	37871	38387	37861	38068	38171	37988	38034	38122	38374	38304	37809	38515	38223	38217	38467	37912	37976	37531	38378	38279	38103	37700	37952	38391	38362	38058	37820	37842	38103	38011	38115	38074	37886	38277	38115	38282	38165	38033	38197	37920	38268	37887	38018	38208	38402	38260	38477	37991	38326	38113	38376	38010	38343	38390	38253	37960	38114	37975	38216	38069	38009	38300	38201	38353	37954	37639	38142	38014	38028	38225	38534	38345	37962	37976	38085	38348	37984	37702	38109	38152	38094	37899	38257	38357	38129
8000000.0001	37704	37640	37712	37560	37465	37355	37283	37435	37563	37723	37710	37617	38035	37627	37495	37514	37487	37979	37279	37930	37942	37528	37571	38023	38035	37738	37722	37583	37661	37390	37534	37696	37579	38046	37287	37344	38143	37506	37549	37563	37500	37476	38059	37693	37535	37597	37447	37478	37601	37658	37377	37600	37602	37684	37434	37625	37814	37744	37429	37362	37616	37582	37343	37594	37380	37262	37246	37729	37650	37501	37603	37537	37506	37738	37753	37810	37755	37770	37593	37634	38112	37529	37499	37367	37787	37862	37809	37658	37540	37554	37516	37382	37673	38065	37449	37484	37738	37895	37441	37774
8000000.0001	37431	37110	37062	36946	37240	37055	37331	37090	36976	36887	36819	37014	37229	36946	36699	37007	37276	37188	37221	36982	36977	36576	37282	37118	37267	37154	36950	36741	36903	37276	36635	36924	37115	36982	36921	36822	37041	37037	37110	36972	36998	36950	36926	36667	37057	37155	37051	37391	37090	37305	36957	37043	37083	36851	37276	36813	36983	36681	37227	37074	37065	37000	37030	36830	37013	36483	37308	37475	37043	37051	36745	37158	37021	36843	37160	36706	36859	36737	36863	36999	37126	36674	36877	37038	37069	37142	36904	36792	36767	36765	37354	37316	37263	37096	37263	37184	36826	36948	37113	37150
8000000.0001	36677	36549	36649	36537	36479	36456	36673	36244	36578	36471	36598	36387	36689	36594	36613	36536	36372	36456	36569	36629	36325	36581	36412	36440	36427	36356	36348	36560	36622	36543	36416	36469	36517	36681	36760	36293	36144	36532	36585	36287	36319	36415	36724	36624	37020	36613	36432	36164	36924	36783	36270	36593	36671	36714	36377	36668	36670	36508	36625	36415	36610	36487	36487	36343	36064	36899	36547	36567	36384	36501	36655	36668	36390	36212	36733	36459	36865	36547	36207	36361	36547	36402	36871	36124	36384	36334	36227	36359	36513	36407	36557	36409	36813	36551	36551	36607	36820	36426	36215	36553
8000000.0001	35836	35724	35719	35996	36217	36013	36147	36154	36108	36120	36118	35899	35893	35957	35855	36005	36165	36082	35681	35988	35705	36016	35548	35968	35960	36024	35930	36231	36023	35990	35994	36033	36105	35612	35999	35906	35812	36121	35678	36035	35914	36339	36073	36073	36074	36156	36008	35966	36103	35836	36299	35936	35947	35952	36347	35769	35965	36032	35654	35874	35739	35981	36108	36170	35837	35604	36087	35864	35828	35894	35662	36018	36005	35711	35787	36009	36126	35971	35835	36391	36110	35772	35719	35985	35914	35959	35956	36004	35690	35844	36119	36169	35820	35944	35826	35626	35963	35661	35742	35862
8000000.0001	35671	35235	35397	35754	34907	35382	35293	35189	35361	35333	35383	35271	35614	35405	35479	35109	35320	35456	35319	35109	35051	35442	35372	35397	35372	35355	35321	35079	35562	35322	35379	35750	35700	35235	35594	35491	35615	35081	35529	35441	35398	35576	35423	35352	35287	35444	35742	35058	35441	35616	35394	35112	35497	35360	35001	35130	35175	35656	35619	35003	35642	35407	35407	35536	35057	35296	35291	35534	35467	35468	35414	35199	35313	35377	35356	35727	35174	35688	35434	35099	35465	35444	35130	35203	35605	35108	35342	35621	35644	35357	35172	35238	35581	35550	35295	35337	35345	35568	35055	35446
8000000.0001	34570	34709	34670	34869	34715	34878	34822	34755	35127	34773	34897	34803	34809	35208	34829	34853	34573	34749	35107	34767	34640	34646	34769	34637	34935	34750	34847	34528	34708	34671	34854	35129	35012	35492	34948	34868	34895	34999	34690	34675	34917	34946	34917	34713	34510	35247	34995	34800	35127	35038	35000	34782	34816	34955	35099	34597	35007	34940	34549	34708	34986	34953	34840	34927	34879	34950	34918	35363	34863	34872	34787	34807	34626	34917	34785	34866	34958	35092	34775	35093	34829	34673	34930	34921	35172	34755	34810	35191	34992	34699	34642	34797	34712	34825	35083	34917	35176	34794	34903	34753
8000000.0001	34501	34518	34560	34577	34221	34286	34126	34451	34515	34185	33743	34558	34168	33998	34526	34557	34200	34362	34203	34478	34627	34230	34486	34478	34181	34434	34092	34380	34305	34086	34231	33983	34221	34315	34293	34117	34023	34143	34230	34364	34207	34570	34397	34395	34321	34599	34440	34136	34104	34135	34187	34125	34095	34166	33881	34348	34056	34045	34203	34419	34131	34564	34177	34296	34148	34080	34201	34484	34006	34511	34662	34539	34527	34364	34248	34482	34496	34126	34079	34643	33952	34350	34541	34163	34153	34363	34435	34183	34441	34695	34349	33808	34356	34356	34110	34504	34510	34441	34438	34199
8000000.0001	33909	33997	33668	33568	33835	34145	33685	33637	34065	33185	34102	34010	33900	33366	33457	33902	33759	33807	33683	33740	33612	34041	33957	33930	33767	33609	33484	33919	33559	33752	33836	33924	33859	33543	33818	33661	33601	34026	33909	33882	33686	33890	33878	33806	33688	33745	33865	33777	34060	33683	33625	33779	34037	33724	33789	33943	33627	33957	34052	33781	33603	33943	33777	34020	33728	33869	33972	33914	33932	33347	33985	33840	33860	33635	33459	33685	33892	33759	33874	33733	33933	33783	33965	33577	33967	33709	33994	33673	33860	33663	33798	33744	33838	33721	33797	33810	33597	33545	34277	33590
8000000.0001	33507	33321	33505	33207	33736	33249	33000	33251	33107	33345	33157	33591	33011	33526	33306	33114	33264	32991	33421	32964	33521	33324	33664	32794	33333	33109	33134	33032	33289	32993	33032	33384	32954	33456	33032	33211	33319	33250	32872	33194	33379	32874	33097	33203	33139	32748	32915	33363	33173	33478	33125	33132	33234	33233	33204	33019	33238	33108	33215	33086	33625	33530	33193	33472	32918	33060	32995	33327	33261	33110	33451	32838	33627	33018	33100	33171	33383	33086	33434	33482	33247	33003	33450	33021	33206	33200	33260	33225	33142	32943	33160	33168	33547	33085	33165	33428	33716	33153	33288	33421
8000000.0001	32833	32900	32627	32497	32767	32607	32779	32744	32898	32764	32661	32826	32984	32733	32765	32932	32838	32675	32788	32818	32827	32783	32640	32609	32874	32631	33039	32699	32685	32718	32827	32733	32661	32693	32934	32630	32951	32965	32684	32572	32672	32785	32617	32963	32534	33138	32986	32616	32708	32784	32694	32785	32884	32937	32653	32659	32747	32792	32839	32613	32626	32731	33032	32794	32622	32781	32788	32529	32811	32926	32570	32603	32836	32728	33021	32558	32642	32860	32664	32986	32445	32654	33136	32709	32678	32499	32727	32819	32962	32565	32317	32516	32656	32560	32329	32702	32597	32545	32469	32725
8000000.0001	32283	32100	32283	31959	31967	32161	32224	32130	32070	32132	32304	32734	32076	32098	32254	32084	32090	32377	32481	32314	32387	32384	32298	32408	32433	32398	32245	32318	32315	31826	32176	32111	32062	31920	32141	32300	32215	32204	31893	32131	32382	32000	32484	32013	32125	32382	32247	32085	32127	32156	32317	31891	32160	32323	32184	32112	32189	31933	32456	31905	32374	32666	32356	31971	32198	32032	32063	32206	32195	32282	31954	32189	32286	32152	31817	32306	32252	32266	32248	32276	32326	32136	32126	31728	32195	31915	32269	32275	32241	32206	32042	32427	32435	32182	31874	32247	32546	32017	32361	32195
8000000.0001	31630	31662	31726	32183	31578	31848	31864	31864	31996	31864	31631	31772	31971	32029	31750	31869	31608	31689	31509	31637	31714	31512	31617	31565	31657	31858	31658	32083	31476	31815	31981	31730	31785	31847	31858	31598	31827	31839	31593	31769	31605	31441	31927	31621	31749	31764	31866	31400	31399	32036	31952	31816	31422	31665	31560	32051	31765	31726	31771	31771	31580	31784	31782	31572	31701	32071	31889	31727	31740	31776	31630	31870	32031	31780	31956	31718	31497	31575	31691	31572	31704	31767	31718	31881	31232	31750	31857	31726	31859	31761	32095	31983	31900	31455	31361	31597	31820	31717	31760	31817
8000000.0001	31290	31615	30956	31204	31042	31344	31382	31256	31244	31230	31154	31103	31391	30980	30954	31234	31019	31343	30964	31412	31067	31160	31378	31159	31315	31197	31333	31008	30894	31068	31230	31144	30788	31203	31263	31203	31093	31239	31024	31330	31417	30979	31100	31426	31281	31319	31284	31289	31370	31473	31082	31345	31187	31761	31185	31412	31301	31209	31260	31185	31348	31475	31287	31286	31385	30927	31390	31344	31257	31443	31309	31101	31053	31331	31474	31327	31281	31165	31385	30989	31201	31101	31295	31319	31355	31223	31111	31055	31277	31218	31392	31470	31296	31337	31317	31521	31047	30982	31042	31359
8000000.0001	30761	30659	30658	30588	30603	30440	30799	30806	30548	30950	30739	30351	30661	30765	30615	30388	31025	30704	31014	30744	30637	30691	30720	30914	30636	30616	30974	30905	30853	30495	30319	30701	30883	30742	30954	30920	30726	30883	31145	30978	31023	30874	30780	30534	30821	30979	30706	30325	30737	30844	30912	30721	30916	30973	30761	30497	31007	30801	30789	30697	30986	30868	30880	30678	30887	30638	31062	31018	30640	30665	30898	30684	30895	30777	30956	30627	30619	30980	31164	30749	30908	30928	31042	30828	30930	30679	30817	31019	30986	30828	30675	31002	31020	30464	30547	30819	30746	30973	30595	30972
8000000.0001	30160	30173	30516	30373	30050	30255	30059	30357	30316	30180	30176	30019	30245	30612	30618	30058	30317	30328	30415	30233	30163	30570	30295	30106	30199	30372	30443	30278	30039	30102	29893	30571	30327	30341	30207	29983	30117	30472	30305	30198	30293	30080	30523	30303	29977	30329	30359	30608	30516	30291	30194	30354	30411	30230	30288	30566	30410	30104	30369	30612	30023	30192	29997	30235	30418	30185	30227	30196	30373	30525	30356	30412	30024	30327	30474	30455	30633	30642	30338	29984	30258	30163	30182	30269	30321	30279	30018	30708	30074	29964	30350	30269	30348	30230	30556	30294	30198	30249	30391	30382
8000000.0001	29472	30066	29855	30145	29515	29927	29914	29886	29872	29612	29781	29766	29950	29778	29768	29698	29555	29756	29772	29904	29631	29651	29623	29720	29990	29616	29779	30035	29857	29823	29673	29434	29586	29760	29877	30010	29854	29602	30022	29549	29997	30087	29902	29890	29658	29768	29813	29675	29468	29900	29916	30301	29637	29929	30042	29781	30033	29693	30170	29922	29710	29905	29981	29830	30136	29916	29960	29880	29682	29536	29898	29915	29871	29694	29651	29973	30008	29909	29967	30037	29550	29756	30153	29897	29946	30162	29630	29929	29908	29914	29811	29897	29634	29814	29464	29907	29756	29883	29928	29648
8000000.0001	29249	29498	29473	29434	29690	29372	29688	29409	29528	29175	29125	29311	29530	29702	29559	29308	29485	29495	29289	29336	29425	29306	29199	29480	29228	29826	29510	29622	29590	29403	29532	29368	29466	29323	29346	29532	29517	29443	29531	29345	29578	29382	29294	29206	29442	29194	29155	29640	29374	29451	29017	29860	29382	29503	29461	28931	29029	29421	29592	29557	29614	29339	29656	29342	29492	29203	29257	29790	29611	29391	29687	29426	29694	29238	29686	29432	29449	29486	29566	29390	29540	29245	29424	29519	29279	29388	29231	29467	29244	29304	29346	29260	29470	29564	29673	29248	29390	29521	29492	29527
8000000.0001	29039	28902	28969	29196	28959	29149	28841	29148	28887	28863	29057	28843	28947	29167	28910	28760	29112	29217	29109	28893	28917	29242	28972	28846	28702	29146	28981	28713	29035	29027	28933	29136	29031	29057	29030	28972	29088	28894	28925	29246	28880	29153	29251	28982	29124	28699	28954	29402	29233	29011	29236	28863	28962	28977	28881	28883	28790	29292	29125	29003	28767	29014	28886	29149	28738	28664	29165	29293	29154	28989	28889	29289	28896	28600	29159	28760	29093	29140	29057	29110	29066	28857	29134	29088	29013	29023	28993	28804	28920	29049	28943	28847	29177	29050	29011	28776	28809	28860	28963	28977
8000000.0001	28440	28655	28623	28417	28495	28610	28665	28428	28655	28787	28640	28825	28408	28748	28494	28464	28664	28425	28743	28916	28529	28561	28396	28780	28503	28578	28574	28609	28501	28637	28104	28168	28537	28794	28743	28615	28683	28474	28338	28877	28525	28465	28549	28739	28627	28882	28452	28309	28776	28503	28722	28357	28586	28355	28863	28632	28650	28410	28740	28567	28436	28388	28631	28315	28364	28742	28650	28594	28813	28487	28665	28496	28411	28702	28293	28531	28685	28582	28783	28533	28750	28790	28679	28440	28420	28429	28636	28360	28846	28398	28584	28457	28508	28693	28387	28539	28292	28403	28578	28689
8000000.0001	27890	28114	28176	28109	28002	28104	28063	28243	28149	28206	28023	28180	27886	28243	28358	28051	28156	28375	28310	28036	28067	28285	28028	28098	28207	28346	28046	28301	28202	28154	28179	28389	28164	28161	28008	28371	28179	28185	28558	28141	28034	27880	28424	28409	28070	28179	28191	28391	28173	28331	28052	28129	27832	28123	28127	28074	28043	27974	28180	28231	27882	28108	28256	28167	28176	28211	28246	28070	28475	28326	28131	28664	27878	27952	27977	28363	28256	28256	27923	28081	28127	27976	28310	27971	28390	27700	27541	28194	28182	28283	27858	28429	28178	28129	28210	28214	28051	28214	28249	28318
8000000.0001	27951	28044	27813	27861	27787	28005	27625	27464	27666	27815	27988	27638	27629	27923	27895	28004	27913	27898	27688	27787	27905	27577	27786	27654	28025	27784	27682	27871	27632	27982	28226	27814	27715	27937	27755	27912	27813	27826	27670	28091	27442	27643	27796	27906	27688	27887	27631	27512	28015	27892	27755	27752	27747	27968	27935	27640	27402	27756	27724	27753	27923	27892	27795	27757	27863	27559	28142	27537	27901	27995	27789	27779	27797	27745	27725	27638	27455	27994	27888	27855	27764	27808	27601	27757	27976	27804	27690	27751	27827	27755	27928	27489	27949	27561	27281	27741	27983	27807	27860	27756
8000000.0001	27302	27308	27146	27409	27124	27559	27701	27554	27189	27306	27489	27517	27352	27291	27531	27572	27484	27863	27239	27596	27297	27447	27271	27150	27182	27876	27495	27412	27136	27196	27482	27379	27400	27500	27456	27458	27012	27857	27292	27335	27449	27588	27327	27215	27345	27338	27330	27399	27332	27170	27466	27399	27378	27028	27146	27060	27449	27357	27384	27377	27403	27291	27378	27297	27688	27369	27528	27225	27199	27343	27430	27505	27535	27472	27482	27494	27428	27496	27866	27336	27424	27561	27458	27302	27742	27645	27614	27628	27479	27517	27466	27650	27175	27593	27704	27283	27715	27455	27377	27293
8000000.0001	27172	26997	27166	27243	27014	26883	26830	26929	27246	27233	26844	27342	27034	27061	26762	26873	27325	26907	27000	27223	26990	26734	26874	27324	26863	26871	27049	27264	27434	27168	26827	26908	26952	26803	26933	27127	26838	27046	27047	26870	27006	26952	27194	27083	26992	27306	26880	27047	26985	27197	27150	27230	27197	27211	27338	27260	27230	26883	27210	27322	26903	27063	27057	27055	27267	26791	27034	27135	27036	27063	27111	27162	26868	26950	27049	27140	27054	27106	26987	26974	27179	27173	26974	26719	27318	26897	26793	27140	26988	27007	27077	27168	26963	26981	27099	27103	27082	27148	26973	26898
8000000.0001	26446	26679	26741	26707	26654	26738	26442	26721	26723	26537	26755	26792	26713	26635	26816	26414	26614	26861	26545	26805	26689	26672	26696	26493	26641	26645	26666	26675	26473	26585	26399	26790	26675	26789	27088	26771	26669	26694	26617	26839	26710	26548	26679	26732	26651	26844	26715	26765	26706	26671	26732	26639	26507	26567	26695	26754	26821	26774	26893	26627	26708	26691	26615	27078	26909	26681	26599	26728	26519	26562	26688	26984	26543	26807	26723	27056	26716	26585	26945	26847	26981	26869	26640	26498	26844	26350	26633	26799	26692	26744	26720	26751	26621	26680	26665	26608	26711	26507	26663	26657
8000000.0001	26146	26452	26292	26391	26289	26304	25975	26204	26180	26439	26401	26392	26620	26248	26103	26420	26317	26402	26649	26132	26520	26799	26572	26400	26170	26491	26552	26334	26243	26184	26343	26199	26271	26576	26539	26429	26449	26532	26437	26369	26563	26284	26481	26451	26749	26435	26445	26434	26339	26513	26353	26650	26366	26160	26483	26433	26178	26111	26036	26426	26516	26526	26395	26481	26457	26091	26167	26214	26501	26219	26261	26408	26440	26483	26438	26633	26320	26493	26291	26557	26248	26556	26068	26521	26207	26238	26344	26111	26407	26014	26099	26190	26309	26237	26543	26223	26247	26790	26445	26619
8000000.0001	26085	26131	25859	26019	26070	26225	26457	25845	26194	25990	26067	26306	26150	26070	26049	26253	26169	26008	25934	25614	25963	25861	25988	25984	26287	26437	26310	26167	26063	25906	26210	25986	25725	26094	26326	26089	26215	25883	26154	26326	25829	25778	25951	25989	26064	26001	26276	25856	26006	26033	26206	26260	26084	26560	25987	26207	25717	26144	25939	26303	26144	26156	26020	25998	26019	25829	25938	26097	26089	26497	25891	26137	26194	25995	26128	26185	26069	25869	26168	25883	25999	26198	25994	26405	26140	25846	26301	26193	26173	26007	25918	25882	26207	26014	26387	26319	25786	25702	25874	25972
8000000.0001	25613	25563	25758	25781	25582	25749	25891	26172	25807	25422	25586	25604	25762	25540	25532	25891	25647	25848	25778	25677	25601	25648	25743	25860	25793	25617	25526	25679	25619	25729	25689	25736	26135	25539	25799	25578	25625	25722	25757	25629	25712	25548	25966	25744	25939	25765	25638	25991	25483	25996	25811	25637	25943	25832	25885	26148	25928	25606	25543	26092	25682	25814	26014	25672	26275	25447	25895	26014	25768	25972	25839	25869	25592	25744	25640	25814	25929	25740	25785	25750	25640	25622	25710	25713	25833	25613	25420	25920	25859	25824	25384	25924	25637	25473	25685	26025	25780	25707	25523	25590
8000000.0001	25400	25331	25158	25416	25332	25442	25293	25382	25379	25734	25450	25469	25630	25381	25421	25148	25586	25544	25437	25404	24972	25140	25542	25647	25256	25749	25611	25224	25387	25468	25578	25576	25268	25300	25362	25397	25379	25658	25588	25598	25547	25505	25559	25462	25642	25554	25456	25387	25535	25536	25499	25388	25358	25682	25248	25408	25627	25531	25552	25601	25414	25423	25434	25514	25403	25454	25607	25668	25608	25317	25185	25389	25531	25639	25518	25541	25504	25381	25441	25358	25858	25330	25284	25789	25528	25466	25501	25319	25508	25338	25332	25538	25299	25509	25495	25567	25442	25570	25379	25244
8000000.0001	25128	24874	25543	25125	25123	25287	25081	24975	25358	25145	25060	24989	24954	25212	25195	25269	25213	24996	25167	25041	25111	25067	25303	25024	25165	25215	25292	25304	25412	25019	25151	25347	25139	25144	25408	25057	25259	25048	25511	25488	25110	25268	25239	25280	25280	25205	25024	25241	25004	25031	25022	25015	25316	25373	25272	24879	25339	24966	25151	25537	25023	24856	25227	25450	25091	25241	25060	25064	25307	25246	25366	25460	25229	25605	25192	24988	25069	25130	24936	25117	25211	25040	25559	25136	25325	24992	25356	24954	25013	25192	24854	25084	25169	24968	25142	25217	25279	24915	25037	25299
8000000.0001	24952	25063	25177	24970	24756	25220	24704	24684	25166	24752	24676	24870	24692	25113	24945	24845	24745	24787	25037	24787	25019	24649	24910	24994	24978	25103	24894	24987	24785	24980	24736	24760	25045	24916	24706	24991	25140	24765	25103	24833	25220	24741	24819	24789	24799	24838	24642	24865	24653	24893	24974	24599	24941	24842	25139	25096	24780	25041	24934	25045	24919	24985	24922	24825	25083	24888	25163	24955	25296	24830	24884	24905	25198	25361	25056	24863	25022	24904	24859	24788	24826	24880	24964	24823	24711	25089	24726	25008	24858	25234	25091	24757	24958	24898	24959	24887	24985	25138	25118	24985
8000000.0001	24706	24611	24278	24632	24635	24614	24688	24747	24587	24756	24997	24591	24857	24685	24673	24536	24380	24454	24543	24855	24507	24436	24841	24692	24695	24706	24735	24761	24783	24805	24708	24729	24892	24692	24673	24613	24940	24729	24683	24664	24539	25102	24591	24781	24515	25081	24636	24975	24475	24606	24835	24517	24806	24399	24718	24772	25039	24684	24999	24723	24504	24754	24725	24620	24403	24500	24718	24692	24667	24844	24650	24908	24598	24589	24645	24770	24461	24956	24902	24172	24580	24735	24897	24545	24908	24667	24515	24669	24498	24815	24670	24453	24499	24836	24645	24385	24769	24718	24674	24698
8000000.0001	24349	24360	24403	24435	24396	24225	24120	24522	24562	24411	24242	24414	24325	24386	24205	24650	24460	24331	24078	24390	24331	24468	24681	24291	24486	24680	24590	24218	24352	24308	24598	24195	24385	24387	24250	24048	24493	24473	24184	24204	24089	24423	24521	24452	24643	24706	24410	24377	24282	24521	24425	24406	24380	24577	24597	24483	24280	24738	24439	24345	24586	24380	24361	24650	24441	24503	24431	24466	24452	24404	24477	24463	24332	24375	24250	24593	24540	24616	24388	24483	24400	24548	24493	24505	24425	24533	24659	24338	24325	24413	24396	24491	24583	24609	24265	24387	24526	24408	24183	24214
8000000.0001	23982	24016	24148	24203	23975	24334	24258	24391	23892	24157	24058	23989	24151	24225	24335	24065	24342	24429	23990	24430	24253	23806	24453	24244	24094	24189	24264	24158	24059	24171	24431	24302	24017	24075	24008	24377	24331	23907	24463	24336	24100	24257	24158	24337	24397	24345	24341	24042	24110	24429	24405	24330	24287	24130	24278	24182	24169	24060	24548	24394	24109	24092	24334	24302	24378	24265	24167	23936	23861	24460	24064	24232	24299	24253	24238	24113	24071	24091	24506	24260	24647	24412	24158	24311	24042	24051	24446	24014	24352	24042	24402	24236	24290	24403	24095	24205	24263	24391	24292	24562
8000000.0001	24109	23916	23972	23916	24370	24108	24054	24045	23944	23876	23912	24174	23886	24181	23985	24179	23952	23941	24006	24152	23866	24200	24049	23675	23849	24103	23906	23962	23909	23677	23964	24024	23845	24166	24024	23884	24157	23908	24008	23892	24010	24117	24049	23796	24265	24108	24034	24172	23874	23780	24032	23655	24130	23917	24085	24094	24072	24075	24006	24146	23912	24160	23839	23951	24037	24120	24074	23993	24045	23905	24163	23989	24044	24005	23886	24191	24044	24105	23919	23989	23988	24074	24179	23986	24013	23778	23734	24195	23825	23949	24230	24074	23588	24181	23899	24268	24005	24285	23968	24064
8000000.0001	23875	23510	23958	23705	23820	23638	23830	23723	23708	23791	23797	23779	23772	23841	24032	23831	23655	23699	23770	23918	23802	23941	23620	23479	23849	23837	23972	23643	24121	23511	23663	23736	23870	23851	23840	23735	23719	23653	23946	23821	24167	23834	23794	23521	23874	23674	24106	23587	23721	24068	23831	23342	23693	23728	23778	23668	23755	23629	23675	23803	23996	23848	23807	23889	23727	23871	24027	23912	23749	23741	23725	23802	23682	23975	23472	23792	24016	24032	23701	23835	24022	23819	23689	23850	23886	23712	23677	23975	23636	23887	23765	23647	23725	23949	23711	23819	23770	23625	23549	23793
8000000.0001	23597	23502	23805	23560	23776	23665	23607	23668	23794	23635	23915	23545	23418	23253	23629	23541	23807	23775	23759	23471	23596	23710	23725	23524	23748	23868	23620	23635	23690	23513	23635	23430	23424	23574	23747	23715	23719	23549	23628	23582	23801	23573	23624	23519	23584	23950	23685	23725	23315	23613	23620	23501	23565	23905	23662	23606	23772	23489	23626	23690	23638	23548	23657	23604	23735	23644	23663	23420	23506	23602	23971	23519	23818	23705	23626	23894	23559	23468	23574	23641	23714	24033	23558	23803	23614	23672	23479	23831	23638	23587	23369	23598	23221	23527	23829	23432	23212	23884	23380	23331
8000000.0001	23313	23545	23440	23387	23472	23478	23396	23181	23906	23167	23319	23665	23434	23257	23554	23343	23235	23265	23348	23717	23472	23372	23419	23493	23341	23333	23484	23547	23528	23300	23342	23303	23571	23416	23316	23686	23363	23800	23460	23552	23312	23496	23363	23473	23496	23647	23348	23606	23136	23410	23697	23624	23452	23553	23223	23520	23602	23263	23601	23282	23745	23460	23276	23602	23457	23566	23320	23399	23586	23439	23448	23504	23415	23632	23653	23148	23625	23436	23269	23690	23243	23261	23326	23439	23479	23468	23172	23496	23296	23313	23454	23401	23503	23461	23507	23526	23504	23529	23309	23489
8000000.0001	23212	23373	23124	23107	23124	23307	23423	23178	22975	23419	23077	23308	23315	23190	23488	23119	23166	23203	23114	23299	23444	23236	23231	23409	23148	23167	23187	23155	23266	23277	23173	23397	23371	23447	23169	23421	23469	23334	23132	23312	23367	23297	23370	23027	23111	23142	23167	23219	23494	23533	23060	23149	23230	23465	23076	23445	23234	23208	23162	23343	23138	23536	23253	23175	23370	23252	23395	23549	23156	23402	23416	23055	23184	23350	23416	23190	23229	23245	23412	23366	23303	23160	23528	23384	23188	23380	23330	23717	23706	23466	23458	23483	23113	23046	23184	23003	23565	23461	23163	23274
8000000.0001	23257	22978	23137	23133	23160	23297	23244	22858	23198	23232	23148	23187	22928	22968	23179	23163	23127	23335	23042	23113	23371	23089	23048	23177	23098	23102	23300	23372	23266	23049	22932	23160	23088	23027	22752	23234	22946	23311	22958	23154	23093	23220	22829	23059	23214	23339	23061	23252	22899	23258	23206	23208	23317	22935	23345	23449	23208	23265	23280	22997	23167	22853	23096	22969	23172	23425	23228	23303	23222	23395	23468	23134	23648	22973	22885	23272	23108	23241	23126	23298	23093	23219	23188	23057	23268	22957	23115	23165	23289	23008	23030	22764	23262	23096	23378	22974	23121	23400	22896	23259
8000000.0001	22989	22788	23173	22884	22874	23041	22967	22867	22964	23208	22699	22839	23152	22894	23029	23081	23091	23045	23120	23194	22820	23061	23158	22971	22914	23096	22825	23095	22879	22840	23067	22880	22984	23135	22899	23230	22811	22997	23178	23100	23095	22765	23171	23019	23265	23100	22934	23054	22922	22864	22896	23087	22813	22922	23076	23073	22989	23166	23388	22931	23084	23048	22993	23124	23155	23007	22890	23173	22910	23172	22850	22879	23080	23195	22866	23347	22828	23035	22975	22982	23077	23204	22797	23049	22991	22947	23075	23028	22920	22913	23084	22960	23330	22928	22944	22898	23098	23045	22967	23097
8000000.0001	23142	22885	22732	22787	22878	22782	23010	22935	22974	22924	22699	23039	22825	22793	22873	22819	22688	23012	22898	22875	22835	22941	22886	22983	22615	23013	22989	22629	22836	22813	23026	23122	22809	22777	22942	23050	22913	22805	22737	23041	23013	22551	23014	22748	22819	22998	23110	22892	22825	22947	22875	22765	23012	23262	22622	22822	22988	22980	23109	23307	22608	22956	22941	22958	23044	22372	22861	22972	23042	22928	22834	22923	22778	22936	22927	22961	23193	22948	22924	23143	22914	22539	22929	23204	23010	23016	22617	22902	22898	23027	22945	23037	22817	22965	22976	22737	22813	22992	22975	23055
8000000.0001	22880	22942	23068	22513	22744	22994	22902	22673	22540	22707	22821	22815	23042	22788	22658	22793	22468	22720	22848	22747	22952	22924	22579	22773	22412	22604	22901	22882	22676	22734	22865	22835	22757	22557	22955	22693	22649	22890	22896	22918	22718	22954	22825	22712	22669	23003	22623	23077	22884	22735	22862	22758	22552	22777	22721	23036	22859	22892	22920	22870	22582	22796	22845	22840	22645	22928	22817	22665	22853	22696	22521	23080	22787	22780	22809	22687	22755	22708	23075	22742	22754	22829	22909	22839	23297	22863	22957	22992	22683	22900	22837	22633	22763	22785	23076	22649	22889	22879	22703	22896
8000000.0001	22655	22595	22724	22658	22690	22753	22663	22937	22725	22781	22814	22789	23078	22698	22906	22737	22875	22370	22412	22682	22777	22659	22802	22891	22750	22792	22555	22704	22704	22952	22966	22856	22651	22523	22740	22766	22728	22800	22678	22435	22677	22605	22840	22573	22868	22649	22521	22857	22535	22429	22856	22697	22488	22637	22771	22846	22724	22853	22713	22919	23014	22870	22505	22602	22407	22791	22744	22608	22712	22533	22822	22728	22919	22666	22866	22709	22872	22831	22437	22577	22739	23004	22740	22654	22939	22607	22780	22720	22924	22793	22863	22813	22692	22948	22762	22885	22795	22837	22484	22784
8000000.0001	22785	22309	22455	22722	22821	22522	22631	22521	22841	22475	22765	22751	22423	22661	22546	22522	22480	22719	22771	22669	22789	22894	22741	22398	22783	22988	22424	22926	22749	22721	22783	22567	22836	22775	22562	22588	22764	22352	22679	22650	22910	22686	22321	22624	22944	22982	22652	22574	22554	22530	22678	22896	22336	22641	22752	22767	22662	22659	22590	22712	22972	22673	22585	22554	22528	22718	22798	22433	22564	22606	22777	22517	22779	22872	22719	22779	23134	22434	22766	22902	22616	22361	22516	22802	22639	22576	22776	22779	22797	22535	22524	22265	22573	22819	22713	22655	22667	22482	22775	22520
8000000.0001	22681	22637	22517	22569	22472	22247	22615	22474	22381	22475	22420	22613	22887	22774	22549	22628	22606	22615	22513	22594	22777	22686	22535	22560	22684	22445	22691	22556	22372	22471	22406	22524	22672	22469	22590	22476	22434	22702	22599	22347	22406	22550	22390	22711	22402	22743	22603	22333	22783	22775	22283	22650	22661	22481	22649	22537	22393	22495	22899	22764	22408	22817	22674	22505	22536	22706	22839	22762	22513	22689	22649	22689	22623	22373	22426	22748	22540	22768	22623	22300	22629	22744	22714	22810	22506	22891	22251	22467	22447	22589	22685	22546	22402	22526	22605	22351	22428	22654	22757	22385
8000000.0001	22971	22627	22607	22468	22666	22680	22762	22645	22519	22805	22561	22592	22508	22697	22622	22398	22790	22637	22473	22732	22575	22613	22620	22644	22627	22401	22369	22289	22610	22168	22479	22631	22575	22521	22542	22510	22516	22583	22556	22577	22559	22790	22673	22526	22500	22479	22536	22640	22660	22702	22396	22628	22548	22690	22840	22716	22413	22371	22535	22815	22333	22816	22674	22712	22779	22916	22669	22699	22635	22692	22744	22595	22554	22708	22533	22570	22676	22579	22492	22575	22629	22806	22464	22494	22321	22442	22502	22517	22526	22543	22730	22491	22478	22609	22584	22581	22786	22484	22768	22513
8000000.0001	22522	22510	22500	22508	22358	22869	22559	22594	22343	22803	22753	22719	22775	22696	22401	22375	22584	22517	22687	22780	22501	22799	22653	22694	22546	22854	22801	22610	22465	22567	22598	22647	22368	22651	22642	22514	22610	22784	22606	22772	22591	22402	22590	22695	22626	22515	22412	22912	22501	22680	22929	22591	22962	22532	22564	22622	22783	22601	22502	22630	22549	22491	22502	22585	22408	22615	22547	22588	22537	22461	22460	22656	22784	22552	22629	22687	22474	22585	22426	22659	22294	22811	22774	22498	23014	22511	22709	22536	22610	22473	22709	22570	22632	22627	22540	22462	22566	22618	22450	22591
8000000.0001	22659	22906	22576	22619	22361	22829	22690	22570	22284	22624	22769	22820	22789	22527	22590	22490	22379	22362	22552	22630	22670	22758	22501	22536	22372	22647	22453	22593	22849	22529	22336	22750	22713	22660	22453	22699	22409	22419	22665	22892	22766	22661	22781	22508	22488	22763	22702	22635	22671	22846	22777	22585	22621	22451	22925	22441	22494	22437	22578	22666	22648	22481	22739	22647	22329	22829	22663	22810	22609	22516	22396	22583	22597	22738	22743	22434	22594	22759	22637	22739	22667	22517	22477	22496	22807	22783	22671	22692	22407	22898	22779	22827	22704	22566	22733	22679	22767	22353	22478	22746
8000000.0001	22535	22528	22813	22586	22820	22426	22785	22647	22525	22601	22406	22472	22582	22536	22657	22990	22600	22563	22655	22796	22450	22672	22422	22518	22593	22677	22824	22511	22717	22960	22569	22494	22494	22522	22658	22600	22612	22713	22842	22789	22742	22627	22520	22848	22889	22597	22651	22690	22821	22798	22429	22900	22668	22682	22629	22246	22421	22473	22567	22633	22390	22441	22572	22556	22395	22704	22924	22557	22693	22723	22456	22549	22758	22515	22475	22580	22768	22724	22684	22684	22848	22684	22547	22690	22529	22779	22451	22641	22567	22603	22649	22576	22735	23005	22695	22642	22775	22712	22721	22538
8000000.0001	22619	22779	22477	22794	22448	22624	22727	22705	22635	22609	22687	22655	22890	22817	22857	22685	22869	22887	22516	22683	22815	22667	22764	22582	22762	22810	22832	22818	22743	22546	22727	22463	22602	22553	22718	22762	22673	22811	22829	22837	22645	22746	22904	22712	22689	22911	22726	22782	22668	22838	22756	22716	22805	22700	22614	22623	22786	22894	22856	22900	22964	22406	22804	22641	22709	22833	22663	22546	22816	22932	22980	22862	22875	22512	22491	22624	22742	22636	22560	22918	22883	22742	22621	22910	22819	23047	22441	22892	22969	22830	22714	22901	22814	22674	22749	22588	23041	22883	22618	22907
8000000.0001	22805	22855	23020	22806	22938	22781	22716	22741	22888	22721	22962	22746	22747	22690	22772	22816	22678	22943	22566	22446	22785	22688	22761	22598	22857	22938	22796	22952	22716	22564	22722	22723	22511	23040	22836	22975	22634	22871	22741	22876	22531	22802	23026	22686	22732	22629	22787	22776	22758	22692	22818	22884	22699	22974	22860	22711	22870	23031	22884	22593	22882	22398	22587	22897	22751	23245	22807	22758	22929	22926	22782	22794	22906	22718	23034	22850	22713	22613	23032	22641	22968	23176	22887	22934	22760	22729	23035	23020	22552	22612	23012	22859	22967	22733	22825	22834	22987	22769	22929	22570
8000000.0001	22906	23020	22934	22830	22703	22732	22725	23139	22856	23090	23269	23083	23206	22969	23035	22931	22723	22885	22744	22616	22762	23029	22898	23204	23193	23049	22813	22929	22802	22836	23167	22868	22679	23278	22844	23053	23034	22781	23180	22859	22881	22782	22994	22666	22942	22674	23361	22923	23092	22759	22685	23165	23055	22986	22981	22846	22937	23110	22826	23215	22800	23174	22907	22859	22694	23014	23061	22725	23042	22789	22947	22987	22844	22992	23001	22777	22790	22540	23006	22925	22956	23013	23183	22721	23197	22605	23095	22967	23182	23136	22781	23087	22816	23099	23126	23168	22899	22893	23407	23031
8000000.0001	23214	22994	23176	23091	23158	23129	23021	23447	23008	23123	22951	23106	22954	23170	23240	23168	23279	23007	23033	23096	23084	22749	23422	23295	22874	23193	23198	22962	23229	23420	23073	22764	23017	23307	22966	22929	23044	23139	22985	23080	23267	23065	22982	23225	23178	23464	22840	23091	23072	23057	23145	23039	23179	23063	23223	23015	23224	23151	23025	23181	23105	23185	23279	22936	22910	23030	23332	23342	23090	23164	23176	23303	23135	23168	23288	23144	23264	23277	23055	23324	23032	23309	22960	23061	22938	23037	23254	23398	23147	23182	23178	23111	22997	23044	23020	23231	23104	22910	22942	23277
8000000.0001	23461	23162	23427	23239	23463	23433	23520	23245	23073	23473	23407	23307	23404	23333	23119	23168	23225	23269	23268	23329	23467	23414	23468	23231	23443	23396	22931	23225	23304	23274	23205	23064	23171	23100	23208	23212	23478	23551	23237	23487	23415	23329	23255	23489	23354	23484	23259	23327	23572	23034	23583	23504	23413	23388	23405	23507	23286	23230	23267	23379	23562	23433	23481	23367	23510	23163	22982	23126	23461	23463	23344	23094	23684	23134	23216	23413	23283	23134	23123	23567	23422	23345	23453	23441	23510	23371	23476	23128	23024	23480	23535	23516	23256	23536	23283	23099	23673	23309	23503	23609
8000000.0001	23585	23657	23355	23546	23699	23577	23531	23513	23464	23615	23559	23732	23621	23390	23442	23492	23364	23571	23541	23569	23721	23754	23546	23543	23431	23488	23362	23587	23482	23562	23637	23906	23605	23744	23625	23729	23835	23562	23404	23795	23578	23606	23529	23611	23297	23570	23684	23623	23875	23470	23753	23397	23665	23421	23656	23662	23414	23474	23210	23504	23640	23507	23689	23708	23705	23791	23752	23741	23533	23678	23732	23324	23554	23620	23480	23679	23443	23349	23458	23559	23518	23794	23130	23594	23711	23738	23566	23642	23467	23741	23358	23347	23575	23775	23635	23492	23453	23802	23453	23654
8000000.0001	24101	23920	23883	23976	24057	24011	24207	23822	23924	23760	23678	23909	24229	24084	23605	23629	24042	24209	23788	24032	23531	23847	23877	24202	23842	23985	23762	23857	23973	24277	24001	23933	23980	24098	23763	23557	24020	23916	23885	24047	23885	23869	24097	23938	23973	24019	23923	24057	24260	23847	24150	23960	23672	24005	24107	23809	24283	23811	23975	24077	23903	23541	23835	23719	23826	24145	24147	23996	24030	23970	23882	23913	23882	23897	23893	23922	24018	23919	23739	23898	23805	23681	24067	23973	23906	24070	23907	23636	23849	23807	23832	23889	23838	23828	23890	23908	23809	23955	23932	23733
8000000.0001	24421	24135	24323	24274	24597	24370	24540	24561	24233	24532	24153	24651	24446	24152	24307	24409	24417	24459	24313	24153	24508	24180	24405	24383	24481	24288	24053	24082	24350	24194	24291	24339	24298	24377	24630	24198	24627	24313	24435	24266	24641	24153	24465	24209	24599	24592	23999	24197	24389	24575	24262	24246	24539	24362	24443	24182	24479	24370	24257	24404	24084	24509	24338	24193	24433	24264	24369	24418	24241	24480	24479	24372	24393	24012	24483	24137	24465	24519	24211	24247	23997	24563	24153	24140	24169	24563	24543	24249	24031	24550	24404	24335	24285	24484	24339	24153	24394	24381	24442	24448
8000000.0001	25037	24981	24628	24739	24821	24805	24903	24642	25009	24870	24682	24795	25220	24607	25135	24687	24725	24744	24797	25030	24867	24800	24799	24641	24592	24558	24937	24781	24928	24634	24764	24896	24749	25034	24850	24665	24749	24780	24890	25058	24499	24787	24766	24925	24807	24825	24784	24885	24545	24430	24711	24662	24819	24736	24825	24512	24754	24960	24460	24931	25066	24983	24972	24671	25017	24704	24415	24618	24748	24791	24567	24931	24921	25117	24952	24557	24635	24628	24829	24853	24586	24726	24991	24559	24787	24774	24911	24799	24743	24871	24705	24921	24565	24688	24953	24714	24769	24719	24626	24796
8000000.0001	25177	25218	25350	25339	25362	25231	25157	25363	25374	25456	25268	25114	25252	25534	25684	25474	25570	25341	25293	25539	25278	25488	25448	25431	25229	25752	25614	25465	25371	25350	25545	25389	25284	25316	25152	25316	25440	25364	25388	25320	25404	25582	25211	25130	25391	25656	25497	25257	25647	25343	25367	25529	25274	25647	25412	25501	25400	25378	25598	25444	25518	25393	25533	25133	25392	25418	25258	25340	25550	25510	25207	25478	25318	25116	25434	25515	25810	25480	25297	25137	25304	25267	25260	25464	25571	25606	25395	25149	25340	25233	25366	25242	25430	25784	25369	25419	25439	25281	25335	25518
8000000.0001	26145	26083	25983	26024	26040	26064	26199	26125	26106	26316	25830	26055	26100	26047	26136	26109	25870	25823	25903	25783	26150	26047	26090	26171	26098	26148	26027	25967	25903	26022	26143	25968	25924	25907	25714	25925	25930	26185	26018	25610	26022	26161	25945	26081	25960	26096	26183	25931	26045	25982	26116	26019	26114	25790	26021	26011	25825	25994	26556	25894	26063	26027	25810	26022	26030	26186	26060	25947	26186	26126	26222	26144	26412	26078	26506	26009	26044	26035	25674	26173	26114	25866	26174	26121	25952	26150	25843	26062	26234	26297	26019	25971	25759	25864	26197	25799	26081	25846	25959	26011
8000000.0001	27054	26656	26844	26764	26891	26773	26513	27112	26658	26776	26682	26906	26587	27221	26874	26895	26952	27113	26959	27146	26663	26694	26362	26620	26992	26757	26496	26510	27001	26744	27075	26716	27179	26671	26429	27068	26688	26822	26952	26780	26425	26846	27048	26935	26979	26874	26816	26633	26749	26908	26990	27000	26532	26682	26975	26764	27031	26634	26813	27059	26870	26998	27094	26659	27133	26906	26952	26899	26887	26771	26623	26523	26851	27029	26887	27060	26910	26695	26738	26888	27044	26872	26496	26647	26767	26855	26794	26996	26956	26466	27058	27031	26752	27051	26862	26586	27221	26759	27042	26758
8000000.0001	27405	27519	27854	27677	28089	27670	28024	27848	27949	27751	27548	27880	27806	27513	27678	27853	27691	27711	27596	27772	27469	27685	27559	27496	27691	27598	27776	27461	27571	27735	27814	27696	27648	27755	27687	27593	27750	27824	27757	27841	27448	27551	27401	27457	27632	27891	27691	27408	27510	27951	27576	27711	27552	27619	27880	27741	27770	27914	27764	27487	27732	27722	27442	27659	27447	27314	28097	27360	27468	27777	27802	27549	27963	27764	28038	27576	27519	27673	27677	27678	27478	27890	27762	27499	27733	27690	28012	27816	27556	27898	28035	27909	27855	27499	27763	27881	27953	27633	27722	27589
8000000.0001	28930	28667	28545	28642	28630	28604	28376	28359	28578	28708	28544	28680	28825	28773	28234	28704	28503	28646	28837	28623	28688	28826	28565	28814	28624	28577	28874	28444	28936	28712	28410	28467	28587	28743	28535	28838	28588	28498	28518	28616	28700	28546	28719	28890	28635	28492	28727	28415	28841	28616	28180	28597	28632	28610	28496	28468	28408	28611	28843	28413	28663	28434	28659	28781	28698	28367	28606	28730	28651	28718	28689	28404	28944	28669	28652	28751	28605	28692	28793	28888	28458	28366	28752	28431	28545	28049	28547	28864	28576	28453	28445	28507	28465	28725	28777	28564	28315	28743	28481	28525
8000000.0001	29501	29603	29922	29945	29585	29395	29674	29520	29590	29444	29610	29577	29679	29523	29862	29792	29745	29497	29318	29593	29375	29970	29876	29651	29532	29366	29756	29641	29530	29553	29981	29541	30079	29605	30045	29534	29742	29455	29760	29678	30152	29566	29614	30024	29784	29485	29728	29920	29676	29694	29441	29648	30012	29710	29497	29423	29885	29983	29866	29593	29725	29862	29618	29678	29727	29533	29728	29479	29472	29622	29607	29424	29500	29841	29599	29705	29407	29961	29589	29472	29731	29665	29845	29658	29494	29634	29534	29827	29956	29608	29679	29685	29886	29613	29572	29727	29632	29947	30006	29371
8000000.0001	30442	30871	30962	30627	30909	30847	30846	30600	30746	30749	31078	30361	31017	30709	30658	30918	30944	30681	30405	30847	30787	30955	30469	30891	30432	30811	30712	30760	30340	30306	30712	30820	30663	30785	30682	30539	30600	30845	30690	30854	30884	31054	30693	30668	30688	30846	30852	30490	30497	30991	30720	30854	30854	30553	30479	30642	30847	30941	30595	30677	30586	30644	30849	30674	30844	30682	30734	30697	30901	30866	30779	30542	30870	30531	30327	31072	30772	30783	30895	30708	30946	30965	30875	30749	30693	30843	31127	30796	30655	30475	30521	31226	30759	30646	30548	30489	30472	30896	30870	30177
8000000.0001	32016	31934	32061	32260	32352	31686	31884	32340	31995	32088	32143	32103	32230	31965	31825	32114	32203	32131	31711	32130	31867	31665	31800	32067	31638	32206	31845	32246	31777	31904	32076	32128	31893	31960	31905	32256	31988	31831	31836	32211	32160	31914	31913	32236	31775	32064	32213	31771	32165	31970	31783	32404	32040	31753	31840	31819	31941	31825	31742	31774	31970	32009	31879	32222	31947	32000	32180	31866	32042	31813	32073	31751	31705	32140	31929	31711	31989	31783	32212	31726	32101	32034	32076	32123	31788	32015	31845	31879	31804	32015	32015	31883	32131	31995	31819	31830	31922	32267	32180	32352
8000000.0001	33487	33049	33149	33358	33165	33191	33381	33288	33140	33173	33249	33573	33159	33380	33046	32854	33168	32979	33406	33083	33272	32984	33401	33196	33353	33000	33247	32897	33550	33127	33232	33169	33256	32980	33405	33048	33387	33284	33173	33124	33318	33124	32978	33057	33457	33186	33383	33207	33223	33392	33265	33635	33421	33126	33077	33315	33148	33009	33272	33308	33184	33028	32768	33233	33428	33431	33121	33181	33046	33177	32893	33050	33173	33186	32964	33084	33095	33432	33324	33293	33108	33125	33048	33078	33051	33230	33050	33183	32877	33403	32986	33057	33290	33357	33150	33024	33596	32948	33222	33424
8000000.0001	34464	34862	34504	34868	34535	34745	34592	34462	34293	34519	34273	34473	34418	34359	34567	34378	34441	34426	34624	34359	34709	34611	34737	34496	34379	34757	34910	34580	34493	34456	34385	34141	34442	34606	34887	34167	34663	34589	34324	34337	34670	34466	34269	34659	34764	34445	34661	34546	34540	34321	34463	34759	34317	34157	34350	34688	34649	34467	34567	34555	34545	34478	34700	34324	34379	34447	34668	34686	34824	34634	34150	34332	34324	34413	34437	34277	34600	34494	34435	34291	34671	34448	34762	34721	34582	34567	34403	34410	34546	34356	34455	34619	34553	34481	34158	34051	34229	34595	34508	34322
8000000.0001	35729	35953	35876	36092	35932	35896	35449	35817	35753	35820	35519	35556	35625	35988	35882	35605	35476	35739	35782	35800	35519	35859	35731	36022	35624	35852	35783	35647	35709	35735	35781	35917	36020	35748	35527	35756	35816	35870	35517	35772	35814	35634	35615	35447	36081	35870	35595	35904	35787	35990	35694	35661	35484	35907	36058	36118	36161	35966	35818	35873	35649	35781	35989	35716	35979	36042	35734	35637	36034	35769	35734	36096	35822	35885	35737	35768	35803	35726	35569	35989	35966	36037	36022	36041	35897	36028	35701	35584	35704	35797	35603	35906	35617	35802	36020	35719	35987	35771	35934	35594
8000000.0001	37163	37075	36914	37385	37210	37016	36913	37236	37544	36959	37058	37165	37076	37367	36955	36931	37101	37036	36877	37059	36970	37160	36979	36880	36720	36840	36647	36979	36902	36897	37141	37019	37006	37275	37260	37268	37236	36884	37357	36940	36832	36928	37197	36806	36633	36990	36801	37010	36932	37251	37197	37179	36714	36879	37167	37321	37254	36917	36876	36974	36892	36707	36991	37027	37276	36768	37290	36775	37110	37030	36873	36877	36679	37551	37302	36952	37155	36841	37330	37345	36875	37047	37282	36892	36930	37194	36834	37188	37256	37052	37014	37013	37338	37002	37281	37361	36859	36943	37035	37377
8000000.0001	38197	38273	38415	38350	38172	38654	38303	38256	38580	38186	38193	38547	38175	38242	38116	38514	38276	38215	37974	38328	38383	38108	38271	38438	38150	38046	38096	38071	38322	38577	38355	38186	38499	38322	38318	38201	38317	38541	38308	38405	38347	38122	38376	38362	38156	38163	37987	38162	38258	38458	38234	38437	38307	38326	38125	38003	37690	38242	38379	38220	37959	38442	38287	38016	38368	38392	38204	38303	37923	38210	38044	38655	38196	37996	38492	38344	38137	38090	38174	38366	38260	38222	38111	38224	38109	38044	38221	38296	38028	38369	38166	38228	38544	38435	38060	38542	38379	38161	38147	38146
8000000.0001	39452	39519	39508	39370	39522	39493	39625	39652	39428	39375	39472	39512	39445	39485	39428	39371	39770	39431	39334	39843	39336	39950	39694	39380	39586	39453	39366	39594	39590	39454	39512	39767	39607	39480	39653	39588	39619	39438	39275	39482	39741	39451	39439	39374	39150	39615	39243	39417	39556	39772	39076	39683	39161	39183	39392	39741	39715	39594	39523	39527	39463	39524	39396	39641	39987	39608	39419	39318	39230	39648	39397	39382	39485	39460	39492	39675	39352	38927	39027	39616	39706	39426	39223	39476	39194	39613	39550	39448	39286	39760	39331	39709	39542	39453	39689	39683	39107	39643	39607	39209
8000000.0001	40534	40657	40312	40359	40245	40397	40267	40565	40380	40373	40281	40376	40588	40520	40413	40427	40463	40810	40281	40278	40264	40455	40852	40153	40220	40612	40610	40410	40279	40389	40817	40225	40565	40535	40474	40317	40125	40221	40341	40388	40614	40623	40252	40681	40606	40650	40586	40637	40321	40391	40293	40711	40484	40590	40454	40375	40424	40704	40736	40676	40498	40679	40709	40593	40561	40198	40432	40039	40435	40586	40327	40446	40321	40553	40764	40669	40523	40776	40273	40461	40572	40213	40602	40291	40515	40276	40315	40355	40555	40677	40413	40478	39869	40710	40909	40454	40663	40707	40387	40566
8000000.0001	41548	41140	41286	41541	41383	41719	41345	41450	41685	41244	41761	41337	41301	41600	41241	41086	41435	41364	41361	41611	41010	41496	41708	41207	41324	41126	41572	41587	40996	41580	41462	41379	41144	41375	41368	40981	41146	41181	41205	41626	41669	41453	41355	41393	41512	41657	41347	41630	41267	41163	41028	41462	41169	41412	41431	41628	42036	41206	41390	41283	41136	41322	41416	41141	41411	41339	41484	41318	41188	41469	40870	41425	41436	41216	41290	41377	41311	41471	41172	41414	41438	41517	41222	41761	41264	41938	41341	41370	41665	41318	41627	41427	41153	41356	41523	41584	41266	41632	41516	41417
8000000.0001	41950	42074	42040	41889	41946	41927	42306	42095	42265	42295	41875	42187	42309	42276	41871	42337	42155	42038	42215	41988	42167	42238	42181	42196	42071	42258	42105	42110	42345	42197	41773	41567	42279	42168	41864	42182	42375	41860	42027	41791	42193	42040	42211	41972	42293	42250	42106	41954	42160	42108	42093	42127	42288	41983	42060	42186	41818	42150	42417	42264	42646	42089	42141	42164	42086	42135	42148	42162	41931	42011	42041	41946	42320	41805	42542	42145	41927	41987	41908	42135	42384	42275	42176	41999	42303	42328	42374	41938	42633	42204	42354	42052	42213	42242	42231	41948	42365	41976	42348	42340
8000000.0001	43108	42860	42649	42794	42834	42710	42356	42837	42794	42700	43034	42640	42689	42849	42496	42386	42961	42736	43016	42616	42705	42672	42822	42836	42384	42587	42435	42900	42983	42997	42598	42795	42768	42412	42876	42453	42810	42817	42745	43034	42991	43220	42758	42472	42506	42978	42730	42656	42705	42637	42507	43080	42800	42521	42742	42455	42634	42489	42437	42841	42448	42511	42771	42490	43063	42762	42503	42776	42659	42658	42811	42722	42810	42455	43073	43137	42764	42679	42891	42802	42395	42619	42706	42671	42869	42639	42607	42404	42614	42753	42487	42686	42806	42561	42643	42930	42921	43041	42776	42873
8000000.0001	43386	43283	43384	43019	43173	43049	43291	42863	43100	43373	43049	43672	43159	43329	42840	42916	42940	43085	43172	43084	43220	43174	43320	43135	42870	43010	43295	42847	43260	43140	43124	43509	43003	43420	42854	43229	42822	43340	43209	43089	43238	42587	43345	43087	42932	43499	43293	43144	42926	43291	43047	43167	42971	43255	43188	42659	43432	43296	43036	43175	43577	42815	43689	43258	43182	43397	42879	42956	43137	42985	43001	43223	43320	43372	43240	43010	43176	43351	43087	43028	43166	43311	43568	43172	43321	43054	43419	43345	42977	42971	43196	43015	43088	43237	43200	43095	43052	43113	42893	43151
8000000.0001	43686	43689	43555	43703	43495	43536	43592	43614	43687	43851	43485	43505	43490	43679	43673	43631	43600	43806	43447	43657	43758	43614	43503	43716	43316	43767	43384	43546	43901	43637	43615	43403	43414	43537	43311	43015	43514	43368	43679	43249	43595	43947	43822	43478	43771	43787	43584	43280	43281	43957	43964	43435	43269	43791	43798	43571	43749	43378	43610	43561	43346	43630	43425	43631	43620	43755	43817	44182	43436	43473	43702	43557	43852	43391	43511	43519	43724	43489	43695	43580	43365	44069	43347	43501	43575	43516	43332	43391	43742	43457	43280	43788	43680	43514	43366	43364	43266	43542	43617	43639
8000000.0001	43943	44237	43621	43946	43888	43921	43731	43780	43913	43748	43992	44031	43666	43612	43905	43827	44055	43910	43952	43733	43789	43979	43892	43829	44154	44057	43800	43541	43894	43753	43913	43939	43719	44078	43976	44340	43668	43921	44034	44177	43863	43607	43979	43734	43897	43754	43873	43876	43553	43704	43791	43874	43919	44044	43941	43997	44177	43776	44035	44097	43975	43578	43656	44089	43641	44146	43928	43836	43824	43861	44113	44426	43417	43829	43728	43571	43940	44133	43548	43722	43794	44131	44128	44139	43585	43784	43753	44014	43839	44040	44162	43611	43707	43713	43813	43922	44016	43877	43936	43683
8000000.0001	44224	44213	44334	44059	44035	43737	43810	43972	44196	44007	44101	44019	44336	44088	44298	43986	44219	43854	43918	44171	44045	44294	44025	44151	43809	43828	44189	44328	44309	43875	44267	44204	44275	44079	44313	43847	44571	43951	44071	43982	44103	44144	44081	44010	44068	43586	43792	44014	44139	43783	44099	44115	44279	44197	44068	43809	44146	44042	44259	44017	44418	44300	43892	44086	44168	44010	44129	44116	43993	44298	43947	44032	43691	43594	44426	44366	44132	44192	44164	44162	43878	43919	44107	43874	43961	44055	43954	43894	43667	44176	44213	44529	44008	44245	43894	44253	43922	44055	44045	44148
8000000.0001	44320	44540	44373	44221	44295	44556	44155	44296	44268	44162	44280	44548	44108	44469	44530	44472	44361	44110	44013	44501	44494	44177	44336	44534	44243	44487	44134	44252	44234	44494	44508	44493	44522	43834	44277	44240	44149	44114	44600	44074	44433	44485	44031	44343	44229	44156	44329	44138	44636	44155	44441	44472	44486	44482	44314	44316	44399	44358	44414	43988	44108	44265	44113	43840	44515	44451	44288	44291	44156	44284	44167	44511	43935	44097	44250	44363	44360	44332	44426	44242	44278	44403	44375	44204	44489	44351	44182	44614	44491	44391	44270	44271	44442	44316	44091	44034	44564	44056	44714	43936
8000000.0001	44631	44428	44531	44326	44369	44229	44305	44298	44712	44576	44363	44449	44921	44230	44499	44250	44366	44647	44564	44436	44260	44511	44651	44379	44484	44140	44194	44716	44299	44457	44481	43816	44299	44734	44218	44610	44240	44144	44289	44013	44173	44351	44548	44185	44460	44129	44439	44542	44276	44462	44458	44116	44866	44171	44517	44193	44496	44219	44588	44451	44491	44315	44164	44462	44107	44504	44750	44358	44520	44262	43994	44118	44556	44251	44393	44661	44218	43981	44043	44429	44124	44787	44736	44500	44835	44308	44290	44508	44556	44289	44546	44763	44181	44446	44424	44278	44494	44622	44147	44407
8000000.0001	44767	44361	44097	44164	44606	44746	44516	44405	44563	44215	44583	44730	44234	44940	44343	44087	44626	44395	44223	44201	44544	44556	44716	43990	44140	44428	44372	44506	44368	44230	44348	44432	44152	44832	44270	44714	44260	44411	43862	44654	44266	44225	44969	44564	44555	44294	44580	44446	44648	44120	44508	44282	44352	44119	43923	44273	44392	44606	44531	44345	44220	44531	44499	44389	44278	44237	44568	44291	44125	44312	44194	44324	44738	44516	44483	44392	44348	44235	44612	44479	44486	44427	44418	44428	44274	44468	44615	44240	44378	44196	44577	44128	44339	44015	44544	44623	44346	44397	44491	44385
8000000.0001	44370	44393	44500	44222	44839	44146	44182	44084	44254	44027	44115	44507	44650	44667	44090	44172	44349	44239	44572	44448	44457	43936	44574	44385	44303	44556	44513	44397	44340	44093	44339	44333	44246	44252	44270	44046	44548	44223	44233	44605	44717	44143	44450	44568	44262	44857	44361	44509	44500	44398	44063	44462	43986	44118	44384	44411	44475	44814	44598	44508	44118	44492	44219	44520	44164	44649	44311	44524	44554	44563	44160	44308	44045	44137	44159	44269	43845	44080	44446	44070	44519	44246	44389	44025	44504	44561	44379	44083	44225	44538	44787	44565	44308	44740	44524	44397	44561	44352	44441	44148
8000000.0001	44065	43925	44102	44300	44289	44023	44004	44575	44244	44247	44183	44110	44090	44236	44142	44443	44439	44268	43908	44222	44166	44525	44468	44630	44446	44141	44661	44341	43998	44150	44220	44382	44081	44277	44453	44246	43975	44327	44326	44181	43726	44222	44149	44296	44546	43909	44005	44210	43978	44261	44005	44336	44107	44006	44635	44096	44379	44065	44148	43864	44163	44397	44370	44428	44149	44261	44344	44338	44300	44509	44045	44134	44187	44483	43909	44092	44454	44090	44299	44040	44162	44219	43962	43928	43727	44724	44132	44523	44161	44694	44352	43895	44212	44157	43807	44015	44150	44270	44336	44342
8000000.0001	44540	43772	44033	44077	44213	43708	43684	43870	44317	43859	44467	43656	44508	43913	44174	44140	44256	44316	43800	44369	43919	44101	43780	44519	43960	44021	44164	44161	44015	44187	43995	44148	43924	44130	43899	43941	44053	44195	44295	44058	44134	44318	44168	44118	44346	44064	43633	44301	44222	43985	44033	44333	44054	44235	44119	44112	43755	44353	43692	44110	43990	44195	44002	44114	44339	43758	43970	44393	44223	43887	43545	43736	44022	44253	44206	44161	44354	44076	44140	43941	43937	43721	44310	44367	44350	43883	44018	43949	44292	43612	44169	44093	44433	44247	43930	43727	44357	43928	44237	44124
8000000.0001	44152	43827	43966	43828	44463	43639	43912	44178	43709	44028	44275	43567	43755	43973	43933	43999	43934	43985	43920	43852	43932	43909	43985	43756	44241	43813	43599	43828	44012	43606	44036	44064	43943	44040	43489	43953	43945	43977	43933	43825	43781	43715	44004	44019	44171	43588	43635	43883	43823	43551	43917	44170	43611	43777	44187	43809	43867	43229	43716	43834	43975	43979	44156	44151	43824	43777	43762	43900	43915	43945	43273	43627	44080	43939	43885	44000	44126	43808	43823	43545	43997	43729	43565	43951	43950	43615	43851	43976	43679	43961	43857	44088	43780	43983	44249	43951	43738	43853	43787	44053
8000000.0001	43358	43634	43834	43444	43576	43451	43240	43346	43454	43777	43476	43913	43897	44176	43599	43585	43459	43812	43684	43541	43824	43122	43628	43697	43250	43475	43619	43625	43610	43616	43695	43928	43683	43771	43865	43903	43536	43664	43549	43180	43455	43405	43460	43296	43538	43515	43776	43175	43463	43667	43682	43467	43503	43927	43606	43954	43597	43491	43858	43444	43478	43292	43241	43234	43597	43347	43475	44031	43617	43916	43632	43577	43670	43737	43693	43482	43497	43348	44136	43768	43723	43847	43524	43842	43573	43518	43667	43408	43541	44079	43715	43392	43749	43434	43497	43829	43543	43350	43655	43645
8000000.0001	43387	43095	43032	43271	43341	43024	43302	43165	43699	43215	43551	43312	43076	43339	43440	42885	43399	43057	43496	43208	43556	43162	43425	43328	43226	43607	43371	43201	43611	43254	42975	43405	43519	43528	43215	43540	43109	43338	43797	43070	43378	43553	43334	42937	43543	42935	43149	43599	43031	43480	43258	43189	43573	43364	43515	43249	43066	43467	43311	43220	42963	43152	43350	42772	43846	43117	43353	42925	43554	43170	43310	43405	43297	43362	43281	42999	43207	43180	43339	43252	43461	43393	43433	43546	43236	43694	43140	43354	43410	43287	42976	43003	43297	43394	43271	43696	43540	43061	42669	43545
8000000.0001	42787	42833	42968	43074	42880	43093	43069	43301	43419	42668	43035	43141	42669	42858	42749	42942	43201	43008	42624	43074	42959	42859	42983	43223	43135	42502	42919	42988	42864	43349	42664	43115	42913	42926	42538	43244	42733	43343	43215	42776	43009	43016	43066	43185	43103	42717	43075	42611	43097	43080	42948	42925	43080	42866	42707	42982	43131	42457	42820	43326	42726	43389	42916	42932	42850	42932	43183	42897	43225	43190	42859	42854	42538	43361	42752	43016	42786	42943	43041	43239	43076	42921	42457	42903	42992	42532	42675	43050	43316	42817	43301	43194	42532	42970	42704	42818	42710	42950	42799	42997
8000000.0001	42511	42434	42384	42666	42399	42848	42640	42261	42520	42664	42779	42814	42391	42797	42266	42727	42462	42759	42524	42120	42431	42626	42894	42703	42599	42694	42690	42536	42725	42825	42767	42393	42743	42876	42659	42488	42478	42413	42719	42582	42609	42425	42880	42353	42343	42959	42486	42672	42420	42260	42645	42508	42430	42454	42716	42375	42617	42955	42457	42514	42840	42899	42512	42557	42298	42400	42413	42495	42355	42590	42624	42378	42220	42510	42563	42479	42790	42599	42700	42484	42701	42489	42828	42583	42757	42391	42759	42442	42470	42615	42684	42815	42557	42716	42925	42912	42491	42747	42484	42754
8000000.0001	41831	42281	42259	41838	42413	42175	42305	42331	42447	42159	42206	42012	42363	41998	41829	42056	42260	42007	42741	42347	42234	42011	42466	41973	41702	42344	42076	42382	42478	42209	42437	41970	42013	41780	42139	42558	41884	42207	41979	41993	42116	42163	42382	42340	42388	42346	42164	42338	41985	41776	42413	42236	42109	42090	42283	42101	42340	42302	41818	42266	42259	42046	42083	42405	42254	41891	42480	42222	42087	42249	41742	42685	42264	41829	41720	42168	42168	41940	42265	42087	42485	42098	42401	42097	42202	42292	41987	42012	42240	42003	42369	42232	42214	42569	41815	42521	42375	42268	42007	42136
8000000.0001	41665	41970	41691	41987	41756	41820	42041	41966	42108	41426	41692	41908	41771	41695	41584	41917	41603	41778	42034	41863	41808	41633	41764	41647	41707	41555	41733	41972	41924	41746	42275	41899	41905	41976	41370	41509	41681	41566	41948	41837	41715	41600	42019	41513	41618	41660	42023	41743	41600	41723	41622	41999	41892	41656	41631	41651	41445	41618	42086	41273	41930	41196	41680	41726	42157	41655	41842	41853	42037	41899	41432	41709	41533	41844	41748	41788	41695	41423	42185	41602	41913	41565	41683	41552	41845	41623	41678	41716	41814	41438	41816	42021	41619	41733	41803	41586	41792	41854	41876	41583
8000000.0001	41187	40885	41028	41249	41391	41222	40945	41352	41233	41204	41161	41495	41428	40900	41733	41596	41327	41515	41093	41372	41577	41124	41025	41421	41097	41229	41328	40933	41090	41629	41572	41284	41121	41446	40932	41021	41465	41209	41132	41185	41076	41046	41366	41032	41397	41366	41510	41167	41136	41269	41130	40969	41023	41266	41080	41180	41314	41693	41269	41300	41166	41417	41372	41349	41537	41271	41556	41164	41149	41077	41244	41269	41436	41434	41209	41322	41217	41606	41427	41282	41177	41234	41261	41227	41260	41114	41218	41078	41135	41485	41040	41210	41151	41337	41037	41425	41819	41124	41298	41343
8000000.0001	41029	40734	40967	40710	40786	41144	40879	41047	41012	40793	40800	40794	40793	40369	40945	40975	40687	40764	40927	40755	40760	40812	40987	41018	40793	41029	40835	40347	40933	40527	40761	40719	40599	41112	40922	40908	40818	40911	41179	41194	40683	40991	40675	40908	41062	40843	40872	40808	40836	40680	40781	40881	41252	40907	40460	41047	40836	40885	40862	40926	40513	41061	41234	40594	40546	40857	40466	40924	40840	40849	40699	41079	40943	40709	40862	40757	41021	40962	40981	40761	41069	41058	40442	40646	40681	40665	40889	40804	40699	40847	40679	40768	40780	40700	40546	40803	41149	40495	40974	40493
8000000.0001	40138	40264	40408	40356	40233	40217	40687	40485	40561	40347	40541	40468	40481	40596	40211	40382	40343	40108	40203	40240	39902	40226	40653	40323	40278	40390	40289	40232	40465	40482	40329	39994	40107	40167	40395	40064	40395	40415	40550	40304	40385	40093	40500	40203	40199	40090	40487	40801	40620	40187	39987	40314	40326	40334	40371	40283	40184	40279	40544	40536	40316	40319	40383	40015	40228	40571	40390	40241	40654	40451	40144	40455	40441	40298	40731	40487	39916	40122	40178	40111	40537	40691	40448	40306	40440	40408	40161	40291	40271	40460	40054	40106	40289	40043	40757	40253	40325	40294	40094	40323
8000000.0001	39976	39981	39932	40063	39522	39762	40167	39632	39757	39699	39595	39644	39835	39588	39812	39971	39994	39650	39808	39814	39545	40092	39631	39830	39658	39913	39899	40095	39754	40227	39728	39558	39482	39939	39913	39756	39690	39660	39861	39856	39612	39892	39322	40060	39544	39956	39770	39344	39505	40004	39611	39753	39694	39543	40110	39429	39682	39718	39597	39895	39928	39827	39937	39521	39992	39705	39520	39987	39675	39724	39856	39631	39623	39736	39534	39954	39630	39818	39666	39868	39591	40291	39541	39401	39711	40014	39217	39859	39880	39681	39667	39560	39826	39926	39752	39433	40017	39488	39738	39569
8000000.0001	38905	39311	39453	39132	39150	39365	39634	39188	39204	39002	39393	39502	38873	39292	39219	39510	39285	39428	39091	39230	39453	39485	39243	39578	39062	39029	39588	39372	39307	39332	39442	39210	38948	38863	38633	39343	39413	39987	39525	39484	39026	39210	39419	39398	39107	39514	39008	39381	39477	39153	39222	39188	39093	39512	39592	39256	39258	39061	39284	39475	39163	38819	39236	39193	38967	39285	39004	39498	39160	39431	39243	39372	39196	39163	39244	39077	39117	39380	39343	39258	39232	39472	39373	39548	39393	39028	39331	39001	39171	39398	39183	39111	39481	39320	39240	39204	39226	39371	39307	39248
8000000.0001	38884	38362	38752	38816	38933	38824	38653	38647	38762	38889	38543	38512	38790	38734	38835	38493	38703	38732	38519	38622	38543	38945	38410	39092	38478	38899	38654	38908	38644	38548	38824	38631	38876	38712	38954	38765	38362	38559	38490	38981	39050	38900	38851	38812	38795	38664	38474	38917	38622	38716	38747	38826	38899	38972	38872	38558	38506	38519	38506	39071	38500	39018	38858	38735	38797	38781	39075	38735	38919	38969	38786	38759	38914	38570	38389	39087	38630	38565	39097	39033	38580	38459	38606	38800	38780	39507	38849	38778	38926	38828	39126	38674	38461	38732	38579	38352	38837	38958	39014	38761
8000000.0001	38007	38287	37956	38400	38431	38239	38321	38218	38458	38031	38181	38378	38099	38026	37932	37819	37698	38260	38069	38037	38726	38727	38310	37835	38188	38321	38306	37882	38135	37888	37915	38438	38152	38521	38449	38152	38016	38152	38192	38267	38434	38202	38017	38295	37842	38176	38639	38060	38084	38369	38428	38289	38521	38340	38138	38317	38309	38102	38076	38130	37890	38184	38194	38511	38139	38005	38019	38223	37731	38187	38223	37990	38022	38006	38200	38131	37708	37838	38164	38065	38156	38091	38196	38156	37989	38057	38447	38171	38039	38269	37787	38192	38474	38006	38212	37971	38199	37980	38207	38044
8000000.0001	37395	37574	37482	37319	37534	37386	37589	37787	37910	37693	37867	37827	37444	37410	37603	37527	37754	37628	37246	37578	37441	37643	37458	37816	37638	38098	37789	37669	37878	37794	37636	37778	37286	37920	37443	37385	37614	37583	37750	37235	37641	37509	37786	37732	37548	37928	37704	37790	37990	37148	37506	37734	37658	37368	37654	37582	37370	37568	37810	37340	37539	37769	37868	37705	37676	37528	37753	37933	37513	37765	37275	37695	37781	37628	37656	37431	37256	37657	37436	37736	37725	37428	37750	37531	37682	37662	37496	37699	37660	37613	37492	37585	37355	37656	37547	37701	37495	37542	37898	37723
8000000.0001	37188	37164	36965	37165	36880	37209	37370	36838	37100	37456	36942	37126	37233	37309	36825	37017	36738	37025	37266	36996	37034	37160	37048	36893	37131	37051	36945	36901	36943	36746	37098	37102	37021	36906	37028	36961	36882	36815	36747	36840	37077	37054	37290	36888	37383	37033	37138	37036	37177	37095	36974	37214	37048	36881	37097	37355	36924	37200	37007	37294	36861	37052	37424	36991	37312	36708	36730	37001	36942	37543	37129	36966	37282	37346	37427	36863	37214	37185	36947	36635	37295	37188	37310	37224	36701	36902	36815	37085	37049	36942	36965	37027	36797	37402	37174	36914	37300	36864	37124	37136
8000000.0001	36663	36570	36724	36458	36548	36556	36794	36409	36601	36654	36489	36421	36881	36511	36296	36407	36617	36547	37008	36498	36758	36457	36644	36905	36583	36547	36434	36635	36582	36134	36467	36687	36848	36667	36509	36585	36439	36436	36603	36200	36658	36626	36531	36309	36309	36824	36525	36628	36140	36754	36534	36789	36288	36366	36799	36712	36090	36556	36349	36506	36676	36791	35869	36671	36551	36495	35960	36466	36662	36637	36640	36483	36586	36702	36334	36351	36373	36828	36453	36506	36704	36566	36610	36568	36655	36659	36591	36343	36583	36674	36747	36573	36710	36497	36267	36194	36595	36645	36244	36603
8000000.0001	35758	35682	35957	35999	35725	36101	35935	36048	35980	36231	35679	36410	35994	36038	36071	36004	36154	36018	35624	36092	35826	35757	35963	36011	35969	35814	35873	36236	36042	36037	36125	36378	36171	35800	36188	36058	35799	36353	35622	35943	36023	35920	35926	35921	35876	35922	36030	36061	36109	36020	36247	36025	36051	35429	35973	35901	35614	36061	35726	36136	35946	35713	35838	35730	36050	35940	35924	35815	36104	35911	35908	35900	35945	36398	35984	36007	35868	35985	35897	35873	35879	35935	36068	35828	36020	36241	35932	36109	35931	35973	36021	36206	35988	36016	35926	35878	36261	35862	35864	36196
8000000.0001	35555	35801	35471	35452	35326	35312	35488	35615	35862	35515	35676	35415	35426	35622	35523	35460	35599	35457	35243	35397	35274	35561	35360	35452	35402	35630	35275	35119	35366	35275	35450	35342	35466	35275	35362	35500	35500	35262	35504	35293	35517	35693	35452	35194	35179	34964	35005	35418	35389	35506	35622	35534	35394	35124	35175	35617	35310	35347	35332	35387	35499	35602	35418	35215	35089	35670	35226	35431	35803	35245	35590	35464	35442	35432	35328	35610	35294	35460	35240	35193	35425	35522	35361	35769	35369	35086	35495	35344	35373	35331	35255	35165	35488	35373	35372	35275	35435	35270	35178	35430
8000000.0001	34797	34767	34747	34886	34817	35032	34835	34824	35019	34892	34644	34288	34850	35090	34780	34685	34667	34925	35020	34662	35193	34565	35166	35048	35277	35002	34778	34571	34856	34881	34767	34786	34827	34818	35081	34950	34893	34872	35046	34954	34955	35110	34961	35115	34560	35154	34859	34728	34929	35073	34733	34542	34853	34795	35252	34827	34578	34595	35038	35004	34899	34958	34966	34722	34837	34832	34512	34945	35062	34776	34680	35031	34893	35223	34785	35128	34749	34934	34983	34634	34942	35114	34739	35005	35072	34714	34969	34580	34964	34979	34765	34774	34725	34868	34550	35039	34746	34585	34946	34713
8000000.0001	33943	34486	34670	34544	34262	34248	34142	34031	34147	34486	34414	34430	34006	34298	34197	34248	34225	34185	34567	34370	34247	34548	34389	34362	34461	34491	34247	34363	34696	34250	34410	34509	34253	34574	34383	34423	34356	34289	34373	34271	33955	34616	34349	34305	34231	34336	34430	34092	34022	34600	34376	34479	34145	34351	34353	34254	34749	34490	34352	34315	34039	34461	34018	34475	34264	34279	34264	34518	34353	34573	34034	34291	34231	34223	34309	34349	34210	33838	34566	34317	34319	34372	34308	34554	34142	34166	34496	34165	34366	34578	34603	34302	34394	34101	34228	34119	34140	34906	34413	34484
8000000.0001	33755	34190	33746	33887	33875	33945	33720	33425	33580	33922	33808	33961	33648	33921	34128	33874	33961	33855	33484	33789	33943	33750	33938	33887	33912	33908	33767	33853	33853	33759	33720	33854	33799	33745	33605	33720	33709	33599	33944	33897	33839	33746	33891	33693	33872	33978	33793	33855	33982	33882	33801	33702	34010	33637	33764	33816	33746	33952	33935	33932	33666	33847	33679	33845	33771	33833	33731	33691	33887	33951	33802	33954	33802	34138	33924	33880	33473	33742	33595	33721	34115	33965	33594	33930	33680	33866	33898	33779	33739	33675	34131	33534	33846	33644	33758	33815	33826	33736	33791	33524
8000000.0001	33499	33268	33087	33560	32888	33388	33126	33252	33273	33069	33427	33150	33530	32977	33036	33316	33363	33213	33283	33335	33543	33272	33025	33049	33284	33032	33684	32995	33326	33329	33354	33037	33168	33456	33262	33254	33539	33246	33439	33400	33301	33280	33147	33254	33456	33341	33256	33610	33361	33059	33380	33211	33400	33034	33264	33234	33400	33369	33104	33255	33274	32985	33016	33356	33314	33183	33287	33309	33157	33150	33349	33312	33221	33416	33156	33323	33231	33369	33207	33182	33061	33248	33315	33108	33761	32800	33014	33150	33260	33111	33380	33703	33364	32986	33320	33605	33246	33410	33102	33658
8000000.0001	32517	33081	32536	32756	32897	32804	32857	32746	33201	32795	32640	32709	32700	32884	32424	32551	32701	32868	32677	32754	32801	32584	32702	32719	32654	32546	32772	32909	32740	32896	32734	32646	32570	32763	32695	32635	32533	32640	33082	32821	32579	32954	32965	33277	32919	32742	32763	32494	32931	32453	32610	32452	32774	32793	32876	32640	32900	32440	32718	32412	32916	32724	32471	32789	32683	32743	33051	32942	32842	32845	33063	32567	32770	32810	32628	32774	32879	32650	32467	33278	32801	32689	32800	32824	32593	32924	32765	32401	32760	32641	32696	32718	32245	32732	32815	32554	32751	32553	32626	32839
8000000.0001	32202	32293	32076	31976	32291	32077	32021	32234	32307	32359	32238	32077	32327	31943	32025	31887	32377	32324	32549	32057	32293	32314	32295	31877	32232	32156	32357	32287	32115	32283	32432	32260	32196	32229	31917	32160	32288	32101	32328	32195	32087	31853	32372	32217	32465	32287	32245	32487	32521	31923	32410	32172	32232	32018	32165	32025	32083	31990	32307	32099	31850	32483	32415	32200	32243	32689	31783	32344	32225	31937	32716	32427	32130	32344	32063	32062	32484	32026	31986	32402	32635	32374	32380	32342	32338	32041	32342	32354	32257	32389	31963	32292	32355	32420	32264	32320	32348	32183	32206	32062
8000000.0001	31598	31554	31527	31712	31881	31503	31763	31742	31831	31775	31974	31948	31940	31752	31764	31766	31821	31858	31878	31788	31636	31723	31848	31668	31605	31803	31551	31568	31734	31506	31829	31734	31744	31407	31746	31696	31502	31720	31534	31586	31686	31526	32019	31551	31502	32104	31422	31441	31628	31809	31763	31615	31762	31798	31665	32115	31717	31576	31719	31743	31656	31950	31942	32029	31448	31755	31842	32001	31711	31569	31569	31729	31965	32049	31631	31861	31795	31691	31642	32000	31912	31509	31644	31273	31778	31729	31793	31872	31748	31578	31824	31618	31576	31766	31846	31557	31684	31873	31757	31637
8000000.0001	31367	31379	31136	31144	31419	31262	31469	30930	31125	31131	30899	31006	31220	31089	31350	31131	31346	31460	31286	31312	31351	31207	31137	30847	31010	30858	30874	31166	31000	30918	31143	31458	31709	31564	31748	31310	31245	31568	31281	31028	31289	31348	31229	31283	31321	31092	31043	31374	31239	31121	30802	31156	31334	31202	31165	31298	31578	31140	31095	31178	30959	31199	31446	31330	30950	31318	31344	31265	31328	31206	31336	31538	31210	31450	31247	31036	31487	31140	31205	31530	31215	31326	31491	31138	31066	31372	31299	31104	31260	31445	31159	31145	31173	31042	31593	31065	31166	31303	31559	31134
8000000.0001	31039	30981	30582	30965	31019	30801	30815	30900	30760	30645	30798	30717	30585	30827	30775	30810	30873	31189	30600	30835	30376	31030	30843	30960	30730	30948	30572	30956	30748	30695	30987	30552	30666	30701	30943	30831	30541	30725	30956	30549	30599	30706	30891	30558	30166	30815	30864	31045	30816	30664	30557	30800	30925	30891	30641	30690	30890	30907	30626	30672	30393	30466	31000	30854	30893	30593	30661	30735	30838	30392	31120	30651	30826	30837	31119	30822	30662	30877	30829	31077	30844	30942	30955	30964	30578	30883	30879	30816	31121	30690	30935	30633	30892	30513	30895	30560	30661	30838	30563	30929
8000000.0001	30505	30127	30467	30383	30289	30619	30379	30441	30212	30401	30223	30142	30505	30375	30386	30194	30170	30151	30396	30056	30341	30374	30234	30223	30030	30268	30603	30410	30507	30600	30254	30326	30553	30567	30223	30195	30326	30076	30248	30400	30164	30063	30576	30364	30374	30419	30569	30228	30239	30191	30239	30339	30208	30510	30453	30109	30560	30229	30256	30400	30191	30423	30412	30265	30322	30159	30345	30459	30340	30708	30369	30141	30102	30304	30382	30390	29985	30135	30574	30409	30463	30383	30070	30599	30077	30512	30169	30473	30513	30329	30414	30217	30653	30436	30327	30362	30334	30044	30263	30269
8000000.0001	29794	29640	30129	29785	29447	29839	30082	29673	30052	30198	29880	30035	29964	29396	30269	29719	29526	29764	29961	29575	29772	29889	29845	29782	29493	30312	30128	29989	29710	29944	29662	29913	29938	29754	30150	29879	29801	29872	29485	30082	29784	29888	29756	29928	30054	29727	29942	29870	29811	29844	29762	30090	29742	29875	29866	30048	29451	29789	29941	29782	29750	29943	29893	29994	29637	29853	29800	29986	29447	30156	29924	29837	29821	30164	30105	29838	29843	29984	29978	30106	29660	29937	30108	29337	30002	29951	29893	30052	29926	29845	29773	30048	30064	29752	30003	30093	29921	30068	29798	29648
8000000.0001	29012	29472	29449	29309	29065	29296	29564	29555	29623	29517	29613	29527	29560	29507	29305	29168	29422	29267	29384	29407	29331	29496	29379	29761	29369	29380	29513	29364	29546	29263	29697	29411	29628	29443	29568	29314	29490	29198	29295	29435	29150	29287	29369	29458	29311	29574	29601	29064	29449	29640	29499	29483	29109	29511	29554	29231	29513	29186	29934	29434	29295	29445	29632	29288	29330	29281	29218	29185	29445	29361	29792	29421	29460	29351	29324	29577	29317	29572	29278	29591	29615	29686	29446	29223	29255	29442	29745	29338	29441	29318	29373	29385	29440	29572	29233	29347	29625	29277	29465	29368
8000000.0001	28896	29044	28627	29208	28971	28929	28793	29236	28910	29130	29357	28979	28794	28847	28833	29016	29091	28827	28891	28878	28781	29058	28946	28835	29042	28921	28917	29316	28899	28735	28832	28734	28685	28861	28770	29182	29041	28857	29173	28948	29389	28979	29159	28854	28896	29112	29124	29210	29100	29075	28824	29160	29007	28883	28959	29108	29185	28858	28780	28732	28950	28995	29145	29119	29099	28645	29095	28959	28901	28834	29012	28925	28997	28840	29093	29165	29124	28847	28969	28949	28735	28935	28890	29183	28921	29410	28823	28908	28575	28860	28973	28599	28761	28890	28765	29064	28953	29211	29149	28911
8000000.0001	28554	28464	28690	28422	28715	28750	28544	28772	28452	28556	28415	28378	28835	28622	28403	28591	28686	28514	28985	28640	28768	28451	28843	28486	28525	28568	28315	28590	28697	28514	28334	28381	28291	28617	28336	28777	28749	27901	28294	28252	28701	28527	28611	28800	28527	28299	28758	28880	28503	28608	28537	28288	28702	28591	28909	28354	28604	28442	28490	28499	28556	28557	28502	28715	28579	28437	28778	28564	28705	28442	28633	28448	28818	28651	28829	28744	28522	28631	28793	28555	28715	28551	28589	28498	28687	28701	28578	28625	28619	28279	28451	28429	28516	28614	28132	28638	28675	28916	28840	28704
8000000.0001	28165	28206	28141	28174	28261	28320	28397	28520	28214	27860	28301	28439	28136	28269	27965	28108	28180	28242	27937	28358	27741	28580	28284	28300	28337	28331	28245	28204	28438	28166	28539	28474	28193	28119	28274	28023	28093	28448	27946	28110	28395	27881	28237	28289	28404	28201	28150	27964	27895	28167	28196	28161	28085	28046	27964	28138	28340	28162	28292	27888	28239	28139	28221	27904	28490	28273	28359	28144	28189	28149	28175	28150	28114	28057	28359	27914	28368	27977	27998	27899	28089	28429	28143	28140	27830	28200	28173	28287	27964	28210	28316	28266	28011	27918	28238	27718	28106	28023	28133	28161
8000000.0001	27734	27768	27791	28095	27714	27849	27719	27561	27566	27497	28044	27499	27786	27504	27895	27859	27734	27885	27838	27867	27668	28011	27701	27733	27883	27762	27710	28013	27941	27633	27637	28069	27662	27783	27959	28137	27578	27677	27712	27767	27920	28001	27741	28018	27590	28069	27750	27852	27543	27619	27683	27876	27931	27636	27895	28135	27955	27568	27998	27794	27490	27782	27827	27953	28108	27497	27481	28005	27718	27441	28336	27822	27779	27965	27632	27801	27778	27950	27665	27772	27784	27814	27665	27754	27798	27795	27717	27893	27744	27948	27734	27796	28013	27654	28074	27694	28067	27751	27907	27630
8000000.0001	27422	27344	27710	27043	27423	27505	27495	27359	27475	27594	27231	27287	27613	27826	27559	27381	27742	27185	27470	27389	27301	27390	27440	27318	27390	27330	27204	27317	27384	27710	27661	27064	27291	27280	27267	27655	27382	27250	27309	27430	27290	27321	27444	27562	27306	27216	27389	27228	27732	27289	27445	27552	27472	27325	27532	27402	27328	27314	27241	27328	27199	27317	27623	27750	27399	27490	27392	27754	27104	27472	27162	27378	27469	27398	27360	27561	27518	27300	27137	27317	27431	27431	27557	27453	27131	27386	27480	27466	27514	27188	27418	27388	27651	27320	27239	27641	27447	27371	27517	27361
8000000.0001	27041	27153	27018	27028	27129	26931	27128	27040	26874	27009	26734	27158	27253	26897	26913	26982	27241	26776	27131	27310	27253	27100	26871	26692	27216	26965	27109	26936	27333	26873	27263	26844	27209	27023	27033	27296	26944	26973	26990	27167	27000	27028	27177	27095	27277	27122	26748	27010	26727	27258	27167	27016	27081	26937	26922	26855	27060	26864	27161	27172	26759	26930	26812	26698	27025	27070	26971	27080	27113	26958	26844	26884	27098	26902	27049	27051	26954	27104	27004	27277	26863	26649	27133	26987	27027	27210	27068	27051	27009	27053	27050	27188	27180	26878	27263	26860	27147	27045	27144	27185
8000000.0001	26645	26520	26555	26730	27042	26715	26774	26771	26833	26702	26764	26831	26708	26559	26878	26751	26565	26716	26798	26656	26769	26762	26908	26540	26792	26386	27265	26917	26697	26757	26468	26461	26984	26358	26696	26366	26768	26972	26768	26641	26488	26782	26715	26544	26970	27044	26473	26939	27017	26778	26693	26689	26939	26572	26850	26520	26657	26650	26467	26877	26843	26390	27053	26560	26776	26709	26688	26658	26900	26748	26607	26686	26845	26817	26620	26888	26873	26472	26644	27032	26853	26535	26659	27101	26813	26670	26768	26702	26489	26781	26556	26850	26817	26536	26589	26435	26502	26817	26844	26810
8000000.0001	26008	26367	26488	26749	26497	26104	26262	26474	26290	26434	26318	26291	26243	26495	26339	26473	26286	26506	26468	26445	26604	26186	26389	26434	26264	26483	26429	26733	26191	26319	26512	26301	26731	26246	26367	26388	26490	26726	26315	26589	26227	26367	26340	26290	26443	26410	26395	26322	26374	26211	26178	26466	26383	26499	26512	26412	26127	26320	26530	26218	26607	26270	26376	26353	26216	26617	26308	26568	26279	26295	26444	26155	26369	26559	26475	25865	26320	26119	26497	26469	26366	26314	26566	26575	26254	26221	26386	25917	26290	26632	26481	26457	26537	26459	26194	26369	26485	26401	26800	26124
8000000.0001	25695	25934	25972	25903	26167	26046	26086	26289	25776	26116	25999	26191	26215	26106	26227	26205	26118	26138	26302	26194	26206	26145	26184	26060	25971	26200	25876	25869	26011	26103	26180	26074	26193	26146	25986	26168	25854	25579	26267	25886	26199	26037	25634	26300	25718	25953	26171	26237	26126	26070	26332	26188	25912	26142	25929	26383	26201	25522	26055	25874	25690	26227	26101	25851	25872	25953	26235	26115	26048	25953	26270	26060	26144	25906	26110	25728	26213	26309	25996	26304	25959	26026	26140	26429	26306	26035	26060	25838	26348	26117	26172	25917	25911	26049	26024	26127	25954	25979	26231	25797
8000000.0001	25371	25936	25882	25922	25993	25682	25649	25919	25691	25753	25668	25533	25834	25801	25703	25893	25572	25778	25830	25425	25986	25418	25727	25655	25549	25561	25641	25852	25834	25764	25185	25784	25714	25566	26141	25801	25627	25920	25689	25637	25861	25798	25619	25918	25804	25784	25990	25752	25893	25943	25690	25756	25610	25626	26031	25886	25998	25699	25609	25667	25211	25812	25944	25421	25578	25522	25608	25794	25881	25949	25631	26049	25819	25760	25961	25829	25584	25493	25726	25774	25754	25788	25707	25733	25486	25707	25839	25912	25695	25433	25513	25674	25905	25778	25665	25595	25611	25774	25712	25955
8000000.0001	25620	25322	25317	25400	25535	25590	25185	25676	25525	25420	25317	25497	25552	25457	25316	25482	25640	25296	25351	25739	25563	25524	25357	25622	25260	25301	25692	25525	25515	25413	25591	25387	25387	25458	25571	25393	25391	25360	25443	25266	25142	25456	25598	25302	25423	25498	25744	25388	25465	25332	25685	25568	25570	25615	25480	25559	25325	25301	25330	25471	25935	25610	25602	25264	25221	25371	25356	25303	25857	25515	25410	25145	25470	25562	25717	25336	25474	25506	25155	25217	25311	25762	25183	25157	25592	25424	25389	25467	25479	25449	25249	25345	25378	25645	25156	25191	25308	25322	25256	25439
8000000.0001	25090	24706	25213	24938	24832	25152	25359	25286	25223	25021	25405	25135	25015	25306	25141	24976	25266	24981	25379	25049	25178	25098	25138	25324	25149	24965	25321	25080	25190	25251	25281	25065	25077	25196	25150	25168	25204	25072	25267	25150	25249	25306	25410	25111	25179	25122	25369	25269	25146	25360	25190	25186	25184	25305	25098	25250	25080	25340	25057	25543	25029	25055	25137	25235	25144	25221	25158	24977	25277	25244	25293	25131	25263	25020	25239	25254	25401	24824	25184	24960	25112	25010	25173	24875	25119	25371	25128	25155	25027	25363	25058	25510	25112	25564	25015	25160	25394	25269	25168	25338
8000000.0001	24846	24774	25024	25090	24878	24461	25137	24847	24779	24326	24725	25199	24967	24890	24857	24760	25029	24650	24894	24891	24710	24788	24936	24916	25137	24777	25102	25187	24805	24922	24993	24901	24820	24993	24982	24822	24634	24908	25104	25192	25187	24767	25045	24986	24871	25056	24935	24855	25048	25056	24773	24726	24808	24875	25197	24867	25082	24751	24986	24942	24708	24844	24845	25093	24969	24599	24850	25062	24845	25355	24943	24839	24869	24981	24643	24873	24934	24840	24937	24603	24851	24718	25182	24813	24902	25100	25159	24956	24930	25016	24896	24645	24879	24739	24976	24804	25058	25112	24828	24998
8000000.0001	24641	24601	24665	24822	24391	24798	24825	24821	24465	24699	24898	24859	24795	24582	24790	24666	24942	24685	24564	24701	24687	24706	24826	24763	24902	24840	24522	24645	24480	24444	24598	24651	24506	24790	24463	24506	24467	24551	24786	24646	24524	24673	24404	24733	24758	24306	24582	24727	24843	24592	24600	24868	24781	24861	24762	24847	24484	24824	24681	24771	24859	24482	24740	24425	24550	24652	24417	24654	24619	24858	24772	24903	24693	24625	24817	24490	24804	24781	24695	24567	24547	24679	24474	24373	24427	24781	24671	24774	24785	24599	24605	24552	24481	24557	24899	24729	24733	24826	24647	24577
8000000.0001	24407	24323	24269	24346	24678	24387	24540	23958	24377	24506	24396	24441	24508	24526	24301	24395	24544	24620	24473	24549	24526	24462	24293	24323	24609	24429	24580	24486	24293	24187	24424	24256	24443	24422	24101	24055	24391	24539	24305	24554	24354	24346	24445	24614	24342	24383	24368	24451	24238	24506	24323	24550	24416	24077	24153	24671	24127	24285	24178	24339	24298	24503	24422	24343	24033	24293	24335	24546	24466	24175	24468	24725	24627	24162	24108	24523	24476	24471	24486	24507	24511	24282	24364	24502	24449	24558	24443	24497	24543	24336	24350	24260	24154	24435	24148	24572	24307	24368	24307	24506
8000000.0001	24037	24317	24334	24172	24087	24201	24095	24052	24129	24286	24309	24182	24053	24015	24228	24231	24423	24190	24143	24288	23966	24443	24287	24301	24318	24553	24045	24415	24118	24468	24359	24071	24266	24428	24323	24347	24223	24085	23868	24144	23983	24055	24328	24170	24275	24026	24129	24149	23985	24183	23992	24014	24593	23899	24177	24078	24263	24398	24076	24139	24150	24519	24543	24162	24122	24051	24232	24218	24239	24333	24028	24198	24135	24115	24176	23998	24389	24216	24195	24270	24256	24266	24331	24050	24219	24350	24005	24138	24013	24187	24239	24041	24277	24282	24036	24070	24342	24189	24169	24571
8000000.0001	23951	23941	24078	24209	24254	23922	24325	23911	23943	24067	24046	24074	24037	23823	23967	24125	24026	24181	23881	23920	23888	23922	24042	23765	24006	23860	24083	23985	23879	23840	24077	23848	23950	24021	23985	24154	23928	23718	23946	24181	24012	24009	23945	23946	23866	23999	23782	24147	23920	23880	23892	24177	23683	23845	23673	24090	23864	24151	24092	23798	24106	23984	24141	23703	23946	24099	23867	23914	23746	24129	24134	24074	24040	23867	24164	23902	24021	24104	23979	24150	23925	24222	24117	24084	23764	23831	24069	24021	24178	24072	24099	24102	24187	23940	24236	24254	23872	23607	23730	24060
8000000.0001	23770	23849	23581	23664	23857	23732	23629	23815	24136	23597	23650	23734	23950	23669	23725	23713	23669	23955	23965	23978	23524	23788	23870	23754	23846	23779	23819	24090	23818	23718	23650	23781	23595	23616	23903	23737	23768	23604	23582	23815	23646	24027	23543	23651	23532	23633	23946	24007	23338	23715	23961	23747	23711	24050	23450	23774	23935	23617	23900	23733	23718	23944	23717	23878	23786	23877	23559	23846	23633	23919	23802	23913	23607	23889	23884	23624	23931	23941	23731	23639	23765	23734	23751	23839	23893	24004	23737	23819	23665	23964	24198	23914	23736	23865	23838	23470	23748	23728	23638	23770
8000000.0001	23501	23598	23716	23681	23588	23586	23687	23354	23552	23446	23565	23592	23678	23453	23332	23663	23657	23203	23653	23634	23401	23626	23832	23796	23908	23584	23682	23420	23647	23728	23486	23821	23515	23744	23770	23650	23743	23243	23619	23470	23772	23207	23842	23626	23519	23905	23671	23723	23416	23860	23565	23647	23802	23526	23523	23737	23654	23711	23375	23283	23500	23510	23696	23660	23593	23495	23252	23345	23751	23808	23502	23520	23701	23578	23444	23729	23453	23696	23706	23451	23558	23388	23972	23664	23766	23433	23631	23823	23763	23671	23410	23621	23487	23867	23706	23417	23695	23771	23546	23817
8000000.0001	23490	23444	23361	23290	23533	23314	23435	23920	23402	23411	23509	23345	23476	23519	23454	23312	23290	23397	23372	23325	23599	23431	23473	23344	23507	23286	23732	23166	23364	23440	23381	23437	23477	23354	23538	23357	23463	23456	23493	23252	23368	23459	23650	23184	23560	23300	23414	23437	23580	23696	23321	23482	23258	23754	23401	23515	23547	23404	23479	23270	23952	23348	23126	23197	23382	23300	23443	23743	23507	23407	23505	23202	23485	23146	23265	23213	23346	23233	23537	23579	23379	23297	23445	23456	23567	23447	23460	23354	23504	23359	23156	23480	23597	23399	23425	23448	23148	23507	23299	23185
8000000.0001	23191	23172	23355	23361	23273	22945	23086	23186	23194	23119	23340	23473	23450	23157	23486	23020	23464	23253	23229	23233	23276	23432	23233	23254	23322	23131	23509	23198	23330	23098	23223	23143	23453	23250	23160	23143	23645	23290	23105	23180	23315	23232	23203	23331	23161	23219	23138	23201	23327	23481	23081	23280	22970	23217	23549	23296	23332	23319	23052	23287	23259	23322	23219	23272	23209	23192	23472	23385	23153	23021	23120	23211	23097	23282	23595	23219	23382	23425	23044	23113	23157	22985	23285	23214	23561	23147	23283	23185	23134	23378	23184	23379	23359	23306	23374	23083	23266	23221	23527	23274
8000000.0001	23103	23056	23113	23243	22967	22912	23305	23195	23088	23108	23367	23158	23360	22901	22869	23224	23575	22972	23173	22943	23321	23245	23444	23409	23400	23116	22982	23058	23347	23104	23509	23099	23179	23139	23188	23137	23203	23268	23185	22698	23394	22986	22985	23123	23048	23228	23070	23001	22915	23138	23122	22972	23327	23100	23217	23023	23142	23003	23240	22945	23152	23230	23194	23259	23156	23300	23082	23195	23066	23175	22897	23168	23075	23318	23091	23037	23014	23041	23147	22936	22815	22967	23173	23128	22851	23063	23301	23032	23337	23134	23098	23362	23368	23417	23119	23233	23015	23267	23162	23407
8000000.0001	22890	22727	22849	22806	22927	23176	23052	22855	22739	23133	23070	23007	22923	23017	23183	23095	23043	22923	22919	23084	22952	22920	23195	23115	23118	22885	23041	22928	23377	22872	22925	23239	23133	22872	22907	23421	23182	22810	22992	22837	23022	23065	22756	22975	23045	22839	23229	23167	23481	23113	22959	23100	23070	22883	22791	23018	23043	22970	23165	22940	23246	22960	22996	22929	22913	23042	22396	23024	22731	23266	23025	22936	23191	23027	22838	23038	23048	22680	22836	23010	22884	22947	23048	22952	22744	22947	22967	23165	22753	22778	22833	22643	23079	23042	22691	22787	23123	22864	23221	23097
8000000.0001	23145	23205	22842	22961	22654	23117	22808	22932	23272	22714	22717	22996	22786	22840	22799	23189	23050	23100	23153	22728	22876	22955	22795	22924	22766	22832	23120	22736	22868	22865	22893	23184	22918	23058	22952	22895	22974	22712	22810	23056	23026	22958	22873	22841	22817	22902	22938	22893	22885	22752	23273	22829	22934	22800	22915	22957	22766	23065	22710	22764	22578	23093	22824	23123	22850	23011	22835	23021	22812	22847	22798	22922	23046	22942	22897	23021	22996	22994	23139	22775	22890	22860	22858	22664	22961	23007	23008	22870	22781	22952	22929	22959	22835	22773	22839	22828	22623	23030	22924	22696
8000000.0001	22890	22755	22745	23081	22920	22867	22613	22819	22927	22810	22786	22672	22986	23022	22978	23043	22626	23021	22779	22963	22579	22740	22889	23008	23017	23132	22919	22710	22631	22627	22591	22963	22893	22915	22886	22809	22785	22867	22937	22872	22756	22976	22883	22738	22652	22753	22800	22573	22813	22927	22861	22430	22828	22833	22788	22953	22988	22749	22276	22590	22684	22664	23012	22806	22942	22962	22737	22699	23050	22857	22759	22765	22797	22878	22835	22597	22821	22986	22804	22921	22635	22975	22662	22597	22886	22828	22988	22756	22609	22951	22825	22859	23037	22812	22815	22665	22717	22866	22750	22648
8000000.0001	22377	22903	22948	22728	23012	22728	22432	22753	23013	22648	22826	22525	22665	22604	22967	22420	22556	22555	22482	22411	22814	23102	22823	22636	22741	22618	22590	22829	22624	22716	22811	22695	22707	22830	22722	22689	22306	22779	22761	22645	22576	22579	22702	22811	22599	22864	22883	22868	22752	22870	22867	22658	23000	22614	22572	22648	22672	22757	22940	23024	22812	22472	22681	22838	22617	22714	22378	22902	22543	23019	22527	22830	22776	22468	22748	22693	22641	22747	22888	22683	22822	22958	22706	22792	22513	22512	22809	22810	22624	22797	22600	22813	22747	22679	22846	22694	22915	22786	22605	22581
8000000.0001	22436	22709	22729	22579	22692	22674	22887	22639	22434	22543	22713	22585	22556	22881	22724	22699	22929	22718	22782	22868	22849	22942	22602	22786	22721	22811	22636	22854	22850	22692	22525	22542	22344	22696	22734	22794	22307	22589	22744	22871	22706	22582	22788	22657	22681	22619	22736	22965	22736	22503	22869	22724	22693	22705	22757	22656	22762	22546	22642	22785	22881	22659	22444	22575	22663	22795	22439	22701	22618	22873	22705	22803	22650	22706	22730	22439	22514	22519	22636	22599	22436	22643	22620	22711	22746	22515	22693	22448	22320	22782	22429	22406	22976	22835	22933	22405	22863	22732	22732	22632
8000000.0001	22736	22680	22404	22510	22921	22530	22677	22757	22351	22278	22428	22517	22654	22352	22644	22542	22979	22664	22774	22600	22595	22642	22380	22348	22813	22204	22421	22589	22838	22589	22423	22804	22307	22756	22489	22847	22490	22825	22495	22617	22668	22618	22721	22610	22514	22531	22416	22655	22490	22737	22349	22603	22770	22584	22554	22672	22690	22498	22825	22465	22620	22584	22538	22528	22563	22514	22633	22362	22767	22736	22594	22541	22798	22449	22771	22579	22372	22493	22413	22666	22718	22883	22375	22620	22499	22512	22708	22575	22601	22582	22642	22425	22821	22762	22673	22534	22523	22789	22859	22728
8000000.0001	22504	22285	22716	22569	22682	22363	22691	22368	22658	22607	22417	22515	22866	22948	22555	22616	22394	22823	22533	22638	22611	22594	22372	22658	22674	22403	22548	22337	22589	22670	22366	22560	22549	22754	22473	22361	22553	22290	22503	22311	22829	22646	22333	22506	22513	22442	22622	22739	22240	22578	22737	22345	22570	22593	22463	22779	22622	22647	22478	22641	22604	22410	22545	22755	22715	22515	22407	22253	22600	22367	22749	22722	22782	22392	22480	22462	22505	22748	22543	22381	22609	22804	22572	22541	22520	22481	22833	22266	22588	22562	22586	22880	22775	22544	22265	22564	22826	22776	22820	22726
8000000.0001	22506	22485	22736	22320	22606	22479	22645	22518	22461	22557	22343	22714	22767	22610	22379	22493	22430	22714	22793	22603	22667	22513	22469	22748	22776	22723	22710	22758	22516	22487	22634	22762	22888	22398	22532	22547	22742	22469	22663	22754	22671	22291	22777	22699	22437	22830	22648	22585	22591	22674	22752	22703	22783	22810	22777	22588	22577	22603	22413	22695	22585	22589	22407	22771	22511	22401	22466	22657	22433	22322	22678	22497	22575	22455	22569	22576	22475	22425	22432	22584	22380	22793	22780	22660	22560	22788	22681	22594	22963	22722	22749	22542	22540	22435	22459	22792	22549	22544	22481	22645
8000000.0001	22842	22637	22575	22771	22398	22805	22364	22812	22727	22775	22714	22617	22262	22543	22707	22503	22474	22539	22463	22525	22188	22914	22434	22529	22262	22502	22876	22632	22466	22648	22445	22686	22823	22821	22647	22772	22454	22419	22654	22572	22401	22811	22916	22574	22789	22468	22820	22506	22770	22558	22798	22459	22669	22518	22344	22862	22852	22421	22492	22777	22410	22758	22989	22864	22568	22722	22602	22781	22381	22719	22647	22576	22437	22498	22603	22738	22609	22623	22606	22551	22882	22706	22500	22573	22944	22630	22755	22632	22341	22552	22967	22636	22720	22698	22577	22658	22416	22615	22589	22658
8000000.0001	22582	22749	22562	22675	22616	22337	22467	22628	22610	22698	22718	22794	22398	22604	22592	22806	22658	22676	22693	22609	22809	22645	22972	22612	22633	22702	22549	22597	22482	22690	22827	22421	22621	22641	22550	22579	22600	22878	22659	22918	22722	22858	22735	22626	22587	22529	22804	22690	22604	22546	22665	22712	22740	22373	22850	22656	22360	22511	22643	22819	22503	22656	22317	22470	22837	22546	22502	22718	22656	22870	22589	22624	22750	22548	22419	22505	22697	22494	22507	22413	22625	22911	22638	22737	22679	22774	22509	22747	22458	22376	22521	22543	22526	22635	22654	22788	22575	22534	22778	22798
8000000.0001	22777	22889	22745	22700	22692	22558	22535	22889	22463	22610	22766	22900	22752	22820	22633	22777	22658	22653	22724	22795	22605	22678	22662	22538	22799	22789	22704	22759	22638	22593	22564	22726	22760	22752	22750	22574	22477	22943	22701	22716	22707	22766	22634	22644	22451	22296	22780	22868	22672	22850	22812	23153	22802	22710	22702	22646	22701	22770	22748	22564	22821	22666	22634	22716	22957	22422	22604	22709	22878	22907	22770	22940	22823	22729	22581	22501	22833	22546	22784	22802	22927	22522	22466	22408	22878	22733	22667	22469	22965	22740	22814	22814	22699	23034	22983	22904	22712	22623	22745	22588
8000000.0001	22880	22732	22720	23214	22831	23075	23033	22657	23198	22662	22550	22663	22935	22860	22561	22809	22970	23113	23081	22741	22806	22931	22715	22570	22680	23051	22895	22727	22688	22713	22521	22969	23085	23018	22797	22769	22887	22926	22722	22816	22705	23066	22656	22756	22880	22740	22834	23040	22710	22976	22714	22672	22825	22962	22847	22782	22627	22778	22900	22921	22938	22747	22987	22650	22852	22673	22807	22803	22570	22840	22725	22962	22852	23002	22744	22882	22559	22836	22863	23037	22605	22760	22928	22687	22542	22830	22791	22793	22748	22918	22964	22919	22577	22558	22840	22921	22536	22739	22991	22979
8000000.0001	22924	22704	23049	22872	22885	22974	22701	22826	23066	23229	23183	23127	22974	22983	23057	22904	23031	23148	22832	23052	22907	22785	23138	22917	22885	23072	22986	23002	23178	22874	22696	23009	23007	23173	23084	23102	23488	23033	23114	23065	22821	22884	23058	22943	22895	22804	23154	22724	22905	22943	23039	22950	22665	22622	23053	23038	22864	22860	23083	22998	22963	22868	23007	23087	22909	22989	22980	22645	23220	23000	22907	22996	22737	23106	22861	22934	22690	22930	23106	22955	23103	23130	23074	23068	22881	22799	22939	22989	23071	22908	23278	22904	22987	22770	22879	23105	22886	22848	22747	23052
8000000.0001	22946	23198	22940	23068	23059	23117	23104	23130	23088	23050	22746	23140	23064	23310	23107	22988	23085	22931	22998	23425	23166	23086	23324	23205	23426	23392	23347	23107	23015	23133	23088	23090	23067	22945	23050	22991	23028	23105	23103	23450	23296	23212	23117	23052	23167	23314	23019	23192	23307	23244	23151	23006	23164	22987	23239	23438	23076	23242	23130	22902	23117	23268	23023	23124	23349	23125	23115	22797	23346	23064	22871	23238	23249	22709	23025	23119	23048	23008	22969	23254	23429	23297	23345	23102	23498	23160	23244	23153	23077	23078	23043	23054	23127	23007	23097	23332	22801	22737	23125	23255
8000000.0001	23149	23530	23392	23300	23025	23299	23097	23565	23323	23641	23432	23356	23006	23172	23377	23252	23373	23319	23257	23281	23623	23235	23138	23047	23353	23102	23164	23319	23679	23282	23299	23249	23220	23162	23509	23302	23382	23461	23599	23530	23687	23770	23289	23288	23114	23348	23268	23617	23449	23332	23124	23452	23074	23317	23276	23058	23574	23302	23130	23102	22992	23640	23230	23228	23425	23454	23440	23261	23310	23504	23042	23435	23398	23146	23413	23168	23259	23206	23450	23441	23340	23278	23348	23271	23260	23222	23156	23563	23168	23196	23367	23138	23165	23246	23439	23370	23306	23274	23238	23391
8000000.0001	23703	23558	23527	23510	23506	23759	23654	23521	23506	23341	23237	23705	23752	23537	23422	23377	23474	23399	23649	23777	24034	23729	23492	23527	23392	23768	23402	23737	23912	23576	23776	23477	23749	23695	23792	23465	23351	23577	23535	23859	23386	23673	23696	23755	23489	23937	23569	23731	23731	23529	23504	23464	23460	23466	23582	23658	23580	23825	23570	23850	23373	23673	23532	23353	24004	23336	23707	23354	23565	23501	23433	23546	23690	23569	23406	23643	23644	23720	23777	23550	23680	23669	23490	23569	23298	23798	23642	23711	23418	23640	23718	23850	23626	23635	23804	23759	23454	23331	23504	23422
