2000	0	98.6215	-54.3472
2000	1	124.528	-169.06
2000	2	22.682	105.463
2000	3	-12.4467	-564.582
2000	4	-39.8382	-32.2847
2000	5	-72.5186	167.77
2000	6	-10.9251	491.045
2000	7	182.493	-381.833
2000	8	-171.406	-473.686
2000	9	-298.26	507.135
2000	10	118.995	-25.8171
2000	11	-24.837	101.947
2000	12	71.4999	-70.7171
2000	13	57.0049	351.797
2000	14	534.837	255.337
2000	15	-195.318	338.581
2000	16	-80.2428	-185.433
2000	17	158.079	232.806
2000	18	194.528	504.231
2000	19	359.174	611.848
2000	20	-114.931	-83.6341
2000	21	-93.1515	-191.852
2000	22	-210.186	-25.171
2000	23	-22.8469	-100.222
2000	24	-168.974	-666.562
2000	25	-416.892	59.1832
2000	26	-179.434	-398.04
2000	27	102.202	-175.543
2000	28	-102.575	197.941
2000	29	22.8789	179.89
2000	30	-179.711	-432.906
2000	31	-96.3806	260.558
2000	32	15.209	-268.271
2000	33	297.558	320.939
2000	34	177.067	221.209
2000	35	-184.544	582.531
2000	36	300.253	-380.315
2000	37	-34.535	-510.053
2000	38	-95.3434	171.47
2000	39	-248.301	548.961
2000	40	-408.921	-167.279
2000	41	-23.6458	219.847
2000	42	393.222	-10.924
2000	43	-1.13015	-178.135
2000	44	-4.61745	-148.991
2000	45	-140.597	382.181
2000	46	-2.37525	571.332
2000	47	-311.593	114.904
2000	48	-129.506	24.9591
2000	49	148.594	-505.334
2000	50	-315.375	72.1003
2000	51	6.05083	-125.706
2000	52	-163.76	-193.903
2000	53	3.27832	-65.5183
2000	54	76.9139	178.305
2000	55	543.214	268.077
2000	56	-181.304	480.755
2000	57	-24.2014	-264.415
2000	58	103.619	281.458
2000	59	-76.4716	437.451
2000	60	-178.971	363.944
2000	61	-148.744	-653.594
2000	62	-4.74591	-550.896
2000	63	12.3726	130.909
2000	64	3.2847	85.3499
2000	65	-68.9737	126.985
2000	66	56.2615	-0.713409
2000	67	71.6662	131.354
2000	68	-83.527	-6.39866
2000	69	23.8781	-548.814
2000	70	-45.6475	-17.4018
2000	71	-109.578	342.614
2000	72	-59.7467	-268.895
2000	73	-246.198	75.4273
2000	74	-77.2184	26.4747
2000	75	94.373	-118.159
2000	76	154.25	-588.492
2000	77	-138.376	-356.158
2000	78	34.0758	-404.936
2000	79	-64.4815	-176.139
2000	80	-250.732	143.835
2000	81	-140.747	-391.065
2000	82	-137.933	239.009
2000	83	138.997	-287.35
2000	84	308.196	-345.549
2000	85	-116.155	228.914
2000	86	134.414	-11.7591
2000	87	41.2205	273.101
2000	88	-78.0677	-336.65
2000	89	139.777	-818.547
2000	90	-206.388	-443.355
2000	91	339.05	-413.724
2000	92	-2.06961	-449.757
2000	93	-198.452	234.898
2000	94	121.618	283.014
2000	95	67.3363	509.867
2000	96	-139.007	-335.386
2000	97	-168.071	-298.763
2000	98	-83.3916	-400.643
2000	99	242.449	44.3411
2000	100	-139.082	-421.362
2000	101	-238.792	-166.805
2000	102	20.0666	182.014
2000	103	161.919	-244.537
2000	104	147.078	-95.8662
2000	105	-46.2356	-134.292
2000	106	175.746	358.676
2000	107	108.21	-207.311
2000	108	-18.797	-213.876
2000	109	251.029	-475.224
2000	110	-19.3775	-277.377
2000	111	302.408	410.548
2000	112	-61.148	120.511
2000	113	-57.8566	90.1483
2000	114	21.7298	-344.965
2000	115	481.728	95.395
2000	116	-154.263	347.159
2000	117	-144.349	-6.59957
2000	118	-29.4142	199.487
2000	119	75.1072	926.373
2000	120	80.4749	11.3242
2000	121	415.361	107.984
2000	122	-47.9615	-136.377
2000	123	-589.027	110.01
2000	124	-243.599	-309.534
2000	125	-32.3386	393.124
2000	126	353.465	90.4339
2000	127	55.7825	215.575
2000	128	-101.779	-510.311
2000	129	75.5091	-95.7194
2000	130	95.9151	370.502
2000	131	8.43231	647.307
2000	132	-65.3657	377.657
2000	133	-47.1255	291.146
2000	134	-24.8366	134.499
2000	135	-366.047	70.2852
2000	136	-54.0767	109.513
2000	137	225.174	-3.90095
2000	138	244.991	446.172
2000	139	-248.231	-85.4912
2000	140	90.5101	123.639
2000	141	-13.0178	222.118
2000	142	14.9942	-175.58
2000	143	-100.906	-236.517
2000	144	-170.895	-72.5137
2000	145	-66.9689	10.6771
2000	146	-10.2992	165.845
2000	147	-80.9776	412.148
2000	148	40.5756	-514.763
2000	149	-50.2026	277.032
2000	150	135.83	-268.618
2000	151	-154.892	-98.3706
2000	152	-109.273	184.47
2000	153	-144.359	-654.556
2000	154	18.2378	-67.2398
2000	155	394.022	337.239
2000	156	179.912	-221.259
2000	157	32.1107	127.138
2000	158	210.587	113.893
2000	159	155.458	92.3638
2000	160	41.3188	343.947
2000	161	144.536	-326.969
2000	162	-180.452	-42.2701
2000	163	265.79	-263.038
2000	164	51.7055	-298.228
2000	165	-137.212	-334.702
2000	166	-90.6074	-438.192
2000	167	-107.976	-36.0331
2000	168	299.828	380.222
2000	169	111.428	326.492
2000	170	-179.776	17.9592
2000	171	-54.4598	13.4258
2000	172	-20.308	-552.562
2000	173	319.367	140.673
2000	174	-41.6715	-121.647
2000	175	318.168	318.997
2000	176	-223.214	-6.26591
2000	177	-176.054	1.72321
2000	178	-94.3828	-42.6774
2000	179	88.3566	117.698
2000	180	-72.8612	293.994
2000	181	82.0472	328.254
2000	182	32.7964	75.3246
2000	183	636.375	300.434
2000	184	-138.383	164.82
2000	185	105.096	269.179
2000	186	-139.035	195.948
2000	187	-205.727	-123.436
2000	188	-85.8562	292.672
2000	189	260.596	447.144
2000	190	-216.755	-364.474
2000	191	521.374	-307.701
2000	192	-99.126	-129.61
2000	193	377.022	-341.604
2000	194	-124.578	517.371
2000	195	329.421	-31.6128
2000	196	-172.494	-168.222
2000	197	387.017	-83.4087
2000	198	-56.0741	367.17
2000	199	-265.312	210.719
2000	200	27.5597	-232.162
2000	201	-53.3358	-73.345
2000	202	-158.3	-205.709
2000	203	-74.3094	-627.792
2000	204	-373.557	-275.201
2000	205	124.901	181.915
2000	206	-221.77	27.4792
2000	207	126.967	-17.5917
2000	208	-252.924	297.116
2000	209	94.4063	118.791
2000	210	252.106	379.662
2000	211	152.514	-528.218
2000	212	-130.672	102.642
2000	213	219.563	-481.667
2000	214	86.258	70.9601
2000	215	-98.4575	-42.2719
2000	216	90.051	233.241
2000	217	-90.1764	-711.241
2000	218	-231.139	349.588
2000	219	144.647	-343.972
2000	220	71.4244	-555.272
2000	221	-45.2162	190.96
2000	222	75.9802	384.511
2000	223	-61.7352	120.209
2000	224	54.4787	230.06
2000	225	273.944	358.751
2000	226	-229.738	64.4025
2000	227	-24.991	-270.041
2000	228	358.45	-14.027
2000	229	-88.6229	-671.788
2000	230	16.5289	185.568
2000	231	-104.187	-167.466
2000	232	-354.189	-461.045
2000	233	153.973	-203.539
2000	234	119.622	-2.86096
2000	235	164.959	130.119
2000	236	-92.9471	-119.874
2000	237	114.406	280.459
2000	238	-261.134	215.62
2000	239	19.7447	-184.42
2000	240	138.828	-57.6958
2000	241	108.924	362.842
2000	242	394.786	175.093
2000	243	12.7878	566.32
2000	244	127.266	262.692
2000	245	16.8807	213.76
2000	246	167.118	176.852
2000	247	98.562	-507.225
2000	248	64.0028	275.969
2000	249	-70.8925	465.935
2000	250	133.368	-8.60135
2000	251	27.9857	351.52
2000	252	51.7165	405.323
2000	253	191.411	115.957
2000	254	150.571	-97.5625
2000	255	86.9747	518.573
2000	256	-59.7407	180.587
2000	257	274.228	247.008
2000	258	-105.477	98.8821
2000	259	7.11166	-801.555
2000	260	106.964	-130.972
2000	261	238.201	194.018
2000	262	-138.012	-77.8849
2000	263	-158.248	102.863
2000	264	-77.0513	177.171
2000	265	-40.7297	-419.911
2000	266	-159.498	90.7626
2000	267	-80.1058	52.6772
2000	268	102.243	-371.191
2000	269	-9.08461	-151.76
2000	270	-368.592	24.8276
2000	271	-188.621	741.755
2000	272	-126.814	151.305
2000	273	-218.872	-39.9963
2000	274	-91.3719	-565.31
2000	275	-70.4666	-24.6014
2000	276	208.68	500.569
2000	277	451.875	-95.443
2000	278	-36.3025	-169.7
2000	279	183.423	-483.201
2000	280	-170.645	159.154
2000	281	-39.0139	284.505
2000	282	-1.89874	122.696
2000	283	77.4099	-259.619
2000	284	-24.2883	-105.264
2000	285	-88.48	369.256
2000	286	-164.861	-184.655
2000	287	-152.889	-102.436
2000	288	262.288	-446.221
2000	289	-42.1668	-350.259
2000	290	-24.8711	186.149
2000	291	143.546	170.357
2000	292	198.833	197.119
2000	293	390.545	88.3999
2000	294	-92.6813	39.3022
2000	295	171.393	-492.273
2000	296	-19.7142	583.565
2000	297	99.3396	-244.048
2000	298	102.093	-290.256
2000	299	-174.279	53.1483
2000	300	-69.016	370.429
2000	301	-110.382	-90.9032
2000	302	-71.0012	-165.585
2000	303	-472.374	-113.882
2000	304	-38.2978	-330.394
2000	305	84.0122	-304.585
2000	306	-8.90499	510.405
2000	307	65.2357	384.433
2000	308	125.688	-525.577
2000	309	-341.013	54.7406
2000	310	91.5798	-61.1362
2000	311	-374.332	-540.615
2000	312	-254.984	-166.726
2000	313	32.9131	-223.45
2000	314	-236.431	-661.658
2000	315	-190.422	-260.582
2000	316	-176.596	309.612
2000	317	-50.5517	214.802
2000	318	353.804	57.3283
2000	319	-260.384	-113.002
2000	320	-206.52	470.968
2000	321	93.3016	-440.966
2000	322	-134.892	74.7111
2000	323	102.219	170.55
2000	324	127.18	-311.012
2000	325	148.006	229.937
2000	326	96.2532	-71.1382
2000	327	-119.033	16.1619
2000	328	-13.3025	167.291
2000	329	-17.1637	320.149
2000	330	-8.65341	-258.905
2000	331	287.471	-225.166
2000	332	9.82986	-445.023
2000	333	-16.8267	-38.4383
2000	334	131.147	-6.25896
2000	335	-282.152	272.975
2000	336	168.927	-95.4669
2000	337	-116.714	145.613
2000	338	-103.561	341.993
2000	339	-134.361	-734.922
2000	340	-172.746	102.374
2000	341	-188.059	192.713
2000	342	73.901	274.403
2000	343	128.445	-197.721
2000	344	-45.9853	18.7498
2000	345	147.603	187.899
2000	346	192.541	74.9601
2000	347	-93.0978	201.266
2000	348	118.546	-812.677
2000	349	87.3809	157.199
2000	350	-98.989	-25.6572
2000	351	272.114	-69.1255
2000	352	44.0922	-297.933
2000	353	-164.27	531.938
2000	354	384.533	-199.226
2000	355	-103.87	-162.684
2000	356	272.625	-582.585
2000	357	375.816	775.96
2000	358	107.831	-16.1795
2000	359	-118.119	186.118
2000	360	-87.6886	-804.634
2000	361	-31.9249	-605.688
2000	362	-178.833	303.983
2000	363	-182.429	77.1078
2000	364	204.806	239.59
2000	365	-103.986	190.19
2000	366	86.5586	558.35
2000	367	-188.117	-493.117
2000	368	-209.077	32.805
2000	369	-64.2852	189.523
2000	370	-52.7811	-716.913
2000	371	16.7111	439.515
2000	372	238.451	629.497
2000	373	44.3051	197.288
2000	374	-52.6525	229.068
2000	375	-207.466	1049.19
2000	376	1.66315	460.091
2000	377	349.082	138.986
2000	378	228.824	-487.974
2000	379	-275.817	164.787
2000	380	-410.636	-160.405
2000	381	-2.51599	-26.3989
2000	382	-218.779	1.20957
2000	383	101.684	294.74
2000	384	-84.5905	-423.425
2000	385	-165.1	347.057
2000	386	285.211	75.6365
2000	387	-137.928	-37.654
2000	388	58.0034	-249.283
2000	389	156.639	251.617
2000	390	-50.6643	-771.182
2000	391	-208.007	-7.6934
2000	392	-503.492	-4.73343
2000	393	-124.862	-336.325
2000	394	135.786	208.146
2000	395	33.616	330.466
2000	396	109.486	144.741
2000	397	-103.848	9.53962
2000	398	264.598	551.641
2000	399	-29.4488	-393.65
2000	400	-57.1504	-157.996
2000	401	-104.701	-226.553
2000	402	374.058	211.52
2000	403	-113.79	19.9222
2000	404	-31.5995	-46.3362
2000	405	77.9044	306.501
2000	406	-71.4192	322.809
2000	407	-234.036	70.8883
2000	408	472.692	-757.995
2000	409	-315.435	-274.657
2000	410	-90.9772	309.525
2000	411	215.548	-11.3883
2000	412	-211.918	369.258
2000	413	9.62711	61.4126
2000	414	-521.296	237.974
2000	415	-63.632	-163.816
2000	416	-68.7315	-81.6279
2000	417	70.1562	143.46
2000	418	322.54	72.2486
2000	419	-114.277	-531.411
2000	420	173.737	-315.615
2000	421	-179.142	-572.266
2000	422	-301.037	-145.221
2000	423	53.1214	-401.776
2000	424	-19.0862	-15.1073
2000	425	-155.651	-226.241
2000	426	12.9752	-218.475
2000	427	-37.7385	318.316
2000	428	116.845	210.278
2000	429	95.6339	-267.33
2000	430	-25.0893	569.656
2000	431	-133.252	-132.762
2000	432	40.9806	-439.446
2000	433	22.5495	273.709
2000	434	5.07736	736.136
2000	435	217.852	-486.353
2000	436	-302.41	-113.191
2000	437	221.006	-239.646
2000	438	24.6084	99.1528
2000	439	-114.551	219.51
2000	440	128.519	-8.60068
2000	441	33.7322	323.503
2000	442	-50.1876	-321.684
2000	443	-76.8738	621.405
2000	444	-197.121	-522.862
2000	445	460.505	167.286
2000	446	-137.399	-211.058
2000	447	-103.665	-227.746
2000	448	-371.346	-593.64
2000	449	-353.621	-387.386
2000	450	-214.195	-78.071
2000	451	150.369	-545.843
2000	452	-56.0877	-274.441
2000	453	-85.7427	273.303
2000	454	-23.393	190.423
2000	455	-34.4602	-243.906
2000	456	86.8612	22.6114
2000	457	130.995	761.711
2000	458	-168.035	246.219
2000	459	170.787	-55.1139
2000	460	-37.7921	44.2487
2000	461	109.874	206.577
2000	462	-130.274	-62.5392
2000	463	91.9693	771.492
2000	464	52.1503	518.919
2000	465	-120.467	-287.074
2000	466	203.889	448.73
2000	467	-157.568	-14.6057
2000	468	174.85	498.785
2000	469	165.246	207.574
2000	470	-152.479	-106.981
2000	471	137.526	-474.664
2000	472	-46.3211	-1.04466
2000	473	106.17	-2.27071
2000	474	-374.968	527.416
2000	475	-66.8157	64.9663
2000	476	-262.346	-84.8954
2000	477	65.0028	-372.148
2000	478	-261.291	366.424
2000	479	226.409	-3.87862
2000	480	-145.534	-394.469
2000	481	301.28	280.582
2000	482	68.0301	-52.5091
2000	483	52.2755	113.271
2000	484	397.77	-193.465
2000	485	-157.149	273.375
2000	486	-238.502	-231.598
2000	487	26.3578	-122.782
2000	488	-183.336	-529.887
2000	489	69.4434	189.024
2000	490	-183.761	-170.624
2000	491	-162.585	-267.774
2000	492	154.711	165.028
2000	493	58.5697	108.712
2000	494	322.916	-335.742
2000	495	-220.877	-663.968
2000	496	0.911648	-165.98
2000	497	88.6062	-227.307
2000	498	-134.465	231.857
2000	499	154.196	101.344
4000	0	16.428	393.832
4000	1	-84.1627	-499.525
4000	2	236.113	-296.882
4000	3	166.584	-412.448
4000	4	-319.44	-586.864
4000	5	-160.389	-674.955
4000	6	-64.8735	420.998
4000	7	403.659	-556.015
4000	8	-444.255	-207.196
4000	9	-215.243	660.633
4000	10	119.851	-356.322
4000	11	-202.089	-233.223
4000	12	-89.8202	-82.2801
4000	13	177.326	341.995
4000	14	835.944	633.267
4000	15	-137.244	56.6243
4000	16	-58.6334	-936.933
4000	17	235.486	348.422
4000	18	53.0943	-13.0258
4000	19	659.678	605.249
4000	20	-58.7215	-314.827
4000	21	-115.608	38.7305
4000	22	-327.055	-176.515
4000	23	-160.101	174.977
4000	24	-174.759	-231.75
4000	25	-196.422	59.7799
4000	26	-36.8425	116.371
4000	27	57.915	66.509
4000	28	-99.4448	326.983
4000	29	68.3084	-286.424
4000	30	-100.653	-135.025
4000	31	-310.292	793.519
4000	32	55.0186	-565.163
4000	33	338.959	463.32
4000	34	280.461	118.945
4000	35	-43.7727	862.041
4000	36	478.695	84.1119
4000	37	-260.572	-1067.95
4000	38	28.4298	575.512
4000	39	271.094	1051.21
4000	40	-334.717	144.117
4000	41	-118.682	4.42901
4000	42	355.01	-170.353
4000	43	27.5461	895.932
4000	44	-184.478	-195.444
4000	45	-140.234	37.431
4000	46	-79.1959	1075.68
4000	47	-176.323	428.081
4000	48	-337.83	74.1061
4000	49	170.826	61.5703
4000	50	-536.953	277.628
4000	51	-191.845	-248.896
4000	52	-184.155	-467.738
4000	53	-314.099	167.478
4000	54	-181.328	83.7267
4000	55	548.305	-197.861
4000	56	-500.606	633.263
4000	57	-123.661	-161.848
4000	58	16.675	121.066
4000	59	-99.8967	345.187
4000	60	-343.665	547.904
4000	61	-86.9373	-647.295
4000	62	-344.172	-485.813
4000	63	154.172	-50.3396
4000	64	-75.7527	-434.629
4000	65	-178.536	-77.7045
4000	66	-364.735	64.8359
4000	67	-130.036	201.981
4000	68	38.0146	103.249
4000	69	322.797	-955.951
4000	70	135.008	701.776
4000	71	-311.976	-108.079
4000	72	-219.754	-172.52
4000	73	-118.741	-614.047
4000	74	-294.412	-297.911
4000	75	353.473	-371.833
4000	76	234.725	-589.317
4000	77	-315.466	-32.4482
4000	78	336.563	-275.747
4000	79	24.4338	-86.0287
4000	80	-372.324	169.332
4000	81	24.3022	-366.145
4000	82	-85.3595	-45.6103
4000	83	99.955	-1168.15
4000	84	84.8286	-219.242
4000	85	224.713	968.722
4000	86	167.236	-318.222
4000	87	88.6194	569.64
4000	88	-76.7278	-20.7246
4000	89	255.667	-849.94
4000	90	-265.371	58.2508
4000	91	280.478	-583.54
4000	92	160.211	-345.29
4000	93	-404.054	63.0383
4000	94	129.399	358.868
4000	95	-73.861	847.129
4000	96	-137.446	-507.147
4000	97	-168.29	-534.821
4000	98	-103.697	129.989
4000	99	1.79287	387.061
4000	100	117.566	-1145.55
4000	101	-131.234	-143.905
4000	102	-5.6092	206.423
4000	103	4.79512	-96.3609
4000	104	-6.15031	-188.919
4000	105	-326.34	309.421
4000	106	244.846	40.0295
4000	107	-73.0908	9.63249
4000	108	-178.515	100.32
4000	109	311.063	-509.238
4000	110	268.599	-336.551
4000	111	6.29133	172.086
4000	112	-35.0256	-296.599
4000	113	-138.227	45.084
4000	114	118.161	-171.487
4000	115	702.254	494.135
4000	116	-77.9539	224.991
4000	117	-164.907	108.629
4000	118	28.8982	479.666
4000	119	237.368	1021.08
4000	120	240.289	-65.2093
4000	121	432.018	-354.905
4000	122	-48.5639	160.693
4000	123	-494.947	-68.104
4000	124	59.3912	-289.426
4000	125	75.481	430.799
4000	126	476.282	141.057
4000	127	-6.14481	427.554
4000	128	-41.388	-757.359
4000	129	239.442	-256.132
4000	130	17.5759	287.453
4000	131	-28.0566	471.452
4000	132	144.802	318.232
4000	133	-124.842	-5.17891
4000	134	-205.566	-239.975
4000	135	-88.5345	-578.987
4000	136	47.2574	-236.763
4000	137	595.969	-195.207
4000	138	228.648	627.875
4000	139	-31.1047	-373.463
4000	140	172.141	138.202
4000	141	-331.018	82.311
4000	142	192.847	4.80691
4000	143	-461.972	-352.412
4000	144	-432.432	240.005
4000	145	-25.5272	-104.071
4000	146	-0.916813	101.64
4000	147	-303.554	315.555
4000	148	-113.862	-315.543
4000	149	6.78373	412.14
4000	150	299.532	89.4037
4000	151	-77.8179	58.5464
4000	152	-291.229	471.091
4000	153	-331.567	-411.371
4000	154	-5.92566	-119.353
4000	155	447.99	367.144
4000	156	95.1712	-351.983
4000	157	28.4857	165.241
4000	158	248.707	137.427
4000	159	14.5437	-230.575
4000	160	-259.132	-293.799
4000	161	206.487	-113.591
4000	162	-561.576	74.8942
4000	163	328.882	-387.654
4000	164	82.5135	-14.6817
4000	165	-298.199	-684.506
4000	166	-245.115	27.2215
4000	167	12.2369	-572.447
4000	168	539.97	345.461
4000	169	-227.186	549.904
4000	170	219.776	425.839
4000	171	26.3785	283.338
4000	172	-122.763	-542.453
4000	173	135.99	508.471
4000	174	-225.407	-79.1652
4000	175	78.6621	-322.509
4000	176	-401.477	-213.894
4000	177	54.8535	-110.008
4000	178	-93.8669	172.103
4000	179	-151.447	64.6811
4000	180	-267.503	172.797
4000	181	101.27	182.194
4000	182	-47.4872	-151.355
4000	183	559.876	409.165
4000	184	-158.297	154.666
4000	185	-185.583	279.193
4000	186	-103.585	60.1128
4000	187	-47.2802	-420.986
4000	188	-14.1006	-108.122
4000	189	398.432	442.178
4000	190	-225.384	-116.049
4000	191	761.676	-413.529
4000	192	-234.626	175.882
4000	193	224.252	175.172
4000	194	158.939	556.512
4000	195	192.025	212.188
4000	196	44.0631	168.83
4000	197	486.735	112.852
4000	198	3.47756	576.703
4000	199	-121.504	-145.747
4000	200	47.2182	-110.785
4000	201	48.7925	80.8156
4000	202	-239.58	-137.848
4000	203	-94.1007	-488.396
4000	204	-256.876	150.693
4000	205	73.6223	103.783
4000	206	-40.7253	-360.528
4000	207	-147.105	74.0982
4000	208	-253.872	-320.161
4000	209	358.479	-250.388
4000	210	129.478	643.063
4000	211	131.957	-388.343
4000	212	-214.292	540.527
4000	213	441.941	-795.607
4000	214	186.516	340.351
4000	215	161.248	459.083
4000	216	128.396	648.456
4000	217	31.5509	-825.3
4000	218	-111.226	96.286
4000	219	247.626	-514.483
4000	220	112.208	-787.149
4000	221	-126.191	-399.075
4000	222	212.84	302.441
4000	223	-32.6332	-266.674
4000	224	-70.5126	216.977
4000	225	384.453	292.427
4000	226	-370.664	596.914
4000	227	-27.6768	246.962
4000	228	437.657	-744.167
4000	229	-149.857	-1055.04
4000	230	-48.0659	117.382
4000	231	55.0783	-458.728
4000	232	-532.107	-921.344
4000	233	358.172	366.877
4000	234	-393.354	194.85
4000	235	248.73	232.073
4000	236	-17.3417	-72.7455
4000	237	114.01	803.375
4000	238	-199.57	352.74
4000	239	-5.68071	-128.234
4000	240	-97.1097	-91.6373
4000	241	431.752	-397.87
4000	242	153.584	335.6
4000	243	142.659	600.389
4000	244	16.5907	856.424
4000	245	65.9722	-237.637
4000	246	6.13484	882.443
4000	247	174.597	-190.465
4000	248	-17.292	347.506
4000	249	-249.065	372.905
4000	250	140.978	-304.255
4000	251	104.332	74.678
4000	252	-108.125	294.603
4000	253	232.999	-226.803
4000	254	212.755	-223.653
4000	255	83.6952	82.6954
4000	256	-118.535	645.896
4000	257	445.889	19.0413
4000	258	64.1948	449.076
4000	259	108.103	-1561.32
4000	260	-112.612	-517.839
4000	261	334.858	350.732
4000	262	-346.02	600.003
4000	263	116.911	290.489
4000	264	180.345	239.31
4000	265	-98.9962	-280.406
4000	266	-100.924	166.81
4000	267	-25.8406	26.8486
4000	268	79.551	-987.055
4000	269	-451.6	67.9308
4000	270	-312.664	-166.887
4000	271	-389.116	543.51
4000	272	-184.899	1038.05
4000	273	7.85044	-223.372
4000	274	84.8925	-529.942
4000	275	170.587	497.086
4000	276	-230.354	708.031
4000	277	560.201	111.773
4000	278	9.75143	-494.159
4000	279	221.908	-512.672
4000	280	-244.323	313.426
4000	281	-56.7948	247.828
4000	282	-92.4453	53.6329
4000	283	79.4943	-410.338
4000	284	-184.751	-152.082
4000	285	-149.635	303.166
4000	286	-300.104	-59.937
4000	287	-106.228	-474.976
4000	288	207.05	-503.487
4000	289	-100.775	-500.051
4000	290	97.7242	176.43
4000	291	39.6372	-49.3483
4000	292	4.06374	442.395
4000	293	312.963	544.463
4000	294	-11.2056	77.6284
4000	295	19.6201	-500.713
4000	296	-60.4939	408.067
4000	297	223.268	-121.636
4000	298	-144.535	-28.1704
4000	299	10.4023	104.239
4000	300	-334.01	356.249
4000	301	-348.337	311.542
4000	302	-352.238	-553.793
4000	303	-613.93	-46.9113
4000	304	212.559	-551.964
4000	305	201.71	33.7383
4000	306	-377.25	419.742
4000	307	-293.278	830.568
4000	308	-138.578	-771.111
4000	309	-940.586	-134.738
4000	310	-51.5799	70.8498
4000	311	-552.699	-53.5468
4000	312	-194.832	-50.8421
4000	313	434.322	59.7682
4000	314	-262.594	-253.67
4000	315	-320.362	-89.8256
4000	316	-58.2404	574.426
4000	317	168.257	-85.9289
4000	318	213.574	-20.5926
4000	319	-220.953	310.84
4000	320	-369.254	188.873
4000	321	154.116	-48.3782
4000	322	-236.701	4.22083
4000	323	-80.8411	701.967
4000	324	27.9074	-344.765
4000	325	196.908	652.261
4000	326	55.1684	192.367
4000	327	-355.401	416.461
4000	328	63.5106	433.06
4000	329	240.918	-293.258
4000	330	29.0293	-366.057
4000	331	88.6047	-217.943
4000	332	-322.831	-662.38
4000	333	164.503	-200.44
4000	334	50.3936	-70.8843
4000	335	-136.476	303.675
4000	336	-75.7084	424.462
4000	337	261.385	-318.11
4000	338	79.8152	947.58
4000	339	228.312	-960.8
4000	340	-373.282	-76.1154
4000	341	-126.824	320.047
4000	342	172.695	335.278
4000	343	-530.058	-506.136
4000	344	-307.912	-46.8618
4000	345	135.057	-57.2686
4000	346	83.6652	260.694
4000	347	-80.3114	109.689
4000	348	278.059	-386.698
4000	349	169.577	465.823
4000	350	-244.985	-89.9641
4000	351	252.449	-306.281
4000	352	242.748	-310.604
4000	353	-221.276	402.34
4000	354	310.488	-75.9956
4000	355	-265.452	-242.207
4000	356	570.896	-985.455
4000	357	393.508	426.394
4000	358	333.271	346.913
4000	359	-57.0829	270.48
4000	360	101.961	-763.249
4000	361	-113.972	-772.607
4000	362	-44.22	473.817
4000	363	74.0044	-741.443
4000	364	263.766	1112.81
4000	365	270.125	281.096
4000	366	229.276	953.272
4000	367	-217.5	-497.557
4000	368	-452.08	216.269
4000	369	-44.4267	-403.995
4000	370	-31.2238	-418.327
4000	371	-160.286	213.997
4000	372	301.933	338.363
4000	373	-11.5208	-428.154
4000	374	145.648	-83.8625
4000	375	53.5715	1276.09
4000	376	27.6512	231.191
4000	377	512.864	51.6786
4000	378	24.3946	-622.838
4000	379	-344.721	-229.366
4000	380	-244.969	155.148
4000	381	-320.088	-521.255
4000	382	-78.9393	568.06
4000	383	230.178	73.8067
4000	384	-207.326	-844.662
4000	385	20.4921	599.546
4000	386	284.989	252.63
4000	387	-275.981	127.407
4000	388	-34.3411	-154.696
4000	389	619.56	-42.3566
4000	390	-170.905	-547.17
4000	391	-308.248	413.117
4000	392	-402.792	-58.9826
4000	393	-344.378	339.485
4000	394	335.795	520.806
4000	395	-109.913	759.213
4000	396	-69.5382	80.2704
4000	397	-252.243	409.886
4000	398	341.613	543.157
4000	399	90.4905	-552.086
4000	400	82.4937	375.319
4000	401	-21.8788	-911.894
4000	402	431.854	508.805
4000	403	-452.199	-8.81495
4000	404	-193.514	-404.874
4000	405	-154.888	-0.250208
4000	406	10.7258	196.896
4000	407	-234.456	-601.94
4000	408	335.873	-1045.61
4000	409	-356.654	-247.02
4000	410	-271.372	379.456
4000	411	494.902	-88.401
4000	412	-96.101	115.016
4000	413	389.707	-239.29
4000	414	-478.397	166.502
4000	415	16.4564	-183.689
4000	416	-127.925	609.593
4000	417	186.844	159.649
4000	418	397.425	-416.483
4000	419	-135.408	-821.932
4000	420	352.508	-10.6033
4000	421	-216.485	-1480.83
4000	422	-190.091	148.098
4000	423	-47.5501	-288.21
4000	424	-41.8128	-191.519
4000	425	-212.862	70.7065
4000	426	173.496	-211.792
4000	427	-204.765	521.208
4000	428	-1.14497	103.533
4000	429	-274.206	-171.872
4000	430	-369.477	55.1691
4000	431	-234.386	-304.119
4000	432	109.565	-380.155
4000	433	64.3704	60.0795
4000	434	245.484	1051.07
4000	435	-48.2459	-603.13
4000	436	-387.959	352.12
4000	437	118.006	-223.535
4000	438	-38.9637	465.98
4000	439	-95.3777	479.849
4000	440	-69.4556	-317.656
4000	441	3.47573	69.78
4000	442	46.2433	-404.132
4000	443	83.0437	1233.04
4000	444	-255.683	-629.831
4000	445	201.018	109.986
4000	446	-495.921	-776.914
4000	447	-185.459	-835.123
4000	448	-254.932	-149.673
4000	449	-255.038	-1463.73
4000	450	-336.362	-63.8484
4000	451	153.132	-685.654
4000	452	-183.797	-140.175
4000	453	-167.579	736.374
4000	454	-218.39	759.364
4000	455	-76.4739	-204.273
4000	456	-133.064	305.935
4000	457	170.414	1008.61
4000	458	-158.52	35.3538
4000	459	-294.962	-392.061
4000	460	-55.9497	278.661
4000	461	168.876	111.219
4000	462	-110.102	-203.269
4000	463	-54.9539	860.245
4000	464	171.504	727.574
4000	465	-280.64	-291.227
4000	466	41.9119	116.159
4000	467	7.00847	-534.072
4000	468	377.962	773.079
4000	469	14.9006	-254.63
4000	470	-214.945	311.077
4000	471	-39.8491	-485.286
4000	472	73.8778	-332.18
4000	473	-56.8889	-210.453
4000	474	-394.459	774.524
4000	475	-1.64832	228.052
4000	476	-243.568	-25.1939
4000	477	-95.1121	-519.94
4000	478	-278.988	582.414
4000	479	232.38	-198.595
4000	480	-417.791	-613.112
4000	481	101.652	-190.501
4000	482	111.5	-658.472
4000	483	89.4282	-117.068
4000	484	536.233	22.5746
4000	485	-73.8604	477.135
4000	486	-99.9327	201.67
4000	487	-35.9743	-152.768
4000	488	-645.352	-605.005
4000	489	192.861	-319.521
4000	490	-66.9891	-386.864
4000	491	-145.744	-555.682
4000	492	-31.5932	14.3004
4000	493	356.795	4.34129
4000	494	465.878	-898.293
4000	495	-457.025	-1204.41
4000	496	20.066	-87.2747
4000	497	-89.0875	378.39
4000	498	-314.843	532.888
4000	499	171.166	443.783
6000	0	260.994	732.295
6000	1	-285.927	-472.946
6000	2	381.403	-584.353
6000	3	63.4784	-358.169
6000	4	-498.706	-262.127
6000	5	-32.7376	-1063.08
6000	6	17.7634	1221.41
6000	7	321.051	-213.302
6000	8	-310.564	-707.616
6000	9	-214.29	729.93
6000	10	318.656	-319.658
6000	11	95.2803	-342.405
6000	12	-238.34	95.9464
6000	13	180.187	521.812
6000	14	740.3	842.448
6000	15	-96.5288	-360.372
6000	16	-200.516	-740.996
6000	17	334.45	422.852
6000	18	-86.4245	-210.706
6000	19	882.341	270.303
6000	20	-316.361	-76.4386
6000	21	-113.998	-117.376
6000	22	-365.127	69.8594
6000	23	-251.959	-245.695
6000	24	-185.799	445.065
6000	25	-93.4971	549.676
6000	26	-160.277	65.9898
6000	27	277.837	84.6041
6000	28	-62.9464	117.182
6000	29	174.201	-353.472
6000	30	-58.4546	84.8807
6000	31	-166.001	718.309
6000	32	53.9303	-819.776
6000	33	418.085	560.922
6000	34	356.486	290.111
6000	35	119.981	1120.23
6000	36	321.102	-79.1903
6000	37	-317.855	-1243.29
6000	38	86.5803	333.879
6000	39	656.489	889.402
6000	40	-334.888	29.0862
6000	41	51.9876	10.2851
6000	42	152.366	358.52
6000	43	-12.6751	926.611
6000	44	-269.751	-12.2952
6000	45	317.899	419.795
6000	46	-141.773	1486.5
6000	47	215.282	886.294
6000	48	-319.495	401.999
6000	49	530.742	368.947
6000	50	-577.487	176.562
6000	51	-233.022	-243.097
6000	52	-410.24	183.585
6000	53	-286	520.61
6000	54	-400.97	-516.019
6000	55	602.005	-398.876
6000	56	-514.459	618.104
6000	57	175.787	-164.545
6000	58	-42.33	629.26
6000	59	-115.214	454.277
6000	60	-315.609	738.502
6000	61	-109.237	-100.745
6000	62	-418.673	-673.7
6000	63	184.719	-346.062
6000	64	-274.917	241.275
6000	65	-155.538	-156.549
6000	66	-445.898	-145.499
6000	67	-128.966	248.714
6000	68	199.895	-382.827
6000	69	404.064	-1038.2
6000	70	194.658	495.618
6000	71	-219.855	-385.684
6000	72	-201.691	54.819
6000	73	-386.623	-479.847
6000	74	-236.018	-752.174
6000	75	371.301	-221.729
6000	76	474.5	-537.257
6000	77	-387.867	-100.141
6000	78	252.486	-826.654
6000	79	26.6695	263.781
6000	80	-450.631	10.4672
6000	81	-58.6407	-414.124
6000	82	-216.68	-126.676
6000	83	-77.8504	-999.233
6000	84	-16.0701	-93.2316
6000	85	223.836	1416.29
6000	86	227.723	-78.436
6000	87	29.7084	264.504
6000	88	-77.2656	-143.341
6000	89	78.273	-472.568
6000	90	-346.314	69.1366
6000	91	317.474	-342.154
6000	92	76.5046	-531.521
6000	93	-318.382	-40.7679
6000	94	134.253	694.155
6000	95	-275.938	721.531
6000	96	41.7814	-489.85
6000	97	-314.976	-172.624
6000	98	-257.782	723.636
6000	99	-57.7187	-154.005
6000	100	98.5589	-1475.56
6000	101	-459.326	-133.133
6000	102	44.3084	280.517
6000	103	-96.54	326.852
6000	104	-81.3567	130.075
6000	105	-325.579	-157.469
6000	106	316.491	-466.604
6000	107	-314.257	-493.756
6000	108	-137.694	308.23
6000	109	573.539	-618.691
6000	110	222.181	390.482
6000	111	-94.1334	1020.33
6000	112	-183.562	-411.823
6000	113	-376.514	9.66324
6000	114	-65.1249	171.696
6000	115	783.872	952.643
6000	116	-236.349	399.267
6000	117	77.5405	-158.753
6000	118	9.36741	414.751
6000	119	137.048	1185.17
6000	120	479.881	-38.1668
6000	121	363.913	-522.057
6000	122	175.288	-117.435
6000	123	-292.647	-352.244
6000	124	-356.296	8.58078
6000	125	-32.2032	450.819
6000	126	595.431	-78.2738
6000	127	53.444	500.694
6000	128	-311.694	-1031.52
6000	129	156.968	394.725
6000	130	146.543	500.324
6000	131	-268.333	361.119
6000	132	322.254	511.181
6000	133	16.186	37.0769
6000	134	-164.974	-527.019
6000	135	-249.497	-664.748
6000	136	-96.99	81.9042
6000	137	461.265	113.495
6000	138	470.954	588.654
6000	139	25.6312	-217.104
6000	140	377.775	-25.5523
6000	141	-474.818	-124.698
6000	142	-67.1833	248.065
6000	143	-539.633	-302.722
6000	144	-451.754	366.773
6000	145	-42.2481	356.943
6000	146	-52.6947	-96.4994
6000	147	-521.254	769.604
6000	148	-218.131	-272.819
6000	149	48.4572	470.318
6000	150	519.702	212.112
6000	151	61.6492	-545.006
6000	152	-286.471	73.5715
6000	153	-273.28	-110.339
6000	154	-229.983	266.837
6000	155	246.91	905.323
6000	156	-3.68285	228.84
6000	157	508.074	429.557
6000	158	207.414	165.484
6000	159	77.1356	-151.937
6000	160	-80.1134	44.1398
6000	161	250.172	547.701
6000	162	-737.774	252.959
6000	163	425.402	-808.51
6000	164	-67.6722	-249.189
6000	165	-444.568	-534.368
6000	166	-408.201	123.515
6000	167	361.505	-1276.95
6000	168	599.971	-50.8357
6000	169	-157.108	181.66
6000	170	381.768	240.997
6000	171	543.82	747.842
6000	172	279.389	-788.033
6000	173	136.156	907.528
6000	174	-223.55	52.605
6000	175	157.753	-29.7251
6000	176	-781.279	226.026
6000	177	339.76	-259.74
6000	178	24.9655	126.659
6000	179	-88.3379	551.344
6000	180	-323.447	-617.298
6000	181	-80.9002	51.0096
6000	182	-63.5705	-520.874
6000	183	559.001	1076.3
6000	184	-337.325	439.696
6000	185	154.618	463.849
6000	186	-364.686	-106.241
6000	187	-26.0054	-920.557
6000	188	195.581	19.9488
6000	189	581.255	240.7
6000	190	-311.297	58.0704
6000	191	558.419	-267.106
6000	192	-319.725	379.524
6000	193	135.212	316.048
6000	194	217.903	356.597
6000	195	-169.843	468.892
6000	196	-74.2717	-361.502
6000	197	328.946	-173.089
6000	198	-117	410.235
6000	199	-63.6827	593.978
6000	200	-97.4399	-54.1451
6000	201	97.1129	-27.4522
6000	202	-319.368	47.0222
6000	203	66.1027	-1169.16
6000	204	-194.813	-30.0077
6000	205	13.5097	355.687
6000	206	70.8762	-606.49
6000	207	-116.219	-203.66
6000	208	-415.429	-1014.02
6000	209	397.84	-717.721
6000	210	373.452	-232.839
6000	211	331.338	-750.596
6000	212	-91.8064	477.113
6000	213	301.678	-1298.3
6000	214	347.061	396.504
6000	215	-19.5882	1083.32
6000	216	274.388	1315.2
6000	217	390.646	-1086.6
6000	218	-70.7774	357.602
6000	219	524.306	-214.976
6000	220	-67.5528	-1462.63
6000	221	73.1808	-358.105
6000	222	97.0587	46.2105
6000	223	-211.6	-298.369
6000	224	39.9434	-78.9312
6000	225	444.944	11.2011
6000	226	-308.475	350.202
6000	227	73.2358	436.883
6000	228	775.404	-950.655
6000	229	-109.821	-293.446
6000	230	-8.18238	-532.367
6000	231	-73.5746	-672.275
6000	232	-630.593	-1142
6000	233	154.796	186.984
6000	234	-335.441	-36.7542
6000	235	228.478	389.907
6000	236	182.351	230.175
6000	237	260.485	94.4413
6000	238	-280.348	39.1209
6000	239	-166.119	-174.39
6000	240	-178.131	-532.992
6000	241	583.455	-269.627
6000	242	190.283	191.312
6000	243	300.339	746.574
6000	244	-56.1661	1148.6
6000	245	-139.621	25.0696
6000	246	-174.475	611.058
6000	247	76.4259	-270.826
6000	248	-198.959	-78.813
6000	249	-468.51	311.603
6000	250	102.293	-666.093
6000	251	324.235	116.702
6000	252	151.456	118.54
6000	253	311.711	-337.667
6000	254	95.2703	-59.6637
6000	255	64.4385	-119.008
6000	256	-361.119	474.48
6000	257	457.153	-272.912
6000	258	-65.019	791.578
6000	259	68.0281	-1567.51
6000	260	-170.993	-716.406
6000	261	218.618	407.87
6000	262	-500.67	-191.187
6000	263	358.088	601.651
6000	264	302.303	169.386
6000	265	198.523	-791.965
6000	266	-260.274	353.233
6000	267	114.465	228.366
6000	268	243.72	-996.298
6000	269	-489.83	162.29
6000	270	-185.561	-809.066
6000	271	-488.125	336.066
6000	272	-225.541	1518.99
6000	273	-172.262	-501.93
6000	274	-8.8656	-158.526
6000	275	48.7739	742.084
6000	276	-332.551	1093.21
6000	277	531.816	-26.9314
6000	278	106.882	-260.304
6000	279	121.857	-828.701
6000	280	-443.414	287.859
6000	281	-197.152	-182.335
6000	282	-62.5694	381.395
6000	283	84.2331	-722.828
6000	284	32.9866	592.383
6000	285	-27.5271	581.188
6000	286	-543.428	-223.667
6000	287	-208.911	-401.286
6000	288	266.117	-1361.25
6000	289	22.5173	-116.196
6000	290	-60.0504	604.899
6000	291	-118.435	-495.591
6000	292	-139.246	23.6494
6000	293	249.411	206.546
6000	294	-271.985	-245.492
6000	295	274.175	-595.174
6000	296	-417.373	584.223
6000	297	-116.732	-218.353
6000	298	-341.222	-255.529
6000	299	207.933	367.325
6000	300	-618.602	-103.816
6000	301	-229.055	520.667
6000	302	-182.425	-542.573
6000	303	-593.348	148.684
6000	304	340.025	-483.454
6000	305	202.126	457.577
6000	306	-356.886	226.877
6000	307	-135.298	374.668
6000	308	26.129	-1010.15
6000	309	-978.839	527.358
6000	310	8.57484	423.754
6000	311	-671.643	-103.05
6000	312	-109.977	-32.5692
6000	313	575.181	-79.7315
6000	314	-119.065	-398.902
6000	315	-162.02	-698.504
6000	316	-114.797	886.465
6000	317	168.591	-673.774
6000	318	72.0098	164.026
6000	319	-144.923	61.3318
6000	320	-685.577	5.2968
6000	321	153.812	-631.295
6000	322	-576.136	254.102
6000	323	183.143	821.246
6000	324	114.682	304.868
6000	325	617.896	911.447
6000	326	158.3	250.066
6000	327	-297.221	556.303
6000	328	187.219	821.171
6000	329	-221.855	-145.327
6000	330	-128.59	-657.86
6000	331	328.431	-881.542
6000	332	-211.71	-648.413
6000	333	152.558	145.457
6000	334	288.026	40.3739
6000	335	-343.563	-65.5653
6000	336	-449.825	198.755
6000	337	364.827	-550.915
6000	338	-65.17	481.689
6000	339	106.189	-591.963
6000	340	-446.611	334.74
6000	341	-186.47	578.399
6000	342	55.7414	-164.585
6000	343	-549.62	-861.549
6000	344	-606.328	-85.9719
6000	345	89.4346	-33.9402
6000	346	391.904	279.311
6000	347	199.172	-167.179
6000	348	397.275	-180.809
6000	349	361.464	420.29
6000	350	-565.967	-482.081
6000	351	174.834	-231.488
6000	352	264.151	-126.665
6000	353	-162.214	110.756
6000	354	466.034	189.348
6000	355	-165.898	-732.885
6000	356	512.938	-570.135
6000	357	391.485	398.868
6000	358	291.414	878.656
6000	359	-34.0541	456.182
6000	360	-64.2273	-743.928
6000	361	-70.9218	-495.43
6000	362	-206.034	1206.68
6000	363	32.6807	-926.296
6000	364	384.819	1218.9
6000	365	313.153	595.408
6000	366	245.702	277.296
6000	367	-170.631	-455.958
6000	368	-469.799	45.6394
6000	369	116.611	298.655
6000	370	-230.743	-502.108
6000	371	-219.924	-466.315
6000	372	479.569	102.934
6000	373	-156.157	-218.14
6000	374	19.075	-294.741
6000	375	-271.829	1252.18
6000	376	139.514	526.957
6000	377	632.241	241.221
6000	378	-73.945	-850.364
6000	379	-325.122	-361.223
6000	380	-105.376	437.622
6000	381	-453.751	-290.507
6000	382	-80.1388	253.332
6000	383	-7.78621	31.8687
6000	384	-281.269	-306.264
6000	385	303.595	536.935
6000	386	525.782	98.7034
6000	387	-17.5153	-192.187
6000	388	-70.3962	-168.984
6000	389	581.137	311.71
6000	390	167.875	-1221.14
6000	391	-328.912	329.219
6000	392	-222.533	113.738
6000	393	-96.4568	834.709
6000	394	115.562	292.635
6000	395	-27.9911	781.105
6000	396	-209.295	171.657
6000	397	-456.436	672.761
6000	398	80.3381	536.841
6000	399	134.524	-323.725
6000	400	78.3146	-124.627
6000	401	99.0239	-1053.92
6000	402	333.575	615.053
6000	403	-375.127	-530.288
6000	404	-208.086	33.1614
6000	405	-85.1162	-1.69034
6000	406	-191.548	25.5857
6000	407	-298.726	-605.987
6000	408	554.959	-1121.51
6000	409	-280.158	-284.27
6000	410	-292.276	154.079
6000	411	636.512	15.286
6000	412	28.4731	64.742
6000	413	373.039	-683.995
6000	414	-400.592	-41.9546
6000	415	-122.706	284.347
6000	416	-91.116	520.148
6000	417	330.815	363.007
6000	418	145.908	-503.344
6000	419	105.993	-173.739
6000	420	455.441	-224.871
6000	421	-177.881	-1282.73
6000	422	-189.668	576.335
6000	423	-112.67	-470.797
6000	424	-123.305	-68.2429
6000	425	-230.699	103.11
6000	426	176.68	145.908
6000	427	-143.29	364.944
6000	428	241.026	775.175
6000	429	-188.234	81.5299
6000	430	-298.549	312.611
6000	431	-233.383	-580.276
6000	432	158.671	-662.851
6000	433	-38.7097	-279.965
6000	434	344.282	1370.94
6000	435	-126.086	-327.833
6000	436	-33.2112	197.755
6000	437	-440.28	-279.251
6000	438	101.747	88.6879
6000	439	-196.453	361.056
6000	440	-109.512	-839.118
6000	441	-27.2238	94.1082
6000	442	69.0566	189.773
6000	443	165.5	726
6000	444	-189.775	144.962
6000	445	208.265	251.367
6000	446	-478.752	-526.408
6000	447	-369.181	-619.75
6000	448	-72.2508	17.7203
6000	449	-273.8	-1573.47
6000	450	-74.3818	255.664
6000	451	29.7369	-526.865
6000	452	-103.5	48.201
6000	453	-308.334	1125.06
6000	454	-80.1201	723.05
6000	455	307.717	-110.481
6000	456	-146.244	308.786
6000	457	453.459	1320.33
6000	458	-102.911	154.921
6000	459	-374.465	-134.441
6000	460	-487.809	417.739
6000	461	-10.3504	-108.595
6000	462	-309.595	34.5579
6000	463	105.209	1237.61
6000	464	290.672	675.306
6000	465	-401.773	135.725
6000	466	22.1566	221.722
6000	467	-214.087	-292.671
6000	468	382.462	263.188
6000	469	134.141	-344.166
6000	470	-312.034	249.857
6000	471	-94.4295	-370.296
6000	472	294.495	11.9277
6000	473	123.908	-165.003
6000	474	-493.567	1463.36
6000	475	192.11	428.178
6000	476	153.506	-51.0544
6000	477	-96.4736	-581.263
6000	478	-441.308	406.63
6000	479	61.9667	-56.5718
6000	480	-527.884	-870.228
6000	481	84.596	-1003.4
6000	482	69.0006	-519.472
6000	483	492.243	-82.7046
6000	484	433.212	287.316
6000	485	-376.809	526.525
6000	486	-80.3569	198.395
6000	487	6.52009	325.768
6000	488	-703.525	-637.476
6000	489	393.33	-167.568
6000	490	-76.6496	-162.296
6000	491	154.277	-472.928
6000	492	-62.6996	-90.1964
6000	493	597.249	77.7384
6000	494	345.073	-984.136
6000	495	-617.812	-694.793
6000	496	-64.7406	-213.47
6000	497	-231.66	214.225
6000	498	-134.804	829.519
6000	499	170.853	882.373
8000	0	179.573	1135.69
8000	1	-286.057	-606.103
8000	2	423.034	-1323.69
8000	3	286.804	-22.9896
8000	4	-560.874	-303.605
8000	5	-31.9897	-780.316
8000	6	274.517	1788.1
8000	7	260.816	-410.836
8000	8	-391.248	-758.351
8000	9	-295.315	1051.98
8000	10	298.907	-512.452
8000	11	78.1152	-84.5611
8000	12	-326.661	-18.8669
8000	13	539.136	1201.09
8000	14	653.77	1017.75
8000	15	-232.397	-999.42
8000	16	-598.021	-795.592
8000	17	496.275	543.83
8000	18	232.002	-307.994
8000	19	923.761	248.919
8000	20	-36.0598	541.348
8000	21	68.3584	-307.101
8000	22	-367.139	204.989
8000	23	-299.637	196.102
8000	24	-86.6756	735.488
8000	25	45.4625	687.253
8000	26	59.0942	-196.635
8000	27	193.667	532.569
8000	28	-343.005	388.402
8000	29	63.6558	-698.345
8000	30	-29.9279	49.9445
8000	31	72.3533	463.411
8000	32	272.15	-590.98
8000	33	294.703	896.469
8000	34	277.389	-287.7
8000	35	473.025	606.352
8000	36	418.84	372.278
8000	37	-537.451	-1475.75
8000	38	-13.6454	244.256
8000	39	593.801	896.26
8000	40	-255.183	-846.614
8000	41	12.3391	366.58
8000	42	87.6611	688.028
8000	43	-143.217	477.701
8000	44	-245.918	-80.0463
8000	45	117.594	919.828
8000	46	-259.612	1930.85
8000	47	277.785	679.592
8000	48	-399.939	371.038
8000	49	449.406	313.699
8000	50	-776.128	192.094
8000	51	-293.95	-424.028
8000	52	-400.424	281.778
8000	53	-397.573	306.865
8000	54	-422.431	-124.839
8000	55	299.273	-421.822
8000	56	-515.241	779.694
8000	57	115.542	226.859
8000	58	19.2733	513.198
8000	59	4.08984	-211.89
8000	60	-224.218	268.787
8000	61	-148.852	-442.235
8000	62	-482.663	-1193.76
8000	63	-48.5218	-288.943
8000	64	50.3605	-64.3366
8000	65	22.5159	-450.002
8000	66	-293.449	-73.4547
8000	67	-244.02	858.799
8000	68	94.9764	-367.573
8000	69	812.123	-885.456
8000	70	316.015	254.775
8000	71	-233.364	-244.855
8000	72	-222.316	463.492
8000	73	-164.928	-119.933
8000	74	-217.016	-1343.02
8000	75	312.623	-483.273
8000	76	593.861	-470.413
8000	77	-657.021	46.5887
8000	78	435.468	-986.955
8000	79	262.652	446.865
8000	80	-218.427	12.7635
8000	81	-36.539	-247.71
8000	82	-156.61	-283.492
8000	83	142.061	-1217.07
8000	84	164.299	-314.995
8000	85	261.908	1491.97
8000	86	108.85	-487.513
8000	87	-88.3653	-0.498976
8000	88	-18.6859	285.812
8000	89	42.5255	-50.3351
8000	90	-303.402	-53.5112
8000	91	198.727	-666.153
8000	92	-462.737	-657.113
8000	93	-152.884	-283.684
8000	94	1.3318	412.155
8000	95	-55.4103	273.048
8000	96	360.865	-891.548
8000	97	-27.6549	-601.867
8000	98	-234.722	810.019
8000	99	-12.5411	-373.631
8000	100	-25.8919	-2157.41
8000	101	-498.203	226.938
8000	102	-42.3235	514.316
8000	103	-275.481	-476.896
8000	104	-386.578	-181.723
8000	105	-528.287	-16.1364
8000	106	177.005	-39.9196
8000	107	-239.677	11.3223
8000	108	-356.22	405.469
8000	109	790.944	-901.872
8000	110	277.714	200.914
8000	111	-75.683	1194.65
8000	112	-183.294	-117.024
8000	113	-553.058	-140.497
8000	114	-344.515	204.674
8000	115	719.827	1130.55
8000	116	-397.847	263.54
8000	117	130.558	-338.838
8000	118	-227.856	592.833
8000	119	83.7402	1215.74
8000	120	429.615	293.412
8000	121	175.147	-474.68
8000	122	216.938	-235.289
8000	123	-290.664	-146.552
8000	124	-354.549	-261.752
8000	125	171.925	271.354
8000	126	692.403	-111.43
8000	127	-125.605	209.082
8000	128	-376.663	-1272.66
8000	129	477.386	412.95
8000	130	35.3142	327.036
8000	131	-212.533	93.7258
8000	132	422.017	815.059
8000	133	53.9292	-17.5211
8000	134	-63.7257	-929.763
8000	135	-90.2729	-440.421
8000	136	-153.715	157.737
8000	137	644.413	-0.865835
8000	138	586.352	477.517
8000	139	110.48	-49.0307
8000	140	647.416	408.532
8000	141	-691.749	5.76236
8000	142	71.5946	-301.428
8000	143	-684.329	20.6965
8000	144	-530.911	452.612
8000	145	91.6661	75.6221
8000	146	-51.2316	109.905
8000	147	-376.081	926.205
8000	148	-337.268	108.34
8000	149	-30.4853	551.632
8000	150	674.033	-68.5459
8000	151	143.667	-508.132
8000	152	-324.453	-86.8389
8000	153	-670.478	106.573
8000	154	52.2925	333.659
8000	155	168.878	919.9
8000	156	195.728	-37.4069
8000	157	566.94	373.067
8000	158	109.256	102.438
8000	159	33.1069	5.69252
8000	160	39.0984	250.36
8000	161	167.69	270.459
8000	162	-900.615	141.934
8000	163	423.597	-265.702
8000	164	-154.33	138.11
8000	165	-552.023	-252.065
8000	166	-432.032	309.426
8000	167	708.601	-1184.94
8000	168	641.821	-476.581
8000	169	-127.886	259.438
8000	170	418.169	394.66
8000	171	464.696	1052.52
8000	172	455.51	-835.123
8000	173	297.897	1048.18
8000	174	-384.528	38.3215
8000	175	264.251	-479.506
8000	176	-1039.21	105.662
8000	177	375.157	-487.622
8000	178	-129.583	160.921
8000	179	-129.263	392.096
8000	180	-147.883	-53.2265
8000	181	-447.302	246.963
8000	182	111.97	-384.728
8000	183	600.555	1242.79
8000	184	-329.979	417.844
8000	185	176.287	309.946
8000	186	-395.019	44.865
8000	187	12.4515	-573.555
8000	188	276.545	23.1585
8000	189	497.097	268.507
8000	190	166.923	-592.823
8000	191	763.25	-3.40241
8000	192	-296.925	337.505
8000	193	-5.07515	193.791
8000	194	177.199	259.78
8000	195	-330.685	139.141
8000	196	-53.1725	-78.1253
8000	197	347.073	-126.345
8000	198	-182.093	47.3832
8000	199	-424.728	257.376
8000	200	-220.205	-227.643
8000	201	-73.0887	7.21158
8000	202	-419.387	-505.57
8000	203	-155.344	-1349.65
8000	204	-236.398	-479.904
8000	205	56.4843	765.924
8000	206	-142.149	-794.532
8000	207	-531.505	-76.522
8000	208	-173.413	-1010.69
8000	209	275.743	-811.494
8000	210	286.522	-375.89
8000	211	234.711	-908.93
8000	212	-172.084	-27.5232
8000	213	400.374	-1222.15
8000	214	486.748	1039.36
8000	215	214.497	981.821
8000	216	250.269	1492.49
8000	217	924.407	-1080.24
8000	218	-257.906	-295.489
8000	219	482.398	-19.4175
8000	220	-90.989	-1294.19
8000	221	-70.1754	-730.292
8000	222	135.98	251.299
8000	223	-291.135	-312.12
8000	224	278.549	-45.5812
8000	225	564.362	-341.177
8000	226	-366.924	129.652
8000	227	-84.6354	582.703
8000	228	977.889	-1175.51
8000	229	-286.624	-396.927
8000	230	-87.2143	-152.115
8000	231	324.703	-186.882
8000	232	-552.823	-1262.88
8000	233	660.279	972.78
8000	234	-267.771	-483.33
8000	235	107.254	-95.7427
8000	236	63.8337	-7.50125
8000	237	157.811	-338.397
8000	238	-201.216	-142.224
8000	239	-241.041	31.8672
8000	240	-336.859	65.5476
8000	241	470.111	79.1109
8000	242	93.9284	-155.992
8000	243	344.796	505.598
8000	244	85.1428	867.757
8000	245	-17.294	210.98
8000	246	-209.183	874.981
8000	247	102.22	-651.038
8000	248	-197.806	-193.239
8000	249	-651.999	681.495
8000	250	-377.952	-378.122
8000	251	250.84	38.4738
8000	252	110.198	607.668
8000	253	274.309	-888.738
8000	254	92.2843	-322.447
8000	255	400.301	-238.563
8000	256	-1.08735	349.878
8000	257	214.963	-198.244
8000	258	13.8101	314.574
8000	259	-32.4113	-1855.99
8000	260	-413.033	-1138.88
8000	261	235.181	418.611
8000	262	-401.824	466.852
8000	263	717.655	562.7
8000	264	185.09	713.86
8000	265	599.346	-30.4991
8000	266	-242.616	363.14
8000	267	295.099	239.337
8000	268	319.055	-1541.77
8000	269	-374.564	288.92
8000	270	-186.845	-1113.79
8000	271	-523.275	1132.55
8000	272	-346.181	1898.46
8000	273	-31.8394	-373.676
8000	274	110.707	374.293
8000	275	228.761	1150.79
8000	276	-409.04	1062.47
8000	277	260.319	-239.664
8000	278	124.223	56.4093
8000	279	303.63	-1180.31
8000	280	-689.546	-28.9439
8000	281	22.0264	493.513
8000	282	-169.218	-133.355
8000	283	339.986	-384.662
8000	284	199.108	430.522
8000	285	10.7593	526.845
8000	286	-543.58	-407.893
8000	287	-88.7304	-895.549
8000	288	191.151	-1419.54
8000	289	-59.9865	34.9502
8000	290	-238.768	524.928
8000	291	124.06	-226.157
8000	292	-38.5433	79.7641
8000	293	145.881	187.434
8000	294	-153.846	-161.547
8000	295	111.435	-560.687
8000	296	-499.26	179.35
8000	297	-239.63	393.004
8000	298	-361.409	-228.573
8000	299	65.9138	308.059
8000	300	-540.152	-23.5352
8000	301	-511.766	218.893
8000	302	-31.2202	-623.32
8000	303	-695.508	235.028
8000	304	398.651	-154.534
8000	305	300.059	716.119
8000	306	-615.203	1026.31
8000	307	64.6614	856.846
8000	308	209.373	-1389.09
8000	309	-837.447	816.059
8000	310	29.2865	311.569
8000	311	-852.346	-483.487
8000	312	-152.156	-255.464
8000	313	176.681	235.272
8000	314	-253.982	-459.292
8000	315	-58.3548	-894.256
8000	316	-197.283	647.608
8000	317	41.8215	-566.947
8000	318	290.637	610.74
8000	319	-284.848	96.3104
8000	320	-784.999	-39.6642
8000	321	294.794	-268.476
8000	322	-877.018	721.901
8000	323	340.73	842.463
8000	324	113.843	-62.4541
8000	325	569.273	475.238
8000	326	75.1503	162.011
8000	327	-200.196	548.478
8000	328	545.915	768.222
8000	329	-219.72	108.595
8000	330	15.0443	-408.003
8000	331	301.972	-777.971
8000	332	-150.721	-955.47
8000	333	444.419	465.041
8000	334	215.142	23.0725
8000	335	-642.335	-36.391
8000	336	-811.497	866.422
8000	337	444.863	-476.855
8000	338	-82.3549	146.438
8000	339	506.254	-833.735
8000	340	-777.354	375.797
8000	341	31.3111	401.782
8000	342	13.0648	97.9306
8000	343	-407.24	-198.961
8000	344	-455.16	-173.672
8000	345	148.678	-52.7578
8000	346	575.133	16.798
8000	347	323.274	532.132
8000	348	521.612	-225.615
8000	349	168.261	906.981
8000	350	-525.243	-264.88
8000	351	215.888	320.36
8000	352	445.611	254.106
8000	353	-483.767	-283.679
8000	354	704.25	93.0507
8000	355	-68.2038	-911.833
8000	356	548.908	-338.074
8000	357	191.709	483.374
8000	358	248.052	755.493
8000	359	1.70877	257.921
8000	360	-305.461	-1338.58
8000	361	-350.568	-399.828
8000	362	-59.5991	473.227
8000	363	-24.6202	-1011.04
8000	364	466.774	1115.71
8000	365	286.994	769.921
8000	366	85.4513	325.321
8000	367	-450.456	-118.326
8000	368	-452.143	-214.44
8000	369	136.843	276.281
8000	370	-251.666	-324.014
8000	371	-42.1824	-611.721
8000	372	239.66	176.581
8000	373	-265.681	-128.114
8000	374	225.777	-24.8777
8000	375	-149.799	1384.19
8000	376	264.518	21.8991
8000	377	852.863	403.311
8000	378	124.928	-927.045
8000	379	-186.809	-406.427
8000	380	-241.939	122.235
8000	381	-157.446	-126.48
8000	382	34.9497	159.134
8000	383	-418.181	520.872
8000	384	57.6712	134.235
8000	385	-256.849	855.722
8000	386	388.896	633.407
8000	387	203.03	208.661
8000	388	-256.964	-58.8261
8000	389	440.175	-84.0361
8000	390	188.342	-1123.26
8000	391	-230.74	532.033
8000	392	-380.711	365.694
8000	393	-476.433	551.016
8000	394	274.809	720.515
8000	395	-275.765	938.449
8000	396	230.128	756.878
8000	397	-577.388	943.604
8000	398	200.033	395.687
8000	399	570.822	-606.415
8000	400	101.493	-262.335
8000	401	156.64	-1554.04
8000	402	351.301	1198.09
8000	403	-595.505	-701.204
8000	404	-124.423	122.596
8000	405	-215.082	-160.522
8000	406	-350.438	-172.3
8000	407	-413.568	-380.711
8000	408	872.032	-867.827
8000	409	-117.27	-269.124
8000	410	-651.697	-165.736
8000	411	434.167	81.6892
8000	412	67.8323	31.886
8000	413	412.441	4.03034
8000	414	-259.339	379.9
8000	415	-348.892	-53.0534
8000	416	49.3599	1.01323
8000	417	509.535	735.597
8000	418	246.965	-772.39
8000	419	-126.05	-265.531
8000	420	511.809	-192.951
8000	421	-21.8668	-1717.99
8000	422	-28.6252	695.098
8000	423	-207.646	-602.197
8000	424	178.291	414.711
8000	425	-152.794	-575.352
8000	426	395.603	199.631
8000	427	-163.254	821.928
8000	428	277.434	1154.8
8000	429	-264.186	456.924
8000	430	-465.708	369.567
8000	431	-290.671	-553.394
8000	432	219.845	-1110.42
8000	433	100.327	-533.674
8000	434	447.692	1155.39
8000	435	-105.106	-728.967
8000	436	9.10173	246.056
8000	437	-576.844	-253.397
8000	438	181.609	-187.385
8000	439	-298.587	625.633
8000	440	-131.278	-1129.2
8000	441	-44.7637	85.7636
8000	442	-13.4996	-53.8776
8000	443	342.392	559.295
8000	444	-159.986	-360.083
8000	445	218.289	398.734
8000	446	-134.687	-502.505
8000	447	-426.508	-610.474
8000	448	-231.385	133.023
8000	449	-466.466	-1339.67
8000	450	-43.7905	29.3678
8000	451	30.8597	-286.718
8000	452	54.8355	364.38
8000	453	-768.939	1303.22
8000	454	-51.4851	452.435
8000	455	486.64	-226.675
8000	456	-112.753	452.504
8000	457	409.843	1370.09
8000	458	-0.00169746	114.408
8000	459	-685.133	-607.275
8000	460	-557.976	271.614
8000	461	-49.2958	-528.105
8000	462	-345.306	241.066
8000	463	26.6551	979.667
8000	464	451.644	648.098
8000	465	-162.32	-157.305
8000	466	40.2059	270.2
8000	467	107.85	-484.689
8000	468	436.789	346.265
8000	469	-67.4066	-781.585
8000	470	-369.523	142.275
8000	471	-94.2589	-959.025
8000	472	56.4244	513.123
8000	473	464.182	63.2014
8000	474	-472.319	1674.47
8000	475	295.655	800.019
8000	476	416.273	-143.985
8000	477	-172.815	-530.018
8000	478	16.3509	453.432
8000	479	469.477	328.661
8000	480	-669.952	-1061.07
8000	481	-57.5564	-593.875
8000	482	112.281	-435.133
8000	483	310.972	-208.257
8000	484	673.455	320.956
8000	485	-537.797	1072.37
8000	486	342.212	314.349
8000	487	-254.338	-185.207
8000	488	-923.661	-751.217
8000	489	592.708	-212.497
8000	490	-77.7474	-934.405
8000	491	144.774	-52.5301
8000	492	-56.2983	-452.343
8000	493	632.382	248.512
8000	494	126.058	-738.964
8000	495	-517.129	-421.782
8000	496	-22.7332	18.3881
8000	497	-169.684	51.8164
8000	498	125.676	964.627
8000	499	130.324	1302.56
10000	0	149.929	1027.37
10000	1	-266.445	-316.39
10000	2	408.289	-896.3
10000	3	205.187	-527.79
10000	4	-319.675	-105.058
10000	5	265.857	-895.494
10000	6	184.94	2279.26
10000	7	579.983	300.689
10000	8	-590.805	-173.023
10000	9	-138.162	1317.63
10000	10	223.609	-516.991
10000	11	-63.3285	502.047
10000	12	-822.983	-296.681
10000	13	221.304	1371.58
10000	14	425.234	1112.87
10000	15	-612.448	-1290.26
10000	16	-560.734	-706.873
10000	17	474.373	481.922
10000	18	310.524	131.384
10000	19	740.406	474.76
10000	20	4.51087	616.96
10000	21	76.2015	-593.348
10000	22	-342.277	533.367
10000	23	101.009	618.426
10000	24	132.667	1535.15
10000	25	7.12841	1006.35
10000	26	-108.21	-180.527
10000	27	-159.383	534.148
10000	28	-498.029	385.588
10000	29	191.592	-414.438
10000	30	105.223	-565.951
10000	31	350.516	337.446
10000	32	273.647	-570.016
10000	33	456.984	997.876
10000	34	-103.846	-645.419
10000	35	337.859	634.965
10000	36	219.907	378.853
10000	37	-839.263	-1298.74
10000	38	-295.343	213.114
10000	39	330.994	848.71
10000	40	-13.8817	-1129.97
10000	41	-6.72248	181.296
10000	42	112.624	1133.91
10000	43	-315.861	1010.14
10000	44	-75.4913	-69.0977
10000	45	138.202	1082.72
10000	46	-491.467	2375.12
10000	47	18.4913	446.329
10000	48	-518.145	216.262
10000	49	294.233	-141.163
10000	50	-682.915	-100.637
10000	51	-236.498	-303.805
10000	52	-364.267	362.296
10000	53	-556.331	79.1749
10000	54	-199.003	-620.118
10000	55	501.375	-279.567
10000	56	-736.108	293.64
10000	57	39.7481	-66.5791
10000	58	-304.02	888.208
10000	59	-119.065	-512.187
10000	60	-163.003	441.202
10000	61	-187.027	-210.008
10000	62	-425.248	-1217.24
10000	63	314.913	68.0607
10000	64	-156.869	132.004
10000	65	-187.01	-202.357
10000	66	-344.937	-72.0105
10000	67	-55.7447	1168.23
10000	68	78.2004	-1028.52
10000	69	776.209	-600.77
10000	70	250.829	312.168
10000	71	-382.059	-408.731
10000	72	197.497	776.302
10000	73	-64.8002	29.9755
10000	74	-58.0535	-1649.53
10000	75	453.165	-596.647
10000	76	705.216	-872.986
10000	77	-538.737	-80.1914
10000	78	533.166	-360.941
10000	79	161.411	-0.741353
10000	80	-191.257	-204.464
10000	81	-16.6906	-337.649
10000	82	-417.763	493.199
10000	83	162.345	-1542.18
10000	84	524.628	-449.204
10000	85	82.1066	1302.74
10000	86	107.61	-206.202
10000	87	-110.327	-303.99
10000	88	-57.533	657.464
10000	89	172.583	-659.836
10000	90	-204.976	-31.3326
10000	91	-6.33162	-936.187
10000	92	-301.526	-748.975
10000	93	111.467	-528.097
10000	94	-36.6419	709.758
10000	95	187.868	401.1
10000	96	140.522	-278.469
10000	97	-187.789	-461.992
10000	98	-143.858	1361.62
10000	99	221.377	-24.9426
10000	100	-181.042	-1797.19
10000	101	-476.725	-223.13
10000	102	-380.987	648.981
10000	103	50.9385	-708.798
10000	104	-768.746	-202.911
10000	105	-466.372	319.036
10000	106	295.069	234.287
10000	107	267.178	423.67
10000	108	-302.853	530.697
10000	109	817.948	-688.555
10000	110	17.4065	180.267
10000	111	-94.6588	1443.33
10000	112	-51.2519	32.3844
10000	113	-475.397	233.253
10000	114	-403.436	391.299
10000	115	959.888	830.726
10000	116	-416.602	355.346
10000	117	-42.8346	-506.227
10000	118	-468.595	598.618
10000	119	36.5732	876.637
10000	120	328.069	149.801
10000	121	166.862	-607.378
10000	122	213.085	-118.932
10000	123	-367.75	-52.3633
10000	124	-127.424	-203.383
10000	125	130.154	568.204
10000	126	355.814	104.967
10000	127	178.68	-63.6714
10000	128	-139.961	-1336.31
10000	129	355.874	239.016
10000	130	-206.506	-66.0598
10000	131	-569.107	258.383
10000	132	461.88	618.681
10000	133	52.9867	-520.02
10000	134	-143.217	-879.247
10000	135	-372.579	-690.784
10000	136	-54.1476	-78.8934
10000	137	822.612	-72.4384
10000	138	282.147	815.25
10000	139	172.55	171.745
10000	140	1002.98	160.23
10000	141	-690.37	606.211
10000	142	359.708	-446.592
10000	143	-821.216	179.562
10000	144	-411.808	527.457
10000	145	66.1862	59.3259
10000	146	239.8	494.335
10000	147	-318.54	1066.07
10000	148	-138.994	443.086
10000	149	-253.067	595.383
10000	150	637.638	-421.966
10000	151	21.185	-578.191
10000	152	-148.709	11.4936
10000	153	-731.054	205.655
10000	154	34.008	17.4897
10000	155	196.048	1377.53
10000	156	284.603	-391.307
10000	157	757.29	248.322
10000	158	32.5263	-319.91
10000	159	211.791	44.5389
10000	160	40.021	727.739
10000	161	284.083	353.76
10000	162	-619.701	324.83
10000	163	505.959	-495.426
10000	164	-89.4031	556.957
10000	165	-566.687	-13.2648
10000	166	-384.661	348.611
10000	167	541.685	-1194.02
10000	168	679.76	-430.425
10000	169	-660.418	72.2745
10000	170	362.353	641.024
10000	171	548.558	1131.76
10000	172	411.71	-514.855
10000	173	594.749	984.672
10000	174	-361.085	-538.186
10000	175	193.708	-1136.05
10000	176	-1120.33	196.59
10000	177	271.857	12.8608
10000	178	5.16964	532.798
10000	179	-172.307	397.574
10000	180	-148.017	370.459
10000	181	-239.966	301.371
10000	182	-47.6046	-678.677
10000	183	776.865	943.327
10000	184	240.317	367.254
10000	185	136.491	726.968
10000	186	-344.142	-236.07
10000	187	16.2976	-1239.36
10000	188	229.61	-49.2543
10000	189	602.313	262.46
10000	190	48.7546	-1093.64
10000	191	1063.72	165.482
10000	192	-539.721	530.518
10000	193	-104.209	210.294
10000	194	94.8557	221.137
10000	195	-29.4405	-124.801
10000	196	-253.319	-0.556941
10000	197	269.916	-345.736
10000	198	-296.344	118.75
10000	199	-645.45	97.7548
10000	200	-417.688	-377.975
10000	201	-99.5184	122.726
10000	202	-559.947	-564.937
10000	203	103.622	-1727.08
10000	204	-75.4741	-203.021
10000	205	272.863	452.798
10000	206	-1.2702	-809.449
10000	207	-331.201	-902.81
10000	208	-372.503	-960.244
10000	209	490.015	-922.37
10000	210	396.439	-494.987
10000	211	312.708	-1224.14
10000	212	-53.9465	466.068
10000	213	513.474	-1127.93
10000	214	625.866	746.176
10000	215	184.049	1087.91
10000	216	270.841	1507.9
10000	217	770.676	-1588.03
10000	218	-332.345	-605.202
10000	219	701.355	-11.5412
10000	220	171.417	-1571.27
10000	221	-27.9822	-513.843
10000	222	298.534	-45.1757
10000	223	-646.513	-251.717
10000	224	494.758	-141.021
10000	225	367.7	-285.776
10000	226	-488.527	309.14
10000	227	-146.121	1236.37
10000	228	858.381	-1178.09
10000	229	-209.075	-729.317
10000	230	-7.75491	4.0591
10000	231	464.628	-308.992
10000	232	-785.768	-835.602
10000	233	718.041	1220.63
10000	234	-498.884	-518.5
10000	235	151.545	-382.909
10000	236	123.206	-116.373
10000	237	132.234	-368.163
10000	238	121.129	-31.8369
10000	239	97.2568	-582.865
10000	240	-417.337	279.017
10000	241	573.876	-407.66
10000	242	71.5449	-37.85
10000	243	579.541	960.436
10000	244	-36.3238	1051.24
10000	245	300.302	6.52896
10000	246	-106.2	888.816
10000	247	55.3684	-819.417
10000	248	-275.871	-267.979
10000	249	-509.892	460.768
10000	250	-156.923	-243.326
10000	251	287.151	438.458
10000	252	-29.6889	212.808
10000	253	231.599	-567.332
10000	254	14.1803	-65.53
10000	255	483.843	-250.424
10000	256	17.076	1202.95
10000	257	795.835	-184.011
10000	258	151.083	-66.1709
10000	259	-72.6051	-1283.27
10000	260	-495.264	-759.298
10000	261	396.073	382.649
10000	262	-417.565	570.459
10000	263	776.065	260.222
10000	264	380.466	593.86
10000	265	781.169	-213.685
10000	266	-98.5782	467.933
10000	267	334.112	593.475
10000	268	400.056	-1496.66
10000	269	-308.111	515.828
10000	270	-107.322	-1174.37
10000	271	-391.063	1362.52
10000	272	-508.089	1689.47
10000	273	112.106	-507.714
10000	274	309.58	-190.303
10000	275	-101.731	886.551
10000	276	-290.089	598.802
10000	277	259.046	-637.872
10000	278	150.071	374.825
10000	279	207.909	-929.46
10000	280	-494.747	-132.498
10000	281	-53.1482	427.948
10000	282	218.029	51.9757
10000	283	219.788	-131.901
10000	284	243.973	290.385
10000	285	361.051	991.14
10000	286	-503.769	-361.27
10000	287	-10.0112	-964.473
10000	288	324.233	-1548.42
10000	289	202.075	235.203
10000	290	-202.289	500.28
10000	291	80.6826	151.291
10000	292	22.3842	133.897
10000	293	264.693	248.013
10000	294	-283.919	169.71
10000	295	-87.9086	-311.36
10000	296	-450.552	-71.0949
10000	297	-200.451	212.021
10000	298	-719.583	-500.864
10000	299	-30.7009	436.108
10000	300	-430.677	-6.66816
10000	301	-391.537	194.745
10000	302	-88.7382	-401.336
10000	303	-615.697	-58.8583
10000	304	537.854	-216.295
10000	305	43.8284	929.933
10000	306	-690.823	1485.03
10000	307	132.795	1085.68
10000	308	390.506	-1655.73
10000	309	-597.967	701.993
10000	310	-32.1052	485.563
10000	311	-850.082	-594.929
10000	312	-74.1104	300.393
10000	313	54.0981	300.417
10000	314	-113.311	-1164.46
10000	315	-441.278	-931.233
10000	316	-121.687	903.502
10000	317	172.148	-594.468
10000	318	516.879	369.599
10000	319	-143.096	585.41
10000	320	-287.125	33.8726
10000	321	93.979	-173.81
10000	322	-935.67	597.048
10000	323	302.571	537.951
10000	324	131.275	189.006
10000	325	514.118	1206.57
10000	326	-60.1755	325.938
10000	327	-274.987	1025.58
10000	328	666.798	785.899
10000	329	-180.353	-278.214
10000	330	-50.7331	-407.342
10000	331	489.912	-1190.85
10000	332	-288.759	-326.472
10000	333	247.966	277.523
10000	334	320.562	229.988
10000	335	-540.524	-192.796
10000	336	-871.952	951.989
10000	337	362.86	133.066
10000	338	-101.783	44.8007
10000	339	347.352	-437.991
10000	340	-757.885	549.379
10000	341	149.614	-274.493
10000	342	-104.277	346.325
10000	343	-524.119	-327.748
10000	344	-568.625	28.5885
10000	345	68.4411	-442.153
10000	346	252.857	-384.177
10000	347	300.197	537.622
10000	348	160.615	-176.573
10000	349	328.734	939.984
10000	350	-384.866	-9.34581
10000	351	74.7307	62.4208
10000	352	550.718	286.389
10000	353	-485.875	-497.188
10000	354	345.844	171.303
10000	355	-66.5634	-718.107
10000	356	474.749	-555.172
10000	357	137.857	557.648
10000	358	-1.37076	297.502
10000	359	59.2389	-417.07
10000	360	-445.477	-1351.43
10000	361	-196.398	-26.0822
10000	362	-78.8242	733.548
10000	363	-105.774	-958.145
10000	364	382.089	788.493
10000	365	89.0926	1364.08
10000	366	564.553	-43.4593
10000	367	-213.504	-383.898
10000	368	-589.357	-261.452
10000	369	-123.042	491.165
10000	370	-110.591	-35.3257
10000	371	-220.805	-361.335
10000	372	362.362	199.44
10000	373	-229.827	47.1507
10000	374	108.397	0.992747
10000	375	112.696	1172.08
10000	376	-101.608	-370.563
10000	377	430.793	-106.998
10000	378	166.635	-1037.65
10000	379	-244.142	-477.304
10000	380	-180.459	769.38
10000	381	-240.811	-488.311
10000	382	139.325	170.364
10000	383	-12.0711	256.284
10000	384	217.062	-286.311
10000	385	-177.287	903.747
10000	386	346.609	621.582
10000	387	223.514	33.9573
10000	388	-218.929	233.102
10000	389	539.06	95.7431
10000	390	250.66	-356.174
10000	391	-490.113	910.098
10000	392	-222.305	76.3997
10000	393	-843.248	311.216
10000	394	494.312	210.551
10000	395	-352.787	983.171
10000	396	133.688	1333.78
10000	397	-171.531	439.098
10000	398	402.576	138.501
10000	399	412.225	-1124.98
10000	400	147.439	-276.275
10000	401	514.276	-1601.55
10000	402	355.942	958.756
10000	403	-773.836	-83.261
10000	404	44.8659	250.456
10000	405	-345.606	153.854
10000	406	-349.956	129.902
10000	407	-472.831	-327.965
10000	408	754.518	-583.922
10000	409	-74.3297	109.116
10000	410	-752.517	-954.017
10000	411	579.849	-85.7966
10000	412	67.1584	158.23
10000	413	573.782	-128.237
10000	414	-218.195	150.974
10000	415	-304.151	526.953
10000	416	-68.7838	-409.483
10000	417	646.841	703.896
10000	418	122.931	-725.539
10000	419	-513.444	-667.709
10000	420	571.78	-362.293
10000	421	-36.1929	-2420.54
10000	422	-85.8626	454.935
10000	423	-312.486	-265.564
10000	424	-80.5764	64.4884
10000	425	-95.2257	-976.086
10000	426	374.803	508.917
10000	427	-124.253	535.102
10000	428	-101.405	1012.96
10000	429	-424.46	-8.74636
10000	430	-486.771	361.807
10000	431	-591.381	-473.686
10000	432	60.7835	-1318.74
10000	433	-81.1753	-241.307
10000	434	287.101	1521.45
10000	435	-42.5102	-371.964
10000	436	129.605	-191.478
10000	437	-371.426	-434.755
10000	438	240.703	-665.369
10000	439	-507.877	1125.94
10000	440	-206.22	-1349.34
10000	441	-364.442	-84.8687
10000	442	-312.468	591.65
10000	443	382.644	52.1112
10000	444	-6.54837	-166.656
10000	445	60.6308	-3.13994
10000	446	203.687	-548.676
10000	447	-382.652	-890.531
10000	448	-509.624	-520.156
10000	449	-296.91	-1754.09
10000	450	163.978	-565.335
10000	451	-249.244	-179.778
10000	452	15.0735	55.2037
10000	453	-847.08	1271.86
10000	454	-182.901	407.934
10000	455	245.166	87.3674
10000	456	100.226	473.908
10000	457	532.562	1124.7
10000	458	-24.5747	145.439
10000	459	-618.462	-377.902
10000	460	-598.429	-171.482
10000	461	-254.951	-175.227
10000	462	-505.535	425.159
10000	463	-119.681	1417.26
10000	464	363.851	46.2
10000	465	-142.55	131.409
10000	466	164.446	-89.442
10000	467	205.947	-384.932
10000	468	537.844	1068.63
10000	469	-24.8454	-520.472
10000	470	-330.52	-439.47
10000	471	-379.554	-1348.92
10000	472	-67.2884	844.199
10000	473	245.964	1054.14
10000	474	-353.808	1439.75
10000	475	381.818	1310.37
10000	476	276.466	-656.448
10000	477	-114.679	-536.697
10000	478	118.057	20.7921
10000	479	515.328	676.788
10000	480	-688.132	-1195.58
10000	481	-195.644	-356.14
10000	482	-60.4081	-502.401
10000	483	449.94	-121.022
10000	484	432.748	478.463
10000	485	-236.405	1340.68
10000	486	301.912	512.827
10000	487	-476.224	-369.36
10000	488	-1145.9	-17.6298
10000	489	651.892	-465.24
10000	490	-247.884	-1286.31
10000	491	477.439	-234.241
10000	492	-33.1015	-622.842
10000	493	740.187	-27.3062
10000	494	466.586	-926.528
10000	495	-157.363	-1221.98
10000	496	-20.6609	-330.499
10000	497	-230.228	-382.799
10000	498	221.284	282.225
10000	499	52.3162	877.052
12000	0	176.635	651.91
12000	1	-161.067	-289.72
12000	2	156.332	-935.184
12000	3	146.46	-983.368
12000	4	-517.141	-668.703
12000	5	225.105	-906.854
12000	6	117.548	1519.73
12000	7	704.562	784.114
12000	8	-330.53	64.2994
12000	9	-38.0661	948.827
12000	10	79.7066	-774.501
12000	11	87.7736	-414.87
12000	12	-1147.56	-514.983
12000	13	239.509	1253.64
12000	14	254.361	1362.89
12000	15	-684.246	-1337.67
12000	16	-439.595	-582.327
12000	17	256.634	98.244
12000	18	152.643	19.8389
12000	19	957.854	590.153
12000	20	-94.2419	764.465
12000	21	185.181	-701.518
12000	22	-228.907	406.967
12000	23	220.108	322.835
12000	24	273.824	1502.36
12000	25	263.71	990.346
12000	26	-614.576	-773.684
12000	27	-159.698	726.861
12000	28	-679.396	301.386
12000	29	-94.8719	-115.58
12000	30	219.587	-280.908
12000	31	250.314	117.175
12000	32	448.593	-228.614
12000	33	415.456	735.728
12000	34	-182.209	-939.681
12000	35	237.056	910.627
12000	36	100.654	770.019
12000	37	-892.687	-1414.87
12000	38	63.4898	-64.5117
12000	39	217.391	1091.53
12000	40	-55.3747	-767.182
12000	41	-271.792	82.4986
12000	42	14.4549	1479.78
12000	43	-258.537	1137.6
12000	44	-3.9546	-428.04
12000	45	298.645	1111.46
12000	46	-780.568	1892.93
12000	47	-42.0794	588.472
12000	48	-500.247	-302.342
12000	49	317.279	-581.308
12000	50	-756.944	-193.289
12000	51	-414.344	-617.161
12000	52	-746.765	111.95
12000	53	-855.887	-177.027
12000	54	-302.196	-935.413
12000	55	401.156	-411.262
12000	56	-572.47	168.585
12000	57	-45.5018	164.397
12000	58	-201.229	385.757
12000	59	-537.816	-786.76
12000	60	-183.885	146.508
12000	61	-88.3117	-83.0791
12000	62	-99.7006	-1631.39
12000	63	389.453	-246.762
12000	64	-197.629	924.837
12000	65	-143.589	-22.114
12000	66	-644.035	-288.092
12000	67	-288.708	1241.45
12000	68	336.375	-1010.04
12000	69	693.45	-908.121
12000	70	76.0088	649.414
12000	71	-433.678	-502.323
12000	72	16.9537	831.693
12000	73	-185.412	-306.378
12000	74	-95.6064	-1699.2
12000	75	431.93	-1056.71
12000	76	1076.93	-445.221
12000	77	-652.292	544.066
12000	78	352.493	-358.148
12000	79	143.594	-247.317
12000	80	-70.7288	-133.48
12000	81	131.586	114.028
12000	82	-416.886	820.527
12000	83	18.7548	-1774.67
12000	84	467.193	-516.417
12000	85	-216.806	1516.43
12000	86	-1.87259	-731.339
12000	87	-109.271	-635.83
12000	88	-139.278	395.663
12000	89	380.742	-794.984
12000	90	-124.449	547.451
12000	91	-223.174	-862.911
12000	92	-284.009	118.945
12000	93	187.825	-308.287
12000	94	-361.597	101.26
12000	95	487.378	956.179
12000	96	237.584	-512.941
12000	97	-465.355	-157.805
12000	98	-5.65045	1815.96
12000	99	-119.656	19.3138
12000	100	-340.173	-1804.76
12000	101	-257.68	204.981
12000	102	-402.012	671.038
12000	103	383.722	-914.076
12000	104	-728.131	-429.809
12000	105	-348.469	383.825
12000	106	357.993	664.842
12000	107	304.881	203.294
12000	108	-516.102	524.157
12000	109	810.21	-553.719
12000	110	36.7905	72.9975
12000	111	-195.462	1175.65
12000	112	59.1838	423.44
12000	113	-198.623	253.207
12000	114	-383.606	538.286
12000	115	1301.7	796.266
12000	116	-435.02	906.495
12000	117	56.1566	-414.232
12000	118	-606.851	593.324
12000	119	159.099	823.167
12000	120	360.107	246.517
12000	121	34.3251	-907.673
12000	122	150.338	-82.6047
12000	123	-430.484	-204.682
12000	124	-61.0421	-579.886
12000	125	328.753	897.851
12000	126	91.1635	340.222
12000	127	255.41	-74.5853
12000	128	-257.69	-1344.66
12000	129	276.759	355.774
12000	130	-364.087	-626.562
12000	131	-767.109	493.206
12000	132	442.896	813.377
12000	133	-8.08656	-103.627
12000	134	-245.431	-1118.2
12000	135	-232.552	-419.035
12000	136	-297.794	-173.316
12000	137	964.646	221.34
12000	138	304.84	611.356
12000	139	204.46	282.747
12000	140	987.01	206.221
12000	141	-953.189	855.148
12000	142	413.754	-689.137
12000	143	-661.922	288.204
12000	144	-549.892	947.904
12000	145	129.138	40.0831
12000	146	35.8682	822.425
12000	147	-301.13	1615.58
12000	148	-39.2965	225.02
12000	149	-331.905	952.905
12000	150	538.11	-15.2171
12000	151	-103.984	-47.7824
12000	152	-571.605	512.646
12000	153	-811.146	167.376
12000	154	-3.94685	-136.632
12000	155	294.136	1372.94
12000	156	175.954	-833.497
12000	157	588.885	330.489
12000	158	-274.123	-537.826
12000	159	475.519	105.525
12000	160	-239.599	1136.95
12000	161	-95.6826	133.893
12000	162	-817.644	274.06
12000	163	583.868	-906.045
12000	164	-588.196	609.923
12000	165	-284.234	72.421
12000	166	-259.442	286.957
12000	167	346.548	-1039.97
12000	168	758.246	-1034.89
12000	169	-787.486	-95.6459
12000	170	299.997	554.612
12000	171	567.427	1453.39
12000	172	469.826	-20.2005
12000	173	618.637	549.548
12000	174	-254.405	-1035.48
12000	175	96.3516	-1432.2
12000	176	-920.054	438.746
12000	177	443.885	-83.1531
12000	178	-65.3485	279.301
12000	179	-230.072	478.206
12000	180	-208.257	348.596
12000	181	-536.374	199.84
12000	182	-26.5974	-500.46
12000	183	958.319	971.055
12000	184	226.844	972.895
12000	185	213.537	113.52
12000	186	-465.666	-270.399
12000	187	-26.2173	-1736.37
12000	188	90.6976	4.7474
12000	189	760.062	234.201
12000	190	30.4384	-1358.1
12000	191	972.988	242.62
12000	192	-889.643	643.846
12000	193	-249.682	29.5782
12000	194	-164.994	106.797
12000	195	-27.6086	335.41
12000	196	-392.147	-8.52122
12000	197	239.808	235.17
12000	198	-294.921	-292.037
12000	199	-345.1	-196.664
12000	200	-394.456	-396.526
12000	201	-32.6768	214.47
12000	202	-756.923	-412.874
12000	203	307.184	-1151.66
12000	204	-57.5779	183.765
12000	205	13.2128	638.072
12000	206	-39.1765	-818.833
12000	207	-53.063	-865.6
12000	208	-495.134	-1077.35
12000	209	334.281	-430.34
12000	210	158.903	-971.636
12000	211	351.039	-964.37
12000	212	114.114	213.579
12000	213	981.009	-968.158
12000	214	585.261	868.346
12000	215	389.92	1038.16
12000	216	367.663	1619.29
12000	217	890.128	-1448.82
12000	218	-259.969	-465.112
12000	219	561.419	-147.533
12000	220	230.435	-1433.06
12000	221	-8.71371	-383.535
12000	222	496.257	-250.995
12000	223	-919.988	-587.759
12000	224	460.222	296.96
12000	225	442.072	-366.718
12000	226	-648.724	351.683
12000	227	-672.481	1390.45
12000	228	837.932	-1024.53
12000	229	-571.006	-790.375
12000	230	232.805	119.724
12000	231	144.418	-566.804
12000	232	-871.806	-668.936
12000	233	514.993	1085.57
12000	234	-457.484	-545.722
12000	235	170.389	-666.623
12000	236	-153.639	138.399
12000	237	195.662	-67.0031
12000	238	341.537	358.501
12000	239	214.946	-406.431
12000	240	-337.532	589.499
12000	241	771.42	-227.15
12000	242	193.962	-481.955
12000	243	440.856	753.935
12000	244	-435.09	991.148
12000	245	603.582	-102.748
12000	246	-214.52	260.095
12000	247	58.3318	-1061.88
12000	248	-257.473	-592.952
12000	249	-460.292	157.039
12000	250	-348.913	626.045
12000	251	241.621	860.876
12000	252	-404.686	540.802
12000	253	292.767	-668.539
12000	254	13.1747	95.8011
12000	255	190.639	-358.882
12000	256	78.7779	1173.72
12000	257	857.613	-276.82
12000	258	294.863	230.235
12000	259	-111.719	-1203.68
12000	260	-367.478	-1346.03
12000	261	416.593	27.0532
12000	262	-459.289	717.661
12000	263	539.63	63.4594
12000	264	305.421	495.312
12000	265	800.268	-153.008
12000	266	96.7608	19.5833
12000	267	299.312	1150.97
12000	268	133.405	-1998.03
12000	269	-447.81	668.828
12000	270	-107.056	-1321.86
12000	271	-432.261	1808.6
12000	272	-326.329	1787.17
12000	273	28.3952	-850.948
12000	274	389.676	-317.738
12000	275	115.621	1176.64
12000	276	-273.629	727.266
12000	277	321.788	-878.529
12000	278	286.144	663.509
12000	279	262.353	-786.37
12000	280	-525.482	-210.444
12000	281	-158.285	501.238
12000	282	82.3678	47.3768
12000	283	507.069	-828.205
12000	284	617.066	325.485
12000	285	275.387	1317.69
12000	286	-661.007	-412.58
12000	287	-247.073	-640.419
12000	288	288.82	-1109.08
12000	289	219.562	132.82
12000	290	-158.398	569.157
12000	291	301.946	-465.137
12000	292	-140.054	-116.745
12000	293	-210.335	67.4619
12000	294	-64.2131	105.348
12000	295	211.091	-413.854
12000	296	-346.703	411.863
12000	297	-215.615	-234.753
12000	298	-961.71	162.786
12000	299	-176.075	816.833
12000	300	-647.434	-53.9892
12000	301	-189.26	374.856
12000	302	-107.462	-697.051
12000	303	-535.438	55.7295
12000	304	500.312	-567.864
12000	305	501.852	975.164
12000	306	-377.401	1720.37
12000	307	89.9054	1237.97
12000	308	30.3999	-1312.81
12000	309	-660.887	700.67
12000	310	-145.571	404.295
12000	311	-931.254	-196.87
12000	312	212.675	381.187
12000	313	-128.684	558.553
12000	314	-109.719	-1152.44
12000	315	-420.307	-1124.22
12000	316	-17.9409	1080.24
12000	317	-50.4553	-975.358
12000	318	613.321	371.567
12000	319	-41.1675	766.141
12000	320	-607.774	232.371
12000	321	-263.565	-713.478
12000	322	-796.218	1201.43
12000	323	363.563	982.705
12000	324	233.382	474.249
12000	325	589.29	1289.22
12000	326	-344.003	855.045
12000	327	-567.889	1583.75
12000	328	627.192	732.662
12000	329	-277.199	-27.1649
12000	330	-146.705	-470.989
12000	331	488.033	-781.692
12000	332	-292.121	-876.891
12000	333	225.835	372.909
12000	334	417.014	236.661
12000	335	-240.111	-543.294
12000	336	-710.565	1258.72
12000	337	102.112	-160.333
12000	338	-140.107	576.284
12000	339	384.793	46.958
12000	340	-691.296	926.582
12000	341	211.536	125.531
12000	342	-246.224	733.622
12000	343	-805.995	-630.708
12000	344	-610.047	-140.163
12000	345	8.92988	154.586
12000	346	292.73	-225.702
12000	347	120.418	459.169
12000	348	316.883	-244.257
12000	349	387.886	1297.77
12000	350	-145.775	257.739
12000	351	-65.0129	-78.8125
12000	352	103.411	-64.0099
12000	353	-305.317	-449.198
12000	354	787.036	-462.019
12000	355	114.476	-900.141
12000	356	251.531	-575.369
12000	357	35.8317	160.011
12000	358	-66.5031	295.4
12000	359	43.2339	-880.167
12000	360	-365.25	-1548.93
12000	361	-353.756	324.05
12000	362	-315.564	527.889
12000	363	96.4427	-625.72
12000	364	122.435	-84.3913
12000	365	192.944	1331.53
12000	366	648.042	402.666
12000	367	-241.953	-157.057
12000	368	-390.776	-1.29335
12000	369	47.3876	366.397
12000	370	89.9022	338.983
12000	371	-2.68393	-686.482
12000	372	82.3886	109.048
12000	373	-252.657	582.007
12000	374	70.4229	297.067
12000	375	-211.271	1523.36
12000	376	-121.065	-544.997
12000	377	734.615	314.88
12000	378	7.94158	-635.887
12000	379	-343.393	-132.864
12000	380	-225.104	682.313
12000	381	-95.137	-1096.87
12000	382	120.55	128.564
12000	383	-123.745	62.0891
12000	384	-20.7127	-432.718
12000	385	-257.607	1602.94
12000	386	386.033	608.585
12000	387	323.282	-19.075
12000	388	284.399	287.96
12000	389	375.787	227.715
12000	390	269.939	-712.928
12000	391	-586.983	846.98
12000	392	-304.5	265.428
12000	393	-1061.63	338.509
12000	394	297.453	782.418
12000	395	-449.336	1337.57
12000	396	62.2091	1425.13
12000	397	-188.821	27.0662
12000	398	511.429	-105.19
12000	399	751.804	-1286.84
12000	400	41.8404	-373.289
12000	401	235.14	-1511.62
12000	402	474.727	1210.47
12000	403	-941.259	-171.773
12000	404	-73.506	-281.097
12000	405	-236.119	-247.384
12000	406	-366.679	37.5051
12000	407	-435.21	-468.402
12000	408	1075.27	-383.493
12000	409	137.122	304.937
12000	410	-753.978	-707.811
12000	411	535.924	-49.5373
12000	412	267.916	231.061
12000	413	852.223	-256.461
12000	414	-358.595	169.455
12000	415	-191.223	305.337
12000	416	-191.011	-384.661
12000	417	743.478	768.553
12000	418	-162.464	-1504.85
12000	419	-695.422	-696.055
12000	420	171.198	-432.498
12000	421	-93.696	-2470.74
12000	422	-47.8583	159.592
12000	423	-629.343	78.5221
12000	424	-139.957	592.142
12000	425	-214.912	-1212.23
12000	426	474.264	7.96897
12000	427	-242.443	548.866
12000	428	116.834	1066.58
12000	429	-467.276	-185.025
12000	430	-504.688	1079.65
12000	431	-770.815	-658.114
12000	432	139.731	-1880.44
12000	433	-134.499	-475.461
12000	434	57.397	1565.43
12000	435	-204.647	-222.387
12000	436	10.8761	170.658
12000	437	-402.888	-253.841
12000	438	380.321	-387.743
12000	439	-414.094	666.038
12000	440	-229.74	-1125.48
12000	441	-506.779	510.557
12000	442	-438.088	584.375
12000	443	396.477	-73.1901
12000	444	222.712	340.105
12000	445	-23.4722	-82.6438
12000	446	-257.01	-131.442
12000	447	77.1658	-1352.57
12000	448	-411.817	-482.774
12000	449	-516.746	-1791.98
12000	450	106.244	-513.685
12000	451	-367.616	-450.357
12000	452	155.591	-62.9038
12000	453	-683.921	1714.05
12000	454	22.8453	294.453
12000	455	265.901	-95.058
12000	456	-331.567	685.867
12000	457	633.728	1063.09
12000	458	-20.9962	110.535
12000	459	-850.504	-505.898
12000	460	-558.967	-178.444
12000	461	-69.2313	29.6656
12000	462	-423.794	204.271
12000	463	-254.228	1380.35
12000	464	191.654	-55.8497
12000	465	-180.84	363.818
12000	466	253.086	436.996
12000	467	144.175	-386.156
12000	468	396.465	978.764
12000	469	-27.2607	-497.146
12000	470	48.2666	-494.727
12000	471	-474.237	-2122.98
12000	472	20.711	691.084
12000	473	486.924	587.262
12000	474	-370.356	1407.72
12000	475	200.14	717.387
12000	476	-65.5056	-491.645
12000	477	-115.337	-701.422
12000	478	258.044	-67.41
12000	479	312.225	1353.54
12000	480	-577.805	-1913.89
12000	481	-218.35	3.72988
12000	482	231.634	-321.864
12000	483	273.826	-211.273
12000	484	430.717	567.276
12000	485	-356.119	1346.95
12000	486	-20.1184	3.86717
12000	487	-573.972	-202.708
12000	488	-936.526	660.871
12000	489	911.092	-671.897
12000	490	-328.676	-1189.39
12000	491	454.467	-209.644
12000	492	-214.183	-927.203
12000	493	1116.8	-131.941
12000	494	766.966	-1314.7
12000	495	-399.515	-1299.34
12000	496	215.747	-467.191
12000	497	-250.388	-642.634
12000	498	441.774	436.563
12000	499	-68.0573	571.137
14000	0	82.2283	696.041
14000	1	-164.422	-264.365
14000	2	104.193	-684.236
14000	3	226.206	-1445.62
14000	4	-797.927	-1104.94
14000	5	167.354	-586.522
14000	6	176.439	1711.18
14000	7	643.196	1015.2
14000	8	-253.514	-191.262
14000	9	-238.593	1153.85
14000	10	18.087	-498.166
14000	11	-1.61516	-268.005
14000	12	-1109.8	-437.45
14000	13	217.345	1236.17
14000	14	324.415	2523.54
14000	15	-742.628	-1564.04
14000	16	-519.85	-752.419
14000	17	-243.425	35.4413
14000	18	233.911	277.939
14000	19	982.396	530.343
14000	20	-16.6862	205.447
14000	21	83.947	-706.981
14000	22	32.4876	330.481
14000	23	381.291	-49.6438
14000	24	352.038	1852.12
14000	25	164.83	702.953
14000	26	-884.027	-833.654
14000	27	-139.908	850.128
14000	28	-787.688	913.687
14000	29	-114.453	8.65277
14000	30	235.108	143.902
14000	31	135.42	35.8733
14000	32	113.697	41.2023
14000	33	477.957	1043.81
14000	34	-121.45	-1160.09
14000	35	435.488	886.071
14000	36	190.125	504.681
14000	37	-876.269	-1386.5
14000	38	173.734	185.902
14000	39	120.872	690.422
14000	40	206.722	-874.09
14000	41	-110.165	-607.151
14000	42	35.593	1954.25
14000	43	2.84068	751.952
14000	44	-183.138	-79.7622
14000	45	141.108	913.599
14000	46	-820.766	1379.37
14000	47	-84.0433	695.114
14000	48	-398.825	-370.241
14000	49	157.654	-680.043
14000	50	-794.546	138.855
14000	51	-475.414	-633.576
14000	52	-858.367	234.743
14000	53	-754.785	252.882
14000	54	-444.78	-929.555
14000	55	200.586	-526.296
14000	56	-474.056	-451.049
14000	57	294.744	350.929
14000	58	-303.11	512.038
14000	59	-747.081	-1021.16
14000	60	-242.909	625.201
14000	61	193.287	91.4587
14000	62	-143.178	-1870.68
14000	63	471.085	-55.9376
14000	64	-118.831	561.116
14000	65	-56.2676	389.241
14000	66	-966.724	-505.257
14000	67	-132.057	1369.14
14000	68	360.789	-956.261
14000	69	603.368	-985.229
14000	70	-242.734	527.729
14000	71	-192.632	-525.172
14000	72	197.264	1103.05
14000	73	-387.781	71.8133
14000	74	-235.274	-1789.95
14000	75	633.654	-766.43
14000	76	956.873	-457.167
14000	77	-643.138	809.613
14000	78	54.0903	-48.2229
14000	79	-99.9044	245.518
14000	80	-31.8128	10.1982
14000	81	22.0052	249.122
14000	82	-616.814	785.49
14000	83	220.925	-2336.04
14000	84	326.916	-958.491
14000	85	-296.267	1982.82
14000	86	89.7695	-435.173
14000	87	-211.232	-988.213
14000	88	-97.2294	737.817
14000	89	420.711	-500.689
14000	90	-343.636	246.841
14000	91	-262.721	-791.013
14000	92	-324.594	86.7645
14000	93	406.159	-302.473
14000	94	-454.347	-359.134
14000	95	646.397	849.252
14000	96	318.269	-877.314
14000	97	-333.039	325.552
14000	98	-163.291	1811.73
14000	99	-138.806	-121.75
14000	100	-382.108	-1442.94
14000	101	-259.065	324.303
14000	102	-860.761	624.872
14000	103	645.824	-841.979
14000	104	-849.048	-126.236
14000	105	-373.405	292.446
14000	106	541.191	418.397
14000	107	685.884	336.524
14000	108	-475.544	653.187
14000	109	663.094	-719.004
14000	110	-118.287	2.46052
14000	111	42.1428	2006.97
14000	112	89.0218	240.448
14000	113	2.42592	380.522
14000	114	-442.768	823.025
14000	115	1241.49	899.77
14000	116	-597.612	747.246
14000	117	-103.892	-395.684
14000	118	-710.775	867.601
14000	119	36.8867	842.393
14000	120	382.684	322.941
14000	121	356.188	-959.721
14000	122	63.7494	41.5738
14000	123	-231.221	-156.973
14000	124	80.5917	-439.33
14000	125	509.655	574.973
14000	126	-27.0281	1047.74
14000	127	292.566	94.7865
14000	128	-277.329	-1546.95
14000	129	234.492	-13.8799
14000	130	-542.226	-369.821
14000	131	-667.698	220.697
14000	132	461.583	1036.14
14000	133	118.509	-57.6766
14000	134	-243.335	-1054.24
14000	135	-69.4353	-305.747
14000	136	-232.66	-209.316
14000	137	1262.58	319.03
14000	138	107.697	710.894
14000	139	472.085	96.7671
14000	140	1218.34	145.155
14000	141	-1053.4	901.243
14000	142	552.37	-526.63
14000	143	-760.892	466.219
14000	144	-362.21	1145.48
14000	145	-29.8703	889.628
14000	146	102.896	730.111
14000	147	-257.938	1564.81
14000	148	60.9893	139.283
14000	149	-268.141	638.857
14000	150	679.924	-114.945
14000	151	164.615	127.869
14000	152	-665.79	1165.21
14000	153	-413.072	533.971
14000	154	194.464	56.717
14000	155	152.2	1187.55
14000	156	235.799	-1372.05
14000	157	529.817	-157.722
14000	158	-531.921	-872.085
14000	159	694.14	-365.369
14000	160	-379.708	1249.15
14000	161	202.188	404.159
14000	162	-819.976	106.428
14000	163	646.52	-985.324
14000	164	-859.485	371.751
14000	165	-283.354	78.3013
14000	166	-191.471	522.344
14000	167	72.3124	-876.15
14000	168	618.644	-507.398
14000	169	-767.609	415.093
14000	170	500.078	924.058
14000	171	349.085	609.463
14000	172	298.995	86.562
14000	173	375.478	-306.285
14000	174	-439.322	-1595.15
14000	175	379.596	-1328.69
14000	176	-1062.31	362.259
14000	177	433.002	171.754
14000	178	-94.3493	754.849
14000	179	-332.929	0.535128
14000	180	-126.376	655.309
14000	181	-858.038	314.427
14000	182	114.375	-96.8212
14000	183	1020.59	859.682
14000	184	702.239	1205.7
14000	185	216.444	456.775
14000	186	-365.697	-658.471
14000	187	161.763	-1582.29
14000	188	31.1279	36.1351
14000	189	701.736	933.315
14000	190	166.295	-1138.63
14000	191	1104.08	937.405
14000	192	-578.953	443.575
14000	193	-306.61	215.278
14000	194	-85.315	693.327
14000	195	50.1787	513.69
14000	196	-575.687	-248.192
14000	197	-70.3403	-325.866
14000	198	-216.014	339.222
14000	199	-299.704	-270.207
14000	200	-211.349	-690.043
14000	201	-88.1733	80.0927
14000	202	-659.716	93.4558
14000	203	222.32	-965.639
14000	204	1.8595	178.741
14000	205	-293.883	820.021
14000	206	-299.049	-671.385
14000	207	-266.415	-1086.68
14000	208	-233.19	-1095.74
14000	209	456.201	-636.76
14000	210	228.59	-547.802
14000	211	330.612	-1346.45
14000	212	108.254	220.905
14000	213	679.316	-1270.12
14000	214	747.69	760.028
14000	215	299.659	1132.43
14000	216	206.369	1100.91
14000	217	626.931	-1915.68
14000	218	-119.759	-592.367
14000	219	284.239	-269.723
14000	220	76.6563	-1393.3
14000	221	-447.251	-439.52
14000	222	335.757	-573.66
14000	223	-840.833	-1094.97
14000	224	437.894	449.582
14000	225	444.171	-677.865
14000	226	-458.963	779.809
14000	227	-568.162	1454.86
14000	228	634.604	-1141.86
14000	229	-410.131	-1095.08
14000	230	333.371	223.909
14000	231	287.389	-489.455
14000	232	-1292.83	-574.292
14000	233	519.073	1581.11
14000	234	-175.864	-518.803
14000	235	128.456	-464.402
14000	236	-95.6593	305.021
14000	237	-44.1571	-220.574
14000	238	298.331	474.528
14000	239	115.75	-686.776
14000	240	-535.082	732.312
14000	241	730.149	-233.547
14000	242	210.068	-253.229
14000	243	462.106	459.135
14000	244	-527.257	969.37
14000	245	621.02	-195.402
14000	246	-431.5	791.488
14000	247	42.9815	-1185.02
14000	248	62.43	-1144.71
14000	249	-310.358	-199.045
14000	250	-136.983	524.829
14000	251	271.991	1344.49
14000	252	-518.868	545.325
14000	253	533.166	-489.716
14000	254	-128.657	221.882
14000	255	344.116	-134.05
14000	256	-161.221	1117.59
14000	257	614.643	254.167
14000	258	272.885	-99.3548
14000	259	-1.49651	-1041.68
14000	260	-434.004	-943.394
14000	261	337.774	386.092
14000	262	-240.798	1204.53
14000	263	625.048	-163.552
14000	264	301.617	225.505
14000	265	800.764	-8.33191
14000	266	438.094	81.2665
14000	267	533.333	1203.69
14000	268	207.192	-1884.86
14000	269	-771.453	286.686
14000	270	-255.045	-1099.85
14000	271	-429.212	1806.48
14000	272	-166.16	1540.18
14000	273	-212.929	-475.604
14000	274	513.361	-983.097
14000	275	-68.0744	1344.79
14000	276	-130.009	466.756
14000	277	358.409	-345.217
14000	278	186.551	420.638
14000	279	301.395	-777.271
14000	280	-526.375	147.758
14000	281	-435.776	667.493
14000	282	-162.611	80.9754
14000	283	839.779	-494.309
14000	284	721.256	506.149
14000	285	493.968	1317.13
14000	286	-724.884	-315.617
14000	287	-88.035	-477.102
14000	288	322.598	-464.061
14000	289	-221.47	340.523
14000	290	-82.2192	886.436
14000	291	121.345	-191.595
14000	292	-280.542	-1011.35
14000	293	-492.767	-92.5563
14000	294	-12.5581	-66.3512
14000	295	313.677	-413.543
14000	296	-27.4616	557.626
14000	297	-198.158	-695.915
14000	298	-1023.69	30.8604
14000	299	-434.682	1104.94
14000	300	-720.326	-896.318
14000	301	-190.81	43.4325
14000	302	-189.7	-313.942
14000	303	-715.366	317.683
14000	304	397.996	-294.842
14000	305	419.529	797.678
14000	306	-299.429	1436.2
14000	307	6.03776	1464.94
14000	308	109.272	-1370.53
14000	309	-526.767	915.486
14000	310	-211.707	73.8682
14000	311	-1014.15	228.956
14000	312	243.988	84.4773
14000	313	-166.827	582.764
14000	314	-96.3425	-1305.77
14000	315	-559.513	-1693.17
14000	316	-101.459	861.828
14000	317	90.8994	-1107.94
14000	318	571.875	630.333
14000	319	-262.58	1314.28
14000	320	-528.71	286.272
14000	321	-143.777	-372.402
14000	322	-777.231	1238.86
14000	323	103.701	758.088
14000	324	333.678	858.201
14000	325	613.323	1547.13
14000	326	-205.229	496.176
14000	327	-975.258	1983.13
14000	328	795.313	1018.71
14000	329	-179.371	318.172
14000	330	-49.1477	-155.776
14000	331	580.467	-837.861
14000	332	-550.312	-1029.53
14000	333	243.842	-170.649
14000	334	417.038	1067.6
14000	335	18.9104	-887.058
14000	336	-868.409	1393.62
14000	337	41.9875	29.8923
14000	338	-367.684	757.437
14000	339	176.22	300.84
14000	340	-636.399	1065.53
14000	341	271.194	-81.8763
14000	342	-526.831	775.571
14000	343	-849.835	-1006.38
14000	344	-650.313	202.477
14000	345	-169.938	421.009
14000	346	634.442	-284.905
14000	347	500.344	146.445
14000	348	298.036	-329.914
14000	349	455.176	913.598
14000	350	-203.483	130.085
14000	351	-69.2882	-640.8
14000	352	245.566	-418.118
14000	353	-164.492	-238.33
14000	354	466.903	40.9703
14000	355	-224.241	-1089.91
14000	356	49.0053	-124.145
14000	357	-203.506	288.059
14000	358	-110.822	141.853
14000	359	40.9566	-865.961
14000	360	-244.847	-1708.42
14000	361	-213.264	-5.41849
14000	362	-254.748	1073.75
14000	363	-387.434	-570.284
14000	364	262.093	-209.888
14000	365	91.6325	1762.09
14000	366	907.453	279.593
14000	367	-206.291	-164.889
14000	368	-431.879	-104.544
14000	369	57.1523	283.292
14000	370	246.392	146.429
14000	371	118.749	-1313.49
14000	372	280.509	112.271
14000	373	-192.379	551.847
14000	374	-261.329	511.934
14000	375	-349.404	1144.28
14000	376	-218.207	-452.744
14000	377	535.732	-284.041
14000	378	26.6784	-325.956
14000	379	-205.254	251.871
14000	380	-265.191	272.24
14000	381	79.6424	-1213.19
14000	382	121.499	66.6219
14000	383	259.233	54.4565
14000	384	-305.652	-252.549
14000	385	-218.642	1246.96
14000	386	684.152	4.32073
14000	387	322.117	295.636
14000	388	347.73	-112.609
14000	389	277.904	276.239
14000	390	148.499	-842.112
14000	391	-307.19	1181.25
14000	392	-399.724	834.347
14000	393	-745.64	654.406
14000	394	336.279	887.423
14000	395	-411.28	928.011
14000	396	48.2823	1284.08
14000	397	-51.1061	280.353
14000	398	560.58	-388.939
14000	399	889.866	-1455.92
14000	400	423.69	-555.398
14000	401	455.894	-2100.88
14000	402	374.624	1547.43
14000	403	-792.708	-294.453
14000	404	345.92	-124.527
14000	405	-233.365	517.884
14000	406	-584.645	-327.876
14000	407	-131.869	-829.621
14000	408	1476.83	-928.24
14000	409	-16.3801	-36.457
14000	410	-953.181	-988.378
14000	411	333.271	203.641
14000	412	292.771	78.7273
14000	413	833.439	-1084.16
14000	414	-298.703	778.182
14000	415	52.65	226.095
14000	416	-175.578	-74.2355
14000	417	747.357	1017.02
14000	418	104.656	-1672.75
14000	419	-653.457	-1000.55
14000	420	54.1548	-439.366
14000	421	19.873	-2466.85
14000	422	-49.2344	147.697
14000	423	-789.68	207.316
14000	424	-90.8836	563.381
14000	425	-114.571	-1917.27
14000	426	114.887	3.85945
14000	427	-464.165	656.365
14000	428	-242.254	1420.02
14000	429	-486.933	-132.731
14000	430	-218.613	1795.89
14000	431	-771.762	-617.342
14000	432	39.0443	-2205.16
14000	433	-436.539	-551.418
14000	434	-72.0367	1526.69
14000	435	-325.38	-346.064
14000	436	-331.283	581.532
14000	437	-339.913	412.862
14000	438	541.876	-517.769
14000	439	-489.32	517.702
14000	440	155.727	-1301.44
14000	441	-306.197	212.11
14000	442	-770.596	110.879
14000	443	226.629	-410.963
14000	444	-98.9197	108.301
14000	445	-179.687	605.602
14000	446	-477.208	-229.936
14000	447	-5.33726	-757.245
14000	448	-336.822	-455.48
14000	449	-615.949	-2157.85
14000	450	224.039	321.17
14000	451	-438.453	-504.736
14000	452	33.4371	7.78878
14000	453	-724.919	2000.67
14000	454	-1.86836	-178.726
14000	455	326.084	464.83
14000	456	-472.15	413.672
14000	457	772.801	1120.18
14000	458	182.713	191.038
14000	459	-1097.06	-312.686
14000	460	-171.551	-338.294
14000	461	-8.9068	-382.489
14000	462	-364.727	203.922
14000	463	-214.741	1806.08
14000	464	233.86	-11.7041
14000	465	-179.377	12.2342
14000	466	640.555	422.546
14000	467	-236.096	-998.775
14000	468	653.859	1202.32
14000	469	15.7951	-591.552
14000	470	50.6116	-397.246
14000	471	-451.311	-1686.06
14000	472	173.911	275.929
14000	473	543.07	1352.37
14000	474	-172.385	1378.06
14000	475	-25.9592	452.984
14000	476	-102.857	-544.421
14000	477	-15.8788	-675.496
14000	478	399.396	168.626
14000	479	296.512	1061.41
14000	480	-897.906	-1878.78
14000	481	-137.654	369.231
14000	482	152.346	-490.313
14000	483	231.175	-609.067
14000	484	338.254	619.405
14000	485	-299.617	1752.24
14000	486	382.072	-105.869
14000	487	-560.825	260.73
14000	488	-644.214	900.45
14000	489	1194.45	-482.222
14000	490	-65.2578	-717.181
14000	491	515.569	-662.823
14000	492	-211.968	-213.713
14000	493	1156.28	126.558
14000	494	879.198	-1088.76
14000	495	-389.754	-1262.3
14000	496	421.498	-490.701
14000	497	-448.712	-683.736
14000	498	509.298	30.2896
14000	499	-186.18	394.734
16000	0	-122.013	608.515
16000	1	-164	-865.21
16000	2	381.417	-1094.75
16000	3	6.19642	-1862.31
16000	4	-851.215	-1027.96
16000	5	90.2471	-1102.22
16000	6	694.011	1413.94
16000	7	724.724	1221.87
16000	8	-91.2668	-512.027
16000	9	-540.021	835.428
16000	10	-58.6238	-809.797
16000	11	-22.9424	-493.698
16000	12	-1126.17	-524.436
16000	13	32.0579	1147.8
16000	14	154.848	2224.31
16000	15	-416.228	-1434.01
16000	16	-802.155	-644.309
16000	17	-629.953	174.516
16000	18	234.883	1045.84
16000	19	826.025	125.473
16000	20	142.216	-171.193
16000	21	325.463	-938.028
16000	22	-270.8	240.644
16000	23	380.276	600.582
16000	24	264.138	2443.58
16000	25	365.636	613.082
16000	26	-999.076	-653.025
16000	27	-238.68	605.47
16000	28	-682.72	1442.92
16000	29	-32.7895	-100.506
16000	30	238.916	264.833
16000	31	451.944	-295.084
16000	32	-45.0862	152.473
16000	33	215.43	1237.69
16000	34	-63.0326	-831.078
16000	35	235.21	1010.54
16000	36	218.547	587.822
16000	37	-779.419	-1170.3
16000	38	185.825	10.5947
16000	39	92.7454	373.06
16000	40	205.073	-339.64
16000	41	-49.0131	-604.019
16000	42	162.608	2580.13
16000	43	-355.5	225.264
16000	44	-157.309	-618.627
16000	45	117.166	1197.17
16000	46	-639.311	1000.52
16000	47	55.8532	1078.72
16000	48	-555.506	157.524
16000	49	432.139	-247.424
16000	50	-1018.89	669.35
16000	51	-553.726	-1038.73
16000	52	-823.649	124.814
16000	53	-895.945	178.68
16000	54	-622.629	-1290.62
16000	55	238.943	205.8
16000	56	-415.341	-334.492
16000	57	51.6799	-188.936
16000	58	-224.744	517.929
16000	59	-877.944	-1009.35
16000	60	-511.583	-278.406
16000	61	161.51	60.528
16000	62	138.903	-1789.79
16000	63	633.791	-412.025
16000	64	-129.329	451.091
16000	65	-119.842	329.046
16000	66	-823.792	-722.035
16000	67	-345.87	1203.58
16000	68	259.368	-124.071
16000	69	686.596	-1169.71
16000	70	-336.225	-26.1678
16000	71	-130.08	-377.053
16000	72	77.559	1006.38
16000	73	-507.129	18.9673
16000	74	-157.634	-2148.68
16000	75	570.952	-611.863
16000	76	755.284	-320.127
16000	77	-451.25	830.855
16000	78	133.115	85.5231
16000	79	4.26161	249.208
16000	80	88.5954	86.6257
16000	81	149.085	184.947
16000	82	-616.226	872.707
16000	83	140.502	-2181.99
16000	84	487.57	-1015.28
16000	85	-597.319	2475.79
16000	86	36.6192	-345.302
16000	87	-230.92	-654.989
16000	88	40.9045	589.027
16000	89	502.672	-657.472
16000	90	-403.848	185.242
16000	91	-100.889	-1333.14
16000	92	-92.0956	117.467
16000	93	314.813	-192.406
16000	94	-455.397	327.806
16000	95	467.8	910.549
16000	96	162.168	-889.071
16000	97	-242.953	292.847
16000	98	-143.513	2080.4
16000	99	-295.46	-89.9271
16000	100	-81.4756	-908.855
16000	101	-269.664	677.208
16000	102	-781.887	753.301
16000	103	458.563	-632.377
16000	104	-790.215	334.113
16000	105	-266.182	388.616
16000	106	467.913	797.005
16000	107	892.315	70.8511
16000	108	-581.821	846.681
16000	109	620.391	-1010.32
16000	110	-332.512	60.2547
16000	111	182.249	2355.61
16000	112	95.1372	-547.972
16000	113	104.44	-369.722
16000	114	-621.411	1133.1
16000	115	1139.67	1222.04
16000	116	-716.739	849.354
16000	117	77.2174	-390.851
16000	118	-591.232	900.562
16000	119	481.862	862.474
16000	120	481.55	562.193
16000	121	478.586	-246.761
16000	122	71.9014	375.087
16000	123	-250.59	-56.7685
16000	124	-180.049	-615.265
16000	125	291.404	14.391
16000	126	12.2136	1236.44
16000	127	595.791	649.071
16000	128	-437.251	-1865.98
16000	129	214.504	-633.783
16000	130	-286.531	-202.331
16000	131	-789.778	102.214
16000	132	122.456	1355.72
16000	133	32.6399	-35.4641
16000	134	-70.7333	-1292.29
16000	135	-231.697	-26.9631
16000	136	-310.413	-103.951
16000	137	981.343	430.519
16000	138	291.052	589.696
16000	139	357.295	-262.592
16000	140	1290.61	35.1148
16000	141	-672.556	1183.51
16000	142	635.527	-794.203
16000	143	-901.21	559.782
16000	144	-491.115	1191.96
16000	145	199.454	817.831
16000	146	285.947	780.077
16000	147	-102.583	1223.18
16000	148	-56.6602	-226.336
16000	149	-133.206	451.685
16000	150	618.824	-121.786
16000	151	392.91	345.059
16000	152	-366.908	882.426
16000	153	-312.924	65.4807
16000	154	-138.559	75.2884
16000	155	82.5558	881.07
16000	156	191.313	-1394.05
16000	157	347.877	307.33
16000	158	-726.264	-1558.25
16000	159	703.983	-474.795
16000	160	-320.037	1308.45
16000	161	445.781	433.506
16000	162	-539.139	220.509
16000	163	567.54	-1172.34
16000	164	-827.139	246.312
16000	165	-265.002	-200.17
16000	166	-329.672	188.719
16000	167	89.983	-735.435
16000	168	660.206	-447.61
16000	169	-805.958	141.096
16000	170	513.963	1299.27
16000	171	445.256	-325.981
16000	172	260.994	-128.417
16000	173	680.303	-71.3405
16000	174	-588.847	-1042.5
16000	175	96.3878	-1361.37
16000	176	-1319.39	474.402
16000	177	251.79	-261.821
16000	178	-93.6197	524.577
16000	179	-412.534	82.4522
16000	180	172.938	497.957
16000	181	-996.841	890.484
16000	182	171.831	-140.085
16000	183	1037.62	702.757
16000	184	708.031	1388.2
16000	185	53.3547	24.6611
16000	186	-665.995	-689.909
16000	187	119.709	-1667.85
16000	188	-85.7919	111.704
16000	189	1039.24	1039.61
16000	190	-9.71477	-1178.67
16000	191	799.74	969.27
16000	192	-303.406	335.714
16000	193	-505.028	-134.665
16000	194	16.5359	891.418
16000	195	53.8547	728.337
16000	196	-752.095	-256.803
16000	197	-173.207	-265.175
16000	198	42.8697	892.066
16000	199	-383.593	-520.467
16000	200	165.639	-250.231
16000	201	-33.4136	-188.855
16000	202	-800.286	-116.854
16000	203	383.381	-844.362
16000	204	-156.883	232.713
16000	205	-385.17	466.148
16000	206	-419.98	-136.632
16000	207	8.36456	-1237.07
16000	208	-334.301	-1255.38
16000	209	598.513	-940.817
16000	210	229.492	-474.36
16000	211	393.048	-621.512
16000	212	-134.99	343.147
16000	213	600.971	-1349.96
16000	214	806.003	744.321
16000	215	242.302	794.242
16000	216	210.134	1239.16
16000	217	590.912	-1733.89
16000	218	-153.24	-912.581
16000	219	242.831	-685.418
16000	220	330.466	-1476
16000	221	-527.949	-258.869
16000	222	137.894	-608.536
16000	223	-810.753	-580.097
16000	224	282.167	635.165
16000	225	585.336	66.5711
16000	226	-346.212	266.382
16000	227	-706.617	1293.08
16000	228	515.552	-802.538
16000	229	-550.023	-768.235
16000	230	214.704	427.34
16000	231	319.059	-553.793
16000	232	-1013.09	-842.404
16000	233	546.12	1696.51
16000	234	-397.082	-469.861
16000	235	-133.484	-895.599
16000	236	-192.358	-1.03591
16000	237	-7.42682	52.2108
16000	238	281.497	501.245
16000	239	94.9581	-943.892
16000	240	-496.703	900.114
16000	241	625.914	-427.917
16000	242	-48.1987	385.384
16000	243	321.65	-83.7591
16000	244	-662.534	685.954
16000	245	728.102	-59.1018
16000	246	-352.591	813.661
16000	247	-141.582	-1638.72
16000	248	262.949	-1307.58
16000	249	-288.836	120.587
16000	250	-277.227	280.136
16000	251	428.055	740.059
16000	252	-570.495	439.783
16000	253	256.396	-447.248
16000	254	-411.317	-408.702
16000	255	442.918	-118.824
16000	256	-290.978	1024.72
16000	257	96.5813	491.543
16000	258	232.148	-244.818
16000	259	-211.031	-710.66
16000	260	-438.019	-1069.23
16000	261	374.647	681.962
16000	262	-101.125	1325.84
16000	263	639.192	-464.703
16000	264	400.775	560.48
16000	265	760.578	-452.567
16000	266	229.906	-483.704
16000	267	412.972	1600.73
16000	268	284.16	-1290.41
16000	269	-770.448	366.606
16000	270	-128.152	-940.951
16000	271	-310.418	2083.44
16000	272	-266.727	1594.19
16000	273	-252.146	-374.107
16000	274	448.994	-1062.96
16000	275	-19.3692	1389.05
16000	276	88.9011	390.757
16000	277	421.648	-232.573
16000	278	206.103	1209.16
16000	279	181.562	-458.196
16000	280	-825.512	453.682
16000	281	-395.651	694.995
16000	282	-425.446	-9.42151
16000	283	679.984	-409.027
16000	284	937.734	468.056
16000	285	549.71	1131.17
16000	286	-884.734	-871.64
16000	287	-389.961	-739.893
16000	288	364.032	84.3805
16000	289	-461.145	305.096
16000	290	-19.9127	848.495
16000	291	221.611	360.804
16000	292	-198.502	-1035.09
16000	293	-273.249	-70.1737
16000	294	11.229	-489.794
16000	295	236.245	-580.059
16000	296	-118.987	611.639
16000	297	-218.98	-1438.93
16000	298	-784.189	-12.3993
16000	299	-622.428	1378.04
16000	300	-797.812	-1075.56
16000	301	69.3361	-173.697
16000	302	-415.057	-305.492
16000	303	-815.87	150.071
16000	304	79.1941	-672.088
16000	305	700.106	646.278
16000	306	-231.691	1909.72
16000	307	-34.6204	1800.96
16000	308	-212.818	-869.024
16000	309	-340.74	1366.19
16000	310	-230.128	-115.573
16000	311	-1064.5	298.139
16000	312	389.525	-532.695
16000	313	-265.043	275.807
16000	314	-20.8119	-1151.69
16000	315	-602.488	-1945.01
16000	316	155.301	432.104
16000	317	69.5447	-838.218
16000	318	616.345	860.718
16000	319	-521.056	1986.09
16000	320	-707.383	-109.773
16000	321	-222.689	-386.708
16000	322	-852.294	1637.82
16000	323	-39.9384	544.569
16000	324	352.584	1106.83
16000	325	449.547	1622.2
16000	326	-243.433	1093.17
16000	327	-1178.16	1561.54
16000	328	686.413	1202.96
16000	329	-321.987	189.856
16000	330	-88.2574	-326.508
16000	331	608.915	-1074.76
16000	332	-371.396	-805.389
16000	333	585.459	108.768
16000	334	215.364	860.201
16000	335	-144.434	-1225.14
16000	336	-959.382	1538.09
16000	337	-21.461	-756.779
16000	338	-460.292	355.134
16000	339	87.6076	665.326
16000	340	-314.541	756.347
16000	341	410.935	-136.947
16000	342	-453.591	881.342
16000	343	-787.17	-1078.39
16000	344	-628.871	269.559
16000	345	-193.482	84.7515
16000	346	812.923	-360.625
16000	347	820.908	-166.654
16000	348	338.949	-611.376
16000	349	648.54	837.504
16000	350	-85.8728	-149.097
16000	351	-131.149	-538.803
16000	352	486.9	-315.635
16000	353	-45.628	-270.937
16000	354	584.973	305.012
16000	355	-224.113	-667.582
16000	356	145.897	-368.569
16000	357	-383.167	495.119
16000	358	-292.57	234.201
16000	359	78.6105	-672.915
16000	360	-383.273	-1881.32
16000	361	-231.318	-309.952
16000	362	-79.932	1221.59
16000	363	-206.567	-926.649
16000	364	325.054	101.641
16000	365	-49.2999	1981.96
16000	366	866.792	414.606
16000	367	-229.156	18.9078
16000	368	-752.296	-47.5847
16000	369	213.713	661.72
16000	370	307.417	206.401
16000	371	376.958	-861.045
16000	372	558.672	232.733
16000	373	-95.2788	1216.83
16000	374	-112.78	859.93
16000	375	-93.3182	1159.27
16000	376	-483.232	-338.29
16000	377	214.512	-151.461
16000	378	-50.0371	158.971
16000	379	-544.428	132.493
16000	380	-99.7489	167.327
16000	381	79.0152	-721.164
16000	382	39.0873	182.126
16000	383	60.2418	179.557
16000	384	-323.494	-576.343
16000	385	-104.799	1158.31
16000	386	846.378	68.5886
16000	387	490.811	701.83
16000	388	529.327	490.549
16000	389	208.803	179.999
16000	390	-171.596	-754.004
16000	391	-235.663	1435.76
16000	392	-301.761	665.307
16000	393	-759.588	523.981
16000	394	-25.1604	1154.97
16000	395	-565.891	1005.82
16000	396	229.53	1868.06
16000	397	185.371	86.2884
16000	398	180.402	57.8991
16000	399	670.782	-813.189
16000	400	483.922	-428.055
16000	401	334.881	-2618.94
16000	402	74.793	852.568
16000	403	-674.856	-263.433
16000	404	126.272	-46.2044
16000	405	-598.102	431.437
16000	406	-971.877	-952.324
16000	407	-52.5477	-671.61
16000	408	1414.09	-1196.94
16000	409	40.9187	220.313
16000	410	-1093.1	-1292.13
16000	411	215.943	144.634
16000	412	447.717	-210.975
16000	413	892.553	-1184.84
16000	414	-354.762	686.412
16000	415	374.626	-267.915
16000	416	-226.672	-27.8951
16000	417	362.747	998.916
16000	418	-55.7093	-1731.82
16000	419	-675.775	-882.813
16000	420	-10.758	-473.547
16000	421	64.7364	-2242.66
16000	422	-25.4504	-179.613
16000	423	-989.636	160.54
16000	424	137.836	-2.32002
16000	425	188.081	-1805.83
16000	426	-144.416	-87.389
16000	427	-624.997	239.006
16000	428	-281.785	1598.9
16000	429	-423.071	-608.116
16000	430	-168.341	1607.95
16000	431	-753.147	-826.068
16000	432	-78.7843	-2627.74
16000	433	-636.22	-424.413
16000	434	65.9804	1837.7
16000	435	-545.637	-400.981
16000	436	-369.706	605.857
16000	437	-557.611	512.912
16000	438	560.77	-1058.59
16000	439	-537.912	790.162
16000	440	170.695	-859.623
16000	441	-593.586	507.526
16000	442	-701.786	431.411
16000	443	324.361	-162.573
16000	444	-258.945	261.593
16000	445	-480.295	1005.86
16000	446	-179.088	98.0807
16000	447	-43.0965	-581.611
16000	448	-430.33	-296.406
16000	449	-696.35	-2060.61
16000	450	107.066	588.554
16000	451	-686.479	-357.552
16000	452	-305.409	386.933
16000	453	-607.776	2073.8
16000	454	-262.962	-6.21252
16000	455	146.998	258.475
16000	456	-472.806	106.147
16000	457	574.243	1184.86
16000	458	-119.198	28.734
16000	459	-979.412	57.6732
16000	460	-232.756	-1225.12
16000	461	-127.974	-135.656
16000	462	-570.162	1220.89
16000	463	126.776	1624.99
16000	464	264.111	163.096
16000	465	60.011	258.011
16000	466	398.702	442.084
16000	467	-225.905	-974.621
16000	468	494.733	976.794
16000	469	-45.5905	-333.29
16000	470	269.085	-469.686
16000	471	-394.483	-1305.42
16000	472	435.933	488.799
16000	473	486.089	1382.76
16000	474	-73.2268	1234.96
16000	475	-186.372	656.005
16000	476	-321.575	-337.038
16000	477	-171.089	-440.04
16000	478	477.875	192.105
16000	479	28.0067	668.773
16000	480	-882.419	-1973.93
16000	481	21.9698	-57.6615
16000	482	369.276	-903.398
16000	483	92.4108	-329.031
16000	484	308.08	896.092
16000	485	-214.545	1694.15
16000	486	223.056	-106.15
16000	487	-816.464	9.45559
16000	488	-486.239	932.678
16000	489	1230.92	-678.137
16000	490	-212.095	-624.905
16000	491	437.112	-1141.77
16000	492	-11.9429	-538.388
16000	493	1058.99	-435.996
16000	494	844.74	-1127.87
16000	495	0.168794	-1536.24
16000	496	117.491	-333.807
16000	497	-406.635	-582.403
16000	498	702.36	-185.308
16000	499	-168.453	554.735
18000	0	-122.342	872.344
18000	1	-97.8562	-1086.84
18000	2	264.765	-746.047
18000	3	-234.476	-2485.11
18000	4	-1058.74	-1418.86
18000	5	361.739	-1281.17
18000	6	597.341	1438.12
18000	7	720.279	1794.43
18000	8	-232.038	-375.83
18000	9	-499.387	881.056
18000	10	-80.3869	-806.313
18000	11	-43.7576	-565.09
18000	12	-968.971	-273.277
18000	13	-45.3043	783.395
18000	14	492.74	2040.93
18000	15	-417.523	-1368.08
18000	16	-600.963	-647.657
18000	17	-521.945	-12.7913
18000	18	135.224	1074.24
18000	19	651.34	32.3567
18000	20	136.199	-366.594
18000	21	205.684	-471.301
18000	22	-305.935	653.962
18000	23	341.752	789.698
18000	24	210.556	2266.51
18000	25	444.022	507.944
18000	26	-1035.94	-743.12
18000	27	-219.971	294.458
18000	28	-490.902	1238.16
18000	29	107.327	-44.8682
18000	30	581.924	610.51
18000	31	393.109	-680.037
18000	32	72.4628	-55.9222
18000	33	318.003	1350.06
18000	34	-43.1091	-909.133
18000	35	-64.4323	103.327
18000	36	261.515	382.348
18000	37	-1039.43	-912.137
18000	38	144.953	105.436
18000	39	-116.479	-55.1191
18000	40	-54.6018	-624.7
18000	41	-51.3097	-51.4045
18000	42	333.828	2696.97
18000	43	-237.135	487.999
18000	44	15.2141	-901.714
18000	45	278.727	1121.61
18000	46	-761.898	608.64
18000	47	99.064	844.877
18000	48	-839.419	-461.959
18000	49	498.077	-722.549
18000	50	-1216.84	380.305
18000	51	-604.633	-1084.64
18000	52	-760.452	282.077
18000	53	-756.007	-288.511
18000	54	-726.62	-793.176
18000	55	279.843	453.581
18000	56	-317.424	-467.463
18000	57	115.184	-215.208
18000	58	-164.837	409.624
18000	59	-936.428	-1077.8
18000	60	-464.595	-128.693
18000	61	234.233	372.703
18000	62	-137.324	-1214.76
18000	63	630.305	-369.707
18000	64	-278.503	700.052
18000	65	60.4262	325.992
18000	66	-783.107	-448.818
18000	67	-549.201	1104.8
18000	68	235.877	404.573
18000	69	602.904	-1160.76
18000	70	-725.016	-383.013
18000	71	133.5	40.0516
18000	72	-60.8899	1287.08
18000	73	-365.91	310.098
18000	74	-54.999	-1689.58
18000	75	912.161	-733.564
18000	76	1056.3	-368.457
18000	77	-498.17	1481.44
18000	78	392.533	-75.0096
18000	79	123.968	150.715
18000	80	208.177	-149.893
18000	81	164.653	319.851
18000	82	-735.52	1217.61
18000	83	301.47	-2395.87
18000	84	625.636	-993.555
18000	85	-596.935	2126.61
18000	86	-111.534	-379.029
18000	87	-27.0488	-1100.75
18000	88	77.3305	410.712
18000	89	602.598	-114.565
18000	90	-187.066	880.143
18000	91	59.3417	-988.118
18000	92	-263.498	-491.904
18000	93	132.46	-11.9474
18000	94	-557.493	157.297
18000	95	668.418	968.372
18000	96	1.21258	-1104.6
18000	97	-363.831	695.522
18000	98	-2.61542	2413.52
18000	99	-315.815	-58.7004
18000	100	78.9719	-638.834
18000	101	-118.592	244.783
18000	102	-600.008	646.054
18000	103	560.1	86.8381
18000	104	-878.812	54.6059
18000	105	-287.104	412.316
18000	106	197.866	666.206
18000	107	988.248	-227.831
18000	108	-597.621	1049.26
18000	109	776.043	-1102.27
18000	110	-236.295	384.454
18000	111	421.113	2669.1
18000	112	236.886	-418.329
18000	113	-135.596	-746.387
18000	114	-622.689	1517.86
18000	115	1221.27	680.638
18000	116	-727.052	1036.66
18000	117	277.573	-929.234
18000	118	-711.66	439.648
18000	119	395.645	1172.96
18000	120	541.294	266.953
18000	121	436.045	-76.3378
18000	122	271.401	153.568
18000	123	-185.385	-424.455
18000	124	-362.802	-988.731
18000	125	-208.043	-36.6926
18000	126	-82.2056	1493.27
18000	127	591.621	547.215
18000	128	-617.201	-1719.23
18000	129	215.857	-535.715
18000	130	-320.765	-342.359
18000	131	-963.939	400.643
18000	132	1.22034	1207.07
18000	133	-387.321	-211.678
18000	134	-85.3813	-1073.27
18000	135	9.70955	86.549
18000	136	-436.325	-708.004
18000	137	702.643	306.387
18000	138	308.489	206.754
18000	139	312.627	-86.6464
18000	140	1369.75	129.111
18000	141	-832.178	1054.45
18000	142	675.624	-70.3638
18000	143	-1003.2	379.169
18000	144	-673.06	1433.58
18000	145	-208.027	1257.72
18000	146	362.69	645.212
18000	147	-459.761	1863.45
18000	148	6.83346	-4.78769
18000	149	-130.262	354.513
18000	150	640.594	-659.605
18000	151	282.091	584.092
18000	152	-563.09	1097.28
18000	153	-293.396	-57.6084
18000	154	-178.654	-99.7886
18000	155	187.185	1354.12
18000	156	-105.935	-1397.68
18000	157	468.301	630.962
18000	158	-531.766	-1730.3
18000	159	534.174	-753.457
18000	160	-171.537	832.898
18000	161	626.017	297.667
18000	162	-447.909	580.204
18000	163	848.615	-940.93
18000	164	-1069.4	279.335
18000	165	-229.05	-373.48
18000	166	-372.395	475.541
18000	167	88.89	-877.045
18000	168	361.314	-492.166
18000	169	-886.763	427.992
18000	170	658.07	1480.08
18000	171	167.203	-659.265
18000	172	378	-681.029
18000	173	716.956	134.37
18000	174	-745.657	-885.678
18000	175	101.418	-1380.83
18000	176	-1321.89	211.317
18000	177	214.411	-33.5673
18000	178	3.55912	-44.9893
18000	179	-452.295	-254.992
18000	180	270.838	811.276
18000	181	-799.087	753.954
18000	182	111.524	233.627
18000	183	976.059	981.197
18000	184	838.324	1759.72
18000	185	134.531	-220.311
18000	186	-904.36	-589.378
18000	187	113.643	-1625.71
18000	188	253.224	-152.965
18000	189	1088.63	791.124
18000	190	-133.558	-1718.35
18000	191	379.604	1301.06
18000	192	-317.86	89.4392
18000	193	-586.251	-360.757
18000	194	-38.3231	1200.68
18000	195	50.6164	513.361
18000	196	-675.476	245.789
18000	197	-112.11	-482.81
18000	198	-14.4513	855.777
18000	199	-382.338	-522.971
18000	200	24.3266	-58.2303
18000	201	-193.941	-469.105
18000	202	-944.813	157.644
18000	203	567.641	-449.57
18000	204	-136.59	602.905
18000	205	-485.388	536.051
18000	206	-599.652	-71.9175
18000	207	56.7028	-1086.52
18000	208	-553.953	-1222.53
18000	209	397.577	-1006.66
18000	210	221.263	-696.516
18000	211	29.4618	-789.741
18000	212	41.1682	150.916
18000	213	501.939	-970.95
18000	214	924.822	826.853
18000	215	-58.3194	1000.57
18000	216	189.481	1626.43
18000	217	509.275	-2114.63
18000	218	68.7034	-1053.12
18000	219	362.525	-720.742
18000	220	368.899	-1654.27
18000	221	-726.06	-346.831
18000	222	175.551	-700.276
18000	223	-881.597	-724.713
18000	224	240.251	892.249
18000	225	462.018	296.974
18000	226	-459.538	622.447
18000	227	-665.289	1591.75
18000	228	620.475	-882.199
18000	229	-328.8	-8.81733
18000	230	252.05	647.534
18000	231	446.478	-607.844
18000	232	-867.249	-648.937
18000	233	497.942	1528.63
18000	234	-162.382	-976.112
18000	235	-173.62	-822.582
18000	236	-352.984	-341.673
18000	237	202.408	-429.843
18000	238	398.17	752.802
18000	239	-203.098	-627.174
18000	240	-457.655	598.882
18000	241	565.569	-77.8868
18000	242	10.4449	378.048
18000	243	500.483	-424.594
18000	244	-616.157	873.943
18000	245	523.693	-478.616
18000	246	-439.333	1375.68
18000	247	-242.889	-1819.49
18000	248	183.165	-997.076
18000	249	-585.853	210.064
18000	250	-319.093	327.207
18000	251	408.848	503.103
18000	252	-406.093	126.207
18000	253	470.933	-902.289
18000	254	-366.922	133.968
18000	255	386.269	167.741
18000	256	-398.037	479.735
18000	257	254.689	641.707
18000	258	237.561	-2.17064
18000	259	109.126	-496.994
18000	260	-514.387	-1212.91
18000	261	738.628	1205.44
18000	262	-458.576	883.997
18000	263	699.101	-729.036
18000	264	503.114	29.2245
18000	265	946.705	-784.902
18000	266	179.234	-248.405
18000	267	174.521	1730.01
18000	268	320.984	-1462.03
18000	269	-568.868	885.783
18000	270	-367.244	-602.772
18000	271	-169.803	1908.29
18000	272	-488.683	1953.1
18000	273	-631.368	-856.832
18000	274	431.445	-1078.88
18000	275	-51.9246	1794.13
18000	276	93.13	127.3
18000	277	640.28	301.428
18000	278	-54.7711	1101.14
18000	279	420.511	30.9888
18000	280	-925.776	170.13
18000	281	-186.17	869.241
18000	282	-522.523	-131.048
18000	283	562.421	-569.226
18000	284	960.226	345.483
18000	285	510.545	1300.07
18000	286	-602.336	-1058.37
18000	287	-426.331	-1012.3
18000	288	40.8458	-75.3874
18000	289	-618.361	274.98
18000	290	-230.528	658.478
18000	291	46.0745	531.878
18000	292	-314.591	-1344.47
18000	293	-191.603	117.568
18000	294	247.11	-327.017
18000	295	572.763	-759.465
18000	296	-161.974	309.312
18000	297	-136.139	-1503.74
18000	298	-763.609	95.7799
18000	299	-685.915	908.749
18000	300	-878.277	-1240.61
18000	301	-112.024	-257.82
18000	302	-463.424	-194.581
18000	303	-841.044	-123.937
18000	304	358.926	-293.777
18000	305	682.592	77.4467
18000	306	-173.918	1428.27
18000	307	248.804	1616.21
18000	308	-351.803	-702.446
18000	309	-397.123	1138.66
18000	310	-332.178	-194.505
18000	311	-1104.75	341.688
18000	312	584.274	-367.118
18000	313	-247.193	415.069
18000	314	182.843	-1512.96
18000	315	-260.809	-2015.93
18000	316	140.099	379.013
18000	317	-8.62452	-372.784
18000	318	412.07	1324.6
18000	319	-564.159	1648.28
18000	320	-626.637	-296.578
18000	321	-329.829	-990.291
18000	322	-798.062	2095.97
18000	323	123.447	9.85246
18000	324	-8.61635	1221.11
18000	325	331.033	2012.51
18000	326	-86.5251	713.095
18000	327	-1136.44	1489.05
18000	328	497.565	805.831
18000	329	-321.394	299.547
18000	330	-8.10199	-671.156
18000	331	367.826	-1256.57
18000	332	-530.836	-690.89
18000	333	523.995	-94.9565
18000	334	-2.94504	683.103
18000	335	-242.662	-1247.84
18000	336	-1012.73	2057.78
18000	337	-35.8841	-583.781
18000	338	-398.486	1031.45
18000	339	105.968	930.585
18000	340	-265.863	409.399
18000	341	649.628	100.742
18000	342	-307.192	1523.85
18000	343	-809.525	-1407.75
18000	344	-787.495	-439.87
18000	345	-387.786	-105.169
18000	346	895.061	-1059.74
18000	347	862.619	-96.1288
18000	348	398.276	-562.804
18000	349	430.044	599.575
18000	350	52.1764	-150.189
18000	351	-7.00782	-1095.36
18000	352	207.051	-626.015
18000	353	155.382	-214.43
18000	354	426.036	22.6232
18000	355	-66.7812	26.2576
18000	356	132.096	-672.673
18000	357	-186.19	481.865
18000	358	-109.866	-24.6987
18000	359	80.403	-552.43
18000	360	-565.937	-1854.03
18000	361	-408.761	-335.728
18000	362	132.132	749.047
18000	363	194.748	-1338.5
18000	364	342.025	37.9607
18000	365	-449.216	1721.27
18000	366	462.143	508.167
18000	367	-51.4947	-124.512
18000	368	-1009.76	-124.719
18000	369	275.106	755.846
18000	370	269.821	-317.351
18000	371	299.991	-654.713
18000	372	541.214	292.552
18000	373	-328.93	2056.76
18000	374	166.464	379.163
18000	375	-55.377	1378.87
18000	376	-521.257	25.2793
18000	377	251.514	255.528
18000	378	-12.2665	305.596
18000	379	-546.735	-316.468
18000	380	199.402	-105.868
18000	381	224.267	-58.7039
18000	382	76.1801	366.184
18000	383	21.5935	101.383
18000	384	-444.657	-246.207
18000	385	-192.784	853.992
18000	386	1006.13	337.719
18000	387	323.875	359.895
18000	388	480.83	749.365
18000	389	12.2069	121.602
18000	390	-253.73	-858.945
18000	391	-486.513	1412.81
18000	392	-104.859	1371.9
18000	393	-948.209	360.963
18000	394	178.495	1016.5
18000	395	-467.513	1152.62
18000	396	249.165	1231.99
18000	397	36.8993	241.828
18000	398	-196.441	245.248
18000	399	610.159	-1001.64
18000	400	640.295	-191.306
18000	401	197.863	-2400.7
18000	402	225.888	826.59
18000	403	-674.221	-426.989
18000	404	227.496	-205.535
18000	405	-654.35	649.644
18000	406	-932.937	-987.724
18000	407	-71.7276	-128.077
18000	408	1518.29	-1399.88
18000	409	61.721	166.757
18000	410	-1009.88	-1129.46
18000	411	375.118	471.046
18000	412	499.653	-92.8811
18000	413	992.332	-1152.8
18000	414	-415.131	377.747
18000	415	404.974	-238.559
18000	416	-311.747	-119.029
18000	417	436.335	425.355
18000	418	-397.663	-1800.08
18000	419	-274.021	-635.238
18000	420	-184.73	-751.537
18000	421	-55.5863	-1852.36
18000	422	-350.571	-173.704
18000	423	-990.382	148.526
18000	424	409.637	-34.528
18000	425	-75.8425	-1649.62
18000	426	-154.011	-646.271
18000	427	-744.209	522.499
18000	428	-421.112	1635.97
18000	429	-283.36	-1080.88
18000	430	-67.1715	1748.54
18000	431	-660.304	-1144.94
18000	432	180.108	-3092.01
18000	433	-731.068	-95.2974
18000	434	108.743	1995.63
18000	435	-385.862	-456.619
18000	436	-609.772	679.482
18000	437	-739.908	702.5
18000	438	570.151	-1284.32
18000	439	-495.065	824.326
18000	440	371.117	-420.351
18000	441	-716.315	320.018
18000	442	-634.003	164.245
18000	443	184.741	67.5457
18000	444	-335.118	541.618
18000	445	-561.511	1118.16
18000	446	-98.6977	409.971
18000	447	-124.958	-704.719
18000	448	-201.713	-228.881
18000	449	-312.485	-1984.62
18000	450	-11.9357	575.104
18000	451	-846.09	125.76
18000	452	-442.146	267.572
18000	453	-796.442	2023.1
18000	454	-342.905	-106.835
18000	455	363.516	-101.083
18000	456	-453.424	232.749
18000	457	512.898	1673.6
18000	458	-180.848	-417.896
18000	459	-889.876	285.72
18000	460	-278.469	-1105.07
18000	461	8.96739	274.492
18000	462	-813.491	1206.6
18000	463	-50.578	2070.37
18000	464	334.06	41.5849
18000	465	-401.96	183.07
18000	466	82.8328	815.747
18000	467	-353.706	-1069.5
18000	468	255.604	1318.63
18000	469	-8.11613	-451.067
18000	470	648.918	-841.491
18000	471	-584.155	-1024.1
18000	472	640.913	450.093
18000	473	343.229	1056.28
18000	474	10.3608	697.783
18000	475	-41.0002	417.958
18000	476	-263.149	-840.158
18000	477	-55.4372	-36.3492
18000	478	879.406	453.662
18000	479	-110.609	876.968
18000	480	-1208.81	-2383.47
18000	481	-58.6888	245.487
18000	482	213.718	-1165.66
18000	483	188.978	-675.747
18000	484	13.706	448.723
18000	485	-79.2306	1893.49
18000	486	22.836	-512.743
18000	487	-896.591	-291.261
18000	488	-707.007	1410.16
18000	489	851.296	-452.549
18000	490	-245.664	-677.294
18000	491	314.081	-1531.38
18000	492	-331.963	-866.872
18000	493	836.64	-242.75
18000	494	366.747	-846.725
18000	495	138.153	-1952.73
18000	496	195.916	-567.891
18000	497	-510.924	-911.233
18000	498	903.868	-362.619
18000	499	-290.404	-40.4287
20000	0	-243.328	1314.56
20000	1	-110.585	-1121.18
20000	2	21.1942	-498.711
20000	3	-473.179	-2255.64
20000	4	-1103.61	-1457.84
20000	5	323.73	-1099.08
20000	6	768.917	977.911
20000	7	634.575	1509.5
20000	8	-471.276	-693.376
20000	9	-457.77	1014.76
20000	10	-196.988	-1195.1
20000	11	-164.277	-11.9221
20000	12	-949.335	-74.4643
20000	13	-118.278	342.391
20000	14	596.104	1847.83
20000	15	-314.264	-1182.84
20000	16	-619.393	-620.99
20000	17	-543.829	-253.175
20000	18	275.843	1070.49
20000	19	380.982	-596.339
20000	20	202.666	28.806
20000	21	-33.4628	-653.374
20000	22	-330.228	795.507
20000	23	299.875	583.635
20000	24	227.311	2199.11
20000	25	66.1127	516.228
20000	26	-942.375	-1286.92
20000	27	-354.953	114.676
20000	28	-539.905	1642.82
20000	29	-13.8593	27.0442
20000	30	442.181	413.384
20000	31	312.755	-1027.5
20000	32	136.934	271.726
20000	33	-64.192	1292.71
20000	34	219.467	-492.089
20000	35	134.577	-528.801
20000	36	279.576	277.705
20000	37	-920.454	221.027
20000	38	484.526	362.112
20000	39	32.1522	146.273
20000	40	-122.487	-937.417
20000	41	31.7612	110.59
20000	42	472.719	2576.3
20000	43	-174.83	532.574
20000	44	53.3555	-933.992
20000	45	138.939	1113.04
20000	46	-640.988	815.522
20000	47	-127.322	1074.93
20000	48	-640.289	-256.919
20000	49	589.743	-681.221
20000	50	-1296.4	394.935
20000	51	-636.038	-1101.37
20000	52	-859.726	-545.42
20000	53	-687.861	-206.366
20000	54	-698.272	-1204.76
20000	55	500.898	1151.8
20000	56	-347.956	-537.432
20000	57	-4.31203	-96.515
20000	58	-21.1797	576.973
20000	59	-978.525	-1183.95
20000	60	-164.045	102.469
20000	61	52.915	831.354
20000	62	-199.739	-1096.79
20000	63	728.914	-622.183
20000	64	-337.753	1066.66
20000	65	260.828	207.07
20000	66	-739.497	-1048.3
20000	67	-603.77	789.988
20000	68	-29.1549	301.061
20000	69	403.946	-1356.85
20000	70	-383.794	-479.693
20000	71	77.7767	262.649
20000	72	-160.652	1264.81
20000	73	-241.291	341.793
20000	74	103.284	-1432.67
20000	75	991.038	-1054.39
20000	76	919.561	-676.658
20000	77	-510.414	1149.94
20000	78	235.455	198.571
20000	79	-35.4719	-62.0723
20000	80	9.21706	73.3295
20000	81	376.968	-76.2642
20000	82	-575.858	450.109
20000	83	359.267	-2322.02
20000	84	547.362	-1049.04
20000	85	-865.572	2107.08
20000	86	-273.431	-635.787
20000	87	-170.355	-933.298
20000	88	163.131	143.948
20000	89	760.667	-169.988
20000	90	-122.528	1101.43
20000	91	228.001	-760.635
20000	92	-222.904	166.918
20000	93	404.217	82.1476
20000	94	-357.513	155.559
20000	95	688.654	906.551
20000	96	-218.735	-1498.12
20000	97	-410.129	993.609
20000	98	-324.229	2269.26
20000	99	-96.4414	39.7452
20000	100	-236.223	-776.967
20000	101	-75.9719	563.976
20000	102	-660.319	180.076
20000	103	959.674	-241.023
20000	104	-683.327	388.745
20000	105	-269.501	352.545
20000	106	198.134	682.24
20000	107	987.251	-311.941
20000	108	-755.473	986.508
20000	109	533.001	-1497.67
20000	110	-640.58	6.83467
20000	111	164.152	3036.77
20000	112	436.604	302.983
20000	113	-114.414	-1059.39
20000	114	-642.415	1829.74
20000	115	1401.76	1030.9
20000	116	-799.77	1148.46
20000	117	63.9558	-738.112
20000	118	-831.074	483.432
20000	119	336.416	1507.6
20000	120	802.991	604.977
20000	121	713.854	74.1494
20000	122	230.869	-608.357
20000	123	-416.518	-720.886
20000	124	-654.412	-1343.37
20000	125	-309.171	126.862
20000	126	-152.389	1211.68
20000	127	872.8	370.596
20000	128	-636.382	-1897.58
20000	129	194.318	-244.059
20000	130	-335.635	-163.749
20000	131	-1006.73	45.962
20000	132	-133.748	883.884
20000	133	-546.79	76.6924
20000	134	53.7113	-1830.67
20000	135	-92.0733	-35.4309
20000	136	-495.112	-853.437
20000	137	566.387	455.752
20000	138	499.465	-50.5075
20000	139	51.8843	-482.932
20000	140	1467.44	375.203
20000	141	-833.473	1090.65
20000	142	845.521	-277.779
20000	143	-862.336	-79.6377
20000	144	-371.196	1731.93
20000	145	46.4599	1044.48
20000	146	257.321	649.536
20000	147	-320.148	1892.52
20000	148	-19.0276	536.07
20000	149	-190.408	247.344
20000	150	500.179	-909.684
20000	151	301.396	516.751
20000	152	-647.118	1243.4
20000	153	-471.108	-216.58
20000	154	115.882	524.087
20000	155	-91.8365	1661.12
20000	156	-206.093	-1197.9
20000	157	457.422	1088.54
20000	158	-510.509	-1627.07
20000	159	635.391	-901.779
20000	160	-122.176	1254.81
20000	161	206.352	191.154
20000	162	-441.063	793.167
20000	163	940.638	-1254.14
20000	164	-1005.64	-237.847
20000	165	-358.05	-710.404
20000	166	-174.067	790.948
20000	167	209.094	-612.151
20000	168	440.766	-218.495
20000	169	-1195.81	707.671
20000	170	1059.48	1512.3
20000	171	427.942	-1413.05
20000	172	510.423	-648.024
20000	173	856.286	-212.914
20000	174	-583.949	-637.215
20000	175	218.187	-1446.33
20000	176	-1279.58	146.522
20000	177	191.659	16.1179
20000	178	142.931	-9.98609
20000	179	-558.162	-260.879
20000	180	365.095	1169
20000	181	-718.893	802.03
20000	182	311.446	6.87412
20000	183	715.289	474.009
20000	184	821.888	1493.41
20000	185	-243.063	345.874
20000	186	-703.508	-535.11
20000	187	-41.8517	-1721.74
20000	188	117.031	48.2952
20000	189	1100.38	201.27
20000	190	246.301	-1567.93
20000	191	462.909	1200.04
20000	192	-456.826	-154.337
20000	193	-505.088	-718.647
20000	194	-237.243	809.166
20000	195	-72.1006	334.233
20000	196	-875.102	205.686
20000	197	209.451	-615.395
20000	198	-36.1181	826.783
20000	199	-146.075	-864.1
20000	200	145.3	39.0933
20000	201	-309.513	-263.286
20000	202	-869.392	216.455
20000	203	444.291	-885.972
20000	204	-115.901	338.878
20000	205	-669.985	190.358
20000	206	-420.354	-584.625
20000	207	-93.6723	-699.379
20000	208	-571.671	-952.766
20000	209	160.988	-779.422
20000	210	-7.60338	-1335.23
20000	211	191.087	-936.172
20000	212	-52.9405	77.4838
20000	213	339.158	-1563.38
20000	214	1027.16	861.81
20000	215	-97.8343	1256.13
20000	216	254.741	1773.51
20000	217	253.038	-2750.02
20000	218	-67.3043	-1121.55
20000	219	123.506	-499.323
20000	220	294.713	-2553.81
20000	221	-689.602	-12.4441
20000	222	118.558	-690.034
20000	223	-1252.73	-461.065
20000	224	278.563	1519.64
20000	225	266.707	-157.343
20000	226	-853.806	410.119
20000	227	-647.926	1795.99
20000	228	520.296	-731.203
20000	229	-430.776	75.5289
20000	230	97.9584	459.82
20000	231	444.114	-641.08
20000	232	-892.884	-1006.8
20000	233	814.807	1198.56
20000	234	-18.1393	-1217.78
20000	235	-219.479	-634.888
20000	236	-472.932	244.681
20000	237	-300.956	280.292
20000	238	278.909	511.816
20000	239	-482.605	-1332.21
20000	240	-600.265	773.347
20000	241	590.939	351.531
20000	242	-154.161	201.263
20000	243	142.01	-259.345
20000	244	-653.616	551.751
20000	245	561.553	-660.812
20000	246	-454.565	1264.2
20000	247	-243.921	-2026.18
20000	248	284.106	-1111.91
20000	249	-631.335	-227.425
20000	250	-217.126	364.169
20000	251	497.279	669.202
20000	252	-43.373	128.673
20000	253	75.8971	-937.233
20000	254	-188.689	358.649
20000	255	241.994	230.295
20000	256	-253.367	751.606
20000	257	396.09	832.539
20000	258	153.56	-325.282
20000	259	370.472	-682.918
20000	260	-574.598	-1365.9
20000	261	118.276	1366.42
20000	262	-360.237	1237.56
20000	263	739.805	-782.487
20000	264	503.15	-92.7573
20000	265	959.78	-845.172
20000	266	101.211	258.416
20000	267	252.614	2123.04
20000	268	2.68296	-1267.94
20000	269	-288.58	484.035
20000	270	-708.455	-1068.98
20000	271	-128.563	1541.9
20000	272	-764.796	2094.76
20000	273	-671.898	-1154.67
20000	274	631.804	-1126.62
20000	275	-217.732	1594.04
20000	276	89.0492	50.2987
20000	277	583.755	294.602
20000	278	129.76	1519.22
20000	279	518.242	-429.16
20000	280	-1224.04	582.008
20000	281	-194.346	1001.19
20000	282	-722.597	-280.435
20000	283	718.491	-802.105
20000	284	637.287	-271.289
20000	285	509.695	1135.8
20000	286	-523.893	-1623.61
20000	287	-567.683	-1210.79
20000	288	-177.89	130.202
20000	289	-558.655	250.526
20000	290	-301.538	1116.45
20000	291	81.2083	496.147
20000	292	-461.796	-1079.62
20000	293	-248.57	182.499
20000	294	289.184	55.0786
20000	295	434.857	-560.863
20000	296	-298.872	333.421
20000	297	-121.701	-1270.82
20000	298	-165.343	-329.199
20000	299	-752.967	1182.44
20000	300	-799.589	-1116.57
20000	301	124.465	-482.905
20000	302	-629.669	84.8113
20000	303	-696.923	-455.58
20000	304	278.004	-641.46
20000	305	558.428	73.1528
20000	306	-418.032	1453.18
20000	307	127.22	1980
20000	308	-371.498	-995.898
20000	309	-438.304	1030.68
20000	310	-508.132	57.0304
20000	311	-1045.27	501.449
20000	312	287.599	-728
20000	313	-246.125	455.428
20000	314	322.828	-2193.48
20000	315	-82.7783	-2209.99
20000	316	179.462	-186.086
20000	317	9.50008	-591.685
20000	318	532.218	1580.19
20000	319	-782.968	1616.4
20000	320	-707.661	-250.939
20000	321	-97.6872	-779.91
20000	322	-850.681	2530.61
20000	323	-57.7455	-302.56
20000	324	-110.555	944.35
20000	325	372.407	1821.61
20000	326	135.458	546.389
20000	327	-1434.27	1120.06
20000	328	505.555	257.794
20000	329	-563.238	215.261
20000	330	-51.1555	-1173.48
20000	331	308.724	-1003.04
20000	332	-205.721	-333.318
20000	333	663.122	-391.311
20000	334	-62.3876	-434.801
20000	335	-562.606	-874.621
20000	336	-871.492	2039.62
20000	337	4.38422	-637.46
20000	338	-215.494	1156.31
20000	339	-154.597	391.047
20000	340	-290.266	119.826
20000	341	789.636	-271.068
20000	342	-479.239	2087.06
20000	343	-789.658	-1122.16
20000	344	-535.982	-146.583
20000	345	-350.811	-212.297
20000	346	863.815	-1000.5
20000	347	844.446	287.627
20000	348	475.352	-149.988
20000	349	289.465	588.572
20000	350	-248.783	-139.46
20000	351	180.616	-1084.94
20000	352	203.404	-909.034
20000	353	-84.5724	-776.419
20000	354	386.453	473.003
20000	355	95.599	-205.215
20000	356	-29.2495	-744.286
20000	357	-108.817	288.586
20000	358	-372.608	41.4225
20000	359	280.305	-521.207
20000	360	-703.07	-1649.05
20000	361	-285.902	-246.642
20000	362	9.94316	133.776
20000	363	323.026	-1237.7
20000	364	302.284	-70.6107
20000	365	-568.505	1627.15
20000	366	440.515	547.537
20000	367	107.593	-47.9738
20000	368	-847.441	-487.157
20000	369	417.263	905.661
20000	370	-10.0793	-626.375
20000	371	477.063	-457.253
20000	372	338.779	-278.133
20000	373	-353.89	2241.69
20000	374	87.2749	68.4664
20000	375	250.056	1111.44
20000	376	-661.562	-45.5689
20000	377	432.766	-70.9952
20000	378	105.548	463.235
20000	379	-429.384	-381.305
20000	380	78.962	-328.84
20000	381	400.197	-129.802
20000	382	27.2863	544.054
20000	383	-141.952	148.986
20000	384	-635.759	-50.3681
20000	385	-100.222	567.567
20000	386	737.291	249.089
20000	387	483.474	572.262
20000	388	343.044	463.667
20000	389	40.3794	415.261
20000	390	86.4181	-432.191
20000	391	-648.652	1561.94
20000	392	-24.1733	1169.53
20000	393	-1013.72	302.844
20000	394	175.795	992.558
20000	395	-565.997	1555.36
20000	396	150.289	1229.16
20000	397	394.614	113.212
20000	398	-472.637	100.695
20000	399	731.359	-706.639
20000	400	301.05	-765.702
20000	401	458.083	-2794.82
20000	402	31.6175	563.868
20000	403	-594.357	-844.858
20000	404	-21.5619	-485.675
20000	405	-558.433	579.812
20000	406	-572.133	-725.53
20000	407	-69.4528	-805.94
20000	408	1492.98	-1424.64
20000	409	187.402	-156.057
20000	410	-1148.44	-1074.72
20000	411	353.879	239.218
20000	412	627.864	-72.3402
20000	413	912.688	-820.242
20000	414	-339.205	309.005
20000	415	512.106	-0.298621
20000	416	-701.767	-126.783
20000	417	530.36	632.276
20000	418	-514.926	-1373
20000	419	-475.337	-522.885
20000	420	33.3579	-788.57
20000	421	-76.3249	-2202.38
20000	422	-389.143	-176.368
20000	423	-586.906	208.31
20000	424	418.721	9.51555
20000	425	-253.707	-1779.13
20000	426	-232.253	123.722
20000	427	-525.593	441.234
20000	428	-301.36	1828.33
20000	429	-565.589	-1153.41
20000	430	-247.953	2020.41
20000	431	-751.35	-1187.37
20000	432	-199.386	-3026.42
20000	433	-640.049	177.151
20000	434	-79.3961	1848.95
20000	435	-547.528	-322.398
20000	436	-471.108	1607.06
20000	437	-947.375	522.325
20000	438	865.573	-1167.51
20000	439	-133.094	1371.21
20000	440	311.037	-828.017
20000	441	-727.098	437.38
20000	442	-568.228	178.287
20000	443	364.03	123.942
20000	444	-636.094	405.844
20000	445	-382.51	1150.52
20000	446	145.176	847.19
20000	447	-201.015	-278.941
20000	448	26.9442	-481.382
20000	449	-574.207	-2115.94
20000	450	-276.437	380.259
20000	451	-750.304	398.451
20000	452	-624.281	476.176
20000	453	-787.455	2148.99
20000	454	-202.211	-495.435
20000	455	463.823	-457.968
20000	456	-730.988	208.019
20000	457	384.835	1256.52
20000	458	-31.053	-380.354
20000	459	-1198.13	673.619
20000	460	-296.194	-899.053
20000	461	50.0846	176.927
20000	462	-827.375	791.297
20000	463	-15.4654	1734.99
20000	464	435.987	-305.933
20000	465	-420.592	334.832
20000	466	142.681	556.3
20000	467	-134.081	-559.685
20000	468	-5.87055	1735.96
20000	469	-87.4492	-728.201
20000	470	952.89	-650.302
20000	471	-735.349	-1377.82
20000	472	551.782	863.409
20000	473	111.389	947.701
20000	474	-51.9746	741.274
20000	475	73.4872	109.485
20000	476	-227.951	-602.453
20000	477	-296.09	-3.80169
20000	478	1137.67	94.7678
20000	479	-107.769	1100.86
20000	480	-749.497	-2448.75
20000	481	342.459	-452.517
20000	482	170.958	-1023.83
20000	483	339.445	-711.241
20000	484	146.829	140.903
20000	485	100.517	2857.2
20000	486	-179.252	-705.984
20000	487	-915.148	-216.452
20000	488	-647.418	1640.54
20000	489	812.727	-152.176
20000	490	-434.353	-395.164
20000	491	335.185	-1667.46
20000	492	-351.625	-1416.37
20000	493	778.694	-94.8389
20000	494	185.76	-1176.46
20000	495	-1.18631	-2570.1
20000	496	340.069	-402.791
20000	497	-689.095	-1090
20000	498	1024.48	171.357
20000	499	-28.2719	-363.341
