2000	0	-182.657	-42.479
2000	1	54.5024	414.595
2000	2	5.12717	315.102
2000	3	24.3193	-53.4209
2000	4	205.306	-54.3617
2000	5	6.49973	-193.317
2000	6	70.3027	-199.883
2000	7	408.708	381.272
2000	8	49.2855	433.459
2000	9	165.105	94.2567
2000	10	-117.98	-298.99
2000	11	39.6761	-133.581
2000	12	-83.956	50.5792
2000	13	-364.34	-10.9912
2000	14	47.8812	-55.247
2000	15	-449.592	208.572
2000	16	-44.7888	-73.9546
2000	17	176.659	497.74
2000	18	-20.4068	-167.945
2000	19	-41.5914	-154.678
2000	20	-187.043	20.918
2000	21	29.6957	493.105
2000	22	121.142	126.142
2000	23	289.559	-610.825
2000	24	-169.583	209.32
2000	25	110.374	120.842
2000	26	-99.0654	414.717
2000	27	220.704	-354.714
2000	28	-297.687	-80.2023
2000	29	69.868	-43.0714
2000	30	141.207	22.4548
2000	31	-120.281	187.722
2000	32	-200.275	-60.5119
2000	33	343.236	-386.075
2000	34	85.2182	-194.768
2000	35	117.22	69.7242
2000	36	-121.886	-65.809
2000	37	-68.9122	-498.597
2000	38	-201.252	210.954
2000	39	48.9034	21.393
2000	40	32.9919	708.006
2000	41	176.267	-85.411
2000	42	115.087	0.376378
2000	43	49.2003	-383.774
2000	44	144.147	-125.646
2000	45	-205.021	-135.248
2000	46	-178.189	-183.045
2000	47	52.4258	-118.588
2000	48	203.78	398.09
2000	49	-357.679	180.726
2000	50	-85.9531	-672.117
2000	51	-56.7824	-23.7922
2000	52	150.187	-229.945
2000	53	137.549	611.501
2000	54	-393.847	129.303
2000	55	55.6765	81.7338
2000	56	-89.782	120.206
2000	57	-234.688	157.406
2000	58	196.207	-104.056
2000	59	-112.274	462.189
2000	60	-93.3635	540.121
2000	61	145.481	-0.758289
2000	62	122.086	-363.531
2000	63	118.213	435.413
2000	64	7.31462	499.869
2000	65	70.5811	44.4103
2000	66	63.5429	40.248
2000	67	-180.063	133.992
2000	68	2.33924	487.887
2000	69	216.772	405.763
2000	70	-110.354	189.996
2000	71	70.4434	-56.2182
2000	72	45.337	-264.344
2000	73	74.3484	-83.0432
2000	74	-163.5	-503.321
2000	75	-268.779	-334.3
2000	76	309.877	101.876
2000	77	-257.164	-84.735
2000	78	-304.899	-411.322
2000	79	140.641	131.232
2000	80	-160.184	25.0998
2000	81	-68.8424	366.572
2000	82	96.3484	62.6216
2000	83	-260.754	347.102
2000	84	56.4607	364.162
2000	85	-3.69699	333.27
2000	86	171.101	-332.353
2000	87	24.5621	445.43
2000	88	364.485	255.32
2000	89	-21.2368	-523.6
2000	90	-115.672	72.1913
2000	91	188.519	-346.259
2000	92	-51.4871	-103.356
2000	93	-46.4787	201.602
2000	94	-272.498	115.697
2000	95	-22.7843	-105.372
2000	96	-28.7966	13.1739
2000	97	125.395	329.693
2000	98	-197.438	332.746
2000	99	22.04	241.98
2000	100	-243.785	241.708
2000	101	65.1375	224.156
2000	102	53.9748	-331.845
2000	103	81.0381	-23.2541
2000	104	109.806	-60.0543
2000	105	-140.892	151.357
2000	106	191.355	-656.752
2000	107	34.7287	-739.612
2000	108	-218.367	-62.564
2000	109	123.699	369.789
2000	110	-57.778	275.646
2000	111	-137.228	-305.984
2000	112	-215.482	-348.474
2000	113	3.99204	-422.781
2000	114	162.34	-47.115
2000	115	206.647	-149.405
2000	116	252.332	-71.8179
2000	117	5.76827	-434.158
2000	118	83.2851	-316.46
2000	119	118.876	-24.2544
2000	120	13.1589	167.695
2000	121	303.862	-175.93
2000	122	205.397	470.381
2000	123	76.8913	13.0008
2000	124	177.14	-409.083
2000	125	-91.9439	-342.066
2000	126	-28.047	162.972
2000	127	-9.7015	490.727
2000	128	-270.563	155.317
2000	129	45.5882	-123.789
2000	130	175.568	-348.81
2000	131	-16.5633	-430.751
2000	132	-371.127	654.922
2000	133	106.135	220.396
2000	134	-371.874	47.8355
2000	135	-168.045	-261.058
2000	136	235.389	-223.252
2000	137	-81.9239	-379.281
2000	138	-327.548	-535.522
2000	139	-4.70345	-101.329
2000	140	-21.2204	601.532
2000	141	-216.423	-206.051
2000	142	-107.846	19.1113
2000	143	-10.7277	18.7536
2000	144	10.0465	485.784
2000	145	-65.9391	-466.872
2000	146	-119.221	56.9958
2000	147	-93.5277	-337.764
2000	148	122.736	-94.134
2000	149	52.3086	-272.772
2000	150	92.4424	-394.673
2000	151	-176.001	-312.207
2000	152	214.114	352.772
2000	153	5.71321	-395.872
2000	154	-146.006	-209.862
2000	155	-69.2078	312.869
2000	156	-85.9865	-133.531
2000	157	-95.3127	-498.22
2000	158	77.7628	-1.78834
2000	159	17.0223	163.385
2000	160	-137.493	300.501
2000	161	-354.202	284.498
2000	162	-117.742	-171.077
2000	163	-166.237	-295.73
2000	164	17.1385	-361.418
2000	165	232.859	495.439
2000	166	-190.703	-562.006
2000	167	50.5459	500.244
2000	168	-258.93	175
2000	169	-290.932	-158.476
2000	170	-153.098	653.163
2000	171	63.2885	-76.9096
2000	172	160.576	133.925
2000	173	298.984	-353.431
2000	174	286.263	187.515
2000	175	112.895	-387.357
2000	176	-115.505	481.617
2000	177	367.625	-111.439
2000	178	-30.0473	26.4498
2000	179	347.41	-250.772
2000	180	-23.3881	-324.074
2000	181	-52.9662	-203.5
2000	182	296.702	72.2424
2000	183	2.74758	133.073
2000	184	-318.262	328.468
2000	185	96.5089	129.824
2000	186	-90.2031	-393.281
2000	187	184.485	251.861
2000	188	-32.8125	545.461
2000	189	157.359	-726.143
2000	190	-425.77	-43.4421
2000	191	98.6492	166.934
2000	192	294.753	-655.949
2000	193	343.683	-51.2089
2000	194	-23.4692	-292.688
2000	195	-131.532	291.641
2000	196	-214.693	547.177
2000	197	-216.199	91.4554
2000	198	81.1142	84.4391
2000	199	75.4902	-344.703
2000	200	-80.181	-532.227
2000	201	66.4439	-394.271
2000	202	215.582	90.8336
2000	203	114.141	-84.3527
2000	204	-47.8966	191.736
2000	205	81.7734	91.6147
2000	206	117.01	456.466
2000	207	179.097	108.281
2000	208	-131.977	-132.604
2000	209	96.2346	-23.4296
2000	210	-107.089	-304.247
2000	211	3.06962	37.8565
2000	212	-291.638	-147.585
2000	213	-64.4675	28.6922
2000	214	142.398	-323.387
2000	215	33.5486	-20.7906
2000	216	-21.5101	-213.125
2000	217	64.0434	-338.176
2000	218	-125.752	174.996
2000	219	-321.272	17.4411
2000	220	103.1	323.246
2000	221	-358.099	403.218
2000	222	14.1334	196.545
2000	223	50.8358	497.881
2000	224	50.2764	-243.42
2000	225	295.973	-294.544
2000	226	-178.991	-48.3293
2000	227	-18.3841	-9.3177
2000	228	-112.532	213.712
2000	229	126.411	387.245
2000	230	-97.4663	359.183
2000	231	-130.222	-260.106
2000	232	124.607	-63.2745
2000	233	111.887	-300.768
2000	234	-59.3657	1.56253
2000	235	294.444	130.364
2000	236	173.629	158.311
2000	237	-9.69246	152.047
2000	238	187.37	-311.521
2000	239	-101.636	155.056
2000	240	-114.622	-21.2397
2000	241	-131.98	19.687
2000	242	136.714	124.09
2000	243	310.805	-268.144
2000	244	-17.444	432.874
2000	245	-119.238	500.119
2000	246	178.779	-417.663
2000	247	-147.64	-5.5022
2000	248	-30.2594	681.104
2000	249	-149.48	342.95
2000	250	-267.255	-164.955
2000	251	-44.451	206.292
2000	252	212.687	241.583
2000	253	86.1313	-96.7065
2000	254	20.6723	-159.927
2000	255	-92.1359	374.841
2000	256	-47.1055	-316.723
2000	257	31.0439	653.32
2000	258	46.7981	-166.383
2000	259	-154.438	156.54
2000	260	306.77	-38.0331
2000	261	15.7312	-245.73
2000	262	161.297	439.311
2000	263	204.315	34.506
2000	264	293.882	596.09
2000	265	-112.805	-158.69
2000	266	197.086	-99.3252
2000	267	-241.719	-165.38
2000	268	-114.418	-367.686
2000	269	-10.6888	-161.214
2000	270	-77.4505	-343.472
2000	271	-20.1125	-122.676
2000	272	-186.195	-614.023
2000	273	127.336	48.6976
2000	274	-132.904	236.423
2000	275	-12.8983	-207.109
2000	276	24.302	184.062
2000	277	214.798	-612.555
2000	278	367.481	-317.094
2000	279	26.6282	-413.198
2000	280	-213.195	132.417
2000	281	-34.6671	21.7447
2000	282	-207.776	66.1524
2000	283	-44.2094	-164.881
2000	284	123.647	-284.847
2000	285	229.734	83.9701
2000	286	37.9044	-251.024
2000	287	101.586	-58.9642
2000	288	14.5605	-193.199
2000	289	75.4889	48.8654
2000	290	227.366	106.558
2000	291	1.12327	-634.706
2000	292	183.563	-354.956
2000	293	-135.857	228.661
2000	294	162.231	-316.377
2000	295	-82.9432	-362.725
2000	296	170.465	472.57
2000	297	-61.1169	65.1932
2000	298	171.967	-508.404
2000	299	-309.759	-479.561
2000	300	51.3702	-142.69
2000	301	1.38441	-85.5599
2000	302	-132.704	-294.62
2000	303	-297.298	-62.9625
2000	304	-74.269	61.4076
2000	305	-240.613	500.909
2000	306	-252.905	377.785
2000	307	-624.899	496.24
2000	308	-79.0279	517.558
2000	309	-67.1865	-348.767
2000	310	112.283	-133.061
2000	311	64.8996	354.553
2000	312	127.363	207.172
2000	313	-163.316	88.2265
2000	314	198.229	116.24
2000	315	100.24	-92.4276
2000	316	231.315	-340.639
2000	317	261.206	29.6713
2000	318	124.474	413.637
2000	319	-148.727	222.331
2000	320	-190.751	736.689
2000	321	27.7608	-60.6554
2000	322	-339.787	331.64
2000	323	240.434	-401.822
2000	324	-469.527	-192.381
2000	325	271.466	-324.564
2000	326	147.078	-236.557
2000	327	-6.90452	180.905
2000	328	-259.202	31.7528
2000	329	68.0597	-41.5829
2000	330	317.846	180.206
2000	331	-268.485	126.822
2000	332	175.07	-46.4625
2000	333	211.984	-143.649
2000	334	350.858	-46.5842
2000	335	184.954	143.256
2000	336	-184.14	-99.3175
2000	337	264.437	452.211
2000	338	-136.064	-587.479
2000	339	-221.662	73.8289
2000	340	231.29	291.965
2000	341	104.764	-38.4397
2000	342	-32.2762	-157.644
2000	343	-123.621	62.3394
2000	344	250.766	-738.551
2000	345	-26.4179	-406.838
2000	346	-196.01	73.6978
2000	347	-143.548	-26.3196
2000	348	-323.899	-179.175
2000	349	-2.37398	-428.845
2000	350	-87.5136	-111.235
2000	351	-157.875	275.811
2000	352	105.111	-11.2282
2000	353	-212.662	796.006
2000	354	370.314	-73.8362
2000	355	43.7043	-157.516
2000	356	323.143	-264.259
2000	357	84.1161	590.556
2000	358	-8.09014	-12.5389
2000	359	232.063	-579.723
2000	360	74.5874	463.131
2000	361	-271.678	296.651
2000	362	-35.2356	-236.862
2000	363	51.5279	-208.658
2000	364	209.314	279.467
2000	365	72.7476	180.762
2000	366	-199.259	467.046
2000	367	147.33	-504.712
2000	368	-139.885	-244.848
2000	369	78.6525	-118.695
2000	370	27.317	64.1724
2000	371	250.283	6.22503
2000	372	-23.9397	170.827
2000	373	-195.902	-430.874
2000	374	148.87	-309.953
2000	375	-156.304	92.4934
2000	376	14.4037	320.82
2000	377	53.7832	-20.5682
2000	378	-73.6581	253.711
2000	379	69.1379	185.356
2000	380	-445.314	-269.226
2000	381	-104.909	219.216
2000	382	-122.979	1.85144
2000	383	-77.4718	-283.705
2000	384	-38.2024	-476.561
2000	385	3.28901	115.454
2000	386	63.0926	349.424
2000	387	43.0575	103.15
2000	388	-188.24	281.555
2000	389	-139.102	-174.251
2000	390	-142.306	224.203
2000	391	-294.696	251.07
2000	392	-418.366	296.569
2000	393	-36.3308	-153.901
2000	394	-28.5462	311.932
2000	395	238.823	-129.813
2000	396	189.819	-16.3245
2000	397	-175.294	-3.38486
2000	398	-40.4727	-513.557
2000	399	-98.6523	-578.754
2000	400	22.2883	214.082
2000	401	140.109	620.246
2000	402	249.088	-1095.48
2000	403	36.0642	133.375
2000	404	-167.061	-191.826
2000	405	-171.626	170.093
2000	406	-414.534	341.602
2000	407	61.6101	93.1159
2000	408	-73.0722	-267.364
2000	409	100.949	55.1729
2000	410	-107.688	-83.0136
2000	411	39.9078	-3.44305
2000	412	119.424	165.348
2000	413	-9.21025	-59.6577
2000	414	-205.594	-491.339
2000	415	-103.848	244.301
2000	416	170.98	-129.975
2000	417	-78.3911	201.852
2000	418	-13.0966	-65.1132
2000	419	-52.2577	0.987293
2000	420	90.0971	-68.5624
2000	421	119.959	174.184
2000	422	68.7182	-420.908
2000	423	-167.484	-497.575
2000	424	137.142	-602.453
2000	425	-202.249	119.829
2000	426	-158.934	124.299
2000	427	31.6702	-95.5769
2000	428	-24.7825	-365.945
2000	429	-119.552	-153.066
2000	430	255.297	174.856
2000	431	268.445	55.4076
2000	432	195.652	-24.7658
2000	433	-22.5011	230.134
2000	434	-26.5995	776.631
2000	435	31.0496	-289.747
2000	436	-61.6862	-197.4
2000	437	129.83	-128.397
2000	438	-25.5572	-178.433
2000	439	19.3768	1205.21
2000	440	-170.529	24.4306
2000	441	21.8955	348.752
2000	442	-23.6262	-100.554
2000	443	-218.594	193.056
2000	444	-199.4	414.22
2000	445	230.537	23.3983
2000	446	-88.5786	-363.342
2000	447	26.6168	627.785
2000	448	53.522	-422.573
2000	449	63.8946	250.094
2000	450	15.1878	-176.769
2000	451	-34.756	-284.184
2000	452	-52.3057	-456.477
2000	453	56.0484	-185.749
2000	454	-284.285	252.384
2000	455	-44.0933	431.671
2000	456	43.5178	328.863
2000	457	-12.648	20.1607
2000	458	-116.495	100.962
2000	459	-339.201	113.308
2000	460	-346.223	135.782
2000	461	337.785	872.986
2000	462	70.4863	666.782
2000	463	-127.479	-117.407
2000	464	47.4729	-118.572
2000	465	92.6228	-139.034
2000	466	-145.472	101.971
2000	467	36.8041	529.919
2000	468	-149.185	-412.186
2000	469	-101.98	-147.621
2000	470	34.6283	670.945
2000	471	349.745	-41.6917
2000	472	86.7535	752.604
2000	473	-361.007	-42.2537
2000	474	-57.123	-193.508
2000	475	-49.6879	301.853
2000	476	130.142	396.228
2000	477	-90.8935	-279.494
2000	478	218	-319.806
2000	479	191.492	318.613
2000	480	-196.914	-408.745
2000	481	-215.661	204.981
2000	482	55.6649	83.0498
2000	483	168.07	45.3453
2000	484	20.2983	84.3983
2000	485	-162.966	63.9115
2000	486	107.33	-90.3414
2000	487	-296.493	284.541
2000	488	-92.9379	244.169
2000	489	-197.028	357.097
2000	490	-184.46	70.1244
2000	491	39.3355	61.2667
2000	492	124.714	-268.539
2000	493	-160.726	77.9828
2000	494	554.962	53.2758
2000	495	-125.859	-38.8111
2000	496	-38.1379	282.647
2000	497	29.4935	343.405
2000	498	-178.896	179.32
2000	499	-342.512	-153.96
4000	0	-393.71	-165.33
4000	1	-306.682	648.195
4000	2	-32.0849	75.8762
4000	3	-296.153	-21.2799
4000	4	138.059	343.15
4000	5	245.269	149.125
4000	6	123.554	-195.499
4000	7	233.074	436.056
4000	8	208.208	228.465
4000	9	94.331	-175.317
4000	10	-117.579	-670.162
4000	11	164.345	-532.689
4000	12	-184.437	231.573
4000	13	-204.464	-329.887
4000	14	-34.2541	62.3148
4000	15	-330.252	444.709
4000	16	-75.1408	-62.1046
4000	17	317.247	634.95
4000	18	288.033	127.224
4000	19	-141.003	-19.6182
4000	20	-548.005	-45.8645
4000	21	-10.4666	683.428
4000	22	79.8708	-250.921
4000	23	171.292	-341.597
4000	24	-98.0963	139.546
4000	25	244.683	-396.752
4000	26	-458.156	569.196
4000	27	144.475	-337.043
4000	28	-79.9146	488.664
4000	29	166.922	83.7506
4000	30	132.409	-90.0733
4000	31	298.417	234.552
4000	32	-378.551	-237.815
4000	33	-75.5643	-921.91
4000	34	125.148	-503.759
4000	35	201.41	61.2711
4000	36	-20.0364	88.5513
4000	37	-100.564	-347.176
4000	38	177.877	331.609
4000	39	95.7813	147.564
4000	40	256.225	471.337
4000	41	11.7413	-86.0587
4000	42	-223.734	563.403
4000	43	270.95	122.105
4000	44	-91.8117	128.241
4000	45	-332.682	-453.663
4000	46	-301.152	-9.16805
4000	47	-86.5448	220.103
4000	48	195.835	755.399
4000	49	-318.638	-274.792
4000	50	70.7473	-309.005
4000	51	-139.251	-239.037
4000	52	141.085	-690.32
4000	53	335.242	291.257
4000	54	-558.339	464.385
4000	55	-202.795	-5.47236
4000	56	75.7017	-306.279
4000	57	-594.255	-138.214
4000	58	274.016	370.15
4000	59	-254.587	885.747
4000	60	-20.7577	88.4291
4000	61	443.223	69.0192
4000	62	210.854	-190.058
4000	63	78.4506	390.821
4000	64	47.7541	862
4000	65	-167.518	-367.452
4000	66	224.212	-176.321
4000	67	-217.094	201.338
4000	68	-176.663	759.725
4000	69	249.75	-112.16
4000	70	-110.586	191.17
4000	71	-340.589	-1056.47
4000	72	260.082	-526.854
4000	73	37.1822	-605.279
4000	74	1.85285	-410.54
4000	75	-252.486	-526.744
4000	76	391.884	599.539
4000	77	-138.162	106.712
4000	78	-186.545	-516.088
4000	79	434.606	-100.588
4000	80	-320.773	-145.775
4000	81	-17.974	390.64
4000	82	193.692	-91.4569
4000	83	-245.884	475.449
4000	84	744.4	620.183
4000	85	-43.9394	75.2652
4000	86	272.532	-743.919
4000	87	-96.7873	-286.336
4000	88	-98.203	166.56
4000	89	-389.213	-540.117
4000	90	61.7989	-513.587
4000	91	271.082	-129.378
4000	92	14.1891	297.316
4000	93	-6.23243	171.292
4000	94	83.778	214.447
4000	95	-102.885	-725.956
4000	96	273.733	96.8026
4000	97	-77.373	179.819
4000	98	96.9563	616.433
4000	99	82.1389	17.624
4000	100	-172.122	76.0229
4000	101	-110.354	29.4002
4000	102	111.784	-537.027
4000	103	161.367	-170.175
4000	104	266.077	160.478
4000	105	-13.5014	162.415
4000	106	408.581	-510.09
4000	107	14.1989	-843.829
4000	108	-280.445	-222.846
4000	109	5.88067	374.131
4000	110	202.97	780.262
4000	111	162.32	-759.279
4000	112	-131.488	-396.977
4000	113	300.991	-549.241
4000	114	341.83	248.964
4000	115	489.314	-405.003
4000	116	317.632	190.709
4000	117	-13.389	-500.327
4000	118	-198.397	39.8958
4000	119	20.1985	474.31
4000	120	-93.3885	476.742
4000	121	588.439	44.1055
4000	122	285.251	728.952
4000	123	76.3444	411.325
4000	124	-64.8895	-474.633
4000	125	-311.243	132.399
4000	126	147.242	8.86328
4000	127	-88.9707	262.756
4000	128	-311.866	-165.183
4000	129	-15.8683	452.461
4000	130	76.1326	96.1475
4000	131	220.572	-146.434
4000	132	-369.019	296.196
4000	133	250.171	714.851
4000	134	-430.709	-19.0876
4000	135	-540.757	-160.048
4000	136	50.8719	71.8671
4000	137	138.895	-184.143
4000	138	-683.568	-421.477
4000	139	-83.6702	353.926
4000	140	34.9684	285.755
4000	141	-47.9313	-97.3019
4000	142	268.863	-79.2696
4000	143	-201.169	-180.251
4000	144	41.1396	417.589
4000	145	-145.732	-64.4409
4000	146	-259.461	371.349
4000	147	-30.3262	-116.48
4000	148	131.695	135.976
4000	149	61.4001	-174.106
4000	150	290.067	-835.901
4000	151	1.02646	77.9509
4000	152	213.807	202.848
4000	153	-236.988	-420.608
4000	154	-29.2936	149.03
4000	155	21.9172	35.7225
4000	156	13.189	237.805
4000	157	-155.604	-432.089
4000	158	180.393	-275.294
4000	159	-82.9623	-244.166
4000	160	-198.899	317.124
4000	161	-268.683	-280.603
4000	162	22.8464	-37.6167
4000	163	-347.044	-372.275
4000	164	-123.773	233.551
4000	165	293.655	759.811
4000	166	-167.272	-816.793
4000	167	33.7868	1112.68
4000	168	-538.238	679.179
4000	169	-414.901	-312.046
4000	170	-174.759	283.924
4000	171	224.158	-195.974
4000	172	-35.242	64.2127
4000	173	379.213	-421.013
4000	174	106.942	625.406
4000	175	129.804	-528.418
4000	176	-8.16641	265.45
4000	177	409.938	-159.634
4000	178	-120	-95.8713
4000	179	271.053	-480.776
4000	180	-189.847	-730.331
4000	181	-91.4579	103.373
4000	182	225.727	-3.8844
4000	183	-124.727	648.119
4000	184	-318.994	608.191
4000	185	473.957	-446.041
4000	186	-128.171	-87.6203
4000	187	-94.2778	174.175
4000	188	51.3311	833.345
4000	189	16.5727	-1085.74
4000	190	-466.416	405.932
4000	191	358.073	383.536
4000	192	438.034	-118.635
4000	193	242.732	-186.989
4000	194	155.426	-87.9231
4000	195	-50.3214	505.506
4000	196	28.7499	560.514
4000	197	-253.022	133.599
4000	198	267.452	-136.358
4000	199	-137.191	-379.327
4000	200	-113.786	-282.464
4000	201	87.6116	-240.519
4000	202	34.4952	589.762
4000	203	476.047	-202.422
4000	204	132.247	497.002
4000	205	83.7236	-336.841
4000	206	535.937	88.8941
4000	207	1.02688	-339.32
4000	208	-186.14	-229.961
4000	209	170.859	382.401
4000	210	-107.109	-821.839
4000	211	-154.812	47.2602
4000	212	-366.327	-166.375
4000	213	74.4	574.015
4000	214	-176.926	-132.463
4000	215	415.105	-158.802
4000	216	258.205	64.8241
4000	217	64.7937	-394.522
4000	218	-63.4939	317.438
4000	219	-480.267	-39.4866
4000	220	-193.581	731.322
4000	221	-314.227	459.114
4000	222	127.177	-144.01
4000	223	-26.2159	527.43
4000	224	-206.869	-245.411
4000	225	427.307	181.655
4000	226	-134.946	211.771
4000	227	-261.086	-308.777
4000	228	-332.324	-273.359
4000	229	0.794414	768.287
4000	230	-320.21	529.336
4000	231	-230.828	-71.295
4000	232	-51.4596	440.498
4000	233	530.049	51.4431
4000	234	-197.714	148.064
4000	235	336.777	62.0613
4000	236	243.59	464.596
4000	237	76.1165	-376.837
4000	238	248.796	-446.144
4000	239	-207.064	-152.226
4000	240	-236.081	-418.86
4000	241	-72.9375	435.583
4000	242	53.1985	-196.607
4000	243	607.961	-43.2327
4000	244	-16.4677	824.658
4000	245	-513.634	543.825
4000	246	297.614	-545.975
4000	247	-407.472	-133.302
4000	248	-173.875	944.408
4000	249	-286.355	529.727
4000	250	89.8368	48.9392
4000	251	369.35	-31.3288
4000	252	-27.5003	402.182
4000	253	174.128	112.151
4000	254	155.408	-309.576
4000	255	-168.709	-371.8
4000	256	-208.296	127.677
4000	257	-208.547	263.294
4000	258	-154.526	123.007
4000	259	30.4059	502.679
4000	260	165.418	-752.344
4000	261	-138.391	-233.59
4000	262	48.4473	103.706
4000	263	254.306	456.717
4000	264	188.974	192.523
4000	265	6.40496	-192.093
4000	266	176.153	229.445
4000	267	-250.574	316.908
4000	268	-132.138	-260.835
4000	269	248.783	-379.1
4000	270	45.34	-280.314
4000	271	-112.887	-275.781
4000	272	-84.6773	-831.108
4000	273	5.82808	-321.987
4000	274	28.1242	526.274
4000	275	-152.998	-746.053
4000	276	-136.335	648.864
4000	277	369.764	-518.944
4000	278	663.076	-349.724
4000	279	57.5579	-1221.02
4000	280	-52.3957	394.459
4000	281	26.5699	-390.311
4000	282	229.815	445.45
4000	283	-93.0903	555.102
4000	284	96.5847	-580.647
4000	285	60.8002	-412.089
4000	286	-84.4843	-787.942
4000	287	181.394	249.669
4000	288	52.2033	-641.155
4000	289	432.682	-241.327
4000	290	229.082	29.2452
4000	291	-157.74	-690.194
4000	292	103.691	-223.508
4000	293	7.03059	144.154
4000	294	223.794	-186.053
4000	295	-124.587	-515.048
4000	296	186.755	792.992
4000	297	-153.381	-26.8722
4000	298	89.5551	-696.522
4000	299	-147.644	-454.442
4000	300	64.1731	-764.269
4000	301	40.728	114.671
4000	302	-74.955	-153.376
4000	303	-336.702	-434.489
4000	304	-433.481	147.127
4000	305	-278.841	770.983
4000	306	-219.642	314.917
4000	307	-525.312	486.076
4000	308	-120.205	349.703
4000	309	371.403	-697.045
4000	310	220.003	-363.013
4000	311	-314.995	632.502
4000	312	470.446	-58.297
4000	313	17.571	-152.374
4000	314	438.146	-338.161
4000	315	408.91	-567.068
4000	316	390.324	-196.451
4000	317	295.855	-21.3235
4000	318	121.862	519.037
4000	319	-431.659	69.475
4000	320	-267.9	604.232
4000	321	297.075	28.5012
4000	322	-577.401	857.425
4000	323	259.694	-222.933
4000	324	-167.862	-627.087
4000	325	503.416	-439.21
4000	326	-39.1882	-785.209
4000	327	272.51	927.879
4000	328	-117.522	317.406
4000	329	128.11	-750.973
4000	330	375.816	406.589
4000	331	-407.751	227.148
4000	332	346.049	115.045
4000	333	365.025	-206.784
4000	334	153.999	-829.239
4000	335	151.183	-205.563
4000	336	-345.814	84.6877
4000	337	-35.9688	548.892
4000	338	98.6732	-542.3
4000	339	-204.424	-170.654
4000	340	166.841	98.9793
4000	341	153.172	133.383
4000	342	-181.177	-110.642
4000	343	17.4886	391.801
4000	344	73.3603	-991.678
4000	345	-102.636	-2.32847
4000	346	-117.038	-218.173
4000	347	-264.695	-501.094
4000	348	133.32	546.271
4000	349	-119.565	-313.051
4000	350	-135.215	281.081
4000	351	-255.553	-117.802
4000	352	348.469	-36.362
4000	353	171.216	217.444
4000	354	291.01	-153.284
4000	355	426.23	-480.652
4000	356	363.472	278.477
4000	357	75.3206	899.381
4000	358	214.864	344.077
4000	359	232.17	-1190.17
4000	360	135.597	412.388
4000	361	-216.389	-316.163
4000	362	-98.613	-235.476
4000	363	-187.703	105.129
4000	364	532.079	134.835
4000	365	74.8786	-654.454
4000	366	-377.665	764.614
4000	367	185.899	-286.557
4000	368	258.412	-338.83
4000	369	278.775	-455.511
4000	370	100.235	433.25
4000	371	247.686	614.227
4000	372	339.029	259.827
4000	373	-418.513	-79.7789
4000	374	171.612	-49.7999
4000	375	104.456	-164.81
4000	376	154.558	-116.082
4000	377	16.9086	254.343
4000	378	-274.365	661.77
4000	379	-8.93257	200.577
4000	380	-343.776	-50.7959
4000	381	199.402	504.534
4000	382	-362.97	-49.3406
4000	383	-157.513	-513.819
4000	384	-39.7368	-163.119
4000	385	-141.362	366.097
4000	386	-97.8985	83.8192
4000	387	-18.9495	229.804
4000	388	-226.347	97.855
4000	389	119.99	-175.422
4000	390	-481.193	782.317
4000	391	-294.505	321.258
4000	392	-523.609	766.68
4000	393	-115.365	242.695
4000	394	-86.9575	381.062
4000	395	-47.2532	-277.065
4000	396	193.679	-187.273
4000	397	-98.7566	164.107
4000	398	-420.443	-47.3851
4000	399	-221.697	11.8689
4000	400	41.7374	321.171
4000	401	448.379	132.647
4000	402	8.60207	-1892.36
4000	403	-85.0053	-511.486
4000	404	-338.506	-416.67
4000	405	-179.052	109.969
4000	406	-239.596	47.9896
4000	407	251.708	-126.962
4000	408	-213.794	-176.23
4000	409	-58.3528	-99.0281
4000	410	313.485	202.502
4000	411	102.03	-101.974
4000	412	60.7564	-339.619
4000	413	-9.31244	195.705
4000	414	-267.676	-645.292
4000	415	-743.986	598.199
4000	416	271.936	170.325
4000	417	0.478138	530.731
4000	418	44.944	-213.514
4000	419	-169.634	250.968
4000	420	507.71	-92.6714
4000	421	171.807	32.7395
4000	422	117.384	-254.411
4000	423	-549.187	-705.095
4000	424	381.678	-726.259
4000	425	-522.243	-53.7445
4000	426	-278.346	170.186
4000	427	164.671	136.811
4000	428	-327.929	-315.65
4000	429	17.6933	-22.1565
4000	430	418.95	189.187
4000	431	28.6063	-97.1913
4000	432	198.214	-102.769
4000	433	57.2452	649.212
4000	434	46.4435	944.786
4000	435	-82.1801	-588.16
4000	436	-384.918	-321.825
4000	437	-27.1275	-84.4955
4000	438	192.641	-343.697
4000	439	20.5535	725.361
4000	440	9.79702	295.079
4000	441	-176.888	74.8051
4000	442	-14.2105	-362.179
4000	443	-277.381	-108.06
4000	444	-179.033	1174.67
4000	445	412.923	306.732
4000	446	-125.67	-284.856
4000	447	126.977	-176.949
4000	448	113.578	-399.02
4000	449	-134.375	93.2938
4000	450	-25.121	191.569
4000	451	-193.719	-507.799
4000	452	12.2634	-249.85
4000	453	260.419	-426.705
4000	454	-442.173	-259.696
4000	455	-87.0892	788.863
4000	456	243.658	66.3607
4000	457	-70.3763	-33.8297
4000	458	-256.414	-14.4698
4000	459	-123.069	-192.991
4000	460	-344.867	340.099
4000	461	157.935	942.238
4000	462	468.986	740.255
4000	463	-77.1052	64.4554
4000	464	147.03	472.649
4000	465	492.194	-195.784
4000	466	-122.667	-222.715
4000	467	-183.564	125.345
4000	468	-80.5587	-579.563
4000	469	72.4046	-667.848
4000	470	-86.3441	326.567
4000	471	468.671	597.647
4000	472	-223.554	674.993
4000	473	57.0037	189.799
4000	474	-235.242	163.456
4000	475	-42.1296	216.682
4000	476	152.622	449.299
4000	477	-107.587	-821.928
4000	478	50.1999	-647.158
4000	479	336.365	527.645
4000	480	-274.601	102.847
4000	481	-284.755	416.41
4000	482	135.133	39.7382
4000	483	470.488	68.218
4000	484	62.6296	224.421
4000	485	-50.6596	268.37
4000	486	88.5582	-255.676
4000	487	-477.565	65.1186
4000	488	68.7201	-480.31
4000	489	-375.048	408.747
4000	490	-378.403	-12.8062
4000	491	18.529	618.817
4000	492	225.327	-263.206
4000	493	240.854	-175.486
4000	494	695.099	-273.369
4000	495	-88.7602	-137.91
4000	496	321.641	745.031
4000	497	-63.8154	541.476
4000	498	-61.8113	194.355
4000	499	-403.973	-577.802
6000	0	-551.143	-151.206
6000	1	-285.752	1149.55
6000	2	-92.9185	225.986
6000	3	-276.827	-138.805
6000	4	367.896	340.458
6000	5	163.135	332.487
6000	6	212.727	-436.968
6000	7	-70.9863	446.359
6000	8	289.364	105.478
6000	9	-61.8592	-249.058
6000	10	181.116	-1404.8
6000	11	85.1784	-524.811
6000	12	-264.177	180.471
6000	13	-163.927	-439.915
6000	14	45.865	-409.445
6000	15	-71.3606	514.705
6000	16	-96.603	-211.698
6000	17	294.752	642.266
6000	18	-15.0527	-29.5355
6000	19	-103.631	-20.7835
6000	20	-747.627	-220.958
6000	21	-348.875	871.398
6000	22	20.7191	292.6
6000	23	270.101	-252.45
6000	24	-74.8338	452.097
6000	25	730.027	215.033
6000	26	-222.235	732.798
6000	27	215.271	-448.818
6000	28	142.626	439.747
6000	29	408.335	-521.927
6000	30	-325.996	-8.52412
6000	31	323.529	517.726
6000	32	-345.394	-308.99
6000	33	222.97	-706.742
6000	34	307.389	-199.257
6000	35	40.9696	398.102
6000	36	-20.0637	-680.391
6000	37	-90.7117	-717.746
6000	38	119.125	-519.895
6000	39	169.183	-99.9792
6000	40	292.864	30.9652
6000	41	38.1781	-8.37851
6000	42	295.208	645.095
6000	43	308.718	49.0121
6000	44	-233.828	-245.916
6000	45	-314.39	-677.478
6000	46	-318.118	-671.517
6000	47	172.945	202.306
6000	48	-115.247	695.102
6000	49	-258.686	-184.859
6000	50	-8.91728	221.249
6000	51	-347.926	-136.497
6000	52	378.365	-566.037
6000	53	398.296	-28.3359
6000	54	-641.762	880.345
6000	55	-343.539	-468.348
6000	56	271.245	163.663
6000	57	-674.194	-831.417
6000	58	296.067	635.593
6000	59	-315.947	550.997
6000	60	-113.275	328.492
6000	61	166.712	328.497
6000	62	161.861	68.5801
6000	63	-383.942	502.363
6000	64	0.686911	949.96
6000	65	-327.411	-46.4117
6000	66	42.4458	-430.46
6000	67	-97.8373	-356.336
6000	68	-76.46	707.755
6000	69	233.599	165.479
6000	70	8.94501	417.451
6000	71	-595.954	-1404.43
6000	72	341.505	-628.755
6000	73	417.211	-205.332
6000	74	-102.694	-883.089
6000	75	-274.275	-620.182
6000	76	193.33	79.3626
6000	77	-118.045	337.361
6000	78	-103.273	-649.937
6000	79	667.904	-20.1418
6000	80	-519.882	148.956
6000	81	251.413	1041.94
6000	82	74.1124	-36.9142
6000	83	-482.23	650.433
6000	84	595.071	624.904
6000	85	-136.561	255.816
6000	86	310.948	-926.376
6000	87	-177.347	-301.887
6000	88	102.038	382.249
6000	89	-325.821	-153.868
6000	90	82.1333	-498.76
6000	91	363.873	-140.283
6000	92	150.083	185.867
6000	93	34.2954	641.705
6000	94	62.0349	-298.243
6000	95	-319.865	-956.713
6000	96	119.222	233.396
6000	97	-213.591	860.071
6000	98	-3.53428	854.428
6000	99	342.111	50.2254
6000	100	-248.732	-149.78
6000	101	-219.413	-67.2672
6000	102	-306.113	-670.008
6000	103	284.742	224.481
6000	104	188.332	542.617
6000	105	102.297	291.206
6000	106	291.314	-522.984
6000	107	94.868	-1098.64
6000	108	-277.674	-525.418
6000	109	314.16	197.584
6000	110	460.93	890.129
6000	111	240.517	-926.314
6000	112	-37.9954	-443.779
6000	113	100.019	-434.444
6000	114	285.928	89.9613
6000	115	392.407	-759.545
6000	116	230.777	-97.4551
6000	117	-12.6471	-349.89
6000	118	-178.612	-295.171
6000	119	-258.326	-15.0489
6000	120	188.73	-76.8285
6000	121	908.45	207.463
6000	122	245.084	697.256
6000	123	474.218	-309.458
6000	124	-280.599	-694.119
6000	125	-460.668	543.663
6000	126	-165.629	-286.054
6000	127	0.705625	-365.121
6000	128	-449.368	-352.204
6000	129	-176.533	953.352
6000	130	154.026	611.384
6000	131	420.089	-438.095
6000	132	68.1063	435.247
6000	133	338.928	757.158
6000	134	-249.044	206.403
6000	135	-778.294	115.239
6000	136	-221.176	-166.011
6000	137	358.301	447.071
6000	138	-805.685	39.0223
6000	139	298.664	235.3
6000	140	197.203	-254.305
6000	141	283.329	200.238
6000	142	408.325	-340.763
6000	143	-289.806	18.4592
6000	144	-135.509	761.264
6000	145	-46.3415	518.49
6000	146	-518.234	740.413
6000	147	124.233	230.286
6000	148	285.477	115.991
6000	149	10.2811	-459.003
6000	150	432.953	-1505.14
6000	151	135.23	152.179
6000	152	212.823	325.88
6000	153	-423.852	-774.372
6000	154	111.24	-23.9429
6000	155	-125.3	230.634
6000	156	193.722	282.909
6000	157	-134.835	-445.395
6000	158	-77.1346	-498.56
6000	159	-222.662	-758.675
6000	160	-320.374	219.468
6000	161	-529.842	-689.663
6000	162	-115.238	-330.074
6000	163	-67.6598	-349.811
6000	164	-242.361	-44.3156
6000	165	73.9937	708.571
6000	166	-86.4355	-566.22
6000	167	89.2127	1464.92
6000	168	-577.78	955.668
6000	169	-329.816	-367.663
6000	170	-233.86	747.015
6000	171	285.87	-709.566
6000	172	-93.5469	540.746
6000	173	502.471	-406.048
6000	174	311.613	655.661
6000	175	-88.2909	-207.748
6000	176	244.599	352.038
6000	177	255.925	533.471
6000	178	171.371	-99.9835
6000	179	893.256	-1124.68
6000	180	-209.11	-884.092
6000	181	-233.476	-27.452
6000	182	14.5785	507.725
6000	183	-245.549	1316
6000	184	-356.198	166.505
6000	185	516.412	-316.248
6000	186	-210.561	-194.86
6000	187	-114.382	-189.328
6000	188	170.93	624.81
6000	189	-221.14	-1231.41
6000	190	-629.577	643.691
6000	191	296.554	44.794
6000	192	596.594	-612.889
6000	193	44.7941	-309.559
6000	194	277.058	5.43522
6000	195	-8.81189	500.404
6000	196	-54.3059	610.352
6000	197	-311.943	175.299
6000	198	149.552	-209.054
6000	199	-284.665	-370.946
6000	200	-256.313	207.837
6000	201	306.077	-199.652
6000	202	86.8209	687.313
6000	203	94.681	-311.204
6000	204	233.731	472.217
6000	205	203.323	-1006.35
6000	206	796.114	53.3446
6000	207	-62.335	-594.819
6000	208	106.656	-690.407
6000	209	135.104	615.694
6000	210	213.309	-471.939
6000	211	-95.6473	19.7955
6000	212	-310.956	-103.753
6000	213	94.9176	786.267
6000	214	-135.585	24.8407
6000	215	394.475	190.758
6000	216	193.589	-84.6943
6000	217	-109.987	-182.622
6000	218	-24.385	66.3611
6000	219	-183.892	-449.222
6000	220	27.2815	621.034
6000	221	-315.576	338.515
6000	222	50.2193	-326.976
6000	223	-190.603	435.064
6000	224	-148.753	-879.143
6000	225	728.739	879.877
6000	226	-372.974	512.187
6000	227	-59.158	-419.33
6000	228	-109.48	-327.685
6000	229	59.8725	1139.03
6000	230	-617.619	565.002
6000	231	-337.923	-316.127
6000	232	7.97627	511.407
6000	233	558.686	226.715
6000	234	-60.5723	241.141
6000	235	373.655	-178.04
6000	236	174.172	820.537
6000	237	393.069	-692.678
6000	238	548.005	-83.0131
6000	239	16.3105	-65.198
6000	240	-515.976	-446.417
6000	241	6.8329	349.995
6000	242	173.565	-781.373
6000	243	311.871	-519.093
6000	244	2.03446	1452.3
6000	245	-531.838	299.4
6000	246	513.897	-566.359
6000	247	-467.884	-666.54
6000	248	-53.6995	1122.46
6000	249	-188.413	927.555
6000	250	-229.373	200.017
6000	251	230.95	-160.549
6000	252	-338.505	26.5915
6000	253	70.0935	122.287
6000	254	192.968	-260.547
6000	255	-431.864	-487.311
6000	256	-62.348	436.34
6000	257	-471.523	-22.101
6000	258	-211.195	-118.361
6000	259	-197.829	1045.08
6000	260	444.927	-861.213
6000	261	15.1687	148.936
6000	262	33.4679	253.274
6000	263	-30.1703	578.497
6000	264	151.165	638.709
6000	265	2.4179	-696.538
6000	266	262.427	290.258
6000	267	-218.641	647.447
6000	268	-240.335	-254.358
6000	269	247.741	-82.9152
6000	270	205.428	-220.235
6000	271	-213.187	-607.574
6000	272	-85.4578	-532.263
6000	273	245.927	-498.448
6000	274	-211.23	503.14
6000	275	76.6434	-917.114
6000	276	-36.0335	2.85929
6000	277	293.766	-838.774
6000	278	410.762	-108.681
6000	279	1.07265	-882.629
6000	280	-311.01	330.03
6000	281	187.611	148.189
6000	282	450.6	162.192
6000	283	-134.71	604.166
6000	284	-282.679	-755.298
6000	285	173.3	-94.8756
6000	286	-323.405	-483.487
6000	287	260.489	288.317
6000	288	25.0341	-487.825
6000	289	455.567	-474.99
6000	290	210.626	-275.444
6000	291	-33.5436	-642.448
6000	292	126.197	189.509
6000	293	-376.681	309.478
6000	294	-55.8108	-348.752
6000	295	-84.0955	-939.046
6000	296	-44.7923	437.467
6000	297	-13.2585	697.948
6000	298	211.372	-695.837
6000	299	-133.863	-1312.84
6000	300	-119.5	-804.413
6000	301	221.642	440.134
6000	302	-300.42	-281.933
6000	303	-421.085	-433.089
6000	304	-674.25	277.212
6000	305	-561.181	744.691
6000	306	-414.881	163.687
6000	307	-967.319	780.076
6000	308	-156.135	292.603
6000	309	452.13	-902.086
6000	310	198.485	-55.6854
6000	311	-271.328	489.66
6000	312	625.649	-34.1657
6000	313	-19.8778	-314.091
6000	314	279.831	372.049
6000	315	527.293	-861.066
6000	316	112.802	-232.432
6000	317	-84.2432	-421.56
6000	318	-157.842	346.226
6000	319	-33.8377	479.674
6000	320	-414.667	960.035
6000	321	148.543	54.0729
6000	322	-893.886	291.079
6000	323	434.801	-661.667
6000	324	-9.32209	-664.361
6000	325	652.83	-1109.5
6000	326	108.858	-1141.28
6000	327	528.844	1324.77
6000	328	-138.631	439.044
6000	329	122.98	-352.389
6000	330	335.166	391.1
6000	331	-487.27	404.628
6000	332	355.961	882.697
6000	333	224.353	168.666
6000	334	93.7732	-864.489
6000	335	134.015	-48.1235
6000	336	-462.734	-108.865
6000	337	187.472	869.485
6000	338	-71.666	-970.594
6000	339	-204.837	94.8085
6000	340	127.07	-178.562
6000	341	133.991	644.664
6000	342	-275.518	-278.295
6000	343	115.867	103.253
6000	344	-5.51128	-1000.66
6000	345	54.4787	387.115
6000	346	-76.4655	-434.452
6000	347	-281.351	126.792
6000	348	90.4302	-200.131
6000	349	-162.577	-100.719
6000	350	-75.5811	553.067
6000	351	68.9026	-146.328
6000	352	308.724	-226.47
6000	353	148.196	-59.3568
6000	354	328.556	-620.624
6000	355	245.499	-634.61
6000	356	479.901	831.857
6000	357	159.416	727.029
6000	358	132.924	1057.81
6000	359	94.0883	-1104.37
6000	360	153.654	768.77
6000	361	-554.147	-491.731
6000	362	-157.6	-418.03
6000	363	-14.4917	283.583
6000	364	452.377	169.333
6000	365	298.373	-583.767
6000	366	-451.797	840.105
6000	367	66.5925	92.7553
6000	368	78.3477	-439.015
6000	369	195.522	-1111
6000	370	141.061	1051.43
6000	371	289.3	520.473
6000	372	169.834	-85.3012
6000	373	-413.142	-334.049
6000	374	191.478	184.698
6000	375	45.7154	-160.596
6000	376	156.983	-601.545
6000	377	273.073	403.02
6000	378	-402.679	915.157
6000	379	90.7131	-54.0863
6000	380	-187.232	-110.882
6000	381	316.076	887.66
6000	382	-270.651	-594.553
6000	383	-16.7499	-423.579
6000	384	-260.848	-342.274
6000	385	158.581	704.786
6000	386	-153.812	-136.927
6000	387	21.4256	206.851
6000	388	-400.955	-267.329
6000	389	1.95698	-341.618
6000	390	-323.145	1076.81
6000	391	-434.788	764.154
6000	392	-505.558	892.534
6000	393	-135.302	248.827
6000	394	83.4095	351.472
6000	395	-78.3908	-615.591
6000	396	-88.3535	-141.695
6000	397	-113.668	-38.2948
6000	398	-200.35	-361.566
6000	399	-382.022	614.645
6000	400	4.44368	699.731
6000	401	550.493	-234.923
6000	402	-12.7497	-1858.24
6000	403	54.4995	-591.908
6000	404	-545.637	-415.555
6000	405	-159.685	854.133
6000	406	-395.225	16.9806
6000	407	406.439	267.925
6000	408	-155.189	61.7456
6000	409	-94.8879	26.8273
6000	410	211.362	484.972
6000	411	-20.9645	-155.352
6000	412	322.506	-837.201
6000	413	9.81444	211.886
6000	414	-283.616	-454.528
6000	415	-943.343	361.009
6000	416	264.046	408.682
6000	417	-227.471	395.212
6000	418	223.07	-917.057
6000	419	-66.9734	648.491
6000	420	433.801	-232.84
6000	421	196.092	246.681
6000	422	397.99	-689.889
6000	423	-467.519	-434.653
6000	424	321.106	-845.543
6000	425	-543.102	-159.544
6000	426	-339.361	615.571
6000	427	427.129	518.853
6000	428	-364.166	-330.548
6000	429	194.021	-157.707
6000	430	731.295	302.554
6000	431	86.2549	-67.3718
6000	432	315.895	-64.8649
6000	433	-104.807	435.402
6000	434	21.8006	428.101
6000	435	-435.875	-251.647
6000	436	-267.609	-60.74
6000	437	133.934	196.144
6000	438	-207.111	-705.086
6000	439	-63.8039	699.112
6000	440	148.8	-253.594
6000	441	-17.6825	-20.8344
6000	442	-144.589	-248.712
6000	443	-500.227	-137.724
6000	444	62.2266	701.782
6000	445	250.73	279.641
6000	446	-305.947	-706.784
6000	447	48.843	84.1001
6000	448	233.916	-171.753
6000	449	-197.885	260.01
6000	450	-225.765	533.255
6000	451	-294.802	-658.231
6000	452	-32.8032	-10.2379
6000	453	-198.327	-68.3921
6000	454	-224.623	-5.57247
6000	455	292.392	800.363
6000	456	302.876	-221.493
6000	457	-453.085	-198.615
6000	458	-278.455	-7.97616
6000	459	-49.6353	62.416
6000	460	-357.704	594.782
6000	461	118.185	845.099
6000	462	169.514	947.773
6000	463	-146.278	-245.419
6000	464	286.993	695.15
6000	465	314.328	-690.966
6000	466	-174.848	-395.919
6000	467	-64.1062	30.8909
6000	468	-360.984	-738.102
6000	469	113.834	-239.48
6000	470	115.418	333.239
6000	471	451.95	296.457
6000	472	-625.961	613.552
6000	473	-182.626	-231.168
6000	474	-215.606	30.4976
6000	475	355.752	726.896
6000	476	47.8892	379.62
6000	477	-154.416	-707.588
6000	478	-160.085	-850.609
6000	479	505.059	210.512
6000	480	-135.318	-466.143
6000	481	-475.457	587.999
6000	482	-43.0038	-109.122
6000	483	328.304	226.027
6000	484	-97.0735	-3.99748
6000	485	-150.712	724.851
6000	486	128.255	-554.716
6000	487	-450.411	25.7422
6000	488	85.2894	-606.828
6000	489	-657.307	479.585
6000	490	-422.952	528.528
6000	491	-218.824	131.68
6000	492	223.393	-682.943
6000	493	381.074	-108.53
6000	494	156.409	-308.755
6000	495	131.277	107.278
6000	496	241.835	1029.58
6000	497	-167.721	449.509
6000	498	-317.825	-351.341
6000	499	-799.829	-583.898
8000	0	-611.341	-23.5082
8000	1	-406.303	1040.32
8000	2	-34.0559	477.997
8000	3	-52.2792	117.752
8000	4	386.215	466.47
8000	5	123.157	611.069
8000	6	329.441	-320.64
8000	7	-267.043	-183.092
8000	8	397.636	90.9173
8000	9	-45.064	-513.459
8000	10	-96.6864	-1435
8000	11	-72.2475	-642.482
8000	12	-258.332	158.989
8000	13	-143.972	-356.717
8000	14	129.234	-19.3482
8000	15	-86.5356	218.104
8000	16	145.173	-288.767
8000	17	471.266	556.529
8000	18	-48.7595	151.528
8000	19	198.085	114.472
8000	20	-721.017	-247.472
8000	21	-218.553	1266.02
8000	22	438.293	-149.183
8000	23	352.704	-268.246
8000	24	-54.0811	-72.3778
8000	25	949.31	-69.9207
8000	26	-238.515	785.455
8000	27	307.892	-934.971
8000	28	-1.34684	289.368
8000	29	569.327	-740.275
8000	30	-61.3406	449.419
8000	31	160.241	218.132
8000	32	-499.154	178.595
8000	33	564.6	-101.44
8000	34	25.2657	-1.05141
8000	35	103.994	894.332
8000	36	-202.847	-1024.62
8000	37	50.6262	-1008.14
8000	38	100.82	-742.117
8000	39	289.633	-55.7186
8000	40	211.548	294.254
8000	41	113.973	-279.443
8000	42	295.815	670.432
8000	43	269.747	187.523
8000	44	-271.92	-625.824
8000	45	-352.124	-461.134
8000	46	-201.257	-601.542
8000	47	12.4225	352.698
8000	48	-15.5185	784.67
8000	49	-653.993	213.651
8000	50	-126.568	21.8997
8000	51	-180.175	9.20196
8000	52	314.873	-776.874
8000	53	477.358	105.427
8000	54	-532.107	1087.45
8000	55	-363.235	-415.527
8000	56	334.586	516.454
8000	57	-743.098	-1437.41
8000	58	493.712	623.766
8000	59	-293.596	1330.24
8000	60	45.585	275.005
8000	61	-37.5897	554.194
8000	62	151.852	-42.5051
8000	63	-103.416	7.7734
8000	64	-164.407	974.192
8000	65	-587.372	-156.474
8000	66	3.48815	-153.405
8000	67	-136.738	481.79
8000	68	-215.478	850.051
8000	69	155.129	-252.134
8000	70	4.82854	728.416
8000	71	-447.907	-1562.65
8000	72	140.685	-1284.85
8000	73	416.636	-163.331
8000	74	-243.259	-593.855
8000	75	-333.188	-213.791
8000	76	113.018	838.902
8000	77	-56.972	509.657
8000	78	95.7373	-1014.98
8000	79	938.014	-371.8
8000	80	-201.069	283.925
8000	81	270.568	675.41
8000	82	-47.9628	120.377
8000	83	-840.09	1012.8
8000	84	592.567	266.786
8000	85	96.8645	236.586
8000	86	313.237	-433.873
8000	87	-298.902	-566.057
8000	88	3.01359	401.702
8000	89	30.5091	149.219
8000	90	141.875	-817.016
8000	91	600.809	-375.225
8000	92	30.6125	-431.69
8000	93	131.395	1114.26
8000	94	182.903	573.278
8000	95	-234.904	-1196.97
8000	96	114.195	199.721
8000	97	-90.6428	-35.2794
8000	98	120.764	-65.0207
8000	99	566.878	179.898
8000	100	-348.678	-42.0217
8000	101	-253.176	-549.98
8000	102	-33.5506	-423.135
8000	103	240.888	300.641
8000	104	246.706	646.447
8000	105	442.582	233.266
8000	106	390.44	-430.972
8000	107	76.9049	-998.162
8000	108	-417.298	-729.837
8000	109	283.631	353.098
8000	110	334.343	1074.22
8000	111	83.1493	-1146.78
8000	112	-196.502	-301.487
8000	113	237.476	-306.276
8000	114	38.2051	-95.1861
8000	115	466.293	-288.687
8000	116	-46.6566	184.999
8000	117	29.3362	-276.256
8000	118	-295.941	-372.063
8000	119	-353.313	-327.094
8000	120	445.635	25.848
8000	121	1182.51	398.859
8000	122	145.619	855.542
8000	123	455.137	3.0061
8000	124	-253.651	-1117.11
8000	125	-314.604	1355.91
8000	126	-131.487	-374.841
8000	127	49.3004	85.5061
8000	128	-413.838	-368.653
8000	129	-116.895	904.59
8000	130	97.4701	566.111
8000	131	581.533	-237.313
8000	132	-93.4536	793.234
8000	133	388.289	869.114
8000	134	-303.239	91.7726
8000	135	-578.287	558.987
8000	136	17.0547	17.205
8000	137	456.999	137.443
8000	138	-704.996	162.254
8000	139	436.767	648.401
8000	140	318.864	-96.6958
8000	141	163.789	355.076
8000	142	341.154	296.204
8000	143	-327.727	362.147
8000	144	21.7615	395.239
8000	145	-88.8399	709.1
8000	146	-578.106	814.743
8000	147	303.9	418.358
8000	148	365.666	406.03
8000	149	-250.511	-307.382
8000	150	570.11	-1106.82
8000	151	1.92824	-283.344
8000	152	133.495	-55.7105
8000	153	-452.663	-1014.51
8000	154	-47.6793	-97.3236
8000	155	102.653	318.51
8000	156	174.041	326.806
8000	157	-22.901	69.7875
8000	158	-56.3423	-480.322
8000	159	-183.94	-973.717
8000	160	-680.646	85.9379
8000	161	-746.427	-1022.13
8000	162	21.1686	-493.353
8000	163	-249.056	-839.284
8000	164	80.0372	-305.536
8000	165	-207.811	1001.08
8000	166	68.6013	-703.34
8000	167	56.5944	1427.97
8000	168	-737.1	1269.81
8000	169	-216.244	-82.7457
8000	170	-114.401	832.974
8000	171	104.169	-1132.92
8000	172	164.429	646.559
8000	173	520.403	-980.693
8000	174	449.382	574.575
8000	175	32.7353	-520.387
8000	176	383.226	435.345
8000	177	246.757	844.881
8000	178	236.181	-619.511
8000	179	630.786	-1237.48
8000	180	-294.537	-658.277
8000	181	-281.598	276.018
8000	182	-15.1267	1121.15
8000	183	-217.866	1618.55
8000	184	-279.337	224.362
8000	185	415.594	-401.707
8000	186	-327.978	-445.355
8000	187	-319.302	-470.661
8000	188	80.9697	342.865
8000	189	-0.0923864	-639.69
8000	190	-628.975	151.098
8000	191	278.636	-126.328
8000	192	557.893	-588.419
8000	193	211.7	157.31
8000	194	255.385	-474.525
8000	195	148.719	366.988
8000	196	186.192	541.538
8000	197	-394.291	-320.796
8000	198	167.476	-528.071
8000	199	-502.743	-540.267
8000	200	-291.952	272.39
8000	201	185.466	-854.811
8000	202	216.25	771.616
8000	203	76.2523	134.336
8000	204	12.2114	-231.732
8000	205	561.503	-762.045
8000	206	756.177	451.197
8000	207	-102.938	-593.016
8000	208	269.375	39.6159
8000	209	134.014	445.591
8000	210	511.68	-478.984
8000	211	-180.095	-78.2671
8000	212	-413.687	141.662
8000	213	-147.149	634.492
8000	214	78.4771	-28.141
8000	215	534.529	-140.749
8000	216	59.4928	-692.668
8000	217	-79.7659	-289.802
8000	218	-169.161	65.8928
8000	219	60.5793	-490.076
8000	220	23.9913	444.86
8000	221	-350.06	374.477
8000	222	-289.309	-65.4005
8000	223	-209.728	-119.167
8000	224	-89.1961	-580.499
8000	225	852.132	775.664
8000	226	-414.434	390.063
8000	227	-36.239	-949.357
8000	228	-133.565	-262.213
8000	229	-262.495	1333.71
8000	230	-808.345	845.513
8000	231	-148.465	-305.269
8000	232	-92.5203	473.555
8000	233	485.499	548.181
8000	234	-256.988	314.199
8000	235	123.696	-240
8000	236	13.7604	1409.75
8000	237	296.376	-274.744
8000	238	491.331	352.046
8000	239	-103.616	560.79
8000	240	-634.823	-24.6484
8000	241	-163.502	449.358
8000	242	613.382	-762.492
8000	243	428.008	-114.704
8000	244	26.7284	986.862
8000	245	-114.41	-265.247
8000	246	360.376	-177.698
8000	247	-584.429	-541.886
8000	248	168.103	1356.59
8000	249	-187.536	776.64
8000	250	-264.535	371.887
8000	251	171.119	-715.801
8000	252	-785.73	15.0525
8000	253	135.216	-95.0771
8000	254	209.34	390.169
8000	255	-271.673	-811.715
8000	256	110.695	547.319
8000	257	-523.037	-869.196
8000	258	-294.583	189.361
8000	259	-472.907	1020
8000	260	287.13	-1520.81
8000	261	-142.519	528.444
8000	262	-35.6438	125.398
8000	263	65.512	179.728
8000	264	76.9506	623.429
8000	265	89.1403	-585.885
8000	266	434.68	173.512
8000	267	-401.475	703.677
8000	268	-96.8813	-528.093
8000	269	649.905	92.7959
8000	270	207.487	317.907
8000	271	-252.848	-558.939
8000	272	-186.816	-967.246
8000	273	411.517	-309.026
8000	274	29.7688	-534.317
8000	275	26.8176	-1305.08
8000	276	-416.275	396.521
8000	277	490.29	-685.531
8000	278	728.881	290.488
8000	279	-140.437	-833.77
8000	280	-332.704	450.887
8000	281	190.052	-141.463
8000	282	227.437	124.373
8000	283	2.48704	525.591
8000	284	-50.1482	-1081.28
8000	285	300.439	105.717
8000	286	-482.608	-1023.05
8000	287	181.948	-75.4679
8000	288	251.136	-494.707
8000	289	477.099	52.7544
8000	290	246.684	-202.577
8000	291	97.9233	-474.041
8000	292	288.194	1010.84
8000	293	-316.882	92.7698
8000	294	24.2893	-239.517
8000	295	-223.074	-1178.35
8000	296	-231.548	522.761
8000	297	213.086	787.919
8000	298	449.343	-296.853
8000	299	-11.1155	-1250.28
8000	300	100.895	-1000.49
8000	301	-22.1355	126.75
8000	302	125.042	-334.911
8000	303	-74.066	-949.572
8000	304	-636.503	-182.625
8000	305	-549.429	1092.25
8000	306	-773.077	244.503
8000	307	-875.788	699.368
8000	308	-332.324	-488.809
8000	309	88.964	-759.81
8000	310	-41.666	-272.55
8000	311	-16.4736	25.9565
8000	312	530.254	-36.1294
8000	313	218.443	387.393
8000	314	519.276	248.929
8000	315	342.853	-967.635
8000	316	91.8263	-509.471
8000	317	-181.022	-325.945
8000	318	81.2435	840.549
8000	319	-291.441	839.584
8000	320	-208.618	1449.35
8000	321	127.083	-575.611
8000	322	-834.629	-240.469
8000	323	539.394	-517.72
8000	324	227.142	-1244.99
8000	325	493.25	-901.618
8000	326	104.122	-1174.37
8000	327	576.265	207.758
8000	328	-154.724	608.387
8000	329	210.796	-102.99
8000	330	159.867	661.973
8000	331	-546.037	-61.9847
8000	332	238.591	1190.24
8000	333	102.71	-130.5
8000	334	250.726	-1247.24
8000	335	-47.5379	735.932
8000	336	-663.747	-622.358
8000	337	63.7583	1069.55
8000	338	-14.1983	-758.743
8000	339	-261.293	209.566
8000	340	-285.767	-111.531
8000	341	70.406	710.536
8000	342	-192.636	-433.404
8000	343	137.059	-58.4439
8000	344	79.3899	-1334.11
8000	345	173.437	275.706
8000	346	-137.515	-419.961
8000	347	-124.409	515.925
8000	348	265.021	-408.889
8000	349	-322.474	-726.304
8000	350	-56.6057	294.654
8000	351	279.875	-165.6
8000	352	385.714	-492.774
8000	353	48.5086	54.9652
8000	354	470.994	-697.105
8000	355	163.112	-247.673
8000	356	550.39	1042.94
8000	357	319.296	508.446
8000	358	72.4115	985.248
8000	359	313.148	-1125.91
8000	360	-123.001	1223.37
8000	361	-593.76	-868.616
8000	362	-270.16	-268.013
8000	363	-11.5993	201.772
8000	364	626.537	171.551
8000	365	493.595	-404.92
8000	366	-616.831	716.01
8000	367	16.259	-475.547
8000	368	58.4344	-186.807
8000	369	185.115	-1621.66
8000	370	-57.252	1527.29
8000	371	210.856	679.172
8000	372	7.47951	-125.253
8000	373	-415.464	-434.807
8000	374	127.756	286.233
8000	375	-195.597	-780.126
8000	376	279.226	-1251.52
8000	377	95.9612	337.131
8000	378	-242.86	907.689
8000	379	-150.486	-278.677
8000	380	-85.9431	-44.6561
8000	381	211.324	1073.59
8000	382	-241.35	-440.404
8000	383	-237.764	-770.651
8000	384	-11.2563	-698.532
8000	385	203.82	599.946
8000	386	-16.0284	-71.6979
8000	387	192.765	-320.675
8000	388	-328.221	-218.219
8000	389	160.989	-944.544
8000	390	-526.776	510.875
8000	391	-514.409	1032.44
8000	392	-182.678	1006.51
8000	393	-74.4923	135.123
8000	394	90.3606	161.247
8000	395	-427.947	-658.065
8000	396	-68.9265	-255.209
8000	397	-95.5078	-117.955
8000	398	-294.094	-951.236
8000	399	-422.168	946.028
8000	400	28.9743	846.269
8000	401	658.92	-1016.36
8000	402	147.886	-894.581
8000	403	193.39	-490.267
8000	404	-564.617	-166.559
8000	405	-337.176	898.434
8000	406	-463.238	113.65
8000	407	348.198	613.222
8000	408	124.274	65.3692
8000	409	6.57865	-181.109
8000	410	309.404	174.44
8000	411	138.573	-397.253
8000	412	504.262	-327.613
8000	413	-247.497	-77.1614
8000	414	-339.29	75.1954
8000	415	-1001.45	557.958
8000	416	521.377	512.379
8000	417	-39.3104	929.785
8000	418	195.369	-652.689
8000	419	-86.6504	343.947
8000	420	74.2824	-28.2227
8000	421	218.852	509.09
8000	422	634.112	-1133.71
8000	423	-387.558	-386.721
8000	424	661.346	-512.715
8000	425	-661.102	-37.9753
8000	426	-159.644	433.762
8000	427	415.915	1352.42
8000	428	-326.877	-140.746
8000	429	296.806	-36.4798
8000	430	597.358	325.481
8000	431	291.407	-464.64
8000	432	98.704	438.819
8000	433	76.9709	460.476
8000	434	102.157	1346.92
8000	435	-481.342	-625.234
8000	436	-347.712	95.256
8000	437	95.1787	-26.3553
8000	438	-105.167	-823.984
8000	439	-138.558	456.267
8000	440	247.084	-299.667
8000	441	-75.7068	233.069
8000	442	33.1483	-30.9985
8000	443	-744.447	-159.044
8000	444	44.5402	732.841
8000	445	110.772	420.776
8000	446	-266.212	-263.916
8000	447	-91.2732	237.124
8000	448	533.435	-308.05
8000	449	-254.559	519.74
8000	450	-386.589	892.738
8000	451	-192.295	-134.107
8000	452	-25.1335	-133.323
8000	453	-393.689	-448.121
8000	454	54.4802	154.274
8000	455	314.929	138.668
8000	456	204.041	-104.078
8000	457	-620.46	309.127
8000	458	-217.644	-49.1734
8000	459	-140.317	-72.5467
8000	460	-609.416	347.369
8000	461	217.027	368.084
8000	462	204.733	931.308
8000	463	-147.457	-598.466
8000	464	300.053	642.303
8000	465	417.292	-550.69
8000	466	-303.255	-291.542
8000	467	-403.008	-199.022
8000	468	-160.737	-422.256
8000	469	76.2891	-291.169
8000	470	494.036	-122.109
8000	471	393.592	415.213
8000	472	-565.718	1096.52
8000	473	-2.52263	-466.452
8000	474	-26.2396	-317.25
8000	475	394.533	1030.68
8000	476	28.1898	263.731
8000	477	-126.917	-525.494
8000	478	-342.108	-1128.45
8000	479	912.994	-38.0773
8000	480	-258.15	-425.182
8000	481	-336.428	748.877
8000	482	-193.879	265.551
8000	483	370.373	269.248
8000	484	-97.2984	-90.1861
8000	485	-371.243	1061.28
8000	486	227.226	-196.081
8000	487	-175.152	256.409
8000	488	247.03	-608.515
8000	489	-499.042	575.357
8000	490	-301.096	773.268
8000	491	-361.559	-201.89
8000	492	225.626	-1112.73
8000	493	219.447	327.44
8000	494	293.404	-289.361
8000	495	9.86776	104.324
8000	496	-76.7693	742.454
8000	497	-526.338	-55.5658
8000	498	-177.484	-445.782
8000	499	-697.594	-478.507
10000	0	-670.553	67.6794
10000	1	-404.372	1161.89
10000	2	-22.1501	431.824
10000	3	-255.559	207.103
10000	4	526.705	814.446
10000	5	-414.145	735.233
10000	6	630.798	-183.174
10000	7	-283.976	304.294
10000	8	390.335	126.943
10000	9	-126.232	-909.512
10000	10	240.042	-1162.34
10000	11	180.309	-589.219
10000	12	-164.355	-154.061
10000	13	-583.215	-456.314
10000	14	126.024	63.9034
10000	15	-208.984	90.1375
10000	16	-74.5851	75.0041
10000	17	473.486	630.365
10000	18	-136.119	248.807
10000	19	236.577	180.454
10000	20	-847.759	-608.479
10000	21	-69.8197	1841.5
10000	22	512.074	-130.578
10000	23	453.96	-688.465
10000	24	-72.7755	-146.008
10000	25	1090.58	-126.827
10000	26	-313.563	1007.1
10000	27	203.857	-773.523
10000	28	-41.6385	541.976
10000	29	568.983	-1296.07
10000	30	51.8879	464.82
10000	31	57.3682	148.062
10000	32	-256.568	338.035
10000	33	562.813	-816.822
10000	34	-52.9475	-8.55706
10000	35	58.3686	1080.2
10000	36	-151.984	-1208.7
10000	37	90.6743	-1000.3
10000	38	-62.3197	-518.982
10000	39	29.4103	420.637
10000	40	631.454	538.206
10000	41	73.8393	83.0588
10000	42	315.061	419.348
10000	43	429.622	-360.755
10000	44	-253.729	-216.017
10000	45	-445.324	-685.291
10000	46	-161.209	-275.08
10000	47	173.716	89.1105
10000	48	-96.0157	1071.31
10000	49	-617.884	627.025
10000	50	-48.2846	84.3577
10000	51	-196.204	255.421
10000	52	358.627	-936.339
10000	53	775.496	48.3218
10000	54	-893.415	1426.33
10000	55	-604.049	-734.097
10000	56	214.492	584.793
10000	57	-1032.68	-925.053
10000	58	746.92	987.621
10000	59	-357.514	1182.67
10000	60	127.184	532.766
10000	61	-197.471	549.111
10000	62	242.339	9.79313
10000	63	-183.35	-506.288
10000	64	-389.17	1000.07
10000	65	-986.259	569.441
10000	66	123.551	215.086
10000	67	-112.355	412.445
10000	68	44.9499	1579.93
10000	69	17.0936	-333.792
10000	70	-40.8414	546.371
10000	71	-569.03	-1397.3
10000	72	177.319	-1062.31
10000	73	207.775	621.594
10000	74	-243.106	-159.844
10000	75	-374.036	-326.286
10000	76	112.836	1048.96
10000	77	-156.964	889.633
10000	78	37.9355	-657.931
10000	79	1149.76	20.154
10000	80	-321.695	498.366
10000	81	250.651	420.271
10000	82	-167.12	120.64
10000	83	-1149.66	1647.54
10000	84	614.849	-295.772
10000	85	73.6921	302.85
10000	86	391.52	-248.251
10000	87	-177.161	-230.393
10000	88	14.9937	441.573
10000	89	34.0503	145.428
10000	90	203.171	-605.104
10000	91	504.3	-841.793
10000	92	-96.2369	-930.901
10000	93	492.942	1431.7
10000	94	265.302	922.321
10000	95	-420.645	-2151.29
10000	96	-66.3517	-149.265
10000	97	49.2178	-115.087
10000	98	-2.01837	212.634
10000	99	1102.4	476.683
10000	100	-512.446	-535.813
10000	101	-595.985	-529.243
10000	102	52.7887	-173.05
10000	103	60.3161	568.114
10000	104	468.554	951.285
10000	105	563.461	262.623
10000	106	-166.415	-571.878
10000	107	-0.338321	-677.898
10000	108	-442.371	-941.755
10000	109	226.083	37.8755
10000	110	62.39	823.942
10000	111	80.8028	-1461.2
10000	112	-567.706	-301.017
10000	113	370.794	-81.1022
10000	114	-447.483	-291.673
10000	115	534.004	-281.262
10000	116	132.956	-96.2108
10000	117	46.1605	118.917
10000	118	-278.233	208.001
10000	119	-241.379	-387.094
10000	120	663.828	143.851
10000	121	1286.7	661.592
10000	122	-38.211	1055.31
10000	123	421.652	-614.031
10000	124	-443.719	-1260.48
10000	125	-296.237	713.508
10000	126	-111.913	233.008
10000	127	330.599	-212.27
10000	128	-108.119	-64.1795
10000	129	-197.398	162.337
10000	130	-24.0533	684.063
10000	131	622.187	-890.196
10000	132	-40.6548	690.683
10000	133	449.259	991.565
10000	134	-303.138	153.92
10000	135	-408.364	-137.168
10000	136	-121.639	-131.445
10000	137	497.993	509.653
10000	138	-625.018	-95.3157
10000	139	141.252	613.107
10000	140	239.151	539.803
10000	141	42.9425	1083.75
10000	142	304.087	-10.7399
10000	143	-468.127	658.083
10000	144	4.39192	619.612
10000	145	-146.611	449.478
10000	146	-498.11	888.186
10000	147	584.448	18.9252
10000	148	546.021	-338.091
10000	149	-269.08	-240.09
10000	150	750.025	-1259.64
10000	151	-140.422	-384.412
10000	152	74.693	404.942
10000	153	-711.517	-1350.28
10000	154	-106.214	-438.538
10000	155	-86.7141	384.607
10000	156	-45.54	493.077
10000	157	-113.123	-347.351
10000	158	261.068	-269.557
10000	159	-72.3266	-1005.99
10000	160	-820.075	-251.769
10000	161	-729.548	-995.518
10000	162	-175.733	-559.939
10000	163	-246.804	-777.477
10000	164	242.711	-75.9023
10000	165	-345.335	891.995
10000	166	310.944	-1345.8
10000	167	-27.7474	1629.41
10000	168	-734.741	1053.22
10000	169	-167.805	51.5853
10000	170	148.546	860.794
10000	171	85.0266	-1092.11
10000	172	508.266	97.6534
10000	173	837.528	-1075.13
10000	174	386.693	261.651
10000	175	-28.8376	-104.675
10000	176	483.238	448.07
10000	177	406.085	722.16
10000	178	68.7806	-1075.82
10000	179	308.18	-981.181
10000	180	-218.615	-1249.91
10000	181	-112.475	356.521
10000	182	-62.637	1630.35
10000	183	-99.2838	1417.03
10000	184	-212.902	-490.132
10000	185	539.859	-814.962
10000	186	-487.179	-168.387
10000	187	-436.829	-155.129
10000	188	-48.7758	-65.6324
10000	189	15.7595	-365.097
10000	190	-812.307	-39.998
10000	191	-91.8245	-233.88
10000	192	639.715	-752.107
10000	193	-38.1592	373.309
10000	194	414.13	-134.733
10000	195	149.023	99.6477
10000	196	28.0081	622.079
10000	197	-497.902	-481.142
10000	198	87.6243	-354.855
10000	199	-444.19	-136.31
10000	200	-154.52	419.271
10000	201	346.109	-315.278
10000	202	236.884	941.826
10000	203	74.4014	375.943
10000	204	-109.658	-146.33
10000	205	461.973	-835.54
10000	206	633.653	535.861
10000	207	-99.7332	-708.654
10000	208	309.398	-189.266
10000	209	313.589	631.899
10000	210	811.84	-1175.75
10000	211	79.3919	-233.781
10000	212	-466.104	285.367
10000	213	16.2648	596.977
10000	214	-155.272	-280.005
10000	215	435.381	-219.99
10000	216	-39.1739	-1121.03
10000	217	114.614	-183.523
10000	218	-341.028	341.629
10000	219	36.5255	215.43
10000	220	-12.6922	528.958
10000	221	-475.32	312.446
10000	222	-185.513	156.739
10000	223	12.0188	-255.499
10000	224	-307.608	-287.384
10000	225	471.563	725.437
10000	226	-592.021	582.457
10000	227	-197.221	-807.717
10000	228	-233.243	-244.83
10000	229	-260.34	943.109
10000	230	-898.362	532.08
10000	231	-249.666	225.636
10000	232	-273.966	707.86
10000	233	572.846	779.274
10000	234	-256.368	-146.08
10000	235	535.694	-629.213
10000	236	117.746	1043.13
10000	237	359.751	-575.757
10000	238	448.547	79.2036
10000	239	73.1057	1225.39
10000	240	-833.248	144.055
10000	241	69.4769	97.5433
10000	242	576.149	-570.91
10000	243	390.677	225.977
10000	244	-117.099	1025.66
10000	245	-434.103	-404.914
10000	246	60.2493	216.169
10000	247	-520.636	-354.559
10000	248	269.634	1047.9
10000	249	-90.5788	149.085
10000	250	-369.027	674.631
10000	251	149.563	-739.854
10000	252	-324.722	239.817
10000	253	293.617	84.6768
10000	254	-126.704	177.011
10000	255	-71.1849	-95.8566
10000	256	356.815	602.509
10000	257	-390.864	-1026.38
10000	258	-153.248	653.865
10000	259	-338.02	1053.58
10000	260	145.639	-1917.5
10000	261	-302.738	285.638
10000	262	51.6607	-65.918
10000	263	381.292	-7.60209
10000	264	-53.9648	671.422
10000	265	256.043	-858.475
10000	266	677.814	369.424
10000	267	-417.96	808.742
10000	268	343.638	-302.421
10000	269	848.767	-217.212
10000	270	305.982	255.091
10000	271	-383.923	-625.514
10000	272	-584.731	-1379.05
10000	273	505.062	-393.64
10000	274	-111.95	-911.945
10000	275	-133.698	-1209.07
10000	276	-359.074	252.443
10000	277	553.671	-430.845
10000	278	810.255	-115.097
10000	279	-484.417	-828.145
10000	280	-465.108	340.029
10000	281	328.412	-104.468
10000	282	290.397	294.057
10000	283	107.647	425.795
10000	284	-84.31	-1485.04
10000	285	199.463	1.05398
10000	286	-561.72	-1612.9
10000	287	41.9251	-469.783
10000	288	13.3357	-974.214
10000	289	574.173	266.23
10000	290	269.853	-436.644
10000	291	61.8972	-881.155
10000	292	104.38	971.397
10000	293	-153.156	-294.683
10000	294	-117.347	-514.802
10000	295	-81.7855	-1133.59
10000	296	-270.489	367.206
10000	297	363.789	327.126
10000	298	649.052	-160.075
10000	299	209.712	-1391.24
10000	300	-11.923	-1194.26
10000	301	-139.535	131.111
10000	302	382.922	-165.508
10000	303	86.3535	-1310.02
10000	304	-735.64	-298.622
10000	305	-520.84	962.538
10000	306	-597.464	474.922
10000	307	-865.868	765.725
10000	308	-536.4	-831.872
10000	309	88.4308	-666.524
10000	310	-299.897	-343.781
10000	311	228.573	202.658
10000	312	789.464	550.515
10000	313	54.916	805.08
10000	314	445.359	-551.479
10000	315	162.903	-1213.26
10000	316	250.937	-161.846
10000	317	-241.552	-158.983
10000	318	60.1756	858.725
10000	319	29.3969	745.166
10000	320	-68.1923	1051.65
10000	321	208.856	-169.734
10000	322	-548.158	-290.57
10000	323	563.499	-668.872
10000	324	388.032	-1645.86
10000	325	518.652	-1061.14
10000	326	-213.409	-1106
10000	327	690.148	-254.28
10000	328	-77.7325	292.902
10000	329	-148.965	364.423
10000	330	237.034	919.095
10000	331	-689.521	181.969
10000	332	166.393	1436.14
10000	333	-94.8818	47.9398
10000	334	108.132	-1613.75
10000	335	-49.1839	2027.26
10000	336	-825.697	-129.3
10000	337	-151.476	1045.05
10000	338	64.6191	-140.995
10000	339	-301.494	-8.55666
10000	340	-389.519	-618.049
10000	341	90.8322	217.728
10000	342	-211.986	-841.777
10000	343	-1.11848	-261.946
10000	344	133.207	-753.948
10000	345	175.801	-22.6291
10000	346	-55.9533	-732.064
10000	347	37.5633	589.041
10000	348	246.432	-267.644
10000	349	-504.815	-1057.28
10000	350	-189.371	476.961
10000	351	484.056	-200.473
10000	352	353.474	-390.99
10000	353	-90.528	264.066
10000	354	431.221	-855.843
10000	355	65.1368	393.291
10000	356	423.383	867.18
10000	357	459.895	94.4144
10000	358	-66.2025	849.851
10000	359	510.675	-805.421
10000	360	-204.172	1473.37
10000	361	-634.002	-1633.66
10000	362	-299.587	-285.675
10000	363	112.83	260.026
10000	364	878.167	26.0393
10000	365	517.597	-992.766
10000	366	-500.498	692.392
10000	367	168.739	-1030
10000	368	296.727	130.214
10000	369	159.138	-1976.12
10000	370	-22.4053	1111.37
10000	371	8.69044	709.8
10000	372	-99.8526	-61.7632
10000	373	-353.529	7.73398
10000	374	84.2542	45.4678
10000	375	-118.84	-1146.18
10000	376	539.269	-471.428
10000	377	94.3005	357.853
10000	378	-475.974	805.793
10000	379	-328.871	-57.8097
10000	380	-162.861	538.655
10000	381	154.234	763.441
10000	382	-441.328	570.098
10000	383	-237.294	-574.211
10000	384	-220.801	-755.401
10000	385	102.287	921.821
10000	386	-194.812	-874.11
10000	387	120.558	-630.852
10000	388	-567.218	-438.146
10000	389	181.94	-610.583
10000	390	-422.325	448.632
10000	391	-613.421	1456.36
10000	392	-445.013	1630.92
10000	393	-113.51	-537.523
10000	394	231.533	373.708
10000	395	-679.063	-510.38
10000	396	-29.988	-61.2602
10000	397	-12.3482	-428.596
10000	398	-357.024	-1044.12
10000	399	-565.062	1056.23
10000	400	-14.3896	833.459
10000	401	796.847	-1219.67
10000	402	486.272	-840.331
10000	403	-4.50852	-598.779
10000	404	-777.525	-403.042
10000	405	-475.022	1161.41
10000	406	-513.347	380.365
10000	407	508.631	-13.7925
10000	408	-333.391	-169.606
10000	409	162.217	-504.985
10000	410	-17.489	886.761
10000	411	-20.0871	-292.251
10000	412	745.964	-257.91
10000	413	-89.0837	475.643
10000	414	32.391	654.423
10000	415	-800.973	584.589
10000	416	831.034	596.066
10000	417	58.1	781.723
10000	418	64.9486	-335.499
10000	419	-111.813	748.655
10000	420	-326.744	-394.977
10000	421	161.112	788.903
10000	422	477.316	-1164.45
10000	423	-688.365	-334.967
10000	424	762.63	-98.3154
10000	425	-763.358	-59.7541
10000	426	-77.4113	444.023
10000	427	748.805	1288.98
10000	428	-666.521	-199.435
10000	429	396.067	-487.292
10000	430	676.428	49.9413
10000	431	171.466	-834.144
10000	432	-20.7229	593.779
10000	433	56.6953	923.581
10000	434	-97.4208	1288.95
10000	435	-527.597	-873.344
10000	436	-407.996	127.754
10000	437	97.4677	-505.104
10000	438	-278.126	-980.23
10000	439	-19.9734	919.648
10000	440	367.97	-58.2279
10000	441	223.193	246.509
10000	442	153.905	222.57
10000	443	-736.014	-93.6931
10000	444	-120.057	702.991
10000	445	28.0713	384.923
10000	446	-224.892	91.2696
10000	447	49.1238	-76.994
10000	448	572.559	-368.151
10000	449	-316.517	569.723
10000	450	-505.213	675.681
10000	451	-311.151	-334.809
10000	452	-213.296	-306.093
10000	453	-321.089	-758.695
10000	454	112.012	382.843
10000	455	558.839	-100.13
10000	456	226.782	199.742
10000	457	-630.199	10.0339
10000	458	31.5764	425.016
10000	459	137.067	-99.9529
10000	460	-548.526	318.57
10000	461	157.363	255.515
10000	462	109.069	941.869
10000	463	59.4593	-865.401
10000	464	367.023	338.483
10000	465	165.285	-1230.07
10000	466	-362.553	-20
10000	467	-356.904	-268.95
10000	468	-221.457	-478.678
10000	469	173.403	32.751
10000	470	635.333	352.167
10000	471	671.583	906.068
10000	472	-324.774	1124.39
10000	473	-21.8437	92.8894
10000	474	65.3987	-773.97
10000	475	17.3355	1145.46
10000	476	-267.045	-118.854
10000	477	131.81	-13.2894
10000	478	-383.121	-1242.37
10000	479	754.395	-332.483
10000	480	-59.0376	-981.492
10000	481	-347.212	1016.95
10000	482	-2.18166	176.568
10000	483	174.925	328.274
10000	484	61.6847	233.584
10000	485	-392.169	368.982
10000	486	427.156	-175.734
10000	487	-274.732	209.553
10000	488	286.846	-551.115
10000	489	-376.189	648.744
10000	490	-482.31	551.316
10000	491	-439.419	-38.8599
10000	492	-76.7674	-1483.21
10000	493	162.318	258.132
10000	494	294.105	-262.207
10000	495	-107.602	-124.095
10000	496	49.1769	495.004
10000	497	-659.867	-243.097
10000	498	-398.612	-656.757
10000	499	-839.545	-552.666
12000	0	-871.108	-134.069
12000	1	-308.444	1232.34
12000	2	184.245	538.169
12000	3	-177.526	-105.627
12000	4	463.798	1326.96
12000	5	-197.013	567.919
12000	6	830.945	260.172
12000	7	-287.649	189.91
12000	8	329.355	275.918
12000	9	-205.929	-1380.6
12000	10	179.809	-1524.71
12000	11	520.489	-1050.52
12000	12	-283.844	642.964
12000	13	-404.535	-554.566
12000	14	288.56	8.84266
12000	15	-308.123	-429.256
12000	16	-35.672	97.0359
12000	17	779.817	797.477
12000	18	-294.272	552.842
12000	19	114.889	102.859
12000	20	-566.568	-209.087
12000	21	-248.362	1547.91
12000	22	418.702	-224.18
12000	23	13.4769	-693.086
12000	24	-242.216	68.7838
12000	25	930.052	-13.7266
12000	26	-211.452	517.25
12000	27	243.585	-597.422
12000	28	-118.312	505.766
12000	29	1.1786	-1207.53
12000	30	-46.4912	658.007
12000	31	-146.219	77.4991
12000	32	-195.945	479.262
12000	33	423.838	-614.574
12000	34	-13.0872	-182.597
12000	35	238.535	1180.47
12000	36	-383.048	-1173.59
12000	37	151.033	-978.5
12000	38	79.0732	-495.905
12000	39	108.653	777.437
12000	40	675.186	909.134
12000	41	129.951	168.545
12000	42	96.3971	955.616
12000	43	489.488	-367.947
12000	44	-451.099	204.537
12000	45	-433.778	-419.381
12000	46	-1.36673	-387.624
12000	47	-56.7037	-255.486
12000	48	61.0146	1427.03
12000	49	-780.072	581.28
12000	50	-187.164	-110.352
12000	51	-239.712	562.868
12000	52	392.88	-727.638
12000	53	597.444	-187.746
12000	54	-311.119	1155.06
12000	55	-765.121	-728.105
12000	56	91.2729	861.642
12000	57	-1032.44	-895.917
12000	58	576.115	1480.27
12000	59	-226.69	911.159
12000	60	103.081	691.691
12000	61	-36.643	144.58
12000	62	144.276	170.104
12000	63	-163.918	-758.314
12000	64	-620.343	1030.76
12000	65	-906.436	930.112
12000	66	302.908	-24.6744
12000	67	-433.967	57.8007
12000	68	62.9972	1229.95
12000	69	180.073	-882.151
12000	70	-213.78	820.888
12000	71	-590.517	-1506.1
12000	72	255.607	-987.493
12000	73	233.284	549.868
12000	74	-4.33272	87.5294
12000	75	-453.642	-105.016
12000	76	310.679	1222.95
12000	77	-35.3075	639.58
12000	78	-301.308	367.572
12000	79	1115.54	43.1765
12000	80	-439.091	316.481
12000	81	171.546	500.441
12000	82	-183.91	398.534
12000	83	-1176.94	1441.45
12000	84	514.615	-451.236
12000	85	15.4688	-215.246
12000	86	793.109	-479.52
12000	87	131.334	-402.946
12000	88	-138.743	524.632
12000	89	-202.092	430.788
12000	90	85.7863	-1041.16
12000	91	616.966	-347.496
12000	92	-74.9809	-941.957
12000	93	572.68	1455.17
12000	94	283.548	1035.27
12000	95	-733.93	-1819.59
12000	96	-207.498	136.666
12000	97	82.2112	-71.0629
12000	98	78.8059	59.6258
12000	99	1223.13	316.626
12000	100	-306.126	-403.347
12000	101	-496.294	-933.113
12000	102	252.779	-85.164
12000	103	-299.365	492.022
12000	104	725.496	939.468
12000	105	625.196	547.599
12000	106	-228.903	-1463.71
12000	107	83.1058	-815.06
12000	108	-257.579	-1175.09
12000	109	-253.773	514.477
12000	110	-196.972	1528.44
12000	111	140.757	-1169.16
12000	112	-592.865	-494.183
12000	113	624.45	101.893
12000	114	-361.495	-393.336
12000	115	703.52	-286.563
12000	116	392.767	-273.375
12000	117	-93.0658	725.554
12000	118	-237.002	-242.513
12000	119	-499.574	-66.2738
12000	120	707.45	-228.776
12000	121	1473.68	862.326
12000	122	-157.276	1380.57
12000	123	501.236	-548.35
12000	124	-484.349	-822.661
12000	125	-574.555	1052.68
12000	126	-87.8687	356.755
12000	127	390.64	-370.069
12000	128	91.4106	-188.38
12000	129	-151.896	845.313
12000	130	178.936	799.886
12000	131	605.566	-895.941
12000	132	-73.305	525.648
12000	133	566.891	993.566
12000	134	-569.855	440.628
12000	135	-398.795	-354.606
12000	136	116.248	17.9536
12000	137	139.402	514.92
12000	138	-780.673	-524.08
12000	139	288.673	363.152
12000	140	-140.155	1112.29
12000	141	-18.9086	502.433
12000	142	314.026	-456.491
12000	143	-629.12	1405.18
12000	144	104.882	1094.4
12000	145	-145.535	285.433
12000	146	-935.735	699.431
12000	147	686.174	-151.561
12000	148	793.282	113.512
12000	149	-389.972	-253.194
12000	150	869.612	-1721.53
12000	151	-81.0159	-504.886
12000	152	116.636	793.794
12000	153	-454.436	-1183.72
12000	154	-185.535	-541.445
12000	155	-281.908	-419
12000	156	113.929	1140.92
12000	157	-157.681	-830.818
12000	158	318.28	-899.031
12000	159	-138.263	-939.73
12000	160	-961.78	-726.586
12000	161	-508.205	-1314.5
12000	162	-196.607	-233.944
12000	163	-365.707	-590.528
12000	164	274.921	150.813
12000	165	-468.194	1448.55
12000	166	-169.801	-1539.84
12000	167	-248.118	1546.64
12000	168	-935.795	714.997
12000	169	-249.837	522.799
12000	170	-15.8482	223.865
12000	171	159.977	-935.607
12000	172	547.88	363.217
12000	173	951.399	-1361.46
12000	174	237.507	497.817
12000	175	-86.6522	-105.263
12000	176	121.182	1139.5
12000	177	268.58	750.95
12000	178	8.59084	-1028.5
12000	179	230.66	-655.003
12000	180	8.65218	-1009.27
12000	181	122.294	67.4128
12000	182	-235.085	1461.13
12000	183	104.04	1115.85
12000	184	-178.45	-445.698
12000	185	754.01	-450.241
12000	186	-367.306	-17.5289
12000	187	-311.082	-27.3858
12000	188	-189.169	52.4992
12000	189	155.842	-503.853
12000	190	-1025.38	-137.8
12000	191	-279.066	-525.386
12000	192	835.436	-347.775
12000	193	59.6456	310.376
12000	194	190.504	18.4258
12000	195	149.319	407.151
12000	196	225.367	1181.81
12000	197	-671.644	-515.182
12000	198	272.368	-222.071
12000	199	-423.927	365.712
12000	200	-216.452	95.8264
12000	201	-14.2257	-511.871
12000	202	-104.298	1060.49
12000	203	172.915	115.66
12000	204	-26.5113	33.0778
12000	205	420.658	-1149.72
12000	206	600.529	439.974
12000	207	-203.484	-834.88
12000	208	130.94	18.9872
12000	209	354.131	446.008
12000	210	1132.93	-929.56
12000	211	240.532	-198.121
12000	212	-249.809	615.729
12000	213	438.97	988.522
12000	214	-367.252	-368.925
12000	215	552.802	146.766
12000	216	-119.78	-1324.96
12000	217	52.5898	-204.064
12000	218	-657.032	-78.1632
12000	219	57.6762	-355.802
12000	220	163.575	821.416
12000	221	-557.215	54.7451
12000	222	-68.3967	-477.441
12000	223	51.3901	-404.1
12000	224	-488.576	253.507
12000	225	312.164	1621.91
12000	226	-533.288	441.91
12000	227	74.1886	-708.45
12000	228	-152.3	-67.74
12000	229	-233.885	777.746
12000	230	-836.957	251.389
12000	231	90.051	517.164
12000	232	-558.469	346.284
12000	233	594.516	813.381
12000	234	-456.366	-138.469
12000	235	670.265	-522.064
12000	236	-66.2036	514.885
12000	237	219.201	-1141.37
12000	238	488.254	352.442
12000	239	235.722	1419.36
12000	240	-814.541	239.731
12000	241	289.878	24.835
12000	242	554.843	-541.697
12000	243	586.159	495.436
12000	244	-241.312	899.906
12000	245	-435.355	-471.454
12000	246	248.068	-62.7604
12000	247	-527.8	-361.604
12000	248	265.644	978.426
12000	249	-69.7124	123.944
12000	250	-408.091	358.822
12000	251	-89.3583	-753.98
12000	252	-28.0807	-203.53
12000	253	373.534	522.334
12000	254	-125.407	327.106
12000	255	24.8654	20.6844
12000	256	331.423	610.024
12000	257	-462.125	-1315.62
12000	258	-273.505	626.43
12000	259	-363.071	1090.19
12000	260	-75.59	-1819.68
12000	261	-401.712	667.451
12000	262	-106.909	-297.601
12000	263	145.203	206.234
12000	264	-470.602	545.902
12000	265	347.186	-1095.67
12000	266	713.972	210.72
12000	267	-480.069	418.034
12000	268	309.567	-304.559
12000	269	768.118	-126.663
12000	270	463.664	585.305
12000	271	-211.775	-622.244
12000	272	-547.366	-1605.45
12000	273	304.098	-481.104
12000	274	-31.7534	-788.91
12000	275	-410.551	-651.023
12000	276	-376.974	157.482
12000	277	670.815	-206.059
12000	278	828.797	370.584
12000	279	-278.711	-1212.66
12000	280	-331.814	487.5
12000	281	357.081	783.487
12000	282	273.643	163.769
12000	283	25.0854	-16.6949
12000	284	15.1755	-2307.69
12000	285	118.692	-73.499
12000	286	-706.245	-1346.18
12000	287	-48.8282	18.779
12000	288	-87.5889	-1237.01
12000	289	943.955	99.9266
12000	290	526.85	-164.556
12000	291	276.388	-1006.62
12000	292	25.4754	343.061
12000	293	-95.6816	-258.851
12000	294	85.8428	-443.858
12000	295	114.224	-1303.81
12000	296	-113.633	345.453
12000	297	448.704	36.2709
12000	298	465.46	351.801
12000	299	389.103	-1723.36
12000	300	-199.705	-816.464
12000	301	-441.421	408.578
12000	302	346.585	-340.358
12000	303	324.697	-995.369
12000	304	-656.419	-249.43
12000	305	-480.19	1676.85
12000	306	-303.644	484.664
12000	307	-1104.94	930.259
12000	308	-239.38	-633.372
12000	309	306.969	-640.488
12000	310	-360.389	-80.6945
12000	311	344.334	347.968
12000	312	1070.72	716.308
12000	313	239.45	871.794
12000	314	659.133	-22.8629
12000	315	87.9848	-1657.56
12000	316	430.94	48.5979
12000	317	-42.719	-163.99
12000	318	60.546	1463.1
12000	319	27.46	776.447
12000	320	32.1894	1266.53
12000	321	-55.1033	-329.4
12000	322	-1075.79	-610.756
12000	323	798.474	-464.487
12000	324	369.2	-1364.24
12000	325	469.812	-912.526
12000	326	103.307	-533.05
12000	327	601.733	-387.277
12000	328	-18.1546	-310.177
12000	329	8.33689	657.277
12000	330	240.57	945.143
12000	331	-707.963	-150.025
12000	332	536.036	1760.48
12000	333	106.967	-661.943
12000	334	69.8759	-1477.2
12000	335	-227.822	1990.47
12000	336	-401.408	318.921
12000	337	6.01426	1178.96
12000	338	-27.8178	-702.576
12000	339	-403.264	-266.837
12000	340	-412.196	-909.926
12000	341	171.197	88.7008
12000	342	-252.454	-727.139
12000	343	139.713	-655.864
12000	344	196.312	-739.191
12000	345	-64.5106	-71.1893
12000	346	-276.885	-689.954
12000	347	-143.487	508.062
12000	348	312.998	-325.823
12000	349	-801.686	-1127.49
12000	350	-35.9651	347.672
12000	351	363.051	-479.584
12000	352	486.372	20.4386
12000	353	-387.896	-200.498
12000	354	351.032	-999.664
12000	355	4.25252	600.504
12000	356	400.36	906.497
12000	357	337.083	-31.1232
12000	358	-375.801	847.072
12000	359	355.994	-376.004
12000	360	-781.564	1755.41
12000	361	-875.994	-1759.56
12000	362	-380.342	-235.559
12000	363	-144.763	147.87
12000	364	829.958	407.951
12000	365	618.496	-965.166
12000	366	-150.374	509.466
12000	367	73.6989	-1251.27
12000	368	354.43	412.544
12000	369	95.359	-1980.61
12000	370	-159.295	1154.64
12000	371	-108.694	301.401
12000	372	222.553	-422.862
12000	373	-216.993	208.084
12000	374	71.346	-64.2377
12000	375	-317.793	-1026.96
12000	376	496.747	-872.977
12000	377	30.5069	-143.744
12000	378	-429.864	1050.07
12000	379	-422.458	-58.1786
12000	380	-186.624	830.93
12000	381	-8.78418	861.489
12000	382	-489.629	568.602
12000	383	-459.063	-730.238
12000	384	-201.056	-834.802
12000	385	165.472	1315.55
12000	386	-436.518	-541.712
12000	387	345.303	-640.434
12000	388	-887.831	-368.144
12000	389	285.753	-261.544
12000	390	-284.058	1012.88
12000	391	-704.511	2104.1
12000	392	-744.752	1933.01
12000	393	31.1188	-798.5
12000	394	251.666	-164.042
12000	395	-639.028	-588.534
12000	396	28.2043	-337.401
12000	397	194.024	109.457
12000	398	-35.3095	-1674.66
12000	399	-883.65	746.84
12000	400	-274.051	771.686
12000	401	797.895	-1226.53
12000	402	585.904	-571.038
12000	403	12.9292	-656.607
12000	404	-646.748	-831.957
12000	405	-241.003	979.185
12000	406	-295.361	155.948
12000	407	171.551	-133.226
12000	408	-56.0074	69.9518
12000	409	578.359	-494.192
12000	410	169.092	523.277
12000	411	-439.908	-727.037
12000	412	600.73	-949.26
12000	413	-86.2799	423.67
12000	414	413.36	405.544
12000	415	-825.124	889.033
12000	416	951.144	505.82
12000	417	120.495	717.612
12000	418	148.707	-958.387
12000	419	-189.372	1089.19
12000	420	-329.871	-551.252
12000	421	301.047	937.021
12000	422	194.474	-920.365
12000	423	-965.734	-458.304
12000	424	941.724	-724.442
12000	425	-781.045	284.416
12000	426	-37.5311	929.141
12000	427	851.21	1652.42
12000	428	-824.279	320.803
12000	429	335.59	-133.669
12000	430	800.865	339.592
12000	431	-8.56899	-677.117
12000	432	237.445	760.805
12000	433	135.625	1087.56
12000	434	200.952	1495.57
12000	435	-545.194	-999.527
12000	436	-304.692	766.377
12000	437	354.974	-1096.76
12000	438	-646.708	-464.973
12000	439	-42.6287	1356.08
12000	440	28.2162	375.359
12000	441	49.2266	795.795
12000	442	413.939	181.168
12000	443	-659.569	760.675
12000	444	-192.518	637.226
12000	445	-29.1132	407.212
12000	446	-245.559	-640.834
12000	447	-155.874	-694.425
12000	448	254.667	-66.5316
12000	449	-115.805	733.996
12000	450	-585.683	429.05
12000	451	-337.115	-227.108
12000	452	-132.887	-267.496
12000	453	-36.0503	-1332.44
12000	454	74.3328	878.556
12000	455	493.717	90.654
12000	456	630.077	679.221
12000	457	-733.684	-102.948
12000	458	23.6416	374.802
12000	459	85.7962	-972.816
12000	460	-517.066	334.638
12000	461	-0.762313	-108.986
12000	462	129.476	489.323
12000	463	191.305	-1065.28
12000	464	456.346	397.589
12000	465	251.405	-1325.38
12000	466	-222.679	152.67
12000	467	-565.23	-435.458
12000	468	-303.168	-406.519
12000	469	35.5953	-112.16
12000	470	611.83	755.17
12000	471	790.302	583.951
12000	472	-5.88219	679.401
12000	473	260.196	349.421
12000	474	25.9895	-1004.6
12000	475	-102.668	1144.5
12000	476	-73.3834	-200.35
12000	477	51.1311	53.7957
12000	478	-204.352	-700.274
12000	479	730.539	-224.792
12000	480	-198.813	-885.332
12000	481	-477.153	1072.04
12000	482	-152.007	268.234
12000	483	50.7163	408.933
12000	484	-196.404	-28.0377
12000	485	-211.487	136.987
12000	486	488.9	-26.5727
12000	487	-137.682	-124.993
12000	488	306.476	-840.445
12000	489	-426.657	295.062
12000	490	-551.724	828.268
12000	491	-240.585	13.7678
12000	492	124.516	-1452.16
12000	493	279.919	74.284
12000	494	331.866	3.1114
12000	495	72.7565	-713.653
12000	496	158.954	495
12000	497	-693.142	-116.573
12000	498	-297.424	-431.895
12000	499	-842.891	-762.453
14000	0	-728.545	172.692
14000	1	-307.356	1086.17
14000	2	65.9025	739.858
14000	3	-116.635	-83.6137
14000	4	298.469	1235.32
14000	5	-75.9977	481.198
14000	6	652.306	38.3758
14000	7	-371.68	385.452
14000	8	858.526	154.363
14000	9	-163.123	-1746.67
14000	10	-173.537	-1334.29
14000	11	320.702	-1657.92
14000	12	-125.041	553.806
14000	13	-240.909	-810.042
14000	14	207.883	-432.587
14000	15	-227.995	-641.583
14000	16	-316.514	-10.7645
14000	17	918.759	946.34
14000	18	-255.504	353.918
14000	19	195.268	-573.986
14000	20	-827.838	-341.354
14000	21	-167.811	1629.13
14000	22	357.423	218.877
14000	23	-149.431	-942.548
14000	24	-236.461	272.976
14000	25	1011.36	-282.532
14000	26	-418.695	828.861
14000	27	222.447	-620.04
14000	28	-298.053	448.974
14000	29	250.076	-1155.96
14000	30	-144.436	360.218
14000	31	-55.2733	-257.567
14000	32	-396.961	1331.79
14000	33	625.676	-253.316
14000	34	-93.6962	-540.408
14000	35	137.733	1296.36
14000	36	-162.039	-1521.97
14000	37	350.195	-1901.42
14000	38	138.293	-364.955
14000	39	69.8191	736.249
14000	40	793.158	1626.48
14000	41	253.928	222.844
14000	42	15.1241	1118
14000	43	592.811	-724.62
14000	44	-233.497	660.955
14000	45	-382.741	-816.147
14000	46	-139.658	100.416
14000	47	-44.2524	-197.374
14000	48	22.0348	1621.91
14000	49	-717.958	968.208
14000	50	-47.0226	176.692
14000	51	-279.763	332.135
14000	52	379.592	-1044.9
14000	53	557.957	-381.651
14000	54	-152.888	1175.07
14000	55	-1062.75	-981.645
14000	56	101.389	1385.19
14000	57	-1051.86	-800.423
14000	58	716.323	1550.84
14000	59	104.138	1526.9
14000	60	364.319	1161.67
14000	61	123.545	-270.952
14000	62	62.7538	442.619
14000	63	-183.398	-1131.4
14000	64	-694.158	1045.9
14000	65	-995.113	809.246
14000	66	581.635	42.1655
14000	67	-300.973	186.242
14000	68	344.056	1643.47
14000	69	196.959	-663.359
14000	70	-391.425	593.173
14000	71	-848.042	-2133.7
14000	72	318.456	-1433.74
14000	73	415.097	810.946
14000	74	-35.3362	-383.204
14000	75	-256.007	122.33
14000	76	68.2869	764.876
14000	77	-37.4417	932.823
14000	78	-643.662	719.005
14000	79	1249.98	378.755
14000	80	-519.761	233.489
14000	81	171.848	188.954
14000	82	-473.435	406.56
14000	83	-1272.13	914.535
14000	84	538.415	-1148.35
14000	85	124.302	-215.047
14000	86	654.686	-837.413
14000	87	60.7516	-153.031
14000	88	-114.622	225.327
14000	89	-388.127	382.438
14000	90	-96.1726	-1620.07
14000	91	502.696	-556.205
14000	92	-10.6109	-869.946
14000	93	712.424	1980.66
14000	94	325.3	1190.02
14000	95	-680.4	-1672.77
14000	96	-284.41	-54.2818
14000	97	191.94	75.5828
14000	98	38.7449	-135.611
14000	99	1002.61	1014.48
14000	100	-608.136	-91.9041
14000	101	-673.904	-1574.59
14000	102	403.512	394.578
14000	103	-262.57	298.903
14000	104	582.759	730.209
14000	105	467.253	187.432
14000	106	-272.569	-1442.17
14000	107	174.868	-539.645
14000	108	-531.759	-1438.36
14000	109	-124.059	282.949
14000	110	-157.918	1817.95
14000	111	224.709	-1546.33
14000	112	-534.783	-671.9
14000	113	783.676	247.449
14000	114	-418.483	-336.315
14000	115	590.188	-707.076
14000	116	271.694	-1085.08
14000	117	-370.337	818.601
14000	118	-204.088	-176.903
14000	119	-398.255	-637.673
14000	120	503.439	-194.93
14000	121	1306.43	900.384
14000	122	224.776	1662.92
14000	123	454.698	-72.5759
14000	124	-503.741	-926.607
14000	125	-937.907	591.164
14000	126	-70.4164	764.059
14000	127	434.485	-292.56
14000	128	330.946	-743.441
14000	129	-232.662	461.73
14000	130	34.0011	880.475
14000	131	741.567	-672.116
14000	132	289.135	-236.352
14000	133	492.312	1364.51
14000	134	-232.852	210.698
14000	135	-484.169	-400.01
14000	136	79.1493	144.582
14000	137	196.667	472.182
14000	138	-804.475	-260.503
14000	139	218.706	468.629
14000	140	-162.954	721.702
14000	141	-274.237	353.814
14000	142	150.333	-658.995
14000	143	-848.812	811.999
14000	144	47.6135	1560.92
14000	145	-344.585	-37.6173
14000	146	-752.183	555.206
14000	147	592.109	535.386
14000	148	726.159	-62.9374
14000	149	-292.135	-315.692
14000	150	710.904	-1758.31
14000	151	-338.588	81.5072
14000	152	354.728	1022.77
14000	153	-473.017	-884.481
14000	154	-108.747	-358.153
14000	155	-724.315	-444.059
14000	156	214.996	1175.4
14000	157	-270.61	-419.274
14000	158	340.653	-1233.46
14000	159	-277.163	-822.886
14000	160	-1140.21	-770.432
14000	161	-550.263	-1811.3
14000	162	-49.9455	-582.292
14000	163	-688.976	-345.943
14000	164	214.384	1057.39
14000	165	-440.454	1256.3
14000	166	-129.581	-1397.68
14000	167	-305.471	1404.08
14000	168	-553.184	701.535
14000	169	8.60073	625.519
14000	170	262.638	-233.888
14000	171	285.657	-590.781
14000	172	479.751	825.158
14000	173	922.095	-1486.3
14000	174	69.1874	401.159
14000	175	-147.148	467.78
14000	176	380.915	1048.92
14000	177	91.8761	913.044
14000	178	128.335	-998.785
14000	179	248.403	-808.881
14000	180	-130.831	-1176.5
14000	181	5.62604	-516.056
14000	182	-172.166	1212.66
14000	183	100.023	1232.89
14000	184	-354.783	13.8453
14000	185	615.159	125.599
14000	186	-470.234	465.175
14000	187	-376.889	-250.877
14000	188	130.21	-0.00118682
14000	189	299.658	-432.531
14000	190	-895.411	-606.135
14000	191	-281.708	-516.409
14000	192	462.096	-125.46
14000	193	-215.357	-97.0659
14000	194	-185.666	-500.735
14000	195	187.392	22.8463
14000	196	225.472	846.6
14000	197	-494.399	-1036.96
14000	198	449.748	317.949
14000	199	-411.476	74.1582
14000	200	43.8459	488.93
14000	201	-132.049	-716.371
14000	202	4.85119	837.831
14000	203	314.677	671.822
14000	204	12.1099	-15.8016
14000	205	681.072	-1051
14000	206	777.817	623.219
14000	207	-522.619	-522.933
14000	208	250.999	563.65
14000	209	323.945	1022.49
14000	210	1264.85	-694.552
14000	211	21.4404	-878.368
14000	212	-446.358	180.783
14000	213	235.818	1226.08
14000	214	-182.619	-127.227
14000	215	795.71	8.42527
14000	216	-179.722	-1837.04
14000	217	303.721	-93.9974
14000	218	-300.932	272.225
14000	219	-19.7806	657.782
14000	220	223.654	1057.35
14000	221	-576.394	380.664
14000	222	-527.161	585.966
14000	223	393.459	-1015.27
14000	224	-527.951	553.005
14000	225	431.143	1627.14
14000	226	-595.337	736.576
14000	227	-138.776	-424.781
14000	228	6.65771	12.2977
14000	229	76.5139	890.406
14000	230	-959.968	355.907
14000	231	166.424	382.989
14000	232	-693.51	431.452
14000	233	611.387	474.312
14000	234	-421.397	391.737
14000	235	456.932	-104.779
14000	236	-143.633	483.379
14000	237	196.846	-588.379
14000	238	171.097	141.22
14000	239	318.614	1479.63
14000	240	-635.819	188.235
14000	241	308.74	181.644
14000	242	794.263	-575.895
14000	243	191.495	426.669
14000	244	-544.022	364
14000	245	-332.883	-1096.08
14000	246	179.868	559.618
14000	247	-628.04	-565.528
14000	248	387.267	1005.9
14000	249	109.514	-216.562
14000	250	-337.069	513.401
14000	251	408.045	-148.714
14000	252	134.59	-125.669
14000	253	412.709	398.659
14000	254	-24.8876	1012.81
14000	255	311.73	-220.198
14000	256	271.918	188.386
14000	257	-650.685	-1771.51
14000	258	36.8185	609.614
14000	259	-177.84	1327.01
14000	260	-106.292	-2209.77
14000	261	-461.183	206.906
14000	262	-26.415	-508.734
14000	263	124.138	121.888
14000	264	-451.39	784.38
14000	265	348.095	-1185.68
14000	266	891.72	204.11
14000	267	-281.831	461.168
14000	268	404.016	-29.8637
14000	269	1086.83	-448.254
14000	270	-54.499	863.125
14000	271	-172.212	-869.825
14000	272	-603.853	-1874.05
14000	273	584.948	-966.339
14000	274	-349.699	-648.795
14000	275	-292.079	-687.687
14000	276	-755.354	333.527
14000	277	794.718	-383.521
14000	278	831.199	686.404
14000	279	-241.272	-983.923
14000	280	-456.868	856.534
14000	281	389.812	1093.75
14000	282	150.862	10.8069
14000	283	-53.513	-19.8737
14000	284	100.926	-2547.25
14000	285	121.897	-199.959
14000	286	-825.355	-1538.73
14000	287	-22.2833	121.325
14000	288	-29.5693	-1908.85
14000	289	756.251	199.233
14000	290	566.799	-201.387
14000	291	480.329	-1102.15
14000	292	282.201	330.499
14000	293	-52.3298	-246.556
14000	294	170.869	-558.047
14000	295	221.006	-1009.18
14000	296	-165.717	710.825
14000	297	380.632	-99.5557
14000	298	635.599	738.972
14000	299	307.329	-1300.55
14000	300	-38.5638	-670.886
14000	301	-398.641	-7.45603
14000	302	211.566	-507.183
14000	303	187.205	-795.236
14000	304	-595.572	-391.72
14000	305	-527.566	1773.45
14000	306	74.7226	330.24
14000	307	-1304.61	897.001
14000	308	82.6851	-1104.5
14000	309	468.172	-1125.73
14000	310	-540.775	-1047.6
14000	311	346.508	535.159
14000	312	1206.52	1026.7
14000	313	217.007	1040.07
14000	314	819.068	86.9627
14000	315	-36.2416	-1663.31
14000	316	109.922	316.044
14000	317	-223.965	-251.784
14000	318	239.956	1354.15
14000	319	167.361	1393.88
14000	320	289.25	1114.87
14000	321	-72.4131	452.843
14000	322	-1098.96	-652.53
14000	323	479.628	-620.738
14000	324	308.159	-650.775
14000	325	894.558	-1202.98
14000	326	-50.0531	-820.993
14000	327	626.305	-301.662
14000	328	123.023	-300.894
14000	329	-171.552	941.435
14000	330	158.095	1223.64
14000	331	-504.742	713.348
14000	332	656.88	1441.26
14000	333	144.23	-932.239
14000	334	310.198	-1839.55
14000	335	-368.996	1901.34
14000	336	-207.461	-163.397
14000	337	146.482	1059.09
14000	338	-12.4049	-1024.25
14000	339	-482.126	17.857
14000	340	-350.19	-1348.69
14000	341	150.649	-592.484
14000	342	-135.458	-421.362
14000	343	458.316	-866.972
14000	344	339.366	-765.705
14000	345	113.376	-430.088
14000	346	-743.228	-631.356
14000	347	-22.0957	45.7511
14000	348	16.0945	177.588
14000	349	-820.765	-1010.23
14000	350	-135.994	207.539
14000	351	602.413	-1227.77
14000	352	725.608	-10.8274
14000	353	-311.391	351.386
14000	354	630.51	-1098.97
14000	355	174.214	823.062
14000	356	368.908	651.766
14000	357	478.612	154.325
14000	358	-302.299	887.027
14000	359	275.841	-417.44
14000	360	-726.298	1538.46
14000	361	-805.937	-2045.03
14000	362	-598.552	-345.184
14000	363	-308.128	-120.013
14000	364	790.011	158.314
14000	365	574.625	-836.197
14000	366	-567.713	772.983
14000	367	166.649	-1213
14000	368	619.832	635.174
14000	369	396.306	-1392.74
14000	370	-237.086	1396.89
14000	371	147.121	847.846
14000	372	-118.16	-235.072
14000	373	264.945	257.352
14000	374	-128.213	71.2328
14000	375	-336.413	-763.95
14000	376	316.23	-848.334
14000	377	75.6333	-215.213
14000	378	-675.23	872.057
14000	379	-472.768	-160.523
14000	380	-128.368	1306.43
14000	381	-60.4999	832.831
14000	382	-921.665	494.006
14000	383	-647.484	-836.108
14000	384	43.2105	-986.621
14000	385	299.069	1727.09
14000	386	-553.125	209.501
14000	387	721.81	-935.757
14000	388	-888.995	223.413
14000	389	562.81	73.6033
14000	390	-144.605	585.508
14000	391	-911.641	2583.52
14000	392	-505.397	1768.21
14000	393	72.3715	-793.344
14000	394	190.68	-219.467
14000	395	-598.157	-237.761
14000	396	329.634	-657.934
14000	397	86.2498	459.572
14000	398	199.043	-1502.99
14000	399	-563.242	1516.63
14000	400	-193.636	467.339
14000	401	438.542	-1129.46
14000	402	926.869	-424.76
14000	403	-127.976	-360.791
14000	404	-806.911	-1257.08
14000	405	-419.088	1014.18
14000	406	-492.56	-106.143
14000	407	-10.419	-126.516
14000	408	25.4329	182.801
14000	409	720.879	-519.012
14000	410	270.629	900.83
14000	411	-347.605	-706.035
14000	412	455.794	-675.502
14000	413	32.2187	666.689
14000	414	354.144	1037.29
14000	415	-922.729	981.398
14000	416	991.271	444.115
14000	417	38.5491	1103.99
14000	418	426.596	-1042.71
14000	419	-277.595	1366.69
14000	420	-207.271	-712.384
14000	421	250.087	1143.19
14000	422	-144.07	-1364.2
14000	423	-1128.65	-379.107
14000	424	1255.05	-711.854
14000	425	-801.387	352.537
14000	426	40.6028	1044.03
14000	427	840.53	1266.34
14000	428	-704.848	236.883
14000	429	479.895	281.524
14000	430	575.642	-290.588
14000	431	-191.583	-727.395
14000	432	275.198	925.499
14000	433	143.958	1412.33
14000	434	360.158	1159.3
14000	435	-296.919	-847.565
14000	436	-438.045	525.599
14000	437	339.01	-523.259
14000	438	-687.57	-680.347
14000	439	150.786	1458.93
14000	440	283.292	782.765
14000	441	295.373	565.966
14000	442	614.975	-611.248
14000	443	-698.507	1051.94
14000	444	-294.327	575.534
14000	445	12.5725	365.742
14000	446	-304.993	-914.42
14000	447	-189.256	-770.636
14000	448	165.318	309.03
14000	449	-318.405	914.823
14000	450	-424.42	661.662
14000	451	-470.85	-123.159
14000	452	7.62169	-405.678
14000	453	120.833	-1522.04
14000	454	333.617	829.007
14000	455	915.283	243.557
14000	456	762.632	506.672
14000	457	-854.848	68.23
14000	458	-267.383	786.486
14000	459	178.188	-1507.91
14000	460	-426.986	67.5348
14000	461	-22.222	-460.024
14000	462	9.58514	338.552
14000	463	113.452	-1155.09
14000	464	505.942	193.828
14000	465	433.173	-1331.38
14000	466	-53.724	290.6
14000	467	-226.175	-809.772
14000	468	-179.635	-215.245
14000	469	152.669	-375.833
14000	470	1012.65	359.224
14000	471	587.448	134.904
14000	472	58.6117	991.686
14000	473	261.633	160.572
14000	474	63.8541	-728.716
14000	475	-422.093	1106.46
14000	476	-392.001	-234.105
14000	477	-10.515	306.733
14000	478	-459.834	-1282.51
14000	479	574.652	-308.54
14000	480	-356.246	-196.227
14000	481	-559.504	1515.43
14000	482	153.889	-33.3595
14000	483	211.172	-55.3863
14000	484	-276.176	705.845
14000	485	9.00614	-297.511
14000	486	866.583	-126.976
14000	487	-12.4112	-647.794
14000	488	326.62	-1158.09
14000	489	-606.051	893.253
14000	490	-584.643	976.224
14000	491	-199.596	-187.86
14000	492	182.969	-1494.37
14000	493	302.339	-226.153
14000	494	353.866	-693.24
14000	495	32.2033	-546.035
14000	496	319.754	149.615
14000	497	-509.112	376.566
14000	498	-442.402	-129.864
14000	499	-863.461	-1052.69
16000	0	-850.877	209.886
16000	1	-427.289	1102.07
16000	2	-73.2254	1210.88
16000	3	-197.208	-59.0823
16000	4	-73.1566	1472.32
16000	5	-155.396	210.399
16000	6	931.915	-563.65
16000	7	-354.08	525.213
16000	8	829.838	123.798
16000	9	-233.769	-1834.8
16000	10	-196.246	-796.003
16000	11	177.496	-1512.68
16000	12	-79.0839	768.222
16000	13	-142.033	-313.466
16000	14	11.2653	-873.848
16000	15	-188.617	-476.481
16000	16	-514.079	-223.912
16000	17	662.869	772.916
16000	18	-55.2083	682.624
16000	19	235.196	-425.761
16000	20	-1108.96	-637.561
16000	21	20.8131	1508.03
16000	22	121.963	1193.98
16000	23	-86.3463	-844.276
16000	24	-452.117	825.318
16000	25	872.98	-355.357
16000	26	-497.491	1446.09
16000	27	64.2588	-547.3
16000	28	39.7527	33.4929
16000	29	130.907	-1262.05
16000	30	-106.76	735.36
16000	31	-100.49	-606.013
16000	32	-753.687	1348
16000	33	683.964	-618.218
16000	34	-176.236	-701.95
16000	35	478.104	1530.25
16000	36	-136.931	-1649.3
16000	37	229.92	-1781.27
16000	38	120.651	-674.872
16000	39	108.643	455.579
16000	40	992.64	999.828
16000	41	10.0092	183.71
16000	42	152.922	1377.74
16000	43	497.058	-993.737
16000	44	-222.047	623.69
16000	45	-453.902	-1208.18
16000	46	-260.05	308.269
16000	47	-43.4238	-383.637
16000	48	201.649	1210.58
16000	49	-556.542	797.878
16000	50	-668.511	498.971
16000	51	-336.786	321.736
16000	52	456.588	-769.793
16000	53	790.912	-430.92
16000	54	18.8616	1533.9
16000	55	-823.007	-1250.06
16000	56	-146.287	1281.74
16000	57	-1051.83	-828.226
16000	58	782.874	1044.92
16000	59	125.603	1366.21
16000	60	600.556	1058.34
16000	61	383.6	-240.327
16000	62	-378.182	262.613
16000	63	-324.875	-1168.3
16000	64	-372.352	1441.36
16000	65	-1128.05	527.126
16000	66	400.276	-104.84
16000	67	-266.093	399.949
16000	68	463.78	1793.51
16000	69	88.1832	-612.927
16000	70	-492.816	144.773
16000	71	-828.392	-2367.06
16000	72	326.263	-1674.49
16000	73	375.829	880.291
16000	74	4.41816	-926.225
16000	75	-55.4616	157.989
16000	76	173.119	518.925
16000	77	-78.9491	860.981
16000	78	-664.379	839.701
16000	79	837.083	78.5216
16000	80	-620.494	-141.843
16000	81	91.6527	545.417
16000	82	-583.5	602.844
16000	83	-1482.22	370.357
16000	84	429.257	-1845.29
16000	85	265.337	134.66
16000	86	550.032	-1067.92
16000	87	502.882	-281.022
16000	88	143.516	88.4146
16000	89	-429.88	567.405
16000	90	-355.456	-2000.65
16000	91	511.625	-729.865
16000	92	-267.633	-778.964
16000	93	652.156	1858.05
16000	94	602.784	978.843
16000	95	-761.48	-1057.73
16000	96	-445.114	-5.23268
16000	97	83.2129	-484.715
16000	98	217.584	122.566
16000	99	1127.21	954.671
16000	100	-510.928	-534.135
16000	101	-615.143	-1596.3
16000	102	575.972	-203.613
16000	103	-280.645	-364.57
16000	104	669.263	619.565
16000	105	621.136	-99.2286
16000	106	-448.863	-1880.78
16000	107	14.5889	-555.285
16000	108	-916.53	-2084.81
16000	109	-175.143	-85.3865
16000	110	-77.7789	2115.54
16000	111	223.373	-1542.21
16000	112	-175.382	-771.222
16000	113	742.686	135.264
16000	114	-177.757	-99.0173
16000	115	768.678	-888.338
16000	116	330.558	-1306.27
16000	117	-402.697	366.011
16000	118	-271.518	0.497635
16000	119	-479.102	95.5047
16000	120	625.583	-181.431
16000	121	1226.02	618.032
16000	122	125.947	1979.53
16000	123	714.508	58.1335
16000	124	-846.422	-1213.56
16000	125	-1153.88	751.284
16000	126	27.7386	1070.21
16000	127	233.295	-180.833
16000	128	306.248	-790.481
16000	129	-350.528	892.266
16000	130	117.169	746.988
16000	131	1123.75	-730.746
16000	132	66.06	-713.945
16000	133	625.1	1431.88
16000	134	-289.482	586.845
16000	135	-619.303	-334.856
16000	136	76.3142	497.554
16000	137	239.422	496.076
16000	138	-966.456	-679.873
16000	139	241.441	903.295
16000	140	-60.555	671.193
16000	141	41.527	121.759
16000	142	269.028	-487.682
16000	143	-774.307	733.916
16000	144	-110.349	1475.86
16000	145	-483.736	240.127
16000	146	-945.893	278.305
16000	147	468.38	848.243
16000	148	624.386	-199.529
16000	149	-313.789	-353.735
16000	150	990.105	-2023
16000	151	-499.875	138.44
16000	152	435.327	1128.9
16000	153	-555.975	-729.218
16000	154	34.7534	-74.3809
16000	155	-348.145	-1203.81
16000	156	-125.765	1192.8
16000	157	-396.908	-230.111
16000	158	301.007	-1818.2
16000	159	28.7324	-736.716
16000	160	-1221.66	-249.761
16000	161	-457.91	-1808.77
16000	162	6.96369	-600.15
16000	163	-587.227	-688.533
16000	164	96.2276	991.671
16000	165	-415.212	1237.4
16000	166	70.7365	-1405.52
16000	167	-326.844	1091.77
16000	168	-434.872	697.348
16000	169	211.354	705.817
16000	170	433.892	660.198
16000	171	408.188	-868.859
16000	172	587.715	437.776
16000	173	717.587	-1638.9
16000	174	148.692	381.984
16000	175	-228.354	-162.73
16000	176	361.988	1231
16000	177	146.048	864.296
16000	178	110.081	-1455.22
16000	179	191.653	-679.477
16000	180	52.2648	-1764.75
16000	181	-13.3237	-292.142
16000	182	87.9934	1101.33
16000	183	322.013	1561.08
16000	184	-635.908	184.267
16000	185	693.939	-170.722
16000	186	-612.713	217.543
16000	187	-352.805	-147.827
16000	188	-29.5062	-215.453
16000	189	56.1081	-368.042
16000	190	-963.491	-628.932
16000	191	-499.218	-1031
16000	192	379.538	-547.181
16000	193	-298.29	382.15
16000	194	-84.7181	-456.361
16000	195	187.496	94.6721
16000	196	226.042	464.406
16000	197	-468.341	-1211.94
16000	198	488.092	139.419
16000	199	-532.573	17.6009
16000	200	204.012	854.129
16000	201	-379.917	-1029.77
16000	202	295.538	844.133
16000	203	355.879	483.886
16000	204	63.0682	-164.275
16000	205	216.146	-801.504
16000	206	954.272	417.326
16000	207	-443.098	-773.9
16000	208	340.882	740.662
16000	209	513.563	906.157
16000	210	1350.29	-716.546
16000	211	-337.078	-434.245
16000	212	-593.197	481.273
16000	213	374.602	911.221
16000	214	-417.88	144.218
16000	215	774.556	226.909
16000	216	159.617	-1715.07
16000	217	414.878	239.653
16000	218	-63.2854	-206.46
16000	219	-40.8348	148.829
16000	220	622.511	1482.21
16000	221	-555.454	431.897
16000	222	-427.707	551.769
16000	223	711.034	-861.472
16000	224	-806.291	288.138
16000	225	480.68	971.816
16000	226	-455.202	1108.85
16000	227	-19.2386	-492.88
16000	228	-95.1432	-128.824
16000	229	-219.351	611.395
16000	230	-1038.13	248.416
16000	231	129.267	962.308
16000	232	-834.997	1029.48
16000	233	811.354	607.564
16000	234	-299.292	294.367
16000	235	316.39	-132.704
16000	236	-243.623	713.706
16000	237	198.818	-23.0718
16000	238	-152.054	410.977
16000	239	153.017	1575.93
16000	240	-735.043	457.948
16000	241	489.392	170.131
16000	242	994.092	-726.356
16000	243	-29.7976	850.167
16000	244	-597.708	816.012
16000	245	-472.827	-1006.25
16000	246	-20.7394	689.512
16000	247	-665.444	-902.667
16000	248	608.011	1340.97
16000	249	151.697	-409.818
16000	250	-168.424	137.277
16000	251	467.978	-599.034
16000	252	154.549	-89.587
16000	253	375.052	1223
16000	254	-85.1627	1069.52
16000	255	264.726	-493.367
16000	256	91.6504	-242.856
16000	257	-849.058	-1946.2
16000	258	-95.0754	276.719
16000	259	-58.6836	1953.68
16000	260	-274.578	-2297.83
16000	261	-645.647	194.417
16000	262	72.6689	-555.686
16000	263	120.511	-47.927
16000	264	-491.113	1051.91
16000	265	569.658	-1412.22
16000	266	954.553	-222.609
16000	267	-315.984	416.078
16000	268	220.47	629.947
16000	269	1126.77	427.449
16000	270	-116.108	378.994
16000	271	-71.4586	-1043.35
16000	272	-347.192	-1470.26
16000	273	369.508	-724.959
16000	274	-33.2592	-805.105
16000	275	-232.677	-125.798
16000	276	-637.791	-82.0919
16000	277	792.833	-193.583
16000	278	862.264	703.261
16000	279	-322.81	-726.147
16000	280	-572.73	1053.74
16000	281	607.434	1533.7
16000	282	259.103	-162.413
16000	283	-254.548	454.219
16000	284	174.377	-2432.87
16000	285	102.488	-187.846
16000	286	-561.79	-1144.17
16000	287	-181.129	-101.227
16000	288	-46.739	-2020.75
16000	289	835.298	-3.58187
16000	290	610.463	-89.5455
16000	291	560.366	-363.292
16000	292	-48.1676	315.189
16000	293	45.6089	-611.851
16000	294	263.646	-884.676
16000	295	234.121	-1633.74
16000	296	-15.2151	1030.05
16000	297	306.684	-313.425
16000	298	968.068	822.615
16000	299	249.524	-1303.03
16000	300	-78.9819	-1000.98
16000	301	-694.532	-592.981
16000	302	-74.8288	-223.71
16000	303	426.562	-880.433
16000	304	-876.616	-65.1762
16000	305	-601.525	1603.58
16000	306	128.708	885.861
16000	307	-1668.63	913.289
16000	308	343.365	-1012.69
16000	309	349.989	-957.137
16000	310	-502.933	-558.406
16000	311	384.032	735.86
16000	312	1027.33	431.619
16000	313	99.5043	896.761
16000	314	840.08	-78.8296
16000	315	-211.727	-1394.48
16000	316	-249.546	37.7187
16000	317	-381.233	-238.301
16000	318	421.159	1589.05
16000	319	24.7913	1092.15
16000	320	232.28	1253.74
16000	321	-191.658	745.93
16000	322	-1322.75	-1193.15
16000	323	381.856	-1050.33
16000	324	172.281	-604.302
16000	325	634.521	-1332.03
16000	326	-53.9974	-587.38
16000	327	632.067	-483.091
16000	328	81.507	-401.038
16000	329	-110.26	632.72
16000	330	377.415	1510.53
16000	331	-164.734	369.794
16000	332	575.237	846.68
16000	333	-135.945	-77.0371
16000	334	190.59	-1625.18
16000	335	-228.674	2205.73
16000	336	-104.905	-376.534
16000	337	126.543	839.474
16000	338	324.007	-737.279
16000	339	-584.485	-59.1146
16000	340	-430.016	-1128.6
16000	341	31.8105	-633.014
16000	342	-214.816	-298.33
16000	343	396.744	-1381.78
16000	344	623.619	-754.197
16000	345	-3.41657	-311.976
16000	346	-699.111	-610.204
16000	347	-116.042	26.6729
16000	348	116.293	1338.9
16000	349	-843.641	-901.669
16000	350	-95.3284	414.391
16000	351	421.373	-1168.39
16000	352	927.213	-595.525
16000	353	-209.346	113.051
16000	354	612.45	-1050.94
16000	355	165.864	178.32
16000	356	703.44	680.727
16000	357	516.681	199.516
16000	358	-386.849	636.206
16000	359	-6.64912	-49.0566
16000	360	-1026.37	1497.6
16000	361	-793.513	-2366.71
16000	362	-412.928	-537.105
16000	363	-383.973	-157.31
16000	364	893.048	788.37
16000	365	688.635	-593.246
16000	366	-597.95	723.036
16000	367	-51.6939	-1552.41
16000	368	578.29	586.719
16000	369	225.846	-755.024
16000	370	-58.8692	1543.6
16000	371	29.6699	1431.6
16000	372	-78.0899	-598.717
16000	373	347.503	797.14
16000	374	-247.398	-441.875
16000	375	-378.881	-707.193
16000	376	356.599	-1505.58
16000	377	92.2502	-143.443
16000	378	-914.902	1098.57
16000	379	-330.727	-391.559
16000	380	286.616	1244.29
16000	381	196.051	629.051
16000	382	-840.53	471.245
16000	383	-738.208	-844.475
16000	384	377.416	-1522.75
16000	385	439.543	1366.9
16000	386	-531.268	155.962
16000	387	859.259	-951.134
16000	388	-866.642	134.762
16000	389	603.852	22.8022
16000	390	-101.627	619.145
16000	391	-692.42	2578.05
16000	392	-686.8	2024.81
16000	393	-271.226	-505.957
16000	394	148.133	-971.538
16000	395	-898.962	483.574
16000	396	170.901	-821.096
16000	397	-113.452	637.58
16000	398	300.378	-1307.09
16000	399	-625.177	1118.5
16000	400	-312.228	828.946
16000	401	156.793	-601.264
16000	402	648.877	-1044.29
16000	403	-570.662	-686.746
16000	404	-607.565	-930.67
16000	405	-397.911	677.184
16000	406	-575.485	-214.565
16000	407	147.032	-90.3213
16000	408	24.0776	44.1846
16000	409	900.758	-739.277
16000	410	488.121	918.039
16000	411	-619.911	-455.234
16000	412	501.756	-822.05
16000	413	-255.678	1578.57
16000	414	221.609	1277.74
16000	415	-644.457	741.355
16000	416	670.154	704.009
16000	417	-201.472	1377.62
16000	418	66.1725	-1709.63
16000	419	-37.7257	1084.93
16000	420	90.0439	-771.91
16000	421	215.078	1643.53
16000	422	-224.686	-1545.55
16000	423	-1603.51	-94.4334
16000	424	1001.42	51.1005
16000	425	-859.885	656.137
16000	426	-37.5769	1067.15
16000	427	789.992	944.286
16000	428	-547.642	203.09
16000	429	475.583	236.663
16000	430	653.879	-824.213
16000	431	-169.076	-117.768
16000	432	598.363	468.425
16000	433	236.446	1548.95
16000	434	385.825	1332.29
16000	435	-265.356	-1168.92
16000	436	-525.417	492.871
16000	437	394.096	-1067.04
16000	438	-548.345	-232.766
16000	439	144.603	832.539
16000	440	108.824	825.777
16000	441	360.426	989.585
16000	442	574.732	-1147.15
16000	443	-778.182	1515.16
16000	444	-676.108	816.357
16000	445	362.793	406.961
16000	446	93.3436	-933.186
16000	447	-191.123	-682.388
16000	448	-65.7831	538.062
16000	449	-204.321	649.536
16000	450	-542.431	760.415
16000	451	-554.503	357.729
16000	452	-91.2764	-893.979
16000	453	178.817	-1514.18
16000	454	391.521	968.496
16000	455	1091.93	-53.4138
16000	456	1022.64	232.591
16000	457	-653.059	572.635
16000	458	-137.402	814.027
16000	459	177.512	-1469.05
16000	460	-266.663	170.43
16000	461	-300.213	-976.79
16000	462	-83.5954	220.359
16000	463	52.7786	-1726.87
16000	464	670.468	211.193
16000	465	189.541	-991.361
16000	466	208.453	282.101
16000	467	13.7949	-744.401
16000	468	-3.18191	-204.244
16000	469	-47.032	-1080.75
16000	470	1255.47	423.17
16000	471	768.006	398.618
16000	472	447.822	1217.95
16000	473	220.437	-148.051
16000	474	123.58	-1025.66
16000	475	-304.036	1000.69
16000	476	-532.286	-414.711
16000	477	-129.941	257.988
16000	478	-222.575	-1390.81
16000	479	731.868	-605.959
16000	480	-697.856	-130.234
16000	481	-318.269	1401.05
16000	482	216.573	-216.747
16000	483	4.25924	372.781
16000	484	-317.086	587.773
16000	485	29.3491	-605.934
16000	486	928.669	22.0234
16000	487	61.6613	-263.309
16000	488	246.958	-812.685
16000	489	-477.247	797.327
16000	490	-964.07	762.137
16000	491	40.3812	-123.676
16000	492	404.016	-1362
16000	493	440.934	-505.459
16000	494	12.9217	-817.094
16000	495	-127.103	146.222
16000	496	442.1	170.726
16000	497	-306.501	142.523
16000	498	-479.224	-169.926
16000	499	-619.017	-1284.99
18000	0	-971.847	99.5559
18000	1	-501.791	1011.03
18000	2	-54.83	1151.17
18000	3	-309.732	-580.05
18000	4	-135.945	1654.8
18000	5	-132.902	296.353
18000	6	898.325	-516.656
18000	7	-190.364	679.986
18000	8	910.26	123.201
18000	9	-44.2454	-2091.22
18000	10	-382.475	-408.857
18000	11	244.414	-1408.36
18000	12	-372.173	285.885
18000	13	40.5069	-130.979
18000	14	-38.8246	-881.728
18000	15	-62.2187	-912.11
18000	16	-493.445	-583.059
18000	17	638.336	801.581
18000	18	-72.8855	1118.55
18000	19	436.32	-305.57
18000	20	-765.522	-787.969
18000	21	89.9847	1288.76
18000	22	-260.128	1250.19
18000	23	52.9332	-286.633
18000	24	-513.632	900.488
18000	25	1044.96	-509.122
18000	26	-360.804	1193.61
18000	27	23.041	-257.119
18000	28	98.9556	259.262
18000	29	-10.7612	-1070.01
18000	30	-268.291	930.462
18000	31	-181.458	-939.94
18000	32	-609.588	1498.61
18000	33	384.51	-919.765
18000	34	-511.503	-974.091
18000	35	602.916	1445.51
18000	36	-107.089	-1758.78
18000	37	10.2541	-1811.78
18000	38	120.403	-681.123
18000	39	-87.3385	345.062
18000	40	954.217	1035.87
18000	41	215.447	-281.162
18000	42	134.023	1498.24
18000	43	350.651	-823.594
18000	44	-332.744	64.5407
18000	45	-195.04	-1077.43
18000	46	-238.339	34.5403
18000	47	-328.653	234.216
18000	48	266.483	907.131
18000	49	-424.332	1014.55
18000	50	-387.607	372.195
18000	51	-380.29	382.5
18000	52	398.369	-692.561
18000	53	715.868	-982.183
18000	54	-34.0198	1697.95
18000	55	-707.145	-1499.99
18000	56	-245.279	1294.28
18000	57	-1193.66	-821.445
18000	58	795.811	1050.77
18000	59	-76.7584	1242.38
18000	60	684.838	405.377
18000	61	262.068	-366.824
18000	62	-294.038	504.247
18000	63	-512.31	-1289.67
18000	64	-515.978	1659.78
18000	65	-1290.19	694.855
18000	66	401.858	-327.7
18000	67	-377.713	975.818
18000	68	482.776	1953.17
18000	69	318.305	-190.811
18000	70	-554.411	235.834
18000	71	-1051.55	-2442.21
18000	72	496.229	-2004.26
18000	73	396.832	1100.22
18000	74	-64.4658	-1179.63
18000	75	-29.0499	282.973
18000	76	246.289	1040.99
18000	77	-278.301	665.831
18000	78	-644.685	555.504
18000	79	734.73	-332.18
18000	80	-722.474	271.819
18000	81	-86.479	417.147
18000	82	-506.948	1207.61
18000	83	-1301.65	403.391
18000	84	276.062	-1767.59
18000	85	132.949	-27.9976
18000	86	412.78	-1183.88
18000	87	684.864	-177.741
18000	88	64.9069	591.209
18000	89	-262.016	731.762
18000	90	-295.196	-2001.85
18000	91	201.249	-838.573
18000	92	-12.092	-1036.53
18000	93	373.011	1449.26
18000	94	662.764	1061.5
18000	95	-882.034	-1092.8
18000	96	-406.974	-88.5329
18000	97	157.965	-232.975
18000	98	59.0988	115.482
18000	99	1024.65	1148.09
18000	100	-570.387	-374.163
18000	101	-397.509	-1286.25
18000	102	514.626	-456.918
18000	103	-377.305	-146.43
18000	104	587.555	1432.26
18000	105	462.775	-126.054
18000	106	-488.276	-1678.79
18000	107	54.4988	-787.836
18000	108	-1098.96	-1723.97
18000	109	-296.673	-878.079
18000	110	343.18	2287.73
18000	111	640.735	-1729.59
18000	112	-339.192	-994.776
18000	113	668.817	-313.126
18000	114	78.6411	-434.692
18000	115	885.73	-676.753
18000	116	231.506	-1317.99
18000	117	-540.558	651.162
18000	118	-159.521	471.437
18000	119	-401.472	-336.377
18000	120	504.354	-183.823
18000	121	1346.68	634.317
18000	122	264.912	2029.49
18000	123	514.294	411.616
18000	124	-505.648	-1655.85
18000	125	-1335.37	1387.92
18000	126	-172.397	952.534
18000	127	471.98	190.558
18000	128	210.524	-861.538
18000	129	-456.858	1806.29
18000	130	177.42	881.309
18000	131	1261.2	-367.426
18000	132	28.6165	-387.249
18000	133	585.033	1558.48
18000	134	-348.825	744.068
18000	135	-718.375	-502.152
18000	136	457.731	251.177
18000	137	197.805	506.973
18000	138	-933.412	-120.917
18000	139	118.314	442.837
18000	140	17.3907	623.232
18000	141	21.5249	586.629
18000	142	190.514	-709.844
18000	143	-700.26	623.442
18000	144	202.402	1494.93
18000	145	-462.481	141.649
18000	146	-537.041	-99.5778
18000	147	166.313	1358.79
18000	148	643.137	31.4931
18000	149	-428.666	-129.333
18000	150	873.42	-2050.14
18000	151	-441.575	-76.9893
18000	152	338.493	1257.75
18000	153	-353.953	-831.442
18000	154	-58.1945	-168.468
18000	155	-528.659	-569.32
18000	156	-113.854	1339.13
18000	157	-739.606	-30.3642
18000	158	360.441	-1970.58
18000	159	-242.009	-1299.23
18000	160	-1196.33	108.237
18000	161	-550.207	-1942.62
18000	162	-74.0641	-1100.58
18000	163	-549.77	-350.196
18000	164	-84.6514	1219.17
18000	165	-385.953	1258.14
18000	166	-325.83	-1797.27
18000	167	-326.836	1106.09
18000	168	-316.768	736.168
18000	169	28.6581	776.522
18000	170	263.517	855.932
18000	171	344.923	-863.031
18000	172	785.573	885.829
18000	173	658.808	-1832.84
18000	174	69.523	-369.595
18000	175	-487.142	-224.698
18000	176	359.971	1359.54
18000	177	128.432	526.694
18000	178	-185.935	-1781.29
18000	179	270.052	-1049.04
18000	180	73.3347	-2082.98
18000	181	65.6353	-730.057
18000	182	148.269	1407.79
18000	183	414.194	1505.75
18000	184	-435.837	40.1272
18000	185	433.805	-360.401
18000	186	-605.824	238.476
18000	187	-371.603	-488.056
18000	188	213.324	-431.16
18000	189	-284.021	-617.807
18000	190	-1049.26	-1214.26
18000	191	-640.647	-1449.76
18000	192	418.399	-477.564
18000	193	-315.815	829.555
18000	194	-2.37622	-578.071
18000	195	5.69257	151.522
18000	196	588.084	313.673
18000	197	-732.955	-1342.01
18000	198	529.675	483.202
18000	199	-305.181	-322.947
18000	200	317.596	952.784
18000	201	-449.622	-1114.17
18000	202	315.412	857.152
18000	203	407.308	1217.84
18000	204	81.432	-303.519
18000	205	421.553	-805.06
18000	206	793.602	164.63
18000	207	-582.292	-1437.77
18000	208	304.743	384.069
18000	209	474.484	1022.3
18000	210	1489.96	-794.813
18000	211	-117.954	-431.592
18000	212	-709.498	179.961
18000	213	492.56	828.949
18000	214	-431.003	-29.641
18000	215	1236.23	0.137976
18000	216	239.045	-1737.26
18000	217	291.686	668.989
18000	218	-384.682	-231.549
18000	219	-240.683	522.104
18000	220	527.623	1674.16
18000	221	-416.353	144.214
18000	222	-350.876	315.415
18000	223	712.92	-967.275
18000	224	-708.598	209.033
18000	225	228.671	601.738
18000	226	-294.002	1354.68
18000	227	263.355	-389.461
18000	228	-97.6865	-278.574
18000	229	-199.114	1209.8
18000	230	-1277.38	375.182
18000	231	522.979	598.803
18000	232	-896.106	1673.64
18000	233	716.96	571.91
18000	234	-433.715	405.373
18000	235	194.731	-400.787
18000	236	-244.089	763.416
18000	237	88.0858	352.835
18000	238	27.761	763.231
18000	239	503.341	1575.14
18000	240	-1006.12	350.979
18000	241	-49.9789	425.759
18000	242	926.823	-697.516
18000	243	-35.3079	896.04
18000	244	-757.035	1150.49
18000	245	-113.169	-1352.17
18000	246	-235.953	429.397
18000	247	-443.618	-1151.97
18000	248	668.819	1312.74
18000	249	167.582	-703.6
18000	250	129.862	146.186
18000	251	227.189	-221.497
18000	252	76.2359	-419.226
18000	253	572.783	998.106
18000	254	235.146	877.014
18000	255	305.038	-845.95
18000	256	-68.5788	-268.692
18000	257	-1030.05	-2189.05
18000	258	-113.57	521.956
18000	259	-61.5012	1918.5
18000	260	244.016	-3081.86
18000	261	-644.022	177.03
18000	262	295.995	-334.203
18000	263	381.161	63.0224
18000	264	-368.822	1213.08
18000	265	609.573	-1129.99
18000	266	978.073	-691.503
18000	267	-160.797	647.473
18000	268	105.654	477.713
18000	269	1226.78	505.36
18000	270	-354.616	377.929
18000	271	323.326	-1532.63
18000	272	-483.322	-1314.41
18000	273	322.772	-187.796
18000	274	4.29329	-934.611
18000	275	-472.326	-434.932
18000	276	-515.129	583.408
18000	277	529.602	-257.275
18000	278	746.967	1298.41
18000	279	-440.502	-838.057
18000	280	-371.057	1235.51
18000	281	730.799	1436.54
18000	282	309.472	299.788
18000	283	-16.2322	-17.6957
18000	284	94.7464	-2402.79
18000	285	41.3054	-690.269
18000	286	-905.396	-1250.85
18000	287	-316.696	-226.741
18000	288	4.80282	-2198.38
18000	289	1032.07	183.803
18000	290	587.988	-700.306
18000	291	602.176	-478.976
18000	292	-62.3553	129.701
18000	293	164.84	-426.08
18000	294	385.094	-686.512
18000	295	217.369	-1726.42
18000	296	-353.724	1318.79
18000	297	186.626	-45.8688
18000	298	610.227	1426.55
18000	299	354.201	-1891.24
18000	300	161.447	-1112.54
18000	301	-397.836	-358.128
18000	302	-96.6988	-190.32
18000	303	225.366	-1244.43
18000	304	-714.627	98.7183
18000	305	-280.291	1490.18
18000	306	107.757	686.213
18000	307	-1505.45	309.498
18000	308	385.859	-990.611
18000	309	-4.78472	-1667.88
18000	310	-642.166	-650.655
18000	311	164.783	304.695
18000	312	843.805	622.644
18000	313	256.691	932.309
18000	314	938.081	-641.787
18000	315	-476.798	-1728.87
18000	316	50.3596	-144.271
18000	317	-223.58	-533.444
18000	318	280.93	1083.69
18000	319	-110.553	1140.33
18000	320	-191.156	854.59
18000	321	-192.737	869.119
18000	322	-1192.73	-1177.88
18000	323	510.656	-895.281
18000	324	509.069	-525.165
18000	325	713.061	-1176.69
18000	326	-34.7678	-935.09
18000	327	737.494	-785.251
18000	328	343.131	-306.977
18000	329	-259.503	315.935
18000	330	256.207	1547.53
18000	331	-167.276	-83.7693
18000	332	557.225	967.302
18000	333	-236.961	209.429
18000	334	390.278	-1321.62
18000	335	-228.46	2286.59
18000	336	135.274	-223.581
18000	337	69.1394	1085.73
18000	338	285.129	-1657.27
18000	339	-559.78	-213.673
18000	340	-469.689	-609.613
18000	341	209.449	-387.519
18000	342	46.5184	-207.86
18000	343	277.545	-1601.99
18000	344	531.196	-796.315
18000	345	74.2626	-329.13
18000	346	-677.255	-715.26
18000	347	-223.359	43.1258
18000	348	153.149	1670.1
18000	349	-741.049	-966.968
18000	350	-356.177	-360.514
18000	351	604.72	-1085.91
18000	352	1064.76	-440.454
18000	353	-290.115	332.999
18000	354	352.453	-915.911
18000	355	146.292	308.745
18000	356	720.016	794.84
18000	357	556.466	-49.0663
18000	358	-115.194	347.432
18000	359	72.584	-30.3522
18000	360	-1003.33	1973.73
18000	361	-614.361	-3105.63
18000	362	-499.347	-543.719
18000	363	-229.375	-48.2384
18000	364	869.779	765.094
18000	365	691.731	223.583
18000	366	-280.237	664.858
18000	367	304.46	-1969.68
18000	368	1065.4	409.063
18000	369	257.036	-969.909
18000	370	-118.74	1587.71
18000	371	-93.749	1308.26
18000	372	-519.79	-739.904
18000	373	338.206	531.968
18000	374	-448.866	-642.844
18000	375	-175.56	-651.989
18000	376	397.143	-1438.37
18000	377	-5.92098	181.094
18000	378	-1132.62	593.384
18000	379	-531.257	-561.708
18000	380	375.55	1698.59
18000	381	277.538	422.215
18000	382	-701.31	299.297
18000	383	-859.919	-719.81
18000	384	362.503	-1334.72
18000	385	401.546	808.199
18000	386	-493.515	798.306
18000	387	541.444	-761.405
18000	388	-751.474	209.648
18000	389	740.007	274.64
18000	390	-153.838	869.814
18000	391	-499.034	2877.4
18000	392	-746.145	2041.59
18000	393	-254.593	-331.895
18000	394	-152.954	-579.558
18000	395	-884.973	639.479
18000	396	271.851	-815.095
18000	397	4.97719	312.711
18000	398	159.254	-1614.75
18000	399	-583.399	1352.48
18000	400	98.7914	870.913
18000	401	-20.2281	-91.4057
18000	402	510.083	-939.94
18000	403	-624.903	-426.621
18000	404	-716.46	-746.274
18000	405	-295.685	931.098
18000	406	-601.726	263.319
18000	407	207.9	394.02
18000	408	166.14	-90.1649
18000	409	961.155	-916.575
18000	410	629.979	1079.71
18000	411	-579.502	-73.9317
18000	412	719.332	-643.674
18000	413	-262.573	1919.54
18000	414	91.8578	1975.62
18000	415	-782.781	670.348
18000	416	789.642	298.39
18000	417	-0.58926	1080.24
18000	418	65.738	-1394.46
18000	419	27.5796	829.728
18000	420	417.045	-574.302
18000	421	537.202	1979.67
18000	422	-264.234	-1570.45
18000	423	-1418.59	501.026
18000	424	1124.26	104.291
18000	425	-761.579	386.093
18000	426	-519.713	949.687
18000	427	911.809	1462.88
18000	428	-725.88	402.525
18000	429	226.648	522.186
18000	430	717.474	-421.229
18000	431	-270.418	201.947
18000	432	538.154	829.33
18000	433	391.611	1695.61
18000	434	245.872	882.284
18000	435	-145.752	-881.605
18000	436	-538.572	374.495
18000	437	628.363	-1478.18
18000	438	-608.514	-305.814
18000	439	353.485	649.187
18000	440	348.969	986.574
18000	441	521.065	1194.21
18000	442	762.882	-1314.32
18000	443	-716.995	1257.33
18000	444	-479.986	595.638
18000	445	328.149	716.344
18000	446	73.4065	-1006.46
18000	447	-291.521	-817.865
18000	448	-148.376	294.071
18000	449	-296.762	772.789
18000	450	-504.437	995.917
18000	451	-852.331	397.472
18000	452	48.7546	-864.412
18000	453	-159.018	-1427.13
18000	454	194.319	738.04
18000	455	1330.85	245.579
18000	456	1281.82	725.536
18000	457	-767.464	129.876
18000	458	-338.485	919.861
18000	459	441.577	-1071.35
18000	460	-186.419	182.47
18000	461	-281.355	-701.53
18000	462	-142.401	446.786
18000	463	-187.965	-1641.87
18000	464	864.629	243.787
18000	465	131.578	-594.367
18000	466	377.942	659.577
18000	467	335.45	-824.896
18000	468	41.9448	-931.605
18000	469	93.6582	-669.282
18000	470	1275.66	515.493
18000	471	531.328	341.076
18000	472	616.922	1529.81
18000	473	237.39	246.329
18000	474	-51.1257	-834.994
18000	475	-342.346	650.948
18000	476	-607.364	-868.313
18000	477	9.4533	374.064
18000	478	-483.566	-1593.46
18000	479	831.914	-1157.71
18000	480	-918.473	87.3688
18000	481	-207.202	1676.92
18000	482	238.518	-3.65171
18000	483	31.616	787.085
18000	484	-195.179	481.389
18000	485	147.776	-643.418
18000	486	807.896	328.602
18000	487	164.091	-50.443
18000	488	254.794	-1115.13
18000	489	-298.94	889.196
18000	490	-1179.93	722.257
18000	491	201.538	94.9609
18000	492	524.466	-1088.89
18000	493	378.208	-491.606
18000	494	-265.472	-698.091
18000	495	-148.059	347.608
18000	496	680.249	-246.725
18000	497	-350.584	-589.074
18000	498	-517.43	341.62
18000	499	-753.256	-1440.33
20000	0	-949.981	-230.923
20000	1	-648.49	987.304
20000	2	-32.5578	1404.03
20000	3	-205.465	62.4876
20000	4	-52.8804	1390.54
20000	5	115.705	129.487
20000	6	632.28	-859.525
20000	7	-530.922	479.78
20000	8	768.468	593.221
20000	9	-27.9113	-2301.16
20000	10	-538.782	-769.935
20000	11	-116.92	-1477.32
20000	12	-583.575	-99.1644
20000	13	197.222	266.939
20000	14	67.0932	-596.997
20000	15	133.993	-777.451
20000	16	-435.035	-450.93
20000	17	845.136	516.114
20000	18	-213.42	1316.17
20000	19	396.788	14.4469
20000	20	-866.533	-611.889
20000	21	-146.738	1399.62
20000	22	-181.647	1629.47
20000	23	-28.2713	-61.5615
20000	24	-234.469	838.848
20000	25	1071.55	86.5651
20000	26	-239.579	1620.12
20000	27	1.16859	531.991
20000	28	-132.23	460.304
20000	29	-112.842	-1136.39
20000	30	33.8945	741.273
20000	31	-639.593	-892.811
20000	32	-617.746	1581.37
20000	33	365.128	-1355.49
20000	34	-295.285	-821.813
20000	35	516.472	1760.67
20000	36	-280.412	-1547.8
20000	37	33.1278	-1300.08
20000	38	242.468	-506.646
20000	39	-149.378	254.973
20000	40	1110.26	570.721
20000	41	254.144	-186.665
20000	42	-6.22849	1650.26
20000	43	283.679	-693.023
20000	44	-610.222	-11.951
20000	45	-152.153	-1358.55
20000	46	-533.893	318.06
20000	47	-367.642	495.311
20000	48	241.942	891.786
20000	49	-415.993	555.4
20000	50	-290.022	-65.1796
20000	51	-477.343	329.435
20000	52	557.782	-874.372
20000	53	857.618	-1735.37
20000	54	-193.159	1759.35
20000	55	-784.276	-841.416
20000	56	-106.205	1010.71
20000	57	-1031.49	-687.18
20000	58	979.763	998.372
20000	59	-115.057	994.133
20000	60	545.289	265.923
20000	61	460.191	-634.892
20000	62	-457.143	627.843
20000	63	-620.916	-1017.72
20000	64	-350.387	1487.69
20000	65	-1389.92	1142.56
20000	66	165.032	-76.8122
20000	67	-57.9482	632.282
20000	68	843.49	1533.73
20000	69	617.322	-43.3462
20000	70	-715.523	414.997
20000	71	-1048.26	-2899.48
20000	72	617.897	-2318.18
20000	73	276.887	1061.86
20000	74	-444.745	-801.634
20000	75	125.87	-71.8797
20000	76	32.9987	1343.51
20000	77	-258.056	885.071
20000	78	-826.857	729.54
20000	79	733.451	-374.905
20000	80	-541.117	427.116
20000	81	-69.6248	1046.11
20000	82	-427.711	971.258
20000	83	-1135.81	120.756
20000	84	312.705	-1384.42
20000	85	-91.6571	205.045
20000	86	131.777	-1418.96
20000	87	822.346	-45.7262
20000	88	143.774	640.595
20000	89	-86.2328	643.635
20000	90	-130.728	-1845.2
20000	91	182.802	-401.49
20000	92	126.901	-676.65
20000	93	391.647	947.766
20000	94	646.229	1062.07
20000	95	-967.586	-1330.55
20000	96	-247.783	-259.15
20000	97	-416.481	-94.2987
20000	98	-219.318	541.024
20000	99	921.267	1249.14
20000	100	-832.045	-665.214
20000	101	-695.921	-1334.11
20000	102	311.818	-300.249
20000	103	-318.314	-82.6038
20000	104	568.926	1483.39
20000	105	469.393	-532.484
20000	106	-510.503	-1683.68
20000	107	55.6808	-219.934
20000	108	-981.197	-1877.51
20000	109	83.3276	-886.041
20000	110	264.301	2276.74
20000	111	570.258	-1290.39
20000	112	-262.443	-1287.57
20000	113	741.788	-532.744
20000	114	148.445	282.138
20000	115	805.394	-522.394
20000	116	93.3888	-1050.21
20000	117	-531.3	868.347
20000	118	-58.2303	36.982
20000	119	-600.977	-10.8242
20000	120	686.185	-228.048
20000	121	1260.75	648.321
20000	122	202.54	1882.1
20000	123	237.274	340.39
20000	124	-404.673	-1357.02
20000	125	-1499.28	948.799
20000	126	-69.7874	448.158
20000	127	369.463	-23.5608
20000	128	566.365	-1173.71
20000	129	-369.85	1922.12
20000	130	293.46	1453.41
20000	131	1040.47	-459.139
20000	132	550.811	-531.047
20000	133	88.0404	1409.69
20000	134	-508.523	589.608
20000	135	-619.633	-910.615
20000	136	733.797	483.31
20000	137	159.419	687.223
20000	138	-1103.91	-50.6286
20000	139	30.2806	379.387
20000	140	118.43	790.442
20000	141	-258.219	811.246
20000	142	92.1856	-916.296
20000	143	-730.623	963.087
20000	144	64.617	1762.97
20000	145	-318.65	-312.021
20000	146	-533.715	-174.803
20000	147	22.5497	973.835
20000	148	803.669	-221.297
20000	149	-303.599	-660.235
20000	150	992.967	-2675.52
20000	151	-600.607	291.561
20000	152	-85.0554	1973.04
20000	153	-635.363	-314.55
20000	154	214.053	-466.034
20000	155	-706.922	-302.63
20000	156	-31.0873	890.795
20000	157	-696.93	205.093
20000	158	97.3667	-1784.09
20000	159	-142.904	-998.77
20000	160	-1479.48	54.7841
20000	161	-630.403	-1765.66
20000	162	84.9081	-1795.72
20000	163	-387.71	-542.894
20000	164	-101	1314.59
20000	165	-586.51	1296.46
20000	166	-366.168	-1198.11
20000	167	-525.468	1104.73
20000	168	-395.008	849.325
20000	169	312.341	1194.45
20000	170	262.666	1515.41
20000	171	445.086	-978.812
20000	172	545.294	675.24
20000	173	860.302	-1311.88
20000	174	-31.8172	37.6619
20000	175	-383.039	-141.967
20000	176	342.25	1107.59
20000	177	326.782	813.839
20000	178	-109.537	-2321.59
20000	179	407.826	-819.28
20000	180	86.3719	-2277.61
20000	181	209.136	-326.983
20000	182	185.275	1051.01
20000	183	411.054	1005.74
20000	184	-517.545	-44.9968
20000	185	718.542	-218.12
20000	186	-705.871	-42.4628
20000	187	-415.548	-892.734
20000	188	33.4614	-167.367
20000	189	-174.834	-500.824
20000	190	-1225.51	-1381.08
20000	191	-378.401	-1263.66
20000	192	195.734	-749.621
20000	193	-339.019	1790.36
20000	194	-242.314	-677.65
20000	195	-93.6023	-167.245
20000	196	746.311	84.7242
20000	197	-767.885	-1312.25
20000	198	453.533	624.097
20000	199	-503.971	-563.658
20000	200	-8.06285	1072.17
20000	201	-614.179	-1019.15
20000	202	97.1758	1007.75
20000	203	273.532	1392.02
20000	204	-7.97415	-751.616
20000	205	190.507	-819.871
20000	206	1074.24	61.3314
20000	207	-662.757	-1867.82
20000	208	-71.1137	791.816
20000	209	657.187	1212.99
20000	210	1791.41	-666.566
20000	211	143.433	-337.252
20000	212	-763.797	-320.029
20000	213	494.223	387.718
20000	214	-239.337	64.7826
20000	215	1156.52	389.916
20000	216	401.853	-1837.7
20000	217	229.413	1049.19
20000	218	-402.41	-706.473
20000	219	243.714	1250.86
20000	220	611.023	1194.96
20000	221	-455.309	-224.337
20000	222	-449.948	136.284
20000	223	631.583	-1059.92
20000	224	-628.076	923.8
20000	225	482.761	901.271
20000	226	-452.494	1117.8
20000	227	242.432	-382.227
20000	228	45.5065	100.971
20000	229	59.7568	662.421
20000	230	-1478.01	693.253
20000	231	632.394	904.979
20000	232	-669.242	1494.11
20000	233	890.632	582.516
20000	234	-275.548	352.612
20000	235	194.184	-472.907
20000	236	-445.359	543.78
20000	237	-322.594	535.569
20000	238	328.276	823.538
20000	239	373.928	1077.99
20000	240	-974.906	701.277
20000	241	247.95	342.513
20000	242	972.379	-993.211
20000	243	112.149	994.423
20000	244	-866.878	937.9
20000	245	-112.185	-1210.72
20000	246	-263.11	561.327
20000	247	-188.71	-998.472
20000	248	834.058	1763.49
20000	249	50.5436	-1032.6
20000	250	309.512	344.758
20000	251	248.787	-539.472
20000	252	212.426	-477.577
20000	253	535.119	597.607
20000	254	476.589	1413.84
20000	255	506.945	-882.521
20000	256	113.694	-121.025
20000	257	-891.125	-2446.39
20000	258	-192.524	862.632
20000	259	42.4856	2179.07
20000	260	322.403	-3274.56
20000	261	-784.212	274.535
20000	262	250.568	-1064.99
20000	263	473.027	-208.31
20000	264	-213.316	1720.82
20000	265	349.819	-1054.53
20000	266	1098.4	-1193.93
20000	267	181.687	446.309
20000	268	207.146	503.374
20000	269	1486.51	786.457
20000	270	-425.002	253.602
20000	271	283.837	-1826.3
20000	272	-528.155	-1130.42
20000	273	662.461	-210.594
20000	274	166.769	-1171.87
20000	275	-193.099	-41.1439
20000	276	-357.404	646.315
20000	277	353.357	-112.967
20000	278	837.622	1393.3
20000	279	-263.43	-775.811
20000	280	-529.699	1038.08
20000	281	627.997	1462
20000	282	329.418	371.75
20000	283	186.453	-341.137
20000	284	14.9302	-2166.29
20000	285	-258.535	-1552.92
20000	286	-859.096	-1807.07
20000	287	-317.132	226.954
20000	288	-312.339	-2133.73
20000	289	974.366	-438.706
20000	290	746.697	-435.923
20000	291	729.567	-544.497
20000	292	-96.6973	369.693
20000	293	3.5476	-449.786
20000	294	2.94294	-836.375
20000	295	237.732	-2115.8
20000	296	-232.117	1405.7
20000	297	143.991	-36.7883
20000	298	590.051	1605.84
20000	299	130.494	-964.736
20000	300	-81.5468	-1837.77
20000	301	-454.438	-227.616
20000	302	-73.0465	229.75
20000	303	143.894	-664.946
20000	304	-573.708	167.697
20000	305	-359.783	1387.5
20000	306	465.268	520.543
20000	307	-1626.22	416.266
20000	308	448.173	-1031.08
20000	309	-69.9585	-1672.3
20000	310	-238.704	-1004.6
20000	311	344.128	435.241
20000	312	949.388	684.407
20000	313	195.983	1350.91
20000	314	941.156	-764.73
20000	315	-314.974	-1621.34
20000	316	-403.598	-734.729
20000	317	-284.847	-116.771
20000	318	442.718	905.35
20000	319	83.0325	906.537
20000	320	-267.036	978.186
20000	321	-262.366	911.467
20000	322	-1002.83	-1349.48
20000	323	564.517	-967.443
20000	324	573.135	-738.767
20000	325	511.856	-597.029
20000	326	143.197	-799.764
20000	327	471.93	-518.033
20000	328	202.817	-437.761
20000	329	-190.215	481.376
20000	330	157.195	1166.32
20000	331	-406.449	-517.096
20000	332	416.074	57.3857
20000	333	-176.141	375.646
20000	334	226.89	-1043.41
20000	335	-345.658	2318.48
20000	336	434.445	-160.187
20000	337	102.858	988.423
20000	338	548.062	-1940.97
20000	339	-460.161	-362.413
20000	340	-270.222	-1013.43
20000	341	453.459	-848.566
20000	342	27.6505	-29.0838
20000	343	188.233	-1002.04
20000	344	513.538	-1086.38
20000	345	17.7043	-376.448
20000	346	-537.826	-512.918
20000	347	-246.244	218.932
20000	348	76.0432	1943.47
20000	349	-805.569	-738.361
20000	350	-436.074	-520.06
20000	351	764.9	-1484.32
20000	352	1546.35	-319.252
20000	353	-450.477	-448.421
20000	354	148.134	-1179.17
20000	355	546.356	985.71
20000	356	602.492	499.108
20000	357	777.82	-410.516
20000	358	-193.715	280.561
20000	359	-8.44434	307.158
20000	360	-822.699	1764.36
20000	361	-553.859	-2773.74
20000	362	-740.791	-220.116
20000	363	-126.865	-394.561
20000	364	642.954	232.08
20000	365	787	-252.62
20000	366	-515.176	572.1
20000	367	692.932	-2205.54
20000	368	1198.07	331.351
20000	369	258.193	-674.576
20000	370	121.774	1640.83
20000	371	105.789	999.192
20000	372	-720.958	-217.196
20000	373	389.659	622.645
20000	374	-468.091	-687.259
20000	375	-315.892	-734.688
20000	376	292.822	-1387.69
20000	377	251.731	446.316
20000	378	-1272.37	476.343
20000	379	-691.596	-513.711
20000	380	232.083	2085.12
20000	381	-3.42262	620.504
20000	382	-424.161	5.98969
20000	383	-1216.49	-700.244
20000	384	240.197	-1147.07
20000	385	559.311	506.364
20000	386	-576.038	518.299
20000	387	700.843	-736.541
20000	388	-845.064	142.736
20000	389	617.837	420.99
20000	390	96.4308	751.686
20000	391	-394.61	2605.28
20000	392	-706.927	1827
20000	393	-254.47	-328.117
20000	394	-370.579	-824.549
20000	395	-781.452	267.925
20000	396	331.064	-786.652
20000	397	125.167	-504.158
20000	398	119.523	-1202.02
20000	399	-546.995	1407.7
20000	400	-67.7915	378.346
20000	401	-340.795	-302.747
20000	402	545.457	-988.956
20000	403	-686.981	-1211.29
20000	404	-666.591	-875.564
20000	405	-158.224	1119.65
20000	406	-499.241	16.9517
20000	407	211.572	385.835
20000	408	327.354	-49.4286
20000	409	1160.22	-411.159
20000	410	592.83	727.678
20000	411	-818.922	-192.058
20000	412	339.743	-828.242
20000	413	-328.351	2385.36
20000	414	215.97	2419.76
20000	415	-720.07	247.845
20000	416	829.537	432.477
20000	417	79.8671	1288.34
20000	418	-34.1804	-1394.53
20000	419	473.345	602.911
20000	420	412.448	-820.666
20000	421	719.229	1854.58
20000	422	-46.3623	-2002.2
20000	423	-1804.7	478.776
20000	424	1339.13	331.568
20000	425	-855.165	153.501
20000	426	-418.018	416.938
20000	427	911.721	1799.84
20000	428	-686.596	1033.03
20000	429	357.128	909.94
20000	430	617.817	-134.093
20000	431	32.7524	-113.09
20000	432	850.019	838.475
20000	433	375.98	1964.65
20000	434	341.559	586.643
20000	435	-84.3766	-1109.09
20000	436	-528.091	-196.23
20000	437	995.316	-1725.12
20000	438	-548.142	49.7235
20000	439	202.054	1052.23
20000	440	487.525	670.063
20000	441	681.716	1362.2
20000	442	656.872	-1442.78
20000	443	-1176.9	1244.39
20000	444	-599.758	1141.48
20000	445	228.161	1204.62
20000	446	555.553	-1218.81
20000	447	-303.393	-498.248
20000	448	-447.033	866.854
20000	449	-533.98	830.187
20000	450	-442.127	1045.62
20000	451	-1073.63	470.241
20000	452	-40.0621	-1043.6
20000	453	-202.005	-1876.87
20000	454	332.1	1119.6
20000	455	1532.69	510.237
20000	456	1444.79	797.719
20000	457	-912.788	-43.1957
20000	458	-339.388	953.713
20000	459	477.143	-1014.57
20000	460	-151.082	129.154
20000	461	-15.9873	-528.557
20000	462	-150.124	352.029
20000	463	-196.996	-1739.56
20000	464	669.42	220.434
20000	465	11.1683	-610.96
20000	466	198.579	817.318
20000	467	323.373	-742.848
20000	468	237.958	-721.742
20000	469	251.58	-296.834
20000	470	1363.8	505.114
20000	471	469.488	264.654
20000	472	553.652	1507.36
20000	473	137.794	-107.699
20000	474	65.5708	-856.934
20000	475	-245.19	519.344
20000	476	-753.327	-684.106
20000	477	228.308	449.872
20000	478	-280.975	-1452.16
20000	479	820.973	-1063.53
20000	480	-895.627	-335.859
20000	481	-38.0961	1996.81
20000	482	218.967	-298.01
20000	483	158.952	962.17
20000	484	-436.008	62.9042
20000	485	-70.4225	-920.515
20000	486	550.437	399.621
20000	487	223.687	167.407
20000	488	314.784	-715.436
20000	489	-156.853	1181.91
20000	490	-1304.85	818.791
20000	491	359.329	-359.079
20000	492	84.3961	-1009.64
20000	493	323.555	-1175.8
20000	494	-265.601	-391.764
20000	495	-346.176	190.562
20000	496	582.158	-394.255
20000	497	-286.915	-79.5937
20000	498	-117.549	326.268
20000	499	-622.483	-1332.3
