2000	0	3.82043	0.280479	4.05217
2000	1	5.40812	1.06592	1.4619
2000	2	5.38406	4.75863	2.63002
2000	3	3.75893	1.95239	5.92883
2000	4	4.45106	1.65272	3.96341
2000	5	2.88529	0.16589	5.83209
2000	6	3.92833	3.8729	0.467251
2000	7	5.32756	3.52323	1.07643
2000	8	3.8135	3.17945	2.842
2000	9	2.66134	4.85728	4.51918
2000	10	6.06102	0.799752	3.24251
2000	11	0.576173	1.09554	6.21135
2000	12	1.49811	1.40114	5.62613
2000	13	5.31364	2.76669	4.16717
2000	14	4.19273	3.46244	0.530167
2000	15	4.29624	3.81512	5.21603
2000	16	9.81364	4.71071	0.285685
2000	17	4.94207	2.82104	3.22842
2000	18	3.00693	0.113527	4.84017
2000	19	3.04299	4.59544	4.93936
2000	20	1.58589	2.41293	4.2507
2000	21	5.10219	0.248999	6.212
2000	22	7.68579	4.071	2.63247
2000	23	3.06055	1.5225	1.01443
2000	24	2.55494	1.92037	0.971806
2000	25	3.70031	0.059928	2.05437
2000	26	1.94292	0.199449	4.66136
2000	27	9.05434	4.14297	2.45408
2000	28	5.18991	2.49961	4.46643
2000	29	4.71924	0.2079	3.48971
2000	30	3.92489	2.83019	3.36186
2000	31	4.90053	3.80566	5.30949
2000	32	4.59024	3.79192	1.0668
2000	33	2.87727	1.58128	2.72658
2000	34	7.06321	1.21542	5.18377
2000	35	3.3398	1.2221	2.68318
2000	36	5.53303	2.0939	1.55553
2000	37	13.808	4.23493	5.69176
2000	38	2.65405	4.65732	5.48805
2000	39	19.536	0.700064	2.26329
2000	40	11.9661	0.766492	3.35857
2000	41	3.80748	1.93611	4.1818
2000	42	3.44821	3.31945	2.23406
2000	43	5.26111	3.07777	5.02679
2000	44	3.54989	2.97461	1.01473
2000	45	4.14816	1.21736	4.4068
2000	46	3.27452	4.82972	2.39408
2000	47	2.56662	3.13233	0.708027
2000	48	5.2094	4.80856	2.53132
2000	49	1.75084	1.06106	2.39971
2000	50	3.58626	2.33715	5.13788
2000	51	4.02343	3.33994	4.1823
2000	52	2.32861	2.59584	6.00381
2000	53	2.08849	1.0099	5.54998
2000	54	7.03682	2.45064	0.561136
2000	55	2.95618	4.00637	4.39851
2000	56	6.03192	0.576648	0.8193
2000	57	7.68882	1.12306	0.502513
2000	58	13.1785	1.15659	2.68068
2000	59	12.604	2.65213	6.21965
2000	60	8.72542	1.52272	1.83595
2000	61	17.8207	0.886479	1.427
2000	62	12.5613	3.47716	2.90077
2000	63	2.91167	3.18473	0.0146182
2000	64	5.71216	3.52353	4.30987
2000	65	7.38377	0.525335	3.59516
2000	66	9.73153	0.385265	5.67945
2000	67	5.12296	0.971008	3.21477
2000	68	3.49558	0.218489	5.93944
2000	69	2.12846	4.24953	4.72545
2000	70	4.7456	4.46144	5.6025
2000	71	4.18298	2.4253	3.45101
2000	72	1.26796	2.5195	0.60193
2000	73	2.86435	0.470801	2.26513
2000	74	4.34535	4.40138	5.6515
2000	75	3.22521	2.16257	0.466342
2000	76	2.23933	2.46555	0.705288
2000	77	2.59136	3.58638	6.14274
2000	78	5.80508	0.339045	2.64985
2000	79	6.1149	1.43728	3.1203
2000	80	2.73644	0.740109	1.66906
2000	81	6.50947	3.77592	4.781
2000	82	4.79514	1.17325	5.59784
2000	83	6.44119	4.09678	5.27652
2000	84	4.10548	3.77089	3.8391
2000	85	2.43582	3.61376	3.52751
2000	86	5.30084	2.49645	2.16764
2000	87	10.1018	1.95592	2.69843
2000	88	5.4686	3.54864	6.0221
2000	89	2.42231	3.91837	0.065267
2000	90	5.61882	4.33641	3.73719
2000	91	5.37849	3.66839	5.0958
2000	92	18.4658	2.42005	1.60883
2000	93	6.97621	2.07599	2.32979
2000	94	4.90954	4.03781	0.864567
2000	95	7.04498	3.28604	0.916759
2000	96	2.3423	3.26465	1.93759
2000	97	3.89514	1.41296	0.0821244
2000	98	7.25266	2.44446	3.82113
2000	99	2.15028	0.0969054	6.22685
2000	100	6.41476	2.67586	3.12645
2000	101	2.4725	0.400682	0.911079
2000	102	3.24209	2.90585	0.706217
2000	103	17.5969	0.424774	1.82416
2000	104	4.00144	4.21684	4.56629
2000	105	2.72119	3.96399	0.585238
2000	106	5.35364	0.36797	3.76758
2000	107	5.67404	1.58435	3.17316
2000	108	5.96944	1.53889	2.34914
2000	109	8.1168	0.0682125	5.12836
2000	110	16.2081	1.88237	3.24934
2000	111	15.2072	3.89961	1.03429
2000	112	3.8032	3.08237	1.43378
2000	113	16.2331	1.0685	2.61466
2000	114	2.15991	2.03979	2.22887
2000	115	2.19577	1.40133	2.11587
2000	116	2.37629	0.598933	6.16758
2000	117	3.07969	1.35234	1.20315
2000	118	4.28856	1.702	1.96894
2000	119	5.31976	2.05765	0.771686
2000	120	2.27985	3.18836	1.1688
2000	121	10.8158	2.33428	0.120585
2000	122	4.6364	1.97733	3.3943
2000	123	6.4045	1.32505	1.01273
2000	124	4.95715	4.75184	2.07393
2000	125	4.77515	0.40836	5.29829
2000	126	11.5858	3.18583	0.0227381
2000	127	3.3368	1.0876	3.45726
2000	128	6.95589	1.3092	6.00755
2000	129	7.09385	3.57314	2.13288
2000	130	2.95715	4.53319	5.44473
2000	131	2.19429	0.707495	4.45959
2000	132	17.6558	1.98464	1.82874
2000	133	4.42523	3.86645	5.27141
2000	134	4.75487	1.46518	0.734836
2000	135	5.14178	2.98283	5.91178
2000	136	15.8369	1.70805	2.33038
2000	137	0.657753	2.31795	5.8262
2000	138	3.07917	2.69402	5.32176
2000	139	0.793756	4.16265	1.73056
2000	140	4.09205	0.444784	0.328573
2000	141	17.2495	0.435808	1.33817
2000	142	10.6171	4.16816	4.75688
2000	143	3.02481	1.98947	1.22611
2000	144	2.56137	4.48407	2.39112
2000	145	6.36811	1.43432	5.31624
2000	146	4.96278	3.78168	3.91211
2000	147	9.49382	0.58518	4.52889
2000	148	2.59969	0.806386	5.76099
2000	149	10.1717	0.782392	2.23303
2000	150	5.71345	3.16389	2.26086
2000	151	3.00956	4.05934	2.51623
2000	152	4.56259	3.03906	5.3163
2000	153	2.85559	0.794448	0.0619681
2000	154	5.53649	3.74558	4.13921
2000	155	2.80494	3.46077	1.38363
2000	156	4.92004	2.07543	0.996724
2000	157	5.66832	4.81941	0.400717
2000	158	0.727224	2.74635	2.77274
2000	159	3.46439	2.49926	3.59253
2000	160	1.87263	1.85094	6.10706
2000	161	2.79097	1.21272	5.78307
2000	162	5.2907	4.97339	5.48281
2000	163	4.86929	4.2284	2.36348
2000	164	3.40085	3.74077	0.132546
2000	165	5.28901	0.82491	2.5622
2000	166	6.24525	4.7016	4.61895
2000	167	3.71072	4.05133	1.43811
2000	168	3.59209	1.20563	3.2765
2000	169	4.42868	3.6006	3.13637
2000	170	3.51469	2.1472	5.4447
2000	171	6.45695	4.91945	0.139634
2000	172	4.37263	0.879107	1.33805
2000	173	3.58959	0.676378	3.96696
2000	174	10.3404	2.2885	3.3865
2000	175	4.67363	2.3153	0.0916498
2000	176	6.18587	2.4318	3.18564
2000	177	3.44093	3.07035	3.31899
2000	178	10.197	2.72495	0.98765
2000	179	3.81441	2.98312	5.78656
2000	180	11.9048	4.2935	3.71629
2000	181	4.9325	1.90944	1.18721
2000	182	0.850111	2.8476	5.24547
2000	183	12.7879	3.16024	2.81403
2000	184	4.78637	4.45131	4.9537
2000	185	7.27428	4.49816	6.19204
2000	186	3.18016	4.70319	3.2583
2000	187	6.51374	0.820103	2.0159
2000	188	5.24314	4.46221	2.124
2000	189	3.02165	4.70762	5.67266
2000	190	12.2321	0.77658	5.11459
2000	191	3.18227	4.31744	1.04895
2000	192	4.50502	3.05197	0.0150409
2000	193	5.62752	0.732619	3.53923
2000	194	8.44361	2.17977	0.104879
2000	195	4.58419	2.85583	1.98334
2000	196	8.86258	0.0898255	3.05453
2000	197	8.23458	1.52181	2.35414
2000	198	3.4566	4.73738	2.19692
2000	199	5.20515	0.549835	2.54541
2000	200	2.44175	1.42416	1.94903
2000	201	3.68475	2.23968	6.03232
2000	202	3.56034	4.01078	3.19683
2000	203	15.4861	1.77568	5.95751
2000	204	8.84373	0.00494151	5.02235
2000	205	5.66144	4.00791	2.26687
2000	206	3.9263	0.936504	2.4432
2000	207	3.74502	2.18991	3.76835
2000	208	0.354962	4.24673	1.98288
2000	209	5.51215	4.06564	2.79481
2000	210	3.77671	3.54716	5.85168
2000	211	4.04167	0.595713	3.19163
2000	212	4.56675	2.18165	3.35943
2000	213	3.6476	0.188689	3.96336
2000	214	3.73712	4.17221	4.67974
2000	215	4.80813	3.79709	2.39001
2000	216	4.03347	2.30814	1.37417
2000	217	3.54899	4.15508	3.35652
2000	218	3.53118	0.0182857	4.73681
2000	219	4.21237	2.6647	1.20214
2000	220	6.01687	3.27162	3.49737
2000	221	12.7162	3.95453	2.55086
2000	222	3.8927	1.99638	3.60193
2000	223	4.91827	4.0597	4.86125
2000	224	19.0073	4.85803	6.15573
2000	225	5.13297	2.78949	2.94636
2000	226	3.07088	0.188042	3.25206
2000	227	4.50755	2.38077	0.852015
2000	228	2.75063	0.810993	5.60794
2000	229	5.10305	1.73854	1.11592
2000	230	6.10941	1.25109	1.71595
2000	231	18.1055	2.51631	5.89302
2000	232	1.67672	1.03552	0.249491
2000	233	3.61337	0.958011	3.52482
2000	234	4.79057	2.16416	4.40128
2000	235	16.3139	2.02831	4.89236
2000	236	18.4982	2.08049	5.26878
2000	237	5.33366	1.71991	5.18214
2000	238	3.76472	4.77562	4.25914
2000	239	8.65016	0.0588245	0.339611
2000	240	4.26349	1.22201	6.23522
2000	241	6.10393	2.58497	1.57283
2000	242	3.84833	3.21895	5.40972
2000	243	4.23727	2.71239	2.93023
2000	244	4.25512	0.0271322	3.29734
2000	245	2.01188	2.55393	2.58997
2000	246	3.84967	4.6933	0.112229
2000	247	5.14403	1.33504	5.89923
2000	248	5.31894	0.609214	3.97741
2000	249	5.79423	2.26658	5.0612
2000	250	2.76329	3.96448	0.796888
2000	251	9.13027	1.10975	4.00861
2000	252	4.38967	1.85449	1.38531
2000	253	8.26494	1.55028	3.11336
2000	254	10.313	3.88594	5.19573
2000	255	5.54928	1.9086	3.24645
2000	256	6.06964	2.79761	5.73116
2000	257	1.83544	2.97043	3.88077
2000	258	2.60805	3.77764	6.09558
2000	259	3.60288	2.16152	2.50447
2000	260	4.21536	0.882332	3.26975
2000	261	11.1711	3.54307	4.50055
2000	262	2.32178	4.99808	0.430567
2000	263	2.40933	2.34484	2.30402
2000	264	6.7912	2.08127	1.73478
2000	265	4.88446	0.993098	2.28605
2000	266	4.30571	2.22307	6.03035
2000	267	4.94885	4.48063	4.34814
2000	268	2.77439	3.22883	3.08775
2000	269	8.22642	4.06996	5.83537
2000	270	3.36858	3.94641	5.44502
2000	271	4.46208	3.30688	5.03476
2000	272	4.16064	4.00452	2.67427
2000	273	11.1928	0.962249	4.59112
2000	274	4.7716	3.00599	6.07172
2000	275	2.37113	1.73059	1.63151
2000	276	3.03818	2.37335	4.08829
2000	277	3.28826	1.61296	4.16859
2000	278	5.03756	2.00081	3.04217
2000	279	6.52418	0.479785	1.527
2000	280	17.3713	2.36858	3.37612
2000	281	5.18758	2.6247	2.72665
2000	282	6.71691	2.78873	2.52009
2000	283	5.68546	1.45885	4.85355
2000	284	5.58049	1.44335	2.71635
2000	285	5.22751	3.38259	4.53353
2000	286	1.6585	3.12372	2.94338
2000	287	4.22338	1.54026	6.15723
2000	288	19.1336	3.32891	3.41959
2000	289	5.21686	3.34144	2.07172
2000	290	13.611	0.461207	2.03879
2000	291	2.45187	0.945331	0.373102
2000	292	18.3301	4.72116	1.74962
2000	293	8.44161	3.91317	0.379246
2000	294	4.94992	4.95161	5.06017
2000	295	9.72001	1.17209	2.21175
2000	296	7.99388	4.10942	1.3235
2000	297	5.84193	1.78684	0.532166
2000	298	4.19419	1.01822	0.0741887
2000	299	3.60727	1.55149	4.72636
2000	300	5.17621	0.216886	2.59613
2000	301	5.02539	3.3867	2.94915
2000	302	2.89029	2.02216	0.744792
2000	303	4.53821	0.103146	2.0343
2000	304	4.73322	1.12004	2.91282
2000	305	5.33403	2.78582	3.17851
2000	306	2.43079	1.99465	0.0336669
2000	307	2.30514	4.74335	1.58778
2000	308	7.18517	2.03672	3.24441
2000	309	2.39311	3.55515	5.85145
2000	310	5.59967	3.644	3.14516
2000	311	3.28945	3.55464	1.83903
2000	312	4.56043	2.15597	2.6685
2000	313	5.14844	4.48261	2.44835
2000	314	4.50164	4.77471	3.65357
2000	315	3.0068	3.59464	3.75677
2000	316	7.84513	4.01455	1.57385
2000	317	4.21706	4.92649	1.53478
2000	318	2.05994	0.660729	3.88576
2000	319	7.57155	4.41901	1.85144
2000	320	6.1928	2.01702	4.41607
2000	321	4.23688	1.02982	3.99064
2000	322	5.23291	3.17535	2.55228
2000	323	4.60765	0.65414	1.07759
2000	324	18.6684	3.51174	5.30211
2000	325	3.12312	2.03779	6.0453
2000	326	3.84619	1.31217	5.44662
2000	327	3.72545	1.79009	0.894711
2000	328	1.52744	4.36844	2.92703
2000	329	2.5377	2.80456	5.72429
2000	330	3.32911	1.58962	0.411141
2000	331	3.25298	2.92492	3.30643
2000	332	3.76357	0.522007	4.47655
2000	333	17.3725	0.891418	6.14805
2000	334	3.3214	4.63579	1.41947
2000	335	4.68126	4.86835	4.91809
2000	336	1.8857	3.17229	1.43832
2000	337	3.28021	3.6589	4.85657
2000	338	15.8775	0.412837	4.26272
2000	339	3.3603	0.994956	1.17065
2000	340	3.16119	3.70624	5.54505
2000	341	2.24967	4.0757	5.17416
2000	342	3.37631	2.23381	0.437241
2000	343	3.14095	0.805094	5.77476
2000	344	2.73962	0.540391	2.56951
2000	345	10.0832	2.73051	6.15228
2000	346	0.201999	4.87943	5.4873
2000	347	5.09995	2.30863	0.702262
2000	348	4.43399	4.91649	2.03512
2000	349	6.21935	1.57517	3.85687
2000	350	9.28261	4.10721	5.56079
2000	351	3.89437	1.68209	0.12618
2000	352	2.77943	1.5533	2.69117
2000	353	4.51928	4.2144	1.58869
2000	354	4.87465	1.04659	1.2743
2000	355	3.19821	3.12102	1.7536
2000	356	2.38045	3.89637	4.60771
2000	357	7.80635	2.94207	1.88892
2000	358	5.18423	1.34744	0.03022
2000	359	4.25619	3.51001	5.89275
2000	360	7.70215	4.75851	2.27795
2000	361	6.03966	2.52747	5.90425
2000	362	2.18072	1.06373	6.0929
2000	363	5.69145	4.19456	5.1604
2000	364	2.30911	2.71173	2.46949
2000	365	5.01414	3.61752	0.983952
2000	366	3.68182	0.0705118	2.55135
2000	367	4.69246	0.699173	4.81705
2000	368	17.6448	3.4532	1.72075
2000	369	5.26244	4.85455	5.16035
2000	370	1.93116	4.16555	0.296286
2000	371	3.77048	1.69014	3.53092
2000	372	3.28549	0.140555	0.713898
2000	373	16.5376	1.24789	4.15092
2000	374	17.5746	4.24858	2.06845
2000	375	3.82833	3.13074	5.65865
2000	376	7.60904	3.80792	1.31782
2000	377	5.06529	1.21516	2.49709
2000	378	3.63817	4.60685	1.342
2000	379	19.7477	2.01467	5.05474
2000	380	2.97347	0.842082	2.87671
2000	381	2.52819	4.84193	5.92414
2000	382	6.51208	2.48854	1.1394
2000	383	2.6959	2.34553	5.23723
2000	384	5.47987	0.306054	6.26608
2000	385	6.18439	2.65832	3.03158
2000	386	14.1903	0.0703978	4.42316
2000	387	6.20759	3.4351	5.31514
2000	388	7.31155	1.54904	2.63461
2000	389	5.92354	1.89418	2.12297
2000	390	1.27948	4.42914	2.44929
2000	391	5.93788	1.215	2.74681
2000	392	3.23153	3.00387	3.22049
2000	393	6.14838	3.483	1.25956
2000	394	2.70911	3.87735	4.20703
2000	395	6.03849	3.88605	5.86968
2000	396	0.522327	1.4708	6.06185
2000	397	5.6711	0.387205	5.33613
2000	398	17.4055	2.94291	3.29238
2000	399	14.854	3.48086	2.95491
2000	400	4.2399	4.22455	4.37209
2000	401	2.02084	3.96276	6.18876
2000	402	4.53114	1.7624	2.57973
2000	403	3.29636	4.18994	2.15865
2000	404	4.11395	0.154059	4.24062
2000	405	5.82879	1.31603	4.04386
2000	406	3.26587	2.4306	5.88626
2000	407	3.30064	0.850714	1.89669
2000	408	4.96292	0.232837	1.49889
2000	409	3.02258	4.49978	2.91334
2000	410	4.2533	2.73798	3.41498
2000	411	6.35629	3.47981	2.42651
2000	412	5.17997	0.629286	4.28759
2000	413	6.42194	2.93712	4.19608
2000	414	5.58128	4.63916	2.42205
2000	415	4.82825	2.64666	1.58869
2000	416	4.96472	4.34684	4.25171
2000	417	6.71301	3.75474	3.7611
2000	418	2.71719	2.86744	2.19088
2000	419	6.01805	4.98978	0.853179
2000	420	3.97565	2.37431	4.56304
2000	421	3.21918	4.3606	0.237509
2000	422	4.02174	4.36517	3.02236
2000	423	17.3876	3.83794	0.180731
2000	424	7.42542	1.4969	2.88335
2000	425	19.2806	0.402578	4.11667
2000	426	5.91337	0.345567	1.66785
2000	427	4.58278	4.37844	1.816
2000	428	4.94933	1.3244	0.751314
2000	429	9.49268	0.326691	1.59456
2000	430	3.69305	3.64295	0.264765
2000	431	3.45533	3.66717	4.29137
2000	432	2.0531	1.83482	5.50094
2000	433	13.0266	0.216369	2.00502
2000	434	8.69101	4.56155	4.01837
2000	435	3.62154	1.01162	2.18848
2000	436	4.28016	0.43411	5.25748
2000	437	4.89744	3.5393	0.94237
2000	438	5.48163	2.2246	1.3286
2000	439	3.97986	4.77686	1.52642
2000	440	5.32351	1.15979	5.05021
2000	441	3.64325	0.452754	0.922497
2000	442	17.5639	2.71823	0.809594
2000	443	4.7782	2.74124	0.76287
2000	444	3.24653	3.42151	6.11853
2000	445	2.73538	2.37747	3.92018
2000	446	3.95437	3.95019	2.1344
2000	447	4.41188	0.671137	6.1899
2000	448	6.31655	4.09099	1.22474
2000	449	7.34739	0.672848	1.61775
2000	450	6.02843	2.86158	3.78391
2000	451	4.57783	3.15043	5.08515
2000	452	4.09192	2.79222	2.62006
2000	453	2.31859	4.75558	6.0381
2000	454	16.9896	1.21506	0.236035
2000	455	4.23538	0.117878	0.62266
2000	456	3.13654	3.41175	0.507609
2000	457	6.44484	0.878627	2.57751
2000	458	4.09877	2.56705	4.51049
2000	459	5.56266	2.14954	2.33499
2000	460	5.63586	3.09866	4.63159
2000	461	4.43975	4.17835	5.35099
2000	462	3.52461	0.752896	4.49068
2000	463	4.18609	1.70721	2.50201
2000	464	2.46335	2.41215	5.9798
2000	465	6.055	3.24746	2.10518
2000	466	1.84229	2.96458	4.91652
2000	467	9.79558	2.51252	5.96895
2000	468	3.33934	1.48847	2.26575
2000	469	3.02434	0.00457745	3.06732
2000	470	4.36209	4.65386	5.63591
2000	471	2.36547	4.70936	5.05413
2000	472	6.64047	4.22895	0.168144
2000	473	3.49198	2.23794	0.668844
2000	474	4.73053	3.01897	3.81409
2000	475	3.17076	1.80867	4.43508
2000	476	4.73702	3.33509	0.974732
2000	477	17.8226	1.80025	4.47287
2000	478	4.56694	1.666	5.9047
2000	479	6.26193	3.75861	1.87106
2000	480	4.78021	2.63178	4.34269
2000	481	2.42841	4.7588	1.63732
2000	482	14.7601	4.30176	2.28644
2000	483	5.5617	0.641948	3.70657
2000	484	5.35626	4.15491	2.80181
2000	485	11.3042	1.83518	3.11897
2000	486	5.10472	4.1112	5.13098
2000	487	2.05844	3.49114	5.00941
2000	488	2.10495	4.96478	1.0445
2000	489	4.16145	0.359743	3.00353
2000	490	3.36541	3.23097	6.13807
2000	491	2.784	2.77965	0.493458
2000	492	6.20675	3.11261	3.00692
2000	493	3.33978	0.622104	2.09429
2000	494	12.6569	3.86135	5.43571
2000	495	5.89521	3.13992	4.16692
2000	496	6.32816	4.73723	4.00255
2000	497	2.63571	4.22485	3.83783
2000	498	15.9684	3.67469	3.67614
2000	499	1.86542	0.0888968	0.478955
4000	0	2.1946	2.38076	5.93066
4000	1	4.36058	4.15607	3.12636
4000	2	2.73758	4.1792	1.00216
4000	3	1.56514	1.59529	1.78547
4000	4	4.41667	0.612892	0.328056
4000	5	5.7856	3.6096	1.08335
4000	6	3.95519	3.2341	2.30747
4000	7	5.32451	2.51439	1.16696
4000	8	2.22491	1.71565	0.863036
4000	9	1.5332	3.84917	0.112668
4000	10	2.18663	4.28146	4.75256
4000	11	2.55705	1.13341	3.8467
4000	12	0.926223	4.2737	5.82025
4000	13	15.5815	1.13764	4.69214
4000	14	10.0908	4.28177	4.58403
4000	15	4.15513	1.46895	4.2556
4000	16	2.06764	3.36185	0.616298
4000	17	4.12855	4.79239	3.93509
4000	18	4.91085	4.48843	6.07273
4000	19	4.11311	2.47946	1.9396
4000	20	3.28055	3.34352	1.7007
4000	21	8.08249	1.96401	5.94669
4000	22	4.83639	3.40448	3.2983
4000	23	5.11876	3.94538	4.43254
4000	24	4.89792	2.41319	2.88099
4000	25	3.63959	4.20282	1.44085
4000	26	7.57699	1.2365	3.52655
4000	27	2.66674	4.95939	6.27161
4000	28	2.46698	0.35492	6.07882
4000	29	14.0271	3.10788	0.916642
4000	30	4.26252	2.13489	2.06523
4000	31	14.9068	0.795324	0.624216
4000	32	4.8442	2.12744	5.78987
4000	33	2.1348	4.90865	0.159878
4000	34	6.36711	4.26092	5.7943
4000	35	19.4873	3.00998	5.41518
4000	36	2.48937	0.253565	4.08243
4000	37	3.55593	0.251133	5.69506
4000	38	2.59998	1.40983	5.46408
4000	39	3.0087	2.62928	6.2387
4000	40	3.44892	2.57813	4.91301
4000	41	3.61578	0.949028	6.17033
4000	42	6.96488	4.12678	4.41486
4000	43	6.30734	3.90792	3.06672
4000	44	5.29952	0.054555	4.95302
4000	45	5.24505	2.75962	1.84396
4000	46	3.03317	0.689826	5.15973
4000	47	17.0084	3.22864	6.10641
4000	48	3.73734	3.89381	2.84662
4000	49	4.67329	0.425113	3.48797
4000	50	13.9337	4.62001	0.935942
4000	51	13.125	0.889024	3.80641
4000	52	3.37616	4.05864	3.34687
4000	53	2.17909	2.28289	0.959638
4000	54	10.2198	4.53776	1.84406
4000	55	10.3973	2.33777	2.28604
4000	56	4.33564	3.08721	5.77933
4000	57	4.80994	3.1823	5.00483
4000	58	6.63637	2.16167	0.363053
4000	59	5.38919	4.76429	4.20473
4000	60	1.80561	4.80554	6.20018
4000	61	3.83436	0.640513	2.99679
4000	62	3.887	4.41665	0.543461
4000	63	3.37929	4.68125	2.54286
4000	64	7.20934	4.87146	6.27687
4000	65	4.898	2.85184	0.575567
4000	66	3.39189	2.00173	1.23858
4000	67	3.59851	2.45462	1.59109
4000	68	2.89255	2.10872	2.0551
4000	69	2.25389	3.45452	0.149464
4000	70	2.83163	1.87511	4.91969
4000	71	3.42387	1.63447	2.48753
4000	72	19.9354	1.84131	0.689093
4000	73	5.79313	4.37585	3.25898
4000	74	15.5826	1.78244	3.65113
4000	75	3.63852	0.523238	0.480084
4000	76	8.52019	2.58634	0.491138
4000	77	8.22861	3.03019	3.1447
4000	78	5.9944	2.5351	5.03398
4000	79	1.11931	1.35127	5.85887
4000	80	5.41823	0.896386	2.35105
4000	81	14.2599	2.9788	2.89157
4000	82	5.54451	4.51644	4.16157
4000	83	3.65008	2.8776	3.53485
4000	84	7.97815	0.733614	1.45591
4000	85	15.5134	4.51412	3.89238
4000	86	7.97642	4.58768	2.33988
4000	87	3.63961	3.22247	1.47098
4000	88	5.54942	3.33059	4.52871
4000	89	5.72559	4.59155	4.61926
4000	90	8.57931	1.47581	2.55664
4000	91	2.27854	0.638665	2.40944
4000	92	6.13125	3.52257	2.23498
4000	93	10.6875	3.9431	4.23459
4000	94	7.74736	0.892461	4.01503
4000	95	6.15914	2.78151	3.92651
4000	96	12.9814	2.9556	2.05524
4000	97	4.36628	0.133348	4.28877
4000	98	2.30523	0.050334	5.08924
4000	99	6.35875	0.734862	2.78649
4000	100	0.247093	1.2448	3.6401
4000	101	2.35563	0.207928	1.20488
4000	102	4.4496	0.567011	2.4177
4000	103	3.16907	4.87805	1.93152
4000	104	3.33515	3.75892	2.91434
4000	105	4.33	3.64563	5.26811
4000	106	4.68414	3.75197	2.5347
4000	107	1.4285	3.18602	4.80864
4000	108	5.55428	3.69334	2.5314
4000	109	5.19728	3.82609	2.25854
4000	110	7.13323	4.92199	0.669201
4000	111	4.1541	4.19481	1.98486
4000	112	8.91309	4.44957	4.20247
4000	113	5.65491	2.72568	2.1348
4000	114	5.51681	1.50261	6.07339
4000	115	1.64908	4.64723	4.56247
4000	116	4.74068	4.38601	2.362
4000	117	5.06057	2.33422	1.91587
4000	118	13.0702	4.13323	5.64609
4000	119	7.2533	4.65172	0.732499
4000	120	13.3632	3.32522	4.23994
4000	121	7.20995	0.449705	4.04394
4000	122	19.0053	0.623169	2.69395
4000	123	5.6224	3.29391	1.23438
4000	124	4.27634	0.986274	5.0283
4000	125	11.0875	2.49118	2.52828
4000	126	5.99505	1.32668	1.48943
4000	127	2.22066	2.64728	0.420439
4000	128	3.38552	3.69897	0.919251
4000	129	1.59614	3.25433	1.09913
4000	130	13.9849	4.39563	4.6155
4000	131	6.21524	0.472693	2.63154
4000	132	2.50432	0.415682	4.8515
4000	133	2.86714	0.0102119	5.98443
4000	134	5.20563	3.55896	6.02257
4000	135	5.08929	1.52011	1.28746
4000	136	4.02135	4.62955	2.76296
4000	137	6.37812	1.43722	0.168782
4000	138	6.33629	1.56942	3.42081
4000	139	2.35807	2.72878	1.65359
4000	140	6.29575	0.874185	3.83833
4000	141	3.54418	2.6095	2.78951
4000	142	1.02818	2.58045	3.64261
4000	143	1.02533	4.49728	2.06007
4000	144	1.96121	0.486386	3.23033
4000	145	5.75688	0.221359	3.62445
4000	146	4.1791	0.657326	4.13909
4000	147	4.6825	0.0230864	2.25543
4000	148	3.2863	4.01387	3.96434
4000	149	4.85931	2.62146	0.437158
4000	150	5.95733	4.51793	2.45487
4000	151	7.08526	0.980786	1.26624
4000	152	2.0781	2.00961	3.29876
4000	153	4.88498	1.64212	4.85329
4000	154	5.7504	2.34944	4.04349
4000	155	4.61115	4.91011	5.97098
4000	156	5.23842	0.386245	1.48658
4000	157	3.0576	2.76401	5.00488
4000	158	6.83838	2.90699	4.77858
4000	159	2.92857	2.31521	3.57972
4000	160	3.15551	0.705773	6.13232
4000	161	3.93489	4.33214	2.25179
4000	162	2.86804	1.68868	5.26807
4000	163	2.91884	0.325528	6.27093
4000	164	4.48892	4.55492	0.652267
4000	165	3.6147	4.92015	4.15381
4000	166	4.01438	3.45035	3.97815
4000	167	2.29452	1.37202	0.335977
4000	168	3.04856	4.65045	0.892583
4000	169	7.81995	0.406354	1.79962
4000	170	2.56116	3.48097	3.63286
4000	171	18.7498	4.3664	5.23228
4000	172	5.91526	1.4503	1.07787
4000	173	7.95581	0.585505	2.12051
4000	174	5.98612	2.92368	0.786107
4000	175	9.55799	4.17376	1.12331
4000	176	4.75783	3.76816	2.87394
4000	177	16.9075	1.57555	5.11957
4000	178	2.13448	1.81723	0.418712
4000	179	1.76894	1.48715	0.0267099
4000	180	4.98806	3.30708	0.136827
4000	181	4.07767	2.05128	0.214994
4000	182	7.48909	0.541772	1.21574
4000	183	3.91244	0.129579	4.50857
4000	184	1.96965	1.51811	1.68089
4000	185	2.73447	0.772389	1.76668
4000	186	4.46926	4.91161	4.72763
4000	187	5.94995	0.0568071	5.59855
4000	188	5.65704	1.78108	2.16022
4000	189	5.21682	1.63631	1.22535
4000	190	3.13217	1.10474	5.39742
4000	191	4.69801	3.36555	0.560333
4000	192	3.75109	4.34208	1.18579
4000	193	19.4003	3.41643	4.77109
4000	194	3.93045	0.932505	5.15924
4000	195	9.57516	2.23428	4.84937
4000	196	5.64105	0.432103	4.10549
4000	197	5.19577	1.99068	1.57391
4000	198	12.3108	1.47565	0.9498
4000	199	17.0141	3.77418	6.15543
4000	200	2.96604	4.2617	1.0886
4000	201	16.367	0.313194	3.90526
4000	202	3.38038	1.7106	5.92768
4000	203	3.27702	4.29268	3.4754
4000	204	7.82951	4.85707	0.687525
4000	205	5.46252	1.69284	2.98483
4000	206	1.71371	3.38702	4.74318
4000	207	4.98523	4.56368	2.11244
4000	208	11.1234	0.689504	5.53672
4000	209	3.90761	3.26171	5.78091
4000	210	19.6991	2.63976	5.75502
4000	211	17.9223	3.46078	1.30659
4000	212	5.40392	1.14066	5.34788
4000	213	5.09358	0.260757	4.42654
4000	214	3.52131	1.27384	5.03287
4000	215	3.10719	0.832006	0.264658
4000	216	4.87043	3.09095	5.41089
4000	217	3.39136	1.48582	1.77652
4000	218	4.59111	1.94169	1.20663
4000	219	8.33206	0.237185	0.507271
4000	220	12.8852	1.34345	2.30353
4000	221	5.62512	0.197474	1.70377
4000	222	5.64035	2.08857	2.22745
4000	223	6.2802	4.74683	4.53021
4000	224	5.70736	4.81854	5.89143
4000	225	3.73586	1.2866	4.95624
4000	226	2.79314	3.35545	3.49578
4000	227	6.43369	2.3188	2.94276
4000	228	4.86019	4.69203	3.4253
4000	229	2.51284	2.86453	1.24039
4000	230	4.99524	0.905437	3.08154
4000	231	4.85593	1.21191	1.25627
4000	232	3.2242	4.70001	5.56228
4000	233	2.64296	3.14701	4.98492
4000	234	2.75528	2.33128	2.69806
4000	235	3.47623	0.386691	3.10447
4000	236	4.373	4.35442	5.06883
4000	237	3.37174	0.729143	0.827404
4000	238	6.06288	3.73988	2.43232
4000	239	4.4993	2.16572	6.00074
4000	240	4.91981	2.47031	1.54122
4000	241	2.9395	4.47988	4.86847
4000	242	3.22784	1.46331	2.29361
4000	243	15.4623	2.46504	2.3532
4000	244	2.78021	4.01387	1.55095
4000	245	4.78447	2.31126	3.61275
4000	246	7.13916	0.352627	2.33282
4000	247	4.05214	1.48077	3.4477
4000	248	4.78391	3.90769	4.929
4000	249	3.55336	4.83379	3.92818
4000	250	5.50919	2.99525	6.08596
4000	251	5.66794	2.32558	3.21197
4000	252	3.57297	2.55905	0.192758
4000	253	4.65113	1.87144	3.51075
4000	254	3.13034	3.79997	5.77368
4000	255	5.05306	0.622709	4.29085
4000	256	0.218132	0.859448	6.18913
4000	257	7.59265	3.92308	3.66139
4000	258	3.32924	0.517529	5.82153
4000	259	4.56645	2.58495	0.556578
4000	260	3.72883	0.289035	0.549526
4000	261	2.52749	3.2014	0.672514
4000	262	4.43249	4.79748	0.21956
4000	263	4.37586	1.70798	2.51994
4000	264	3.21223	4.73324	2.10294
4000	265	6.2483	3.4257	3.35335
4000	266	5.28258	2.76758	0.0078189
4000	267	1.30994	3.63008	3.78116
4000	268	4.16213	2.01288	3.82881
4000	269	7.10071	2.68555	1.6685
4000	270	3.85479	0.105752	2.51894
4000	271	15.3891	0.555842	3.19847
4000	272	4.68938	1.02982	4.95282
4000	273	4.74389	1.87383	4.51936
4000	274	6.5465	4.03085	4.86709
4000	275	3.57857	2.74442	3.50583
4000	276	5.72778	0.868946	3.90127
4000	277	3.19212	2.94394	4.64548
4000	278	1.88542	3.74782	5.7572
4000	279	3.31438	4.842	0.619775
4000	280	5.39713	4.64707	1.88248
4000	281	5.55335	4.74631	0.329335
4000	282	2.68301	3.56007	5.5961
4000	283	3.13126	2.72457	1.22219
4000	284	7.04784	1.08388	3.5606
4000	285	3.75187	0.559088	0.734074
4000	286	4.829	3.02393	6.02275
4000	287	5.81546	4.34659	1.12265
4000	288	6.0804	3.2892	4.16827
4000	289	2.28876	0.0182096	5.77076
4000	290	10.8455	3.24846	0.9353
4000	291	4.86998	4.62881	3.00912
4000	292	4.87866	1.76649	2.33585
4000	293	5.31115	1.35393	4.14531
4000	294	3.40929	3.0398	1.0227
4000	295	3.26213	3.83116	1.18711
4000	296	19.3671	3.57394	0.976978
4000	297	19.7818	1.08793	5.24853
4000	298	14.4347	3.55469	1.24813
4000	299	3.05248	0.148922	1.59147
4000	300	4.07643	4.73364	1.51687
4000	301	5.63561	1.17327	4.28183
4000	302	2.26252	0.438526	5.43325
4000	303	3.20295	2.02925	5.86225
4000	304	2.05733	1.69145	5.18558
4000	305	4.39974	3.01857	3.05786
4000	306	1.77739	4.33375	2.55399
4000	307	4.82679	3.3307	1.69685
4000	308	6.11764	4.16804	2.37051
4000	309	2.56804	3.32292	4.03405
4000	310	3.72018	2.47401	4.61385
4000	311	9.28531	3.32842	4.14227
4000	312	2.2819	1.45218	4.73583
4000	313	6.5049	0.435176	1.31422
4000	314	3.48043	3.59649	2.45744
4000	315	6.92378	3.26162	1.68734
4000	316	3.36806	2.16123	5.5479
4000	317	2.5017	2.27701	5.73625
4000	318	4.25821	2.56578	3.05555
4000	319	6.10052	3.69118	3.04969
4000	320	4.30801	2.47766	0.117784
4000	321	2.44356	3.88872	5.73466
4000	322	2.3535	3.13031	0.627426
4000	323	4.22362	0.703641	5.29477
4000	324	2.68295	4.48003	1.47041
4000	325	2.97424	3.35213	1.35788
4000	326	8.55668	4.18046	2.25899
4000	327	11.937	1.78802	3.53515
4000	328	5.171	4.72917	3.90852
4000	329	3.07128	1.4205	1.38074
4000	330	2.92846	2.93374	5.85939
4000	331	2.52212	3.89603	4.39076
4000	332	7.8986	4.33808	5.66792
4000	333	8.69913	3.61014	4.72601
4000	334	0.288296	3.43228	1.28951
4000	335	2.48973	4.51454	0.602685
4000	336	5.20243	3.14132	2.12976
4000	337	7.18974	4.91045	3.48131
4000	338	5.7442	4.85177	2.33874
4000	339	4.94296	2.03366	4.50682
4000	340	8.12882	0.113347	5.78307
4000	341	19.6372	0.600873	2.79604
4000	342	5.24102	4.03432	3.36705
4000	343	3.60737	3.30992	4.38361
4000	344	19.6706	4.99238	3.35362
4000	345	11.8428	4.281	4.78848
4000	346	7.00576	2.88482	0.473531
4000	347	3.58316	4.72886	5.60764
4000	348	6.9637	3.40555	2.19373
4000	349	6.0249	0.341514	2.68702
4000	350	1.96908	2.6268	5.77498
4000	351	4.38609	4.03361	1.74016
4000	352	2.85389	2.68518	4.38076
4000	353	4.75079	4.24113	2.40603
4000	354	4.16148	3.19184	1.13627
4000	355	4.20969	0.869713	3.26791
4000	356	6.21852	2.99508	5.12447
4000	357	4.6513	0.198921	3.07422
4000	358	2.25117	3.35929	4.6934
4000	359	8.74514	2.69423	5.43411
4000	360	1.91998	2.96574	4.16816
4000	361	18.4882	3.20044	3.27291
4000	362	2.66046	0.151659	0.0376685
4000	363	2.71911	1.18855	4.97427
4000	364	2.51187	4.97823	2.21336
4000	365	13.9954	3.9242	3.48576
4000	366	2.47735	0.932662	0.503421
4000	367	4.14955	3.93111	2.50692
4000	368	16.7185	2.14739	4.19619
4000	369	13.2227	4.76296	6.19686
4000	370	9.02749	1.16465	2.65513
4000	371	3.84203	2.70011	6.04644
4000	372	1.69625	3.30069	2.02634
4000	373	14.0323	2.46991	3.71499
4000	374	4.10648	3.78772	3.69739
4000	375	2.02399	4.50875	5.38756
4000	376	3.00444	4.01963	2.41476
4000	377	2.88031	1.24716	0.0638564
4000	378	5.56279	3.35643	4.5185
4000	379	3.04809	0.101129	4.67722
4000	380	7.59287	3.69615	4.47868
4000	381	4.35228	0.878872	0.133561
4000	382	3.82418	4.6561	3.91651
4000	383	3.18089	0.178089	0.696821
4000	384	4.24309	0.978046	0.338662
4000	385	2.06029	3.94181	5.23841
4000	386	4.56171	0.0993968	3.2743
4000	387	2.45376	2.46761	2.17175
4000	388	4.18628	2.81423	2.68946
4000	389	5.12352	1.21461	0.615081
4000	390	3.8894	0.469338	2.19549
4000	391	5.32811	4.06312	3.31183
4000	392	3.02849	0.0594219	0.36044
4000	393	5.99631	4.54595	4.44794
4000	394	10.7591	2.71555	1.09203
4000	395	3.24674	3.55801	4.74226
4000	396	3.09359	1.64335	4.83431
4000	397	5.31838	0.921459	3.33186
4000	398	17.1909	4.63663	0.808422
4000	399	1.68903	1.03769	0.667857
4000	400	4.83788	4.49327	0.699985
4000	401	7.18036	1.96739	5.19998
4000	402	19.5331	0.256577	0.910406
4000	403	5.50907	0.607057	4.21128
4000	404	6.31993	2.31478	2.75243
4000	405	0.28274	0.832873	5.82432
4000	406	2.88812	3.02146	6.07799
4000	407	18.0121	0.868153	3.46717
4000	408	3.86761	2.82757	2.94053
4000	409	3.42482	2.77501	2.04829
4000	410	2.72267	0.411285	2.91578
4000	411	6.27041	2.18886	0.568774
4000	412	6.60732	3.79227	1.67646
4000	413	3.62415	1.02623	1.73864
4000	414	5.17234	3.07784	5.74092
4000	415	8.21539	3.9653	3.66558
4000	416	3.62273	4.24206	3.14738
4000	417	2.32201	4.27432	0.54017
4000	418	3.74758	2.04492	1.3233
4000	419	5.94264	0.422792	0.00130714
4000	420	4.16789	1.95559	1.73539
4000	421	5.29771	2.93525	2.77197
4000	422	2.64434	2.02818	4.59258
4000	423	3.43003	4.45219	5.93921
4000	424	2.49958	1.20681	2.48082
4000	425	6.47391	1.62885	4.35031
4000	426	5.82231	3.96491	0.697549
4000	427	12.4721	0.383301	5.6942
4000	428	3.17016	4.03811	5.81233
4000	429	1.61843	2.48835	1.39942
4000	430	11.8909	0.514306	5.92479
4000	431	6.08301	0.310032	5.70508
4000	432	1.9303	4.77666	5.78176
4000	433	1.7506	2.72609	5.179
4000	434	6.34187	3.34034	1.28752
4000	435	11.9601	1.41368	2.20861
4000	436	6.85157	4.76368	3.54103
4000	437	4.97021	1.01714	0.255941
4000	438	3.20107	3.25052	3.93217
4000	439	3.17794	0.723342	2.67799
4000	440	5.02501	0.499103	3.32922
4000	441	4.52257	0.922399	2.0324
4000	442	6.70625	0.353586	1.22436
4000	443	2.75473	0.813017	0.434525
4000	444	0.684781	3.3081	5.203
4000	445	2.44109	4.36305	3.23644
4000	446	2.73777	0.854169	3.13776
4000	447	4.55465	0.207043	1.27853
4000	448	3.17688	1.35778	5.8695
4000	449	3.65012	1.7369	3.20412
4000	450	6.49411	1.59194	1.16631
4000	451	2.06882	4.11619	2.7012
4000	452	5.08444	2.64772	1.17189
4000	453	0.926989	1.20221	5.54609
4000	454	4.09942	1.29781	0.965093
4000	455	5.19879	1.12635	1.53504
4000	456	3.35923	4.45699	0.835752
4000	457	3.67345	1.06219	5.11849
4000	458	13.5856	3.92236	1.28652
4000	459	5.59033	3.0571	1.51814
4000	460	4.70357	1.36658	5.22841
4000	461	2.53949	1.22135	0.167091
4000	462	2.75296	1.67938	0.766533
4000	463	4.20649	2.44578	5.0598
4000	464	2.8202	2.97509	6.03073
4000	465	3.5701	1.42494	4.02202
4000	466	5.23847	4.16129	0.724606
4000	467	4.55886	0.562561	6.02948
4000	468	1.38	1.69167	3.71142
4000	469	4.09849	1.13389	1.25853
4000	470	2.08026	1.23082	2.53918
4000	471	7.08659	3.95201	0.134028
4000	472	5.05791	0.22173	4.52102
4000	473	4.60762	3.59812	5.08351
4000	474	5.69686	2.90896	4.95331
4000	475	6.8482	2.06389	0.870819
4000	476	2.04859	3.9425	0.0949039
4000	477	5.78947	4.58195	5.61031
4000	478	4.01935	3.52065	1.08879
4000	479	3.46663	2.0546	3.06282
4000	480	4.31791	2.75082	0.197074
4000	481	6.16348	1.58668	2.23334
4000	482	4.47912	1.04769	1.3497
4000	483	3.46598	3.65671	3.2803
4000	484	2.42494	1.78535	3.38341
4000	485	2.116	4.05831	3.94284
4000	486	3.65852	1.82701	2.45412
4000	487	3.20494	2.18307	1.88501
4000	488	3.68647	1.19889	1.58717
4000	489	4.30978	1.66082	2.2123
4000	490	3.68255	2.11101	3.93962
4000	491	5.19203	0.387811	4.89507
4000	492	5.3036	4.34612	0.285206
4000	493	17.9155	3.85505	4.62188
4000	494	13.2318	2.43889	2.85746
4000	495	2.97121	2.99446	1.46972
4000	496	8.08047	2.63918	2.36211
4000	497	3.48982	1.69524	4.23712
4000	498	5.47474	0.636333	6.10804
4000	499	6.59011	1.72774	1.69643
6000	0	4.38965	4.45137	4.66655
6000	1	2.84004	1.09638	3.83396
6000	2	3.56667	2.38536	5.10301
6000	3	17.7049	0.0273082	6.08671
6000	4	8.13782	2.23069	2.17206
6000	5	19.2681	1.38649	0.755665
6000	6	3.08222	1.61381	3.53949
6000	7	1.58717	0.186594	4.82501
6000	8	5.65624	4.90486	3.08608
6000	9	4.72987	3.18285	5.82439
6000	10	6.54472	2.32204	3.69299
6000	11	4.20355	0.0668877	3.47794
6000	12	8.38521	0.762936	1.87818
6000	13	3.31761	4.00251	3.3563
6000	14	6.12069	3.57748	5.21566
6000	15	2.42083	4.90666	5.51093
6000	16	4.20204	0.618151	4.85379
6000	17	3.96065	1.65242	2.19553
6000	18	6.44253	3.11148	4.46709
6000	19	18.0359	0.663824	1.62852
6000	20	6.02128	1.19301	1.49232
6000	21	5.05953	3.41742	3.05767
6000	22	19.9877	1.9102	5.12905
6000	23	3.48987	4.01888	4.26351
6000	24	5.91744	4.82929	2.64484
6000	25	9.12349	2.97301	1.85549
6000	26	7.73881	3.87099	0.483874
6000	27	4.28561	2.67981	2.48357
6000	28	16.1392	1.15612	4.08933
6000	29	4.50094	1.32001	0.53786
6000	30	5.44702	3.11467	2.60444
6000	31	3.22882	0.262668	2.63507
6000	32	5.85348	4.78129	2.67108
6000	33	4.10894	1.65693	4.02829
6000	34	4.6223	2.17054	1.88255
6000	35	6.18986	2.64327	5.37949
6000	36	3.56346	0.962666	4.69889
6000	37	2.20299	4.67305	1.6182
6000	38	6.71859	2.81134	3.47597
6000	39	2.64757	1.26693	1.02181
6000	40	3.43909	0.857414	3.52557
6000	41	10.6348	3.10268	1.64008
6000	42	2.83268	3.93543	5.18522
6000	43	14.3666	1.51603	2.45083
6000	44	3.76985	0.321086	2.32499
6000	45	2.83186	0.548093	4.34422
6000	46	5.61089	1.69776	2.04868
6000	47	2.67982	0.200857	1.93602
6000	48	5.72996	3.10173	5.71651
6000	49	4.02008	4.96157	0.851715
6000	50	5.04345	0.0101558	3.86584
6000	51	4.53544	0.832047	3.23264
6000	52	1.21242	3.0768	5.20665
6000	53	3.86219	2.49372	1.25355
6000	54	2.49571	0.925482	5.0533
6000	55	3.18717	1.43158	2.97796
6000	56	5.22431	0.745069	4.98135
6000	57	3.49614	2.20472	3.34055
6000	58	5.12838	4.23581	4.60445
6000	59	1.88089	4.24146	0.962206
6000	60	3.51369	1.39176	5.46376
6000	61	3.83753	4.30034	0.273076
6000	62	5.93412	1.37545	4.07947
6000	63	2.48672	4.81785	0.546238
6000	64	1.1451	2.34733	0.452015
6000	65	0.800992	2.20451	2.33513
6000	66	1.87835	2.16847	1.98285
6000	67	2.11984	1.15231	0.750608
6000	68	3.85898	1.41007	5.41541
6000	69	16.5489	1.52338	1.21905
6000	70	1.56313	3.54817	5.98177
6000	71	3.88541	4.48429	1.00651
6000	72	5.76854	3.59427	0.000974854
6000	73	3.33022	0.888876	1.82922
6000	74	4.96772	1.71811	0.867467
6000	75	4.5486	2.99336	0.175021
6000	76	2.27064	4.23629	4.91316
6000	77	4.01016	4.05603	2.53823
6000	78	4.59647	1.33018	3.73179
6000	79	2.96522	0.223452	4.11583
6000	80	4.70853	3.80109	5.47414
6000	81	4.47112	3.56615	5.78831
6000	82	6.78284	2.2821	2.88624
6000	83	5.79227	1.79855	0.263218
6000	84	3.13226	0.284885	5.44474
6000	85	4.25488	4.55994	3.62299
6000	86	2.28279	4.05523	2.95696
6000	87	14.5085	1.16552	2.80629
6000	88	6.94059	2.09622	6.25105
6000	89	4.62634	2.19963	1.07131
6000	90	5.40398	1.31216	4.00531
6000	91	2.38872	4.27835	5.12945
6000	92	3.41945	0.568766	5.57863
6000	93	4.66815	2.55567	5.34761
6000	94	4.58976	4.16399	0.809332
6000	95	5.24249	1.71534	6.07902
6000	96	14.0721	4.74367	3.85862
6000	97	3.63435	0.12474	1.09338
6000	98	5.29059	0.0540644	2.85949
6000	99	4.54234	0.279135	2.03603
6000	100	3.12079	4.65665	2.70426
6000	101	3.49097	3.00627	6.09571
6000	102	3.32816	3.19701	3.61949
6000	103	3.89675	2.61488	0.316056
6000	104	1.71154	0.0682445	4.78073
6000	105	4.84339	0.325404	5.15601
6000	106	10.3191	1.54377	2.63754
6000	107	4.02453	3.86783	0.634778
6000	108	5.47841	4.26749	2.47501
6000	109	2.35067	1.28655	4.5149
6000	110	3.18148	1.15352	0.716475
6000	111	14.4659	3.70562	4.56098
6000	112	15.656	2.86866	3.61045
6000	113	2.16643	3.16558	2.87915
6000	114	5.18566	0.211654	5.92561
6000	115	12.0856	3.57173	5.02218
6000	116	2.44816	4.15527	3.08487
6000	117	17.4924	0.369247	3.82938
6000	118	4.93754	0.891234	1.83672
6000	119	5.76127	4.56996	1.36871
6000	120	9.61603	4.97145	3.38957
6000	121	4.28177	2.49864	2.30876
6000	122	4.49184	2.96934	2.65781
6000	123	4.56431	1.21005	2.70254
6000	124	18.6402	3.36539	0.458916
6000	125	6.38671	2.81257	4.26822
6000	126	4.27392	4.87614	2.6965
6000	127	2.60143	1.22128	5.04067
6000	128	5.3796	1.75189	4.35944
6000	129	5.64205	1.11574	1.56129
6000	130	4.28046	1.07147	3.81826
6000	131	4.95214	3.98052	3.15988
6000	132	1.70836	3.62434	1.52112
6000	133	2.75486	2.36473	2.65035
6000	134	4.56899	4.51243	5.99623
6000	135	0.16922	0.395267	2.97241
6000	136	6.13104	1.36847	0.793964
6000	137	3.19184	1.10186	4.52041
6000	138	2.18653	3.41679	4.12354
6000	139	4.50786	0.890954	5.63637
6000	140	10.2562	0.921278	1.16558
6000	141	0.687869	1.811	5.15976
6000	142	2.80425	4.51816	5.77543
6000	143	5.9669	2.10798	0.618895
6000	144	6.86594	0.919097	1.98671
6000	145	2.14628	3.34332	3.17197
6000	146	2.63262	2.88663	5.89202
6000	147	1.89344	4.7278	2.87625
6000	148	2.51669	2.37603	0.85759
6000	149	3.8376	2.095	1.01467
6000	150	2.10059	0.35201	0.57294
6000	151	3.50732	2.03317	0.29873
6000	152	3.89324	4.70116	1.02873
6000	153	1.94188	3.52687	4.78739
6000	154	3.11359	3.14637	0.28575
6000	155	7.06204	0.118184	0.0665091
6000	156	4.30268	3.52506	5.59786
6000	157	3.50506	1.62161	5.81659
6000	158	5.78324	2.3033	5.63263
6000	159	4.31788	0.867554	1.51077
6000	160	1.73626	2.77386	4.39885
6000	161	2.28884	3.34677	1.2554
6000	162	2.66016	4.96367	3.92743
6000	163	3.44876	3.97574	0.775414
6000	164	2.07616	1.10042	0.581305
6000	165	2.57177	2.28519	2.5255
6000	166	5.04535	3.58666	5.29324
6000	167	5.01693	3.21638	0.793274
6000	168	2.35048	0.872862	0.798812
6000	169	5.41888	4.91448	0.4884
6000	170	2.46466	3.37932	1.01884
6000	171	1.43671	3.65202	5.20522
6000	172	6.9324	3.87575	5.94602
6000	173	5.77685	0.148039	4.1669
6000	174	4.11587	3.59856	0.359645
6000	175	6.1235	0.23233	4.32247
6000	176	0.701246	2.68917	6.15513
6000	177	14.1097	0.43452	1.04268
6000	178	3.71366	4.59856	4.46917
6000	179	2.9677	4.79554	3.6701
6000	180	6.21681	2.64573	0.312024
6000	181	3.28549	4.62714	3.94734
6000	182	3.06645	2.5181	3.17617
6000	183	2.72514	1.92001	4.62832
6000	184	12.9911	4.28691	5.62224
6000	185	0.81567	3.61208	1.23843
6000	186	1.55554	0.469178	1.80127
6000	187	4.86358	0.725466	6.08176
6000	188	1.78506	0.63147	3.94639
6000	189	2.7227	3.98293	0.672514
6000	190	5.5615	2.8265	4.75344
6000	191	11.8117	3.4848	0.705868
6000	192	2.31566	3.92991	0.376554
6000	193	5.87723	0.705358	1.06415
6000	194	4.24931	3.07651	0.582916
6000	195	3.59945	2.90238	0.196085
6000	196	6.1528	3.05329	1.6512
6000	197	2.59074	4.13684	4.26665
6000	198	5.31087	0.774253	3.98284
6000	199	0.581817	1.36783	2.64612
6000	200	6.61344	0.415514	0.743885
6000	201	3.13041	0.97989	2.67147
6000	202	4.17791	0.956525	6.06009
6000	203	4.23989	0.177896	2.91345
6000	204	2.27581	1.51491	5.00814
6000	205	3.80857	1.03595	4.20196
6000	206	17.0355	3.06478	1.58641
6000	207	3.26782	4.8092	4.06926
6000	208	0.932287	4.97598	5.6297
6000	209	4.42589	3.24253	4.06602
6000	210	16.0434	1.83757	5.70827
6000	211	4.3998	2.08161	5.89467
6000	212	3.43302	4.10106	4.05738
6000	213	8.61329	4.30752	1.49236
6000	214	5.89862	3.78485	3.70926
6000	215	4.97401	0.397238	2.08113
6000	216	14.7736	1.38161	4.86368
6000	217	6.01237	0.354013	6.19693
6000	218	5.64676	1.49007	3.56862
6000	219	2.92687	2.28359	5.5057
6000	220	2.93569	1.78366	1.08646
6000	221	5.17447	0.282789	0.214446
6000	222	2.37893	1.77104	2.73359
6000	223	12.8806	3.07917	2.55943
6000	224	4.5357	4.70488	2.88158
6000	225	3.99816	0.0650367	3.49914
6000	226	5.5273	2.6978	0.647076
6000	227	3.38902	4.65319	2.60821
6000	228	3.72652	3.9446	0.145968
6000	229	2.91011	4.38974	3.86013
6000	230	17.5897	1.61145	5.10059
6000	231	10.2697	4.38093	0.670086
6000	232	4.44306	4.99243	4.01938
6000	233	8.06225	0.205443	3.01174
6000	234	3.64509	1.73113	1.41298
6000	235	4.43089	4.48939	1.95895
6000	236	3.88692	2.15694	2.46324
6000	237	4.74721	3.65656	2.83574
6000	238	5.11317	2.30067	6.13692
6000	239	3.14508	4.37764	0.491699
6000	240	14.5538	0.976914	3.54422
6000	241	17.0716	1.47563	3.31458
6000	242	15.5986	1.97866	3.17566
6000	243	2.41961	2.43001	4.81224
6000	244	5.11966	4.70197	3.94351
6000	245	2.75803	1.79692	6.06969
6000	246	1.67102	2.80599	1.59335
6000	247	5.80629	4.12846	3.00768
6000	248	14.703	4.16552	4.86865
6000	249	1.30277	4.09766	5.0008
6000	250	5.6073	0.526142	4.88666
6000	251	8.97425	0.41211	0.78628
6000	252	3.37151	2.57552	0.243688
6000	253	2.34919	1.03722	5.681
6000	254	4.27694	3.48819	1.68075
6000	255	11.6251	2.90507	1.96333
6000	256	4.66075	4.80998	2.44984
6000	257	5.66335	0.544445	3.34725
6000	258	3.85202	2.94072	5.16249
6000	259	10.8803	4.50719	4.08182
6000	260	11.8849	0.880887	1.72902
6000	261	19.2083	3.61548	4.13377
6000	262	4.83317	2.72515	0.835991
6000	263	3.81332	3.72126	2.0253
6000	264	5.2736	3.08053	3.15224
6000	265	6.06636	2.17074	5.31995
6000	266	5.73638	1.07904	3.20301
6000	267	5.5546	3.73159	3.79128
6000	268	3.74063	3.05634	0.317879
6000	269	2.55445	3.05504	1.5356
6000	270	4.12529	3.50484	0.245983
6000	271	2.80639	4.71345	1.234
6000	272	2.47386	3.81935	4.23279
6000	273	16.766	2.47804	0.622763
6000	274	14.8535	2.84013	4.14082
6000	275	11.8187	3.3984	1.11105
6000	276	5.64283	3.34314	2.39311
6000	277	3.39142	2.63771	5.21406
6000	278	3.04227	3.32944	3.91798
6000	279	5.89282	2.82959	5.07732
6000	280	3.95924	3.11369	3.72857
6000	281	6.08207	3.63411	1.34598
6000	282	9.4081	4.49308	3.79064
6000	283	15.3231	4.35324	4.75275
6000	284	5.61717	4.65667	0.328728
6000	285	16.7344	0.218278	4.96421
6000	286	4.75038	2.7028	4.0366
6000	287	0.600974	0.461681	5.30088
6000	288	6.34385	1.80944	1.99757
6000	289	10.1597	2.92663	4.93205
6000	290	14.7517	0.578252	5.74309
6000	291	5.10277	4.61945	2.27652
6000	292	3.17153	4.1289	4.59339
6000	293	3.11364	1.76451	4.25487
6000	294	11.786	0.0840247	5.87521
6000	295	4.35446	4.13879	3.5342
6000	296	2.23452	1.89938	0.555782
6000	297	7.38574	0.455794	1.89237
6000	298	4.43588	4.37829	3.0853
6000	299	5.18363	2.5851	5.16637
6000	300	3.11635	3.6801	5.39975
6000	301	17.8517	1.26055	3.38863
6000	302	5.22645	1.66242	1.91043
6000	303	9.81002	0.711652	0.567146
6000	304	4.24677	0.451967	3.93318
6000	305	5.33058	3.51326	6.12979
6000	306	5.38384	4.08209	3.55455
6000	307	4.93619	2.17727	3.54475
6000	308	4.39054	0.573358	3.02172
6000	309	5.25767	4.54192	3.4698
6000	310	4.63411	4.51751	2.42022
6000	311	5.2201	1.43311	4.90969
6000	312	5.55486	2.16318	0.155278
6000	313	8.41854	0.552103	0.0504442
6000	314	3.00171	0.499275	5.71802
6000	315	6.84054	4.96336	1.60294
6000	316	1.36391	0.757598	0.525733
6000	317	4.7205	4.25102	0.357095
6000	318	4.86511	1.52953	2.4216
6000	319	4.99271	2.55968	4.36553
6000	320	4.54899	2.75024	5.15128
6000	321	2.66241	1.37705	2.318
6000	322	4.21606	0.0443163	3.01538
6000	323	3.8489	1.97215	6.13104
6000	324	3.56117	0.677049	2.24907
6000	325	18.5845	1.34466	2.43118
6000	326	2.42009	4.08668	5.5438
6000	327	5.1933	2.19657	1.51789
6000	328	7.85467	0.714813	0.450307
6000	329	6.99774	2.73345	3.04641
6000	330	3.17993	0.732252	1.04213
6000	331	5.79412	1.23426	0.0891553
6000	332	5.50839	0.0747289	2.28189
6000	333	17.1258	0.265982	0.42067
6000	334	4.71287	4.04365	3.0157
6000	335	10.8236	0.900378	2.72929
6000	336	4.61567	1.62122	6.01852
6000	337	3.94207	0.273727	2.6846
6000	338	5.75884	0.0618258	4.10353
6000	339	18.549	2.74731	5.6511
6000	340	2.427	4.2435	2.00924
6000	341	0.395468	3.88207	2.96103
6000	342	14.5953	3.41506	4.42403
6000	343	4.32584	1.96246	3.73444
6000	344	4.72405	0.283447	2.86341
6000	345	6.98819	4.54956	2.73763
6000	346	4.0279	2.44911	2.07775
6000	347	2.38072	0.322699	5.89652
6000	348	2.93436	4.04419	4.33649
6000	349	4.41868	3.78265	4.35037
6000	350	2.41032	0.0950691	6.00186
6000	351	19.9981	3.6141	3.16219
6000	352	2.88801	0.554799	4.43487
6000	353	4.13078	2.25621	1.05076
6000	354	5.54786	4.9792	2.32803
6000	355	2.87155	0.53783	1.26662
6000	356	5.66524	2.31399	0.120708
6000	357	4.01858	4.40259	0.101062
6000	358	2.48699	3.71957	6.03809
6000	359	2.4885	1.28873	5.88319
6000	360	3.30672	3.3633	0.848585
6000	361	2.73441	1.06881	2.02038
6000	362	2.64416	0.54812	6.16529
6000	363	2.42502	0.449193	5.2696
6000	364	4.84491	0.959464	3.90352
6000	365	4.03227	4.45929	2.4934
6000	366	3.24069	1.84043	3.92592
6000	367	4.56677	2.75027	3.43794
6000	368	3.15481	4.97798	2.22776
6000	369	10.292	2.61842	5.05073
6000	370	3.58389	0.576184	5.58154
6000	371	1.43776	3.41141	5.18798
6000	372	1.60941	1.70419	3.74017
6000	373	2.47931	0.839628	2.83358
6000	374	2.02334	0.223413	3.08083
6000	375	10.3398	4.61526	1.36509
6000	376	3.33091	3.80035	2.163
6000	377	1.34604	1.22668	2.89837
6000	378	8.92488	3.75403	1.1365
6000	379	1.57338	2.64019	1.25358
6000	380	5.43649	0.739356	4.31537
6000	381	3.86354	0.102181	1.45373
6000	382	4.31063	1.50381	0.633135
6000	383	9.16303	1.28139	3.35008
6000	384	3.73121	3.72581	5.2296
6000	385	10.7899	4.99875	1.40871
6000	386	10.8994	3.61366	3.54215
6000	387	8.97612	4.26398	2.16326
6000	388	5.27282	2.72467	0.737668
6000	389	2.47802	1.40037	4.78001
6000	390	5.3788	2.37229	6.10086
6000	391	14.4729	2.3532	0.372604
6000	392	4.1148	2.12643	5.90587
6000	393	6.28312	2.77278	6.21748
6000	394	2.93425	1.61234	1.98518
6000	395	4.14343	1.29098	4.90654
6000	396	6.1845	1.72072	2.29358
6000	397	12.13	1.96511	4.80337
6000	398	8.35577	1.90074	4.64642
6000	399	6.07017	3.89923	4.8274
6000	400	3.90687	3.01953	3.27865
6000	401	7.44902	3.69775	0.918325
6000	402	6.42871	0.66645	3.73141
6000	403	7.06194	0.181016	3.859
6000	404	2.26397	3.48386	5.28148
6000	405	2.61991	3.49795	2.83533
6000	406	4.21886	4.48916	5.98545
6000	407	5.12226	3.25611	5.9107
6000	408	2.71359	3.48389	0.86001
6000	409	17.8681	1.54241	0.521008
6000	410	2.91238	3.28302	4.91069
6000	411	5.50626	1.31852	4.3324
6000	412	0.675919	4.99595	1.24868
6000	413	3.07831	3.57029	5.39709
6000	414	3.96131	2.89441	5.06103
6000	415	2.64549	1.79881	4.66913
6000	416	5.27065	4.01258	3.18811
6000	417	3.57741	3.16273	4.6543
6000	418	1.4206	4.75828	4.47131
6000	419	3.10868	1.42968	4.45477
6000	420	4.77618	3.64272	4.09993
6000	421	2.34013	2.19549	6.21552
6000	422	5.38445	3.27105	0.321602
6000	423	13.7037	1.96352	3.62806
6000	424	4.51411	1.36159	4.60733
6000	425	3.86343	0.182777	5.433
6000	426	4.92634	0.66665	3.4448
6000	427	2.77263	2.90445	3.72863
6000	428	5.1136	0.554273	2.51477
6000	429	3.37154	2.42051	5.11335
6000	430	15.3766	1.74444	0.876792
6000	431	3.71636	4.83553	5.06996
6000	432	3.65277	1.05876	1.35476
6000	433	16.2993	2.31949	0.204679
6000	434	2.68155	4.60947	4.88741
6000	435	2.12136	3.34599	0.738148
6000	436	2.99319	3.21648	4.98993
6000	437	2.92671	2.36372	5.77336
6000	438	1.89661	1.3583	0.470534
6000	439	6.3578	4.25144	4.4665
6000	440	10.5412	3.76185	2.74791
6000	441	5.2301	0.152059	4.09689
6000	442	9.18215	3.03798	4.75726
6000	443	3.44933	3.38631	4.69659
6000	444	5.10515	3.63614	2.93497
6000	445	11.9368	4.98059	2.45289
6000	446	9.02573	2.82628	5.58438
6000	447	3.10988	0.399151	1.69468
6000	448	2.31305	0.161483	5.91842
6000	449	4.27848	0.328426	4.94216
6000	450	2.98768	4.64929	6.19245
6000	451	6.65193	1.63591	4.90779
6000	452	2.35117	0.538399	5.1261
6000	453	3.71063	0.0137996	5.51402
6000	454	7.52747	2.04524	0.0942146
6000	455	4.78435	1.16991	0.707365
6000	456	10.1079	0.168046	4.66179
6000	457	4.63419	3.81861	3.26169
6000	458	19.4507	2.28065	5.83846
6000	459	3.13262	2.98158	5.08244
6000	460	1.37807	2.2535	1.44833
6000	461	4.02717	3.3286	2.80459
6000	462	5.37971	3.69699	4.20603
6000	463	8.35139	1.34395	1.1043
6000	464	2.62783	2.77239	4.95788
6000	465	9.86424	2.77737	2.60754
6000	466	4.96597	1.47181	0.932608
6000	467	11.9029	1.85976	3.61976
6000	468	5.75402	1.11577	4.24304
6000	469	15.8432	3.0895	3.9326
6000	470	7.00889	1.42044	6.16693
6000	471	3.13716	2.58549	6.10561
6000	472	5.42818	1.86719	3.92807
6000	473	18.8809	0.744704	0.0463189
6000	474	11.0527	3.04879	5.99075
6000	475	8.4428	2.60057	5.74171
6000	476	1.58778	2.96285	2.23675
6000	477	3.54522	2.6262	0.459598
6000	478	4.29959	1.77452	5.94832
6000	479	3.19702	3.82044	5.38177
6000	480	4.09877	4.1764	0.276111
6000	481	17.4881	2.95069	6.24818
6000	482	3.80988	1.21698	5.22064
6000	483	9.82441	4.68972	3.4812
6000	484	3.86083	1.43934	3.31672
6000	485	5.50687	2.87821	1.22041
6000	486	6.53915	3.04007	4.11138
6000	487	3.02156	2.27757	0.347425
6000	488	12.8507	3.31367	1.91332
6000	489	2.54929	4.8599	3.32593
6000	490	6.48874	4.40671	0.769689
6000	491	4.04167	2.4127	3.95785
6000	492	3.40741	0.660034	4.37198
6000	493	5.0111	1.97506	4.34782
6000	494	2.78183	0.0595699	4.9846
6000	495	3.74131	2.78629	3.77542
6000	496	5.47572	2.16257	1.45184
6000	497	3.79535	3.88838	2.40793
6000	498	5.45664	4.51117	0.712639
6000	499	4.16409	0.592219	0.422876
8000	0	4.21155	4.51349	1.39877
8000	1	3.92374	0.783996	4.3583
8000	2	7.0944	0.0585865	3.7291
8000	3	4.3948	4.49551	4.5058
8000	4	14.2921	1.75756	1.39012
8000	5	1.15714	1.76113	2.11656
8000	6	7.78068	3.8885	2.73819
8000	7	5.27889	0.772346	4.82191
8000	8	13.0476	0.0154415	2.82608
8000	9	2.21093	1.51505	1.55235
8000	10	5.3463	3.19385	5.39788
8000	11	3.91482	2.20029	5.93373
8000	12	2.67722	3.25626	3.77204
8000	13	16.8613	2.47144	2.15757
8000	14	5.97136	0.120068	1.95311
8000	15	4.7793	2.61328	0.208419
8000	16	5.67397	2.55871	0.947699
8000	17	6.02447	2.23903	0.147993
8000	18	1.36994	1.24277	5.46305
8000	19	3.95494	1.64001	0.513723
8000	20	3.96343	4.85133	1.65131
8000	21	5.06407	0.678259	1.23545
8000	22	1.80539	4.1338	0.777334
8000	23	3.00897	3.24027	5.84417
8000	24	7.21425	4.5601	2.14755
8000	25	1.94422	4.27885	5.8769
8000	26	7.11329	2.02817	0.840091
8000	27	2.47588	3.77027	2.37567
8000	28	1.38384	2.92967	4.69061
8000	29	4.28656	4.73244	6.11867
8000	30	5.07035	3.32021	3.84781
8000	31	10.5544	4.02603	3.0942
8000	32	4.98449	1.71589	5.24601
8000	33	5.02151	2.98352	3.52631
8000	34	4.62327	2.67937	1.50146
8000	35	4.27941	3.70942	0.0856189
8000	36	3.92126	4.72681	0.833049
8000	37	3.37073	1.82067	1.14494
8000	38	6.82422	3.88145	5.60161
8000	39	2.11721	4.70228	5.70456
8000	40	8.3816	3.89913	4.05518
8000	41	3.64046	1.29796	4.74143
8000	42	6.07899	3.65123	1.31871
8000	43	4.90215	2.3234	4.96014
8000	44	3.57284	1.95429	1.33476
8000	45	3.52336	3.60714	3.83091
8000	46	5.01826	0.32075	1.06752
8000	47	5.23914	0.32532	4.575
8000	48	3.36623	1.19982	2.50039
8000	49	14.4706	4.26523	3.20084
8000	50	3.37274	4.41299	3.15124
8000	51	2.4447	3.58131	0.955702
8000	52	2.81905	2.50495	2.65181
8000	53	5.10821	2.97189	2.88581
8000	54	3.08125	4.03386	5.26511
8000	55	5.13498	1.01275	3.3025
8000	56	17.8446	3.73402	2.31126
8000	57	2.15326	2.32799	0.136098
8000	58	5.58603	1.09482	1.62248
8000	59	3.88591	0.939716	5.12761
8000	60	4.43333	4.7392	4.67533
8000	61	14.8983	1.06457	0.823575
8000	62	1.57541	1.30234	6.03654
8000	63	7.68011	2.79579	0.411542
8000	64	5.54567	2.90002	4.17039
8000	65	12.0449	0.0813941	2.34931
8000	66	6.50164	4.8876	1.93628
8000	67	1.33681	0.00328765	1.66999
8000	68	15.7629	0.448144	3.94845
8000	69	3.95087	3.44692	0.583485
8000	70	7.15773	3.63791	5.81492
8000	71	2.7697	4.54682	1.87976
8000	72	5.78947	4.37956	4.3856
8000	73	5.8212	3.99433	0.0741373
8000	74	2.27225	1.45455	5.79557
8000	75	2.18392	3.6383	3.35094
8000	76	2.3535	2.60748	5.93951
8000	77	4.69312	0.284819	3.45444
8000	78	10.1091	4.93733	1.42282
8000	79	3.63732	0.792561	3.51526
8000	80	5.57367	2.98266	0.864255
8000	81	4.42111	0.623195	5.31104
8000	82	3.78206	2.37357	2.13312
8000	83	6.38484	4.79203	4.64398
8000	84	3.82142	3.58308	4.23448
8000	85	15.7091	2.22126	4.25704
8000	86	5.14476	1.61363	0.329208
8000	87	4.14035	0.918381	0.932386
8000	88	15.0308	0.882923	1.54502
8000	89	2.31261	4.1463	4.58291
8000	90	5.35318	0.536523	4.51508
8000	91	3.99164	0.591072	5.74811
8000	92	2.24495	4.17484	4.32653
8000	93	2.83039	2.32943	0.0740258
8000	94	4.28403	2.91091	3.51251
8000	95	4.75416	3.14475	0.553871
8000	96	5.56058	1.70589	2.42785
8000	97	5.13093	1.10457	1.09354
8000	98	4.22718	2.11911	3.25637
8000	99	13.6815	4.90162	1.48617
8000	100	4.46783	4.79618	3.85689
8000	101	5.02668	4.67827	6.01796
8000	102	4.323	1.71612	3.46201
8000	103	4.54109	3.19507	5.25875
8000	104	14.8056	3.61504	3.95336
8000	105	2.58559	0.930758	3.70684
8000	106	3.43746	3.55617	1.74293
8000	107	0.296358	2.43175	5.71222
8000	108	3.78726	0.0724604	0.224297
8000	109	4.52397	0.832799	3.31603
8000	110	6.38355	1.83669	3.50305
8000	111	6.82079	3.63927	0.99226
8000	112	2.23567	0.0739199	5.11542
8000	113	4.95122	0.739875	2.43955
8000	114	5.19566	4.3737	2.15931
8000	115	16.158	4.44795	3.77569
8000	116	18.0774	2.39973	2.83522
8000	117	7.45463	2.84994	4.99195
8000	118	11.7678	1.67163	0.214903
8000	119	3.45583	0.643482	3.0583
8000	120	2.94405	1.22725	1.97733
8000	121	9.56463	2.07161	3.62646
8000	122	2.68372	4.55899	4.88706
8000	123	7.74265	4.94131	4.24134
8000	124	5.23208	1.98862	2.55094
8000	125	3.42533	1.82756	1.47744
8000	126	2.77542	0.504269	5.12185
8000	127	3.80256	4.96993	2.88939
8000	128	4.65033	1.75603	4.82774
8000	129	2.46258	2.40349	1.06115
8000	130	14.3566	4.26549	4.32502
8000	131	5.126	0.256158	2.33122
8000	132	2.82159	4.23881	2.07436
8000	133	5.47434	1.42241	4.19254
8000	134	5.11165	2.56548	3.8563
8000	135	18.694	0.353205	0.578621
8000	136	4.4903	0.894232	5.02352
8000	137	6.2085	1.39551	3.43882
8000	138	6.70057	4.58626	2.69187
8000	139	5.96718	4.33403	0.490788
8000	140	4.11001	3.65965	1.27447
8000	141	0.852397	0.18306	5.31159
8000	142	13.6929	3.48898	4.08188
8000	143	3.4526	4.60208	4.33959
8000	144	4.38982	3.94099	4.56763
8000	145	4.31225	1.77562	0.465243
8000	146	1.67095	0.317819	4.3802
8000	147	5.50444	1.59384	0.534386
8000	148	4.06436	1.49772	3.56418
8000	149	6.42247	2.08265	4.35254
8000	150	2.60089	1.81977	0.0109469
8000	151	3.96946	1.07563	3.1529
8000	152	6.06158	3.74395	4.53769
8000	153	8.90224	2.50946	5.73154
8000	154	5.75845	1.95189	3.97163
8000	155	3.52667	4.49479	2.97461
8000	156	5.25556	4.63068	0.312875
8000	157	6.08194	0.246956	0.527876
8000	158	2.3771	2.73553	2.31533
8000	159	12.397	1.42041	2.44103
8000	160	12.239	1.34895	5.31881
8000	161	2.82742	2.08478	5.08449
8000	162	4.16698	1.92006	5.32942
8000	163	6.32815	4.47985	3.72738
8000	164	1.86197	2.61764	0.45694
8000	165	16.8422	0.140788	5.2069
8000	166	3.04175	1.53949	4.243
8000	167	4.98889	4.19166	0.70937
8000	168	3.18384	3.36859	0.698751
8000	169	4.60689	2.4809	1.20155
8000	170	18.5968	2.2958	5.62849
8000	171	3.67471	1.29302	5.8462
8000	172	7.3329	1.59902	3.10071
8000	173	2.2826	1.29306	0.609246
8000	174	4.79174	3.68398	4.85086
8000	175	5.54212	4.93191	4.1228
8000	176	15.0815	2.5963	5.72623
8000	177	4.73957	4.02841	0.0246057
8000	178	5.08102	3.06366	4.26604
8000	179	4.47288	1.98976	1.54299
8000	180	3.23518	2.92669	3.06675
8000	181	4.55398	0.646531	2.26213
8000	182	1.6682	2.87328	2.52523
8000	183	3.67852	0.525079	4.9834
8000	184	8.12944	4.35968	3.49032
8000	185	8.96813	3.5631	5.16198
8000	186	8.53811	0.482006	4.31956
8000	187	4.60859	3.59971	1.19588
8000	188	5.25033	1.64684	4.257
8000	189	3.92672	3.60085	4.40155
8000	190	18.1557	3.43703	0.605032
8000	191	4.07913	4.53375	2.81019
8000	192	4.0117	3.26582	1.01442
8000	193	5.50848	2.81794	4.65154
8000	194	2.48501	4.50836	2.79454
8000	195	5.65344	0.839623	2.61448
8000	196	5.18913	1.51523	3.13727
8000	197	6.6954	4.16201	2.84419
8000	198	4.46087	2.43211	5.13877
8000	199	4.43957	4.93903	1.41653
8000	200	12.5195	3.71601	1.90136
8000	201	4.26715	0.397611	3.29014
8000	202	2.30764	0.709703	3.71595
8000	203	3.93292	2.97614	1.01477
8000	204	2.3771	3.63103	3.98741
8000	205	7.18733	2.60683	1.68504
8000	206	6.83844	4.51801	4.24215
8000	207	4.15674	2.13194	3.52126
8000	208	9.57333	2.40351	5.20416
8000	209	3.11088	1.16417	1.38366
8000	210	5.11703	4.05112	6.23674
8000	211	10.9513	0.480804	4.9026
8000	212	2.7016	3.9319	4.86745
8000	213	3.01395	0.360298	4.83973
8000	214	5.00735	4.60798	3.84088
8000	215	4.92472	3.80406	3.07703
8000	216	19.4938	1.15226	1.47021
8000	217	5.70523	1.03184	3.9763
8000	218	5.95059	2.10237	5.17698
8000	219	7.30883	2.73885	4.07519
8000	220	4.41298	4.36587	1.65293
8000	221	2.10225	1.52617	6.22459
8000	222	5.66617	3.73616	3.43518
8000	223	2.21031	4.28273	1.06652
8000	224	2.45249	2.41348	5.9447
8000	225	3.13662	0.129638	2.82759
8000	226	3.12579	2.01335	3.01765
8000	227	5.41165	1.91325	5.64355
8000	228	5.17113	2.34219	0.640702
8000	229	5.3889	4.67074	3.02211
8000	230	4.64186	1.3143	3.47369
8000	231	3.30221	4.81114	5.39628
8000	232	5.60405	0.433062	2.51185
8000	233	2.50751	3.87323	4.80433
8000	234	5.06757	1.98859	3.03114
8000	235	4.85819	1.85222	0.37689
8000	236	5.55695	0.254717	1.22938
8000	237	2.88203	0.225176	0.602432
8000	238	8.83794	2.25453	6.0651
8000	239	4.77598	3.96842	2.55163
8000	240	7.98945	4.39006	5.81317
8000	241	14.2103	2.9609	1.44419
8000	242	4.6307	0.34015	0.244817
8000	243	4.25626	1.24743	3.21501
8000	244	5.945	1.11025	1.66207
8000	245	2.60747	1.52704	3.32195
8000	246	6.66298	3.52555	4.08726
8000	247	2.30224	3.06056	1.69932
8000	248	2.95174	2.95481	2.03378
8000	249	4.39381	0.274682	3.43269
8000	250	3.01583	0.690373	5.62016
8000	251	3.63663	2.48647	2.05967
8000	252	7.71886	2.04093	4.17581
8000	253	1.35535	3.0599	1.82927
8000	254	6.57234	2.64604	0.825909
8000	255	2.93964	0.0064242	6.1113
8000	256	3.35558	3.44605	0.844883
8000	257	1.7445	2.449	2.08983
8000	258	5.64049	0.144469	6.02374
8000	259	5.08771	2.87789	5.97664
8000	260	17.007	2.27771	2.67693
8000	261	15.2546	2.45381	5.56298
8000	262	3.32258	1.49459	1.37794
8000	263	5.07131	1.34096	4.96726
8000	264	5.42053	4.53027	5.87948
8000	265	5.80189	4.90792	2.55501
8000	266	4.00495	2.46469	6.05264
8000	267	5.48217	0.391448	4.16945
8000	268	5.5771	4.029	1.3613
8000	269	2.25476	3.16243	4.47462
8000	270	3.35838	0.395086	3.25826
8000	271	2.83343	2.74491	5.20671
8000	272	1.43014	4.11875	4.85827
8000	273	5.54511	4.20881	3.13762
8000	274	4.69315	2.98082	1.05845
8000	275	2.98	1.06507	0.298882
8000	276	13.8706	4.35091	3.70225
8000	277	6.75716	0.715081	2.96064
8000	278	19.7067	3.37397	4.35033
8000	279	19.6276	4.38654	2.52738
8000	280	5.52642	1.96161	4.42279
8000	281	2.50986	0.568345	5.7049
8000	282	4.83441	0.782717	3.74679
8000	283	7.47281	4.64675	3.3406
8000	284	7.08905	0.0834959	6.04812
8000	285	3.96859	0.27357	3.55184
8000	286	2.36291	1.86073	3.78229
8000	287	17.4872	2.90975	3.67978
8000	288	7.01238	4.00031	2.17508
8000	289	5.84422	2.82804	4.19108
8000	290	6.75025	1.22953	5.09127
8000	291	5.05486	2.21517	0.678915
8000	292	6.15191	1.91609	1.41672
8000	293	3.31761	0.397828	0.847073
8000	294	1.79114	2.30159	0.626754
8000	295	5.30924	4.27726	1.25102
8000	296	4.29164	1.62382	3.67816
8000	297	4.29266	1.06116	2.98857
8000	298	4.41763	1.81836	6.07028
8000	299	18.0074	0.963224	0.965887
8000	300	6.05268	2.94844	0.0439019
8000	301	3.51953	2.09235	2.38427
8000	302	6.66332	0.524397	3.68385
8000	303	7.28468	1.91635	5.72877
8000	304	4.3683	2.57636	4.94032
8000	305	4.83364	4.77286	5.78084
8000	306	13.9063	3.84894	4.2448
8000	307	3.42393	3.96357	5.09167
8000	308	2.18632	1.42663	0.638793
8000	309	3.33392	2.25985	5.73291
8000	310	3.24431	2.40064	3.85019
8000	311	0.914	2.07856	5.17171
8000	312	3.16566	4.14394	3.5359
8000	313	14.0226	0.194555	6.17336
8000	314	2.31919	1.25305	4.95043
8000	315	2.2674	1.84277	1.64513
8000	316	13.3809	1.78609	3.97249
8000	317	4.71088	0.957783	0.933106
8000	318	4.56342	2.94273	5.80217
8000	319	2.45357	1.96336	0.530362
8000	320	6.67825	2.56897	3.40033
8000	321	4.2363	2.32035	4.19256
8000	322	3.74612	4.66031	6.01516
8000	323	5.34653	4.63079	4.14703
8000	324	10.305	1.39393	2.59944
8000	325	4.58342	4.78583	4.15876
8000	326	8.4789	0.30024	0.721748
8000	327	4.12042	4.96559	4.5719
8000	328	2.70049	4.0531	5.29509
8000	329	3.7106	2.76085	0.544427
8000	330	3.13931	1.00612	2.81192
8000	331	2.53586	3.02354	1.67072
8000	332	6.05563	2.82239	1.49613
8000	333	4.46798	1.20875	0.919291
8000	334	4.64594	2.71417	2.6822
8000	335	15.5136	1.98425	2.99214
8000	336	6.23477	4.74762	0.688413
8000	337	4.95602	4.48678	2.04493
8000	338	1.84492	0.168172	2.11972
8000	339	5.23899	2.8458	5.32096
8000	340	16.9469	1.84245	0.874472
8000	341	2.12794	1.71754	3.55442
8000	342	18.4008	4.9383	1.06746
8000	343	19.7474	0.500625	6.1577
8000	344	6.39561	3.53745	2.99513
8000	345	19.097	3.1183	2.99983
8000	346	4.08083	3.7445	2.00702
8000	347	14.9404	1.95159	3.56933
8000	348	5.27635	0.146826	0.243781
8000	349	4.57675	2.07504	2.79522
8000	350	3.01709	0.965849	2.87061
8000	351	2.93182	0.823967	5.7432
8000	352	5.91998	2.95462	0.471906
8000	353	1.11595	0.54809	2.98013
8000	354	6.50141	4.06253	2.86456
8000	355	3.01389	1.96352	4.56543
8000	356	2.71581	4.96697	2.28212
8000	357	9.95772	4.63702	0.857675
8000	358	3.3555	2.67687	3.02439
8000	359	2.97476	4.59663	2.40726
8000	360	2.2231	0.63354	5.5908
8000	361	6.47604	1.51369	1.48525
8000	362	9.17193	1.74736	0.62597
8000	363	4.00741	3.77821	4.541
8000	364	2.68496	0.436672	0.618496
8000	365	16.5421	4.10614	3.0702
8000	366	7.68915	4.73184	2.2877
8000	367	5.05075	3.62096	1.00611
8000	368	7.08433	2.50068	5.63145
8000	369	3.96566	4.0839	5.62399
8000	370	6.40477	1.51998	0.359832
8000	371	3.59353	4.07431	0.143674
8000	372	2.4587	0.275971	5.30405
8000	373	3.85399	0.446231	0.130378
8000	374	0.0318062	4.64681	4.55902
8000	375	5.45652	0.995067	3.9418
8000	376	1.51246	4.64177	0.586765
8000	377	5.10816	1.19591	2.72757
8000	378	4.0237	3.91974	0.173084
8000	379	2.39534	3.31314	1.50519
8000	380	1.31861	3.0438	3.2062
8000	381	5.15666	2.60941	1.90915
8000	382	2.59093	0.207268	1.33326
8000	383	14.1281	2.25708	2.62287
8000	384	5.08387	0.850832	5.21229
8000	385	8.0042	1.66385	2.50555
8000	386	4.27412	2.13154	4.97454
8000	387	2.13763	0.357225	5.56268
8000	388	3.81998	3.66108	0.685502
8000	389	4.38763	0.317245	6.00215
8000	390	7.01066	2.58217	2.43555
8000	391	3.03688	4.73157	2.86687
8000	392	6.02726	0.927671	4.14067
8000	393	4.96536	1.31668	1.28868
8000	394	4.74464	1.63464	1.31122
8000	395	2.9611	2.08182	5.655
8000	396	5.46021	2.22454	4.20888
8000	397	3.1561	3.50322	4.97252
8000	398	6.00805	1.90035	0.793003
8000	399	7.70849	4.75641	3.90571
8000	400	4.89361	1.28211	1.34016
8000	401	10.3813	2.4586	5.30883
8000	402	4.89833	4.28803	2.85808
8000	403	3.58429	3.03926	2.51207
8000	404	6.61474	1.9032	0.0283361
8000	405	5.36897	1.0596	5.3537
8000	406	2.3344	1.53846	2.79482
8000	407	4.11483	1.48535	0.68818
8000	408	3.0114	1.50469	2.60319
8000	409	5.53257	0.618043	3.9554
8000	410	6.73896	3.08017	3.32881
8000	411	5.8804	4.39181	5.94195
8000	412	10.4533	1.99998	0.961018
8000	413	3.51878	0.986513	3.15295
8000	414	4.636	0.356893	3.69764
8000	415	16.1627	1.62947	3.78071
8000	416	17.8156	4.01507	5.45538
8000	417	2.68778	1.22461	6.27411
8000	418	3.82705	4.92129	4.72776
8000	419	6.15246	2.13254	2.60663
8000	420	3.83442	1.41459	2.85207
8000	421	2.20763	3.64077	1.53489
8000	422	2.60001	1.7016	3.13076
8000	423	7.64889	3.28235	6.26355
8000	424	4.12989	4.38824	2.60965
8000	425	3.19271	1.7489	6.1223
8000	426	17.8636	1.85821	0.187986
8000	427	2.36198	4.65603	0.726192
8000	428	15.917	1.66517	3.29805
8000	429	4.11159	2.96717	5.77595
8000	430	7.65334	2.18062	1.09437
8000	431	2.9788	1.52397	5.58942
8000	432	3.98177	2.16315	0.867804
8000	433	6.16619	0.991545	0.968489
8000	434	3.21216	4.31773	2.1538
8000	435	4.44309	0.104711	6.03078
8000	436	8.39435	2.80402	5.07622
8000	437	2.0156	0.62451	2.15555
8000	438	2.31219	4.08319	6.00237
8000	439	1.28398	4.13312	5.51726
8000	440	9.69552	2.8286	1.87424
8000	441	2.4061	2.13295	0.445355
8000	442	4.36796	3.46389	3.19887
8000	443	3.56144	4.82428	2.52159
8000	444	5.28901	0.0032826	2.98151
8000	445	6.10005	3.37787	4.67132
8000	446	4.77556	0.931	4.90342
8000	447	6.49665	0.600395	3.34355
8000	448	1.95133	1.47675	1.19514
8000	449	3.48484	2.945	1.01845
8000	450	3.27148	3.72746	1.14282
8000	451	4.00563	0.690786	3.14556
8000	452	10.4406	4.05913	2.92306
8000	453	3.31	3.55979	2.98194
8000	454	5.65047	3.81809	0.71391
8000	455	2.98302	2.69861	3.85637
8000	456	4.06176	4.6844	6.04662
8000	457	2.64201	0.0155362	1.38671
8000	458	4.3227	0.775579	5.9817
8000	459	3.3018	0.5416	1.10338
8000	460	3.05317	3.5644	5.82626
8000	461	6.91023	3.0281	6.19438
8000	462	12.4577	3.3225	0.14148
8000	463	6.08947	2.13816	2.17244
8000	464	3.33129	4.10238	0.899514
8000	465	8.88199	0.860149	4.62551
8000	466	1.65021	3.26367	4.23183
8000	467	1.26928	3.05122	2.05306
8000	468	6.81351	0.299985	5.19115
8000	469	7.17361	3.48296	5.35875
8000	470	1.04313	1.87992	3.19969
8000	471	5.0785	4.83434	2.7557
8000	472	5.6444	2.29509	1.95674
8000	473	12.9825	4.33998	0.843389
8000	474	19.6038	0.73686	1.26957
8000	475	3.41369	0.0711451	5.21057
8000	476	2.42548	4.80752	5.40076
8000	477	3.18347	1.40233	5.99378
8000	478	13.4042	0.720594	5.35512
8000	479	3.6126	0.205583	5.01849
8000	480	3.17225	4.50389	3.84356
8000	481	15.3394	1.28292	1.38275
8000	482	2.36239	1.10012	1.43697
8000	483	5.1889	3.73993	3.39333
8000	484	5.4302	0.768044	3.19417
8000	485	1.76149	3.68934	0.0872635
8000	486	3.00925	3.00249	4.55468
8000	487	2.57074	2.92136	3.63528
8000	488	15.0242	1.82685	5.11549
8000	489	4.65305	0.178912	5.0659
8000	490	6.30571	2.89291	5.3964
8000	491	2.97197	2.3771	2.80535
8000	492	3.5547	2.7459	5.86333
8000	493	15.1126	4.4726	3.06824
8000	494	18.1483	4.02015	1.03362
8000	495	3.07511	0.247175	6.10113
8000	496	7.55268	0.769591	0.0936399
8000	497	4.43884	1.54391	0.68771
8000	498	4.71088	4.42202	0.677706
8000	499	4.30594	3.7459	4.76323
10000	0	3.07152	4.03116	6.22091
10000	1	3.03973	4.1385	6.17396
10000	2	1.04498	2.80943	6.04706
10000	3	5.93373	1.61735	0.559772
10000	4	5.21124	3.26992	5.91482
10000	5	7.29879	4.15537	3.0258
10000	6	6.0875	4.74222	1.34253
10000	7	5.66128	4.05394	0.062524
10000	8	5.64331	3.02721	2.841
10000	9	7.15945	3.86662	5.43456
10000	10	4.37057	2.8553	1.05665
10000	11	7.55423	1.51869	0.293329
10000	12	4.38345	1.09256	2.43107
10000	13	4.91506	3.9481	1.36035
10000	14	3.92936	0.958465	4.81194
10000	15	6.27181	2.56468	2.34179
10000	16	5.46195	2.4146	2.2531
10000	17	6.08408	2.11932	4.59361
10000	18	7.39151	0.719529	6.01666
10000	19	4.28444	1.57527	4.11592
10000	20	5.02231	0.594082	2.56391
10000	21	6.03518	4.49432	1.71824
10000	22	17.46	3.89065	2.45846
10000	23	2.42609	0.927457	5.15256
10000	24	2.21888	4.63077	6.13338
10000	25	4.15732	1.55241	6.21726
10000	26	5.4525	4.27772	1.46606
10000	27	2.34697	4.88694	5.67406
10000	28	5.21325	3.90825	5.22061
10000	29	14.6919	4.66677	2.45658
10000	30	3.85317	0.963967	2.06775
10000	31	2.09593	1.88404	4.82555
10000	32	2.33	3.67456	3.68808
10000	33	2.96469	3.36288	0.266103
10000	34	17.3556	0.680725	4.16912
10000	35	11.0132	3.58247	5.71033
10000	36	13.501	2.00085	6.13133
10000	37	6.43276	0.949263	2.11508
10000	38	0.0046	1.13044	5.3988
10000	39	6.45989	4.64545	5.14035
10000	40	0.773501	4.50415	4.04489
10000	41	19.2514	0.20206	1.41278
10000	42	6.50813	3.53819	3.76346
10000	43	3.86882	1.93101	1.32653
10000	44	2.55001	1.2304	0.431091
10000	45	2.69435	3.72901	3.81383
10000	46	16.4784	3.53091	5.69915
10000	47	5.01728	4.35843	3.40934
10000	48	16.045	2.45506	6.25255
10000	49	3.1362	0.220282	0.0339647
10000	50	5.3923	0.670881	2.24137
10000	51	17.0291	1.75371	0.720804
10000	52	3.4074	4.28445	2.86984
10000	53	6.34098	2.50273	2.43017
10000	54	5.00793	0.370135	0.493464
10000	55	5.76401	4.39857	4.69715
10000	56	2.24487	0.590991	4.99328
10000	57	3.51292	0.320288	1.30583
10000	58	11.1016	4.1982	4.44613
10000	59	3.32249	0.237027	1.45665
10000	60	11.5278	2.51479	0.788594
10000	61	4.06313	1.99425	4.80712
10000	62	19.8219	2.68429	2.50621
10000	63	3.63616	0.326319	1.65585
10000	64	6.42784	2.99995	5.69885
10000	65	12.7225	3.31828	2.24386
10000	66	9.34694	4.96271	4.86652
10000	67	7.06756	0.194943	0.378242
10000	68	13.7101	3.21325	4.57677
10000	69	5.24096	4.88463	4.45208
10000	70	3.49909	4.83246	6.15823
10000	71	2.72243	3.50886	1.21344
10000	72	8.53677	0.55338	2.89971
10000	73	6.31992	3.40344	3.92862
10000	74	4.1376	0.322052	0.594571
10000	75	6.46553	0.222763	6.00951
10000	76	3.32265	1.88797	1.53823
10000	77	17.7161	1.68836	0.952222
10000	78	5.52285	3.84795	2.97987
10000	79	5.0087	1.75209	4.54733
10000	80	4.14837	0.406278	4.64279
10000	81	0.835172	3.67652	3.81409
10000	82	4.71299	1.39426	6.00623
10000	83	1.91907	2.50292	5.06734
10000	84	4.07494	4.16352	4.14033
10000	85	4.07517	0.810706	4.35363
10000	86	3.37923	1.19311	2.90247
10000	87	5.73601	4.21839	3.45919
10000	88	5.72418	2.84782	5.10741
10000	89	17.2107	4.72201	1.75514
10000	90	1.98579	1.35575	4.16104
10000	91	2.37733	3.49666	1.24824
10000	92	5.11289	3.91771	1.89705
10000	93	8.01284	1.78522	2.83867
10000	94	5.36939	1.62324	5.343
10000	95	5.45913	2.03604	1.80031
10000	96	3.48876	1.38517	3.76217
10000	97	2.84635	0.929653	5.21004
10000	98	5.24334	4.72756	0.876208
10000	99	12.4081	2.20349	6.16891
10000	100	13.3817	1.299	2.04686
10000	101	8.95476	1.27587	1.91539
10000	102	3.93075	2.23797	2.42983
10000	103	2.29542	4.6963	6.17243
10000	104	6.66191	2.46112	5.7557
10000	105	2.08105	0.594297	0.34102
10000	106	18.7211	1.67029	2.70417
10000	107	2.23205	0.320355	4.17068
10000	108	3.48097	1.74778	3.45962
10000	109	7.69004	1.75387	4.21201
10000	110	4.59573	1.24726	1.67613
10000	111	3.1445	4.70475	3.49723
10000	112	2.09699	2.43498	0.0959364
10000	113	5.18952	2.70864	0.809909
10000	114	7.15983	1.42779	1.84882
10000	115	2.08573	3.55974	3.64284
10000	116	4.05338	2.42708	2.46418
10000	117	17.6125	4.06723	0.340052
10000	118	3.84641	4.6844	2.84714
10000	119	5.13578	4.39404	5.07774
10000	120	6.45647	1.84078	4.63513
10000	121	17.725	3.80951	5.25438
10000	122	5.51226	0.662008	3.61396
10000	123	3.91598	3.30105	4.69474
10000	124	3.7964	0.502528	5.6405
10000	125	5.1581	0.252074	2.81106
10000	126	4.07915	1.98204	1.6485
10000	127	6.78511	4.21804	0.823621
10000	128	5.02045	4.42138	0.597146
10000	129	5.6127	2.59952	2.00346
10000	130	11.2581	1.00113	0.0486133
10000	131	2.56735	0.280153	4.04275
10000	132	2.22028	0.772617	3.07317
10000	133	17.2719	3.52106	5.36413
10000	134	11.1558	0.917678	3.89722
10000	135	3.44738	0.312874	5.29716
10000	136	3.72755	3.68246	4.33076
10000	137	2.91939	1.68829	1.10332
10000	138	3.98854	2.47277	4.7128
10000	139	5.93489	3.57809	3.29236
10000	140	3.41883	1.09802	2.39023
10000	141	5.30584	0.685161	3.729
10000	142	5.59318	4.63983	4.49304
10000	143	3.42067	3.37967	0.957865
10000	144	4.9152	3.11004	5.06136
10000	145	1.34072	2.92733	1.42461
10000	146	2.15096	1.12475	3.58517
10000	147	2.97962	2.25947	4.81271
10000	148	5.42963	0.053061	2.05446
10000	149	5.2914	3.50601	3.71652
10000	150	5.29002	0.319294	0.174939
10000	151	8.90357	4.9966	0.528971
10000	152	3.40404	1.21379	4.3323
10000	153	3.75499	3.58013	0.82554
10000	154	5.57196	0.881089	4.39857
10000	155	3.6751	0.696948	4.50049
10000	156	1.65123	2.04831	1.75171
10000	157	6.04386	3.93758	1.03461
10000	158	3.11535	1.744	0.466857
10000	159	19.9226	0.66207	4.31347
10000	160	6.37878	1.50154	1.02046
10000	161	4.46577	4.85424	5.61436
10000	162	4.77021	0.746548	5.57178
10000	163	5.06844	2.00988	5.14949
10000	164	4.67542	2.97059	3.29742
10000	165	13.3755	1.93097	1.80701
10000	166	5.25818	3.57147	2.1025
10000	167	19.9822	2.99643	4.96782
10000	168	2.77957	0.0835181	3.86126
10000	169	3.20175	3.45699	2.75119
10000	170	6.03594	1.92238	2.47947
10000	171	2.01013	0.132705	0.882848
10000	172	2.34316	0.280833	5.57517
10000	173	0.999075	4.71225	4.00001
10000	174	2.9622	0.935913	1.46443
10000	175	4.21347	3.31643	0.972378
10000	176	8.54531	3.70939	0.0943568
10000	177	2.66778	3.21333	1.95922
10000	178	4.85103	4.67872	4.24038
10000	179	5.06755	2.85669	4.30847
10000	180	2.62684	0.209466	2.71116
10000	181	2.36479	4.11418	0.894407
10000	182	4.56287	3.51239	3.75018
10000	183	5.47873	0.449373	2.97574
10000	184	6.15547	4.85904	2.66183
10000	185	3.35582	1.29782	1.76694
10000	186	7.06225	1.12798	1.44587
10000	187	6.71942	2.34432	4.23205
10000	188	2.93887	4.47104	0.662486
10000	189	19.3245	3.89793	1.94021
10000	190	9.11983	0.720871	1.56189
10000	191	2.46895	4.89272	0.250112
10000	192	2.80033	0.259074	0.22441
10000	193	5.54039	2.81135	4.66773
10000	194	0.447849	3.59401	2.32489
10000	195	5.74526	0.135755	2.66484
10000	196	11.3057	2.76329	0.820555
10000	197	13.7044	4.21952	5.74329
10000	198	4.46115	2.10893	2.50647
10000	199	4.0027	3.76375	4.24928
10000	200	4.48324	3.65819	1.53135
10000	201	3.48174	1.55229	5.52608
10000	202	4.21042	1.03921	2.79086
10000	203	4.10622	4.50635	1.26725
10000	204	4.19363	0.217121	4.63766
10000	205	3.53531	2.69669	2.07425
10000	206	3.94697	4.24246	1.86763
10000	207	2.92194	2.08236	4.53237
10000	208	4.25948	1.79711	5.51331
10000	209	0.213895	2.39852	0.435176
10000	210	4.32485	0.879354	2.35674
10000	211	6.44144	0.898999	1.25472
10000	212	5.78148	0.981427	0.259183
10000	213	0.154033	4.53494	2.64196
10000	214	6.46618	0.536364	3.73695
10000	215	2.5525	3.73154	5.25627
10000	216	11.2639	4.78226	2.75596
10000	217	0.983258	0.136702	4.66052
10000	218	5.04674	0.0599171	5.88078
10000	219	3.01531	0.951896	1.99273
10000	220	2.85325	1.09265	0.862581
10000	221	6.01101	0.0280507	3.73741
10000	222	5.29661	3.03724	0.759797
10000	223	8.09633	2.28868	4.87476
10000	224	4.74567	1.54903	4.52366
10000	225	2.84761	1.53539	0.789772
10000	226	3.81081	2.13673	5.08644
10000	227	11.0105	1.35369	3.23497
10000	228	3.51897	4.11964	5.01563
10000	229	3.75425	1.57659	3.87393
10000	230	5.86823	4.97191	2.52048
10000	231	4.38755	2.38751	2.63497
10000	232	8.41248	1.7515	6.13262
10000	233	14.8528	0.0271831	6.13221
10000	234	4.98094	1.38809	4.40755
10000	235	9.35913	1.9173	0.886805
10000	236	2.92377	0.506925	4.6565
10000	237	5.34263	4.1536	1.10418
10000	238	2.74965	4.6965	3.35817
10000	239	4.32043	4.95119	4.78105
10000	240	8.01978	1.41583	0.923408
10000	241	6.974	1.53284	4.95463
10000	242	4.63688	3.79087	4.64207
10000	243	13.2545	3.6465	5.57701
10000	244	3.42436	4.45772	4.31219
10000	245	3.37714	3.26619	1.0681
10000	246	4.6177	4.42396	6.08431
10000	247	4.89967	4.50297	0.78192
10000	248	3.77087	1.13834	5.3736
10000	249	4.24594	4.85534	3.88148
10000	250	2.59316	1.25616	2.2095
10000	251	4.05712	2.8218	0.407328
10000	252	13.3608	4.08207	0.144043
10000	253	4.83041	1.31014	3.10119
10000	254	2.60634	2.28931	2.10196
10000	255	3.83865	0.902096	1.85135
10000	256	5.85195	2.7775	1.80465
10000	257	11.7155	1.61054	1.36017
10000	258	5.3578	1.40596	2.50099
10000	259	3.51601	4.73497	3.92662
10000	260	5.71471	4.19382	5.23491
10000	261	5.6312	4.44216	5.70591
10000	262	3.79959	4.92131	2.81501
10000	263	6.10957	1.17506	2.47775
10000	264	3.33328	4.04853	0.555203
10000	265	5.67774	1.39033	1.08066
10000	266	2.52086	2.53619	6.13172
10000	267	8.37274	1.04699	6.0153
10000	268	2.50336	0.679	5.16258
10000	269	6.65965	0.295365	1.04013
10000	270	3.10289	4.59615	0.765357
10000	271	3.02167	3.46586	3.64865
10000	272	4.14554	1.25418	3.0177
10000	273	5.83993	0.819657	4.35705
10000	274	4.10896	4.20973	2.83712
10000	275	16.2539	0.972168	2.42707
10000	276	19.2381	2.78291	3.36101
10000	277	5.66865	3.58398	4.09442
10000	278	11.0763	3.33418	2.82238
10000	279	3.57225	0.548244	5.49801
10000	280	4.62715	1.49274	3.208
10000	281	4.79145	3.23462	6.13632
10000	282	11.9299	4.84178	5.28798
10000	283	4.7301	1.20141	2.69102
10000	284	3.75301	4.21892	0.0366766
10000	285	3.93103	0.450587	1.32932
10000	286	9.68248	3.6774	2.83588
10000	287	2.97289	1.91322	5.88551
10000	288	3.0522	2.83666	5.08625
10000	289	12.3139	3.61796	2.36029
10000	290	2.20246	1.03895	4.76239
10000	291	5.74027	3.49118	3.16276
10000	292	2.64371	2.21358	1.49215
10000	293	2.28873	1.12835	5.34133
10000	294	2.78853	0.936485	0.789396
10000	295	6.81	0.662639	1.22231
10000	296	3.85124	4.61943	1.89664
10000	297	6.45231	0.0103013	0.318415
10000	298	6.12148	4.46101	6.17309
10000	299	2.28169	0.107228	0.511917
10000	300	4.65781	3.65607	3.20978
10000	301	4.23074	0.76388	3.88407
10000	302	4.08042	3.46589	6.06079
10000	303	5.69567	3.3462	1.76318
10000	304	2.44291	3.63487	4.65062
10000	305	0.424364	2.48749	4.73136
10000	306	5.298	1.47105	5.29653
10000	307	5.14344	2.28672	0.617954
10000	308	6.12557	1.29326	2.63266
10000	309	19.0604	2.84147	5.20021
10000	310	2.34587	4.48318	5.05856
10000	311	4.6954	2.4636	4.30495
10000	312	2.10033	1.58373	1.39766
10000	313	6.77569	2.82454	0.510441
10000	314	4.86836	2.38499	0.516736
10000	315	4.2113	4.63087	5.07741
10000	316	5.25217	0.584245	3.94125
10000	317	2.3727	0.788907	0.420128
10000	318	5.63716	2.36087	4.40589
10000	319	7.06342	2.17922	1.96423
10000	320	3.82375	4.13725	1.07203
10000	321	2.69286	0.0522714	2.03747
10000	322	4.11314	1.05845	0.673648
10000	323	3.35992	0.947845	5.28033
10000	324	2.10848	4.53871	6.06368
10000	325	17.9154	0.110054	0.131559
10000	326	8.71619	4.14557	1.00334
10000	327	1.55233	3.95199	5.88885
10000	328	19.7636	0.774923	2.77006
10000	329	6.76679	3.09727	2.16594
10000	330	4.46925	4.88008	2.10246
10000	331	4.5963	3.72056	3.01758
10000	332	5.34886	2.43189	3.30852
10000	333	6.32138	0.365498	1.5079
10000	334	8.93745	4.49555	2.75798
10000	335	5.1615	3.5631	2.51663
10000	336	1.30941	3.91493	2.3377
10000	337	2.06552	3.58044	0.494794
10000	338	4.29294	3.21588	0.113113
10000	339	8.70625	4.60943	4.35517
10000	340	5.39901	2.75074	3.06946
10000	341	5.94498	4.28816	2.81377
10000	342	3.0705	4.96388	0.552429
10000	343	3.18679	2.95751	1.15868
10000	344	2.31004	3.9775	5.03777
10000	345	4.58146	1.8877	2.20939
10000	346	4.9704	2.84264	3.34203
10000	347	4.74167	3.68415	5.02324
10000	348	4.12579	4.62126	5.77279
10000	349	4.81645	0.0160212	0.802368
10000	350	3.28689	2.80696	3.7228
10000	351	2.14202	3.03233	5.10449
10000	352	4.35491	2.99042	3.0902
10000	353	19.2763	1.64634	2.39524
10000	354	16.5076	1.42438	2.96003
10000	355	9.21765	3.85245	0.471444
10000	356	5.20783	4.32461	0.588037
10000	357	6.49775	3.89058	6.08879
10000	358	7.77885	3.53163	2.34819
10000	359	17.1963	0.985817	1.75411
10000	360	10.3711	4.70611	3.20717
10000	361	17.9049	1.67574	1.22114
10000	362	4.59898	2.45657	0.0701601
10000	363	7.5289	3.17607	5.1987
10000	364	10.8181	0.0828855	5.74445
10000	365	3.84342	3.25601	3.08868
10000	366	5.69269	1.53659	2.36282
10000	367	15.5035	1.88741	0.129214
10000	368	11.9984	4.82162	1.2558
10000	369	5.96703	1.32274	4.26605
10000	370	5.99846	3.95072	5.67479
10000	371	3.59886	2.867	3.91664
10000	372	4.75138	2.74656	5.0182
10000	373	4.0543	2.71547	3.00221
10000	374	3.62975	3.69859	1.94452
10000	375	4.91906	0.433248	2.3634
10000	376	4.80125	1.03906	1.30757
10000	377	6.92258	3.16305	3.19802
10000	378	5.11688	2.51284	2.82259
10000	379	2.30864	2.47234	2.88191
10000	380	17.4843	0.799942	1.40959
10000	381	2.72984	4.31802	4.99138
10000	382	7.13604	4.74214	5.01013
10000	383	3.23682	2.22561	3.49228
10000	384	4.15978	4.8732	4.63758
10000	385	3.105	1.63638	1.57999
10000	386	2.95975	0.413273	2.43306
10000	387	4.8048	0.459702	1.6634
10000	388	3.61768	2.32332	0.195478
10000	389	5.32878	2.74441	2.64323
10000	390	2.69237	0.189492	4.25952
10000	391	16.8274	4.52941	1.4143
10000	392	0.33441	1.51394	5.25875
10000	393	19.1065	3.83594	1.38698
10000	394	2.14131	4.74121	5.50982
10000	395	3.29569	4.78922	1.90454
10000	396	4.2554	1.77179	4.57106
10000	397	3.58274	0.740206	0.182227
10000	398	6.00815	0.983264	2.33297
10000	399	10.8439	2.3619	4.55421
10000	400	4.34026	1.72176	2.26486
10000	401	2.71944	1.8831	2.59289
10000	402	3.15314	1.98901	0.07283
10000	403	2.4545	4.82926	3.33233
10000	404	7.53391	2.29276	0.246562
10000	405	2.37611	4.57236	1.23302
10000	406	4.52367	2.99435	1.84061
10000	407	4.78119	3.11411	4.30018
10000	408	13.5514	0.948406	6.21736
10000	409	10.3995	2.34389	2.71285
10000	410	5.37568	3.39625	2.83864
10000	411	4.65567	4.8196	1.49711
10000	412	3.79653	3.45936	2.99302
10000	413	6.20668	4.96794	1.97552
10000	414	6.10909	1.31841	5.07242
10000	415	5.35042	1.04595	4.92474
10000	416	1.06474	3.24386	3.03113
10000	417	5.49569	2.22305	0.466198
10000	418	4.02002	1.39694	2.53201
10000	419	3.09048	3.59404	0.57082
10000	420	2.50877	2.715	1.08375
10000	421	15.2198	4.55429	5.37154
10000	422	3.62156	3.17002	6.00625
10000	423	7.70424	0.879824	5.24992
10000	424	1.86951	2.08197	0.592973
10000	425	4.60058	2.14027	4.88707
10000	426	7.25996	3.48423	0.0519996
10000	427	2.11622	1.72104	0.00176934
10000	428	4.19861	2.50742	1.01533
10000	429	7.36584	3.38863	5.48201
10000	430	2.27016	2.46995	0.735779
10000	431	3.52792	3.97051	0.0326922
10000	432	2.55703	2.93837	4.80876
10000	433	7.16794	2.29611	5.23771
10000	434	5.30071	3.12315	6.23639
10000	435	4.65293	1.20676	4.68716
10000	436	2.49959	3.54924	0.673407
10000	437	5.70604	1.96027	0.0583241
10000	438	6.22751	2.24483	1.29399
10000	439	2.70798	4.16123	5.43459
10000	440	3.12815	1.2827	3.28715
10000	441	3.79985	4.0109	0.898524
10000	442	5.41086	0.718673	4.7931
10000	443	4.60075	0.0038011	1.38426
10000	444	4.83925	2.50833	4.43009
10000	445	3.70502	3.22937	6.03975
10000	446	4.15903	2.17112	4.74966
10000	447	3.06891	0.576735	2.54267
10000	448	2.82705	3.02505	5.40008
10000	449	5.36656	1.32585	6.26517
10000	450	3.26596	4.8733	5.76824
10000	451	3.8176	4.29315	5.2532
10000	452	2.94115	3.77081	4.2916
10000	453	8.84864	3.21707	3.35951
10000	454	5.70865	3.15679	5.49214
10000	455	4.79094	0.145107	5.27413
10000	456	8.96886	2.9817	3.17404
10000	457	16.0891	3.16091	0.862188
10000	458	4.92124	2.02675	0.782879
10000	459	7.23024	2.22979	2.04585
10000	460	2.58847	1.70562	4.32331
10000	461	9.29988	1.62338	4.70809
10000	462	3.66279	4.48401	4.04558
10000	463	5.74887	0.905157	3.45117
10000	464	3.35397	2.62323	4.69938
10000	465	19.2975	2.36965	5.26244
10000	466	9.32495	2.66959	3.99639
10000	467	3.59932	2.45454	5.07536
10000	468	3.90389	1.89829	5.64308
10000	469	2.80079	4.30874	4.07052
10000	470	3.08085	2.99982	2.5066
10000	471	4.57833	0.517359	3.03867
10000	472	7.38519	4.99426	4.25458
10000	473	6.4597	2.46083	4.36761
10000	474	4.65036	4.10823	6.18003
10000	475	2.90021	2.76199	0.749717
10000	476	2.51608	3.96075	5.76348
10000	477	3.67041	1.69871	0.115312
10000	478	3.71063	2.03075	6.12497
10000	479	7.63986	4.77583	4.48866
10000	480	5.13351	1.69327	3.8764
10000	481	4.41493	2.80239	5.53919
10000	482	2.54543	4.94219	0.979573
10000	483	4.18816	3.18735	1.18723
10000	484	5.90864	2.46743	1.76736
10000	485	5.7866	0.476969	1.78619
10000	486	12.7561	3.5608	2.77113
10000	487	4.50237	0.487608	4.52466
10000	488	3.33268	4.18885	1.8146
10000	489	4.80496	2.09642	1.11377
10000	490	4.27016	4.41338	2.58919
10000	491	5.45515	0.161006	4.1591
10000	492	1.5612	0.939426	2.26445
10000	493	4.0325	0.521362	3.80912
10000	494	2.50739	4.27208	2.74598
10000	495	2.02857	2.40927	1.81449
10000	496	4.47508	3.4303	5.7977
10000	497	3.63136	0.449004	2.00779
10000	498	2.52119	1.99285	0.53642
10000	499	5.74948	2.01191	0.159467
12000	0	3.05802	3.15076	5.90258
12000	1	3.62758	4.82968	3.67953
12000	2	6.49921	2.00809	1.63359
12000	3	3.3541	4.73994	1.67279
12000	4	3.77088	0.956813	4.89482
12000	5	3.24769	3.12602	1.91564
12000	6	1.06755	2.46814	4.08779
12000	7	11.2287	2.26342	0.442935
12000	8	6.49533	1.11531	3.00119
12000	9	11.5453	4.08446	3.34384
12000	10	4.19973	0.933987	1.96989
12000	11	5.00373	1.87876	5.46995
12000	12	4.5692	3.05732	3.27616
12000	13	5.62055	0.891521	2.13337
12000	14	6.6348	4.46174	1.67136
12000	15	1.93155	3.74128	4.94251
12000	16	3.89703	4.16533	2.25723
12000	17	12.0816	0.51913	3.19457
12000	18	7.07037	2.81831	3.14133
12000	19	4.28507	1.53273	4.99842
12000	20	2.29366	2.12255	0.961491
12000	21	5.20012	3.03225	4.04744
12000	22	4.19721	4.39727	2.8162
12000	23	4.15744	2.60707	1.49562
12000	24	2.39058	0.474834	0.843786
12000	25	3.08332	4.21789	3.39532
12000	26	2.45655	0.845554	6.2773
12000	27	5.73204	1.29625	2.5367
12000	28	4.83507	0.572872	5.70972
12000	29	4.83986	3.92113	0.0796761
12000	30	7.20119	1.64626	5.34817
12000	31	4.17533	2.70145	3.78982
12000	32	3.64846	3.83042	1.26485
12000	33	4.06767	0.448834	3.36667
12000	34	15.3898	2.6292	2.75097
12000	35	3.44214	3.13417	1.61267
12000	36	4.09066	4.98523	4.04313
12000	37	2.29159	3.05153	6.08806
12000	38	4.41922	1.42541	2.37828
12000	39	4.59614	0.171493	2.19825
12000	40	5.41723	3.45075	2.47973
12000	41	1.23225	2.95566	3.88356
12000	42	5.29764	0.0973434	2.86505
12000	43	14.1164	3.00797	0.0721495
12000	44	4.27962	3.92768	0.297392
12000	45	2.82264	0.77494	0.906988
12000	46	2.54418	3.56504	0.321764
12000	47	5.04625	0.138027	3.52297
12000	48	5.63084	3.85026	0.850666
12000	49	1.89282	4.11418	0.757877
12000	50	2.53393	2.96562	5.51083
12000	51	5.54552	1.71792	0.808644
12000	52	5.27894	4.6031	1.91859
12000	53	5.4051	2.20384	3.23537
12000	54	3.62602	4.41836	1.76275
12000	55	3.86938	2.81851	0.867379
12000	56	5.51567	4.43176	4.19371
12000	57	2.38766	3.88761	5.56036
12000	58	8.13083	2.95738	3.57567
12000	59	8.19777	4.06015	3.47188
12000	60	6.50708	3.77557	0.508967
12000	61	5.04621	2.21481	3.53496
12000	62	3.17917	4.19035	5.00697
12000	63	2.99066	0.115027	4.0037
12000	64	16.73	1.85302	1.12941
12000	65	3.42594	4.74867	4.2521
12000	66	4.92048	3.60097	4.20031
12000	67	2.85461	4.14657	3.43567
12000	68	2.8772	4.37654	5.63864
12000	69	4.79411	4.4563	0.785602
12000	70	2.60514	2.64314	0.0577756
12000	71	5.41511	0.0800238	3.39686
12000	72	6.81665	1.58244	3.67921
12000	73	4.84479	2.44128	2.44742
12000	74	5.17518	1.45163	0.930149
12000	75	3.00527	3.10131	1.50216
12000	76	5.13043	0.987932	0.220292
12000	77	2.56098	0.641019	0.519409
12000	78	5.72957	3.79607	3.57712
12000	79	5.24221	3.77612	1.34936
12000	80	4.6643	2.33524	2.88864
12000	81	2.60743	1.46809	2.88854
12000	82	3.76235	2.71735	4.2491
12000	83	3.77246	4.09646	4.27512
12000	84	7.39474	4.24565	2.22201
12000	85	3.41149	2.84116	4.12482
12000	86	2.91413	4.83719	2.7717
12000	87	3.2523	1.22867	4.42708
12000	88	3.37572	3.14083	3.23779
12000	89	15.5493	0.110644	1.17715
12000	90	4.70194	0.898484	2.75666
12000	91	2.59901	4.66339	5.46904
12000	92	2.219	4.41589	6.11992
12000	93	2.22096	4.79658	5.3813
12000	94	16.1586	2.48096	0.432241
12000	95	6.36852	1.03149	5.01699
12000	96	3.91909	0.129479	3.05162
12000	97	5.52264	0.857698	3.03717
12000	98	3.24789	0.660008	1.98361
12000	99	5.5597	2.92823	3.445
12000	100	4.36795	4.19782	0.71082
12000	101	2.33925	3.08621	3.06602
12000	102	9.78971	4.62645	1.60833
12000	103	2.16855	4.58641	1.44468
12000	104	17.7039	1.2437	5.01937
12000	105	2.87744	1.06116	5.52879
12000	106	2.53816	4.00628	3.14635
12000	107	5.39399	0.274997	1.96924
12000	108	5.63096	4.65924	5.53981
12000	109	7.45917	1.39062	4.30375
12000	110	4.54231	2.60595	4.42879
12000	111	3.59694	1.36859	1.93393
12000	112	3.99366	3.541	4.79315
12000	113	3.99127	1.32809	3.88343
12000	114	5.75107	4.00872	0.794428
12000	115	3.93427	3.25508	2.14628
12000	116	10.9685	2.20826	2.24685
12000	117	4.25084	4.58067	3.32313
12000	118	4.94915	2.34169	3.81789
12000	119	3.53364	1.68454	1.34856
12000	120	10.0324	3.32529	2.59488
12000	121	4.7561	0.48271	0.156343
12000	122	9.28246	0.846019	4.17459
12000	123	4.39797	3.56487	6.07658
12000	124	7.78252	2.99776	5.53705
12000	125	10.2885	4.92655	1.03191
12000	126	4.1439	2.29947	2.09858
12000	127	4.26826	1.89016	4.57081
12000	128	4.20242	0.572735	2.52221
12000	129	3.79983	0.436073	2.76982
12000	130	2.74143	3.12375	4.16553
12000	131	13.4978	3.56988	4.79073
12000	132	4.56399	3.56979	3.98979
12000	133	3.97087	0.957304	0.306087
12000	134	13.5935	2.73167	4.69601
12000	135	3.19736	1.29615	2.2721
12000	136	2.13067	2.21615	4.8175
12000	137	4.62146	2.60074	2.76514
12000	138	5.37315	3.85295	4.0287
12000	139	4.86556	1.83839	0.64856
12000	140	2.14964	1.37324	3.1487
12000	141	6.13014	2.94907	1.05986
12000	142	5.8263	4.04755	2.90515
12000	143	17.4844	3.73206	1.28035
12000	144	4.13645	3.36947	0.577243
12000	145	4.38644	0.0909653	3.00054
12000	146	3.08847	4.34562	0.682983
12000	147	4.438	1.74915	5.64605
12000	148	6.62011	3.09266	1.73264
12000	149	5.15488	1.06697	3.0971
12000	150	6.18252	0.933381	2.27855
12000	151	2.792	3.55707	2.71526
12000	152	4.70467	1.14241	2.07604
12000	153	3.14062	3.4844	4.46621
12000	154	2.93527	3.46359	4.99952
12000	155	4.458	0.977137	0.0896613
12000	156	5.74717	2.09661	0.524461
12000	157	3.27141	4.79255	4.46406
12000	158	2.64388	1.332	5.78106
12000	159	5.85734	0.583077	0.154701
12000	160	4.70637	0.644989	1.68563
12000	161	3.58619	2.34975	0.931262
12000	162	2.98726	2.62257	4.32671
12000	163	2.77084	0.560891	0.180041
12000	164	11.1893	0.547427	3.16706
12000	165	8.32334	0.271627	0.234497
12000	166	2.85606	3.0583	6.12944
12000	167	2.5271	4.41618	0.699326
12000	168	6.08313	3.34382	1.82179
12000	169	2.24278	3.39729	3.48506
12000	170	3.25753	3.38885	1.61671
12000	171	5.31993	1.85338	5.60114
12000	172	3.19163	3.21942	5.02827
12000	173	0.932643	2.6094	3.00421
12000	174	4.31959	2.44125	2.27422
12000	175	6.23354	1.23682	3.69657
12000	176	3.69094	4.88094	0.598493
12000	177	4.08735	1.89519	3.92388
12000	178	14.0816	4.14739	4.05026
12000	179	4.9863	3.98116	4.83116
12000	180	6.36241	0.602638	1.92081
12000	181	5.35282	4.07674	5.86704
12000	182	3.77627	3.38181	1.04224
12000	183	19.2682	4.63175	1.49538
12000	184	4.78242	3.5471	0.575248
12000	185	6.63891	2.13309	3.97161
12000	186	0.640617	2.43892	0.0199419
12000	187	4.84715	0.0519356	1.11276
12000	188	3.42972	2.53445	1.24829
12000	189	7.90766	3.02094	0.653019
12000	190	4.71585	1.31948	5.79032
12000	191	4.75776	2.22098	6.27963
12000	192	4.98842	4.78691	2.0682
12000	193	3.09779	4.99929	5.00538
12000	194	4.12341	2.08597	0.862439
12000	195	4.41172	4.98102	0.783245
12000	196	3.77369	2.79103	1.82766
12000	197	6.6508	1.09398	1.83564
12000	198	4.8764	4.30669	1.39811
12000	199	3.04	2.0916	5.3661
12000	200	9.79728	0.0862488	5.41588
12000	201	3.9494	1.76409	1.31105
12000	202	17.4115	1.0325	1.18551
12000	203	2.31037	2.55126	0.436244
12000	204	17.0776	3.74418	0.835922
12000	205	11.4746	2.16989	1.24697
12000	206	3.58123	4.51859	3.05397
12000	207	6.85994	2.09024	1.30263
12000	208	5.92457	2.5585	0.385517
12000	209	2.54864	3.72952	5.03989
12000	210	3.22546	3.65904	3.9485
12000	211	12.0874	2.67388	3.01817
12000	212	5.97488	2.47229	2.01408
12000	213	4.17716	3.91898	5.46171
12000	214	4.70117	4.30304	5.18402
12000	215	4.58477	4.95577	1.19986
12000	216	8.16158	1.92843	1.14638
12000	217	6.94294	1.41456	3.1525
12000	218	3.27076	3.70718	5.69547
12000	219	6.4647	4.46633	1.46685
12000	220	2.97534	3.53391	2.97713
12000	221	17.0219	2.82077	1.75717
12000	222	5.38985	1.97855	3.60801
12000	223	3.33527	3.94841	1.05399
12000	224	5.89692	1.80632	1.06881
12000	225	4.73866	2.32002	1.33401
12000	226	2.16418	4.64597	3.26397
12000	227	5.8226	0.361305	2.04858
12000	228	3.52878	1.23944	4.55027
12000	229	2.95117	2.70513	2.03735
12000	230	10.2768	2.19244	2.47145
12000	231	6.36579	0.337878	5.80501
12000	232	5.72405	0.430055	0.231721
12000	233	2.37497	0.871148	6.23104
12000	234	8.96662	2.17233	0.366369
12000	235	18.3627	2.94686	4.34656
12000	236	3.66355	0.585118	4.09126
12000	237	6.75834	1.78284	4.80842
12000	238	2.84014	2.47236	2.41465
12000	239	2.42224	4.72399	5.3281
12000	240	3.18493	0.139953	1.03998
12000	241	3.3925	4.45528	2.67355
12000	242	0.0947195	4.89382	1.53242
12000	243	1.79027	1.37002	0.164968
12000	244	6.56014	2.77164	1.96954
12000	245	3.02224	1.35841	2.94732
12000	246	3.38176	1.56555	4.25655
12000	247	5.34316	2.27809	0.244517
12000	248	8.41231	3.76055	4.55967
12000	249	5.36552	1.67237	2.07581
12000	250	2.28005	3.88553	5.36757
12000	251	8.11716	3.98208	3.24367
12000	252	2.74263	2.48115	4.67288
12000	253	4.87043	1.46488	2.40058
12000	254	1.79442	2.47205	3.74164
12000	255	4.03202	0.53309	5.90414
12000	256	6.9488	1.88816	3.26059
12000	257	4.79269	2.35984	5.18779
12000	258	16.232	4.7394	3.19671
12000	259	3.68066	3.84225	2.55467
12000	260	16.9837	1.68564	4.75537
12000	261	3.66604	1.71094	0.144324
12000	262	7.09979	4.17218	1.13359
12000	263	2.11934	4.21288	3.53981
12000	264	6.26776	3.67986	3.28103
12000	265	1.24002	1.54925	3.98773
12000	266	2.29392	0.227145	4.45361
12000	267	2.66544	4.19795	4.50089
12000	268	5.30438	2.08958	2.57862
12000	269	3.10502	0.967547	0.967552
12000	270	2.51976	0.521939	5.04333
12000	271	2.29168	0.400749	5.39534
12000	272	3.69308	1.9744	4.86108
12000	273	2.39293	4.29891	5.47253
12000	274	3.45061	0.909263	6.14138
12000	275	2.61877	3.51706	5.34796
12000	276	1.56963	0.020363	1.70854
12000	277	2.4059	0.252057	4.52297
12000	278	4.5622	0.655884	4.86362
12000	279	3.49486	4.21694	5.77479
12000	280	3.82664	0.876838	2.76146
12000	281	12.6969	1.82745	1.24724
12000	282	2.73896	3.78349	5.33027
12000	283	2.76895	1.50453	2.12386
12000	284	10.6127	2.07785	4.79272
12000	285	3.83173	3.27124	3.60809
12000	286	2.3511	2.04055	1.4588
12000	287	3.6134	1.02515	4.14031
12000	288	4.08932	1.59821	2.55427
12000	289	4.74472	3.81252	3.93311
12000	290	2.2522	3.04444	0.62849
12000	291	4.72096	2.00371	1.56117
12000	292	3.01304	0.437791	1.56856
12000	293	3.68289	1.73903	4.54507
12000	294	2.40156	1.4505	3.89835
12000	295	2.39968	1.75879	6.01383
12000	296	3.40785	0.325551	4.33563
12000	297	1.30787	3.22569	4.71495
12000	298	3.82565	3.59567	1.10111
12000	299	14.6921	1.40953	3.02562
12000	300	3.94312	1.61062	2.02337
12000	301	2.52002	2.6017	2.3629
12000	302	6.11528	2.52993	5.81597
12000	303	2.24409	3.78084	0.8393
12000	304	18.4078	4.72899	4.94693
12000	305	3.5518	2.73017	1.6135
12000	306	4.98046	3.7368	1.16028
12000	307	6.13021	4.76157	1.22728
12000	308	5.14189	2.76018	5.67436
12000	309	5.44015	3.46161	4.56197
12000	310	6.0486	1.19171	0.7957
12000	311	2.38569	0.097448	0.345744
12000	312	9.38885	1.47983	4.18518
12000	313	4.00728	0.327181	1.48095
12000	314	5.46136	1.12266	4.79797
12000	315	3.20208	1.15281	2.02153
12000	316	2.85021	3.70452	0.00568816
12000	317	5.36581	2.37678	4.46009
12000	318	2.52801	2.25385	0.802075
12000	319	2.70724	1.05549	2.80558
12000	320	3.47536	0.222869	6.18209
12000	321	3.51158	3.96585	4.91738
12000	322	14.2126	2.88763	4.72678
12000	323	5.37196	0.529824	4.67396
12000	324	4.94323	0.237183	3.32944
12000	325	2.81576	2.215	0.549685
12000	326	3.2644	3.1506	0.572894
12000	327	2.04171	1.43953	4.89306
12000	328	18.8269	1.24019	5.94226
12000	329	8.89688	4.79697	6.26425
12000	330	4.62798	3.67138	5.78398
12000	331	4.52491	4.56299	4.18201
12000	332	6.60611	0.0929697	1.16399
12000	333	3.46454	1.90658	3.18959
12000	334	1.38865	1.1575	1.33453
12000	335	1.96516	2.69642	1.3856
12000	336	2.05481	3.22212	4.87841
12000	337	6.53143	1.39292	5.44503
12000	338	5.20684	1.26038	1.82984
12000	339	7.2589	3.77965	1.82453
12000	340	2.00489	3.19203	0.643669
12000	341	7.82154	4.66779	4.89502
12000	342	11.8908	2.08183	2.18145
12000	343	2.76861	4.79602	3.03738
12000	344	0.703467	2.88753	4.8089
12000	345	18.6831	2.31808	1.61525
12000	346	3.82317	4.45155	3.47604
12000	347	4.95601	1.86191	3.0785
12000	348	6.65694	4.9104	4.45971
12000	349	14.999	4.0034	4.25932
12000	350	3.93824	2.80726	2.32728
12000	351	3.60303	2.04029	1.37707
12000	352	16.3423	3.54632	5.31182
12000	353	11.5219	1.08763	1.04324
12000	354	5.45942	3.04782	0.383393
12000	355	19.3817	4.31074	2.0303
12000	356	4.672	2.88714	0.330648
12000	357	7.39685	2.5386	1.73001
12000	358	4.58714	1.56945	3.93551
12000	359	6.09212	0.361745	0.746808
12000	360	4.75969	3.68654	3.05766
12000	361	4.40745	2.20766	1.90792
12000	362	1.79556	3.1599	5.28895
12000	363	4.68549	1.48987	0.165508
12000	364	14.6971	2.0102	4.86838
12000	365	2.05744	4.44737	0.930066
12000	366	5.90411	2.07964	0.156401
12000	367	7.67498	3.32469	4.76875
12000	368	6.21588	4.45877	4.52211
12000	369	2.05656	4.05298	0.96868
12000	370	3.41258	2.34108	0.953091
12000	371	1.84761	0.182912	2.5565
12000	372	5.43735	2.488	4.00896
12000	373	2.86681	2.40846	4.15637
12000	374	17.8041	4.20833	2.53428
12000	375	3.92653	2.18127	3.21957
12000	376	3.32841	0.815144	5.79337
12000	377	4.80826	3.29639	4.58345
12000	378	10.2753	0.685652	5.49087
12000	379	3.76441	0.661991	0.532955
12000	380	2.79069	1.25122	5.70988
12000	381	10.0286	1.19387	1.56849
12000	382	4.2624	4.19276	4.01313
12000	383	4.81636	0.253791	3.78656
12000	384	3.09814	4.79267	2.82327
12000	385	8.50971	3.72803	0.0554404
12000	386	3.45607	3.51257	6.07186
12000	387	4.49286	2.73131	0.167927
12000	388	4.13261	4.90221	3.46477
12000	389	5.64324	2.3904	3.13183
12000	390	5.22097	2.00574	1.98118
12000	391	5.44344	1.63051	2.90865
12000	392	4.40671	2.77517	4.69892
12000	393	2.75599	4.76346	4.88002
12000	394	6.9525	0.877871	4.14215
12000	395	16.124	4.86299	6.20109
12000	396	17.9828	3.68863	4.52184
12000	397	3.73609	4.07484	1.42865
12000	398	4.57914	0.958034	4.40051
12000	399	5.95627	2.65047	4.01834
12000	400	3.32019	1.71944	0.116948
12000	401	5.90765	1.3184	4.01501
12000	402	6.21259	0.575887	0.132575
12000	403	15.3618	4.37058	3.45697
12000	404	1.34275	1.536	2.34627
12000	405	4.85976	3.01532	1.88903
12000	406	11.2269	4.71743	3.62397
12000	407	3.57625	1.13999	5.33228
12000	408	3.81266	1.22196	3.16375
12000	409	4.29883	4.53479	5.64685
12000	410	1.93171	0.825296	3.365
12000	411	4.38989	0.655411	3.36614
12000	412	4.28019	0.379918	5.91854
12000	413	3.63281	0.12104	5.69245
12000	414	4.57379	0.897054	1.99012
12000	415	2.86267	2.78318	1.02246
12000	416	3.98653	4.91624	4.47356
12000	417	5.81147	1.31036	2.34973
12000	418	2.60986	4.67501	4.88048
12000	419	5.66982	3.85204	3.71638
12000	420	5.5344	3.41768	0.0979147
12000	421	3.85183	1.0713	2.5928
12000	422	14.712	2.05638	5.80037
12000	423	3.14918	0.315545	0.245648
12000	424	3.36344	0.998227	2.17742
12000	425	4.47871	1.5443	4.33395
12000	426	4.55889	3.01073	2.53523
12000	427	6.70057	0.111174	3.67124
12000	428	4.16011	4.36784	0.724174
12000	429	3.06441	2.39724	3.0982
12000	430	1.73909	0.526434	4.66756
12000	431	5.49628	3.12469	1.63144
12000	432	5.52179	3.47796	2.5079
12000	433	18.0006	1.89111	5.44646
12000	434	4.91204	4.71264	2.50198
12000	435	6.84091	3.73036	0.921253
12000	436	16.7679	2.58656	2.96354
12000	437	3.4083	2.65205	4.91125
12000	438	2.72258	1.10951	6.032
12000	439	2.08661	3.91577	4.86945
12000	440	5.57236	4.55723	3.04063
12000	441	2.85543	1.61063	3.80635
12000	442	5.32224	3.27337	0.921052
12000	443	2.90442	2.05882	2.1376
12000	444	2.54067	3.22902	2.67898
12000	445	14.6021	2.25698	5.38214
12000	446	4.93296	2.74361	3.65091
12000	447	18.3481	4.57333	1.90063
12000	448	2.22812	2.70607	4.27168
12000	449	11.2717	3.34112	4.59025
12000	450	15.1938	0.848441	4.68562
12000	451	2.44073	3.52728	4.80184
12000	452	3.48017	3.86127	6.00636
12000	453	18.7133	2.55281	3.10499
12000	454	6.09151	4.54404	2.13079
12000	455	5.54507	4.13125	1.41223
12000	456	18.7629	3.82347	0.101205
12000	457	8.09525	4.13405	0.120515
12000	458	4.95752	2.59076	2.5504
12000	459	5.46287	0.876406	2.62623
12000	460	17.6506	3.97036	2.75488
12000	461	2.38258	1.41936	0.149118
12000	462	8.72937	3.58722	1.28339
12000	463	6.45348	4.63173	5.68536
12000	464	5.01395	4.37405	5.03793
12000	465	16.1028	0.421706	5.18938
12000	466	5.07303	2.87365	5.62338
12000	467	7.19691	2.27251	3.06107
12000	468	1.91075	0.991676	0.612096
12000	469	3.69441	2.23738	5.77333
12000	470	2.98329	1.44402	1.67848
12000	471	2.91851	3.83397	4.17048
12000	472	2.65552	4.57799	4.06688
12000	473	2.08208	0.725114	5.23171
12000	474	4.02275	2.92161	3.876
12000	475	4.29935	3.86901	6.08793
12000	476	4.01647	3.63349	1.58357
12000	477	4.6964	3.25754	3.76158
12000	478	2.95258	0.447801	2.55611
12000	479	4.17497	3.28329	4.31749
12000	480	2.58137	2.08807	6.05325
12000	481	1.99543	3.08215	5.28703
12000	482	2.2576	1.54365	5.89671
12000	483	3.66519	2.54503	4.93673
12000	484	4.81272	4.36654	1.73827
12000	485	3.24034	2.16051	5.4358
12000	486	3.39809	0.754119	1.37283
12000	487	5.13789	1.45759	4.74916
12000	488	5.10217	1.45349	1.94477
12000	489	4.10629	3.98728	0.257268
12000	490	2.94847	1.70891	5.50128
12000	491	8.10103	3.1319	3.82354
12000	492	3.49166	0.0855389	3.03036
12000	493	2.84731	2.27623	0.561715
12000	494	4.30179	3.01057	4.41971
12000	495	3.79849	4.27954	4.8123
12000	496	9.2145	3.15252	2.42236
12000	497	6.15657	4.0024	2.75186
12000	498	5.39094	4.50444	4.73975
12000	499	5.88263	0.907868	5.22573
14000	0	2.91323	2.93222	3.5026
14000	1	5.71519	1.72935	4.48457
14000	2	3.0601	3.4647	4.30525
14000	3	19.0223	4.27637	2.28886
14000	4	4.41557	4.94977	4.21636
14000	5	6.13656	3.01336	1.44949
14000	6	18.4411	2.35638	1.98489
14000	7	3.26265	3.68919	2.71319
14000	8	5.82143	3.8901	4.63283
14000	9	4.16462	4.14047	2.89863
14000	10	5.68182	2.72574	3.77949
14000	11	3.45892	0.961659	3.63521
14000	12	6.3454	4.62073	4.03469
14000	13	2.50867	3.95288	0.00268189
14000	14	5.64303	2.20709	3.55657
14000	15	4.60441	3.86005	3.96828
14000	16	2.18547	1.44316	5.67093
14000	17	5.04507	4.82265	4.29109
14000	18	2.8005	2.18931	3.18229
14000	19	3.32475	2.96211	2.07291
14000	20	5.36812	0.776486	1.01448
14000	21	1.0627	1.09508	0.733522
14000	22	3.31937	1.71661	1.23583
14000	23	3.62211	3.77294	4.26026
14000	24	6.21517	1.52141	5.04261
14000	25	2.42792	0.0373765	6.27013
14000	26	1.75247	2.2435	1.31598
14000	27	2.59976	3.44533	0.594943
14000	28	14.5181	0.270994	1.06619
14000	29	5.80968	3.68129	1.08019
14000	30	5.32404	0.448142	1.52463
14000	31	4.81029	1.36946	4.17093
14000	32	2.03486	2.07939	0.870426
14000	33	3.76277	2.34734	1.39057
14000	34	3.93934	4.92942	1.54482
14000	35	1.89489	1.90402	4.8794
14000	36	2.62429	3.03514	5.37265
14000	37	9.60648	2.16881	0.494264
14000	38	3.67921	2.54303	4.57422
14000	39	2.11972	0.951216	2.59235
14000	40	3.06702	2.37513	6.09971
14000	41	4.37171	1.97526	3.66373
14000	42	4.70701	0.0888097	0.877513
14000	43	5.71265	4.7809	6.11736
14000	44	3.38665	1.81328	6.06742
14000	45	12.5632	2.3533	1.04804
14000	46	2.09727	0.33503	1.63587
14000	47	2.3927	1.54865	1.47767
14000	48	5.3639	2.12498	5.00075
14000	49	5.68398	3.45638	1.979
14000	50	4.00845	4.12378	4.82575
14000	51	6.01476	1.01313	1.1891
14000	52	1.15727	3.08434	6.11679
14000	53	8.44643	3.21818	5.20332
14000	54	4.49179	2.71858	3.76244
14000	55	2.47114	2.10728	2.72713
14000	56	7.39684	0.24856	1.43992
14000	57	16.261	1.84453	5.4363
14000	58	6.31958	0.0955534	1.08838
14000	59	3.95707	0.157871	1.00917
14000	60	2.88463	4.28276	0.520781
14000	61	3.0106	3.52809	0.41337
14000	62	6.45812	3.09693	0.0432614
14000	63	4.49806	2.42917	3.53351
14000	64	6.59034	4.18167	1.7654
14000	65	5.63737	4.43348	4.33745
14000	66	2.5065	3.77215	3.56319
14000	67	15.7365	4.95048	4.0742
14000	68	6.12218	4.02992	0.28143
14000	69	19.9454	2.5663	1.75958
14000	70	3.02132	4.89657	3.49247
14000	71	2.64994	0.880616	2.49218
14000	72	3.06088	4.89222	0.244831
14000	73	1.93592	4.4697	0.440732
14000	74	19.4215	4.37534	0.604869
14000	75	4.10188	0.393301	5.85471
14000	76	3.48953	2.21989	5.3603
14000	77	4.55366	3.18953	3.80935
14000	78	7.07603	1.62964	2.17246
14000	79	0.650924	0.0980678	5.21736
14000	80	1.97686	3.40853	0.0392581
14000	81	4.24971	4.84564	2.22783
14000	82	4.6897	0.322871	0.829432
14000	83	2.80657	1.2718	1.90708
14000	84	6.1065	2.81321	3.10913
14000	85	16.1769	4.16894	3.06263
14000	86	5.22848	0.32894	3.17834
14000	87	1.54815	4.74368	4.23742
14000	88	2.49866	4.47165	0.0505541
14000	89	3.76843	1.8022	1.8202
14000	90	0.892327	4.068	4.73051
14000	91	1.97	0.214538	1.3395
14000	92	4.17695	3.89756	1.4403
14000	93	6.24624	1.67259	2.79045
14000	94	11.8702	0.707839	0.732019
14000	95	5.30252	1.62026	5.83586
14000	96	11.0513	1.05318	0.711322
14000	97	3.46906	2.09555	1.49026
14000	98	9.5985	2.68117	2.7265
14000	99	5.60461	0.555821	3.95564
14000	100	2.86545	3.98666	3.56807
14000	101	4.73612	3.25233	3.64103
14000	102	2.78059	4.70087	4.82438
14000	103	2.79551	2.62715	5.85838
14000	104	2.99722	2.4885	2.66924
14000	105	3.57024	4.35515	2.40893
14000	106	5.58805	2.8612	1.61491
14000	107	2.32964	1.47408	0.431236
14000	108	3.12731	3.30939	5.65335
14000	109	17.1513	0.308599	5.01264
14000	110	6.26744	4.78563	2.66566
14000	111	3.28602	3.75229	4.31967
14000	112	6.00048	1.54057	6.21586
14000	113	5.43019	0.993105	4.69238
14000	114	5.7182	4.71349	3.32709
14000	115	6.15517	1.10722	4.38979
14000	116	3.28385	3.30344	5.88434
14000	117	4.05697	2.18799	3.38195
14000	118	2.9757	2.38974	4.53453
14000	119	14.0843	0.506663	2.99417
14000	120	2.44455	3.30987	1.3438
14000	121	3.19373	3.49483	2.84761
14000	122	2.54871	1.55361	3.97791
14000	123	11.5357	1.60095	3.17549
14000	124	4.78425	3.69575	5.76084
14000	125	5.90447	3.19805	3.8911
14000	126	19.3599	0.0811617	5.34444
14000	127	2.67202	4.23733	3.20706
14000	128	1.19363	4.96741	5.36251
14000	129	4.76372	2.276	0.993517
14000	130	5.54109	1.6594	4.97702
14000	131	8.35734	0.379076	0.842341
14000	132	4.45207	2.10738	5.18383
14000	133	6.6279	1.18593	4.66014
14000	134	13.6418	4.31986	1.60967
14000	135	4.1991	2.17591	2.49251
14000	136	4.55825	1.39795	3.05884
14000	137	12.3063	0.27043	1.65993
14000	138	2.22466	1.37446	0.717124
14000	139	3.01296	1.80885	1.87655
14000	140	6.10666	4.64791	1.02724
14000	141	6.87943	0.740463	5.8523
14000	142	5.29028	3.66542	0.563405
14000	143	4.81644	0.930674	0.747513
14000	144	5.19468	2.66271	1.08818
14000	145	3.58351	1.17162	3.41941
14000	146	2.732	0.672485	2.21417
14000	147	3.40931	0.187626	5.13669
14000	148	5.2283	1.52591	6.115
14000	149	2.53435	2.1634	2.97074
14000	150	4.34303	3.87691	4.55762
14000	151	2.90828	3.53324	2.63851
14000	152	5.2072	3.1084	5.32167
14000	153	3.57285	2.78458	3.75305
14000	154	0.697962	2.16794	4.14985
14000	155	5.1546	0.393275	5.53712
14000	156	1.63021	2.01727	3.01475
14000	157	2.76282	1.50141	2.21692
14000	158	6.47682	2.25043	5.32288
14000	159	19.9198	2.82513	3.66999
14000	160	1.91215	0.325433	4.50275
14000	161	3.65011	4.13602	6.01934
14000	162	3.31327	4.46201	0.886182
14000	163	2.18826	3.1347	0.937877
14000	164	9.17043	1.21128	2.0851
14000	165	2.1625	0.326943	1.47935
14000	166	3.46168	1.53311	4.72575
14000	167	3.13422	3.96044	3.56606
14000	168	2.936	1.50521	2.39589
14000	169	8.39932	2.87358	3.96185
14000	170	4.24988	3.95171	6.06335
14000	171	6.51925	1.17111	1.51964
14000	172	2.89478	1.52573	5.60746
14000	173	3.63117	4.52394	3.59234
14000	174	1.27914	0.888967	1.89659
14000	175	3.45204	4.71971	0.387437
14000	176	6.314	1.23382	0.431129
14000	177	17.9251	2.84552	6.00043
14000	178	16.1009	0.585902	5.16603
14000	179	5.37819	3.04579	0.597604
14000	180	4.2258	3.42581	0.306908
14000	181	7.8791	1.42624	1.70281
14000	182	9.21535	2.09014	0.437388
14000	183	7.03336	4.08163	1.67987
14000	184	3.57175	4.73076	1.60604
14000	185	5.5414	0.38162	3.49021
14000	186	2.95115	0.695564	2.23289
14000	187	3.28015	0.429292	3.38509
14000	188	6.53794	2.43631	3.67956
14000	189	19.2867	4.31391	1.7292
14000	190	6.07911	0.621883	4.54262
14000	191	5.03185	4.48833	4.70867
14000	192	8.71486	4.85899	4.4211
14000	193	4.63961	3.79439	0.628436
14000	194	2.43417	4.87733	0.960428
14000	195	14.7857	3.57572	2.7152
14000	196	8.21783	1.04966	2.20613
14000	197	5.34697	2.23034	5.43235
14000	198	2.48576	4.95196	0.135671
14000	199	4.81013	4.18015	3.42607
14000	200	3.72977	1.0269	1.7115
14000	201	8.50178	3.41676	3.88551
14000	202	0.229698	2.16911	4.34949
14000	203	7.78468	1.99137	1.82393
14000	204	7.40386	1.66329	2.63899
14000	205	2.16286	2.86517	4.6615
14000	206	4.40369	1.55953	5.5573
14000	207	6.7286	4.4502	1.50573
14000	208	2.51628	2.52743	2.3838
14000	209	2.15744	4.40219	4.01812
14000	210	4.96375	4.64889	4.47896
14000	211	4.84127	4.58377	3.79891
14000	212	7.62947	3.42984	4.69308
14000	213	5.62257	3.97956	0.230959
14000	214	5.20505	3.54707	4.02184
14000	215	6.29096	1.09349	2.02366
14000	216	3.10578	1.11234	5.47027
14000	217	9.73762	2.343	2.60442
14000	218	5.79266	2.98591	3.94179
14000	219	5.98165	4.85515	5.02581
14000	220	3.02406	4.99659	1.84709
14000	221	2.31502	3.077	4.87904
14000	222	4.14891	2.69344	3.4773
14000	223	3.1436	0.517544	1.39142
14000	224	7.1218	1.53494	3.67516
14000	225	5.0787	3.87511	1.10852
14000	226	4.77376	2.05229	3.35258
14000	227	5.13814	1.89883	0.238669
14000	228	15.967	2.68932	2.89794
14000	229	4.19949	3.3675	4.16656
14000	230	4.87135	1.64227	5.42261
14000	231	4.21579	0.564049	1.99556
14000	232	11.4168	3.38469	0.126516
14000	233	15.7379	1.35144	5.21486
14000	234	3.8732	2.31769	3.6275
14000	235	3.71778	3.66393	3.80541
14000	236	2.7288	0.121476	4.44348
14000	237	10.1447	0.00194373	4.0354
14000	238	2.51191	1.19333	0.580333
14000	239	8.11577	4.06978	3.58009
14000	240	4.9104	0.926039	3.71018
14000	241	8.77394	3.87716	0.218382
14000	242	4.20376	3.20685	6.03577
14000	243	7.59139	3.98925	0.980473
14000	244	2.78779	1.7597	3.38226
14000	245	4.20999	2.86638	5.93936
14000	246	4.42853	2.51255	2.97961
14000	247	5.00735	1.09208	5.6976
14000	248	5.44051	4.64043	3.39458
14000	249	3.47333	2.82396	1.04463
14000	250	9.03244	0.232642	6.15742
14000	251	3.70766	1.47794	1.16094
14000	252	6.20369	0.465579	5.48866
14000	253	18.136	4.45132	5.29077
14000	254	1.96145	1.40091	5.19479
14000	255	4.53502	0.566966	1.40972
14000	256	13.9405	4.66232	4.04032
14000	257	3.89972	2.19918	4.98125
14000	258	4.0114	0.32551	3.26171
14000	259	2.35776	3.75314	0.056047
14000	260	5.53744	4.11251	2.38915
14000	261	3.14739	3.19864	3.23138
14000	262	2.67376	1.91869	5.80959
14000	263	17.8729	0.98807	4.15871
14000	264	4.39301	3.70298	4.12935
14000	265	7.81213	4.65841	3.2803
14000	266	5.48279	3.42972	2.35331
14000	267	2.91272	0.178239	2.45158
14000	268	4.76384	0.697338	3.95747
14000	269	4.96897	1.20801	2.53539
14000	270	6.9554	0.449561	3.20899
14000	271	3.72585	4.42725	6.12813
14000	272	3.77709	0.225764	1.49541
14000	273	2.43887	1.69341	1.81794
14000	274	5.77493	1.08355	5.33326
14000	275	5.56745	4.28074	1.75191
14000	276	10.3161	4.37584	5.18794
14000	277	4.22898	2.76926	5.70474
14000	278	4.45963	4.36562	3.33704
14000	279	6.06372	1.4746	3.43451
14000	280	4.32406	0.770483	4.99731
14000	281	2.27903	2.29882	6.04157
14000	282	4.44951	4.96852	2.09991
14000	283	4.27684	1.22238	0.150082
14000	284	15.1712	1.36096	2.2383
14000	285	6.10593	4.92813	0.917677
14000	286	3.32465	1.41201	4.44331
14000	287	1.83387	4.62001	5.58485
14000	288	3.72476	0.877868	5.69571
14000	289	3.63446	2.40296	5.28811
14000	290	4.03849	0.493323	4.46654
14000	291	5.32428	2.38565	1.76141
14000	292	3.85645	0.560333	5.3819
14000	293	3.06263	1.99424	6.17695
14000	294	3.90889	0.276722	3.9152
14000	295	14.1361	4.46703	1.71596
14000	296	2.22599	1.28488	1.97741
14000	297	11.0822	3.57559	5.5908
14000	298	3.88955	3.19578	5.84882
14000	299	5.89112	0.644321	1.74999
14000	300	4.04729	3.20427	5.49081
14000	301	2.35785	4.00167	0.105825
14000	302	9.93149	2.86252	5.47717
14000	303	18.167	1.76423	4.93305
14000	304	3.54609	0.0414499	1.40659
14000	305	6.03561	1.73919	4.70032
14000	306	3.64934	3.42081	3.85967
14000	307	8.28083	1.51754	1.48093
14000	308	3.99532	2.47134	6.11617
14000	309	7.12743	3.98096	4.41105
14000	310	18.493	3.60719	5.57082
14000	311	4.44431	2.9869	1.89539
14000	312	4.49711	2.88503	3.36065
14000	313	4.82021	2.57011	0.875323
14000	314	2.43696	0.863283	0.454086
14000	315	19.893	1.1083	5.41398
14000	316	6.9222	1.19809	2.24729
14000	317	17.7259	3.89251	1.74224
14000	318	2.92645	3.07418	5.88898
14000	319	4.34547	1.27361	4.42049
14000	320	4.20436	0.604515	3.62658
14000	321	2.40167	0.0515317	4.25661
14000	322	2.8496	2.53286	4.11603
14000	323	11.1129	0.351563	2.60427
14000	324	2.07476	4.59511	1.97208
14000	325	19.6013	3.3321	3.02831
14000	326	5.09309	4.11914	3.39291
14000	327	10.1599	0.508296	5.58577
14000	328	4.18595	2.17362	1.44655
14000	329	5.03852	3.40843	4.1245
14000	330	1.10879	1.44725	0.647652
14000	331	3.06048	0.128085	0.0777752
14000	332	2.80451	4.68638	2.13581
14000	333	7.44666	2.36635	0.886083
14000	334	6.17108	3.10882	5.09344
14000	335	5.1441	4.4422	2.73749
14000	336	4.23709	0.774006	1.14064
14000	337	5.88904	3.88219	3.12577
14000	338	4.1985	1.8779	4.42304
14000	339	4.06236	1.20339	3.04744
14000	340	1.71894	1.39697	2.07718
14000	341	16.7885	4.94324	4.24337
14000	342	7.51311	3.83987	1.5547
14000	343	2.50192	4.10315	4.21857
14000	344	4.73257	3.48663	1.78739
14000	345	11.1406	0.582418	2.7679
14000	346	2.80087	4.3859	2.21077
14000	347	3.55228	4.36564	0.809099
14000	348	18.9087	3.35114	3.10837
14000	349	3.78759	1.74129	3.71361
14000	350	3.70275	1.62552	0.496718
14000	351	4.91191	4.841	4.34264
14000	352	2.38567	2.47663	0.192337
14000	353	16.8019	2.90218	2.16644
14000	354	4.7011	3.87021	3.97469
14000	355	4.49675	4.47857	5.6246
14000	356	4.6071	0.00351024	4.18411
14000	357	4.03549	4.00328	3.90007
14000	358	4.05463	3.67036	1.42921
14000	359	3.89103	1.62857	2.6657
14000	360	4.97471	0.298881	6.27273
14000	361	2.51924	3.17337	0.753071
14000	362	4.3648	4.0493	3.45398
14000	363	7.29233	1.353	4.88016
14000	364	2.44419	2.71588	3.87553
14000	365	5.47588	2.02667	4.62586
14000	366	6.71774	4.68026	4.90686
14000	367	2.67659	4.58922	0.426764
14000	368	2.44709	3.45522	5.59221
14000	369	1.08343	1.12633	1.78528
14000	370	2.31958	2.69111	1.30186
14000	371	2.29562	3.82639	0.59736
14000	372	6.92575	1.24633	3.10336
14000	373	5.85309	2.73264	5.43105
14000	374	5.4872	4.26117	3.63138
14000	375	2.4151	2.02826	5.02552
14000	376	5.12208	3.26506	4.46479
14000	377	12.5048	1.78714	4.20785
14000	378	2.57274	2.47688	1.40484
14000	379	5.5528	0.467903	1.53819
14000	380	8.63921	3.67648	0.778061
14000	381	7.15988	3.11958	4.63972
14000	382	0.813761	0.870192	2.86415
14000	383	8.02441	1.73365	3.55024
14000	384	4.92004	0.822935	0.364962
14000	385	4.18258	1.04903	1.57937
14000	386	5.20567	4.34164	5.43729
14000	387	3.54518	0.103221	4.59449
14000	388	4.06283	1.76398	1.18408
14000	389	3.55675	2.80689	5.16912
14000	390	5.78878	0.135066	2.49925
14000	391	2.82398	1.25227	1.77657
14000	392	4.51943	4.70506	3.48053
14000	393	15.2872	2.65842	5.95423
14000	394	1.67115	2.01172	6.19002
14000	395	6.9686	0.388145	3.60943
14000	396	4.07983	2.86158	6.05613
14000	397	3.73413	4.65028	4.71787
14000	398	7.44643	3.79427	2.1674
14000	399	3.16517	2.53453	2.37781
14000	400	1.27903	1.42021	4.02813
14000	401	2.26854	0.743101	2.42969
14000	402	3.40205	3.06048	6.22451
14000	403	4.54392	1.91332	3.66854
14000	404	2.5075	1.47547	5.36838
14000	405	2.41422	4.36163	5.52985
14000	406	5.16673	4.24485	4.76776
14000	407	2.53133	2.66656	5.25193
14000	408	6.96839	2.62357	0.624089
14000	409	6.98075	4.92209	6.21007
14000	410	2.63223	3.84209	4.89916
14000	411	4.46277	3.24869	4.03509
14000	412	4.05765	4.40508	4.69014
14000	413	2.78625	2.10002	1.18182
14000	414	6.77923	3.7911	5.43747
14000	415	5.14484	2.95472	0.784635
14000	416	2.65183	3.60825	4.78486
14000	417	11.2135	0.73789	5.45758
14000	418	4.38454	1.59945	1.48125
14000	419	2.7281	0.916127	0.730916
14000	420	2.95285	0.402091	2.06645
14000	421	3.84976	0.266663	4.77167
14000	422	3.90344	2.01195	1.6878
14000	423	16.3541	3.85137	4.14612
14000	424	8.02416	4.12306	4.34373
14000	425	4.73212	1.2074	0.702956
14000	426	4.83769	2.7059	3.68749
14000	427	2.87884	3.50031	5.44844
14000	428	4.66556	1.86061	2.06077
14000	429	7.61214	1.70324	3.94747
14000	430	3.64884	1.78604	4.89972
14000	431	2.10143	2.38934	0.207496
14000	432	6.5326	0.236019	6.28098
14000	433	6.03489	0.954532	2.57954
14000	434	2.49731	0.335733	3.19366
14000	435	3.55541	1.57011	2.42632
14000	436	6.64378	0.280538	1.58443
14000	437	2.15998	4.86603	4.23116
14000	438	4.28758	0.925498	5.03582
14000	439	0.792892	1.58344	6.03907
14000	440	2.18893	0.785124	6.23763
14000	441	10.7703	2.08434	4.32825
14000	442	5.11578	0.119269	3.9293
14000	443	5.39826	1.72853	6.16906
14000	444	5.21895	3.77755	1.83959
14000	445	5.89953	0.519176	4.81244
14000	446	4.1129	4.74364	3.8075
14000	447	5.51014	4.11115	6.18454
14000	448	6.18611	2.98608	0.333551
14000	449	5.00678	0.842177	2.45454
14000	450	4.34004	1.22672	5.89124
14000	451	19.4233	1.62923	0.709613
14000	452	4.61675	4.45254	1.46937
14000	453	3.32127	3.01811	6.2658
14000	454	16.6241	1.11185	1.28437
14000	455	6.39983	0.115636	5.71948
14000	456	3.48368	2.49093	1.68869
14000	457	5.40202	4.05387	4.08571
14000	458	5.49579	3.53557	2.28475
14000	459	2.7272	4.12803	2.21113
14000	460	5.12886	2.77159	2.46677
14000	461	5.91819	0.95249	3.93705
14000	462	12.7902	2.38053	4.41169
14000	463	3.48617	0.691876	2.52939
14000	464	4.15466	4.97203	1.47751
14000	465	5.14904	0.503522	6.03752
14000	466	4.01896	3.94395	0.781185
14000	467	8.39458	0.856336	3.74225
14000	468	7.44319	2.60496	5.99844
14000	469	3.26197	1.15264	1.96505
14000	470	3.80272	4.00603	0.0840841
14000	471	4.24972	3.57783	2.6034
14000	472	3.86146	2.38284	3.77346
14000	473	4.00993	4.60289	6.27886
14000	474	4.92803	1.06441	4.76362
14000	475	4.26629	3.98946	4.25336
14000	476	3.65163	1.88127	0.758881
14000	477	4.02942	4.90173	5.12935
14000	478	13.3949	2.99287	1.18349
14000	479	2.95254	2.65834	3.01397
14000	480	2.17468	0.635438	4.64987
14000	481	6.62259	4.62527	3.02859
14000	482	5.3917	1.23873	1.8747
14000	483	2.13333	1.92898	0.703121
14000	484	19.3994	1.57134	4.92991
14000	485	7.59908	1.15776	1.99644
14000	486	1.96248	4.23254	6.1011
14000	487	1.20498	3.84588	1.36025
14000	488	3.18183	4.62123	3.29889
14000	489	2.78752	4.54686	3.77045
14000	490	5.03551	3.00668	0.441474
14000	491	6.79809	1.69892	3.91695
14000	492	3.41156	0.969351	0.487988
14000	493	4.60183	2.82343	4.05758
14000	494	4.92807	3.84683	1.40822
14000	495	2.94043	0.938215	1.93367
14000	496	3.25624	2.4388	2.63568
14000	497	4.21714	1.16587	5.55928
14000	498	15.4827	1.70397	5.90577
14000	499	3.20747	4.58744	5.36689
16000	0	3.17751	2.14225	2.47987
16000	1	4.58285	3.51348	4.3309
16000	2	4.28681	3.00576	2.82027
16000	3	2.62372	1.23126	2.21201
16000	4	6.0315	2.95815	3.26943
16000	5	5.06335	4.46526	5.68235
16000	6	2.55385	4.1311	2.96684
16000	7	5.71552	1.0613	4.89892
16000	8	5.03313	3.44389	2.7924
16000	9	5.93358	3.08387	5.38445
16000	10	8.26462	2.93616	5.70702
16000	11	4.67777	0.646078	0.0134516
16000	12	2.47034	0.400461	4.42851
16000	13	5.86215	1.35925	2.29241
16000	14	4.98553	0.988194	4.48127
16000	15	6.8022	0.178289	5.02155
16000	16	4.94974	3.67929	5.40451
16000	17	2.16561	4.15259	4.998
16000	18	2.95506	3.06765	3.04352
16000	19	4.9016	1.62175	1.24857
16000	20	4.89432	2.78109	1.11585
16000	21	3.47683	1.01869	1.29493
16000	22	4.51704	3.05186	3.09592
16000	23	5.21335	4.97497	4.92365
16000	24	9.86928	0.645507	3.29989
16000	25	2.53069	0.639641	1.13915
16000	26	4.77017	1.76693	2.76681
16000	27	12.219	2.02967	1.28504
16000	28	7.72579	1.21659	3.88512
16000	29	2.27952	3.61034	1.11235
16000	30	4.39124	4.52242	0.93932
16000	31	0.850965	2.60294	3.10291
16000	32	5.32976	0.952162	6.12758
16000	33	3.77128	1.45967	2.99917
16000	34	2.34727	3.50966	4.15894
16000	35	3.21285	2.94231	6.11212
16000	36	12.1012	0.404639	4.84711
16000	37	14.2535	0.711036	2.43603
16000	38	9.81148	2.19518	4.7961
16000	39	3.73313	3.57653	6.15267
16000	40	5.95262	1.86839	5.858
16000	41	2.36435	2.19896	0.0590635
16000	42	4.41281	1.77936	4.22862
16000	43	4.60764	4.91797	1.33639
16000	44	8.62593	2.36966	6.17095
16000	45	7.2994	0.526874	0.844982
16000	46	4.71254	2.61574	4.45971
16000	47	5.44654	0.0794739	4.97084
16000	48	4.23752	3.37378	1.20998
16000	49	3.85302	1.78448	0.510107
16000	50	3.15739	3.01688	4.6702
16000	51	3.4184	2.3351	5.52021
16000	52	2.70321	2.12937	1.07346
16000	53	2.17874	1.81435	4.4165
16000	54	4.86359	2.64031	3.31103
16000	55	4.92806	4.05051	4.83312
16000	56	5.39629	0.325759	2.37585
16000	57	3.87114	4.4906	6.18039
16000	58	2.68637	3.96096	3.61346
16000	59	2.23844	2.09478	1.96045
16000	60	5.64405	4.88282	4.5026
16000	61	10.6022	0.952504	6.25295
16000	62	2.23964	4.80499	3.04476
16000	63	2.42963	4.71277	1.4393
16000	64	5.68655	4.89228	0.14239
16000	65	2.17338	2.18504	0.936344
16000	66	7.15612	0.0927906	4.63118
16000	67	19.3234	0.0968896	1.26547
16000	68	6.12578	4.5181	2.80736
16000	69	5.82814	0.302292	3.64006
16000	70	2.59181	2.3682	5.56993
16000	71	3.80353	2.83504	3.76634
16000	72	5.8546	3.34703	0.181007
16000	73	3.35542	2.33838	1.17564
16000	74	15.1852	4.53569	3.99417
16000	75	1.79928	1.7696	1.89148
16000	76	3.49084	2.88141	3.67322
16000	77	3.7128	0.781558	6.21778
16000	78	2.37051	4.22053	6.07607
16000	79	6.41369	1.3743	2.55647
16000	80	4.36453	4.15896	1.24053
16000	81	4.53627	0.644409	2.07479
16000	82	2.43085	3.54762	1.52371
16000	83	2.57883	1.0041	1.23372
16000	84	5.32859	1.45001	3.75836
16000	85	6.26166	4.80074	4.17928
16000	86	2.64292	2.41677	5.09039
16000	87	3.27323	3.7841	5.28556
16000	88	6.2983	0.142865	0.955524
16000	89	4.72188	3.67632	0.731437
16000	90	3.39373	1.0505	2.0918
16000	91	1.18957	1.28454	2.001
16000	92	2.62277	0.431824	5.18522
16000	93	5.80849	4.82942	2.29794
16000	94	3.33108	2.68612	2.02732
16000	95	4.90613	1.35364	3.82266
16000	96	5.74139	0.61363	3.02529
16000	97	18.6592	2.36331	4.01435
16000	98	4.2486	2.32582	1.20926
16000	99	3.91382	0.15715	1.17441
16000	100	3.32825	1.66754	3.49469
16000	101	4.46359	1.13176	1.64355
16000	102	4.80251	4.42527	1.67935
16000	103	4.7481	0.0953885	6.05066
16000	104	2.21384	2.96104	1.09341
16000	105	8.70966	2.8029	3.96151
16000	106	18.7358	0.725031	2.79207
16000	107	2.51507	1.89748	2.65646
16000	108	5.83732	0.9706	0.329409
16000	109	7.86076	0.812309	2.84685
16000	110	17.7731	4.43758	2.18327
16000	111	2.65548	1.43815	1.081
16000	112	7.78583	0.699646	4.93474
16000	113	1.50185	2.91675	5.68053
16000	114	4.52087	4.46612	6.05486
16000	115	7.07533	3.69157	4.75582
16000	116	2.91694	2.34804	0.362762
16000	117	4.78131	4.97371	3.32083
16000	118	7.80615	4.63006	0.282197
16000	119	3.15634	1.63595	4.23987
16000	120	5.19192	4.1076	6.09243
16000	121	3.47242	2.42955	2.84205
16000	122	3.57418	1.75204	2.95041
16000	123	3.10569	4.61174	2.00183
16000	124	6.29972	1.20372	4.37782
16000	125	2.96037	4.7052	0.63606
16000	126	5.94842	1.40632	5.34488
16000	127	17.6789	1.77415	4.4084
16000	128	3.05072	1.87565	5.73923
16000	129	5.00009	1.81677	5.45953
16000	130	3.59898	3.19711	4.44401
16000	131	4.24176	3.83178	5.82122
16000	132	2.66636	0.0864299	2.02591
16000	133	1.75976	0.674803	2.11924
16000	134	12.9026	0.0675397	1.85898
16000	135	7.62212	3.59017	2.05475
16000	136	4.08079	3.73722	2.68608
16000	137	4.64417	1.98935	0.139385
16000	138	3.69802	2.6357	2.11201
16000	139	4.74239	4.74778	2.85221
16000	140	4.58172	1.02776	1.50203
16000	141	5.54545	2.3559	4.91303
16000	142	3.37601	4.32958	2.74544
16000	143	2.36301	3.85148	0.984374
16000	144	7.08302	3.05084	2.29474
16000	145	6.0967	3.55201	3.50671
16000	146	3.42518	1.4917	5.99893
16000	147	6.39093	0.519282	0.0322422
16000	148	3.03488	2.07138	2.90445
16000	149	14.6497	0.213459	3.86882
16000	150	7.41649	4.91632	1.97845
16000	151	14.0743	0.680372	1.93438
16000	152	2.12719	1.15535	3.6178
16000	153	5.69064	2.18966	3.084
16000	154	3.4277	0.472652	1.67155
16000	155	6.53867	3.51571	2.39187
16000	156	6.73394	0.0460015	5.93903
16000	157	1.67749	1.23602	0.866166
16000	158	1.92946	0.1619	2.8142
16000	159	3.23424	4.75831	4.06844
16000	160	1.03562	2.2236	5.11507
16000	161	8.06732	4.05351	2.7754
16000	162	0.747616	2.3476	0.0591648
16000	163	4.23035	1.41325	2.516
16000	164	3.36097	0.882804	2.43417
16000	165	0.309189	4.35809	1.25397
16000	166	2.47594	4.13597	0.383547
16000	167	17.5865	1.94341	3.79481
16000	168	10.2669	0.689346	2.43032
16000	169	2.80216	4.46781	5.4438
16000	170	5.53843	4.21912	4.53733
16000	171	3.52162	2.78285	5.89207
16000	172	4.61262	0.532137	3.88289
16000	173	6.72364	3.50443	4.49776
16000	174	4.04077	1.06873	2.331
16000	175	7.95569	1.09848	4.93028
16000	176	2.06831	2.75849	5.68045
16000	177	3.80253	0.0417345	6.07392
16000	178	4.79192	3.35099	4.1153
16000	179	5.46078	1.93088	0.0206554
16000	180	2.31783	2.918	4.00758
16000	181	15.0392	2.35438	2.11868
16000	182	7.31554	2.11445	1.50296
16000	183	3.25424	4.00938	4.73715
16000	184	5.21048	0.573823	2.85255
16000	185	13.3465	0.202498	2.77812
16000	186	10.5856	1.79945	5.16422
16000	187	4.92177	3.17132	1.90368
16000	188	16.7945	4.19281	3.55441
16000	189	4.88719	1.54037	5.78291
16000	190	6.22088	2.6624	1.74403
16000	191	2.89009	4.12784	2.18708
16000	192	2.03153	4.49558	0.268502
16000	193	5.48311	0.712412	2.96388
16000	194	4.41577	4.60078	3.19085
16000	195	5.27366	3.78939	3.04326
16000	196	3.67757	3.85808	2.57769
16000	197	6.80837	3.82024	3.10838
16000	198	1.15666	1.70963	1.55455
16000	199	8.46028	1.22399	2.10872
16000	200	5.8932	3.8203	1.69461
16000	201	4.50077	2.54431	4.93212
16000	202	3.14424	4.75628	0.366267
16000	203	4.34351	3.55667	1.08236
16000	204	3.31925	4.9812	0.544154
16000	205	2.18226	4.22499	0.429792
16000	206	2.40694	1.93224	2.24165
16000	207	2.66164	0.4044	0.677933
16000	208	8.40137	0.903141	6.09498
16000	209	5.23628	4.38696	5.46327
16000	210	6.08612	4.36256	1.68715
16000	211	8.23217	2.248	5.52993
16000	212	3.86103	2.31862	0.999087
16000	213	5.44826	2.58566	5.07808
16000	214	2.49218	2.39157	2.94379
16000	215	17.2893	3.24269	2.57691
16000	216	5.8524	0.444389	5.98905
16000	217	3.31729	2.35027	5.06814
16000	218	16.8907	1.86443	2.91009
16000	219	14.8699	0.829948	3.47468
16000	220	4.15339	1.67226	3.45805
16000	221	4.20964	1.41406	0.651205
16000	222	2.27867	0.884333	6.01826
16000	223	4.24885	2.99844	1.60489
16000	224	4.80405	0.869109	3.67083
16000	225	5.6673	0.819642	2.69586
16000	226	5.30506	1.07269	0.980461
16000	227	19.3295	1.99584	6.21332
16000	228	7.49682	1.1788	4.22837
16000	229	2.64441	0.689815	4.0525
16000	230	3.18084	0.237997	5.86443
16000	231	7.56039	4.96023	5.88541
16000	232	4.32456	1.64517	6.00509
16000	233	5.81497	4.96674	2.5583
16000	234	3.98296	3.07557	6.17635
16000	235	3.90686	2.38108	3.23193
16000	236	4.29893	0.0186306	0.0247294
16000	237	6.74977	2.85092	3.27604
16000	238	5.84974	2.96059	3.61873
16000	239	7.03202	4.90824	4.00166
16000	240	11.2586	3.34954	2.30988
16000	241	4.29765	1.94945	0.247102
16000	242	5.91125	1.62213	3.2493
16000	243	2.45681	3.89568	5.34948
16000	244	2.54286	2.78246	5.95642
16000	245	2.48844	3.37114	2.67957
16000	246	5.18045	4.84104	2.46886
16000	247	5.42433	2.20138	5.46293
16000	248	2.88133	4.75124	5.11899
16000	249	4.72238	3.80163	0.694744
16000	250	3.58254	3.3957	0.869069
16000	251	2.95378	2.5252	5.16015
16000	252	1.14184	0.840348	5.48894
16000	253	3.49061	2.95219	1.81359
16000	254	4.544	0.315631	2.50754
16000	255	2.28002	3.69662	3.27538
16000	256	7.99822	4.23461	5.77847
16000	257	4.44656	4.09374	3.92978
16000	258	2.9947	0.637187	3.48024
16000	259	16.4777	0.275354	1.17232
16000	260	4.66727	4.81885	5.24043
16000	261	2.30524	2.96843	0.0397276
16000	262	4.99187	3.79007	4.05881
16000	263	2.94286	0.0170176	3.5481
16000	264	4.61495	0.0511621	1.3778
16000	265	3.75274	4.2377	5.23367
16000	266	3.01987	3.81367	3.13009
16000	267	2.46666	3.04679	5.97725
16000	268	2.93454	1.42128	4.09029
16000	269	4.74772	1.29811	6.06355
16000	270	18.1567	0.123294	2.23795
16000	271	3.32888	0.761124	4.49891
16000	272	3.81697	4.18696	3.36291
16000	273	4.49657	2.48236	0.978429
16000	274	3.07726	1.05668	2.41516
16000	275	7.1918	4.15586	2.65755
16000	276	14.6579	1.13435	1.53169
16000	277	2.21677	1.64197	5.51467
16000	278	3.05849	3.41899	0.797601
16000	279	14.8517	3.2537	3.88942
16000	280	3.98569	4.80301	0.130597
16000	281	4.25921	2.84445	4.29715
16000	282	3.69282	1.14247	2.08874
16000	283	3.46105	2.10839	1.38223
16000	284	0.674521	1.95473	3.46575
16000	285	1.90121	0.188142	0.980508
16000	286	3.04794	3.46387	1.12147
16000	287	4.91565	1.30971	4.96585
16000	288	5.81485	3.07331	1.095
16000	289	2.56097	3.8052	4.31854
16000	290	4.8282	2.20036	3.0975
16000	291	2.24812	2.19907	0.876613
16000	292	3.31046	1.91599	5.8228
16000	293	14.5201	1.53529	5.48094
16000	294	19.9656	4.84506	0.754275
16000	295	3.66606	4.46776	2.81776
16000	296	2.99242	3.61706	0.754068
16000	297	2.63026	0.62188	2.86015
16000	298	4.45908	2.95704	4.74771
16000	299	2.80736	1.68305	4.50693
16000	300	5.57284	2.53613	2.61669
16000	301	3.19565	3.42606	3.67344
16000	302	2.41204	1.04433	4.45922
16000	303	3.28622	0.9975	5.2791
16000	304	3.40084	1.83577	3.38641
16000	305	2.32301	4.11897	0.938774
16000	306	3.15426	1.17733	5.68152
16000	307	4.24186	0.811203	3.26022
16000	308	15.3397	4.48415	1.06809
16000	309	4.22176	2.27213	4.08282
16000	310	4.4471	0.487294	5.95556
16000	311	3.36381	4.57697	2.07901
16000	312	3.4301	1.11943	5.96958
16000	313	3.59636	2.96324	3.90944
16000	314	5.52972	2.91282	1.31131
16000	315	3.33031	4.58201	1.97818
16000	316	4.33071	0.685385	2.3949
16000	317	6.24378	4.86637	0.738467
16000	318	2.77527	4.14515	0.345058
16000	319	13.8285	2.03969	1.46031
16000	320	5.56553	0.356013	4.29707
16000	321	4.28675	2.63868	2.00861
16000	322	5.12038	1.34221	0.673968
16000	323	5.20905	2.42244	2.70671
16000	324	2.51733	0.73225	6.19417
16000	325	5.58852	4.26571	6.07803
16000	326	5.82956	4.4653	6.2791
16000	327	9.33229	1.43221	5.21951
16000	328	2.84952	3.77912	5.60406
16000	329	4.94085	0.0863074	2.29625
16000	330	3.1262	2.79754	6.03285
16000	331	9.23366	0.939938	4.18974
16000	332	5.49172	4.66909	4.11984
16000	333	4.70629	1.1957	5.7697
16000	334	5.64964	3.23839	2.77363
16000	335	6.21708	4.62143	1.08526
16000	336	5.22629	1.60969	2.45872
16000	337	1.82051	2.80234	5.15687
16000	338	4.2244	2.25619	3.30048
16000	339	1.44594	0.604946	0.42959
16000	340	4.08846	0.750854	4.97105
16000	341	5.23434	2.79219	1.05933
16000	342	4.5498	3.26837	1.49867
16000	343	2.74299	0.213674	3.45605
16000	344	1.59998	0.858108	5.63817
16000	345	2.76547	1.59138	4.4364
16000	346	3.81316	3.79253	6.22512
16000	347	4.89148	0.548131	0.484473
16000	348	4.0016	1.26553	1.73455
16000	349	5.3315	2.39714	5.90355
16000	350	2.95098	1.23776	4.21208
16000	351	5.4469	2.55722	2.82545
16000	352	5.66001	2.80099	3.1739
16000	353	3.98913	1.89282	4.18887
16000	354	3.87667	3.66251	2.48015
16000	355	4.08716	0.226417	4.68937
16000	356	4.60152	4.39236	1.16998
16000	357	4.84906	4.21435	5.90652
16000	358	6.08743	0.218275	4.39188
16000	359	5.09875	3.72083	2.37344
16000	360	9.6087	1.38612	4.09931
16000	361	6.97001	2.18475	5.90764
16000	362	5.29275	3.38703	5.90383
16000	363	6.67083	4.19459	5.44926
16000	364	7.83227	3.59652	4.41314
16000	365	6.17994	1.51085	1.34812
16000	366	6.24358	0.470208	0.23479
16000	367	11.581	1.13719	4.49345
16000	368	4.05771	1.20488	4.79082
16000	369	5.40538	4.14297	5.99983
16000	370	3.32588	2.46899	5.99687
16000	371	2.06484	1.72514	5.85131
16000	372	15.099	2.64393	5.94091
16000	373	8.48181	2.99567	1.04104
16000	374	3.67299	4.5865	5.35976
16000	375	4.0897	4.36637	2.01498
16000	376	5.80153	4.34866	0.591187
16000	377	3.17417	4.79163	2.84138
16000	378	3.87818	0.340601	1.7558
16000	379	2.73831	2.59664	2.96796
16000	380	5.9894	0.172733	2.43888
16000	381	2.92495	4.17804	3.52857
16000	382	3.93906	2.4572	5.72007
16000	383	2.03154	3.91706	2.0589
16000	384	2.2613	0.179069	4.99281
16000	385	3.92204	3.13572	0.430698
16000	386	4.13146	2.56344	3.48439
16000	387	2.5659	4.21473	0.289411
16000	388	5.23222	2.7378	4.8448
16000	389	5.40673	1.55172	3.99074
16000	390	5.31687	3.07432	5.13319
16000	391	15.5576	0.660749	1.25108
16000	392	6.65929	2.65216	0.191008
16000	393	6.60438	3.92632	3.11325
16000	394	7.85808	3.9963	0.737658
16000	395	4.87087	2.02931	1.68903
16000	396	4.20538	3.7522	0.0473981
16000	397	5.81195	3.72103	1.17138
16000	398	4.56522	1.41977	1.57411
16000	399	5.50666	4.80024	5.91446
16000	400	3.51192	4.79487	0.770896
16000	401	2.4735	2.99627	1.19278
16000	402	11.8238	0.972779	4.9109
16000	403	3.7297	2.81803	3.20615
16000	404	2.45197	1.57024	4.69747
16000	405	3.84139	4.57428	3.77896
16000	406	4.1547	0.304988	2.2488
16000	407	3.14712	0.735058	2.2448
16000	408	6.31796	1.77279	1.22288
16000	409	8.25976	1.83284	0.431991
16000	410	6.39052	4.62674	4.60421
16000	411	5.49995	2.91992	4.26393
16000	412	3.1343	0.297821	4.33957
16000	413	2.88981	2.88244	3.17217
16000	414	5.64145	0.228575	3.02788
16000	415	4.86495	3.50269	2.23951
16000	416	3.46109	3.65242	5.89177
16000	417	2.044	1.83733	0.970199
16000	418	2.34683	2.58953	3.04972
16000	419	4.21902	4.40342	4.91614
16000	420	2.68791	3.64469	3.19964
16000	421	5.01858	0.249084	5.80394
16000	422	2.67418	1.50351	2.82562
16000	423	5.67459	3.62191	3.89908
16000	424	3.62122	0.10652	5.72015
16000	425	15.2783	3.69661	5.88585
16000	426	3.92615	0.0582195	3.95485
16000	427	5.44374	1.13215	5.16796
16000	428	6.15976	4.53489	3.7713
16000	429	2.7402	2.83346	5.75974
16000	430	0.931757	1.51567	0.488133
16000	431	9.88193	0.984479	0.427505
16000	432	4.28379	3.2728	3.81344
16000	433	5.80282	3.23238	3.97813
16000	434	5.30502	4.74161	0.597344
16000	435	3.61389	1.66932	1.67096
16000	436	2.97174	1.30027	0.135261
16000	437	7.091	1.36519	1.09375
16000	438	14.2959	3.20417	3.3618
16000	439	3.98426	3.38013	5.17185
16000	440	3.30192	4.23599	3.71344
16000	441	2.17816	4.01685	0.333062
16000	442	2.35824	3.50317	3.57465
16000	443	3.32752	3.01719	5.10671
16000	444	3.63606	2.1016	6.21327
16000	445	3.87357	0.601169	3.90471
16000	446	2.55093	2.79067	1.74124
16000	447	3.83991	1.7724	1.60055
16000	448	2.54693	0.172482	0.584851
16000	449	3.54743	0.0375572	0.321911
16000	450	3.81338	4.90967	2.81736
16000	451	2.31419	1.60712	0.20281
16000	452	2.2346	2.68482	4.82372
16000	453	1.75796	1.32502	0.797916
16000	454	4.20772	4.79271	1.92983
16000	455	3.93831	2.75855	2.37458
16000	456	5.18883	1.72535	3.74567
16000	457	1.88324	0.375838	5.26772
16000	458	4.86943	2.23843	0.675607
16000	459	6.08394	3.39863	5.11375
16000	460	6.86549	0.9645	1.62121
16000	461	5.16147	0.71004	3.31613
16000	462	2.42639	4.92127	0.677889
16000	463	4.55794	2.43638	1.43441
16000	464	3.35486	3.52435	4.46667
16000	465	2.02361	3.80863	1.32747
16000	466	6.40387	4.60691	3.57151
16000	467	4.87317	0.28341	3.77922
16000	468	4.40065	4.81987	0.401174
16000	469	2.85022	0.584354	1.09048
16000	470	5.94438	2.14199	2.8924
16000	471	10.4649	1.74602	1.57584
16000	472	4.97678	1.93491	4.25035
16000	473	5.21546	3.26715	1.88793
16000	474	8.1095	1.05317	4.92002
16000	475	5.58629	4.24051	3.26982
16000	476	3.47554	0.296958	3.60484
16000	477	7.14018	0.278689	4.51074
16000	478	4.75206	4.42121	0.038185
16000	479	4.28349	0.725315	0.186021
16000	480	4.9437	4.19299	0.323083
16000	481	2.653	3.26509	5.82062
16000	482	3.79045	2.80932	1.57451
16000	483	3.4248	1.2807	4.41677
16000	484	3.14104	0.106039	3.24249
16000	485	3.92416	0.909549	4.17513
16000	486	4.96853	0.567149	4.37135
16000	487	2.69538	4.66006	6.26808
16000	488	3.89906	4.18459	1.19163
16000	489	4.42533	0.203415	2.23585
16000	490	5.66838	0.447425	2.00207
16000	491	6.89107	4.78346	6.09185
16000	492	7.95519	1.90513	4.67137
16000	493	2.78657	2.26475	5.5104
16000	494	5.27034	0.660767	5.1712
16000	495	7.07426	3.13205	4.75373
16000	496	6.75966	0.173084	5.41207
16000	497	6.44606	0.820356	0.029189
16000	498	4.72842	2.95704	4.53752
16000	499	2.30706	0.198077	5.49574
18000	0	3.24789	2.1986	5.75241
18000	1	2.13304	1.57543	6.02947
18000	2	4.18871	2.70822	4.1076
18000	3	5.61243	4.16453	3.81466
18000	4	5.80405	3.33573	5.1316
18000	5	18.9389	3.59056	0.650946
18000	6	2.9673	3.97319	2.88128
18000	7	19.2518	0.793764	0.907417
18000	8	4.38761	0.605572	2.25457
18000	9	3.86295	1.69215	4.348
18000	10	7.1554	0.829803	5.35174
18000	11	0.469542	3.61984	2.85293
18000	12	5.33288	3.6385	6.10114
18000	13	5.18481	0.605563	1.23728
18000	14	3.42277	1.01329	1.63486
18000	15	4.78193	4.56053	1.70427
18000	16	6.10509	3.43778	1.01655
18000	17	4.79909	0.258256	4.75581
18000	18	2.6658	4.33516	5.02731
18000	19	3.60361	0.106247	1.07423
18000	20	3.77873	4.79511	4.76426
18000	21	17.7908	3.27507	1.68134
18000	22	4.56807	1.49529	4.76751
18000	23	5.31374	0.312098	0.160545
18000	24	16.0043	3.96023	6.07109
18000	25	2.59364	2.04572	1.29076
18000	26	5.63436	0.516584	3.88709
18000	27	4.33919	0.367298	1.55198
18000	28	4.05542	3.02881	4.20456
18000	29	2.27579	4.94878	0.268252
18000	30	6.26317	3.15361	1.25012
18000	31	3.09636	2.18845	2.17996
18000	32	3.22523	4.86237	2.64161
18000	33	1.5091	1.00554	5.28479
18000	34	16.3531	2.78787	5.10409
18000	35	3.22326	1.04066	0.196891
18000	36	2.41362	1.19842	2.11308
18000	37	3.48245	1.46937	2.29278
18000	38	2.78067	3.36037	0.37269
18000	39	2.75169	3.02243	2.36685
18000	40	8.81034	0.366246	4.94028
18000	41	10.9124	2.21888	2.223
18000	42	5.18139	2.08508	2.81463
18000	43	3.73295	3.92132	2.77924
18000	44	2.83525	3.57764	0.75358
18000	45	7.03996	4.25391	4.47696
18000	46	3.20671	4.60542	6.01344
18000	47	4.54057	0.0488731	1.52243
18000	48	5.28254	0.901717	3.78959
18000	49	5.38017	2.99675	4.86471
18000	50	5.39995	1.85163	6.06421
18000	51	7.62248	1.37908	3.17693
18000	52	8.34739	2.25823	5.70702
18000	53	5.62305	4.95337	3.704
18000	54	1.1909	3.4974	3.96567
18000	55	2.82122	3.15659	2.91303
18000	56	3.719	2.10429	1.50706
18000	57	5.10686	1.1739	1.71734
18000	58	5.25656	2.8112	2.20904
18000	59	3.77128	1.58243	4.46939
18000	60	2.00315	4.45047	0.174593
18000	61	5.68531	3.9394	2.36421
18000	62	6.11055	3.97611	5.86792
18000	63	14.7068	0.963338	5.21271
18000	64	4.36627	0.725307	4.40118
18000	65	7.05574	2.40855	2.47051
18000	66	2.90085	2.0093	5.86845
18000	67	9.4167	3.30687	4.11004
18000	68	3.22373	4.09405	5.633
18000	69	4.95832	1.80364	2.4873
18000	70	13.6248	2.09982	3.45236
18000	71	5.77715	3.06455	5.05266
18000	72	3.65884	4.87896	2.59212
18000	73	2.55924	2.95112	5.1708
18000	74	8.6523	3.65835	1.57898
18000	75	7.9414	0.615495	0.0330027
18000	76	5.10332	3.17517	0.915488
18000	77	2.81926	4.91355	2.49644
18000	78	3.51731	1.54891	5.41037
18000	79	3.19147	3.57606	1.59273
18000	80	5.06324	2.91051	1.8192
18000	81	5.50976	0.517048	5.23707
18000	82	2.85198	2.92305	1.55499
18000	83	0.0779458	0.88849	6.00962
18000	84	7.63461	3.6144	5.43448
18000	85	3.8478	1.34792	0.671085
18000	86	3.34808	1.54267	5.64175
18000	87	11.4944	3.50951	3.34454
18000	88	4.30024	1.0858	4.8595
18000	89	2.38032	0.368809	2.98126
18000	90	2.40459	3.56881	4.11653
18000	91	1.85814	3.05273	1.26518
18000	92	2.45677	4.97246	5.93644
18000	93	2.50212	1.61084	5.50353
18000	94	4.22604	1.18641	0.956392
18000	95	4.09594	3.41416	4.14818
18000	96	6.86174	2.57271	2.45838
18000	97	9.22023	3.87185	5.13415
18000	98	2.44274	4.11535	4.05823
18000	99	16.3244	2.17513	3.24592
18000	100	4.74453	1.47931	1.36281
18000	101	6.66197	3.74225	5.51377
18000	102	12.7038	1.93417	4.45703
18000	103	7.85151	1.90056	0.414368
18000	104	3.72981	1.04151	4.06749
18000	105	5.01619	4.36178	3.18924
18000	106	3.31079	2.89547	5.24513
18000	107	3.887	4.89806	1.61191
18000	108	4.28098	1.07151	3.68546
18000	109	5.58381	4.19721	0.718165
18000	110	5.42102	3.19721	2.94004
18000	111	5.34847	0.896958	2.61727
18000	112	4.24513	4.81101	2.67715
18000	113	6.09037	4.74512	2.57103
18000	114	3.21695	0.199433	5.84687
18000	115	4.71627	2.1171	3.87028
18000	116	3.60716	4.76851	1.16578
18000	117	14.8878	1.10298	2.91034
18000	118	8.0667	3.69208	2.27986
18000	119	2.41728	4.46968	0.799709
18000	120	5.01167	4.26415	0.427086
18000	121	6.0227	2.70886	5.22605
18000	122	4.24796	1.50667	4.22158
18000	123	16.202	0.0368418	4.96903
18000	124	2.03283	1.92904	2.53642
18000	125	6.51609	1.6488	5.38285
18000	126	6.20479	4.48589	2.64778
18000	127	5.7889	1.75729	4.72748
18000	128	3.8962	1.46014	0.511539
18000	129	4.68309	2.65151	1.42768
18000	130	3.72084	0.921144	4.05409
18000	131	15.2545	4.89894	3.06296
18000	132	1.95138	0.776656	2.35348
18000	133	4.60823	2.25854	4.12505
18000	134	1.77539	2.31285	5.03505
18000	135	2.88618	1.05865	4.11384
18000	136	19.2994	4.45894	2.64157
18000	137	2.95336	2.4851	3.37026
18000	138	8.01131	4.4308	3.74101
18000	139	3.1764	2.336	0.42497
18000	140	4.19536	1.75949	5.59672
18000	141	4.37745	3.23525	1.37102
18000	142	5.64214	4.14841	4.237
18000	143	14.0721	0.621343	3.797
18000	144	4.75672	4.91419	3.34214
18000	145	5.74089	4.85951	0.346153
18000	146	6.32878	1.27632	3.5977
18000	147	2.97398	4.85831	5.42608
18000	148	4.08317	3.69575	0.362439
18000	149	2.91726	3.12551	5.68122
18000	150	4.73847	0.665524	6.0957
18000	151	3.22681	4.01685	2.69513
18000	152	6.14151	2.33055	4.02219
18000	153	16.2786	0.982091	0.806975
18000	154	15.3487	4.08894	1.47801
18000	155	4.80094	3.16408	2.32258
18000	156	2.63066	4.59222	5.8853
18000	157	14.1222	0.150653	2.92335
18000	158	8.03532	0.163126	6.05988
18000	159	3.97979	2.57302	2.77211
18000	160	3.03178	4.156	2.1608
18000	161	3.54876	4.38642	2.8015
18000	162	19.0386	1.33278	1.51356
18000	163	6.10535	0.722472	3.19123
18000	164	3.94749	1.36146	3.84368
18000	165	5.26989	3.28507	5.05401
18000	166	3.6631	1.57112	4.24379
18000	167	2.54422	2.09237	4.34348
18000	168	2.66321	3.75437	5.85191
18000	169	5.62674	0.522588	0.689171
18000	170	1.82057	0.25826	5.10709
18000	171	9.00616	1.13283	3.72161
18000	172	4.61754	2.4107	0.0308896
18000	173	2.59748	3.40877	5.86745
18000	174	8.5062	1.86052	6.14575
18000	175	2.73122	2.7608	4.67851
18000	176	5.53765	2.45758	0.619339
18000	177	0.748798	0.286056	5.30063
18000	178	3.8174	3.28017	1.85719
18000	179	2.84352	2.39141	2.80254
18000	180	14.4767	3.92938	4.50151
18000	181	3.7474	0.67862	2.11713
18000	182	3.00166	3.54938	5.39862
18000	183	2.72727	3.72534	2.5427
18000	184	2.95206	2.09852	0.0554968
18000	185	8.12841	1.37832	0.277034
18000	186	6.1611	4.27994	3.16998
18000	187	12.6809	0.737872	3.35735
18000	188	5.24498	1.00704	0.810515
18000	189	2.2712	1.65563	0.653924
18000	190	3.60008	4.14203	6.01911
18000	191	13.6875	2.80021	4.17935
18000	192	2.00854	2.83702	0.0609777
18000	193	4.24412	1.92083	4.06232
18000	194	2.21964	0.852855	0.2763
18000	195	3.57508	2.37697	2.01632
18000	196	2.54215	1.10773	3.87849
18000	197	3.93621	4.04304	2.06125
18000	198	3.32461	0.840264	3.91962
18000	199	5.51948	0.321753	2.75597
18000	200	3.21471	0.515255	2.34559
18000	201	4.80772	3.77154	0.640009
18000	202	3.15728	2.74109	4.44892
18000	203	7.00083	3.92571	3.7464
18000	204	18.2251	1.56406	1.41864
18000	205	2.38217	1.15202	5.85748
18000	206	4.18253	2.23387	4.65975
18000	207	5.17307	1.44038	5.22162
18000	208	2.4437	2.68467	1.93477
18000	209	8.89142	1.03262	6.13309
18000	210	1.11893	3.51707	5.55612
18000	211	4.22471	4.2373	4.75569
18000	212	8.88017	0.0650536	5.77113
18000	213	0.479412	4.0097	0.230835
18000	214	1.87348	1.41494	1.04873
18000	215	2.37418	3.86907	0.473542
18000	216	15.7929	3.99646	2.08163
18000	217	6.45207	1.46579	5.99772
18000	218	4.52496	4.09215	1.51419
18000	219	5.5977	4.74014	2.30248
18000	220	4.99656	3.54992	5.22073
18000	221	2.61222	1.36445	4.34295
18000	222	5.24468	3.85606	5.64165
18000	223	7.84961	1.91011	5.1427
18000	224	2.47208	4.04247	4.02138
18000	225	4.61419	3.13895	5.25466
18000	226	6.29483	1.03896	3.8548
18000	227	2.4243	4.52312	1.06289
18000	228	3.27386	2.00861	1.7135
18000	229	10.0898	4.10848	2.59624
18000	230	2.43066	1.26206	5.52965
18000	231	5.81165	2.84067	5.57206
18000	232	8.0357	2.78009	6.01828
18000	233	4.44243	4.75399	2.78815
18000	234	2.08238	3.72063	3.57822
18000	235	5.74856	3.15008	4.10733
18000	236	5.84169	4.1731	5.97843
18000	237	2.10374	2.6384	2.09161
18000	238	3.52279	2.46536	2.92607
18000	239	4.92874	2.28574	2.53282
18000	240	6.4332	0.0907127	2.09181
18000	241	3.88299	2.77983	5.76909
18000	242	6.97108	4.98641	4.35243
18000	243	15.8809	4.39963	2.02763
18000	244	12.0978	2.92213	3.13498
18000	245	3.28077	4.5278	2.4434
18000	246	9.77391	3.95611	0.8619
18000	247	4.96882	2.49621	0.625189
18000	248	3.32581	4.26585	4.56491
18000	249	5.55564	1.17113	3.40014
18000	250	1.88155	0.776687	1.54679
18000	251	4.21158	4.77352	5.4476
18000	252	12.7596	4.50702	3.54749
18000	253	3.26717	2.37647	1.50766
18000	254	5.43457	2.65267	3.18212
18000	255	0.856046	3.16755	1.0599
18000	256	1.20052	4.93077	5.51884
18000	257	2.57973	0.133602	1.01207
18000	258	6.0175	1.35393	1.01009
18000	259	16.1898	4.15364	0.214103
18000	260	9.11048	2.28134	4.95115
18000	261	3.60686	3.41761	2.75832
18000	262	3.34095	3.05602	2.48742
18000	263	5.74285	3.28338	0.851456
18000	264	10.6279	2.36612	3.08688
18000	265	4.89257	4.79817	5.04737
18000	266	0.992462	4.77227	2.80378
18000	267	4.85423	0.353248	0.569227
18000	268	2.67101	0.65669	3.80903
18000	269	1.26765	2.32351	5.22274
18000	270	7.40441	0.663708	2.62551
18000	271	10.5294	3.46747	4.03186
18000	272	5.01363	4.80409	1.22749
18000	273	17.5399	0.174494	1.72911
18000	274	7.15008	0.88782	5.72719
18000	275	10.1534	0.688613	2.85334
18000	276	7.10228	3.54273	4.94082
18000	277	5.99189	3.32129	3.36159
18000	278	2.41318	2.71266	0.428875
18000	279	5.05745	1.50602	2.59384
18000	280	5.29471	1.31528	5.46077
18000	281	5.87006	3.77006	4.35327
18000	282	4.08513	2.49588	2.88436
18000	283	3.12009	4.73189	5.51846
18000	284	4.59069	0.204049	1.98243
18000	285	5.41517	0.584756	3.69777
18000	286	4.2138	0.71946	0.198692
18000	287	3.10881	1.44011	1.02643
18000	288	4.982	4.04778	3.88182
18000	289	4.61938	0.980325	5.26919
18000	290	3.28671	2.05881	3.90848
18000	291	3.52092	4.64369	1.57845
18000	292	3.61449	0.0902523	2.07307
18000	293	3.65525	3.6451	5.25703
18000	294	2.50755	3.08859	1.4366
18000	295	2.48117	3.16231	6.04522
18000	296	9.39017	2.08812	4.89063
18000	297	4.62305	1.98836	1.36553
18000	298	8.50179	0.248628	2.079
18000	299	0.0537798	2.8707	4.87596
18000	300	5.20413	0.325829	3.27516
18000	301	5.06317	0.432777	6.12563
18000	302	3.16511	4.61093	4.40044
18000	303	4.2855	0.632397	1.43819
18000	304	16.5677	3.40853	1.33829
18000	305	5.4017	3.67352	1.13776
18000	306	4.47763	3.92113	0.735237
18000	307	4.88458	3.23479	3.1569
18000	308	4.14809	3.20581	0.781823
18000	309	2.29632	2.27756	4.03597
18000	310	15.4607	4.28875	4.97812
18000	311	19.2597	0.690839	0.345444
18000	312	4.32954	3.82732	3.87926
18000	313	6.03775	4.21373	1.01004
18000	314	1.60002	3.81923	4.58645
18000	315	2.22391	4.59966	0.909819
18000	316	3.50752	2.83014	4.30865
18000	317	4.95528	2.65993	5.13084
18000	318	5.02339	4.06387	4.92407
18000	319	2.80702	4.26376	2.82487
18000	320	8.81478	2.48935	0.615918
18000	321	7.59094	0.111483	4.00352
18000	322	0.583463	2.63208	5.38105
18000	323	3.31449	2.6753	1.98229
18000	324	4.14336	0.11115	5.09485
18000	325	5.45307	1.19847	3.48699
18000	326	3.00749	4.68853	1.56903
18000	327	16.4784	3.36252	1.45555
18000	328	3.51099	1.91334	1.31012
18000	329	3.38078	3.34252	2.00594
18000	330	5.98418	4.92619	3.5007
18000	331	4.29329	3.52797	2.03692
18000	332	4.36623	2.10839	2.94365
18000	333	2.80958	2.74659	5.9816
18000	334	5.82348	2.06307	5.16467
18000	335	3.72943	0.752067	0.185323
18000	336	3.64403	3.68645	0.146341
18000	337	6.44752	0.717558	4.43584
18000	338	6.90873	4.76777	2.71225
18000	339	13.9925	3.87286	4.2518
18000	340	2.95653	1.4455	5.34458
18000	341	1.6216	4.63368	5.46239
18000	342	7.57374	1.73466	3.9619
18000	343	5.816	1.40592	3.98312
18000	344	5.49081	4.80352	5.19308
18000	345	6.16452	4.50284	4.79433
18000	346	2.36236	1.21914	2.60018
18000	347	3.72079	0.678847	4.08377
18000	348	9.21238	2.00007	2.82733
18000	349	2.22791	0.513244	1.11234
18000	350	7.33769	3.47491	0.912517
18000	351	9.31236	3.04995	3.71417
18000	352	2.48607	2.99748	5.88428
18000	353	2.44323	3.37109	0.0264198
18000	354	3.47555	2.75128	1.68644
18000	355	1.36282	4.26402	2.79107
18000	356	1.52525	1.38489	2.0552
18000	357	6.27714	4.07726	4.51271
18000	358	0.267902	0.686045	3.60036
18000	359	3.39443	3.81013	3.54942
18000	360	11.5369	0.283702	4.25957
18000	361	18.6818	0.784081	2.52316
18000	362	4.67116	4.96915	3.99178
18000	363	1.82905	3.36252	1.43216
18000	364	3.66461	3.43888	1.22897
18000	365	3.52671	2.94236	1.1215
18000	366	4.3708	4.15291	5.9809
18000	367	5.45266	1.48184	2.60741
18000	368	4.75684	3.52782	3.91665
18000	369	1.72655	2.20021	5.89846
18000	370	3.38314	1.59345	0.385731
18000	371	5.3863	2.49057	0.0870244
18000	372	4.24429	0.846267	2.74959
18000	373	4.82765	0.743236	4.16185
18000	374	4.80369	0.922233	1.91004
18000	375	3.05227	3.77404	5.14611
18000	376	4.01319	4.92982	3.25662
18000	377	1.19092	1.33525	5.97453
18000	378	5.24874	4.43356	1.08375
18000	379	4.54548	2.80499	4.95178
18000	380	4.09169	0.378342	3.78241
18000	381	5.05348	1.00885	2.62049
18000	382	2.73933	3.19022	3.83423
18000	383	1.63397	3.50263	2.5107
18000	384	2.24575	0.340033	3.21027
18000	385	18.7481	2.67996	5.94839
18000	386	6.31472	3.20384	0.0766407
18000	387	4.09318	4.50671	1.24711
18000	388	3.22866	3.50439	1.21393
18000	389	6.92874	0.118314	5.93544
18000	390	4.92888	1.47252	3.96139
18000	391	2.99971	2.32713	0.125473
18000	392	3.83503	3.23865	5.01849
18000	393	4.60662	3.76282	3.89474
18000	394	1.66481	4.62665	6.25856
18000	395	6.1408	3.56743	4.91683
18000	396	4.36352	4.29406	3.744
18000	397	6.18388	4.31694	6.18055
18000	398	7.14884	2.9435	5.37554
18000	399	6.1816	2.98021	2.93265
18000	400	18.6947	4.39633	0.548162
18000	401	18.9729	2.99881	0.545033
18000	402	12.9139	3.09131	3.83365
18000	403	5.25359	3.8918	2.71513
18000	404	5.04397	3.07741	0.36367
18000	405	2.19201	0.89173	0.177204
18000	406	6.18784	1.91196	4.33018
18000	407	5.86656	2.73539	2.07943
18000	408	4.5417	0.508249	4.03699
18000	409	18.0379	2.96021	3.61925
18000	410	5.77986	4.31194	2.22086
18000	411	2.54451	0.91668	1.36894
18000	412	6.2658	0.833319	3.59514
18000	413	3.53488	1.71973	3.56848
18000	414	3.90559	4.45469	1.15557
18000	415	3.39558	1.55813	2.36769
18000	416	18.5384	3.76278	3.64296
18000	417	4.86218	4.69587	2.55786
18000	418	3.87104	2.34501	5.33056
18000	419	14.2118	2.75018	6.1741
18000	420	3.91846	4.62024	2.79959
18000	421	5.55936	0.830621	4.02645
18000	422	3.39492	0.403164	0.620895
18000	423	0.339064	1.6453	3.08435
18000	424	3.72506	3.99918	1.30948
18000	425	5.8225	2.0851	0.666032
18000	426	3.50755	0.318363	3.30068
18000	427	6.69156	3.67839	3.24161
18000	428	4.20156	2.93827	4.13089
18000	429	9.14557	0.11187	0.164191
18000	430	10.7843	4.57237	5.99247
18000	431	14.9474	1.61656	6.26226
18000	432	2.59449	0.176917	3.59453
18000	433	4.34162	4.0116	3.89367
18000	434	15.7393	3.36388	0.97125
18000	435	7.12777	0.0497392	2.97686
18000	436	6.4599	2.27042	3.9751
18000	437	5.92526	2.22372	1.28113
18000	438	6.86299	3.05561	0.934278
18000	439	5.35863	1.93148	3.62295
18000	440	7.18117	0.671473	3.46067
18000	441	6.06414	0.383399	0.864012
18000	442	4.47507	3.33653	3.14514
18000	443	4.05327	2.35058	0.263273
18000	444	16.7859	1.86672	1.79734
18000	445	17.1355	0.532099	1.32429
18000	446	5.76047	0.44336	4.12773
18000	447	8.98899	0.840049	4.57815
18000	448	4.36233	1.66319	2.36703
18000	449	5.77546	1.79321	3.51643
18000	450	4.0667	2.8104	1.05826
18000	451	3.84906	0.511992	4.40745
18000	452	6.59761	1.44665	5.84512
18000	453	5.03769	3.36461	1.56931
18000	454	19.3585	0.886282	5.27179
18000	455	3.73769	4.33042	2.59017
18000	456	5.77412	0.0240447	3.52029
18000	457	5.09458	0.771694	1.50858
18000	458	6.81665	0.684764	2.23772
18000	459	15.686	3.5006	0.428948
18000	460	2.41701	1.33222	6.11116
18000	461	3.25532	2.47394	4.50772
18000	462	2.19035	2.52102	6.03365
18000	463	2.74317	0.794041	3.02073
18000	464	1.58935	4.95315	2.80771
18000	465	2.32757	1.72066	4.57304
18000	466	4.71089	4.72028	4.83994
18000	467	6.04057	2.56525	3.47021
18000	468	5.60084	3.4966	1.99666
18000	469	2.99727	0.948912	4.76819
18000	470	4.3443	0.879303	4.33396
18000	471	0.661036	3.25983	2.77212
18000	472	3.60496	0.439924	2.91318
18000	473	2.09531	1.22042	1.68387
18000	474	2.25066	3.59448	5.61597
18000	475	4.42117	1.24716	5.8105
18000	476	19.8598	4.49698	0.308991
18000	477	5.09916	3.99678	2.99895
18000	478	2.85053	4.28894	5.55213
18000	479	3.77347	0.596165	0.943385
18000	480	4.9494	0.844246	3.45203
18000	481	4.69878	3.57457	2.4785
18000	482	3.47805	0.287347	1.67442
18000	483	5.90735	0.0983767	0.990401
18000	484	2.58096	2.36782	0.771731
18000	485	3.95756	0.268279	4.39598
18000	486	3.13658	3.44213	5.21791
18000	487	3.13145	0.317295	4.63945
18000	488	18.6513	0.915473	6.08493
18000	489	6.027	1.59036	4.28818
18000	490	5.11895	2.68977	1.89228
18000	491	8.99968	0.727299	3.01794
18000	492	16.3759	3.06708	4.22775
18000	493	4.19936	4.62433	6.00577
18000	494	3.06498	1.38059	5.80848
18000	495	2.16752	4.06638	2.84533
18000	496	3.11791	0.591764	3.69185
18000	497	8.04694	1.49739	2.12054
18000	498	3.21496	4.4752	0.194193
18000	499	6.93313	1.63859	4.60411
20000	0	6.06986	1.41308	4.15331
20000	1	3.99948	0.197065	6.13071
20000	2	3.14292	2.16947	2.24558
20000	3	2.35678	2.85808	5.88393
20000	4	11.0733	2.40799	0.0380847
20000	5	4.43225	0.130677	4.90928
20000	6	4.7835	3.49042	2.39296
20000	7	2.16728	4.90176	1.61629
20000	8	3.52977	0.196261	4.21238
20000	9	2.75892	2.5436	0.945005
20000	10	7.51834	4.72412	3.88862
20000	11	4.37218	1.81728	5.30882
20000	12	3.43756	4.28128	0.60252
20000	13	6.25484	4.8731	4.3014
20000	14	3.64965	0.513139	5.92429
20000	15	5.78915	4.20146	3.64751
20000	16	4.50876	4.11161	2.00027
20000	17	5.96542	4.00038	2.55694
20000	18	13.1097	0.168303	4.28045
20000	19	3.77562	3.78967	5.76213
20000	20	6.3313	1.60446	3.80787
20000	21	5.31176	0.838461	2.77397
20000	22	2.82297	2.61206	1.85049
20000	23	17.8203	1.74563	0.236521
20000	24	5.25024	2.8742	4.88686
20000	25	3.37115	2.49909	5.47744
20000	26	3.19791	4.90279	6.01585
20000	27	3.33142	2.51593	2.30271
20000	28	4.24372	3.59206	5.87419
20000	29	5.25413	2.9928	3.82696
20000	30	4.56527	0.682828	1.23355
20000	31	4.13282	3.57646	0.507572
20000	32	12.6442	2.62001	3.53582
20000	33	4.58838	2.62084	5.40661
20000	34	2.94968	4.17556	2.77983
20000	35	6.98678	4.7386	2.57668
20000	36	2.43441	0.832996	0.124953
20000	37	1.70854	3.49832	3.28255
20000	38	3.20524	1.8719	6.20201
20000	39	2.19351	2.93821	6.26389
20000	40	6.96531	1.81595	2.32458
20000	41	5.53933	4.69918	4.48613
20000	42	14.3156	1.87641	4.37125
20000	43	16.128	1.73552	5.25583
20000	44	5.37352	0.948507	2.93445
20000	45	3.0644	2.03555	0.461641
20000	46	2.33733	4.61199	5.98832
20000	47	5.08951	2.84046	1.8784
20000	48	5.48837	0.541081	5.48425
20000	49	7.51302	3.07345	1.63091
20000	50	6.0864	0.039959	3.15029
20000	51	5.68301	2.34042	2.41791
20000	52	4.70518	1.59235	1.49497
20000	53	3.60639	3.6134	0.740002
20000	54	5.16608	0.845187	0.231468
20000	55	5.10147	3.05517	1.19997
20000	56	2.83602	1.60782	5.81099
20000	57	6.30906	4.71274	0.766521
20000	58	5.86479	4.88074	4.72253
20000	59	0.588779	1.58113	3.69546
20000	60	6.45332	4.17378	6.10316
20000	61	2.55657	3.21922	0.390954
20000	62	3.73535	2.97962	2.52674
20000	63	2.59474	4.21836	3.74589
20000	64	6.70949	3.25324	3.43831
20000	65	3.17709	0.881145	4.20337
20000	66	6.15513	2.52558	2.60057
20000	67	4.66688	2.17704	3.16016
20000	68	1.86864	4.98567	1.44181
20000	69	5.46597	2.7826	1.56948
20000	70	5.59708	3.21543	2.15205
20000	71	4.80778	1.88309	1.18784
20000	72	5.40777	3.96423	5.40426
20000	73	4.3075	2.10119	2.99088
20000	74	2.84566	2.84386	1.18406
20000	75	7.2103	1.66684	3.87245
20000	76	2.52687	1.13939	3.34104
20000	77	4.29405	1.0818	5.18151
20000	78	18.7154	1.01214	1.92114
20000	79	6.34077	2.19609	1.64913
20000	80	6.07659	3.78377	0.464812
20000	81	6.00478	4.36984	3.11474
20000	82	3.30744	4.59899	1.18672
20000	83	3.7429	0.0249814	0.913338
20000	84	7.24473	4.19126	1.31325
20000	85	4.7479	4.17277	5.89261
20000	86	2.41394	2.57993	6.11334
20000	87	4.12379	3.75084	0.410354
20000	88	12.7505	1.03531	5.6479
20000	89	4.81232	1.76261	2.82974
20000	90	4.62062	3.80072	1.78347
20000	91	5.99836	3.52753	4.07303
20000	92	3.62515	3.10941	1.2297
20000	93	3.28443	2.78826	5.5263
20000	94	8.5594	2.91692	4.66903
20000	95	3.69366	1.41638	1.51642
20000	96	4.19219	0.0727595	5.32077
20000	97	4.93064	4.25242	4.91766
20000	98	3.35442	4.08606	3.87167
20000	99	14.2474	2.91035	4.68873
20000	100	2.02756	1.22835	3.42315
20000	101	5.07181	0.839488	4.10414
20000	102	2.73127	2.78821	0.58755
20000	103	10.0465	1.97521	1.86983
20000	104	5.68385	3.40723	4.92507
20000	105	4.81499	4.10035	1.38851
20000	106	3.18538	1.36042	1.08313
20000	107	3.67499	0.297429	5.9551
20000	108	4.1576	1.35383	5.2145
20000	109	1.64929	1.0938	3.77326
20000	110	4.9439	1.46046	1.7731
20000	111	1.85029	1.54711	1.94161
20000	112	5.01438	3.76968	1.46927
20000	113	5.7984	0.00765599	4.05642
20000	114	9.7524	2.11218	5.08715
20000	115	8.00871	1.64371	0.563624
20000	116	0.356533	2.35057	6.18724
20000	117	5.17856	4.38054	0.610036
20000	118	4.97129	0.030062	5.56759
20000	119	2.27618	1.48367	4.88338
20000	120	4.17526	1.25363	0.509461
20000	121	16.6233	1.36872	2.81247
20000	122	8.9075	0.990095	3.28278
20000	123	7.85177	0.347947	4.00698
20000	124	9.15876	3.21951	0.0704193
20000	125	2.68532	1.25287	4.04381
20000	126	2.59288	2.93662	3.41802
20000	127	7.47177	4.41718	5.72771
20000	128	2.59054	0.581809	6.17626
20000	129	5.21954	3.50111	0.268958
20000	130	14.2762	1.90136	4.40441
20000	131	15.2227	4.45682	5.78249
20000	132	2.62222	1.70898	1.47585
20000	133	4.148	3.55946	6.12499
20000	134	10.223	4.22593	5.55136
20000	135	17.5394	0.940905	5.88364
20000	136	5.45299	0.802515	2.60175
20000	137	0.141575	3.88002	4.08733
20000	138	3.30289	3.02298	5.73559
20000	139	7.276	0.238123	5.43501
20000	140	2.7225	3.97169	2.03297
20000	141	3.18266	2.20774	0.246013
20000	142	5.37455	4.24944	3.14414
20000	143	4.07664	1.53533	4.40298
20000	144	6.23773	4.7204	4.30868
20000	145	10.0195	4.8382	4.91176
20000	146	3.46203	1.8375	4.49188
20000	147	2.29763	0.357821	1.211
20000	148	9.97716	2.84447	4.93485
20000	149	3.88681	0.776772	1.51872
20000	150	4.46827	2.71585	5.93409
20000	151	6.21731	0.547231	4.34675
20000	152	3.82876	0.824251	4.9617
20000	153	3.33233	2.93886	2.89016
20000	154	7.7472	2.21928	2.97181
20000	155	4.07821	3.38527	1.3618
20000	156	5.35225	0.0911979	1.49466
20000	157	2.86014	1.95282	0.765062
20000	158	6.63682	0.0570003	1.54313
20000	159	0.474819	1.12566	1.11104
20000	160	4.9948	2.93003	5.47332
20000	161	8.02162	3.41653	0.299599
20000	162	0.255103	1.27021	5.30268
20000	163	1.89278	3.62822	1.60728
20000	164	5.37754	4.22869	4.82785
20000	165	2.90282	0.995285	1.65299
20000	166	3.78074	2.05443	3.06568
20000	167	6.32539	0.62912	3.18872
20000	168	4.61361	1.99395	4.48632
20000	169	3.31613	4.31277	3.77524
20000	170	3.19074	2.58579	1.26787
20000	171	3.77906	2.32497	4.46346
20000	172	4.36579	0.886185	2.36168
20000	173	2.41377	3.48937	4.14279
20000	174	5.44195	0.386197	4.03009
20000	175	1.27147	0.802614	1.74192
20000	176	5.23346	2.21947	1.73231
20000	177	17.6935	0.964105	2.70809
20000	178	2.24899	2.29483	1.26335
20000	179	4.80538	0.553142	4.9841
20000	180	5.72617	4.05865	1.72744
20000	181	3.2221	1.25068	1.07926
20000	182	5.61315	0.0307232	2.65791
20000	183	4.76695	0.856541	2.21307
20000	184	7.1636	4.81249	1.75901
20000	185	4.28208	2.82641	4.69656
20000	186	7.07779	3.2881	0.97432
20000	187	5.10607	4.66872	4.79456
20000	188	14.3561	2.305	5.00692
20000	189	5.47905	3.85524	5.65537
20000	190	6.17183	1.2155	2.17753
20000	191	17.9019	1.51184	1.78512
20000	192	0.848041	4.7115	1.3389
20000	193	3.66493	0.0111941	4.33091
20000	194	2.58083	0.866994	0.926841
20000	195	5.81103	1.35936	0.859051
20000	196	11.6099	3.84928	0.440864
20000	197	4.62472	2.90026	5.61366
20000	198	3.18925	2.00328	4.94166
20000	199	3.49422	2.80823	6.0119
20000	200	5.47032	2.78208	4.87941
20000	201	2.73131	3.21431	1.34288
20000	202	5.57238	3.39363	2.78192
20000	203	3.65009	2.16185	1.39852
20000	204	2.09184	4.01537	5.24455
20000	205	5.81462	2.83958	3.85401
20000	206	5.45061	4.69585	2.06467
20000	207	8.56068	3.89235	4.29577
20000	208	7.13917	1.9096	0.00275725
20000	209	6.06407	1.94549	4.06351
20000	210	12.6027	1.84388	1.17025
20000	211	3.61811	4.8357	2.97384
20000	212	3.77401	3.90401	3.20689
20000	213	4.44067	0.464632	3.29586
20000	214	6.70664	3.59913	3.08576
20000	215	2.34649	0.851211	1.03914
20000	216	3.07282	0.864271	1.38721
20000	217	7.82361	4.87949	1.54744
20000	218	17.1172	0.00715985	4.86082
20000	219	7.56808	2.63883	3.1666
20000	220	7.21602	2.6205	2.63203
20000	221	2.19473	1.61688	5.61349
20000	222	9.37206	2.65864	0.816951
20000	223	4.19334	4.60823	3.13615
20000	224	4.81749	1.3147	3.20642
20000	225	10.6611	1.41177	5.54002
20000	226	7.09096	3.79125	4.30816
20000	227	3.86203	1.61429	5.25485
20000	228	4.17985	1.99633	0.563448
20000	229	2.48877	3.12651	0.550031
20000	230	4.72562	1.84207	0.807068
20000	231	17.5356	4.07307	0.399261
20000	232	3.49036	3.37543	0.974493
20000	233	16.7702	0.700317	2.0818
20000	234	4.41073	0.488024	5.50834
20000	235	4.20159	0.273377	1.30859
20000	236	4.02411	2.87069	5.69831
20000	237	2.49284	4.2389	5.52386
20000	238	5.08931	3.41383	2.69496
20000	239	3.79171	3.57444	1.96501
20000	240	4.58324	2.58478	2.82711
20000	241	3.63624	4.31921	3.33094
20000	242	6.76396	1.5641	3.23702
20000	243	4.33914	3.95577	0.0974973
20000	244	4.3663	4.91529	0.400379
20000	245	3.92692	0.958087	2.27744
20000	246	0.243164	2.94446	1.77194
20000	247	8.2495	1.74033	6.14542
20000	248	5.1869	3.24895	2.21953
20000	249	4.68352	4.63613	1.14888
20000	250	3.55054	0.788786	3.7037
20000	251	2.32005	2.48671	1.97224
20000	252	3.37391	3.51753	1.16035
20000	253	7.7112	2.89606	4.62471
20000	254	7.03608	1.93422	6.20797
20000	255	5.86554	3.08961	0.384615
20000	256	18.1081	4.21828	2.88601
20000	257	4.0518	4.01583	0.396526
20000	258	3.15716	0.776023	5.32654
20000	259	4.8973	3.4291	4.78683
20000	260	4.76506	0.0762637	0.165564
20000	261	6.16981	4.5187	0.584024
20000	262	3.20014	4.89281	0.785151
20000	263	12.1503	4.80905	0.665681
20000	264	2.32821	4.34889	5.5299
20000	265	19.2515	1.91802	2.51077
20000	266	3.47195	1.09588	0.753059
20000	267	6.47584	2.05443	0.649681
20000	268	6.84915	0.0431411	1.50958
20000	269	5.62662	0.386194	2.65287
20000	270	14.7831	2.22104	5.22845
20000	271	2.87617	0.040536	0.645955
20000	272	6.51931	3.30338	1.85993
20000	273	0.736824	3.58149	2.10239
20000	274	4.29285	1.58552	1.95526
20000	275	12.2565	2.55308	2.40871
20000	276	3.47422	3.88478	1.86686
20000	277	1.07187	2.29374	2.14178
20000	278	4.47508	1.12426	5.37077
20000	279	2.76297	3.20216	3.52828
20000	280	4.22137	2.35297	0.264172
20000	281	5.34636	1.78231	3.80442
20000	282	16.5452	0.523399	0.600472
20000	283	4.1873	0.473121	5.89333
20000	284	11.2821	2.80943	0.608068
20000	285	3.99574	1.85939	4.65929
20000	286	16.7634	0.705357	2.3479
20000	287	6.8202	2.61945	2.30269
20000	288	3.06848	1.12115	0.996881
20000	289	2.43392	3.88721	6.22385
20000	290	5.89516	0.867422	2.39202
20000	291	3.31259	4.96157	4.66054
20000	292	5.87196	1.98654	3.65093
20000	293	4.83504	4.16652	2.57923
20000	294	9.85858	2.61085	5.93147
20000	295	3.51565	4.36826	1.09436
20000	296	3.3473	1.85121	0.890055
20000	297	2.5728	3.39912	0.18557
20000	298	4.86266	2.55072	1.68717
20000	299	2.77401	1.51113	2.8173
20000	300	17.4113	2.87646	5.7987
20000	301	18.648	0.869273	3.54945
20000	302	5.61996	4.0271	0.878251
20000	303	3.74969	3.14543	4.69302
20000	304	17.1485	3.27002	4.93842
20000	305	3.3326	0.553126	2.08878
20000	306	1.88938	2.26509	0.162794
20000	307	5.18594	4.80199	5.48321
20000	308	1.94995	2.04015	3.8862
20000	309	6.29959	4.44032	2.23749
20000	310	2.98524	3.68229	0.588514
20000	311	4.94071	2.18761	3.98427
20000	312	18.2667	1.14334	1.6512
20000	313	11.5282	3.09671	5.25628
20000	314	15.5148	4.3803	1.52139
20000	315	4.41412	3.26683	0.859474
20000	316	4.81307	2.46734	3.96336
20000	317	4.63191	3.13578	5.98867
20000	318	2.83059	0.938	6.09984
20000	319	2.2737	2.52299	6.26955
20000	320	15.5581	3.42395	6.27665
20000	321	3.70471	2.82083	1.95389
20000	322	2.22432	0.361206	3.81531
20000	323	6.78703	2.98166	2.12833
20000	324	3.64892	4.6487	5.19083
20000	325	16.5798	3.52209	4.7436
20000	326	3.71287	1.79327	0.213901
20000	327	5.25538	1.92824	1.39241
20000	328	2.83336	4.09375	5.3803
20000	329	4.63313	3.93205	0.862313
20000	330	10.3791	3.22111	2.19215
20000	331	2.72822	3.62356	2.71757
20000	332	3.05465	0.157586	5.42724
20000	333	5.96169	3.26207	3.41599
20000	334	6.14656	2.29503	4.81422
20000	335	5.12439	1.32466	1.61069
20000	336	3.37499	3.64893	4.93631
20000	337	15.5467	4.47722	5.12065
20000	338	3.88994	2.81629	2.76807
20000	339	3.02797	0.458373	5.32169
20000	340	4.35781	0.840898	1.50402
20000	341	2.30754	0.852809	5.41494
20000	342	14.6868	1.23351	3.90715
20000	343	4.37598	1.40234	3.13347
20000	344	2.61541	0.0342706	4.22935
20000	345	6.35637	0.462138	4.60072
20000	346	1.72181	3.9391	3.39062
20000	347	6.71926	2.6858	2.81677
20000	348	4.915	0.0622781	1.35684
20000	349	4.9689	0.149712	1.76015
20000	350	14.9206	4.48165	0.00175061
20000	351	4.28963	1.7592	0.496073
20000	352	5.69683	0.383079	3.81815
20000	353	9.65801	3.80129	0.269771
20000	354	7.76197	4.58318	3.51328
20000	355	4.1346	3.24775	3.65884
20000	356	2.87494	4.58009	1.20429
20000	357	3.47959	1.37015	0.9422
20000	358	0.0456776	1.69331	2.24161
20000	359	2.36391	1.7691	6.02361
20000	360	1.88048	3.11362	1.23755
20000	361	3.37161	2.15167	3.615
20000	362	6.51951	4.68749	5.06092
20000	363	8.91588	1.37256	4.6198
20000	364	2.45733	1.30442	5.84771
20000	365	6.78699	0.0969217	5.49873
20000	366	5.05508	4.52822	0.296089
20000	367	3.31355	1.59142	1.38295
20000	368	4.59428	2.54706	0.859557
20000	369	3.63526	4.84772	0.760635
20000	370	3.0172	2.3976	0.00040722
20000	371	4.79288	0.9252	6.18018
20000	372	6.8173	2.75293	0.561565
20000	373	3.26927	3.57324	0.160611
20000	374	6.68919	4.8839	3.69864
20000	375	2.8679	2.45231	5.07621
20000	376	2.75928	4.49425	4.40099
20000	377	8.5149	4.91795	1.72503
20000	378	2.33832	3.99081	1.71884
20000	379	9.09254	4.66264	2.48838
20000	380	1.24344	4.3299	6.14334
20000	381	9.76019	4.9212	2.92805
20000	382	3.03215	3.91055	3.36046
20000	383	11.2345	4.94062	0.876095
20000	384	14.516	3.21335	5.70753
20000	385	5.6094	4.54712	4.4358
20000	386	3.81046	2.26875	5.16331
20000	387	2.35573	3.43308	0.473445
20000	388	2.41806	3.78845	3.91377
20000	389	5.1172	4.26999	5.56576
20000	390	3.99348	1.28875	5.72063
20000	391	2.37255	1.08549	1.65864
20000	392	3.68222	4.26721	1.87827
20000	393	13.1508	4.94224	3.10114
20000	394	9.15055	3.31765	1.53821
20000	395	5.81166	2.75804	4.23141
20000	396	4.7294	4.93155	4.28103
20000	397	9.22963	2.63658	4.93764
20000	398	3.68339	1.34943	2.69868
20000	399	5.48054	3.60487	5.38738
20000	400	14.7033	2.36027	3.2707
20000	401	4.79392	3.78088	4.27739
20000	402	15.5018	1.12265	3.30883
20000	403	5.88503	2.72344	1.28226
20000	404	4.17735	4.31752	3.74176
20000	405	4.62131	3.2829	5.6168
20000	406	4.82558	4.82306	2.17084
20000	407	7.23583	2.97252	3.27463
20000	408	4.08998	4.35027	5.8552
20000	409	4.78464	0.49745	1.84583
20000	410	4.70617	0.720339	3.6452
20000	411	4.75062	4.51111	5.10066
20000	412	7.89898	4.74816	0.539627
20000	413	2.68913	3.74296	0.398186
20000	414	7.89487	1.62344	5.59662
20000	415	5.09257	0.306508	2.93173
20000	416	1.39557	1.97441	0.257775
20000	417	3.17626	2.84783	1.88909
20000	418	3.04354	4.29873	5.45707
20000	419	18.0815	3.98326	0.314151
20000	420	3.28505	1.61544	5.43745
20000	421	2.52885	2.27906	0.29447
20000	422	3.97723	0.951519	4.20173
20000	423	2.88432	4.66482	2.91068
20000	424	3.95205	4.8035	3.58222
20000	425	5.98749	1.87492	5.55787
20000	426	3.17772	0.117371	0.277848
20000	427	2.91526	0.385641	5.96439
20000	428	3.42551	0.321922	2.0726
20000	429	0.630148	0.156845	2.69997
20000	430	3.39249	1.30546	5.47866
20000	431	6.95613	4.02009	4.87945
20000	432	4.7697	1.18956	4.42677
20000	433	5.03952	0.474414	3.04652
20000	434	4.1332	4.12405	3.02741
20000	435	2.89476	2.17451	1.50795
20000	436	1.49328	3.01475	0.917528
20000	437	4.02501	2.38896	3.96892
20000	438	4.95886	3.5055	4.47234
20000	439	8.42248	1.64344	4.31711
20000	440	5.53111	0.31332	1.46296
20000	441	7.28794	4.20927	0.466766
20000	442	17.1011	0.886671	0.521702
20000	443	3.08687	2.65838	3.38742
20000	444	6.56111	2.44682	2.06556
20000	445	5.31427	1.60229	5.26272
20000	446	7.73302	1.87962	4.74808
20000	447	3.24732	3.52472	4.53154
20000	448	2.53937	1.63665	5.85658
20000	449	3.50619	3.28817	2.29688
20000	450	4.3884	0.700239	1.81688
20000	451	3.07288	4.41222	4.36634
20000	452	2.04632	2.00129	5.99449
20000	453	3.16378	0.0337078	4.73405
20000	454	2.85318	4.53212	1.04763
20000	455	5.64826	2.08225	1.37026
20000	456	3.80171	1.25359	0.304433
20000	457	7.21418	1.94944	0.580446
20000	458	2.51427	4.87377	1.68117
20000	459	2.42923	2.09509	4.96894
20000	460	5.0238	1.29014	2.66557
20000	461	2.35518	0.592887	0.275543
20000	462	16.4406	2.44441	4.51457
20000	463	6.31184	3.19456	5.82253
20000	464	3.85606	4.51744	3.37317
20000	465	2.07622	3.96836	5.5821
20000	466	5.4581	2.11182	4.08632
20000	467	6.68085	1.06619	2.06036
20000	468	2.58918	2.06774	4.32554
20000	469	17.1681	3.51498	2.21286
20000	470	1.65739	2.18621	0.67557
20000	471	2.94457	0.740177	0.306203
20000	472	2.09557	0.520401	1.68805
20000	473	17.4601	0.407452	3.38671
20000	474	5.83782	4.94832	0.32858
20000	475	4.2572	2.69234	2.83656
20000	476	17.0703	4.10004	3.40366
20000	477	5.18074	1.76222	5.62579
20000	478	11.617	4.87957	5.47977
20000	479	0.835635	3.60311	2.07939
20000	480	2.42867	0.287909	3.46665
20000	481	14.3637	0.772583	3.32621
20000	482	3.84117	0.757473	0.577373
20000	483	0.802442	1.93834	5.99074
20000	484	3.92707	4.02397	3.97962
20000	485	2.61819	3.39571	2.02848
20000	486	2.40267	0.0288617	6.10454
20000	487	4.07309	1.69285	3.81274
20000	488	5.15392	2.46012	1.7186
20000	489	2.99596	0.391284	1.27621
20000	490	2.27555	4.6836	4.03341
20000	491	5.26806	3.32951	3.03274
20000	492	1.33918	4.13189	4.60891
20000	493	7.28301	4.9152	5.14949
20000	494	3.65241	1.4883	1.20105
20000	495	5.90295	0.539448	0.871261
20000	496	9.41756	1.05001	6.02711
20000	497	10.0383	4.0815	5.17309
20000	498	3.04814	4.02882	0.503686
20000	499	6.88754	1.46805	2.12291
