2000.0001	-303.995	201.436	-196.314	189.387	-391.528	15.4353	321.938	193.195	139.543	22.4523	84.8794	66.1508	-212.814	196.548	-291.264	159.909	26.4781	-178.239	53.2687	11.5129	-14.0333	14.7774	324.182	262.589	8.87303	48.9777	-54.9032	-160.426	123.175	10.4987	118.744	125.168	36.6268	204.99	-136.249	-12.025	76.5612	-219.258	123.082	-35.1658	-43.0436	-79.7899	-64.9997	-196.369	-139.743	-64.7285	0.71895	33.9886	-160.867	-61.3774	146.552	80.1546	105.94	180.134	1.03767	-114.016	-219.692	-53.4386	-147.604	-58.817	-83.5551	140.626	132.967	-118.687	78.7466	11.2324	20.4274	42.8473	-69.7143	-50.7674	-58.5144	-141.411	74.7996	334.578	-47.635	-17.708	67.1811	-88.9826	24.4478	-126.475	-27.3704	41.6411	184.283	-155.226	-168.186	-121.525	92.9532	40.1089	164.04	85.6229	29.8183	-37.8881	85.3991	-23.071	7.39785	-182.768	-23.8408	248.188	-28.2329	47.3863	-46.5614	4.95952	-91.6675	166.284	-132.206	-174.078	-217.195	228.331	-37.3195	273.543	-168.124	36.4398	201.856	52.5135	-36.8853	-326.37	-78.1089	-115.564	131.233	135.095	-41.4005	-51.8664	7.26842	33.5434	49.7228	13.0015	-116.771	73.6514	66.8742	82.7862	-90.618	-38.5246	207.162	92.8764	-189.837	156.228	47.4393	-114.184	-104.85	125.653	-0.486837	55.381	-183.894	128.901	-61.924	-118.657	-170.57	2.7264	14.0759	67.1401	33.754	167.114	-36.1407	64.7968	7.21801	-28.5058	-67.0188	-25.518	49.093	-59.1794	-58.6112	-63.8104	-117.478	-2.39456	72.6165	74.6093	20.1517	-182.571	-34.128	-140.677	-107.403	73.6761	114.66	-14.7393	17.5062	82.0136	-241.471	371.5	-214.248	29.6477	-55.0325	66.9102	164.406	0.836485	-8.95543	133.438	-93.1189	61.0075	-114.988	211.339	-9.96553	128.048	-157.399	-102.654	126.279	-12.7628	167.434	9.71171	45.7111	62.2372
2000.0001	36.3619	-200.414	144.932	-131.149	-62.9524	-47.0818	-175.036	-62.7156	-278.39	75.5944	-13.5926	-207.48	108.562	-319.819	92.1457	-232.493	-110.455	54.161	-159.486	130.65	120.474	-119.658	-208.004	-44.101	-168.976	-86.8151	-88.4818	211.547	74.2004	-47.1559	-222.261	41.548	214.029	13.0492	-191.125	39.5694	242.223	-89.2713	106.861	-150.397	79.5898	44.2313	-259.68	24.1706	-272.929	70.6029	168.666	-231.798	75.8033	-116.29	-275.147	78.1129	117.991	-35.4123	81.5368	-201.667	208.302	137.035	219.999	410.976	113.17	-43.1489	-25.4554	-18.9617	146.303	-22.1778	-261.197	222.743	196.356	7.7106	-19.4359	63.661	-526.14	-73.1952	-6.99506	67.9456	-92.3638	-141.092	-63.0124	-262.83	172.049	-28.7119	250.396	220.172	37.3495	-59.3908	-109.608	-36.2637	-228.705	244.063	45.3388	177.226	338.349	78.0825	-56.5869	187.306	34.0663	142.53	-50.6625	-46.0901	-137.752	106.333	236.595	17.7232	95.5198	175.202	-178.016	-30.5516	-227.078	78.284	64.9469	-0.748203	67.5694	-106.621	-108.585	-4.70403	198.735	-429.377	-102.939	-155.414	-98.3575	-198.448	-20.4508	44.1447	-37.2213	-40.7523	228.642	-207.354	119.17	-260.013	-224.364	29.5323	-213.286	-267.448	-14.7971	79.9698	159.734	251.686	196.901	71.1978	480.188	-72.7684	64.9085	149.785	-59.3387	269.187	184.8	77.1601	242.113	25.1892	-45.7632	121.685	14.97	116.498	-127.36	138.819	-191.713	3.86498	-31.7571	10.9508	52.9335	256.01	105.09	128.286	41.4255	-260.255	-0.882224	164.12	-26.9218	-1.14734	-173.516	341.32	234.944	24.3613	20.8983	408.563	-134.278	-224.786	-89.4276	104.398	95.2163	-63.7381	144.519	-76.6849	-100.933	127.236	-27.0806	-106.903	43.4806	258.042	301.729	-22.1885	150.496	141.043	-86.0186	124.487	107.355	-68.4842	-53.2832	-27.1501
4000.0000	-252.708	136.851	-198.455	352.416	-360.145	112.556	161.898	292.525	91.3107	-213.606	-70.0914	10.079	-118.952	227.173	-329.342	289.47	-175.537	-349.053	30.4054	-40.4883	61.651	-60.1131	615.292	340.68	-67.4052	56.8241	25.1573	-63.2571	1.81942	-34.3481	87.4117	-4.28535	70.7615	121.21	-123.229	8.00812	344.93	-505.371	125.219	-190.057	-85.1587	-184.109	-57.5622	-111.472	-52.4677	-161.602	206.97	-171.94	-113.942	-232.009	212.69	-47.2177	246.747	192.203	110.149	-211.613	-271.588	74.3558	103.613	-24.808	-154.157	105.621	294.023	-215.335	72.2881	9.53047	-30.1175	-90.1134	-427.717	-294.175	-212.914	-90.8058	68.4195	294.457	-64.935	80.7205	33.9165	-47.9196	-15.0009	-107.699	-106.362	-79.7781	303.912	-275.582	-28.1888	-136.582	305.434	84.152	472.389	59.5582	-86.7895	152.194	132.058	-261.742	82.4868	-300.133	4.82858	290.691	114.241	0.195908	-50.9671	-301.066	-190.94	171.992	22.8715	-232.013	-96.9981	174.762	142.975	122.714	-274.105	59.3927	54.9271	53.1317	127.384	-333.774	-73.647	-302.086	257.223	-143.242	-40.1627	-23.0229	-37.0665	193.627	133.24	106.856	-115.921	-81.6375	-24.3022	130.732	28.0581	-190.672	275.229	7.8547	-162.258	121.875	-18.954	-213.092	-20.413	156.672	50.3441	116.173	-267.441	172.58	31.2964	-48.4386	-224.845	121.236	-137.681	118.652	-98.93	85.3545	-39.7762	-110.938	69.1365	-150.801	16.4409	-48.7293	-45.8918	179.853	17.6824	154.315	-408.852	-23.7782	-133.868	194.318	63.2761	-102.063	-157.454	-133.227	-393.446	-171.797	116.89	-10.4092	-146.053	-1.55531	-166.197	197.825	-123.225	-14.4534	-73.7925	-17.7015	266.236	-166.548	-11.4866	62.7643	-137.894	116.405	-40.2631	468.567	28.9393	88.1346	-224.827	-290.303	41.1483	-84.7053	137.632	-191.787	-30.9021	13.7009
4000.0000	21.6214	-196.55	237.716	-136.266	-415.382	-158.995	-268.479	-46.9108	-17.2061	178.241	9.45139	-56.2527	122.773	-406.457	38.4606	-106.716	74.8497	218.889	-585.042	2.99453	106.396	-119.164	-244.647	-5.00043	52.3229	-136.659	153.619	72.1865	147.917	-183.304	-205.328	222.982	-17.1837	112.102	-257.418	209.753	202.997	-313.732	480.942	-193.008	-140.645	-40.5882	-376.087	-327.655	-534.718	158.199	190.347	-259.525	111.521	101.636	-176.398	396.942	80.3034	-243.871	-80.1661	-317.147	197.039	236.114	285.198	498.006	-161.331	152.659	142.504	-19.0374	33.2425	-127.235	-245.357	-12.5661	134.396	378.853	210.377	242.425	-717.072	91.8205	-57.9764	148.196	-230.122	-221.304	99.1453	-119.691	19.4472	184.95	58.0362	66.3134	181.117	-107.319	-136.918	-11.8036	-210.339	196.255	263.667	127.638	48.5657	182.168	237.571	347.497	-110.168	-76.1362	-174.935	-21.2742	-199.595	75.7828	549.617	-410.996	329.74	-79.9767	144.932	-144.447	-464.629	-100.944	-104.232	117.106	-180.78	-634.465	-105.315	-214.231	515.638	-83.7723	-95.1058	-320.534	-98.3957	-42.5183	78.7423	166.05	-149.133	2.18186	158.273	-167.042	545.561	-159.55	-113.289	-104.212	-159.394	-455.335	-111.314	187.371	116.56	405.497	118.5	-13.775	719.194	37.257	-267.896	159.47	-55.6101	260.663	114.941	-76.3519	470.497	17.0754	-58.5269	-117.103	-106.35	163.683	-215.465	239.045	-272.649	24.1316	-125.671	34.1145	226.123	425.049	-179.047	368.512	169.054	-282.547	17.477	240.018	75.2954	18.7405	-227.946	473.559	372.735	483.555	-123.296	373.825	-150.408	-320.652	32.2466	139.684	175.022	14.1544	229.689	-158.66	70.5879	-9.05346	-106.722	-307.701	89.657	182.088	111.92	-370.793	254.719	73.7222	-51.5366	159.091	124.83	-33.6012	-25.5679	1.62042
6000.0000	-254.526	61.0159	-92.4902	308.228	-381.26	229.605	483.29	206.285	-71.9383	-91.0165	47.5738	-6.58316	-249.892	119.238	-135.74	236.288	70.9601	-301.33	-70.2152	264.851	-16.9829	-6.62613	479.747	379.453	-96.1424	23.5931	-201.399	23.5649	-353.943	-230.53	39.7155	-332.345	-48.3028	180.709	-293.011	83.7834	621.688	-669.332	110.343	-66.3541	-338.469	-182.953	-68.5337	-237.026	24.6968	-187.29	59.0138	-99.0579	-116.456	-349.976	242.537	39.4875	346.353	281.14	194.099	-231.554	-487.575	65.0715	15.141	180.546	-186.736	67.8888	208.697	-458.539	232.359	6.04257	88.401	86.7562	-385.859	-179	-232.879	-182.481	231.504	302.27	6.0283	131.164	16.7515	23.2348	-165.134	-188.766	-194.79	77.6515	145.369	-445.432	-196.046	-88.243	337.184	88.4304	544.194	91.5432	-172.507	285.368	170.561	-328.08	106.378	-320.419	97.9707	209.942	101.303	-13.1354	-30.3292	-157.758	-203.911	95.2838	229.299	-45.6522	-230.075	-21.7168	223.989	475.349	-265.78	326.395	-138.443	101.777	190.503	-216.325	-2.44421	-315.726	248.594	-20.7771	30.4889	104.316	-265.837	194.395	50.6507	221.461	-195.028	-172.002	-70.2865	89.2216	-29.5267	-144.78	315.67	93.4676	-362.551	25.3642	43.4241	-67.0292	-69.7247	125.109	-41.1409	195.882	-379.625	246.073	-191.865	-2.54265	-180.51	-25.2529	-150.164	170.317	-31.4912	96.067	-216.256	-189.627	73.9019	5.3632	-69.3578	45.0819	33.5905	121.208	139.161	223.417	-551.123	-248.105	17.2773	204.939	-174.315	-146.924	-208.925	-352.029	-504.918	-377.508	105.117	-77.0781	-350.096	-7.82643	-76.2421	124.378	-211.366	-15.9749	-112.033	19.8531	655.034	-53.4782	-88.594	-86.5393	184.237	183.923	73.0725	485.405	206.513	316.741	-69.1458	-336.942	20.3129	-93.6393	82.8671	-275.236	3.88788	87.6799
6000.0000	-24.996	-117.459	196.244	-235.802	-424.697	-323.401	-44.7687	-220.811	-369.047	58.4153	57.4365	-4.56346	89.7067	-501.38	172.305	-28.078	-138.866	297.414	-543.762	-26.6049	46.908	-273.827	-75.1052	258.146	-77.3311	-96.4867	-3.30391	-281.694	114.625	12.1393	-202.427	-117.21	102.647	76.1274	-705.719	198.555	465.713	-368.692	442.748	-368.682	-91.2058	-65.1982	-115.394	-551.601	-351.189	64.0913	136.111	-185.655	98.3353	152.113	-167.289	394.035	-339.301	-610.351	176.576	-89.1757	-163.065	352.888	490.23	390.691	-2.43462	341.573	227.842	100.768	271.505	-180.599	-272.342	-482.638	166.114	475.784	111.546	253.732	-488.418	196.453	-8.35922	150.924	-593.651	-282.006	106.263	6.07418	266.286	-144.876	174.236	22.9616	82.7239	52.9871	-123.162	-245.47	-358.66	235.251	352.843	272.859	17.1428	156.273	285.097	458.514	115.078	110.819	-96.5346	237.652	-124.898	148.101	555.555	-270.749	405.485	-232.216	146.57	-286.734	-445.823	-5.1506	-133.045	242.089	-50.8899	-409.737	-55.3765	-101.941	615.004	28.5155	234.419	-373.537	-206.746	-249.081	-160.509	245.847	4.08431	-129.386	250.355	-210.168	479.092	179.155	-390.029	-67.259	-75.6836	-662.76	67.5388	502.479	-162.862	389.684	80.4875	-272.867	648.109	-85.758	-284.26	30.3577	183.121	124.721	-54.4635	-322.954	521.302	260.336	-567.492	-77.26	49.5506	431.313	-91.2829	73.5588	-373.807	16.0056	-136.16	-57.1044	5.51689	384.707	-422.136	354.34	252.454	-199.832	137.226	172.55	-218.12	-253.094	-124.899	507.626	433.85	419.131	-166.001	577.814	-241.871	-230.304	-43.5296	121.418	12.4082	-210.6	269.382	80.0925	55.3678	-79.1517	-41.3441	-308.19	136.839	183.597	238.02	-165.771	96.0803	-125.453	-244.395	2.12365	350.912	-133.823	-154.582	25.6191
8000.0000	-26.7292	-9.07506	-280.773	209.865	-325.511	441.046	526.681	210.639	-140.075	-47.6098	5.82792	-71.9607	-172.155	160.374	-111.611	238.534	-11.3188	-348.352	98.1106	555.957	257.747	94.6192	123.614	409.932	-273.579	-66.2958	-212.218	27.2272	-303.051	-315.969	-127.625	-246.13	-39.4734	57.0135	-343.481	-21.1692	472.29	-667.239	-108.738	-30.5004	-320.933	-397.153	-215.374	-306.352	16.2739	-60.6948	-146.708	-41.7971	-219.719	-183.244	290.586	195.135	344.83	276.4	250.407	-271.479	-408.529	39.8897	-45.6127	173.458	-0.217945	426.774	174.289	-391.813	466.004	-66.2339	210.17	133.238	-312.777	-186.535	-249.127	-222.148	323.279	237.975	122.886	303.417	-58.3722	229.404	-418.065	14.4682	44.4493	41.4308	210.304	-543.063	-317.472	65.5391	497.001	-80.4426	643.127	167.476	-41.7777	169.714	242.116	-380.629	198.854	-467.67	337.64	135.053	-20.4977	34.038	-30.7658	-303.964	-19.7913	387.436	221.942	142.635	-150.64	-172.207	223.88	396.675	-121.334	113.248	-230.919	267.479	259.735	-457.918	32.9642	-348.843	423.443	-77.9549	31.3024	33.3674	-284.502	114.887	0.0455769	-9.7609	-72.7103	68.2542	-377.099	95.6735	-225.191	-141.048	446.491	414.769	-408.957	-127.13	52.6397	37.7669	89.7435	29.661	194.647	56.7818	-417.715	202.219	-196.638	178.367	-117.086	100.447	-341.005	158.309	65.481	287.652	-246.32	-316.824	78.9149	-474.114	-167.044	96.8776	172.591	227.578	261.432	197.91	-347.478	-303.507	-95.937	205.375	-219.815	-219.197	34.5534	-116.07	-481.434	-259.564	117.211	-311.646	-268.253	1.81761	-44.8231	-74.0496	31.1614	-71.7963	-239.892	-145.97	631.767	174.409	28.9695	-138.235	139.696	136.974	36.1363	435.821	147.738	286.936	-318.316	-210.522	-68.5986	-93.1202	41.7566	-271.681	-99.6925	320.953
8000.0000	-117.561	-12.2035	208.548	-217.026	-424.098	-96.9267	-23.7401	-384.467	-146.965	132.377	184.524	183.509	158.685	-363.992	160.619	21.3113	7.27792	468.274	-587.113	-10.3958	0.125585	-150.826	-78.5062	238.146	-148.092	-439.964	127.83	-287.28	26.9709	25.4028	-446.242	-360.523	-50.5417	-56.9889	-592.446	203.846	430.082	-372.793	446.045	-379.092	26.6566	-227.941	-13.5596	-699.141	-353.045	-46.6786	-10.8685	-184.282	327.712	5.23849	-184.016	594.379	-12.6949	-439.768	689.94	-260.136	-279.392	180.455	505.324	405.493	-71.5497	268.067	516.054	133.426	439.592	-62.2525	-164.932	-692.372	-29.9811	488.788	131.393	580.348	-599.014	254.975	-152.03	292.771	-721.112	-434.909	234.099	-138.658	570.581	-295.391	241.651	-56.7974	-64.1222	274.759	-48.4371	-202.711	-292.936	300.945	641.353	371.403	-219.259	95.7879	171.2	226.901	-33.0658	-59.9929	-224.6	299.21	-340.925	250.667	395.177	-218.824	140.108	-88.8365	165.304	-286.147	-277.736	-290.28	-338.892	71.3185	179.031	-568.454	144.048	139.178	914.381	-148.374	325.868	-25.3129	-113.276	-445.184	-218.977	423.237	97.2184	-320.079	153.248	-396.644	141.047	142.576	-394.219	-71.9186	-189.158	-477.944	76.739	484.271	-366.184	410.1	408.678	-134.354	477.167	-32.1563	57.3756	-225.223	151.906	257.578	36.8041	-362.182	386.769	214.02	-636.97	-126.868	52.362	597.165	-120.92	-162.868	-535.599	10.7825	-164.04	49.2323	-138.197	245.344	-585.651	570.996	152.447	-197.824	265.625	135.347	-78.9916	-309.172	-71.7535	339.169	303.289	241.364	-242.778	283.65	-139.314	-214.889	39.8571	243.898	114.901	-448.329	81.8296	115.117	-61.3693	-81.7266	-239.327	-418.531	272.51	387.021	207.221	-67.8073	8.46337	-173.817	-312.923	-11.515	405.524	78.6292	-135.757	-206.133
10000.0001	-14.5232	205.462	-390.465	353.698	-231.039	523.246	595.559	331.205	27.5562	-21.8416	-85.877	-176.792	-403.883	419.803	-20.1891	265.328	-84.7673	-69.0703	-56.8325	624.414	259.613	-97.413	211.904	340.17	-257.236	100.912	-295.959	99.7727	-264.314	-232.441	-216.329	-257.438	-45.0604	178.854	-414.268	117.195	510.156	-545.271	-482.846	124.793	38.0406	-564.74	-221.269	-269.425	-17.2935	-177.723	-75.8435	-39.9755	-482.822	-269.603	273.801	321.781	346.275	306.784	160.131	-424.974	-494.462	253.17	70.0151	147.679	257.548	508.748	276.945	-543.946	440.041	-149.415	410.857	99.0656	-426.458	-234.572	-464.823	-106.726	390.2	83.6096	3.3272	229.132	192.346	325.223	-409.974	102.412	255.866	60.1021	201.265	-634.74	-152.631	74.9101	495.971	-29.9426	763.529	257.167	-338.378	277.246	452.993	-464.024	276.033	-460.366	221.77	12.8377	111.516	-248.012	205.259	-274.289	-270.287	170.732	271.016	61.8232	-281.805	17.7786	370.618	359.874	85.7587	150.526	19.5831	285.281	142.564	-440.927	234.287	-88.0887	252.512	-275.546	43.1116	102.797	-311.3	82.8119	-70.1527	-255.982	1.30933	189.825	-306.523	-150.644	-351.978	-77.0616	597.593	284.835	-93.9219	-251.903	21.7561	180.829	142.25	139.508	216.972	134.24	-367.41	177.877	-84.683	194.014	-64.9037	31.3786	-57.1033	36.2484	-238.86	125.017	-193.506	-300.414	-33.2534	-441.601	-183.66	100.414	231.95	151.742	262.094	37.4219	-551.815	-276.508	-38.2014	-6.78864	-212.849	-252.944	194.47	-328.255	-204.219	-153.744	-46.7228	-475.247	-73.5912	121.128	-9.36307	87.454	-4.94747	144.926	-267.532	-236.949	710.758	302.71	-131.506	35.845	-1.17451	219.398	118.908	338.12	110.776	100.471	0.369167	-220.963	-107.255	25.7431	-35.2116	-319.611	-19.4431	214.371
10000.0001	301.364	196.749	194.397	-88.926	-404.925	-83.4988	-82.8418	-159.78	-104.064	248.535	308.458	175.606	13.8504	-402.727	353.919	334.676	-28.5653	457.626	-354.881	-35.002	-71.9591	61.5411	182.812	-59.0956	-271.728	-444.711	196.874	-185.624	-18.5136	85.565	-551.832	-389.817	35.4288	186.85	-616.244	35.9904	701.977	-235.066	239.831	-207.043	-69.9844	-304.311	34.5171	-602.261	-522.758	240.708	99.1479	200.479	224.632	-385.483	-169.366	569.297	-12.717	-478.533	936.759	-196.987	-389.538	-314.885	170.607	119.982	-95.7143	270.929	259.395	11.9533	509.201	126.45	68.7418	-388.582	30.0754	548.431	220.418	461.171	-578.55	134.405	-180.778	179.219	-593.623	-893.441	154.261	-352.806	781.356	-287.914	368.659	46.0715	-128.779	77.8753	-98.8151	-17.5957	-436.199	315.104	832.348	472.981	-334.953	-12.9396	37.8701	292.635	-99.3492	-182.932	-100.562	465.697	-589.618	129.248	817.123	-212.12	417.274	12.8118	78.1803	-367.952	-480.4	-100.891	-287.69	224.043	179.687	-540.215	446.946	145.557	869.062	-411.782	347.243	-4.40424	-138.143	-391.874	-110.175	419.024	195.103	-569.027	51.5356	-577.663	80.3221	175.671	-697.912	-142.986	-266.343	-520.4	-125.952	572.057	-334.855	458.83	161.914	-287.256	404.903	110.114	47.8095	-313.704	305.358	299.668	-212.151	-67.7774	416.164	272.716	-797.452	-115.045	-58.7934	684.917	85.8477	-176.985	-818.642	5.14952	-255.567	-74.1874	-148.842	280.218	-564.067	714.776	228.381	-505.199	399.875	389.194	-125.141	-394.013	-70.9239	338.407	604.582	107.645	58.3969	-40.5889	-560.696	91.1944	-266.091	272.16	127.428	-600.664	68.3029	-227.08	-53.0426	-93.4581	-303.979	-139.556	122.735	304.099	183.701	-233.621	88.5211	113.873	-271.586	-119.057	240.566	205.458	-216.26	-210.979
12000.0001	82.0791	296.428	-304.392	441.528	-320.899	438.799	689.127	455.868	-64.21	-158.397	-19.2445	-176.233	-485.965	361.433	-89.2287	345.38	-88.6552	-176.556	20.8778	692.602	-16.2796	-91.6325	248.313	329.543	-384.067	52.4399	-86.9431	-56.6752	-304.52	-261.413	-276.223	-129.328	-40.6033	139.182	-342.218	243.476	572.693	-469.263	-546.731	-83.911	202.475	-602.091	-35.3824	-91.8115	-102.624	-187.7	-276.177	24.2666	-285.052	-389.756	95.7652	186.415	530.33	439.489	63.6648	-348.213	-484.692	-86.0259	272.781	456.609	119.825	386.351	239.672	-461.764	447.675	12.8835	272.432	311.523	-367.91	-218.47	-601.08	6.90235	366.998	149.64	-267.995	384.152	213.534	275.665	-238.355	-110.407	261.192	116.602	393.141	-323.415	-273.759	206.133	580.789	-69.0251	735.077	270.42	-362.271	226.551	357.648	-467.094	227.105	-542.383	523.648	84.1358	-145.098	-202.618	136.533	-235.975	-232.704	250.696	352.584	-173.559	-308.598	-142.173	609.248	310.082	44.354	73.0782	89.926	91.7375	48.7533	-563.655	274.884	120.55	190.597	-319.05	-121.251	-226.038	-352.6	112.248	-195.03	-303.076	3.04493	193.596	-425.647	-25.9105	-650.037	-31.1879	477.024	145.458	-172.817	-282.956	-19.2395	350.151	224.396	114.918	126.307	34.0258	-499.544	132.24	83.8988	110.907	139.772	-160.028	-98.2262	117.611	-129.561	98.3311	-363.316	-240.058	38.9301	-477.962	-26.8025	-65.724	15.6994	78.3552	209.353	100.702	-401.261	-284.458	103.916	-94.1018	-379.977	-83.3712	88.8119	-273.03	-258.762	-172.795	25.9582	-321.523	177.782	52.1979	-122.456	204.75	-84.2029	-20.1669	-121.809	-169.392	739.862	245.249	-248.379	-89.3951	-91.3045	104.024	-7.74247	301.67	99.4841	44.7923	213.092	-182.705	93.1986	131.369	73.658	-356.494	79.5836	35.5876
12000.0001	6.57875	323.532	308.915	-182.936	-540.376	-109.038	-152.201	-356.955	-49.621	4.81424	81.5233	140.888	21.4477	-568.196	338.02	355.872	-123.671	439.859	-499.992	-173.062	-112.81	148.099	299.141	118.019	-133.787	-539.637	17.2711	89.3272	-86.2509	193.348	-707.204	-440.537	-73.6072	328.169	-461.666	-54.5605	535.349	-234.62	167.913	-204.659	-92.1902	-293.927	113.166	-264.94	-926.871	377.411	215.496	543.132	260.76	-415.933	-181.608	689.392	-166.324	-525.745	770.232	10.1343	-348.613	-625.295	132.203	264.734	-118.829	557.915	-45.0703	-105.186	618.074	211.051	45.7078	-469.092	134.787	277.384	86.4257	317.84	-566.168	74.6067	-383.559	363.8	-621.272	-1012.25	155.389	-321.827	809.045	-313.753	684.206	110.756	-297.982	-96.378	-378.089	-41.257	-613.833	177.492	1048.2	364.393	-121.985	68.9862	-98.1781	321.989	-137.594	-224.182	-28.5328	332.436	-491.525	-98.6164	818.409	-218.639	280.815	225.851	160.821	-557.403	-482.265	-283.444	-486.536	263.528	24.3831	-735.243	386.779	14.8056	754.435	-493.786	294.525	-217.585	-24.4011	-149.416	35.2847	395.264	344.827	-610.22	-109.786	-726.634	-39.0394	209.298	-830.99	-77.1492	-205.897	-644.301	-110.707	913.851	-641.817	433.616	-32.5823	-123.077	366.126	-105.412	257.674	-574.324	426.051	476.207	-364.127	98.3284	242.05	560.567	-844.334	-159.631	-205.49	842.382	-152.431	-188.084	-811.472	-103.941	-352.285	-559.662	-280.615	454.525	-591.295	905.441	461.078	-582.463	160.954	331.467	-109.004	-415.098	-319.916	583.62	563.11	-35.3827	-64.8832	178.352	-557.879	207.082	-403.028	225.377	280.496	-304.296	-247.937	-329.718	106.047	-210.454	-152.022	204.81	342.967	435.436	218.103	-164.1	295.561	124.733	-328.474	-51.1389	254.733	91.2828	-498.58	-158.181
14000.0001	20.3372	364.608	-364.011	348.154	-157.204	552.025	675.601	570.649	-20.532	-298.061	-80.3863	-127.163	-442.549	152.609	-182.796	409.027	-14.4831	14.4322	141.082	789.789	-46.6115	-273.285	124.822	281.171	-194.216	211.874	-60.2994	-182.652	-267.986	-424.864	-245.911	26.016	-218.825	20.1224	-407.026	324.355	596.985	-579.719	-515.039	-178.161	173.388	-490.587	1.82002	-340.855	62.5915	-28.665	-210.588	-96.9255	-272.79	-424.073	40.4995	80.8152	455.491	475.565	112.397	-390.007	-694.952	33.0674	82.4097	547.73	209.311	293.182	401.798	-390.521	438.675	22.7716	287.571	339.832	-771.238	-226.033	-682.208	181.857	441.648	133.907	-461.703	460.448	129.985	243.612	-218.461	-65.6281	248.237	174.253	352	-184.886	-421.434	311.397	536.939	-155.712	742.068	307.451	-406.957	166.914	447.16	-543.367	150.497	-649.236	575.307	292.782	-83.1144	-136.463	-18.2024	-399.886	-332.112	446.147	312.984	-138.518	-219.621	-214.902	402.801	156.166	105.991	5.56223	210.004	182.174	-181.739	-401.512	196.678	287.17	60.2122	-230.484	-185.542	-293.639	-423.984	273.231	-90.1473	-576.731	9.23206	193.043	-535.325	-304.919	-642.5	54.7408	515.657	327.098	-332.1	-489.122	91.5334	255.95	292.146	-185.342	95.1444	241.533	-387.813	87.4693	-2.64657	468.466	259.288	-410.327	-234.003	-236.813	-249.927	53.4639	-355.606	-188.825	-167.66	-508.498	192.521	-129.505	-190.438	181.738	198.854	49.1696	-183.523	-289.863	141.641	-123.683	-453.044	131.222	-241.802	-258.406	-403.59	-256.433	4.48022	8.63393	210.298	75.9208	76.3238	340.407	-115.078	67.2463	-196.225	-211.204	781.991	257.396	-178.476	-60.3793	-1.36776	426.57	154.535	319.725	153.424	116.498	334.672	-281.193	14.8828	416.047	177.309	-329.387	100.661	-9.6845
14000.0001	5.74415	524.688	68.3902	-298.959	-359.561	-491.292	56.1097	-55.5377	-399.848	5.90566	133.897	76.5238	-123.105	-398.998	469.287	299.499	-208.76	346.491	-506.967	-508.344	-268.519	274.743	111.062	315.356	-173.735	-574.52	-35.7364	197.802	-125.44	476.576	-712.573	-573.309	-34.8987	269.833	-539.903	168.058	397.8	-466.921	-74.7074	-22.9055	-161.282	-223.359	191.208	-389.834	-693.048	437.003	331.071	690.559	361.815	-798.796	-224.963	878.372	-327.502	-444.557	889.003	160.006	-283.052	-719.727	144.966	380.795	104.154	560.324	126.068	80.3976	535.042	51.2811	123.898	-607.776	224.376	284.934	330.238	380.181	-694.145	153.741	-233.016	217.655	-433.247	-902.174	271.484	-353.236	563.674	-265.108	340.398	316.851	-574.16	-283.771	-444.222	-49.1104	-718.756	25.9784	940.454	2.86029	187.869	0.933414	-194.047	274.445	96.0333	-109.412	55.9939	277.063	-366.576	95.2054	936.614	-370.205	40.9303	139.146	165.648	-753.538	-735.8	-362.748	-320.746	227.297	-91.6056	-850.243	208.613	143.337	743.414	-115.496	-3.79023	-415.788	107.337	-181.357	44.4045	301.448	558.005	-706.871	58.6841	-900.6	-217.688	146.004	-791.216	-71.8882	-232.404	-611.102	-238.116	1164.05	-806.781	547.58	-154.241	-130.984	600.27	-105.697	563.631	-276.633	736.994	669.219	-627.417	-176.132	509.612	693.861	-623.613	-74.633	369.697	527.686	-113.026	-160.738	-674.077	-288.198	-661.336	-474.064	-169.421	493.765	-438.074	976.647	387.074	-895.516	-20.9656	381.025	-136.817	-433.436	-303.715	604.808	494.154	-103.632	4.35556	214.564	-525.762	167.403	-252.335	182.618	363.733	-220.929	-473.092	21.5808	379.055	-333.84	-225.546	190.017	431.443	668.391	172.921	-195.637	266.921	-229.389	-606.849	-325.753	459.338	-63.3874	-298.39	-233.375
16000.0001	11.8568	646.773	-432.32	241.205	-284.635	525.06	491.421	381.93	26.4563	-478.2	11.0814	-160.219	-192.265	328.403	-176.671	118.046	-88.4374	61.5145	147.834	599.831	-14.5898	-187.765	8.37607	99.0207	-431.472	275.748	-82.997	-68.5647	-237.383	-471.424	-156.628	174.486	-195.062	251.756	-376.98	156.884	707.25	-668.517	-327.276	-222.558	44.7757	-723.893	-26.9188	-397.845	-0.377663	-63.8397	-385.32	-133.695	-250.323	-452.527	137.579	115.209	419.537	357.411	70.5021	-505.781	-895.99	-15.3241	235.415	892.304	94.3602	209.024	171.617	-465.202	511.497	183.311	247.281	377.927	-507.266	-136.243	-767.159	333.255	407.271	90.1898	-445.08	384.291	65.2319	342.857	-172.728	-194.319	167.848	155.496	508.955	-238.765	-153.746	154.584	600.689	-323.898	686.537	255.068	-428.735	199.39	559.554	-642.015	229.66	-775.742	257.587	70.8978	114.51	-158.932	-152.951	-580.416	-384.866	456.484	391.012	102.607	-74.9853	-206.994	431.641	-65.4981	6.18292	-155.352	206.277	352.654	-102.466	-612.085	235.154	370.653	354.983	-276.974	-181.655	-396.305	-421.703	189.293	-116.909	-695.35	5.56531	345.884	-612.713	-136.634	-516.67	96.9017	479.324	324.723	-519.137	-533.166	236.618	418.922	490.144	-233.558	-44.5874	439.751	-465.065	10.8254	54.9142	565.098	157.827	-400.948	-58.1132	-217.521	-300.037	30.8612	-353.668	-154.955	-128.024	-559.324	191.105	48.0997	-179.93	350.236	-20.5302	-97.6369	-198.056	-197.712	176.088	-151.046	-722.306	221.332	-474.048	-139.67	-351.407	-135.016	-119.162	-75.3859	412.815	-64.2711	-50.8087	237.446	-82.2926	-19.6505	-311.654	-61.6747	538.32	405.818	-15.4906	-283.403	198.088	496.72	83.853	196.787	-11.1559	201.779	257.849	-540.66	-131.139	230.798	114.133	-344.408	193.402	-39.9992
16000.0001	-275.926	452.633	49.2223	-65.6568	-119.595	-450.993	145.199	-76.249	-560.989	35.6773	333.327	90.1254	-375.074	-467.879	303.92	654.431	-211.96	713.993	-564.13	-880.461	-333.93	518.064	-132.541	196.469	-187.703	-472.462	-254.037	317.495	-295.559	580.443	-856.412	-765.964	-228.745	-47.1391	-486.626	300.227	25.7442	-714.338	-176.403	73.973	-72.4307	-372.216	94.2384	-277.108	-401.904	316.464	589.444	936.439	197.509	-657.567	-514.895	972.521	-376.634	-514.929	854.466	163.515	-198.991	-507.957	-108.469	339.711	403.488	840.138	-227.423	97.4702	254.148	-146.182	277.168	-378.697	272.255	196.164	432.263	465.497	-813.617	151.572	-346.85	180.901	-624.59	-1068.08	42.866	-232.378	603.418	-277.479	520.851	96.5864	-665.399	-624.317	-489.514	6.49631	-982.917	-87.0562	808.497	159.949	173.789	-150.006	-34.7465	518.637	439.52	-298.913	-66.79	171.872	-420.694	246.57	561.879	-300.407	328.715	35.2946	342.972	-694.459	-820.421	-694.738	-419.561	443.39	41.1954	-751.941	432.135	211.476	853.15	11.1259	149.204	-630.552	-6.19905	-216.958	14.6599	304.131	360.846	-995.149	138.72	-758.621	-162.23	51.0373	-786.909	-53.0944	-201.811	-918.582	-289.186	1522.63	-924.005	693.466	-247.146	-242.126	858.04	-66.964	752.449	-285.546	834.526	747.788	-375.294	-116.382	403.16	459.515	-842.403	217.878	470.844	582.726	-31.2591	-53.4013	-338.179	-293.877	-543.319	-311.752	-136.739	438.932	-247.888	1166.07	346.594	-826.748	-184.945	606.31	-141.08	-312.994	-598.63	894.306	664.084	-36.672	23.5691	-64.8555	11.1761	303.272	-115.313	209.54	489.967	-78.6932	-582.717	273.58	-57.7193	-304.411	-325.129	96.1007	629.095	527.341	301.083	-35.9776	26.4372	-234.525	-614.45	-606.251	210.288	-33.9768	-197.334	-267.943
18000.0001	-8.92827	741.28	-592.926	106.583	-245.891	674.783	539.159	374.661	20.2511	-358.248	-264.801	-148.372	-248.903	560.059	-130.551	204.878	-90.133	344.235	-99.2343	988.455	-281.248	-254.75	-63.9922	414.836	-437.063	186.496	-82.7226	-72.997	-191.716	-412.904	-45.7603	216.145	-110.322	398.971	-491.86	299.181	748.355	-634.178	-432.655	-270.056	247.16	-554.301	-228.007	-329.812	249.816	15.336	-307.445	63.2434	-234.32	-549.248	-149.121	191.871	523.559	513.753	-86.7344	-384.559	-892.461	183.633	178.922	913.681	81.5565	269.899	-63.1168	-232.549	533.775	243.264	166.166	502.832	-337.33	-225.932	-615.271	370.861	677.889	-67.8026	-523.557	430.675	-36.7025	188.65	-256.432	-219.947	176.282	-141.034	661.355	-31.7381	-269.227	228.755	709.567	-225.42	680.892	103.261	-373.946	277.394	518.747	-464.571	318.02	-780.747	204.094	124.96	189.389	-137.451	-195.086	-588.57	-145.223	405.603	471.933	56.5242	-74.8625	-205.78	398.643	105.545	-140.818	-205.601	170.893	137.145	-25.2415	-670.191	199.785	101.098	175.489	-194.248	-152.951	-407.218	-494.951	120.243	-191.529	-657.497	133.146	302.853	-890.404	-197.451	-680.583	-292.061	281.833	285.014	-404.526	-435.233	186.394	541.898	462.964	-72.663	-119.04	473.745	-617.209	-62.1817	302.329	356.941	289.082	-408.866	175.455	10.346	-217.454	-232.313	-413.58	12.0306	-239.516	-441.425	111.319	51.2147	-22.8291	229.207	9.46993	-128.545	-238.075	-204.217	169.645	-84.2936	-844.54	104.933	-694.329	-347.839	-515.265	-69.6343	-49.1997	6.05517	440.644	-34.4208	106.588	168.323	-402.001	-15.1442	-390.54	-139.831	427.292	479.183	-97.8617	-210.676	230.752	593.673	-94.355	123.482	156.294	50.865	162.599	-452.367	-282.448	498.283	186.461	-398.521	0.21721	126.139
18000.0001	-247.121	594.965	-29.3696	-66.8954	-80.9154	-376.019	326.599	-357.696	-579.68	183.405	475.805	211.643	-473.357	-423.264	352.257	738.063	-79.0153	710.665	-478.073	-949.35	-497.566	403.085	-333.507	255.678	-21.0921	-759.096	-257.067	559.714	-396.388	969.478	-1118.58	-559.644	-378.987	-108.426	-670.266	324.896	223.266	-594.256	-58.6304	68.8417	-7.98874	-168.834	-21.2647	-122.769	-446.051	278.826	615.159	875.949	40.7076	-880.05	-452.231	1146.75	-427.7	-545.673	620.521	374.543	-130.262	-506.824	-153.367	341.98	441.066	795.448	-238.943	60.0384	374.387	-456.978	203.621	-352.999	280.802	181.193	440.043	546.199	-510.89	345.19	-137.459	262.193	-682.054	-1212.89	-244.05	-199.379	463.262	-331.905	417.818	-93.4312	-717.435	-867.536	-727.822	122.134	-1052.82	-508.135	804.982	304.576	-71.564	-264.229	-166.186	425.963	521.705	-350.033	41.4164	218.25	-318.8	375.027	597.19	-462.747	225.431	56.5887	211.492	-849.961	-852.158	-580.024	-382.076	563.656	-177.389	-499.068	311.727	199.082	688.982	-35.9997	45.3929	-652.921	11.0255	-53.5197	65.832	365.588	362.874	-1038.09	271.481	-774.627	-78.5097	-18.7491	-1035.94	247.187	40.0039	-840.54	-100.382	1538.8	-1002.43	637.589	-86.7361	-602.568	893.852	-127.149	814.174	-334.463	650.374	448.536	-312.276	-133.364	152.597	320.206	-838.878	305.758	471.908	543.525	-3.87621	-185.448	-410.427	-351.802	-826.481	-319.02	-219.423	405.932	-34.1121	1023.02	476.052	-788.845	-399.009	270.499	-217.911	-350.408	-627.593	1068.9	443.039	9.38191	116.654	119.736	134.623	193.429	-163.66	482.499	355.587	86.9801	-883.334	336.465	-72.791	-450.064	-423.492	-317.44	861.3	414.488	211.572	72.6572	-452.193	-353.394	-489.091	-382.605	162.925	-79.5526	81.0824	48.318
20000.0001	-14.6454	853.637	-676.222	118.286	-447.633	722.046	526.127	303.048	51.4499	-490.75	-468.746	-337.878	-433.532	309.782	-291.877	289.873	-124.842	419.55	67.3714	1183.91	-291.627	-388.896	-74.537	610.978	-510.953	310.233	26.7556	-188.112	-228.328	-398.992	39.6885	341.929	-80.5982	293.421	-497.799	70.9626	749.579	-700.991	-687.907	-660.963	407.948	-392.248	99.9703	-199.852	141.35	64.6622	-157.935	177.148	-141.198	-657.308	-375.714	101.835	772.12	760.411	-189.179	-784.909	-850.539	136.586	85.9948	857.917	90.0821	474.537	-105.159	-431.929	428.322	183.245	4.10527	508.955	-261.368	-216.52	-564.384	328.268	798.803	-230.68	-421.941	543.223	-105.949	296.433	-334.462	-461.362	-62.4604	-234.986	666.009	207.821	-243.742	423.995	791.479	83.3396	759.393	128.801	-168.03	304.028	521.79	-420.063	255.141	-782.149	198.836	251.49	-149.964	-380.67	-271.203	-630.004	-247.722	260.031	229.672	26.423	-191.858	218.608	463.217	39.5316	-20.3977	-402.74	136.532	258.257	136.258	-590.493	138.364	197.995	187.682	-70.224	38.5474	-232.079	-300.539	71.0007	95.1691	-580.431	209.579	346.974	-888.471	-149.813	-561.924	-423.246	424.888	288.739	-319.507	-203.662	25.8316	385.901	579.902	-80.6561	-29.2928	321.621	-489.863	-89.1321	404.547	121.489	464.419	-572.391	234.421	185.62	-252.49	-207.697	-389.094	-32.7699	5.81403	-587.048	87.2599	110.187	21.7792	437.967	-182.131	-51.805	-195.219	-155.529	176.422	-80.1259	-844.317	-27.1477	-528.673	-110.723	-400.86	-18.6933	77.7342	-119.29	454.815	80.096	129.68	33.5143	-234.152	62.3117	-140.296	268.001	333.97	522.731	23.7851	-144.779	150.352	616.876	-115.707	68.5419	274.855	62.5979	286.945	-455.723	-253.276	470.096	324.06	-361.047	-17.3243	228.287
20000.0001	-449.675	417.038	42.839	26.3772	-17.0275	-370.063	57.432	-191.732	-698.195	268.456	655.953	110.524	-433.104	-600.338	447.201	800.407	-377.869	650.443	-620.288	-751.262	-503.645	620.107	-332.047	-22.0413	27.8913	-774.038	-156.739	218.923	-560.673	966.226	-1123.53	-296.51	-198.081	-281.819	-855.759	500.234	407.684	-668.574	-25.1377	-42.3993	68.5757	-225.978	86.947	-164.447	-285.243	362.709	651.076	1008.14	122.681	-891.507	-342.9	1487.74	-795.113	-580.224	555.496	443.638	-281.114	-489.943	-202.457	97.4538	476.37	1009.4	-370.096	193.495	672.31	-532.542	140.936	-595.341	112.607	-194.698	159.261	322.645	-520.219	254.57	-6.25593	694.093	-540.397	-1319.95	27.4732	-363.516	373.031	-101.716	594.425	-248.996	-746.439	-800.02	-614.193	81.5017	-761.012	-312.941	446.9	385.236	-139.151	-246.993	-352.375	347.458	688.478	-34.9429	-217.189	93.0206	-370.191	534.204	510.24	-597.043	360.192	-130.884	113.155	-919.065	-673.489	-690.669	-412.082	742.334	-258.717	-346.759	270.85	-26.6921	885.907	-10.1744	92.7925	-401.72	10.2885	-137.835	265.251	77.3771	600.815	-1082.82	249.428	-742.236	-178.495	-206.045	-788.737	363.671	-55.2603	-1036.8	82.6864	1575.91	-845.795	650.406	-122.944	-393.945	839.926	-239.755	1046.51	-502.264	322.924	507.374	-66.0148	-259.273	213.798	317.167	-927.229	162.813	615.148	413.26	-72.5397	-168.967	-43.5998	-415.595	-735.079	-342.917	-379.452	391.914	-395.101	788.593	736.073	-776.382	-432.105	186.79	-210.499	-280.77	-567.809	1017.48	376.16	128.684	201.804	-93.5055	-6.9414	107.342	-244.204	502.895	113.476	-10.6157	-822.605	374.391	26.9461	-270.484	-303.502	-175.546	757.839	518.915	415.151	206.669	-410.051	-310.613	-713.069	-281.938	64.1295	-348.625	119.19	-101.453
22000.0000	-97.4355	975.528	-572.441	104.779	-215.129	531.764	570.665	378.629	-48.6425	-450.952	-196.974	-384.755	-316.252	358.739	-372.36	-39.6608	-166.03	442.686	298.412	1120.39	-172.755	-510.41	-106.514	473.198	-390.01	308.05	-129.491	-21.8558	-235.355	-527.608	33.0406	303.928	-116.391	431.753	-574.211	252.419	606.284	-500.119	-600.173	-500.909	816.231	-388.113	-61.708	-281.418	176.278	101.427	-61.7429	381.15	-169.004	-476.706	-390.82	438.635	736.687	1123.11	-297.456	-904.879	-854.826	171.294	11.7875	702.626	211.438	865.56	-113.879	-254.063	519.194	321.999	3.78486	546.144	-345.208	-138.665	-448.401	535.384	795.529	-339.739	-592.285	528.059	-115.799	-12.095	-410.083	-295.701	-221.367	-356.636	686.428	239.632	-163.171	524.468	942.331	69.1524	849.556	249.64	-211.087	367.42	403.739	-468.888	308.271	-798.676	3.10514	323.234	-447.325	-287.219	-374.187	-507.68	-553.584	158.147	111.042	267.486	-195.162	267.333	558.774	70.2403	-108.284	-453.716	43.9822	425.184	133.608	-678.99	163.651	5.14643	97.3802	-41.0632	-85.5618	22.6965	-148.593	276.766	169.905	-479.899	577.168	66.8899	-973.064	-218.543	-709.918	-515.907	480.777	283.261	-409.248	-90.7221	230.499	267.694	891.373	-315.589	-73.4697	283.007	-663.637	-258.449	205.415	154.838	461.817	-557.338	-38.6742	229.325	-86.0663	-194.038	-522.003	-111.836	-82.8297	-825.81	-199.572	82.5703	-20.4169	680.006	-263.114	-94.3588	-240.743	-121.287	291.29	-195.378	-860.306	-109.051	-561.499	11.2185	-361.246	61.7936	320.09	-162.268	325.223	158.023	276.751	-123.566	-225.143	-129.699	-71.2476	266.995	423.256	552.117	-140.557	26.9089	181.44	652.899	44.6105	-14.2103	147.111	191.209	138.573	-558.311	-242.399	514.707	405.902	-104.845	27.3161	113.313
22000.0000	-386.064	463.267	98.5679	211.288	267.983	-365.043	169.293	-185.539	-861.43	208.516	725.186	-156.934	-114.306	-645.698	381.854	939.529	-365.619	792.216	-875.028	-957.392	-640.382	558.727	-78.5962	-106.693	-6.24766	-771.262	-326.109	470.523	-356.063	909.84	-1206.71	-223.538	-386.047	-51.746	-991.219	406.212	496.824	-771.296	171.657	171.858	-84.9553	-195.931	-71.0155	-202.125	-397.306	496.174	420.606	1447.27	335.421	-1107.21	-721.045	1420.82	-337.968	-937.794	376.767	585.314	-455.361	-588.403	-92.9351	409.189	638.27	942.165	-652.976	388.462	852.709	-602.706	151.734	-663.247	264.385	-154.234	298.583	421.727	-532.055	44.1397	-129.416	1061.52	-425.117	-1458.95	-80.3579	-211.828	433.133	-309.126	604.518	-521.249	-834.686	-608.08	-600.755	-38.5783	-752.596	-286.683	119.98	276.707	-314.252	-179.096	-363.992	264.973	565.117	-385.497	-429.695	111.027	-487.65	420.215	723.86	-736.263	272.085	-173.927	-66.6091	-973.062	-668.756	-648.071	-274.154	717.139	-502.421	-29.4761	603.464	25.263	1004.9	-24.187	-55.2961	-403.372	149.568	-186.363	-64.7948	87.8859	783.862	-1182.76	394.267	-596.167	173.847	-414.037	-755.115	313.291	167.778	-1009.06	216.165	1548.16	-689.439	448.645	66.3537	-274.31	790.332	-209.485	972.769	-552.76	512	281.123	108.267	-343.495	-22.522	199.781	-1160.76	278.996	536.681	535.698	231.202	-165.488	-81.7955	-493.831	-612.586	-298.093	-326.01	377.166	-252.03	787.842	535.613	-822.115	-335.758	429.288	-57.5714	-234.963	-668.006	927.978	331.089	202.95	396.639	-112.434	65.7719	-19.509	-195.227	595.726	-188.051	94.3266	-988.603	510.484	-140.699	-283.886	-618.057	92.3228	777.684	739.711	488.806	355.548	-511.741	-421.374	-765.612	-349.319	302.145	-405.498	254.007	-175.397
24000.0000	-6.45871	992.043	-775.534	184.624	-46.3864	446.562	609.408	332.94	13.2319	-404.475	-107.573	-505.876	-240.331	151.535	-181.726	149.916	-304.806	519.928	262.137	1226.22	-410.238	-460.196	-24.4642	636.575	-308.567	454.851	-202.066	-63.7684	-347.78	-434.562	73.2893	305.899	-154.168	393.303	-269.073	262.668	714.94	-353.29	-517.928	-383.968	532.246	-436.174	6.17507	-290.446	207.204	-100.408	-226.687	506.174	-226.329	-412.644	-424.804	522.938	898.356	1194.57	-293.563	-915.494	-955.194	156.207	192.586	532.564	413.273	899.687	-73.2992	-427.545	551.205	199.354	-13.261	467.316	-420.092	-277.982	-490.811	655.791	869.328	-313.989	-715.409	381.149	-256.024	-175.526	-457.626	-191.133	-321.995	-458.18	518.318	122.658	-181.402	511.438	1018.79	221.353	925.798	250.587	-96.8286	73.0432	574.592	-379.92	534.327	-851.698	209.095	194.894	-465.851	-319.099	-447.379	-514.561	-552.024	402.659	79.2879	287.141	-114.459	192.826	461.713	201.82	-26.7761	-514.404	58.9244	373.374	40.6695	-727.38	230.875	-36.7468	98.0195	-46.5027	-164.177	261.239	-282.615	340.552	286.325	-525.865	538.387	182.011	-901.733	-338.981	-819.768	-682.462	440.571	107.817	-291.158	-44.7246	136.652	257.206	741.295	-432.544	-84.616	361.336	-462.671	-188.659	298.765	204.011	415.491	-851.102	-178.92	277.871	73.5719	-468.901	-496.435	-82.3339	-81.38	-605.587	-176.847	131.636	25.5785	695.162	-334.801	-22.5179	-149.157	32.6952	25.0428	10.5931	-1093.26	-36.9437	-761.376	102.62	-474.453	20.5154	197.762	11.9266	67.2875	83.2595	115.543	51.744	-402.19	-42.8285	176.512	64.0215	582.247	716.82	94.5071	164.967	109.927	715.006	-202.25	83.49	189.748	40.7733	104.452	-511.047	-218.856	520.824	491.26	-306.393	-144.692	275.451
24000.0000	-707.046	545.363	36.1128	148.351	112.619	-609.124	38.8256	-365.08	-642.353	307.679	888.628	-161.99	2.01886	-706.632	585.538	889.189	-475.07	639.519	-849.38	-796.572	-704.863	411.36	-283.602	-31.7551	-86.9823	-963.75	-102.019	579.536	-644.115	1013.41	-1399.76	5.89924	-799.58	-54.3426	-1144.39	398.68	794.091	-341.465	43.5829	308.73	-82.7135	14.387	-61.6843	-301.466	-354.429	331.718	339.856	1705.81	312.342	-890.516	-834.013	1352.18	-237.774	-886.749	415.097	349.699	-597.585	-732.04	-410.461	368.481	689.569	776.859	-775.022	685.942	787.004	-192.439	358.917	-646.709	310.522	-9.33589	207.861	331.679	-684.214	-324.164	212.6	1117.47	-580.114	-1435.74	45.5292	-152.973	452.553	-249.439	588.572	-602.965	-984.814	-704.673	-557.939	117.284	-674.663	-342.901	98.8654	471.921	-301.111	-144.749	-506.064	14.1279	435.613	-650.806	-436.888	53.3176	-250.471	674.005	579.686	-768.347	197.592	233.725	-48.3105	-1281.99	-691.525	-563.806	-445.426	744.025	-566.655	124.524	630.688	-32.203	1042.66	163.758	-23.3494	-479.36	249.588	-442.084	38.6155	45.4864	765.03	-1463.4	498.026	-536.4	152.675	-329.363	-857.265	288.924	298.047	-1112.32	456.301	1241.27	-852.721	400.797	271.464	-54.5469	809.966	-53.7756	922.239	-667.959	574.764	210.756	9.71265	-364.254	289.336	548.564	-1382.72	409.428	517.071	484.077	248.927	222.846	-30.4011	-547.461	-646.384	-225.621	-389.561	222.019	-268.346	1107.28	412.405	-902.693	-275.386	683.3	-208.862	-440.49	-606.592	699.415	545.705	184.869	255.606	28.2186	-78.8182	-248.15	-310.388	551.067	-318.22	-67.3174	-764.23	483.241	136.606	-257.082	-610.147	-12.5974	705.416	782.13	822.828	450.324	-309.622	-349.08	-1063.09	-205.036	272.503	-386.959	359.059	-275.405
26000.0001	-82.3479	1087.78	-830.203	283.996	-24.7648	286.971	440.354	340.532	8.52863	-324.049	-276.498	-497.894	-515.724	-4.32635	-186.056	396.998	-291.097	450.302	234.617	1331.7	-412.859	-243.432	87.5253	222.683	-184.032	449.959	-168.466	-57.6187	-392.909	-546.642	119.696	218.569	-285.817	567.958	-30.4797	391.143	704.586	-392.927	-223.643	-502.436	447.749	-272.466	60.4668	-308.395	133.041	71.484	-387.209	588.093	-112.78	-581.779	-621.446	551.25	981.748	1078.37	-242.125	-852.126	-1012.61	129.858	184.044	499.338	639.011	1039.37	291.929	-476.875	722.822	213.895	13.4797	504.906	-543.969	-182.371	-492.34	775.827	980.133	-128.754	-692.534	360.13	-185.973	-122.446	-537.484	-98.7213	-139.491	-310.655	475.72	327.119	-182.045	636.108	1399.97	283.016	723.438	251.668	-78.8307	-9.17338	714.824	-339.2	396.08	-856.339	124.813	122.095	-672.1	-404.487	-387.867	-423.838	-697.47	294.665	195.96	343.482	-17.497	182.221	573.899	7.26955	-125.623	-440.944	50.3277	306.28	-147.993	-758.696	157.617	12.9455	178.66	-83.5558	-275.408	265.114	3.51378	470.55	253.177	-541.363	222.697	303.308	-733.526	-275.009	-880.138	-716.389	482.328	161.335	-480.781	-45.2695	319.566	347.718	653.21	-432.89	-423.895	208.911	-491.487	-350.759	197.423	598.325	355.851	-957.008	-173.117	395.159	199.98	-472.367	-638.541	-156.216	-112.783	-830.265	-77.5073	210.591	-23.3293	776.191	-222.186	-13.1166	91.3384	54.6604	-26.0316	-33.134	-1177.47	20.138	-801.154	100.211	-310.391	-161.167	166.616	-200.014	125.532	241.092	132.077	-69.7341	-368.267	-171.174	324.015	-15.6146	680.714	558.648	127.828	68.4113	154.815	979.072	-355.425	272.836	299.436	115.36	-37.7348	-618.219	-350.349	358.734	487.11	-557.723	159.254	100.125
26000.0001	-577.934	884.469	47.4748	250.622	199.414	-621.197	-117.461	-240.751	-479.492	414.536	1038.66	-177.817	-65.2063	-841.185	526.917	1115.9	-661.652	777.568	-1047.93	-792.768	-744.615	460.217	-566.472	238.936	-254.682	-756.939	-238.47	785.032	-484.359	1206.28	-1542.42	39.1266	-876.789	209.634	-944.277	380.867	547.975	-347.992	189.701	409.812	118.275	20.5946	-79.3035	-277.331	-497.944	512.357	576.678	1756.52	637.296	-869.316	-731	1122.43	-256.062	-690.165	720.52	330.175	-493.477	-656.858	-314.367	499.297	593.654	556.295	-800.206	736.486	786.818	-138.747	495.455	-460.753	345.742	-148.862	241.646	31.6928	-780.09	-190.045	239.128	1174.45	-526.534	-1282.28	218.895	-160.177	470.662	-144.283	585.829	-387.267	-1046.3	-596.662	-406.873	102.834	-598.639	-321.468	56.2312	489.167	-357.349	-257.938	-388.104	222.378	624.178	-804.853	-786.004	-56.1023	-476.516	671.192	600.331	-926.251	369.159	50.1972	-132.143	-1441.81	-1021.3	-434.269	-423.941	881.028	-161.042	277.652	660.346	-6.54032	898.12	39.8967	132.705	-565.322	515.292	-365.964	-76.4573	70.0786	450.042	-1331.65	569.444	-470.595	32.1459	-528.183	-1018.19	252.715	376.373	-1026.87	360.962	1421.71	-990.079	204.556	231.304	-199.245	962.213	26.6637	1065.23	-608.778	908.866	246.212	-129.987	-571.743	145.779	512.006	-1622.09	286.709	452.831	435.221	75.7109	17.8578	366.785	-568.255	-722.901	-229.572	-460.027	150.035	-8.30372	1131.32	218.511	-791.313	-464.168	505.593	-94.2736	-482.083	-574.19	889.623	482.814	91.2696	166.696	390.611	17.0897	-176.673	-83.8245	566.255	-176.474	234.975	-351.879	630.845	-139.211	-88.8565	-725.158	114.368	853.096	916.92	412.209	545.34	-176.746	-467.534	-1002.81	-114.333	616.147	-289.321	205.429	-689.635
28000.0001	65.3703	1092.91	-873.078	242.573	-70.0375	443.869	248.045	258.704	6.66472	-252.338	-361.946	-422.05	-519.272	68.7235	-345.162	213.398	-400.31	462.147	307.143	1254.07	-488.841	-353.63	-73.7258	113.905	-67.0501	553.501	-289.635	-146.557	-168.842	-321.085	104.17	295.961	-281.386	665.126	-145.285	437.235	587.747	-382.576	-225.444	-461.189	479.851	-244.329	56.0213	-169.13	248.643	24.0437	-470.755	522.357	-45.3746	-498.473	-541.583	786.039	1005.7	908.797	-409.005	-765.653	-929.47	142.789	-30.7931	489.329	806.061	1111.87	231.86	-547.045	642.178	89.0424	-40.5902	378.44	-523.064	-112.317	-658.078	444.807	1226.39	-144.611	-711.099	261.742	-97.0108	-132.424	-574.938	-351.464	-141.562	-304.266	359.41	330.946	-39.6768	852.28	1307.03	618.275	763.773	408.473	124.165	234.154	770.388	-381.68	529.118	-818.441	123.677	329.094	-586.012	-603.537	-350.776	-642.879	-708.82	462.211	239.977	343.049	213.954	102.401	578.043	-2.95181	-309.163	-567.109	88.3653	207.561	-71.2109	-852.992	125.016	20.6357	222.729	-32.0057	-435.708	245.46	-158.149	516.306	167.567	-539.02	238.67	345.521	-537.203	-421.164	-839.269	-763.141	287.699	116.163	-400.303	81.6721	144.526	573.133	651.087	-393.555	-310.678	334.853	-459.891	-266.204	243.709	513.393	455.81	-882.147	-262.917	393.232	226.692	-436.378	-729.825	-296.233	-37.1998	-755.867	-6.15473	150.311	28.1531	718.163	-257.412	-0.741875	-32.3461	72.765	-122.305	33.0434	-1055.04	81.5917	-790.102	89.8979	-436.073	-257.432	115.549	-496.1	19.8038	358.685	233.345	-43.838	-292.579	-258.828	444.181	-338.77	654.417	629.059	309.752	152.927	29.6453	1127.14	-195.649	244.536	188.577	159.967	-158.37	-668.202	-456.758	106.265	453.726	-764.787	-30.4007	55.2164
28000.0001	-524.895	801	239.847	173.28	191.509	-646.542	-419.956	-271.344	-654.191	500.658	1345.09	-222.426	-46.2142	-911.695	422.813	1166.77	-678.717	909.52	-926.558	-824.41	-914.538	501.881	-730.362	43.4305	-415.434	-905.5	-72.486	707.246	45.6409	1091.04	-1612.04	-144.864	-831.913	243.722	-897.966	158.669	538.314	-625.995	152.313	161.257	-151.936	-50.6518	46.5555	-162.501	-331.003	595.088	721.579	2072.48	693.191	-876.438	-897.384	1311.29	-404.864	-921.691	587.592	331.018	-386.366	-609.079	-302.924	694.906	405.452	707.241	-692.918	625.59	630.481	-377.25	371.036	-230.562	456.878	-235.643	570.596	254.461	-697.677	-217.149	373.687	1067.37	-789.44	-1203.62	174.847	-313.992	870.929	-273.006	509.419	-555.249	-774.299	-770.606	-463.266	-89.2778	-754.587	-368.701	-33.9126	548.862	-380.388	-257.423	-596.594	80.9664	490.233	-926.711	-584.554	-311.028	-478.399	875.308	457.71	-863.681	343.209	-21.2742	-159.399	-1467.87	-977.647	-676.276	62.0475	885.846	-69.9636	262.072	656.987	-73.549	1018.36	-382.761	322.972	-383.37	709.884	-332.801	-213.079	63.1419	373.402	-1265.58	555.732	-23.2911	-35.7353	-508.692	-958.445	-66.3561	393.55	-1002.39	342.414	1604.36	-1042.56	63.2395	126.962	14.1105	961.895	-51.5201	1029.26	-639.347	526.889	95.6467	-84.5764	-872.384	170.045	661.292	-1530.62	625.395	453.999	769.884	-53.0389	76.0695	242.353	-564.775	-999.331	-320.44	-572.13	166.751	57.2567	1073.57	138.077	-585.26	-498.274	688.871	-292.322	-862.023	-951.814	951.48	525.164	-29.1986	16.2302	229.264	136.922	-377.254	-60.3749	328.852	-202.924	-111.145	-419.839	872.196	-60.6348	112.857	-847.182	336.088	973.156	691.833	550.545	478.798	-304.481	-687.936	-938.085	-194.619	524.051	-409.222	102.805	-611.856
30000.0000	-286.606	1286.33	-752.367	277.021	-120.586	453.909	360.15	260.037	-84.3889	-451.216	-519.092	-215.73	-604.197	306.38	-539.353	172.343	-536.245	457.423	260.078	1402.15	-410.776	-465.812	-267.898	273.136	-66.8609	653.14	-237.291	-302.464	-363.677	-270.769	269.505	341.295	-296.225	649.041	-136.456	563.549	385.931	-255.91	-363.841	-266.148	449.89	47.8881	5.42234	-220.326	251.885	-88.7362	-588.78	428.569	-25.8007	-387.632	-538.049	843.539	1032.2	872.657	-449.145	-709.456	-893.554	107.663	272.449	620.293	955.149	1305.77	256.574	-708.589	949.765	50.6167	96.9766	307.296	-548.678	-101.006	-746.788	543.858	1482.09	-276.603	-743.909	90.6512	297.608	-128.164	-489.805	-471.625	-186.616	-243.558	164.971	407.088	-23.001	789.995	1435.26	725.907	692.733	366.392	79.9507	273.728	852.1	-534.497	486.336	-820.335	252.468	370.772	-577.384	-488.853	-319.434	-591.473	-858.054	325.196	200.059	259.121	168.284	304.822	446.314	83.7809	-383.892	-572.069	-114.387	344.937	104.853	-1245.28	-153.245	2.316	387.348	9.37233	-392.167	295.14	-235.948	499.384	170.721	-540.367	280.814	310.959	-645.381	-622.388	-954.042	-840.28	318.166	-77.6006	-253.729	152.91	250.64	560.137	736.41	-514.565	-354.218	463.004	-300.055	-508.161	-190.078	560.819	448.906	-640.061	-307.834	313.873	234.632	-177.873	-579.91	-116.703	154.79	-878.683	34.9253	297.849	-31.0901	614.105	-214.629	22.6355	-185.312	-33.9478	-258.366	149.794	-1123.87	161.17	-686.695	23.5345	-379.24	-71.6088	227.748	-710.504	-26.0487	275.402	143.543	-295.379	-249.352	-78.5005	256.4	-411.39	734.838	602.105	223.626	389.678	-61.6553	786.524	-239.175	276.834	386.205	289.17	-30.1262	-782.715	-335.357	190.256	324.482	-755.17	-293.305	124.912
30000.0000	-689.578	497.554	-116.441	16.5748	236.306	-638.147	-691.046	-204.942	-592.445	459.226	1104.24	-357.789	-0.93303	-761.303	231.869	913.081	-640.108	1017.57	-908.112	-854.521	-740.381	511.2	-632.124	43.0068	-477.331	-725.212	181.419	838.775	-1.02538	876.019	-1520.96	-336.142	-953.061	61.2042	-1064.55	370.533	592.692	-524.776	238.822	334.425	-150.584	-325.862	219.72	57.5461	-271.632	682.902	722.757	1786.27	762.779	-746.682	-922.829	1277.13	-282.605	-1230.23	615.758	236.024	-489.932	-579.632	-424.958	468.347	440.127	812.871	-613.574	579.976	702.146	-528.003	242.274	-79.7175	657.91	-53.9454	801.321	484.811	-814.493	-514.686	468.588	1199.8	-579.53	-1123.95	-131.259	-354.795	949.359	-403.722	813.07	-737.334	-776.685	-723.751	-37.5894	214.362	-825.839	-256.389	298.286	427.415	-431.4	-122.915	-416.075	11.9432	535.818	-757.533	-737.483	54.0292	-463.904	726.938	763.534	-860.512	221.41	-440.883	-527.91	-1452	-883.881	-953.689	22.9033	941.017	48.7868	-263.688	491.621	-46.5354	1166.8	-474.373	15.6038	-397.017	543.647	-350.169	-248.451	-47.3199	470.18	-1508.78	406.433	-69.3418	-0.333919	-445.45	-726.917	-359.52	275.312	-1176.46	220.143	1570.59	-1095.11	-201.752	-20.1876	-1.91628	1011.52	102.89	907.997	-561.84	392.206	24.6385	-252.352	-796.37	207.85	662.682	-1699.06	625.67	566.664	974.852	-120.143	91.8958	219.868	-919.659	-928.766	-474.517	-385.819	123.089	-131.097	1187.67	209.375	-649.77	-319.202	638.239	17.9487	-655.875	-859.508	1229.36	863.002	154.19	-420.478	-34.3159	290.779	-388.481	-78.8584	269.072	-259.103	-214.999	-384.096	1265.66	-54.7575	22.4453	-729.404	586.263	1045.13	825.083	336.857	911.154	-202.996	-403.043	-910.456	-177.442	558.326	-618.46	171.068	-471.049
32000.0000	-373.169	1175.22	-588.793	313.806	41.6578	642.8	347.594	186.653	89.7647	-484.794	-504.349	-462.104	-921.851	229.509	-536.209	84.8257	-410.77	592.003	219.939	1247.02	-413.361	-515.416	-253.441	295.405	48.4417	614.081	-298.891	-219.244	-276.152	14.1506	402.699	257.665	-192.742	512.062	-532.122	634.701	241.24	-384.321	-168.546	-60.817	536.36	33.1333	100.011	-161.353	36.5614	-203.354	-648.733	513.311	46.6648	-353.497	-499.765	906.548	1061.33	865.342	-441.38	-500.589	-849.237	44.052	122.398	655.634	1034.11	1386.95	52.759	-866.987	1152.45	-63.2987	94.0671	268.331	-622.604	-98.3493	-511.62	166.452	1282.19	-346.478	-815.658	-102.617	178.169	-247.702	-363.027	-479.813	-268.374	-427.799	262.543	357.85	-225.497	920.71	1296.76	570.516	883.174	405.461	-47.4881	317.538	880.374	-280.191	285.548	-739.753	161.191	316.636	-507.678	-385.038	-353.109	-624.427	-1063.05	303.064	108.334	466.018	10.4624	301.206	449.597	-7.83532	-134.571	-489.001	-115.125	395.982	92.7006	-1122.27	-32.8882	-0.994981	293.936	1.18264	-340.174	222.254	-327.192	638.096	1.39348	-452.3	447.082	195.53	-378.565	-595.121	-884.004	-1036.78	370.205	-121.302	-279.425	52.9776	384.641	553.532	734.284	-442.335	-192.782	399.595	-140.826	-503.457	-205.86	552.355	658.532	-763.044	-291.521	336.789	29.3344	-198.575	-614.451	-301.355	262.119	-785.215	272.357	378.495	-27.4453	519.503	-304.766	199.894	-168.825	-4.35175	-420.705	36.0241	-1153.3	251.015	-924.246	174.58	-179.217	-161.851	484.467	-586.035	101.39	191.031	208.648	-201.357	-111.991	-267.269	401.168	-319.924	705.688	472.414	182.643	631.356	-95.4711	855.178	-165.225	481.69	397.596	243.523	16.6219	-774.416	-349.328	164.525	92.7079	-706.931	-149.114	41.2383
32000.0000	-516.909	466.091	-355.992	10.5301	235.666	-339.602	-933.104	-413.507	-465.94	601.81	1355.74	-354.46	-21.2917	-941.899	303.372	867.688	-920.364	1046.86	-934.79	-815.408	-730.205	478.324	-642.03	106.108	-430.018	-792.121	117.312	514.347	111.4	846.02	-1506.1	-388.513	-827.797	-202.671	-925.085	211.833	225.08	-668.424	256.036	536.794	-331.383	-246.513	213.84	-185.866	-522.52	691.623	713.959	1539.55	485.256	-685.326	-1387.02	1323.55	-556.661	-1198.59	524.39	159.168	-618.679	-599.066	-486.74	283.605	595.655	722.241	-605.947	759.802	855.851	-638.848	472.527	-204.646	809.106	-230.641	911.835	553.278	-845.422	-591.235	306.768	1034.14	-729.178	-887.176	-32.8269	-202.064	971.596	-396.682	823.593	-1052.75	-805.171	-542.75	-45.9033	341.183	-897.573	-40.4612	216.485	384.871	-500.275	-344.449	-343.568	-329.672	681.278	-815.142	-1042.79	-189.279	-437.712	593.832	695.853	-841.744	257.958	-467.775	-603.107	-1620.82	-578.305	-680.498	158.994	1066.91	52.7194	-92.2729	328.384	4.37458	1374.86	-446.357	-92.5199	-351.647	650.359	-252.241	-552.364	106.332	792.302	-1811.73	713.441	183.47	328.096	-463.075	-688.618	-594.021	110.272	-1143.84	-41.4551	1415.59	-1263.61	-496.842	55.7742	-40.7796	863.651	49.27	825.904	-294.45	440.43	18.732	-244.417	-811.788	214.86	529.763	-1890.01	734.717	645.867	1130.27	-188.989	221.226	503.309	-1016.74	-1043.51	-428.906	-514.175	128.548	-159.303	1028.49	54.9877	-849.328	-345.025	347.445	51.1796	-573.962	-604.926	1372.95	880.868	164.361	-466.043	-187.427	316.123	-410.335	-410.95	279.861	-447.117	-308.934	-421.487	1381.83	-101.767	307.444	-748.565	448.491	900.967	824.396	167.63	768.837	-491.159	-399.428	-877.787	-400.692	532.081	-609.786	73.1503	-394.394
34000.0000	-360.116	1215.77	-621.477	540.745	121.287	688.566	366.296	186.266	103.478	-324.942	-507.115	-514.126	-1086.26	224.047	-494.959	-55.7055	-360.758	650.823	196.266	1249.25	-385.349	-505.222	-307.345	209.843	34.6989	584.425	-285.692	-175.081	-358.67	111.341	526.882	295.22	-309.614	529.281	-577.606	831.729	156.2	-474.272	-203.089	-25.5968	560.778	-165.784	172.223	-179.453	-265.665	-18.3656	-439.382	345.423	50.7672	-629.74	-425.104	991.898	1060.99	1032.79	-463.167	-307.197	-805.846	178.336	285.103	796.797	1075.28	1465.69	171.868	-952.157	1256.71	-227.04	47.7452	364.595	-665.768	-59.0174	-574.435	42.2085	1308.16	-257.84	-710.36	224.274	-99.0889	-294.02	-141.944	-655.327	-456.102	-515.361	352.896	482.462	-144.216	913.239	1304.74	405.7	755.111	528.169	-9.90035	321.954	1037	-183.799	367.457	-629.357	255.487	298.734	-549.922	-449.237	-114.529	-519.712	-1230.86	337.341	164.009	389.875	61.1801	548.012	495.453	72.1819	-75.1054	-490.953	-70.5121	315.129	216.893	-1184.81	-213.622	7.98214	263.628	-264.953	-325.119	184.263	-269.17	560.54	-231.169	-367.561	441.646	107.386	-468.535	-688.461	-1002.1	-794.405	429.575	78.5065	-328.897	-83.8291	293.699	589.383	777.696	-573.228	-265.764	481.857	-31.3975	-442.341	-37.2885	631.043	628.422	-727.492	-215.217	519.158	-185.077	-119.977	-504.684	-687.729	80.1933	-868.595	359.761	447.589	-147.324	412.465	-577.914	305.655	1.25843	-37.4401	-193.178	236.98	-1241.95	99.1214	-1161.71	57.6131	-75.9083	140.007	192.297	-594.424	272.994	166.617	-88.7259	-319.393	-272.621	-78.8382	261.106	-369.395	902.068	451.192	392.057	827.248	2.84473	779.045	-77.4169	525.153	475.343	196.567	-105.552	-652.586	-422.233	399.28	79.7524	-845.118	-184.663	199.247
34000.0000	-607.414	627.238	-110.934	-229.634	285.109	-541.153	-975.674	-180.607	-322.028	869.136	1152.91	-63.7292	-204.994	-967.644	365.301	774.413	-946.28	986.945	-908.936	-1011.97	-970.154	351.679	-542.963	-46.1924	-446.628	-388.505	115.525	470.98	120.099	555.155	-1302.47	-83.0158	-742.623	-308.111	-893.682	204.776	470.068	-703.979	459.556	543.369	-519.326	-0.259799	-147.573	-594	-396.851	961.132	456.528	1340.53	524.503	-615.569	-1403.01	1253.56	-525.511	-1410.73	586.435	125.597	-781.95	-435.696	-385.664	193.36	675.605	747.754	-316.876	481.367	971.247	-554.673	704.803	-337.351	801.31	-611.138	1165.15	568.812	-776.716	-698.677	260.197	837.805	-693.716	-594.119	-55.051	-280.081	851.056	-341.705	826.435	-1235.08	-855.703	-413.475	75.6549	614.017	-1056.35	73.9347	366.65	690.411	-263.409	-399.429	-485.782	-590.093	567.68	-759.402	-1033.92	-56.9062	-518.772	464.899	606.852	-821.261	223.984	-577.728	-403.582	-1829.62	-547.982	-525.716	-70.3952	1149.41	16.5751	-321.667	69.2306	-233.383	1499.77	-536.888	-168.807	-376.518	718.921	-265.275	-294.476	-3.04898	1098.92	-1572.68	530.574	290.772	341.912	-607.751	-756.692	-443.937	405.505	-1025.76	14.8523	1575.02	-956.177	-515.399	298.547	95.619	1194.83	3.15553	616.091	-215.09	193.55	146.456	57.9373	-881.949	270.136	484.836	-1951.97	836.362	687.378	1070.14	98.6643	195.865	670.463	-968.548	-1069.24	-189.328	-130.368	292.956	-137.779	903.006	70.7911	-1258.23	-339.214	256.092	430.704	-844.801	-763.691	1270.91	1018.48	227.715	-437.233	65.0309	645.237	-611.796	-597.351	319.988	-384.284	-425.873	-543.778	1535.53	53.0462	261.041	-811.488	259.86	623.954	707.562	298.918	711.723	-565.509	-118.241	-1127.51	-129.865	427.471	-503.858	123.571	-540.847
36000.0001	-444.559	1422.71	-631.203	724.152	249.932	604.297	401.311	135.917	-103.636	-294.037	-316.793	-185.228	-953.798	142.268	-542.978	-150.119	-368.118	593.097	-214.747	1365.32	-377.421	-236.175	-387.648	91.2686	-71.6425	376.785	-33.4504	-41.9967	-289.47	133.009	512.413	452.904	-357.254	336.239	-685.781	846.707	-108.42	-587.608	-123.065	-170.063	603.835	-87.016	412.548	-279.962	-149.155	-16.1928	-551.447	207.387	17.9082	-538.37	-656.654	875.703	1065.08	1008.47	-247.094	-271.935	-814.685	64.9256	274.966	813.916	1061.18	1318.18	-27.1066	-984.567	1003.24	-261.796	133.18	232.007	-775.547	-130.168	-658.418	89.7341	1039.89	-314.892	-473.793	-50.961	-18.3572	-377.981	-251.209	-585.118	-470.268	-488.491	192.683	466.085	18.3574	882.235	1145.68	492.112	835.699	455.921	-175.837	126.27	1158.76	-252.909	258.401	-502.443	157.882	170.505	-362.873	-533.12	26.3013	-638.48	-1310.66	243.634	391.706	266.707	-29.1274	515.326	394.379	265.344	-60.3986	-565.687	-67.3217	176.026	260.849	-1198.52	34.6193	-88.1282	303.922	-465.064	-81.0211	139.747	-236.736	600.315	-298.508	-417.831	332.121	-83.6229	-462.235	-619.711	-1043.66	-825.934	610.963	118.986	-291.107	-14.2651	263.661	436.815	739.729	-591.338	69.8994	402.759	-182.889	-506.773	-47.1986	514.683	623.412	-727.225	-297.356	505.223	-168.398	-279.909	-436.013	-512.628	109.197	-679.322	481.141	416.715	-271.504	424.216	-408.044	-136.268	-160.801	-41.6573	-322.86	235.657	-1134.84	110.073	-1087.74	138.562	34.5248	179.107	42.3839	-272.817	294.022	448.538	147.426	-245.819	-168.819	260.079	118.735	-448.195	782.174	319.518	301.862	473.46	-25.6219	683.78	44.8534	499.158	671.352	239.838	17.3804	-813.706	-270.884	610.849	77.5991	-813.951	63.221	196.733
36000.0001	-445.188	694.785	-200.851	-425.423	94.0951	-569.113	-990.187	-97.6944	-266.813	900.714	1021.78	-13.9152	-97.582	-683.482	341.803	828.514	-996.133	1078	-815.56	-862.82	-979.966	493.987	-836.77	-37.2297	-471.346	-289.455	88.3069	315.233	255.511	755.645	-1274.9	51.1466	-765.383	-440.495	-1065.09	390.997	761.974	-982.4	626.823	868.176	-578.455	-29.1127	-219.902	-642.047	-131.494	959.722	396.828	1530.43	454.554	-1098.79	-1831.39	1142.41	-574.129	-1266.26	734.547	45.4276	-707.715	-501.325	-252.551	-142.003	553.218	763.707	-260.756	460.606	1077.32	-761.741	655.726	-262.692	880.898	-803.66	1050.07	682.723	-789.046	-863.298	158.751	693.679	-342.35	-279.009	42.5713	-487.316	1003.24	-451.304	691.652	-1537.13	-824.653	-475.316	160.363	581.313	-899.38	26.4598	345.755	476.264	-155.474	-481.126	-456.683	-701.379	734.598	-619.344	-921.613	5.15996	-496.247	427.475	498.09	-526.1	368.425	-800.042	-500.014	-2073.55	-508.238	-583.439	-35.1964	1435.16	-24.4637	-384.092	142.897	-358.751	1776.69	-865.54	-279.923	-444.86	756.478	-331.514	-445.019	29.2156	918.95	-1682.37	718.152	372.526	426.281	-556.13	-948.345	-265.218	353.93	-1118.22	292.5	1441.98	-1011.62	-509.142	295.206	59.8697	1191.6	-215.393	411.72	-473.124	344.241	-5.92679	-68.2234	-726.646	-167.688	341.786	-1763.64	907.852	465.606	1141.65	-194.138	4.82168	494.203	-1048.03	-1075.62	-598.1	-168.134	519.987	-65.8842	903.966	24.1305	-1266.78	-270.93	-5.86859	366.4	-1091.88	-744.682	1319.29	868.32	-51.3701	-491.67	-30.9723	705.215	-409.082	-427.567	505.227	-685.284	-533.154	-641.395	1478.92	283.913	4.8187	-875.171	75.5631	696.118	837.069	-112.353	720.535	-352.735	-82.6429	-866.253	-248.046	961.991	-301.305	-94.3442	-303.989
38000.0000	-363.133	1422.29	-748.371	477.332	146.701	717.344	301.153	214.646	10.6006	-40.0625	-278.371	-268.195	-823.826	110.646	-796.953	-336.28	-442.593	539.419	-272.856	1362.48	-371.229	-167.442	-495.994	15.2905	-233.896	139.709	10.9772	-106.666	-238.661	284.074	729.872	391.329	-329.859	418.848	-687.75	959.376	81.1402	-543.758	-205.773	-135.725	600.131	-151.03	260.334	-392.244	-333.228	14.6823	-668.614	222.499	162.357	-645.526	-778.803	833.131	939.575	807.915	-247.33	-628.688	-429.131	26.3717	481.038	983.872	1198.79	1230.22	164.444	-777.945	1019.48	-427.252	218.014	323.833	-577.363	-178.216	-608.215	138.344	969.138	-111.934	-572.777	-91.6053	-101.32	-365.948	-374.34	-429.822	-381.045	-281.58	339.209	611.224	-59.6168	545.217	1021.41	717.624	560.672	372.382	1.95329	48.2338	1133.3	-391.555	-7.35476	-420.264	246.041	-39.5546	-391.525	-497.874	-4.10152	-714.313	-1231.28	93.8721	432.1	269.45	-111.19	628.05	536.958	457.132	-54.4838	-610.191	132.085	372.956	289.639	-1250.56	-59.6907	-233.804	295.416	-547.699	-5.83574	254.697	-282.557	736.727	-474.285	-396.694	118.764	-53.6051	-454.558	-428.407	-877.314	-675.166	569.726	285.276	-318.673	-21.5248	226.84	661.082	882.44	-674.633	-85.3886	534.199	-63.115	-741.895	15.5024	673.56	690.989	-486.219	-355.74	509.702	-370.701	-181.059	-234.242	-798.47	121.242	-757.772	316.647	447.364	-373.038	469.388	-415.302	58.6649	-191.026	-163.01	-200.735	347.276	-1334.68	178.516	-971.719	135.836	-80.2439	187.975	-80.2311	-267.604	572.26	365.826	157.09	-116.539	60.0364	268.588	216.308	-684.46	603.137	241.116	401.872	359.357	-118.655	627.445	2.61203	504.905	526.556	232.436	19.4544	-620.772	-134.96	569.251	-110.242	-877.573	132.641	-86.7708
38000.0000	-553.68	724.37	-63.1959	-856.716	49.5221	-437.997	-1051.59	-67.8371	-283.832	633.707	848.311	-274.081	-175.589	-923.79	675.964	794.265	-1199.78	1044.57	-861.652	-738.417	-1066.95	335.864	-986.072	180.734	-340.185	-537.898	47.2082	293.901	383.08	1047.23	-1626.18	120.462	-569.337	-647.381	-1159.79	327.688	1025.74	-898.284	490.455	541.448	-614.158	-331.303	-157.411	-699.9	-410.723	944.19	616.447	1366.48	498.362	-1178.63	-2014.42	1305.93	-691.974	-1306.22	690.714	-93.8964	-375.822	-639.162	-453.493	-43.3762	567.744	602.542	-248.625	549.943	970.559	-563.566	631.143	-44.4857	828.463	-1057.86	1049.1	621.525	-930.79	-1163.3	85.3466	678.658	-271.725	-421.753	13.0567	-489.767	966.173	-311.4	519.072	-1264.54	-453.051	-557.703	292.232	596.54	-728.332	22.1711	167.56	430.138	210.875	-389.858	-623.128	-631.81	776.911	-369.641	-968.711	-107.622	-693.094	98.4916	601.936	-533.719	445.805	-1119.48	-383.715	-1867.16	-528.25	-481.25	-74.7165	1490.16	-8.32161	-388.938	169.997	-559.694	1849.63	-827.963	-180.479	-711.323	670.346	-292.783	-394.166	-22.8538	1044.37	-1546.69	591.339	392.962	475.569	-689.906	-617.6	-346.641	147.448	-1138.5	389.467	1681.81	-1089.45	-513.976	-96.6508	-67.1094	951.71	-275.518	399.281	-332.734	241.763	-183.956	-190.027	-916.176	-278.188	463.409	-2051.88	920.48	205.292	1009.19	-197.062	-182.144	518.949	-1321.97	-1279	-441.802	-310.852	883.542	114.274	875.775	315.69	-1372.65	-280.183	151.273	634.044	-882.166	-971.392	1196.52	798.096	-395.698	-293.683	-91.7725	452.653	-493.18	-202.534	598.549	-675.529	-519.474	-800.949	1253.01	369.619	70.727	-665.075	-247.459	594.147	1136.8	58.651	571.121	-325.747	156.815	-642.868	-180.25	984.658	-458.145	-16.0946	-265.845
40000.0001	-609.321	1560.52	-803.233	426.72	257.693	719.805	600.701	172.178	49.3259	-18.6911	-194.465	-280.407	-1043.78	236.141	-836.004	-153.255	-576.854	462.137	-169.495	1440.77	-328.8	-1.51311	-514.566	254.408	-112.861	-16.7257	38.4521	-227.206	-73.3536	172.879	677.196	355.105	-431.021	491.212	-559.678	842.773	109.338	-587.701	-76.792	-99.9516	803.174	-233.61	451.582	-533.634	-373.639	49.2953	-910.671	-99.9583	44.1735	-663.91	-780.266	1025.17	969.489	861.457	-344.352	-728.211	-537.876	-131.333	518.186	812.914	1326.45	1342.41	211.365	-907.492	1081.16	-499.182	321.78	312.74	-383.389	-223.122	-453.583	216.817	915.091	-113.154	-422.265	-194.385	-136.156	-486.941	-173.596	-309.863	-424.073	-306.606	310.871	771.33	46.9533	451.2	1059.6	647.503	444.257	457.883	-5.0071	39.434	977.041	-234.84	199.735	-214.853	111.671	-235.655	-367.32	-570.279	49.9226	-596.483	-1298.78	208.405	500.98	138.759	-251.47	842.281	440.667	510.336	-19.4736	-436.03	208.584	262.063	223.406	-1247.75	-5.24431	-169.864	262.044	-303.116	42.3987	110.221	-112.753	871.25	-355.012	-493.149	-59.3979	98.9206	-593.104	-524.516	-1010.38	-678.494	677.114	361.637	-8.17937	157.81	357.713	501.072	1172.83	-835.942	-36.8324	435.637	-59.1526	-796.298	162.662	618.836	557.559	-409.545	-431.79	510.302	-338.074	-259.411	-106.838	-999.856	358.744	-666.559	382.101	454.244	-239.006	343.19	-301.381	-112.346	-259.624	-239.079	-137.987	164.153	-1299.95	-147.896	-1010.23	297.978	47.0765	233.815	-192.34	-259.325	727.209	72.9258	305.832	84.8882	-10.2702	183.661	253.854	-767.362	588.313	475.238	516.89	349.084	-54.3032	664.589	120.916	555.608	546.383	120.73	93.8675	-534.871	-268.82	509.025	-275.921	-457.641	91.2987	-120.993
40000.0001	-601.131	1022.79	-212.69	-949.739	86.826	-272.923	-1306.67	25.8121	-381.714	856.978	708.645	-316.061	-71.6234	-1104.79	713.399	962.6	-1338.2	948.012	-814.235	-653.415	-987.963	314.221	-1329.18	288.255	-374.188	-212.616	-103.611	251.368	497.435	933.14	-1669.82	132.221	-605.698	-893.5	-1060.55	51.1126	1223.14	-921.397	611.348	817.341	-502.056	-307.884	57.7449	-824.022	-221.604	1076.49	620.001	1490.2	394.316	-926.154	-1831.88	1300.83	-774.369	-1625.65	585.563	-201.92	-435.306	-936.703	-360.649	-45.1753	488.405	704.119	-270.919	668.529	1240.56	-621.647	635.032	169.711	903.343	-1176.54	797.751	827.126	-943.097	-1007.18	117.248	671.045	-508.364	-504.393	11.6918	-382.882	1117.02	-34.2606	640.076	-1383.19	-464.092	-327.014	305.472	489.517	-841.429	-102.149	355.74	515.161	449.985	-834.276	-709.435	-637.94	1037.7	-485.677	-969.622	-300.54	-636.549	53.3653	486.338	-568.13	336.542	-1097.81	-64.8608	-2072.51	-412.108	-431.301	-13.6346	1767.45	154.942	-383.009	146.263	-642.153	1878.93	-818.555	-293.576	-724.887	815.395	-482.175	-477.924	59.2653	1027.38	-1437.53	401.993	387.322	463.664	-756.396	-635.074	-244.652	-62.2407	-1025.02	238.311	1619.37	-1074.63	-544.144	-13.5253	-15.0781	921.269	-134.014	514.779	-223.312	242.683	-684.379	-290.147	-923.749	-277.741	596.031	-2076.83	957.125	609.922	722.042	80.4659	-171.047	758.58	-1248.69	-1233.79	-371.03	-43.4814	975.412	-421.525	720.451	571.109	-1160.48	-345.917	-70.8796	741.673	-837.657	-970.628	1061.51	910.577	-358.304	-546.809	-241.809	574.859	-274.662	-13.2959	391.822	-595.323	-759.779	-705.327	1158.96	434.597	319.294	-818.009	-573.877	728.948	1079.2	283.647	800.844	-126.29	5.90064	-487.227	-371.088	821.84	-183.027	151.476	-223.071
42000.0000	-487.473	1447.65	-799.256	545.673	409.73	688.301	574.341	256.809	182.906	108.274	-356.524	-166.8	-1125.56	149.516	-1063.48	-282.185	-449.312	538.17	-459.027	1524.32	-412.062	-95.9595	-515.051	180.861	-272.657	14.569	74.7672	-347.703	-153.825	75.8941	766.151	222.176	-367.128	571.937	-651.044	756.387	198.345	-633.038	9.26332	-173.828	960.115	-240.771	406.582	-535.08	-264.298	115.549	-839.912	-173.383	7.98653	-510.542	-989.02	1005.57	730.091	954.286	-293.601	-753.721	-567.243	-129.56	552.757	940.079	1509.21	1428.6	85.3349	-822.577	922.088	-357.737	411.041	299.603	-343.685	-259.304	-521.03	-106.632	1161	-312.969	-225.567	-96.2123	-66.9368	-955.282	-369.818	-357.594	-314.218	-400.751	144.839	684.722	132.311	617.141	977.229	640.455	309.89	657.296	72.3168	75.284	799.906	-172.358	79.6651	-339.456	129.143	-148.618	-385.02	-696.945	174.167	-597.301	-1387.83	-43.0881	503.242	340.961	-190.663	823.52	236.769	733.357	-138.493	-364.652	87.9376	160.691	178.372	-1316.6	46.9174	-88.2248	194.402	-299.612	-36.6396	61.3397	-102.412	848.169	-422.194	-416.501	47.7968	-92.5233	-533.002	-429.597	-1082.26	-656.63	624.478	438.546	145.205	36.1444	239.705	646.084	1180.08	-878.706	-123.689	321.442	-332.787	-545.774	200.903	572.997	708.531	-277.087	-499.708	752.243	-415.386	-151.003	159.655	-1066.47	522.543	-732.102	441.326	420.496	-224.793	223.925	-141.065	-57.611	-129.064	-169.284	-14.0488	164.219	-1336.31	-98.1913	-1107.48	438.544	201.991	100.419	-9.1459	-322.677	888.613	274.057	127.769	42.4854	116.811	102.86	45.2482	-902.31	511.443	512.333	569.428	162.547	-100.035	509.174	35.7721	507.191	636.489	192.523	111.304	-458.607	-300.916	282.92	-348.012	-341.924	-74.8095	-251.506
42000.0000	-675.958	1173.38	70.9978	-952.186	335.059	-155.978	-1222.33	-27.5015	-229.107	955.191	735.307	-369.481	-321.29	-951.092	741.634	1142.42	-1402.97	1029.12	-1052.48	-545.792	-962.308	285.174	-1072.42	235.888	-680.518	-169.609	-85.9339	0.52433	472.864	942.123	-1546.81	-57.7868	-784.049	-792.955	-1010.9	-295.734	1471.65	-893.156	885.217	755.235	-560.698	-409.742	105.752	-859.704	-444.252	1163.13	441.85	1608.35	263.795	-885.818	-1973.74	1208.48	-704.006	-1834.54	585.182	-140.234	-876.176	-706.798	-515.26	-243.807	341.572	934.486	-243.403	839.687	1435.76	-737.827	698.484	162.534	996.157	-1176.38	660.181	1235.68	-1027.24	-989.069	131.613	584.441	-499.385	-670.969	-85.7553	-815.693	1172.8	-147.169	753.804	-1355.85	-673.793	-299.357	437.371	430.919	-986.553	-77.819	334.88	595.546	287.686	-821.902	-641.813	-962.648	867.628	-447.564	-1404.63	-279.517	-769.639	-24.4324	595.077	-607.386	411.713	-1096.37	-146.105	-2166.51	-323.769	-362.406	-423.854	1829.33	-156.709	-313.811	295.287	-807.764	1647.76	-749.36	121.773	-756.789	608.768	-577.566	-849.712	-97.4415	1184.09	-1142.33	503.354	564.415	562.895	-697.276	-753.282	-237.759	-11.6689	-985.79	519.077	1463.3	-1144.1	-763.18	-84.5231	-257.542	1036.58	115.391	684.181	-458.839	250.598	-647.384	-364.001	-1176.43	-399.175	594.788	-2194.18	1055.22	399.114	680.877	63.6513	-7.08908	501.608	-1598.67	-1379.55	-293.845	304.658	925.406	-532.631	716.354	534.688	-939.812	-14.5533	-100.32	779.029	-918.529	-766.494	951.157	947.809	-234.373	-516.003	-387.642	693.264	-178.225	-61.411	210.574	-695.36	-782.383	-532.674	1131.66	805.943	135.468	-827.044	-673.867	672.813	1178.48	294.104	828.136	-137.556	15.1822	-577.492	-494.926	762.627	-412.549	301.228	-182.169
44000.0001	-561.068	1413.6	-790.1	521.72	152.667	563.861	482.848	453.964	583.76	-23.3972	-227.009	-150.132	-1007.22	34.2869	-1047.27	-378.387	-682.887	584.678	-406.573	1638.82	-338.018	-208.951	-666.873	214.408	-399.687	57.7834	27.2462	-215.493	-161.013	280.611	722.016	142.559	-481.206	606.271	-557.068	995.561	146.277	-378.702	-36.1839	-101.03	878.503	-270.704	530.941	-681.811	-141.353	-26.2788	-795.776	-337.89	-95.8064	-388.927	-944.648	963.484	725.764	799.461	-335.615	-712.294	-371.255	-102.706	602.445	993.757	1399.67	1270.02	169.757	-832.228	1041.91	-304.125	499.85	279.922	-298.475	-303.577	-377.887	-224.646	1199.51	-503.133	-308.631	-291.53	-61.421	-1112.65	-371.238	-187.924	-344.793	-554.471	151.667	871.095	-73.6604	666.959	903.482	517.359	479.619	652.888	233.925	-76.0574	841.779	-200.426	-8.02732	-465.256	287.913	-260.853	-428.397	-990.413	209.068	-783.551	-1504.89	173.422	508.972	184.002	27.9931	899.815	-116.438	717.468	-65.1366	-369.745	296.889	177.157	286.399	-1165.95	-4.84913	-198.288	375.352	-471.275	2.93507	25.4082	-157.293	795.93	-538.542	-370.085	129.651	-92.5402	-305.737	-544.077	-1164.03	-655.265	822.895	445.674	179.4	228.428	275.101	736.401	1258.24	-1004.95	-126.53	443.211	-247.511	-466.279	392.36	712.955	823.624	-390.829	-648.473	832.649	-574.931	-68.2178	-45.2836	-1037.53	631.186	-719.962	586.227	366.495	-185.992	27.9745	-166.079	-47.2497	-94.423	-330.981	20.1819	99.7854	-1129.44	-259.584	-1000.6	615.283	282.612	-46.6253	-2.57284	-279.681	1016.26	246.176	7.99071	235.464	212.294	157.39	49.3954	-848.462	571.734	291.294	633.2	97.3353	-124.39	780.103	159.608	351.848	322.154	-207.268	198.614	-463.589	-127.947	546.781	-543.732	-609.118	184.001	-250.107
44000.0001	-842.11	1255.46	-31.4397	-844.904	458.169	-109.906	-1096.64	82.0984	-332.894	967.401	717.532	-564.208	-420.394	-946.929	844.587	1291.42	-1419.03	1219.26	-1212.37	-598.257	-1218.92	144.891	-1104.52	276.878	-835.432	-205.975	28.0026	-107.18	606.542	1138.92	-1491.25	141.871	-644.49	-683.318	-948.295	133.206	1433.94	-1091.26	490.949	1064.54	-360.708	-634.941	36.1735	-1132.69	-682.009	883.87	345.364	1824.62	88.8283	-638.005	-2025.2	1274.19	-968.808	-1870.63	322.683	-317.852	-923.786	-767.697	-451.553	14.8994	407.205	928.894	-135.829	900.651	1557.73	-643.262	538.808	47.7412	1168.39	-949.124	794.449	1206.34	-855.791	-1060.35	123.049	582.491	-740.638	-484.058	-367.642	-733.734	1297.4	-72.86	960.751	-1507.03	-642.143	-301.679	513.444	746.495	-1119.26	-319.638	241.748	716.922	262.342	-1317.25	-533.991	-929.464	836.681	-335.543	-1302.58	-26.8595	-804.37	44.5542	433.198	-681.094	307.045	-799.742	35.5831	-2243.61	-476.825	-615.676	-206.447	2092.99	-137.417	-251.597	101.739	-1093.25	1885.2	-417.531	317.364	-578.857	626.029	-424.056	-819.58	32.8092	1272.16	-1168.26	158.337	291.961	510.642	-620.53	-670.288	-26.1432	-338.612	-1185.2	505.398	1619.28	-1172.19	-822.938	-187.063	-190.63	926.583	130.197	573.826	-661.115	-59.2973	-371.137	-255.305	-1141.17	-145.56	394.648	-2101.24	1179.06	350.596	672.871	257.852	-61.8306	398.027	-1301.7	-1401.51	-307.163	313.211	983.05	-660.434	512.113	345.635	-868.722	-142.468	-91.1247	654.259	-938.091	-1102.38	950.38	710.362	-438.438	-720.81	-301.339	638.323	10.9536	-193.394	8.14591	-670.677	-1020.7	-631.537	1119.14	832.056	204.351	-1073.63	-683.319	1035.16	1036.72	464.979	672.657	-321.597	56.8324	-368.917	-487.026	577.147	-416.878	179.988	-194.571
46000.0000	-491.324	1372.15	-797.018	397.624	156.597	437.407	607.413	521.565	819.351	-157.354	-299.624	-226.336	-1040.56	110.512	-1224.14	-580.148	-571.161	501.738	-448.281	1648.4	-172.491	-294.826	-753.336	58.8022	-463.106	100.469	-116.894	-226.677	-234.894	55.8319	944.692	81.2041	-367.224	652.5	-246.026	1031.04	23.3216	-383.864	-46.026	-176.239	742.306	-80.6045	565.57	-593.021	-193.268	-110.532	-635.924	-400.564	65.6608	-470.584	-1024.86	1034.33	769.892	968.334	-421.191	-686.388	-374.655	-244.167	630.811	1019.44	1650.64	1229.72	39.5297	-951.188	1156.89	-154.786	566.495	398.226	-346.448	-541.953	-398.749	-313.522	1149.56	-549.278	-436.341	-256.141	-98.0666	-1013.61	-331.191	87.8536	-346.178	-673.153	201.439	956.607	-175.762	478.631	779.774	444.432	313.785	807.878	343.925	35.8298	730.636	-472.966	-109.148	-255.974	242.833	-370.241	-385.568	-771.835	370.472	-838.226	-1543.25	290.503	458.863	146.664	-64.0059	982.337	-306.602	636.923	115.547	-293.881	204.649	339.439	459.907	-1324.54	-63.2596	-323.805	586.262	-658.899	-312.276	146.126	-276.028	819.633	-543.556	-491.786	294.999	-218.602	-339.806	-631.914	-998.538	-510.972	827.199	397.122	239.263	270.719	258.252	947.207	1129.9	-1001.96	32.6028	214.254	-368.969	-589.283	484.026	600.398	1011.21	-399.96	-444.237	850.232	-717.786	-109.877	-72.1155	-1288.79	755.735	-716.549	520.299	452.934	15.4586	234.394	-86.7039	-40.7483	-31.6932	-307.258	24.7752	207.464	-1195.98	-368.642	-943.708	548.033	518.767	-95.1392	-133.004	-110.441	1181.42	485.04	-146.796	287.082	240.51	105.838	-24.5122	-846.091	885.435	163.188	648.251	-38.0552	-247.248	815.83	316.881	529.082	345.338	-261.045	207.528	-408.688	-167.039	517.23	-427.032	-596.426	416.435	-158.949
46000.0000	-712.363	1076.37	390.658	-425.996	625.862	-113.101	-874.472	397.872	-280.827	1480.41	833.645	-664.612	-405.758	-929.537	860.768	1350.56	-1544.82	1155.68	-1272.26	-636.341	-1263.42	403.573	-1316.54	276.733	-769.696	-150.152	203.465	-69.8345	620.672	1190.63	-1488.99	81.8344	-588.152	-498.488	-896.574	209.428	1843.2	-927.582	483.338	636.598	-387.346	-573.573	-170.189	-1166.59	-887.188	991.005	739.439	2005.81	247.799	-971.762	-1792.35	1017.21	-1039.44	-1914.03	157.416	-54.0655	-698.864	-733.504	-326.959	303.179	174.145	938.665	-188.271	890.868	1761.96	-855.013	370.958	123.575	1380.09	-1148.57	1114.58	1342.96	-855.956	-1244.96	61.2988	660.705	-914.376	-576.82	-692.582	-961.764	1256.83	-115.136	1289.17	-1422.07	-864.178	-226.475	514.667	866.373	-1064.94	-358.761	124.621	744.895	318.102	-1542.61	-440.106	-1058.31	633.084	-101.156	-1426.26	-346.866	-927.622	303.323	158.048	-834.934	598.905	-1015.73	10.6588	-2559.86	-210.532	-679.974	81.6354	2051.23	93.0559	-183.698	56.9609	-947.034	1492.77	-466.89	55.0451	-615.482	860.919	-261.876	-1101.37	-276.561	1076.92	-806.826	221.216	274.202	516.729	-95.8135	-566.563	-39.7458	-428.353	-1179.96	710.799	1431.1	-1137.08	-603.483	-34.8531	-323.362	743.666	231.471	975.074	-533.287	-236.6	-469.378	-179.149	-1129.27	-358.323	828.017	-2336.38	927.446	197.123	929.415	395.276	-33.3848	398.573	-1278.56	-1518	-408.211	363.794	1050.84	-725.391	492.676	142.052	-848.623	-127.194	-315.676	668.331	-1044.53	-1278.23	1191.51	541.003	-170.393	-983.164	-50.8044	568.139	12.2785	-178.901	72.3974	-458.058	-1099.9	-480.479	1116.35	580.272	133.846	-919.165	-720.669	1103.75	1154.07	574.215	533.617	-194.011	353.454	-809.729	-951.549	288.086	-444.653	196.088	-107.234
48000.0001	-429.361	1416.6	-840.964	543.161	-7.88161	590.852	622.262	496.664	1017.93	-113.644	-239.885	-252.64	-997.384	-5.79044	-1348.43	-713.187	-946.42	422.59	-553.328	1984.83	-228.415	-308.723	-668.263	453.814	-371.467	269.48	-53.6386	-337.236	4.71437	28.9079	875.88	128.457	-355.928	448.304	-502.681	1083.25	31.1893	-438.948	35.7111	-119.812	668.158	-190.515	727.616	-643.905	-223.597	-217.852	-583.973	-535.277	-59.0687	-304.044	-909.524	1132.62	523.19	1039.11	-342.837	-711.195	-408.613	-162.18	701.963	1097.45	1464.67	1021.4	217.755	-855.806	1121.01	-155.454	562.836	379.647	-431.841	-373.735	-446.766	-366.032	1168.1	-444.958	-383.231	-291.337	26.1319	-722.007	-418.086	-147.246	-269.231	-716.233	226.186	602.376	-472.969	637.194	783.545	523.3	275.394	861.922	409.229	-41.5764	767.336	-426.693	-52.3747	-468.682	275.365	-307.712	-470.991	-819.972	510.986	-878.306	-1753.48	172.186	443.667	73.3573	-42.9702	1169.67	-358.18	635.416	247.619	-245.042	203.897	177.106	344.982	-1323.88	74.7563	-277.45	421.991	-714.247	-135.269	354.492	-72.8029	832.551	-433.658	-701.781	47.7421	-375.644	-461.804	-549.257	-843.135	-235.956	727.792	606.997	506.553	271.162	308.594	979.027	1094.44	-727.622	-160.968	205.165	-372.761	-404.472	514.797	567.216	967.281	-289.63	-415.904	672.065	-870.061	-2.01682	-49.5384	-1270.64	754.786	-757.412	610.629	484.471	-10.2545	108.982	19.4391	-211.414	-38.496	-256.046	-70.1831	275.351	-1215.09	-534.478	-1003.25	343.519	807.374	-182.681	-207.15	-38.9843	1091.29	438.84	-207.513	442.574	327.658	107.308	47.0579	-610.798	863.161	198.597	747.845	-41.3198	-371.605	893.111	486.176	569.985	240.595	-403.152	458.052	-508.504	-109.973	600.654	-387.865	-719.793	457.16	-365.016
48000.0001	-643.826	965.788	400.647	-698.359	683.91	-202.718	-784.277	315.707	-265.117	1638.22	1111.64	-702.58	-396.131	-633.273	850.409	1250.48	-1288.27	1028.33	-1207	-799.418	-1342.82	277.066	-949.75	274.569	-811.227	-0.95371	30.7495	6.18068	825.242	1135.97	-1520.48	347.998	-591.764	-372.791	-931.321	164.705	1583.7	-1174.89	175.608	251.586	-418.22	-541.021	-68.5418	-1154.8	-790.293	1068	844.644	2256.06	348.06	-864.467	-1957.84	892.954	-1258.62	-2042.83	311.15	-18.2834	-794.453	-793.354	-253.165	466.309	106.037	709.895	-317.788	652.079	1792.72	-766.341	565.715	67.133	1416.46	-1097.17	859.932	1268.44	-1093.02	-1385.56	110.811	530.837	-803.919	-501.366	-924.116	-1069.93	1290.2	-268.223	1357.48	-1708.29	-750.642	-533.439	731.62	930.773	-1155.57	-92.6081	58.5607	597.999	532.49	-1682.55	-462.938	-1126.24	805.476	-50.9729	-1311.17	-689.443	-1077.47	268.378	418.48	-830.753	758.031	-956.88	-82.1818	-2419.03	-90.3586	-803.975	-38.3015	1849.86	177.814	-308.463	423.999	-1251.22	1378.23	-415.948	123.403	-593.958	973.875	-184.855	-1113.67	-285.794	1361.7	-780.935	171.256	613.949	547.996	-281.074	-877.751	-92.9744	-455.058	-1357.71	840.749	1543.91	-972.335	-402.779	-289.752	-373.754	496.284	329.794	842.808	-888.675	80.5438	-466.253	-160.278	-1212.32	-314.123	912.284	-2216.38	1135.17	224.382	827.582	233.918	347.862	449.792	-1427.33	-1506.11	-391.055	352.583	843.49	-599.63	388.714	50.2106	-873.446	-472.204	-192.177	710.832	-1040.51	-1253.57	1188.46	712.266	155.252	-963.602	-10.7878	783.761	-86.3647	-467.047	187.716	-238.748	-1195.4	-456.252	983.962	267.704	366.502	-861.707	-922.146	784.494	1138.21	516.625	772.745	161.682	358.404	-1011.93	-766.727	295.181	-439.126	126.429	-234.941
50000.0000	-452.874	1544.05	-921.465	584.643	77.4933	402.379	536.329	335.58	893.172	-180.381	-316.144	-107.599	-889.209	-179.1	-1138.55	-839.785	-877.32	418.528	-367.15	2085.92	-161.074	-433.393	-664.462	739.808	-218.622	337.221	5.06422	-382.389	76.8605	-110.269	889.104	295.615	-331.902	447.637	-358.904	1200.14	-59.2217	-314.569	271.642	-178.817	634.349	-108.915	825.534	-448.128	-68.0815	-136.997	-784.759	-562.669	-188.26	-142.564	-897.082	832.191	697.33	888.958	-550.11	-623.077	-414.164	-248.109	638.903	1182.44	1455.15	750.605	121.768	-831.635	1247.41	-181.154	514.431	312.829	-430.607	-627.349	-376.42	-508.477	1151.24	-271.544	-347.757	-292.138	-58.7197	-705.183	-465.339	-310.534	-216.522	-1028.55	228.511	731.664	-429.264	787.286	532.865	454.49	186.714	905.458	463.52	-237.773	927.269	-381.852	-132.688	-377.068	225.892	-135.842	-419.182	-819.622	482.55	-996.579	-1853.61	63.7916	508.201	229.954	-112.216	1272.29	-194.295	432.387	265.423	-238.688	361.874	-42.3097	418.648	-1290.25	164.275	-367.062	622.816	-782.984	-46.502	466.093	-92.4911	635.201	-427.389	-816.196	-67.4815	-373.642	-468.115	-688.485	-656.44	-380.295	483.787	591.358	798.895	304.698	252.32	1096.59	1187.52	-835.424	-281.707	80.1709	-455.311	-345.137	570.85	561.773	1099.63	-283.91	-547.054	554.24	-610.556	132.128	-178.878	-1191.45	759.51	-588.97	523.831	171.856	-103.634	-50.1114	164.184	-313.15	174.2	-211.902	-133.403	329.58	-1313.44	-662.887	-845.504	229.752	842.768	-170.275	-79.0702	75.5812	1087.28	456.927	-332.102	532.187	416.081	77.3295	248.435	-294.198	827.899	320.081	654.659	140.528	-338.788	938.492	639.175	529.261	393.56	-367.322	291.982	-335.43	-472.827	623.594	-547.287	-678.072	246.008	-319.578
50000.0000	-643.99	739.937	493.327	-816.737	426.941	-222.447	-946.77	480.554	-420.576	1565.74	1098.55	-721.826	-436.249	-455.167	536.267	1416.93	-1154.93	805.454	-1398.37	-736.345	-1497.59	191.708	-809.991	412.368	-962.424	-53.3958	177.088	-229.323	835.665	1311.72	-1447.63	427.03	-587.635	-362.407	-1223.63	418.416	1652.46	-1089.5	164.935	106.137	-521.54	-830.746	-2.1581	-1268.83	-993.435	1002.41	729.073	2780.05	493.199	-643.274	-2150.82	1085.96	-1134.3	-1974.86	336.824	96.9513	-1096	-576.401	-262.559	568.736	124.46	649.281	-58.132	679.779	1719.15	-543.007	650.395	-46.1341	1641.77	-877.867	1030.56	1306.09	-1079.16	-1299.72	112.652	341.701	-767.445	-687.189	-932.866	-928.532	1053.91	-239.085	1231.44	-1964.66	-839.176	-610.078	680.821	1038.26	-1297.3	-15.9279	17.8449	590.506	731.627	-1637.49	-563.144	-792.637	894.376	-189.9	-1503	-822.732	-1097.99	287.842	187.831	-896.307	741.443	-797.578	-129.097	-2466.82	-88.9084	-780.112	81.9685	2149.93	510.312	-196.435	395.944	-1329.99	1564.03	-342.972	293.028	-1076.8	922.623	-335.254	-965.185	-149.933	1187.91	-727.998	234.578	720.547	381.604	-181.502	-648.155	10.9473	-425.948	-1364.33	633.324	1632.12	-761.214	-617.997	-186.885	-567.623	527.585	375.999	767.167	-1053.58	-56.4803	-615.103	-177.594	-1395.18	-405.644	1059.1	-1746.04	1312.68	114.249	1058.55	264.193	332.375	556.801	-1519.28	-1658.9	-320.217	365.333	665.183	-520.613	481.258	58.3065	-1138.66	-710.796	-93.2669	935.12	-976.19	-1300.71	1151.57	642.518	169.234	-749.002	256.901	1036.96	-225.805	-503.432	288.929	-487.941	-1064.72	-809.974	963.1	353.601	163.168	-819.563	-782.923	758.096	945.208	593.817	759.896	434.303	474.847	-1159.52	-637.64	-34.2141	-316.77	98.9443	-442.959
52000.0001	-440.106	1382.83	-919.751	383.453	170.827	486.363	528.996	202.546	928.176	-221.039	-358.48	-100.579	-925.98	-409.046	-1105.14	-830.911	-936.127	427.778	-482.262	2051.44	-220.886	-516.416	-552.01	946.855	-117.396	168.742	-48.131	-332.274	211.787	-185.068	757.863	226.81	-252.998	422.384	-411.747	878.317	28.6533	-387.34	197.992	-139.45	528.36	-169.214	898.957	-410.329	145.535	-140.359	-870.351	-524.768	-34.9198	-306.898	-866.738	914.694	675.593	577.589	-655.931	-564.963	-401.779	-20.6508	560.224	1279.96	1407.33	641.559	258.664	-631.415	1188.22	-32.24	380.138	307.132	-586.652	-701.883	-288.997	-433.406	1279.01	-267.406	-307.474	-322.666	210.725	-691.253	-251.558	-99.5353	-223.86	-990.622	274.979	647.586	-269.807	666.802	695.405	287.072	52.7143	1256.88	305.997	-40.1426	830.215	-690.433	48.9047	-214.029	217.743	-18.4789	-589.332	-1106.47	379.888	-1113.74	-1563.47	48.8387	462.541	98.53	-349.939	1424.49	-32.8634	597.362	465.048	-35.8045	254.454	12.3047	349.202	-1294.13	203.078	-241.152	902.99	-775.912	-126.423	500.277	-119.932	443.342	-780.025	-741.449	-226.332	-47.0102	-513.688	-910.182	-560.175	-587.088	515.019	439.963	549.861	270.829	197.345	1250.08	1143.5	-860.472	-382.851	-142.31	-558.406	-262.91	787.538	733.049	1097.68	-319.363	-595.779	642.268	-592.292	-73.6514	-161.251	-1389.04	715.742	-474.874	555.775	307.568	-177.957	255.755	216.954	-452.324	58.2988	-320.928	-95.2881	55.175	-1204.12	-538.94	-1078.15	381.269	722.755	-185.498	-248.482	14.0218	1335.08	186.409	-361.851	645.923	598.117	60.591	297.114	-251.081	672.738	268.582	339.458	393.791	-361.829	815.158	700.359	600.67	472.388	-330.736	409.8	-386.509	-343.87	711.708	-737.691	-532.149	265.629	-169.695
52000.0001	-1012.23	576.215	472.07	-607.452	878.492	-613.286	-725.659	693.259	-338.903	1574.23	1317.75	-612.077	-475.657	-239.318	272.814	1346.19	-1210.03	832.715	-1441.46	-831.257	-1434.06	147.301	-621.401	710.42	-947.325	5.83051	208.829	-160.154	663.227	1338.65	-1249.44	362.746	-323.106	-74.8471	-1101.15	373.406	1397.65	-1408.15	345.536	218.256	-562.71	-968.597	-83.728	-1344.24	-953.404	922.109	500.057	2397.58	243.785	-615.306	-2223.48	1174.55	-958.798	-1923.48	777.382	176.068	-1157.1	-670.862	-448.312	576.398	92.9659	767.355	-395.031	907.616	1711.45	-289.657	520.894	297.222	1749.02	-1129.85	948.883	1151.09	-1052.41	-1238.58	-53.0009	244.816	-690.123	-740.91	-921.159	-744.857	1075.31	-516.18	1145.07	-1691.51	-600.477	-676.209	627.091	914.076	-1419.04	-168.537	71.4655	804.845	889.466	-1313.56	-533.823	-636.929	966.599	-527.148	-1462.94	-1119.51	-1412.35	643.42	77.2939	-1009.92	932.64	-1072.39	161.991	-2337.58	-316.134	-1017.69	91.7377	2166.38	805.819	-304.761	526.987	-1305.64	1691.35	-488.26	204.234	-954.171	1049	-406.459	-1104.26	-231.77	1160.62	-898.221	362.457	794.456	551.84	-109.335	-790.496	251.65	-281.867	-1534.54	1093.72	1666.87	-1030.64	-558.779	-212.037	-578.354	421.79	111.102	857.298	-1138.02	251.269	-639.016	-132.067	-1354.27	-306.696	1209.02	-1789.94	1439	25.4202	1029.65	150.634	181.04	683.678	-1580.42	-1664.79	-528.305	528.986	652.41	-617.002	653.758	188.349	-1352.51	-863.735	-651.664	1230.29	-1185.41	-1467.01	1273.01	901.731	87.5827	-857.921	459.921	1247.03	-178.037	-621.851	88.1976	-329.717	-865.397	-741.794	1028.28	337.251	305.615	-943.465	-737.181	729.967	832.292	613.75	855.293	545.556	619.249	-1026.44	-611.961	156.286	-513.823	-241.885	-223.616
54000.0001	-139.199	1295.91	-1075.71	425.996	114.457	600.679	529.95	250.8	955.231	-55.3432	-349.431	-186.995	-1007.62	-439.318	-1172.7	-842.188	-978.823	424.14	-376.838	2040.29	-244.843	-540.032	-457.665	1089.86	-376.495	106.724	-95.0286	-277.873	288.612	-149.569	774.908	179.66	-287.517	397.885	-287.077	754.987	-220.147	-389.302	194.18	-64.5325	520.69	-71.5758	1050.79	-243.153	65.1912	-453.675	-818.394	-420.963	2.88621	-76.6602	-868.52	1065.65	767.472	663.323	-766.742	-659.429	-293.26	-101.032	521.915	1541.83	1467.67	632.98	219.525	-617.276	1150	125.655	371.802	390.624	-546.61	-683.903	-452.538	-351.645	1271.61	-306.056	-284.327	-418.119	179.987	-849.845	-186.694	-105.929	-21.6751	-1268.36	313.95	732.588	-468.733	644.693	891.901	448.111	118.881	1377.77	368.316	-93.6364	725.918	-800.789	110.806	-484.361	337.603	-108.812	-594.688	-1145.28	420.88	-1104.56	-1618.59	-36.7981	426.398	140.375	-274.132	1354.32	-46.9863	629.929	604.982	117.065	329.577	106.375	213.407	-1200.19	92.6434	-288.475	762.335	-981.887	-206.944	745.982	-228.778	315.111	-709.091	-719.526	-304.323	114.845	-585.458	-1024.61	-720.74	-799.638	272.564	355.308	594.92	260.04	217.891	1064.88	1340.64	-1045.92	-432.444	52.0723	-417.531	-223.437	757.309	753.119	1172.47	-282.279	-653.917	918.787	-562.006	30.6621	-241.415	-1376.22	723.408	-422.831	599.426	443.063	-339.231	31.0246	305.811	-461.82	-76.1394	-97.0933	-98.5587	21.1606	-1260.87	-658.779	-929.951	216.463	926.356	-99.6509	-334.89	-145.564	1048	482.033	-404.878	526.321	748.821	69.4874	446.152	-254.525	739.678	398.646	387.209	467.95	-423.151	863.918	668.629	516.885	394.993	-322.114	328.278	-369.979	-422.143	665.494	-787.291	-380.987	176.336	-291.172
54000.0001	-882.073	821.239	525.102	-678.275	771.477	-720.579	-906.138	875.539	-514.785	1653	1255.86	-538.112	-762.382	-133.352	439.804	1396.21	-1083.2	902.484	-1351.51	-879.671	-1276.09	26.3457	-671.932	631.914	-776.382	57.0257	301.034	-584.508	673.039	1253.93	-1803.21	436.739	-517.815	133.304	-945.807	536.769	1821.26	-1208.47	429.619	195.112	-634.5	-874.406	67.6688	-1207.07	-1089.69	951.38	348.292	2532.69	222.25	-682.455	-2613.96	988.987	-787.075	-1911.39	747.954	201.194	-1137.05	-584.777	-602.256	496.718	-44.4281	915.344	-532.245	873.191	1849.61	63.8265	544.848	170.168	1369.43	-1217.56	1273.99	981.976	-1266.69	-1345.02	92.7468	407.695	-509.06	-1103.08	-657.58	-729.431	1398.77	-674.293	986.191	-2102.11	-307.67	-768.545	263.556	879.215	-1485.36	-315.139	-25.6474	853.291	672.016	-1375.55	-282.455	-527.498	1163.93	-681.059	-1168.05	-863.083	-1547.28	529.545	-96.8331	-1218.16	878.158	-971.529	126.481	-2162.06	-121.97	-1150.23	247.405	2049.68	722.561	-595.009	467.526	-1487.92	1672.45	-351.379	448.109	-1007.73	1016.76	-327.752	-1210.59	-273.6	1035.92	-1067.64	770.581	654.762	847.836	-97.2297	-898.46	362.558	-460.013	-1587.64	1201.31	1687.37	-1254.75	-430.982	47.7049	-502.681	215.732	118.116	994.653	-1353.5	157.63	-848.707	-20.547	-1035.84	-533.009	1235.21	-1726.3	1305.92	393.77	1004.57	232.519	-60.4226	536.264	-1442.53	-1612.78	-533.009	368.481	652.156	-791.55	429.139	262.689	-960.352	-709.941	-640.659	1333.81	-1234.43	-1545.45	1157.9	662.926	278.53	-963.354	444.582	1364.15	-101.654	-497.781	178.292	-343.921	-868.003	-787.74	903.537	302.918	100.341	-939.64	-718.104	587.756	741.986	601.844	1065.99	957.825	450.077	-1060.57	-431.235	71.5691	-572.141	-457.888	5.49404
56000.0000	-209.789	1250.43	-1313.55	438.513	361.944	352.668	606.395	585.643	874.837	-19.8416	-434.331	-217.403	-858.876	-312.23	-1419.61	-898.029	-848.53	331.398	-379.299	2206.16	-9.95276	-700.167	-746.206	1019.24	-343.132	296.345	-215.658	-269.158	212.456	5.5308	643.153	213.579	-355.31	297.136	-293.441	769.984	-350.325	-305.248	-46.7551	112.935	596.345	-156.367	1202.84	-530.892	-51.6218	-384.979	-838.277	-417.988	-103.918	21.178	-938.278	1240.22	811.353	804.057	-760.409	-664.707	-133.543	-138.773	646.861	1628.36	1413.22	630.391	257.774	-668.259	1114.92	247.993	125.152	301.267	-659.683	-547.942	-497.184	-300.888	1471.11	-153.459	-61.85	-285.72	173.783	-864.974	-17.7379	-59.5897	-110.943	-1282.37	299.831	509.436	-318.451	481.735	781.867	423.627	236.404	1572.11	382.643	87.7257	730.433	-735.267	34.799	-387.614	523.016	-81.6112	-471.976	-877.891	414.273	-1188.88	-1493.42	-64.6229	544.572	53.6984	-133.91	1454.08	95.5771	746.822	697.509	121.146	252.957	183.949	214.144	-1329.99	134.882	-319.719	697.717	-1197.59	-166.105	861.882	-233.969	366.467	-915.01	-883.681	-152.161	154.855	-425.278	-1032.41	-675.89	-705.408	238.145	362.154	589.703	389.395	231.011	1125.23	1462.53	-951.286	-443.842	-72.6831	-482.064	-394.558	925.557	854.927	991.876	-51.4704	-696.682	675.174	-486.261	315.124	-191.835	-1211.27	958.894	-399.14	596.052	574.888	-410.617	111.401	384.453	-461.378	94.2252	-285.037	24.6074	5.91957	-1299.32	-445.584	-988.989	130.559	1164.65	54.8123	-348.715	-166.506	1097.77	520.52	-486.892	464.641	916.587	310.363	404.089	-223.55	818.315	401.409	539.083	729.694	-461.444	1019.87	1046.63	396.005	194.421	-341.02	214.551	-422.288	-418.814	699.248	-878.51	-324.899	-151.976	-368.209
56000.0000	-1119.86	659.859	465.301	-689.446	843.543	-888.737	-1064.69	970.834	-575.84	1748.08	1525.59	-542.111	-568.687	-228.686	589.849	1333.68	-1109.51	1355.94	-1191.46	-841.664	-1097.1	441.552	-860.186	699.398	-1112.95	61.4567	131.642	-604.95	675.42	1434.98	-1819.42	642.696	-680.542	70.1625	-729.323	463.439	1468	-1119.59	344.809	341.771	-834.6	-926.655	66.9748	-1306.24	-1250.58	1113.9	139.554	2476.24	405.639	-477.076	-2427.28	970.724	-775.811	-1825.95	793.798	-94.2683	-1074.12	-559.54	-709.266	448.69	-50.5875	1021.75	-697.882	593.976	1910.79	324.893	721.118	115.626	1220.54	-1149.29	1605.99	1192.35	-1243.86	-1316.72	51.042	500.079	-397.64	-1224.3	-1038.32	-551.003	1388.7	-591.151	1160.15	-2191.84	-27.1587	-848.936	653.095	823.938	-1296.94	-234.729	141.864	626.653	687.836	-1235.63	-399.556	-539.277	1516.35	-818.794	-1379.23	-1275.37	-1459.83	734.146	-169.674	-1304.7	946.533	-1015.08	-47.3223	-1930.47	-257.576	-1464.66	194.576	2122.35	579.103	-382.83	607.367	-1478.7	1386.91	-403.508	349.743	-899.794	858.89	-128.658	-1141.63	-398.658	1285.85	-1160.15	826.356	580.458	976.133	-316.137	-1138.14	403.678	-371.668	-1764.91	1212.34	1600.19	-1056.02	-486.597	-164.879	-257.385	338.572	49.2497	866.15	-1352.34	75.0437	-1170.86	-404.618	-1003.87	-842.202	1288.89	-1621.65	1468.53	635.351	1111.71	496.035	-97.0759	618.147	-1791.92	-1798.65	-450.71	365.772	603.928	-940.283	415.961	212.043	-1111.2	-446.494	-715.153	1396.98	-1555.82	-1715.27	1373.76	479.487	278.316	-1024.6	37.8301	1240.39	-107.651	-372.007	210.384	-325.371	-701.091	-780.544	1104.69	202.823	279.65	-997.096	-647.268	627.403	638.72	689.896	1001.37	966.537	317.018	-834.963	-358.47	0.785037	-315.151	-352.957	-71.6386
58000.0001	-54.7531	1333.99	-1560.53	354.072	80.6415	404.116	619.455	738.16	700.618	-178.222	-279.038	-257.006	-822.755	-328.909	-1416.83	-861.696	-989.066	506.85	-463.34	2121.74	164.394	-778.719	-545.163	900.437	-346.249	556.219	-290.088	-135.483	137.375	129.285	877.678	540.201	-242.37	404.166	-573.3	1069.36	-323.434	-388.846	-32.8343	-4.84549	637.52	-57.5945	1090.29	-483.318	62.0502	-533.262	-989.551	-580.973	-198.401	115.901	-663.61	1197.08	816.758	875.521	-605.6	-418.969	33.7492	-216.798	753.897	1828.59	1205.53	669.988	209.385	-511.206	1211.35	125.661	214.029	422.552	-584.525	-257.065	-727.38	-189.159	1437.13	-27.9665	-72.7039	-147.21	414.893	-693.481	62.3194	86.6304	-31.4086	-1272.36	394.372	323.267	-158.644	712.595	744.618	404.282	320.023	1567.93	378.151	-1.89183	436.217	-770.204	156.528	-308.386	488.078	-219.748	-339.386	-1220.08	404.786	-1234.33	-1425.76	58.9105	788.514	24.6545	-214.325	1543	159.578	713.221	730.154	118.414	335.264	420.067	211.288	-1443.64	-1.86217	-402.192	777.333	-1305	-209.603	984.084	-268.122	321.6	-957.336	-1017.82	-51.2914	226.095	-612.021	-1072.49	-764.467	-734.113	334	364.968	392.77	206.288	334.245	1262.5	1539.42	-990.178	-277.548	-79.9473	-612.815	-661.511	878.196	633.927	1093.45	-21.2544	-782.403	594.227	-611.98	368.569	-88.6722	-1377.45	637.484	-277.384	601.546	311.645	-454.228	253.649	377.397	-456.75	-12.6967	-445.966	-217.114	91.6228	-1452.18	-422.908	-1087.18	-104.475	1157.08	57.7296	-371.518	-68.6129	1001.66	235.907	-444.154	323.208	712.275	448.348	360.682	-466.381	655.578	509.1	660.488	592.924	-498.403	791.188	1076.09	471.405	69.7959	-437.35	214.103	-539.355	-259.698	787.213	-971.623	-66.3062	-226.999	-597.272
58000.0001	-1325.09	386.431	220.663	-686.71	577.098	-1002.25	-916.038	774.31	-737.503	1658.9	1626.16	-531.623	-240.032	-210.258	767.869	1423.34	-872.805	1360.96	-1261.46	-1009.33	-958.492	523.251	-925.877	721.196	-1141.61	-123.615	168.749	-651.809	544.287	1480.17	-1935.85	801.742	-672.24	40.6361	-1012.86	458.33	1240.05	-863.384	506.158	381.108	-862.402	-1224.38	-96.4252	-1182.74	-1515.18	1242.39	62.1473	2299.97	541.911	-570.114	-2399.18	1058.43	-796.18	-1688.41	359.046	-122.697	-1154.79	-317.837	-568.916	488.964	-11.2735	948.414	-541.618	145.654	2002.04	292.266	691.098	55.2941	1175.39	-1049.74	1276.52	1165.91	-1090.4	-1234.03	-16.8017	342.215	-389.115	-1538.47	-943.936	-570.027	1470.44	-611.661	1286.1	-2045.16	107.44	-821.21	485.344	660.807	-1095.06	-409.652	242.823	585.506	887.497	-1031.74	-279.086	-544.533	1535.87	-928.611	-1347.96	-1177.34	-1269.43	930.164	-194.19	-1257.41	953.136	-894.827	-175.185	-1862.53	-175.359	-1266.1	504.079	2124.7	526.971	-533.785	646.72	-1478.97	1096.64	-407.966	297.94	-677.567	927.309	71.5751	-955.322	-436.546	1552.04	-1162.54	1007.68	662.166	829.336	-215.629	-1357.61	479.554	-436.751	-1541.69	1412.4	1053.93	-1137.93	-424.151	160.468	-35.4919	328.272	-210.989	923.879	-1345.21	-79.162	-1044.47	-538.331	-1160.45	-594.862	1337.22	-1471.72	1313.96	767.279	1000.18	483.689	-72.2852	807.992	-1925.23	-1840.95	-523.561	330.917	237.85	-986.442	480.734	29.107	-994.224	-331.44	-738.97	995.896	-1633.41	-1623.18	1282.7	760.465	405.441	-848.138	-463.694	1653.48	-159.868	-303.334	290.087	-395.156	-805.964	-922.961	1120.74	57.8515	440.829	-920.39	-723.909	497.967	469.896	396.694	998.692	1111.84	447.87	-712.761	-205.609	195.974	-192.718	-453.48	-251.265
60000.0000	-136.688	1553.38	-1643.52	538.459	104.209	639.704	496.094	688.757	683.651	-59.1873	-24.546	-105.178	-897.988	-208.339	-1297.34	-1035.61	-1170.38	498.076	-414.208	2131.6	183.709	-472.216	-830.297	888.462	-343.482	519.929	-441.853	-324.515	-189.564	123.172	945.799	578.15	-122.521	369.559	-532.862	1152.88	-123.583	-309.751	235.217	14.4954	557.579	-38.4094	1296.95	-606.696	48.6632	-444.439	-1079.91	-644.219	-137.321	161.433	-584.3	1149.42	659.989	759.989	-646.133	-338.03	27.1773	-247.19	653.669	2074.23	1199.38	568.203	33.1745	-700.283	1198.22	90.7774	214.855	450.094	-555.906	-162.84	-665.467	-299.22	1756.36	-112.432	-308.038	-173.06	448.991	-529.944	139.995	28.6211	-72.8654	-1136.91	295.037	239.044	-118.666	509.004	822.721	242.28	272.366	1530.65	105.718	-25.3126	767.958	-870.588	119.334	-344.959	451.506	-186.517	-41.8599	-1069.98	662.793	-1190.2	-1179.82	173.814	783.203	-326.676	-244.319	1450.29	235.917	714.605	601.126	-163.047	156.275	384.374	443.782	-1476.44	70.0764	-355.967	790.622	-1385.85	-410.562	1228.39	-252.304	175.038	-1182.54	-912.083	-160.449	251.498	-399.377	-1273.59	-715.379	-593.478	272.947	556.33	220.933	312.44	382.047	1348.47	1449.48	-909.628	-53.1301	-73.9386	-743.295	-662.115	716.72	631.064	1189.13	-49.4857	-739.471	474.296	-648.973	327.273	-111.53	-1552.33	560.34	-317.067	601.893	364.826	-567.223	70.6758	166.682	-607.619	82.4073	-436.812	-382.513	3.46786	-1656.61	-404.581	-1043.37	-232.003	1200.78	-64.924	-44.2914	79.0266	1178.23	354.067	-443.33	401.038	515.913	586.631	452.128	-292.494	751.674	312.812	744.06	668.722	-651.46	821.167	1281.35	474.338	2.06215	-376.229	11.5415	-323.218	-520.277	931.258	-836.275	119.902	-146.028	-563.892
60000.0000	-1371.03	338.214	351.236	-936.306	305.785	-843.342	-807.707	1110.82	-714.906	1572.75	1437.07	-510.553	-385.425	-505.725	913.722	1364.08	-938.26	1352.22	-1169.42	-759.477	-821.979	555.372	-937.555	596.976	-1593.37	-34.6094	-153.414	-847.152	585.398	1545.1	-2272.1	789.453	-503.124	-170.628	-967.799	633.261	917.538	-824.572	348.004	451.095	-926.452	-968.897	-40.6954	-1236.88	-1610.44	1269.68	463.715	2587.07	651.452	-513.608	-2298.56	1255.72	-440.377	-1774.48	167.106	-176.556	-1001.7	-299.527	-480.234	213.568	-6.91579	1189.45	-669.682	69.9299	1660.24	237.418	730.633	121.409	1130.73	-1088.85	1265.78	1008	-1025.98	-1472.56	-140.414	180.729	-320.025	-1373.09	-1046.07	-440.868	1575.43	-683.09	1355.82	-2313.23	137.221	-873.172	583.367	426.991	-891.919	-388.038	57.5181	648.165	680.602	-869.378	-424.482	-314.314	1308.93	-846.474	-1386.06	-1135.65	-1193.7	1142.22	69.2298	-1356.54	1176.52	-1013.72	-220.691	-1826.8	-241.786	-1503.61	575.037	1983.12	595.886	-557.761	489.578	-1576.36	1190.91	-243.831	328.112	-799.079	961.548	42.2263	-824.512	-277.172	1705.57	-995.624	873.337	833.359	473.729	-361.92	-1437.12	589.395	-251.992	-1779.88	1516.1	1326.74	-992.36	-224.408	69.639	-82.4778	227.319	-160.131	1013.4	-1362.12	-208.417	-949.153	-603.694	-1471.94	-499.487	1195.52	-1546.52	1271.4	730.1	899.241	209.788	-320.468	1090.73	-1833.59	-2068.06	-387.612	571.08	188.657	-855.611	137.318	44.4447	-937.207	-292.585	-828.696	974.612	-1840.74	-1471.83	1409.75	958.718	222.502	-941.735	-214.336	1909.53	-87.5372	-70.7966	315.803	-187.658	-991.431	-1038.98	825.781	-234.295	456.418	-1018.64	-614.68	420.332	547.91	216.511	1169.51	1088.71	670.181	-747.12	-25.6503	232.228	-405.701	-300.911	-209.048
62000.0001	-164.955	1405.28	-1528.23	380.884	75.094	400.713	446.171	540.974	528.388	-17.7946	-191.311	-73.8978	-950.322	-395.461	-1050.27	-1236.27	-1323.57	130.084	-452.234	2102.69	-96.9999	-551.752	-814.739	860.001	-460.134	412.521	-394.989	-289.935	-211.076	204.27	998.706	536.399	-118.976	535.967	-535.541	1317.17	-374.37	-352.788	313.612	25.7248	643.304	-242.988	1406.95	-642.955	-36.2736	-291.065	-1234.23	-498.167	-189.618	96.1199	-655.901	1174.15	728.67	639.084	-730.155	-257.774	-91.2265	-272.817	713.251	2343.81	1318.49	592.215	-274.875	-749.942	1077.33	342.209	101.676	270.572	-697.583	-290.751	-609.21	-419.575	1608.32	142.901	-250.991	-211.591	336.559	-647.932	371.678	-65.3901	48.3753	-1395.15	228.625	289.726	-38.8911	313.287	703.32	452.044	85.9479	1531.1	158.435	207.068	719.587	-989.311	40.4271	-133.749	308.873	-14.8916	11.3526	-1097.23	245.151	-1063.41	-1143.16	54.7338	874.215	-456.725	-19.7809	1192.97	458.298	673.583	650.97	-129.913	-114.968	466.918	443.171	-1483.15	-0.587662	-600.251	984.121	-1318.29	-473.34	1324.13	-260.503	149.82	-1053.08	-879.793	-164.675	470.724	-707.312	-1059.87	-748.606	-449.929	253.392	399.419	2.33756	362.061	301.466	1111.06	1302.22	-799.462	68.1751	-130.183	-826.53	-803.288	890.908	683.741	1208.54	154.58	-869.23	440.548	-464.574	238.874	-118.676	-1520.28	717.067	-342.908	677.409	139.3	-527.784	246.491	-13.1119	-693.786	-42.288	-512.103	-423.353	6.12274	-1642.49	-342.672	-1055.13	-332.799	1129.2	-61.2604	-228.128	94.9113	1156.41	379.878	-312.15	332.693	636.542	789.779	522.275	-304.389	585.869	537.052	703.158	518.901	-577.395	1013.46	1189.81	504.055	-9.11412	-437.624	-73.4271	-463.495	-249.832	999.59	-879.644	42.4623	-148.155	-479.799
62000.0001	-1366.64	299.21	425.455	-1165.23	264.307	-1279.22	-844.816	1196.05	-757.163	1480.58	1217.89	-467.864	-556.463	-617.988	1112.54	1317.09	-842.081	1393.42	-1229.31	-815.228	-845.351	768.026	-730.034	707.893	-1323.37	137.31	-148.076	-1007.42	433.196	1572.97	-2199.71	775.997	-412.806	-227.149	-817.658	556.112	1001.46	-802.073	411.322	291.804	-1106.28	-609.192	-102.069	-1342.67	-1767.48	1220.66	341.907	2234.72	490.756	-306.102	-2462.82	1280.64	-375.614	-1916.8	29.4682	-493.852	-938.906	-170.197	-440.438	186.107	-145.891	809.542	-447.629	-2.07059	1518.82	664.298	751.324	-66.8732	1152.27	-979.342	1069.14	966.477	-842.358	-1349.11	-269.81	232.32	-393.96	-1218.94	-856.613	-417.585	1474.5	-699.999	1611.79	-2305.91	233.24	-685.764	570.622	464.191	-969.512	-636.563	96.4888	400.61	530.62	-1054.3	-422.249	-450.62	1372.93	-718.578	-1444.62	-781.639	-1438.28	1445.78	-52.3994	-1643.64	1352.27	-1029.33	-298.687	-1623.28	-541.214	-1493.16	599.754	1843.26	514.469	-350.533	341.176	-1344.58	1104.47	-244.649	279.402	-1047.24	1139.04	-94.2964	-659.792	-216.143	2017.11	-603.031	522.34	674.818	535.339	-203.959	-1679.12	271.382	197	-1948.26	1587.76	1072.84	-944.511	-343.435	101.524	-61.3327	69.0797	-261.931	1066.78	-1166.63	-296.961	-935.772	-786.903	-1447.53	-650.745	1026.05	-1714.37	1201.58	882.471	1277.56	216.866	-399.001	1072.89	-1782.47	-2046.73	-722.725	701.432	254.421	-784.302	-65.8765	111.324	-850.383	-260.057	-1137.09	830.069	-1784.06	-1398	1083.57	821.554	157.07	-1116.44	-406.33	2046.85	-200.743	-100.695	389.744	-102.669	-1109.86	-1164.22	956.385	-276.688	603.658	-1245.01	-664.402	774.062	637.199	-7.3575	1101.81	1254.41	828.033	-817.495	-214.433	94.3098	-430.399	-393.351	-305.294
64000.0000	-94.885	1441.16	-1509.83	233.262	37.225	159.16	171.921	647.705	403.161	-60.2461	-355.647	-89.1576	-788.84	-204.219	-931.16	-1435.8	-1481.89	166.223	-319.194	2214.02	-13.2484	-656.243	-994.161	1056.95	-472.632	437.251	-389.575	-146.442	44.4185	137.81	1157.09	542.362	-93.5688	396.667	-210.875	1353.54	-356.307	-184.234	42.3847	4.86768	644.293	-321.692	1365.38	-623.218	20.6495	-350.802	-1322.08	-330.367	27.0329	248.289	-617.427	1148.04	700.875	607.74	-694.804	-171.892	-7.60854	-337.03	715.239	2383.52	1213.84	469.126	-517.607	-943.304	1116.82	495.86	-308.659	390.375	-580.896	-488.951	-652.431	-791.615	1927.04	150.244	-72.8888	-14.633	234.906	-535.005	352.447	-232.721	-20.9476	-1396.92	151.082	332.333	-77.7252	400.432	774.421	405.45	47.4245	1574.94	-65.7905	238.846	618.737	-905.807	117.958	-131.275	332.382	-22.0646	-256.958	-1106.63	373.033	-1273.53	-1177.15	-131.156	776.128	-311.329	-155.379	1067.24	644.454	550.104	620.839	158.2	-112.991	576.874	611.84	-1715.59	-75.6653	-794.926	669.377	-1267.78	-287.829	1222.4	-442.06	349.389	-1238.25	-887.153	-132.506	432.309	-575.391	-1197.41	-846.389	-399.583	193.617	542.949	-89.8997	547.109	424.55	1226.1	1454.57	-917.071	155.746	-166.547	-668.272	-790.569	1045.86	909.773	1136.55	75.6911	-922.276	435.848	-248.823	88.4824	-80.8118	-1427.49	754.024	-348.41	632.967	274.811	-690.109	223.257	-55.8128	-611.669	-30.1489	-525.033	-545.897	172.489	-1774.13	-189.654	-961.809	-510.786	1241.32	-132.071	-232.541	-13.0227	1170.44	560.674	-255.98	438.124	510.789	661.881	653.954	-523.145	588.311	571.647	594.498	338.098	-411.08	941.933	1435.72	476.433	-28.3999	-356.885	-348.993	-572.025	-339.846	1067.6	-782.321	-75.6316	-26.0562	-211.781
64000.0000	-1326.54	120.722	490.647	-1135.2	469.235	-1132.73	-848.942	1015.7	-831.231	1535.31	1291.02	-372.575	-330.487	-294.284	926.543	1094.05	-705.073	1688.58	-1049.32	-916.289	-805.4	909.157	-531.825	746.517	-1433.15	64.3843	-129.602	-920.258	762.704	1734.25	-2217.12	968.981	-369.989	-477.869	-756.856	818.267	1043.37	-918.279	413.269	289.08	-937.418	-518.672	-310.298	-1506.74	-1940.31	1474.29	417.899	1961.5	200.969	-351.19	-2452.35	1191.59	-173.372	-1762.32	-123.451	-345.033	-679.079	-365.453	-463.621	191.021	-227.767	715.467	-572.659	-117.377	1438.48	777.638	378.993	-51.4899	1008.7	-1126.89	1101.46	918.75	-736.926	-1465.52	-95.3043	26.6155	31.5389	-1370	-908.357	-610.699	1306.18	-766.812	1607.47	-2666	162.996	-569.846	365.829	322.515	-1298.14	-489.141	-28.0143	424.582	733.889	-895.015	-209.379	-532.853	1571.98	-624.823	-1791.86	-597.768	-1187.85	1454.81	-114.562	-1570.53	1313.02	-693.489	-224.56	-1793.59	-604.683	-1755.45	894.168	1721.79	823.246	-14.6446	493.617	-1303.07	1082.82	-204.315	309.608	-1157.89	1146.88	-24.7962	-502.252	-348.969	1830.72	-873.116	437.958	741.743	721.675	-32.7489	-1649.35	564.558	140.08	-2000.02	1445.07	1011.86	-1105.46	-14.5232	83.5555	43.1801	-281.877	-303.322	1089.93	-1325.52	-411.371	-1242.73	-864.525	-1296.05	-586.475	1360.91	-1847.99	1102.29	1039.06	1110.73	-81.6583	-351.025	793.394	-1887.19	-1921.33	-843.63	581.875	483.288	-523.232	56.6649	250.546	-533.325	-128.214	-702	761.532	-1657.46	-1592.25	1198.94	1193.94	347.118	-961.435	-508.358	2087	-300.731	32.1741	502.669	-112.186	-946.65	-928.759	881.664	-135.415	468.146	-1300.21	-465.946	898.777	631.12	-76.0565	1045.76	1121.3	575.351	-746.09	-514.325	157.629	-360.349	17.4827	-388.197
66000.0000	-293.15	1366.62	-1391.38	336.979	162.439	287.301	-109.647	535.748	328.743	22.0988	-276.602	-161.514	-684.132	-250.425	-936.022	-1484.41	-1290.54	140.049	-564.404	2177.09	155.934	-505.887	-1019.78	1059.23	-378.057	224.301	-505.56	-13.5297	-16.6333	131.137	1360.26	657.131	-1.02168	408.236	-486.923	1332.66	-168.131	-424.272	142.182	96.7148	729.491	33.1547	1172.07	-599.36	209.314	-466.262	-1070.77	-237.658	56.128	407.103	-740.212	953.169	695.42	517.8	-492.263	-295.043	-5.76449	-255.258	811.536	2586.31	1319.99	660.781	-386.523	-1103.45	1121.59	411.778	-313.788	222.552	-220.82	-105.802	-844.545	-875.436	1921.49	169.107	-26.0163	0.650496	59.5794	-570.745	310.627	-342.764	-66.1344	-1475.3	350.972	403.517	-268.56	544.054	816.548	452.288	-44.9667	1534.7	-166.967	244.902	603.289	-814.346	70.1938	-119.681	282.234	155.127	-138.048	-1017.53	565.515	-1359.42	-1221.35	-299.163	920.306	-472.995	-49.863	1228.69	720.708	434.248	769.74	210.547	50.1212	264.012	690.388	-1653.93	-273.937	-955.388	803.551	-1062.95	-393.724	1423.08	-385.128	428.801	-1353.95	-1006.83	-159.576	430.398	-738.3	-1156.5	-646.225	-435.339	362.933	649.172	-46.8236	399.211	419.97	1300.45	1450.79	-788.05	-36.6335	-263.627	-673.777	-1090.31	851.146	963.117	1009.58	-47.6123	-825.221	238.248	-119.537	210.182	-255.514	-1630.96	799.049	-358.608	809.66	246.163	-554.293	47.5034	-59.9715	-576.405	-118.39	-275.632	-742.424	355.538	-1857.24	-207.229	-895.961	-681.413	1205.19	36.6609	-246.774	123.173	1247.33	675.738	21.2167	544.92	441.43	748.038	641.196	-562.183	465.701	514.205	473.744	360.1	-494.592	912.992	1632.39	560.77	-200.513	-615.203	-306.342	-529.124	-181.323	966.084	-693.783	-65.1292	-94.8142	-155.8
66000.0000	-1494.11	-26.5232	490.178	-1562.51	617.666	-1008.49	-791.806	1105	-455.152	1525.71	1577.04	-471.152	-530.658	-307.281	1258.86	1046.34	-760.633	1670.93	-1315.16	-951.35	-580.728	1152.86	-477.625	838.098	-1297.07	81.3219	-308.65	-809.541	559.843	1509.78	-2246.83	858.302	-459.741	-112.383	-792.006	569.53	892.493	-992.252	36.9802	211.266	-523.601	-479.271	-169.677	-1185.09	-2071.07	1636.24	362.37	1926.32	217.985	-380.995	-2225.01	1231.18	-113.909	-1995.82	-122.677	-347.051	-665.334	-637.347	-473.755	199.056	-393.873	1005.77	-704.999	-104.479	1561.94	830.264	469.759	-166.152	953.183	-1260.71	1141.26	1093.21	-400.331	-1497.06	-206.395	-50.0231	-142.641	-964.745	-1141.95	-735.48	1438.57	-799.596	1623.65	-2863.7	523.368	-351.836	702.063	259.138	-1401.66	-290.567	16.7599	704.48	571.725	-834.487	-21.9279	-244.364	1370.38	-774.62	-1753.68	-766.329	-1478.21	1540.17	37.7235	-1669.97	1128.98	-597.488	15.8302	-1893.32	-612.194	-1835.22	1027	1956.53	831.966	20.357	181.14	-1175.19	930.18	-36.2655	347.704	-1272	1108.96	-161.599	-371.182	-287.325	1679.84	-751.573	147.671	698.212	739.368	-40.9778	-1418.39	538.733	-132.733	-2034.25	1797.78	1062.4	-1038.49	75.2897	254.832	-64.011	-106.292	-167.679	988.215	-1238.13	-292.271	-1338.3	-884.298	-1254.57	-406.423	1290.52	-2255.99	1101.74	1021.01	1184.89	58.1331	-566.346	715.044	-1510.37	-1753.2	-934.622	327.812	597.21	-113.786	90.7048	167.143	-41.4685	-245.835	-944.004	616.121	-1747.97	-1329.73	1411.32	1264.29	356.872	-933.729	-713.248	1980.87	-202.186	-12.69	547.611	-229.225	-986.373	-965.67	721.059	-342.179	627.777	-1144.83	-537.691	1183.94	571.869	145.865	748.646	1131.99	663.461	-981.867	-628.772	-41.1127	-344.345	-299.653	-299.56
68000.0000	-216.815	1528.46	-1191.51	474.415	316.748	318.238	-20.5163	538.454	231.425	145.048	7.44422	-187.568	-754.825	-289.42	-1166.6	-1380.71	-1284.43	261.576	-418.955	2200.22	33.4638	-464.48	-1096.35	1178.53	-378.315	253.162	-456.371	59.2993	-107.326	55.6399	1312.11	773.638	1.01734	486.714	-450.135	1364.75	-6.29673	-503.921	19.9309	171.302	639.658	-43.0917	1103.68	-590.538	210.77	-364.554	-993.758	-208.373	55.3994	369.16	-814.097	1104.77	739.588	676.72	-604.263	-508.927	33.1608	-179.816	756.984	2817.47	1421.92	537.212	-760.245	-1216.86	996.199	488.047	-388.193	209.71	-377.487	-186.166	-974.149	-815.555	1644.63	273.056	-194.815	70.3436	187.766	-539.437	182.971	9.51716	-178.483	-1594.92	265.613	259.696	-460.247	477.152	774.73	323.815	-110.995	1763.91	-322.151	151.227	674.308	-688.556	15.7321	-253.901	248.051	201.783	-186.045	-1220.1	655.513	-1349.4	-1107.83	-458.34	1151.64	-570.632	17.6602	1238.99	572.46	559.309	688.689	232.785	-31.5421	56.8086	485.236	-1731.74	-408.738	-1003.74	789.102	-1213.6	-197.827	1391.31	-60.7358	455.588	-1263.16	-1121.83	-267.347	155.795	-454.367	-1018.45	-608.068	-359.422	365.14	559.616	41.1453	226.727	496.429	1264.79	1619.42	-717.655	-200.496	-317.312	-582.193	-1114.64	910.69	994.23	1172.07	68.6048	-825.279	230.878	-132.994	291.227	-404.115	-1556.27	974.321	-713.27	951.257	82.1927	-692.12	71.6025	-58.5603	-551.979	-155.608	-280.598	-1106.76	427.709	-1898.22	-147.89	-903.049	-704.836	1229.4	140.639	-481.344	287.471	1170.67	646.093	-91.2619	483.44	382.321	669.882	645.386	-572.165	697.961	675.417	394.937	303.005	-268.031	858.246	1647.13	357.64	-337.437	-476.211	-30.2171	-730.904	-263.751	988.604	-997.175	-103.769	-143.626	-84.4096
68000.0000	-1554.71	66.6923	296.859	-1183.46	566.101	-895.265	-714.379	1014.76	-273.515	1910.21	1573.5	-484.957	-306.996	-235.026	1177.2	1187.05	-679.481	1623.8	-1173.41	-893.451	-551.648	1148.17	-480.271	966.826	-1203.98	146.993	-25.079	-929.599	227.941	1525.15	-1878.67	799.413	-247.466	21.8238	-770.662	639.948	957.062	-1017.34	369.051	171.33	-736.648	-792.36	-442.555	-933.86	-1940.54	1603.1	150.696	2003.61	308.787	-837.266	-1971.54	1243.66	-324.469	-1954.67	-220.227	-158.828	-354.576	-871.017	-633.338	61.9888	-336.871	817.792	-513.542	29.4944	1586.07	894.841	636.955	-13.7396	890.383	-1213.67	1296.13	1049.02	-449.243	-1514.25	-433.211	92.3285	-237.368	-719.366	-1304.28	-783.564	1362.47	-799.109	1689.14	-2619.46	358	-697.345	851.52	208.313	-1676.72	-67.5009	-250.451	442.898	421.719	-910.576	105.685	-177.658	1134.31	-556.17	-1878.73	-906.644	-1424.07	1693.3	81.5621	-1872.29	1151.26	-864	111.336	-1958.77	-832.63	-1573.17	894.431	2003.71	732.058	-18.9831	-12.3193	-944.073	1088.63	-179.005	304.142	-1406.63	1056.13	-81.1456	-454.026	-320.582	1721.67	-966.721	282.302	1082.86	611.789	-8.42819	-1432.79	295.726	-62.3695	-2058.91	1791.1	1030.05	-1119.09	403.065	362.458	105	-224.91	-262.088	838.611	-1250.04	-491.007	-1224.59	-1080.6	-1610.27	-555.726	1293.2	-2295.5	1196.13	1002.72	1268.58	229.509	-535.454	703.489	-1779.74	-1759.09	-764.793	472.998	410.88	37.4147	-33.0592	504.892	49.9557	-46.2759	-1175.69	521.072	-1822.66	-1249.62	1531.37	1179.82	293.222	-1255.35	-630.381	1893.42	-299.928	40.4871	110.017	-232.572	-924.035	-1206.25	665.2	-415.787	562.192	-980.143	-716.726	1131.56	658.55	356.788	990.674	1025.86	723.94	-867.003	-679.441	-14.3673	-402.214	-416.485	-427.559
70000.0000	-164.24	1275.13	-1394.3	554.645	43.962	310.908	-266.111	619.064	619.712	57.9339	7.16259	-66.2628	-711.063	-287.034	-1138.17	-1225.08	-1134.89	222.87	-400.751	1877.04	162.665	-525.529	-1071.23	1266.23	-608.322	61.4184	-402.926	19.7407	4.7496	44.2836	1272.92	737.828	122.039	733.338	-443.451	1392.22	-76.8708	-631.56	-128.987	213.054	645.101	154.141	1408.15	-463.444	-2.87806	-299.628	-1226.16	-99.1466	7.53164	448.82	-873.829	965.432	778.703	688.023	-647.98	-546.329	-46.6323	-465.479	640.655	2665.59	1325.19	311.372	-706.319	-1249.22	1153.61	402.759	-474.219	-68.7742	-425.265	-305.175	-1126.86	-944.991	1614.14	296.017	-196.87	75.6581	394.876	-647.242	362.767	-103.181	-188.449	-1543.77	412.55	321.566	-556.618	552.249	669.971	244.47	-245.406	1728.05	-612.964	187.225	691.183	-838.861	-139.51	-206.799	-32.2898	50.599	-24.3302	-1420.15	532.009	-1306.18	-1061.85	-567.408	1339.95	-697.367	93.6358	1338.45	563.071	619.832	688.448	348.803	94.808	-26.3393	415.762	-1693.72	-596.715	-915.88	754.142	-1313.04	-83.0525	1475.79	-207.933	495.331	-1230.54	-1172.95	-140.192	114.331	-487.52	-916.589	-561.212	-188.803	356.501	358.146	-171.493	127.404	503.76	1385.45	1580.11	-605.89	-368.436	-101.929	-725.926	-1069.22	703.084	1135.57	1099.7	193.27	-735.996	111.326	-131.496	486.894	-407.8	-1707.36	965.499	-1097.31	798.438	10.1544	-700.916	100.602	-96.3788	-579.057	-110.625	-289.003	-1102.3	566.951	-2194.56	-135.724	-806.257	-780.296	1247.06	239.561	-358.972	280.334	1251.93	729.481	24.1374	559.297	-2.73966	679.569	725.247	-615.295	586.131	842.471	391.81	298.227	-370.238	1016.73	1549.1	315.186	-292.497	-525.17	179.313	-698.569	-350.813	957.726	-899.08	-30.7523	-70.7606	-385.411
70000.0000	-1498.84	11.7468	246.564	-1257.91	474.551	-816.037	-895.63	750.288	-39.3662	1976.19	1681.29	0.0254104	-259.804	-136.619	1184.1	1050.02	-601.689	1625.5	-1196.58	-891.711	-616.391	945.701	-183.289	846.257	-1190.78	39.3836	-52.535	-871.727	515.413	1650.35	-1790.96	695.597	-238.068	73.4991	-959.15	600.988	1182.75	-928.78	196.037	-31.0755	-808.968	-636.407	-492.71	-716.529	-1962.08	1531.99	448.793	1930.36	246.028	-816.924	-2012.78	1063.85	-525.704	-2176.58	-338.575	-537.709	-357.027	-787.825	-733.327	353.607	-321.683	826.609	-750.462	-42.5883	1418.82	950.013	879.399	278.452	810.756	-1363.11	1522.87	875.889	-627.683	-1525.3	-701.867	117.41	-2.85603	-374.536	-1170.92	-664.47	1570.57	-796.904	1646.75	-2591.12	70.1418	-616.204	647.902	164.978	-1545	-167.719	-229.431	445.875	502.005	-1174.04	74.1928	-144.999	1189.73	-496.247	-1994.15	-686.46	-1144.18	1585.65	38.119	-1988.45	1331.7	-950.345	358.44	-2104.53	-733.882	-1543.15	796.127	2048.53	937.258	83.6029	-227.261	-1328.07	779.028	-224.417	287.593	-1368.67	1131.32	331.764	-518.969	-151.58	1782.36	-801.923	180.449	1037.46	759.499	-136.569	-1417.8	-147.505	-92.5755	-2015.54	1647.41	1177.84	-1034.4	476.743	593.576	101.987	-68.2557	-270.918	576.587	-1305.05	-431.04	-1355.16	-1055.65	-1411.2	-447.226	1277.29	-2474.34	1147.31	799.213	1255.87	199.736	-387.414	524.451	-1493.16	-1675.01	-573.25	421.232	259.69	198.511	306.001	367.848	114.559	-152.456	-1216.93	413.79	-2007.44	-1223.91	1322.37	974.91	284.749	-1095.78	-651.671	1969.18	-127.451	54.653	238.345	-69.7581	-996.465	-1346.57	825.47	-128.997	755.358	-1081.59	-588.026	1094.3	778.074	465.858	967.223	1574.89	449.705	-986.536	-580.057	-122.738	-463.186	-342.516	-563.52
72000.0000	-236.738	1225.09	-1321.5	464.82	-115.561	157.035	-308.926	775.394	684.383	271.886	-191.605	94.9001	-738.23	-291.078	-1120.75	-1180.01	-1148.42	230.984	-338.155	1816.78	109.795	-300.028	-934.54	1207.03	-514.991	114.925	-326.827	189.005	32.1659	62.0622	1196.12	814.161	79.4914	800.516	-457.904	1406.31	-215.584	-862.713	-167.536	293.317	466.998	274.345	1416.94	-313.121	11.2593	-186.705	-1196.15	-180.568	97.889	446.008	-936.343	1112.43	694.541	796.752	-576.546	-448.193	-100.136	-613.627	315.882	2592.18	1397.09	100.961	-753.993	-1221.38	1028.46	616.426	-472.453	-171.808	-415.637	-258.236	-1175.44	-785.633	1621.23	209.878	-423.539	238.499	570.34	-718.215	309.9	140.527	-455.513	-1470.72	500.663	300.61	-396.4	473.272	661.059	293.293	-197.738	1965.62	-575.241	74.0696	609.135	-1072.2	-39.473	-184.582	-35.811	38.3364	135.4	-1400.12	612.763	-1351.43	-1071.71	-823.705	1386.33	-776.491	-71.2218	1329.17	408.422	605.314	473.37	323.092	-112.644	-48.1603	361.526	-1691.64	-354.939	-690.073	895.723	-1354.89	-158.816	1588.96	-193.013	591.836	-1237.18	-930.765	-270.022	76.9309	-488.746	-872.774	-484.51	-201.059	320.81	240.073	-170.334	116.462	647.8	1462.67	1372.19	-599.223	-112.301	-223.045	-775.867	-1228.41	598.194	1117.05	864.708	271.245	-782.789	65.99	-165.667	601.153	-365.122	-1636.39	1155.58	-1154.62	879.263	40.3099	-662.062	63.8275	-296.941	-462.8	53.1192	-316.362	-1061.01	641.967	-2203.14	-149.146	-716.825	-660.005	1322.22	299.629	-532.079	294.167	1188.52	725.159	81.1125	562.664	-84.544	630.279	545.978	-612.585	518.676	952.908	322.006	312.52	-208.743	1064.56	1487.46	359.759	-375.998	-479.541	4.55612	-650.714	-183.49	1066.65	-778.083	-156.994	-55.2808	-404.458
72000.0000	-1619.56	43.135	50.5482	-1141	567.189	-865.871	-735.191	557.544	47.6605	2029.47	1604.76	-94.0407	-134.471	-8.44639	1351.3	888.442	-610.752	1370.64	-1540.53	-1012.58	-578.116	618.584	-3.08265	1039.81	-840.935	-29.466	-306.063	-618.693	583.744	1915.13	-1792.09	885.46	-418.23	131.104	-999.567	420.966	1484.58	-1035.81	365.298	-316.279	-943.558	-474.282	-869.292	-787.414	-1991.16	1909.39	273.059	1951.47	227.003	-1156.54	-1823.69	963.462	-510.2	-2247.41	-349.289	-450.637	-370.741	-815.393	-998.937	527.256	-258.594	930.918	-747.41	-72.5631	1379.74	1033.4	927.36	171.567	657.641	-1167.12	1532.11	944.902	-620.814	-1340.09	-731.689	-249.421	193.077	-157.06	-1319.81	-694.196	1438.98	-933.865	1412.26	-2550.62	103.498	-817.2	440.796	167.723	-1248.3	-470.246	-72.9438	363.646	523.14	-1164.27	21.9715	-198.841	1189	-237.42	-2043.07	-488.947	-765.147	1514.8	218.115	-1932.87	1469	-854.245	358.825	-2043.56	-833.417	-1161.14	767.441	1868.43	899.218	-188.341	-348.174	-1286.2	888.754	-453.125	330.153	-1353.69	1146.72	398.283	-296.71	-62.8075	1457.07	-771.499	237.728	1084.19	785.916	-82.6412	-1797.76	-84.6231	-41.223	-2160.9	1780.93	1137.64	-1221.16	395.804	414.569	545.379	294.89	-228.214	778.816	-1478.95	-492.363	-1352.29	-953.043	-1417.85	-482.854	1205.99	-2184.73	920.7	909.731	1425.77	207.414	-453.607	735.32	-1708.89	-1689.74	-385.715	593.578	272.866	113.863	354.793	294.188	158.318	-337.467	-982.69	456.826	-2032.65	-1219.49	1674.42	992.421	395.333	-1012.55	-380.323	1955.27	5.87986	67.6006	361.155	-407.715	-1193.86	-1425.86	641.904	-252.467	595.735	-1079.92	-575.651	1137.96	697.676	168.054	1125.09	1663.77	380.583	-897.354	-689.389	-256.897	-497.62	-504.678	-630.738
74000.0000	-207.087	1490.56	-1113.21	586.923	-151.839	323.19	-517.031	712.034	583.571	269.66	-247.897	179.493	-719.314	-84.6433	-1059.1	-1202.02	-1321.22	218.154	-98.9143	1856.14	33.0417	-503.282	-947.046	1143.62	-578.98	160.956	-162.609	182.891	99.6501	-116.715	949.946	869.163	102.878	695.095	-565.717	1232.54	-443.094	-778.785	-361.581	160.632	610.665	468.673	1382.74	-286.972	58.4207	-107.592	-1121	-327.635	-100.85	376.585	-869.491	1199.09	656.717	1123.15	-242.847	-219.416	-9.73198	-666.854	391.183	2774.6	1364.82	153.471	-597.495	-1219.58	917.184	807.381	-437.528	-321.895	-255.01	-252.019	-1286.53	-826.426	1803.65	93.1652	-423.461	63.1214	715.44	-762.527	369.411	127.799	-469.611	-1472.49	349.007	208.651	-307.11	334.765	900.68	480.019	-287.597	1987.67	-486.719	158.178	765.361	-914.533	-276.745	-183.087	-157.035	-139.395	-19.5037	-1382.61	731.484	-1237.46	-1147.33	-668.052	1463.82	-844.508	-266.829	1430.01	409.557	868.651	505.282	374.713	-247.979	-249.248	286.197	-1536.65	-521.92	-653.003	863.625	-1520.28	-86.3889	1545.42	-56.6611	800.626	-1477.95	-820.194	-388.332	150.467	-575.591	-994.517	-319.659	-225.116	442.69	371.749	-173.8	277.19	615.766	1195.22	1380.81	-349.058	-35.2031	-123.978	-662.609	-1206.62	704.901	1007.14	901.46	434.963	-772.189	234.205	-246.651	452.067	-357.729	-1514.74	1011.24	-1160.11	841.77	22.2017	-689.849	39.8102	-233.772	-392.75	252.73	-285.515	-1048.37	564.199	-2173.19	-250.975	-525.119	-635.961	1412.87	314.529	-444.239	481.888	1131.43	671.981	436.943	614.227	-203.454	661.623	253.282	-687.298	816.066	955.843	352.23	250.41	-262.508	1133.13	1556.17	277.91	-447.168	-571.639	96.7095	-459.672	-104.333	870.858	-764.222	2.88778	-61.1856	-652.917
74000.0000	-1310.45	47.1432	357.617	-1173.09	376.161	-661.399	-383.297	422.334	132.974	1891.53	1804.06	60.8207	-175.689	60.7898	1338.47	1066.78	-664.34	1542.56	-1614.1	-711.681	-705.784	946.479	60.3824	1055.06	-647.532	-256.745	-27.1883	-646.192	764.414	2046.03	-1770.19	1014.95	-504.198	330.176	-1116.37	239.696	1414.35	-1037.46	347.008	-69.5632	-935.27	-358.339	-1035.34	-1027.96	-2146.3	2074.11	265.09	1825.36	-17.3253	-1276.9	-1763.74	966.354	-767.047	-1856.27	-371.937	-49.3443	-400.121	-791.455	-1083.71	547.418	-378.854	992.901	-354.969	-241.054	1289.44	869.558	771.08	222.411	548.477	-1138.46	1287.03	933.533	-696.561	-1332.33	-865.257	-331.692	-90.2541	27.8316	-1451.4	-378.875	1406.03	-992.756	1313.53	-2296.21	176.016	-759.489	47.069	568.557	-1097.94	-740.116	-296.22	3.67327	684.833	-1218.46	-116.851	-125.841	1317.17	-418.409	-1936.64	-506.367	-965.18	1386.04	152.399	-1849.09	1195.78	-825.371	529.193	-2023.3	-668.911	-817.678	877.764	1839.22	929.716	-75.5194	-438.181	-1585.25	774.267	-141.174	197.353	-1249.7	1257.43	458.754	-462.435	-96.06	1547.84	-867.744	303.532	980.528	899.081	-16.9937	-1617.29	-223.591	-241.903	-2036.29	1774.9	948.579	-1000.06	148.401	506.476	781.899	40.6196	-262.041	925.107	-1412.53	-614.265	-1423.88	-1262.15	-1654.93	-714.945	1063.63	-1938.76	914.339	987.338	1496.05	127.416	-796.325	471.704	-1930.92	-1790.35	-590.089	431.349	542.832	326.258	175.784	251.85	75.2187	-493.934	-747.133	130.997	-1920.19	-1403.55	1586.09	1029.48	842.392	-955.922	-527.428	1718.15	24.9874	163.887	442.455	-482.208	-1183.4	-1317.48	632.365	-189.203	653.828	-845.173	-360.663	1181.95	544.518	-217.421	1365.71	1928	568.627	-1012.01	-557.213	-249.329	-557.723	-340.287	-539.35
76000.0000	-165.213	1618.85	-1168.23	660.624	-123.486	261.759	-549.099	894.608	532.425	314.771	-144.564	253.989	-771.128	-140.564	-1008.05	-1108.58	-1054	215.014	-168.67	1721.78	149.315	-505.769	-1027.58	1071.05	-471.049	408.203	-80.3517	132.577	3.37928	-232.987	1090.48	830.896	90.2571	773.68	-536.93	1310.65	-417.47	-781.317	-558.115	322.08	484.163	440.969	1575.12	-35.8155	-12.9833	-229.155	-1112.86	-260.971	-224.786	251.958	-712.835	1157.15	659.942	1359.09	-59.523	-65.1774	-95.3189	-773.524	275.429	2681.95	1350.18	431.766	-313.702	-1266.28	963.219	1129.91	-470.095	-174.534	-61.9109	-341.278	-1252.45	-910.695	1839.27	65.2506	-380.793	-123.132	778.423	-560.082	319.761	112.584	-251.784	-1438.7	384.809	331.961	-404.491	341.6	658.247	558.251	-132.05	1924.66	-490.715	-0.759472	564.331	-815.18	-170.697	-256.324	-40.1655	-28.5799	-30.9687	-1410.84	717.348	-1156.57	-1041.12	-534.429	1472.17	-979.536	-205.459	1422.02	447.177	837.848	611.251	308.922	9.85548	-98.0512	366.041	-1719.53	-648.5	-657.655	935.461	-1749.55	-12.7182	1513.53	17.4774	747.187	-1440.83	-775.486	-266.91	159.212	-950.212	-757.158	-203.318	-348.11	406.671	368.575	-95.1829	1.39845	504.2	1102.63	1458.91	-427.699	116.721	-81.005	-529.907	-1116.76	833.51	799.084	850.833	284.57	-777.083	340.662	-288.556	407.839	-156.062	-1659.59	790.692	-1148.97	863.678	-68.418	-502.128	30.8895	-315.858	-388.896	248.483	-202.493	-862.632	554.08	-2284.86	-387.188	-523.187	-425.595	1493.03	216.248	-279.491	355.307	1125.89	472.827	147.693	448.91	-89.1836	662.215	240.827	-938.764	817.987	1047.64	509.117	367.846	-260.198	1278.79	1765.31	321.559	-649.25	-554.884	50.8234	-376.71	13.7425	1238.99	-675.911	-79.2744	-225.585	-726.904
76000.0000	-1321.49	263.116	342.657	-1162.61	735.615	-667.926	-430.107	373.637	53.0495	1862.15	2116.48	-151.088	-176.65	-100.355	1165.42	810.001	-522.27	1424.18	-1671.35	-1273.49	-542.428	1102.72	44.7272	1241.34	-743.836	155.372	-50.1734	-518.899	1100.48	2054.66	-1776.16	871.8	-451.7	454.751	-1120.71	386.308	1544.74	-1198.37	517.536	5.5301	-1167.94	-391.031	-1339.44	-1083.53	-2027.08	2086.89	68.8521	2025.57	95.057	-1130.99	-1854.66	956.13	-1028.75	-1939.15	-543.233	-0.93732	-360.321	-855.975	-1236.59	649.46	-175.26	1085.28	-557.924	-434.602	1181.77	728.668	715.032	411.482	405.388	-1022.72	1327.3	1165.02	-481.109	-1352.97	-959.432	-34.5538	404.657	411.272	-1417.59	-315.21	1352.71	-1037.22	1436.2	-2011.94	285.971	-794.477	124.754	844.944	-878.05	-671.62	-228.033	72.4757	687.404	-1076.79	35.7853	81.413	1398.05	-594.448	-2041.48	-150.282	-1120.79	1557.57	50.8859	-1529.99	855.381	-726.962	286.861	-2102.64	-964.676	-740.577	867.567	2080.28	784.979	-534.531	-435.224	-1575.08	571.458	252.006	-196.995	-1164.42	1243.82	752.45	-735.11	-281.807	1755.15	-857.148	331.897	834.723	877.798	-146.892	-1686.84	-262.615	-215.795	-2193.54	1974.44	957.317	-932.79	282.444	816.274	798.044	190.091	-528.101	798.624	-1523.61	-752.166	-1716.02	-1436.7	-1615.65	-682.884	1120.77	-2281.98	956.733	1047.56	1323.78	160.583	-672.986	497.513	-1732.94	-1697.88	-581.934	428.032	427.427	589.79	58.3015	232.894	-89.5223	-373.889	-929.38	113.62	-2160.51	-1532.11	1513.46	1092.8	1277.06	-1154.66	-846.286	1919.98	-203.037	56.156	561.203	-657.675	-854.415	-1246.68	576.631	-651.216	937.009	-750.172	-340.519	1044.16	649.29	-207.394	1708.88	1952.41	606.718	-794.168	-550.064	122.437	-709.495	-232.279	-701.606
78000.0000	-200.931	1549.09	-1313.05	701.564	-75.8044	278.828	-479.446	935.961	373.721	310.192	-274.122	292.263	-673.091	-122.373	-858.887	-1082.77	-1130.49	137.683	-62.2431	1628.24	305.769	-703.121	-1064.69	1144.76	-414.412	574.104	-62.182	57.4231	50.873	-137.509	1165.51	938.963	316.553	776.761	-564.76	1528.02	-607.788	-984.586	-474.529	374.213	601.042	396.877	1495.3	-201.226	63.516	-262.983	-1111.93	-456.705	-309.396	447.498	-814.177	1098.6	707.681	1242.1	-174.929	-261.321	-210.889	-781.045	299.917	2732.44	1314.7	401.908	-418.343	-1308.91	1280.58	1134.8	-626.675	-134.257	-393.362	-341.898	-1335.36	-869.76	1720.37	132.372	-533.447	-5.4297	1062.12	-847.936	317.431	86.3738	-186.749	-1716.59	458.435	289.286	-398.09	470.34	706.233	565.538	-28.7053	2010.83	-577.751	125.315	448.308	-977.191	-317.727	-177.027	51.4241	-71.401	-230.464	-1382.14	534.348	-1276.82	-1260.59	-514.415	1595.77	-959.062	-148.401	1351.08	660.73	750.882	543.085	400.605	-36.04	53.8411	250.606	-1845.44	-538.301	-593.442	861.513	-1675.86	69.5793	1466.29	323.41	812.732	-1509.73	-896.054	-353.524	109.449	-1140.93	-746.051	-273.766	-420.135	212.033	677.261	-7.81793	34.9005	603.626	1023.58	1494.58	-139.978	9.86032	-166.308	-579.368	-1305.5	760.281	746.583	901.01	82.904	-771.415	315.919	-98.338	487.735	-286.024	-1714.25	733.575	-1111.49	830.201	-48.4339	-374.981	68.1471	-432.877	-373.949	522.816	-271.59	-938.444	567.733	-2376.57	-346.577	-520.598	-423.917	1285.07	152.225	-166.111	491.988	1049.56	533.881	128.174	362.907	-159.141	794.755	-9.68193	-1171.09	691.216	1046	669.682	479.556	-321.305	1308.4	1552.65	249.181	-601.575	-392.432	192.783	-325.295	55.9033	1225.08	-591.183	-75.5815	-140.889	-768.416
78000.0000	-1299.82	471.43	468.99	-1098.47	398.409	-755.873	-540.559	259.007	-74.7691	1678.53	2152.53	-356.592	-414.377	-9.14657	994.207	1086.76	-501.677	1101.69	-1543.86	-1151.87	-747.245	1031.78	49.3995	1059.87	-464.489	174.55	-26.9172	-696.203	1019.94	1827.63	-1911.33	896.064	-322.72	574.136	-1422.38	278.055	1802.45	-1201.38	426.152	121.326	-1442.84	-438.685	-1320.42	-1102.03	-1890.56	2310.05	-306.039	2187.8	88.9654	-1000.63	-1652.75	1026.62	-1034.92	-1964.24	-381.881	321.749	-623.191	-1039.44	-1178.29	325.21	45.4123	1267.5	-590.407	-329.269	1464.34	624.702	515.483	487.014	596.418	-1097.47	1172.89	1340.3	-375.048	-1461.82	-797.12	-168.25	183.166	492.237	-1498.94	-250.89	1466.93	-591.744	1644.73	-1911.01	546.175	-912.433	120.949	888.106	-977.467	-512.36	-181.828	-171.048	572.316	-1256.21	139.864	-84.4558	1637.76	-624.415	-2217.2	56.34	-1222.23	1549.26	-190.008	-1681.01	585.474	-649.12	226.872	-1944.46	-945.047	-732.366	798.176	1752.57	1037.2	-159.362	-376.938	-1485.98	540.823	193.507	-355.081	-1249.42	1356.13	777.646	-741.925	-283.327	1544.84	-953.206	97.4102	875.448	1245.24	-490.011	-1803.25	-199.746	-347.357	-2122.94	1911.25	1134.34	-995.173	73.0485	671.395	727.585	96.4771	-615.649	670.648	-1302.41	-905.134	-1846.51	-1410.33	-1466.73	-385.29	1042.9	-2208.65	822.405	975.128	1066.32	330.911	-613.461	464.15	-1631.12	-1503.82	-549.221	565.271	407.444	623.14	172.136	-30.8111	-74.4976	-391.555	-877.491	75.399	-2118.9	-1726.38	1622.38	1348.19	1346.41	-1232.15	-897.941	1723	-166.546	-36.8032	653.598	-644.795	-752.404	-1244.51	522.96	-755.21	1054.72	-1115.17	-291.995	1260.41	528.693	-315.364	1486.09	1773.58	465.556	-768.176	-425.305	151.042	-444.368	-205.267	-853.081
80000.0001	-175.546	1654.49	-1059.58	595.156	-33.6021	373.518	-353.781	979.187	321.584	303.591	-437.53	300.663	-765.195	115.601	-774.44	-1148.9	-998.474	55.4583	-12.6166	1853.52	222.201	-828.478	-1155.77	1143.93	-533.353	615.783	36.2181	188.621	30.5064	-180.042	1039.25	1094.94	407.768	654.883	-624.357	1594.51	-525.721	-791.484	-526.457	335.468	603.752	361.956	1737.68	53.5751	153.102	-378.557	-1196.46	-537.209	-471.648	464.635	-772.244	879.558	692.007	1167.52	168.41	-155.208	-42.6147	-977.684	45.9438	2785.53	1403.31	387.968	-403.855	-1498.14	1145.93	1164.89	-715.85	-261.173	-410.596	-465.472	-1279.44	-988.725	1680.23	6.31471	-624.604	-205.09	916.043	-685.944	219.989	-107.009	-351.569	-1834.57	587.252	304.279	-468.217	619.472	792.921	514.041	72.7832	2021.04	-699.789	234.049	298.026	-898.232	-370.106	-306.578	-36.3908	-262.979	-133.725	-1229.81	461.202	-1229.8	-1062.45	-710.448	1464.14	-1006.82	137.002	1459.48	605.704	673.519	581.487	411.46	13.4073	-160.881	22.0486	-1935.29	-571.549	-466.861	575.872	-1633.49	126.384	1497.67	140.638	719.487	-1423.84	-982.886	-219.199	103.91	-1176.26	-987.477	-172.681	-434.52	40.4409	890.387	-1.90466	187.796	690.442	824.357	1424.63	-20.1664	10.4459	-122.03	-145.671	-1065.51	762.686	791.453	976.542	425.705	-793.595	226.426	131.611	685.961	-160.419	-1666	592.64	-1067.5	760.816	-233.24	-419.308	36.3267	-619.474	-550.436	525.959	-313.165	-934.573	608.222	-2371.46	-188.795	-519.848	-292.584	1277.31	120.827	-173.293	441.048	962.171	438.301	31.0131	282.901	-10.4033	746.956	1.42901	-1176.49	698.661	961.301	862.071	434.206	-381.072	1541.45	1729.11	187.186	-486.557	-329.537	474.324	-523.009	-17.2323	1207.06	-481.463	-273.652	-404.728	-808.47
80000.0001	-1444.4	391.558	289.951	-1288.31	179.759	-883.178	-621.524	161.533	-319.497	1699.81	2406.12	-327.262	-335.272	264.012	850.504	1206.8	-448.148	1247.54	-1396.95	-935.759	-1008.54	1200.81	-116.202	1016.51	-551.899	363.623	-251.538	-918.227	1098.54	1631.92	-1978.06	1062.4	-365.262	637.404	-1394.3	164.338	2028.06	-1188.16	118.299	-9.41929	-1416.25	-446.011	-1380.51	-1056.13	-1821.96	2013.43	-444.784	1753.83	148.079	-734.933	-1809.41	1220.29	-1246.54	-2088.2	-689.237	367.065	-817.9	-1092.8	-1081.43	313.834	34.8149	1147.69	-304.207	-126.258	1469.35	803.611	897.382	628.173	563.737	-1127.87	1036.26	1315.91	-356.226	-1530.82	-777.199	-111.648	506.579	513.289	-1583.84	-40.2368	1654.41	-247.41	1659.87	-1902.8	487.635	-865.264	209.989	782.112	-1210.09	-135.627	-371.723	-207.762	435.321	-1524.68	207.035	-72.3543	1567.46	-346.033	-2321.69	210.155	-1312.68	1352.54	-195.711	-1788.21	1022.89	-497.225	276.858	-1856.19	-953.635	-1041.98	646.944	1813.77	774.274	-180.272	-438.49	-1234.92	524.332	-92.8117	-504.709	-1341.79	1352.49	950.467	-580.241	-346.049	1646	-1075.43	-150.938	844.571	1461.08	-311.418	-1729.83	-249.953	-307.622	-2417.82	1783.89	989.827	-1182.6	-19.7548	676.31	877.526	339.767	-366.854	542.841	-1006.46	-762.458	-1781.88	-1448.02	-1380.8	-225.448	1145.84	-2033.53	739.859	965.689	831.287	394.627	-721.774	660.181	-1547.75	-1434.16	-432.942	832.995	642.895	740.296	188.073	-103.631	122.797	-394.065	-1131.39	-120.749	-1927.14	-1830.66	1591.35	1548.14	1308.39	-1278.34	-807.684	1429.02	-142.996	-30.2346	827.158	-631.317	-583.197	-917.041	400.855	-577.592	1056.09	-736.453	-745.999	1121.06	680.157	-168.113	1671.82	1969.52	828.062	-758.469	-223.951	233.338	-359.23	-335.398	-939.028
82000.0001	-83.2083	1891.86	-956.576	598.922	-159.618	481.023	-309.088	781.207	267.577	222.221	-518.049	254.93	-763.142	-4.14229	-903.772	-1365.77	-1012.45	18.0908	-22.4708	1616.47	319.879	-823.946	-1354.54	1069.81	-734.264	538.838	274.413	177.686	59.3227	-34.454	722.559	1184.57	371.688	529.251	-616.57	1820.61	-699.722	-818.477	-645.459	195.3	697.743	496.287	1730.68	-82.1928	7.02733	-379.335	-1081.5	-431.41	-594.319	377.413	-867.025	849.986	692.89	1078.88	239.198	-323.059	-50.9451	-690.026	157.997	2785.72	1482.39	492.572	-439.621	-1300.57	1206.56	1150.61	-882.754	-91.5761	-421.813	-460.896	-1293.08	-903.571	1676.63	124.516	-673.539	-300.18	1243.32	-379.155	306.625	-30.8256	-174.796	-1874.46	520.94	540.102	-670.076	591.942	957.005	718.225	-75.977	1923.99	-726.844	210.099	165.213	-974.444	-527.859	-293.027	52.0276	-384.999	-24.4829	-990.907	208.605	-1149.21	-1223.35	-687.21	1435.55	-1013.75	142.36	1424.11	530.066	669.558	500.773	256.532	286.996	-411.887	180.034	-1889.39	-518.318	-473.068	589.475	-1516.76	160.961	1258.3	119.362	953.867	-1344.79	-1222.27	-156.232	227.156	-1216.92	-924.549	-264.502	-457.121	100.337	932.271	30.7801	139.917	664.186	776.393	1339.3	39.8732	1.25918	-310.957	59.2851	-1116.9	719.724	923.283	816.211	560.352	-665.996	270.21	-57.1563	661.372	-197.795	-1877.06	587.138	-1074.67	773.275	-158.209	-341.833	-130.988	-571.934	-620.265	569.608	-249.602	-1012.71	473.554	-2272.57	-20.3086	-444.07	-370.914	1368.6	125.381	-281.617	397.657	1010.73	522.758	75.9488	274.294	-13.3601	590.136	-42.7497	-1439.23	823.46	1008.18	838.995	150.306	-324.92	1269.56	1542.64	-50.4251	-570.735	-200.354	447.364	-580.692	13.044	1168.21	-423.708	-317.403	-548.359	-835.147
82000.0001	-1362.32	232.613	282.09	-1614.89	17.9217	-715.399	-526.501	181.73	-143.74	1741.32	2157.08	2.11384	-359.446	278.495	646.627	1371.97	-672.015	1366.04	-1415.73	-1072.07	-1177.01	1254.89	-155.515	1241.41	-566.054	590.63	-468.62	-664.267	1005.43	1572.13	-1490.4	937.089	-384.983	783.148	-1558.63	143.582	2126.12	-1153.87	-38.0153	-83.1295	-1194.98	-409.501	-1187.18	-1139.26	-1708.34	2068.28	-398.835	1864.6	24.23	-818.094	-1672.24	1085.83	-1143.94	-2483.75	-893.197	603.078	-586.606	-1237.16	-1018.36	-30.5002	-150.406	1130.24	-579.112	-350.631	1387.36	1059.93	639.31	476.854	664.222	-903.778	836.188	1165.61	-202.655	-1626	-887.904	-174.734	761.291	353.152	-1731.53	235.099	1835.6	-282.385	1478.72	-2142.98	570.108	-1164.66	414.775	637.865	-1474.15	-127.11	-519.61	-319.462	314.221	-1585.33	184.034	200.626	1639.52	-533.162	-2257.9	25.105	-1213.11	1364.34	-423.751	-1892.25	1249.33	-588.202	-21.0193	-1844.37	-948.558	-1205.46	824.888	1694.03	874.861	-210.537	-509.22	-1024.12	394.529	81.6508	-255.427	-1278.09	1268.88	760.814	-644.481	-494.097	1588.38	-935.177	-244.847	808.889	1399.84	-548.308	-2050.1	-145.432	-69.9632	-2390.67	2011.95	806.02	-1255.08	-99.9615	876.683	891.425	212.524	-405.394	520.922	-988.423	-882.55	-1616.39	-1465.42	-1506.33	-92.5959	1399.03	-2056.4	743.598	867.916	831.464	533.142	-718.118	930.675	-1835.63	-1227.73	-557.995	691.595	494.443	569.618	-125.733	-568.594	99.1256	-369.203	-1074.78	28.7187	-2038.23	-2159.65	1857.59	1458.77	1251.68	-1456.9	-941.826	1814.43	-161.026	-24.2673	843.53	-515.012	-554.683	-867.261	301.085	-323.771	1171.68	-867.112	-644.467	1405.53	600.189	-500.773	1751.45	2062.44	747.856	-706.113	-370.454	137.474	-284.605	-283.535	-942.869
84000.0001	-190.342	1898.63	-799.552	919.119	34.3561	362.912	-315.641	629.136	110.895	360.134	-517.109	198.004	-729.331	-158.488	-935.051	-1281.97	-1066.78	78.6035	-89.0594	1419.52	52.1723	-948.831	-1120.23	1093.79	-630.996	616.181	264.348	269.147	-196.724	-95.0863	561.611	1260.9	464.15	546.52	-929.038	1756.22	-813.791	-911.097	-513.188	398.565	874.988	520.585	1667.34	-68.6509	-352.956	-507.838	-1438.21	-445.251	-474.109	420.236	-791.368	1038.42	895.364	1080.92	334.255	-268.399	-138.02	-735.023	40.4556	2667.64	1685.04	677.555	-515.105	-1218.76	1159.33	1005	-795.643	-240.513	-425.179	-375.035	-1258.76	-862.608	1594.97	64.7792	-634.129	-375.721	1142.91	-417.841	389.311	87.6936	-262.723	-1750.07	432.008	473.31	-795.972	396.28	902.021	755.838	-194.551	1865.53	-850.374	-32.9648	88.6012	-1232	-680.232	-340.251	149.828	-549.535	-183.762	-1132.28	374.923	-1147.73	-1391.95	-901.994	1382.75	-1014.02	270.72	1314.32	425.088	545.31	449.746	402.041	276.817	-450.508	92.1255	-1879.9	-449.556	-556.641	579.403	-1475.58	480.834	1380.47	103.592	1103.36	-1224.6	-1438.57	-109.193	235.512	-1422.86	-862.159	-255.716	-468.06	242.004	925.225	38.3356	427.931	697.31	796.629	1327.63	-83.4734	-65.558	-208.453	67.5795	-1035.72	725.972	725.35	734.672	680.41	-660.242	435.868	-46.7127	527.559	-203.465	-1703.91	399.006	-1152.88	912.903	-106.762	-134.157	-186.201	-665.532	-534.344	638.165	-366.951	-1014.34	346.317	-2206.38	54.6695	-552.872	-506.959	1120.17	191.341	-249.726	284.111	1123.02	515.567	-3.02964	159.034	-47.8206	714.026	10.1614	-1337.5	902.704	1030.75	1099.38	103.166	-179.523	1225.32	1480.01	-76.6945	-600.454	-90.3471	494.991	-659.159	120.334	1314.68	-422.36	-314.13	-584.555	-837.21
84000.0001	-1555.38	428.978	341.065	-1482.77	266.573	-621.152	-321.57	227.378	-2.5571	1768.86	2169.47	73.9633	-459.534	187.916	607.755	1255.51	-762.23	1468.78	-1742.59	-1301.65	-1359.57	1211.17	-301.949	1520.19	-585.602	809.767	-458.784	-473.124	1295.89	1449.37	-1572.98	779.667	-527.422	954.072	-1358.97	281.645	2281.43	-981.544	27.9611	135.332	-1494.32	-539.1	-1245.67	-962.915	-1782.8	2150.41	-117.636	1777.38	53.8196	-737.191	-1562.49	840.065	-1288.75	-2272.69	-914.123	544.047	-365.186	-1223.6	-1173.37	-48.7145	-35.4653	1317.63	-669.413	-378.312	1530.99	1025.77	597.497	297.616	782.162	-928.203	743.898	1095.47	18.9016	-1675.12	-720.225	-179.761	561.879	454.803	-1764.33	612.669	1831.67	-246.37	1617.56	-1663.24	354.711	-1297.68	525.37	617.962	-1664.58	-233.119	-674.858	-97.5122	74.0194	-1840.07	316.088	-272.658	1315.03	-531.041	-2101	180.798	-1001.23	1371.07	-566.713	-1799.69	1173.71	-551.469	-116.219	-1741.98	-1171.99	-1150.16	877.667	1577.87	653.951	-473.652	-388.103	-979.274	170.132	206.067	-424.556	-1298.09	1171.75	575.198	-671.789	-811.628	1586.75	-1060.66	-73.7764	713.965	1584.13	-675.671	-2247.56	68.0419	-1.4889	-2530.19	2076.1	843.579	-1154.89	331.265	1141.42	771.08	484.919	-225.622	301.851	-1086.13	-762.563	-1538.44	-1663.02	-1244.95	-366.401	1558.97	-1878.41	785.584	968.135	814.908	541.814	-798.227	809.952	-1695.2	-1340.21	-596.806	845.656	649.449	675.439	-215.476	-416.664	-29.2304	-397.586	-1246.73	-50.5487	-2064.69	-2180.5	1966.81	1570.56	1186.71	-1359.5	-634.178	1914.38	-131.167	135.681	1047.81	-832.15	-850.184	-906.779	396.335	-551.321	956.871	-669.653	-853.625	1255.64	434.084	-602.639	1599.21	2243.54	756.181	-864.486	-345.693	201.856	-207.398	-232.441	-833.941
86000.0001	-212.952	1902.49	-911.988	826.065	-42.8183	236.548	-305.704	533.497	-61.0418	293.485	-550.5	461.973	-564.838	-176.051	-948.671	-1357.92	-1201.11	171.557	-96.2419	1374.46	145.528	-1074.32	-1027.66	742.345	-633.7	650.985	182.064	93.7021	-75.8793	-213.456	561.515	1232.92	386.83	318.926	-839.376	1870.3	-963.079	-971.751	-442.083	505.765	958.642	480.158	1667.5	-163.957	-261.003	-304.886	-1423.19	-42.1178	-627.511	572.76	-933.905	1159.48	1033.01	952.805	383.098	-267.596	-240.271	-688.518	-125.233	2631.12	1585.39	755.294	-582.083	-1150.35	1199.93	970.487	-794.39	-257.373	-417.808	-576.588	-1132.05	-1066.42	1625.7	366.718	-466.393	-324.634	1179.61	-539.351	822.371	82.5583	-313.914	-1942.21	379.517	610.98	-792.514	195.859	929.621	602.184	42.1531	2005.7	-973.746	119.924	212.065	-1298.15	-780.022	-390.063	-109.995	-710.607	-123.567	-1302.1	318.026	-1276.08	-1282.95	-677.887	1440.51	-1037.96	110.808	1430.94	455.312	748.639	381.145	439.601	168.545	-490.802	210.872	-1882.77	-297.318	-727.371	502.145	-1596.79	717.739	1536.07	198.765	1074.4	-1112.49	-1384.5	-1.381	229.988	-1450.33	-811.902	-14.5263	-21.202	360.524	805.428	33.4968	425.114	549.058	851.933	1291.93	-118.627	-112.646	-369.271	200.497	-855.602	672.134	677.707	701.152	680.568	-668.853	476.563	-169.31	489.262	-40.3458	-1553.27	360.1	-1149.57	832.872	85.4708	-134.927	-126.485	-866.188	-440.92	607.826	-253.656	-984.6	237.319	-2386.89	150.026	-440.294	-542.452	1010.61	151.908	-482.286	435.052	1042.89	519.812	-98.4013	38.8402	-83.8338	591.232	-141.218	-1290.52	905.706	830.839	1073.38	-58.2741	-88.5171	1259.11	1435.23	113.368	-592.559	-42.868	213.117	-572.779	139.521	1431.04	-349.051	-321.755	-632.363	-644.184
86000.0001	-1373.1	433.29	565.175	-1536.28	162.805	-842.679	-404.223	296.899	34.2826	1936.57	2260.37	94.8355	-475.877	392.932	280.346	1289.57	-926.173	1444.05	-1756.68	-1560.41	-1231.83	1182.08	-327.708	1631.71	-369.63	711.317	-497.682	-503.772	1512.88	1604.85	-1610.41	822.593	-1026.88	609.161	-1323.93	417.833	2230.72	-1027.44	15.2983	25.6341	-1540.29	-704.22	-1759.57	-1152.94	-1506.66	1911.43	-265.106	1861.6	-111.612	-730.067	-1712.53	796.38	-1671.05	-2488.15	-827.727	562.505	-412.562	-1465.47	-1051.02	13.4061	278.254	1107.18	-596.769	-729.164	1573.11	830.14	570.687	478.842	597.04	-936.205	855.987	1004.02	-131.132	-1815.79	-632.222	-52.3571	753.585	640.273	-1641.05	731.092	1948.02	-157.919	1418.03	-1775.42	298.97	-1183.79	562.291	773.4	-1745.92	-311.069	-493.801	-229.783	-110.596	-1729.07	270.644	-367.67	1165.53	-490.481	-1809.53	334.402	-929.241	1328.31	-472.078	-1937.2	799.301	-545.457	-247.302	-1618.23	-1080.26	-974.357	920.245	1383.37	607.389	-512.247	-604.455	-1131.97	104.095	272.423	-596.421	-1593.03	1123	538.692	-446.624	-727.518	1416.26	-953.437	-204.89	596.82	1430.14	-639.954	-1973.24	-144.536	-30.3924	-2307.44	2256.44	799.595	-980.787	366.15	893.173	610.051	452.767	-93.5441	484.229	-1148.8	-687.817	-1545.03	-1557.92	-1141.77	-217.826	1458.24	-2127.33	850.203	1108.52	690.556	488.804	-852.85	780.528	-1613.99	-1436.05	-547.962	627.555	721.816	694.184	-281.592	-521.859	115.221	-364.602	-1282.34	-63.7243	-1856.94	-2330.84	2210.12	1452.58	1190.53	-1254.08	-840.465	1848.33	-61.711	268.931	660.95	-740.378	-1027.84	-920.221	148.773	-798.433	720.738	-518.562	-911.071	1112.9	408.024	-650.726	1617.39	2326.13	802.357	-975.642	-521.033	485.069	-353.098	-371.626	-732.109
88000.0001	-436.132	2132.21	-826.17	712.898	-65.4595	383.855	-301.53	526.88	179.713	340.975	-612.488	392.137	-525.487	-128.52	-937.74	-1361.55	-1169.33	131.881	61.7038	1244.96	228.968	-1158.87	-1008.14	532.74	-627.958	702.083	27.2535	16.7717	43.4214	-589.132	517.559	1425.94	523.396	481.25	-603.599	1966.28	-968.566	-956.786	-236.309	353.837	802.767	551.701	1534.05	111.309	-195.31	-417.607	-1476.21	-99.4737	-784.416	620.072	-955.924	1032.26	1127.66	1199.99	180.881	-211.528	-363.382	-552.787	-206.239	2853.89	1616.61	797.751	-624.539	-1340.21	1158.56	802.979	-1063.48	-651.184	-507.04	-733.724	-1019.42	-870.25	1794.67	451.646	-546.118	-89.0911	1298.71	-495.526	751.496	141.135	-184.882	-1853.24	423.507	571.186	-638.44	36.8189	796.129	723.029	-47.0703	2023.53	-845.256	201.797	-30.3755	-1430.13	-687.658	-133.557	-304.089	-1023.25	-102.626	-1296.35	205.359	-1157.22	-1426.17	-546.201	1402.3	-1017.86	326.884	1225.6	312.6	913.942	247.929	446.451	80.2233	-499.367	-29.4637	-2088.14	-8.70747	-839.004	517.866	-1415.59	647.969	1437.17	37.7066	994.721	-1073.84	-1458.79	-80.8632	229.844	-1634.53	-796.186	277.181	-104.19	321.023	689.702	-16.8394	225.547	618.896	863.391	1373.44	-194.421	-23.5815	-288.295	101.107	-830.223	756.873	476.419	746.749	564.948	-695.971	484.943	-184.862	500.331	-37.5309	-1303.5	190.919	-1226.33	916.06	48.1134	-338.377	-372.821	-770.043	-209.076	596.126	-207.562	-852.795	74.3652	-2449.53	80.3863	-528.295	-584.707	1057.8	128.048	-641.271	398.508	1219.95	563.918	-214.193	40.0498	-91.2964	424.283	-20.3131	-1265.76	975.672	682.666	1141.16	-86.0897	-107.086	1381.95	1475.57	281.75	-880.227	-207.091	57.1751	-650.496	288.348	1395.82	-367.88	-520.571	-544.143	-683.995
88000.0001	-1378.52	532.051	900.998	-1583.41	255.771	-1092.62	-426.805	227.113	-269.978	1914.68	2289.29	19.8134	-774.176	72.1347	29.0196	1280.64	-879.928	1547.24	-1509.29	-1851.06	-1131.09	892.885	-385.817	1508.77	-798.73	761.521	-374.595	-168.911	1483.76	1617.5	-1712.77	566.657	-1096.01	571.385	-1355.59	725.656	2120.7	-739.084	110.957	-284.2	-1339.23	-673.51	-1661.68	-982.058	-1395.2	1878.13	-439.304	1777.77	-41.5216	-649.147	-1435.52	727.349	-1856.35	-2431.33	-953.439	614.005	-579.841	-1369.88	-1165.09	161.283	392.6	1436.68	-549.959	-666.313	1398.44	742.93	453.102	707.025	684.357	-1010.5	623.931	1091.65	-187.102	-1720.14	-416.447	-146.366	591.546	714.789	-1688.15	788.61	1827.05	-165.533	1467.96	-1775.31	404.452	-1360.71	663.475	772.793	-1635.06	-391.26	-437.689	-297.673	274.504	-1714.3	82.075	-712.892	1354.29	-816.612	-1981.96	227.897	-618.032	1503.92	-456.61	-1603.86	740.828	-422.523	-359.656	-1409.28	-1200.18	-986.342	1097.79	1273.67	584.425	-578.393	-692.323	-1034.39	-2.11306	213.145	-277.887	-1475.9	1095.46	340.876	-413.334	-699.461	1398.58	-751.402	-269.189	639.046	1636.84	-751.024	-1870.78	-126.406	-177.414	-2169.64	2371.82	793.802	-1019.38	674.45	879.619	649.852	156.654	-381.161	363.453	-1099.09	-623.317	-1373.21	-1831.41	-1185.85	-314.714	1150.02	-2222.54	716.732	1035.1	466.932	542.668	-931.218	720.629	-1686.65	-1325.61	-641.284	400.037	698.315	693.646	-330.344	-379.541	116.584	-308.224	-1467.09	-107.705	-1681.87	-2513.66	2281.89	1314.28	1004.84	-1179.33	-908.207	2177.66	-467.757	426.898	781.288	-700.39	-1304.74	-828.669	50.3607	-967.577	789.528	-523.779	-1134.75	743.84	560.697	-1150.34	1623.42	2455.96	683.501	-1024.5	-387.864	328.634	-379.163	-358.33	-622.006
90000.0001	-498.971	2206.86	-930.501	868.602	-164.581	551.017	-589.348	657.006	367.806	175.161	-695.108	419.809	-499.658	-119.141	-875.189	-1351.38	-1213.54	103.414	73.7397	1336.97	308.231	-1156.18	-1079.44	339.44	-506.143	576.452	-58.1119	310.704	132.668	-410.992	612.627	1300.89	490.269	566.245	-572.325	1871.98	-859.296	-1399.05	-356.497	253.589	645.134	444.146	1655.74	25.0474	-105.923	-429.655	-1120.51	-410.972	-994.001	389.708	-790.346	1274.2	1018.98	1124.42	144.48	-305.406	-388.214	-805.999	-40.8632	3023.26	1440.32	621.888	-788.606	-1466.5	1350.37	967.219	-1225.74	-876.164	-428.145	-864.33	-1005.94	-747.701	2001.99	406.828	-712.565	-449.177	1229.44	-657.534	742.878	35.745	-230.386	-1885.67	307.408	357.572	-599	-45.3988	816.601	818.224	-150.389	2026.13	-1016.04	186.852	-144.005	-1213.08	-637.621	-188.252	-98.803	-1031.4	15.2406	-1740.77	115.901	-1171.72	-1486.73	-760.093	1580.02	-1021.61	341.345	1232.16	196.223	916.908	342.777	633.238	52.1568	-545.776	91.2012	-2118.78	76.3716	-1004.07	214.377	-1408.13	712.576	1582.03	-41.0279	1117.93	-1070.98	-1485.66	209.537	127.216	-1837.76	-548.287	203.742	17.455	244.532	570.275	103.043	286.163	776.73	947.177	1341.48	-231.105	-36.246	-584.937	5.79301	-797.743	622.197	36.5766	778.992	639.615	-751.727	280.333	-172.032	725.675	78.4384	-1268.64	160.706	-1193.45	763.123	147.518	-544.146	-452.394	-703.955	-130.724	645.974	-57.0362	-901.098	-3.22634	-2597.96	153.954	-563.587	-670.421	918.577	231.388	-766.388	223.678	1164.33	515.884	-174.715	76.468	-138.277	457.026	130.175	-1328.51	1268.73	755.123	945.07	-7.25534	-15.106	1334.43	1673.39	234.202	-755.483	-146.87	-50.0049	-547.78	101.786	1517.08	-69.3235	-839.817	-590.8	-525.98
90000.0001	-1357.65	290.032	805.53	-1655.18	220.867	-1189.52	-300.728	124.361	-337.793	2059.89	2091.75	283.588	-716.412	48.6642	33.1103	1556.33	-768.892	1851.55	-1563.79	-1987.37	-1366.59	976.95	-288.623	1415.47	-910.581	820.533	-146.659	44.005	1626.18	1621.92	-1914.27	346.533	-868.322	191.32	-1398.25	852.088	1842.42	-481.697	183.748	-190.803	-1673.54	-537.17	-1466.39	-769.536	-1499.81	1734.94	-167.134	1953.07	-198.576	-430.635	-1171.39	639.849	-1775.23	-2375.1	-1209.48	779.573	-695.471	-1565.08	-1207.97	87.6058	640.391	1440.35	-444.09	-519.799	1701.98	834.5	414.05	666.566	920.232	-954.838	684.829	914.209	-325.749	-1960.74	-686.664	-44.4553	470.358	690.737	-1761.52	745.03	1587.58	18.6999	1553.71	-1818.19	350.693	-1480.65	741.675	743.668	-1662.79	-504.078	-243.73	-613.456	259.57	-1766.37	161.272	-701.493	1103.69	-873.979	-2140.89	442.668	-541.669	1596.8	-474.993	-1421.8	1034.28	-418.097	-378.106	-1491.43	-944.799	-1137.07	934.881	1068.25	579.533	-632.524	-802.667	-1028.72	-86.4798	243.312	-575.035	-1543.35	1351.51	490.701	-467.796	-823.603	1486.81	-1023.97	-362.539	602.992	1280.11	-761.7	-1746.75	-131.552	-295.622	-2051.28	2378.61	858.668	-884.336	565.96	1068.24	307.476	260.918	-492.968	339.763	-1096.61	-826.796	-1600.77	-1991.18	-1303.96	-148.047	914.528	-2230.22	699.301	1362.66	509.816	653.675	-947.068	675.593	-1496.21	-1136.02	-684.499	434.178	700.752	780.803	-104.571	-287.261	299.362	-349.576	-1167.59	-413.128	-1889.98	-2261.28	2250.58	1165.91	978.647	-1294.83	-851.177	2343.11	-625.483	267.995	570.796	-374.667	-1112.48	-1112.49	284.389	-842.903	979.692	-257.905	-1213.25	517.813	443.752	-1116.14	1546.94	2426.67	689.866	-947.979	-694.34	227.536	-503.659	-716.146	-475.547
92000.0001	-518.262	2329.66	-1080.83	862.984	-317.354	446.18	-710.381	739.151	423.923	27.1274	-712.449	293.352	-323.68	-50.5094	-932.44	-1433.4	-1616.85	145.937	67.4595	1445.19	317.428	-1147.03	-1115.66	425.718	-510.161	556.875	-87.6536	527.782	15.8431	-349.311	285.041	1232.6	517.02	763.819	-644.53	1836.88	-610.281	-1510.53	-414.421	383.329	806.588	457.476	1687.8	-200.037	-145.343	-495.634	-759.788	-532.634	-748.902	457.833	-772.515	1225.98	1018.9	1057.66	302.99	-459.548	-524.576	-571.314	206.789	3030.03	1438.88	425.334	-556.977	-1438.39	1275.19	980.221	-1070.23	-814.904	-223.019	-1140.64	-852.266	-546.392	1983.18	258.121	-827.048	-529.899	1133.22	-626.704	695.97	138.987	-24.9333	-2066.04	182.401	446.187	-664.539	-359.745	946.051	679.636	-5.85138	2229.83	-1045.31	-30.2799	48.7886	-1213.58	-575.835	-312.399	-191.329	-1001.19	-63.2884	-2008.33	12.302	-968.74	-1622.12	-902.471	1240.88	-945.197	365.24	1138.29	199.839	632.177	384.019	587.733	-29.8235	-716.787	45.7084	-2124.89	104.473	-1084.8	381.142	-1510.82	521.834	1551.35	-59.9437	1124.54	-921.067	-1533.89	265.471	186.224	-1772.57	-431.277	227.356	361.91	215.21	712.133	75.8212	309.173	657.707	832.615	1432.32	-322.022	-160.513	-606.164	66.9794	-629.895	526.756	110.561	765.136	595.324	-912.435	193.429	-418.058	1121.82	213.624	-1272.63	-47.3586	-1315.63	970.635	243.854	-415.752	-449.752	-570.581	-362.455	684.931	115.379	-792.338	236.129	-2458.03	165.227	-660.063	-562.169	915.648	29.3381	-846.023	435.407	1194	484.236	-246.822	4.17636	-363.896	729.025	88.0603	-1218.26	1063.27	833.186	873.991	-212.352	-82.2873	1198.56	1850.13	208.023	-652.901	-203.767	-87.3941	-492.07	-96.0633	1584.02	0.00614524	-638.204	-684.744	-284.773
92000.0001	-1233.97	233.157	1129.39	-1717.08	357.71	-1345.88	-16.9078	-56.3816	-100.743	1867.83	2420.35	391.977	-791.332	151.514	-318.634	1693.92	-962.998	2008.33	-2001.31	-2151.09	-1225.36	1073.13	0.235694	1532.96	-1035.47	791.11	-66.6632	163.371	1679.14	1649.39	-2053.37	187.685	-966.221	123.149	-1236.09	612.687	1847.29	-506.056	129.902	-391.673	-1705.91	-631.578	-1457.44	-877.586	-1458.1	1766.83	-62.7589	2135.98	-401.689	-380.477	-1021.7	650.596	-1788.23	-2361.16	-1333.84	833.3	-601.48	-1617.33	-1235.62	-220.283	483.829	1228.13	-428.123	-733.951	1671.96	904.283	445.052	714.604	957.118	-1069.56	606.468	909.789	-471.805	-2019.43	-681.514	19.8877	455.465	653.795	-1803.99	819.631	1844.83	77.619	1721.31	-2061.32	415.293	-1355.29	738.436	791.502	-1863.65	-753.615	-17.0091	-248.966	449.346	-1918.85	1.77415	-534.978	1007.05	-1071.92	-2244.51	335.087	-392.391	1495.69	-652.723	-1341.18	998.099	-451.325	-594.853	-1478.29	-737.616	-1078.45	956.905	1089.89	463.001	-566.138	-752.613	-912.913	-38.3157	458.78	-350.761	-1578.25	1008.43	198.214	-347.668	-1011.27	1585.82	-1273.62	-450.148	764.581	1323.62	-988.153	-1482.41	-20.6568	-357.954	-1947.93	2263.04	707.619	-667.889	614.868	849.474	257.933	125.865	-488.138	123.006	-1094.84	-794.212	-2087.45	-1784.8	-1102.78	-183.448	730.61	-2261.09	549.831	1135.11	415.632	546.927	-1028.71	536.563	-1594.67	-1452.2	-541.023	639.384	911.057	575.654	-99.4356	-33.5463	371.086	-408.146	-1526.79	-555.512	-2145.76	-2342.75	2180.57	1020.72	917.777	-1268.15	-873.941	2140.25	-673.87	559.113	1016.35	-382.697	-970.38	-1059.33	314.888	-853.862	1024.08	-41.8882	-1094.25	371.89	551.003	-939.57	1601.51	2634.68	624.749	-779.853	-396.813	400.823	-285.69	-754.428	-240.044
94000.0001	-478.047	2131.81	-954.346	1143.63	-235.046	279.57	-809.013	538.752	386.25	-8.83473	-952.362	184.865	-367.607	-251.941	-909.472	-1361.81	-1645.28	267.876	226.381	1487.99	342.621	-1150.65	-965.097	392.408	-394.014	402.439	-159.918	408.232	259.472	-260.722	68.4701	1414.77	687.288	876.933	-773.945	1720.53	-327.617	-1826.92	-524.995	170.215	613.569	436.975	1628.08	-326.037	-22.9332	-657.243	-736.08	-573.208	-838.486	488.985	-793.829	1174.84	911.558	1191.99	264.127	-386.213	-606.805	-740.4	377.953	3003.31	1476.6	436.652	-560.527	-1503.71	1311.48	930.353	-1100.87	-859.573	-220.153	-1220.69	-975.51	-507.558	2078.3	300.938	-913.595	-651.089	1213.91	-975.635	659.562	-3.48641	-31.482	-1884.66	182.572	486.496	-348.83	-364.948	823.327	729.485	81.0513	2136.04	-1250.92	127.265	131.933	-1303.63	-461.355	-223.774	-304.216	-878.634	-152.065	-1940.26	52.7796	-859.651	-1614.54	-748.636	1229.2	-864.082	438.992	1238.8	159.776	748.975	436.952	674.265	23.5347	-536.799	135.354	-2061.05	-38.7931	-886.3	225.425	-1232.12	575.152	1517.61	-27.8225	1155.69	-757.87	-1499.09	165.801	236.093	-1804.83	-475.504	236.634	138.503	402.462	681.019	174.012	437.733	850.6	701.249	1540.06	-273.924	-310.718	-759.167	181.86	-629.198	435.981	324.15	759.336	568.563	-1112.15	270.216	-178.254	1210.38	248.041	-1193.67	-45.4221	-1359.97	955.577	282.949	-575.961	-492.858	-334.849	-174.492	677.067	341.008	-725.969	315.181	-2572.47	34.7144	-689.562	-575.829	764.325	-140.83	-1042.56	488.218	1204.59	563.57	-404.198	-59.14	-560.638	664.173	-79.1673	-1415.17	895.504	1234.12	836.304	-410.476	60.2	1218.09	1931.64	239.83	-764.699	-351.527	133.688	-493.217	13.8229	1833.7	-118.349	-599.04	-513.246	-352.28
94000.0001	-1403.15	70.95	1559.13	-1680.84	419.592	-1394	276.591	-112.839	-181.543	2125.36	2635.84	263.758	-711.839	201.032	-349.73	1731.26	-778.071	2164.17	-2122.05	-2570.49	-1355.22	932.612	32.0305	1702.59	-1188.92	399.156	-313.151	213.93	1640.92	1760.14	-1793.61	240.931	-973.039	0.360512	-1381.82	742.22	1739.06	-258.92	73.5102	-467.182	-1752.5	-585.294	-1687.5	-1087.01	-1218.98	1411.53	-121.079	2047.11	-216.649	-52.4654	-950.947	741.865	-1865.59	-2128.77	-1534.03	765.975	-525.509	-1509.58	-1137.44	-329.412	600.851	1145.1	-594.837	-397.926	1666.9	775.451	448.56	762.197	825.848	-920.812	620.174	919.439	-302.116	-1723.98	-411.408	339.928	471.176	625.01	-1798.98	711.157	1959.43	-68.9613	1712.81	-2118.9	662.667	-1176.53	848.058	968.62	-2254.87	-930.021	-204.231	-141.287	666.806	-1813.59	120.491	-272.722	1053.58	-1115.21	-2020.81	225.552	-323.275	1546.72	-902.946	-1406.56	835.325	-501.059	-451.755	-1602.69	-693.948	-1278.1	885.727	1022.83	419.781	-374.464	-893.82	-1137.05	-247.751	360.708	-456.138	-1354.61	827.95	-62.9789	-173.895	-965.002	1333.56	-1172.96	-467.004	730.404	1359.45	-1065.54	-1645.77	146.919	-475.53	-1777.4	2197.74	456.832	-458.618	627.512	1062.76	298.707	-0.782521	-265.2	102.648	-1053.36	-985.451	-2256.92	-2031.51	-890.692	-118.537	890.195	-2448.9	679.311	941.02	446.26	339.275	-1265.45	486.478	-1221.58	-1332.08	-453.679	789.664	1003.17	304.424	-60.2633	-30.9202	323.248	-530.202	-1302	-853.357	-2589.37	-2400.04	2402.98	914.1	1024.86	-1371.25	-771.944	2289.14	-577.103	786.877	1073.53	-391.192	-743.32	-975.527	246.498	-935.02	1061.2	-341.819	-1100.99	247.002	599.429	-913.382	1709.87	2853.34	602.368	-1029.55	-546.26	68.9855	-716.092	-770.96	-138.233
96000.0001	-162.319	2125.2	-1037.58	1201.63	-554.663	311.297	-947.409	655.49	312.709	300.034	-876.961	94.136	-481.451	-364.809	-1022.8	-1195.32	-1727.7	494.133	301.7	1413.63	571.332	-1065.81	-1028	718.591	-342.399	504.93	-250.988	299.417	129.868	-258.845	10.163	1395.99	926.885	800.783	-543.769	1550.98	-191.724	-1828.71	-406.572	90.1494	645.157	485.698	1382.64	-192.699	-183.244	-732.929	-668.623	-838.744	-864.308	361.429	-577.948	1187.71	847.592	1324.81	154.05	-506.016	-815.824	-574.588	288.005	3055.17	1408.86	440.399	-500.817	-1391.75	1360.72	929.929	-1080.36	-932.78	62.5063	-1244.88	-966.662	-540.269	2067.97	128.743	-796.912	-737.329	1012.63	-854.819	498.54	168.527	181.263	-1832.75	107.408	295.944	-126.218	-316.013	745.965	693.597	-9.03444	2177.18	-1419.33	-87.548	163.989	-1134.44	-357.864	-71.0537	-387.069	-711.398	-13.7177	-2060.38	172.698	-743.568	-1739.82	-627.47	1268.7	-778.941	639.185	1106.96	187.983	630.923	248.465	656.219	-34.893	-492.25	124.695	-1931.4	-133.47	-925.891	182.612	-1321.79	277.572	1534.11	58.4209	1196.13	-916.097	-1676.1	218.78	238.247	-1823.67	-442.216	52.2742	104.614	563.217	674.688	24.4597	598.809	775.117	613.599	1657.29	-552.476	-106.509	-637.652	70.7106	-667.836	403.711	267.352	715.291	555.553	-1152.12	152.476	-240.152	1127.18	283.385	-1150.16	36.1965	-1233.94	831.868	175.51	-408.554	-459.21	-423.134	-133.537	769.3	312.703	-529.355	399.164	-2504.24	-25.5044	-387.034	-750.849	878.898	-206.541	-883.721	593.913	1156.35	477.588	-465.792	-118.569	-524.369	603.707	-102.687	-1366.01	1222.97	912.141	781.23	-436.494	50.6619	1014.59	2046.85	475.494	-1048.52	-328.203	203.043	-621.932	-33.2506	1795.34	-287.923	-953.956	-579.056	-441.469
96000.0001	-1357.14	32.3601	1384.91	-1742.08	785.164	-1385.7	283.755	-271.864	-256.769	2010.52	2377.75	314.549	-788.922	294.992	-69.8605	1889.28	-922.324	2271.47	-2241.38	-2478.95	-1305.81	819.107	303.605	1757.2	-1007.57	221.224	-125.81	324.863	1514.68	1819.19	-1840.36	104.669	-1041	-105.756	-1822.34	388.213	2010.5	-265.317	171.84	-165.355	-2003.78	-660.406	-1703.55	-1024.62	-1289.22	1447.2	106.211	1990.64	-412.042	111.449	-1132.59	481.68	-1507.21	-2193.55	-1568.31	1030.73	-676.888	-1738.94	-1213	-229.418	523.798	888.481	-776.999	-670.356	2139.62	982.613	446.301	646.248	1011.37	-927.973	553.127	882.159	-148.589	-1413.92	-571.584	403.58	598.592	609.838	-1594.39	843.33	1961.82	-114.298	1642.67	-2031.46	1120.93	-1428.58	743.933	1124.54	-2068.73	-1043.52	-197.472	-440.823	373.15	-1579.7	20.4085	-134.003	969.682	-1233.53	-2236.15	-61.702	-444.957	1753.78	-1051.04	-1505.44	1076.48	-216.015	-606.588	-1946.24	-714.195	-1458.36	1067.65	1195.58	617.931	-124.417	-1108.23	-1068.97	-246.463	455.32	-594.001	-1665.51	984.819	187.829	-232.431	-727.189	1385.89	-1171.56	-412.118	679.755	1564.43	-1121.11	-1475.81	29.9355	-562.423	-1567.57	2209.12	392.29	-529.772	457.821	1150.62	197.221	232.787	-287.775	238.728	-895.182	-1072.42	-1931.44	-1916.37	-955.011	-23.7649	990.994	-2800.15	928.657	971.736	552.242	258.452	-1689.06	291.218	-1073.47	-1313.66	-602.633	904.739	978.226	557.145	66.9211	126.619	-19.1396	-366.824	-1289.5	-796.432	-2540.33	-2223.55	2397.18	1130.84	697.953	-1229.67	-887.109	2199.27	-617.864	811.222	1132.6	-731.628	-702.217	-1045.19	312.763	-506.012	955.569	-374.124	-1118.56	305.314	397.355	-744.269	1482.87	2595.09	632.206	-854.519	-777.431	219.808	-540.3	-660.651	93.6686
98000.0001	-156.011	2037.19	-997.204	1374.09	-922.149	373.804	-985.182	498.361	211.942	152.898	-996.67	99.5786	-557.405	-207.778	-1184.09	-1272.4	-1647.91	571.563	441.245	1498.95	501.956	-975.399	-972.283	701.222	-430.497	507.447	-197.296	229.977	243.694	-321.27	80.1608	1379.76	959.429	611.409	-486.221	1635.1	-135.525	-1899.46	-446.133	209.815	642.582	526.836	1533.03	-158.017	-189.327	-488.611	-623.901	-919.698	-939.148	287.627	-421.273	1260.8	941.457	1234.68	106.839	-636.624	-792.595	-726.008	269.125	2861.17	1284.83	510.234	-542.38	-1268	1273.13	806.085	-1240.08	-1127.99	204.787	-1024.8	-967	-607.274	1941.25	89.9701	-547.818	-564.357	1213.87	-924.029	570.347	163.332	376.404	-1875.13	-20.2007	218.183	35.4383	-404.279	808.046	771.529	82.0344	2020.76	-1475.16	-74.2431	149.998	-1156.47	-122.775	-144.007	-312.101	-719.851	7.07854	-2292.28	262.257	-875.155	-2024.72	-749.621	1346.41	-620.817	547.183	987.376	286.488	796.892	171.548	515.136	-151.339	-679.327	218.94	-1715.63	-244.699	-926.114	-224.377	-1192.41	147.777	1729.49	321.15	1045.03	-908.318	-1856.33	247.387	63.1669	-1829.33	-468.424	434.121	244.068	603.327	686.678	35.9923	587.155	625.842	538.585	1411.68	-429.871	-111.851	-439.358	57.6934	-559.791	216.977	352.785	814.506	441.902	-1221.3	196.56	-193.146	1051.42	553.03	-1272.09	36.3771	-1361.67	744.282	98.5437	-456.562	-122.405	-535.513	-49.5865	906.251	130.56	-612.06	364.668	-2806.23	38.4066	-423.067	-784.808	767.691	-203.33	-922.526	774.695	927.525	453.015	-486.373	-80.0035	-524.95	310.407	-273.616	-1092.23	1181.94	961.769	712.129	-344.721	-65.3785	1018.91	2236.43	645.429	-1121.8	-168.409	261.177	-281.134	52.263	1633.12	-170.744	-996.48	-662.42	-446.785
98000.0001	-1572.71	-134.877	1338.42	-1958.14	981.104	-1505.45	-62.8922	-116.297	-97.3969	2037.88	2507.43	547.245	-586.185	350.229	-202.457	1726.76	-800.608	2274.59	-2638.17	-2502.27	-1521.9	682.624	444.092	1764.71	-735.446	83.8024	-497.023	259.548	1455.46	2025.5	-1941.73	96.6695	-1287.79	-169.476	-1854.01	280.877	1952.37	-417.187	-93.722	-156.847	-1834.69	-664.948	-1766.13	-992.551	-1298.17	1531.41	315.028	2105.18	-146.155	44.4254	-1191	366.098	-1465.43	-2124.83	-1596.49	1033.31	-500.559	-1639.14	-1279.69	-147.222	442.176	835.88	-1003.55	-442.769	2106.53	1143.8	598.817	510.232	882.178	-1059.39	324.847	600.142	40.9902	-1673.9	-546.854	593.563	512.458	479.181	-1652.42	1369.79	2006.56	159.729	1988.71	-1922.34	1096.5	-1432.52	654.868	1126.81	-1735.31	-776.072	-335.513	-447.204	310.385	-1689.49	-213.104	117.244	999.994	-1143.96	-2163.78	216.482	-496.163	1660.9	-989.919	-1404.37	975.442	-52.8625	-481.924	-1815.19	-552.837	-1504.89	1314.67	1129.66	636.258	-409.459	-1169.03	-969.886	-50.9544	478.314	-542.29	-1445.19	550.511	163.478	-240.708	-842.65	1068.35	-1334.22	-159.715	412.921	1523.99	-1134.05	-1530.88	-203.535	-366.292	-1734.81	2048.59	386.657	-511.419	507.869	1081.22	-18.8534	-32.6942	-365.996	136.92	-779.02	-1024.87	-2002.09	-1877.97	-828.171	-183.281	967.848	-2578.54	877.468	1170	526.107	408.637	-1945.32	615.649	-1288.54	-1103.17	-674.963	1123.59	1068.97	760.767	191.477	-354.218	163.37	-539.477	-1241.09	-714.848	-2547.99	-2427.33	2132.92	1091.54	559.315	-1761.72	-853.254	2250.9	-642.108	912.792	1074.18	-922.701	-799.846	-1075.61	122.565	-584.358	1057.88	-184.577	-1182.06	348.52	385.248	-798.266	1500.53	2589.71	999.491	-1060.54	-767.351	147.957	-606.122	-655.767	-130.219
100000.0000	122.054	1931.76	-1000.04	1155.22	-842.138	351.402	-1153.27	336.316	155.467	228.875	-918.546	220.619	-636.731	-374.372	-1414.23	-1111.07	-1845.45	528.596	339.027	1478.44	443.469	-910.087	-944.677	624.478	-330.45	550.15	-201.928	28.1308	383.819	-346.776	145.427	1656.44	790	496.12	-365.985	1631.5	-168.153	-2034.13	-475.954	170.081	528.525	607.071	1576.46	-169.174	-216.022	-503.611	-586.825	-856.744	-996.912	304.547	-144.763	1233.42	817.961	1315.08	106.047	-342.797	-885.448	-845.038	323.127	2713.49	1486.4	509.684	-642.451	-995.626	999.468	915.238	-1181.24	-977.206	95.3573	-679.853	-884.853	-521.227	1877.05	175.752	-427.378	-645.757	1291.79	-842.733	712.237	94.057	291.07	-1759.8	100.725	209.929	56.6931	-129.576	617.094	845.847	-121.731	1976.31	-1488.65	155.957	200.125	-1128.22	-427.976	-29.5321	-264.793	-681.423	-149.101	-2407.99	164.788	-637.413	-1764.43	-820.703	1464.77	-662.371	772.214	837.01	243.517	866.488	205.669	355.748	-272.147	-533.878	373.533	-1718.75	-283.409	-962.37	-340.834	-1275.34	189.163	1653.4	411.548	1073.92	-1118.71	-1783.62	121.948	112.593	-1775.35	-481.959	358.579	172.187	660.102	560.48	-24.4488	554.544	565.738	542.39	1502.8	-624.086	-122.934	-558.106	178.592	-552.489	14.5035	430.244	1090.38	592.094	-1218.73	293.715	-27.3074	1093.46	637.522	-1325.83	71.2208	-1419.57	796.013	-69.5999	-382.441	-172.506	-566.793	-43.49	1204.6	318.405	-623.525	569.957	-3057.35	171.493	-452.039	-792.312	891.111	-298.044	-1077.59	878.357	842.621	397.351	-442.733	-272.28	-771.809	440.045	-394.108	-1094.21	1098.04	916.21	629.526	-332.43	-95.7552	1138.3	2205.3	637.759	-1174.67	-227.181	176.056	-490.898	-207.939	1707.86	-309.926	-843.426	-752.038	-404.123
100000.0000	-1551.05	7.53897	1417.38	-1688.12	1026.54	-1793.79	-94.4213	-187.431	18.406	1984.24	2378.59	354.431	-883.928	223.105	-353.967	1803.9	-687.258	2170.58	-2708.7	-2523.82	-1430.07	823.932	755.181	1709.17	-520.767	79.4848	-592.816	159.292	1663.14	2377.64	-1968.73	-83.7145	-1203.37	-21.6349	-2141.19	164.773	1781.07	-594.583	-125.822	-76.4222	-1718.04	-521.566	-1989.73	-867.417	-1244.36	1454.74	452.2	1966.76	-100.346	79.696	-1346.45	346.41	-1363.04	-2174.58	-1729.85	882.686	-530.341	-1632.76	-1105.67	-192.709	396.853	951.811	-1090.27	-354.4	1959.93	1222.73	523.345	699.786	775.465	-1031.87	386.191	722.519	99.7119	-1622.74	-762.947	493.303	324.292	524.262	-1821.03	1152.74	2024.26	248.593	1710.41	-2006.74	783.353	-1486.55	618.63	670.756	-1663.95	-707.675	-507.17	-499.411	-48.7466	-1627.45	-108.887	-333.913	1132.6	-906.092	-2239.37	133.771	-639.75	1972.11	-1172.06	-1542.82	962.336	52.5195	-255.958	-1826.94	-439.812	-1534.6	1378.07	1373.44	800.464	-399.353	-1357.83	-1277.41	96.9082	312.939	-636.352	-1295.39	671.825	68.0704	-232.117	-821.187	1062.45	-1460.37	-244.096	305.58	1410.64	-1252.91	-1606.96	-120.677	-217.26	-1695.51	2197.24	359.078	-782.275	228.677	1103.91	-51.9774	29.1787	-503.754	13.8737	-660.577	-976.301	-2139.07	-1978.77	-852.382	-154.944	992.858	-2759.36	906.657	1108.02	298.095	187.682	-1976.99	824.509	-1339.28	-1320.76	-818.048	1121.9	915.118	828.318	210.366	-273.019	268.486	-807.542	-1299.21	-701.507	-2393.97	-2917.74	2082	1174.59	457.886	-1422.36	-1027.03	2242.18	-1010.66	1004.85	1048.65	-1020.05	-788.872	-1008.86	-35.6546	-587.889	1031.54	-150.766	-1098.01	281.346	193.037	-692.56	1350.65	2657.55	950.666	-1269.77	-315.706	231.771	-171.206	-871.432	-191.756
