2000	0	178.802	-139.848
2000	1	132.493	136.766
2000	2	63.7547	137.126
2000	3	-112.045	277.257
2000	4	-19.1966	247.625
2000	5	-177.109	535.33
2000	6	-251.108	-484.256
2000	7	-56.9869	-19.9035
2000	8	80.9999	-36.3492
2000	9	272.196	-695.748
2000	10	-129.735	5.90433
2000	11	132.802	-166.929
2000	12	77.8943	59.1424
2000	13	61.6177	-149.946
2000	14	-77.3891	-87.1783
2000	15	-41.1868	-53.7324
2000	16	69.3821	-355.914
2000	17	39.1174	-530.738
2000	18	137.062	-665.108
2000	19	-233.315	45.4681
2000	20	-387.721	475.253
2000	21	-172.648	432.575
2000	22	-242.201	-44.6191
2000	23	285.672	250.231
2000	24	-13.0305	-100.643
2000	25	-4.22906	45.2966
2000	26	7.40272	-186.312
2000	27	-71.2207	301.998
2000	28	-309.107	-614.127
2000	29	202.434	-348.243
2000	30	-27.0776	66.3847
2000	31	390.885	153.563
2000	32	215.57	554.031
2000	33	-284.916	337.629
2000	34	-53.4053	-123.38
2000	35	45.9113	-53.2896
2000	36	-432.976	5.54206
2000	37	111.254	297.794
2000	38	-156.083	-185.135
2000	39	-218.721	406.281
2000	40	-122.69	235.481
2000	41	-214.11	121.665
2000	42	-19.5438	276.804
2000	43	184.944	-446.771
2000	44	263.862	-488.51
2000	45	64.2687	-477.057
2000	46	132.731	-384.973
2000	47	50.4209	84.6898
2000	48	198.128	17.6219
2000	49	-62.0184	547.544
2000	50	-59.2219	-57.5194
2000	51	-2.91627	245.406
2000	52	-166.019	-90.0405
2000	53	192.527	530.474
2000	54	-197.32	-128.33
2000	55	-336.41	210.843
2000	56	222.406	-465.542
2000	57	1.91068	-505.735
2000	58	-117.114	-209.369
2000	59	-50.9698	-534.598
2000	60	-462.398	-144.036
2000	61	-179.784	346.37
2000	62	11.9355	-266.189
2000	63	221.372	-200.726
2000	64	-185.102	352.2
2000	65	-40.6456	-49.0137
2000	66	-263.409	19.9011
2000	67	-92.9248	181.902
2000	68	228.801	310.201
2000	69	-300.083	-198.343
2000	70	-138.195	404.062
2000	71	51.9962	369.763
2000	72	-182.553	-76.8267
2000	73	258.696	-405.281
2000	74	29.2649	491.405
2000	75	-64.4631	34.3865
2000	76	-35.3064	-189.463
2000	77	-82.6297	483.074
2000	78	101.008	-64.0697
2000	79	64.1276	-603.494
2000	80	-150.758	-208.067
2000	81	-2.53179	584.88
2000	82	14.6777	10.2083
2000	83	-194.641	-187.898
2000	84	-194.309	441.9
2000	85	-86.9732	282.59
2000	86	74.0126	96.6835
2000	87	65.7537	-243.613
2000	88	-134.006	172.615
2000	89	-211.349	-452.686
2000	90	-9.30639	281.553
2000	91	-75.7928	19.2051
2000	92	-100.113	-97.2844
2000	93	-293.224	-961.414
2000	94	81.673	162.314
2000	95	41.2585	13.1593
2000	96	170.159	470.186
2000	97	262.553	288.37
2000	98	211.852	216.022
2000	99	172.371	-152.572
2000	100	95.2977	-110.57
2000	101	-59.1053	-121.614
2000	102	399.208	-420.757
2000	103	51.835	255.334
2000	104	80.415	-104.898
2000	105	66.9776	32.2205
2000	106	-262.666	-280.261
2000	107	-31.9593	-91.1911
2000	108	-276.446	303.585
2000	109	-66.1658	-613.092
2000	110	-65.7735	-254.06
2000	111	98.018	-204.64
2000	112	-18.9575	-80.9583
2000	113	28.0277	-126.72
2000	114	224.944	-154.127
2000	115	40.5211	76.5011
2000	116	-440.405	-17.0032
2000	117	-387.101	564.511
2000	118	32.2165	323.911
2000	119	130.513	-190.085
2000	120	53.1831	-32.0194
2000	121	-43.5023	-267.125
2000	122	281.687	-23.4993
2000	123	271.297	-448.424
2000	124	-1.41667	-444.934
2000	125	-116.124	358.157
2000	126	194.954	276.575
2000	127	-291.903	-131.187
2000	128	-125.283	47.2219
2000	129	111.714	261.811
2000	130	-112.597	-190.541
2000	131	-342.493	-78.8602
2000	132	513.696	-67.0316
2000	133	178.366	142.537
2000	134	96.4714	233.256
2000	135	132.402	30.5716
2000	136	63.4395	394.855
2000	137	20.1432	379.117
2000	138	-216.361	-240.06
2000	139	243.676	294.474
2000	140	-50.6723	294.16
2000	141	-21.6268	12.9845
2000	142	112.954	-131.378
2000	143	-206.116	-165.964
2000	144	-222.152	409.635
2000	145	156.491	-15.4112
2000	146	-107.524	176.448
2000	147	244.832	-52.6702
2000	148	-90.0305	-16.03
2000	149	277.493	641.537
2000	150	171.972	-112.27
2000	151	-304.537	-75.9003
2000	152	105.952	-682.508
2000	153	36.4047	-66.8509
2000	154	-337.523	44.6499
2000	155	-88.9938	-464.023
2000	156	351.153	-130.729
2000	157	-259.776	-195.878
2000	158	-173.256	124.499
2000	159	251.434	-421.911
2000	160	236.942	-280.71
2000	161	-45.145	-220.97
2000	162	-199.346	-320.653
2000	163	236.894	344.896
2000	164	-93.172	-188.962
2000	165	-294.248	-186.469
2000	166	79.3639	165.214
2000	167	20.6522	187.834
2000	168	-76.1559	285.493
2000	169	177.592	191.432
2000	170	71.3974	49.2393
2000	171	238.788	-61.3597
2000	172	272.611	228.561
2000	173	70.8451	103.713
2000	174	-170.908	145.665
2000	175	-280.095	34.9968
2000	176	-216.999	342.347
2000	177	-352.889	141.51
2000	178	-228.526	742.464
2000	179	-33.337	-4.20344
2000	180	-239.299	-211.58
2000	181	-65.5393	-459.511
2000	182	-374.837	-259.589
2000	183	-25.8807	-317.206
2000	184	-166.115	16.6454
2000	185	-36.3323	-216.139
2000	186	-436.036	-168.63
2000	187	-190.854	-501.843
2000	188	143.493	-248.513
2000	189	8.06073	-298.24
2000	190	192.357	-143.625
2000	191	32.2421	454.041
2000	192	99.4948	-153.955
2000	193	179.575	125.947
2000	194	47.698	-284.724
2000	195	8.19227	-420.529
2000	196	-198.79	-196.138
2000	197	154.405	199.519
2000	198	-69.7773	176.278
2000	199	87.5541	-350.034
2000	200	-56.3473	298.65
2000	201	-183.414	581.058
2000	202	-19.9894	-406.966
2000	203	59.0675	-158.498
2000	204	-41.0623	-40.1832
2000	205	-80.8274	-492.474
2000	206	132.762	342.302
2000	207	-30.9564	-2.13199
2000	208	63.2653	406.975
2000	209	-145.835	62.2505
2000	210	-31.6334	68.1949
2000	211	-86.3482	82.7403
2000	212	-67.3318	272.686
2000	213	-109.143	-284.425
2000	214	-239.762	-627.848
2000	215	86.8004	-110.036
2000	216	-40.7084	74.2972
2000	217	120.421	-207.852
2000	218	-89.7671	-545.862
2000	219	-162.931	96.3835
2000	220	-328.445	214.04
2000	221	87.2171	498.41
2000	222	42.9177	-109.831
2000	223	197.196	-35.118
2000	224	-32.881	427.729
2000	225	-226.518	70.6039
2000	226	223.032	-243.807
2000	227	91.9998	76.4916
2000	228	-156.591	65.838
2000	229	444.8	-131.931
2000	230	-391.366	-389.414
2000	231	-2.23002	42.3778
2000	232	14.7795	-335.261
2000	233	-42.6713	707.075
2000	234	-233.229	-286.074
2000	235	-174.639	349.698
2000	236	-286.355	67.9623
2000	237	-113.99	302.388
2000	238	94.4367	367.431
2000	239	-101.133	-427.68
2000	240	-22.2581	-62.6879
2000	241	-7.02569	314.153
2000	242	268.047	-665.433
2000	243	97.0355	-179.247
2000	244	-80.3373	208.174
2000	245	283.037	-93.4211
2000	246	-233.368	-11.9621
2000	247	192.23	427.279
2000	248	-96.8857	-173.289
2000	249	219.576	-30.3962
2000	250	86.2796	-608.36
2000	251	-229.888	-19.695
2000	252	-47.7232	358.977
2000	253	-45.846	64.155
2000	254	-129.572	55.5047
2000	255	371.812	303.492
2000	256	-101.183	-82.7736
2000	257	-331.886	11.0723
2000	258	-23.9471	378.125
2000	259	60.1446	-143.502
2000	260	173.528	-489.393
2000	261	-307.189	342.575
2000	262	164.192	-439.612
2000	263	173.947	-168.144
2000	264	-59.4949	356.78
2000	265	-29.9907	-61.2874
2000	266	-141.577	377.982
2000	267	-310.822	533.959
2000	268	-336.712	29.1839
2000	269	-299.531	-479.078
2000	270	-120.507	-434.919
2000	271	277.173	432.519
2000	272	-18.0427	-55.7604
2000	273	-286.617	-303.269
2000	274	-169.443	-391.491
2000	275	-57.79	-23.1607
2000	276	34.394	-154.343
2000	277	-274.36	210.188
2000	278	206.384	35.5966
2000	279	277.379	-331.558
2000	280	10.005	-457.725
2000	281	-135.018	-391.934
2000	282	150.579	746.95
2000	283	-240.449	-225.693
2000	284	161.21	-362.314
2000	285	65.534	57.2819
2000	286	-270.457	135.041
2000	287	-105.949	-303.736
2000	288	168.515	487.747
2000	289	63.457	4.8069
2000	290	187.08	-347.763
2000	291	-12.4843	62.2794
2000	292	254.556	255.282
2000	293	186.313	40.2632
2000	294	303.893	409.123
2000	295	224.234	320.955
2000	296	174.833	143.081
2000	297	-305.696	508.11
2000	298	139.5	403.033
2000	299	-66.719	106.77
2000	300	212.133	336.047
2000	301	-184.391	238.364
2000	302	112.966	-167.287
2000	303	265.518	-391.535
2000	304	80.954	-630.685
2000	305	-225.903	-400.791
2000	306	-24.5004	288.619
2000	307	-31.6025	-480.838
2000	308	-242.837	-163.032
2000	309	5.85747	-288.803
2000	310	38.8281	-119.019
2000	311	113.148	310.188
2000	312	-158.349	415.127
2000	313	-395.897	352.268
2000	314	103.963	129.407
2000	315	116.05	38.0258
2000	316	-160.314	-12.3735
2000	317	-335.728	215.31
2000	318	492.938	192.99
2000	319	-114	90.248
2000	320	472.53	688.791
2000	321	-228.138	325.199
2000	322	54.738	-716.956
2000	323	-40.2831	429.651
2000	324	35.2593	-233.51
2000	325	-144.988	259.626
2000	326	183.508	-16.506
2000	327	5.37965	429.699
2000	328	-107.03	-206.595
2000	329	-220.997	372.491
2000	330	-16.4478	112.626
2000	331	-0.203132	117.124
2000	332	-49.7413	-322.039
2000	333	-211.712	109.365
2000	334	-161.822	251.657
2000	335	14.3565	494.708
2000	336	99.9278	301.817
2000	337	117.962	-46.0499
2000	338	113.035	391.302
2000	339	-168.573	-394.457
2000	340	102.423	80.9392
2000	341	-4.40572	-196.777
2000	342	27.5011	85.9349
2000	343	-102.102	-253.514
2000	344	24.3263	243.776
2000	345	-161.534	-376.605
2000	346	112.288	-270.524
2000	347	235.035	-74.9414
2000	348	-123.103	-9.12383
2000	349	-220.343	-264.515
2000	350	62.7637	39.3187
2000	351	-18.9436	314.545
2000	352	184.977	-326.196
2000	353	-327.948	24.1272
2000	354	20.3552	26.7021
2000	355	-64.1348	-313.864
2000	356	414.142	-312.309
2000	357	130.492	63.658
2000	358	40.7814	583.816
2000	359	18.1982	309.932
2000	360	-150.816	-84.8639
2000	361	215.427	-160.959
2000	362	-90.2001	-38.067
2000	363	-147.493	-60.4971
2000	364	92.4704	-485.035
2000	365	345.5	-30.1561
2000	366	182.545	365.909
2000	367	215.496	-129.418
2000	368	-275.914	416.847
2000	369	314.897	-58.0765
2000	370	86.1153	-71.9536
2000	371	-99.9468	161.795
2000	372	25.0757	-56.2006
2000	373	72.7144	68.6975
2000	374	-278.793	-475.749
2000	375	87.7869	420.288
2000	376	-432.169	-109.647
2000	377	-315.238	142.647
2000	378	82.5209	-214.9
2000	379	-192.822	359.627
2000	380	-421.56	513.575
2000	381	-23.3273	553.823
2000	382	-270.462	183.326
2000	383	-122.757	147.148
2000	384	12.1479	-166.844
2000	385	-87.4835	101.892
2000	386	-122.123	119.684
2000	387	115.249	145.575
2000	388	529.302	115.991
2000	389	426.443	-115.952
2000	390	-57.1903	-624.868
2000	391	-294.141	90.2752
2000	392	-177.942	-489.435
2000	393	220.739	-498.679
2000	394	-45.6716	75.6612
2000	395	298.756	4.55348
2000	396	78.5598	244.647
2000	397	-302.051	-171.366
2000	398	20.1012	-569.997
2000	399	13.4927	191.007
2000	400	341.885	-268.7
2000	401	145.77	252.005
2000	402	-114.872	120.795
2000	403	-46.4154	-480.291
2000	404	-3.57485	-52.8478
2000	405	340.944	293.372
2000	406	-105.616	90.7697
2000	407	-150.543	482.895
2000	408	-212.625	-270.106
2000	409	100.243	-40.9637
2000	410	-137.349	-373.398
2000	411	125.924	-142.228
2000	412	14.7765	67.3755
2000	413	72.9882	-367.184
2000	414	52.1216	370.429
2000	415	-258.729	397.255
2000	416	18.2713	-537.038
2000	417	-110.482	-149.137
2000	418	-347.67	-236.09
2000	419	13.136	250.487
2000	420	134.404	350.813
2000	421	-123.985	156.288
2000	422	399.375	-392.541
2000	423	-146.048	-145.71
2000	424	-164.012	122.583
2000	425	71.9334	-717.249
2000	426	197.801	258.483
2000	427	-16.8633	332.312
2000	428	-179.455	-86.1623
2000	429	-173.442	270.519
2000	430	113.444	5.92688
2000	431	67.3068	-137.826
2000	432	-342.238	-167.412
2000	433	-187.056	-43.1522
2000	434	-144.244	-446.369
2000	435	-142.221	-21.1788
2000	436	-49.5369	-23.417
2000	437	32.2961	103.812
2000	438	-216.833	-195.893
2000	439	5.02468	-93.1821
2000	440	-48.3116	118.091
2000	441	-33.1998	-24.8548
2000	442	-175.527	74.0864
2000	443	312.581	264.944
2000	444	-261.084	115.915
2000	445	-79.3026	-399.373
2000	446	-169.308	241.768
2000	447	51.4546	-230.132
2000	448	84.7051	169.397
2000	449	-36.8738	-223.699
2000	450	66.5076	-0.470812
2000	451	-126.085	236.798
2000	452	278.145	229.924
2000	453	-33.101	-326.544
2000	454	76.0488	95.1676
2000	455	-43.953	-353.115
2000	456	-72.2782	-2.89351
2000	457	-129.918	-428.528
2000	458	152.337	35.2598
2000	459	287.106	-114.596
2000	460	-93.5306	-369.503
2000	461	-61.5651	115.194
2000	462	-27.1739	-19.39
2000	463	185.295	248.233
2000	464	-86.2493	383.16
2000	465	-118.399	-339.397
2000	466	87.15	-321.142
2000	467	224.591	-66.5131
2000	468	-247.186	-122.939
2000	469	164.96	523.759
2000	470	113.181	-211.667
2000	471	144.46	246.118
2000	472	-199.726	-337.765
2000	473	-88.3517	-325.892
2000	474	-135.579	-44.5985
2000	475	-70.3	-480.676
2000	476	-293.317	-140.146
2000	477	-17.8153	-70.5527
2000	478	-7.8556	69.9061
2000	479	-292.05	51.2544
2000	480	-318.817	39.2106
2000	481	-22.8039	-293.97
2000	482	-225.845	-21.0255
2000	483	-259.513	338.876
2000	484	10.3961	431.845
2000	485	-105.76	467.532
2000	486	-163.667	63.0284
2000	487	18.1418	-134.121
2000	488	-132.659	39.0617
2000	489	-212.92	542.051
2000	490	227.726	131.463
2000	491	32.5115	-461.042
2000	492	-165.856	-414.001
2000	493	143.809	95.6822
2000	494	201.569	-66.3464
2000	495	-96.9153	-396.672
2000	496	-14.5468	-73.2444
2000	497	363.888	-159.709
2000	498	260.222	-605.303
2000	499	214.911	-31.1198
4000	0	380.095	9.69306
4000	1	111.003	389.55
4000	2	72.8164	-182.062
4000	3	-274.832	401.485
4000	4	-58.5427	332.378
4000	5	365.589	192.393
4000	6	-231.064	-240.161
4000	7	74.5046	650.746
4000	8	82.6326	186.513
4000	9	273.336	-381.597
4000	10	-192.625	-699.31
4000	11	55.5409	-311.731
4000	12	139.088	-116.329
4000	13	39.869	-148.514
4000	14	181.398	-464.286
4000	15	200.932	-317.547
4000	16	-218.126	-531.941
4000	17	117.651	-855.461
4000	18	21.6792	-357.471
4000	19	-253.764	332.628
4000	20	-301.597	31.631
4000	21	-215.089	581.05
4000	22	-222.531	-534.965
4000	23	418.265	-46.649
4000	24	126.131	-507.832
4000	25	-158.398	-361.3
4000	26	-313.656	-345.311
4000	27	-80.8774	322.766
4000	28	-285.319	-779.969
4000	29	141.061	-615.27
4000	30	-110.089	-248.16
4000	31	99.2332	114.957
4000	32	-226.063	638.371
4000	33	-548.291	443.733
4000	34	-31.689	-116.402
4000	35	-218.385	476.992
4000	36	-529.199	111.554
4000	37	93.2102	343.243
4000	38	-67.2824	156.183
4000	39	-220.408	424.401
4000	40	-83.9016	542.411
4000	41	-310.138	323.638
4000	42	-48.6012	493.318
4000	43	323.265	-589.327
4000	44	135.61	-611.482
4000	45	82.3154	-740.873
4000	46	254.565	-684.843
4000	47	265.227	-0.0748009
4000	48	280.077	-92.8877
4000	49	-269.002	1087.35
4000	50	120.076	586.916
4000	51	-55.0092	153.044
4000	52	7.45589	657.181
4000	53	-26.6511	561.572
4000	54	-238.067	-45.0122
4000	55	-573.993	452.212
4000	56	-86.1806	-1110.83
4000	57	99.7045	-765.002
4000	58	-390.602	122.129
4000	59	-204.938	-255.189
4000	60	-411.036	-315.068
4000	61	-278.938	637.544
4000	62	-102.977	-784.389
4000	63	121.842	-139.932
4000	64	-454.193	199.116
4000	65	179.301	-421.798
4000	66	-324.723	308.251
4000	67	-194.552	-0.908066
4000	68	9.30803	397.467
4000	69	-94.1628	90.2931
4000	70	-58.7109	794.33
4000	71	-31.1134	746.122
4000	72	-86.5361	-315.587
4000	73	176.516	-295.307
4000	74	109.296	337.997
4000	75	-244.924	337.656
4000	76	-195.494	-279.497
4000	77	-81.5149	522.403
4000	78	-190.775	-280.065
4000	79	388.689	-583.291
4000	80	-325.877	241.49
4000	81	116.711	254.686
4000	82	-99.7784	121.903
4000	83	-448.352	-270.255
4000	84	20.2441	436.011
4000	85	-74.7078	355.051
4000	86	-75.0937	352.419
4000	87	-35.7777	-115.593
4000	88	-252.32	450.923
4000	89	-402.326	-178.032
4000	90	-168.092	846.391
4000	91	-234.729	81.5471
4000	92	-63.7295	-163.838
4000	93	-494.891	-974.721
4000	94	261.78	-105.923
4000	95	-38.2938	-590.577
4000	96	148.533	468.112
4000	97	342.931	465.98
4000	98	171.512	782.818
4000	99	112.976	-521.47
4000	100	-63.2598	-210.07
4000	101	20.1739	-304.635
4000	102	800.192	-327.336
4000	103	49.4735	73.6822
4000	104	-58.8602	-426.876
4000	105	156.703	137.964
4000	106	-606.078	-443.956
4000	107	-207.128	278.606
4000	108	-355.257	328.72
4000	109	52.2032	-813.007
4000	110	-165.042	-74.3462
4000	111	316.398	-441.604
4000	112	0.12562	106.66
4000	113	264.745	208.327
4000	114	210.5	37.7848
4000	115	99.4819	-167.654
4000	116	-399.65	-572.251
4000	117	-570.112	708.259
4000	118	-108.132	66.1416
4000	119	349.262	-426.72
4000	120	28.629	-143.963
4000	121	-283.267	-595.422
4000	122	-73.4821	307.122
4000	123	88.1026	-1064.79
4000	124	-220.839	-337.165
4000	125	-175.555	592.947
4000	126	56.2969	422.042
4000	127	-471.112	-634.316
4000	128	-7.54661	162.71
4000	129	113.858	127.743
4000	130	-131.118	-96.5542
4000	131	-163.979	-266.561
4000	132	490.494	-53.9331
4000	133	-103.289	-7.03955
4000	134	365.52	355.628
4000	135	345.281	193.876
4000	136	-236.209	635.003
4000	137	-191.443	195.136
4000	138	-200.541	-410.645
4000	139	364.578	21.8066
4000	140	59.7022	215.904
4000	141	-200.312	179.544
4000	142	-8.06004	358.895
4000	143	-139.37	-201.696
4000	144	-263.129	1272.48
4000	145	61.4245	377.467
4000	146	-371.397	350.788
4000	147	182.99	-2.43002
4000	148	-9.01197	336.475
4000	149	312.419	318.27
4000	150	169.981	-163.474
4000	151	-381.401	-226.887
4000	152	203.595	-1112.87
4000	153	94.8044	-247.279
4000	154	-318.369	-212.714
4000	155	132.457	-714.093
4000	156	469.783	19.2965
4000	157	-261.791	25.6219
4000	158	-112.523	111.84
4000	159	230.827	-459.541
4000	160	194.919	-205.801
4000	161	-342.212	47.1375
4000	162	18.3795	-305.552
4000	163	339.266	129.914
4000	164	-42.6225	237.39
4000	165	-293.099	-390.661
4000	166	-164.487	-389.725
4000	167	301.743	94.2792
4000	168	-270.387	515.389
4000	169	354.33	175.057
4000	170	70.2553	275.91
4000	171	135.567	-316.543
4000	172	212.472	-236.535
4000	173	291.795	289.409
4000	174	4.72956	78.7273
4000	175	-79.0607	205.018
4000	176	-217.157	585.079
4000	177	-389.75	775.091
4000	178	-515.276	1015.3
4000	179	-315.458	7.64256
4000	180	-200.083	-631.793
4000	181	-267.05	-872.355
4000	182	-434.914	241.786
4000	183	-210.554	-155.604
4000	184	-265.906	-719.897
4000	185	45.9623	75.0012
4000	186	-676.471	-563.919
4000	187	-169.385	-297.467
4000	188	201.679	-107.014
4000	189	-112.158	-793.598
4000	190	53.6759	-96.0261
4000	191	373.853	-91.5066
4000	192	183.336	443.712
4000	193	-99.8344	-203.828
4000	194	-133.372	-122.426
4000	195	206.984	-814.682
4000	196	21.4623	-542.377
4000	197	-4.68895	238.091
4000	198	23.533	577.815
4000	199	49.4745	18.7964
4000	200	80.26	422.386
4000	201	-417.175	-334.271
4000	202	184.4	-632.257
4000	203	-180.423	466.334
4000	204	-100.719	-32.9828
4000	205	-122.875	-733.163
4000	206	252.916	691.242
4000	207	314.239	120.796
4000	208	46.0876	185.703
4000	209	-444.131	556.752
4000	210	25.059	432.916
4000	211	-298.403	-376.075
4000	212	232.218	530.26
4000	213	73.845	-428.094
4000	214	-259.069	-682.777
4000	215	206.658	1.38505
4000	216	233.829	309.84
4000	217	230.357	315.447
4000	218	171.038	-539.492
4000	219	38.9258	389.343
4000	220	-479.566	-472.783
4000	221	-151.574	73.5249
4000	222	99.8544	-64.9959
4000	223	-27.0513	-341.208
4000	224	-232.147	585.518
4000	225	-285.684	397.315
4000	226	242.654	-458.679
4000	227	29.2287	-84.9642
4000	228	-205.102	-551.072
4000	229	504.607	-369.943
4000	230	-40.3089	-688.7
4000	231	-64.3915	194.243
4000	232	71.2435	-570.726
4000	233	80.8213	881.27
4000	234	-186.181	-186.202
4000	235	-176.648	768.355
4000	236	-286.425	-550.32
4000	237	147.693	356.532
4000	238	158.05	601.925
4000	239	-358.373	-253.749
4000	240	-220.113	-353.32
4000	241	-63.7072	249.772
4000	242	82.1627	-988.256
4000	243	84.0374	575.206
4000	244	-8.44774	-368.915
4000	245	349.052	-132.326
4000	246	-348.689	-267.255
4000	247	371.46	897.23
4000	248	-135.934	-765.436
4000	249	320.439	89.4759
4000	250	44.4076	-667.886
4000	251	89.9799	-284.298
4000	252	233.959	588.425
4000	253	214.367	-278.23
4000	254	-187.622	-269.579
4000	255	110.968	176.959
4000	256	117.341	-583.295
4000	257	-274.229	366.164
4000	258	-381.284	194.359
4000	259	166.532	-510.561
4000	260	-47.61	-592.928
4000	261	-547.685	488.447
4000	262	233.055	-350.139
4000	263	-83.9339	486.454
4000	264	-166.438	788.097
4000	265	50.8461	-205.817
4000	266	-385.409	95.0994
4000	267	-319.271	-114.1
4000	268	-218.745	-129.698
4000	269	-122.302	-198.212
4000	270	-44.6699	-846.402
4000	271	336.591	367.106
4000	272	-17.6701	-202.428
4000	273	-247.22	-54.3918
4000	274	-195.933	-678.15
4000	275	1.85464	-275.884
4000	276	-27.0641	398.866
4000	277	-361.933	-132.45
4000	278	427.693	405.28
4000	279	1.28298	-495.648
4000	280	-267.744	-304.612
4000	281	-174.861	70.8974
4000	282	529.941	1242.42
4000	283	-61.3322	-404.575
4000	284	121.187	-819.793
4000	285	34.4053	-13.5589
4000	286	-152.386	-188.134
4000	287	-85.0706	-101.992
4000	288	243.675	465.07
4000	289	83.9089	-378.926
4000	290	-1.76211	-63.4911
4000	291	149.394	327.098
4000	292	195.081	217.95
4000	293	308.213	43.6636
4000	294	603.579	798.759
4000	295	165.84	701.807
4000	296	175.923	555.478
4000	297	-86.5601	1152.76
4000	298	-171.705	738.629
4000	299	171.054	-249.089
4000	300	-7.0997	315.852
4000	301	-257.842	180.294
4000	302	-26.2442	-30.3692
4000	303	324.885	-153.474
4000	304	100.086	-787.464
4000	305	-437.513	126.255
4000	306	-31.3039	13.0462
4000	307	-126.139	-612.406
4000	308	-4.71712	-249.211
4000	309	345.096	-266.966
4000	310	39.8801	176.413
4000	311	73.6297	193.668
4000	312	-175.838	623.029
4000	313	-557.906	307.153
4000	314	-145.537	-145.752
4000	315	256.356	-237.129
4000	316	-400.582	-402.198
4000	317	-394.732	118.743
4000	318	432.391	-57.0761
4000	319	-454.472	62.4512
4000	320	454.884	688.02
4000	321	-209.961	502.206
4000	322	-130.563	-649.982
4000	323	-87.6502	1003.48
4000	324	172.854	-634.142
4000	325	1.85617	-241.319
4000	326	245.394	-101.153
4000	327	-293.199	41.1375
4000	328	-86.1915	-329.88
4000	329	-243.207	687.128
4000	330	36.1879	99.7077
4000	331	-181.684	383.022
4000	332	-268.858	-625.2
4000	333	-112.933	-191.872
4000	334	-41.3997	-92.1787
4000	335	411.186	717.233
4000	336	418.208	508.566
4000	337	221.381	-129.828
4000	338	207.927	166.988
4000	339	-185.917	-533.114
4000	340	81.5797	-220.082
4000	341	-366.683	-232.433
4000	342	-109.764	-65.6337
4000	343	-64.6305	-30.1222
4000	344	-93.3842	791.145
4000	345	-311.06	-373.54
4000	346	216.237	130.506
4000	347	304.061	-709.067
4000	348	-384.824	276.093
4000	349	-197.495	-374.543
4000	350	-56.2562	-165.853
4000	351	-161.367	283.762
4000	352	226.5	-427.895
4000	353	-825.25	-184.362
4000	354	171.909	206.987
4000	355	112.33	19.3879
4000	356	246.136	-384.184
4000	357	12.2413	128.644
4000	358	157.877	189.878
4000	359	-23.5757	752.147
4000	360	-329.362	-104.596
4000	361	339.701	118.852
4000	362	9.59639	443.947
4000	363	10.2554	-91.356
4000	364	29.0966	-297.454
4000	365	564.809	142.775
4000	366	96.1326	585.774
4000	367	-305.236	505.9
4000	368	-97.8815	442.505
4000	369	395.658	-207.286
4000	370	147.376	-155.641
4000	371	-39.783	42.0191
4000	372	46.7356	73.0023
4000	373	-121.127	-271.046
4000	374	-120.032	-232.088
4000	375	30.2902	377.372
4000	376	-390.226	-378.837
4000	377	-94.5949	-112.366
4000	378	-102.033	-57.8745
4000	379	-79.2517	1175.97
4000	380	-305.375	471.893
4000	381	-134.881	185.338
4000	382	-131.146	-196.622
4000	383	-320.59	-19.1368
4000	384	148.135	-400.821
4000	385	15.1655	407
4000	386	48.2749	10.9415
4000	387	59.5861	537.333
4000	388	30.567	294.621
4000	389	464.027	93.9524
4000	390	-139.67	-885.704
4000	391	-311.092	298.971
4000	392	-157.894	-359.947
4000	393	357.67	-605.936
4000	394	96.3521	359.471
4000	395	315.101	370.529
4000	396	260.656	106.243
4000	397	-541.562	119.398
4000	398	17.8941	-761.14
4000	399	-28.5937	-246.666
4000	400	359.93	-7.42198
4000	401	317.807	527.145
4000	402	-155.717	675.85
4000	403	139.044	-475.233
4000	404	-131.143	-393.972
4000	405	487.598	524.097
4000	406	6.25048	-236.035
4000	407	-326.247	278.859
4000	408	-328.792	-583.309
4000	409	318.281	-311.986
4000	410	-277.765	-348.013
4000	411	-205.858	108.66
4000	412	-108.102	46.5398
4000	413	109.539	-616.142
4000	414	150.666	285.469
4000	415	-439.956	358.949
4000	416	213.615	-540.844
4000	417	-83.8124	-9.55071
4000	418	-207.44	-105.484
4000	419	-88.857	449.258
4000	420	86.6567	357.32
4000	421	-25.2642	591.765
4000	422	380.493	-108.08
4000	423	65.9258	-394.963
4000	424	59.4297	81.0996
4000	425	173.42	-1431.18
4000	426	67.5888	284.454
4000	427	235.666	390.851
4000	428	-143.953	550.618
4000	429	-391.22	-43.364
4000	430	54.6704	5.94116
4000	431	-314.086	64.8005
4000	432	-299.654	454.732
4000	433	-241.018	-13.9398
4000	434	-181.55	-574.639
4000	435	81.3688	54.8597
4000	436	229.89	231.743
4000	437	69.2549	-64.8427
4000	438	123.119	-127.716
4000	439	-28.53	-70.9268
4000	440	-253.016	-232.743
4000	441	-653.312	173.583
4000	442	-337.952	591.68
4000	443	192.237	-27.7242
4000	444	-559.529	28.1942
4000	445	1.80317	-181.841
4000	446	-129.993	210.632
4000	447	-227.402	-109.129
4000	448	-297.54	680.387
4000	449	-46.1808	-348.579
4000	450	407.463	47.1275
4000	451	109.476	521.268
4000	452	337.748	-367.111
4000	453	84.3919	-251.372
4000	454	20.128	-276.034
4000	455	152.02	-337.802
4000	456	-92.2516	79.4571
4000	457	69.1684	-125.921
4000	458	493.108	-35.2935
4000	459	131.738	173.741
4000	460	-221.192	-573.092
4000	461	-105.407	-75.2415
4000	462	216.128	413.882
4000	463	227.417	387.596
4000	464	-285.25	1186.69
4000	465	-81.1118	-193.62
4000	466	366.586	-577.84
4000	467	596.655	-681.89
4000	468	-285.684	-118.217
4000	469	267.151	648.485
4000	470	-256.755	-411.923
4000	471	344.47	1136.11
4000	472	-183.769	-621.12
4000	473	-110.672	129.342
4000	474	-136.406	-227.375
4000	475	254.045	-706.181
4000	476	27.288	-283.701
4000	477	-136.069	177.844
4000	478	233.493	-244.044
4000	479	-389	142.434
4000	480	-595.98	291.321
4000	481	-97.5926	44.1411
4000	482	-368.236	-93.3018
4000	483	-465.112	833.164
4000	484	-144.638	454.626
4000	485	-157.397	126.021
4000	486	-204.286	-279.075
4000	487	87.0741	-66.0323
4000	488	-32.4647	-487.698
4000	489	24.5336	676.854
4000	490	150.602	449.43
4000	491	233.363	87.8958
4000	492	-422.042	-416.938
4000	493	195.647	223.887
4000	494	164.012	-346.114
4000	495	-178.624	-238.508
4000	496	105.434	112.252
4000	497	320.931	198.61
4000	498	386.153	-729.552
4000	499	403.429	172.08
6000	0	623.962	-336.368
6000	1	52.0165	238.954
6000	2	-181.11	-60.9858
6000	3	-473.578	660.83
6000	4	60.343	275.342
6000	5	182.625	352.753
6000	6	-485.891	-331.508
6000	7	-345.486	758.417
6000	8	101.633	193.342
6000	9	74.1219	-687.139
6000	10	-167.617	-296.712
6000	11	-187.064	-112.014
6000	12	-114.673	-701.027
6000	13	-202.769	572.69
6000	14	393.712	-347.516
6000	15	422.185	-37.6638
6000	16	-440.577	-345.925
6000	17	20.1793	-609.567
6000	18	101.276	-423.738
6000	19	-569.769	436.954
6000	20	-420.43	580.316
6000	21	263.253	216.64
6000	22	-198.089	-746.984
6000	23	417.378	-97.4359
6000	24	-132.607	-428.949
6000	25	-96.7993	-137.373
6000	26	-574.334	-293.394
6000	27	-253.093	56.9348
6000	28	-406.349	-555.131
6000	29	-98.2777	-720.743
6000	30	-247.063	47.1433
6000	31	405.712	263.029
6000	32	-167.122	944.525
6000	33	-187.78	503.672
6000	34	10.5539	304.155
6000	35	-235.421	814.276
6000	36	-692.382	377.163
6000	37	213.633	533.82
6000	38	62.1001	-115.867
6000	39	-190.924	584.49
6000	40	-83.046	321.05
6000	41	-390.351	31.3863
6000	42	-89.0028	1212.28
6000	43	86.0243	194.859
6000	44	353.625	-1023.77
6000	45	66.4285	-286.292
6000	46	172.322	-988.981
6000	47	-213.732	-45.9073
6000	48	197.472	-358.962
6000	49	-157.745	1432.99
6000	50	61.9033	324.24
6000	51	124.34	461.493
6000	52	-247.584	949.635
6000	53	312.57	426.939
6000	54	-96.7103	179.422
6000	55	-276.637	-180.936
6000	56	-144.254	-478.317
6000	57	78.6717	-810.621
6000	58	-387.355	-177.024
6000	59	-265.838	-92.0122
6000	60	-299.78	-61.9323
6000	61	-340.482	766.566
6000	62	-127.373	-1077.77
6000	63	178.257	-522.931
6000	64	-365.522	9.25005
6000	65	145.341	-385.721
6000	66	-49.3483	56.4603
6000	67	-94.2867	121.506
6000	68	61.1006	-139.59
6000	69	79.532	124.844
6000	70	40.0916	640.455
6000	71	173.099	1170.04
6000	72	-645.611	-818.617
6000	73	18.7836	-163.151
6000	74	-51.9262	411.487
6000	75	-62.2539	633.882
6000	76	-569.615	50.4455
6000	77	-41.1239	673.176
6000	78	-232.446	-529.191
6000	79	227.685	-621.6
6000	80	68.1757	452.822
6000	81	113.738	96.9532
6000	82	82.4758	-84.246
6000	83	-372.666	288.536
6000	84	-101.924	333.035
6000	85	-55.4893	-63.9541
6000	86	-4.90994	390.994
6000	87	128.578	454.987
6000	88	-314.752	200.874
6000	89	-502.947	-339.974
6000	90	-114.635	976.464
6000	91	-118.255	492.03
6000	92	39.95	-605.422
6000	93	-354.714	-1094.11
6000	94	300.674	-15.4836
6000	95	-118.648	-989.288
6000	96	68.2138	443.106
6000	97	442.266	349.99
6000	98	-133.784	630.359
6000	99	-106.112	-636.829
6000	100	-282.282	-396.293
6000	101	-18.4347	-226.174
6000	102	1170.52	-324.298
6000	103	77.4633	-95.358
6000	104	158.993	-619.979
6000	105	213.921	371.591
6000	106	-601.491	-451.228
6000	107	-87.9056	269.192
6000	108	-415.473	674.735
6000	109	-160.635	-1523.28
6000	110	-386.852	-705.568
6000	111	-40.7715	-401.034
6000	112	118.273	223.088
6000	113	113.987	-136.298
6000	114	183.356	-11.82
6000	115	319.969	-138.663
6000	116	-441.836	-586.439
6000	117	-729.088	880.124
6000	118	-259.905	347.057
6000	119	437.515	-543.98
6000	120	-331.959	-183.958
6000	121	-423.888	-687.015
6000	122	-338.975	222.743
6000	123	346.533	-1284.53
6000	124	-304.683	90.5377
6000	125	-236.808	175.591
6000	126	-245.408	355.255
6000	127	-433.988	-545.498
6000	128	13.046	286.351
6000	129	193.434	-126.203
6000	130	-51.6286	579.751
6000	131	-170.626	-209.307
6000	132	250.549	245.98
6000	133	-401.811	-255.16
6000	134	206.127	326.77
6000	135	445.253	-392.646
6000	136	-138.088	1049.05
6000	137	-342.756	-52.5135
6000	138	-519.514	-810.243
6000	139	313.46	-190.499
6000	140	148.101	533.71
6000	141	-81.4355	379.219
6000	142	197.238	661.224
6000	143	-205.472	-206.584
6000	144	-303.557	1615.53
6000	145	219.08	442.423
6000	146	-275.201	186.532
6000	147	-117.629	9.29827
6000	148	-51.266	456.152
6000	149	194.736	531.851
6000	150	193.023	-124.547
6000	151	-521.503	-353.247
6000	152	22.167	-1246.13
6000	153	34.2819	-402.218
6000	154	-619.671	322.283
6000	155	333.054	-721.099
6000	156	489.176	38.7259
6000	157	-447.063	468.768
6000	158	-293.513	664.274
6000	159	291.858	-669.622
6000	160	174.31	-165.484
6000	161	-226.151	240.954
6000	162	299.129	-652.11
6000	163	199.136	120.52
6000	164	16.1667	464.964
6000	165	-335.788	-334.005
6000	166	-262.987	-758.184
6000	167	-256.262	289.826
6000	168	-152.246	868.743
6000	169	387.304	282.708
6000	170	300.121	401.693
6000	171	-180.597	-422.548
6000	172	311.191	-277.733
6000	173	431.47	-141.424
6000	174	310.339	-506.948
6000	175	-192.423	156.295
6000	176	-278.965	83.569
6000	177	-691.954	1091.93
6000	178	-356.187	1204.82
6000	179	-121.219	523.073
6000	180	-14.9467	-413.638
6000	181	-226.804	-1506.46
6000	182	-532.971	416.871
6000	183	-353.365	-464.489
6000	184	-545.079	-807.997
6000	185	-138.202	572.249
6000	186	-696.737	-597.598
6000	187	-130.729	-28.6978
6000	188	503.01	496.162
6000	189	-271.139	-1303.19
6000	190	-169.093	-226.709
6000	191	268.909	96.3137
6000	192	179.51	488.073
6000	193	-21.3201	107.334
6000	194	-110.806	-274.591
6000	195	167.074	-501.733
6000	196	62.3058	-619.191
6000	197	54.4751	125.388
6000	198	-576.863	843.739
6000	199	-130.597	328.052
6000	200	-115.436	549.836
6000	201	-510.236	-940.763
6000	202	241.784	-825.612
6000	203	-319.877	325.546
6000	204	36.3024	-272.878
6000	205	-37.1056	-478.265
6000	206	354.515	851.14
6000	207	326.703	-275.129
6000	208	-217.415	210.708
6000	209	-526.783	414.926
6000	210	269.24	850.56
6000	211	-382.429	-637.747
6000	212	-26.8278	630.321
6000	213	-28.9553	-658.141
6000	214	-196.807	-162.558
6000	215	321.375	133.456
6000	216	318.117	109.59
6000	217	28.2339	521.856
6000	218	-35.2191	-74.4435
6000	219	359.823	766.289
6000	220	-439.03	-602.883
6000	221	209.561	-362.634
6000	222	342.571	-438.604
6000	223	395.981	-1030.73
6000	224	-222.956	631.475
6000	225	-246.769	462.037
6000	226	339.476	-599.148
6000	227	-281.131	-673.438
6000	228	128.099	-1125.58
6000	229	444.763	-634.093
6000	230	-70.243	-870.702
6000	231	117.197	482.451
6000	232	-227.803	-493.62
6000	233	78.123	1043.79
6000	234	151.043	-78.5839
6000	235	-355.598	493.964
6000	236	-226.046	-177.091
6000	237	-33.9117	504.044
6000	238	155.867	938.609
6000	239	-380.849	100.671
6000	240	-200	-247.156
6000	241	-149.764	-113.392
6000	242	128.892	-668.877
6000	243	221.313	-38.3785
6000	244	-422.825	-563.617
6000	245	386.9	-626.69
6000	246	-694.132	-703.575
6000	247	364.564	1475.27
6000	248	-115.158	-690.745
6000	249	237.309	681.402
6000	250	125.912	-862.889
6000	251	371.8	36.2101
6000	252	-226.737	731.352
6000	253	142.838	184.505
6000	254	-187.792	-353.699
6000	255	-50.5733	243.869
6000	256	-102.527	-639.841
6000	257	-235.319	771.077
6000	258	-469.329	-97.4126
6000	259	409.165	-537.039
6000	260	-126.952	-225.251
6000	261	-567.891	772.346
6000	262	551.675	-700.756
6000	263	-40.4384	745.075
6000	264	52.059	442.989
6000	265	396.262	-645.099
6000	266	-305.764	77.7171
6000	267	-337.447	-189.811
6000	268	-416.845	-379.578
6000	269	-313.45	-862.2
6000	270	158.079	-1185.94
6000	271	294.991	351.417
6000	272	81.364	-26.7289
6000	273	-284.621	165.912
6000	274	3.05604	-6.54551
6000	275	158.62	306.709
6000	276	13.3246	370.788
6000	277	-276.909	-258.786
6000	278	493.285	183.386
6000	279	-119.356	-411.251
6000	280	-328.808	-284.738
6000	281	-193.368	-208.928
6000	282	609.308	1772.37
6000	283	-59.3291	-642.223
6000	284	134.539	-676.751
6000	285	-209.786	295.205
6000	286	9.50911	88.7575
6000	287	-247.021	-579.133
6000	288	225.089	-122.829
6000	289	103.076	-569.672
6000	290	-80.8553	-483.021
6000	291	242.698	114.23
6000	292	-2.75752	180.137
6000	293	98.9632	430.969
6000	294	340.088	559.528
6000	295	3.03172	962.769
6000	296	53.513	738.257
6000	297	-85.6952	909.978
6000	298	-302.072	711.989
6000	299	85.3715	-1.93006
6000	300	-47.065	542.293
6000	301	-250.099	-120.056
6000	302	230.059	76.9134
6000	303	597.351	278.945
6000	304	38.3431	-753.021
6000	305	-616.815	-754.5
6000	306	36.1996	-166.373
6000	307	-208.152	-522.031
6000	308	-84.6548	-231.818
6000	309	146.991	-42.0424
6000	310	-319.638	149.359
6000	311	243.326	380.854
6000	312	-136.97	429.728
6000	313	-617.234	806.04
6000	314	-17.1624	-669.759
6000	315	18.1198	-509.446
6000	316	-194.305	-828.23
6000	317	-697.665	-1061.05
6000	318	-148.142	-42.3948
6000	319	-533.152	-77.9644
6000	320	614.034	740.305
6000	321	-49.758	904.613
6000	322	208.453	-1174.99
6000	323	-147.325	746.495
6000	324	425.278	-605.942
6000	325	23.7841	-350.585
6000	326	87.1141	-255.386
6000	327	-454.09	595.133
6000	328	-348.316	-816.207
6000	329	-202.086	470.353
6000	330	98.2921	450.812
6000	331	-385.216	-16.684
6000	332	-369.967	-351.655
6000	333	-270.73	-444.454
6000	334	-178.556	-307.314
6000	335	292.975	526.722
6000	336	335.801	339.479
6000	337	16.4504	-357.561
6000	338	303.53	446.905
6000	339	109.721	-248.896
6000	340	-57.8202	-51.5076
6000	341	-397.097	-599.427
6000	342	-132.172	-98.4725
6000	343	39.3602	456.43
6000	344	-136.363	1387.45
6000	345	-424.748	-677.275
6000	346	178.839	60.3634
6000	347	497.436	-556.287
6000	348	-324.208	469.562
6000	349	-321.805	-219.709
6000	350	-55.8757	147.435
6000	351	-360.758	66.8812
6000	352	187.492	0.910488
6000	353	-828.523	-9.02058
6000	354	153.404	227.525
6000	355	-289.44	-179.308
6000	356	264.31	24.0169
6000	357	-309.363	190.945
6000	358	399.04	338.435
6000	359	-341.777	776.354
6000	360	-208.826	-387.437
6000	361	377.323	266.755
6000	362	234.985	111.637
6000	363	211.62	87.7868
6000	364	97.0728	-826.868
6000	365	468.865	-289.965
6000	366	-107.029	268.519
6000	367	-589.193	581.703
6000	368	-294.844	336.414
6000	369	333.962	-256.748
6000	370	50.2694	-291.568
6000	371	-223.086	76.3697
6000	372	106.209	-666.004
6000	373	96.9751	-327.349
6000	374	-121.836	-581.147
6000	375	268.935	342.274
6000	376	-251.191	-614.663
6000	377	-218.768	-167.215
6000	378	19.7365	-223.678
6000	379	-259.134	1098.86
6000	380	-277.531	270.469
6000	381	-113.826	767.607
6000	382	-191.073	-277.144
6000	383	-21.0787	-8.45858
6000	384	71.2871	-515.713
6000	385	-25.5464	626.104
6000	386	74.5992	103.359
6000	387	-63.1486	915.184
6000	388	437.169	440.643
6000	389	467.517	339.57
6000	390	-157.418	-829.18
6000	391	-157.551	140.171
6000	392	-266.562	106.141
6000	393	60.5961	-442.328
6000	394	176.998	599.533
6000	395	315.124	92.436
6000	396	328.276	80.0927
6000	397	-743.975	-500.907
6000	398	59.4313	-853.962
6000	399	124.042	-263.304
6000	400	417.733	673.931
6000	401	391.596	788.185
6000	402	-215.045	735.132
6000	403	81.6514	-326.115
6000	404	67.5082	-583.712
6000	405	180.687	535.04
6000	406	-70.3813	-789.612
6000	407	212.006	-215.553
6000	408	-388.126	-411.601
6000	409	319.431	183.811
6000	410	-373.373	-172.142
6000	411	-426.86	-335.493
6000	412	-170.768	414.896
6000	413	-148.052	-608.224
6000	414	348.632	247.052
6000	415	-819.682	184.955
6000	416	75.1727	-1367.43
6000	417	-286.424	-65.231
6000	418	-345.035	-91.1706
6000	419	30.5846	529.786
6000	420	-72.2007	361.247
6000	421	77.0757	1019.86
6000	422	660.764	-95.6827
6000	423	319.844	-315.376
6000	424	76.6438	368.019
6000	425	133.925	-1554.65
6000	426	279.215	-86.9185
6000	427	63.4587	875.003
6000	428	-28.5426	261.994
6000	429	-473.904	356.971
6000	430	53.9636	-535.822
6000	431	-248.14	356.973
6000	432	-388.062	42.9269
6000	433	-224.666	638.587
6000	434	-65.919	-982.29
6000	435	-98.8845	-151.884
6000	436	312.688	-102.714
6000	437	128.872	-0.116057
6000	438	382.838	249.533
6000	439	-102.354	381.442
6000	440	-9.70113	-373.555
6000	441	-533.059	328.25
6000	442	-549.909	593.167
6000	443	515.243	-110.46
6000	444	-821.702	-82.651
6000	445	149.007	-440.015
6000	446	-216.338	375.491
6000	447	-69.4737	-296.194
6000	448	-396.657	802.084
6000	449	-7.48183	-345.371
6000	450	746.876	258.65
6000	451	91.2641	1289.32
6000	452	399.349	44.9573
6000	453	6.74771	-63.6338
6000	454	116.77	119.616
6000	455	732.162	-159.111
6000	456	-112.967	609.204
6000	457	190.141	-36.7797
6000	458	215.083	-683.317
6000	459	-189.396	101.218
6000	460	-44.0892	-616.6
6000	461	-279.329	89.3275
6000	462	116.883	1144.77
6000	463	553.976	477.913
6000	464	-145.099	735.341
6000	465	-98.9992	-136.679
6000	466	446.752	-365.61
6000	467	422.769	-367
6000	468	-87.7519	30.785
6000	469	245.675	805.958
6000	470	-218.614	-392.972
6000	471	163.738	517.729
6000	472	-242.756	-729.181
6000	473	27.8465	-230.298
6000	474	145.285	-379.504
6000	475	293.327	-863.314
6000	476	6.89607	-771.153
6000	477	-156.798	210.921
6000	478	114.658	-253.392
6000	479	-790.918	145.398
6000	480	-620.862	340.331
6000	481	-279.324	15.1939
6000	482	-626.631	154.059
6000	483	-485.087	622.687
6000	484	-104.453	240.808
6000	485	-228.858	102.001
6000	486	-241.33	-166.414
6000	487	34.8166	-449.815
6000	488	69.9136	-564.072
6000	489	-92.6735	382.481
6000	490	-330.365	778.816
6000	491	531.153	105.258
6000	492	-146.458	-292.032
6000	493	171.326	677.541
6000	494	267.793	-801.278
6000	495	-396.615	-71.7459
6000	496	185.046	554.419
6000	497	300.758	-315.202
6000	498	603.558	-347.126
6000	499	399.819	-0.164877
8000	0	1040.19	-42.1781
8000	1	-77.8686	463.272
8000	2	-439.783	-489.874
8000	3	-740.7	580.472
8000	4	103.77	341.506
8000	5	-183.818	463.289
8000	6	-273.573	-371.941
8000	7	-365.518	684.021
8000	8	161.717	-175.09
8000	9	94.0067	-940.134
8000	10	-28.875	-163.616
8000	11	-143.699	72.5203
8000	12	-182.723	-1189.79
8000	13	-82.059	362.658
8000	14	740.169	-147.947
8000	15	438.866	454.667
8000	16	-240.462	-669.066
8000	17	157.901	-152.371
8000	18	-56.5564	-294.546
8000	19	-312.806	228.109
8000	20	-599.258	930.712
8000	21	265.837	5.83259
8000	22	-160.647	-510.913
8000	23	645.616	503.782
8000	24	-192.312	-892.92
8000	25	-471.842	63.9542
8000	26	-551.718	185.797
8000	27	-156.331	443.971
8000	28	-867.58	-737.197
8000	29	-37.7109	-636.285
8000	30	-242.818	483.967
8000	31	120.309	782.69
8000	32	-263.383	1237.87
8000	33	11.8011	585.639
8000	34	68.6918	-155.761
8000	35	5.9076	920.374
8000	36	-391.702	457.697
8000	37	374.134	377.271
8000	38	162.416	8.37164
8000	39	-377.061	889.817
8000	40	-445.674	867.709
8000	41	-389.475	24.3355
8000	42	-184.985	677.744
8000	43	43.9301	453.081
8000	44	372.547	-1250.95
8000	45	427.248	-14.5395
8000	46	455.179	-1416.36
8000	47	-250.275	-152.6
8000	48	98.5577	-320.585
8000	49	-337.973	963.508
8000	50	-180.269	-34.5559
8000	51	306.335	227.888
8000	52	-105.214	1046.91
8000	53	131.66	331.126
8000	54	-135.32	-397.821
8000	55	-454.014	428.233
8000	56	-69.9374	-112.037
8000	57	40.7515	-637.355
8000	58	-305.463	-119.517
8000	59	-265.916	-68.8225
8000	60	-270.07	26.4474
8000	61	-499.474	499.12
8000	62	-348.964	-1291.37
8000	63	196.402	-993.243
8000	64	-683.497	-362.356
8000	65	-163.234	-512.433
8000	66	191.578	22.7431
8000	67	88.0304	430.244
8000	68	248.93	314.955
8000	69	-20.5527	-60.742
8000	70	-159.958	607.657
8000	71	369.741	1334.26
8000	72	-883.393	-572.886
8000	73	-66.2279	-167.294
8000	74	-11.8548	417.184
8000	75	-207.447	935.085
8000	76	-612.051	334.72
8000	77	-41.6138	491.049
8000	78	-525.016	-607.208
8000	79	445.965	-215.901
8000	80	-257.102	638.339
8000	81	217.984	351.739
8000	82	89.2392	-243.061
8000	83	-321.232	602.644
8000	84	-280.527	139.132
8000	85	-168.176	-146.611
8000	86	213.587	284.606
8000	87	-135.468	240.177
8000	88	-30.3142	357.535
8000	89	-622.762	-721.044
8000	90	-144.088	1030.99
8000	91	-207.449	-12.9098
8000	92	-98.575	-498.431
8000	93	-331.648	-904.593
8000	94	296.678	-1.72303
8000	95	21.3225	-994.772
8000	96	87.1781	471.536
8000	97	201.393	534.517
8000	98	-228.529	589.986
8000	99	-129.306	-974.592
8000	100	-343.987	10.1625
8000	101	-39.6038	56.7902
8000	102	1141.55	-407.514
8000	103	-161.018	-15.8236
8000	104	201.138	-181.887
8000	105	-85.2374	689.748
8000	106	-563.429	-664.196
8000	107	-253.864	235.066
8000	108	-254.684	128.669
8000	109	-15.2429	-1918.93
8000	110	-507.781	-879.046
8000	111	76.6712	-77.2727
8000	112	84.4965	401.387
8000	113	-133.511	-408.712
8000	114	22.6033	-419.686
8000	115	239.211	-234.706
8000	116	-639.288	-644.423
8000	117	-550.326	1206.68
8000	118	-84.6921	501.991
8000	119	494.029	-375.354
8000	120	-407.307	-363.405
8000	121	-222.631	-514.815
8000	122	-501.76	311.399
8000	123	192.133	-1491.8
8000	124	-339.572	242.034
8000	125	-255.254	-38.9771
8000	126	-586.685	430.881
8000	127	-471.271	-159.937
8000	128	15.3233	404.931
8000	129	651.351	41.2421
8000	130	-50.4165	829.254
8000	131	117.68	-190.834
8000	132	49.3621	628.235
8000	133	-125.572	-286.688
8000	134	-112.024	290.194
8000	135	651.698	-538.828
8000	136	-137.539	1627.8
8000	137	-302.188	-181.224
8000	138	-678.799	-711.723
8000	139	490.171	39.4362
8000	140	-205.266	400.192
8000	141	-443.279	495.401
8000	142	194.705	1022.04
8000	143	115.749	-566.607
8000	144	-162.092	1225.37
8000	145	156.426	-363.755
8000	146	-351.482	137.514
8000	147	-438.988	411.535
8000	148	147.931	770.302
8000	149	34.8612	676.763
8000	150	310.74	316.024
8000	151	-786.591	-111.372
8000	152	127.563	-765.219
8000	153	-186.68	-592.744
8000	154	-719.668	766.109
8000	155	249.689	-798.493
8000	156	490.297	-474.653
8000	157	-441.779	368.453
8000	158	-414	659.703
8000	159	14.908	-1162.61
8000	160	336.386	-310.349
8000	161	130.993	-388.191
8000	162	208.951	-533.919
8000	163	258.695	791.635
8000	164	27.6364	370.574
8000	165	-174.536	-402.154
8000	166	-6.06417	-548.687
8000	167	-139.055	310.814
8000	168	103.924	1171.1
8000	169	475.014	859.988
8000	170	551.383	325.113
8000	171	-110.238	287.581
8000	172	276.211	-366.845
8000	173	553.264	-127.023
8000	174	288.833	-459.599
8000	175	62.0102	94.2461
8000	176	-177.242	-13.113
8000	177	-735.978	1336.21
8000	178	-55.5898	1696.96
8000	179	-64.3202	119.753
8000	180	-159.909	-229.94
8000	181	-26.3887	-1498.65
8000	182	-515.111	551.015
8000	183	-569.866	-701.597
8000	184	-665.478	-1180.27
8000	185	-313.205	752.652
8000	186	-814.113	-442.807
8000	187	-70.6702	243.712
8000	188	266.571	1061.13
8000	189	-312.28	-1474.94
8000	190	-149.196	-590.826
8000	191	594.818	106.518
8000	192	-52.7279	870.963
8000	193	336.067	505.378
8000	194	-152.602	-53.5758
8000	195	186.842	-412.761
8000	196	204.147	-536.557
8000	197	-32.4003	576.629
8000	198	-634.975	1340.9
8000	199	69.554	-24.2105
8000	200	-57.8307	465.403
8000	201	-664.225	-955.797
8000	202	64.8626	-1004.55
8000	203	-199.92	505.913
8000	204	39.5772	-949.929
8000	205	-41.1499	-609.701
8000	206	395.102	808.63
8000	207	410.416	-217.536
8000	208	-395.908	117.037
8000	209	-407.663	935.626
8000	210	404.908	963.644
8000	211	-561.298	-279.718
8000	212	-104.582	726.646
8000	213	193.012	-541.205
8000	214	-77.9722	-81.8495
8000	215	350.737	-101.159
8000	216	200.062	-250.145
8000	217	206.162	498.395
8000	218	-288.573	-145.601
8000	219	420.089	1163.39
8000	220	-415.109	-150.307
8000	221	-8.50934	-1020.59
8000	222	235.605	-1186.69
8000	223	433.049	-741.145
8000	224	-115.256	269.524
8000	225	-226.031	747.509
8000	226	674.268	-709.794
8000	227	-386.56	-562.345
8000	228	392.712	-1203.04
8000	229	367.238	-549.292
8000	230	-483.4	-1154.33
8000	231	256.665	706.741
8000	232	-265.788	-527.359
8000	233	-62.3503	1181.6
8000	234	233.754	6.32579
8000	235	-108.204	709.585
8000	236	-247.222	96.1471
8000	237	5.31356	158.804
8000	238	374.963	-278.838
8000	239	-396.571	-152.062
8000	240	156.601	-928.609
8000	241	-166.015	-62.2424
8000	242	-114.573	-775.924
8000	243	239.623	-605.871
8000	244	-560.102	-171.367
8000	245	206.194	-898.447
8000	246	-760.99	-702.573
8000	247	269.474	1917.76
8000	248	-75.6699	-328.778
8000	249	300.594	884.461
8000	250	-113.98	-1045.48
8000	251	347.573	-410.299
8000	252	-109.408	838.47
8000	253	91.3591	291.609
8000	254	-69.8312	380.097
8000	255	-424.222	63.9115
8000	256	-2.90722	-1092.86
8000	257	-245.115	486.21
8000	258	-203.31	-421.691
8000	259	585.21	-160.886
8000	260	35.2415	202.429
8000	261	-507.376	721.66
8000	262	770.615	-854.6
8000	263	-306.294	856.853
8000	264	270.048	1111.17
8000	265	613.765	-867.305
8000	266	-187.202	83.4107
8000	267	-295.787	81.8318
8000	268	-492.223	-641.952
8000	269	-541.054	-1718.58
8000	270	197.858	-1132.28
8000	271	510.869	476.302
8000	272	23.7587	140.532
8000	273	-350.223	-509.833
8000	274	-99.0941	55.3882
8000	275	441.872	947.156
8000	276	-25.7275	505.548
8000	277	-137.556	-0.197304
8000	278	607.528	117.666
8000	279	358.799	-681.88
8000	280	-467.665	-76.1359
8000	281	-280.642	-592.678
8000	282	549.932	1567.74
8000	283	-448.631	-233.806
8000	284	207.098	-451.14
8000	285	-210.161	-273.855
8000	286	121.066	247.757
8000	287	-166.2	-471.664
8000	288	161.394	17.0972
8000	289	282.496	-427.91
8000	290	-487.688	-470.065
8000	291	485.716	-36.6141
8000	292	136.261	-332.168
8000	293	-13.7185	637.4
8000	294	520.843	-100.233
8000	295	-137.244	980.148
8000	296	-5.40705	1195.2
8000	297	-464.892	579.129
8000	298	-162.126	820.761
8000	299	70.1571	-321.927
8000	300	-6.28057	943.417
8000	301	-70.8085	-261.883
8000	302	513.97	713.209
8000	303	502.671	426.731
8000	304	182.253	-827.593
8000	305	-475.086	-754.336
8000	306	277.772	-621.102
8000	307	-290.077	-235.581
8000	308	236.217	-815.669
8000	309	304.953	-442.645
8000	310	19.9368	316.352
8000	311	156.076	202.775
8000	312	-233.715	-156.009
8000	313	-476.405	839.885
8000	314	-78.8796	-1305.96
8000	315	180.17	-501.988
8000	316	-357.889	-1034.51
8000	317	-496.767	-718.269
8000	318	11.9778	-368.624
8000	319	-489.915	25.8933
8000	320	933.717	538.19
8000	321	51.8594	764.668
8000	322	248.309	-1558.13
8000	323	-47.5298	912.234
8000	324	-83.2973	-987.689
8000	325	-134.048	-327.427
8000	326	323.109	-2.81811
8000	327	-375.744	1040.83
8000	328	-469.795	-240.163
8000	329	-183.917	321.247
8000	330	105.877	378.285
8000	331	-361.564	177.815
8000	332	-327.387	-174.693
8000	333	-385.648	-242.513
8000	334	-57.886	-151.266
8000	335	312.594	157.206
8000	336	337.102	395.65
8000	337	341.297	-484.658
8000	338	568.905	628.882
8000	339	251.486	-296.73
8000	340	-61.1034	63.6876
8000	341	-438.084	-113.373
8000	342	166.601	-318.796
8000	343	78.0669	1042.91
8000	344	47.4844	1251.03
8000	345	-382.217	-227.028
8000	346	305.468	70.5721
8000	347	695.924	-426.26
8000	348	-546.472	512.699
8000	349	-219.634	-30.5087
8000	350	-275.043	268.011
8000	351	-521.063	446.948
8000	352	138.559	27.6842
8000	353	-681.094	-523.705
8000	354	93.5814	711.903
8000	355	-285.975	-53.9845
8000	356	558.521	-434.068
8000	357	-731.556	306.303
8000	358	499.936	-241.07
8000	359	-482.818	864.424
8000	360	-189.281	-437.735
8000	361	398.512	145.693
8000	362	327.412	100.926
8000	363	329.416	456.082
8000	364	-28.517	-553.012
8000	365	808.893	-227.157
8000	366	-203.814	114.663
8000	367	-764.591	714.883
8000	368	-357.568	614.824
8000	369	560.307	-414.213
8000	370	-85.8737	230.784
8000	371	-461.323	278.076
8000	372	106.346	-401.446
8000	373	259.896	-927.416
8000	374	-197.661	-583.271
8000	375	169.35	454.298
8000	376	-390.396	-872.643
8000	377	-353.897	-152.751
8000	378	180.461	46.0942
8000	379	-197.027	435.732
8000	380	-510.258	520.96
8000	381	-336.664	780.435
8000	382	-30.4668	-576.999
8000	383	43.8093	361.882
8000	384	112.786	-825.672
8000	385	29.6423	467.853
8000	386	-84.6683	814.572
8000	387	-4.38446	877.673
8000	388	711.67	245.652
8000	389	316.331	227.556
8000	390	-196.292	-772.237
8000	391	-232.42	280.136
8000	392	-216.206	183.627
8000	393	-22.1623	-610.213
8000	394	44.1412	455.677
8000	395	634.369	295.548
8000	396	320.984	-261.147
8000	397	-543.511	-685.48
8000	398	84.4645	-843.24
8000	399	67.5247	-224.183
8000	400	417.232	1113.8
8000	401	602.212	897.145
8000	402	45.4186	133.623
8000	403	-1.0143	-444.144
8000	404	-90.1917	213.067
8000	405	-297.153	294.979
8000	406	206.195	-760.032
8000	407	-24.6966	-470.948
8000	408	-366.838	-765.472
8000	409	169.424	195.315
8000	410	-733.062	-407.108
8000	411	-774.151	-439.661
8000	412	51.2162	226.741
8000	413	-190.438	-438.133
8000	414	371.698	338.067
8000	415	-720.559	288.463
8000	416	-127.63	-1385.13
8000	417	133.023	-160.181
8000	418	-307.255	-171.13
8000	419	-286.533	393.334
8000	420	-14.079	390.734
8000	421	-182.002	763.731
8000	422	700.346	-43.4958
8000	423	640.097	-254.572
8000	424	100.786	343.005
8000	425	173.14	-1797.68
8000	426	157.227	15.7073
8000	427	-155.56	800.164
8000	428	39.3866	471.795
8000	429	-511.858	281.662
8000	430	115.1	-450.428
8000	431	-572.918	219.338
8000	432	-500.901	72.8342
8000	433	-463.007	394.062
8000	434	135.347	-1503.44
8000	435	-180.497	-70.1613
8000	436	461.358	52.9006
8000	437	550.963	70.3885
8000	438	401.379	27.5002
8000	439	-21.032	767.365
8000	440	28.0646	-188.941
8000	441	-292.482	177.729
8000	442	-573.288	779.228
8000	443	351.452	-801.812
8000	444	-922.655	-110.908
8000	445	179.436	-548.549
8000	446	-237.39	716.227
8000	447	-6.054	-257.137
8000	448	-417.356	1187.89
8000	449	226.456	-65.9808
8000	450	1006.55	138.121
8000	451	254.95	1197.82
8000	452	638.532	63.7673
8000	453	266.021	-328.76
8000	454	-121.453	107.807
8000	455	1015.63	72.6028
8000	456	-313.346	962.259
8000	457	-210.869	282.738
8000	458	129.455	-1073.83
8000	459	-539.003	148.72
8000	460	-324.697	-1018.1
8000	461	102.84	-179.387
8000	462	176.511	1357.33
8000	463	624.535	308.671
8000	464	53.0029	864.608
8000	465	161.214	-589.311
8000	466	365.322	-253.228
8000	467	366.369	-44.9604
8000	468	12.9448	356.587
8000	469	-135.464	243.764
8000	470	-236.457	-384.224
8000	471	102.79	14.0335
8000	472	-392.269	-356.459
8000	473	169.979	-237.203
8000	474	-97.3527	-732.939
8000	475	273.966	-1389.2
8000	476	108.908	-435.141
8000	477	141.368	-122.718
8000	478	211.125	-325.964
8000	479	-892.055	440.791
8000	480	-293.249	562.589
8000	481	-377.635	202.622
8000	482	-466.404	197.331
8000	483	-754.421	684.651
8000	484	-307.42	595.964
8000	485	42.1967	85.3921
8000	486	-605.282	-557.218
8000	487	38.2363	-661.723
8000	488	-232.356	-88.5128
8000	489	-92.7612	276.213
8000	490	-332.165	1489.56
8000	491	489.256	117.609
8000	492	-66.6216	6.74409
8000	493	94.724	492.99
8000	494	-16.9064	-1053.99
8000	495	-539.943	-9.41977
8000	496	46.959	710.761
8000	497	125.059	-212.29
8000	498	621.696	-431.944
8000	499	623.453	-482.002
10000	0	909.894	50.5657
10000	1	-430.271	769.326
10000	2	-479.044	-33.3639
10000	3	-513.423	609.18
10000	4	-79.4609	328.305
10000	5	-54.1665	408.947
10000	6	-253.269	-190.805
10000	7	-588.332	263.687
10000	8	57.3275	-150.836
10000	9	-124.24	-616.509
10000	10	347.008	-383.957
10000	11	-385.506	93.6857
10000	12	-319.924	-1684.04
10000	13	-58.6369	199.06
10000	14	763.601	-441.396
10000	15	736.532	1072.8
10000	16	-19.2847	-650.129
10000	17	217.565	42.3701
10000	18	-14.8058	-124.007
10000	19	-317.22	234.481
10000	20	-323.2	990.82
10000	21	63.9034	-302.586
10000	22	18.6479	-200.869
10000	23	529.554	406.931
10000	24	-412.199	-653.153
10000	25	-372.163	-247.601
10000	26	-653.466	-214.156
10000	27	-271.771	554.624
10000	28	-689.889	26.7308
10000	29	61.253	-1230.9
10000	30	-265.055	103.458
10000	31	65.4712	977.369
10000	32	-199.745	1050.74
10000	33	153.43	880.723
10000	34	188.181	-353.932
10000	35	-74.722	1242.43
10000	36	-213.499	928.682
10000	37	473.112	-33.8079
10000	38	-277.693	-12.7606
10000	39	-78.7808	1231.63
10000	40	-764.311	926.611
10000	41	-269.619	305.954
10000	42	-247.784	1203.66
10000	43	44.6416	461.274
10000	44	507.275	-1169.75
10000	45	483.966	602.547
10000	46	373.11	-1316.91
10000	47	-517.61	-265.263
10000	48	281.664	-65.9999
10000	49	-523.219	1102.31
10000	50	-217.216	20.4611
10000	51	285.597	-35.2869
10000	52	74.2983	1139.53
10000	53	330.357	549.094
10000	54	122.231	141.689
10000	55	-120.12	753.168
10000	56	-162.032	-237.161
10000	57	39.8119	-498.267
10000	58	-208.85	-240.112
10000	59	-283.782	-0.828487
10000	60	-182.116	408.062
10000	61	-619.684	640.933
10000	62	-169.478	-1039.42
10000	63	124.361	-1380.19
10000	64	-561.905	-581.53
10000	65	-57.4218	-550.414
10000	66	73.847	-266.276
10000	67	157.823	574.485
10000	68	232.245	364.311
10000	69	-321.031	-73.1917
10000	70	139.591	452.613
10000	71	429.82	1474.9
10000	72	-741.086	119.684
10000	73	0.450823	-550.281
10000	74	-132.112	616.263
10000	75	-404.77	1041.02
10000	76	-694.127	-44.9512
10000	77	-121.071	317.535
10000	78	-404.135	-412.834
10000	79	225.978	-274.999
10000	80	-210.281	468.964
10000	81	396.685	323.497
10000	82	-242.369	-350.561
10000	83	-141.045	764.223
10000	84	-184.462	213.375
10000	85	-489.873	-281.858
10000	86	353.409	397.855
10000	87	-53.3057	83.9255
10000	88	67.0983	1156.01
10000	89	-818.879	-716.48
10000	90	-27.6476	1684.95
10000	91	-158.281	29.3328
10000	92	-300.216	-568.42
10000	93	27.7872	-1066.09
10000	94	75.2237	-278.002
10000	95	-82.8772	-781.1
10000	96	268.975	858.207
10000	97	459.943	279.535
10000	98	-367.955	1028.62
10000	99	-147.859	-473.199
10000	100	-683.801	255.36
10000	101	-100.283	207.97
10000	102	928.199	-680.157
10000	103	-47.1013	181.602
10000	104	-17.4653	411.95
10000	105	-145.129	415.206
10000	106	-884.146	-609.12
10000	107	-309.068	239.793
10000	108	-176.619	696.167
10000	109	213.339	-2172.58
10000	110	-507.571	-367.258
10000	111	57.8794	-471.994
10000	112	88.2557	330.365
10000	113	-274.021	31.6775
10000	114	-371.965	-420.625
10000	115	497.07	-495.904
10000	116	-409.405	-678.921
10000	117	-729.339	1405.77
10000	118	74.8367	884.275
10000	119	240.157	-194.375
10000	120	-392.112	47.6571
10000	121	-141.355	-289.496
10000	122	-140.664	332.254
10000	123	-48.1917	-1965.57
10000	124	-378.76	377.51
10000	125	-278.167	62.2682
10000	126	-765.067	555.448
10000	127	-288.356	-737.312
10000	128	-64.4029	190.496
10000	129	538.124	-340.809
10000	130	30.417	1116.66
10000	131	106.621	229.116
10000	132	-153.658	-167.265
10000	133	-121.189	-128.648
10000	134	4.51784	-92.9259
10000	135	689.262	-161.429
10000	136	-255.904	1792.09
10000	137	-339.778	-873.516
10000	138	-702.503	-568.624
10000	139	474.602	178.018
10000	140	-212.151	172.055
10000	141	-340.656	557.5
10000	142	712.872	942.78
10000	143	-5.0303	-272.515
10000	144	-364.616	1496.46
10000	145	355.394	-550.593
10000	146	-125.861	284.463
10000	147	-219.243	866.507
10000	148	-68.2315	600.733
10000	149	-165.833	219.784
10000	150	50.0778	334.576
10000	151	-848.078	130.331
10000	152	346.718	-973.916
10000	153	-208.203	-1143.93
10000	154	-520.372	910.859
10000	155	50.6675	-972.123
10000	156	370.464	-704.842
10000	157	-823.235	672.495
10000	158	-235.914	588.9
10000	159	142.396	-571.634
10000	160	473.801	-270.437
10000	161	230.578	-690.86
10000	162	201.085	-1123.02
10000	163	456.075	966.989
10000	164	296.118	750.046
10000	165	-37.4296	-423.63
10000	166	213.998	-472.89
10000	167	-257.632	352.872
10000	168	-33.8361	788.384
10000	169	612.591	1228.31
10000	170	1030.37	35.6057
10000	171	-383.874	666.141
10000	172	353.218	-705.28
10000	173	1292.78	-62.8042
10000	174	212.573	105.596
10000	175	243.092	-113.567
10000	176	-96.4154	-379.87
10000	177	-1092.83	1462.81
10000	178	150.971	1401.88
10000	179	25.9958	224.29
10000	180	-122.172	-461.757
10000	181	50.9067	-1542.92
10000	182	-872.485	105.945
10000	183	-690.474	-408.688
10000	184	-728.607	-825.034
10000	185	-313.152	581.789
10000	186	-895.579	-596.282
10000	187	-253.139	681.241
10000	188	105.606	967.676
10000	189	-392.165	-1272.74
10000	190	-117.278	-702.567
10000	191	451.976	46.136
10000	192	21.1629	1155.23
10000	193	338.942	193.849
10000	194	-425.645	-253.086
10000	195	349.03	-377.259
10000	196	-17.4148	-563.96
10000	197	-64.5046	658.254
10000	198	-462.198	1687.26
10000	199	-110.5	-195.519
10000	200	-55.589	697.915
10000	201	-500.035	-1147.71
10000	202	-175.783	-681.286
10000	203	-263.679	656.907
10000	204	-196.074	-778.561
10000	205	103.105	-280.13
10000	206	674.702	1044.03
10000	207	270.212	-135.646
10000	208	-597.352	-16.8864
10000	209	-586.122	1224.28
10000	210	107.216	1202.08
10000	211	-657.352	-242.996
10000	212	-245.016	1145.78
10000	213	315.73	-343.701
10000	214	22.752	-63.6838
10000	215	325.738	37.3006
10000	216	158.326	-437.679
10000	217	187.715	333.192
10000	218	-509.507	-93.806
10000	219	657.741	1406.4
10000	220	-638.066	-570.918
10000	221	-228.392	-933.833
10000	222	320.647	-830.971
10000	223	455.363	-1728.61
10000	224	-213.502	525.092
10000	225	-266.655	684.65
10000	226	721.7	-955.5
10000	227	-795.513	-469.813
10000	228	534.501	-1225.32
10000	229	244.137	-169.898
10000	230	-678.872	-1210.19
10000	231	235.495	831.736
10000	232	111.696	-374.238
10000	233	-61.661	786.851
10000	234	41.8026	-319.526
10000	235	-150.55	1013.41
10000	236	-507.274	-384.975
10000	237	244.574	880.745
10000	238	351.981	-438.142
10000	239	-941.863	7.66497
10000	240	18.3281	-1642.16
10000	241	-280.907	145.173
10000	242	-32.6915	-820.653
10000	243	154.818	-342.488
10000	244	-900.923	294.865
10000	245	86.2671	-500.131
10000	246	-695.956	-561.662
10000	247	211.146	2158.58
10000	248	-26.607	-446.041
10000	249	159.114	724.814
10000	250	102.692	-1079.91
10000	251	319.504	-256.621
10000	252	65.669	1255.29
10000	253	111.423	-150.468
10000	254	150.509	903.777
10000	255	-791.135	200.77
10000	256	-42.1926	-1088.89
10000	257	-93.1979	1085.12
10000	258	-262.089	-698.565
10000	259	604.955	260.183
10000	260	-28.4672	-106.276
10000	261	-387.005	1178.88
10000	262	652.176	-1049.18
10000	263	-283.831	657.971
10000	264	410.073	1191.98
10000	265	633.108	-685.361
10000	266	-48.6968	-680.894
10000	267	-376.143	-493.278
10000	268	-500.746	-817.76
10000	269	-700.413	-2030.08
10000	270	137.578	-379.715
10000	271	517.305	28.6023
10000	272	67.0938	311.785
10000	273	-268.844	-605.309
10000	274	82.3232	102.364
10000	275	99.3036	859.281
10000	276	233.022	819.591
10000	277	101.547	26.9146
10000	278	750.404	4.83329
10000	279	300.391	-537.249
10000	280	-435.255	-190.616
10000	281	-417.992	-618.335
10000	282	451.363	1424.77
10000	283	-282.158	-151.369
10000	284	179.972	-266.235
10000	285	-225.995	-499.788
10000	286	268.321	113.514
10000	287	-127.403	-458.764
10000	288	247.18	-339.11
10000	289	183.286	-302.583
10000	290	-583.671	-340.182
10000	291	323.724	-65.7265
10000	292	-125.42	-57.1191
10000	293	263.071	1224.83
10000	294	441.125	-698.644
10000	295	-355.562	710.077
10000	296	192.801	869.76
10000	297	-87.2215	835.305
10000	298	-229.454	1186.1
10000	299	-13.0716	-182.536
10000	300	-267.958	605.532
10000	301	-71.8037	14.7875
10000	302	556.133	705.713
10000	303	757.927	549.138
10000	304	359.961	-659.722
10000	305	-277.061	-707.866
10000	306	507.688	-589.807
10000	307	-169.344	3.30298
10000	308	-3.74287	-992.42
10000	309	326.024	-934.102
10000	310	-40.1144	864.184
10000	311	153.409	1064.1
10000	312	-298.157	-171.606
10000	313	-916.976	757.391
10000	314	-243.748	-1442.33
10000	315	402.572	-517.07
10000	316	-776.948	-944.405
10000	317	-375.212	-590.3
10000	318	13.1448	268.15
10000	319	-535.753	227.507
10000	320	953.488	385.077
10000	321	-210.481	935.118
10000	322	86.9239	-1675.36
10000	323	-389.135	660.148
10000	324	240.05	-786.999
10000	325	-293.536	-380.672
10000	326	663.149	220.207
10000	327	-173.084	981.322
10000	328	-628.125	-389.164
10000	329	-329.96	59.8158
10000	330	195.492	472.318
10000	331	-659.574	283.403
10000	332	-269.948	335.891
10000	333	-511.328	-356.179
10000	334	-61.5065	-301.601
10000	335	186.448	0.80629
10000	336	698.421	-217.735
10000	337	343.674	-543.807
10000	338	947.931	412.152
10000	339	113.377	71.5261
10000	340	180.569	-322.564
10000	341	-458.317	-137.429
10000	342	-111.391	-682.039
10000	343	-121.477	1566.69
10000	344	86.4229	659.551
10000	345	-521.855	-25.1381
10000	346	237.474	-4.40818
10000	347	434.238	-871.888
10000	348	-566.676	-3.53705
10000	349	120.427	293.775
10000	350	-176.915	440.184
10000	351	-378.33	337.801
10000	352	190.63	177.087
10000	353	-647.621	248.862
10000	354	19.3484	380.313
10000	355	-565.325	-474.709
10000	356	566.184	137.1
10000	357	-891.737	109.2
10000	358	537.134	-109.523
10000	359	-421.107	812.845
10000	360	-228.995	-583.941
10000	361	338.195	376.269
10000	362	250.268	63.2432
10000	363	418.516	506.447
10000	364	-67.1817	-303.116
10000	365	855.33	23.7127
10000	366	-223.416	94.6093
10000	367	-904.491	1015.42
10000	368	-294.596	863.854
10000	369	335.36	-575.955
10000	370	163.271	33.6107
10000	371	-318.735	318.96
10000	372	47.8252	-301.878
10000	373	125.661	-1043.28
10000	374	-118.442	-255.681
10000	375	66.3408	443.186
10000	376	-267.718	-675.89
10000	377	-474.037	86.7888
10000	378	159.664	-266.824
10000	379	-338.966	562.111
10000	380	-577.952	252.645
10000	381	-552.924	641.548
10000	382	-316.545	-500.36
10000	383	36.6093	615.177
10000	384	10.0301	-492.263
10000	385	-343.991	753.941
10000	386	-300.938	887.566
10000	387	-163.858	868.903
10000	388	910.951	336.807
10000	389	245.214	630.57
10000	390	-478.364	-880.481
10000	391	-344.768	396.498
10000	392	143.623	-261.306
10000	393	-279.924	-108.951
10000	394	-104.941	789.543
10000	395	516.066	710.928
10000	396	224.295	-232.817
10000	397	-62.073	-543.883
10000	398	98.8529	-428.546
10000	399	77.5795	170.691
10000	400	560.389	1101.29
10000	401	604.614	768.224
10000	402	524.664	244.283
10000	403	120.807	-565.606
10000	404	67.7289	427.726
10000	405	-595.137	-15.007
10000	406	27.6489	-1155.1
10000	407	152.651	-677.345
10000	408	-257.743	-218.171
10000	409	240.728	206.011
10000	410	-614.323	-347.366
10000	411	-892.114	-368.841
10000	412	32.2689	375.086
10000	413	31.0513	-754.7
10000	414	589.449	122.531
10000	415	-760.514	-129.661
10000	416	34.5367	-2027.19
10000	417	-27.5378	-278.256
10000	418	-227.391	-639.825
10000	419	-247.137	432.719
10000	420	187.154	22.1676
10000	421	-421.429	1089.48
10000	422	1042.22	-67.5762
10000	423	438.324	-750.063
10000	424	17.1089	790.784
10000	425	454.008	-1927.9
10000	426	237.37	123.336
10000	427	-155.598	568.248
10000	428	-82.3725	112.124
10000	429	-155.404	357.277
10000	430	-189.539	9.60076
10000	431	-512.091	168.163
10000	432	-453.528	175.726
10000	433	-665.414	-13.11
10000	434	94.4655	-1392.7
10000	435	-140.114	-116.807
10000	436	213.301	-0.0461312
10000	437	232.718	255.499
10000	438	339.478	-453.33
10000	439	-42.7916	1145.37
10000	440	10.7249	-672.158
10000	441	-513.397	96.3348
10000	442	-417.045	777.667
10000	443	595.268	-164.763
10000	444	-1000.06	-628.484
10000	445	335.548	-996.294
10000	446	-277.548	1095.47
10000	447	-7.79835	-364.004
10000	448	-254.393	1490.1
10000	449	145.522	-79.2379
10000	450	788.566	219.777
10000	451	128.81	696.312
10000	452	558.807	-96.2816
10000	453	205.328	-862.385
10000	454	-42.39	136.644
10000	455	984.27	5.91994
10000	456	-593.307	1423.09
10000	457	-190.595	-222.863
10000	458	-83.5742	-961.437
10000	459	-329.436	171.083
10000	460	-381.496	-1548.69
10000	461	-87.7521	-505.598
10000	462	55.714	1418.34
10000	463	467.394	74.223
10000	464	-87.6953	591.686
10000	465	80.7888	-1020.46
10000	466	348.873	-155.289
10000	467	303.785	344.341
10000	468	211.48	591.924
10000	469	-95.3713	160.069
10000	470	-271.209	-53.795
10000	471	203.207	-657.479
10000	472	-481.715	-429.098
10000	473	105.468	-503.057
10000	474	-74.4961	-884.368
10000	475	191.841	-1548.7
10000	476	48.4912	-533.628
10000	477	63.6217	-135.822
10000	478	193.949	-563.072
10000	479	-690.396	271.387
10000	480	-419.219	151.17
10000	481	-54.0906	525.428
10000	482	-406.164	279.23
10000	483	-985.348	326.344
10000	484	-302.032	445.679
10000	485	-207.608	-84.1192
10000	486	-581.935	-576.204
10000	487	266.331	-191.021
10000	488	-153.624	-167.298
10000	489	-92.9639	277.422
10000	490	-492.341	1845.01
10000	491	498.4	657.115
10000	492	235.001	31.9668
10000	493	21.6945	463.477
10000	494	-95.9648	-1123.7
10000	495	-678.273	-125.997
10000	496	142.879	860.842
10000	497	-130.847	-770.412
10000	498	380.924	-460.545
10000	499	771.586	-980.226
12000	0	1080.76	28.8785
12000	1	-666.736	959.998
12000	2	-618.563	-262.682
12000	3	-570.548	961.906
12000	4	-20.5298	469.972
12000	5	-156.23	961.08
12000	6	-293.137	-18.8726
12000	7	-848.643	-192.391
12000	8	182.258	-255.328
12000	9	-26.6403	-617.888
12000	10	607.987	-719.879
12000	11	-302.132	612.02
12000	12	-432.036	-1427.28
12000	13	-141.211	229.656
12000	14	581.913	-185.375
12000	15	440.571	790.035
12000	16	-160.759	-492.177
12000	17	294.191	253.911
12000	18	221.153	-279.741
12000	19	-310.771	161.54
12000	20	-323.024	925.997
12000	21	-155.586	223.077
12000	22	175.527	-291.934
12000	23	708.293	824.255
12000	24	-589.906	-507.138
12000	25	-277.783	-433.474
12000	26	-820.543	-469.571
12000	27	-213.85	613.501
12000	28	-828.618	-134.614
12000	29	-77.6943	-1466.01
12000	30	-125.587	210.021
12000	31	316.646	498.125
12000	32	-327.284	847.797
12000	33	192.316	457.662
12000	34	-251.573	-62.2026
12000	35	-261.517	1208.45
12000	36	-111.099	1004.53
12000	37	351.95	-380.189
12000	38	-297.241	-503.488
12000	39	79.8903	1429.99
12000	40	-704.587	527.942
12000	41	-428.21	745.556
12000	42	9.1349	911.492
12000	43	65.2269	337.461
12000	44	412.921	-1097.58
12000	45	183.884	657.515
12000	46	415.208	-1243.82
12000	47	-350.874	-386.368
12000	48	443.958	-489.179
12000	49	-498.403	1578.37
12000	50	-273.833	79.0536
12000	51	406.431	-99.4801
12000	52	-67.9073	1203.38
12000	53	89.3634	578.647
12000	54	-98.3886	43.2895
12000	55	-36.3951	684.461
12000	56	-505.591	41.9857
12000	57	-58.6436	-721.398
12000	58	-285.054	111.24
12000	59	-506.707	-54.0229
12000	60	-302.655	372.874
12000	61	-697.744	1301.27
12000	62	113.247	-1756.8
12000	63	50.9265	-1374.82
12000	64	-575.225	-1013.91
12000	65	-100.506	-109.647
12000	66	-46.4293	-619.027
12000	67	647.482	769.608
12000	68	268.793	141.844
12000	69	-360.998	-691.59
12000	70	299.571	904.313
12000	71	693.669	1647.03
12000	72	-844.898	0.819829
12000	73	257.897	-769.598
12000	74	-226.271	1249.25
12000	75	-444.982	1349.09
12000	76	-734.663	548.67
12000	77	101.126	16.5484
12000	78	-344.887	-460.407
12000	79	565.539	-697.966
12000	80	27.304	58.6175
12000	81	378.065	-74.1322
12000	82	-301.052	-581.037
12000	83	-189.838	1186.22
12000	84	-320.981	77.2459
12000	85	-428.212	-380.404
12000	86	234.656	606.903
12000	87	-35.1995	-673.813
12000	88	-69.2234	1434.03
12000	89	-1086.95	-459.909
12000	90	-408.444	1623.11
12000	91	-274.722	-201.346
12000	92	-378.369	-938.738
12000	93	225.201	-1062.53
12000	94	200.117	-488.226
12000	95	260.012	-977.325
12000	96	591.554	456.827
12000	97	362.611	594.25
12000	98	-607.317	1834.95
12000	99	-288.004	-640.744
12000	100	-823.818	233.489
12000	101	-122.01	684.334
12000	102	1180.33	-1254.71
12000	103	-150.018	-134.015
12000	104	-195.388	804.843
12000	105	-84.5785	628.157
12000	106	-822.77	-354.503
12000	107	-68.4853	417.587
12000	108	-154.357	1039.66
12000	109	175.488	-2882.3
12000	110	-927.048	-218.479
12000	111	340.269	-1082.19
12000	112	40.3085	478.241
12000	113	-553.917	295.012
12000	114	-454.965	-522.875
12000	115	577.415	-337.902
12000	116	-340.325	-901.001
12000	117	-670.5	1539.44
12000	118	112.402	436.588
12000	119	470.835	36.9385
12000	120	-149.22	472.296
12000	121	-262.959	6.35161
12000	122	-278.878	1200.1
12000	123	-249.186	-1690.59
12000	124	-458.917	-73.2209
12000	125	-78.0167	-314.491
12000	126	-804.032	970.994
12000	127	-180.298	-1105.75
12000	128	431.602	615.087
12000	129	611.567	-3.87993
12000	130	47.2411	1086.55
12000	131	58.4568	412.732
12000	132	-269.5	-49.2545
12000	133	-1.48696	-249.889
12000	134	94.3877	156.761
12000	135	747.025	55.0096
12000	136	-213.949	2623.65
12000	137	-410.167	-719.725
12000	138	-1078.63	-1163.11
12000	139	753.003	-221.293
12000	140	-90.5778	-70.2601
12000	141	-175.234	451.125
12000	142	822.04	1016.02
12000	143	57.8894	-652.982
12000	144	-419.902	1663.18
12000	145	253.662	-185.145
12000	146	-214.27	888.005
12000	147	-75.3741	1068.09
12000	148	149.15	753.119
12000	149	-245.959	498.104
12000	150	370.749	150.017
12000	151	-705.617	148.073
12000	152	105.155	-994.926
12000	153	-323.739	-1803.32
12000	154	-437.603	479.857
12000	155	70.9053	-945.852
12000	156	471.93	-671.668
12000	157	-900.456	565.414
12000	158	-395.177	58.4013
12000	159	229.801	-737.45
12000	160	414.97	-109.644
12000	161	70.6486	-456.053
12000	162	-5.47906	-688.008
12000	163	475.445	772.805
12000	164	597.46	992.786
12000	165	328.715	-1323.53
12000	166	158.915	-249.242
12000	167	-121.035	830.089
12000	168	-95.0423	657.356
12000	169	653.516	757.524
12000	170	759.553	35.8374
12000	171	-240.632	635.21
12000	172	252.094	-917.584
12000	173	1493.36	-725.576
12000	174	592.595	736.381
12000	175	443.022	5.11279
12000	176	-399.62	-134.716
12000	177	-1110.44	1563.54
12000	178	-104.023	2327.41
12000	179	226.481	471.357
12000	180	42.4731	-819.861
12000	181	31.978	-1662.2
12000	182	-674.182	-202.846
12000	183	-1006.84	-286.581
12000	184	-544.979	-1110.48
12000	185	-274.58	383.263
12000	186	-713.977	-1482.78
12000	187	-112.505	982.271
12000	188	265.898	440.293
12000	189	-291.843	-1517.28
12000	190	161.571	-871.442
12000	191	151.75	-45.0468
12000	192	-58.6127	962.263
12000	193	80.9506	485.705
12000	194	-492.268	-23.8854
12000	195	65.5939	-670.688
12000	196	-117.782	-390.689
12000	197	14.2575	460.248
12000	198	-314.529	1657.38
12000	199	-269.801	-82.5474
12000	200	-94.5932	226.05
12000	201	-1021.38	-1253.34
12000	202	-258.269	-471.738
12000	203	-313.416	639.812
12000	204	-180.981	-709.838
12000	205	40.1792	400.401
12000	206	491.199	1167.54
12000	207	51.6796	-203.128
12000	208	-498.651	-189.324
12000	209	-648.168	1541.43
12000	210	-295.418	938.263
12000	211	-541.799	-498.416
12000	212	-745.969	874.222
12000	213	570.694	-420.876
12000	214	-138.012	353.118
12000	215	406.801	-179.022
12000	216	-1.12642	143.392
12000	217	84.7818	428.456
12000	218	-488.725	432.744
12000	219	497.348	1751.46
12000	220	-636.93	-680.466
12000	221	-233.779	-1123.47
12000	222	321.696	-817.433
12000	223	515.501	-1788.74
12000	224	-336.544	-562.575
12000	225	-309.2	1052.23
12000	226	433.212	-1038.16
12000	227	-644.601	-592.111
12000	228	373.02	-948.81
12000	229	43.4729	-241.343
12000	230	-788.799	-1806.3
12000	231	-39.9842	971.465
12000	232	173.43	317.96
12000	233	-284.511	676.225
12000	234	95.1823	71.962
12000	235	-317.064	1143.96
12000	236	-487.205	-286.191
12000	237	204.072	999.049
12000	238	315.261	-22.4403
12000	239	-998.825	57.4111
12000	240	-242.91	-1569
12000	241	-247.393	467.841
12000	242	168.16	-1058.52
12000	243	-3.87125	-181.667
12000	244	-739.401	219.895
12000	245	49.3033	-238.026
12000	246	-695.725	-1037.66
12000	247	-330.692	2170.63
12000	248	-285.946	69.393
12000	249	-260.998	408.931
12000	250	-142.563	-1235.02
12000	251	527.335	-496.907
12000	252	170.558	1020.89
12000	253	112.484	25.5198
12000	254	352.854	795.824
12000	255	-1085.77	178.011
12000	256	-185.914	-996.144
12000	257	16.2269	1193.09
12000	258	-161.3	-1205.88
12000	259	786.138	31.1871
12000	260	-206.712	-352.058
12000	261	-445.475	723.978
12000	262	311.585	-725.249
12000	263	-101.453	280.792
12000	264	570.801	1394.56
12000	265	674.137	-1034.78
12000	266	-327.617	-389.216
12000	267	-264.106	-630.436
12000	268	-268.306	-1246.85
12000	269	-896.116	-2431.8
12000	270	-84.2457	-382.325
12000	271	354.573	-347.058
12000	272	181.618	82.3061
12000	273	-449.999	-455.755
12000	274	40.7591	346.303
12000	275	100.706	429.877
12000	276	66.5386	1348.09
12000	277	-114.67	100.368
12000	278	1084.18	25.4246
12000	279	281.667	-505.279
12000	280	-448.877	-377.958
12000	281	-517.058	-902.602
12000	282	437.225	1490.15
12000	283	-421.847	-383.816
12000	284	199.705	-187.279
12000	285	-110.736	-280.878
12000	286	340.02	190.634
12000	287	14.4055	-232.815
12000	288	145.019	-298.147
12000	289	762.933	-576.087
12000	290	-741.075	-525.751
12000	291	265.048	-819.512
12000	292	-19.0392	131.339
12000	293	-72.5337	1086.17
12000	294	803.007	-776.043
12000	295	-637.872	498.65
12000	296	-82.459	980.364
12000	297	-3.69303	623.402
12000	298	-456.139	1348.84
12000	299	52.5693	-429.443
12000	300	-267.425	784.118
12000	301	-253.101	272.88
12000	302	744.9	293.837
12000	303	795.288	689.48
12000	304	317.878	-760.184
12000	305	-316.497	-631.945
12000	306	538.733	-59.929
12000	307	-89.4575	-100.865
12000	308	-343.791	-513.769
12000	309	246.996	-723.366
12000	310	-156.312	1082.82
12000	311	-270.081	1267.38
12000	312	-18.9812	-756.111
12000	313	-695.127	66.6067
12000	314	-331.095	-1744.02
12000	315	-62.482	-496.324
12000	316	-399.553	-1226
12000	317	-294.661	-610.601
12000	318	30.2154	466.967
12000	319	-917.455	-87.7608
12000	320	1015.18	917.364
12000	321	-347.152	923.333
12000	322	-69.8627	-1355.01
12000	323	-50.4997	1077.17
12000	324	-60.7753	-678.802
12000	325	22.578	-476.964
12000	326	604.367	202.708
12000	327	184.814	1039.08
12000	328	-507.678	-870.857
12000	329	-364.797	-339.211
12000	330	620.18	463.547
12000	331	-578.482	332.703
12000	332	-267.897	204.624
12000	333	-479.99	-295.555
12000	334	78.5309	-139.372
12000	335	391.056	3.22929
12000	336	580.463	-74.7949
12000	337	322.154	-27.0576
12000	338	1230.66	760.139
12000	339	272.297	-99.5941
12000	340	42.7841	-396.528
12000	341	-281.264	-427.427
12000	342	-332.653	-1258.05
12000	343	-64.5003	1180.69
12000	344	259.4	31.3712
12000	345	-221.498	-92.9344
12000	346	36.4836	11.2173
12000	347	196.257	-576.517
12000	348	-703.748	-987.887
12000	349	-61.973	311.94
12000	350	-691.23	521.087
12000	351	-296.999	-72.6003
12000	352	105.632	-3.31508
12000	353	-888.058	376.532
12000	354	152.994	306.148
12000	355	-209.499	-644.088
12000	356	748.53	-243.979
12000	357	-1211.97	540.841
12000	358	640.999	573.23
12000	359	-503.56	850.781
12000	360	-349.761	-669.107
12000	361	276.659	642.017
12000	362	73.0851	517.137
12000	363	411.448	749.095
12000	364	218.12	-42.7373
12000	365	888.676	276.739
12000	366	174.078	-54.5931
12000	367	-645.257	758.268
12000	368	-445.418	590.151
12000	369	335.066	-415.678
12000	370	145.92	-653.693
12000	371	-442.437	529.151
12000	372	-53.8556	-110.912
12000	373	154.234	-1281.95
12000	374	-462.116	264.521
12000	375	147.035	480.888
12000	376	-176.059	-849.077
12000	377	-715.047	-294.38
12000	378	500.071	-346.786
12000	379	-18.3759	-167.298
12000	380	-700.973	-355.978
12000	381	-537.72	212.196
12000	382	-470.696	-423.616
12000	383	297.951	368.243
12000	384	129.452	-626.438
12000	385	-429.311	1144.32
12000	386	-300.103	1198.65
12000	387	-285.456	995.663
12000	388	692.057	306.861
12000	389	271.587	175.106
12000	390	-460.016	-1230.25
12000	391	-474.712	-80.3339
12000	392	244.352	-115.662
12000	393	-322.267	80.5021
12000	394	174.804	1033.03
12000	395	577.854	1198.57
12000	396	140.02	-212.626
12000	397	219.729	-820.874
12000	398	-139.858	-944.65
12000	399	-92.3769	200.901
12000	400	257.792	925.58
12000	401	580.899	946.706
12000	402	407.208	414.003
12000	403	200.475	-6.92001
12000	404	222.414	845.677
12000	405	-399.268	-76.8576
12000	406	89.8326	-786.205
12000	407	-103.203	-873.459
12000	408	-244.451	-405.315
12000	409	83.3674	428.481
12000	410	-454.903	-548.492
12000	411	-771.945	-471.004
12000	412	-166.299	391.222
12000	413	-29.8051	-1195.69
12000	414	600.266	440.504
12000	415	-780.41	22.9825
12000	416	-126.494	-1937.44
12000	417	-66.8781	306.353
12000	418	52.9597	-587.669
12000	419	33.3092	106.329
12000	420	273.403	315.813
12000	421	-224.339	640.274
12000	422	1140.39	17.9098
12000	423	376.454	-541.257
12000	424	-142.265	1077.53
12000	425	410.782	-2081.32
12000	426	277.335	632.358
12000	427	-135.656	761.681
12000	428	-387.805	633.07
12000	429	-233.201	51.0541
12000	430	-64.5738	166.569
12000	431	-573.42	213.334
12000	432	-682.522	127.88
12000	433	-564.173	-164.634
12000	434	-26.8773	-1372.39
12000	435	99.0402	-101.358
12000	436	170.852	625.147
12000	437	427.739	326.202
12000	438	282.562	-734.721
12000	439	-80.7169	990.395
12000	440	-112.008	-1093.13
12000	441	-332.598	634.193
12000	442	-503.617	692.31
12000	443	791.784	-287.532
12000	444	-521.067	-986.526
12000	445	352.552	-568.361
12000	446	-277.027	1200.31
12000	447	-65.8433	-690.42
12000	448	145.193	1677.94
12000	449	217.242	273.703
12000	450	987.429	-444.07
12000	451	-146.586	807.499
12000	452	437.296	92.4328
12000	453	-112.871	-846.408
12000	454	-83.4519	149.836
12000	455	1075.29	19.4586
12000	456	-654.893	1469.94
12000	457	-221.145	-119.607
12000	458	-44.9917	-775.783
12000	459	-338.555	308.257
12000	460	-424.295	-2003.94
12000	461	-120.541	-458.908
12000	462	-85.2921	631.807
12000	463	288.087	266.369
12000	464	-304.056	992.706
12000	465	338.481	-1073.64
12000	466	347.919	-326.991
12000	467	603.612	280.459
12000	468	612.094	747.252
12000	469	-334.29	-137.918
12000	470	-156.238	-526.903
12000	471	342.464	-687.177
12000	472	-538.937	-599.36
12000	473	-152.135	-312.8
12000	474	-58.8848	-912.718
12000	475	-46.9491	-1565.28
12000	476	82.625	-625.361
12000	477	-109.138	-378.787
12000	478	222.048	-623.035
12000	479	-669.696	183.311
12000	480	-639.179	-83.2547
12000	481	163.589	172.491
12000	482	-545.687	288.263
12000	483	-824.002	251.75
12000	484	-198.34	131.393
12000	485	-306.428	469.851
12000	486	-744.943	-675.121
12000	487	566.902	-108.879
12000	488	64.9473	-364.929
12000	489	-194.62	-286.441
12000	490	-611.4	2454.39
12000	491	506.388	430.678
12000	492	303.286	491.935
12000	493	-117.971	772.077
12000	494	42.6452	-1427.31
12000	495	-837.28	511.362
12000	496	264.715	850.974
12000	497	2.81391	-801.708
12000	498	343.054	-740.336
12000	499	642.745	-1609.71
14000	0	998.547	97.5459
14000	1	-367.024	995.316
14000	2	-462.739	6.76362
14000	3	-573.372	1445.2
14000	4	-480.331	185.125
14000	5	-375.047	1332.86
14000	6	-610.235	537.282
14000	7	-1186.73	25.8351
14000	8	62.1255	-610.109
14000	9	-164.862	-721.384
14000	10	394.24	-920.485
14000	11	-646.064	284.044
14000	12	-300.945	-1350.58
14000	13	160.851	892.091
14000	14	510.066	411.904
14000	15	99.5794	1510.59
14000	16	-18.1992	-1267.04
14000	17	-20.8348	-0.612629
14000	18	18.8629	-40.9978
14000	19	-261.61	318.786
14000	20	-2.07032	968.973
14000	21	145.353	204.579
14000	22	21.4808	-102.539
14000	23	565.935	1421.61
14000	24	-473.347	-1372.75
14000	25	-516.595	-554.035
14000	26	-952.927	-340.331
14000	27	-415.574	964.477
14000	28	-921.606	154.657
14000	29	120.419	-1453.85
14000	30	-74.8181	14.7751
14000	31	259.873	1050.38
14000	32	-324.297	550.54
14000	33	274.552	634.997
14000	34	-151.474	-583.265
14000	35	-270.787	1177.42
14000	36	-133.346	1334.66
14000	37	292.179	-504.985
14000	38	-17.9019	-780.958
14000	39	-17.5031	1293.51
14000	40	-747.292	763.941
14000	41	-328.627	751.889
14000	42	-98.8613	837.603
14000	43	25.7555	182.774
14000	44	574.994	-1381.18
14000	45	-17.8761	624.897
14000	46	296.486	-1028.93
14000	47	-406.243	-111.43
14000	48	299.011	-1269.97
14000	49	-458.904	1736.53
14000	50	-318.08	-156.603
14000	51	578.857	-179.894
14000	52	-217.601	1628.58
14000	53	218.103	644.952
14000	54	-103.412	-61.7722
14000	55	-137.105	618.309
14000	56	-555.685	779.283
14000	57	-39.5102	-730.656
14000	58	-587.657	374.349
14000	59	-565.545	260.439
14000	60	-120.075	951.338
14000	61	-856.536	1872.53
14000	62	-47.1854	-1483.25
14000	63	218.702	-1558.87
14000	64	-525.775	-1039.17
14000	65	162.547	-178.006
14000	66	173	-117.023
14000	67	829.831	481.854
14000	68	470.414	157.42
14000	69	-500.967	37.1731
14000	70	383.358	1006.94
14000	71	1070.59	1416.11
14000	72	-1047.74	-564.948
14000	73	257.153	-624.422
14000	74	-50.9831	891.195
14000	75	-220.153	1511.1
14000	76	-409.217	973.709
14000	77	102.245	67.7954
14000	78	-222.948	80.9239
14000	79	406.17	-803.648
14000	80	367.677	-60.8848
14000	81	492.108	-251.513
14000	82	-224.219	-610.046
14000	83	-94.8253	841.014
14000	84	-482.017	565.619
14000	85	-110.435	-116.255
14000	86	-164.192	539.594
14000	87	-173.967	-781.827
14000	88	-112.082	1565.68
14000	89	-961.326	-753.692
14000	90	-307.605	1647.12
14000	91	-475.838	240.486
14000	92	-403.715	-954.076
14000	93	48.7182	-753.658
14000	94	258.787	-557.806
14000	95	-19.1545	-842.214
14000	96	610.041	344.292
14000	97	402.516	1069.81
14000	98	-507.975	1852.95
14000	99	-167.27	-634.13
14000	100	-645.755	103.086
14000	101	159.87	441.497
14000	102	1054.01	-1165.67
14000	103	-283.398	-207.308
14000	104	-276.96	147.174
14000	105	213.497	473.752
14000	106	-1060.41	8.32434
14000	107	52.6503	418.573
14000	108	-55.8068	1284.25
14000	109	353.665	-2897.4
14000	110	-876.191	-459.967
14000	111	279.779	-614.72
14000	112	118.53	1150.67
14000	113	-355.042	629.216
14000	114	-156.485	-330.654
14000	115	578.948	-571.046
14000	116	-439.515	-564.74
14000	117	-672.112	1888.57
14000	118	112.458	591.107
14000	119	339.788	483.684
14000	120	-207.939	-56.1598
14000	121	-268.77	50.5941
14000	122	-200.719	994.616
14000	123	108.632	-1848.51
14000	124	-480.541	-263.756
14000	125	243.141	-884.493
14000	126	-1105.01	852.516
14000	127	47.6117	-970.227
14000	128	251.731	625.293
14000	129	774.669	9.19873
14000	130	-10.5774	1445.1
14000	131	52.2808	696.751
14000	132	-46.9362	220.138
14000	133	-164.468	-342.119
14000	134	33.9224	95.0503
14000	135	908.224	-151.383
14000	136	-96.1353	2537.12
14000	137	-322.732	-582.23
14000	138	-1255.91	-1013.17
14000	139	972.135	-430.124
14000	140	-71.1261	-96.3687
14000	141	159.722	599.022
14000	142	692.009	809.895
14000	143	75.3319	-728.271
14000	144	-823.731	1687.21
14000	145	395.626	91.6045
14000	146	-329.708	1344.77
14000	147	206.864	1125.3
14000	148	391.744	186.339
14000	149	-124.019	382.942
14000	150	284.259	298.923
14000	151	-525.28	134.568
14000	152	-240.429	-732.083
14000	153	-589.481	-1750.83
14000	154	-320.191	-106.345
14000	155	-208.786	-620.014
14000	156	451.479	-824.128
14000	157	-744.445	158.271
14000	158	-189.113	3.46987
14000	159	-32.0059	-1205.11
14000	160	82.489	51.9774
14000	161	-328.458	-289.137
14000	162	37.5008	-568.316
14000	163	299.012	951.658
14000	164	855.654	1571.55
14000	165	387.008	-871.223
14000	166	495.21	82.5508
14000	167	-297.859	1427
14000	168	-94.5832	433.338
14000	169	452.252	1070.57
14000	170	652.296	115.869
14000	171	-421.398	1150.6
14000	172	394.388	-960.225
14000	173	1807.51	-1001.56
14000	174	714.184	652.772
14000	175	326.799	11.1226
14000	176	-456.397	-80.5684
14000	177	-814.76	1731.13
14000	178	224.128	1996.1
14000	179	187.497	330.016
14000	180	158.987	-594.296
14000	181	116.421	-2176.51
14000	182	-730.802	-186.509
14000	183	-929.96	-443.827
14000	184	-726.463	-1278.88
14000	185	-138.233	602.917
14000	186	-794.752	-2126.5
14000	187	-207.759	618.816
14000	188	504.757	87.3732
14000	189	-631.232	-1892.71
14000	190	111.038	-1604.73
14000	191	272.991	0.762052
14000	192	-18.563	576.487
14000	193	176.399	370.343
14000	194	-271.12	-332.619
14000	195	-33.7306	-635.478
14000	196	-57.0644	-666.12
14000	197	-225.132	438.133
14000	198	-107.329	2196
14000	199	-252.978	-140.675
14000	200	-233.49	135.805
14000	201	-963.864	-1136.04
14000	202	-95.2457	-683.577
14000	203	-201.446	725.696
14000	204	135.54	-1027.42
14000	205	20.6729	121.66
14000	206	431.362	1352.11
14000	207	-225.924	-279.142
14000	208	-875.675	-1.73505
14000	209	-868.355	1763.79
14000	210	-94.0274	806.467
14000	211	-421.818	-632.979
14000	212	-576.928	1012.45
14000	213	591.664	-467.262
14000	214	-239.283	74.0799
14000	215	466.631	-231.434
14000	216	69.6642	75.1687
14000	217	-90.5926	226.779
14000	218	-506.672	500.022
14000	219	498.427	1726.95
14000	220	-258.507	-1008.68
14000	221	-333.084	-1094.41
14000	222	142.94	-735.246
14000	223	396.367	-1362.04
14000	224	-368.815	-426.553
14000	225	-306.253	949.795
14000	226	419.516	-1190.52
14000	227	-942.089	-467.852
14000	228	230.089	-1032.7
14000	229	-16.9452	-298.446
14000	230	-753.075	-2043.57
14000	231	-204.229	935.381
14000	232	272.504	458.875
14000	233	-320.337	885.606
14000	234	116.06	-270.336
14000	235	-295.485	908.24
14000	236	-704.16	-603.716
14000	237	467.743	970.399
14000	238	258.338	-158.586
14000	239	-736.965	-333.219
14000	240	-220.159	-1557.74
14000	241	-325.512	64.908
14000	242	326.224	-1222.2
14000	243	156.026	-57.6408
14000	244	-1116.53	108.866
14000	245	327.085	-460.446
14000	246	-532.564	-630.794
14000	247	-226.348	2192.03
14000	248	-375.968	69.426
14000	249	-260.575	504.911
14000	250	-54.4927	-1225.62
14000	251	285.901	-446.269
14000	252	131.414	1006.36
14000	253	-126.612	-133.386
14000	254	341.269	730.896
14000	255	-1248.79	70.921
14000	256	-50.9553	-814.656
14000	257	-13.9608	1342.11
14000	258	121.428	-1637.49
14000	259	685.031	94.1091
14000	260	-607.648	-665.989
14000	261	-306.228	737.663
14000	262	429.509	-223.739
14000	263	-64.0034	342.155
14000	264	653.525	2086.93
14000	265	752.443	-966.416
14000	266	-485.656	-262.337
14000	267	-93.409	-658.869
14000	268	-318.027	-987.546
14000	269	-961.681	-2515.56
14000	270	-111.062	-594.969
14000	271	178.609	68.1151
14000	272	463.359	368.253
14000	273	-472.096	-267.937
14000	274	-95.6852	685.613
14000	275	301.3	517.369
14000	276	-286.635	1047
14000	277	-138.151	-165.04
14000	278	988.361	359.2
14000	279	0.287557	-428.21
14000	280	-632.412	-99.3128
14000	281	-657.236	-1161.51
14000	282	111.721	1408.62
14000	283	-361.675	-675.948
14000	284	60.8455	-178.37
14000	285	-69.6176	-290.106
14000	286	41.3349	20.9009
14000	287	111.426	-280.575
14000	288	107.346	-978.482
14000	289	890.813	-731.987
14000	290	-701.346	-364.482
14000	291	105.507	-1123.15
14000	292	-123.661	381.422
14000	293	-12.195	585.804
14000	294	585.446	-132.01
14000	295	-853.479	333.898
14000	296	-266.924	1146.31
14000	297	-183.573	772.609
14000	298	-670.758	1439.46
14000	299	-247.831	-504.752
14000	300	-265.915	879.107
14000	301	-170.832	430.468
14000	302	655.846	67.8402
14000	303	907.537	-17.5812
14000	304	-23.0826	-609.395
14000	305	-373.036	-941.819
14000	306	467.892	-88.9004
14000	307	-0.624605	238.474
14000	308	-364.856	-901.136
14000	309	164.99	-672.224
14000	310	101.626	1233.64
14000	311	-307.022	1049.1
14000	312	-77.0457	-713.358
14000	313	-678.237	-107.247
14000	314	-220.43	-1440.02
14000	315	79.0275	-555.586
14000	316	-894.253	-1074.37
14000	317	-77.0642	-800.753
14000	318	-46.2082	1209.28
14000	319	-836.359	-329.847
14000	320	878.473	1434.29
14000	321	49.5021	1464.22
14000	322	50.0699	-1285.96
14000	323	-46.9081	911.264
14000	324	255.065	-1102.48
14000	325	-19.4695	-662.194
14000	326	598.087	861.46
14000	327	247.653	741.971
14000	328	-408.112	-1228.68
14000	329	-501.859	170.847
14000	330	1036.62	355.899
14000	331	-538.053	312.68
14000	332	-248.691	334.025
14000	333	-323.875	-395.116
14000	334	57.9147	-510.021
14000	335	458.033	254.34
14000	336	695.233	652.248
14000	337	221.433	694.058
14000	338	1068.86	814.368
14000	339	549.788	359.634
14000	340	303.468	95.0971
14000	341	-371.383	-228.244
14000	342	-373.076	-1218.83
14000	343	26.473	1059.12
14000	344	172.609	-137.587
14000	345	-464.096	-86.8655
14000	346	-88.6798	197.895
14000	347	-202.456	-443.963
14000	348	-863.255	-922.254
14000	349	-121.719	-84.2767
14000	350	-597.716	1051.67
14000	351	-160.66	-978.15
14000	352	105.851	-16.4392
14000	353	-949.614	592.649
14000	354	313.768	296.964
14000	355	-409.769	-752.121
14000	356	766.133	-115.55
14000	357	-1308.4	349.19
14000	358	643.738	538.562
14000	359	-313.143	1334.64
14000	360	-489.237	-912.551
14000	361	717.131	695.699
14000	362	251.187	749.413
14000	363	630.962	722.04
14000	364	411.983	-144.964
14000	365	907.442	1171.11
14000	366	305.837	-236.362
14000	367	-826.16	1224.05
14000	368	-215.21	824.642
14000	369	293.753	-509.613
14000	370	44.31	-898.211
14000	371	-189.85	660.974
14000	372	114.421	-342.379
14000	373	186.94	-1523.7
14000	374	-462.981	45.9459
14000	375	78.4752	846.664
14000	376	-475.286	-895.023
14000	377	-1119.59	-334.314
14000	378	759.483	-116.929
14000	379	83.1581	759.371
14000	380	-620.743	-511.211
14000	381	-535.365	18.17
14000	382	-506.783	-132.41
14000	383	216.671	208.246
14000	384	211.558	-898.964
14000	385	-488.466	1296.57
14000	386	-643.39	1257.43
14000	387	-306.49	1064.14
14000	388	689.177	380.38
14000	389	224.846	451.659
14000	390	-519.159	-1470.17
14000	391	-294.413	100.321
14000	392	167.323	377.125
14000	393	19.6131	-117.66
14000	394	154.805	1627.22
14000	395	337.071	887.478
14000	396	-2.16878	-346.118
14000	397	249.877	-965.034
14000	398	-78.7155	-897.288
14000	399	-215.746	-230.977
14000	400	399.272	1126.31
14000	401	930.423	1544.24
14000	402	387.052	75.9187
14000	403	23.7795	-199.58
14000	404	369.417	851.176
14000	405	-556.594	-725.977
14000	406	389.013	-779.193
14000	407	-205.773	-893.954
14000	408	-348.768	-812.048
14000	409	299.421	453.536
14000	410	-614.544	1.75413
14000	411	-652.965	-673.887
14000	412	-144.158	159.032
14000	413	-169.645	-1166.72
14000	414	489.236	332.751
14000	415	-975.887	533.628
14000	416	-524.931	-2257.43
14000	417	293.653	231.229
14000	418	-8.24896	-610.013
14000	419	-103.07	-229.27
14000	420	146.891	962.236
14000	421	-142.541	688.05
14000	422	1401.25	108.799
14000	423	353.183	-662.204
14000	424	-282.437	1598.49
14000	425	713.932	-2191.01
14000	426	378.828	668.508
14000	427	225.229	1184.29
14000	428	-539.867	390.785
14000	429	-456.152	-307.799
14000	430	-58.9424	240.191
14000	431	-513.168	192.263
14000	432	-840.061	230.764
14000	433	-603.898	-103.502
14000	434	-7.37349	-1256.54
14000	435	197.902	-376.489
14000	436	-122.045	800.229
14000	437	271.285	222.617
14000	438	652.846	-688.442
14000	439	-49.2511	925.088
14000	440	-510.265	-1254.19
14000	441	-389.209	440.043
14000	442	-497.291	959.672
14000	443	711.867	-340.746
14000	444	-443.76	-1205.93
14000	445	2.54665	-272.552
14000	446	-496.167	829.826
14000	447	71.2723	-672.7
14000	448	281.744	1687.86
14000	449	323.238	203.465
14000	450	1007.72	-535.41
14000	451	-392.404	972.668
14000	452	338.683	431.651
14000	453	-195.671	-961.926
14000	454	-222.217	88.1291
14000	455	1275.81	-165.529
14000	456	-690.252	1255.93
14000	457	-330.268	205.405
14000	458	-5.91725	-433.844
14000	459	-350.061	453.706
14000	460	-24.4253	-1981.94
14000	461	-238.627	-282.78
14000	462	-424.73	443.41
14000	463	104.995	55.3496
14000	464	-346.798	1192.4
14000	465	300.297	-727.265
14000	466	271.698	-317.242
14000	467	404.01	354.682
14000	468	682.151	657.856
14000	469	-211.711	-119.583
14000	470	223.392	-642.538
14000	471	402.539	-317.177
14000	472	-223.11	-804.359
14000	473	-329.157	-261.369
14000	474	-98.406	-959.689
14000	475	14.4812	-1514.74
14000	476	192.644	-490.132
14000	477	142.114	-378.915
14000	478	393.291	-635.176
14000	479	-532.124	221.537
14000	480	-738.344	-255.039
14000	481	92.2594	-85.6386
14000	482	-628.707	135.85
14000	483	-923.045	-82.8135
14000	484	-126.93	567.075
14000	485	-367.184	595.418
14000	486	-961.31	-774.418
14000	487	835.306	-213.94
14000	488	84.2684	-263.766
14000	489	-32.6492	-192.473
14000	490	-431.806	2449.17
14000	491	209.207	291.571
14000	492	355.285	949.469
14000	493	-138.608	1096.34
14000	494	-78.9404	-1891.88
14000	495	-655.051	1046.05
14000	496	65.5364	1136.3
14000	497	83.9614	-970.604
14000	498	603.168	-571.536
14000	499	481.427	-1850.63
16000	0	760.745	297.41
16000	1	-429.154	1317.87
16000	2	-357.977	0.596016
16000	3	-692.497	1598.87
16000	4	-538.502	629.468
16000	5	-314.594	1229.74
16000	6	-950.361	794.514
16000	7	-1095.71	209.884
16000	8	222.252	-306.669
16000	9	54.6812	-913.142
16000	10	57.8287	-295.919
16000	11	-1006.63	74.4804
16000	12	-306.569	-980.455
16000	13	38.7881	528.916
16000	14	661.877	243.65
16000	15	298.909	2110.27
16000	16	21.3115	-1277.55
16000	17	60.3227	141.446
16000	18	-97.2356	-422.874
16000	19	-324.237	503.452
16000	20	276.911	521.455
16000	21	83.4466	-86.6988
16000	22	-201.583	260.889
16000	23	748.008	1199.82
16000	24	-440.786	-1454.59
16000	25	-399.212	-692.545
16000	26	-838.205	-341.158
16000	27	-352.516	954.936
16000	28	-1285.64	-157.949
16000	29	62.2212	-1173.69
16000	30	-107.302	-190.949
16000	31	55.9981	1454.61
16000	32	-705.025	831.647
16000	33	274.595	970.394
16000	34	-159.191	-428.4
16000	35	-275.152	1526.39
16000	36	-287.271	1295.85
16000	37	72.147	-168.488
16000	38	61.299	-848.022
16000	39	108.374	1650.66
16000	40	-626.681	443.949
16000	41	-108.445	864.234
16000	42	-166.783	848.546
16000	43	346.698	436.47
16000	44	396.154	-1318.76
16000	45	-196.281	1013.88
16000	46	191.549	-822.175
16000	47	-453.665	-327.33
16000	48	257.575	-1388.49
16000	49	-97.1183	1503.51
16000	50	-220.474	-115.807
16000	51	806.129	-402.682
16000	52	-656.826	2230.56
16000	53	52.2927	752.215
16000	54	-177.769	-174.428
16000	55	-115.985	89.7437
16000	56	-406.886	1017.29
16000	57	371.03	-940.034
16000	58	-772.454	607.598
16000	59	-626.112	529.406
16000	60	-182.682	1223.04
16000	61	-889.89	2186.27
16000	62	-70.1196	-1371.4
16000	63	58.2718	-1462.5
16000	64	-465.157	-1451.97
16000	65	21.5432	-485.185
16000	66	-67.0849	142.427
16000	67	987.271	861.228
16000	68	190.527	216.248
16000	69	-200.894	786.737
16000	70	324.34	1089.28
16000	71	1092.64	1293.76
16000	72	-1218.93	-373.023
16000	73	-58.9622	-74.1707
16000	74	-110.099	930.009
16000	75	135.402	1591.12
16000	76	-475.556	632.926
16000	77	196.602	-512.684
16000	78	-218.228	-124.799
16000	79	788.448	-847.342
16000	80	627.642	549.564
16000	81	917.169	-625.896
16000	82	-463.014	-1065.13
16000	83	-35.4632	758.811
16000	84	-282.152	365.762
16000	85	67.5932	-20.7094
16000	86	-65.983	823.852
16000	87	-192.233	-584.795
16000	88	26.34	1336.8
16000	89	-1140.52	-171.559
16000	90	-147.794	1579.4
16000	91	-435.262	284.775
16000	92	-236.936	-1167.53
16000	93	-254.793	-105.449
16000	94	441.583	91.8206
16000	95	-284.554	-1251.4
16000	96	489.97	-307.84
16000	97	492.793	1441.71
16000	98	-489.878	1675.98
16000	99	11.8935	-1025.11
16000	100	-383.62	47.0916
16000	101	182.093	256.957
16000	102	1064	-1218.75
16000	103	-428.898	-228.009
16000	104	-540.751	41.5272
16000	105	83.2637	408.976
16000	106	-1137.86	576.556
16000	107	93.0028	-206.445
16000	108	-474.3	495.408
16000	109	392.907	-3133.59
16000	110	-648.358	-309.58
16000	111	559.166	-478.827
16000	112	133.036	1286.52
16000	113	-117.238	202.973
16000	114	-32.6492	-367.186
16000	115	1060.46	-725.184
16000	116	-606.122	-649.558
16000	117	-448.261	2241.07
16000	118	172.148	548.976
16000	119	259.169	124.335
16000	120	-646.559	-450.868
16000	121	-442.585	49.3422
16000	122	-21.6704	1341.48
16000	123	322.772	-1758.45
16000	124	-619.996	-652.331
16000	125	104.4	-867.104
16000	126	-1026.82	747.981
16000	127	-12.0512	-897.087
16000	128	379.501	169.908
16000	129	834.191	215.075
16000	130	-152.378	1384.69
16000	131	-49.8161	410.631
16000	132	-169.189	297.859
16000	133	95.5718	51.5075
16000	134	104.617	-417.286
16000	135	800.707	81.4971
16000	136	162.875	2289.19
16000	137	-419.235	-175.634
16000	138	-1196.64	-642.288
16000	139	1013.03	-665.256
16000	140	89.2946	78.0479
16000	141	60.7296	543.975
16000	142	728.848	994.139
16000	143	48.0887	-598.018
16000	144	-1043.48	1172.35
16000	145	55.7162	-405.024
16000	146	-209.826	1079.88
16000	147	-77.1831	1104.8
16000	148	545.652	292.619
16000	149	216.838	396.478
16000	150	152.027	608.441
16000	151	-429.587	358.076
16000	152	-236.974	-395.773
16000	153	-729.517	-1940.12
16000	154	-209.833	-217.414
16000	155	9.50147	-139.897
16000	156	551.076	-1075.12
16000	157	-803.247	382.805
16000	158	-273.669	322.966
16000	159	-196.022	-1628.51
16000	160	170.181	359.309
16000	161	-451.396	-189.283
16000	162	-39.971	-257.167
16000	163	369.526	697.305
16000	164	994.015	1549.42
16000	165	544.426	-965.512
16000	166	796.093	117.781
16000	167	-356.581	1046.38
16000	168	207.36	211.784
16000	169	493.384	1092.8
16000	170	670.561	164.757
16000	171	-694.22	1670.61
16000	172	647.198	-545.357
16000	173	1894.65	-1237.57
16000	174	950.312	930.017
16000	175	141.853	62.8513
16000	176	-395.497	107.879
16000	177	-813.752	1773.65
16000	178	86.5579	1892.48
16000	179	284.162	-31.6513
16000	180	141.19	-758.353
16000	181	-6.16531	-2640.24
16000	182	-593.102	27.7672
16000	183	-812.975	-381.304
16000	184	-565.608	-1559.15
16000	185	-15.0648	806.278
16000	186	-655.807	-2425.43
16000	187	-309.413	317.758
16000	188	783.303	144.357
16000	189	-572.382	-1737.34
16000	190	50.0173	-1780.9
16000	191	294.689	356.772
16000	192	3.72551	489.924
16000	193	159.511	-98.0436
16000	194	-452.481	-91.5484
16000	195	-154.737	-697.215
16000	196	163.8	-878.29
16000	197	-542.713	682.84
16000	198	221.726	1951.56
16000	199	-251.001	153.069
16000	200	-515.745	291.612
16000	201	-1143.27	-768.906
16000	202	-158.45	-1182.98
16000	203	-198.815	229.539
16000	204	203.82	-1541.41
16000	205	-198.765	-591.193
16000	206	345.977	1687.97
16000	207	-87.751	-459.875
16000	208	-714.434	583.972
16000	209	-985.019	1277.98
16000	210	-312.028	829.068
16000	211	-549.281	-630.532
16000	212	-749.439	1047.51
16000	213	552.402	-766.797
16000	214	-499.884	-20.4393
16000	215	256.53	-360.348
16000	216	-39.9259	385.944
16000	217	-30.9593	604.966
16000	218	-269.474	445.217
16000	219	557.829	1458.17
16000	220	-156.985	-1014.5
16000	221	-473.018	-515.764
16000	222	542.684	-826.502
16000	223	155.469	-1745.33
16000	224	-291.656	-349.477
16000	225	-228.651	1035.63
16000	226	479.77	-1621.16
16000	227	-1465.25	144.618
16000	228	234.679	-808.481
16000	229	-76.1018	-407.849
16000	230	-749.795	-1810.34
16000	231	-342.819	875.237
16000	232	424.782	658.788
16000	233	-102.88	1183.08
16000	234	-109.617	69.3573
16000	235	-210.021	624.507
16000	236	-728.04	-288.725
16000	237	465.601	1146.58
16000	238	245.051	-453.207
16000	239	-919.377	298.396
16000	240	-280.059	-1901
16000	241	-361.094	56.5315
16000	242	134.462	-1473.83
16000	243	-5.63126	-232.03
16000	244	-820.685	354.983
16000	245	506.026	3.34155
16000	246	-696.635	-584.188
16000	247	-206.745	2309.77
16000	248	-218.566	-62.9457
16000	249	-238.776	528.497
16000	250	45.2603	-1478.31
16000	251	426.199	-881.899
16000	252	-105.587	890.457
16000	253	-466.76	-265.81
16000	254	332.595	412.117
16000	255	-1307.01	-19.6715
16000	256	-45.2155	-720.963
16000	257	113.169	1133.96
16000	258	187.336	-1475.05
16000	259	799.981	615.945
16000	260	-487.233	-666.734
16000	261	-24.367	489.123
16000	262	469.689	-367.092
16000	263	-225.835	845.514
16000	264	771.11	2381.04
16000	265	771.118	-1766.39
16000	266	-686.639	-229.94
16000	267	-16.9336	-634.705
16000	268	-138.533	-1435.95
16000	269	-921.692	-2640.71
16000	270	-96.9334	-389.46
16000	271	295.732	156.678
16000	272	659.487	571.041
16000	273	-469.06	-548.205
16000	274	-302.959	170.895
16000	275	161.916	360.428
16000	276	-306.82	907.626
16000	277	-355.179	-48.0511
16000	278	828.857	893.965
16000	279	-280.615	-567.96
16000	280	-592.758	163.597
16000	281	-850.041	-1550.84
16000	282	-111.891	1816.77
16000	283	-138.405	-1160.58
16000	284	161.454	-298.584
16000	285	-50.948	-354.395
16000	286	128.366	-344.925
16000	287	152.617	-471.238
16000	288	38.2029	-516.607
16000	289	1002.98	-631.426
16000	290	-702.208	478.96
16000	291	135.366	-955.795
16000	292	-43.8402	215.685
16000	293	147.885	813.267
16000	294	621.831	-154.702
16000	295	-1353.64	64.2423
16000	296	-223.168	1431.22
16000	297	-202.894	1097.49
16000	298	-522.21	1627.56
16000	299	-166.984	302.318
16000	300	-806.677	1150.21
16000	301	-251.295	976.524
16000	302	394.386	258.207
16000	303	846.433	-79.3129
16000	304	-2.31505	-610.732
16000	305	-513.532	-909.336
16000	306	437.339	767.559
16000	307	-90.6254	544.512
16000	308	-676.221	-1061.25
16000	309	164.088	-569.289
16000	310	262.25	968.7
16000	311	-74.5024	498.542
16000	312	-31.5763	-833.556
16000	313	-701.344	-208.251
16000	314	-238.254	-1425.87
16000	315	-81.5483	-882.064
16000	316	-1019.02	-1145.31
16000	317	85.7766	-879.023
16000	318	-86.0987	854.025
16000	319	-734.143	-686.365
16000	320	914.175	1322.83
16000	321	-50.7942	1689.44
16000	322	-92.5261	-1309.16
16000	323	-28.3557	723.076
16000	324	315.649	-817.832
16000	325	-178.757	-880.724
16000	326	564.491	617.877
16000	327	45.2859	1063.56
16000	328	-310.016	-1145.35
16000	329	-302.954	-605.702
16000	330	834.136	714.161
16000	331	-698.994	341.055
16000	332	-186.945	-64.84
16000	333	-311.954	-463.915
16000	334	360.911	-44.6898
16000	335	336.018	-129.38
16000	336	636.922	566.459
16000	337	204.551	627.192
16000	338	847.335	809.117
16000	339	1009.93	-126.37
16000	340	298.684	91.3497
16000	341	-459.721	-673.57
16000	342	-211.732	-875.952
16000	343	136.928	979.648
16000	344	386.598	-311.814
16000	345	-593.529	37.3939
16000	346	137.399	659.622
16000	347	-63.6003	-555.935
16000	348	-666.697	-752.968
16000	349	98.0155	143.971
16000	350	-522.54	1044.5
16000	351	-240.196	-1117.3
16000	352	187.024	-477.421
16000	353	-986.827	948.099
16000	354	252.142	348.961
16000	355	-186.238	-1300.61
16000	356	765.135	-106.828
16000	357	-1170.4	576.763
16000	358	799.757	10.5167
16000	359	-335.129	1137.71
16000	360	-549.615	-447.826
16000	361	914.973	720.595
16000	362	188.746	664.079
16000	363	609.056	551.491
16000	364	312.281	-205.32
16000	365	868.047	1502.8
16000	366	257.201	-329.961
16000	367	-648.513	654.273
16000	368	-195.073	381.792
16000	369	276.055	-292.73
16000	370	143.698	-979.191
16000	371	-283.904	436.599
16000	372	87.3675	-109.987
16000	373	76.6701	-1522.6
16000	374	-422.131	101.635
16000	375	-33.0279	1029.29
16000	376	-388.982	-922.914
16000	377	-915.322	378.935
16000	378	1059.43	6.72447
16000	379	282.504	-106.156
16000	380	-619.673	-575.132
16000	381	-555.96	525.561
16000	382	-649.637	90.6438
16000	383	-82.2871	600.929
16000	384	-71.3853	-1035.26
16000	385	-413.88	976.95
16000	386	-684.813	1095.67
16000	387	-587.584	956.793
16000	388	451.886	608.427
16000	389	24.0656	356.862
16000	390	-439.98	-1897.32
16000	391	-174.817	338.935
16000	392	283.444	376.983
16000	393	399.945	376.154
16000	394	109.566	1911.96
16000	395	536.218	891.002
16000	396	-219.858	-225.705
16000	397	115.766	-1375.72
16000	398	177.372	-872.124
16000	399	-556.763	92.3133
16000	400	59.8482	933.855
16000	401	1143.74	1865.86
16000	402	342.755	-297.382
16000	403	123.681	-145.475
16000	404	267.965	686.531
16000	405	-376.745	-998.746
16000	406	409.968	-779.494
16000	407	-27.4388	-520.258
16000	408	-642.155	-368.947
16000	409	182.504	234.582
16000	410	-756.304	230.822
16000	411	-332.423	-834.586
16000	412	-607.219	18.6294
16000	413	31.0904	-1081.77
16000	414	391.572	926.245
16000	415	-761.479	468.192
16000	416	-627.398	-1911.34
16000	417	232.962	510.814
16000	418	287.552	-772.229
16000	419	-146.661	261.729
16000	420	-17.8902	943.92
16000	421	235.648	443.296
16000	422	1242.33	72.1774
16000	423	100.019	-510.683
16000	424	-104.424	1573.06
16000	425	586.485	-2094.85
16000	426	-47.4273	1033.85
16000	427	445.902	1275.92
16000	428	-537.706	788.896
16000	429	-708.562	-286.345
16000	430	13.224	587.102
16000	431	-613.776	17.4157
16000	432	-878.549	429.195
16000	433	-603.333	282.988
16000	434	34.7203	-1366.09
16000	435	241.367	-273.544
16000	436	-288.965	866.775
16000	437	250.912	436.697
16000	438	781.124	-1503.22
16000	439	-42.1254	803.96
16000	440	-651.126	-1105.82
16000	441	-385.102	582.13
16000	442	-375.611	1090.01
16000	443	910.237	-553.454
16000	444	-280.485	-830.956
16000	445	121.721	-526.798
16000	446	-610.862	424.905
16000	447	211.859	-590.605
16000	448	104.656	1597.87
16000	449	413.047	490.018
16000	450	1065.83	-817.555
16000	451	-248.609	1106.28
16000	452	313.016	620.056
16000	453	-335.448	-828.758
16000	454	91.2458	-32.1371
16000	455	1514.77	-203.257
16000	456	-674.715	842.224
16000	457	-533.541	764.851
16000	458	81.9307	-301.636
16000	459	-249.403	550.86
16000	460	-105.089	-2342.28
16000	461	-219.343	-59.0812
16000	462	-598.635	584.269
16000	463	226.29	175.549
16000	464	11.6158	753.969
16000	465	401.26	-604.595
16000	466	189.314	-568.476
16000	467	163.598	443.959
16000	468	654.282	190.697
16000	469	-153.585	-168.488
16000	470	422.696	-350.01
16000	471	-56.2583	-234.827
16000	472	-202.98	-584.513
16000	473	-415.887	92.4377
16000	474	-369.936	-928.299
16000	475	133.211	-1429.07
16000	476	306.497	-1011.5
16000	477	117.353	-175.557
16000	478	384.879	-495.099
16000	479	-212.89	86.5839
16000	480	-857.871	70.0139
16000	481	82.367	-49.7814
16000	482	-785.976	154.137
16000	483	-607.015	-195.711
16000	484	-247.205	768.231
16000	485	-605.865	403.757
16000	486	-909.293	-1121.87
16000	487	920.962	-525.433
16000	488	66.8872	-240.897
16000	489	47.4172	-68.147
16000	490	-785.801	2826.48
16000	491	50.2587	549.424
16000	492	197	266.47
16000	493	223.506	1070.26
16000	494	-134.705	-2286.66
16000	495	-786.061	453.456
16000	496	105.07	1005.89
16000	497	101.611	-1236.92
16000	498	403.938	-339.72
16000	499	812.197	-1901.87
18000	0	815.64	757.803
18000	1	-368.545	1774.63
18000	2	-436.047	-340.059
18000	3	-433.305	1764.25
18000	4	-719.819	734.666
18000	5	-298.987	1382.51
18000	6	-1370.44	744.73
18000	7	-1284.57	966.638
18000	8	41.9799	46.5146
18000	9	-147.306	-967.107
18000	10	130.209	-393.693
18000	11	-965.61	63.763
18000	12	-319.3	-924.715
18000	13	158.95	754.866
18000	14	743.538	214.366
18000	15	158.136	2260.11
18000	16	42.5565	-1726.36
18000	17	176.988	291.288
18000	18	-101.229	-454.074
18000	19	-348.6	261.394
18000	20	176.835	494.794
18000	21	213.012	-162.573
18000	22	-343.732	450.966
18000	23	648.923	1234.65
18000	24	-554.972	-1512.02
18000	25	-298.012	-229.889
18000	26	-792.371	-412.92
18000	27	-367.714	939.008
18000	28	-1505.49	-401.925
18000	29	62.4488	-1359.28
18000	30	-404.442	34.0912
18000	31	118.001	1798.79
18000	32	-766.701	518.539
18000	33	294.239	1085.62
18000	34	-251.409	-226.683
18000	35	-321.077	2040.93
18000	36	-372.352	1546.71
18000	37	-16.3903	-268.473
18000	38	2.08931	-603.585
18000	39	84.4092	1838.71
18000	40	-812.65	-243.695
18000	41	90.2315	76.6248
18000	42	33.2437	792.663
18000	43	205.376	287.501
18000	44	415.03	-1722.53
18000	45	-112.081	783.075
18000	46	198.56	-950.869
18000	47	-291.029	-236.634
18000	48	338.957	-610.029
18000	49	0.559043	1675.55
18000	50	-468.971	262.751
18000	51	824.632	-903.929
18000	52	-865.557	1765.8
18000	53	132.766	1100.93
18000	54	82.5302	-113.232
18000	55	-176.196	-569.883
18000	56	-252.14	1115.1
18000	57	340.928	-1374.5
18000	58	-728.622	249.49
18000	59	-502.372	617.764
18000	60	-479.142	970.979
18000	61	-901.251	2189.14
18000	62	-126.729	-1257.98
18000	63	51.5047	-1448.58
18000	64	-583.043	-1650.08
18000	65	242.832	-279.216
18000	66	71.7309	465.277
18000	67	964.348	525.171
18000	68	188.244	55.7057
18000	69	-324.244	1053.62
18000	70	341.672	1410.44
18000	71	1013.04	1152.27
18000	72	-1044.62	-176.532
18000	73	-79.1194	-602.276
18000	74	-30.8814	1147.29
18000	75	219.468	2127.12
18000	76	-452.802	983.474
18000	77	320.339	-123.377
18000	78	-425.319	-220.577
18000	79	926.896	-720.78
18000	80	728.509	-73.8422
18000	81	1077.5	-726.726
18000	82	-425.226	-921.986
18000	83	8.51139	902.077
18000	84	-223.692	441.003
18000	85	93.1746	213.113
18000	86	-25.5431	412.749
18000	87	-171.911	-318.917
18000	88	46.0217	1952.11
18000	89	-1357.35	-93.0612
18000	90	70.2098	1494.78
18000	91	-358.728	540.926
18000	92	-479.241	-1507.01
18000	93	-394.988	315.928
18000	94	580.445	-197.517
18000	95	-660.722	-1322.87
18000	96	208.152	-97.6041
18000	97	569.71	1380.96
18000	98	-448.639	1397.27
18000	99	-28.74	-1331.85
18000	100	-215.188	-396.251
18000	101	81.0715	276.628
18000	102	1260.48	-1024.64
18000	103	-327.15	-125.06
18000	104	-604.627	5.08646
18000	105	171.801	492.848
18000	106	-1163.68	416.091
18000	107	129.463	-140.003
18000	108	-115.443	565.68
18000	109	92.7349	-2928.85
18000	110	-587.813	-360.847
18000	111	719.55	-535.696
18000	112	102.394	1321.69
18000	113	-155.694	438.813
18000	114	-114.981	-480.296
18000	115	1085.12	-486.542
18000	116	-620.64	-783.901
18000	117	-649.275	2581.22
18000	118	253.587	609.207
18000	119	158.043	181.207
18000	120	-491.275	-858.779
18000	121	-584.875	354.418
18000	122	218.668	1408.88
18000	123	-125.308	-1615.97
18000	124	-639.349	8.80012
18000	125	1.45106	-1578.07
18000	126	-1165.87	456.123
18000	127	-46.6653	-807.705
18000	128	311.533	195.263
18000	129	806.251	441.142
18000	130	-152.788	1649.19
18000	131	-327.136	801.151
18000	132	-48.3576	189.292
18000	133	-4.75291	196.442
18000	134	105.322	-158.819
18000	135	927.732	238.081
18000	136	184.781	2312.39
18000	137	-656.726	-227.849
18000	138	-1388.45	-936.861
18000	139	1068.04	-477.28
18000	140	310.69	402.693
18000	141	-36.2913	839.654
18000	142	495.354	410.82
18000	143	-186.82	-438.617
18000	144	-1200.78	1570.93
18000	145	-84.7468	-21.1765
18000	146	-187.029	1368.19
18000	147	-317.859	982.289
18000	148	507.797	251.417
18000	149	314.711	786.252
18000	150	212.674	650.427
18000	151	-165.561	371.166
18000	152	43.6476	-597.071
18000	153	-686.757	-1733.59
18000	154	-211.269	-362.237
18000	155	152.277	-193.662
18000	156	347.814	-1061.08
18000	157	-642.844	458.988
18000	158	-196.698	-415.672
18000	159	-288.369	-2127.3
18000	160	-23.4695	980.44
18000	161	-350.153	-143.013
18000	162	-240.729	-637.269
18000	163	397.87	897.896
18000	164	952.515	1828.47
18000	165	164.652	-1054.6
18000	166	675.285	-229.084
18000	167	-476.826	1369.03
18000	168	286.433	266.75
18000	169	562.291	1561.26
18000	170	652.627	405.46
18000	171	-1003.11	1406.94
18000	172	873.374	-321.453
18000	173	1973.38	-1651.04
18000	174	1210.4	1148.52
18000	175	263.363	346.464
18000	176	-559.416	-45.3745
18000	177	-1055.66	2200.39
18000	178	23.6052	1488.89
18000	179	304.073	-318.381
18000	180	137.347	-614.284
18000	181	-184.905	-1983.28
18000	182	-692.564	-18.1369
18000	183	-831.047	-841.174
18000	184	-368.501	-2223.94
18000	185	-653.753	324.872
18000	186	-596.322	-2817.23
18000	187	-431.923	227.598
18000	188	924.695	253.502
18000	189	-169.397	-1532.19
18000	190	271.819	-1722.53
18000	191	492.96	531.342
18000	192	143.713	245.39
18000	193	19.2368	344.32
18000	194	-870.605	66.8144
18000	195	-331.216	-367.778
18000	196	62.7854	-1098.87
18000	197	-565.257	799.281
18000	198	44.4518	2076.22
18000	199	-334.579	149.091
18000	200	-380.016	242.991
18000	201	-1322.38	-1196.49
18000	202	-154.084	-1472.7
18000	203	-98.7823	745.638
18000	204	476.005	-1584.34
18000	205	-120.37	-769.82
18000	206	318.973	1071.53
18000	207	68.9833	-321.245
18000	208	-816.079	556.18
18000	209	-879.063	1393.93
18000	210	-94.5129	1346.19
18000	211	-490.881	-533.421
18000	212	-805.567	856.293
18000	213	273.318	-833.402
18000	214	-656.211	-310.033
18000	215	65.4675	-134.19
18000	216	-241.771	252.779
18000	217	31.4389	543.831
18000	218	-426.921	753.432
18000	219	917.124	727.554
18000	220	-137.12	-1688.69
18000	221	-491.056	-419.026
18000	222	442.07	-1030.69
18000	223	276.609	-1830.33
18000	224	-434.496	-825.643
18000	225	-24.8356	1133.57
18000	226	261.015	-1661.45
18000	227	-1667.93	420.413
18000	228	54.7488	-1427.52
18000	229	-35.6192	-1161.15
18000	230	-578.302	-1696
18000	231	-384.401	727.621
18000	232	-146.702	1047.29
18000	233	-113.026	1095.19
18000	234	-246.004	-453.997
18000	235	45.2537	280.696
18000	236	-645.078	-524.182
18000	237	667.662	1281.91
18000	238	315.783	-868.88
18000	239	-936.366	366.264
18000	240	-61.1105	-1783.88
18000	241	-813.306	285.959
18000	242	227.936	-1595.45
18000	243	-165.018	-265.711
18000	244	-860.75	-55.1067
18000	245	626.527	82.8911
18000	246	-617.627	-442.138
18000	247	-168.606	2519.89
18000	248	-414.382	145.706
18000	249	-260.685	449.95
18000	250	51.3845	-1627.36
18000	251	269.097	-688.236
18000	252	-206.669	954.089
18000	253	-403.311	-190.717
18000	254	533.807	574.559
18000	255	-1587.19	-164.943
18000	256	-342.82	-461.071
18000	257	83.8024	1120.18
18000	258	138.156	-1680.69
18000	259	906.926	636.366
18000	260	-445.135	-834.283
18000	261	-0.103832	112.599
18000	262	662.149	-676.108
18000	263	-226.621	792.317
18000	264	632.235	2893.17
18000	265	1032.09	-1553.83
18000	266	-859.19	33.5462
18000	267	182.043	-1338.61
18000	268	-38.452	-1298.16
18000	269	-862.592	-3008.3
18000	270	19.9213	-438.807
18000	271	175.126	337.571
18000	272	703.952	-309.189
18000	273	-593.342	-515.017
18000	274	-129.543	293.256
18000	275	479.691	614.299
18000	276	-605.789	1043.7
18000	277	-671.639	-492.423
18000	278	630.662	1612.19
18000	279	-157.993	-301.01
18000	280	-528.484	83.6885
18000	281	-899.248	-1560.97
18000	282	149.962	1763.19
18000	283	-46.017	-716.656
18000	284	-80.0767	-443.294
18000	285	70.1863	-4.39243
18000	286	357.584	-13.1959
18000	287	570.313	-315.194
18000	288	-36.666	-508.355
18000	289	883.12	-216.384
18000	290	-640.933	364.021
18000	291	84.3487	-1194.09
18000	292	-303.997	1168.01
18000	293	210.823	677.851
18000	294	988.337	-222.766
18000	295	-1457.76	219.064
18000	296	-264.405	1375.46
18000	297	-146.96	783.281
18000	298	-523.228	2347.36
18000	299	-308.46	138.492
18000	300	-745.888	980.316
18000	301	-224.621	469.017
18000	302	496.316	204.471
18000	303	766.303	-96.5716
18000	304	-121.215	-279.899
18000	305	-516.112	-758.543
18000	306	457.171	337.863
18000	307	-348.879	787.513
18000	308	-384.296	-1118.23
18000	309	405.525	-628.09
18000	310	120.554	1312.03
18000	311	-24.3935	449.086
18000	312	41.1503	-821.521
18000	313	-895.865	-415.411
18000	314	11.3972	-1646.66
18000	315	157.035	-488.514
18000	316	-981.08	-1203.98
18000	317	-135.206	-299.233
18000	318	211.434	989.734
18000	319	-715.076	-581.389
18000	320	972.642	1282.4
18000	321	168.79	1835.24
18000	322	-215.9	-1170
18000	323	-8.61081	362.11
18000	324	452.211	-857.326
18000	325	-78.2855	-911.215
18000	326	540.921	517.509
18000	327	-134.812	866.882
18000	328	-309.892	-1073.52
18000	329	-462.434	-1057.98
18000	330	475.958	1170.89
18000	331	-641.821	919.017
18000	332	-8.49268	-435.601
18000	333	-330.323	-303.152
18000	334	-80.4534	-390.202
18000	335	552.477	-30.7385
18000	336	537.264	646.749
18000	337	439.044	164.698
18000	338	600.206	989.312
18000	339	909.799	440.308
18000	340	203.78	366.966
18000	341	-560.455	-388.741
18000	342	-388.843	-994.348
18000	343	115.65	1121.14
18000	344	186.788	-214.956
18000	345	-563.655	-374.903
18000	346	294.099	563.572
18000	347	159.235	-455.777
18000	348	-843.689	-360.919
18000	349	-57.6117	536.5
18000	350	-469.657	1324.03
18000	351	-121.502	-749.329
18000	352	366.184	-253.582
18000	353	-1046.43	443.646
18000	354	72.3194	258.151
18000	355	-286.128	-1169.36
18000	356	466.956	-24.2553
18000	357	-1389.54	612.173
18000	358	861.974	161.296
18000	359	-500.92	367.434
18000	360	-371.38	-632.343
18000	361	898.177	778.327
18000	362	411.014	1317.62
18000	363	710.178	563.429
18000	364	230.347	374.522
18000	365	868.739	1382.75
18000	366	117.31	-446.314
18000	367	-446.691	1169.27
18000	368	-314.827	486.816
18000	369	-19.0632	-709.263
18000	370	27.8177	-716.638
18000	371	-339.499	325.98
18000	372	269.381	-414.218
18000	373	213.903	-1292.32
18000	374	-521.877	-300.778
18000	375	48.0587	900.399
18000	376	-458.674	-1228.59
18000	377	-1061.86	146.839
18000	378	1056.27	-342.529
18000	379	360.063	-149.126
18000	380	-639.17	-560.088
18000	381	-197.71	608.138
18000	382	-491.049	326.435
18000	383	-216.657	836.357
18000	384	60.2927	-1365.81
18000	385	-367.962	700.077
18000	386	-542.984	1435.29
18000	387	-963.964	761.802
18000	388	189.336	296.067
18000	389	305.282	-165.294
18000	390	-337.475	-1426.15
18000	391	-251.086	36.2941
18000	392	382.794	24.1204
18000	393	397.439	15.5379
18000	394	156.257	1556.23
18000	395	517.993	814.283
18000	396	-102.742	-360.415
18000	397	-244.287	-1344.42
18000	398	79.3996	-1271.69
18000	399	-271.756	42.4555
18000	400	238.475	778.386
18000	401	1301.47	1829.77
18000	402	407.05	-283.952
18000	403	358.868	213.946
18000	404	167.333	975.945
18000	405	-300.172	-984.493
18000	406	389.092	-1079.95
18000	407	-225.601	-635.302
18000	408	-647.429	-21.7539
18000	409	61.2494	-189.759
18000	410	-464.908	223.313
18000	411	-512.378	-965.91
18000	412	-645.976	246.935
18000	413	210.269	-1849.61
18000	414	729.272	1367.7
18000	415	-499.541	338.422
18000	416	-687.373	-1777.29
18000	417	-6.26961	426.494
18000	418	535.154	-237.913
18000	419	31.4936	36.7835
18000	420	-371.12	431.473
18000	421	457.969	497.448
18000	422	1244.98	-348.071
18000	423	60.3238	-617.261
18000	424	117.047	2086.92
18000	425	996.269	-2126.98
18000	426	182.707	572.803
18000	427	543.556	1404.43
18000	428	-340.668	312.487
18000	429	-474.151	-12.8406
18000	430	-27.8527	-3.15314
18000	431	-589.628	338.46
18000	432	-883.344	939.189
18000	433	-722.582	678.726
18000	434	172.116	-1742.52
18000	435	-299.984	-250.593
18000	436	-389.153	991.125
18000	437	133.798	460.234
18000	438	602.885	-1165.13
18000	439	179.135	380.31
18000	440	-689.109	-910.156
18000	441	129.877	410.382
18000	442	-356.944	997.523
18000	443	875.074	-804.812
18000	444	-56.836	-1117.01
18000	445	200.578	-580.147
18000	446	-638.819	97.3318
18000	447	299.048	-280.787
18000	448	-36.941	1512.05
18000	449	527.251	507.583
18000	450	1265.81	-560.229
18000	451	-229.083	1054.8
18000	452	197.239	452.458
18000	453	-179.442	-591.231
18000	454	295.262	21.2172
18000	455	1454.1	-350.042
18000	456	-637.745	1079.04
18000	457	-572.529	608.243
18000	458	239.172	-526.679
18000	459	-67.7964	401.707
18000	460	-346.627	-2794.05
18000	461	-519.703	-501.773
18000	462	-364.154	58.0766
18000	463	392.918	532.451
18000	464	-367.327	660.401
18000	465	540.413	-98.0625
18000	466	83.7716	-185.503
18000	467	122.733	181.342
18000	468	654.815	986.839
18000	469	-58.4363	-380.638
18000	470	423.717	-228.011
18000	471	-454.996	118.142
18000	472	-67.1493	-844.766
18000	473	-653.283	125.226
18000	474	-495.76	-1358.06
18000	475	92.466	-1236.18
18000	476	87.7933	-1168.98
18000	477	183.789	115.829
18000	478	314.348	-402.027
18000	479	-171.776	-283.089
18000	480	-936.598	313.957
18000	481	43.2513	-609.526
18000	482	-918.557	57.4023
18000	483	-804.338	-414.609
18000	484	-130.929	845.537
18000	485	-806.939	386.338
18000	486	-881.673	-1176.6
18000	487	985.431	-457.678
18000	488	225.254	-125.22
18000	489	46.8857	345.732
18000	490	-1107.82	3108.91
18000	491	96.0399	301.104
18000	492	258.822	146.596
18000	493	262.51	1036.53
18000	494	-517.016	-2082.72
18000	495	-897.808	181.65
18000	496	146.984	983.047
18000	497	-196.6	-1417.78
18000	498	331.856	-236.626
18000	499	919.436	-1973.08
20000	0	520.023	754.495
20000	1	-190.572	1437.34
20000	2	-496.105	-329.707
20000	3	-113.681	1822.17
20000	4	-621.314	1068.16
20000	5	-274.951	1347.12
20000	6	-1385.55	640.992
20000	7	-1248.53	1682.36
20000	8	62.7859	568.165
20000	9	66.2994	-735.813
20000	10	-239.595	-175.557
20000	11	-1193.31	46.1694
20000	12	-338.715	-756.658
20000	13	-158.255	716.855
20000	14	799.607	119.472
20000	15	461.322	2562.2
20000	16	300.822	-1544.62
20000	17	167.449	78.6081
20000	18	-135.476	-277.761
20000	19	-549.304	-61.2946
20000	20	38.1279	684.102
20000	21	245.476	108.659
20000	22	-703.438	178.1
20000	23	465.928	1331.4
20000	24	-311.467	-1067.7
20000	25	-459.964	-346.38
20000	26	-772.227	-1089.84
20000	27	-232.482	1136.12
20000	28	-1427.15	-55.6302
20000	29	-197.22	-1582.88
20000	30	-579.634	-125.39
20000	31	-20.1695	2228.05
20000	32	-706.123	863.726
20000	33	235.101	1230.2
20000	34	-352.146	-201.611
20000	35	-393.39	2204.65
20000	36	-412.307	1846.47
20000	37	134.071	318.659
20000	38	242.546	-676.247
20000	39	299.703	1728.15
20000	40	-846.257	-88.2593
20000	41	-27.7637	964.786
20000	42	210.826	271.294
20000	43	-95.1546	764.454
20000	44	96.558	-2138.87
20000	45	-134.277	933.329
20000	46	14.7431	-972.371
20000	47	-72.1716	15.2499
20000	48	169.402	-489.671
20000	49	184.456	1561.96
20000	50	-466.223	551.204
20000	51	707.079	-1310.27
20000	52	-786.547	1496.38
20000	53	272.778	781.302
20000	54	168.675	274.162
20000	55	-472.482	-443.263
20000	56	-145.264	1116.29
20000	57	189.664	-938.466
20000	58	-567.042	825.597
20000	59	-441.402	1007.84
20000	60	-441.93	746.62
20000	61	-938.553	2277.34
20000	62	-108.731	-1373.06
20000	63	-225.549	-1734.29
20000	64	-453.526	-1657.53
20000	65	161.799	-282.175
20000	66	-127.185	602.949
20000	67	965.661	631.306
20000	68	251.039	299.139
20000	69	-183.947	742.904
20000	70	181.604	1428.02
20000	71	1113.05	902.462
20000	72	-1247.71	-124.281
20000	73	-262.042	0.146712
20000	74	-31.3624	1116.61
20000	75	473.801	2414.36
20000	76	-417.755	1067.19
20000	77	280.008	471.105
20000	78	-405.306	-348.911
20000	79	946.731	-711.096
20000	80	707.81	-203.115
20000	81	1055.53	-1093.11
20000	82	-642.637	-837.709
20000	83	142.835	896.541
20000	84	-302.45	565.898
20000	85	-129.035	540.062
20000	86	-285.041	425.145
20000	87	-272.994	26.696
20000	88	-117.585	1945.39
20000	89	-1439.35	-33.244
20000	90	-27.9876	1410.42
20000	91	-15.2717	652.817
20000	92	-518.993	-1535.37
20000	93	-123.378	814.015
20000	94	474.613	-90.579
20000	95	-674.159	-1074.63
20000	96	128.019	-157.027
20000	97	840.285	1695.92
20000	98	-10.2019	1515
20000	99	-170.565	-1671.83
20000	100	-361.524	-198.257
20000	101	3.58445	669.65
20000	102	1399.43	-1134.35
20000	103	-486.284	-149.624
20000	104	-479.676	-50.3775
20000	105	254.312	228.787
20000	106	-1083.12	360.163
20000	107	12.9987	121.997
20000	108	-456.113	505.689
20000	109	193.363	-2659.14
20000	110	-843.232	-245.556
20000	111	704.483	-392.109
20000	112	18.364	1342.81
20000	113	-232.232	564.991
20000	114	-174.287	-576.635
20000	115	1319.63	-738.169
20000	116	-606.65	-1244.56
20000	117	-648.533	2692.1
20000	118	313.298	780.253
20000	119	318.79	28.3414
20000	120	-491.491	-955.121
20000	121	-542.971	106.865
20000	122	398.332	1697.44
20000	123	-253.769	-1582.07
20000	124	-738.697	374.34
20000	125	186.386	-1547.93
20000	126	-1225.39	616.973
20000	127	-153.406	-1074.24
20000	128	241.079	205.235
20000	129	874.345	59.8034
20000	130	-113.721	1442.97
20000	131	-224.672	1354.55
20000	132	-323.789	82.4489
20000	133	-103.363	-174.187
20000	134	-236.612	-398.419
20000	135	669.879	243.015
20000	136	-75.3836	2238.72
20000	137	-498.536	302.44
20000	138	-1582.71	-1151.48
20000	139	1072.25	-708.524
20000	140	270.111	1007.65
20000	141	-82.5575	461.692
20000	142	495.735	182.453
20000	143	34.5188	-504.118
20000	144	-1159.73	1752.73
20000	145	-47.1898	-56.0286
20000	146	-190.685	1606.66
20000	147	-597.15	1114.34
20000	148	384.717	92.6381
20000	149	473.935	939.748
20000	150	511.345	598.011
20000	151	-446.392	421.303
20000	152	346.052	-257.005
20000	153	-648.84	-2075.96
20000	154	-130.194	16.5774
20000	155	10.8863	-712.335
20000	156	170.362	-1016.81
20000	157	-684.337	511.482
20000	158	-414.107	-436.191
20000	159	-123.533	-2798.18
20000	160	-125.224	1072.88
20000	161	-530.393	138.162
20000	162	-36.9215	-571.461
20000	163	137.537	699.111
20000	164	677.269	2122.79
20000	165	346.103	-931.892
20000	166	838.551	-327.985
20000	167	-278.275	1514.65
20000	168	224.649	405.626
20000	169	713.363	1720.97
20000	170	710.569	-279.993
20000	171	-964.174	1032.87
20000	172	1111.08	-310.845
20000	173	1533.52	-2016.57
20000	174	1291.66	1311.11
20000	175	121.938	148.171
20000	176	-499.451	229.596
20000	177	-1195.36	1863.53
20000	178	169.179	1211.64
20000	179	105.268	-752.241
20000	180	157.321	-674.685
20000	181	-310.954	-1988.65
20000	182	-734.146	197.617
20000	183	-884.434	-833.407
20000	184	-504.302	-2142.11
20000	185	-714.695	432.099
20000	186	-535.426	-2662
20000	187	-290.727	118.186
20000	188	1024.82	214.462
20000	189	70.4394	-1139.87
20000	190	370.467	-1416.59
20000	191	771.476	512.53
20000	192	219.346	127.482
20000	193	380.299	171.698
20000	194	-864.171	26.5983
20000	195	-254.025	-237.467
20000	196	87.3445	-1312.86
20000	197	-465.367	1103.07
20000	198	-257.343	1221.53
20000	199	-283.414	-266.458
20000	200	-437.983	322.618
20000	201	-1661.39	-1135.2
20000	202	-158.51	-1742.67
20000	203	-17.1936	1357.51
20000	204	536.35	-2258.68
20000	205	-261.764	-1144.7
20000	206	-8.98416	707.916
20000	207	-169.058	-8.25965
20000	208	-646.059	767.119
20000	209	-659.476	1878.06
20000	210	125.091	1669.81
20000	211	-643.197	-189.21
20000	212	-929.107	1037.51
20000	213	370.958	-593.292
20000	214	-839.459	-278.145
20000	215	-15.1847	-454.795
20000	216	-260.327	-82.8513
20000	217	27.9112	418.881
20000	218	-797.77	1091.12
20000	219	841.596	1148.2
20000	220	-318.901	-2103.72
20000	221	-970.513	-468.8
20000	222	381.918	-1487.6
20000	223	0.428917	-1457.33
20000	224	-252.298	-861.724
20000	225	1.2446	1002.62
20000	226	123.558	-2206.77
20000	227	-1667.16	111.494
20000	228	252.316	-1424.61
20000	229	243.567	-994.642
20000	230	-353.147	-1522.49
20000	231	-317.646	737.81
20000	232	-65.5335	1465.27
20000	233	-45.4358	1721.42
20000	234	-287.913	-485.442
20000	235	183.147	477.039
20000	236	-499.98	-849.646
20000	237	864.178	1295.83
20000	238	332.872	-474.085
20000	239	-1089.77	108.459
20000	240	-22.1786	-1484.54
20000	241	-606.198	521.309
20000	242	407.644	-1716.03
20000	243	-382.064	0.227644
20000	244	-640.473	-459.471
20000	245	459.091	537.612
20000	246	-374.691	-495.621
20000	247	-16.7403	2268.5
20000	248	-211.353	-284.085
20000	249	-297.053	85.3891
20000	250	168.441	-1483.28
20000	251	321.684	-907.299
20000	252	-407.333	882.42
20000	253	-388.133	-43.5165
20000	254	512.359	226.937
20000	255	-1507.22	-40.8964
20000	256	-386.25	-507.83
20000	257	106.286	138.871
20000	258	-65.6701	-1733.48
20000	259	847.895	705.581
20000	260	-267.424	-488.487
20000	261	174.488	298.274
20000	262	652.237	-643.168
20000	263	-284.942	1008.25
20000	264	632.506	3399.9
20000	265	833.508	-1835.18
20000	266	-826.828	188.915
20000	267	142.083	-1651.77
20000	268	-275.146	-1839.35
20000	269	-688.432	-2476.68
20000	270	118.471	-820.537
20000	271	41.2423	96.2009
20000	272	722.087	-526.702
20000	273	-847.527	-727.848
20000	274	143.688	423.106
20000	275	899.062	731.634
20000	276	-544.39	875.088
20000	277	-966.264	-577.202
20000	278	686.098	1625.74
20000	279	-321.49	-391.308
20000	280	-587.636	242.359
20000	281	-1321.01	-1490.6
20000	282	350.053	1938.47
20000	283	-117.3	-235.216
20000	284	-119.834	288.964
20000	285	-27.9734	158.593
20000	286	508.478	-293.788
20000	287	851.694	197.013
20000	288	-35.5115	-827.662
20000	289	563.697	-286.713
20000	290	-762.373	710.668
20000	291	86.5926	-1077.13
20000	292	-185.093	1258.76
20000	293	-20.3826	473.622
20000	294	864.115	-453.265
20000	295	-1308.18	296.978
20000	296	-63.4607	1642.71
20000	297	-225.266	396.131
20000	298	-520.782	1773.17
20000	299	-88.1652	153.976
20000	300	-984.932	780.742
20000	301	9.11346	582.284
20000	302	513.762	223.713
20000	303	645.181	54.7126
20000	304	20.826	42.2664
20000	305	-555.025	-528.638
20000	306	856.767	589.564
20000	307	-409.144	286.332
20000	308	-345.332	-672.961
20000	309	586.2	-1246.28
20000	310	298.025	1855.39
20000	311	-267.152	169.703
20000	312	425.262	-1050.93
20000	313	-795.579	-372.528
20000	314	521.212	-1470.82
20000	315	157.654	-632.667
20000	316	-1280.48	-1623.82
20000	317	-17.0012	33.377
20000	318	-268.666	784.16
20000	319	-693.428	-195.06
20000	320	1053.29	917.399
20000	321	450.951	1787.56
20000	322	-196.894	-933.006
20000	323	-329.599	386.8
20000	324	308.703	-873.755
20000	325	-17.664	-956.129
20000	326	443.972	268.216
20000	327	-215.481	725.008
20000	328	-289.982	-1243.6
20000	329	-644.525	-842.924
20000	330	691.76	1249.42
20000	331	-581.541	909.106
20000	332	107.622	-170.13
20000	333	-452.306	215.639
20000	334	-202.703	-897.3
20000	335	853.215	-28.2497
20000	336	577.803	948.497
20000	337	483.812	40.7498
20000	338	690.925	906.438
20000	339	972.527	109.04
20000	340	0.27637	326.766
20000	341	-659.513	-612.058
20000	342	-474.172	-1141.59
20000	343	96.8368	1637.09
20000	344	26.2314	-462.666
20000	345	-540.976	-65.6378
20000	346	434.906	801.637
20000	347	117.863	261.685
20000	348	-659.808	-820.268
20000	349	-200.803	672.93
20000	350	-477.932	1454.1
20000	351	-213.657	-595.315
20000	352	428.404	-404.8
20000	353	-1103.01	292.784
20000	354	404.106	301.937
20000	355	-389.4	-793.083
20000	356	467.666	-302.366
20000	357	-1589.14	744.598
20000	358	738.079	-327.277
20000	359	-744.161	421.235
20000	360	-470.495	-829.688
20000	361	935.419	533.675
20000	362	428.993	1088.24
20000	363	669.735	513.259
20000	364	311.928	535.126
20000	365	907.521	897.954
20000	366	-158	-499.781
20000	367	-394.361	1269.05
20000	368	-715.185	226.354
20000	369	74.7837	-406.333
20000	370	127.507	-949.878
20000	371	-223.158	-62.7609
20000	372	327.685	-107.199
20000	373	294.607	-1593.25
20000	374	-656.907	-479.838
20000	375	186.386	837.755
20000	376	-541.906	-1266.39
20000	377	-1174.64	38.3333
20000	378	1099.66	-171.099
20000	379	340.848	-526.885
20000	380	-201.983	-739.843
20000	381	-255.593	483.775
20000	382	-327.138	-133.289
20000	383	-102.082	745.1
20000	384	69.5079	-1242
20000	385	-470.581	312.479
20000	386	-492.826	1659
20000	387	-945.703	697.06
20000	388	219.231	74.0356
20000	389	304.817	-312.389
20000	390	-357.205	-1239.8
20000	391	-353.395	351.003
20000	392	461.713	-228.293
20000	393	269.385	-241.062
20000	394	313.854	1685.11
20000	395	540.591	809.522
20000	396	40.0424	-358.413
20000	397	-162.93	-1578.44
20000	398	-597.939	-1684.89
20000	399	-475.384	-138.041
20000	400	37.4836	622.931
20000	401	1163.27	1804.75
20000	402	146.418	-225.165
20000	403	480.648	134.572
20000	404	151.049	1192.32
20000	405	-529.401	-608.068
20000	406	306.295	-399.788
20000	407	-323.316	-739.915
20000	408	-587.044	161.07
20000	409	200.992	-266.479
20000	410	-555.295	-15.417
20000	411	-612.235	-781.068
20000	412	-702.719	482.924
20000	413	386.978	-2446.63
20000	414	988.579	1162.51
20000	415	-178.699	893.814
20000	416	-788.034	-1985.34
20000	417	12.826	268.167
20000	418	415.341	-30.5131
20000	419	99.3626	-155.396
20000	420	-272.52	584.746
20000	421	200.503	695.872
20000	422	1362.11	-105.152
20000	423	78.3832	-740.215
20000	424	97.1406	2281.05
20000	425	873.052	-2155.02
20000	426	296.061	513.872
20000	427	361.373	1978.34
20000	428	-62.707	291.399
20000	429	-575.537	-132.821
20000	430	16.6736	67.009
20000	431	-500.022	201.541
20000	432	-744.444	653.175
20000	433	-665.075	705.147
20000	434	340.583	-1433.44
20000	435	-260.164	276.462
20000	436	-388.708	806.099
20000	437	351.792	567.564
20000	438	602.286	-1324.23
20000	439	156.645	476.478
20000	440	-606.872	-809.529
20000	441	-50.5765	300.707
20000	442	-278.623	549.759
20000	443	791.03	-880.423
20000	444	-119.425	-1199.64
20000	445	140.243	-501.83
20000	446	-957.02	728.237
20000	447	173.34	-1065.33
20000	448	25.2552	1202.62
20000	449	603.85	880.882
20000	450	991.366	-734.043
20000	451	-230.394	1016.92
20000	452	97.5802	512.047
20000	453	-453.976	-293.019
20000	454	297.208	-175.413
20000	455	1577.23	-725.165
20000	456	-657.21	652.896
20000	457	-511.404	956.565
20000	458	312.865	-169.897
20000	459	-346.605	530.927
20000	460	-243.64	-3397.75
20000	461	-313.717	-1156.19
20000	462	-346.667	307.473
20000	463	518.778	162.997
20000	464	-258.746	342.61
20000	465	323.174	-29.5395
20000	466	27.1185	177.063
20000	467	205.43	-105.792
20000	468	613.447	946.058
20000	469	-13.281	-122.997
20000	470	167.016	466.44
20000	471	-294.009	785.403
20000	472	18.5372	-1086.76
20000	473	-311.208	50.4039
20000	474	-736.394	-950.32
20000	475	94.0635	-1342.61
20000	476	-71.4871	-861.058
20000	477	241.3	465.212
20000	478	334.152	-128.611
20000	479	-312.27	-213.134
20000	480	-997.48	780.135
20000	481	82.1044	-76.2028
20000	482	-869.594	87.1688
20000	483	-685.266	-849.651
20000	484	-228.228	567.196
20000	485	-408.875	200.006
20000	486	-804.228	-983.465
20000	487	854.007	-734.405
20000	488	484.577	141.553
20000	489	383.629	95.7167
20000	490	-852.238	3248.72
20000	491	-45.5522	-324.765
20000	492	424.831	554.867
20000	493	284.158	1071.13
20000	494	-389.531	-1942.55
20000	495	-736.079	797.282
20000	496	106.3	840.643
20000	497	-214.163	-1286.51
20000	498	481.709	-356.322
20000	499	960.667	-2189.65
