2000	0	5.91061	3.38026	4.77502
2000	1	9.49488	0.528829	5.59577
2000	2	4.1687	1.29832	5.71307
2000	3	2.91854	4.96766	5.62079
2000	4	3.02962	1.12937	4.77251
2000	5	2.34928	3.41791	4.84948
2000	6	6.78324	4.00395	5.14884
2000	7	6.40869	2.82969	1.89856
2000	8	2.12547	2.97142	1.92082
2000	9	12.5784	0.763304	5.57253
2000	10	5.88863	4.40654	3.38973
2000	11	2.76872	2.78983	1.36589
2000	12	6.43466	0.202997	4.2287
2000	13	4.03872	3.15288	0.609575
2000	14	9.50678	4.21167	0.98994
2000	15	6.56708	4.0721	0.414668
2000	16	3.567	4.26331	1.1821
2000	17	4.06339	1.56887	2.14818
2000	18	5.73887	2.7794	5.46325
2000	19	3.80476	1.2032	5.16183
2000	20	3.06478	4.33191	2.3113
2000	21	3.60758	3.09353	4.46219
2000	22	6.33144	4.25487	2.18214
2000	23	5.14542	0.464106	4.87195
2000	24	3.79052	0.969055	1.38015
2000	25	2.91838	0.750445	0.692897
2000	26	3.63487	2.98173	1.12299
2000	27	4.17863	2.07278	5.36129
2000	28	4.23372	1.09771	2.31712
2000	29	4.84934	3.49467	2.27253
2000	30	5.11299	0.627665	3.45522
2000	31	2.70416	3.87826	1.70263
2000	32	4.9956	2.88327	3.76601
2000	33	6.43594	4.65844	5.45486
2000	34	7.44941	1.1334	0.460581
2000	35	2.67045	0.907573	1.17001
2000	36	4.19296	2.38924	2.93969
2000	37	5.05729	2.54162	5.4378
2000	38	2.21315	3.94043	3.30175
2000	39	7.10415	2.81978	4.41727
2000	40	1.68394	1.69382	0.723841
2000	41	0.725496	0.675802	5.2847
2000	42	2.76147	0.744473	2.52329
2000	43	3.94281	0.831749	3.55347
2000	44	4.25302	0.789726	4.07545
2000	45	12.6299	0.814952	3.37323
2000	46	5.72667	2.50936	3.94187
2000	47	3.29454	1.43083	0.0138737
2000	48	2.7203	0.206696	5.31594
2000	49	4.50765	0.810971	3.42968
2000	50	3.41926	2.46281	5.42808
2000	51	4.39021	1.96819	2.72201
2000	52	4.65895	0.0297515	0.0691803
2000	53	17.0333	3.18642	4.11793
2000	54	3.77464	4.86636	4.44692
2000	55	0.541043	2.52744	1.91387
2000	56	3.05327	1.3557	1.12528
2000	57	3.02854	4.92183	5.9593
2000	58	3.64013	1.79729	6.2078
2000	59	8.56465	0.64101	3.27606
2000	60	7.16515	4.53154	4.55433
2000	61	18.9591	4.1986	5.09802
2000	62	12.4396	3.35077	5.98237
2000	63	3.08641	3.17593	1.73716
2000	64	3.99731	3.3444	4.13825
2000	65	3.84456	1.64432	4.59865
2000	66	18.1499	0.00537259	1.40989
2000	67	11.7339	0.617607	3.72397
2000	68	10.654	2.16296	6.18454
2000	69	2.10159	0.141086	0.858128
2000	70	3.86501	1.1795	5.01123
2000	71	4.46951	0.874848	4.67733
2000	72	3.71555	0.782233	4.82124
2000	73	6.66305	2.62539	5.34337
2000	74	5.39491	4.83857	5.59203
2000	75	4.2991	4.4245	1.10939
2000	76	12.5109	0.115974	5.47327
2000	77	5.59744	2.2002	3.34824
2000	78	3.27214	4.29341	3.72786
2000	79	14.9211	3.02241	0.864678
2000	80	14.3395	1.61757	0.55998
2000	81	4.83523	4.61518	3.53595
2000	82	5.42637	1.96577	1.81486
2000	83	3.73871	3.76785	4.03414
2000	84	2.63498	0.697161	2.35373
2000	85	17.9353	0.745807	5.08721
2000	86	5.27156	1.91023	0.743533
2000	87	6.0035	3.9203	0.0982266
2000	88	2.45263	4.00179	0.683528
2000	89	3.86723	3.05575	5.79311
2000	90	2.00853	4.35701	5.20294
2000	91	2.57865	1.90745	2.71316
2000	92	3.08777	3.0384	0.279532
2000	93	5.5573	1.1332	2.60552
2000	94	6.15929	3.42228	2.99437
2000	95	4.58381	4.98465	0.138466
2000	96	3.51279	2.1753	0.135312
2000	97	4.80328	3.06526	4.93783
2000	98	4.75219	2.98548	4.56545
2000	99	2.6086	2.84504	0.950214
2000	100	14.5616	1.47031	4.05292
2000	101	2.59035	4.68599	4.52999
2000	102	4.22441	3.38099	1.9553
2000	103	4.98628	3.22654	6.04564
2000	104	18.6605	0.0329534	0.443382
2000	105	4.32129	4.80907	3.93197
2000	106	4.52848	0.330687	2.70457
2000	107	2.93374	4.55524	3.37269
2000	108	17.046	2.7035	2.11444
2000	109	11.4949	4.39901	1.0034
2000	110	10.2658	2.79335	5.56044
2000	111	9.44858	4.83057	0.157021
2000	112	3.53819	4.30328	5.25746
2000	113	3.015	3.94884	6.05721
2000	114	4.85685	2.38636	4.64313
2000	115	5.34017	0.526263	1.75145
2000	116	2.18747	4.87581	1.53945
2000	117	3.31243	1.70601	4.93366
2000	118	3.41355	0.649076	4.94039
2000	119	3.50411	3.91918	2.47042
2000	120	2.30594	2.87895	1.87424
2000	121	4.10826	1.26102	2.57545
2000	122	1.62332	1.7495	0.223874
2000	123	4.50545	3.31405	4.71339
2000	124	2.60015	4.52766	4.3638
2000	125	16.5045	3.20368	4.84303
2000	126	5.36089	4.02613	4.19587
2000	127	0.434197	3.65363	5.58199
2000	128	2.79315	3.61098	0.0836584
2000	129	1.8737	0.301155	1.80552
2000	130	4.24478	3.15501	4.254
2000	131	3.92732	2.13958	4.28027
2000	132	6.28809	0.0729457	0.227949
2000	133	19.3234	4.92473	2.78088
2000	134	3.54527	3.88511	4.94578
2000	135	9.97256	1.73855	1.90435
2000	136	3.8129	0.890251	1.52965
2000	137	2.68224	1.83623	4.21166
2000	138	2.4201	2.04068	3.58366
2000	139	13.4043	2.03916	0.536561
2000	140	3.24377	4.43665	2.49628
2000	141	2.30608	0.311702	3.74129
2000	142	3.66676	1.89742	3.97963
2000	143	3.41374	0.986692	4.65743
2000	144	5.15189	0.184314	0.0965617
2000	145	11.6701	0.949314	1.33024
2000	146	4.6045	1.68844	1.85882
2000	147	7.86156	1.39588	1.61883
2000	148	2.58441	0.241414	3.69735
2000	149	12.9646	0.36307	5.48139
2000	150	4.20441	2.28905	4.93211
2000	151	3.12295	2.10169	3.14279
2000	152	3.99296	3.35729	5.12563
2000	153	4.56942	4.80446	3.24816
2000	154	6.48939	0.99641	2.89089
2000	155	2.84292	3.55826	0.485747
2000	156	5.14959	2.83563	5.01171
2000	157	19.131	0.0391945	4.44041
2000	158	3.45715	0.382405	5.02147
2000	159	4.31628	2.57244	1.62875
2000	160	4.17009	1.42323	3.93259
2000	161	9.42592	2.23712	1.26469
2000	162	4.26841	1.58027	4.99026
2000	163	2.89467	2.00108	2.33757
2000	164	2.15853	4.55505	0.419827
2000	165	4.21812	3.446	3.30594
2000	166	2.53322	1.79939	5.69614
2000	167	3.41468	4.40201	1.90453
2000	168	3.6239	3.21019	3.04088
2000	169	2.9701	0.320647	2.43906
2000	170	6.19923	1.23786	5.19647
2000	171	5.0039	0.21674	4.81917
2000	172	4.48914	3.27852	5.49511
2000	173	2.93354	2.53639	3.81255
2000	174	4.30297	0.309883	4.51832
2000	175	3.82373	4.69263	3.5096
2000	176	4.5634	2.44872	2.3982
2000	177	4.66539	3.66308	1.72329
2000	178	5.05672	3.08609	0.363843
2000	179	3.88727	1.99605	2.52334
2000	180	4.89679	1.35257	4.14771
2000	181	5.78799	1.43502	1.61712
2000	182	2.56673	3.52605	3.70641
2000	183	2.54756	2.79539	4.92988
2000	184	7.18906	3.86468	5.55495
2000	185	6.00984	4.9437	4.69342
2000	186	3.41215	0.736776	1.81764
2000	187	15.0733	3.09922	5.9828
2000	188	3.19388	2.17849	3.75195
2000	189	5.52652	1.44427	3.88073
2000	190	5.08838	0.184146	0.966864
2000	191	3.09062	1.38073	4.29197
2000	192	7.02931	4.92405	6.17337
2000	193	4.35427	1.98737	5.03857
2000	194	3.99065	3.64736	1.23454
2000	195	4.80595	1.77717	1.05763
2000	196	8.76275	2.49946	0.798388
2000	197	19.3878	0.618248	6.0693
2000	198	4.09797	1.12385	3.0368
2000	199	4.22763	4.97359	0.170235
2000	200	4.40865	2.01268	2.38111
2000	201	4.26837	2.06045	4.65447
2000	202	13.1443	3.15166	1.88868
2000	203	17.148	0.138172	1.30305
2000	204	2.98704	1.41738	1.39937
2000	205	2.82956	4.56546	1.31361
2000	206	5.2637	0.75049	4.16998
2000	207	4.49142	4.36974	4.05031
2000	208	9.7764	4.09345	4.27373
2000	209	18.7627	3.71273	0.927867
2000	210	2.58676	4.97245	4.92514
2000	211	13.2285	2.73249	0.696128
2000	212	4.03104	2.24169	3.1499
2000	213	3.08595	0.22835	4.97674
2000	214	18.2651	3.56999	1.96418
2000	215	13.7023	3.79496	2.39147
2000	216	5.5586	1.61046	5.45306
2000	217	5.03919	1.33452	1.89459
2000	218	15.9243	0.264816	1.35802
2000	219	4.11681	2.41914	4.61256
2000	220	4.7697	4.40382	1.88721
2000	221	2.41273	4.83985	0.60571
2000	222	4.53113	2.85328	1.7544
2000	223	3.01564	1.30697	4.99565
2000	224	2.70563	4.99858	1.85923
2000	225	3.22813	3.88345	1.06891
2000	226	4.48406	0.0823499	3.17737
2000	227	4.45602	2.54714	3.68988
2000	228	1.36645	3.68379	4.38568
2000	229	3.233	2.21455	2.83314
2000	230	4.84803	1.2959	6.05996
2000	231	16.8528	2.72779	5.61222
2000	232	19.0686	3.82551	1.84193
2000	233	5.15143	0.688544	1.51194
2000	234	5.01168	0.580113	5.02435
2000	235	6.90647	3.86312	3.06561
2000	236	3.79867	1.083	3.29009
2000	237	6.49421	4.80674	2.72589
2000	238	0.214507	1.12284	2.35607
2000	239	18.1766	0.09287	5.78643
2000	240	3.10851	0.0692992	3.48699
2000	241	3.9182	2.5173	5.19752
2000	242	6.78141	3.95582	1.57931
2000	243	7.36682	2.4983	5.56075
2000	244	2.67823	0.194344	1.54419
2000	245	5.73502	0.272602	2.73058
2000	246	4.07452	1.51578	3.01499
2000	247	6.39965	4.9891	3.64753
2000	248	7.66221	4.99167	2.50909
2000	249	2.03005	0.0401324	0.848562
2000	250	8.113	1.31062	5.83543
2000	251	4.27621	1.15074	5.28037
2000	252	3.42469	4.00374	2.03777
2000	253	5.46709	0.0492691	1.64336
2000	254	2.8237	3.93661	0.847376
2000	255	16.9546	1.67847	0.011629
2000	256	3.33753	0.779345	3.4274
2000	257	4.95081	0.457407	2.49287
2000	258	16.86	4.76333	4.76133
2000	259	3.98208	3.11705	3.74847
2000	260	3.27855	2.68123	3.43915
2000	261	1.93944	1.93919	2.29623
2000	262	14.3248	1.08223	2.84219
2000	263	6.47915	4.15603	4.86174
2000	264	7.65784	0.748216	5.37639
2000	265	5.74299	1.95681	2.54548
2000	266	2.52992	0.479562	5.95466
2000	267	6.74529	2.13363	3.67873
2000	268	5.20286	0.454504	2.06441
2000	269	4.53366	4.67091	2.08187
2000	270	3.72884	0.505099	3.89453
2000	271	7.75325	2.73418	3.94609
2000	272	3.99103	0.0595112	4.16936
2000	273	5.11746	1.23921	2.91759
2000	274	19.7675	3.6988	4.95284
2000	275	4.32633	3.85945	1.96607
2000	276	5.6648	2.44076	3.70959
2000	277	4.08738	3.35626	0.508766
2000	278	3.55178	3.65435	3.22013
2000	279	6.71168	1.43667	5.14748
2000	280	3.3929	3.75195	2.28106
2000	281	3.04645	1.3869	0.996752
2000	282	4.09874	2.73266	1.55583
2000	283	1.31442	1.50053	3.7712
2000	284	2.80039	2.66136	5.56671
2000	285	7.31365	0.949326	5.69544
2000	286	4.91718	0.915078	3.13835
2000	287	3.00783	1.86184	4.17278
2000	288	5.23876	2.62972	2.42842
2000	289	19.3754	1.38516	4.45844
2000	290	4.43086	2.87837	2.47603
2000	291	11.3665	1.45288	1.6318
2000	292	3.47456	0.950197	4.9986
2000	293	1.78697	2.65692	1.58143
2000	294	4.77069	1.32047	0.0877794
2000	295	5.29769	4.14931	4.34711
2000	296	3.84465	1.49086	4.57491
2000	297	16.9524	3.48566	4.13695
2000	298	3.20374	1.13458	1.10067
2000	299	6.55398	2.92554	1.53387
2000	300	2.82235	2.8982	6.1627
2000	301	4.79456	2.52887	1.02366
2000	302	6.91198	4.90217	2.49678
2000	303	4.13427	4.07729	1.47586
2000	304	3.20377	1.25711	3.9134
2000	305	3.49404	1.43943	6.08931
2000	306	4.54517	2.18684	3.11623
2000	307	17.4847	0.967129	5.70689
2000	308	16.6681	1.30903	1.85598
2000	309	3.54785	4.55387	3.93577
2000	310	3.05572	2.99578	4.67807
2000	311	4.62642	4.98897	5.56158
2000	312	2.05499	1.63805	1.28581
2000	313	2.87454	0.919416	0.290184
2000	314	5.14951	0.0646965	3.47001
2000	315	16.0483	0.168777	6.07934
2000	316	5.34079	2.63292	5.08466
2000	317	5.09517	1.94012	0.122735
2000	318	1.54417	1.0859	3.86718
2000	319	4.4748	0.954768	6.12068
2000	320	2.22839	1.6579	1.16202
2000	321	3.40122	4.71039	2.1966
2000	322	5.72401	4.93727	1.65334
2000	323	5.21339	3.12326	4.81805
2000	324	2.34799	2.32379	1.81052
2000	325	6.49046	3.87416	2.87854
2000	326	3.70158	3.39515	2.93615
2000	327	2.76409	1.49368	1.09904
2000	328	8.53368	2.22944	5.75122
2000	329	5.76019	4.76508	2.89878
2000	330	2.78648	3.75733	4.07265
2000	331	4.7322	3.10858	2.49138
2000	332	4.38512	2.96778	1.55197
2000	333	11.5346	2.29479	5.85248
2000	334	10.304	1.97013	3.25626
2000	335	4.47474	3.92284	0.513502
2000	336	6.91834	1.75961	2.67372
2000	337	5.17374	4.53362	3.60939
2000	338	15.4962	3.90803	3.72455
2000	339	5.95348	0.869351	4.18902
2000	340	4.49576	4.47033	0.795343
2000	341	5.5571	3.98035	0.180075
2000	342	2.78582	0.238681	1.29131
2000	343	3.0592	4.59581	3.05376
2000	344	5.85205	3.53109	4.71811
2000	345	2.1674	0.933877	3.20625
2000	346	2.42011	2.16436	4.0593
2000	347	4.40451	4.24774	2.5309
2000	348	3.40028	3.36099	3.95988
2000	349	5.46256	3.07924	2.04194
2000	350	19.8281	0.422801	2.67295
2000	351	3.78846	4.27336	1.50184
2000	352	14.3493	2.51881	4.90835
2000	353	8.91785	0.708553	3.76183
2000	354	2.39431	1.22053	5.63635
2000	355	5.74758	3.12509	4.43101
2000	356	7.94201	3.25047	3.99573
2000	357	3.11167	0.702928	4.07278
2000	358	2.16188	3.49252	5.74585
2000	359	2.8319	4.14916	2.36945
2000	360	4.08263	3.62829	4.80636
2000	361	4.50141	4.58475	5.41535
2000	362	4.85557	0.166219	5.33147
2000	363	18.724	1.82023	1.14329
2000	364	1.88138	4.01896	1.62285
2000	365	2.22319	0.654157	2.32933
2000	366	2.01357	4.23648	2.95111
2000	367	4.54712	1.20073	2.09425
2000	368	17.9368	3.56251	4.89011
2000	369	5.20531	1.53871	0.966458
2000	370	9.48025	1.90913	2.98172
2000	371	4.21784	3.65623	3.88738
2000	372	4.24682	2.37175	3.10471
2000	373	3.70958	1.91564	2.45334
2000	374	3.06846	2.26715	5.79473
2000	375	5.40328	2.28474	2.36286
2000	376	18.8413	2.87946	0.0999988
2000	377	4.57745	4.00914	0.461494
2000	378	19.7419	1.26865	5.84208
2000	379	4.81444	3.88769	5.43977
2000	380	3.28528	0.550752	5.52923
2000	381	4.8964	2.39708	1.30339
2000	382	4.35979	3.97557	4.88769
2000	383	2.45545	3.35909	0.895337
2000	384	2.52203	2.86796	2.92958
2000	385	2.54205	2.3949	5.2285
2000	386	1.75855	0.86097	2.6035
2000	387	2.6986	3.85802	5.70661
2000	388	4.72719	2.59228	0.0454128
2000	389	4.56134	0.878054	2.75273
2000	390	6.24053	2.75857	3.81239
2000	391	4.19288	4.75036	5.8574
2000	392	3.84473	1.7505	0.0527968
2000	393	4.92935	0.675863	2.22201
2000	394	2.71757	4.50932	2.61446
2000	395	6.45208	1.14071	1.45281
2000	396	6.28837	0.175185	4.30931
2000	397	3.47951	0.29963	2.51468
2000	398	6.15129	4.02185	1.34275
2000	399	4.7019	4.63914	3.91981
2000	400	2.81809	4.72064	4.69058
2000	401	6.68284	0.0399422	4.05807
2000	402	3.56955	0.260699	3.0956
2000	403	12.9145	3.40976	5.23328
2000	404	3.26253	2.311	2.19103
2000	405	12.0079	1.52076	0.225838
2000	406	4.10497	4.07995	4.15671
2000	407	2.88121	0.681456	1.74875
2000	408	2.92762	2.14658	0.213389
2000	409	18.4832	2.00716	5.41802
2000	410	3.14679	4.17928	2.45295
2000	411	6.61977	3.56524	5.80933
2000	412	2.71462	2.75896	5.47584
2000	413	4.70655	3.63801	6.03781
2000	414	4.97869	2.71921	6.20814
2000	415	19.8676	2.07603	3.81955
2000	416	2.59645	2.91423	1.16875
2000	417	2.14872	1.4364	4.34628
2000	418	3.48926	0.296168	5.16215
2000	419	6.6997	0.809009	0.156439
2000	420	4.57128	3.94297	2.87626
2000	421	6.97628	3.36394	0.609925
2000	422	3.80811	3.03577	3.47375
2000	423	14.1546	4.67745	4.19427
2000	424	4.45915	2.12753	0.651826
2000	425	3.50545	3.81734	4.56307
2000	426	3.66594	2.2026	0.760181
2000	427	8.23538	0.664353	3.2576
2000	428	7.63162	1.44921	2.7436
2000	429	5.96083	0.609307	1.86673
2000	430	4.90877	3.33977	2.25387
2000	431	6.37817	3.13106	0.140008
2000	432	3.44407	4.17825	4.58017
2000	433	4.60132	4.02039	2.98762
2000	434	4.03315	1.45937	2.45727
2000	435	3.73037	3.42916	5.1767
2000	436	3.96472	4.5016	1.98547
2000	437	4.21301	2.3244	5.91717
2000	438	7.39584	1.04061	3.79273
2000	439	3.13694	1.43912	1.7348
2000	440	12.9215	0.781315	5.91933
2000	441	4.0069	1.50574	2.39189
2000	442	8.68062	4.06755	4.48777
2000	443	5.10195	0.528021	2.73298
2000	444	12.5282	1.74212	5.83351
2000	445	3.14789	4.51537	1.33601
2000	446	2.28551	0.257119	0.862486
2000	447	3.90935	4.87025	4.31018
2000	448	7.56682	3.14576	0.831255
2000	449	2.31992	0.969132	4.16074
2000	450	5.31888	3.37992	1.94695
2000	451	5.90712	1.35581	1.02808
2000	452	5.51033	1.68732	5.67657
2000	453	0.428495	3.39732	3.89007
2000	454	4.73153	0.976642	2.02786
2000	455	3.6338	3.3167	0.798076
2000	456	5.50685	1.16675	0.547366
2000	457	6.34156	3.20494	3.76692
2000	458	13.9897	3.25732	0.492367
2000	459	3.49588	2.79676	3.04848
2000	460	10.9767	1.41149	0.0163337
2000	461	2.89465	4.78882	4.16722
2000	462	3.43711	0.473662	0.838162
2000	463	6.38608	3.6157	1.54848
2000	464	10.1919	0.00902384	2.70871
2000	465	2.86288	3.99714	0.210583
2000	466	5.64703	2.4836	0.267317
2000	467	3.15932	2.91494	5.40982
2000	468	9.88895	2.72412	5.65971
2000	469	2.9721	3.48421	4.48875
2000	470	10.1947	4.59235	4.90274
2000	471	4.78936	2.89099	2.90986
2000	472	5.73892	0.809181	4.8589
2000	473	5.16463	0.896115	3.00084
2000	474	5.03845	1.4589	4.35359
2000	475	2.66224	1.9531	0.276125
2000	476	3.0949	3.115	2.88556
2000	477	5.8348	0.838846	5.57765
2000	478	4.16657	0.591727	0.342647
2000	479	4.89802	3.71429	5.0997
2000	480	4.32384	4.38909	6.11504
2000	481	5.18159	2.94985	2.64071
2000	482	3.26444	0.134575	0.660914
2000	483	6.30197	2.61481	2.1885
2000	484	3.98828	3.70791	5.17138
2000	485	8.51623	2.83117	6.0924
2000	486	3.05299	4.75469	1.73353
2000	487	2.82419	2.26634	4.33634
2000	488	4.78503	2.28414	4.67179
2000	489	2.79017	4.73599	3.09427
2000	490	3.05142	1.81506	6.17031
2000	491	5.1604	1.34231	4.16419
2000	492	4.22719	2.38453	1.55094
2000	493	5.53912	2.88312	4.92563
2000	494	9.66606	3.85852	5.47587
2000	495	1.81921	2.36224	1.67071
2000	496	3.36698	1.23968	0.749895
2000	497	9.86288	1.82585	0.399799
2000	498	5.87276	0.123719	4.26704
2000	499	3.01868	0.825629	4.69806
4000	0	3.69587	3.0402	2.60598
4000	1	8.20039	2.74008	0.137566
4000	2	4.99317	3.42339	5.68405
4000	3	5.1234	1.49799	2.62578
4000	4	5.57204	0.39663	5.29
4000	5	18.335	3.45135	4.70316
4000	6	6.10002	0.665473	2.83448
4000	7	5.60135	2.46458	5.01115
4000	8	4.86211	4.08439	0.547512
4000	9	5.14567	2.21709	0.600171
4000	10	2.15406	2.653	0.748866
4000	11	5.11642	3.98047	3.27773
4000	12	13.8657	4.45721	5.00125
4000	13	2.87602	2.64514	1.59107
4000	14	3.90153	1.54207	6.13992
4000	15	0.572603	4.02866	2.08242
4000	16	4.49746	1.99232	5.70274
4000	17	3.21709	3.88717	3.88373
4000	18	2.57725	4.25741	2.18173
4000	19	3.94007	0.0504845	3.44708
4000	20	1.17615	1.72168	3.4558
4000	21	5.20235	1.98715	0.998719
4000	22	2.70177	1.68306	5.14666
4000	23	11.7469	2.61093	5.94605
4000	24	14.2934	0.736488	0.0255534
4000	25	3.25862	3.12147	2.01402
4000	26	19.557	1.1538	5.98154
4000	27	6.66533	1.73718	3.61756
4000	28	8.36196	1.5896	3.63749
4000	29	7.41743	0.818239	2.44461
4000	30	3.20386	0.703023	5.54049
4000	31	2.7909	3.46918	5.03091
4000	32	3.06813	0.0538013	1.47906
4000	33	3.487	4.30653	3.13436
4000	34	5.80859	3.17441	0.537823
4000	35	3.34066	1.51754	5.22563
4000	36	7.10709	2.55527	1.3369
4000	37	4.87458	2.24175	1.33936
4000	38	17.3671	4.49657	2.48308
4000	39	5.03938	0.47157	1.11257
4000	40	2.41904	0.776509	5.80495
4000	41	5.41846	4.36118	3.90806
4000	42	3.98359	4.8962	0.443535
4000	43	2.75431	4.80102	1.0877
4000	44	4.81483	2.63502	4.68247
4000	45	4.31485	0.816915	5.75105
4000	46	4.75665	0.238188	6.1548
4000	47	5.57452	0.574161	5.58254
4000	48	3.37532	2.83816	1.81236
4000	49	9.21263	3.26012	5.17286
4000	50	3.40853	2.46437	0.252878
4000	51	4.40518	2.98967	5.89877
4000	52	3.0437	4.70642	0.702324
4000	53	6.31056	4.1973	4.34091
4000	54	4.89613	2.47286	3.59137
4000	55	3.292	0.0498388	5.09781
4000	56	2.55918	3.20922	5.05516
4000	57	0.893052	1.78302	5.71119
4000	58	5.29874	1.14068	2.72383
4000	59	6.75907	1.40233	6.07209
4000	60	5.2342	0.928713	2.79778
4000	61	3.46416	1.46526	3.53886
4000	62	3.46863	3.01409	6.17625
4000	63	11.3435	4.06167	6.07792
4000	64	4.75834	0.75519	0.746988
4000	65	2.92554	3.27555	0.661361
4000	66	4.94305	1.45266	5.98334
4000	67	4.37622	1.07819	2.94538
4000	68	4.46931	3.42008	1.17429
4000	69	8.95578	0.89787	4.19359
4000	70	3.9502	1.88815	4.82909
4000	71	3.35128	3.10284	5.4698
4000	72	2.43619	1.78841	3.59598
4000	73	3.37323	1.33467	4.25119
4000	74	6.11762	4.25837	0.629354
4000	75	4.89825	3.91882	2.87779
4000	76	1.13742	4.27596	0.564656
4000	77	3.72775	4.83933	0.962089
4000	78	2.4298	4.07573	2.78898
4000	79	2.77852	2.28379	4.76375
4000	80	1.8402	3.8119	5.97122
4000	81	16.0546	0.82409	1.50115
4000	82	4.48029	0.0518186	4.55418
4000	83	5.64655	2.2329	4.97586
4000	84	4.28865	0.094638	2.76972
4000	85	2.97084	2.02603	2.60907
4000	86	3.96009	1.08755	6.18599
4000	87	5.06423	1.07341	2.44937
4000	88	2.86601	1.17454	1.06352
4000	89	3.80858	0.514397	5.69427
4000	90	7.38417	4.21438	0.0237182
4000	91	3.64307	3.69592	5.11043
4000	92	4.74617	3.97875	4.09908
4000	93	9.05167	0.0376948	2.21853
4000	94	2.92793	1.41422	4.11011
4000	95	13.5671	4.72243	1.73149
4000	96	3.08974	4.32275	0.120805
4000	97	6.18424	2.31437	1.15036
4000	98	5.54305	2.28943	2.1088
4000	99	14.9391	3.5409	1.21192
4000	100	5.00428	3.08059	1.91604
4000	101	4.65466	4.12692	2.39329
4000	102	13.9937	4.80735	1.00574
4000	103	4.93251	3.91259	0.306639
4000	104	7.82527	2.60167	0.435478
4000	105	6.09197	4.64313	4.0853
4000	106	17.7707	0.331964	3.28983
4000	107	3.23826	1.26375	4.44854
4000	108	3.09437	2.57184	3.83653
4000	109	2.7203	2.37311	1.5271
4000	110	2.60396	0.454156	0.117262
4000	111	5.8424	2.42629	1.38278
4000	112	18.1382	3.29062	5.57354
4000	113	8.37503	0.169704	2.33892
4000	114	4.64471	4.28365	5.09213
4000	115	4.51461	1.53804	5.40589
4000	116	8.83873	4.38392	3.81461
4000	117	4.23519	0.294375	4.12537
4000	118	3.09266	2.74366	1.46748
4000	119	4.8498	1.43715	0.922708
4000	120	2.85045	2.84643	2.28807
4000	121	3.6081	0.436512	1.12909
4000	122	4.51322	1.56722	0.932268
4000	123	3.83315	3.44912	1.6319
4000	124	4.33222	2.12611	2.90148
4000	125	4.9357	2.41268	0.295458
4000	126	2.68359	2.53957	4.21055
4000	127	3.69173	0.790448	2.33434
4000	128	3.11377	2.90841	4.7151
4000	129	5.66133	4.53573	0.315057
4000	130	3.72477	4.66675	2.29247
4000	131	10.7689	4.26226	0.96762
4000	132	5.97779	4.01911	4.81531
4000	133	5.78899	2.55845	4.53001
4000	134	4.47164	2.42772	2.55216
4000	135	4.2961	2.03321	1.00258
4000	136	3.84871	3.37247	2.65202
4000	137	4.30214	2.20093	0.59885
4000	138	3.19543	1.85564	4.11681
4000	139	3.16807	1.09192	4.23236
4000	140	5.12357	0.01576	1.85048
4000	141	3.5005	1.9656	2.10277
4000	142	2.76104	0.598434	4.25
4000	143	5.55761	1.41225	1.29778
4000	144	13.5294	0.29996	2.93007
4000	145	4.04115	0.00488261	5.63969
4000	146	8.543	1.68	5.30921
4000	147	6.77665	0.12111	6.1653
4000	148	2.38454	4.62189	2.37725
4000	149	4.17484	2.95558	4.65922
4000	150	2.33735	0.224774	2.56922
4000	151	4.05707	3.98972	0.172617
4000	152	10.4017	4.05472	3.13426
4000	153	3.42911	3.78671	3.95666
4000	154	5.96602	4.35052	3.42608
4000	155	3.73359	0.679544	5.91792
4000	156	5.07177	0.769546	3.22888
4000	157	7.03564	1.83034	3.9769
4000	158	6.72065	1.69379	5.33516
4000	159	2.4122	1.1324	3.90315
4000	160	9.78131	0.151897	5.28294
4000	161	6.00153	1.34604	3.64597
4000	162	8.5438	0.640636	1.54756
4000	163	3.87518	0.794216	6.23154
4000	164	16.1322	1.12542	3.19796
4000	165	2.76639	4.89516	5.51714
4000	166	4.22617	4.77325	5.64582
4000	167	14.3435	4.26949	1.7692
4000	168	2.48133	1.38312	5.70837
4000	169	3.13142	2.17911	5.25381
4000	170	4.90326	3.84058	4.88341
4000	171	3.6329	0.739287	3.35869
4000	172	2.18949	4.10546	1.82407
4000	173	4.67591	3.47769	4.48976
4000	174	4.9809	4.43797	0.981068
4000	175	3.26385	2.73706	1.4685
4000	176	2.84492	1.36663	5.14136
4000	177	14.397	0.954537	3.80159
4000	178	3.85641	0.753066	2.9096
4000	179	2.41299	4.00881	0.797316
4000	180	4.16061	2.50124	3.04963
4000	181	19.7327	0.646503	1.94056
4000	182	2.40077	3.65718	5.03811
4000	183	0.197036	4.58981	3.68955
4000	184	3.85873	1.29095	5.77269
4000	185	5.42081	1.02648	3.69293
4000	186	2.47937	0.868885	2.67331
4000	187	4.19514	2.13521	2.91469
4000	188	4.04245	0.995651	2.48329
4000	189	4.23704	3.76273	6.16715
4000	190	3.33327	2.24194	4.00098
4000	191	4.87523	4.71473	5.8536
4000	192	15.0616	3.85936	4.58952
4000	193	19.2827	3.297	5.77489
4000	194	7.06463	2.87473	1.2537
4000	195	0.288577	2.49984	0.539687
4000	196	3.33109	0.304608	3.076
4000	197	6.27649	1.99806	5.10894
4000	198	4.80094	0.377402	2.79552
4000	199	6.98889	3.46048	3.83749
4000	200	4.56635	3.95122	3.70406
4000	201	4.52235	4.40708	4.24023
4000	202	6.34195	4.08463	5.85661
4000	203	5.97538	4.75474	4.36058
4000	204	2.78167	2.63573	1.30209
4000	205	6.27667	2.06621	0.0730182
4000	206	2.32969	0.18428	4.67744
4000	207	4.53556	1.79908	2.45749
4000	208	10.2684	0.0425655	6.0329
4000	209	2.61894	1.90908	4.70815
4000	210	4.61039	1.14416	1.19551
4000	211	4.28081	3.0119	1.6526
4000	212	7.18979	1.31001	6.12478
4000	213	5.72689	4.4255	6.23957
4000	214	5.3892	0.128441	0.643922
4000	215	5.62884	2.93972	1.09422
4000	216	2.17267	1.53149	3.92046
4000	217	3.80399	3.65029	2.04708
4000	218	6.22663	0.153441	3.40722
4000	219	3.19797	4.98484	2.0157
4000	220	4.991	3.94674	2.18165
4000	221	6.84426	4.46572	5.03675
4000	222	5.66872	2.76712	3.48991
4000	223	5.00103	3.54954	2.94917
4000	224	11.8674	0.505116	1.52815
4000	225	5.88723	1.70256	3.97566
4000	226	17.9466	4.3551	3.85163
4000	227	5.41971	3.79492	0.987051
4000	228	7.57431	3.71061	1.02031
4000	229	4.59901	4.86553	0.463016
4000	230	13.8145	1.13541	2.68801
4000	231	2.38192	1.89876	1.78156
4000	232	4.86536	0.614969	0.577285
4000	233	12.3843	1.39602	1.4878
4000	234	13.8141	0.625449	2.72058
4000	235	3.22302	3.10905	4.83373
4000	236	3.22467	2.29632	0.415861
4000	237	3.24115	0.950191	2.66718
4000	238	3.58842	0.784635	6.11986
4000	239	3.77872	1.32618	2.45768
4000	240	4.89958	3.7225	3.50173
4000	241	4.1403	3.26342	3.31418
4000	242	16.5256	4.71109	2.73574
4000	243	1.21833	1.12907	4.13429
4000	244	4.25978	4.60378	1.33486
4000	245	2.89843	4.2978	0.262932
4000	246	5.48255	4.74666	3.3463
4000	247	5.80057	3.67191	0.326964
4000	248	2.43659	2.34203	5.18267
4000	249	6.5	2.86729	1.08803
4000	250	4.31467	2.60424	3.28741
4000	251	5.39848	0.307596	3.5185
4000	252	2.8517	1.56075	0.811547
4000	253	5.01849	4.57672	1.15186
4000	254	8.43659	4.34735	2.65716
4000	255	3.94348	1.02798	1.7907
4000	256	3.2502	3.10144	2.53387
4000	257	2.15866	2.87881	3.14794
4000	258	4.03386	1.82052	2.13017
4000	259	2.71145	4.15711	2.36234
4000	260	5.08909	1.58905	0.0187011
4000	261	8.33397	4.5458	2.58434
4000	262	2.83913	2.99663	3.8729
4000	263	4.47459	0.186484	3.45425
4000	264	2.80922	0.488772	1.95441
4000	265	2.39691	4.64693	3.91175
4000	266	15.8344	1.75721	4.0334
4000	267	2.16196	1.56328	3.65686
4000	268	2.22636	4.76121	2.25674
4000	269	4.15442	4.56161	0.729999
4000	270	2.97445	2.31969	5.54264
4000	271	3.54138	0.979758	1.26215
4000	272	2.74378	4.37846	4.69187
4000	273	3.27979	4.02248	5.36847
4000	274	3.08428	4.86032	1.6101
4000	275	5.09482	1.82154	1.85859
4000	276	2.65362	0.657222	1.738
4000	277	3.24026	2.00578	6.2346
4000	278	3.15468	0.0681333	2.46867
4000	279	4.84149	1.65396	2.26743
4000	280	7.64601	3.34625	3.9544
4000	281	4.46333	4.70397	0.975736
4000	282	3.68886	0.219284	3.25712
4000	283	3.12564	4.67518	0.421126
4000	284	4.52943	2.61174	5.42786
4000	285	3.08633	1.90008	2.4903
4000	286	4.0531	1.30318	5.44212
4000	287	2.4986	3.79753	0.117544
4000	288	7.51083	2.10302	5.33664
4000	289	3.85236	4.84913	3.23813
4000	290	16.7098	3.33934	0.728193
4000	291	6.11869	3.4301	4.121
4000	292	16.1457	4.06225	1.21512
4000	293	4.65853	4.52413	2.43419
4000	294	2.36177	0.532442	5.21006
4000	295	5.26774	2.83198	2.18654
4000	296	4.18308	3.1181	1.65138
4000	297	7.27272	1.27995	5.57925
4000	298	2.454	4.73844	1.51114
4000	299	2.30686	2.68644	4.4802
4000	300	3.46974	1.72825	1.12845
4000	301	8.91179	3.56898	0.0420024
4000	302	5.62752	4.90964	1.57355
4000	303	3.69996	1.58904	1.43966
4000	304	10.6376	2.08716	3.49917
4000	305	2.93741	1.35366	4.84597
4000	306	4.75192	4.36723	3.63129
4000	307	5.28942	0.752492	0.874503
4000	308	5.39431	3.2537	3.14478
4000	309	5.79644	2.6569	1.55596
4000	310	3.77647	4.84298	5.6962
4000	311	3.33662	2.33672	0.819582
4000	312	4.88505	4.19897	6.17156
4000	313	4.08219	0.89975	0.990163
4000	314	3.0882	3.64726	4.36903
4000	315	3.20038	3.3008	1.8784
4000	316	3.32436	0.532075	3.60283
4000	317	3.19552	3.09341	4.95958
4000	318	4.32278	3.76011	4.87008
4000	319	3.71259	3.69241	4.00648
4000	320	4.72298	3.7361	0.848272
4000	321	4.69829	0.041202	1.21836
4000	322	2.73572	3.40783	2.57343
4000	323	4.53772	0.23023	2.5511
4000	324	16.9546	0.196393	0.428003
4000	325	2.58481	0.817323	0.78235
4000	326	4.79574	3.88776	0.704821
4000	327	3.79381	1.72842	5.04836
4000	328	12.3172	1.33828	5.92301
4000	329	6.08628	4.42333	1.60045
4000	330	2.83256	0.417331	1.15966
4000	331	2.21884	3.01636	2.2197
4000	332	2.56673	0.607258	0.727413
4000	333	15.8534	4.74974	3.0079
4000	334	2.0763	1.57315	5.00747
4000	335	11.4272	0.17313	2.7494
4000	336	2.21294	2.54804	2.57913
4000	337	6.02121	1.87206	3.52994
4000	338	9.73219	2.9292	4.20344
4000	339	2.03627	3.38872	5.73734
4000	340	2.64949	3.21537	5.32525
4000	341	12.7461	1.62766	4.85949
4000	342	2.24295	2.65367	4.26637
4000	343	3.30515	3.93882	3.75042
4000	344	8.90483	1.0375	5.67358
4000	345	6.2543	1.08543	3.67422
4000	346	5.91987	3.04914	5.46638
4000	347	5.25588	3.19177	3.10143
4000	348	3.03465	3.21791	3.14287
4000	349	3.71736	0.807284	4.15345
4000	350	7.99995	2.99259	2.44356
4000	351	1.89636	1.9455	5.67094
4000	352	19.7546	1.00149	1.60392
4000	353	5.30779	1.20338	5.54182
4000	354	17.3188	4.56239	0.402136
4000	355	3.53963	3.58419	0.577224
4000	356	4.56274	3.68248	4.02743
4000	357	10.462	1.68733	0.498714
4000	358	5.33954	1.54312	2.50141
4000	359	5.77881	4.54011	0.419043
4000	360	5.60824	4.38121	0.908894
4000	361	17.9503	1.82563	0.243898
4000	362	5.40253	4.25981	4.64808
4000	363	4.30395	4.70286	1.72624
4000	364	2.53878	0.0150464	0.87636
4000	365	4.7475	3.10398	2.91132
4000	366	2.17188	4.84954	6.12237
4000	367	5.3748	1.70772	4.78106
4000	368	19.4545	1.52366	2.25056
4000	369	3.15488	3.39043	1.307
4000	370	6.22166	0.65724	5.97331
4000	371	14.3616	0.177616	4.76273
4000	372	5.01444	4.74883	5.63741
4000	373	1.6838	3.75839	1.99038
4000	374	3.24474	3.47652	4.43989
4000	375	2.00411	1.95899	1.18698
4000	376	3.71891	4.70044	3.18427
4000	377	4.87386	0.619681	1.23942
4000	378	8.20417	4.49235	1.32051
4000	379	4.16017	2.56136	5.27475
4000	380	5.97655	3.56664	0.9584
4000	381	2.65329	3.5198	1.5785
4000	382	4.99872	2.8698	0.802362
4000	383	7.67602	4.84041	6.25562
4000	384	2.39413	4.75488	3.84278
4000	385	4.92875	1.51137	5.98366
4000	386	4.53328	1.45772	2.95068
4000	387	4.11244	3.05425	2.7462
4000	388	3.20096	4.02967	0.0256432
4000	389	2.58275	0.0417723	1.40702
4000	390	4.5972	3.04691	4.40835
4000	391	6.08433	2.18256	5.27585
4000	392	19.3689	4.01978	3.34537
4000	393	2.6564	4.34258	2.92057
4000	394	6.11968	3.98717	3.90077
4000	395	3.30138	4.02947	2.24379
4000	396	5.63184	3.52391	5.27179
4000	397	3.79008	4.65516	0.529809
4000	398	5.50056	3.29985	2.75484
4000	399	4.91868	2.08569	1.82557
4000	400	4.05461	4.43371	5.21786
4000	401	2.43531	3.46683	5.77027
4000	402	4.54672	0.207167	2.11247
4000	403	3.31238	3.28789	2.70948
4000	404	2.12983	4.91487	4.79338
4000	405	5.62455	3.21282	2.43981
4000	406	19.9842	2.09081	3.93005
4000	407	3.30723	1.80452	2.05288
4000	408	17.2586	1.1538	4.93321
4000	409	5.46396	0.726786	4.12205
4000	410	3.93477	2.94368	4.56748
4000	411	2.40489	2.48865	3.2362
4000	412	2.72177	1.93569	6.21543
4000	413	17.2412	3.21308	2.64875
4000	414	1.41732	1.98536	5.08056
4000	415	3.85468	1.7318	0.861064
4000	416	4.18002	1.61283	1.8015
4000	417	2.6907	4.79931	4.38737
4000	418	4.73289	0.710197	2.72744
4000	419	2.92379	4.67321	0.135569
4000	420	4.77595	2.68311	2.41618
4000	421	2.55728	0.366767	3.52544
4000	422	5.18172	0.977152	1.77925
4000	423	4.61929	4.07617	5.52637
4000	424	8.63301	4.31155	0.395009
4000	425	12.1622	0.0256633	1.2103
4000	426	3.42896	2.45804	0.593883
4000	427	1.5114	0.223953	3.71757
4000	428	2.11548	3.24556	1.75541
4000	429	3.04151	2.88983	0.459241
4000	430	10.8603	1.78206	1.36399
4000	431	5.65879	1.88864	2.84977
4000	432	4.88819	3.7451	0.772297
4000	433	1.40314	3.61034	3.75044
4000	434	3.40652	1.17336	5.33355
4000	435	8.82069	0.978726	1.07733
4000	436	2.95515	4.1348	4.56853
4000	437	5.8989	2.8995	1.7623
4000	438	5.12674	3.03062	6.1562
4000	439	4.91496	2.73493	1.09291
4000	440	3.71964	2.02821	3.09893
4000	441	15.2669	2.29186	3.46457
4000	442	13.0327	0.833449	5.31208
4000	443	2.43126	3.9962	0.960212
4000	444	7.05765	2.33115	1.93117
4000	445	4.77546	0.967389	5.09578
4000	446	4.17693	2.72965	3.78477
4000	447	3.9871	4.81866	2.18922
4000	448	3.09926	3.94191	3.55906
4000	449	4.78908	2.43383	1.7052
4000	450	3.73059	1.30565	0.620241
4000	451	15.0674	3.44726	0.258345
4000	452	5.79002	2.97404	4.79544
4000	453	6.51783	1.28992	1.94673
4000	454	4.80959	3.41965	0.0886238
4000	455	5.37456	2.97393	1.1555
4000	456	4.53067	3.32651	4.40591
4000	457	4.67885	1.71501	0.766251
4000	458	5.26594	0.69481	1.52348
4000	459	2.73024	0.758809	5.36189
4000	460	2.12832	0.429035	0.681507
4000	461	8.78171	0.729899	4.09636
4000	462	4.99111	1.91612	4.27774
4000	463	2.49605	2.87943	4.61164
4000	464	5.83559	4.14625	5.48794
4000	465	4.7581	4.27744	6.21651
4000	466	5.01819	2.21157	2.66542
4000	467	17.3599	0.702581	0.319618
4000	468	6.65622	3.61192	5.63572
4000	469	6.86717	3.35379	5.6186
4000	470	4.1908	0.990741	5.36032
4000	471	3.1396	4.68313	0.143929
4000	472	4.26691	0.434168	0.862
4000	473	3.3532	3.36507	0.764641
4000	474	6.91547	2.37246	0.170859
4000	475	4.24472	1.30392	4.38296
4000	476	3.56951	3.13526	1.95181
4000	477	5.66411	3.45626	0.901545
4000	478	7.09565	4.02947	6.16102
4000	479	0.226431	2.94189	2.97381
4000	480	7.97475	2.62061	3.55387
4000	481	4.13943	0.219542	2.51863
4000	482	4.72119	1.2188	1.58523
4000	483	4.7895	3.4151	4.90767
4000	484	4.90396	3.76055	0.238862
4000	485	3.38982	1.21404	4.63706
4000	486	3.39637	4.29859	3.66984
4000	487	7.89798	0.616993	1.23083
4000	488	6.92287	4.08463	0.245016
4000	489	5.3785	0.64579	6.08383
4000	490	4.60105	4.93671	0.588733
4000	491	8.08862	1.84373	2.36441
4000	492	5.663	3.2256	4.09005
4000	493	4.96982	1.78533	2.86209
4000	494	12.9306	1.76806	5.74783
4000	495	4.29653	0.319142	4.25419
4000	496	2.18268	4.16158	1.24563
4000	497	11.601	2.1022	4.41543
4000	498	3.65673	1.31312	0.238369
4000	499	6.52718	0.374625	1.54381
6000	0	3.06513	4.08141	4.10664
6000	1	3.11672	1.45072	1.36471
6000	2	5.16893	2.41906	2.33885
6000	3	3.71494	0.228227	0.31098
6000	4	6.57517	0.00579413	5.23659
6000	5	2.71175	3.87502	5.17719
6000	6	4.62112	3.89523	5.1535
6000	7	5.3689	1.77797	2.32848
6000	8	7.80618	4.76181	3.41058
6000	9	14.0657	3.65748	5.51119
6000	10	9.29594	4.56367	3.4127
6000	11	6.60397	4.70945	3.91869
6000	12	3.00412	2.49091	3.99317
6000	13	2.52982	4.6836	2.58089
6000	14	2.34153	2.77234	3.50028
6000	15	1.73202	1.63574	5.53815
6000	16	5.04528	4.33712	1.15886
6000	17	4.97901	4.77157	2.51241
6000	18	3.81921	2.77077	6.09849
6000	19	11.1121	0.014873	3.75668
6000	20	16.9418	4.82411	2.84444
6000	21	4.06211	0.0125353	4.32112
6000	22	11.7625	3.15051	4.04889
6000	23	4.52219	4.98229	5.77763
6000	24	5.42537	1.43328	0.250793
6000	25	2.19019	4.62714	2.83911
6000	26	4.16802	1.14608	2.91003
6000	27	9.78569	1.66531	4.78219
6000	28	4.51373	3.26993	4.04321
6000	29	5.96596	4.99277	3.79701
6000	30	5.78758	0.0315335	4.43126
6000	31	7.35736	4.81811	1.0916
6000	32	4.04777	2.23511	0.0828616
6000	33	4.34238	0.649048	1.35528
6000	34	3.22184	3.54631	3.37796
6000	35	3.82515	2.57702	6.03615
6000	36	8.03484	3.56217	5.25305
6000	37	4.82728	3.40657	2.03919
6000	38	5.47003	0.206581	2.85396
6000	39	8.14584	2.75055	1.97717
6000	40	3.31884	1.45248	2.09361
6000	41	6.05057	2.06035	0.0952536
6000	42	4.84413	1.39047	4.77826
6000	43	9.87019	2.20722	5.28468
6000	44	2.01161	1.81954	1.71719
6000	45	2.78733	2.07311	4.19457
6000	46	3.12332	4.5952	6.1083
6000	47	4.83828	1.09658	5.9547
6000	48	1.13585	3.94123	2.71689
6000	49	4.77777	3.01085	1.71151
6000	50	2.86653	2.56185	5.28421
6000	51	16.0135	1.83988	0.331248
6000	52	6.20364	4.29937	1.50189
6000	53	4.39955	0.358328	6.01195
6000	54	0.254492	3.54124	2.91204
6000	55	2.31778	2.41226	3.80841
6000	56	5.81269	4.78225	3.28845
6000	57	3.60912	1.06178	5.63913
6000	58	4.97807	2.41124	3.10159
6000	59	7.53215	0.421335	2.57525
6000	60	5.51001	3.29008	6.00112
6000	61	4.77248	4.72557	5.17793
6000	62	12.9581	0.980203	2.378
6000	63	19.4047	2.01504	1.84271
6000	64	2.39255	4.35824	3.06333
6000	65	5.06003	0.976917	1.2272
6000	66	6.19051	2.37022	1.99061
6000	67	1.77975	0.551195	1.08654
6000	68	4.4108	1.84659	6.26333
6000	69	4.56665	2.20354	5.0442
6000	70	3.5386	1.4426	1.66163
6000	71	3.09805	1.76007	3.69277
6000	72	5.45931	1.79955	5.04593
6000	73	3.02885	2.86442	3.89319
6000	74	6.40137	4.80763	6.09107
6000	75	4.42195	0.402707	2.82373
6000	76	4.83169	3.98846	1.74733
6000	77	4.54825	1.84917	5.08178
6000	78	4.08023	2.43238	4.26293
6000	79	6.94613	3.53987	5.58927
6000	80	13.0106	2.17646	4.54162
6000	81	0.8745	0.712358	6.20676
6000	82	4.10278	4.31049	0.831803
6000	83	3.80674	3.32483	4.14025
6000	84	3.20306	0.987153	4.91496
6000	85	5.28678	3.80839	2.1937
6000	86	6.68889	0.711516	3.83801
6000	87	15.8463	4.73299	0.125543
6000	88	2.13846	2.6195	3.98815
6000	89	3.13046	0.469531	4.1461
6000	90	2.97291	1.33668	1.39276
6000	91	4.60031	1.61164	2.74955
6000	92	8.22748	3.29802	2.20948
6000	93	5.474	2.17944	2.34825
6000	94	5.05462	4.51233	6.16794
6000	95	6.92924	4.22896	2.5249
6000	96	19.7839	2.97707	0.0919502
6000	97	5.5382	2.32095	1.11813
6000	98	17.5304	3.64326	5.93815
6000	99	12.1155	0.57707	1.53402
6000	100	3.56408	1.2379	4.79991
6000	101	5.75166	4.60588	4.59308
6000	102	0.907316	1.02897	4.80868
6000	103	5.13816	1.34873	4.90056
6000	104	6.12924	4.803	5.19555
6000	105	5.37755	1.50734	1.3107
6000	106	5.75473	0.219767	0.61211
6000	107	19.7631	0.601029	3.28205
6000	108	4.58377	3.61802	2.44584
6000	109	5.36927	4.42579	3.50917
6000	110	3.03965	0.0216173	2.95736
6000	111	4.1604	1.76508	5.423
6000	112	0.724023	3.4779	6.27627
6000	113	4.64959	2.87675	3.25648
6000	114	2.35101	2.10153	5.39388
6000	115	5.32131	2.32538	4.66326
6000	116	10.4327	1.36093	1.20881
6000	117	3.43961	2.22854	2.91865
6000	118	6.66827	3.86647	0.55639
6000	119	2.51336	3.12486	2.41864
6000	120	5.1246	3.90769	5.9207
6000	121	3.12663	2.21002	1.74788
6000	122	5.69432	2.70806	0.403683
6000	123	2.43608	0.35881	2.1033
6000	124	2.31381	4.95111	4.77633
6000	125	3.08313	4.20047	2.07193
6000	126	18.628	3.17778	2.29183
6000	127	4.40828	0.755649	4.85367
6000	128	5.37178	4.1298	3.65392
6000	129	7.72917	4.82869	0.917598
6000	130	4.82663	3.98426	5.65643
6000	131	1.95488	0.844586	2.21457
6000	132	3.27299	3.98275	0.634833
6000	133	5.5544	1.66467	5.68314
6000	134	2.5625	2.73118	0.645572
6000	135	2.50976	2.52797	5.47659
6000	136	3.92924	3.388	5.69637
6000	137	6.51672	0.534455	2.77687
6000	138	3.36726	2.76846	5.12989
6000	139	5.67746	4.41163	2.8605
6000	140	3.77969	4.05651	2.66591
6000	141	5.80616	3.67509	4.32623
6000	142	16.4294	1.63224	1.41407
6000	143	3.80263	2.23136	3.62484
6000	144	3.48265	1.42285	3.46928
6000	145	6.87929	4.14696	6.118
6000	146	4.17022	2.36477	0.0270901
6000	147	6.06304	4.11718	6.11856
6000	148	3.99915	4.30804	2.22822
6000	149	2.99926	1.87486	4.07501
6000	150	6.73607	3.69761	3.1117
6000	151	5.52982	2.08434	1.20077
6000	152	6.9665	2.10572	0.638044
6000	153	4.6935	4.84624	0.418251
6000	154	6.06405	0.817745	0.104856
6000	155	19.9446	0.297307	4.52176
6000	156	4.97091	0.0698779	3.93032
6000	157	3.70394	1.52073	2.91489
6000	158	3.47496	3.33331	5.12201
6000	159	4.22122	3.3852	5.43388
6000	160	6.00125	3.1756	0.805703
6000	161	5.23553	1.18033	2.55238
6000	162	6.72277	4.24284	0.148451
6000	163	3.932	1.46827	6.05669
6000	164	5.11349	0.116816	1.69196
6000	165	4.07778	4.65267	4.74698
6000	166	5.42125	0.0363255	0.237531
6000	167	5.5982	4.34528	4.55915
6000	168	5.56366	2.53614	5.05782
6000	169	3.12049	3.10702	4.88552
6000	170	0.998016	3.51536	0.404916
6000	171	4.64762	2.63946	2.95386
6000	172	7.43445	3.55902	6.00858
6000	173	2.84988	3.17517	0.0843451
6000	174	5.72594	0.638712	3.94181
6000	175	5.24102	3.1461	5.15292
6000	176	3.69537	3.09637	0.214265
6000	177	4.12739	0.898657	3.3616
6000	178	6.13581	0.863047	2.14465
6000	179	2.83727	2.36529	0.530475
6000	180	13.3525	1.55763	1.91197
6000	181	3.5585	3.78877	2.37775
6000	182	17.698	4.05396	3.03486
6000	183	5.00286	1.14009	6.23111
6000	184	3.94139	0.829252	2.23925
6000	185	13.049	2.21636	5.01575
6000	186	10.1299	1.65174	0.886648
6000	187	5.25261	2.92907	1.18893
6000	188	2.99458	3.23998	2.08055
6000	189	2.46189	0.304062	5.33627
6000	190	5.59006	2.53049	4.87249
6000	191	3.49228	3.75971	5.28717
6000	192	2.41529	2.29188	4.43653
6000	193	4.34268	0.336621	1.49793
6000	194	3.02375	1.5607	1.25371
6000	195	0.312182	4.37766	4.07234
6000	196	4.52676	4.46064	1.95506
6000	197	5.37399	3.96613	1.74573
6000	198	5.28354	3.93456	1.57579
6000	199	17.5155	3.85231	3.65801
6000	200	2.12889	3.63518	4.1153
6000	201	7.21043	2.63627	6.14534
6000	202	3.92499	2.12167	3.39755
6000	203	3.94454	3.57628	3.67527
6000	204	3.81914	3.75977	4.54364
6000	205	4.8648	3.50947	3.72613
6000	206	5.4453	2.45668	4.87457
6000	207	14.5244	0.614286	1.08545
6000	208	4.21408	2.44845	1.38324
6000	209	4.4869	4.06426	0.226241
6000	210	4.36211	2.06132	1.86431
6000	211	17.4779	4.36272	0.503695
6000	212	2.79586	4.94951	0.718727
6000	213	4.48745	1.75549	2.51729
6000	214	4.76825	1.08856	0.0130313
6000	215	3.33357	1.04283	2.87305
6000	216	4.04675	0.1609	2.18328
6000	217	3.15709	4.35159	0.849549
6000	218	3.08211	4.67337	3.29389
6000	219	5.87913	3.86422	5.66614
6000	220	2.01727	2.01915	4.72263
6000	221	8.26301	1.73989	4.3979
6000	222	2.8849	1.39615	3.09443
6000	223	3.29308	0.0599408	3.43436
6000	224	3.49093	3.073	3.0524
6000	225	3.26517	1.24936	3.69666
6000	226	3.16849	1.38355	3.15567
6000	227	3.64807	2.67083	2.65613
6000	228	3.2152	4.95167	2.12047
6000	229	4.50129	1.768	4.70969
6000	230	1.81318	2.93798	4.95768
6000	231	3.32469	3.13449	4.15811
6000	232	2.48956	0.146396	0.683841
6000	233	5.5529	2.20848	0.380875
6000	234	5.27221	1.22212	1.12679
6000	235	3.76695	3.15666	2.20724
6000	236	5.4992	2.4259	2.54335
6000	237	5.51568	4.69462	2.35865
6000	238	2.25843	4.68866	3.49361
6000	239	3.69997	4.53267	5.64597
6000	240	5.37559	2.34843	3.94275
6000	241	3.34722	4.30695	1.54111
6000	242	5.32721	1.10875	3.26223
6000	243	5.44165	0.468201	4.63113
6000	244	1.9942	0.111278	3.14289
6000	245	1.67028	3.86923	0.533786
6000	246	5.0223	4.78791	1.18774
6000	247	15.2776	0.894123	6.11827
6000	248	3.27841	2.09428	6.27163
6000	249	5.99642	0.352473	5.17211
6000	250	3.44028	3.16989	0.406443
6000	251	3.28565	3.57527	3.33761
6000	252	11.8005	4.33119	0.626264
6000	253	4.08276	3.85643	4.7234
6000	254	15.6789	0.57885	3.8563
6000	255	4.27519	2.39832	2.86114
6000	256	5.36251	0.387053	5.87309
6000	257	3.80841	1.41456	6.12138
6000	258	2.8162	2.69995	3.84705
6000	259	2.59411	0.0215273	5.09242
6000	260	4.62908	1.15483	3.74275
6000	261	2.60781	1.74	0.161605
6000	262	3.19189	0.158115	4.70434
6000	263	12.1657	1.9774	3.7805
6000	264	4.3647	4.27547	0.0952278
6000	265	5.05031	4.11587	2.43078
6000	266	1.71337	0.930007	0.615174
6000	267	6.78854	2.05231	4.48133
6000	268	2.76192	1.77072	1.33507
6000	269	7.00628	3.63057	3.39943
6000	270	5.1414	2.49301	0.400425
6000	271	3.25264	3.23994	3.52314
6000	272	15.9995	3.07365	5.00834
6000	273	5.06153	2.33373	0.585777
6000	274	2.9659	4.33801	4.37579
6000	275	5.94926	2.02408	0.152074
6000	276	4.08479	4.09864	3.30695
6000	277	3.59897	2.52976	5.35579
6000	278	4.79055	4.41637	0.860814
6000	279	4.18471	4.39841	4.90389
6000	280	4.03079	2.20915	2.75956
6000	281	5.80434	2.44942	5.41923
6000	282	2.4012	0.636372	3.78108
6000	283	3.96109	0.403048	1.89899
6000	284	3.85485	3.57539	2.22229
6000	285	4.04625	1.3033	2.45771
6000	286	4.16511	3.83078	1.40871
6000	287	3.31436	0.478025	4.08946
6000	288	6.24815	2.75354	2.06217
6000	289	5.49008	1.81106	1.77077
6000	290	6.67855	3.67117	5.91884
6000	291	4.17889	3.98069	4.84697
6000	292	7.52356	4.82967	4.33558
6000	293	2.58772	1.41233	4.13365
6000	294	1.81217	2.12097	5.33218
6000	295	3.5088	4.70173	5.28974
6000	296	18.8752	1.97501	5.04712
6000	297	3.40586	3.02674	6.24607
6000	298	2.8211	0.660042	5.04264
6000	299	4.53166	0.427683	2.41537
6000	300	2.56069	3.19257	6.04722
6000	301	2.78583	3.83219	4.38892
6000	302	5.04858	0.89418	0.331613
6000	303	1.45971	2.58447	1.70556
6000	304	2.72394	4.23728	0.97202
6000	305	5.46422	2.58827	1.11196
6000	306	5.16187	2.0893	1.68978
6000	307	3.19127	3.57626	0.0141349
6000	308	2.7059	0.820344	2.80868
6000	309	1.73569	4.62082	3.25139
6000	310	4.82767	3.35459	5.21678
6000	311	2.6963	0.2798	4.70249
6000	312	6.4426	0.654773	4.03081
6000	313	4.12756	4.85662	5.43152
6000	314	3.31401	1.67935	3.06267
6000	315	3.04867	3.68983	4.88944
6000	316	6.19111	2.56097	3.75002
6000	317	2.21927	4.77201	3.11563
6000	318	5.05092	1.2698	1.24922
6000	319	6.95048	3.15009	2.65197
6000	320	4.63048	2.34092	2.72891
6000	321	5.96982	0.998073	0.204385
6000	322	3.75178	1.01555	5.27276
6000	323	11.0363	0.520795	1.32619
6000	324	3.87477	4.4799	2.15346
6000	325	3.62532	0.694212	4.6778
6000	326	2.9209	0.681707	0.266995
6000	327	6.53272	3.68478	5.77729
6000	328	19.7408	3.20132	5.19732
6000	329	7.26157	0.90508	1.60084
6000	330	4.87078	0.992848	1.57504
6000	331	6.27284	3.66018	1.70862
6000	332	1.65454	4.65424	3.68441
6000	333	3.26922	2.97633	2.62863
6000	334	5.12583	4.23498	3.82681
6000	335	3.46643	0.498776	1.50935
6000	336	3.22783	3.23243	4.54823
6000	337	5.52767	4.33989	3.37828
6000	338	5.22958	3.5376	4.01702
6000	339	5.22408	2.20508	3.88868
6000	340	6.56513	1.64028	5.96642
6000	341	3.01744	4.25688	4.45646
6000	342	2.54921	1.61237	2.55703
6000	343	6.64538	4.52437	4.22918
6000	344	2.02376	0.40361	2.52567
6000	345	4.29277	3.31395	1.09381
6000	346	3.35258	3.29847	4.37544
6000	347	4.71375	2.30309	2.79873
6000	348	4.12954	3.04819	1.0394
6000	349	5.1824	3.98065	4.93627
6000	350	4.30346	1.79291	1.54028
6000	351	3.84871	4.02918	0.777082
6000	352	7.79879	4.53184	4.95288
6000	353	2.78454	1.19555	4.42386
6000	354	5.66748	2.6478	1.43612
6000	355	2.65542	4.01882	4.41435
6000	356	4.70132	2.23871	3.29708
6000	357	2.90524	0.561785	5.63388
6000	358	2.9504	0.0142198	3.53338
6000	359	1.85028	4.01389	4.73444
6000	360	4.63305	0.351849	5.55874
6000	361	1.99681	3.65071	1.18584
6000	362	3.79574	3.09862	0.971393
6000	363	8.48974	3.64644	5.89438
6000	364	5.18168	1.15876	5.46425
6000	365	5.49429	4.69977	5.27949
6000	366	2.0561	3.42719	2.39132
6000	367	3.41348	4.33802	2.05126
6000	368	2.65795	4.72015	6.00406
6000	369	2.42387	3.16573	1.14787
6000	370	5.39722	0.419993	3.80962
6000	371	4.65812	2.66406	0.621931
6000	372	2.52808	4.20671	0.995785
6000	373	3.16249	3.45601	2.44221
6000	374	6.21016	1.7166	0.651553
6000	375	6.35619	1.81674	5.18554
6000	376	3.10794	3.71947	0.556332
6000	377	5.33908	1.26157	0.895481
6000	378	4.49569	1.45226	2.12512
6000	379	12.3458	1.99775	5.45941
6000	380	5.37433	1.23921	2.41809
6000	381	3.97905	0.329404	3.15033
6000	382	8.26841	0.839375	4.84975
6000	383	13.0427	1.21491	0.656921
6000	384	3.76863	4.59174	2.51618
6000	385	4.17432	4.97578	5.88253
6000	386	4.28885	4.35176	5.20024
6000	387	3.61149	2.71639	3.94768
6000	388	4.04157	3.32808	1.82281
6000	389	16.627	4.7166	3.70019
6000	390	2.61613	1.93706	2.86187
6000	391	0.226314	0.805706	0.110272
6000	392	8.6593	4.32685	5.98891
6000	393	2.18919	0.809856	0.363847
6000	394	1.91888	0.684543	0.919769
6000	395	5.44343	2.58217	3.00141
6000	396	4.38461	0.817528	0.265419
6000	397	3.77821	4.29211	3.09521
6000	398	4.78559	1.04852	2.53133
6000	399	4.98937	4.14588	0.704537
6000	400	4.25483	0.555974	0.435588
6000	401	2.4843	3.53504	2.20142
6000	402	3.89644	3.70357	5.29721
6000	403	6.34001	0.280872	6.27768
6000	404	4.61659	2.92681	3.57423
6000	405	2.93428	3.96845	5.76317
6000	406	2.96793	2.21509	5.45093
6000	407	15.7898	3.1464	0.794482
6000	408	2.63969	0.863998	5.98106
6000	409	3.70877	3.0809	4.84824
6000	410	3.96192	4.41359	0.421517
6000	411	3.51449	3.3765	3.89932
6000	412	2.63744	2.85692	0.154048
6000	413	3.13682	2.76291	0.823439
6000	414	3.10252	0.167481	6.0609
6000	415	6.12396	2.24905	6.03503
6000	416	4.09955	3.04655	2.7845
6000	417	3.3913	0.0466728	4.81177
6000	418	7.2078	1.50182	2.6554
6000	419	5.44548	2.18454	5.40412
6000	420	1.68353	1.11419	1.13991
6000	421	4.63879	2.49249	5.90585
6000	422	4.45984	1.29884	3.93084
6000	423	3.72426	4.30525	4.39082
6000	424	2.4248	3.08245	5.97555
6000	425	4.3461	0.0720287	6.10185
6000	426	4.28695	4.79473	3.95613
6000	427	13.5911	0.366948	4.39885
6000	428	6.24811	2.4755	5.30352
6000	429	4.90068	0.415034	5.91002
6000	430	16.7525	1.28937	2.32614
6000	431	3.5464	1.83384	4.08073
6000	432	3.53388	3.19264	0.182035
6000	433	4.31778	2.93823	1.93799
6000	434	3.46638	1.44756	0.0316058
6000	435	5.3933	2.795	2.31758
6000	436	15.2138	3.49891	0.992721
6000	437	17.836	1.27082	4.02257
6000	438	5.67584	2.17211	5.85856
6000	439	4.60645	2.59073	5.21191
6000	440	3.77966	0.492794	6.07635
6000	441	3.03139	2.3988	6.24778
6000	442	19.0387	4.73361	4.21843
6000	443	2.56308	0.362484	3.28547
6000	444	9.82367	1.14292	1.7867
6000	445	4.40288	0.308322	4.54199
6000	446	2.34559	2.08121	5.97033
6000	447	6.58143	2.08465	1.13522
6000	448	2.49754	3.12461	0.0806059
6000	449	3.28892	4.0736	2.87668
6000	450	5.36187	1.68237	0.7898
6000	451	6.29027	1.7606	0.816821
6000	452	3.38486	2.26555	0.0882935
6000	453	4.71641	1.07976	4.58708
6000	454	2.9286	3.37571	0.173459
6000	455	6.1324	2.62529	2.99491
6000	456	15.6927	1.40675	5.24165
6000	457	4.26313	3.32008	2.68196
6000	458	4.93664	1.94808	3.62056
6000	459	6.67827	4.99616	0.786646
6000	460	14.737	0.385563	1.20641
6000	461	8.68542	2.47638	6.17529
6000	462	3.17868	1.74438	4.20118
6000	463	5.37564	3.94721	2.58775
6000	464	2.84184	3.18065	2.05206
6000	465	4.39987	3.06533	2.58007
6000	466	17.8074	1.60513	3.94478
6000	467	4.18432	2.7517	2.54097
6000	468	4.42913	0.236405	0.879089
6000	469	3.9501	4.53799	4.96541
6000	470	2.99155	2.117	4.59471
6000	471	18.8471	1.33957	2.26842
6000	472	5.33256	2.989	4.82629
6000	473	5.75024	4.47864	2.2032
6000	474	5.41929	1.32826	5.00766
6000	475	14.9475	0.452202	3.21185
6000	476	16.7039	4.12207	2.43508
6000	477	3.00429	1.733	6.04125
6000	478	18.0536	4.437	1.14779
6000	479	4.88036	1.10619	4.38057
6000	480	3.71832	3.02703	5.18732
6000	481	4.61824	3.11106	0.557834
6000	482	5.32881	3.71034	5.96529
6000	483	13.8308	0.363581	3.89685
6000	484	8.89447	1.50401	5.49073
6000	485	3.14501	2.75086	1.27932
6000	486	4.01131	1.73081	6.10606
6000	487	2.09688	1.7498	3.73745
6000	488	4.87985	2.1175	0.330793
6000	489	7.31172	0.527544	0.958703
6000	490	6.93254	4.91117	4.51752
6000	491	4.45212	0.912446	1.05675
6000	492	3.12385	2.48888	1.96801
6000	493	18.969	3.94825	0.696246
6000	494	3.92767	4.53341	4.12978
6000	495	3.71444	4.26923	5.90177
6000	496	2.65771	4.62916	3.86109
6000	497	3.72184	1.14837	2.56945
6000	498	6.61474	2.93049	4.91954
6000	499	4.01832	3.04507	2.0997
8000	0	7.08494	1.71029	0.507264
8000	1	5.63278	3.49653	3.50635
8000	2	5.49919	2.53439	6.21307
8000	3	2.77447	4.60807	0.00323529
8000	4	5.78515	2.43505	1.93581
8000	5	2.19987	0.58147	4.18137
8000	6	4.67588	3.43727	2.75155
8000	7	2.51568	4.28292	2.4385
8000	8	17.747	4.46019	2.17188
8000	9	5.28259	0.187766	3.9602
8000	10	4.86832	4.94781	1.39984
8000	11	2.8178	2.69087	2.49609
8000	12	4.48547	3.10694	0.772768
8000	13	2.43822	2.49273	0.498432
8000	14	3.36219	1.05511	2.68354
8000	15	17.4283	0.511494	3.87396
8000	16	3.74281	2.98682	6.10992
8000	17	17.0612	4.65601	2.07204
8000	18	3.60357	3.1415	4.46117
8000	19	4.05197	2.55282	6.26597
8000	20	3.0132	1.57746	0.108411
8000	21	4.07346	0.110262	5.28838
8000	22	4.05562	1.35635	1.19682
8000	23	5.41119	1.05855	2.57701
8000	24	4.6502	3.47282	5.15634
8000	25	2.052	1.58523	4.16644
8000	26	3.07162	2.5713	4.34524
8000	27	6.28878	1.55459	2.33856
8000	28	6.3669	0.878942	3.89886
8000	29	4.4404	2.53944	2.13289
8000	30	4.64104	0.878004	2.93303
8000	31	9.77525	1.85595	3.16608
8000	32	5.13356	0.454455	1.23981
8000	33	3.16195	4.48702	1.91747
8000	34	2.11762	3.72339	2.81261
8000	35	13.0232	2.41418	0.454099
8000	36	2.86205	1.78556	3.50865
8000	37	4.15605	1.83632	0.63527
8000	38	6.45883	0.399299	0.734535
8000	39	4.29455	0.696969	5.81575
8000	40	5.56704	4.34505	3.5159
8000	41	15.4376	1.58066	4.89382
8000	42	4.75196	4.71734	6.08346
8000	43	6.70495	0.315822	1.26542
8000	44	6.11422	1.54741	5.11872
8000	45	14.5058	4.89002	2.07701
8000	46	6.77764	1.88727	0.207757
8000	47	2.52759	3.09574	3.21541
8000	48	4.04494	4.00528	3.05923
8000	49	7.24905	3.1932	3.71198
8000	50	6.78108	1.69043	5.98684
8000	51	2.16948	1.29545	5.5458
8000	52	4.90159	3.39076	0.169886
8000	53	11.951	4.06789	1.00477
8000	54	1.12922	0.442374	0.804606
8000	55	2.60749	3.96243	5.69488
8000	56	3.21901	0.512502	4.65957
8000	57	6.35481	2.96094	3.65645
8000	58	9.85318	3.78667	1.06569
8000	59	2.10603	2.90797	0.571239
8000	60	15.5909	3.98918	0.0464715
8000	61	4.15433	4.51134	3.37095
8000	62	5.30822	1.06364	1.32877
8000	63	3.28986	1.23679	0.553271
8000	64	2.95622	4.9304	3.12568
8000	65	5.37129	3.9063	0.351365
8000	66	0.878851	3.00413	4.48055
8000	67	2.27068	2.57888	0.670321
8000	68	2.18617	4.97093	0.443231
8000	69	3.25054	1.24339	2.8001
8000	70	14.1216	4.17867	2.65426
8000	71	2.82025	1.6675	4.30219
8000	72	3.91698	3.14938	4.4201
8000	73	14.8014	2.16032	6.01937
8000	74	3.91018	4.11392	4.65239
8000	75	16.8758	0.985336	5.10811
8000	76	15.6921	3.98036	5.42991
8000	77	4.64365	1.09941	0.617969
8000	78	2.52381	0.336177	3.75441
8000	79	5.43848	0.684717	5.87821
8000	80	5.16427	3.84704	5.74521
8000	81	4.95386	4.34749	4.82953
8000	82	5.05028	3.47958	0.0651008
8000	83	18.1054	3.49179	5.60844
8000	84	18.7796	2.66174	1.80275
8000	85	2.19803	0.0467409	3.95974
8000	86	3.32022	0.361655	1.38869
8000	87	5.42669	0.619674	1.23952
8000	88	5.61752	1.51911	0.995938
8000	89	2.89983	3.87784	0.0479666
8000	90	4.01541	1.22196	3.18567
8000	91	13.9094	1.02468	0.877516
8000	92	3.56341	2.99195	5.79064
8000	93	2.94755	4.43884	2.00749
8000	94	4.5532	2.53211	3.22975
8000	95	5.81924	0.626578	0.0355568
8000	96	3.11941	1.40662	0.797611
8000	97	2.24725	1.15151	2.18303
8000	98	3.55474	1.57074	0.612497
8000	99	3.44881	1.69781	5.90438
8000	100	3.54401	2.06956	0.390117
8000	101	3.09961	0.923883	3.16224
8000	102	2.90984	2.47196	5.30097
8000	103	4.75389	3.01144	0.30412
8000	104	10.9625	1.99509	0.985153
8000	105	4.60926	4.32488	1.1724
8000	106	5.22224	2.64979	2.1186
8000	107	2.30876	3.40002	3.45006
8000	108	4.58986	2.12378	5.02646
8000	109	8.07525	4.71902	1.02766
8000	110	5.5076	2.141	5.15774
8000	111	2.70477	4.49403	0.909318
8000	112	4.9568	1.91614	2.00356
8000	113	2.8593	0.55928	2.62808
8000	114	4.98674	1.32455	0.309836
8000	115	2.88023	3.28833	1.5675
8000	116	3.22976	1.761	5.44205
8000	117	6.31981	3.19738	5.25784
8000	118	4.29872	0.10506	2.27337
8000	119	2.87547	3.97138	1.06045
8000	120	4.4485	1.40752	2.49275
8000	121	3.11572	0.121881	2.54186
8000	122	7.7808	3.91425	6.16421
8000	123	7.01433	3.61079	6.00573
8000	124	4.12513	0.242846	2.32062
8000	125	3.04966	0.483096	5.49687
8000	126	18.6234	2.10939	5.78093
8000	127	7.01339	1.42529	4.3166
8000	128	2.55319	0.66833	5.46513
8000	129	3.84246	1.7581	5.90563
8000	130	5.07053	2.60787	1.6753
8000	131	3.59549	0.706249	5.42014
8000	132	2.88685	1.50237	2.36686
8000	133	5.67884	3.92162	0.851451
8000	134	2.78659	2.37193	3.37097
8000	135	15.9535	3.61891	3.05787
8000	136	10.616	0.714253	2.20205
8000	137	5.33191	2.7717	0.405339
8000	138	5.24409	4.785	4.45629
8000	139	3.55502	3.2034	6.20851
8000	140	4.04203	0.171235	2.0422
8000	141	16.2983	1.38943	0.89575
8000	142	5.60876	4.95026	5.71748
8000	143	6.26193	4.04029	1.59804
8000	144	2.47804	4.08887	1.25983
8000	145	5.78936	4.37181	1.70138
8000	146	2.38574	1.2276	0.802384
8000	147	2.89589	3.02489	5.67669
8000	148	6.10694	0.22541	5.751
8000	149	7.00576	0.756468	2.85518
8000	150	5.87072	2.3796	6.15315
8000	151	3.55403	0.0237461	6.26587
8000	152	3.28662	2.93335	5.21919
8000	153	2.75238	4.4962	0.0173605
8000	154	8.89543	1.34774	5.6875
8000	155	7.1802	0.00257431	3.97177
8000	156	3.57781	3.73598	4.71782
8000	157	1.99384	3.89752	5.49596
8000	158	1.59312	0.565647	0.917
8000	159	5.10098	4.22962	2.90421
8000	160	6.13077	4.6837	5.36008
8000	161	3.56621	2.12129	2.78036
8000	162	3.10195	4.62645	1.41684
8000	163	4.56397	1.19934	2.01661
8000	164	4.45911	3.72844	0.786942
8000	165	6.20443	4.42271	4.03643
8000	166	2.41083	4.63417	6.21949
8000	167	5.36523	4.36204	5.70914
8000	168	4.03252	2.66247	3.36296
8000	169	4.53598	4.16626	4.71533
8000	170	5.92174	3.38087	5.17629
8000	171	3.9893	0.516241	3.01234
8000	172	3.9031	0.820119	3.37315
8000	173	8.91246	0.0134226	0.809438
8000	174	13.5081	2.84855	1.59831
8000	175	3.28008	0.461651	2.49346
8000	176	4.68124	1.60677	0.507327
8000	177	4.39946	2.06746	2.92043
8000	178	6.70353	0.289803	1.36668
8000	179	7.57417	1.51575	6.2206
8000	180	3.65424	0.385387	2.4869
8000	181	16.0204	1.38927	0.403042
8000	182	2.94583	3.16112	0.661003
8000	183	4.02157	2.14056	0.610453
8000	184	5.61744	3.73823	5.38523
8000	185	3.93192	2.39056	5.62897
8000	186	3.77233	4.30308	3.75362
8000	187	3.13229	0.354051	3.05979
8000	188	4.08076	1.8379	6.27065
8000	189	5.73456	4.44911	0.956844
8000	190	2.68784	0.431653	0.0958385
8000	191	4.60685	3.52394	1.741
8000	192	6.52779	1.00566	4.28912
8000	193	7.78219	1.3666	3.82736
8000	194	6.90682	1.70266	5.96459
8000	195	6.02306	3.28371	1.20415
8000	196	5.52404	1.01497	0.627849
8000	197	6.70747	3.25902	2.6986
8000	198	5.20387	1.15591	0.434955
8000	199	3.35635	1.86938	0.879599
8000	200	2.42285	3.27347	5.7746
8000	201	3.05349	0.587637	4.89838
8000	202	2.32337	1.08649	3.57227
8000	203	3.44183	4.51201	3.59291
8000	204	19.9054	3.3131	1.85374
8000	205	15.8985	2.9932	3.42966
8000	206	3.11952	0.79788	2.16773
8000	207	18.1515	0.329278	1.13624
8000	208	2.76273	4.68008	1.17965
8000	209	4.60604	4.55873	3.62674
8000	210	13.9721	0.0339802	5.65576
8000	211	4.93601	1.0561	2.16515
8000	212	2.3233	1.60388	4.4279
8000	213	2.77805	2.60015	5.46261
8000	214	4.28695	2.86887	0.0221818
8000	215	3.10707	4.37375	4.86887
8000	216	5.43637	3.02528	0.498556
8000	217	4.97025	4.62819	4.95741
8000	218	3.21054	1.67642	5.65314
8000	219	9.55849	0.482813	1.12329
8000	220	3.25984	4.28902	2.80319
8000	221	3.22016	0.767754	5.8515
8000	222	5.34041	3.89028	1.30676
8000	223	4.73146	3.82061	1.94927
8000	224	5.70361	3.21926	3.33769
8000	225	3.87604	0.627075	3.26042
8000	226	11.0463	3.87391	5.69178
8000	227	3.1373	0.0136554	1.01303
8000	228	5.28236	3.70467	1.3485
8000	229	4.81422	4.00414	4.78929
8000	230	4.72574	0.53634	6.23964
8000	231	4.92614	3.10574	5.08916
8000	232	3.18722	2.96385	0.676857
8000	233	13.961	4.10033	0.437468
8000	234	6.21382	2.36584	1.00199
8000	235	4.45473	4.23694	4.30507
8000	236	5.74447	4.14172	3.3485
8000	237	2.02063	2.695	0.000928272
8000	238	1.3207	3.93093	1.93728
8000	239	4.5679	1.08239	2.18383
8000	240	10.4269	0.095111	0.940944
8000	241	2.52871	3.45712	0.862903
8000	242	3.82323	0.202527	0.694037
8000	243	5.1437	4.57341	1.77111
8000	244	7.56436	0.0148732	6.05182
8000	245	5.35747	0.737766	3.37216
8000	246	5.38304	0.139992	1.7318
8000	247	2.76177	1.12817	5.08844
8000	248	8.70899	3.42772	6.21908
8000	249	9.05293	4.15599	2.14675
8000	250	1.83926	2.948	0.0383788
8000	251	2.96608	0.758609	0.152037
8000	252	2.57431	0.901532	1.56343
8000	253	4.52339	4.4589	1.41401
8000	254	5.40586	4.66788	4.45883
8000	255	2.68164	1.6734	4.99116
8000	256	1.18156	1.91157	1.8563
8000	257	3.24325	0.037856	4.34015
8000	258	6.13262	3.29648	2.13373
8000	259	3.23398	4.96371	2.00171
8000	260	6.90083	4.82896	2.12957
8000	261	5.54574	4.73598	4.01801
8000	262	5.69194	0.191427	0.0828568
8000	263	2.56935	0.776783	3.25011
8000	264	6.04812	2.47891	4.83635
8000	265	3.11307	4.45621	6.08485
8000	266	4.58295	4.17291	4.49888
8000	267	4.69169	1.79675	0.59203
8000	268	4.15596	1.66549	5.96978
8000	269	0.776581	0.032173	4.18915
8000	270	2.58754	1.65521	3.74442
8000	271	17.9937	0.361479	4.61709
8000	272	4.21584	2.16813	2.82709
8000	273	3.74414	1.19426	4.18664
8000	274	2.42263	0.470897	2.07929
8000	275	3.89161	3.53272	6.10953
8000	276	2.93816	4.25467	0.798489
8000	277	3.22236	0.12746	0.108218
8000	278	4.05268	2.84864	0.157943
8000	279	4.82623	1.07214	1.38948
8000	280	2.41535	0.667364	1.68985
8000	281	1.00483	1.46374	4.12294
8000	282	5.61355	2.27204	5.31739
8000	283	3.37182	0.977273	0.326737
8000	284	10.184	1.48802	0.32069
8000	285	4.10034	3.79431	2.59633
8000	286	8.04157	2.6938	4.84668
8000	287	5.76164	0.936102	1.60511
8000	288	3.85104	0.248142	2.7614
8000	289	4.57273	3.80773	1.08487
8000	290	2.23679	2.78174	4.80013
8000	291	4.26024	3.2102	2.26402
8000	292	8.99482	0.189394	3.23025
8000	293	3.99718	0.550244	6.27562
8000	294	6.91914	3.51425	2.94838
8000	295	5.3317	2.46595	3.22313
8000	296	3.7284	3.9801	2.19024
8000	297	4.65155	2.96402	3.93097
8000	298	17.8543	0.235198	0.993159
8000	299	8.40519	4.22096	2.50328
8000	300	3.69039	3.93253	1.09183
8000	301	4.6333	4.65695	4.04497
8000	302	14.582	4.30082	1.05991
8000	303	7.73511	1.56867	4.79777
8000	304	5.68961	1.95916	0.314508
8000	305	5.59539	3.40486	3.41926
8000	306	4.61351	3.23933	1.18254
8000	307	16.8485	0.0583931	1.58517
8000	308	1.84643	4.0758	0.774398
8000	309	4.16036	1.76702	5.42295
8000	310	3.05894	2.717	1.32786
8000	311	5.1172	1.60647	4.64167
8000	312	5.5825	2.1702	1.9614
8000	313	4.9405	1.09798	3.33715
8000	314	3.15748	1.61458	2.63187
8000	315	4.17506	0.49897	3.7822
8000	316	3.83249	4.78115	2.71265
8000	317	3.72567	4.85438	1.11553
8000	318	4.87213	3.5238	0.129994
8000	319	9.05518	3.30401	4.25034
8000	320	5.13679	4.76476	2.28157
8000	321	5.06196	1.5985	0.866162
8000	322	6.31704	1.17455	0.129006
8000	323	15.5652	3.83953	4.64289
8000	324	2.56434	1.38903	1.97965
8000	325	3.94901	0.378838	1.19248
8000	326	9.11777	1.45924	4.72968
8000	327	5.97049	0.332953	2.55699
8000	328	8.48007	3.51375	0.41678
8000	329	2.86977	3.42677	4.60123
8000	330	19.9514	2.6561	5.26448
8000	331	2.62588	2.15202	5.18598
8000	332	1.7082	3.267	0.275027
8000	333	2.30919	2.29025	5.4326
8000	334	5.20573	2.17582	5.15821
8000	335	4.89218	4.88524	0.590877
8000	336	2.01616	1.37421	1.58769
8000	337	5.66664	1.05442	1.79921
8000	338	2.19399	4.02561	2.82479
8000	339	3.88566	2.12671	2.07503
8000	340	12.1796	1.38445	0.408065
8000	341	4.81016	3.27848	2.86926
8000	342	11.0864	2.02841	1.80098
8000	343	0.919016	4.62696	5.77442
8000	344	4.43959	4.97699	4.0379
8000	345	6.04936	3.64231	5.73046
8000	346	6.22296	3.34901	3.32655
8000	347	10.7036	1.83586	5.4295
8000	348	4.78798	3.81197	0.324367
8000	349	2.68247	0.0883039	2.44522
8000	350	4.20308	3.92234	0.274801
8000	351	5.66154	4.3994	2.03114
8000	352	2.3735	1.8537	6.01669
8000	353	4.16018	3.32076	3.1262
8000	354	2.87453	0.90149	3.41348
8000	355	5.15617	3.43972	0.901381
8000	356	5.47481	3.25859	4.14132
8000	357	5.03757	1.34745	2.93905
8000	358	3.1974	0.852388	5.95761
8000	359	3.99438	2.90067	5.68409
8000	360	3.96153	0.138677	0.462112
8000	361	11.352	0.535069	2.33573
8000	362	2.27879	3.28597	5.02373
8000	363	0.345201	4.61579	2.08449
8000	364	2.08892	0.843319	0.8469
8000	365	3.25895	1.72967	1.66591
8000	366	4.87008	0.398246	2.91825
8000	367	4.17556	2.67015	3.24749
8000	368	3.53799	3.53508	4.95756
8000	369	3.62976	2.23411	0.507625
8000	370	3.3062	1.68288	0.606966
8000	371	4.95054	4.10311	1.24137
8000	372	4.59627	1.61378	2.13634
8000	373	1.94778	3.08901	2.74296
8000	374	5.13378	4.64403	4.38451
8000	375	15.3747	3.68305	5.17336
8000	376	4.65467	2.31016	0.0540584
8000	377	3.74359	0.448755	0.41344
8000	378	2.24246	0.771641	5.74097
8000	379	2.69993	4.3734	1.34293
8000	380	6.20052	3.19651	0.416949
8000	381	7.46734	3.70487	2.84881
8000	382	2.07693	0.250534	3.65945
8000	383	19.7978	0.828445	2.05754
8000	384	6.64827	4.1956	5.59233
8000	385	18.1225	1.51694	0.933881
8000	386	15.3798	4.39756	6.20835
8000	387	2.99389	0.626618	5.74701
8000	388	11.1372	3.85754	4.81747
8000	389	3.80993	3.79954	0.521314
8000	390	3.41672	1.92171	1.32495
8000	391	5.89655	2.84794	5.70522
8000	392	9.0688	4.93819	6.15653
8000	393	3.34726	1.58946	5.73456
8000	394	4.35617	2.64687	0.523543
8000	395	6.40009	4.34563	2.59652
8000	396	5.04461	0.69824	3.49705
8000	397	4.04219	1.32273	2.57432
8000	398	4.01904	0.371477	1.29434
8000	399	4.38605	1.49777	5.78133
8000	400	2.37045	4.82171	0.837277
8000	401	4.6794	4.65507	5.96522
8000	402	5.56978	1.21354	6.08223
8000	403	4.1058	4.11085	5.99586
8000	404	15.8846	3.12823	2.36702
8000	405	4.20636	4.17885	6.11339
8000	406	5.9023	1.21489	5.41505
8000	407	4.13705	4.17112	3.27174
8000	408	4.3103	3.05602	3.04995
8000	409	2.9614	0.750961	2.96944
8000	410	7.42101	2.15504	4.92406
8000	411	5.80107	2.36344	2.54007
8000	412	3.37843	3.51782	0.346134
8000	413	5.03236	0.9014	0.126485
8000	414	4.20472	4.37794	5.80053
8000	415	2.31619	0.618042	6.1685
8000	416	4.6049	3.76077	2.57162
8000	417	2.06249	2.33557	4.71839
8000	418	4.86566	3.11299	1.57272
8000	419	3.88459	1.59541	2.41482
8000	420	3.55169	2.0719	5.07167
8000	421	4.47472	1.74054	4.55096
8000	422	3.09946	0.72981	2.77347
8000	423	3.56508	1.97773	3.56953
8000	424	2.47903	4.94126	3.64059
8000	425	3.28565	4.64989	5.65481
8000	426	2.05805	1.1617	1.46499
8000	427	3.50812	3.19322	2.88684
8000	428	4.3072	3.65069	1.75368
8000	429	2.68958	2.36165	2.86957
8000	430	2.79487	3.07428	4.83586
8000	431	11.5151	1.23355	0.0398212
8000	432	14.6292	0.288423	3.85922
8000	433	19.1559	3.81163	1.61545
8000	434	5.35822	0.118974	6.19232
8000	435	4.683	2.19186	5.29731
8000	436	18.6495	4.4811	1.32079
8000	437	3.16693	4.01019	1.93965
8000	438	4.07985	0.989018	2.60052
8000	439	3.21924	1.59201	5.19178
8000	440	3.68901	2.54313	2.83358
8000	441	13.1378	3.62692	4.60162
8000	442	3.1464	3.39509	4.26214
8000	443	4.47947	2.84142	3.41628
8000	444	16.1218	1.25759	3.53657
8000	445	4.49533	3.61772	4.05813
8000	446	19.3886	1.01795	0.954676
8000	447	17.8698	3.13857	2.13717
8000	448	4.56512	1.24604	4.82381
8000	449	9.11392	1.73999	4.30381
8000	450	2.8103	2.31051	5.5925
8000	451	4.98165	0.274661	5.34693
8000	452	4.17201	1.68313	1.93444
8000	453	5.67866	1.77664	0.98773
8000	454	4.94167	2.0406	5.13762
8000	455	5.52042	4.0016	0.0383557
8000	456	2.2805	0.587761	3.72573
8000	457	9.95797	0.587855	3.05109
8000	458	3.54164	1.80746	4.02497
8000	459	1.99766	0.00318964	3.54463
8000	460	5.27198	3.91725	1.97979
8000	461	2.53063	3.61695	4.62129
8000	462	5.59528	3.72332	3.23478
8000	463	2.98664	4.93432	4.73693
8000	464	4.09039	3.55689	0.306384
8000	465	0.562505	1.44172	3.64984
8000	466	7.94919	1.12982	2.79893
8000	467	2.40169	4.75078	2.7237
8000	468	5.8799	4.85734	1.10231
8000	469	5.00388	4.00176	5.84167
8000	470	3.14466	4.03622	0.173744
8000	471	3.27309	1.18932	4.06331
8000	472	7.59544	1.22876	0.0495562
8000	473	5.10527	1.45699	1.99359
8000	474	2.91605	3.73636	5.77887
8000	475	5.56088	1.9291	4.28632
8000	476	3.29558	0.790193	4.41077
8000	477	4.40481	3.01297	0.894427
8000	478	4.89982	3.35667	6.209
8000	479	1.56724	2.62824	5.51818
8000	480	2.14845	0.46306	5.51469
8000	481	6.59509	4.4887	4.18343
8000	482	2.44106	4.94345	5.78537
8000	483	10.4495	0.114038	4.70677
8000	484	3.00259	4.84632	4.22362
8000	485	4.39739	1.3023	4.28159
8000	486	6.3082	4.62387	3.4852
8000	487	18.4665	2.92501	2.5521
8000	488	6.43919	2.28694	3.70579
8000	489	7.00906	3.82466	4.72741
8000	490	3.93271	1.37612	1.69416
8000	491	4.97239	2.42367	1.29786
8000	492	4.13927	1.184	5.86296
8000	493	3.66106	3.47675	1.72306
8000	494	0.403727	1.28745	2.05196
8000	495	5.95312	4.05163	2.04917
8000	496	2.5336	3.24845	4.00129
8000	497	5.27583	4.36741	4.23213
8000	498	8.49968	0.277219	1.34786
8000	499	3.43107	4.05937	5.16161
10000	0	4.17422	3.05523	2.49437
10000	1	15.6935	3.88622	5.92304
10000	2	4.73474	4.98977	3.86355
10000	3	4.50261	4.83869	0.0582178
10000	4	18.0469	4.92609	3.4067
10000	5	3.69922	2.51878	4.23488
10000	6	2.33315	3.91581	0.242896
10000	7	2.36455	0.645692	4.22561
10000	8	6.82978	0.0943988	1.90205
10000	9	5.36093	2.417	3.28744
10000	10	6.01096	0.557205	0.0744672
10000	11	3.40953	3.56548	5.88407
10000	12	2.65582	2.67114	0.107712
10000	13	4.42119	1.29979	0.532941
10000	14	2.8272	1.29382	3.95198
10000	15	3.60158	2.47508	0.345891
10000	16	4.22336	2.78255	0.348093
10000	17	6.40259	0.449729	0.754852
10000	18	3.23425	4.05375	2.74272
10000	19	5.15545	2.1389	3.49551
10000	20	4.82738	4.42815	5.83631
10000	21	2.75913	1.45441	3.53385
10000	22	4.07076	1.2045	1.0856
10000	23	4.12815	0.302093	5.76243
10000	24	8.70391	4.24492	1.80708
10000	25	13.2275	1.2418	1.8738
10000	26	8.06481	4.06348	5.16839
10000	27	10.7614	2.04678	1.9969
10000	28	5.5096	1.53556	0.891547
10000	29	4.02781	2.39181	2.79102
10000	30	2.11691	4.6499	4.40289
10000	31	6.03981	4.88942	4.06263
10000	32	4.96154	0.410301	2.15623
10000	33	1.99931	2.41083	3.36811
10000	34	3.72249	0.250163	3.03666
10000	35	3.21934	1.10605	1.42041
10000	36	4.45266	2.94228	3.80609
10000	37	4.86933	3.94172	2.99914
10000	38	5.72945	2.52359	6.05102
10000	39	5.11874	4.07665	5.73793
10000	40	3.18859	1.95218	3.86783
10000	41	3.00959	2.13673	3.40507
10000	42	3.56827	3.95893	3.25592
10000	43	4.21825	1.98945	4.07823
10000	44	6.86343	0.448601	3.57203
10000	45	7.42925	3.70949	1.19653
10000	46	7.48102	3.33653	5.93439
10000	47	5.0584	4.03683	4.1414
10000	48	1.99584	0.526457	5.10724
10000	49	4.68818	0.240684	4.40077
10000	50	4.14941	0.728339	2.99858
10000	51	15.7694	3.13204	5.38978
10000	52	2.68284	0.816649	4.76773
10000	53	2.33297	0.77077	1.34338
10000	54	12.204	4.74302	3.56686
10000	55	3.03949	0.19218	4.76205
10000	56	2.61237	2.59775	0.831371
10000	57	2.67772	1.15607	2.85224
10000	58	4.01063	4.19134	5.13131
10000	59	2.11766	0.271146	5.4153
10000	60	3.42311	3.06325	2.99819
10000	61	4.71752	2.19385	2.54695
10000	62	3.71594	0.450661	4.97428
10000	63	5.43802	4.30088	0.474164
10000	64	4.55524	0.248673	1.41692
10000	65	4.7651	3.61145	3.35108
10000	66	3.56156	1.93798	2.56985
10000	67	2.53871	4.92727	0.963191
10000	68	2.84916	2.28839	3.51427
10000	69	6.31232	3.23111	0.578778
10000	70	3.62058	1.09609	0.0173652
10000	71	1.4231	0.589139	5.18977
10000	72	3.77616	4.02886	1.3331
10000	73	5.3816	0.602535	2.73358
10000	74	2.45949	3.41785	5.23494
10000	75	1.6816	2.88081	1.5
10000	76	11.7325	1.64395	2.4133
10000	77	2.43383	2.29498	0.466908
10000	78	3.19723	3.05895	3.99102
10000	79	3.69734	3.50102	6.22151
10000	80	2.3793	4.44649	4.12565
10000	81	3.48556	3.88081	5.80419
10000	82	5.78399	2.53412	2.48376
10000	83	3.48805	1.15674	3.73386
10000	84	6.77019	2.58997	4.4725
10000	85	11.54	2.77571	0.251383
10000	86	0.328041	2.49528	3.13476
10000	87	3.61222	2.98024	1.95221
10000	88	3.81584	4.64469	1.10445
10000	89	2.86953	2.37227	6.00673
10000	90	4.8846	3.50427	0.934719
10000	91	17.1189	2.12858	0.703812
10000	92	6.62303	4.96172	2.82742
10000	93	2.96258	2.82009	4.00648
10000	94	2.55302	1.81171	2.2934
10000	95	6.66778	0.281185	3.22637
10000	96	2.86977	1.98968	0.622048
10000	97	5.11886	2.07648	5.45109
10000	98	2.78056	4.21003	5.7935
10000	99	4.0808	2.85912	0.229678
10000	100	5.44209	0.191045	1.30492
10000	101	6.65743	0.836892	5.12673
10000	102	2.56318	3.43964	2.29924
10000	103	6.73873	4.58818	0.74276
10000	104	5.0838	0.630921	0.85381
10000	105	2.25568	0.220367	0.255968
10000	106	3.89647	1.58529	2.23462
10000	107	3.4957	0.465126	5.91614
10000	108	3.35971	0.37733	0.723269
10000	109	8.82968	0.894728	1.34479
10000	110	4.99743	2.09752	0.0285239
10000	111	4.70604	3.01799	4.75433
10000	112	2.6477	4.33714	2.44386
10000	113	3.97916	4.20614	6.14837
10000	114	4.76655	3.37376	4.42476
10000	115	6.52686	1.74784	2.67207
10000	116	3.13956	0.420149	2.44889
10000	117	6.96993	3.09943	4.21856
10000	118	5.4173	2.7743	1.72942
10000	119	18.1668	1.96823	0.852664
10000	120	5.70344	2.80455	1.19426
10000	121	5.04344	2.60678	6.00129
10000	122	12.2264	1.0241	4.37573
10000	123	2.9321	3.90568	5.0399
10000	124	2.11723	3.82056	1.97989
10000	125	5.39543	4.52662	3.63604
10000	126	11.7219	4.96772	4.27642
10000	127	3.03855	2.06669	3.84081
10000	128	5.05627	3.2107	4.86917
10000	129	3.31264	3.56497	0.0692748
10000	130	2.45558	3.50072	4.07591
10000	131	2.81371	0.91825	1.18384
10000	132	5.32512	3.26276	6.09981
10000	133	4.27448	0.170962	2.62081
10000	134	5.48441	0.262211	4.97057
10000	135	3.81335	0.710045	4.75219
10000	136	2.9937	3.14058	4.25769
10000	137	4.50494	0.00638776	4.40089
10000	138	4.91168	4.44805	5.85363
10000	139	3.93166	4.84827	1.85346
10000	140	4.58501	2.41579	2.00119
10000	141	5.30983	3.56468	3.64457
10000	142	12.7707	0.16117	2.92648
10000	143	2.15955	1.54224	2.7487
10000	144	2.38512	1.53364	2.98543
10000	145	5.31142	4.46496	0.441355
10000	146	2.07825	1.01121	2.83029
10000	147	4.04941	3.60806	2.11333
10000	148	1.76755	2.06028	3.41457
10000	149	2.61377	2.26522	3.35794
10000	150	8.48407	0.0680402	3.85317
10000	151	5.12407	3.00673	2.50341
10000	152	2.53955	0.618342	5.51132
10000	153	4.87699	1.00496	4.51683
10000	154	5.24541	3.71269	5.12166
10000	155	4.70669	3.26592	3.57157
10000	156	16.6055	4.58306	4.0458
10000	157	3.5744	4.49479	4.14431
10000	158	4.2951	4.36754	1.33293
10000	159	4.15496	2.80745	5.21907
10000	160	3.84061	0.602651	6.03918
10000	161	2.84587	1.3371	2.5544
10000	162	9.33733	0.390964	0.671616
10000	163	5.47657	0.814084	0.162749
10000	164	1.15213	3.37722	4.06808
10000	165	4.22721	0.205273	0.14864
10000	166	3.91535	1.26902	1.43197
10000	167	2.43604	3.85971	5.01551
10000	168	2.4832	4.09545	1.54479
10000	169	12.0997	0.280713	1.89189
10000	170	5.45757	0.405409	3.95461
10000	171	2.95687	4.43617	5.81458
10000	172	2.57705	4.89851	6.08762
10000	173	5.58929	2.21556	5.65966
10000	174	5.07843	4.97383	4.43765
10000	175	4.43118	0.16018	5.87887
10000	176	4.17796	0.964034	1.47439
10000	177	3.26277	1.60705	0.64952
10000	178	6.00986	3.83893	1.40964
10000	179	6.86938	3.53906	3.16728
10000	180	4.20725	0.273627	2.83202
10000	181	4.17299	4.31858	5.87236
10000	182	11.5063	4.2198	0.917557
10000	183	14.3143	0.735744	4.9291
10000	184	5.00937	0.982577	1.10311
10000	185	16.5626	2.00388	1.4396
10000	186	3.69759	2.6857	1.59242
10000	187	4.02573	3.75787	5.30773
10000	188	4.69309	0.937883	5.34159
10000	189	5.90418	2.28167	3.62855
10000	190	2.77237	0.0699412	5.69856
10000	191	4.33952	1.54045	1.04603
10000	192	5.65297	0.879324	0.907145
10000	193	3.50948	3.7057	5.12873
10000	194	6.455	2.66948	0.0706281
10000	195	3.91692	2.68716	5.08893
10000	196	12.8745	4.44408	4.13439
10000	197	4.15945	2.52859	2.12696
10000	198	4.14923	3.07967	0.444123
10000	199	7.28974	4.2023	1.71311
10000	200	2.50031	0.773379	4.89936
10000	201	5.25022	4.08953	1.77316
10000	202	2.55685	1.86042	2.55616
10000	203	2.83905	2.46933	0.223225
10000	204	2.44991	3.98439	4.61966
10000	205	2.3037	3.58258	2.08998
10000	206	12.5679	2.32793	5.05122
10000	207	3.604	1.10547	4.43504
10000	208	4.31676	4.42251	0.0420629
10000	209	2.52809	3.45232	5.49805
10000	210	12.0941	0.625124	1.39618
10000	211	16.8737	3.3454	3.23241
10000	212	13.1497	2.92825	5.11473
10000	213	2.45648	1.63156	4.24436
10000	214	3.33141	0.0696622	2.2322
10000	215	3.12708	4.40219	1.5863
10000	216	4.81942	2.71343	5.61092
10000	217	2.91963	3.38225	5.10735
10000	218	2.5267	1.26645	3.80668
10000	219	3.08808	3.26067	1.24609
10000	220	5.38081	3.36385	4.3102
10000	221	7.76413	3.88829	5.626
10000	222	2.99971	0.997502	0.504448
10000	223	2.53404	2.60296	4.55963
10000	224	3.60779	2.96015	0.0446919
10000	225	6.52649	3.43958	5.20022
10000	226	3.0141	1.25683	1.35597
10000	227	0.0368893	0.350668	0.694067
10000	228	16.3058	4.36599	3.48381
10000	229	4.40235	1.48793	0.434289
10000	230	7.10307	2.20845	5.79216
10000	231	5.10878	2.24777	2.65379
10000	232	16.7811	1.56269	4.98838
10000	233	3.7711	2.01508	1.63209
10000	234	7.03652	4.80764	1.85805
10000	235	3.98524	4.16284	6.23035
10000	236	4.68681	4.20392	1.56008
10000	237	3.42486	0.926532	4.50932
10000	238	8.59905	4.50581	0.30535
10000	239	5.41989	2.77368	4.22233
10000	240	8.40604	0.438786	5.41848
10000	241	6.38385	4.11047	2.08186
10000	242	3.12725	3.63311	5.8762
10000	243	19.7363	1.39016	4.5642
10000	244	3.69035	1.88342	0.88713
10000	245	2.4664	2.9651	3.19237
10000	246	3.55628	2.90174	0.158222
10000	247	4.99263	4.76249	5.36916
10000	248	2.51937	0.207779	5.54244
10000	249	4.09436	0.919354	5.9604
10000	250	4.09678	0.536236	3.97856
10000	251	4.38107	4.80999	3.27495
10000	252	4.0534	4.34478	1.46666
10000	253	7.30912	3.89823	5.66992
10000	254	5.16239	4.00841	3.72976
10000	255	13.1429	3.14756	2.99811
10000	256	6.25763	2.62328	3.66022
10000	257	3.977	0.486218	5.1864
10000	258	2.71578	2.00503	5.69172
10000	259	4.01468	4.66922	5.40179
10000	260	3.56775	1.97827	2.24756
10000	261	2.91177	4.68236	4.8965
10000	262	4.94787	0.533578	4.56457
10000	263	4.86706	4.20218	3.11367
10000	264	4.44184	1.30266	0.860704
10000	265	16.9477	2.81165	5.48757
10000	266	2.94686	0.0278435	0.0965038
10000	267	1.2198	4.41502	4.53621
10000	268	18.7626	0.306593	4.18829
10000	269	3.53079	4.61197	1.53535
10000	270	3.42848	0.845297	2.08882
10000	271	2.70486	2.34582	2.36824
10000	272	2.79358	0.660128	5.11276
10000	273	6.33398	1.62212	3.42398
10000	274	3.28845	0.335106	3.72855
10000	275	3.05629	1.47516	4.04983
10000	276	3.47346	4.05942	5.86191
10000	277	4.35248	0.50424	3.70673
10000	278	4.36542	0.376031	6.07436
10000	279	4.53003	1.1437	2.41903
10000	280	7.1325	0.795184	5.82043
10000	281	3.79735	1.77855	5.77294
10000	282	2.57883	1.97421	1.03677
10000	283	3.72272	2.76345	6.27428
10000	284	3.56324	1.04603	3.72393
10000	285	4.537	4.83235	0.312961
10000	286	2.58207	4.92025	1.1758
10000	287	2.82219	1.01505	2.0711
10000	288	2.19777	0.805393	3.16393
10000	289	2.39828	0.351776	5.89064
10000	290	3.6318	3.29524	6.05872
10000	291	2.53946	2.18888	2.53266
10000	292	5.62805	1.86058	4.70855
10000	293	6.30687	4.54676	0.245804
10000	294	18.7377	3.85451	2.00482
10000	295	5.74527	3.55115	4.75373
10000	296	2.7934	2.68123	2.36431
10000	297	3.58957	3.97226	5.87351
10000	298	5.07027	3.03324	3.76768
10000	299	10.4696	4.58811	3.69052
10000	300	4.3868	0.396679	5.07929
10000	301	11.5047	0.812507	1.56429
10000	302	5.91807	1.83692	4.78184
10000	303	8.28128	3.60723	1.40557
10000	304	3.39094	0.199318	5.34459
10000	305	4.61817	3.91837	1.31667
10000	306	3.77084	0.497622	1.52771
10000	307	3.37937	4.74712	4.53084
10000	308	4.26833	4.93547	2.49637
10000	309	5.17768	0.283792	2.38447
10000	310	2.73716	2.45317	1.35287
10000	311	1.41637	0.423971	3.10787
10000	312	2.27942	3.45837	2.56427
10000	313	5.98847	4.97417	4.54189
10000	314	5.95705	0.159001	0.328072
10000	315	17.6092	1.24785	4.07322
10000	316	9.17645	2.25766	1.82521
10000	317	3.88099	4.46617	2.04732
10000	318	4.29268	1.96544	0.781374
10000	319	5.25282	4.07683	3.22082
10000	320	6.40842	4.04264	5.33224
10000	321	2.42852	0.914402	2.82837
10000	322	18.5171	3.98188	1.61964
10000	323	4.0558	2.2052	2.00168
10000	324	5.25136	3.74586	3.79267
10000	325	6.75714	4.35875	6.01327
10000	326	2.17373	3.27033	4.06044
10000	327	4.57543	3.85089	1.71575
10000	328	4.9091	0.302853	1.67659
10000	329	5.04281	3.79488	4.85059
10000	330	7.41749	0.372292	0.0912006
10000	331	6.74059	1.07858	1.50317
10000	332	1.92359	2.79027	2.68357
10000	333	4.54826	1.01116	4.48388
10000	334	6.18957	2.88899	3.26056
10000	335	0.837926	2.49016	6.17228
10000	336	4.11019	3.1047	1.16416
10000	337	4.92313	2.89522	5.23684
10000	338	3.79959	2.42046	3.40194
10000	339	8.44751	3.97345	3.81314
10000	340	17.2677	0.165538	0.415349
10000	341	4.84826	2.09156	0.707608
10000	342	2.63801	0.437651	2.76775
10000	343	6.27163	2.59852	1.85572
10000	344	4.56654	3.87673	5.68745
10000	345	2.80077	4.2535	3.05732
10000	346	3.19231	1.24193	3.30645
10000	347	2.42392	0.938372	2.4479
10000	348	10.2896	2.3312	1.58196
10000	349	10.2871	3.07569	3.02105
10000	350	15.4229	2.76321	5.19956
10000	351	4.8428	1.38076	5.28951
10000	352	13.8815	0.720687	0.227445
10000	353	8.97318	3.42687	3.21235
10000	354	3.7679	2.99776	3.9261
10000	355	4.23601	0.561763	4.87578
10000	356	3.87426	0.962443	4.01409
10000	357	1.01991	3.01678	2.6126
10000	358	5.35803	3.91706	1.89077
10000	359	2.98332	4.24591	0.135348
10000	360	5.98544	4.41071	1.36661
10000	361	2.5924	4.40911	5.13473
10000	362	4.10481	4.74993	3.55118
10000	363	4.36738	0.590733	0.427727
10000	364	6.0511	4.18543	4.53829
10000	365	5.63395	2.86142	5.45913
10000	366	4.03774	4.12917	0.922165
10000	367	19.2138	1.59583	5.39515
10000	368	3.01744	4.54732	2.32892
10000	369	4.26446	3.89486	6.17881
10000	370	5.2385	3.09301	2.34079
10000	371	6.34013	1.39981	4.93026
10000	372	2.57682	0.0813828	1.46543
10000	373	5.93352	0.84432	5.40851
10000	374	0.278787	2.61229	2.36775
10000	375	2.96584	0.86179	0.780242
10000	376	6.17519	2.78327	5.32667
10000	377	2.94105	3.33379	5.39337
10000	378	11.7115	2.01771	3.23192
10000	379	5.84219	2.27901	2.45859
10000	380	2.40908	2.07549	4.60973
10000	381	4.27564	4.23586	6.27327
10000	382	8.00769	4.51774	5.06572
10000	383	2.76676	4.07914	6.20589
10000	384	4.57042	0.698995	4.34087
10000	385	6.28906	4.81997	2.08982
10000	386	7.07041	2.85697	1.92984
10000	387	16.4212	2.69806	3.79287
10000	388	4.48548	4.03761	2.61695
10000	389	2.72498	0.470313	2.40484
10000	390	4.33016	2.78988	3.82527
10000	391	4.06427	1.6207	0.0392743
10000	392	7.55831	4.73856	2.05556
10000	393	3.14014	0.200646	3.69011
10000	394	6.84673	2.36948	6.25262
10000	395	6.02459	1.65383	4.36388
10000	396	4.82214	3.39032	4.27932
10000	397	4.2229	2.52878	1.90336
10000	398	3.38994	3.98672	6.21957
10000	399	5.78849	0.31964	1.72783
10000	400	5.5102	4.81391	1.27846
10000	401	18.1321	2.07934	4.19679
10000	402	3.82148	3.80012	1.0096
10000	403	2.53201	3.61224	3.98473
10000	404	1.29356	4.16855	5.65991
10000	405	4.19291	3.57246	4.5435
10000	406	4.15849	2.56105	2.26941
10000	407	2.56639	4.48234	1.03729
10000	408	3.35834	4.79468	2.99331
10000	409	5.17332	2.69836	5.04275
10000	410	3.14882	3.03484	2.22284
10000	411	5.66882	1.6751	3.36453
10000	412	2.68529	4.92063	3.42139
10000	413	2.78901	1.29061	1.3081
10000	414	5.57563	3.22506	4.65674
10000	415	1.47321	3.80564	0.528369
10000	416	3.18539	0.971135	1.2493
10000	417	3.99457	2.39647	2.00149
10000	418	15.3527	3.99898	4.69329
10000	419	3.90404	3.64628	2.96888
10000	420	3.14871	2.45329	0.163985
10000	421	5.71177	4.84	0.767014
10000	422	1.86231	4.63237	4.26771
10000	423	4.12018	3.68346	1.39369
10000	424	6.30647	4.12933	2.2597
10000	425	4.44246	1.59383	2.77995
10000	426	2.42747	4.74078	5.15032
10000	427	4.57981	1.25861	0.763492
10000	428	2.71689	2.93589	1.5413
10000	429	8.19069	0.83909	4.87789
10000	430	2.01117	4.90965	4.75783
10000	431	4.0366	0.846768	0.736496
10000	432	3.06989	4.62724	0.722959
10000	433	3.11775	1.70723	3.77442
10000	434	2.39018	1.64055	4.15314
10000	435	3.91561	2.18615	6.006
10000	436	19.9823	4.51007	2.44184
10000	437	15.9383	2.38123	3.79076
10000	438	5.06279	2.55177	5.10587
10000	439	2.22056	1.97454	2.91041
10000	440	10.2697	1.28933	2.64724
10000	441	2.41921	1.97847	6.12216
10000	442	4.16583	1.25699	0.0118165
10000	443	12.1337	1.48688	1.07472
10000	444	3.1262	0.129307	1.68683
10000	445	3.19985	2.53126	3.96221
10000	446	5.27345	4.82818	1.16659
10000	447	10.973	0.287802	0.597311
10000	448	2.40923	4.54993	3.8262
10000	449	3.82915	0.448616	2.21461
10000	450	5.27606	4.55277	0.213923
10000	451	2.89709	1.27437	2.27962
10000	452	2.83173	2.26675	3.43166
10000	453	11.1298	0.632424	1.55294
10000	454	2.21531	3.76053	4.42438
10000	455	9.82688	4.02655	0.530459
10000	456	4.09528	3.83052	2.09967
10000	457	8.71478	1.13441	0.413231
10000	458	4.71987	1.90334	2.51524
10000	459	4.57209	0.731388	5.8793
10000	460	2.53011	3.02423	5.52331
10000	461	6.52891	0.607813	1.74227
10000	462	5.34854	2.14689	2.36907
10000	463	3.64739	0.0501924	0.717727
10000	464	6.33278	0.535368	5.82952
10000	465	2.74242	2.67539	0.550827
10000	466	5.39975	1.96348	4.24624
10000	467	3.04439	0.542527	1.22406
10000	468	5.00562	3.48257	3.63286
10000	469	2.67149	0.589991	5.64374
10000	470	8.69684	3.99698	0.931988
10000	471	2.31272	3.394	2.89768
10000	472	7.1679	0.129538	3.33459
10000	473	4.78157	0.477652	1.0709
10000	474	9.30832	1.12593	5.41004
10000	475	7.77157	3.59095	3.78219
10000	476	3.90295	4.43784	5.60929
10000	477	3.12825	4.99044	5.20189
10000	478	2.83527	0.662086	0.310387
10000	479	4.4343	1.48163	3.3464
10000	480	7.17837	3.59412	3.34171
10000	481	4.14752	0.458024	1.23957
10000	482	4.19846	0.632509	1.09762
10000	483	4.3654	4.42779	4.01179
10000	484	3.508	2.09529	3.40035
10000	485	5.40311	2.54446	4.43597
10000	486	5.80717	2.05083	4.6611
10000	487	2.74207	1.04687	3.35029
10000	488	3.23414	0.453174	4.70282
10000	489	3.17614	0.813274	1.70426
10000	490	5.49761	1.765	4.72363
10000	491	3.4577	1.86306	0.198359
10000	492	5.35203	3.47725	0.439251
10000	493	5.47074	3.78153	4.75506
10000	494	4.57402	1.42528	2.56682
10000	495	2.90854	2.80133	1.5614
10000	496	3.44515	0.97406	6.13469
10000	497	5.08894	0.682006	4.65082
10000	498	18.1949	1.52709	2.29735
10000	499	5.79135	1.88441	5.24018
12000	0	6.12954	0.166024	1.62962
12000	1	3.69528	0.112546	3.64134
12000	2	4.07491	1.49605	0.911828
12000	3	2.62266	3.2367	0.494988
12000	4	2.29857	4.84905	0.692639
12000	5	2.64778	1.8092	6.05504
12000	6	4.63602	1.27804	5.42787
12000	7	11.5199	3.2341	3.50019
12000	8	5.74926	2.2731	5.53224
12000	9	4.19415	4.8599	2.18044
12000	10	5.47516	1.70832	1.08874
12000	11	3.99292	4.64182	0.996599
12000	12	5.27912	0.755943	5.70262
12000	13	2.85081	0.27491	2.32386
12000	14	4.96456	4.45092	1.98492
12000	15	2.33248	2.0557	5.21404
12000	16	4.0197	3.34385	4.89097
12000	17	5.25839	0.152358	4.06793
12000	18	4.34213	0.855451	4.54633
12000	19	5.86621	4.27692	2.66945
12000	20	5.55573	0.946002	0.821676
12000	21	6.10918	0.0538551	1.62292
12000	22	3.18368	2.01572	4.1914
12000	23	5.264	4.45886	4.15494
12000	24	2.75681	3.62094	4.12574
12000	25	2.72814	2.48709	5.68319
12000	26	4.90609	3.9324	4.92612
12000	27	19.1211	3.73172	1.40974
12000	28	4.80512	0.62946	3.12587
12000	29	4.90086	3.6055	5.57162
12000	30	7.73663	1.92498	3.39343
12000	31	2.35609	4.05756	0.555249
12000	32	17.9899	4.55396	0.423994
12000	33	15.6494	3.92705	2.975
12000	34	5.82045	2.07681	1.3483
12000	35	4.47456	2.2241	3.50179
12000	36	5.39433	1.85373	3.29377
12000	37	6.29139	0.119295	2.66944
12000	38	7.78471	2.1637	3.03899
12000	39	3.90388	4.03779	5.54849
12000	40	3.90634	2.47459	1.25967
12000	41	5.09203	1.16482	2.85195
12000	42	4.58347	1.13127	3.45108
12000	43	6.00553	0.806019	0.75199
12000	44	0.730627	1.74012	0.821178
12000	45	3.53097	0.67648	0.152389
12000	46	5.02391	2.17744	3.11689
12000	47	7.78689	2.25164	5.71363
12000	48	4.74272	3.03392	2.29885
12000	49	1.86122	4.81494	0.136673
12000	50	4.97084	2.34992	0.0733115
12000	51	16.321	1.5524	6.04359
12000	52	2.83809	2.87353	2.17612
12000	53	6.65904	0.610271	0.248389
12000	54	2.7085	4.06551	3.81342
12000	55	3.45841	4.53186	4.11568
12000	56	3.43202	0.274367	5.13117
12000	57	3.3556	0.690755	6.20705
12000	58	2.68729	0.170286	5.86751
12000	59	5.12271	4.93988	6.01676
12000	60	8.17274	2.57853	5.26747
12000	61	3.95206	0.407241	5.02181
12000	62	2.70196	1.53728	6.09752
12000	63	3.5325	2.38043	2.85097
12000	64	7.13158	1.18793	6.26554
12000	65	3.634	4.21234	1.66393
12000	66	2.23047	4.95619	2.44011
12000	67	5.72103	4.44539	1.00339
12000	68	5.9433	2.36309	3.24046
12000	69	19.2452	4.54612	5.57282
12000	70	4.94484	2.60612	5.11038
12000	71	5.03614	2.35801	0.574565
12000	72	9.96137	4.75856	3.48014
12000	73	6.32167	0.921955	1.46685
12000	74	4.10808	3.27963	1.85198
12000	75	2.58971	1.20709	2.37244
12000	76	4.23372	3.78015	5.96061
12000	77	3.74374	1.08993	0.211956
12000	78	5.12651	2.22371	4.16268
12000	79	4.38207	4.66654	2.72478
12000	80	4.26436	4.93722	3.39809
12000	81	8.35315	3.73118	4.72553
12000	82	3.55002	2.1998	5.68085
12000	83	1.21521	2.16735	2.19975
12000	84	5.72516	1.83354	0.803312
12000	85	5.53922	0.449663	5.61386
12000	86	4.7281	4.85924	2.7993
12000	87	5.11717	1.836	2.18992
12000	88	5.87974	1.21995	3.20724
12000	89	2.43936	0.901346	3.04751
12000	90	9.03614	0.123884	3.67553
12000	91	9.24111	3.7568	6.24247
12000	92	3.03179	4.52385	2.23744
12000	93	3.72646	4.0364	0.637636
12000	94	2.03634	2.03387	1.87902
12000	95	4.13923	1.18959	1.38146
12000	96	5.05946	2.7422	1.73214
12000	97	2.78148	1.56912	5.76899
12000	98	7.11196	4.17985	0.826412
12000	99	0.226098	0.312502	2.19371
12000	100	5.27873	0.245114	6.03734
12000	101	3.04262	1.88121	1.61229
12000	102	3.27329	0.308458	4.66018
12000	103	12.1276	1.56993	0.929486
12000	104	3.38754	1.48987	5.02853
12000	105	2.21898	3.7842	5.62119
12000	106	3.22774	3.20037	2.46577
12000	107	4.09081	1.60779	0.239954
12000	108	3.22178	1.27456	2.54414
12000	109	3.32749	4.59614	2.56673
12000	110	4.43225	0.135976	0.806289
12000	111	6.23986	3.25978	1.85452
12000	112	5.34006	3.77759	3.29543
12000	113	4.28267	2.41561	0.330806
12000	114	2.97088	3.27768	2.63236
12000	115	3.09325	3.03891	2.12111
12000	116	7.54307	0.185318	1.78595
12000	117	3.98077	0.931748	1.40539
12000	118	7.31303	0.685385	5.34424
12000	119	1.34565	4.43997	3.28858
12000	120	5.42205	4.27102	5.98434
12000	121	2.84663	3.26733	5.79333
12000	122	7.50132	2.31947	0.534311
12000	123	2.60455	1.40064	2.58029
12000	124	2.16397	3.30841	4.97087
12000	125	4.33136	3.88504	5.60011
12000	126	3.0584	4.07892	4.29903
12000	127	3.96189	1.56975	2.93643
12000	128	2.76521	3.29606	2.88582
12000	129	8.00736	3.49196	1.75335
12000	130	4.09107	3.44726	5.17009
12000	131	2.27435	4.37006	0.86371
12000	132	4.71749	0.636387	1.14408
12000	133	13.6235	1.63006	5.04431
12000	134	4.23563	0.825989	1.60995
12000	135	18.6624	0.444376	5.53599
12000	136	14.1599	1.77731	2.42047
12000	137	5.8202	3.66259	3.88625
12000	138	4.8338	2.26175	1.24489
12000	139	4.42715	4.3839	2.22314
12000	140	6.7695	2.19895	1.78064
12000	141	7.61934	1.63039	1.15575
12000	142	3.19811	3.15106	4.92439
12000	143	4.45187	4.86802	4.5631
12000	144	5.56576	3.10601	5.47681
12000	145	9.90536	4.46738	4.037
12000	146	2.49494	0.493664	2.30716
12000	147	14.4263	1.56051	4.40077
12000	148	8.56124	2.36547	6.10987
12000	149	2.35617	3.02118	4.26966
12000	150	12.9427	0.763685	3.41303
12000	151	4.30512	0.623882	5.41149
12000	152	4.4071	2.49738	4.38313
12000	153	5.21281	0.525528	5.37879
12000	154	9.42624	3.09736	0.276292
12000	155	16.8979	4.284	5.45993
12000	156	4.1538	4.97849	0.257895
12000	157	2.17392	4.28741	1.38343
12000	158	3.50017	2.32627	4.46128
12000	159	4.82843	3.778	4.55593
12000	160	2.87515	0.189854	2.50973
12000	161	3.71746	3.53049	4.97275
12000	162	6.36131	1.89294	4.50093
12000	163	6.8216	1.937	2.93257
12000	164	3.7751	2.20786	1.89388
12000	165	2.66345	4.584	0.216199
12000	166	5.44759	1.02184	2.5298
12000	167	2.14874	4.97505	0.544883
12000	168	4.0123	2.89944	2.82621
12000	169	3.98721	2.93713	5.65967
12000	170	5.23834	2.92109	0.658094
12000	171	11.4054	4.52253	2.64071
12000	172	6.42826	0.599653	0.923627
12000	173	3.01423	1.67192	6.24626
12000	174	2.3767	2.06897	3.24724
12000	175	4.79186	0.024916	2.91475
12000	176	3.50161	1.37954	4.97771
12000	177	4.30167	1.46706	3.93102
12000	178	5.91357	4.55128	5.53125
12000	179	12.1692	4.35603	0.380101
12000	180	4.40356	3.51646	5.72902
12000	181	3.43089	4.41634	1.89568
12000	182	5.27076	3.72912	2.87581
12000	183	19.5855	2.76821	5.98888
12000	184	5.0961	1.85886	1.376
12000	185	10.3798	1.5677	3.00319
12000	186	3.9825	4.70349	5.53952
12000	187	3.50719	2.77357	2.64567
12000	188	5.27577	3.13854	4.91677
12000	189	4.37614	4.81319	4.82324
12000	190	2.99566	2.43269	0.739449
12000	191	4.52619	4.42757	5.22778
12000	192	5.3673	4.05207	5.59868
12000	193	5.64354	2.30443	1.7385
12000	194	0.748407	4.83078	3.18839
12000	195	8.57565	3.30323	3.72635
12000	196	1.06735	4.83413	1.50809
12000	197	16.2614	2.31693	0.110961
12000	198	4.5507	2.62527	3.83378
12000	199	4.819	2.56113	0.241847
12000	200	2.34394	2.23586	1.24071
12000	201	15.7269	2.15352	0.134113
12000	202	1.89075	2.73649	3.3739
12000	203	1.08575	0.188237	4.38906
12000	204	3.36757	1.00346	0.506401
12000	205	4.28223	1.37389	4.72576
12000	206	2.17283	4.23161	2.72304
12000	207	2.36756	1.69173	2.72734
12000	208	5.88228	3.76296	3.61307
12000	209	5.02432	4.19766	2.85287
12000	210	3.84775	0.215101	0.128395
12000	211	8.30121	4.49923	2.38859
12000	212	6.7429	1.92674	5.23451
12000	213	4.7001	2.47602	4.18637
12000	214	2.37186	2.20595	0.618899
12000	215	5.29199	4.58247	5.31348
12000	216	3.29518	3.28779	0.925512
12000	217	6.07408	3.16154	6.05572
12000	218	2.84324	1.97912	3.58038
12000	219	3.67813	0.581363	0.434909
12000	220	4.46894	0.698093	3.0991
12000	221	5.09893	4.20416	3.02674
12000	222	3.41304	3.59603	4.50957
12000	223	6.77997	2.22983	2.50835
12000	224	5.56901	0.706669	4.16284
12000	225	3.00947	0.585675	4.76096
12000	226	3.45469	4.94173	1.16615
12000	227	3.41004	0.819991	2.27099
12000	228	6.36693	0.294215	5.50785
12000	229	9.71734	0.23927	5.68696
12000	230	4.36886	3.46138	4.21151
12000	231	2.46019	1.71406	0.855794
12000	232	1.76768	3.90237	2.39099
12000	233	2.91742	0.0429399	1.796
12000	234	5.21989	1.52793	0.635755
12000	235	5.43214	0.68596	5.26188
12000	236	3.65012	1.01668	5.8227
12000	237	4.99093	3.3816	2.70277
12000	238	9.95216	1.95774	2.01119
12000	239	3.00057	4.25968	4.72127
12000	240	2.2734	3.33363	2.71771
12000	241	2.50965	2.75899	5.10155
12000	242	4.64137	4.11814	5.89084
12000	243	4.78421	3.19345	2.74312
12000	244	4.35942	3.52219	5.19153
12000	245	3.88312	0.461209	4.75879
12000	246	2.37856	2.48939	2.01803
12000	247	18.7568	0.330991	4.58446
12000	248	18.1286	3.97885	5.17625
12000	249	2.74675	0.224387	0.348749
12000	250	5.85066	3.72705	3.88198
12000	251	2.96809	1.97375	3.85293
12000	252	12.4119	4.6338	0.607741
12000	253	3.63755	3.56514	2.88045
12000	254	5.36577	1.7595	3.79941
12000	255	2.32241	1.83981	4.77216
12000	256	3.15055	3.33309	1.84175
12000	257	6.4131	0.332599	1.38045
12000	258	5.51958	2.85167	1.2075
12000	259	4.02843	0.539303	0.163052
12000	260	4.2354	1.45274	1.02757
12000	261	13.644	4.72923	2.89138
12000	262	2.37057	1.02029	0.0366292
12000	263	4.85401	4.11822	4.98164
12000	264	2.63436	4.82719	3.25177
12000	265	2.41091	2.86722	2.7216
12000	266	7.15804	2.75735	1.30905
12000	267	4.16296	1.40733	3.12148
12000	268	4.76778	2.05979	5.67633
12000	269	3.04512	0.00435673	0.986487
12000	270	3.46385	4.20696	1.9076
12000	271	3.36597	3.20731	2.88558
12000	272	4.37629	2.74086	3.79276
12000	273	15.1147	0.563497	3.63047
12000	274	4.9762	4.7348	4.59637
12000	275	5.69597	2.86669	0.918803
12000	276	3.23842	2.59849	3.03467
12000	277	3.50312	1.91497	1.81418
12000	278	3.75944	0.678283	5.95603
12000	279	4.61063	3.92641	2.8263
12000	280	6.15207	3.70966	4.97379
12000	281	3.95068	1.28698	3.73253
12000	282	1.6685	3.16716	6.24423
12000	283	5.08535	3.66319	3.62982
12000	284	3.67226	1.07277	1.00992
12000	285	2.43486	3.35099	2.20925
12000	286	3.63643	1.24434	0.780495
12000	287	8.85894	4.22232	1.14607
12000	288	7.66427	2.06532	0.149372
12000	289	2.36549	0.159745	3.04589
12000	290	3.29066	0.637102	3.21031
12000	291	6.23266	0.0488088	2.50693
12000	292	2.15734	3.33105	3.91294
12000	293	2.40583	4.50722	2.79412
12000	294	3.70658	0.902353	0.7991
12000	295	10.094	3.02951	6.08973
12000	296	2.89322	4.09399	0.462949
12000	297	3.22043	4.43336	3.82696
12000	298	7.1859	4.08768	3.13264
12000	299	2.44069	3.96	0.973929
12000	300	7.66346	4.33103	1.94934
12000	301	10.6793	4.39509	5.55063
12000	302	3.3815	4.14397	4.62469
12000	303	2.89103	0.867988	5.12391
12000	304	4.22133	1.24714	5.91655
12000	305	2.35797	4.21867	6.16301
12000	306	2.14852	0.836755	4.87382
12000	307	4.8412	4.91241	1.41634
12000	308	4.41351	2.86125	3.59699
12000	309	6.57245	3.16051	1.86118
12000	310	2.71698	2.35204	0.88261
12000	311	2.58768	3.59243	3.13482
12000	312	5.05962	2.91424	3.07503
12000	313	12.7667	1.72553	1.82158
12000	314	5.47116	0.00543135	0.254996
12000	315	1.11593	2.38516	5.25599
12000	316	7.75997	2.48278	2.20878
12000	317	5.12637	2.03758	3.06989
12000	318	3.65482	4.88179	0.799187
12000	319	5.50449	3.14742	5.7302
12000	320	7.88053	1.75539	3.38075
12000	321	4.12424	2.39854	2.8009
12000	322	7.0117	2.41091	3.54622
12000	323	3.28939	0.213943	4.21334
12000	324	13.9173	0.92539	1.40304
12000	325	0.898835	3.9818	3.05165
12000	326	8.34507	3.64431	4.16987
12000	327	4.01934	1.48212	6.22853
12000	328	3.11013	4.13187	1.962
12000	329	0.292421	4.26135	0.341027
12000	330	6.64809	3.039	0.40991
12000	331	4.67061	0.88693	4.81256
12000	332	5.90075	4.15579	2.32377
12000	333	2.98689	2.48748	5.16625
12000	334	4.39738	4.97147	4.64904
12000	335	2.56127	0.474124	1.70841
12000	336	5.0505	1.36781	2.3986
12000	337	4.74831	0.00188087	2.08964
12000	338	3.01308	3.07177	5.03413
12000	339	1.91349	4.53867	5.6447
12000	340	3.90307	4.87474	3.98737
12000	341	9.19541	2.16413	2.36464
12000	342	2.8239	0.843525	5.18759
12000	343	4.32777	3.86094	1.97654
12000	344	4.89037	3.79123	3.45397
12000	345	5.65445	2.73052	0.500573
12000	346	3.65507	1.489	1.20303
12000	347	8.98094	3.36353	2.10729
12000	348	5.6266	4.23036	0.800487
12000	349	3.50015	0.31314	0.0241729
12000	350	4.21569	1.8717	3.1708
12000	351	5.07538	3.81696	3.46317
12000	352	3.6643	0.668351	1.51885
12000	353	3.22333	0.446155	2.62338
12000	354	6.5465	1.049	3.82019
12000	355	4.08544	4.96225	6.14669
12000	356	4.82612	1.26579	0.696292
12000	357	5.42105	2.29579	2.04951
12000	358	3.1499	3.04804	1.12624
12000	359	9.44641	4.18842	2.83466
12000	360	18.4877	2.3838	4.04899
12000	361	1.832	4.73722	5.76381
12000	362	6.7591	2.58495	5.58805
12000	363	15.2471	2.46866	4.08837
12000	364	5.1318	0.962811	5.97431
12000	365	1.64516	2.76888	1.22649
12000	366	4.61712	4.28416	1.11749
12000	367	4.99225	4.87975	4.65169
12000	368	5.8525	1.18929	0.45132
12000	369	14.6643	0.404564	3.21039
12000	370	3.4928	2.38196	6.07661
12000	371	16.1903	1.80956	4.55804
12000	372	8.37968	3.60825	3.86714
12000	373	4.61151	3.20469	5.30024
12000	374	6.90134	3.88326	6.26038
12000	375	3.86788	1.71532	4.03343
12000	376	6.02828	3.38058	3.09823
12000	377	3.48361	3.69699	0.957365
12000	378	4.48262	3.46166	0.166083
12000	379	3.47918	1.78164	4.66089
12000	380	19.0369	3.71049	0.500405
12000	381	5.37105	0.08989	6.28232
12000	382	5.50154	2.33396	4.37606
12000	383	2.90849	2.05726	5.63473
12000	384	2.53748	0.244032	4.20891
12000	385	3.43192	0.379824	4.69561
12000	386	14.3821	0.193871	1.74243
12000	387	3.27883	4.89457	0.180357
12000	388	4.41421	4.14735	1.07937
12000	389	3.31834	2.03029	1.17862
12000	390	3.48881	3.53191	1.58514
12000	391	0.0408424	2.16997	2.24419
12000	392	2.47361	2.29851	2.5687
12000	393	14.4462	4.5892	1.16485
12000	394	5.6405	4.59259	5.93661
12000	395	2.60587	0.211384	1.02734
12000	396	13.881	4.16408	4.85701
12000	397	2.12646	2.70186	2.5259
12000	398	2.42194	0.608608	0.353907
12000	399	4.5819	2.08403	4.03092
12000	400	2.61628	0.0749441	0.169163
12000	401	5.05838	3.83999	0.309477
12000	402	4.54686	1.04014	0.889443
12000	403	3.18061	1.51356	0.639796
12000	404	3.98183	4.4641	4.70379
12000	405	2.6592	2.75728	3.73147
12000	406	1.85328	1.49408	0.249349
12000	407	4.59416	2.4488	5.61761
12000	408	1.81503	3.27019	0.327985
12000	409	4.69877	0.64176	4.01663
12000	410	4.13332	1.61948	2.12581
12000	411	2.70127	2.15546	5.63617
12000	412	18.544	1.31077	2.02633
12000	413	4.43552	0.805658	5.88228
12000	414	3.95252	3.4061	1.73119
12000	415	2.95599	2.38089	2.44949
12000	416	8.03024	1.89431	5.91768
12000	417	4.60685	3.19732	5.48389
12000	418	5.65802	2.70366	2.24739
12000	419	3.85691	2.08503	1.12683
12000	420	4.81789	3.35996	3.02683
12000	421	2.26723	3.81501	2.89263
12000	422	3.69274	0.958833	1.56746
12000	423	4.5742	4.79424	0.531784
12000	424	12.8484	1.35104	2.61871
12000	425	6.74202	1.22428	4.82475
12000	426	2.48064	3.64143	6.01498
12000	427	4.02857	4.86672	1.1432
12000	428	8.04715	3.73679	4.4349
12000	429	3.41564	2.28044	3.38552
12000	430	6.83649	4.75851	2.58129
12000	431	3.27718	1.16164	1.92116
12000	432	4.87719	2.97203	0.723396
12000	433	2.72265	2.04101	4.84117
12000	434	17.662	0.386699	3.01867
12000	435	18.5206	0.372157	3.01222
12000	436	3.19432	2.95855	2.63019
12000	437	3.94323	3.3846	3.9036
12000	438	4.39683	3.1453	3.48157
12000	439	1.00574	1.08121	0.599063
12000	440	3.89229	2.84586	3.22971
12000	441	2.23292	0.879784	0.00473533
12000	442	2.6085	1.897	2.90485
12000	443	7.40552	1.1313	0.440207
12000	444	5.80407	3.0313	6.1227
12000	445	8.88856	4.25758	2.42682
12000	446	5.09524	0.475783	2.77462
12000	447	4.3496	1.8537	4.94703
12000	448	3.66672	2.30404	3.57944
12000	449	5.55509	4.23515	6.02673
12000	450	2.99057	0.165724	0.269773
12000	451	3.48701	0.148666	2.18332
12000	452	9.65588	2.36884	1.76031
12000	453	3.01533	1.51403	1.10326
12000	454	2.31771	4.85034	1.7425
12000	455	5.77722	0.709184	5.88183
12000	456	3.04258	0.000557717	4.39568
12000	457	3.50163	2.44046	1.62071
12000	458	4.8449	3.0829	0.209633
12000	459	1.69972	4.7999	5.22775
12000	460	5.243	4.05074	6.11624
12000	461	7.19087	4.43376	3.7351
12000	462	0.0786022	3.5118	1.51871
12000	463	5.9795	0.615381	3.03384
12000	464	2.85696	2.44353	3.66917
12000	465	12.5905	2.54355	0.678443
12000	466	6.77016	0.0252325	6.03446
12000	467	4.4137	1.85132	2.87389
12000	468	0.0878568	4.0502	3.07811
12000	469	4.2766	2.13544	1.52536
12000	470	5.65555	3.45127	4.60319
12000	471	2.78155	0.513782	2.78586
12000	472	2.56012	2.3843	1.23626
12000	473	19.8073	4.27514	2.95022
12000	474	3.80785	0.584922	1.52727
12000	475	4.73749	2.62313	5.24905
12000	476	5.93736	4.72255	6.2436
12000	477	3.34318	1.029	4.88512
12000	478	3.4517	0.353387	6.13038
12000	479	7.44918	4.63262	1.34003
12000	480	2.24981	1.99305	5.88304
12000	481	3.30736	3.30103	3.55785
12000	482	7.59214	4.86159	3.11018
12000	483	3.56209	3.78985	1.20131
12000	484	4.05553	4.81895	3.68101
12000	485	2.82438	1.64012	4.55739
12000	486	5.3422	1.82801	3.19924
12000	487	5.6618	4.81699	0.0437583
12000	488	17.4943	4.87899	2.91105
12000	489	2.31205	4.02402	1.85142
12000	490	15.5073	2.54989	3.63723
12000	491	4.47327	1.95588	1.65683
12000	492	4.58068	0.411984	6.26909
12000	493	3.08795	1.38094	1.30669
12000	494	5.56194	0.244063	4.68743
12000	495	2.18964	1.66063	1.15283
12000	496	3.37424	0.757581	3.28659
12000	497	2.42997	1.04634	1.81505
12000	498	4.70468	0.12094	2.32524
12000	499	2.43514	2.73145	2.09702
14000	0	4.98301	0.277618	0.284048
14000	1	5.81532	0.660578	0.945996
14000	2	7.89064	3.54213	0.236485
14000	3	4.95921	4.50618	6.1084
14000	4	11.3304	1.30194	3.57008
14000	5	4.3044	4.52796	4.83927
14000	6	4.95353	3.39612	2.91574
14000	7	3.01887	2.48534	5.05366
14000	8	5.00982	4.10255	5.06084
14000	9	9.7649	0.389531	6.1881
14000	10	2.31172	4.84825	2.48587
14000	11	4.18864	1.04535	5.7441
14000	12	18.0831	2.93654	2.68431
14000	13	3.47586	0.132381	2.20111
14000	14	4.69439	3.41869	4.77922
14000	15	13.0138	0.860024	2.5085
14000	16	14.7148	2.40492	0.392627
14000	17	6.17192	3.38429	2.00074
14000	18	18.8335	2.87228	0.610752
14000	19	4.05782	1.53004	5.58869
14000	20	2.36364	4.22705	1.2796
14000	21	3.49092	3.35188	4.91039
14000	22	8.55022	0.826139	0.334051
14000	23	2.92127	4.03909	2.73618
14000	24	4.14412	3.59283	1.60091
14000	25	3.76446	1.28396	4.42876
14000	26	2.22751	4.9428	4.55802
14000	27	2.49261	1.94387	0.709592
14000	28	3.74338	2.43019	5.91341
14000	29	18.7921	4.82044	0.0579677
14000	30	11.7285	0.572296	5.2535
14000	31	4.65523	3.71877	2.85551
14000	32	3.52741	0.875369	4.28233
14000	33	4.07001	1.40963	5.28632
14000	34	3.69518	0.609992	3.66765
14000	35	4.30189	0.748085	1.6192
14000	36	6.47949	3.76254	0.567797
14000	37	4.21555	0.126741	4.11001
14000	38	13.2624	0.118717	5.02603
14000	39	9.91382	2.6568	0.0564549
14000	40	7.47693	2.89953	0.139802
14000	41	5.3383	0.227005	2.54683
14000	42	4.85825	1.36632	4.91489
14000	43	8.29451	0.479232	4.29887
14000	44	10.5088	0.0473437	0.945604
14000	45	5.21209	1.95067	3.55358
14000	46	4.93246	4.60331	3.17384
14000	47	4.35895	3.26879	5.43671
14000	48	2.43086	3.63506	2.59397
14000	49	6.83437	1.38652	4.96403
14000	50	3.65098	0.310682	0.628812
14000	51	4.84694	4.80897	4.72777
14000	52	5.1388	3.93516	5.5349
14000	53	2.44688	4.24777	1.35303
14000	54	5.35792	3.9254	3.3105
14000	55	11.5714	1.41665	3.71422
14000	56	3.40334	4.65251	0.688187
14000	57	5.92385	2.53776	5.37634
14000	58	14.3459	0.873909	0.734923
14000	59	3.37364	3.14586	2.78696
14000	60	3.34316	0.524657	0.77874
14000	61	3.92761	2.84709	4.70102
14000	62	2.90707	2.31683	5.20779
14000	63	2.68876	3.768	4.05558
14000	64	3.81491	1.71895	1.45268
14000	65	4.70971	0.762985	0.87617
14000	66	4.33973	4.06532	4.05515
14000	67	0.293676	3.30588	4.45005
14000	68	4.26098	2.46401	2.45845
14000	69	2.29059	2.63592	3.42874
14000	70	19.515	3.78965	6.02761
14000	71	17.9267	2.77965	5.33137
14000	72	5.35657	0.551997	1.34272
14000	73	2.59376	4.13232	1.84049
14000	74	7.25668	0.60198	0.586435
14000	75	4.02735	4.93174	5.24916
14000	76	15.9268	4.62468	3.9607
14000	77	2.7454	0.655436	2.92986
14000	78	9.35624	0.202454	0.808957
14000	79	5.19592	2.7076	1.565
14000	80	4.66623	3.5944	5.21574
14000	81	3.47468	2.47506	0.657045
14000	82	15.6727	1.28632	0.124976
14000	83	3.40519	1.50045	0.276225
14000	84	2.63009	2.9804	2.32856
14000	85	11.135	0.725038	5.68628
14000	86	3.84727	2.41646	0.013413
14000	87	3.2339	2.02858	1.20833
14000	88	11.5691	1.5787	6.06428
14000	89	19.2505	4.42673	0.145104
14000	90	4.84969	1.08734	2.23475
14000	91	5.76951	4.67436	0.0301898
14000	92	18.982	2.72832	2.78554
14000	93	5.8899	2.05219	2.62325
14000	94	5.42909	4.56135	0.471358
14000	95	4.77869	3.61603	2.5876
14000	96	18.9749	0.8477	5.7114
14000	97	4.64163	0.940068	3.48982
14000	98	3.77851	3.24923	2.05921
14000	99	18.8704	1.54436	6.25236
14000	100	17.6999	2.4018	4.5566
14000	101	4.08699	3.30362	2.88873
14000	102	5.55959	4.32009	1.5809
14000	103	6.3597	0.224894	6.26643
14000	104	4.72926	1.01892	0.241625
14000	105	6.62752	0.667421	0.0173608
14000	106	5.03577	4.88323	5.0479
14000	107	2.73792	4.72524	0.192118
14000	108	4.90879	4.57324	3.59227
14000	109	3.97558	2.00064	4.775
14000	110	4.60514	3.79541	0.979548
14000	111	18.6041	4.63307	0.622201
14000	112	2.67162	1.98013	1.40948
14000	113	4.07421	1.61431	0.949142
14000	114	3.75429	4.83109	4.64823
14000	115	4.37883	0.506771	6.26403
14000	116	1.05367	0.376503	4.67645
14000	117	15.1493	2.41068	4.41998
14000	118	5.69905	1.92099	1.72555
14000	119	5.66922	4.33924	4.77332
14000	120	2.72619	4.51416	4.6779
14000	121	5.62926	1.74415	3.03064
14000	122	4.96642	4.65788	3.18025
14000	123	3.18326	0.513849	4.98053
14000	124	12.6175	1.20967	6.11369
14000	125	6.54106	0.152365	4.36732
14000	126	4.96598	0.523132	3.64754
14000	127	9.06148	2.3227	6.06809
14000	128	14.97	1.83457	1.01403
14000	129	3.34228	3.18944	0.587652
14000	130	7.05126	4.11433	0.652431
14000	131	3.78021	4.75196	5.87363
14000	132	4.14085	4.05361	1.14464
14000	133	2.5891	3.11788	6.0692
14000	134	1.98195	1.49066	1.47173
14000	135	4.52573	0.197262	2.20825
14000	136	4.76202	1.46621	2.04408
14000	137	4.45784	1.17868	1.06971
14000	138	5.06833	3.23623	0.470843
14000	139	5.35329	3.04285	0.0491247
14000	140	5.79175	2.83362	5.07318
14000	141	2.97126	3.07505	3.60314
14000	142	7.7031	0.688005	5.07521
14000	143	6.13089	1.42337	1.7478
14000	144	5.3031	1.22658	3.09843
14000	145	4.61957	2.28974	2.12512
14000	146	2.73066	3.24812	1.39676
14000	147	2.88137	4.18426	3.84648
14000	148	18.8384	3.62794	3.47166
14000	149	14.9368	3.22726	4.39058
14000	150	3.06295	3.31952	3.85584
14000	151	4.00847	1.83925	4.16951
14000	152	2.26877	1.24527	3.50767
14000	153	5.83846	3.70168	2.39484
14000	154	4.69636	2.37681	3.87877
14000	155	4.0665	3.99448	1.57984
14000	156	4.82284	1.77303	1.90399
14000	157	5.49138	1.54802	2.55597
14000	158	17.8713	3.45455	5.5293
14000	159	12.3014	3.04506	2.27537
14000	160	1.65021	3.94594	2.77197
14000	161	4.35896	4.68711	0.0576044
14000	162	5.11226	3.59251	0.941626
14000	163	4.38939	3.37122	0.267974
14000	164	4.19721	2.41855	3.57068
14000	165	5.58501	1.7841	1.00479
14000	166	5.00426	2.9777	0.582765
14000	167	5.73179	4.63339	3.8727
14000	168	5.41248	4.07978	1.24108
14000	169	17.637	1.24768	4.10191
14000	170	3.79315	1.74492	0.442999
14000	171	4.1458	1.54718	0.243746
14000	172	4.33148	3.87486	3.64864
14000	173	5.51041	3.80257	0.790594
14000	174	11.4404	3.86875	3.28147
14000	175	5.06155	0.0071327	5.71915
14000	176	3.89034	3.85683	4.25597
14000	177	12.8674	3.99587	4.3102
14000	178	3.75848	3.11742	4.31555
14000	179	2.19364	3.44514	4.21161
14000	180	0.0200596	2.29067	4.36624
14000	181	17.7202	1.77486	2.21764
14000	182	5.26276	4.78595	2.76279
14000	183	2.00358	0.243378	4.71964
14000	184	8.29913	4.21371	0.900154
14000	185	3.34458	3.70398	4.4606
14000	186	2.63603	0.62699	3.31441
14000	187	4.17701	4.93977	4.24018
14000	188	5.70996	0.992378	5.57879
14000	189	13.5937	4.4798	2.4096
14000	190	6.50466	4.29354	3.30138
14000	191	9.13208	4.03467	2.99828
14000	192	3.90874	4.24476	4.65377
14000	193	2.59225	4.84398	1.09859
14000	194	7.55854	3.92093	4.50641
14000	195	5.74837	1.44702	0.322906
14000	196	6.87328	4.40125	2.40084
14000	197	2.84161	0.903602	6.20312
14000	198	11.3739	1.008	1.93997
14000	199	5.7227	3.50968	5.74295
14000	200	4.07241	3.16364	4.12459
14000	201	4.33019	2.90512	1.27988
14000	202	4.49216	4.58637	3.07407
14000	203	6.08306	4.40912	3.32228
14000	204	1.98098	3.56404	5.671
14000	205	3.11424	2.68315	3.73964
14000	206	2.60677	0.938232	2.25152
14000	207	2.58278	1.79699	0.676884
14000	208	4.2524	1.11155	1.35686
14000	209	4.08976	2.505	2.39003
14000	210	17.7746	3.49649	5.85812
14000	211	5.76761	3.02921	1.27949
14000	212	5.74073	2.62866	0.897489
14000	213	10.9885	3.42934	0.669085
14000	214	2.42054	0.772843	4.35333
14000	215	3.70955	0.929406	1.87322
14000	216	3.99392	4.73335	0.223304
14000	217	4.13427	1.95049	4.36097
14000	218	5.45519	4.69122	1.41869
14000	219	3.10937	0.323987	2.20903
14000	220	7.82326	4.16008	1.08483
14000	221	7.31383	1.64192	2.06304
14000	222	3.67908	0.175807	1.16073
14000	223	9.3355	3.79656	2.0574
14000	224	18.2107	0.874702	6.14499
14000	225	3.15529	3.62258	3.02499
14000	226	2.81458	2.92549	3.49359
14000	227	3.441	0.716878	4.03378
14000	228	4.39379	4.5606	5.34333
14000	229	4.62749	0.534601	6.21958
14000	230	4.21336	4.10814	4.96609
14000	231	9.77958	2.78588	1.57805
14000	232	4.69913	4.20416	5.07949
14000	233	3.28524	3.97976	5.64106
14000	234	2.70151	4.69284	1.50321
14000	235	4.85202	1.6271	5.54344
14000	236	4.64294	0.0349371	5.33177
14000	237	5.66311	1.43578	0.663633
14000	238	3.6748	2.5029	5.59673
14000	239	3.94468	3.58869	1.88162
14000	240	17.2061	3.46326	3.35144
14000	241	3.77673	0.979034	4.78082
14000	242	4.13667	0.864774	4.26361
14000	243	3.66879	2.82255	3.11753
14000	244	5.21454	0.935906	0.604038
14000	245	3.77526	0.614181	1.98565
14000	246	5.79181	1.8664	1.39573
14000	247	4.43844	2.88401	4.56199
14000	248	6.05486	4.62098	0.528034
14000	249	5.28198	3.73633	3.5648
14000	250	4.03398	4.28202	3.26735
14000	251	5.66716	3.79846	0.297294
14000	252	5.45754	3.57629	2.97103
14000	253	4.30257	2.2356	5.39288
14000	254	3.18353	2.27441	0.360778
14000	255	6.71428	2.88496	5.47484
14000	256	4.40207	1.997	5.09605
14000	257	5.08689	3.29688	0.323965
14000	258	2.54912	0.082174	0.866411
14000	259	1.82362	4.18312	1.23536
14000	260	2.80235	2.87211	4.42445
14000	261	2.17457	0.189338	0.975626
14000	262	2.35513	3.19687	3.46622
14000	263	5.18055	3.47695	2.45356
14000	264	3.95882	2.72357	0.917699
14000	265	4.59614	3.81917	1.31772
14000	266	5.28259	4.91484	3.55739
14000	267	4.31157	4.58232	5.78697
14000	268	4.53146	2.87024	2.79455
14000	269	5.6884	2.22612	3.73276
14000	270	3.60743	3.81985	1.36078
14000	271	4.38399	0.475101	4.88416
14000	272	3.63255	1.0182	5.59131
14000	273	2.03711	4.03324	5.80579
14000	274	4.49181	4.88568	4.08117
14000	275	6.18683	1.08107	1.16718
14000	276	6.13251	2.42993	0.905876
14000	277	5.12301	2.20266	3.11956
14000	278	3.60509	0.759245	1.72152
14000	279	1.12466	2.55224	0.944246
14000	280	6.62519	1.8005	6.01207
14000	281	2.32913	2.69883	2.77278
14000	282	13.7472	1.19908	4.69092
14000	283	4.82399	1.02368	4.26717
14000	284	2.4728	1.60062	1.33792
14000	285	18.7008	0.903887	2.48188
14000	286	1.64242	4.12492	0.260157
14000	287	3.69122	3.57563	5.59437
14000	288	4.7205	4.47985	3.88194
14000	289	5.91828	0.14315	3.00537
14000	290	18.7338	0.957458	0.45759
14000	291	3.25303	1.10421	1.58991
14000	292	6.11246	1.84148	4.47744
14000	293	1.4113	1.01763	0.729877
14000	294	15.9384	1.6934	4.42656
14000	295	2.06344	0.739159	6.21689
14000	296	3.34888	4.2042	1.23089
14000	297	7.00035	4.79637	2.57013
14000	298	4.00858	0.642907	6.11644
14000	299	2.19221	2.26172	5.75227
14000	300	5.41619	3.82369	4.19396
14000	301	2.31324	2.95105	4.25253
14000	302	3.19529	2.29385	0.918682
14000	303	3.12507	4.02532	2.13346
14000	304	4.90071	0.214237	5.33026
14000	305	4.16142	1.38904	0.875289
14000	306	5.65472	3.4592	4.95397
14000	307	4.66308	0.160012	2.31474
14000	308	4.12362	1.25524	5.90776
14000	309	4.70095	1.95372	0.795691
14000	310	18.8367	0.920064	2.99758
14000	311	9.12096	3.44089	1.57862
14000	312	2.71545	3.73674	0.0618704
14000	313	2.87922	2.56571	1.10015
14000	314	4.04551	0.480065	2.58027
14000	315	3.53741	0.698735	0.290514
14000	316	13.3855	2.83946	4.08525
14000	317	3.99261	2.83883	0.849157
14000	318	5.84817	4.08527	1.33009
14000	319	4.61798	1.66393	1.64014
14000	320	8.23578	4.72698	1.67834
14000	321	6.16397	1.86276	2.50336
14000	322	2.77939	1.4078	0.968197
14000	323	5.02021	3.72878	5.62382
14000	324	5.5793	1.39324	4.6392
14000	325	5.8123	0.0256515	2.52251
14000	326	4.10959	3.94559	0.564714
14000	327	2.60865	3.17883	5.58494
14000	328	4.92887	3.68659	4.04324
14000	329	4.18888	3.53197	0.193438
14000	330	5.23744	3.88194	6.08079
14000	331	3.72078	3.89548	0.0697118
14000	332	2.48769	2.1526	1.7054
14000	333	3.70276	2.56839	2.35542
14000	334	2.56262	3.74628	2.31256
14000	335	2.96244	4.29872	2.34976
14000	336	6.04675	1.57565	1.96311
14000	337	5.88586	2.51265	3.53807
14000	338	3.11663	4.52547	4.1897
14000	339	4.51725	3.49847	1.97785
14000	340	5.58583	4.67855	4.10863
14000	341	1.95595	2.27401	3.09194
14000	342	2.59422	0.757643	1.21877
14000	343	4.92523	0.409036	5.29691
14000	344	5.07191	2.0071	5.80101
14000	345	6.49395	1.43202	1.51163
14000	346	4.55998	0.83292	5.41455
14000	347	3.96845	3.67042	0.783777
14000	348	2.3799	1.29547	3.56812
14000	349	5.34577	0.410334	6.07425
14000	350	3.98904	0.619125	0.744231
14000	351	2.72782	0.976499	0.615088
14000	352	16.6153	0.418317	5.22742
14000	353	1.96784	2.25562	0.850685
14000	354	3.96005	0.242004	4.97724
14000	355	4.17362	2.7821	5.68973
14000	356	4.5881	3.71636	2.08829
14000	357	3.17321	0.407164	0.786252
14000	358	4.99704	4.80109	0.2218
14000	359	2.12399	3.6443	2.00704
14000	360	2.9082	0.883229	0.763306
14000	361	2.08848	2.39713	4.66008
14000	362	2.96444	4.67492	2.37615
14000	363	4.5436	1.82846	2.84415
14000	364	3.18182	3.80209	5.67929
14000	365	3.38442	2.77282	0.480927
14000	366	4.94483	4.32821	4.5441
14000	367	5.01322	1.43342	0.641283
14000	368	4.60642	2.69445	2.70054
14000	369	5.84718	0.833733	6.1673
14000	370	2.16929	2.66253	5.01424
14000	371	2.88822	1.76668	3.59913
14000	372	4.18528	4.0482	0.720672
14000	373	4.47615	1.67672	2.90608
14000	374	3.01569	2.30091	5.57802
14000	375	11.8561	3.93275	4.45789
14000	376	5.19647	2.13266	3.51205
14000	377	19.9486	3.86105	4.74404
14000	378	17.6844	3.49095	4.23373
14000	379	6.52105	3.58497	4.97989
14000	380	3.52205	2.4703	4.69702
14000	381	5.45296	0.398701	3.36146
14000	382	2.44575	1.70566	4.66663
14000	383	4.88734	4.24346	2.17617
14000	384	8.93781	3.47311	1.12997
14000	385	3.84725	0.00893095	3.01619
14000	386	3.85485	3.04872	5.51009
14000	387	3.88653	3.14754	3.45583
14000	388	1.04661	4.49851	4.0768
14000	389	4.38465	4.06154	2.12752
14000	390	6.72399	1.51832	6.20911
14000	391	1.54341	0.601318	5.56155
14000	392	4.44114	1.09793	4.45057
14000	393	2.87727	4.26208	5.88418
14000	394	9.61867	2.99102	3.93661
14000	395	5.95638	4.77754	4.27445
14000	396	3.54228	2.15804	1.15557
14000	397	3.161	1.68228	5.91347
14000	398	16.2322	1.07062	4.42329
14000	399	3.22861	0.874607	1.64033
14000	400	2.60463	2.95993	2.97532
14000	401	2.19394	1.04023	6.10861
14000	402	9.52874	3.77369	3.52682
14000	403	4.21454	3.42928	2.46779
14000	404	2.20276	0.919745	5.24477
14000	405	1.54857	0.308786	5.93321
14000	406	3.01122	0.686812	4.72821
14000	407	16.637	3.19344	2.43328
14000	408	0.422206	3.80577	5.16911
14000	409	3.34431	4.88806	5.90364
14000	410	4.72474	1.93212	5.09212
14000	411	1.92526	2.37196	1.8267
14000	412	2.5504	4.87758	2.46538
14000	413	4.62892	4.57798	0.375177
14000	414	3.13515	0.430971	6.24717
14000	415	4.62381	2.2258	0.0684283
14000	416	4.6139	3.64111	5.11754
14000	417	3.43756	2.02663	0.755523
14000	418	3.20031	0.890977	2.1684
14000	419	3.99388	0.843924	2.90734
14000	420	5.00134	3.06099	0.207854
14000	421	4.99312	4.073	0.818627
14000	422	7.51874	0.325433	2.55503
14000	423	2.96655	4.84712	1.12936
14000	424	13.4313	2.09128	5.59185
14000	425	3.81661	1.8789	3.7766
14000	426	5.9733	0.923689	4.41568
14000	427	2.23152	2.19034	5.56939
14000	428	11.5844	3.67474	4.72135
14000	429	4.89305	1.62519	0.145396
14000	430	15.5045	4.03283	2.74098
14000	431	2.12929	0.657288	2.94874
14000	432	3.63416	1.14009	4.51632
14000	433	19.2103	3.36006	6.20946
14000	434	4.78166	2.10685	3.89611
14000	435	5.85674	2.87224	3.24387
14000	436	3.48929	0.473317	0.287881
14000	437	5.38612	0.0441038	1.06469
14000	438	2.65353	1.85756	5.44182
14000	439	5.28917	0.986782	3.7261
14000	440	4.18098	2.58884	3.48385
14000	441	3.41728	4.69408	3.74592
14000	442	16.8733	4.58349	1.3821
14000	443	5.74989	0.568997	4.36873
14000	444	8.54236	0.963715	0.593974
14000	445	1.26687	4.69078	5.69107
14000	446	3.66283	2.18429	4.3094
14000	447	3.28462	1.02137	6.20447
14000	448	4.96129	1.93326	3.18011
14000	449	2.75963	4.1577	3.22714
14000	450	3.34387	0.318927	1.05286
14000	451	13.1968	3.16509	1.1119
14000	452	4.20507	4.56817	4.04549
14000	453	4.39073	2.01899	4.76159
14000	454	3.71136	1.63186	2.30849
14000	455	5.92624	1.66326	0.0224768
14000	456	3.38299	0.829442	5.44874
14000	457	6.1482	4.22843	5.15504
14000	458	17.5997	1.91531	0.0931101
14000	459	2.6468	0.225831	4.73221
14000	460	3.64298	1.71882	2.78856
14000	461	2.94098	0.507615	4.48338
14000	462	4.40755	3.48183	3.05992
14000	463	2.36925	4.54017	5.54254
14000	464	2.5214	0.571034	1.44174
14000	465	2.37391	2.53089	0.553475
14000	466	3.02384	3.52919	3.89254
14000	467	2.58532	0.724672	0.930715
14000	468	6.44413	4.85264	0.774159
14000	469	17.2822	2.21814	6.0379
14000	470	4.01999	2.97365	1.97149
14000	471	4.86098	2.90593	1.00533
14000	472	3.42236	0.79127	1.17197
14000	473	3.73093	2.13131	4.81896
14000	474	6.45023	3.86421	0.281977
14000	475	4.02804	2.61272	0.211512
14000	476	7.53384	3.60998	1.00214
14000	477	6.1669	0.0719761	0.402244
14000	478	7.03914	0.907368	2.0328
14000	479	4.17252	2.17771	2.88941
14000	480	1.84883	1.49033	3.47779
14000	481	6.13261	2.65991	2.45869
14000	482	2.60982	4.58886	0.336678
14000	483	2.95107	3.96186	2.84408
14000	484	8.34864	2.67293	2.6964
14000	485	4.869	4.36747	1.77885
14000	486	4.09916	2.32763	5.73384
14000	487	5.9146	2.92826	3.71854
14000	488	6.84668	0.681853	5.11125
14000	489	3.14204	3.20235	5.2592
14000	490	3.0599	2.09658	5.89805
14000	491	15.6704	2.28448	1.70558
14000	492	7.0173	0.33517	3.94788
14000	493	2.49595	1.66597	3.61218
14000	494	3.73295	2.86669	0.705864
14000	495	3.72036	0.436025	4.08483
14000	496	19.7585	1.66273	3.55474
14000	497	5.0952	3.43685	2.91753
14000	498	10.0135	1.86908	2.81433
14000	499	5.31089	4.82437	0.330029
16000	0	0.99507	4.74188	4.67375
16000	1	16.4572	1.33436	6.15523
16000	2	3.52861	0.196896	4.32972
16000	3	5.58256	2.93585	1.49095
16000	4	4.98652	0.40094	1.484
16000	5	3.2675	0.0597298	3.89755
16000	6	2.58207	2.38419	3.24867
16000	7	2.35874	1.38669	2.50116
16000	8	18.9141	1.64366	4.12949
16000	9	4.03221	2.65866	6.05852
16000	10	7.98114	3.31798	2.65135
16000	11	1.76378	2.94564	0.945434
16000	12	16.9823	1.73984	1.47275
16000	13	15.6901	0.0634199	1.04756
16000	14	7.26737	3.95298	0.596001
16000	15	4.50171	4.3061	0.310709
16000	16	5.32389	3.146	2.29056
16000	17	6.00194	2.91435	4.93979
16000	18	10.8042	3.6315	5.33634
16000	19	2.13698	0.0983484	1.567
16000	20	3.91179	0.517027	3.14585
16000	21	4.17506	2.27533	2.98836
16000	22	5.41206	3.20375	3.09546
16000	23	4.74064	1.85166	4.01731
16000	24	3.62321	2.02206	3.61577
16000	25	3.70616	3.3031	2.58721
16000	26	16.9878	1.15269	5.54763
16000	27	4.7794	3.97411	4.02999
16000	28	4.06149	2.96032	2.90538
16000	29	6.80147	0.59026	2.98262
16000	30	2.02328	3.08958	2.10225
16000	31	13.0251	1.14604	2.11757
16000	32	3.60299	3.69901	5.47843
16000	33	5.28146	4.24662	3.05752
16000	34	4.42998	1.15659	5.28296
16000	35	4.53273	3.24338	1.47383
16000	36	6.04289	2.0977	1.84403
16000	37	6.20763	1.32504	4.94088
16000	38	2.397	2.36532	4.48429
16000	39	2.72833	1.46533	5.97469
16000	40	6.27728	0.215305	1.47821
16000	41	5.73781	0.47339	4.22732
16000	42	6.79571	2.64295	1.15849
16000	43	0.917253	3.21444	2.9552
16000	44	2.65513	2.76112	0.848148
16000	45	4.30856	2.93188	0.691582
16000	46	6.33964	1.00259	0.853252
16000	47	3.55095	2.55298	3.16493
16000	48	6.2708	4.3134	4.70097
16000	49	4.25745	2.94241	5.52379
16000	50	2.26992	4.62352	3.48279
16000	51	3.52287	1.58581	5.99112
16000	52	2.1022	4.66703	3.27822
16000	53	5.58207	3.70818	0.695692
16000	54	4.49747	2.9999	5.34617
16000	55	6.37564	3.73355	0.669208
16000	56	19.4832	0.909613	5.52846
16000	57	3.47584	3.53505	5.76288
16000	58	18.9498	0.450065	0.131584
16000	59	5.64777	1.08007	4.8994
16000	60	3.05631	3.73299	6.20273
16000	61	1.74279	4.85044	4.79147
16000	62	3.47595	4.73223	4.45629
16000	63	4.23258	4.60964	1.09101
16000	64	3.60502	0.720575	3.60511
16000	65	15.2019	0.999506	1.98055
16000	66	6.20693	2.34478	3.04863
16000	67	4.67683	0.963984	1.66175
16000	68	5.07697	2.98032	3.30465
16000	69	16.305	1.80286	5.33715
16000	70	6.58439	2.38354	0.456842
16000	71	2.78765	2.99865	1.01754
16000	72	3.86639	2.51603	4.92398
16000	73	14.8397	0.483053	0.0433339
16000	74	8.51998	3.53806	2.90493
16000	75	2.89087	3.04203	1.69849
16000	76	2.75001	4.97599	0.988588
16000	77	3.9467	3.89409	0.792239
16000	78	2.08648	3.82479	5.53837
16000	79	5.11652	1.58062	5.17345
16000	80	4.38427	2.52714	1.39268
16000	81	3.90659	2.90245	3.96321
16000	82	4.09165	2.12217	0.78385
16000	83	5.44979	0.761916	4.04472
16000	84	3.06018	4.85514	5.16766
16000	85	7.98798	4.64518	0.620208
16000	86	5.05472	1.25563	4.58694
16000	87	6.70784	4.93335	5.22313
16000	88	3.57009	1.67977	4.12117
16000	89	2.90932	1.19852	0.0438598
16000	90	3.33323	1.83363	4.21295
16000	91	2.50168	1.67382	1.69876
16000	92	16.9805	4.5203	4.62185
16000	93	2.6451	4.89544	3.28086
16000	94	5.36077	3.85504	1.59098
16000	95	3.10829	3.22636	2.25142
16000	96	5.54505	1.64974	4.04735
16000	97	2.64456	3.3117	2.67103
16000	98	2.34652	0.679265	6.09561
16000	99	4.07343	1.86831	5.04971
16000	100	6.14207	2.60192	2.68498
16000	101	7.65296	2.1419	0.51357
16000	102	4.64058	3.6859	5.42008
16000	103	10.4368	0.243697	1.67592
16000	104	4.08229	4.46458	3.73879
16000	105	2.80706	2.3636	0.353695
16000	106	11.0232	2.4631	4.93044
16000	107	2.37381	1.39124	1.22755
16000	108	2.27906	0.794643	3.54238
16000	109	3.69205	3.50771	0.259213
16000	110	6.17724	2.11848	5.4059
16000	111	6.74497	4.40515	0.76616
16000	112	5.51788	4.48735	1.73349
16000	113	13.7534	0.174249	5.55329
16000	114	3.15043	0.278202	0.391026
16000	115	5.01866	3.82385	4.22426
16000	116	5.44821	1.05376	4.72277
16000	117	6.35521	1.00272	0.13866
16000	118	4.109	1.08206	5.14432
16000	119	5.68623	4.254	3.34221
16000	120	2.87478	1.4951	4.34626
16000	121	2.78746	0.662418	3.69658
16000	122	5.76741	0.31178	5.89256
16000	123	3.42442	0.266282	1.07947
16000	124	6.75085	0.753248	2.91003
16000	125	3.97673	3.45748	0.393921
16000	126	4.83596	2.18238	2.98348
16000	127	3.68138	2.43163	0.666088
16000	128	3.62778	0.495463	0.955637
16000	129	5.58079	2.92232	6.24336
16000	130	1.21635	4.50301	1.52323
16000	131	6.75336	3.51076	3.00079
16000	132	12.7243	0.853326	3.49497
16000	133	6.16525	0.162922	3.43135
16000	134	6.29537	1.61811	0.068969
16000	135	5.5602	3.02249	1.30224
16000	136	16.2037	2.00807	4.1225
16000	137	5.32938	2.85795	1.40152
16000	138	5.53554	2.17828	5.0623
16000	139	11.2359	4.16434	1.4719
16000	140	3.03006	4.62281	5.56087
16000	141	4.45242	1.43288	0.292983
16000	142	8.07552	3.86034	0.766038
16000	143	14.6952	4.02189	2.39968
16000	144	16.176	2.88118	1.34722
16000	145	3.31041	0.817289	2.44799
16000	146	4.34756	0.216022	0.232591
16000	147	7.25105	2.07361	0.325596
16000	148	4.23026	1.54235	2.22372
16000	149	5.70597	3.7152	5.20408
16000	150	4.6716	1.37188	2.26501
16000	151	4.20202	4.22418	0.0453646
16000	152	1.37547	4.54405	5.37477
16000	153	4.22673	1.5946	4.81647
16000	154	2.40788	4.00058	2.71156
16000	155	6.18267	0.0918048	5.85304
16000	156	12.5154	2.20539	4.58292
16000	157	2.99958	3.49072	4.7125
16000	158	3.86774	4.92406	2.76323
16000	159	2.38124	0.848924	4.20648
16000	160	3.51869	1.97628	5.60405
16000	161	13.4081	1.61195	6.12643
16000	162	3.88966	0.167809	0.352196
16000	163	2.82287	1.25248	0.708069
16000	164	8.93288	1.8345	1.37639
16000	165	3.25862	4.42887	3.83056
16000	166	14.9241	4.88622	1.82007
16000	167	3.88606	2.48764	5.59736
16000	168	5.60217	4.87886	3.66355
16000	169	0.442494	1.73358	3.91651
16000	170	5.24417	4.89855	1.04848
16000	171	3.71863	3.35588	5.93705
16000	172	4.51746	4.41731	0.230611
16000	173	5.21003	3.47542	1.28576
16000	174	2.30204	3.07375	3.86899
16000	175	11.8749	4.80632	4.02468
16000	176	3.18284	0.580234	0.423778
16000	177	16.1414	3.25455	2.469
16000	178	3.25928	4.42172	4.09323
16000	179	4.28123	3.35826	0.69306
16000	180	2.76612	0.410888	3.0963
16000	181	18.9464	1.6318	2.84526
16000	182	4.87566	1.27821	1.45648
16000	183	5.25551	1.85454	2.07178
16000	184	4.05066	3.67587	1.46219
16000	185	2.37322	1.6984	5.89964
16000	186	5.57824	2.32321	2.15248
16000	187	4.79069	3.91049	4.39369
16000	188	4.47525	3.54479	5.94192
16000	189	3.92729	2.47966	1.64336
16000	190	3.27676	4.52653	3.56585
16000	191	3.12615	1.55175	1.41455
16000	192	3.5889	4.24741	0.502442
16000	193	3.77963	0.451341	4.07358
16000	194	4.73361	0.18779	5.69418
16000	195	4.33095	4.23009	3.24038
16000	196	7.5661	1.61028	2.2478
16000	197	3.06791	3.53134	5.81959
16000	198	3.0283	2.65163	3.56047
16000	199	13.6788	1.03918	3.09921
16000	200	3.58296	3.1713	4.70494
16000	201	4.03255	3.15291	5.06037
16000	202	1.03588	3.71841	4.84533
16000	203	4.85691	4.95871	3.7216
16000	204	4.70633	1.26448	0.729471
16000	205	6.8051	4.2383	4.75376
16000	206	5.10985	0.857803	0.880984
16000	207	4.37079	2.16691	4.65699
16000	208	3.98832	4.28722	5.58351
16000	209	14.0983	0.91949	1.01122
16000	210	4.18815	4.16436	4.36734
16000	211	2.78059	2.18692	1.42598
16000	212	3.44675	1.43969	4.77068
16000	213	2.6792	2.28391	5.3493
16000	214	7.20142	4.90993	1.17278
16000	215	4.45231	4.74681	3.97641
16000	216	6.02752	2.241	5.69386
16000	217	4.17193	4.01401	2.63284
16000	218	5.52881	1.66405	6.24184
16000	219	3.76188	4.8964	0.21184
16000	220	3.23026	4.90172	0.443714
16000	221	4.77861	4.28182	5.02359
16000	222	5.00484	4.14203	3.33223
16000	223	2.92441	0.225198	5.85767
16000	224	4.13221	3.97307	4.72252
16000	225	12.7261	3.29408	1.16188
16000	226	19.4579	2.03313	0.357352
16000	227	5.91302	3.83891	5.94174
16000	228	18.7895	4.3249	4.06371
16000	229	4.04506	4.8546	0.932799
16000	230	0.458596	1.73147	2.06341
16000	231	2.32577	3.56943	4.24984
16000	232	5.74794	1.57319	0.113271
16000	233	3.63711	1.2139	2.02636
16000	234	2.64228	2.83715	0.721147
16000	235	8.16275	0.551731	5.40137
16000	236	4.66202	0.0535232	4.8182
16000	237	4.33327	0.503097	1.7009
16000	238	2.59442	0.40947	2.52852
16000	239	3.61459	3.6199	2.90747
16000	240	16.0066	2.34863	4.36538
16000	241	4.8521	1.17668	3.97808
16000	242	3.39522	1.38928	4.59395
16000	243	12.7497	1.7754	2.65673
16000	244	3.71549	2.54438	5.12685
16000	245	17.7155	3.55899	4.86218
16000	246	4.22186	0.120146	2.55114
16000	247	4.3736	0.243303	1.12206
16000	248	4.79162	3.01293	4.54832
16000	249	10.5825	3.74386	6.08361
16000	250	3.02274	2.53749	1.84214
16000	251	12.1775	1.86696	4.6744
16000	252	4.21169	0.557913	2.33041
16000	253	9.04176	0.944778	2.76701
16000	254	5.16675	4.50216	4.83288
16000	255	4.05987	4.61987	2.00229
16000	256	5.41822	3.72081	4.80565
16000	257	3.53078	0.389817	4.94918
16000	258	6.91932	2.62402	2.63412
16000	259	5.58598	1.75536	2.6146
16000	260	7.12819	0.55334	3.78321
16000	261	4.17718	1.28675	5.74193
16000	262	2.8849	2.7954	5.98623
16000	263	4.5897	4.15063	4.89538
16000	264	8.6743	1.80216	1.51857
16000	265	2.10107	3.25564	1.52454
16000	266	4.7873	4.41336	1.901
16000	267	2.73292	0.45426	3.83443
16000	268	5.7217	3.43511	3.51898
16000	269	4.2759	4.84654	1.07362
16000	270	3.01901	1.126	0.502704
16000	271	4.92494	0.574537	5.82504
16000	272	2.33727	4.89568	5.95616
16000	273	4.82222	4.51019	2.59853
16000	274	9.31682	2.89421	3.86616
16000	275	2.71824	2.12626	6.25689
16000	276	3.84684	4.21159	5.61204
16000	277	1.87318	1.49133	5.22385
16000	278	4.88561	2.1113	1.61088
16000	279	3.99664	0.870489	4.69306
16000	280	2.65682	2.427	4.04576
16000	281	6.38771	3.45658	0.748754
16000	282	3.773	3.27297	5.82022
16000	283	2.92494	0.998727	2.45143
16000	284	0.898515	3.03769	2.89199
16000	285	16.6922	0.946272	2.91973
16000	286	4.24378	1.32317	4.92941
16000	287	2.75453	3.4042	5.25198
16000	288	7.28527	1.97777	4.32608
16000	289	2.73681	4.53302	6.0199
16000	290	5.35485	4.93647	3.14703
16000	291	4.11101	4.26842	4.86043
16000	292	2.82914	4.60945	2.79126
16000	293	5.6878	4.13886	4.45483
16000	294	8.60275	1.62227	3.18155
16000	295	3.24249	2.54796	4.67328
16000	296	3.68904	4.22777	4.65435
16000	297	4.92077	4.89325	4.193
16000	298	14.0745	0.193978	5.34448
16000	299	4.57945	4.27838	2.43435
16000	300	4.0585	4.45115	5.15267
16000	301	4.07349	2.20277	3.99189
16000	302	1.79339	4.9566	4.25714
16000	303	5.46733	1.88771	0.551242
16000	304	8.79571	3.1202	5.61635
16000	305	5.01577	2.04285	1.86799
16000	306	3.00204	2.52487	4.85065
16000	307	5.64135	2.01301	4.97527
16000	308	4.4325	1.48561	3.34812
16000	309	15.9302	1.87262	0.53556
16000	310	3.43317	2.47739	2.33072
16000	311	4.51845	1.42075	4.92255
16000	312	4.28744	3.1032	3.90244
16000	313	4.11676	3.85938	4.94351
16000	314	3.74911	0.424555	5.53325
16000	315	2.2936	0.587659	0.841785
16000	316	2.42674	3.95502	1.58891
16000	317	1.37435	1.3259	4.14304
16000	318	5.87029	1.51329	1.3111
16000	319	3.69529	4.91023	0.328799
16000	320	5.22979	2.64984	5.6431
16000	321	3.63114	3.48701	1.55468
16000	322	5.95625	2.63381	5.38651
16000	323	1.08498	4.26367	2.49839
16000	324	4.4091	2.32362	3.80667
16000	325	13.3252	0.435932	0.47341
16000	326	14.3706	2.96737	5.03317
16000	327	3.80858	4.17544	2.97298
16000	328	4.67396	2.97646	2.34622
16000	329	5.87034	1.58718	5.20402
16000	330	3.02775	1.45602	4.33298
16000	331	5.68546	1.84978	1.30303
16000	332	5.64009	3.47252	0.559487
16000	333	3.66142	4.8078	3.22259
16000	334	2.65077	2.8607	0.455131
16000	335	4.28379	4.14569	0.231856
16000	336	5.24915	1.63371	6.11781
16000	337	4.655	3.11411	1.45444
16000	338	4.91184	3.25361	0.375594
16000	339	4.35261	2.95103	3.03615
16000	340	5.33527	2.11058	3.43976
16000	341	13.1458	3.89818	4.61658
16000	342	2.45821	2.49209	2.77235
16000	343	3.5789	1.30253	0.66495
16000	344	16.5902	1.13092	0.531953
16000	345	14.1411	1.33521	3.33598
16000	346	19.8163	0.577867	0.357709
16000	347	6.20134	0.501253	3.6038
16000	348	4.30409	3.57521	2.23925
16000	349	5.92309	2.77865	1.48438
16000	350	5.11856	1.39007	1.51318
16000	351	4.04655	4.9166	1.16561
16000	352	9.16498	2.62235	5.32063
16000	353	3.90116	0.918572	2.42238
16000	354	3.0547	2.55013	2.96777
16000	355	2.99234	2.19103	1.11907
16000	356	2.91846	3.00373	5.27225
16000	357	7.75937	3.31711	0.139188
16000	358	4.33968	0.0247384	0.94099
16000	359	5.34159	2.48192	2.21679
16000	360	6.26672	4.90654	5.38679
16000	361	18.1173	0.430549	3.58975
16000	362	2.52804	0.582267	5.48545
16000	363	7.92355	1.40105	1.37402
16000	364	12.6908	1.59335	5.64519
16000	365	8.96582	0.356004	5.0855
16000	366	4.49742	0.316789	2.05401
16000	367	3.41114	4.44261	4.51866
16000	368	3.60784	0.207239	1.48634
16000	369	3.07117	4.67672	5.70912
16000	370	4.05142	4.12237	0.865936
16000	371	3.29483	3.52335	3.34135
16000	372	4.92622	3.25148	3.60173
16000	373	1.23922	1.38656	5.33851
16000	374	2.73512	1.17567	2.95933
16000	375	4.21009	1.38729	5.54966
16000	376	5.81645	3.98237	5.68865
16000	377	5.10099	1.8866	5.20346
16000	378	14.3781	3.45387	0.349281
16000	379	3.76402	4.66473	4.6226
16000	380	4.68229	0.981629	0.957824
16000	381	3.69146	4.04081	2.131
16000	382	3.04315	2.23461	0.0197969
16000	383	17.104	4.54511	1.87872
16000	384	5.65819	4.61831	4.77061
16000	385	4.00809	4.26739	2.73608
16000	386	2.4194	0.277526	0.0273507
16000	387	2.62573	2.889	3.41593
16000	388	2.51426	2.61836	2.20825
16000	389	4.17976	3.58524	4.98705
16000	390	4.68099	3.89127	0.564916
16000	391	5.43327	1.24049	2.80295
16000	392	3.52318	0.249374	4.54135
16000	393	15.2376	2.08795	0.637113
16000	394	5.04313	2.55445	0.0088678
16000	395	3.60273	3.55935	1.80931
16000	396	6.21844	4.79578	4.53623
16000	397	7.48169	3.41018	5.62491
16000	398	3.66185	1.52304	2.72587
16000	399	4.14904	1.81144	0.984063
16000	400	2.43515	0.43137	0.481004
16000	401	4.60446	2.97145	4.03014
16000	402	3.68435	4.17842	2.90824
16000	403	3.5202	1.01699	0.127163
16000	404	10.2972	1.97455	5.85508
16000	405	15.4056	0.324758	3.85853
16000	406	5.31241	0.924389	0.880598
16000	407	3.40044	3.65713	0.849506
16000	408	4.20259	1.09371	3.91309
16000	409	6.0343	1.11354	0.630649
16000	410	3.93357	4.57132	4.27607
16000	411	4.24377	4.55868	4.17335
16000	412	1.88935	1.7464	5.70898
16000	413	4.06007	4.58401	5.64789
16000	414	4.06785	0.459327	2.77395
16000	415	6.38544	1.50487	0.516128
16000	416	2.07343	2.83251	0.736696
16000	417	11.7492	0.13233	5.80198
16000	418	5.01736	3.34537	6.03133
16000	419	7.65099	0.111335	5.97972
16000	420	3.78946	4.65692	1.37412
16000	421	5.05201	1.95506	0.0869694
16000	422	5.15813	3.79356	3.0658
16000	423	3.28304	2.86517	4.05218
16000	424	6.29127	1.95158	0.25461
16000	425	2.71155	1.36197	1.23512
16000	426	3.37913	2.73409	2.30903
16000	427	2.85852	1.3334	4.47529
16000	428	4.51184	4.56334	4.81558
16000	429	3.54429	0.5654	4.21686
16000	430	2.79827	1.03173	0.1377
16000	431	6.70476	0.366319	3.74636
16000	432	4.8546	0.0820718	1.05341
16000	433	9.33246	2.69001	2.37206
16000	434	2.28397	2.31845	3.91773
16000	435	5.98727	0.51201	1.8249
16000	436	6.98653	0.0522761	4.17083
16000	437	3.92277	4.25886	4.99213
16000	438	5.40833	0.644424	4.23984
16000	439	4.6932	4.57462	3.08844
16000	440	3.66997	1.20348	0.429742
16000	441	7.53841	2.10085	2.59051
16000	442	3.70491	2.40749	2.56774
16000	443	4.04183	1.66769	2.57364
16000	444	5.89673	3.49225	5.2697
16000	445	4.99267	2.02679	3.70732
16000	446	2.6406	4.67137	2.95174
16000	447	6.48266	0.474699	1.13907
16000	448	3.02573	1.44785	1.81345
16000	449	13.7893	2.56471	3.52547
16000	450	4.64652	3.96873	2.36206
16000	451	3.66811	0.9021	5.30255
16000	452	5.28516	2.43088	0.330701
16000	453	5.30519	2.6882	6.16354
16000	454	10.0521	4.79027	5.76684
16000	455	6.33181	3.22167	0.055803
16000	456	7.73055	2.0065	0.521404
16000	457	3.7525	4.34373	5.47409
16000	458	2.12132	1.19042	3.91549
16000	459	4.8895	1.33073	3.92737
16000	460	2.98901	0.72535	3.51506
16000	461	11.79	2.51637	1.13872
16000	462	1.79191	4.07478	5.10551
16000	463	6.08148	1.06849	4.72952
16000	464	3.06437	0.587784	2.9943
16000	465	3.78359	1.16002	2.04359
16000	466	2.49657	3.35103	1.26812
16000	467	2.05811	0.560565	2.29914
16000	468	2.61785	0.787824	0.789673
16000	469	2.54078	2.93828	5.56608
16000	470	3.05296	0.23425	4.47944
16000	471	11.0374	0.178924	4.06655
16000	472	8.4973	0.958722	2.41426
16000	473	4.1035	0.567662	5.09877
16000	474	3.2216	1.22324	1.85914
16000	475	1.35879	0.190173	1.21714
16000	476	3.92999	2.23501	1.37155
16000	477	3.65903	3.66583	1.57816
16000	478	13.4977	1.99837	4.45198
16000	479	5.09244	1.26226	2.14315
16000	480	3.21457	1.10369	5.83132
16000	481	6.43677	1.15933	1.45664
16000	482	2.70974	3.18111	2.15187
16000	483	6.58749	3.35336	4.37786
16000	484	2.43929	0.357081	2.87386
16000	485	2.65281	4.29339	1.60837
16000	486	6.44686	4.16239	4.83488
16000	487	5.97699	4.88251	1.51783
16000	488	3.37293	4.36294	0.111698
16000	489	4.51582	2.02896	4.22641
16000	490	2.46868	3.32103	0.877542
16000	491	5.50803	1.58867	5.636
16000	492	4.08992	2.71191	1.02829
16000	493	4.62087	0.814102	2.71114
16000	494	4.00593	4.38379	6.22655
16000	495	4.43992	2.28859	2.86604
16000	496	5.86294	1.26154	4.1017
16000	497	7.15392	3.3414	5.98658
16000	498	3.61574	4.58838	1.86959
16000	499	1.87759	1.55074	0.370209
18000	0	3.56038	4.69912	3.01159
18000	1	6.7637	2.52693	5.33904
18000	2	5.64937	1.37606	2.47187
18000	3	2.62587	2.49758	2.54123
18000	4	4.77029	0.215642	5.86112
18000	5	3.89197	3.58986	0.702845
18000	6	9.80008	3.81829	2.54738
18000	7	3.4925	2.49918	2.34681
18000	8	6.56105	3.7008	5.75321
18000	9	2.76641	2.25994	3.43889
18000	10	2.91519	4.05234	5.44538
18000	11	8.23039	2.31286	1.26601
18000	12	3.49215	2.7755	4.43333
18000	13	2.48054	4.67048	0.781861
18000	14	12.5868	0.570656	0.801841
18000	15	4.1065	2.71291	1.89222
18000	16	5.65531	3.59939	3.23474
18000	17	5.44699	2.4795	0.17413
18000	18	4.90039	1.40222	4.01167
18000	19	2.99603	1.93333	0.70429
18000	20	3.12367	4.22972	0.52951
18000	21	9.88668	0.584709	1.72119
18000	22	4.34632	1.45336	4.28904
18000	23	5.50706	3.98466	6.18567
18000	24	2.64662	1.1904	6.06227
18000	25	5.86458	1.65116	2.927
18000	26	14.4563	3.93201	4.90623
18000	27	0.290076	4.93489	5.5079
18000	28	4.95706	1.79239	4.72619
18000	29	5.13827	0.72616	0.598848
18000	30	3.03036	2.6195	6.01074
18000	31	2.45188	2.03623	0.0394316
18000	32	5.74686	0.848962	5.9353
18000	33	12.6287	2.35419	2.22389
18000	34	4.10883	4.35853	0.602354
18000	35	5.33976	0.761029	1.19155
18000	36	2.67537	0.558904	4.22786
18000	37	13.4697	0.0547633	5.56987
18000	38	8.91935	1.32254	3.97203
18000	39	4.32205	0.924814	4.39467
18000	40	6.19415	2.61928	3.28189
18000	41	2.89267	4.45004	4.08304
18000	42	8.00866	4.73033	0.00860488
18000	43	17.0546	0.78776	0.214189
18000	44	4.88601	0.213185	4.27547
18000	45	1.51299	4.35142	5.5784
18000	46	3.3107	3.04379	0.529728
18000	47	5.99784	1.3519	1.5962
18000	48	5.59119	0.583555	4.48199
18000	49	3.14293	4.3995	3.84944
18000	50	3.54755	3.06643	2.33169
18000	51	4.90218	2.45265	2.51145
18000	52	15.4904	3.5111	5.87119
18000	53	12.18	3.39887	2.45461
18000	54	4.81037	0.1346	3.44835
18000	55	18.8215	1.88843	5.30181
18000	56	9.28091	4.40448	5.93834
18000	57	4.54152	4.13214	0.3372
18000	58	4.24155	0.267265	1.25368
18000	59	3.0671	4.17037	2.30275
18000	60	4.17325	2.46893	3.22177
18000	61	18.4959	1.76159	3.44858
18000	62	19.5483	4.15494	3.54344
18000	63	3.74587	3.07234	2.14308
18000	64	2.68077	4.67047	4.63528
18000	65	3.74837	3.62487	5.86413
18000	66	3.52051	4.1067	3.55077
18000	67	5.7488	1.05534	5.75191
18000	68	4.89292	0.40996	1.84141
18000	69	3.34067	3.49944	0.431463
18000	70	4.68508	0.965042	0.0538055
18000	71	5.02447	0.209123	2.63649
18000	72	3.43724	1.76523	4.09482
18000	73	2.54828	2.93272	0.852317
18000	74	4.82776	4.70966	2.28546
18000	75	3.47402	0.337704	6.0411
18000	76	1.88604	0.656598	0.818803
18000	77	4.50963	3.47554	0.0953904
18000	78	2.78969	3.61012	5.00517
18000	79	2.64457	4.30163	0.49139
18000	80	2.06432	2.37603	0.390618
18000	81	4.67072	1.47181	3.38583
18000	82	6.00568	3.55581	1.06227
18000	83	3.74786	3.72998	1.14987
18000	84	4.13329	3.51866	3.49046
18000	85	3.09862	4.58494	4.06004
18000	86	3.79275	3.43985	5.87217
18000	87	4.30798	0.936196	0.0219708
18000	88	6.84287	3.89509	5.03724
18000	89	5.78884	1.51787	1.23818
18000	90	1.94472	0.523988	3.58064
18000	91	5.34886	3.28541	0.553632
18000	92	5.128	4.17681	5.17678
18000	93	10.9509	2.40098	1.12413
18000	94	2.98524	1.29223	5.45162
18000	95	2.21267	2.28519	5.54512
18000	96	5.10373	1.84063	5.46131
18000	97	4.87466	4.74264	4.6989
18000	98	3.49069	0.754703	0.430448
18000	99	5.01268	3.99197	0.474711
18000	100	2.25416	3.57288	1.63586
18000	101	3.20119	4.54766	4.70383
18000	102	2.88593	2.70012	2.47907
18000	103	2.68036	1.7611	5.19205
18000	104	6.30024	2.68463	3.37595
18000	105	0.60849	0.0827052	1.92161
18000	106	5.36671	1.8675	5.7079
18000	107	3.24362	0.0030872	2.43297
18000	108	4.35457	3.70405	2.47642
18000	109	5.55273	1.45118	5.0766
18000	110	2.96541	4.64354	6.23598
18000	111	15.5001	1.05416	1.58457
18000	112	4.7517	0.572462	4.85147
18000	113	5.89215	4.5422	0.0795164
18000	114	3.22957	0.320951	5.67502
18000	115	2.94073	2.96725	4.48381
18000	116	2.59574	4.97714	3.345
18000	117	5.90546	4.07641	5.72199
18000	118	4.27896	1.57978	4.34188
18000	119	5.68408	2.40274	3.12274
18000	120	11.3593	3.15939	5.79554
18000	121	4.90583	3.95583	1.29128
18000	122	2.86227	3.75936	1.069
18000	123	5.54566	1.39234	5.11855
18000	124	1.75118	4.1042	2.43424
18000	125	3.78804	0.374601	0.664303
18000	126	3.67963	4.49402	5.2674
18000	127	4.69055	1.2177	3.12781
18000	128	4.85955	1.37934	2.02764
18000	129	16.9404	0.0621848	2.8787
18000	130	10.8522	0.040915	5.07015
18000	131	2.05341	1.10539	0.508849
18000	132	2.5889	0.698645	1.02222
18000	133	2.66809	2.43216	3.58205
18000	134	3.17327	2.2699	0.882403
18000	135	3.32389	2.00118	0.897324
18000	136	4.14832	4.81252	5.92912
18000	137	5.68688	2.95977	3.96349
18000	138	5.68741	2.97511	2.8471
18000	139	4.3554	0.598916	1.23475
18000	140	2.20792	0.734292	2.8696
18000	141	4.5262	2.70561	1.36581
18000	142	3.76705	0.181957	5.4753
18000	143	3.46901	1.10616	1.63258
18000	144	2.98157	1.14665	0.535797
18000	145	4.55616	3.8272	1.21756
18000	146	3.70675	4.02149	6.05147
18000	147	5.61744	4.85615	5.59772
18000	148	3.73313	1.84751	4.63817
18000	149	4.32493	3.84496	1.15219
18000	150	4.52163	4.11279	2.17079
18000	151	6.35089	3.39237	0.883588
18000	152	4.09862	2.14945	0.0716085
18000	153	2.22094	3.11765	4.19755
18000	154	3.26315	1.30235	3.45282
18000	155	3.58016	0.62361	0.0041569
18000	156	6.29037	1.6728	6.07315
18000	157	6.65569	0.791979	5.88906
18000	158	3.99953	2.35209	4.35946
18000	159	16.2703	3.87993	0.278789
18000	160	4.57786	3.41667	4.67293
18000	161	4.92395	2.99354	2.84788
18000	162	3.07677	4.64897	2.60877
18000	163	5.45435	1.08749	2.12499
18000	164	5.47645	0.42022	0.405473
18000	165	19.6671	1.35963	2.82872
18000	166	0.439335	1.29517	2.4638
18000	167	12.6578	1.75028	4.33421
18000	168	5.52844	0.880094	5.3602
18000	169	5.52491	0.412629	0.985027
18000	170	5.2457	4.90051	0.552747
18000	171	4.9129	1.89896	1.47935
18000	172	3.98338	2.27686	3.91381
18000	173	2.86063	3.52029	3.97879
18000	174	3.84362	4.21655	5.38865
18000	175	3.79356	0.494081	3.23266
18000	176	5.32618	4.17757	1.87636
18000	177	2.02825	4.88161	1.52063
18000	178	3.69538	1.54539	5.72041
18000	179	3.76159	2.09695	3.89548
18000	180	4.69008	2.67867	1.7654
18000	181	4.96946	0.212484	4.83025
18000	182	5.64866	3.25072	1.33121
18000	183	2.56635	3.8075	2.58239
18000	184	3.95643	4.03268	5.36304
18000	185	3.69588	3.9758	5.94312
18000	186	4.34794	1.10029	1.10818
18000	187	5.00799	0.200525	4.26966
18000	188	2.09618	0.819047	2.66358
18000	189	2.22235	2.37986	5.86119
18000	190	2.705	0.7803	3.7433
18000	191	6.53541	0.307694	0.226707
18000	192	8.32907	3.27475	5.37941
18000	193	5.93393	0.366901	1.83159
18000	194	3.65064	3.27716	5.72843
18000	195	2.55337	4.0925	3.26747
18000	196	5.41219	0.460091	1.18182
18000	197	4.54943	0.261517	4.23608
18000	198	2.34605	1.36847	4.07313
18000	199	5.06297	0.77626	3.48709
18000	200	2.70526	4.13	0.270281
18000	201	6.70825	3.74122	2.73206
18000	202	4.0741	4.21253	3.50509
18000	203	4.72008	1.10649	2.70909
18000	204	3.99853	4.51181	0.541388
18000	205	5.5291	4.13805	3.22018
18000	206	16.592	3.48139	0.329287
18000	207	3.66138	0.07364	2.74032
18000	208	2.86728	2.38713	5.04267
18000	209	3.10373	4.88877	4.47797
18000	210	2.85366	3.83546	4.7209
18000	211	11.561	0.747687	5.13705
18000	212	3.12202	1.20552	4.26665
18000	213	5.61876	4.26817	5.59487
18000	214	6.64765	4.61506	1.77903
18000	215	0.828413	1.02419	1.95375
18000	216	4.42029	0.607546	0.724078
18000	217	13.2196	3.97863	5.38084
18000	218	4.96468	0.777411	2.51938
18000	219	5.35638	4.09332	5.03499
18000	220	5.92216	2.63206	0.959318
18000	221	4.78297	3.44218	2.65987
18000	222	2.16828	2.33382	3.05368
18000	223	2.58511	4.9544	4.26517
18000	224	4.38084	3.70776	2.61441
18000	225	5.42905	3.99129	3.54476
18000	226	3.57013	3.48157	6.03491
18000	227	4.87579	0.0639784	3.49377
18000	228	8.17578	3.63006	5.43326
18000	229	4.67268	3.64468	2.77206
18000	230	19.4838	3.76685	0.532023
18000	231	2.64443	2.85466	1.91171
18000	232	3.3757	1.66874	2.72158
18000	233	4.26617	2.87701	2.8686
18000	234	8.69042	3.55832	4.96021
18000	235	7.86591	0.624093	4.77646
18000	236	2.32881	2.44909	3.88771
18000	237	7.46333	4.60206	3.5827
18000	238	5.4381	4.20496	4.44199
18000	239	8.02914	3.22399	5.88779
18000	240	6.66714	0.686351	1.5654
18000	241	1.57927	2.1414	3.45553
18000	242	8.33535	3.53764	3.81984
18000	243	3.39096	1.02121	3.86367
18000	244	4.02645	1.86713	4.41765
18000	245	4.25326	2.18305	0.813248
18000	246	5.31324	1.31955	2.09086
18000	247	4.34453	0.421669	3.36491
18000	248	4.8488	2.31371	6.03743
18000	249	4.23107	0.779755	3.73474
18000	250	3.05225	0.105817	1.12077
18000	251	6.18876	1.93167	5.51135
18000	252	5.19414	4.99245	2.15318
18000	253	4.22995	3.9845	1.06206
18000	254	4.8691	2.01479	1.31328
18000	255	3.93027	0.70559	1.46604
18000	256	4.27867	1.86789	0.564051
18000	257	2.94984	3.13384	5.41929
18000	258	3.44302	1.77007	5.65975
18000	259	5.21861	0.808404	5.46892
18000	260	4.03651	0.403703	1.5281
18000	261	19.6219	2.1407	0.0281998
18000	262	3.635	1.64339	3.06939
18000	263	4.55803	4.10341	3.86257
18000	264	3.75511	4.34521	0.868597
18000	265	3.12003	1.6499	3.22042
18000	266	4.91576	4.12046	4.08805
18000	267	3.78694	2.23644	5.63199
18000	268	2.85931	1.90122	4.86724
18000	269	7.53708	1.74684	4.58719
18000	270	4.65622	1.69831	2.77444
18000	271	4.07393	1.52373	4.86123
18000	272	7.21825	4.83246	3.50775
18000	273	5.46723	1.59485	5.63266
18000	274	3.55258	4.89869	4.10648
18000	275	11.0513	0.849774	2.96788
18000	276	10.5315	2.44128	4.781
18000	277	4.89164	4.04508	3.85514
18000	278	4.7487	1.1413	4.88407
18000	279	4.6863	1.88086	4.32501
18000	280	3.4421	4.40168	5.9086
18000	281	2.81018	2.81976	2.2585
18000	282	4.07365	3.14001	4.45869
18000	283	9.88087	1.73284	4.07065
18000	284	4.54913	4.33973	0.898219
18000	285	2.39984	4.77762	5.36192
18000	286	2.931	1.33339	5.79352
18000	287	4.92591	2.77299	3.70174
18000	288	3.59449	3.11574	0.482265
18000	289	0.725388	2.31064	5.43308
18000	290	3.30582	0.597428	1.55149
18000	291	4.72355	2.44039	5.15976
18000	292	3.24506	1.28911	2.15059
18000	293	6.61464	0.901081	2.4125
18000	294	4.35891	1.17435	3.53644
18000	295	5.53164	2.53689	1.8454
18000	296	3.97	4.6066	2.75395
18000	297	15.0926	3.31901	1.86871
18000	298	0.784878	0.774749	4.8802
18000	299	5.65972	2.60226	6.11386
18000	300	5.77717	2.27598	2.87481
18000	301	2.94759	2.75325	0.552571
18000	302	3.88743	2.24981	5.65081
18000	303	13.7846	0.895194	3.67069
18000	304	6.65607	1.23021	4.58735
18000	305	4.19895	4.37778	0.00627089
18000	306	3.49411	2.95349	0.198363
18000	307	3.0438	1.07775	2.30075
18000	308	16.6844	3.71718	5.24501
18000	309	3.97075	3.25916	2.22214
18000	310	3.96369	1.81424	1.25039
18000	311	4.11461	1.75852	4.66529
18000	312	0.569955	2.96074	1.65856
18000	313	4.77103	1.84294	3.59621
18000	314	6.5627	3.16717	0.550603
18000	315	4.58966	3.01592	1.64912
18000	316	9.76003	1.24196	3.64182
18000	317	3.9246	1.41691	3.5882
18000	318	4.24683	4.70383	4.59741
18000	319	7.86618	4.82213	2.94434
18000	320	6.25948	1.70503	3.82764
18000	321	3.53435	0.380916	1.76972
18000	322	12.1681	2.47313	2.36695
18000	323	6.24793	4.61446	5.40744
18000	324	4.89347	3.54678	6.13156
18000	325	3.7754	4.62799	5.81388
18000	326	2.57705	1.54472	4.739
18000	327	4.66157	3.47252	1.5157
18000	328	4.42855	2.63749	0.0854897
18000	329	4.65158	3.85707	4.42851
18000	330	3.42203	3.83651	1.72603
18000	331	4.92935	2.0132	5.31617
18000	332	5.16935	2.96468	1.02995
18000	333	5.04955	1.81728	3.36101
18000	334	4.82513	2.80321	2.23892
18000	335	5.71213	0.3506	5.82353
18000	336	5.06875	2.98526	5.31986
18000	337	4.09808	4.82764	1.95317
18000	338	1.57784	0.931537	5.40717
18000	339	4.98888	3.46216	1.05554
18000	340	9.66226	3.40666	0.955462
18000	341	11.4424	1.27446	3.01457
18000	342	9.52387	4.37808	2.14572
18000	343	6.00327	4.95645	0.135931
18000	344	3.81858	2.20398	3.27285
18000	345	4.6049	2.09558	2.39789
18000	346	4.04181	0.9612	4.50034
18000	347	3.00911	3.68771	3.68582
18000	348	2.39344	1.51635	5.72008
18000	349	15.4067	4.1056	0.286675
18000	350	11.3223	3.27415	3.39479
18000	351	3.44781	1.9511	5.16362
18000	352	3.54284	3.30571	4.09134
18000	353	5.39651	2.34789	4.54215
18000	354	2.46035	0.696704	5.72309
18000	355	3.355	1.53969	6.07279
18000	356	5.40632	1.5625	3.52387
18000	357	6.27408	2.11921	1.47258
18000	358	3.50788	0.160756	3.80554
18000	359	2.91559	1.20789	4.63246
18000	360	2.88981	3.71145	0.718694
18000	361	1.38559	4.31103	1.07173
18000	362	3.83111	2.72286	0.388747
18000	363	12.2012	0.769839	0.005115
18000	364	6.27835	2.99109	2.27532
18000	365	5.28085	0.351419	2.08064
18000	366	2.61498	4.15726	3.22846
18000	367	3.23466	2.69111	4.29955
18000	368	3.69942	1.81371	2.6357
18000	369	3.75057	4.69018	5.60782
18000	370	3.39284	4.91232	2.13584
18000	371	3.33284	1.28919	3.66962
18000	372	3.05564	4.13202	5.67584
18000	373	4.79378	2.08102	5.28424
18000	374	5.60876	1.57623	6.24136
18000	375	4.38232	0.480949	2.01605
18000	376	5.42173	4.10391	3.56157
18000	377	11.6673	0.658707	0.0219413
18000	378	4.15121	2.79942	2.15164
18000	379	6.88035	3.06817	3.37988
18000	380	2.29011	2.52051	2.63244
18000	381	7.4873	1.60409	0.425558
18000	382	5.69736	4.25552	0.371942
18000	383	3.93711	3.89186	4.93674
18000	384	3.31976	4.78944	2.98093
18000	385	3.39087	4.3478	2.1404
18000	386	4.55373	0.84064	4.83988
18000	387	4.08497	2.59251	1.15781
18000	388	5.55113	1.08692	1.78038
18000	389	6.1519	3.14945	1.07355
18000	390	4.83334	0.673502	3.12789
18000	391	14.0035	2.50538	4.45512
18000	392	5.42034	1.96398	0.563942
18000	393	3.58229	2.30104	4.16967
18000	394	5.09768	3.82006	4.11047
18000	395	3.09871	2.07913	0.0523571
18000	396	4.78401	3.64015	0.278308
18000	397	4.33379	3.10804	4.26005
18000	398	6.11698	3.19011	4.73276
18000	399	3.30488	2.01848	5.07253
18000	400	2.20316	2.92933	1.23317
18000	401	10.5183	2.54122	5.93422
18000	402	5.03552	0.689052	5.84154
18000	403	4.4826	0.387142	2.71241
18000	404	13.2089	1.13249	0.718428
18000	405	3.49607	4.11302	2.87757
18000	406	6.95551	4.59902	5.71182
18000	407	6.15967	3.93994	2.08279
18000	408	2.26505	1.91959	2.58534
18000	409	3.59355	0.937419	4.77154
18000	410	2.88453	1.20828	0.205423
18000	411	4.03091	1.74359	0.592896
18000	412	9.98702	3.77596	3.82866
18000	413	4.12549	2.75232	0.621121
18000	414	2.54244	4.85606	5.73047
18000	415	2.84179	2.02533	6.2072
18000	416	3.29474	4.87862	0.0940844
18000	417	4.22309	3.71835	1.81614
18000	418	3.05039	1.02691	5.09835
18000	419	3.896	3.79295	2.36424
18000	420	7.6181	1.64912	5.86552
18000	421	4.06347	3.27077	6.04583
18000	422	15.1283	3.06116	1.99237
18000	423	5.37345	3.73686	0.0700053
18000	424	4.0417	4.92041	6.02919
18000	425	8.08769	4.80732	0.832601
18000	426	3.1307	2.27862	1.86892
18000	427	2.76014	3.32587	6.25655
18000	428	4.03948	2.77352	5.50318
18000	429	2.24851	1.19012	4.69324
18000	430	4.54183	1.07528	3.52431
18000	431	3.56352	4.64175	0.0708563
18000	432	2.11699	2.67532	5.5009
18000	433	2.04512	1.01941	4.28928
18000	434	9.62596	2.23522	4.68812
18000	435	15.1673	4.48565	4.52196
18000	436	2.62762	0.452973	1.01698
18000	437	6.9691	2.52557	4.83364
18000	438	6.26234	0.371597	5.90851
18000	439	17.1212	2.16308	0.193302
18000	440	16.5151	4.48184	1.67542
18000	441	5.49022	2.47995	4.97802
18000	442	5.17988	2.72866	1.29821
18000	443	3.38059	2.9749	3.14492
18000	444	4.80913	3.01113	4.86317
18000	445	4.92459	0.110843	0.459457
18000	446	15.5873	2.365	2.56171
18000	447	3.05249	0.0495921	1.39889
18000	448	5.62751	1.96995	0.0299416
18000	449	4.12993	1.60357	1.19413
18000	450	8.48922	2.00939	2.84198
18000	451	0.617639	0.469838	1.97963
18000	452	3.57886	1.3908	0.608942
18000	453	5.4388	3.67706	1.55668
18000	454	6.1733	4.18491	0.223989
18000	455	2.83659	1.65448	6.15762
18000	456	2.73816	3.50617	3.88871
18000	457	4.47187	3.37212	0.0367603
18000	458	6.36095	4.28493	5.20458
18000	459	16.6258	3.93155	0.213904
18000	460	13.2979	0.565671	2.81002
18000	461	2.22396	3.81807	6.26672
18000	462	4.76096	1.69479	2.6864
18000	463	5.40724	4.72716	4.00997
18000	464	4.83363	1.5471	4.72211
18000	465	11.4502	1.70567	0.954647
18000	466	4.03033	1.83327	5.26024
18000	467	2.30447	4.36215	5.10724
18000	468	3.39319	3.03389	3.63868
18000	469	4.44674	1.55061	0.748451
18000	470	6.08231	2.9814	4.27927
18000	471	2.66966	3.82461	4.89847
18000	472	4.59692	2.62919	1.95812
18000	473	2.69537	3.67392	2.07689
18000	474	5.07276	1.30973	0.267936
18000	475	3.09256	2.37224	5.1771
18000	476	4.51963	1.09678	3.59119
18000	477	2.94705	1.73106	4.51266
18000	478	6.56018	2.52794	3.01875
18000	479	7.26352	3.90409	3.05483
18000	480	6.7755	3.83316	2.71507
18000	481	12.6622	4.68335	0.84112
18000	482	3.114	4.17703	0.932867
18000	483	3.32575	2.44919	3.63534
18000	484	5.32487	0.403466	5.51624
18000	485	6.36037	2.84148	5.28866
18000	486	4.29643	1.27456	0.986268
18000	487	3.24856	1.59551	4.98907
18000	488	5.22452	2.58139	3.8193
18000	489	3.64061	0.154393	3.69272
18000	490	18.1792	4.31753	5.81105
18000	491	3.67114	0.954096	3.25656
18000	492	3.20645	2.09654	3.11961
18000	493	3.51063	2.79916	3.48572
18000	494	2.71627	4.51692	2.6479
18000	495	3.52397	1.86838	4.54074
18000	496	4.74878	1.48331	4.08763
18000	497	3.79532	4.63904	5.75982
18000	498	2.65747	2.08957	1.38888
18000	499	2.66225	2.67056	4.85145
20000	0	3.85728	0.351592	4.60845
20000	1	4.24836	4.35432	0.549073
20000	2	5.56401	3.06385	3.19927
20000	3	5.00148	4.43256	1.43541
20000	4	2.55204	3.72743	3.96945
20000	5	2.73777	0.69816	0.909332
20000	6	5.93753	4.25092	1.85337
20000	7	3.07816	0.190402	4.26981
20000	8	14.5779	0.58478	2.69607
20000	9	4.56205	0.220147	5.26709
20000	10	3.93679	2.87676	2.80202
20000	11	4.32153	0.426998	0.402202
20000	12	5.30869	0.883486	3.75519
20000	13	12.6717	4.44069	5.20152
20000	14	3.75821	2.21559	1.36317
20000	15	2.18363	0.484984	3.48905
20000	16	4.50117	0.224135	4.49842
20000	17	4.78631	0.729323	1.13497
20000	18	4.15316	1.57729	5.19073
20000	19	3.07582	1.19669	0.34744
20000	20	2.91307	0.683961	2.08522
20000	21	4.27106	1.54719	2.15832
20000	22	3.59824	1.56029	2.94494
20000	23	3.55759	0.0934783	5.58941
20000	24	3.23261	0.473383	2.48993
20000	25	7.07173	4.73041	1.38666
20000	26	4.00062	4.9941	3.38227
20000	27	2.77693	4.82671	4.77219
20000	28	3.82851	1.03582	3.01049
20000	29	5.60021	0.21422	2.06968
20000	30	1.98046	4.83572	3.79436
20000	31	3.60177	0.409915	5.87589
20000	32	2.77887	4.68038	1.69691
20000	33	2.61814	0.537751	2.69044
20000	34	3.43557	2.99874	1.13077
20000	35	4.69381	0.691505	5.01154
20000	36	3.38171	2.75229	2.38134
20000	37	6.7777	4.03627	5.58822
20000	38	2.60086	3.46355	0.715578
20000	39	3.94672	4.89905	3.22545
20000	40	5.22766	2.11	5.02979
20000	41	8.80511	4.24299	2.58123
20000	42	2.56945	2.59114	1.98754
20000	43	5.98311	0.10212	4.10644
20000	44	2.29319	0.590423	3.63432
20000	45	4.15624	3.30384	1.80761
20000	46	3.86319	4.08131	0.275316
20000	47	7.50456	0.0233214	1.31521
20000	48	4.94451	3.65192	5.83699
20000	49	2.91111	4.43998	5.43614
20000	50	7.23216	2.49824	6.192
20000	51	3.28935	0.452722	5.52214
20000	52	5.18382	3.2802	4.11213
20000	53	3.72269	0.406482	2.81044
20000	54	6.91932	4.34235	1.47533
20000	55	5.56902	0.208831	2.00891
20000	56	6.73482	2.56556	2.83522
20000	57	3.87735	2.23237	0.404686
20000	58	4.39088	3.57236	5.24679
20000	59	3.42559	0.221621	3.02089
20000	60	13.7148	4.03261	6.13065
20000	61	3.60826	0.466635	1.66889
20000	62	2.62395	0.95761	1.6774
20000	63	3.32392	1.52023	1.10134
20000	64	2.69363	2.86809	2.50006
20000	65	6.31671	4.00499	3.33747
20000	66	6.33675	4.03968	1.57905
20000	67	3.92376	4.71383	5.49734
20000	68	2.18682	3.03617	1.22366
20000	69	6.49266	3.7941	3.32755
20000	70	1.80065	2.78408	6.21522
20000	71	4.88296	0.286579	1.06977
20000	72	4.31952	2.0464	4.21377
20000	73	16.0275	4.18622	0.8172
20000	74	3.77226	1.95668	3.86571
20000	75	3.1231	4.44856	4.77707
20000	76	3.48713	2.55166	6.25247
20000	77	5.2274	1.55667	2.68328
20000	78	3.51102	3.47258	3.52827
20000	79	2.40336	0.95137	6.04657
20000	80	4.72375	1.95263	2.25722
20000	81	4.88527	1.70071	5.99251
20000	82	6.0832	1.40844	0.0771215
20000	83	2.76785	2.89436	5.73544
20000	84	5.17207	2.27555	3.97779
20000	85	5.27893	0.510474	4.64989
20000	86	3.15153	2.79812	3.66106
20000	87	2.8991	1.41877	5.38413
20000	88	5.47337	3.49305	3.40282
20000	89	4.09955	4.42901	5.92763
20000	90	5.85243	4.46372	4.73081
20000	91	3.90339	0.532595	3.80467
20000	92	3.99924	3.42654	3.13656
20000	93	15.9145	3.55838	2.8369
20000	94	5.49003	1.96804	5.18142
20000	95	4.75478	4.1625	3.263
20000	96	7.37465	3.98867	2.66662
20000	97	6.50977	1.73453	5.15085
20000	98	4.6119	3.23224	5.21483
20000	99	3.92152	3.75444	2.44717
20000	100	2.78234	1.4667	5.42204
20000	101	2.87164	3.44116	5.51445
20000	102	4.02837	3.79657	3.69303
20000	103	1.37794	1.89031	3.42303
20000	104	2.82054	2.38104	5.51488
20000	105	8.40143	0.496974	3.5802
20000	106	4.21668	3.42702	4.19079
20000	107	4.47435	2.20197	6.18733
20000	108	7.91462	3.80755	1.05298
20000	109	6.86386	2.38211	4.63941
20000	110	12.3798	1.1854	4.52848
20000	111	2.88892	1.69579	1.90604
20000	112	3.36482	4.3865	1.69809
20000	113	4.47027	3.15959	1.30928
20000	114	6.32666	1.00452	6.12412
20000	115	7.37299	2.53049	1.37328
20000	116	4.98071	3.41586	3.65705
20000	117	4.73866	4.07407	4.16674
20000	118	2.4084	1.22974	4.03206
20000	119	3.64494	4.91799	4.38596
20000	120	5.79175	0.319476	1.13325
20000	121	12.2437	1.72974	0.687689
20000	122	3.04757	3.68486	1.10575
20000	123	6.20233	3.4278	5.2676
20000	124	6.96239	3.49387	6.05442
20000	125	15.6022	2.66035	5.34284
20000	126	5.05869	4.49643	6.07927
20000	127	3.45101	3.54998	1.63126
20000	128	5.95278	0.41833	4.84982
20000	129	4.19601	3.26975	1.50054
20000	130	5.41701	2.32472	3.05775
20000	131	4.73935	1.46054	1.31318
20000	132	2.30652	4.5293	5.98053
20000	133	3.31548	4.98401	2.47535
20000	134	2.78011	1.27368	1.87278
20000	135	13.531	3.14954	0.0895165
20000	136	4.67318	0.100804	1.53061
20000	137	5.33683	3.90689	2.52462
20000	138	2.40995	1.98633	6.24219
20000	139	3.96942	0.421547	4.12536
20000	140	4.19468	4.17599	2.19289
20000	141	14.5815	1.63047	5.81816
20000	142	3.93891	3.72813	3.69557
20000	143	5.14671	4.1504	5.02908
20000	144	4.61146	1.9071	1.20603
20000	145	3.7257	2.92774	5.7062
20000	146	3.63923	2.58302	1.891
20000	147	3.47735	4.51809	4.36483
20000	148	5.98043	1.84866	1.84488
20000	149	3.13139	0.531342	2.87638
20000	150	2.10426	1.08236	2.54479
20000	151	18.7913	2.75908	4.87412
20000	152	6.89687	1.84904	5.44823
20000	153	4.91464	0.121194	3.36993
20000	154	4.26696	3.26996	5.88502
20000	155	3.76964	1.44207	5.46727
20000	156	3.20256	3.60023	5.24847
20000	157	3.13686	3.2957	5.98297
20000	158	1.79919	0.283991	0.17567
20000	159	3.9619	4.55778	6.05634
20000	160	3.31291	1.82155	4.0943
20000	161	10.5183	3.57154	5.10327
20000	162	5.33547	3.35901	0.732526
20000	163	3.86205	4.67464	1.02528
20000	164	2.84994	4.64491	1.21529
20000	165	3.45457	1.97118	0.168828
20000	166	2.33357	4.75548	0.658067
20000	167	4.10493	3.29123	3.09956
20000	168	5.91483	3.52521	1.40159
20000	169	3.15183	1.80618	4.82627
20000	170	2.68774	3.59244	5.95852
20000	171	5.63749	1.90854	3.08966
20000	172	2.56986	2.21339	1.90299
20000	173	5.01908	2.48709	1.13636
20000	174	0.453872	0.248119	6.09956
20000	175	3.0257	4.19492	3.45047
20000	176	3.00945	0.453828	3.94565
20000	177	13.8764	2.54634	2.78401
20000	178	8.78281	1.15014	0.324044
20000	179	4.02068	4.74842	4.36919
20000	180	4.29519	2.17405	3.80878
20000	181	5.07386	2.06749	6.08105
20000	182	3.50906	2.28832	3.55891
20000	183	3.30836	1.0775	4.54038
20000	184	0.789169	2.68606	2.32891
20000	185	4.12478	0.228296	0.684654
20000	186	4.92781	1.21968	3.2726
20000	187	3.02628	2.43383	1.94472
20000	188	3.1654	4.70734	1.06472
20000	189	5.37112	0.0743692	1.77563
20000	190	5.91284	3.56016	6.01124
20000	191	2.08246	3.54991	3.11157
20000	192	5.88469	3.81934	0.849903
20000	193	5.47261	4.12598	1.87295
20000	194	1.41693	4.7006	0.124213
20000	195	3.42726	4.42488	1.58806
20000	196	3.79176	1.23414	0.976944
20000	197	2.40005	0.733159	2.95047
20000	198	4.10166	4.62993	1.91438
20000	199	6.05925	1.08636	4.57983
20000	200	5.35813	2.10032	3.11434
20000	201	4.27191	4.4034	4.44891
20000	202	6.0157	0.00342162	2.92706
20000	203	3.75081	4.80729	1.77936
20000	204	18.4191	4.34637	3.31564
20000	205	3.06444	1.62857	5.64667
20000	206	3.54831	0.754472	0.200194
20000	207	5.73512	2.5091	1.43407
20000	208	3.02909	1.29339	1.85326
20000	209	3.32143	4.77129	3.78109
20000	210	2.26456	2.86512	5.24533
20000	211	4.83699	3.69188	3.34644
20000	212	12.4049	3.74016	0.385629
20000	213	3.44685	3.83177	5.91997
20000	214	5.49867	0.796454	5.21765
20000	215	5.54312	1.7312	5.73093
20000	216	5.61689	2.18963	4.54638
20000	217	3.24064	3.64081	3.82478
20000	218	3.30004	0.941847	5.84666
20000	219	11.6609	3.53368	1.33387
20000	220	3.24236	1.29397	1.90979
20000	221	0.317597	1.35676	1.76577
20000	222	4.56097	4.37939	2.00882
20000	223	2.33848	2.11854	4.94198
20000	224	2.67059	2.52775	5.51815
20000	225	3.92595	0.332544	1.12962
20000	226	19.5947	3.48082	2.55254
20000	227	7.49579	1.31791	6.12145
20000	228	6.15435	1.88194	4.24694
20000	229	3.89347	0.538608	4.87089
20000	230	4.71352	3.53011	1.80222
20000	231	3.15189	4.80684	0.900016
20000	232	3.99593	4.32855	4.5145
20000	233	6.20195	2.53264	0.483363
20000	234	3.16623	0.324096	3.44494
20000	235	4.86206	2.78918	2.89101
20000	236	8.6035	2.46829	2.78234
20000	237	3.14991	0.848079	4.02496
20000	238	12.6409	0.863324	1.92898
20000	239	0.301009	2.58125	2.37954
20000	240	2.01034	1.23147	4.36072
20000	241	2.41369	3.2038	5.29114
20000	242	4.7751	2.20421	6.19087
20000	243	5.14691	2.67282	1.66507
20000	244	4.05466	3.40829	0.524519
20000	245	2.57972	1.11138	5.64424
20000	246	5.13111	4.12507	1.30651
20000	247	2.45008	4.94569	4.23959
20000	248	18.1787	1.24503	1.1563
20000	249	5.56567	3.77761	1.24902
20000	250	5.15957	1.1771	1.69255
20000	251	4.24005	3.76836	3.87173
20000	252	4.20777	0.269417	4.25285
20000	253	10.9221	3.42287	5.33967
20000	254	6.21169	1.86136	2.33231
20000	255	5.8424	2.51486	0.0536625
20000	256	19.7388	0.303815	6.26585
20000	257	3.93208	3.9135	1.79065
20000	258	4.93008	2.47457	6.02488
20000	259	2.54697	1.87063	1.55176
20000	260	5.43822	4.14756	0.596481
20000	261	5.70959	0.684046	1.78378
20000	262	15.8884	3.80092	5.58841
20000	263	5.19985	4.41872	5.71786
20000	264	3.6938	1.26861	5.99006
20000	265	6.25258	3.54802	4.95475
20000	266	3.10277	3.86896	5.61783
20000	267	4.84419	1.67142	1.35143
20000	268	4.91705	4.31329	0.967027
20000	269	11.2957	3.58357	2.65736
20000	270	5.71856	0.906455	2.6859
20000	271	5.33673	4.11098	3.72723
20000	272	3.79918	2.73622	0.0922486
20000	273	5.76445	3.76471	4.32492
20000	274	4.96936	1.20058	3.5551
20000	275	4.75722	0.325201	1.5212
20000	276	2.98063	4.42477	4.33636
20000	277	5.12745	0.838034	1.51523
20000	278	4.86495	0.797212	5.3949
20000	279	4.48154	4.73559	1.72824
20000	280	3.60255	3.50012	1.11536
20000	281	9.33518	2.27048	2.44617
20000	282	3.99531	1.70356	3.50023
20000	283	4.73087	1.13495	2.31097
20000	284	5.38519	3.53984	2.84387
20000	285	2.99288	3.61566	2.91905
20000	286	3.10212	3.56257	5.51869
20000	287	10.9595	3.29268	5.40289
20000	288	4.11753	1.41721	0.188422
20000	289	3.81552	3.33937	3.53243
20000	290	2.82333	2.10841	2.31318
20000	291	4.68703	3.64741	2.72196
20000	292	4.24106	3.94372	0.216119
20000	293	7.89203	0.796884	2.68122
20000	294	5.55043	0.583387	3.28618
20000	295	3.7602	4.25135	2.65586
20000	296	2.07655	3.54944	5.39683
20000	297	3.29488	0.315674	5.33691
20000	298	3.23955	2.35761	2.38296
20000	299	18.8866	1.50634	4.44635
20000	300	3.16063	1.19511	4.99178
20000	301	4.22136	0.374785	4.42071
20000	302	16.2373	2.92597	4.53626
20000	303	3.20266	2.51699	3.52707
20000	304	7.44802	4.85565	2.92785
20000	305	6.06582	1.55818	5.57645
20000	306	19.4815	4.42138	3.69663
20000	307	3.71676	4.14814	3.44095
20000	308	4.79585	4.96824	2.86618
20000	309	4.73414	0.591356	3.81352
20000	310	5.82725	1.25202	4.50185
20000	311	2.8851	1.27353	5.65486
20000	312	2.43692	0.228927	3.57987
20000	313	5.58914	3.25694	5.62554
20000	314	5.75785	0.705804	2.19446
20000	315	3.90307	0.222541	2.87407
20000	316	3.40687	0.351899	5.35189
20000	317	4.71251	4.8483	6.1567
20000	318	3.60897	2.64307	0.0891163
20000	319	5.40508	0.318551	1.00714
20000	320	2.7871	1.79121	0.945772
20000	321	4.30644	0.294305	1.18205
20000	322	3.05569	1.16517	2.90734
20000	323	5.21283	3.0459	0.818848
20000	324	3.62747	3.44583	5.65339
20000	325	7.97503	0.194278	3.67658
20000	326	5.05915	3.16536	3.42093
20000	327	2.99928	4.28233	0.724817
20000	328	3.98521	4.6489	3.32601
20000	329	2.20539	1.98334	4.85607
20000	330	18.9526	3.516	0.701493
20000	331	3.2506	1.22661	3.72709
20000	332	6.14378	1.66879	3.71469
20000	333	3.72873	2.89442	0.37287
20000	334	2.10047	1.35142	6.07847
20000	335	4.32503	4.92238	5.33632
20000	336	5.82327	1.4298	0.0663259
20000	337	3.54526	4.65556	4.72866
20000	338	7.7098	2.03152	1.38537
20000	339	17.7574	1.20549	0.256925
20000	340	18.0158	3.04707	3.3347
20000	341	6.18179	2.35584	3.89264
20000	342	13.0912	4.92042	3.72736
20000	343	3.21451	1.7916	4.53763
20000	344	4.55762	1.02284	4.20077
20000	345	19.7866	0.250303	3.30344
20000	346	1.13364	0.585586	0.655229
20000	347	3.07229	3.14796	5.62375
20000	348	19.8428	2.3348	2.44981
20000	349	3.41345	3.76064	5.54457
20000	350	2.25389	0.960477	3.59133
20000	351	5.12837	0.632497	5.1934
20000	352	4.54764	1.79776	6.00398
20000	353	18.4299	3.78185	5.0872
20000	354	5.43342	2.40706	5.32931
20000	355	3.14198	0.800134	2.48002
20000	356	0.501337	1.87875	4.38649
20000	357	5.08361	2.18881	3.88474
20000	358	2.53621	0.439814	2.96903
20000	359	4.25267	2.48107	1.84421
20000	360	6.52471	1.90859	5.86338
20000	361	3.41562	2.25857	0.23568
20000	362	4.29442	1.38346	3.51339
20000	363	0.575946	2.10342	3.48096
20000	364	4.22353	3.30708	1.35838
20000	365	5.76033	2.35214	3.47574
20000	366	4.8627	2.01528	1.59228
20000	367	14.5509	3.85752	5.05439
20000	368	4.33236	4.98715	1.84591
20000	369	5.73165	1.3956	2.32329
20000	370	5.09755	1.5099	1.791
20000	371	9.25907	1.83771	3.5913
20000	372	5.88447	1.46907	1.35962
20000	373	7.95608	4.39833	6.23154
20000	374	2.19464	3.66932	1.82172
20000	375	4.1541	1.75164	5.49827
20000	376	4.96145	1.84689	5.00686
20000	377	2.57889	0.131374	2.46959
20000	378	8.01951	4.14387	5.26683
20000	379	6.35822	4.95315	0.449112
20000	380	4.84258	3.02057	1.99507
20000	381	4.36335	4.74322	0.623039
20000	382	4.15031	2.9918	4.44398
20000	383	6.64171	2.19483	4.62433
20000	384	4.95148	3.37352	3.77686
20000	385	2.12045	1.85311	4.90826
20000	386	4.56752	2.74811	1.00858
20000	387	4.01384	2.8021	6.01443
20000	388	1.83524	2.56037	3.40286
20000	389	4.78695	3.08635	5.25757
20000	390	3.43891	2.37908	3.65302
20000	391	3.28187	2.51051	3.08751
20000	392	4.58797	3.28667	5.79126
20000	393	3.72374	4.28562	4.86674
20000	394	8.31328	4.77451	5.89829
20000	395	5.00115	1.75781	5.08491
20000	396	12.3758	3.3647	1.26695
20000	397	4.69778	4.68873	0.396661
20000	398	5.93571	0.729108	5.38955
20000	399	2.07171	2.478	1.46238
20000	400	3.6492	3.72618	5.02054
20000	401	6.10191	1.97308	5.63214
20000	402	5.01519	1.01382	4.57919
20000	403	6.1004	3.57979	3.39305
20000	404	2.89661	0.77233	4.99032
20000	405	2.51782	0.792688	2.3195
20000	406	5.16773	1.87253	3.37727
20000	407	5.69804	3.44685	6.11216
20000	408	16.4779	4.04113	0.849314
20000	409	9.06596	0.213639	6.26779
20000	410	5.49968	3.97844	6.05435
20000	411	4.39745	1.84467	4.37629
20000	412	2.81246	4.94814	1.1001
20000	413	4.13571	1.0329	5.34958
20000	414	3.32475	4.55834	4.48167
20000	415	3.98341	2.32274	0.76739
20000	416	3.761	4.81761	3.11786
20000	417	3.4555	2.84965	5.32418
20000	418	3.30467	3.99145	4.95593
20000	419	0.788636	2.08376	2.84681
20000	420	4.86868	4.0671	0.0144313
20000	421	3.18706	4.62724	0.981183
20000	422	4.86062	1.49531	0.862748
20000	423	1.65057	0.53548	6.07831
20000	424	2.35018	2.33323	3.62521
20000	425	4.56944	4.45355	5.83511
20000	426	6.22573	2.06991	3.71718
20000	427	2.57138	1.74476	1.6995
20000	428	5.85563	0.443841	2.71581
20000	429	3.7714	3.01134	3.38394
20000	430	12.0965	1.31457	5.49466
20000	431	2.20561	0.429463	2.43511
20000	432	7.10629	2.80533	0.302392
20000	433	6.29716	3.56559	3.47416
20000	434	4.70326	4.96168	5.84422
20000	435	3.14776	0.174154	5.21176
20000	436	7.5566	3.74539	3.89015
20000	437	11.7931	3.961	0.409864
20000	438	4.39148	2.80325	1.83448
20000	439	13.4027	2.79772	1.65337
20000	440	9.99409	4.77293	2.59306
20000	441	3.79409	0.381657	0.130672
20000	442	5.58999	2.75071	6.23499
20000	443	5.3852	4.98795	4.64882
20000	444	3.13754	4.10556	6.28147
20000	445	4.25229	0.379399	6.17622
20000	446	17.3911	2.47933	3.97536
20000	447	17.6941	2.38276	5.55365
20000	448	2.8107	1.26468	4.6234
20000	449	2.64293	2.40188	4.35675
20000	450	14.3324	4.67875	0.33727
20000	451	2.45149	0.879313	2.38637
20000	452	6.33277	1.18921	4.2102
20000	453	7.43109	1.63546	0.710158
20000	454	6.08546	3.23318	5.9277
20000	455	5.68036	4.29983	1.58603
20000	456	3.25166	3.43487	3.79313
20000	457	3.51319	1.5248	4.07705
20000	458	3.60083	1.35773	2.15204
20000	459	5.16203	1.65671	5.53093
20000	460	4.35523	1.30507	3.63575
20000	461	5.97945	2.76876	6.2013
20000	462	5.55626	1.15497	0.173874
20000	463	2.43963	1.94211	0.0203418
20000	464	3.30577	1.46697	1.40162
20000	465	14.1624	4.05321	4.77482
20000	466	3.49433	4.09634	4.4194
20000	467	16.7753	4.29916	1.57163
20000	468	2.83989	3.96393	2.86452
20000	469	2.16707	4.02071	4.68559
20000	470	3.83575	0.969672	4.68215
20000	471	6.81178	2.74094	4.18155
20000	472	4.76647	1.66194	1.08383
20000	473	2.56691	4.69032	4.39682
20000	474	2.55731	2.22762	5.78535
20000	475	5.60618	1.32003	3.49424
20000	476	3.63636	0.556647	2.95101
20000	477	3.3739	3.48514	3.85977
20000	478	6.46058	4.71458	4.88531
20000	479	2.48015	3.25566	1.82804
20000	480	5.14323	2.01601	3.27578
20000	481	3.57257	4.29109	1.09917
20000	482	3.17888	0.746472	5.85278
20000	483	5.09587	0.825585	2.99392
20000	484	4.51279	4.36016	0.43554
20000	485	5.52404	1.66538	2.67712
20000	486	9.20374	4.69899	1.53391
20000	487	4.85816	3.93239	5.04478
20000	488	2.41168	0.448512	0.779191
20000	489	2.12634	1.9951	4.50069
20000	490	3.15594	3.65966	2.53346
20000	491	7.19648	4.34425	4.87183
20000	492	4.55248	4.98398	2.78723
20000	493	10.4318	4.09321	2.68001
20000	494	4.03702	3.65383	4.5794
20000	495	14.3355	4.38516	1.62102
20000	496	4.22446	3.302	1.50247
20000	497	3.10264	0.318192	2.18145
20000	498	3.02913	3.30302	1.22191
20000	499	5.56339	2.00969	3.04031
