2000	0	-102.847	-14.5746
2000	1	-148.625	94.5715
2000	2	-23.2746	52.9827
2000	3	175.804	-330.108
2000	4	-312.873	-299.887
2000	5	298.336	559.436
2000	6	168.343	-33.5446
2000	7	267.202	-472.068
2000	8	-223.099	-119.043
2000	9	10.2437	890.895
2000	10	-394.865	-435.585
2000	11	-273.062	-771.019
2000	12	-316.557	-77.513
2000	13	308.72	400.068
2000	14	12.6244	-5.38882
2000	15	-130.953	-382.46
2000	16	180.536	-263.429
2000	17	-180.1	-772.973
2000	18	-310.173	158.835
2000	19	76.0848	573.743
2000	20	-340.659	107.617
2000	21	-325.991	-646.502
2000	22	-219.355	-611.499
2000	23	19.7189	-187.937
2000	24	-7.09357	-769.882
2000	25	20.0956	-274.974
2000	26	-201.975	410.979
2000	27	33.3033	186.342
2000	28	-91.1621	423.546
2000	29	-114.121	151.184
2000	30	-122.439	-631.99
2000	31	51.9887	-27.2158
2000	32	79.1556	90.0941
2000	33	75.221	624.51
2000	34	122.33	-674.519
2000	35	158.599	79.2601
2000	36	-54.403	190.883
2000	37	-178.498	446.815
2000	38	51.0623	-68.2958
2000	39	-188.876	186.234
2000	40	-134.505	-810.429
2000	41	-38.5159	77.8257
2000	42	-17.199	267.086
2000	43	-222.019	199.407
2000	44	820.948	-206.574
2000	45	101.094	-430.599
2000	46	-245.134	122.807
2000	47	-214.482	542.652
2000	48	-238.223	270.089
2000	49	519.295	-114.521
2000	50	-146.027	-167.368
2000	51	19.7188	-212.571
2000	52	18.7308	36.5296
2000	53	-130.638	641.333
2000	54	-68.5494	-188.809
2000	55	117.643	220.746
2000	56	-288.74	-276.306
2000	57	278.148	47.7029
2000	58	-25.1385	-370.539
2000	59	-188.648	-294.979
2000	60	-174.382	47.945
2000	61	-284.369	150.681
2000	62	524.833	-101.384
2000	63	36.8971	-462.62
2000	64	362.191	99.4007
2000	65	-296.445	-294.152
2000	66	-54.1343	-93.7544
2000	67	-12.7024	275.085
2000	68	-129.89	-130.303
2000	69	-80.5003	381.696
2000	70	47.5026	266.838
2000	71	-16.1423	-146.959
2000	72	93.5338	-526.793
2000	73	-147.25	-164.307
2000	74	129.12	415.844
2000	75	32.4395	-469.404
2000	76	29.3128	-436.526
2000	77	-147.052	713.289
2000	78	-28.7525	282.712
2000	79	-290.898	-321.833
2000	80	-177.845	-45.6626
2000	81	187.931	-160.085
2000	82	168.652	268.975
2000	83	478.41	358.73
2000	84	-190.788	-374.333
2000	85	554.548	342.264
2000	86	-150.895	-112.696
2000	87	-30.1287	-629.394
2000	88	-168.516	-229.479
2000	89	-203.558	-101.189
2000	90	90.492	-1020
2000	91	38.0623	-538.823
2000	92	264.832	766.832
2000	93	-26.973	395.415
2000	94	110.994	-408.035
2000	95	60.4594	254.232
2000	96	-105.387	536.555
2000	97	80.2505	292.911
2000	98	-168.187	198.037
2000	99	-523.947	502.489
2000	100	95.5737	-14.9573
2000	101	-427.942	-233.798
2000	102	123.544	-301.767
2000	103	402.325	94.338
2000	104	227.145	-90.1439
2000	105	-512.703	-291.442
2000	106	154.06	-222.058
2000	107	152.458	-101.375
2000	108	321.635	-56.25
2000	109	-66.7696	317.169
2000	110	-365.815	-132.973
2000	111	64.3773	-221.163
2000	112	-53.8551	111.171
2000	113	-93.5227	480.695
2000	114	-381.133	246.294
2000	115	-41.4094	193.097
2000	116	-473.385	-357.502
2000	117	-309.257	90.802
2000	118	-293.405	220.944
2000	119	-230.761	-393.541
2000	120	-202.63	346.562
2000	121	66.9684	134.039
2000	122	-27.3104	-414.187
2000	123	-120.554	229.053
2000	124	-63.6938	238.811
2000	125	170.494	256.592
2000	126	-259.667	-431.415
2000	127	182.127	177.611
2000	128	285.01	-60.2891
2000	129	-24.1351	50.4978
2000	130	207.952	166.768
2000	131	-423.902	-76.1429
2000	132	526.766	431.285
2000	133	284.942	55.3599
2000	134	-250.73	122.355
2000	135	-96.9061	221.796
2000	136	-106.261	-638.153
2000	137	-298.254	585.232
2000	138	-66.9093	-23.5158
2000	139	133.089	641.354
2000	140	7.0975	437.995
2000	141	78.5471	-146.969
2000	142	439.895	-703.803
2000	143	44.6794	-605.123
2000	144	-179.923	70.5554
2000	145	372.941	164.394
2000	146	105.184	-630.282
2000	147	-31.843	-55.0857
2000	148	-380.399	144.302
2000	149	186.406	-564.371
2000	150	182.119	326.742
2000	151	79.939	302.917
2000	152	16.5837	-433.722
2000	153	-114.26	171.777
2000	154	-231.541	474.666
2000	155	-397.505	-227.323
2000	156	-369.029	-281.877
2000	157	292.297	436.364
2000	158	-582.503	-82.6829
2000	159	-357.978	-116.171
2000	160	-455.856	-175.082
2000	161	-449.29	256.459
2000	162	152.927	701.315
2000	163	-49.933	-197.575
2000	164	-599.741	294.578
2000	165	-269.081	-285.602
2000	166	-166.299	882.647
2000	167	287.707	-364.324
2000	168	-194.034	383.226
2000	169	44.2351	468.195
2000	170	-60.0506	1113.01
2000	171	-296.757	-239.623
2000	172	286.807	-126.6
2000	173	-297.394	-870.906
2000	174	36.2343	-526.786
2000	175	-165.493	-223.518
2000	176	476.309	-28.9844
2000	177	-73.9995	-410.155
2000	178	-77.4639	-232.501
2000	179	315.889	-549.977
2000	180	310.14	-43.0282
2000	181	-654.102	-240.021
2000	182	-129.156	-219.734
2000	183	-15.4723	146.669
2000	184	426.996	-275.831
2000	185	-143.01	-34.3852
2000	186	-98.2701	-870.589
2000	187	0.642417	472.684
2000	188	410.233	341.794
2000	189	2.656	34.875
2000	190	486.242	7.94135
2000	191	126.998	14.8568
2000	192	-6.89507	-27.9553
2000	193	-33.5743	543.676
2000	194	273.659	-104.852
2000	195	-304.098	295.498
2000	196	-354.853	129.883
2000	197	333.075	-266.708
2000	198	124.098	-465.165
2000	199	497.534	-268.79
2000	200	-39.0282	52.7584
2000	201	83.1711	-14.4893
2000	202	-108.615	273.076
2000	203	-282.941	-278.498
2000	204	237.72	-257.977
2000	205	-268.399	96.5082
2000	206	-312.093	118.951
2000	207	355.391	325.542
2000	208	161.89	723.913
2000	209	56.2748	123.861
2000	210	-263.826	-600.68
2000	211	65.1264	307.158
2000	212	60.6684	24.5414
2000	213	121.423	-447.943
2000	214	-62.1301	-574.564
2000	215	119.34	-284.535
2000	216	-23.8112	-124.724
2000	217	240.43	-50.2296
2000	218	51.8497	-395.219
2000	219	-95.5186	-77.8288
2000	220	-587.039	740.274
2000	221	-207.575	-252.574
2000	222	231.917	99.4187
2000	223	160.92	536.42
2000	224	-449.722	51.2469
2000	225	-146.748	-353.586
2000	226	543.021	349.48
2000	227	-112.749	-271.798
2000	228	-373.699	253.829
2000	229	34.6222	-186.817
2000	230	267.328	204.856
2000	231	19.6833	-786.074
2000	232	205.879	490.667
2000	233	-516.975	15.7344
2000	234	-159.688	154.26
2000	235	63.0281	-220.273
2000	236	-14.4544	-391.686
2000	237	-441.115	-216.294
2000	238	-397.967	-93.6548
2000	239	160.705	59.7836
2000	240	141.497	22.6038
2000	241	-42.2047	-484.059
2000	242	123.106	406.991
2000	243	176.604	-177.771
2000	244	-46.8175	425.664
2000	245	-214.437	-382.989
2000	246	-41.3106	248.736
2000	247	122.411	-124.853
2000	248	-336.895	572.3
2000	249	215.352	-262.1
2000	250	-420.157	-314.384
2000	251	-289.66	87.8791
2000	252	211.331	-455.557
2000	253	18.6231	224.795
2000	254	-126.795	-66.3737
2000	255	-450.257	-245.356
2000	256	696.574	732.013
2000	257	-72.9057	-450.485
2000	258	55.3261	75.5108
2000	259	-638.573	136.223
2000	260	11.1814	-184.916
2000	261	66.4449	-235.96
2000	262	142.409	-4.18975
2000	263	-93.1793	-377.906
2000	264	-38.867	189.949
2000	265	16.2265	-546.456
2000	266	128.024	22.26
2000	267	-438.026	-203.438
2000	268	53.3945	813.315
2000	269	-340.11	-698.602
2000	270	-200.716	-121.619
2000	271	-96.1838	-22.9348
2000	272	225.171	115.963
2000	273	176.865	-215.399
2000	274	-402.538	97.0734
2000	275	-250.552	159.034
2000	276	-436.247	-954.522
2000	277	421.613	579.822
2000	278	-227.984	31.47
2000	279	-178.925	355.561
2000	280	-4.82243	498.884
2000	281	289.625	-45.6498
2000	282	-369.741	270.19
2000	283	-663.61	493.373
2000	284	306.644	295.533
2000	285	152.999	-279.153
2000	286	237.649	-480.693
2000	287	-412.311	-483.208
2000	288	-183.028	-318.488
2000	289	115.015	168.769
2000	290	101.964	-376.65
2000	291	-162.771	-136.021
2000	292	-58.1934	460.387
2000	293	-435.447	152.049
2000	294	141.176	-46.2318
2000	295	190.473	348.421
2000	296	265.584	-9.4197
2000	297	-137.325	469.774
2000	298	-538.756	-30.3551
2000	299	28.0269	-83.221
2000	300	-179.747	-66.813
2000	301	133.695	-325.314
2000	302	166.882	-86.8385
2000	303	-145.92	-515.347
2000	304	-247.87	65.0612
2000	305	-33.2694	-328.372
2000	306	191.092	-262.96
2000	307	225.665	46.7701
2000	308	482.042	-72.3486
2000	309	-29.7127	102.782
2000	310	-134.642	-96.6033
2000	311	-212.595	-207.981
2000	312	-235.569	-913.998
2000	313	-394.021	-354.708
2000	314	568.361	780.718
2000	315	-292.078	-205.778
2000	316	74.9812	6.17041
2000	317	-237.96	-212.484
2000	318	-166.848	-475.921
2000	319	-116.455	384.117
2000	320	37.884	-612.794
2000	321	-133.491	-356.635
2000	322	28.0189	154.452
2000	323	-359.878	145.061
2000	324	111.907	353.085
2000	325	244.599	-117.59
2000	326	210.288	220.665
2000	327	33.2496	404.342
2000	328	-298.63	26.7552
2000	329	141.82	781.815
2000	330	52.6938	-391.989
2000	331	122.563	-513.84
2000	332	-6.57755	19.0776
2000	333	171.601	44.1869
2000	334	4.83579	-81.2073
2000	335	179.397	29.0996
2000	336	252.439	419.134
2000	337	63.931	-321.327
2000	338	-52.6203	238.917
2000	339	31.342	510.562
2000	340	201.289	-48.0056
2000	341	837.331	265.767
2000	342	105.177	36.8391
2000	343	-101.102	122.293
2000	344	587.34	824.757
2000	345	312.316	143.408
2000	346	18.4962	58.3702
2000	347	-263.641	-318.139
2000	348	154.11	-241.732
2000	349	133.494	-190.193
2000	350	175.039	-206.131
2000	351	63.0307	-479.698
2000	352	70.1972	20.5317
2000	353	-358.131	-405.414
2000	354	296.446	-153.523
2000	355	558.248	372.426
2000	356	-260.47	-623.75
2000	357	-4.46448	-752.859
2000	358	256.233	-525.372
2000	359	109.376	-159.014
2000	360	284.411	297.782
2000	361	186.309	253.624
2000	362	245.937	-55.0758
2000	363	192.316	24.1089
2000	364	-36.3001	-109.645
2000	365	142.19	-153.876
2000	366	-353.558	-334.727
2000	367	-208.453	-51.1709
2000	368	-28.3811	-223.204
2000	369	-241.272	79.7688
2000	370	143.886	-331.81
2000	371	-256.668	-0.0983507
2000	372	-113.558	-434.163
2000	373	222.056	-207.153
2000	374	479.124	169.744
2000	375	187.871	425.899
2000	376	229.443	5.41951
2000	377	-211.064	167.994
2000	378	98.734	-189.747
2000	379	-186.089	-83.9042
2000	380	273.939	-85.4439
2000	381	-233.834	86.3767
2000	382	259.238	-300.111
2000	383	-245.029	125.287
2000	384	434.803	-498.033
2000	385	176.616	265.563
2000	386	-489.788	-307.234
2000	387	-723.714	446.648
2000	388	-227.493	-591.274
2000	389	132.535	-622.143
2000	390	689.695	-676.36
2000	391	196.734	-764.652
2000	392	-17.2623	-12.5876
2000	393	-89.3399	456.78
2000	394	201.857	428.181
2000	395	-243.998	300.752
2000	396	-20.0264	376.342
2000	397	-34.8647	-271.743
2000	398	-228.776	6.79682
2000	399	265.854	544.373
2000	400	-56.8343	15.094
2000	401	64.6822	167.744
2000	402	28.8205	-243.366
2000	403	-438.11	331.848
2000	404	-116.688	-152.677
2000	405	-82.6703	-49.3318
2000	406	51.846	287.669
2000	407	390.648	109.192
2000	408	570.877	-296.966
2000	409	-99.7988	-386.76
2000	410	-150.582	237.369
2000	411	-185.548	114.156
2000	412	28.9444	27.8166
2000	413	-100.326	-220.034
2000	414	-439.894	-11.4191
2000	415	89.7274	-1099.37
2000	416	136.49	-209.091
2000	417	-277.708	-386.028
2000	418	260.456	-310.767
2000	419	-268.787	728.626
2000	420	435.654	13.3589
2000	421	-20.4752	732.517
2000	422	343.493	-465.024
2000	423	354.912	-627.876
2000	424	-204.945	327.176
2000	425	-400.586	-43.5259
2000	426	74.0133	318.803
2000	427	-74.7438	264.54
2000	428	-368.651	-341.53
2000	429	-76.0177	-140.62
2000	430	213.116	-16.7283
2000	431	121.163	-76.1854
2000	432	32.7721	-457.294
2000	433	307.284	102.93
2000	434	-568.759	-147.527
2000	435	-190.718	733.481
2000	436	-66.4731	-475.232
2000	437	-14.2381	123.362
2000	438	-367.619	-302.83
2000	439	106.421	-51.3661
2000	440	-402.93	-383.412
2000	441	-208.591	25.9062
2000	442	-318.502	-186.985
2000	443	73.2126	-221.499
2000	444	-270.487	37.7312
2000	445	75.4857	-592.536
2000	446	-37.9961	-475.249
2000	447	-67.6126	403.745
2000	448	247.574	356.484
2000	449	336.582	-306.304
2000	450	454.441	392.277
2000	451	269.697	-104.298
2000	452	3.27987	599.02
2000	453	-120.42	171.466
2000	454	-17.6216	-97.7655
2000	455	105.739	402.72
2000	456	-548.216	-873.545
2000	457	348.981	-68.2503
2000	458	-309.895	434.716
2000	459	-146.711	197.198
2000	460	-526.41	361.301
2000	461	38.7274	104.669
2000	462	416.895	591.236
2000	463	21.5724	62.8283
2000	464	-60.0811	232.741
2000	465	381.84	-4.13817
2000	466	-139.185	136.16
2000	467	-283.15	-167.289
2000	468	-40.042	-335.822
2000	469	-65.9923	300.262
2000	470	585.385	-245.539
2000	471	-283.884	217.157
2000	472	777.117	-89.2096
2000	473	-130.865	-124.286
2000	474	-0.985973	109.405
2000	475	-181.052	-490.763
2000	476	-27.4873	136.633
2000	477	-185.9	248.765
2000	478	-281.261	-276.347
2000	479	-156.858	-640.145
2000	480	285.541	546.369
2000	481	-5.88742	228.156
2000	482	-119.165	-640.407
2000	483	-128.237	-78.1166
2000	484	9.56177	79.0036
2000	485	688.724	249.655
2000	486	505.655	-132.454
2000	487	303.799	258.451
2000	488	296.076	-34.3986
2000	489	20.5425	-158.873
2000	490	55.5568	-116.753
2000	491	116.422	-226.421
2000	492	-229.029	-307.368
2000	493	167.497	170.784
2000	494	329.008	-56.3884
2000	495	-215.68	475.496
2000	496	27.6093	-350.851
2000	497	55.869	-37.0214
2000	498	81.784	-44.7947
2000	499	-202.176	414.326
4000	0	340.548	401.016
4000	1	-370.408	-294.072
4000	2	196.092	173.496
4000	3	-136.151	-203.024
4000	4	-610.854	-835.523
4000	5	338.783	458.951
4000	6	-366.061	-437.624
4000	7	290.53	105.232
4000	8	-484.877	-83.4628
4000	9	-31.3951	1544.12
4000	10	291.206	-255.538
4000	11	-354.351	-236.397
4000	12	-137.311	83.9833
4000	13	447.986	454.279
4000	14	-307.279	-192.149
4000	15	-151.453	268.913
4000	16	99.6905	-192.149
4000	17	-496.795	-651.049
4000	18	-14.2061	-457.4
4000	19	-519.12	340.744
4000	20	-379.991	-630.002
4000	21	-166.719	-436.01
4000	22	-521.922	-175.158
4000	23	-196.286	166.487
4000	24	-369.184	-776.73
4000	25	-159.893	-489.968
4000	26	-33.2094	56.0031
4000	27	333.949	-21.2764
4000	28	-6.4658	229.295
4000	29	-136.678	383.777
4000	30	-202.309	-510.057
4000	31	70.274	-314.035
4000	32	423.224	65.4141
4000	33	289.584	-148.016
4000	34	562.828	-345.856
4000	35	81.5899	409.63
4000	36	-15.257	-632.331
4000	37	-1.92893	312.103
4000	38	-408.878	266.246
4000	39	-134.699	-164.9
4000	40	-312.792	-945.885
4000	41	-175.621	-144.054
4000	42	164.737	-55.1246
4000	43	-89.4344	622.799
4000	44	1022.68	-342.483
4000	45	380.494	-619.76
4000	46	75.331	292.11
4000	47	-876.083	945.804
4000	48	-260.385	611.256
4000	49	138.189	-467.356
4000	50	-566.794	-555.026
4000	51	-464.012	-166.191
4000	52	58.9022	724.222
4000	53	114.854	487.02
4000	54	-27.8417	129.31
4000	55	134.962	531.091
4000	56	-188.948	-742.837
4000	57	213.916	24.7933
4000	58	673.058	-1151.27
4000	59	-51.1367	-475.772
4000	60	-199.748	514.809
4000	61	-761.189	214.43
4000	62	331.588	-530.599
4000	63	-145.457	-225.725
4000	64	224.155	103.03
4000	65	-626.606	-237.726
4000	66	-174.694	-327.553
4000	67	13.184	-80.3061
4000	68	291.633	-307.871
4000	69	-44.7495	618.778
4000	70	15.2705	509.629
4000	71	157.348	68.7183
4000	72	179.208	-284.899
4000	73	-23.7482	74.3895
4000	74	50.6514	404.16
4000	75	390.947	-712.327
4000	76	366.31	-454.682
4000	77	-392.792	1072.95
4000	78	-283.992	44.0444
4000	79	225.951	-702.225
4000	80	-72.8412	309.394
4000	81	67.9242	-191.944
4000	82	-45.5744	212.871
4000	83	500.707	170.177
4000	84	-427.149	-342.422
4000	85	517.701	-201.998
4000	86	-229.347	-422.564
4000	87	-70.5521	-606.625
4000	88	165.108	293.739
4000	89	-118.191	-525.458
4000	90	485.391	-511.777
4000	91	283.888	285.015
4000	92	32.9895	822.741
4000	93	131.636	-184.195
4000	94	188.595	226.405
4000	95	-369.098	-112.865
4000	96	-163.839	31.5893
4000	97	561.383	529.347
4000	98	-326.783	-112.137
4000	99	-499.759	466.71
4000	100	66.6961	-251.562
4000	101	-493.38	29.5331
4000	102	466.875	-295.125
4000	103	482.547	1057.26
4000	104	101.494	166.358
4000	105	-614.554	-93.1486
4000	106	-103.887	371.022
4000	107	-30.5307	217.38
4000	108	458.796	-473.237
4000	109	-426.797	319.907
4000	110	-165.681	-75.1447
4000	111	-67.0003	-897.681
4000	112	363.986	-489.762
4000	113	-314.475	5.40657
4000	114	-301.735	521.958
4000	115	-162.866	576.355
4000	116	-456.8	-613.739
4000	117	-449.459	169.958
4000	118	225.677	270.144
4000	119	-460.088	-688.666
4000	120	-88.4875	470.994
4000	121	-250.518	406.123
4000	122	-127.201	-350.1
4000	123	-338.974	44.5717
4000	124	-434.953	59.5263
4000	125	612.136	-238.563
4000	126	-405.388	72.7192
4000	127	509.475	739.83
4000	128	165.792	186.169
4000	129	197.622	433.66
4000	130	32.0458	812.479
4000	131	-141.646	-419.235
4000	132	908.283	338.091
4000	133	287.004	-148.24
4000	134	-574.291	-92.304
4000	135	-318.455	-50.6573
4000	136	-242.472	-497.77
4000	137	-201.128	513.488
4000	138	-185.823	278.067
4000	139	237.161	811.881
4000	140	-72.5349	156.81
4000	141	-79.8513	397.027
4000	142	653.271	-771.357
4000	143	-11.9598	-679.736
4000	144	-85.1132	306.667
4000	145	15.4467	437.396
4000	146	543.161	-506.887
4000	147	-232.893	-174.071
4000	148	271.364	119.443
4000	149	129.252	-131.547
4000	150	212.987	-246.279
4000	151	-426.829	835.129
4000	152	-267.878	-417.364
4000	153	0.356326	194.536
4000	154	-11.3756	555.6
4000	155	-556.719	-561.818
4000	156	-25.8501	-1087.05
4000	157	767.887	152.086
4000	158	-666.606	-131.979
4000	159	-258.779	405.614
4000	160	-237.001	-452.831
4000	161	-706.189	318.64
4000	162	-100.502	523.826
4000	163	-85.8675	339.35
4000	164	-705.014	837.248
4000	165	-422.498	137.062
4000	166	-557.929	1054.02
4000	167	347.03	-302.062
4000	168	-198.871	533.594
4000	169	-374.717	496.107
4000	170	-37.7335	431.927
4000	171	-521.485	-878.852
4000	172	-37.3202	-0.842338
4000	173	-69.4022	-664.464
4000	174	37.0595	-595.807
4000	175	-341.494	436.455
4000	176	586.841	-67.3358
4000	177	-11.3877	-758.233
4000	178	161.582	-788.705
4000	179	417.089	-853.719
4000	180	273.882	-266.9
4000	181	-856.768	243.701
4000	182	-121.53	-272.633
4000	183	244.891	399.523
4000	184	-171.329	-5.3088
4000	185	-204.273	593.813
4000	186	-20.4586	-967.125
4000	187	181.178	951.835
4000	188	228.839	-56.4311
4000	189	178.688	-17.0337
4000	190	427.505	-624.292
4000	191	188.74	137.475
4000	192	191.891	-412.893
4000	193	23.7111	536.28
4000	194	250.602	164.464
4000	195	-55.0576	65.6763
4000	196	-208.268	66.81
4000	197	489.635	-83.3536
4000	198	311.578	-982.571
4000	199	636.301	-206.901
4000	200	-358.996	-107.137
4000	201	-37.9946	-220.881
4000	202	-212.702	194.333
4000	203	-143.641	-360.254
4000	204	260.173	-145.162
4000	205	-87.989	407.241
4000	206	-172.456	284.692
4000	207	384.337	575.077
4000	208	245.972	667.627
4000	209	19.043	102.529
4000	210	-230.708	-407.409
4000	211	230.873	897.02
4000	212	45.8756	775.965
4000	213	420.483	-363.956
4000	214	-82.1446	-858.765
4000	215	58.8736	-1116.72
4000	216	94.3681	-135.131
4000	217	281.666	286.024
4000	218	313.15	-266.06
4000	219	96.6064	-908.999
4000	220	-603.09	455.272
4000	221	-192.496	-419.633
4000	222	411.704	-680.165
4000	223	-355.577	1031.81
4000	224	-670.846	577.635
4000	225	-156.604	-30.8107
4000	226	680.041	208.642
4000	227	-262.736	-343.718
4000	228	-314.777	1044.96
4000	229	-195.701	419.798
4000	230	771.613	453.116
4000	231	139.599	-1391.24
4000	232	-88.4264	812.721
4000	233	-238.833	153.614
4000	234	-372.551	420.682
4000	235	182.736	-481.474
4000	236	-92.745	-749.403
4000	237	-400.5	-282.143
4000	238	-376.799	-1001.64
4000	239	319.134	478.521
4000	240	299.286	103.353
4000	241	231.988	-439.978
4000	242	46.0933	734.755
4000	243	574.389	122.203
4000	244	-663.803	360.944
4000	245	255.635	-585.697
4000	246	-379.069	-275.869
4000	247	439.729	-50.5956
4000	248	-391.225	501.135
4000	249	433.313	-541.35
4000	250	-485.187	42.6026
4000	251	-314.132	80.2791
4000	252	-57.7498	-379.673
4000	253	-20.7813	-252.884
4000	254	-108.975	306.509
4000	255	-454.44	-125.652
4000	256	636.741	363.946
4000	257	-211.589	-471.655
4000	258	376.621	662.092
4000	259	-477.211	-704.313
4000	260	-787.368	-691.497
4000	261	127.4	-471.606
4000	262	-95.0751	-762.64
4000	263	-268.579	-337.204
4000	264	162.394	-889.871
4000	265	40.8852	-175.27
4000	266	-175.797	71.5496
4000	267	-638.82	-81.5731
4000	268	-130.493	1408.34
4000	269	-467.878	-598.799
4000	270	27.4448	369.279
4000	271	-360.54	446.37
4000	272	145.336	470.622
4000	273	756.123	-383.902
4000	274	-763.505	-645.167
4000	275	68.278	-183.474
4000	276	-495.448	-512.241
4000	277	497.891	463.217
4000	278	-86.1875	-169.78
4000	279	-39.7112	-75.4653
4000	280	258.215	908.396
4000	281	839.35	-262.836
4000	282	-810.44	291.388
4000	283	-1124.59	349.894
4000	284	277.775	114.48
4000	285	151.95	-177.584
4000	286	196.227	-41.6747
4000	287	-755.621	-400.625
4000	288	-405.003	-43.7126
4000	289	393.69	65.2693
4000	290	38.1839	-575.164
4000	291	-63.2181	-110.306
4000	292	123.967	970.284
4000	293	-596.399	327.848
4000	294	39.213	-46.3402
4000	295	89.7923	206.157
4000	296	547.077	117.456
4000	297	-140.773	217.591
4000	298	-700.794	454.251
4000	299	8.69114	333.987
4000	300	-101.901	76.9668
4000	301	316.484	-25.4091
4000	302	45.7852	48.5946
4000	303	173.205	-882.387
4000	304	-526.233	266.403
4000	305	-450.532	-562.466
4000	306	51.3698	133.138
4000	307	404.618	184.776
4000	308	82.4058	89.4642
4000	309	228.994	369.486
4000	310	-395.092	142.97
4000	311	-641.033	-508.679
4000	312	-338.783	-912.786
4000	313	-534.233	-1264.81
4000	314	448.986	443.36
4000	315	-647.554	-521.248
4000	316	374.977	53.9742
4000	317	-116.07	-751.844
4000	318	290.576	-571.994
4000	319	-317.778	235.433
4000	320	604.826	-459.063
4000	321	283.108	195.313
4000	322	229.157	-518.229
4000	323	-282.958	205.173
4000	324	254.251	-246.676
4000	325	704.899	636.19
4000	326	322.04	396.886
4000	327	-86.2996	437.04
4000	328	-402.411	147.013
4000	329	405.232	919.512
4000	330	39.7278	-80.2672
4000	331	62.3219	-992.014
4000	332	55.7504	547.547
4000	333	155.354	475.421
4000	334	-513.252	-97.2795
4000	335	278.992	-274.95
4000	336	75.3211	-165.42
4000	337	0.707216	-492.274
4000	338	115.404	30.4486
4000	339	282.033	451.553
4000	340	163.44	-137.244
4000	341	1337.13	928.656
4000	342	-144.912	-45.0986
4000	343	-359.728	809.304
4000	344	272.538	719.281
4000	345	467.281	365.73
4000	346	40.4642	-43.9078
4000	347	-177.822	394.129
4000	348	289.844	-10.7654
4000	349	-128.228	-342.576
4000	350	194.24	-808.832
4000	351	37.7339	488.009
4000	352	109.96	-67.3019
4000	353	-440.754	-204.645
4000	354	498.297	27.8661
4000	355	456.452	815.994
4000	356	-380.051	-1179.1
4000	357	273.451	-765.364
4000	358	357.365	-582.706
4000	359	-109.604	-443.632
4000	360	-58.7034	513.795
4000	361	219.669	139.547
4000	362	147.553	546.536
4000	363	104.222	186.6
4000	364	165.145	687.604
4000	365	-10.0741	-273.012
4000	366	-135.087	187.274
4000	367	-145.257	-116.125
4000	368	-644.494	-3.6399
4000	369	-78.0299	289.891
4000	370	268.46	-439.103
4000	371	-59.4082	-111.838
4000	372	-412.956	-199.045
4000	373	-175.64	-188.362
4000	374	540.831	176.826
4000	375	567.432	438.897
4000	376	26.3017	333.578
4000	377	-208.616	173.258
4000	378	273.831	-122.096
4000	379	-147.787	245.901
4000	380	-27.082	-240.75
4000	381	-322.794	145.697
4000	382	-174.137	170.19
4000	383	-365.681	91.9082
4000	384	272.881	-318.904
4000	385	148.562	118.308
4000	386	-608.924	-207.186
4000	387	-904.711	1838.34
4000	388	-571.782	-446.073
4000	389	-6.31691	-507.632
4000	390	452.414	-406.946
4000	391	124.915	-553.579
4000	392	-340.994	178.046
4000	393	-269.075	151.724
4000	394	452.436	254.412
4000	395	-246.448	-62.7433
4000	396	-175.598	403.582
4000	397	-134.346	-341.87
4000	398	-207.766	-156.883
4000	399	726.483	816.676
4000	400	-94.9142	3.82745
4000	401	-439.006	351.498
4000	402	256.283	-775.641
4000	403	-350.686	352.347
4000	404	-55.1733	201.811
4000	405	136.249	499.563
4000	406	129.632	259.81
4000	407	325.128	379.397
4000	408	571.494	-85.5363
4000	409	29.2874	-1114.63
4000	410	-172.679	548.724
4000	411	49.8635	-19.7402
4000	412	-22.4646	-297.135
4000	413	2.95289	-749.098
4000	414	-580.012	-78.9882
4000	415	72.8744	-1631.12
4000	416	-25.2892	-354.839
4000	417	-320.252	-222.877
4000	418	18.4136	81.8876
4000	419	-130.971	562.36
4000	420	198.059	130.163
4000	421	-150.206	653.731
4000	422	123.128	-486.344
4000	423	173.297	-33.712
4000	424	-41.9209	470.982
4000	425	-248.632	145.591
4000	426	469.148	-25.8657
4000	427	44.8029	443.091
4000	428	-488.929	-417.491
4000	429	22.6804	-392.492
4000	430	328.969	-518.579
4000	431	59.0553	202.244
4000	432	-703.55	-323.916
4000	433	805.923	-326.943
4000	434	-749.42	47.2511
4000	435	-649.562	-92.2535
4000	436	-205.012	85.0299
4000	437	-90.0948	489.425
4000	438	-267.566	478.62
4000	439	-474	-443.95
4000	440	-301.634	-630.195
4000	441	-376.057	-73.7632
4000	442	339.858	348.277
4000	443	314.353	21.701
4000	444	-112.778	-498.27
4000	445	454.511	-1061.54
4000	446	-438.22	-1122.23
4000	447	74.2927	69.4843
4000	448	154.639	446.421
4000	449	575.676	-686.655
4000	450	455.854	801.321
4000	451	520.015	-785.277
4000	452	82.2554	461.873
4000	453	-119.377	399.701
4000	454	21.1414	-418.818
4000	455	693.095	-251.926
4000	456	-403.888	-891.114
4000	457	226.99	-441.718
4000	458	-211.276	779.351
4000	459	274.27	-438.221
4000	460	-365.394	498.337
4000	461	-119.182	594.949
4000	462	526.086	705.408
4000	463	138.027	758.673
4000	464	-163.465	942.852
4000	465	653.428	-45.3214
4000	466	303.57	-458.769
4000	467	-186.646	-278.641
4000	468	-502.47	-148.62
4000	469	313.099	313.673
4000	470	604.25	111.64
4000	471	-2.90987	129.037
4000	472	495.156	-50.9014
4000	473	-109.879	227.989
4000	474	-720.139	480.57
4000	475	-110.274	-91.2625
4000	476	-310.682	229.775
4000	477	76.0778	498.363
4000	478	-203.164	41.4724
4000	479	141.459	-488.819
4000	480	406.246	-56.8401
4000	481	-387.635	436.52
4000	482	118.75	-221.307
4000	483	255.362	180.092
4000	484	24.756	-157.961
4000	485	526.218	225.264
4000	486	461.19	-365.05
4000	487	60.9649	34.1379
4000	488	440.449	-362.342
4000	489	-153.502	52.1502
4000	490	-301.641	-111.29
4000	491	297.065	-208.322
4000	492	-137.925	116.026
4000	493	4.92678	-11.8967
4000	494	307.904	430.761
4000	495	-36.2531	-4.69836
4000	496	143.997	-498.227
4000	497	-124.679	-459.388
4000	498	219.659	-266.574
4000	499	-2.31036	537.083
6000	0	411.619	395.943
6000	1	-46.5496	-988.581
6000	2	264.479	455.447
6000	3	-520.55	-520.913
6000	4	-652.559	-955.523
6000	5	61.1335	867.512
6000	6	232.6	474.937
6000	7	30.5684	-514.832
6000	8	36.3268	705.225
6000	9	-130.979	1413.35
6000	10	468.762	-350.747
6000	11	-934.024	-55.858
6000	12	-179.296	40.3028
6000	13	249.477	345.604
6000	14	-502.582	-706.974
6000	15	170.191	231.999
6000	16	-21.4649	163.537
6000	17	-638.795	-869.234
6000	18	-293.056	-929.142
6000	19	-882.178	764.572
6000	20	-19.0598	-6.68575
6000	21	-325.871	-619.659
6000	22	-681.125	-1090.59
6000	23	-359.752	415.818
6000	24	-253.313	-90.2602
6000	25	-21.2807	-807.453
6000	26	197.076	204.013
6000	27	272.538	148.629
6000	28	141.393	802.214
6000	29	69.1177	10.3977
6000	30	-344.982	-1494.38
6000	31	-14.815	-733.162
6000	32	862.311	204.14
6000	33	48.8157	-336.379
6000	34	636.874	-159.6
6000	35	21.8144	-336.12
6000	36	-53.5749	-30.8984
6000	37	222.631	468.456
6000	38	-570.011	-552.659
6000	39	53.4192	-103.212
6000	40	-404.681	-320.754
6000	41	-538.503	-486.775
6000	42	198.321	417.387
6000	43	-92.2869	687.522
6000	44	1125.08	15.64
6000	45	340.311	-232.777
6000	46	96.5069	80.6463
6000	47	-1155.59	496.668
6000	48	-80.5606	315.686
6000	49	238.802	-185.782
6000	50	-628.403	-788.339
6000	51	-382.973	-277.336
6000	52	217.653	1229.4
6000	53	41.4291	-7.61914
6000	54	-7.40075	725.002
6000	55	418.672	341.579
6000	56	-609.661	-750.606
6000	57	173.369	-98.2007
6000	58	1093.74	-1668.93
6000	59	30.2886	271.835
6000	60	-312.935	451.323
6000	61	-982.378	93.0037
6000	62	465.27	-535.895
6000	63	-126.205	62.9023
6000	64	202.435	59.3811
6000	65	-338.707	84.7067
6000	66	-316.687	-10.715
6000	67	-186	-86.4889
6000	68	507.61	23.6555
6000	69	-162.554	671.748
6000	70	316.858	327.444
6000	71	-291.671	807.694
6000	72	-105.837	124.195
6000	73	-168.038	599.549
6000	74	191.642	121.765
6000	75	551.94	-1338.34
6000	76	506.181	-22.195
6000	77	-327.969	1229.42
6000	78	-330.845	-510.806
6000	79	87.5858	-579.692
6000	80	-172.947	228.425
6000	81	-32.3316	153.463
6000	82	190.303	-0.1793
6000	83	479.82	567.608
6000	84	-469.695	-309.476
6000	85	272.337	-162.47
6000	86	-670.458	-242.741
6000	87	-273.937	-751.327
6000	88	530.868	-293.05
6000	89	-240.66	-299.934
6000	90	841.917	-617.465
6000	91	204.182	330.236
6000	92	-214.55	725.45
6000	93	-105.773	-32.8778
6000	94	648.325	-88.5585
6000	95	-78.5634	-450.575
6000	96	-381.095	172.192
6000	97	438.575	1518.57
6000	98	-270.55	176.227
6000	99	-563.252	968.041
6000	100	-65.7834	-521.03
6000	101	-269.63	-236.877
6000	102	224.62	198.052
6000	103	344.312	1150.54
6000	104	-161.892	234.769
6000	105	-15.3823	295.96
6000	106	-301.077	-175.346
6000	107	193.946	169.788
6000	108	838.687	178.941
6000	109	-385.972	-342.872
6000	110	-124.814	-52.1565
6000	111	-233.417	-1150.47
6000	112	305.566	-378.728
6000	113	-197.185	-73.8953
6000	114	236.288	402.251
6000	115	-301.205	373.94
6000	116	-93.6213	-813.488
6000	117	229.338	-537.021
6000	118	24.7978	345.108
6000	119	-261.001	-389.128
6000	120	-266.868	324.195
6000	121	-91.081	279.518
6000	122	537.732	-194.48
6000	123	-122.451	462.016
6000	124	-126.397	-164.796
6000	125	1433.14	-23.4186
6000	126	-630.473	8.67532
6000	127	609.956	1036.16
6000	128	206.323	396.737
6000	129	397.1	765.801
6000	130	490.962	620.899
6000	131	-64.1662	-718.287
6000	132	1084.65	268.305
6000	133	528.412	66.3746
6000	134	-890.821	-274.855
6000	135	-316.689	-166.574
6000	136	-223.366	247.118
6000	137	-60.5208	785.087
6000	138	-234.664	310.246
6000	139	152.522	238.495
6000	140	-121.978	750.648
6000	141	260.679	560.545
6000	142	958.11	-694.772
6000	143	-314.282	-798.439
6000	144	234.798	123.481
6000	145	-24.1909	313.483
6000	146	446.164	-325.164
6000	147	-135.472	154.257
6000	148	252.873	229.627
6000	149	68.5713	446.273
6000	150	73.6413	-320.953
6000	151	81.0645	448.17
6000	152	-38.9136	-572.965
6000	153	205.307	-456.168
6000	154	-609.878	295.073
6000	155	-435.133	-444.849
6000	156	-351.452	-1108.07
6000	157	446.393	336.08
6000	158	-680.845	156.628
6000	159	-440.026	588.436
6000	160	-353.155	113.941
6000	161	-843.876	417.732
6000	162	299.834	995.665
6000	163	-148.627	348.49
6000	164	-928.089	1530.28
6000	165	-268.293	264.563
6000	166	-336.702	1631.41
6000	167	205.488	-69.8915
6000	168	-277.111	1042.76
6000	169	3.23816	488.978
6000	170	118.701	-489.544
6000	171	-580.459	-460.923
6000	172	344.254	-269.346
6000	173	390.69	216.029
6000	174	-304.74	-762.024
6000	175	-264.164	169.993
6000	176	479.689	-85.3159
6000	177	6.87282	-1095.24
6000	178	860.621	-539.292
6000	179	534.523	-1068.8
6000	180	910.721	-193.56
6000	181	-782.548	319.746
6000	182	36.695	55.5812
6000	183	185.764	686.755
6000	184	101.79	784.7
6000	185	-363.136	484.053
6000	186	-341.541	-652.508
6000	187	98.2701	1156.19
6000	188	542.51	253.711
6000	189	-0.490385	-212.831
6000	190	163.342	-714.586
6000	191	149.822	54.1684
6000	192	-64.6604	-836.118
6000	193	105.384	421.43
6000	194	152.287	79.1535
6000	195	-182.996	-260.074
6000	196	-156.489	336.41
6000	197	132.322	265.369
6000	198	310.648	-1400.14
6000	199	367.271	-36.7729
6000	200	-358.552	-180.397
6000	201	-57.3817	-473.571
6000	202	-151.285	-18.6402
6000	203	-223.104	-502.904
6000	204	-157.028	379.694
6000	205	-186.138	1229.66
6000	206	-212.847	964.834
6000	207	155.174	-80.3602
6000	208	-52.9415	624.834
6000	209	-22.4294	86.7305
6000	210	-549.235	-605.084
6000	211	542.598	770.547
6000	212	362.155	436.116
6000	213	715.74	-526.167
6000	214	-120.319	-1196.07
6000	215	217.459	-1473.23
6000	216	-2.62132	-179.023
6000	217	85.3096	384.584
6000	218	511.519	283.802
6000	219	139.27	-1363.75
6000	220	-684.439	144.273
6000	221	56.4094	-247.885
6000	222	709.321	-367.122
6000	223	-638.245	1417.59
6000	224	-464.052	519.168
6000	225	204.927	1083.32
6000	226	741.985	364.63
6000	227	-499.102	112.24
6000	228	126.222	666.496
6000	229	-86.6488	1317.42
6000	230	1232.11	470.015
6000	231	241.332	-1146.09
6000	232	32.1618	573.749
6000	233	-78.4106	-462.897
6000	234	-621.463	422.207
6000	235	-34.8228	-29.8583
6000	236	207.8	-1257.08
6000	237	-381.251	108.422
6000	238	-315.457	-935.166
6000	239	399.996	49.6423
6000	240	420.315	385.324
6000	241	112.613	-674.166
6000	242	124.798	62.0719
6000	243	378.658	-236.719
6000	244	-1266.16	321.951
6000	245	209.1	-784.762
6000	246	-360.942	28.9973
6000	247	479.35	316.748
6000	248	-712.306	389.403
6000	249	326.684	332.187
6000	250	-386.447	-38.2542
6000	251	-310.634	-63.5822
6000	252	2.07453	-326.623
6000	253	-118.481	-512.349
6000	254	93.6797	110.52
6000	255	-516.395	29.5084
6000	256	779.271	1023.47
6000	257	-413.941	-968.327
6000	258	353.026	1335.47
6000	259	-258.772	-1003.41
6000	260	-726.633	-1000.28
6000	261	-51.51	-484.571
6000	262	-514.745	-534.425
6000	263	-70.8909	-438.385
6000	264	-155.974	-1206.87
6000	265	-121.248	237.254
6000	266	383.2	-123.028
6000	267	-619.726	925.447
6000	268	-410.28	1387.26
6000	269	-459.15	-972.268
6000	270	325.795	438.814
6000	271	-341.012	628.02
6000	272	-198.745	127.864
6000	273	534.807	-225.933
6000	274	-859.276	-277.894
6000	275	29.8225	-241.717
6000	276	-215.309	-844.066
6000	277	798.108	675.953
6000	278	170.029	-244.855
6000	279	-181.559	732.527
6000	280	115.987	941.382
6000	281	718.829	-251.17
6000	282	-513.744	327.313
6000	283	-1498.6	135.197
6000	284	-72.0661	146.365
6000	285	212.492	2.78136
6000	286	112.169	-448.305
6000	287	-534.316	-412.258
6000	288	-83.0076	-731.36
6000	289	617.055	460.644
6000	290	598.327	-860.698
6000	291	-381.212	-340.418
6000	292	203.103	967.589
6000	293	-691.909	587.182
6000	294	-38.9129	-82.4953
6000	295	110.486	756.319
6000	296	183.447	232.464
6000	297	-380.007	583.277
6000	298	-759.761	688.881
6000	299	170.463	-13.4738
6000	300	-40.4362	94.4632
6000	301	-63.4112	112.278
6000	302	-312.313	455.636
6000	303	432.416	-203.885
6000	304	-265.856	73.0833
6000	305	-328.747	-508.399
6000	306	91.6828	236.316
6000	307	225.5	26.1792
6000	308	-438.64	11.9754
6000	309	148.795	286.927
6000	310	-295.532	-127.81
6000	311	-241.464	-775.947
6000	312	-118.581	-1027.93
6000	313	-734.641	-1505.69
6000	314	647.635	292.935
6000	315	-498.939	253.389
6000	316	638.265	-281.621
6000	317	359.289	69.7707
6000	318	13.158	-212.388
6000	319	-117.195	-76.3027
6000	320	279.743	-87.6516
6000	321	82.635	-136.021
6000	322	249.016	-804.647
6000	323	-179.918	283.5
6000	324	-106.904	-337.467
6000	325	704.069	541.203
6000	326	489.418	-8.69438
6000	327	473.846	371.355
6000	328	-444.61	-81.3912
6000	329	519.968	926.004
6000	330	-266.478	-175.357
6000	331	262.18	-865.041
6000	332	-461.731	496.834
6000	333	433.845	778.595
6000	334	-673.942	-361.58
6000	335	190.995	-72.9726
6000	336	313.811	-441.956
6000	337	-298.139	-460.789
6000	338	190.039	-105.544
6000	339	323.158	525.264
6000	340	441.511	479.818
6000	341	1277.93	663.603
6000	342	-245.053	-124.966
6000	343	-10.504	1334.51
6000	344	568.406	956.908
6000	345	565.155	528.738
6000	346	245.397	119.8
6000	347	-114.978	423.706
6000	348	831.165	-971.689
6000	349	91.3594	-501.244
6000	350	635.438	-834.13
6000	351	-0.116905	-81.3339
6000	352	-128.615	-392.429
6000	353	-99.1073	-490.17
6000	354	310.715	495.427
6000	355	579.759	1138.12
6000	356	-558.653	-1388.69
6000	357	-146.885	-1299.34
6000	358	898.828	-240.742
6000	359	151.487	-367.436
6000	360	-39.1233	-681.363
6000	361	164.104	197.47
6000	362	589.639	323.217
6000	363	-52.8447	167.131
6000	364	-39.8823	48.6649
6000	365	141.967	-890.589
6000	366	-36.8887	529.203
6000	367	-166.127	-329.278
6000	368	-809.538	-409.044
6000	369	-281.287	841.132
6000	370	559.408	-609.758
6000	371	739.47	-295.197
6000	372	-508.111	-431.248
6000	373	-174.614	-23.321
6000	374	659.251	-216.685
6000	375	409.025	300.231
6000	376	-52.1556	544.086
6000	377	-349.322	600.623
6000	378	134.801	-491.511
6000	379	-443.007	439.973
6000	380	-445.22	23.4157
6000	381	-263.827	378.21
6000	382	-57.7205	324.945
6000	383	-305.594	182.239
6000	384	291.402	135.515
6000	385	-12.0673	217.356
6000	386	-268.781	-283.833
6000	387	-1067.04	1253.07
6000	388	-889.491	54.6407
6000	389	674.018	-460.577
6000	390	76.4258	-148.025
6000	391	115.673	-1069.87
6000	392	-462.488	535.598
6000	393	371.181	-418.85
6000	394	992.047	641.328
6000	395	-326.015	-842.629
6000	396	-323.06	203.109
6000	397	186.49	-87.2409
6000	398	-374.267	518.952
6000	399	267.836	653.816
6000	400	-34.9789	-137.588
6000	401	-278.319	357.437
6000	402	-208.224	-846.84
6000	403	-112.518	804.498
6000	404	45.0283	647.697
6000	405	556.205	-339.115
6000	406	251.262	-100.615
6000	407	-4.50733	623.835
6000	408	749.861	-668.711
6000	409	-254.379	-1126.4
6000	410	31.6881	132.054
6000	411	-125.837	-524.034
6000	412	-9.91241	-441.848
6000	413	242.01	-871.775
6000	414	-359.086	123.31
6000	415	-89.0928	-2019.39
6000	416	360.747	-185.585
6000	417	-238.23	-171.639
6000	418	679.187	103.324
6000	419	-10.8296	1009.03
6000	420	614.712	608.528
6000	421	-62.4572	918.214
6000	422	-116.518	-689.85
6000	423	393.299	615.94
6000	424	361.298	471.73
6000	425	-128.431	-53.3582
6000	426	540.907	100.145
6000	427	-134.014	752.113
6000	428	-709.264	-488.934
6000	429	242.642	-408.048
6000	430	28.9267	-226.092
6000	431	439.397	-370.716
6000	432	-387.571	-213.483
6000	433	545.55	-173.814
6000	434	-506.245	57.5497
6000	435	-452.119	-856.531
6000	436	-63.5735	452.229
6000	437	-613.104	399.042
6000	438	-267.321	709.288
6000	439	-294.951	-400.451
6000	440	-764.941	-802.936
6000	441	-545.568	-195.21
6000	442	483.387	831.653
6000	443	645.462	211.127
6000	444	-199.457	-886.898
6000	445	564.206	-1355.62
6000	446	-316.55	-1698.88
6000	447	-65.1096	-42.5913
6000	448	-130.743	398.415
6000	449	337.302	-1688.4
6000	450	734.821	461.305
6000	451	739.282	-1259.09
6000	452	50.3659	488.655
6000	453	137.297	482.483
6000	454	141.305	-399.382
6000	455	923.887	-480.018
6000	456	-772.258	-705.472
6000	457	303.287	-207.197
6000	458	27.925	780.758
6000	459	41.5243	-391.744
6000	460	14.1027	477.517
6000	461	35.6381	144.08
6000	462	511.601	972.847
6000	463	499.43	924.678
6000	464	-83.4541	836.663
6000	465	286.807	-166.223
6000	466	5.18344	-825.133
6000	467	474.076	-325.654
6000	468	-990.046	86.1319
6000	469	591.951	58.621
6000	470	798.974	963.761
6000	471	37.5705	-40.1721
6000	472	318.903	-0.142716
6000	473	-286.282	464.512
6000	474	-679.154	1019.96
6000	475	-95.6036	470.861
6000	476	-219.051	-232.051
6000	477	164.834	393.542
6000	478	236.307	-348.964
6000	479	48.8999	-400.026
6000	480	546.883	-112.401
6000	481	-686.956	362.706
6000	482	-182.055	107.259
6000	483	-63.7434	251.732
6000	484	222.714	64.2503
6000	485	684.879	99.5036
6000	486	241.637	-859.437
6000	487	-78.689	-177.752
6000	488	719.298	-704.992
6000	489	-358.91	-166.842
6000	490	-158.628	88.7824
6000	491	337.265	287.478
6000	492	-213.862	412.291
6000	493	-136.291	301.963
6000	494	155.681	391.984
6000	495	-394.239	428.625
6000	496	503.455	289.917
6000	497	-283.653	-832.027
6000	498	199.883	-447.532
6000	499	118.395	256.826
8000	0	776.304	360.497
8000	1	351.525	-1187.59
8000	2	379.648	715.814
8000	3	-713.113	166.61
8000	4	-632.995	-887.006
8000	5	-58.88	1655.17
8000	6	393.956	-133.163
8000	7	51.0158	-846.358
8000	8	134.715	900.802
8000	9	-271.316	1383.33
8000	10	547.776	-496.411
8000	11	-889.171	-489.705
8000	12	-19.5148	641.501
8000	13	6.80051	663.27
8000	14	-564.705	-482.808
8000	15	-168.214	-32.5212
8000	16	56.0135	500.596
8000	17	-440.542	-461.938
8000	18	-404.696	-532.539
8000	19	-298.937	666.883
8000	20	-495.68	124.535
8000	21	-186.869	-707.647
8000	22	-503.792	-1355.74
8000	23	-239.429	-90.8725
8000	24	29.4278	91.7868
8000	25	360.524	-604.001
8000	26	59.5779	54.4255
8000	27	434.366	517.442
8000	28	200.45	1171.62
8000	29	246.432	278.072
8000	30	-121.994	-1704.95
8000	31	-210.801	-1007.46
8000	32	861.895	-301.311
8000	33	-230.221	-55.0093
8000	34	420.077	-353.333
8000	35	-218.54	-30.3528
8000	36	-373.307	376.048
8000	37	120.315	850.655
8000	38	-448.94	-416.689
8000	39	374.823	280.221
8000	40	-292.274	-374.89
8000	41	-396.769	-601.526
8000	42	83.6143	6.99241
8000	43	79.5238	225.381
8000	44	960.348	-18.8085
8000	45	440.27	-227.229
8000	46	-157.91	393.23
8000	47	-936.445	588.829
8000	48	-40.3381	267.429
8000	49	181.169	-21.4924
8000	50	-768.403	-935.976
8000	51	255.02	-345.341
8000	52	217.435	1365.84
8000	53	-224.774	-429.847
8000	54	54.045	769.213
8000	55	174.528	1154.94
8000	56	-668.95	-404.743
8000	57	405.299	-138.172
8000	58	1193.22	-2094.45
8000	59	-9.58453	409.146
8000	60	-493.665	538.377
8000	61	-904.368	105.77
8000	62	464.978	182.237
8000	63	-186.878	0.794508
8000	64	44.9253	150.283
8000	65	-317.55	227.492
8000	66	-226.821	-77.9284
8000	67	-261.566	180.54
8000	68	810.538	266.489
8000	69	-44.4818	804.633
8000	70	437.392	673.617
8000	71	-535.531	344.716
8000	72	-22.1343	12.493
8000	73	-47.5897	501.996
8000	74	110.288	754.779
8000	75	591.19	-1169.77
8000	76	6.91675	-188.754
8000	77	-128.892	1188.47
8000	78	-270.704	-378.654
8000	79	-332.482	93.2798
8000	80	-411.085	833.724
8000	81	-171.525	764.98
8000	82	302.399	52.4815
8000	83	362.224	558.774
8000	84	64.2296	219.629
8000	85	134.95	-874.567
8000	86	-907.188	-162.101
8000	87	-154.104	-377.138
8000	88	845.07	-289.03
8000	89	-144.035	-362.201
8000	90	891.043	-142.171
8000	91	558.089	141.873
8000	92	144.971	1311.9
8000	93	35.2472	385.565
8000	94	689.488	142.973
8000	95	-39.7312	-410.322
8000	96	-159.481	441.545
8000	97	501.279	1359.11
8000	98	-956.269	9.23693
8000	99	-822.476	604.225
8000	100	-402.042	-286.664
8000	101	87.9957	-689.885
8000	102	543.943	486.708
8000	103	-9.96261	1175.54
8000	104	-198.698	209.385
8000	105	725.594	497.271
8000	106	-222.272	208.867
8000	107	212.897	73.8956
8000	108	1019.68	421.667
8000	109	-286.138	-167.193
8000	110	317.473	-194.12
8000	111	-174.555	-819.702
8000	112	303.069	-300.392
8000	113	-273.527	-572.357
8000	114	416.12	204.957
8000	115	200.038	386.091
8000	116	48.3756	-1157.96
8000	117	469.845	-278.653
8000	118	-73.756	983.701
8000	119	-81.7628	-361.67
8000	120	-227.366	-166.648
8000	121	-410.418	629.847
8000	122	633.439	-62.0346
8000	123	-158.814	583.106
8000	124	134.142	255.277
8000	125	1372.87	-269.069
8000	126	-709.683	-138.318
8000	127	1108.25	980.821
8000	128	42.9581	543.171
8000	129	476.897	948.913
8000	130	591.68	647.43
8000	131	-23.8321	-579.323
8000	132	985.321	352.441
8000	133	727.723	-469.047
8000	134	-932.402	-406.278
8000	135	-375.984	100.255
8000	136	-263.223	426.619
8000	137	-254.681	696.158
8000	138	-107.401	285.311
8000	139	-215.098	710.58
8000	140	-350.731	644.003
8000	141	-1.31166	479.496
8000	142	896.456	-384.783
8000	143	-530.256	-821.467
8000	144	277.803	290.077
8000	145	133.493	106.636
8000	146	123.479	-327.466
8000	147	-352.027	-207.388
8000	148	-107.9	216.35
8000	149	-169.138	-135.499
8000	150	312.376	-486.653
8000	151	-97.5811	-35.0833
8000	152	-284.72	-126.157
8000	153	-132.661	736.429
8000	154	-712.061	-103.763
8000	155	-618.169	-346.263
8000	156	-608.028	-1488.62
8000	157	681.336	67.4357
8000	158	-484.411	73.2284
8000	159	-618.001	630.819
8000	160	-213.697	569.252
8000	161	-651.813	306.704
8000	162	-103.378	1278.57
8000	163	-21.0018	461.581
8000	164	-901.753	1465.74
8000	165	-343.574	1238.64
8000	166	176.075	1301.11
8000	167	306.04	33.8183
8000	168	-938.049	473.382
8000	169	-81.1324	203.212
8000	170	113.125	-811.868
8000	171	-651.829	-199.091
8000	172	524.456	-345.488
8000	173	429.953	10.9261
8000	174	-234.986	-765.877
8000	175	-204.734	-12.2518
8000	176	357.594	-89.922
8000	177	138.3	-1808.93
8000	178	980.313	-1074.21
8000	179	675.101	-1191.57
8000	180	473.353	-651.39
8000	181	-935.316	257.708
8000	182	50.546	-226.127
8000	183	341.557	80.3917
8000	184	-249.919	805.467
8000	185	-323.193	637.953
8000	186	-382.005	-566.438
8000	187	358.724	866.615
8000	188	621.744	40.8509
8000	189	460.598	-63.7674
8000	190	163.461	-1229.1
8000	191	-233.147	390.009
8000	192	130.588	-782.533
8000	193	809.035	-135.735
8000	194	-101.356	357.261
8000	195	3.13875	78.4027
8000	196	-439.554	649.197
8000	197	415.78	-557.92
8000	198	174.78	-1253.09
8000	199	337.985	-141.245
8000	200	-435.427	198.754
8000	201	-39.4733	-657
8000	202	-273.528	-82.1765
8000	203	-540.674	-726.772
8000	204	195.992	368.804
8000	205	-386.794	1136.12
8000	206	285.737	1073.39
8000	207	894.728	-224.128
8000	208	143.554	1456.5
8000	209	-122.704	-156.475
8000	210	70.294	-906.116
8000	211	966.442	1025.51
8000	212	520.01	-225.232
8000	213	779.095	7.96403
8000	214	157.494	-1499.09
8000	215	218.583	-1912.83
8000	216	-163.739	-210.596
8000	217	61.0235	704.85
8000	218	271.337	8.25668
8000	219	-60.6368	-999.668
8000	220	-445.037	502.617
8000	221	314.664	-205.05
8000	222	891.882	-292.951
8000	223	-735.06	1688.81
8000	224	-610.256	459.341
8000	225	-179.029	727.661
8000	226	561.891	569.031
8000	227	-1300.95	-544.425
8000	228	324.197	1034.54
8000	229	-107.109	1370.81
8000	230	1348.68	210.507
8000	231	823.151	-1527.89
8000	232	132.336	122.012
8000	233	421.04	-634.746
8000	234	-179.233	585.891
8000	235	-379.892	-510.288
8000	236	-274.069	-1314.17
8000	237	-203.94	247.086
8000	238	-757.019	-956.279
8000	239	238.173	380.298
8000	240	242.151	183.853
8000	241	33.216	-1108.25
8000	242	163.476	416.023
8000	243	-2.5413	-373.159
8000	244	-987.874	230.886
8000	245	121.017	-1246.25
8000	246	-739.851	-38.0436
8000	247	40.3368	-13.1848
8000	248	-732.462	434.401
8000	249	-86.4418	294.627
8000	250	-464.139	-167.579
8000	251	130.38	510.418
8000	252	-98.4083	-374.513
8000	253	-197.795	-352.329
8000	254	176.054	287.718
8000	255	-811.571	364.585
8000	256	654.033	722.735
8000	257	-513.968	-851.945
8000	258	553.264	1436.15
8000	259	-21.863	-906.463
8000	260	-726.958	-1672.52
8000	261	288.742	-615.306
8000	262	-640.945	311.865
8000	263	-228.692	-505.122
8000	264	-155.429	-1319.65
8000	265	-122.951	209.813
8000	266	263.483	9.26533
8000	267	-458.451	721.212
8000	268	-668.911	776.113
8000	269	-558.649	-667.475
8000	270	646.546	846.577
8000	271	179.611	372.037
8000	272	-293.235	-267.878
8000	273	195.553	-139.321
8000	274	-1223.69	-138.235
8000	275	-96.4546	-45.8793
8000	276	494.261	-1206.24
8000	277	518.433	420.79
8000	278	395.395	93.9824
8000	279	-242.946	462.053
8000	280	597.204	853.947
8000	281	983.464	-565.455
8000	282	-291.089	757.402
8000	283	-1580.35	5.54072
8000	284	64.9774	555.595
8000	285	51.0593	-2.41557
8000	286	215.98	54.318
8000	287	-774.301	294.035
8000	288	135.264	-1188.51
8000	289	474.852	614.661
8000	290	639.406	-1004.25
8000	291	-343.794	-396.583
8000	292	503.797	973.464
8000	293	-1073.58	485.871
8000	294	248.303	-386.943
8000	295	-272.631	887.901
8000	296	444.025	-117.779
8000	297	-597.596	290.097
8000	298	-957.869	540.658
8000	299	128.279	73.0937
8000	300	200.509	-273.653
8000	301	216.334	66.8215
8000	302	-81.2927	824.983
8000	303	391.023	193.103
8000	304	-324.912	-695.016
8000	305	-131.299	-909.123
8000	306	219.308	-259.135
8000	307	-74.4856	-237.366
8000	308	-1113.78	196.514
8000	309	422.109	879.825
8000	310	125.953	-124.939
8000	311	-163.666	-922.259
8000	312	102.701	-1219.3
8000	313	-893.481	-1850.54
8000	314	1049.27	423.953
8000	315	-99.5845	100.513
8000	316	620.438	-395.088
8000	317	801.004	271.271
8000	318	-260.103	-122.065
8000	319	-194.713	139.135
8000	320	777.003	71.89
8000	321	-137.849	-310.64
8000	322	708.213	-650.667
8000	323	-200.964	338.244
8000	324	-29.095	-415.751
8000	325	484.25	546.911
8000	326	569.208	-59.0259
8000	327	312.079	-208.56
8000	328	-782.613	-491.165
8000	329	362.941	1570.13
8000	330	-259.768	-161.713
8000	331	68.5695	-703.949
8000	332	-765.964	257.546
8000	333	393.387	513.785
8000	334	-477.21	-528.025
8000	335	-259.494	244.949
8000	336	212.094	-525.988
8000	337	-117.46	-252.041
8000	338	-50.7726	143.984
8000	339	452.15	319.178
8000	340	721.383	63.9635
8000	341	1515.94	85.0023
8000	342	79.4024	-106.695
8000	343	-246.419	908.238
8000	344	829.698	927.548
8000	345	384.76	1005.23
8000	346	260.081	156.943
8000	347	524.893	108.449
8000	348	682.83	-544.043
8000	349	93.0393	-645.948
8000	350	974.672	-1124.36
8000	351	-138.196	25.6906
8000	352	-130.862	-243.778
8000	353	269.309	257.08
8000	354	356.076	504.449
8000	355	298.586	263.474
8000	356	-317.753	-1591.76
8000	357	-327.744	-1154.54
8000	358	823.033	-216.992
8000	359	530.571	-792.769
8000	360	-399.073	-296.442
8000	361	26.5004	50.5915
8000	362	447.093	419.134
8000	363	-277.569	581.424
8000	364	-245.888	6.5636
8000	365	205.583	-932.685
8000	366	-56.743	924.088
8000	367	-223.459	-374.405
8000	368	-1025.76	-378.182
8000	369	-380.209	670.512
8000	370	541.228	-1021.6
8000	371	779.704	-474.915
8000	372	-309.362	-378.69
8000	373	101.361	65.4617
8000	374	821.144	-192.076
8000	375	672.152	-295.459
8000	376	-413.343	167.109
8000	377	29.8904	883.195
8000	378	-47.187	-288.084
8000	379	-759.746	340.157
8000	380	-686.602	-69.0633
8000	381	-702.221	294.933
8000	382	419.925	-68.1711
8000	383	-6.74459	691.852
8000	384	670.902	-180.084
8000	385	203.035	570.184
8000	386	-270.054	-601.894
8000	387	-1504.53	844.132
8000	388	-507.908	-492.117
8000	389	875.415	-431.49
8000	390	236.422	69.5491
8000	391	199.506	-1148.75
8000	392	-463.151	703.725
8000	393	-49.3422	-655.729
8000	394	1334.96	377.249
8000	395	-403.517	-808.773
8000	396	-473.674	-23.5128
8000	397	124.96	397.449
8000	398	-526.847	923.627
8000	399	509.719	1024.17
8000	400	-577.015	185.101
8000	401	-477.662	-82.7862
8000	402	150.157	-959.544
8000	403	-173.856	594.746
8000	404	202.003	72.1196
8000	405	799.488	-419.569
8000	406	210.752	115.194
8000	407	-289.412	1002.24
8000	408	469.258	-938.152
8000	409	-241.15	-924.056
8000	410	67.5424	-188.402
8000	411	694.778	-1093.17
8000	412	-146.991	-894.557
8000	413	368.515	-939.859
8000	414	-192.901	39.2406
8000	415	-72.281	-2003.71
8000	416	137.935	-628.984
8000	417	-316.843	113.116
8000	418	556.254	573.481
8000	419	807.983	1327.45
8000	420	676.48	238.623
8000	421	35.613	986.363
8000	422	-238.477	-1110.18
8000	423	271.039	433.166
8000	424	278.55	262.351
8000	425	-10.0247	-279.158
8000	426	791.754	501.476
8000	427	-173.536	279.049
8000	428	-1168.19	-430.607
8000	429	445.532	-454.7
8000	430	404.132	-861.968
8000	431	479.085	-376.09
8000	432	-540.386	-184.713
8000	433	487.476	-770.491
8000	434	-315.71	305.634
8000	435	-549.961	-952.766
8000	436	15.1231	-541.537
8000	437	-1011.48	135.8
8000	438	-205.661	1252.05
8000	439	104.913	-764.432
8000	440	-770.211	-1482
8000	441	-389.222	-249.57
8000	442	921.834	951.908
8000	443	597.107	370.804
8000	444	-189.267	-1295.73
8000	445	554.988	-1430.45
8000	446	-457.209	-1334.83
8000	447	414.413	-399.599
8000	448	127.99	1.57055
8000	449	337.478	-1929.06
8000	450	820.788	579.268
8000	451	790.787	-1083.96
8000	452	263.537	367.731
8000	453	-101.474	90.2792
8000	454	61.0259	-661.987
8000	455	800.392	-492.659
8000	456	-731.571	-845.351
8000	457	395.176	-502.235
8000	458	327.858	343.811
8000	459	-68.3281	-137.176
8000	460	154.125	553.024
8000	461	-223.041	389.219
8000	462	77.4893	682.588
8000	463	458.675	995.601
8000	464	135.826	1113.62
8000	465	-4.39913	-503.496
8000	466	-116.883	-541.092
8000	467	1174.71	-576.798
8000	468	-1204.84	262.494
8000	469	950.996	-22.5248
8000	470	1146.03	620.368
8000	471	-60.2363	586.799
8000	472	334.421	74.8615
8000	473	-151.936	331.778
8000	474	-521.249	942.503
8000	475	-133.596	-238.705
8000	476	-212.221	10.0404
8000	477	85.3007	365.38
8000	478	215.717	-188.159
8000	479	29.0734	-513.091
8000	480	575.801	170.989
8000	481	-528.267	431.339
8000	482	-460.951	58.1295
8000	483	-503.507	437.899
8000	484	525.134	321.096
8000	485	602.507	652.347
8000	486	304.19	-108.668
8000	487	-175.321	-446.498
8000	488	383.1	-480.006
8000	489	-377.747	442.789
8000	490	-322.189	-34.326
8000	491	497.646	452.784
8000	492	-218.803	543.1
8000	493	63.8488	-361.18
8000	494	-371.233	191.246
8000	495	-773.304	831.139
8000	496	525.506	339.754
8000	497	-4.54161	-978.758
8000	498	261.59	-296.229
8000	499	59.0756	490.601
10000	0	656.402	672.956
10000	1	-292.288	-1114.2
10000	2	679.045	715.465
10000	3	-440.305	388.581
10000	4	-527.956	-1548.58
10000	5	-160.741	1905.03
10000	6	374.277	-179.485
10000	7	510.134	83.121
10000	8	195.897	1143.35
10000	9	-351.823	1365.52
10000	10	128.664	-834.881
10000	11	-1172.39	-722.355
10000	12	-76.3168	416.063
10000	13	-393.542	478.762
10000	14	-177.821	-439.83
10000	15	-49.103	-126.742
10000	16	499.94	620.263
10000	17	-514.522	-540.486
10000	18	-253.602	-387.987
10000	19	-78.4978	1058.74
10000	20	-695.628	-222.658
10000	21	194.681	-1123.31
10000	22	-863.618	-1369.58
10000	23	-298.998	241.874
10000	24	627.81	-270.116
10000	25	740.315	-272.239
10000	26	199.382	-24.5166
10000	27	233.365	781.587
10000	28	-336.32	1953.19
10000	29	44.8079	668.257
10000	30	77.543	-1733.75
10000	31	-570.157	-712.485
10000	32	919.224	-78.7111
10000	33	-51.8884	190.223
10000	34	101.891	-0.310646
10000	35	-147.966	-850.846
10000	36	-312.687	548.498
10000	37	440.599	1375.59
10000	38	-309.51	-777.637
10000	39	972.332	201.873
10000	40	275.753	-114.733
10000	41	147.225	-1228.66
10000	42	304.511	415.003
10000	43	371.514	-17.6235
10000	44	1060.4	349.316
10000	45	101.832	-377.58
10000	46	-623.839	481.46
10000	47	-1297.21	601.555
10000	48	-157.942	-139.013
10000	49	21.7856	-601.87
10000	50	-747.834	-1238.68
10000	51	-5.60855	-587.798
10000	52	300.697	1614
10000	53	-81.451	-753.25
10000	54	-428.407	237.725
10000	55	-3.06006	524.722
10000	56	-887.204	-309.374
10000	57	775.976	-805.756
10000	58	946.875	-2373.25
10000	59	428.572	-34.0406
10000	60	-168.209	22.0123
10000	61	-1025.39	202.049
10000	62	205.455	709.316
10000	63	-226.448	-21.3846
10000	64	141.948	413.805
10000	65	-776.398	324.974
10000	66	-255.44	-91.3156
10000	67	-990.526	443.862
10000	68	1048.85	153.864
10000	69	-104.717	630.404
10000	70	238.134	1000.49
10000	71	-521.885	389.271
10000	72	-210.645	-444.801
10000	73	-125.677	817.632
10000	74	-407.985	611.94
10000	75	951.72	-761.916
10000	76	-232.253	-172.567
10000	77	173.106	1295.39
10000	78	-538.446	-456.837
10000	79	-213.683	-226.45
10000	80	-135.189	699.126
10000	81	-397.701	1161.67
10000	82	128.856	433.405
10000	83	-18.3274	-244.872
10000	84	109.88	492.753
10000	85	-67.2044	-555.119
10000	86	-1249.24	-264.817
10000	87	-414.437	-304.303
10000	88	819.784	-223.347
10000	89	-187.826	-612.979
10000	90	587.546	-123.867
10000	91	483.935	162.977
10000	92	325.08	1754.43
10000	93	192.216	119.282
10000	94	749.678	410.598
10000	95	121.192	-1046.83
10000	96	275.725	516.475
10000	97	398.877	947.614
10000	98	-826.906	122.688
10000	99	-139.3	323.016
10000	100	-526.198	-552.813
10000	101	-329.125	-790.298
10000	102	825.181	691.477
10000	103	61.4901	1524.74
10000	104	-94.9983	91.7089
10000	105	925.692	215.401
10000	106	-304.906	518.797
10000	107	538.334	-195.379
10000	108	1296.75	441.767
10000	109	-327.362	110.405
10000	110	314.736	343.088
10000	111	-436.067	-1087.92
10000	112	505.255	-210.095
10000	113	-478.463	-413.565
10000	114	451.882	77.827
10000	115	121.879	-31.3219
10000	116	22.367	-1109.68
10000	117	451.137	-158.181
10000	118	-572.441	1076.17
10000	119	-1.15541	-145.686
10000	120	185.962	-630.544
10000	121	-430.351	913.641
10000	122	416.593	-300.904
10000	123	-577.33	340.37
10000	124	191.667	-198.543
10000	125	1871.71	-306.01
10000	126	-811.072	-63.5218
10000	127	1168.91	1364.05
10000	128	-34.0453	520.826
10000	129	255.429	934.469
10000	130	1250.75	743.133
10000	131	-160.698	-224.794
10000	132	708.606	860.014
10000	133	668.346	-414.458
10000	134	-1114.27	-195.351
10000	135	-436.899	414.806
10000	136	-323.67	553.443
10000	137	-560.109	832.708
10000	138	-217.057	450.365
10000	139	-310.426	249.922
10000	140	86.8637	129.938
10000	141	-101.032	-13.5198
10000	142	1074.74	-675.878
10000	143	-642.664	-1182.3
10000	144	496.219	218.992
10000	145	-223.369	-214.318
10000	146	-48.1958	-0.915091
10000	147	-375.305	-420.925
10000	148	234.47	-190.84
10000	149	-468.54	-892.259
10000	150	706.547	-706.26
10000	151	-397.932	5.318
10000	152	-82.6775	-232.62
10000	153	152.621	1017.53
10000	154	-792.908	668.837
10000	155	-318.702	158.166
10000	156	-532.166	-992.329
10000	157	607.879	-482.246
10000	158	-503.63	286.374
10000	159	-886.75	874.018
10000	160	-148.397	337.399
10000	161	-1125.01	25.8686
10000	162	-122.319	1151.6
10000	163	-591.016	399.563
10000	164	-730.286	1711.69
10000	165	-233.664	1290.91
10000	166	244.429	1426.51
10000	167	467.136	221.824
10000	168	-976.948	742.961
10000	169	-16.07	61.138
10000	170	100.564	-1371.21
10000	171	-119.232	-162.545
10000	172	104.33	307.895
10000	173	909.12	66.925
10000	174	-202.659	-554.058
10000	175	194.786	156.798
10000	176	376.576	-556.274
10000	177	-93.6425	-1532.81
10000	178	1100.45	-845.888
10000	179	355.212	-1712.73
10000	180	550.086	-650.113
10000	181	-1234.16	137.964
10000	182	-368.431	-404.663
10000	183	484.928	110.073
10000	184	-134.911	809.23
10000	185	-458.531	622.538
10000	186	-379.849	-760.262
10000	187	181.184	661.544
10000	188	492.057	28.459
10000	189	678.635	-205.005
10000	190	344.491	-937.962
10000	191	69.6416	122.453
10000	192	390.995	-222.888
10000	193	766.787	-640.032
10000	194	-401.872	434.004
10000	195	103.072	307.301
10000	196	-296.19	1045.83
10000	197	-409.321	-893.068
10000	198	-468.831	-1341.27
10000	199	317.61	425.874
10000	200	82.0653	-59.8896
10000	201	19.8398	-838.346
10000	202	-132.022	-257.441
10000	203	-564.296	-570.319
10000	204	275.603	621.519
10000	205	-586.737	847.861
10000	206	304.367	462.448
10000	207	937.086	52.3673
10000	208	-197.745	1283.74
10000	209	315.919	130.488
10000	210	69.4292	-405.196
10000	211	1344.85	1058.62
10000	212	679.43	-193.983
10000	213	879.963	602.806
10000	214	-53.3267	-1179.1
10000	215	209.395	-1628
10000	216	-483.807	233.348
10000	217	-255.717	1166.74
10000	218	694.087	-268.901
10000	219	177.23	-386.167
10000	220	-716.771	322.536
10000	221	134.482	26.2831
10000	222	868.23	-109.049
10000	223	-556.26	1595.89
10000	224	-791.286	737.944
10000	225	-558.084	1158.75
10000	226	624.201	938.071
10000	227	-1522.19	-11.2378
10000	228	-35.3473	921.179
10000	229	-406.938	797.12
10000	230	1552.89	21.952
10000	231	878.742	-1680.36
10000	232	-70.9211	-286.058
10000	233	441.553	-470.041
10000	234	-386.358	325.031
10000	235	-39.7014	-491.936
10000	236	-74.5406	-1643.33
10000	237	-599.473	579.222
10000	238	-714.251	-694.085
10000	239	259.124	436.256
10000	240	161.65	649.155
10000	241	-47.7638	-998.742
10000	242	-11.6966	512.256
10000	243	-183.532	-640.681
10000	244	-1328.15	554.18
10000	245	387.425	-883.668
10000	246	-820.591	67.0913
10000	247	140.213	-5.4495
10000	248	-670.165	1021.92
10000	249	73.2266	406.266
10000	250	39.5822	262.714
10000	251	471.758	-214.095
10000	252	298.823	-260.752
10000	253	-175.279	-300.035
10000	254	335.649	-107.487
10000	255	-993.39	402.139
10000	256	494.373	755.105
10000	257	-466.782	-691.695
10000	258	595.567	996.479
10000	259	-191.408	-704.174
10000	260	-906.202	-1380.35
10000	261	309.915	-463.122
10000	262	-612.745	8.99148
10000	263	-53.3866	-306.071
10000	264	-233.954	-1949.97
10000	265	117.007	416.552
10000	266	21.8059	-136.827
10000	267	-980.757	1191.58
10000	268	-849.905	1287.45
10000	269	-620.309	-463.351
10000	270	843.439	798.752
10000	271	543.447	387.962
10000	272	-493.77	-430.792
10000	273	216.194	-777.697
10000	274	-1321.84	274.79
10000	275	350.395	305.264
10000	276	384.259	-714.792
10000	277	815.642	80.1079
10000	278	231.851	2.74526
10000	279	-185.279	271.382
10000	280	530.521	1282.02
10000	281	591.749	-388.538
10000	282	-331.685	1266.01
10000	283	-1384.77	-211.35
10000	284	-314.571	674.519
10000	285	234.19	-221.402
10000	286	282.976	108.015
10000	287	-1316.75	-50.4584
10000	288	183.847	-896.541
10000	289	61.004	919.281
10000	290	320.009	-913.091
10000	291	-122.078	28.527
10000	292	461.761	698.835
10000	293	-1076.32	62.0432
10000	294	361.658	-166.133
10000	295	-31.7187	1117.41
10000	296	2.00963	453.824
10000	297	-908.018	-48.9188
10000	298	-1049.2	1110.96
10000	299	-35.2756	-423.193
10000	300	-339.214	-396.659
10000	301	294.048	319.037
10000	302	149.315	828.697
10000	303	545.946	565.334
10000	304	360.076	-486.746
10000	305	329.894	-1005.23
10000	306	93.5347	68.0425
10000	307	248.438	-516.108
10000	308	-1376.26	66.3699
10000	309	26.8438	913.233
10000	310	225.248	-49.0672
10000	311	-236.849	-724.525
10000	312	67.9515	-987.534
10000	313	-755.029	-2351.89
10000	314	911.51	-219.631
10000	315	165.601	-66.5696
10000	316	755.46	-458.065
10000	317	718.924	205.193
10000	318	-489.704	-458.476
10000	319	-296.464	129.129
10000	320	978.929	-127.318
10000	321	245.956	-443.196
10000	322	227.615	-620.985
10000	323	-446.965	928.912
10000	324	-249.076	-1018.96
10000	325	166.403	508.45
10000	326	148.352	-208.835
10000	327	215.102	-161.104
10000	328	-605.083	-107.975
10000	329	325.16	2348.29
10000	330	-862.493	-116.261
10000	331	585.238	-574.264
10000	332	-747.481	1103.81
10000	333	853.187	838.412
10000	334	-153.033	-1063.62
10000	335	0.616956	388.565
10000	336	371.129	-77.3679
10000	337	-640.839	-579.189
10000	338	-179.636	133.555
10000	339	134.708	204.309
10000	340	563.454	-378.039
10000	341	1736.21	702.008
10000	342	-163.438	598.778
10000	343	-139.635	817.859
10000	344	789.092	1527.32
10000	345	66.4434	1121.66
10000	346	-240.694	324.097
10000	347	185.301	446.432
10000	348	1012.08	-440.412
10000	349	-4.14621	-1130.41
10000	350	1433.93	-1343.43
10000	351	-56.5925	-69.7057
10000	352	149.939	86.8299
10000	353	378.347	1051.52
10000	354	197.866	1005.85
10000	355	417.185	159.51
10000	356	-679.162	-1244.55
10000	357	-543.97	-724.562
10000	358	388.384	-246.532
10000	359	491.821	-1307.66
10000	360	-538.684	-438.768
10000	361	107.988	-535.013
10000	362	769.18	523.227
10000	363	89.5801	849.255
10000	364	-418.187	689.034
10000	365	-75.7621	260.339
10000	366	4.09819	836.526
10000	367	-588.998	-298.171
10000	368	-1230.05	-581.33
10000	369	-358.807	366.332
10000	370	702.558	-1147.05
10000	371	578.55	-423.467
10000	372	-165.678	-178.827
10000	373	2.87871	488.839
10000	374	920.492	411.995
10000	375	1047.73	-427.057
10000	376	-293.214	463.606
10000	377	-68.8838	1104.8
10000	378	-24.1374	-157.479
10000	379	-738.754	1100.18
10000	380	-763.833	62.5786
10000	381	-924.211	802.851
10000	382	36.7984	-61.6683
10000	383	-325.703	494.567
10000	384	533.215	147.325
10000	385	510.147	538.125
10000	386	132.674	-291.732
10000	387	-1583.52	451.995
10000	388	-251.838	-110.867
10000	389	654.107	-318.066
10000	390	53.4918	346.071
10000	391	213.631	-1315.09
10000	392	-343.448	632.206
10000	393	-49.2949	-855.379
10000	394	1233.87	118.273
10000	395	-444.157	-323.583
10000	396	-376.572	-35.7674
10000	397	166.751	435.661
10000	398	-466.644	1145.01
10000	399	526.363	923.581
10000	400	-1176	31.3977
10000	401	-498.133	-217.849
10000	402	161.135	-592.69
10000	403	-193.234	725.097
10000	404	426.912	56.6903
10000	405	1217.98	-488.051
10000	406	90.2549	-398.535
10000	407	-130.27	1440.72
10000	408	-89.799	-991.072
10000	409	-298.086	-1327.41
10000	410	-109.838	-360.67
10000	411	674.606	-1192.95
10000	412	-58.1774	-1127.28
10000	413	183.675	-1438.87
10000	414	-178.11	-514.46
10000	415	-246.034	-2058.8
10000	416	118.782	-501.001
10000	417	-497.764	254.633
10000	418	555.576	1062.88
10000	419	388.506	1554.35
10000	420	594.758	73.5153
10000	421	-363.722	634.435
10000	422	83.4444	-642.924
10000	423	203.296	467.712
10000	424	679.326	386.737
10000	425	335.587	43.0042
10000	426	783.622	46.6039
10000	427	-16.3515	-341.942
10000	428	-832.887	-34.1128
10000	429	856.669	-360.602
10000	430	527.278	-857.884
10000	431	558.195	-567
10000	432	-883.222	-356.956
10000	433	607.251	-970.999
10000	434	-408.922	-59.4897
10000	435	-329.839	-888.678
10000	436	171.926	-443.832
10000	437	-1212.4	83.8275
10000	438	191.277	1451.86
10000	439	44.175	-682.05
10000	440	-822.551	-1647
10000	441	-334.833	256.595
10000	442	1042.61	1101.42
10000	443	583.509	278.502
10000	444	-87.0105	-1339.68
10000	445	676.202	-1670.97
10000	446	-558.398	-966.29
10000	447	482.227	-592.315
10000	448	509.214	180.073
10000	449	458.616	-1959.57
10000	450	814.092	513.268
10000	451	454.041	-822.453
10000	452	-72.9013	207.824
10000	453	-439.951	-59.6733
10000	454	344.33	-551.756
10000	455	655.611	-302.962
10000	456	-1313.47	-896.722
10000	457	165.916	-370.945
10000	458	136.757	181.582
10000	459	56.9083	163.062
10000	460	-63.8968	736.43
10000	461	-201.199	-203.869
10000	462	114.215	539.616
10000	463	138.129	772.304
10000	464	238.993	1001.77
10000	465	218.607	-1094.53
10000	466	-70.1307	-708.579
10000	467	930.641	-86.9764
10000	468	-1285.38	-131.329
10000	469	1252.23	439.702
10000	470	1004.72	615.833
10000	471	-105.433	65.0888
10000	472	14.0125	135.303
10000	473	-73.2634	164.303
10000	474	-799.893	937.963
10000	475	-212.032	-166.566
10000	476	34.4767	408.191
10000	477	1.11612	844.695
10000	478	519.096	-347.54
10000	479	-30.0685	-996.97
10000	480	207.87	-366.756
10000	481	-325.954	595.57
10000	482	-421.583	-16.5809
10000	483	-709.947	175.703
10000	484	-74.728	192.61
10000	485	765.214	1050.94
10000	486	212.734	667.02
10000	487	-380.322	-642.22
10000	488	437.634	-853.424
10000	489	236.561	698.508
10000	490	-421.999	211.716
10000	491	462.404	778.837
10000	492	-258.581	539.246
10000	493	-353.878	-596.468
10000	494	-548.642	238.439
10000	495	-715.523	1078.9
10000	496	529.453	504.75
10000	497	-45.8247	-1040.65
10000	498	840.182	-119.385
10000	499	237.371	285.324
12000	0	676.185	645.328
12000	1	-607.504	-762.034
12000	2	1290.19	452.548
12000	3	-402.062	-384.922
12000	4	-510.549	-1825.11
12000	5	-553.877	1994.22
12000	6	754.109	-60.8319
12000	7	370.69	-36.9405
12000	8	577.983	1093.74
12000	9	-632.288	911.215
12000	10	26.265	-795.742
12000	11	-1052.64	-825.59
12000	12	142.263	738.749
12000	13	-133.46	305.894
12000	14	-85.6571	-682.038
12000	15	-150.567	-533.831
12000	16	278.453	701.203
12000	17	-560.723	-709.993
12000	18	-453.75	-89.4227
12000	19	319.945	1358.21
12000	20	-1097.93	-153.261
12000	21	567.916	-1179.34
12000	22	-1081.5	-1412.61
12000	23	-185.454	348.77
12000	24	931.259	269.129
12000	25	670.548	417.768
12000	26	598.213	-282.804
12000	27	12.5499	690.331
12000	28	-178.515	2003.36
12000	29	426.481	1084.3
12000	30	216.167	-1832.74
12000	31	-946.795	-922.547
12000	32	1039.55	-68.2499
12000	33	8.37422	457.017
12000	34	-0.933956	292.066
12000	35	418.688	-858.298
12000	36	-552.36	391.797
12000	37	176.651	979.281
12000	38	-389.964	-976.798
12000	39	974.75	309.757
12000	40	398.926	-224.659
12000	41	3.61174	-1135.17
12000	42	383.251	350.311
12000	43	195.499	131.716
12000	44	999.114	498.351
12000	45	142.656	-431.021
12000	46	-745.405	35.2367
12000	47	-931.787	518.192
12000	48	243.325	-118.253
12000	49	-239.312	-1032.43
12000	50	-249.06	-1314.51
12000	51	26.4592	-167.414
12000	52	96.5642	1549.71
12000	53	18.1302	-1371.09
12000	54	-324.176	341.802
12000	55	355.691	766.732
12000	56	-1007.87	-142
12000	57	1042.31	-1448.27
12000	58	1096.5	-2457.13
12000	59	670.597	-352.524
12000	60	25.7914	-185.214
12000	61	-1424.64	467.427
12000	62	213.501	610.414
12000	63	222.275	134.835
12000	64	145.298	-17.1972
12000	65	-638.877	187.987
12000	66	86.8959	-344.576
12000	67	-807.156	420.142
12000	68	1528.05	638.183
12000	69	-26.7888	231.668
12000	70	359.171	1130.2
12000	71	-753.776	229.228
12000	72	175.392	-793.842
12000	73	254.383	1101.21
12000	74	-230.942	891.985
12000	75	1016.39	-529.839
12000	76	-33.8387	-255.273
12000	77	150.936	1351.39
12000	78	-555.725	-766.818
12000	79	-274.093	-61.873
12000	80	128.457	101.97
12000	81	-112.256	1312.19
12000	82	229.178	256.005
12000	83	-479.595	-1041.2
12000	84	607.619	349.639
12000	85	-447.561	-309.121
12000	86	-1150.46	-274.341
12000	87	125.139	-380.133
12000	88	827.474	-288.152
12000	89	-200.286	-649.174
12000	90	508.102	-270.221
12000	91	365.678	308.54
12000	92	765.843	1931.93
12000	93	0.730696	478.336
12000	94	1029.19	-8.15778
12000	95	19.9665	-1299.95
12000	96	336.281	23.4839
12000	97	378.267	1253.93
12000	98	-647.396	595.581
12000	99	-43.5703	53.493
12000	100	-345.73	-1062.75
12000	101	-171.58	-510.155
12000	102	705.324	215.899
12000	103	221.827	1393.91
12000	104	-479.565	-115.224
12000	105	1043.21	608.814
12000	106	-444.51	461.67
12000	107	673.411	348.178
12000	108	1459.67	469.16
12000	109	-108.479	-300.732
12000	110	257.912	275.691
12000	111	-536.428	-1400.57
12000	112	466.528	-720.814
12000	113	-292.159	-879.677
12000	114	448.508	-310.642
12000	115	138.624	-19.3851
12000	116	-237.278	-1531.74
12000	117	334.517	-1012.29
12000	118	-730.611	1421.39
12000	119	19.4339	478.127
12000	120	542.304	-767.824
12000	121	-290.402	629.55
12000	122	554.299	-808.152
12000	123	-120.471	929.522
12000	124	798.569	-106.973
12000	125	1730.82	-726.426
12000	126	-1114.15	371.866
12000	127	1128.26	1435.72
12000	128	-40.6417	25.595
12000	129	198.923	756.49
12000	130	1309.2	574.157
12000	131	-263.005	-378.237
12000	132	843.214	659.949
12000	133	630.786	-372.15
12000	134	-1534.7	-523.88
12000	135	-315.91	-85.228
12000	136	-841.143	218.423
12000	137	-381.293	980.019
12000	138	-685.48	748.023
12000	139	-389.049	522.723
12000	140	707.312	599.029
12000	141	-83.1331	2.44951
12000	142	996.713	-475.489
12000	143	-354.324	-892.72
12000	144	996.699	264.734
12000	145	-665.874	305.732
12000	146	-275.767	283.212
12000	147	-451.562	-604.193
12000	148	384.664	-535.149
12000	149	-444.758	-896.362
12000	150	970.764	-763.986
12000	151	-294.075	-247.615
12000	152	-9.92327	-292.706
12000	153	407.564	1029.53
12000	154	-732.664	993.129
12000	155	-319.789	19.5816
12000	156	-990.689	-1197.41
12000	157	690.481	124.122
12000	158	-227.289	95.0279
12000	159	-840.531	870.351
12000	160	-57.0018	412.206
12000	161	-1345.34	59.1198
12000	162	-440.397	1237.08
12000	163	-709.926	625.794
12000	164	-770.345	2136.93
12000	165	-204.163	1486.69
12000	166	163.731	757.078
12000	167	548.649	554.982
12000	168	-176.854	465.087
12000	169	-245.601	-640.736
12000	170	381.218	-1606
12000	171	178.522	198.782
12000	172	26.46	791.225
12000	173	493.661	-240.253
12000	174	-220.472	-566.087
12000	175	494.414	-12.2575
12000	176	289.298	-764.893
12000	177	-33.4474	-2042.01
12000	178	761.69	-1357.78
12000	179	438.479	-1657.28
12000	180	812.886	-688.951
12000	181	-1293.87	-121.281
12000	182	-194.661	-753.917
12000	183	346.714	297.193
12000	184	-106.819	1137.3
12000	185	-703.597	1005.85
12000	186	-379.746	-1072.05
12000	187	-60.9019	741.886
12000	188	69.369	374.002
12000	189	860.212	-156.664
12000	190	-114.85	-869.898
12000	191	77.2279	246.97
12000	192	590.653	-578.443
12000	193	879.865	-1001.44
12000	194	-105.346	368.137
12000	195	-238.417	484.637
12000	196	358.88	894.074
12000	197	-33.0855	-596.707
12000	198	-410.035	-1056.6
12000	199	356.245	104.118
12000	200	-260.145	-26.7355
12000	201	-19.7714	-526.558
12000	202	-351.827	-202.545
12000	203	-1098.81	-1297.09
12000	204	-343.877	726.039
12000	205	-406.739	1096.79
12000	206	325.28	357.715
12000	207	1053.33	-404.13
12000	208	-656.479	1475.6
12000	209	238.916	-302.228
12000	210	372.451	-1395.81
12000	211	1204.35	614.194
12000	212	863.802	426.931
12000	213	942.21	480.959
12000	214	-201.593	-1443.42
12000	215	515.127	-1688.69
12000	216	-185.764	557.244
12000	217	-197.866	1770.08
12000	218	673.008	106.428
12000	219	939.932	218.991
12000	220	-542.229	-3.22791
12000	221	17.2016	22.5156
12000	222	984.48	-57.5348
12000	223	-755.24	1880.68
12000	224	-1066.79	522.69
12000	225	-475.367	796.518
12000	226	459.765	1428.09
12000	227	-1122.84	262.36
12000	228	143.526	1524.7
12000	229	-447.41	894.738
12000	230	1607.9	363.057
12000	231	898.751	-1888.11
12000	232	-110.817	-362.448
12000	233	1042.62	-994.804
12000	234	-418.223	-57.1026
12000	235	1.48594	-718.554
12000	236	127.332	-1889.54
12000	237	-544.809	297.103
12000	238	-555.814	-633.059
12000	239	339.6	312.005
12000	240	380.556	506.772
12000	241	196.067	-803.215
12000	242	109.347	225.545
12000	243	-39.609	-658.246
12000	244	-1485.51	890.158
12000	245	410.284	-900.187
12000	246	-461.511	461.532
12000	247	61.9224	-207.679
12000	248	-629.502	879.314
12000	249	-44.015	-185.262
12000	250	-66.3215	134.48
12000	251	491.295	-322.459
12000	252	581.233	-69.0966
12000	253	-438.446	-93.7421
12000	254	714.139	382.827
12000	255	-1518.08	580.988
12000	256	437.864	1018.56
12000	257	-173.692	-700.084
12000	258	436.436	679.672
12000	259	-498.551	-370.331
12000	260	-729.26	-1751.8
12000	261	360.304	-453.805
12000	262	-514.716	404.431
12000	263	74.9941	-575.166
12000	264	-255.234	-2032.24
12000	265	335.093	216.466
12000	266	-3.81943	-522.409
12000	267	-798.137	668.983
12000	268	-845.041	1335.72
12000	269	-641.389	-795.029
12000	270	1126.35	1014.9
12000	271	280.406	618.432
12000	272	-694.624	-783.864
12000	273	16.9207	-1504.68
12000	274	-1526.54	135.07
12000	275	-30.6373	739.071
12000	276	229.23	-1143.25
12000	277	1176.36	546.843
12000	278	113.765	-186.328
12000	279	-305.149	1076.4
12000	280	207.024	1550.12
12000	281	571.476	713.037
12000	282	-113.009	1561.88
12000	283	-1585.42	425.87
12000	284	-633.347	782.296
12000	285	211.615	-856.122
12000	286	-182.773	-150.258
12000	287	-1293.56	-4.85191
12000	288	-106.429	-386.692
12000	289	375.142	1004.93
12000	290	258.119	-1549.65
12000	291	-81.2946	-17.0401
12000	292	623.133	44.8689
12000	293	-1134.92	303.902
12000	294	401.789	-848.171
12000	295	208.133	985.645
12000	296	105.178	330.297
12000	297	-1036.44	30.6086
12000	298	-1117.26	1525.3
12000	299	84.9799	-260.966
12000	300	-140.244	214.254
12000	301	93.8372	349.768
12000	302	128.247	683.498
12000	303	613.39	603.677
12000	304	552.395	-777.104
12000	305	630.378	-776.948
12000	306	152.744	-414.658
12000	307	228.597	-235.124
12000	308	-1736.21	135.762
12000	309	208.31	1176.66
12000	310	-73.6451	325.077
12000	311	216.663	-847.475
12000	312	126.735	-961.996
12000	313	-1173.38	-2900.74
12000	314	851.185	-806.273
12000	315	302.476	-670.531
12000	316	639.616	-488.125
12000	317	760.134	-29.2784
12000	318	-149.415	-870.277
12000	319	-116.226	-193.113
12000	320	1141.42	382.282
12000	321	304.86	171.066
12000	322	328.689	-655.083
12000	323	-602.045	1471.43
12000	324	-369.005	-1333.11
12000	325	344.403	1278.92
12000	326	-131.434	-358.692
12000	327	-165.031	539.421
12000	328	-643.046	-161.933
12000	329	601.228	2451.89
12000	330	-1287.12	-567.959
12000	331	869.439	-594.207
12000	332	-784.865	1153.12
12000	333	1074.17	1042.27
12000	334	-160.409	-599.693
12000	335	-235.537	357.815
12000	336	654.64	-430.665
12000	337	-898.469	-682.534
12000	338	-793.772	553.083
12000	339	70.9847	179.566
12000	340	560.205	-1074.22
12000	341	1956.93	977.975
12000	342	1.61421	933.856
12000	343	-170.85	853.421
12000	344	650.132	1233.33
12000	345	668.419	1300.81
12000	346	-380.676	269.871
12000	347	342.765	14.8198
12000	348	1129.08	-329.798
12000	349	176.063	-1154.67
12000	350	1274.26	-1416.17
12000	351	-235.271	-248.848
12000	352	69.0384	-178.232
12000	353	837.774	949.832
12000	354	61.8868	845.259
12000	355	557.672	-91.7874
12000	356	-819.363	-1294.19
12000	357	-405.229	-513.905
12000	358	440.773	-143.041
12000	359	552.237	-1456.6
12000	360	-229.911	-444.805
12000	361	64.9675	-664.221
12000	362	930.124	1186.18
12000	363	90.898	703.772
12000	364	-177.24	563.11
12000	365	-18.3548	749.743
12000	366	224.03	135.804
12000	367	-466.984	-178.547
12000	368	-1468.58	-147.882
12000	369	-385.613	321.93
12000	370	860.218	-969.631
12000	371	601.421	-636.92
12000	372	-164.522	-142.635
12000	373	-122.921	270.372
12000	374	721.969	388.908
12000	375	1248.63	142.286
12000	376	246.068	1074.85
12000	377	-185.682	1053.25
12000	378	-406.33	13.7841
12000	379	-602.324	1396.59
12000	380	-646.732	-322.781
12000	381	-883.81	820.708
12000	382	180.439	-155.272
12000	383	-371.03	380.855
12000	384	542.193	-155.379
12000	385	27.1765	783.919
12000	386	-70.6933	-222.137
12000	387	-1323.96	320.712
12000	388	-270.067	647.915
12000	389	1093.48	269.513
12000	390	174.524	31.081
12000	391	115.054	-1825.59
12000	392	-303.652	854.847
12000	393	-369.587	-402.427
12000	394	1480.58	-42.8019
12000	395	-323.475	-868.291
12000	396	-618.9	396.953
12000	397	444.695	157.531
12000	398	-716.125	942.027
12000	399	765.944	790.534
12000	400	-1255.74	-16.1519
12000	401	-677.903	-543.518
12000	402	-28.7773	-849.154
12000	403	-153.52	1119.4
12000	404	646.607	309.725
12000	405	1079.01	-304.555
12000	406	151.546	-526.84
12000	407	110.613	718.328
12000	408	-229.288	-715.436
12000	409	-278.459	-1659.31
12000	410	26.6598	-580.761
12000	411	816.422	-1680.26
12000	412	129.355	-1371.48
12000	413	428.786	-1179.37
12000	414	-543.882	-659.285
12000	415	-82.062	-1892.61
12000	416	475.716	-1122
12000	417	-117.234	-84.2933
12000	418	375.391	1266.6
12000	419	153.726	1067.55
12000	420	854.348	945.383
12000	421	-563.412	476.14
12000	422	-13.9916	-547.788
12000	423	-8.77518	66.393
12000	424	718.091	340.778
12000	425	293.379	-73.8539
12000	426	1011.17	136.046
12000	427	-277.015	-384.157
12000	428	-1008.66	207.95
12000	429	1063.16	-280.879
12000	430	327.901	-475.174
12000	431	538.348	-653.125
12000	432	-1026.07	-405.196
12000	433	406.431	-1137.44
12000	434	-177.624	133.18
12000	435	-492.606	-880.039
12000	436	198.31	-846.424
12000	437	-1364.2	-266.079
12000	438	12.5187	2043.26
12000	439	-96.2937	-1145.35
12000	440	-902.752	-1722.72
12000	441	-434.796	-140.128
12000	442	761.179	1091.8
12000	443	472.81	664.902
12000	444	-355.726	-1419.07
12000	445	456.124	-2047.74
12000	446	-559.715	-1026.5
12000	447	895.341	365.154
12000	448	271.201	222.088
12000	449	441.565	-2148.36
12000	450	553.49	630.67
12000	451	511.484	-423.589
12000	452	-153.49	49.0683
12000	453	-701.719	330.196
12000	454	200.906	-919.123
12000	455	1031.51	-154.857
12000	456	-1570.39	-1035.19
12000	457	-352.568	-826.516
12000	458	426.697	600.651
12000	459	-6.48588	72.7568
12000	460	141.781	475.69
12000	461	37.7498	-348.474
12000	462	140.154	900.903
12000	463	319.236	1403.93
12000	464	374.567	888.755
12000	465	91.2329	-855.488
12000	466	-196.92	-785.214
12000	467	481.35	-300.985
12000	468	-1163.79	177.12
12000	469	1354.51	494.952
12000	470	805.322	864.047
12000	471	-255.764	-86.158
12000	472	-47.3056	327.521
12000	473	67.4644	640.369
12000	474	-699.542	852.897
12000	475	-192.57	-650.842
12000	476	-187.403	1028.01
12000	477	389.11	901.119
12000	478	462.32	-1137.77
12000	479	-230.869	-1065.36
12000	480	134.972	-309.115
12000	481	-125.844	1140.17
12000	482	-393.665	240.325
12000	483	-585.375	-442.218
12000	484	-475.911	-186.213
12000	485	686.373	549.15
12000	486	243.939	562.62
12000	487	-321.125	-744.676
12000	488	597.4	-1407.93
12000	489	663.247	193.186
12000	490	-644.43	364.559
12000	491	855.764	618.715
12000	492	-35.6499	177.829
12000	493	-133.848	-276.781
12000	494	-167.611	356.468
12000	495	-632.843	1236.39
12000	496	765.915	932.528
12000	497	-104.062	-707.864
12000	498	840.307	-178.264
12000	499	216.137	-159.427
14000	0	530.495	429.712
14000	1	-466.848	-107.493
14000	2	935.721	15.0323
14000	3	-122.923	-765.829
14000	4	-610.76	-1692.46
14000	5	-558.667	2125.99
14000	6	532.552	290.003
14000	7	-90.7854	-199.952
14000	8	336.464	1084.65
14000	9	-691.687	1438.23
14000	10	-51.4709	-561.248
14000	11	-957.521	-436.396
14000	12	320.596	577.337
14000	13	-372.509	138.804
14000	14	-347.16	-1570.07
14000	15	-131.611	-402.688
14000	16	280.683	944.283
14000	17	-469.523	-723.982
14000	18	-909.139	-152.33
14000	19	519.232	1275.02
14000	20	-1158.14	16.5953
14000	21	712.812	-1284.48
14000	22	-519.811	-1979.87
14000	23	-377.58	1110.98
14000	24	650.215	-103.768
14000	25	721.805	1035.84
14000	26	617.591	-836.83
14000	27	174.433	1032.42
14000	28	-357.651	1360.9
14000	29	144.861	968.369
14000	30	154.315	-1527.81
14000	31	-988.734	-767.147
14000	32	1081.25	205.325
14000	33	-231.719	560.875
14000	34	-139.134	-178.137
14000	35	200.331	-1110.23
14000	36	-1294.29	-141.725
14000	37	323.719	507.9
14000	38	-386.662	-1027.8
14000	39	873.515	-301.46
14000	40	26.3141	90.363
14000	41	181.692	-1424.89
14000	42	347.705	496.498
14000	43	1.62047	-87.8295
14000	44	579.229	168.6
14000	45	20.5144	-273.168
14000	46	-723.423	-449.406
14000	47	-777.191	417.323
14000	48	380.662	-653.655
14000	49	-737.162	-1202.01
14000	50	-387.687	-1589.08
14000	51	-143.323	-9.31543
14000	52	-163.19	1502.18
14000	53	60.7556	-1052.46
14000	54	-85.3306	303.362
14000	55	877.418	-254.051
14000	56	-1029.45	180.355
14000	57	1116.16	-1311.29
14000	58	1631.01	-2176.29
14000	59	1088.68	-40.3187
14000	60	-121.612	306.267
14000	61	-1424.99	352.292
14000	62	86.3767	1158.24
14000	63	213.557	-148.967
14000	64	165.374	229.759
14000	65	-656.375	29.4176
14000	66	285.839	-338.483
14000	67	-947.16	394.543
14000	68	1390.23	43.4912
14000	69	-84.2479	163.425
14000	70	258.035	1625.34
14000	71	-953.206	-110.188
14000	72	192.949	-842.543
14000	73	16.19	486.824
14000	74	-9.92044	1025.96
14000	75	1324.26	-730.721
14000	76	-33.7196	-520.091
14000	77	353.36	999.133
14000	78	-367.905	-759.243
14000	79	-193.858	-187.615
14000	80	-148.046	56.2023
14000	81	-271.67	849.855
14000	82	107.805	500.666
14000	83	-402.606	-702.313
14000	84	150.025	-379.168
14000	85	-645.712	-116.711
14000	86	-1089.02	-176.342
14000	87	296.528	-178.61
14000	88	1026.51	-175.9
14000	89	166.127	-937.313
14000	90	481.619	-278.958
14000	91	326.239	553.423
14000	92	524.065	1812.44
14000	93	9.8804	950.514
14000	94	950.982	165.642
14000	95	-161.81	-1025.62
14000	96	-2.25828	-272.622
14000	97	578.185	1765.83
14000	98	-329.442	988.945
14000	99	209.387	-364.645
14000	100	-312.24	-1012.58
14000	101	-449.773	-746.094
14000	102	-416.239	623.293
14000	103	181.071	1552.1
14000	104	-338.452	72.0927
14000	105	1004.78	543.02
14000	106	-585.078	280.597
14000	107	772.419	167.248
14000	108	1596.9	792.202
14000	109	152.478	-473.215
14000	110	315.602	204.164
14000	111	-1057.47	-1859.73
14000	112	365.869	-467.922
14000	113	3.29475	-908.866
14000	114	-79.3197	-196.836
14000	115	338.091	-142.43
14000	116	-436.943	-1477.01
14000	117	-69.1466	-933.448
14000	118	-595.732	1356.54
14000	119	140.987	949.914
14000	120	971.759	-426.572
14000	121	329.252	758.73
14000	122	554.199	-474.288
14000	123	-305.003	888.095
14000	124	832.466	345.977
14000	125	1654.28	-949.603
14000	126	-1091.26	83.7254
14000	127	1270.76	1217.05
14000	128	-374.238	17.7498
14000	129	277.377	573.903
14000	130	1010.85	168.532
14000	131	-616.232	-599.431
14000	132	445.263	652.795
14000	133	647.634	-439.302
14000	134	-1293.27	-756.318
14000	135	-396.309	-63.0993
14000	136	-804.149	397.84
14000	137	-142.654	1347.15
14000	138	-364.83	98.7435
14000	139	-467.243	675.366
14000	140	809.08	891.824
14000	141	138.59	13.5474
14000	142	743.751	-106.249
14000	143	-191.529	-1246.25
14000	144	857.404	-318.592
14000	145	-485.462	190.205
14000	146	-153.192	655.045
14000	147	-635.432	-705.084
14000	148	91.0983	-828.292
14000	149	-251.745	-1766.06
14000	150	950.84	-610.075
14000	151	-216.592	-34.789
14000	152	-124.095	-497.606
14000	153	172.019	1334.65
14000	154	-1190.24	1223.43
14000	155	-416.143	-129.813
14000	156	-1190.09	-1856.27
14000	157	816.617	352.616
14000	158	232.492	269.162
14000	159	-780.679	382.487
14000	160	-436.78	405.295
14000	161	-1190.47	-588.325
14000	162	-502.99	1592.61
14000	163	-572.81	169.727
14000	164	-490.43	2223.92
14000	165	-265.307	2123.1
14000	166	-115.18	707.667
14000	167	704.745	11.8538
14000	168	-699.135	679.189
14000	169	142.671	-975.017
14000	170	365.119	-1416.43
14000	171	-179.786	252.037
14000	172	-274.607	251.916
14000	173	787.508	179.171
14000	174	-323.309	-354.883
14000	175	460.42	-319.09
14000	176	-439.994	-839.698
14000	177	-94.3952	-2159.15
14000	178	247.469	-1178.57
14000	179	926.146	-1438.52
14000	180	472.499	-264.124
14000	181	-1263.4	-447.031
14000	182	33.4995	-727.835
14000	183	-36.7102	-73.3074
14000	184	-190.127	941.369
14000	185	-478.198	1157.84
14000	186	-479.913	-953.534
14000	187	-118.138	1177.93
14000	188	310.06	290.079
14000	189	563.145	-238.719
14000	190	-17.2031	-901.243
14000	191	251.218	779.45
14000	192	1016.13	-293.635
14000	193	1286.91	-1018.22
14000	194	13.5738	603.544
14000	195	-376.313	-271.899
14000	196	200.826	1472.62
14000	197	129.077	-781.787
14000	198	126.018	-1025.13
14000	199	496.119	-58.9446
14000	200	210.588	-571.272
14000	201	-334.982	-135.826
14000	202	-289.245	5.83459
14000	203	-1442.61	-1202.74
14000	204	-231.612	321.477
14000	205	-269.658	1390.46
14000	206	306.234	-0.313221
14000	207	1074.97	-1006.92
14000	208	-394.577	1049.15
14000	209	-62.8422	-342.247
14000	210	70.6288	-1732.78
14000	211	1126.31	1198.1
14000	212	761.222	808.234
14000	213	959.455	837.477
14000	214	218.668	-631.718
14000	215	743.002	-2082.65
14000	216	-2.13867	888.219
14000	217	-174.943	2115.49
14000	218	592.78	812.652
14000	219	860.14	86.6772
14000	220	-701.9	-8.34283
14000	221	-185.916	142.329
14000	222	1029.28	72.4933
14000	223	-775.745	1941.92
14000	224	-1335.63	65.1959
14000	225	-257.718	573.981
14000	226	761.788	1582.43
14000	227	-881.097	-136.411
14000	228	107.915	1592.7
14000	229	314.187	1048.77
14000	230	1652.28	-45.341
14000	231	1039.63	-1554.66
14000	232	-210.567	-391.628
14000	233	981.013	-781.747
14000	234	-521.298	-279.497
14000	235	222.935	-894.16
14000	236	369.403	-1852.04
14000	237	-580.443	290.278
14000	238	-397.501	-558.033
14000	239	159.372	-151.53
14000	240	462.354	1260.44
14000	241	-29.0619	-616.489
14000	242	-57.0994	262.319
14000	243	60.633	-759.478
14000	244	-1831.57	1008.66
14000	245	408.049	-527.646
14000	246	-1080.53	979.224
14000	247	-28.6847	41.717
14000	248	-829.634	695.615
14000	249	0.738836	-97.7691
14000	250	-106.774	179.914
14000	251	468.463	438.115
14000	252	520.145	-817.152
14000	253	-239.442	-211.042
14000	254	858.566	579.804
14000	255	-1714.49	152.071
14000	256	271.801	1404.29
14000	257	-115.181	-599.961
14000	258	476.163	552.777
14000	259	-144.048	-286.229
14000	260	-497.204	-1468.63
14000	261	307.303	269.321
14000	262	-637.547	560.569
14000	263	449.646	-516.293
14000	264	-719.024	-2184.69
14000	265	377.17	311.876
14000	266	-297.692	189.251
14000	267	-598.925	211.206
14000	268	-688.853	840.034
14000	269	-799.658	-962.773
14000	270	648.805	954.956
14000	271	153.114	930.171
14000	272	-357.264	-654.985
14000	273	317.756	-1391.46
14000	274	-1483.21	337.991
14000	275	170.7	597.174
14000	276	272.456	-1393.74
14000	277	1316.7	930.988
14000	278	350.758	-263.218
14000	279	-22.4505	1763.93
14000	280	571.244	1600.27
14000	281	318.32	1130.87
14000	282	-355.143	1166.09
14000	283	-1183.64	557.669
14000	284	-412.116	708.013
14000	285	110.893	-1121.74
14000	286	93.3357	-194.244
14000	287	-1632.88	265.54
14000	288	-213.385	168.087
14000	289	358.183	734.051
14000	290	558.136	-1680.46
14000	291	-202.837	-467.114
14000	292	109.185	-228.311
14000	293	-1215.06	785.748
14000	294	145.536	-684.186
14000	295	248.941	502.754
14000	296	269.595	33.3952
14000	297	-1459.21	-738.712
14000	298	-1081.32	1315.92
14000	299	-40.735	90.3263
14000	300	-81.8921	423.612
14000	301	234.783	-153.13
14000	302	-388.744	1727.11
14000	303	891.034	727.411
14000	304	612.331	-543.082
14000	305	569.66	-590.645
14000	306	251.281	-810.245
14000	307	40.4821	-574.015
14000	308	-1456.3	303.449
14000	309	626.541	1176.08
14000	310	146.425	257.046
14000	311	217.17	-951.32
14000	312	-119.814	-842.875
14000	313	-1101.46	-3329.51
14000	314	552.848	-1087.75
14000	315	121.884	-625.406
14000	316	477.21	-509.52
14000	317	641.019	125.897
14000	318	-206.986	-879.598
14000	319	164.889	-314.053
14000	320	1060.91	1054.2
14000	321	107.231	-6.42327
14000	322	489.823	-239.977
14000	323	-341.641	1666.87
14000	324	-326.305	-1157.81
14000	325	-155.855	887.708
14000	326	-52.3532	-653.346
14000	327	-404.698	1126.15
14000	328	-243.37	130.986
14000	329	1009.96	2536.25
14000	330	-1465.6	-580.062
14000	331	805.726	-364.065
14000	332	-1043.17	1474.34
14000	333	912.588	1353.81
14000	334	-33.5309	-539.612
14000	335	-139.744	-110.246
14000	336	633.254	-766.384
14000	337	-1371.72	-300.364
14000	338	-905.89	697.476
14000	339	130.694	45.3242
14000	340	739.691	-1010.08
14000	341	1724	665.653
14000	342	434.572	1163.6
14000	343	-41.0144	49.5069
14000	344	789.294	1328.52
14000	345	624.64	1728.49
14000	346	-380.904	253.465
14000	347	625.676	-871.134
14000	348	911.245	-595.624
14000	349	474.238	-769.952
14000	350	1802.64	-1910.75
14000	351	-39.1435	-566.126
14000	352	-212.767	106.854
14000	353	557.149	906.372
14000	354	-4.50797	771.987
14000	355	736.671	-595.687
14000	356	-218.87	-1022.27
14000	357	-4.5536	-516.732
14000	358	556.965	-194.324
14000	359	710.575	-2111.08
14000	360	-198.713	-100.493
14000	361	-226.847	-150.437
14000	362	937.961	1562.72
14000	363	10.2629	1536.91
14000	364	65.3833	194.249
14000	365	-195.532	364.948
14000	366	24.0483	767.503
14000	367	-146.721	-726.875
14000	368	-1368.26	92.5257
14000	369	-561.207	-179.307
14000	370	1420.02	-1579.95
14000	371	798.491	-626.939
14000	372	-393.675	-114.899
14000	373	42.4903	59.1979
14000	374	561.107	133.695
14000	375	1569.99	-209.568
14000	376	263.561	1080.18
14000	377	-63.973	1080.03
14000	378	15.1154	397.105
14000	379	-798.974	1005.94
14000	380	-485.554	16.5287
14000	381	-998.151	728.335
14000	382	-217.456	-18.5953
14000	383	-784.901	1053.7
14000	384	453.719	-1179.67
14000	385	147.829	1260.53
14000	386	189.129	-18.5184
14000	387	-905.121	451.814
14000	388	108.177	354.467
14000	389	1192.14	-351.891
14000	390	-104.914	-136.054
14000	391	408.082	-2334.24
14000	392	-341.632	953.533
14000	393	-744.649	45.8388
14000	394	1693.24	13.6384
14000	395	-465.545	-1016.77
14000	396	-1052.3	481.898
14000	397	324.301	369.746
14000	398	-588.601	1361.33
14000	399	906.173	1457.05
14000	400	-1051.86	868.512
14000	401	-959.626	-303.714
14000	402	-149.603	-792.572
14000	403	-54.3049	1642.54
14000	404	382.076	745.31
14000	405	916.862	137.983
14000	406	211.832	-599.424
14000	407	108.69	1339.06
14000	408	-469.712	-1182.71
14000	409	-357.744	-1818.04
14000	410	251.335	-625.006
14000	411	1194.84	-1620.49
14000	412	70.4594	-683.889
14000	413	81.2255	-1335.33
14000	414	-937.208	-2.07645
14000	415	-208.747	-2211.66
14000	416	855.983	-1623.5
14000	417	-336.863	-385.35
14000	418	-5.13731	1220.64
14000	419	371.224	1304.07
14000	420	75.0291	1265.64
14000	421	-282.133	-245.615
14000	422	-213.074	-783.834
14000	423	-66.5679	-337.176
14000	424	694.917	308.58
14000	425	595.357	152.111
14000	426	930.388	-125.52
14000	427	-236.687	-421.553
14000	428	-708.272	502.483
14000	429	1103.34	-139.026
14000	430	248.378	-729.215
14000	431	698.142	-948.559
14000	432	-1206.99	-903.075
14000	433	526.925	-728.883
14000	434	-309.848	336.975
14000	435	-721.704	-561.838
14000	436	-425.559	-726.208
14000	437	-1332.86	-168.333
14000	438	-129.625	2001.25
14000	439	-191.679	-1148.32
14000	440	-1023.34	-1746.74
14000	441	-84.0603	221.962
14000	442	723.031	1176.63
14000	443	212.833	1195.28
14000	444	-189.527	-1163.22
14000	445	79.1712	-1804.93
14000	446	-398.535	-813.243
14000	447	376.85	491.91
14000	448	360.979	275.707
14000	449	135.304	-2196.99
14000	450	873.926	1016.03
14000	451	184.055	-154.631
14000	452	125.426	489.522
14000	453	-980.48	9.21148
14000	454	560.478	-1050.73
14000	455	971.752	-369.111
14000	456	-1573.42	-319.683
14000	457	-672.63	-883.152
14000	458	826.576	1115.39
14000	459	171.503	1018.53
14000	460	437.146	688.889
14000	461	-143.106	-41.5266
14000	462	-401.7	1225.91
14000	463	20.6536	2001.52
14000	464	73.6852	758.291
14000	465	54.8626	-506.763
14000	466	-319.016	-1397.97
14000	467	695.506	47.6321
14000	468	-1245.37	-109.176
14000	469	1592.27	144.698
14000	470	487.134	486.965
14000	471	-843.117	-40.3668
14000	472	117.943	-156.181
14000	473	-64.4593	1051.1
14000	474	-378.556	531.506
14000	475	-251.631	77.1362
14000	476	-309.242	793.536
14000	477	297.563	1004.23
14000	478	108.712	-819.514
14000	479	-269.623	-1179.17
14000	480	85.2463	250.598
14000	481	-265.921	1364.04
14000	482	-84.2485	191.265
14000	483	-499.621	-328.426
14000	484	-314.485	-298.185
14000	485	764.252	515.358
14000	486	503.578	392.962
14000	487	-41.2746	-1075.97
14000	488	664.037	-1080.65
14000	489	683.471	12.3123
14000	490	-558.238	186.853
14000	491	757.877	651.294
14000	492	-516.483	-10.3725
14000	493	45.9838	-551.941
14000	494	-49.4031	104.099
14000	495	-1033.56	1743.84
14000	496	1166.95	1063.52
14000	497	81.852	-358.189
14000	498	1027.37	110.259
14000	499	118.818	-644.67
16000	0	516.28	415.998
16000	1	-426.471	-624.935
16000	2	1137.76	38.7736
16000	3	158.547	-845.922
16000	4	-406.946	-1616.6
16000	5	-599.437	2261.82
16000	6	592.72	230.34
16000	7	229.121	-330.591
16000	8	456.9	1137.64
16000	9	-654.268	1387.86
16000	10	-91.001	-421.91
16000	11	-1186.86	-667.092
16000	12	80.8371	574.71
16000	13	-232.712	266.572
16000	14	-463.828	-2407.8
16000	15	48.7897	-835.726
16000	16	519.602	620.097
16000	17	-318.961	-876.367
16000	18	-831.024	216.94
16000	19	513.789	1600.34
16000	20	-879.416	-318.366
16000	21	851.501	-1134.33
16000	22	-621.184	-1570.86
16000	23	-319.006	1517.55
16000	24	810.802	-241.651
16000	25	726.448	700.416
16000	26	138.541	-1157.54
16000	27	292.937	897.036
16000	28	221.923	1530.14
16000	29	725.063	809.819
16000	30	-100.6	-1202.14
16000	31	-529.652	-1041.17
16000	32	1095.38	396.38
16000	33	-604.839	329.12
16000	34	341.341	-395.933
16000	35	-96.4818	-366.581
16000	36	-632.872	-762.33
16000	37	379.931	346.35
16000	38	-329.446	-1057.04
16000	39	1036.16	-592.888
16000	40	204.379	133.056
16000	41	22.7633	-1166.92
16000	42	285.716	597.854
16000	43	-540.789	31.2858
16000	44	761.526	343.845
16000	45	-333.967	198.827
16000	46	-984.136	-671.635
16000	47	-1054.87	356.305
16000	48	431.333	-262.958
16000	49	-70.3183	-925.82
16000	50	-166.932	-1738
16000	51	-141.135	-240.236
16000	52	-80.9189	1522.59
16000	53	-162.765	-967.962
16000	54	-6.56914	-442.693
16000	55	1017.94	114.219
16000	56	-727.555	540.738
16000	57	1376.37	-1073.3
16000	58	1795.6	-2200.65
16000	59	1348.7	235.558
16000	60	9.26538	710.657
16000	61	-1411.36	85.7762
16000	62	184.465	1058.6
16000	63	-83.4086	-9.11636
16000	64	284.814	452.199
16000	65	-878.179	426.375
16000	66	885.525	-325.973
16000	67	-1145.94	181.559
16000	68	1127.7	83.8926
16000	69	-3.44944	403.712
16000	70	417.302	920.509
16000	71	-975.475	163.515
16000	72	66.2909	-533.599
16000	73	297.009	417.433
16000	74	-609.126	1436.33
16000	75	1410.05	-864.679
16000	76	51.7792	-544.005
16000	77	189.613	795.174
16000	78	-429.227	-1126.4
16000	79	-705.088	-60.2816
16000	80	-287.207	-403.444
16000	81	-391.626	1181.26
16000	82	-45.5454	1026
16000	83	-58.5447	-1020.48
16000	84	27.3408	-491.012
16000	85	-24.5773	405.853
16000	86	-1089.51	-269.061
16000	87	164.638	-638.669
16000	88	1607.17	-592.103
16000	89	-101.991	-896.896
16000	90	368.106	-24.9926
16000	91	564.719	662.962
16000	92	506.482	1616.73
16000	93	288.921	463.697
16000	94	1111.13	592.188
16000	95	243.611	-1124.36
16000	96	-143.844	-62.6504
16000	97	699.549	1626.1
16000	98	-667.723	1080.33
16000	99	-301.091	120.093
16000	100	-306.176	-1026.1
16000	101	-190.023	-909.515
16000	102	-428.128	970.907
16000	103	-275.801	1876.33
16000	104	-378.14	415.374
16000	105	1247.12	633.118
16000	106	-301.795	-67.0883
16000	107	883.448	351.357
16000	108	1698.85	617.665
16000	109	-103.522	-422.595
16000	110	397.269	-300.63
16000	111	-937.291	-1589.44
16000	112	367.68	-197.559
16000	113	345.749	-780.244
16000	114	-54.3487	436.877
16000	115	398.738	179.295
16000	116	-245.361	-1714.3
16000	117	-347.338	-981.506
16000	118	-355.224	1254.77
16000	119	-562.276	1223.57
16000	120	1432.96	92.9509
16000	121	567.674	298.231
16000	122	-128.97	-633.588
16000	123	-120.095	1322.8
16000	124	751.995	775.771
16000	125	1393.39	-705.965
16000	126	-992.534	157.295
16000	127	1493.23	840.657
16000	128	-854.47	-85.9837
16000	129	136.538	938.651
16000	130	867.71	787.391
16000	131	-540.833	-275.596
16000	132	125.012	480.871
16000	133	428.983	-565.483
16000	134	-1533.72	-1070.99
16000	135	-476.125	328.949
16000	136	-404.119	-487.854
16000	137	80.631	1153.5
16000	138	-404.825	-59.1036
16000	139	-1187.92	1059.02
16000	140	529.335	529.371
16000	141	137.362	-579.151
16000	142	815.861	-881.287
16000	143	205.986	-1965.5
16000	144	918.839	-719.108
16000	145	-604.815	305.993
16000	146	-334.715	425.807
16000	147	-494.595	-1050.53
16000	148	392.654	-356.018
16000	149	-123.401	-2616.48
16000	150	992.252	-626.799
16000	151	-479.985	168.702
16000	152	-172.357	-862.819
16000	153	428.175	1494.55
16000	154	-948.206	877.155
16000	155	-358.302	-381.069
16000	156	-1508.11	-1312.7
16000	157	1002.06	422.739
16000	158	274.113	-219.096
16000	159	-1120.22	-359.045
16000	160	-277.275	191.032
16000	161	-1143.52	-745.4
16000	162	-419.128	1753.43
16000	163	-329.724	457.597
16000	164	-328.624	2418.27
16000	165	108.191	1431.2
16000	166	146.637	526.981
16000	167	691.915	-34.5864
16000	168	-676.918	755.581
16000	169	102.767	-928.683
16000	170	-481.123	-1218.43
16000	171	-42.0888	686.127
16000	172	-694.832	583.887
16000	173	991.369	333.558
16000	174	14.8845	-791.565
16000	175	436.13	-233.09
16000	176	-382.472	-726.667
16000	177	-185.703	-1944.54
16000	178	600.944	-656.21
16000	179	717.103	-1099.55
16000	180	552.345	-330.784
16000	181	-1134.13	-22.7565
16000	182	173.9	-1092.19
16000	183	242.411	-334.292
16000	184	-786.246	1205.35
16000	185	-500.4	1322.46
16000	186	-838.735	-1048.94
16000	187	-460.074	1690.87
16000	188	291.003	204.46
16000	189	847.995	-565.068
16000	190	-16.0937	-894.921
16000	191	-10.602	743.375
16000	192	1331.21	-797.178
16000	193	1465.34	-927.389
16000	194	92.2443	362.309
16000	195	-858.932	-692.837
16000	196	358.908	1291.33
16000	197	110.078	-1322.48
16000	198	-11.1554	-1011.79
16000	199	415.488	-417.648
16000	200	301.804	-1050.1
16000	201	-117.159	-86.3743
16000	202	-353.103	7.40679
16000	203	-1343.24	-1430.2
16000	204	-3.20439	517.342
16000	205	-161.357	1345.47
16000	206	426.982	531.198
16000	207	815.569	-1244.7
16000	208	-693.687	1162.27
16000	209	-422.681	-152.22
16000	210	-41.0621	-1580.59
16000	211	825.297	1508.2
16000	212	880.363	726.933
16000	213	1119.72	608.027
16000	214	-399.777	-758.786
16000	215	464.72	-2062
16000	216	253.969	502.161
16000	217	-235.151	1986.96
16000	218	474.554	866.336
16000	219	877.569	-156.118
16000	220	-1103.42	362.212
16000	221	-405.583	772.81
16000	222	729.977	-190.262
16000	223	-596.94	1683.92
16000	224	-1270.66	125.397
16000	225	-779.683	391
16000	226	782.522	1044.34
16000	227	-804.251	79.1037
16000	228	386.321	1610.78
16000	229	136.635	301.331
16000	230	1628.18	76.0735
16000	231	1220.44	-1931.63
16000	232	-50.3466	-718.556
16000	233	582.713	-1158.7
16000	234	-739.13	-192.88
16000	235	522.133	-503.147
16000	236	108.375	-1893.64
16000	237	-102.109	1040.4
16000	238	-876.578	-976.714
16000	239	323.766	309.762
16000	240	-4.3633	1413.51
16000	241	16.935	-785.94
16000	242	-17.7349	211.358
16000	243	-182.58	-817.008
16000	244	-1543.68	1769.36
16000	245	-125.87	-88.3268
16000	246	-921.801	1509.43
16000	247	-119.608	132.232
16000	248	-1250.86	124.886
16000	249	-123.014	207.539
16000	250	154.37	439.733
16000	251	850.61	-114.185
16000	252	628.615	-317.42
16000	253	-960.448	149.937
16000	254	851.213	491.153
16000	255	-1915.6	285.629
16000	256	455.069	1956.67
16000	257	8.14847	-280.573
16000	258	415.053	434.511
16000	259	-399.154	310.62
16000	260	-388.298	-1357.11
16000	261	5.36651	691.156
16000	262	-756.542	916.561
16000	263	212.095	-689.796
16000	264	-918.142	-2477.86
16000	265	555.178	691.473
16000	266	-397.698	160.888
16000	267	-658.649	49.493
16000	268	-587.847	1519.85
16000	269	-840.296	-628.979
16000	270	667.443	1286.43
16000	271	-59.1377	839.444
16000	272	-483.473	-1010.53
16000	273	329.746	-1394.38
16000	274	-1864.45	347.911
16000	275	-212.223	627.04
16000	276	304.136	-1202.88
16000	277	1520.12	718.567
16000	278	413.24	-221.516
16000	279	130.203	1398.69
16000	280	391.165	1663.73
16000	281	78.004	1628.36
16000	282	-433.469	948.362
16000	283	-303.806	620.096
16000	284	-31.7388	412.982
16000	285	293.525	-1452.02
16000	286	-45.4231	-523.351
16000	287	-1833.84	314.35
16000	288	-122.877	206.076
16000	289	294.677	422.461
16000	290	498.783	-2391.48
16000	291	-504.748	-974.116
16000	292	-39.2374	-549.7
16000	293	-1157.96	542.157
16000	294	38.8506	-255.416
16000	295	488.87	520.298
16000	296	507.242	-5.79452
16000	297	-1097.55	-794.993
16000	298	-1579.52	616.009
16000	299	-33.688	91.559
16000	300	-360.73	599.198
16000	301	153.86	-655.26
16000	302	-492.108	1551.21
16000	303	1110.35	597.057
16000	304	632.401	-778.586
16000	305	190.887	-467.402
16000	306	168.571	-982.603
16000	307	-77.7866	-422.992
16000	308	-1656.14	221.454
16000	309	937.261	779.129
16000	310	-233.49	366.857
16000	311	241.43	-941.746
16000	312	-299.018	-842.909
16000	313	-693.211	-3032.77
16000	314	589.301	-721.883
16000	315	-36.5657	-405.504
16000	316	495.422	-93.395
16000	317	621.605	-257.93
16000	318	-245.396	-591.977
16000	319	-158.282	-283.799
16000	320	1147.76	1421.29
16000	321	-199.005	-429.131
16000	322	9.33131	-368.675
16000	323	-462.649	1345.24
16000	324	106.29	-1582.44
16000	325	225.661	726.574
16000	326	-252.562	-389.759
16000	327	-26.4112	937.991
16000	328	-483.51	-99.9229
16000	329	884.821	2976.67
16000	330	-1386.5	-947.094
16000	331	803.603	-1008.98
16000	332	-967.154	1274.44
16000	333	810.08	821.881
16000	334	185.604	-106.359
16000	335	-340.056	436.144
16000	336	753.609	-756.34
16000	337	-998.384	31.1933
16000	338	-632.322	768.494
16000	339	293.959	-208.874
16000	340	618.684	-528.265
16000	341	1500.35	809.68
16000	342	941.135	750.901
16000	343	61.822	-133.675
16000	344	806.559	1602.01
16000	345	957.752	1763.68
16000	346	-582.647	924.319
16000	347	182.006	-1129.79
16000	348	1313.79	-680.66
16000	349	491.249	-410.471
16000	350	1954.79	-1832.5
16000	351	-176.596	-945.604
16000	352	149.084	-353.172
16000	353	299.048	543.137
16000	354	417.34	896.376
16000	355	616.459	-1072.47
16000	356	-839.241	-1017.81
16000	357	-127.285	-643.851
16000	358	639.463	27.7032
16000	359	529.06	-2264.45
16000	360	130.02	-46.1059
16000	361	-213.808	-308.152
16000	362	868.721	1915.77
16000	363	-424.566	1895.75
16000	364	323.256	322.659
16000	365	48.2993	-7.70444
16000	366	-195.163	801.533
16000	367	-224.836	-510.227
16000	368	-1329.87	311.064
16000	369	-499.792	-433.476
16000	370	1664.17	-2169.4
16000	371	961.229	-131.491
16000	372	-282.212	355.485
16000	373	443.761	662.276
16000	374	497.761	459.824
16000	375	1389.32	-621.014
16000	376	588.145	779.961
16000	377	-149.794	1236.07
16000	378	775.693	1109.56
16000	379	-480.106	1423.69
16000	380	-1005.56	-100.908
16000	381	-1143.19	465.696
16000	382	-520.53	128.942
16000	383	-595.511	1139.17
16000	384	154.31	-1326.53
16000	385	128.718	1444.8
16000	386	191.678	-5.59872
16000	387	-1125.11	199.996
16000	388	-49.4522	113.674
16000	389	1872.64	-264.361
16000	390	-65.1074	-456.149
16000	391	998.021	-2335.76
16000	392	-584.253	867.468
16000	393	-670.52	451.876
16000	394	1550.75	660.489
16000	395	-746.824	-1379.52
16000	396	-918.569	1319.05
16000	397	664.174	399.8
16000	398	-269.714	1452.98
16000	399	1230.44	967.735
16000	400	-1276.39	963.871
16000	401	-756.856	-497.97
16000	402	-11.4485	-1617.73
16000	403	189	2456.25
16000	404	705.001	485.925
16000	405	699.367	-176.872
16000	406	406.993	-444.019
16000	407	71.4434	1515.73
16000	408	-387.736	-545.168
16000	409	-718.023	-1766.4
16000	410	70.7544	-524.84
16000	411	1136.14	-1354.86
16000	412	-349.455	-323.567
16000	413	159.258	-1426.9
16000	414	-1140.11	-302.577
16000	415	219.342	-2546.81
16000	416	1056.24	-1570.26
16000	417	-219.75	-614.344
16000	418	-145.003	1234.54
16000	419	748.151	1982.54
16000	420	-205.427	1222.24
16000	421	-383.265	82.099
16000	422	-394.639	-733.765
16000	423	173.845	-483.207
16000	424	377.327	324.657
16000	425	612.787	533.909
16000	426	849.206	298.54
16000	427	63.6265	-65.3965
16000	428	-1304.09	309.725
16000	429	1099.57	-193.784
16000	430	154.927	-379.994
16000	431	470.725	-389.613
16000	432	-1091.29	-1437.75
16000	433	270.105	-335.844
16000	434	-390.2	24.4696
16000	435	-511.357	-28.1434
16000	436	-505.605	-1053.8
16000	437	-1372.03	259.878
16000	438	-69.1447	1923.06
16000	439	-849.857	-1148.23
16000	440	-925.531	-1003.48
16000	441	-312.985	-32.9939
16000	442	541.233	702.217
16000	443	592.754	526.722
16000	444	-12.6059	-1147.32
16000	445	616.225	-1967.24
16000	446	-597.7	-1002.31
16000	447	173.923	163.89
16000	448	27.4515	156.501
16000	449	97.1705	-1861.93
16000	450	1035.35	783.12
16000	451	-27.7515	-302.649
16000	452	225.366	325.081
16000	453	-1003.22	-50.0574
16000	454	805.246	-855.38
16000	455	1114.45	-253.628
16000	456	-1569.25	-850.976
16000	457	-293.13	-1435.39
16000	458	668.334	932.657
16000	459	233.753	537.18
16000	460	613.414	939.597
16000	461	-200.012	102.795
16000	462	-439.472	1093.99
16000	463	-319.668	2248.4
16000	464	234.145	740.144
16000	465	-384.805	-451.194
16000	466	420.721	-1279.9
16000	467	295.219	25.7085
16000	468	-1304.72	-272.594
16000	469	1351.25	-159.765
16000	470	651.165	176.846
16000	471	-620.055	-252.268
16000	472	34.8481	-436.642
16000	473	-9.72949	1260.24
16000	474	-138.612	161.64
16000	475	4.86439	223.013
16000	476	-266.796	839.381
16000	477	312.866	1158.67
16000	478	-403.761	-640.828
16000	479	-290.418	-1250.66
16000	480	167.1	216.304
16000	481	33.4375	1355.39
16000	482	-99.3834	-384.28
16000	483	-205.893	-74.8712
16000	484	-792.127	189.574
16000	485	705.093	1224.06
16000	486	622.623	108.961
16000	487	-298.363	-1158.02
16000	488	277.906	-512.623
16000	489	470.597	103.398
16000	490	-243.691	397.23
16000	491	1016.47	366.697
16000	492	-593.852	280.268
16000	493	-92.8239	-551.541
16000	494	-307.833	-472.608
16000	495	-787.872	1726.6
16000	496	1387.17	1104.31
16000	497	-166.061	-765.177
16000	498	1261.3	207.777
16000	499	77.2737	-350.403
18000	0	516.179	789.322
18000	1	-668.917	-874.07
18000	2	977.465	192.961
18000	3	-47.0998	-802.945
18000	4	-300.708	-1861.84
18000	5	-688.149	1860.8
18000	6	454.171	-484.683
18000	7	47.9305	-201.757
18000	8	96.1441	1337.24
18000	9	-867.813	1469.54
18000	10	-332.186	-489.04
18000	11	-1192.33	-905.723
18000	12	221.151	1333.37
18000	13	-313.862	155.61
18000	14	-479.573	-3089.61
18000	15	287.704	-900.485
18000	16	471.75	203.975
18000	17	-158.247	-561.691
18000	18	-1072.15	140.814
18000	19	399.785	1809.05
18000	20	-818.867	82.9716
18000	21	701.77	-1623.2
18000	22	-1059.67	-1531.59
18000	23	-299.627	890.477
18000	24	969.132	-522.715
18000	25	838.024	400.365
18000	26	-282.386	-1569.71
18000	27	152.399	735.608
18000	28	484.852	1744.71
18000	29	622.627	637.348
18000	30	95.4254	-1516.49
18000	31	-648.798	-1068.51
18000	32	981.72	960.212
18000	33	-110.598	318.57
18000	34	223.145	-109.201
18000	35	-101.832	-615.651
18000	36	-1374.13	-554.243
18000	37	557.952	553.676
18000	38	-90.3751	-588.651
18000	39	1054.34	145.46
18000	40	-73.0515	426.881
18000	41	417.635	-1805.48
18000	42	-95.6711	554.689
18000	43	-458.331	496.383
18000	44	861.026	-271.238
18000	45	-897.358	-29.8361
18000	46	-846.334	-724.402
18000	47	-1318.22	858.066
18000	48	661.335	-604.632
18000	49	359.916	-694.658
18000	50	-765.799	-1760.58
18000	51	315.381	-803.035
18000	52	-1.40178	1209.2
18000	53	-365.375	-895.151
18000	54	173.819	-1087.69
18000	55	1096.16	-418.105
18000	56	-1106.16	639.951
18000	57	1553.65	-660.78
18000	58	1793.32	-2602.57
18000	59	1370.2	75.4641
18000	60	209.056	879.396
18000	61	-1229.36	49.9274
18000	62	447.909	1247.1
18000	63	75.9805	161.866
18000	64	323.822	821.433
18000	65	-735.557	529.673
18000	66	1285.61	139.212
18000	67	-1126	53.888
18000	68	1376.92	38.8307
18000	69	-245.447	564.628
18000	70	237.19	1119.84
18000	71	-1134.53	112.018
18000	72	212.968	-681.391
18000	73	135.376	324.186
18000	74	-457.062	1877
18000	75	1630.54	-1039.32
18000	76	286.504	-769.865
18000	77	190.321	1031.28
18000	78	-968.63	-911.346
18000	79	-1231.38	-813.362
18000	80	49.7622	-215.332
18000	81	-372.074	1504.54
18000	82	72.5579	1152.96
18000	83	97.3627	-957.646
18000	84	-91.9979	-325.45
18000	85	-367.96	972.687
18000	86	-988.126	-187.079
18000	87	-16.5949	-829.663
18000	88	1606.93	-769.382
18000	89	-59.83	-1035.37
18000	90	388.428	-272.975
18000	91	882.977	257.32
18000	92	228.432	1905.17
18000	93	-108.244	307.303
18000	94	1150.36	537.054
18000	95	440.9	-589.282
18000	96	-244.608	31.1131
18000	97	339.489	2149.31
18000	98	-927.906	1329.21
18000	99	-583.481	-171.238
18000	100	174.054	-1197.6
18000	101	-130.093	-1224.38
18000	102	-614.459	1040.54
18000	103	-416.439	1330.75
18000	104	-320.167	328.004
18000	105	1586.7	450.786
18000	106	-605.837	-58.338
18000	107	1195.15	98.6642
18000	108	1120.56	1018.73
18000	109	-286.459	-538.795
18000	110	273.83	-189.066
18000	111	-836.044	-1526.74
18000	112	77.8166	-402.075
18000	113	444.324	-635.287
18000	114	17.6324	-100.305
18000	115	599.423	639.247
18000	116	-134.469	-2194.99
18000	117	-566.204	-1066.57
18000	118	-192.744	1513.37
18000	119	-1102.17	1314.05
18000	120	1158.55	-289.324
18000	121	428.752	265.127
18000	122	75.635	-582.911
18000	123	-244.4	2085.09
18000	124	1075.68	328.144
18000	125	1211.97	-940.687
18000	126	-1168.22	5.89515
18000	127	1248.78	1118.63
18000	128	-514.478	-195.581
18000	129	55.203	887.078
18000	130	589.897	574.477
18000	131	-64.2708	-88.2062
18000	132	124.872	-172.308
18000	133	468.721	-579.691
18000	134	-1319.92	-1756.97
18000	135	-176.707	-266.094
18000	136	-501.21	-520.889
18000	137	616.648	1347.97
18000	138	-442.09	-55.6234
18000	139	-1469.34	1213.26
18000	140	248.476	-363.292
18000	141	280.412	-388.787
18000	142	1173.95	-822.943
18000	143	-52.2688	-1876.13
18000	144	517.009	-1088.04
18000	145	-546.069	142.824
18000	146	-134.517	443.302
18000	147	-714.902	-1654.04
18000	148	913.115	-319.363
18000	149	-252.784	-2597.12
18000	150	750.587	-590.466
18000	151	-778.081	793.768
18000	152	-124.679	-786.742
18000	153	29.1681	1445.68
18000	154	-793.217	534.432
18000	155	181.451	72.7031
18000	156	-1370.02	-958.098
18000	157	1185.91	630.371
18000	158	75.1567	-638.93
18000	159	-897.055	-1062.69
18000	160	123.228	691.202
18000	161	-614.976	-272.836
18000	162	-522.215	959.359
18000	163	-155.555	783.276
18000	164	-499.465	2885.61
18000	165	-304.766	1947.69
18000	166	412.831	632.399
18000	167	428.717	-139.226
18000	168	-778.156	469.346
18000	169	312.835	-990.483
18000	170	-857.619	-1519.03
18000	171	-214.711	866.47
18000	172	-722.906	362.617
18000	173	1012.04	119.089
18000	174	-245.278	-1021.31
18000	175	636.02	-522.605
18000	176	-720.11	-928.405
18000	177	446.539	-2699.64
18000	178	799.791	-12.5005
18000	179	675.893	-1243.9
18000	180	310.879	-263.905
18000	181	-1237.86	-514.068
18000	182	290.047	-855.142
18000	183	-187.31	-217.994
18000	184	-672.65	1160.14
18000	185	-521.598	1061.45
18000	186	-981.267	-309.503
18000	187	-760.322	1872.74
18000	188	571.357	188.247
18000	189	820.207	-287.861
18000	190	25.0367	-1347.53
18000	191	207.407	676.186
18000	192	1512.13	-1113.6
18000	193	1267.07	-1313.35
18000	194	28.7535	125.348
18000	195	-514.703	-595.149
18000	196	306.226	1071.81
18000	197	-50.6486	-708.176
18000	198	48.7082	-1220.57
18000	199	539.71	-375.757
18000	200	741.189	-1132.84
18000	201	-258.15	87.0633
18000	202	-572.817	57.5747
18000	203	-1284	-1168.46
18000	204	-13.7831	668.076
18000	205	74.295	1650.98
18000	206	286.307	205.557
18000	207	1038.53	-654.657
18000	208	-725.138	1113.35
18000	209	-602.063	-396.721
18000	210	-328.992	-1260.8
18000	211	871.249	1517.92
18000	212	847.375	450.761
18000	213	1260.23	382.183
18000	214	-419.683	-682.888
18000	215	216.637	-2367.37
18000	216	258.717	34.0439
18000	217	26.6673	1656.09
18000	218	672.634	711.842
18000	219	1140.15	-245.262
18000	220	-1018.68	777.568
18000	221	-662.073	669.499
18000	222	391.719	-295.28
18000	223	-694.385	1890
18000	224	-1449.71	234.572
18000	225	-679.261	512.176
18000	226	827.048	1040.03
18000	227	-881.755	260.434
18000	228	4.14508	1280.09
18000	229	-185.136	812.603
18000	230	1550.44	-95.9182
18000	231	1400.58	-1167.71
18000	232	-269.179	-336.807
18000	233	963.316	-624.389
18000	234	-800.437	-318.71
18000	235	503.993	-659.514
18000	236	-294.656	-1810.85
18000	237	-19.8938	293.604
18000	238	-576.655	-1011.45
18000	239	321.016	591.936
18000	240	39.1711	1017.58
18000	241	-86.4707	-1294.52
18000	242	-297.063	16.3428
18000	243	-41.0463	-169.812
18000	244	-1188.01	1959.61
18000	245	-410.949	-100.338
18000	246	-977.336	1743
18000	247	-220.866	-45.4044
18000	248	-1128.12	37.0765
18000	249	-237.661	548.649
18000	250	156.674	447.523
18000	251	650.665	-197.725
18000	252	519.638	-287.325
18000	253	-1400.81	21.4101
18000	254	1050.64	504.064
18000	255	-1951.09	798.823
18000	256	257.858	2230.05
18000	257	27.6743	-1001.15
18000	258	352.715	257.946
18000	259	-537.876	328.284
18000	260	-281.709	-1781.54
18000	261	87.601	503.039
18000	262	-1115.65	930.951
18000	263	469.676	-1214.33
18000	264	-856.77	-2089.79
18000	265	435.664	607.181
18000	266	-497.767	226.203
18000	267	-855.058	90.3702
18000	268	-813.071	1559.14
18000	269	-619.865	-656.955
18000	270	826.678	1797.84
18000	271	197.652	870.62
18000	272	-792.068	-1502.52
18000	273	475.807	-1613.55
18000	274	-1923.41	-539.552
18000	275	-370.451	466.109
18000	276	405.617	-721.153
18000	277	1317.06	254.308
18000	278	244.012	-836.425
18000	279	-65.392	1405.14
18000	280	608.963	1654.67
18000	281	-22.8445	2049.24
18000	282	-144.586	1326.66
18000	283	-582.946	1353.88
18000	284	-129.624	273.535
18000	285	292.841	-1495.52
18000	286	-226.736	-519.365
18000	287	-1871.9	120.153
18000	288	20.0015	301.455
18000	289	-3.45794	712.854
18000	290	478.071	-2855.03
18000	291	-881.645	-932.016
18000	292	-242.552	-886.145
18000	293	-1418.52	864.96
18000	294	0.653856	-404.173
18000	295	1029.02	582.785
18000	296	643.811	156.649
18000	297	-1298.05	-1346.66
18000	298	-1690.63	699.496
18000	299	-314.969	110.385
18000	300	-160.028	1078.64
18000	301	-45.6236	-230.625
18000	302	-631.858	1672.35
18000	303	973.872	557.076
18000	304	617.406	-779.557
18000	305	287.365	-306.612
18000	306	-47.3799	-1511.9
18000	307	164.972	-962.071
18000	308	-1997.61	459.817
18000	309	746.994	425.037
18000	310	126.359	162.082
18000	311	218.075	-1488.53
18000	312	-137.725	-820.323
18000	313	-831.875	-3112.71
18000	314	930.28	-788.767
18000	315	-257.533	-201.047
18000	316	738.176	252.851
18000	317	543.81	122.11
18000	318	-676.187	-580.497
18000	319	-49.9735	-424.041
18000	320	1097.42	845.076
18000	321	-170.886	-448.013
18000	322	588.405	295.529
18000	323	-161.341	1356.09
18000	324	313.047	-1369
18000	325	265.233	1186.49
18000	326	-250.804	-217.92
18000	327	131.738	606.766
18000	328	-541.32	63.4219
18000	329	968.1	2811.66
18000	330	-1264.19	-813.53
18000	331	642.162	-768.632
18000	332	-1225.92	1917.09
18000	333	933.027	911.264
18000	334	666.569	-466.094
18000	335	-562.911	561.181
18000	336	712.148	-807.325
18000	337	-560.295	210.538
18000	338	-879.635	1061.68
18000	339	749.787	-232.204
18000	340	376.535	-960.794
18000	341	1195.7	509.277
18000	342	1373.39	679.805
18000	343	-407.379	-241.872
18000	344	687.098	1958.19
18000	345	925.486	1888.68
18000	346	-361.539	998.892
18000	347	738.866	-1461.78
18000	348	1174.51	-822.688
18000	349	575.21	-157.95
18000	350	1814.61	-1577.76
18000	351	-116.419	-859.367
18000	352	330.155	-392.554
18000	353	498.97	886.342
18000	354	399.776	1178.35
18000	355	396.688	-1506.64
18000	356	-858.039	-1349.43
18000	357	-6.42862	-679.391
18000	358	339.039	299.399
18000	359	494.14	-1803.64
18000	360	237.421	-1051.51
18000	361	-115.094	210.391
18000	362	1088.69	2042.32
18000	363	-285.347	1562.66
18000	364	361.926	81.0784
18000	365	141.421	-33.5137
18000	366	-137.601	398.019
18000	367	-6.52501	-72.7409
18000	368	-1386.66	-279.857
18000	369	-217.247	-1267.52
18000	370	1839.58	-1786.9
18000	371	1299.67	-2.57313
18000	372	-900.582	561.18
18000	373	684.216	592.283
18000	374	980.315	-280.492
18000	375	1570.41	-416.229
18000	376	457.443	1212.37
18000	377	-122.148	1038.32
18000	378	554.369	1116.26
18000	379	-370.657	2213.58
18000	380	-967.315	-239.504
18000	381	-1300.86	591.722
18000	382	154.504	522.711
18000	383	-326.727	1187.93
18000	384	11.5485	-1285.37
18000	385	248.05	1477.17
18000	386	510.083	-548.452
18000	387	-1084.68	395.117
18000	388	-30.485	272.724
18000	389	1492.85	-823.868
18000	390	-23.3766	-240.819
18000	391	1054.98	-2660.98
18000	392	-821.295	926.537
18000	393	-981.375	-240.413
18000	394	1693.92	172.62
18000	395	-1005.54	-1351.33
18000	396	-1039.02	1286.59
18000	397	927.215	-38.0217
18000	398	-106.718	1554.74
18000	399	1409.17	1094.62
18000	400	-1153.11	630.374
18000	401	-437.184	-779.636
18000	402	250.203	-1523.75
18000	403	87.3573	2584.22
18000	404	858.856	777.487
18000	405	518.119	-431.029
18000	406	389.755	-640.394
18000	407	-249.417	1881.82
18000	408	-287.494	-294.583
18000	409	-540.536	-982.946
18000	410	171.982	-353.023
18000	411	1618.75	-1701.66
18000	412	-148.406	-881.56
18000	413	-339.284	-1552.39
18000	414	-924.378	-103.031
18000	415	290.232	-2337.3
18000	416	775.346	-1305.03
18000	417	-77.0402	-643.828
18000	418	-103.853	1802.08
18000	419	847.869	2200.52
18000	420	55.5759	892.531
18000	421	-342.534	-91.0761
18000	422	-157.686	-950.449
18000	423	491.711	-1175.75
18000	424	619.402	577.976
18000	425	511.341	784.946
18000	426	910.919	201.273
18000	427	209.814	-475.133
18000	428	-1451.31	62.8102
18000	429	1502.36	-75.0298
18000	430	-91.3304	-316.086
18000	431	600.213	54.7537
18000	432	-796.487	-1940.2
18000	433	630.581	-532.907
18000	434	-466.274	-434.032
18000	435	-291.49	489.401
18000	436	-326.146	-922.731
18000	437	-1148.85	110.325
18000	438	153.253	1918.68
18000	439	-1273.42	-974.96
18000	440	-922.458	-821.688
18000	441	245.86	138.771
18000	442	203.595	639.825
18000	443	-187.309	547.759
18000	444	249.214	-1226.99
18000	445	435.097	-1649.93
18000	446	-634.41	-2068.87
18000	447	372.133	-82.4744
18000	448	66.7418	362.479
18000	449	217.747	-1704.63
18000	450	874.572	509.54
18000	451	390.073	-674.219
18000	452	522.316	79.8991
18000	453	-846.927	57.0223
18000	454	902.215	-1142.99
18000	455	1076.48	284.636
18000	456	-1847.23	-752.828
18000	457	-693.215	-1121.58
18000	458	649.85	1370.05
18000	459	152.916	909.752
18000	460	595.266	1338.1
18000	461	-202.435	545.668
18000	462	-522.042	1217.23
18000	463	39.1106	1737.2
18000	464	754.499	868.577
18000	465	-324.814	44.7708
18000	466	840.998	-1461.59
18000	467	554.723	-309.967
18000	468	-1125.99	-502.998
18000	469	870.548	148.733
18000	470	561.039	100.415
18000	471	-481.358	-114.987
18000	472	-220.584	-845.844
18000	473	8.0502	1194.63
18000	474	-401.796	375.396
18000	475	-236.134	309.401
18000	476	-328.61	1915.4
18000	477	301.949	1022.66
18000	478	-142.507	-964.253
18000	479	-629.591	-1615.87
18000	480	26.2616	378.605
18000	481	-267.258	1600.06
18000	482	59.8766	74.2943
18000	483	-684.886	90.5818
18000	484	-896.142	62.1595
18000	485	506.06	1411.85
18000	486	564.275	539.558
18000	487	-202.04	-1304.12
18000	488	356.171	-232.254
18000	489	441.323	94.2313
18000	490	-345.113	778.675
18000	491	773.857	507.259
18000	492	-596.673	-66.9119
18000	493	26.6443	-1175.94
18000	494	-50.5802	-567.74
18000	495	-515.071	2032.74
18000	496	1665.97	1225.82
18000	497	55.0338	-806.294
18000	498	1601.1	134.488
18000	499	456.928	-413.466
20000	0	516.557	778.733
20000	1	-249.726	-1056.68
20000	2	898.638	410.098
20000	3	-14.1903	-884.436
20000	4	-392.854	-1728.16
20000	5	-652.442	1610.3
20000	6	351.654	-537.086
20000	7	-227.929	-147.379
20000	8	258.639	1639.2
20000	9	-1071.39	1513.05
20000	10	-30.7569	-576.443
20000	11	-1034.1	-1426.45
20000	12	323.019	901.58
20000	13	-493.942	259.298
20000	14	-7.35926	-2477.59
20000	15	608.615	-544.564
20000	16	777.254	214.624
20000	17	-20.3157	-1079.45
20000	18	-1071.77	83.3837
20000	19	360.474	1587.74
20000	20	-479.446	93.9553
20000	21	790.649	-1841.81
20000	22	-853.266	-1825.08
20000	23	-99.5639	856.712
20000	24	1373.15	-544.72
20000	25	959.66	1162.58
20000	26	-658.984	-1617.26
20000	27	54.6029	491.222
20000	28	243.95	1924.49
20000	29	482.682	123.406
20000	30	-144.574	-1417.17
20000	31	-879.573	-937.505
20000	32	705.92	498.463
20000	33	406.816	1978.23
20000	34	401.016	-163.191
20000	35	39.6806	-118.732
20000	36	-1251.07	-576.702
20000	37	1085.86	442.836
20000	38	372.066	-741.19
20000	39	1214.03	639.601
20000	40	-56.194	70.5708
20000	41	122.126	-1462.12
20000	42	-313.664	866.79
20000	43	-203.374	193.832
20000	44	501.222	-553.811
20000	45	-800.13	411.726
20000	46	-684.637	-773.3
20000	47	-1095.85	872.705
20000	48	761.717	-1534.32
20000	49	259.74	-954.564
20000	50	-706.284	-1290.3
20000	51	554.223	-915.041
20000	52	16.9938	936.635
20000	53	-595.914	-500.817
20000	54	152.583	-507.194
20000	55	1236.21	-686.044
20000	56	-947.867	921.247
20000	57	1433.74	-280.013
20000	58	1795.1	-2526
20000	59	1431.89	-61.1991
20000	60	-129.82	759.224
20000	61	-1123.77	313.62
20000	62	387.191	1112.03
20000	63	-65.0797	419.059
20000	64	82.1349	165.536
20000	65	-797.756	71.7776
20000	66	1364.15	765.804
20000	67	-1608.97	187.811
20000	68	1330.58	-117.059
20000	69	-401.377	722.335
20000	70	249.478	1003.24
20000	71	-1095.49	3.97203
20000	72	192.747	-808.605
20000	73	70.5173	636.279
20000	74	-370.791	1746.18
20000	75	1969.65	-1441.97
20000	76	331.35	-673.951
20000	77	50.1739	665.31
20000	78	-931.114	-1079.63
20000	79	-1273.81	-851.337
20000	80	28.1123	-453.048
20000	81	-709.046	1430.97
20000	82	167.613	1063.21
20000	83	458.992	-1280.01
20000	84	-110.553	-97.6521
20000	85	-26.8708	1019.4
20000	86	-1142.53	-39.1572
20000	87	-33.2115	-1212.17
20000	88	1530.58	-608.633
20000	89	-443.176	-1593.44
20000	90	556.954	9.08457
20000	91	828.652	560.092
20000	92	406.05	2648.5
20000	93	-304.634	656.154
20000	94	1311.98	735.765
20000	95	490.13	-1090.94
20000	96	-122.513	626.648
20000	97	314.406	2612.61
20000	98	-731.492	1400.97
20000	99	-564.368	-409.404
20000	100	14.4894	-1641.81
20000	101	-128.877	-1328.72
20000	102	-915.086	647.875
20000	103	-437.553	1607.85
20000	104	-158.739	508.575
20000	105	1731.18	246.13
20000	106	-524.426	-42.9821
20000	107	1247.97	-236.691
20000	108	603.59	974.855
20000	109	-746.349	-322.711
20000	110	437.778	-1010.54
20000	111	-974.834	-1196.08
20000	112	306.519	-431.456
20000	113	784.846	-449.392
20000	114	16.7591	61.6335
20000	115	440.136	396.46
20000	116	145.224	-2090.09
20000	117	-248.936	-1229.35
20000	118	-213.444	1633.42
20000	119	-1041.96	1578.87
20000	120	1173.91	-295.502
20000	121	429.811	-63.2509
20000	122	-6.52016	-1286.24
20000	123	-400.235	2526.18
20000	124	1253.84	298.494
20000	125	1332.59	-560.595
20000	126	-1408.21	429.26
20000	127	1325.73	555.752
20000	128	-833.176	-258.378
20000	129	413.768	802.797
20000	130	452.662	587.017
20000	131	117.893	53.1483
20000	132	363.018	-369.213
20000	133	468.488	-587.136
20000	134	-1034.31	-1481.5
20000	135	-335.359	-560.786
20000	136	-523.589	-1097.5
20000	137	296.056	1297.13
20000	138	-6.35753	137.145
20000	139	-1566.19	856.148
20000	140	45.9282	-287.566
20000	141	380.659	-800.796
20000	142	1335.89	-923.549
20000	143	-307.349	-2185.86
20000	144	275.203	-812.56
20000	145	-487.248	742.1
20000	146	247.22	791.734
20000	147	-1133.35	-1065.48
20000	148	1012.95	-805.344
20000	149	-71.3696	-2405.8
20000	150	472.237	-547.459
20000	151	-637.402	792.931
20000	152	-479.618	-1120.11
20000	153	-213.167	1368.12
20000	154	-1054.06	439.549
20000	155	-196.621	-16.0918
20000	156	-1011.6	-1309.29
20000	157	847.069	302.234
20000	158	-68.9775	-373.979
20000	159	-740.97	-685.128
20000	160	-94.6695	515.15
20000	161	-605.379	-667.653
20000	162	-1000.25	919.141
20000	163	70.526	1127.73
20000	164	-768.729	3079.29
20000	165	-470.69	2183.78
20000	166	685.57	645.786
20000	167	766.368	-228.425
20000	168	-477.239	771.673
20000	169	304.458	-1248.12
20000	170	-1160.71	-938.82
20000	171	-276.638	833.849
20000	172	-443.64	-290.784
20000	173	1291.57	745.625
20000	174	-199.644	-662.789
20000	175	216.648	-53.6954
20000	176	-923.097	-310.838
20000	177	265.221	-2657.14
20000	178	782.876	-290.125
20000	179	778.156	-1491.72
20000	180	331.422	-513.379
20000	181	-1075.47	-116.799
20000	182	-469.734	-1179.81
20000	183	-435.034	-132.722
20000	184	-890.336	881.666
20000	185	-913.948	1042.22
20000	186	-1241.92	-203.369
20000	187	-1218.83	1851.55
20000	188	531.98	245.032
20000	189	398.603	-611.389
20000	190	268.342	-1774.49
20000	191	510.271	408.768
20000	192	1492.08	-863.963
20000	193	1035.14	-890.142
20000	194	-8.17608	-56.4831
20000	195	-917.659	-319.036
20000	196	544.569	1048.74
20000	197	-149.265	-1125.1
20000	198	287.941	-1612.85
20000	199	516.565	-288.196
20000	200	247.618	-459.848
20000	201	-178.289	-307.739
20000	202	-250.873	-487.937
20000	203	-1023.04	-973.139
20000	204	-91.0257	843.689
20000	205	338.274	2040.94
20000	206	539.523	266.231
20000	207	1058.16	-167.64
20000	208	-1033.01	916.104
20000	209	-661.825	-614.029
20000	210	-529.359	-1373.35
20000	211	564.957	1165.56
20000	212	559.34	328.245
20000	213	1399.16	260.568
20000	214	-740.722	-533.225
20000	215	97.6516	-2834.06
20000	216	136.56	-14.7389
20000	217	171.334	1182.34
20000	218	450.901	740.713
20000	219	1199.61	-709.483
20000	220	-1005.72	811.424
20000	221	-1116.87	734.823
20000	222	609.893	-565.338
20000	223	-651.154	977.062
20000	224	-1349.79	261.868
20000	225	-1036.18	1261.98
20000	226	1121.4	603.31
20000	227	-697.997	215.398
20000	228	144.621	1301.97
20000	229	-466.653	943.497
20000	230	1269.82	301.995
20000	231	1298.77	-1051.37
20000	232	-349.82	-487.955
20000	233	994.842	-643.896
20000	234	-1018.41	-1340.47
20000	235	523.319	-694.377
20000	236	-113.782	-2080.18
20000	237	56.7955	336.469
20000	238	-720.396	-785.616
20000	239	219.224	742.607
20000	240	-156.612	1116.26
20000	241	-145.663	-1126.21
20000	242	-335.72	541.413
20000	243	337.269	-887.066
20000	244	-1067.71	2371.83
20000	245	-251.117	-177.214
20000	246	-679.34	1727.33
20000	247	-332.842	-279.446
20000	248	-1047	43.6444
20000	249	-423.131	183.777
20000	250	275.211	1000.57
20000	251	-108.387	57.0366
20000	252	278.73	-160.29
20000	253	-1440.97	-150.052
20000	254	1172.85	484.466
20000	255	-1792.69	607.098
20000	256	333.99	2261.86
20000	257	-128.501	-659.246
20000	258	759.297	194.254
20000	259	-876.32	304.33
20000	260	-108.15	-1721.37
20000	261	-374.728	360.262
20000	262	-1194.61	861.139
20000	263	493.573	-828.591
20000	264	-819.383	-1816.71
20000	265	259.342	683.54
20000	266	44.0272	274.861
20000	267	-832.711	487.547
20000	268	-769.888	1198.14
20000	269	-759.332	-789.626
20000	270	1247.54	2075.97
20000	271	500.345	658.876
20000	272	-651.745	-1467.92
20000	273	975.474	-1123.7
20000	274	-1944.15	-828.059
20000	275	-869.344	223.673
20000	276	-275.889	-501.436
20000	277	1261.18	447.293
20000	278	173.563	-973.523
20000	279	275.52	1420.3
20000	280	516.263	1509.58
20000	281	216.286	1999.34
20000	282	-370.578	1975.2
20000	283	-544.371	1585.1
20000	284	-361.98	-555.577
20000	285	433.335	-2005.21
20000	286	-46.4191	-234.605
20000	287	-1783.82	669.861
20000	288	3.94278	43.03
20000	289	-118.397	1019.05
20000	290	683.154	-2778.97
20000	291	-841.446	-905.41
20000	292	-34.3392	-582.946
20000	293	-1796.66	701.014
20000	294	0.957084	-1088.65
20000	295	1168.86	932.083
20000	296	723.107	123.125
20000	297	-979.291	-1560.51
20000	298	-1677.22	500.558
20000	299	-315.807	173.481
20000	300	59.8092	1343.54
20000	301	-85.4488	500.459
20000	302	-713.5	1378.97
20000	303	1133.4	894.856
20000	304	692.355	-394.15
20000	305	151.117	-688.612
20000	306	190.89	-1567.89
20000	307	577.484	-1697.57
20000	308	-1552.56	85.1261
20000	309	699.483	358.321
20000	310	-93.569	332.521
20000	311	436.359	-1434.47
20000	312	-354.232	-1032.11
20000	313	-754.919	-3436.16
20000	314	1048.33	-765.437
20000	315	24.1029	267.057
20000	316	615.211	92.2146
20000	317	723.173	-124.687
20000	318	-267.114	-509.385
20000	319	257.633	-548.034
20000	320	1207.6	943.9
20000	321	-237.934	-14.7876
20000	322	727.608	348.251
20000	323	-5.04519	1048
20000	324	-9.08854	-913.654
20000	325	84.0234	965.023
20000	326	-310.804	-34.2598
20000	327	619.451	643.161
20000	328	-323.838	93.759
20000	329	965.243	2695.28
20000	330	-1307.72	-179.819
20000	331	761.259	-1094
20000	332	-807.517	1201.49
20000	333	1124.17	1038.94
20000	334	1164.32	-471.652
20000	335	-681.802	688.33
20000	336	567.565	-758.005
20000	337	-519.421	-208.794
20000	338	-1363.43	1593.31
20000	339	930.41	-587.306
20000	340	580.304	-530.891
20000	341	1196.36	-160.872
20000	342	1395.86	959.56
20000	343	-260.052	-228.878
20000	344	1191.78	2181.7
20000	345	542.856	1676.41
20000	346	-442.686	829.493
20000	347	562.319	-1470.47
20000	348	891.508	-1075.52
20000	349	451.159	-484.34
20000	350	1773.08	-1741.47
20000	351	589.12	-570.266
20000	352	287.604	-764.236
20000	353	384.146	569.485
20000	354	414.747	686.199
20000	355	278.273	-1662.87
20000	356	-1041.13	-1111.49
20000	357	194.173	54.3314
20000	358	216.512	324.674
20000	359	471.281	-1941.95
20000	360	-96.8203	-906.096
20000	361	264.39	372.203
20000	362	1331.28	1881.65
20000	363	153.521	1205.13
20000	364	106.441	620.185
20000	365	246.614	-414.824
20000	366	-377.808	111.025
20000	367	-687.858	-236.716
20000	368	-1088.74	-262.127
20000	369	-339.741	-872.851
20000	370	2140.93	-1181.61
20000	371	1299.66	30.3064
20000	372	-1030.01	390.872
20000	373	644.227	467.669
20000	374	1037.43	-269.18
20000	375	2070.04	-847.762
20000	376	325.076	356.928
20000	377	28.8976	978.651
20000	378	654.166	763.667
20000	379	-680.914	2205.46
20000	380	-1015.02	88.0334
20000	381	-1183.33	771.529
20000	382	541.178	822.855
20000	383	-86.0291	990.707
20000	384	272.113	-1081.99
20000	385	427.177	1008.3
20000	386	610.762	-469.69
20000	387	-1029.21	430.519
20000	388	132.21	382.917
20000	389	1912.72	-728.861
20000	390	-124.29	-227.582
20000	391	436.438	-2895.34
20000	392	-881.453	1444.84
20000	393	-647.733	-691.183
20000	394	1632.67	-204.461
20000	395	-1085.61	-1293.68
20000	396	-956.241	1697.21
20000	397	787.022	205.259
20000	398	-122.555	1483.9
20000	399	1546.67	1185.28
20000	400	-894.458	761.199
20000	401	-497.285	-1203.67
20000	402	291.441	-1585.09
20000	403	-348.365	2637.08
20000	404	1097.71	941.201
20000	405	557.217	-95.6229
20000	406	234.715	-795.948
20000	407	162.031	1947.79
20000	408	169.663	-547.666
20000	409	-419.244	-1574.57
20000	410	-10.8135	57.7813
20000	411	1557.03	-1362.14
20000	412	-114.484	-921.771
20000	413	-877.087	-1364.04
20000	414	-478.779	114.735
20000	415	711.254	-2232.85
20000	416	854.778	-1335.22
20000	417	-134.646	-807.863
20000	418	476.612	1465.63
20000	419	710.304	2276.95
20000	420	174.92	958.499
20000	421	-340.438	-644.349
20000	422	157.068	-782.918
20000	423	862.395	-946.973
20000	424	218.188	824.668
20000	425	609.685	754.95
20000	426	1300.21	-180.165
20000	427	-55.896	-271.234
20000	428	-1090.81	742.019
20000	429	1314.69	-142.187
20000	430	-491.435	-479.73
20000	431	520.958	-547.666
20000	432	-1045.13	-1782.71
20000	433	366.991	-277.969
20000	434	-186.952	-479.82
20000	435	-239.064	417.141
20000	436	-486.903	-485.421
20000	437	-1351.51	421.163
20000	438	95.5494	1682.15
20000	439	-1016.45	-921.119
20000	440	-1226.13	-965.512
20000	441	-152.17	625.115
20000	442	238.916	467.712
20000	443	-86.9936	389.054
20000	444	-215.468	-1623.19
20000	445	164.632	-1867.19
20000	446	-358.132	-2446.25
20000	447	472.896	199.531
20000	448	266.639	906.894
20000	449	414.411	-1271.5
20000	450	454.424	-22.5929
20000	451	629.262	-643.718
20000	452	503.355	410.662
20000	453	-998.55	55.2947
20000	454	1086.53	-828.071
20000	455	1052.69	511.205
20000	456	-1694.36	-760.112
20000	457	-1181.6	-1805.51
20000	458	727.597	1645.38
20000	459	-5.94947	612.066
20000	460	657.156	865.102
20000	461	-121.973	1020.81
20000	462	-660.685	956.73
20000	463	139.921	1440.32
20000	464	1198.02	770.187
20000	465	-263.897	149.618
20000	466	722.325	-1636.52
20000	467	416.701	-732.804
20000	468	-805.009	267.541
20000	469	869.257	66.4489
20000	470	489.914	-131.838
20000	471	-362.829	364.735
20000	472	-345.925	-1497.6
20000	473	-151.329	1405.55
20000	474	-200.769	126.232
20000	475	-35.6361	235.777
20000	476	-305.989	2479.65
20000	477	317.741	795.931
20000	478	-164.183	-655.456
20000	479	-831.966	-1346.5
20000	480	-148.663	268.236
20000	481	-108.001	1791.91
20000	482	20.5684	-487.043
20000	483	-1302.35	605.646
20000	484	-737.228	252.415
20000	485	-174.741	1118.45
20000	486	686.378	229.657
20000	487	-359.115	-770.894
20000	488	278.179	-692.416
20000	489	701.165	954.188
20000	490	-242.851	124.731
20000	491	595.279	546.981
20000	492	-738.077	514.903
20000	493	265.92	-791.829
20000	494	-12.2138	-412.388
20000	495	-1135.64	1467.57
20000	496	1606.59	888.281
20000	497	155.722	-1152.54
20000	498	1262.69	500.674
20000	499	578.808	-520.434
