2000	0	183.993	-132.174
2000	1	125.372	-32.3986
2000	2	-142.673	111.028
2000	3	-288.284	113.221
2000	4	-51.7255	116.741
2000	5	120.577	622.755
2000	6	15.6294	417.71
2000	7	203.853	485.254
2000	8	205.3	-181.138
2000	9	181.761	357.559
2000	10	-172.393	-299.99
2000	11	-321.107	-345.51
2000	12	239.021	-154.541
2000	13	-46.0529	522.915
2000	14	-166.089	93.9517
2000	15	-52.3591	25.4685
2000	16	132.261	180.058
2000	17	-107.456	418.492
2000	18	297.74	166.55
2000	19	165.508	-11.7368
2000	20	211.689	310.31
2000	21	-124.03	-678.212
2000	22	2.13756	8.53558
2000	23	-19.3907	24.2882
2000	24	-487.757	8.59155
2000	25	42.3507	312.795
2000	26	-111.875	-42.1313
2000	27	-28.9723	389.315
2000	28	175.636	-404.947
2000	29	-137.345	-251.237
2000	30	16.1898	-13.9164
2000	31	-126.875	219.97
2000	32	-115.389	362.307
2000	33	-66.5413	121.63
2000	34	-117.845	152.281
2000	35	41.6406	-48.1196
2000	36	-38.0987	-441.385
2000	37	36.2269	-217.236
2000	38	306.019	8.9812
2000	39	9.2965	170.088
2000	40	-297.202	-128.354
2000	41	-183.375	99.0988
2000	42	579.743	51.1121
2000	43	-61.6998	-64.7016
2000	44	-383.015	308.688
2000	45	-66.9808	239.904
2000	46	-35.009	142.116
2000	47	250.105	516.924
2000	48	-1.60704	255.898
2000	49	-13.8708	201.033
2000	50	101.881	-224.774
2000	51	374.277	-394.33
2000	52	-47.349	201.723
2000	53	183.276	107.615
2000	54	-181.74	-107.455
2000	55	-13.9452	151.85
2000	56	178.577	97.6923
2000	57	-415.431	-290.357
2000	58	365.539	-342.893
2000	59	12.4038	-326.833
2000	60	24.8746	79.0084
2000	61	-73.4224	195.195
2000	62	-147.954	-82.4021
2000	63	201.6	283.193
2000	64	-148.276	329.626
2000	65	32.8549	392.105
2000	66	-44.5762	593.578
2000	67	29.4705	130.168
2000	68	125.559	-428.203
2000	69	-313.258	90.0615
2000	70	100.323	-302.759
2000	71	-185.683	-29.1786
2000	72	-153.871	204.001
2000	73	-167.398	140.483
2000	74	-22.1549	-202.211
2000	75	-224.644	-146.453
2000	76	-58.4282	-530.787
2000	77	5.74901	-163.086
2000	78	107.927	79.8872
2000	79	-354.8	-297.388
2000	80	139.91	223.564
2000	81	287.054	410.733
2000	82	-74.7116	-105.12
2000	83	392.789	-178.989
2000	84	77.4993	-201.796
2000	85	367.48	264.969
2000	86	-287.65	-72.1337
2000	87	-169.507	443.598
2000	88	-85.2924	90.5932
2000	89	-431.133	488.282
2000	90	-74.3952	-202.78
2000	91	-40.1382	238.158
2000	92	-191.62	-28.0821
2000	93	-46.5884	-293.635
2000	94	171.857	-107.644
2000	95	0.452386	542.042
2000	96	-173.18	-187.18
2000	97	-164.176	-149.856
2000	98	230.005	324.681
2000	99	-58.5966	-306.153
2000	100	38.489	14.5794
2000	101	-166.868	338.152
2000	102	-143.172	146.069
2000	103	-77.871	-529.964
2000	104	298.715	316.169
2000	105	-21.8832	251.166
2000	106	-98.4019	-127.179
2000	107	85.7153	510.982
2000	108	73.7622	63.364
2000	109	-219.812	-69.2665
2000	110	31.7853	-20.5806
2000	111	81.1417	161.763
2000	112	-215.75	-557.349
2000	113	235.01	419.022
2000	114	3.67214	107.976
2000	115	-28.7316	-136.62
2000	116	405.536	-472.487
2000	117	-75.2952	66.4115
2000	118	-128.212	-143.855
2000	119	573.308	339.48
2000	120	-149.96	65.1242
2000	121	-7.58878	-322.24
2000	122	-205.284	381.11
2000	123	-54.187	-243.92
2000	124	182.8	540.338
2000	125	76.7062	100.529
2000	126	-237.124	363.481
2000	127	333.918	-400.814
2000	128	26.5673	-454.334
2000	129	41.869	21.7192
2000	130	41.8891	802.512
2000	131	-282.323	785.908
2000	132	-169.89	202.618
2000	133	-229.777	284.731
2000	134	487.496	336.103
2000	135	-63.001	-57.44
2000	136	333.191	-440.269
2000	137	17.7532	-326.047
2000	138	45.4016	54.5654
2000	139	-42.5534	79.0738
2000	140	71.6884	-132.005
2000	141	0.238009	229.206
2000	142	-180.01	9.45287
2000	143	-295.723	-468.396
2000	144	-91.1912	77.2868
2000	145	144.289	184.491
2000	146	168.272	146.215
2000	147	-171.265	-31.383
2000	148	14.7165	-203.286
2000	149	-227.818	-413.128
2000	150	-44.7947	-570.164
2000	151	127.132	-194.444
2000	152	-34.841	36.1889
2000	153	-29.2264	88.3981
2000	154	-122.299	236.031
2000	155	325.488	-227.199
2000	156	81.9971	235.197
2000	157	-242.574	-222.016
2000	158	-116.682	9.37356
2000	159	376.727	352.944
2000	160	-23.6633	-144.404
2000	161	69.2151	60.9084
2000	162	-100.634	329.155
2000	163	6.56613	-166.477
2000	164	-139.987	94.2618
2000	165	318.814	592.462
2000	166	412.274	-43.8473
2000	167	-35.3247	368.206
2000	168	80.6518	283.98
2000	169	70.4689	-15.7395
2000	170	476.213	-210.385
2000	171	27.9403	-490.791
2000	172	140.475	-36.3908
2000	173	128.019	176.805
2000	174	-75.199	172.64
2000	175	-57.1834	-172.433
2000	176	-333.154	-75.047
2000	177	262.597	-211.812
2000	178	322.576	-35.3097
2000	179	-62.6372	490.067
2000	180	-317.377	-236.37
2000	181	247.642	602.053
2000	182	-169.186	32.4529
2000	183	16.2145	124.46
2000	184	-372.907	-140.077
2000	185	105.7	173.718
2000	186	-159.549	-342.632
2000	187	-117.561	-405.604
2000	188	290.226	157.589
2000	189	97.0586	158.854
2000	190	-91.5209	-19.9916
2000	191	-71.8123	-50.1012
2000	192	21.006	-66.5902
2000	193	-105.997	315.411
2000	194	94.7176	123.437
2000	195	-60.1932	272.311
2000	196	72.8626	-16.6378
2000	197	-138.141	273.356
2000	198	-134.837	70.8607
2000	199	132.915	-162.705
2000	200	179.418	187.817
2000	201	-74.9044	100.427
2000	202	202.469	-412.715
2000	203	31.3371	475.212
2000	204	-192.065	91.1504
2000	205	39.287	439.77
2000	206	-93.4333	-321.722
2000	207	211.747	280.499
2000	208	-125.426	-294.289
2000	209	201.895	-5.9958
2000	210	126.7	-41.8559
2000	211	-118.266	-21.0827
2000	212	-81.6463	-298.906
2000	213	12.7142	-208.646
2000	214	-305.163	268.855
2000	215	-459.239	-88.6816
2000	216	-120.043	311.956
2000	217	25.6555	-9.45171
2000	218	222.054	-55.2823
2000	219	-170.154	-533.538
2000	220	-139.992	-89.0212
2000	221	-122.369	172.185
2000	222	-104.674	-439.287
2000	223	-79.1762	190.361
2000	224	152.416	119.682
2000	225	-261.836	127.476
2000	226	-90.6391	-154.862
2000	227	-41.8693	553.788
2000	228	57.1917	-61.7749
2000	229	-29.6253	-62.9577
2000	230	29.3027	-317.176
2000	231	-301.755	148.442
2000	232	-30.9741	-161.667
2000	233	-183.716	-704.945
2000	234	-342.975	295.444
2000	235	111.142	298.717
2000	236	-143.787	378.805
2000	237	-183.8	-80.182
2000	238	74.2247	342.89
2000	239	-166.333	601.922
2000	240	-190.212	484.329
2000	241	64.9449	121.608
2000	242	16.845	511.631
2000	243	66.8683	359.045
2000	244	-116.388	-70.0838
2000	245	-71.7694	212.576
2000	246	111.724	452.894
2000	247	164.888	49.8177
2000	248	-55.3599	-249.756
2000	249	-3.15109	403.54
2000	250	-11.5501	168.787
2000	251	239.142	369.089
2000	252	100.345	277.99
2000	253	-182.682	137.346
2000	254	263.787	52.9728
2000	255	123.941	129.458
2000	256	127.251	241.474
2000	257	-136.379	101.362
2000	258	-68.4217	-32.1068
2000	259	135.2	117.169
2000	260	57.3222	-57.5313
2000	261	-1.85516	383.931
2000	262	-70.1437	-174.615
2000	263	179.166	60.8906
2000	264	42.4101	55.9544
2000	265	-405.523	191.031
2000	266	9.68317	-342.829
2000	267	-23.1496	-267.539
2000	268	-361.07	645.149
2000	269	-39.7002	445.079
2000	270	-255.457	164.152
2000	271	231.876	-392.24
2000	272	135.189	-390.335
2000	273	110.055	-515.077
2000	274	256.712	-222.574
2000	275	61.8344	-171.937
2000	276	-14.4167	270.771
2000	277	-205.991	-199.856
2000	278	-14.1043	85.0997
2000	279	591.755	244.514
2000	280	-176.602	301.321
2000	281	-261.076	228.512
2000	282	-143.165	-237.691
2000	283	-152.657	-206.91
2000	284	314.238	88.4441
2000	285	30.5788	-132.414
2000	286	-349.655	165.398
2000	287	-60.2492	487.546
2000	288	127.192	-149.574
2000	289	47.6401	-344.345
2000	290	-199.985	431.221
2000	291	24.2063	476.957
2000	292	111.05	-11.6137
2000	293	-27.3601	-206.301
2000	294	-157.012	-44.1814
2000	295	-146.567	-20.6066
2000	296	-14.1348	-483.954
2000	297	-106.177	624.645
2000	298	-54.5295	-180.535
2000	299	85.629	-19.6325
2000	300	29.233	323.7
2000	301	-263.384	21.9273
2000	302	89.3799	-340.984
2000	303	-82.1915	-353.743
2000	304	496.509	-86.358
2000	305	24.2065	-165.251
2000	306	-278.188	-105.93
2000	307	-18.2288	-299.972
2000	308	-62.7177	-271.583
2000	309	-132.279	-206.219
2000	310	454.633	356.829
2000	311	-261.267	541.381
2000	312	-396.901	26.9902
2000	313	-7.36005	-680.357
2000	314	-222.123	242.381
2000	315	98.4034	16.5048
2000	316	-252.471	59.2782
2000	317	-6.42599	-220.32
2000	318	23.7341	500.998
2000	319	-260.55	59.8827
2000	320	60.6634	21.5151
2000	321	125.122	-512.481
2000	322	-60.1238	-329.373
2000	323	135.683	160.303
2000	324	-120.837	-368.182
2000	325	90.8091	-253.793
2000	326	205.563	-66.0318
2000	327	-296.726	173.17
2000	328	-236.814	-561.589
2000	329	51.0688	-547.348
2000	330	-205.271	-284.713
2000	331	309.396	-135.925
2000	332	-331.434	-328.294
2000	333	-222.633	73.1589
2000	334	213.014	115.765
2000	335	91.78	-258.984
2000	336	-92.0214	-126.699
2000	337	132.052	-350.027
2000	338	63.741	6.90378
2000	339	-2.45168	402.261
2000	340	124.117	392.937
2000	341	-40.7161	-84.4736
2000	342	-55.0065	148.294
2000	343	-95.6995	271.281
2000	344	-55.8753	106.947
2000	345	188.056	-4.0478
2000	346	-376.257	784.331
2000	347	-39.7699	107.156
2000	348	11.2486	-205.57
2000	349	-243.16	523.794
2000	350	71.3363	-855.331
2000	351	261.169	-108.684
2000	352	-99.7421	-231.492
2000	353	167.963	202.183
2000	354	182.824	127.168
2000	355	-125.048	345.755
2000	356	-135.638	-283.736
2000	357	289.752	-71.2227
2000	358	-164.538	-241.62
2000	359	-119.546	-205.696
2000	360	84.0135	319.34
2000	361	202.997	248.972
2000	362	1.09436	104.651
2000	363	-383.31	105.422
2000	364	-14.9981	397.415
2000	365	-240.144	32.3156
2000	366	-101.577	-715.368
2000	367	50.7446	165.285
2000	368	183.278	-270.407
2000	369	10.3285	-245.14
2000	370	208.663	-365.069
2000	371	2.25723	116.247
2000	372	41.3297	150.23
2000	373	-239.163	613.041
2000	374	-228.204	325.329
2000	375	-225.858	-74.8469
2000	376	15.5214	-268.05
2000	377	39.8275	474.731
2000	378	-74.5283	35.6621
2000	379	255.376	-178.399
2000	380	-58.0593	-278.099
2000	381	-168.642	270.856
2000	382	87.1143	-52.3539
2000	383	-342.428	25.1657
2000	384	-273.26	-4.31725
2000	385	164.549	215.146
2000	386	-97.4733	-227.398
2000	387	574.887	105.082
2000	388	-239.578	203.482
2000	389	333.689	-71.6856
2000	390	253.158	215.42
2000	391	-71.469	-172.082
2000	392	-104.861	63.3828
2000	393	-153.062	914.718
2000	394	-195.033	180.786
2000	395	-76.8827	190.832
2000	396	-2.50053	61.7118
2000	397	-548.161	-166.987
2000	398	-119.893	29.283
2000	399	93.2255	132.625
2000	400	94.8673	167.993
2000	401	141.079	-189.687
2000	402	107.643	-437.771
2000	403	25.3911	-56.5328
2000	404	-256.727	-48.2335
2000	405	-116.419	-292.44
2000	406	362.684	-15.342
2000	407	-14.0467	677.736
2000	408	-66.081	-330.624
2000	409	-71.8252	-187.013
2000	410	-167.401	-189.008
2000	411	-64.0974	410.893
2000	412	-295.952	-99.8898
2000	413	31.7092	-245.108
2000	414	108.359	138.434
2000	415	-197.407	-519.669
2000	416	115.02	-14.1743
2000	417	29.822	-156.666
2000	418	129.761	203.66
2000	419	114.965	-335.959
2000	420	-20.2252	-80.2809
2000	421	-198.449	-749.402
2000	422	-190.035	-66.5346
2000	423	-283.278	278.36
2000	424	116.463	-205.029
2000	425	-605.424	67.1124
2000	426	-368.084	17.4479
2000	427	-19.5378	157.298
2000	428	-166.074	-333.278
2000	429	-3.66583	-131.369
2000	430	-186.365	-66.3948
2000	431	21.6901	-528.647
2000	432	-303.518	60.4244
2000	433	-3.78316	-153.352
2000	434	28.4268	6.41841
2000	435	483.009	-435.618
2000	436	-58.1767	-592.835
2000	437	160.389	-96.287
2000	438	64.3243	-27.966
2000	439	-182.292	-305.787
2000	440	-468.99	240.317
2000	441	66.0127	1.85918
2000	442	-251.698	12.3192
2000	443	-137.705	-6.74106
2000	444	-171.69	-133.267
2000	445	203.588	438.822
2000	446	-230.45	-249.618
2000	447	-31.5089	-295.576
2000	448	144.594	58.6582
2000	449	275.821	105.258
2000	450	138.951	-449.802
2000	451	-79.7583	114.226
2000	452	-234.119	465.349
2000	453	135.969	201.095
2000	454	87.6583	240.645
2000	455	114.931	-236.179
2000	456	-215.888	125.092
2000	457	-326.92	-671.449
2000	458	-35.2342	312.873
2000	459	26.1945	185.324
2000	460	213.128	-252.586
2000	461	-146.925	-468.446
2000	462	205.841	-241.002
2000	463	-235.759	56.0384
2000	464	-134.788	397.903
2000	465	-386.407	129.65
2000	466	278.199	475.378
2000	467	347.423	535.896
2000	468	6.45468	-117.418
2000	469	5.06075	30.8628
2000	470	-34.1773	271.087
2000	471	146.277	-255.223
2000	472	24.455	-470.938
2000	473	122.284	-348.432
2000	474	-14.0371	325.335
2000	475	339.778	-253.361
2000	476	-58.1758	-14.972
2000	477	-303.768	-43.6534
2000	478	295.268	-130.517
2000	479	68.8256	1.08855
2000	480	38.0245	-113.365
2000	481	193.889	170.019
2000	482	141.76	154.733
2000	483	125.399	107.379
2000	484	-51.9149	357.246
2000	485	-17.3599	-363.59
2000	486	-332.617	124.655
2000	487	-50.4123	-32.315
2000	488	-389.26	561.836
2000	489	112.589	-39.9211
2000	490	11.0144	93.5995
2000	491	-211.47	-779.233
2000	492	-395.78	104.365
2000	493	-270.762	-160.249
2000	494	133.862	-189.133
2000	495	28.444	-747.399
2000	496	183.077	-239.784
2000	497	-5.56737	104.644
2000	498	-38.8312	-129.185
2000	499	86.1096	39.3412
4000	0	199.191	97.4905
4000	1	-56.9415	-61.4842
4000	2	255.38	145.882
4000	3	-129.817	-30.4705
4000	4	107.091	714.8
4000	5	-164.347	521.949
4000	6	-22.9867	387.003
4000	7	83.8908	721.078
4000	8	153.737	-301.835
4000	9	41.9172	361.881
4000	10	-152.586	-306.871
4000	11	-321.271	-491.433
4000	12	-121.054	-147.703
4000	13	-153.117	250.165
4000	14	219.162	51.4546
4000	15	-195.936	11.0364
4000	16	190.022	700.437
4000	17	-167.855	327.997
4000	18	202.166	760.366
4000	19	181.174	-287.003
4000	20	195.338	365.944
4000	21	-42.2646	-808.759
4000	22	148.316	104.002
4000	23	-136.643	285.585
4000	24	-1162.73	58.0454
4000	25	142.853	-93.2296
4000	26	-29.1504	-268.982
4000	27	32.5273	376.438
4000	28	95.9634	-43.5547
4000	29	-194.75	-680.018
4000	30	50.6494	417.946
4000	31	155.955	246.443
4000	32	-145.478	847.51
4000	33	-507.48	158.208
4000	34	-176.549	-103.849
4000	35	126.443	-708.973
4000	36	47.5712	-278.323
4000	37	20.2741	279.55
4000	38	346.896	484.967
4000	39	-8.92489	309.488
4000	40	-455.328	235.317
4000	41	-242.496	411.474
4000	42	472.282	98.8079
4000	43	27.8395	-32.5584
4000	44	-763.737	472.599
4000	45	-437.594	163.453
4000	46	-372.544	687.118
4000	47	170.181	813.463
4000	48	161.504	111.381
4000	49	23.8773	542.414
4000	50	260.8	-567.3
4000	51	394.679	-771.762
4000	52	-127.013	189.336
4000	53	415.239	32.2684
4000	54	-224.587	-136.408
4000	55	-93.0544	56.676
4000	56	152.167	-180.565
4000	57	-496.745	-561.295
4000	58	385.693	-744.468
4000	59	-167.454	-249.402
4000	60	71.3239	34.1525
4000	61	6.2366	483.137
4000	62	-167.697	-337.219
4000	63	367.743	600.675
4000	64	29.4213	286.419
4000	65	-63.3281	946.3
4000	66	0.38776	318.002
4000	67	-450.649	129.347
4000	68	-210.12	-484.913
4000	69	7.15281	112.171
4000	70	-212.266	-619.495
4000	71	-270.65	152.058
4000	72	-155.292	-88.7885
4000	73	-508.905	-301.216
4000	74	-22.9071	-115.575
4000	75	-641.415	-142.296
4000	76	-280.975	-703.082
4000	77	-91.3826	-234.964
4000	78	328.275	124.428
4000	79	-137.287	-17.0906
4000	80	38.9941	329.277
4000	81	369.128	9.11465
4000	82	-297.342	-367.968
4000	83	53.8085	674.64
4000	84	-85.6663	-850.401
4000	85	328.886	409.84
4000	86	-205.771	126.639
4000	87	-152.891	320.594
4000	88	56.3408	160.309
4000	89	-586.434	667.162
4000	90	-100.883	312.358
4000	91	-397.604	30.8077
4000	92	5.99419	-319.575
4000	93	96.7424	-173.273
4000	94	75.4046	-276.735
4000	95	138.755	54.79
4000	96	-289.195	-342.314
4000	97	-389.932	95.3734
4000	98	50.6633	-548.295
4000	99	-220.516	36.499
4000	100	53.7257	175.397
4000	101	170.836	309.926
4000	102	-322.897	87.4929
4000	103	-87.5123	-426.23
4000	104	498.742	553.702
4000	105	-302.71	648.91
4000	106	1.0408	-10.9969
4000	107	8.86208	447.972
4000	108	33.7771	44.9147
4000	109	106.166	-340.795
4000	110	-266.784	-91.5431
4000	111	164.473	172.035
4000	112	120.36	-361.177
4000	113	231.884	523.922
4000	114	-397.766	138.746
4000	115	53.6611	-241.585
4000	116	508.042	-313.152
4000	117	-227.883	-137.138
4000	118	31.9005	212.108
4000	119	325.532	151.197
4000	120	-91.3392	19.1327
4000	121	11.0222	536.671
4000	122	1.05111	417.95
4000	123	-152.487	-124.305
4000	124	166.624	839.546
4000	125	140.057	455.033
4000	126	-475.397	717.97
4000	127	175.572	-391.542
4000	128	-254.909	-537.31
4000	129	68.2237	-38.3559
4000	130	-257.19	486.011
4000	131	-1.85873	1003.07
4000	132	-269.977	-390.807
4000	133	-100.541	816.819
4000	134	447.098	461.943
4000	135	-24.9967	-537.215
4000	136	319.306	-1065.18
4000	137	-251.698	-631.425
4000	138	-228.686	377.166
4000	139	-221.084	-439.079
4000	140	8.16326	-19.1868
4000	141	120.878	569.618
4000	142	-43.2524	-236.202
4000	143	-316.859	-540.682
4000	144	9.35339	621.76
4000	145	-2.42873	983.141
4000	146	6.92041	339.321
4000	147	-530.478	126.314
4000	148	113.375	257.961
4000	149	-45.8235	-338.358
4000	150	165.392	-1322.34
4000	151	94.9697	48.2518
4000	152	111.429	28.4338
4000	153	-12.0379	-28.5297
4000	154	-55.2821	206.956
4000	155	586.392	-346.746
4000	156	116.835	131.389
4000	157	-143.812	-58.5807
4000	158	-115.193	-419.366
4000	159	435.913	492.685
4000	160	331.391	218.683
4000	161	-110.871	120.902
4000	162	-463.009	493.055
4000	163	22.5383	-226.089
4000	164	-263.573	272.17
4000	165	268.323	389.561
4000	166	371.615	294.298
4000	167	-206.798	482.041
4000	168	401.072	503.937
4000	169	166.447	-87.9064
4000	170	280.331	-25.2099
4000	171	24.7813	95.1658
4000	172	-38.2994	-285.751
4000	173	-92.3362	94.8644
4000	174	63.5737	-144.371
4000	175	-127.577	-153.97
4000	176	53.5781	-198.99
4000	177	409.292	-385.913
4000	178	782.826	-163.39
4000	179	-183.981	285.869
4000	180	-319.206	-51.1495
4000	181	390.243	817.624
4000	182	-89.8878	432.958
4000	183	-123.368	459.098
4000	184	-334.718	110.06
4000	185	-15.5442	-36.7796
4000	186	-479.15	-342.608
4000	187	-575.557	-294.591
4000	188	528.868	6.04246
4000	189	58.6607	314.535
4000	190	40.4014	91.8004
4000	191	-49.9439	-176.191
4000	192	182.334	-652.315
4000	193	-227.006	306.067
4000	194	15.9275	460.568
4000	195	-157.685	238.859
4000	196	-10.0234	-206.653
4000	197	-226.297	208.496
4000	198	-173.448	300.989
4000	199	131.649	252.039
4000	200	-1.9985	-111.291
4000	201	163.918	369.785
4000	202	-195.796	-843.443
4000	203	29.9667	536.702
4000	204	-56.2508	260.998
4000	205	116.27	622.81
4000	206	9.00547	-145.692
4000	207	-11.5769	-565.849
4000	208	194.387	-737.426
4000	209	-313.876	-151.372
4000	210	164	84.4922
4000	211	-299.328	-51.8851
4000	212	-299.294	-529.119
4000	213	111.869	-174.296
4000	214	-295.784	1046.35
4000	215	-403.375	322.717
4000	216	-251.737	430.718
4000	217	362.841	207.847
4000	218	-57.3442	-399.05
4000	219	-191.942	-802.82
4000	220	94.7372	-243.811
4000	221	34.5607	622.571
4000	222	-162.413	-798.142
4000	223	174.65	-371.832
4000	224	-127.721	220.879
4000	225	-201.122	376.87
4000	226	29.4563	-483.557
4000	227	-140.748	109.506
4000	228	-163.271	86.1814
4000	229	47.7955	-301.741
4000	230	-154.11	-939.657
4000	231	-659.507	865.318
4000	232	52.2069	-547.093
4000	233	-465.235	-918.983
4000	234	-458.137	347.814
4000	235	84.4705	319.573
4000	236	83.9461	802.752
4000	237	-722.669	408.403
4000	238	185.663	538.481
4000	239	-207.666	723.929
4000	240	-168.342	259.863
4000	241	-52.0979	-84.147
4000	242	-23.4762	503.64
4000	243	153.814	202.356
4000	244	-434.143	-312.637
4000	245	-8.89423	454.988
4000	246	33.5958	119.277
4000	247	29.613	-296.808
4000	248	-213.068	-119.503
4000	249	-63.3994	-139.33
4000	250	90.1107	471.551
4000	251	441.311	673.934
4000	252	99.8241	284.318
4000	253	-162.304	327.492
4000	254	31.1307	103.528
4000	255	65.3583	146.395
4000	256	327.369	-12.411
4000	257	-217.989	459.1
4000	258	-148.485	-296.273
4000	259	252.52	113.815
4000	260	5.56236	-165.041
4000	261	-159.773	733.942
4000	262	30.6779	-13.5432
4000	263	40.3609	298.328
4000	264	319.861	78.8959
4000	265	-504.941	-347.327
4000	266	189.629	-548.855
4000	267	150.796	-0.49134
4000	268	-180.909	775.03
4000	269	-197.816	-119.362
4000	270	-155.577	163.946
4000	271	210.799	-225.45
4000	272	246.676	-138.334
4000	273	433.656	-860.586
4000	274	117.372	-305.499
4000	275	145.188	-214.179
4000	276	-135.874	277.508
4000	277	-64.4224	31.5719
4000	278	229.697	165.075
4000	279	652.313	434.451
4000	280	-11.4005	-52.8799
4000	281	-458.934	627.164
4000	282	-89.3868	216.381
4000	283	-295.425	154.244
4000	284	5.22219	382.344
4000	285	393.903	-381.315
4000	286	-496.249	-156.955
4000	287	198.622	619.15
4000	288	87.2886	7.10976
4000	289	-266.683	-160.183
4000	290	-681.834	864.954
4000	291	141.974	439.746
4000	292	241.86	97.641
4000	293	170.348	252.779
4000	294	-175.532	-373.281
4000	295	32.693	69.7971
4000	296	288.074	-629.356
4000	297	32.1588	126.744
4000	298	-7.66888	170.373
4000	299	242.814	90.4558
4000	300	126.812	341.249
4000	301	-146.071	-280.654
4000	302	-78.1096	-473.371
4000	303	-79.799	-487.862
4000	304	638.061	69.0836
4000	305	-354.376	581.305
4000	306	-292.235	-186.59
4000	307	-242.247	-606.252
4000	308	37.4483	-70.6132
4000	309	-170.599	346.147
4000	310	455.514	968.156
4000	311	-461.592	592.359
4000	312	-238.79	41.0133
4000	313	-136.096	-664.332
4000	314	52.321	144.744
4000	315	77.8089	-129.085
4000	316	-192.206	273.182
4000	317	-169.628	-233.368
4000	318	104.268	945.388
4000	319	-138.919	302.086
4000	320	203.414	175.995
4000	321	-52.5632	-1177.75
4000	322	-36.8144	46.1007
4000	323	197.162	-14.8628
4000	324	60.7334	-516.409
4000	325	129.853	-391.731
4000	326	406.827	-428.378
4000	327	-698.372	81.4385
4000	328	22.5704	-380.019
4000	329	-31.2341	-553.471
4000	330	-708.423	-349.084
4000	331	619.15	106.944
4000	332	-251.412	-353.413
4000	333	-301.243	-33.5811
4000	334	-314.461	-248.498
4000	335	105.171	-107.783
4000	336	366.622	-416.215
4000	337	-4.03487	-322.989
4000	338	262.047	250.901
4000	339	-22.6571	75.2117
4000	340	271.442	538.9
4000	341	-250.484	43.7242
4000	342	395.818	138.007
4000	343	-112.753	445.79
4000	344	-275.909	-99.9885
4000	345	260.706	226.019
4000	346	-315.199	864.507
4000	347	-119.738	161.026
4000	348	-144.642	-137.391
4000	349	209.7	699.237
4000	350	-25.4077	-636.719
4000	351	194.974	293.777
4000	352	-318.673	-839.544
4000	353	291.296	165.148
4000	354	52.896	684.863
4000	355	-165.547	512.031
4000	356	-374.719	100.089
4000	357	350.656	-319.915
4000	358	-205.984	-346.401
4000	359	-78.4528	-137.894
4000	360	363.035	1020.63
4000	361	122.585	228.88
4000	362	294.694	202.001
4000	363	-201.08	274.472
4000	364	222.575	1025.34
4000	365	-362.386	-94.0514
4000	366	-159.374	-939.372
4000	367	-128.163	-53.9843
4000	368	400.661	-422.436
4000	369	36.3004	-444.874
4000	370	207.746	-901.363
4000	371	-116.51	158.628
4000	372	8.9791	-62.2928
4000	373	20.809	940.076
4000	374	-431.465	130.56
4000	375	-87.0496	370.176
4000	376	218.253	-128.02
4000	377	-112.436	122.589
4000	378	-353.843	88.2197
4000	379	233.456	82.6677
4000	380	169.554	-255.745
4000	381	-127.939	296.125
4000	382	-105.094	-227.432
4000	383	-522.887	220.919
4000	384	-351.066	-33.0743
4000	385	4.6608	110.815
4000	386	157.211	-242.542
4000	387	472.465	-27.2293
4000	388	-115.786	-34.3402
4000	389	396.391	-361.964
4000	390	194.287	115.744
4000	391	233.635	-287.065
4000	392	-66.9352	656.707
4000	393	-234.423	365.769
4000	394	-435.671	260.906
4000	395	-476.569	-12.9849
4000	396	55.0877	-257.081
4000	397	-247.577	-441.134
4000	398	-295.41	112.946
4000	399	82.3242	52.9329
4000	400	207.786	60.2306
4000	401	297.072	-377.712
4000	402	-88.7613	-108.173
4000	403	-98.459	49.4273
4000	404	-398.851	125.38
4000	405	-93.3361	-648.923
4000	406	182.592	-519.391
4000	407	-296.556	755.551
4000	408	132.183	-226.288
4000	409	-150.31	-176.796
4000	410	-187.053	-70.9417
4000	411	-288.066	740.381
4000	412	-317.56	-454.068
4000	413	-207.515	188.181
4000	414	409.693	-39.7796
4000	415	-172.336	-983.811
4000	416	372.935	302.775
4000	417	-168.93	125.904
4000	418	224.959	138.92
4000	419	192.258	-659.202
4000	420	-0.978139	-14.9276
4000	421	-212.251	-342.748
4000	422	-352.045	26.5554
4000	423	-362.833	314.166
4000	424	194.138	-444.986
4000	425	-922.873	-278.61
4000	426	-388.048	-1.6871
4000	427	-299.784	26.3979
4000	428	-449.84	-1302.76
4000	429	256.027	216.742
4000	430	-125.492	-48.3187
4000	431	259.756	-890.091
4000	432	-268.981	66.8636
4000	433	-80.3718	-309.019
4000	434	171.657	-26.2088
4000	435	461.362	-345.086
4000	436	103.108	-1079.87
4000	437	397.624	22.4044
4000	438	-36.9185	25.4048
4000	439	-647.262	-467.382
4000	440	-429.926	776.144
4000	441	308.523	536.827
4000	442	-113.615	28.7376
4000	443	-92.9188	-365.15
4000	444	89.9196	-452.353
4000	445	206.937	648.328
4000	446	70.5164	-275.526
4000	447	182.469	-913.861
4000	448	365.556	-55.2101
4000	449	132.497	-96.9357
4000	450	200.39	-673.226
4000	451	-93.3079	390.374
4000	452	-314.537	733.054
4000	453	92.5458	762.868
4000	454	109.676	-44.7774
4000	455	114.729	-378.323
4000	456	45.6501	-194.342
4000	457	-535.588	-1050.58
4000	458	-397.394	146.576
4000	459	-194.653	612.194
4000	460	229.001	-583.799
4000	461	-447.9	-91.5847
4000	462	288.736	-290.095
4000	463	-693.597	-83.6026
4000	464	181.62	361.308
4000	465	-604.412	1.69948
4000	466	80.1337	-66.0313
4000	467	258.574	917.754
4000	468	120.552	-316.795
4000	469	-52.9997	-320.578
4000	470	25.3496	-385.004
4000	471	95.7064	-456.852
4000	472	405.07	-417.513
4000	473	102.782	-132.447
4000	474	47.8022	1176.89
4000	475	520.019	-252.12
4000	476	-237.399	-23.5596
4000	477	-374.481	544.12
4000	478	293.931	-183.09
4000	479	208.345	233.325
4000	480	-2.569	-263.278
4000	481	74.5889	-130.27
4000	482	86.7877	-168.094
4000	483	303.729	168.215
4000	484	-33.6939	297.407
4000	485	-113.885	-184.606
4000	486	-15.1458	38.4157
4000	487	-151.806	-392.943
4000	488	-247.533	677.708
4000	489	294.239	122.257
4000	490	-51.4715	13.0629
4000	491	-14.4809	-457.155
4000	492	-594.596	-234.331
4000	493	-509.885	68.1495
4000	494	34.5425	308.738
4000	495	242.745	-85.678
4000	496	165.962	47.7227
4000	497	-107.379	374.663
4000	498	-105.165	173.622
4000	499	-71.5969	200.239
6000	0	104.228	-172.808
6000	1	84.5447	103.787
6000	2	-124.239	98.1566
6000	3	148.789	218.854
6000	4	250.773	1028.24
6000	5	-320.127	316.447
6000	6	89.4573	409.708
6000	7	145.257	731.54
6000	8	450.847	38.9858
6000	9	45.055	508.767
6000	10	-150.513	135.037
6000	11	-117.762	-803.293
6000	12	-221.285	-145.448
6000	13	-248.956	752.678
6000	14	361.758	-130.939
6000	15	-254.253	143.579
6000	16	-90.8056	752.559
6000	17	-126.764	623.968
6000	18	420.934	439.019
6000	19	-37.9086	-385.724
6000	20	455.191	595.933
6000	21	14.8934	-53.5251
6000	22	277.933	370.855
6000	23	-136.367	194.879
6000	24	-1427.94	19.4415
6000	25	224.063	179.766
6000	26	-149.042	-839.706
6000	27	-344.83	-264.303
6000	28	128.94	-227.616
6000	29	-377.514	-534.105
6000	30	493.508	405.071
6000	31	-245.05	45.0615
6000	32	-277.202	717.716
6000	33	-172.746	646.928
6000	34	33.9274	-790.037
6000	35	216.516	-989.933
6000	36	60.4085	-793.838
6000	37	96.4706	3.72826
6000	38	128.259	825.328
6000	39	130.412	245.56
6000	40	-679.374	-55.481
6000	41	-61.2558	743.852
6000	42	370.599	423.776
6000	43	25.1612	300.58
6000	44	-649.773	351.54
6000	45	-405.247	529.728
6000	46	-317.682	1079.55
6000	47	130.232	848.389
6000	48	98.1717	50.9319
6000	49	-175.034	428.423
6000	50	-105.271	-807.328
6000	51	290.637	-791.038
6000	52	72.3079	105.121
6000	53	656.727	216.124
6000	54	-186.689	-631.557
6000	55	-274.164	123.336
6000	56	238.45	-383.481
6000	57	-441.58	-708.628
6000	58	412.657	-436.862
6000	59	-347.641	-43.2131
6000	60	-319.391	84.726
6000	61	-31.3939	61.737
6000	62	36.6898	-479.706
6000	63	643.304	957.988
6000	64	143.299	227.126
6000	65	-125.997	483.462
6000	66	-109.73	834.174
6000	67	-466.165	524.494
6000	68	-232.901	-526.722
6000	69	168.48	228.306
6000	70	-58.0284	-858.839
6000	71	82.7057	64.6687
6000	72	-353.71	-28.6495
6000	73	-589.147	-420.499
6000	74	215.597	-192.1
6000	75	-823.717	-311.082
6000	76	-40.2875	-747.233
6000	77	-343.713	-92.741
6000	78	485.415	76.8601
6000	79	-423.32	-213.805
6000	80	-82.9796	43.4508
6000	81	468.817	62.0233
6000	82	-475.28	-436.32
6000	83	332.773	1200.95
6000	84	-225.357	-1229.91
6000	85	-152.92	599.04
6000	86	-486.801	873.661
6000	87	-193.197	92.2637
6000	88	333.3	140.642
6000	89	-813.942	720.544
6000	90	19.0864	656.21
6000	91	-338.156	-121.717
6000	92	-132.503	-466.89
6000	93	317.737	-53.6052
6000	94	-46.9865	-272.882
6000	95	9.61705	-281.838
6000	96	-292.682	-443.427
6000	97	-138.383	-763.177
6000	98	-11.4447	-285.476
6000	99	-301.558	339.628
6000	100	291.847	182.027
6000	101	284.584	129.331
6000	102	-482.408	113.555
6000	103	-28.7131	-447.211
6000	104	398.669	808.336
6000	105	-356.55	867.227
6000	106	-74.9953	-317.058
6000	107	-330.855	22.2558
6000	108	30.8962	-163.077
6000	109	-319.361	-369.411
6000	110	-323.824	-420.264
6000	111	45.4987	-412.468
6000	112	304.718	-434.601
6000	113	652.884	376.703
6000	114	-457.47	267.622
6000	115	17.7469	303.551
6000	116	705.079	-110.942
6000	117	-77.4191	-630.608
6000	118	152.111	279.15
6000	119	184.714	386.649
6000	120	-132.515	172.703
6000	121	-51.3448	518.127
6000	122	477.699	404.699
6000	123	-238.588	-75.1921
6000	124	-35.8454	253.598
6000	125	361.441	251.226
6000	126	-339	477.34
6000	127	15.6533	-335.137
6000	128	-419.664	-566.347
6000	129	-115.676	233.482
6000	130	-459.67	87.7854
6000	131	-22.3366	1143.53
6000	132	-346.719	-642.587
6000	133	168.865	780.585
6000	134	385.544	329.197
6000	135	-183.396	-230.98
6000	136	231.217	-1525.45
6000	137	-321.677	-607.502
6000	138	-313.668	544.1
6000	139	-100.673	-109.485
6000	140	-191.063	-271.833
6000	141	140.192	180.654
6000	142	-179.999	276.758
6000	143	-297.905	-577.562
6000	144	209.986	509.794
6000	145	37.2982	877.229
6000	146	106.136	853.512
6000	147	-568.177	-389.264
6000	148	295.785	490.549
6000	149	-144.844	-739.532
6000	150	53.215	-1273.45
6000	151	207.175	120.014
6000	152	131.599	-235.141
6000	153	-30.1896	100.769
6000	154	-79.9661	-295.409
6000	155	606.374	-49.4366
6000	156	-177.281	105.81
6000	157	-0.840974	-117.943
6000	158	-235.296	-615.382
6000	159	539.42	336.939
6000	160	255.626	23.2899
6000	161	-68.4284	57.2783
6000	162	-579	634.518
6000	163	-16.5552	-89.7911
6000	164	-103.197	-146.992
6000	165	430.777	-616.006
6000	166	473.365	760.412
6000	167	-302.75	131.571
6000	168	599.878	921.146
6000	169	108.491	40.7499
6000	170	299.801	-276.351
6000	171	266.646	56.796
6000	172	100.993	-195.094
6000	173	-228.91	128.949
6000	174	264.295	-364.599
6000	175	61.8223	245.129
6000	176	246.886	-83.8127
6000	177	470.286	-770.718
6000	178	805.314	-528.829
6000	179	-142.036	618.714
6000	180	-242.588	-528.887
6000	181	-35.3305	710.705
6000	182	-97.4333	536.028
6000	183	-266.619	295.133
6000	184	-56.5387	133.754
6000	185	23.9144	-444.269
6000	186	-400.665	4.27656
6000	187	-377.771	-325.725
6000	188	692.397	409.646
6000	189	237.607	-188.408
6000	190	266.348	-390.229
6000	191	-53.0176	-538.054
6000	192	239.794	105.793
6000	193	-146.445	639.78
6000	194	-245.539	272.183
6000	195	-227.781	36.3467
6000	196	-132.861	190.806
6000	197	-262.778	749.526
6000	198	-135.895	41.268
6000	199	329.151	-76.3
6000	200	79.5681	-355.657
6000	201	2.4364	315.594
6000	202	-201.817	-529.723
6000	203	-212.668	-92.5208
6000	204	-296.269	123.581
6000	205	-43.6893	84.701
6000	206	-33.2412	127.555
6000	207	-16.1954	-819.3
6000	208	-5.54013	-528.197
6000	209	-496.09	-373.645
6000	210	-16.0825	-352.662
6000	211	-316.594	332.606
6000	212	-161.726	-967.151
6000	213	119.489	-156.15
6000	214	-379.443	460.135
6000	215	-223.275	506.764
6000	216	-344.251	1113.26
6000	217	324.457	70.2693
6000	218	83.6954	-513.925
6000	219	-111.853	-889.694
6000	220	237.128	-285.14
6000	221	-125.207	312.932
6000	222	-223.469	-764.643
6000	223	-76.3887	-555.072
6000	224	-104.369	-277.949
6000	225	-290.304	-11.4701
6000	226	-91.4193	-514.513
6000	227	-501.539	-139.763
6000	228	-484.652	434.069
6000	229	192.128	-569.232
6000	230	-91.6378	-1226.97
6000	231	-681.147	967.845
6000	232	30.1349	-873.485
6000	233	-201.908	-1337.76
6000	234	-760.213	542.919
6000	235	10.0849	-192.813
6000	236	134.932	1120.52
6000	237	-843.876	378.678
6000	238	37.4217	488.366
6000	239	-284.341	639.332
6000	240	-4.71568	405.981
6000	241	-173.283	-390.475
6000	242	196.568	435.189
6000	243	210.363	-1.50317
6000	244	-435.924	-255.846
6000	245	-112.113	60.9852
6000	246	496.015	166.761
6000	247	125.253	-210.093
6000	248	-73.6192	-8.19664
6000	249	-39.1254	-319.561
6000	250	131.213	821.419
6000	251	402.186	715.11
6000	252	79.656	272.847
6000	253	-344.404	425.905
6000	254	84.7496	192.733
6000	255	23.3756	270.232
6000	256	527.668	-301.937
6000	257	-217.16	706.861
6000	258	-84.7361	-448.167
6000	259	408.596	-119.275
6000	260	-124.55	-34.9973
6000	261	-280.394	444.872
6000	262	-31.3329	-68.3105
6000	263	81.3495	-100.607
6000	264	122.329	-17.8634
6000	265	-423.195	10.8194
6000	266	108.721	-635.302
6000	267	415.994	-475.295
6000	268	-119.002	591.349
6000	269	19.0701	354.432
6000	270	-498.269	273.134
6000	271	129.758	-279.543
6000	272	566.276	533.285
6000	273	231.195	-683.724
6000	274	-43.1388	-501.828
6000	275	257.241	-15.1713
6000	276	-36.7615	-16.137
6000	277	394.714	-148.367
6000	278	286.616	-180.825
6000	279	552.382	-7.25095
6000	280	-208.446	-327.336
6000	281	-340.545	437
6000	282	-368.763	-157.189
6000	283	-436.74	-79.9285
6000	284	153.272	523.324
6000	285	232.489	-103.204
6000	286	-511.745	-191.981
6000	287	380.612	802.27
6000	288	86.4435	-815.103
6000	289	-616.569	-236.34
6000	290	-521.724	930.675
6000	291	202.955	509.272
6000	292	193.327	130.169
6000	293	249.98	113.294
6000	294	-375.565	-757.515
6000	295	33.6392	121.452
6000	296	269.222	-790.968
6000	297	-166.126	-185.695
6000	298	127.152	720.462
6000	299	-96.3657	281.975
6000	300	147.743	476.642
6000	301	-165.65	114.263
6000	302	51.2947	-363.758
6000	303	-29.8897	-435.77
6000	304	570.538	96.4
6000	305	-414.101	993.113
6000	306	-439.432	-259.419
6000	307	-151.586	-300.066
6000	308	-17.7973	158.325
6000	309	-362.03	209.395
6000	310	491.411	447.317
6000	311	-654.229	640.614
6000	312	-353.637	86.1355
6000	313	-128.839	-426.152
6000	314	39.4693	-74.0379
6000	315	59.0124	175.753
6000	316	-591.91	14.186
6000	317	170.989	-742.733
6000	318	183.622	455.508
6000	319	2.90922	564.697
6000	320	327.097	111.59
6000	321	146.138	-1360.1
6000	322	-121.669	-453.593
6000	323	119.965	172.168
6000	324	231.161	-501.069
6000	325	212.401	-397.803
6000	326	495.819	-631.274
6000	327	-655.014	57.4637
6000	328	84.7209	-177.743
6000	329	247.738	-965.043
6000	330	-667.279	-806.9
6000	331	686.915	-260.501
6000	332	-91.4639	-76.7803
6000	333	-122.819	193.452
6000	334	-292.447	-806.47
6000	335	-129.453	673.935
6000	336	27.3688	-621.177
6000	337	-447.166	-163.189
6000	338	262.655	-338.559
6000	339	-47.6093	-75.9151
6000	340	260.438	643.795
6000	341	-214.648	-278.173
6000	342	315.381	589.288
6000	343	248.482	599.414
6000	344	-351.73	-354.716
6000	345	621.925	-251.138
6000	346	-593.174	496.976
6000	347	-130.475	-72.9196
6000	348	-167.251	-761.275
6000	349	265.815	511.135
6000	350	-84.3704	17.4978
6000	351	40.8479	165.704
6000	352	-77.1758	-686.454
6000	353	211.039	-42.9787
6000	354	58.703	1212.87
6000	355	47.6172	973.452
6000	356	-323.328	139.147
6000	357	509.66	-506.79
6000	358	192.128	-387.636
6000	359	-56.7669	-84.572
6000	360	315.904	1073.41
6000	361	576.469	259.415
6000	362	235.702	-46.6723
6000	363	15.6316	227.156
6000	364	404.591	1212.99
6000	365	25.4809	91.7754
6000	366	78.4232	-673.097
6000	367	96.4822	314.987
6000	368	482.551	-362.548
6000	369	359.739	-297.743
6000	370	-150.787	-1115.31
6000	371	-273.907	278.892
6000	372	-129.03	83.7595
6000	373	-39.9745	882.168
6000	374	-451.287	137.448
6000	375	-208.943	381.365
6000	376	-261.911	-759.227
6000	377	-247.638	365.885
6000	378	-112.629	-375.357
6000	379	13.4814	181.043
6000	380	364.171	-402.565
6000	381	-258.441	-289.265
6000	382	234.117	358.754
6000	383	-461.866	246.608
6000	384	-274.509	-347.275
6000	385	-97.2333	194.03
6000	386	274.241	-96.578
6000	387	539.737	-403.181
6000	388	-378.92	-197.05
6000	389	272.4	-222.696
6000	390	497.072	434.651
6000	391	133.27	-354.887
6000	392	-167.386	511.512
6000	393	-434.903	109.38
6000	394	-555.637	-111.927
6000	395	-375.969	151.973
6000	396	-242.697	-98.0563
6000	397	-349.757	138.966
6000	398	-580.428	93.7121
6000	399	312.033	667.951
6000	400	244.044	84.0654
6000	401	375.339	-205.054
6000	402	-266.321	73.8732
6000	403	-97.8793	370.077
6000	404	-437.917	-215.462
6000	405	-39.4548	-480.712
6000	406	360.219	-496.404
6000	407	-693.705	603.211
6000	408	-65.1956	323.91
6000	409	-270.504	-94.51
6000	410	-106.669	-362.52
6000	411	-527.604	1016.52
6000	412	-91.5376	-617.435
6000	413	-307.488	265.85
6000	414	749.954	437.238
6000	415	23.8781	-1304.11
6000	416	554.132	692.089
6000	417	-108.749	252.84
6000	418	231.201	290.41
6000	419	135.455	-202.152
6000	420	-102.02	-346.417
6000	421	-112.984	-189.743
6000	422	-285.984	-81.1763
6000	423	-242.92	469.091
6000	424	-65.4737	-159.896
6000	425	-1221.17	-584.013
6000	426	-167.407	180.049
6000	427	-359.807	-19.7675
6000	428	-351.864	-2006.98
6000	429	32.2947	179.328
6000	430	-186.528	-116.265
6000	431	464.878	-1429.66
6000	432	-223.291	-534.993
6000	433	17.3544	-92.4017
6000	434	12.4776	-8.42959
6000	435	686.908	-245.429
6000	436	223.139	-787.799
6000	437	97.1029	-66.9659
6000	438	63.9091	-236.643
6000	439	-428.267	-1062.16
6000	440	-490.833	805.538
6000	441	429.289	483.926
6000	442	-331.448	-343.533
6000	443	-48.6053	-1.16874
6000	444	-219.857	-275.204
6000	445	304.546	302.713
6000	446	-227.781	-199.635
6000	447	24.061	-814.566
6000	448	108.609	-193.414
6000	449	-68.2641	358.391
6000	450	159.404	-370.309
6000	451	67.57	463.195
6000	452	-196.981	879.424
6000	453	-27.4934	1004.58
6000	454	228.481	455.66
6000	455	442.3	103.924
6000	456	175.708	-88.6422
6000	457	-608.447	-1351.23
6000	458	-491.614	421.691
6000	459	-15.4979	233.825
6000	460	510.71	-184.901
6000	461	-499.186	-534.674
6000	462	406.277	-776.01
6000	463	-596.216	208.917
6000	464	267.394	523.998
6000	465	-763.668	-201.141
6000	466	378.801	69.361
6000	467	148.026	919.204
6000	468	214.895	-236.659
6000	469	68.1113	-177.76
6000	470	83.7774	-186.272
6000	471	-22.7162	-450.495
6000	472	426.608	-635.165
6000	473	83.3886	-400.861
6000	474	86.5347	1137.71
6000	475	238.38	244.243
6000	476	-375.485	35.3833
6000	477	-414.623	450.336
6000	478	-27.5725	-478.93
6000	479	348.284	216.829
6000	480	-62.5852	-528.565
6000	481	-95.6336	-439.179
6000	482	181.917	-631.511
6000	483	402.114	336.051
6000	484	-273.949	-57.3123
6000	485	-276.638	-569.104
6000	486	28.057	89.3249
6000	487	-570.184	-549.658
6000	488	-250.037	844.921
6000	489	133.574	156.765
6000	490	-259.712	269.377
6000	491	305.572	-445.573
6000	492	-396.078	-380.934
6000	493	-649.241	-25.9842
6000	494	151.75	223.176
6000	495	-37.0256	-521.37
6000	496	165.346	381.17
6000	497	-89.9972	394.831
6000	498	-101.725	29.9255
6000	499	-34.3528	433.782
8000	0	82.7433	-396.305
8000	1	203.666	-132.03
8000	2	277.373	-58.4258
8000	3	148.486	850.188
8000	4	490.437	1068.4
8000	5	-378.908	485.821
8000	6	398.568	205.262
8000	7	85.1495	702.953
8000	8	546.257	-347.616
8000	9	190.941	306.692
8000	10	47.3109	-44.8467
8000	11	19.7417	-287.685
8000	12	-421.86	-421.997
8000	13	-385.345	1039.49
8000	14	273.885	54.1004
8000	15	-92.5296	499.705
8000	16	-187.628	844.754
8000	17	-148.504	439.445
8000	18	535.869	-309.841
8000	19	-109.657	-153.157
8000	20	373.867	477.997
8000	21	114.33	67.7065
8000	22	225.572	663.105
8000	23	2.12692	121.353
8000	24	-1484.25	-150.359
8000	25	399.809	393.533
8000	26	-350.455	-943.506
8000	27	-210.164	135.986
8000	28	213.319	-285.408
8000	29	-92.3502	-358.28
8000	30	194.705	742.781
8000	31	-226.723	-138.957
8000	32	-254.815	731.367
8000	33	-233.621	405.689
8000	34	-108.621	-1096.66
8000	35	222.463	-1044.71
8000	36	40.1844	-1034.12
8000	37	118.732	175.533
8000	38	104.873	349.487
8000	39	-84.1749	240.512
8000	40	-816.063	-232.914
8000	41	17.585	585.775
8000	42	447.964	441.327
8000	43	83.1185	-95.7383
8000	44	-604.466	196.838
8000	45	-323.555	419.868
8000	46	-468.95	1193.04
8000	47	272.638	840.843
8000	48	19.9468	131.563
8000	49	-497.925	785.976
8000	50	64.3031	-1221.11
8000	51	313.905	-1359.45
8000	52	76.317	873.281
8000	53	876.095	28.6051
8000	54	-481.591	-586.802
8000	55	-152.967	-135.04
8000	56	38.178	-62.5156
8000	57	-557.452	-393.794
8000	58	85.321	-1323.21
8000	59	-186.323	-323.199
8000	60	-425.429	-164.588
8000	61	-349.004	24.1464
8000	62	11.8494	-710.062
8000	63	661.279	693.956
8000	64	-128.791	350.643
8000	65	312.882	886.698
8000	66	46.4329	1171.6
8000	67	-608.356	792.159
8000	68	-90.3682	-469.469
8000	69	487.681	307.666
8000	70	200.94	-1117.95
8000	71	-26.921	4.84427
8000	72	-235.861	156.689
8000	73	-552.943	-32.2722
8000	74	115.779	-91.0549
8000	75	-765.065	-18.2349
8000	76	-159.471	-675.595
8000	77	-313.821	-219.032
8000	78	603.642	-309.845
8000	79	-138.004	-700.029
8000	80	-343.167	-557.021
8000	81	397.844	-616.066
8000	82	-797.733	-299.167
8000	83	479.223	968.928
8000	84	-207.025	-1478.63
8000	85	-489.713	433.967
8000	86	52.2499	677.532
8000	87	146.416	-128.91
8000	88	316.309	366.522
8000	89	-1059.09	422.251
8000	90	78.5387	971.319
8000	91	-599.771	53.2203
8000	92	107.788	-245.004
8000	93	455.077	414.617
8000	94	-146.787	120.769
8000	95	-178.436	-201.509
8000	96	-144.073	-1108.96
8000	97	311.885	-696.969
8000	98	229.215	-372.434
8000	99	-612.469	-196.798
8000	100	278.294	-131.189
8000	101	145.185	-120.609
8000	102	-542.614	402.252
8000	103	-46.3031	-831.13
8000	104	620.156	530.869
8000	105	-340.901	647.868
8000	106	-180.75	-254.818
8000	107	-589.999	154.571
8000	108	-84.5288	29.1408
8000	109	-429.277	-178.664
8000	110	-290.971	-28.3086
8000	111	182.014	-446.313
8000	112	245.022	-126.282
8000	113	640.78	-143.785
8000	114	-413.247	593.738
8000	115	13.2243	632.741
8000	116	433.098	-433.642
8000	117	-275.161	-385.508
8000	118	112.266	36.9527
8000	119	482.522	668.143
8000	120	-195.445	-468.813
8000	121	-351.935	593.409
8000	122	678.755	303.605
8000	123	6.95289	-38.1005
8000	124	-194.344	349.041
8000	125	663.353	150.448
8000	126	-59.0358	-498.458
8000	127	-105.789	-264.037
8000	128	-273.623	-418.553
8000	129	-114.485	341.88
8000	130	-720.724	239.612
8000	131	119.716	1284.29
8000	132	-409.236	-718.698
8000	133	45.6604	658.434
8000	134	723.912	59.9868
8000	135	-525.743	10.8502
8000	136	399.933	-1852.74
8000	137	-484.113	-496.649
8000	138	-336.939	615.737
8000	139	22.8428	524.84
8000	140	-11.4584	-452.69
8000	141	301.822	758.303
8000	142	62.1219	-76.3064
8000	143	-335.238	100.836
8000	144	230.113	214.156
8000	145	118.462	605.439
8000	146	184.994	925.945
8000	147	-606.479	-39.0862
8000	148	475.104	425.9
8000	149	-172.772	-478.158
8000	150	52.4433	-699.514
8000	151	229.609	-100.974
8000	152	-164.387	-53.4383
8000	153	-71.5602	440.385
8000	154	-302.036	124.008
8000	155	788.713	-446.158
8000	156	44.7579	4.45135
8000	157	238.161	285.586
8000	158	-114.405	-680.474
8000	159	435.644	-129.208
8000	160	288.54	40.9968
8000	161	-347.22	283.568
8000	162	-423.266	582.476
8000	163	-76.567	325.797
8000	164	-61.0621	-51.9983
8000	165	487.764	-732.478
8000	166	613.827	550.01
8000	167	-206.347	-294.048
8000	168	820.372	892.21
8000	169	50.5318	-84.2144
8000	170	352.125	-1126.92
8000	171	168.484	140.029
8000	172	440.273	3.06912
8000	173	-316.216	311.264
8000	174	38.1437	-240.51
8000	175	4.26286	186.282
8000	176	151	-30.7868
8000	177	372.367	-775.317
8000	178	863.815	-252.564
8000	179	41.7439	312.793
8000	180	-339.959	-135.769
8000	181	-334.645	118.339
8000	182	-7.15015	209.17
8000	183	-105.965	745.334
8000	184	164.674	184.713
8000	185	-54.6596	-580.633
8000	186	-380.02	104.371
8000	187	-595.217	-862.081
8000	188	672.87	1138
8000	189	-98.9352	5.55366
8000	190	228.276	-490.064
8000	191	142.512	-1089.26
8000	192	219.602	-150.418
8000	193	-64.3398	621.245
8000	194	-704.967	144.392
8000	195	-388.356	-37.6896
8000	196	-132.198	245.357
8000	197	-215.079	1454.93
8000	198	-231.979	-82.624
8000	199	133.408	-49.2561
8000	200	57.2319	-512.77
8000	201	-311.889	518.211
8000	202	42.7266	-825.705
8000	203	-137.52	-113.716
8000	204	-254.23	151.746
8000	205	-22.4254	507.423
8000	206	-92.1774	351.329
8000	207	-75.092	-973.234
8000	208	112.966	-874.136
8000	209	-278.881	-630.364
8000	210	-36.062	-53.9888
8000	211	-259.884	-136.042
8000	212	60.7803	-971.587
8000	213	288.483	123.273
8000	214	-297.988	768.856
8000	215	-318.974	358.823
8000	216	-296.019	1148.91
8000	217	145.04	-245.829
8000	218	381.725	-337.258
8000	219	-53.7351	-909.343
8000	220	297.487	-296.344
8000	221	-201.829	-55.3263
8000	222	-24.6735	-539.581
8000	223	-377.174	-381.522
8000	224	-346.923	-272.097
8000	225	-401.716	-5.18672
8000	226	31.8089	-663.197
8000	227	-518.693	351.881
8000	228	-384.732	598.165
8000	229	-151.618	-535.767
8000	230	-35.1674	-1291.62
8000	231	-543.643	1062.83
8000	232	-4.76374	-932.854
8000	233	-243.862	-977.523
8000	234	-662.688	958.857
8000	235	-69.9052	-292.411
8000	236	192.261	947.271
8000	237	-1024.03	405.271
8000	238	-83.1336	342.868
8000	239	-144.909	635.976
8000	240	-89.6042	1148.87
8000	241	88.3445	-544.235
8000	242	575.162	573.14
8000	243	234.969	386.518
8000	244	-512.877	-200.94
8000	245	-289.264	-539.836
8000	246	453.104	61.6185
8000	247	264.155	-233.206
8000	248	146.667	-558.357
8000	249	36.5501	-540.915
8000	250	127.242	748.275
8000	251	659.76	291.511
8000	252	-116.46	273.183
8000	253	-683.003	482.293
8000	254	24.8912	-54.3048
8000	255	84.6391	166.465
8000	256	482.048	-388.563
8000	257	124.433	1527.45
8000	258	-148.639	601.898
8000	259	355.448	-82.4963
8000	260	-43.4206	147.434
8000	261	-201.907	272.027
8000	262	-353.035	324.871
8000	263	160.134	712.85
8000	264	140.306	329.308
8000	265	-167.87	328.265
8000	266	149.221	-161.326
8000	267	155.449	-186.039
8000	268	-481.898	129.705
8000	269	-107.781	221.426
8000	270	-435.985	266.374
8000	271	112.813	50.817
8000	272	407.525	480.543
8000	273	281.704	-658.574
8000	274	-379.26	-697.724
8000	275	402.208	505.473
8000	276	124.189	-404.041
8000	277	576.308	-167
8000	278	167.903	-519.679
8000	279	869.847	-475.093
8000	280	-150.227	-690.473
8000	281	-241.172	832.474
8000	282	-470.968	-488.005
8000	283	-595.438	-270.893
8000	284	73.1635	233.539
8000	285	170.681	-182.034
8000	286	-751.549	70.0992
8000	287	324.51	849.669
8000	288	29.5021	-932.239
8000	289	-651.6	-220.934
8000	290	-581.639	400.068
8000	291	583.217	1244.13
8000	292	372.214	-234.227
8000	293	71.5938	-64.854
8000	294	-491.025	-578.024
8000	295	-305.329	191.255
8000	296	519.734	-872.904
8000	297	-474.657	-225.277
8000	298	443.414	1029.49
8000	299	-157.042	105.761
8000	300	305.62	500.036
8000	301	-185.974	27.3851
8000	302	354.122	-222.068
8000	303	-159.871	-581.25
8000	304	753.452	-33.6465
8000	305	-214.263	1116.15
8000	306	-554.239	243.864
8000	307	-229.418	-633.442
8000	308	295.113	318.262
8000	309	-280.557	193.149
8000	310	383.961	-314.909
8000	311	-523.009	793.243
8000	312	-177.07	42.6102
8000	313	-252.01	-396.816
8000	314	60.3808	202.632
8000	315	196.879	-668.211
8000	316	-393.304	169.255
8000	317	-106.55	-629.724
8000	318	67.6008	168.509
8000	319	-6.96337	580.431
8000	320	440.015	74.3684
8000	321	6.23232	-669.645
8000	322	-240.775	-441.037
8000	323	-64.0583	-343.819
8000	324	-213.674	-909.042
8000	325	-10.204	-402.607
8000	326	214.971	61.3554
8000	327	-800.561	123.464
8000	328	105.056	-311.957
8000	329	126.264	-1029.37
8000	330	-626.467	-886.559
8000	331	1008.47	-673.893
8000	332	-12.5957	23.0448
8000	333	-39.8687	546.413
8000	334	-213.342	-898.553
8000	335	-289.55	867.096
8000	336	-50.6025	-974.13
8000	337	-476.71	-441.836
8000	338	441.084	-918.099
8000	339	-201.923	215.246
8000	340	169.071	516.097
8000	341	-252.518	-114.219
8000	342	297.794	1126.25
8000	343	223.853	817.948
8000	344	-97.048	32.8209
8000	345	959.47	-273.277
8000	346	-565.99	454.825
8000	347	-121.089	-268.306
8000	348	-44.9715	-1069.21
8000	349	185.909	848.645
8000	350	-306.541	573.995
8000	351	138.91	430.744
8000	352	-38.3462	-566.302
8000	353	129.062	24.3213
8000	354	243.179	1580.34
8000	355	-26.5587	497.135
8000	356	-73.6656	430.542
8000	357	294.563	-308.656
8000	358	-127.333	-469.333
8000	359	-179.12	-180.769
8000	360	522.241	1405.21
8000	361	502.727	259.412
8000	362	257.598	-445.678
8000	363	-103.621	-146.457
8000	364	284.146	1343.9
8000	365	-42.5757	406.956
8000	366	36.5601	163.433
8000	367	14.0184	-11.329
8000	368	403.293	-430.4
8000	369	715.757	-244.932
8000	370	9.6452	-830.494
8000	371	-74.9476	777.179
8000	372	-433.843	-80.4427
8000	373	-140.051	990.938
8000	374	-451.885	375.199
8000	375	-228.539	231.975
8000	376	-127.249	-628.05
8000	377	31.2347	184.385
8000	378	-34.1958	148.27
8000	379	-128.177	550.358
8000	380	742.786	217.039
8000	381	-627.027	-838.206
8000	382	-83.8803	408.466
8000	383	-361.41	503.707
8000	384	-593.134	-303.457
8000	385	123.326	504.786
8000	386	109.648	-95.9543
8000	387	253.477	-329.116
8000	388	-536.721	179.324
8000	389	340.281	592.556
8000	390	294.681	228.821
8000	391	249.96	-208.117
8000	392	-104.224	459.01
8000	393	-477.806	-123.297
8000	394	-352.488	583.449
8000	395	-535.685	-344.741
8000	396	-298.516	114.364
8000	397	-288.03	-246.785
8000	398	-580.042	-88.5888
8000	399	101.203	462.01
8000	400	435.069	65.8631
8000	401	414.616	14.9695
8000	402	-219.076	79.0988
8000	403	21.7196	939.555
8000	404	-440.082	-255.224
8000	405	-57.821	-403.256
8000	406	362.871	-333.376
8000	407	-835.944	563.176
8000	408	-205.201	184.349
8000	409	-229.362	-100.623
8000	410	13.5479	-1201.59
8000	411	-374.907	751.5
8000	412	-296.33	-574.171
8000	413	-267.656	423.776
8000	414	789.654	213.594
8000	415	184.594	-1633.53
8000	416	544.101	533.784
8000	417	92.342	-226.353
8000	418	190.828	348.975
8000	419	212.607	-51.8954
8000	420	-202.143	-510.257
8000	421	-137.368	-132.257
8000	422	-408.326	-445.268
8000	423	-163.276	622.124
8000	424	-286.388	-262.426
8000	425	-1144.73	-277.574
8000	426	-249.756	499.653
8000	427	-255.707	-657.705
8000	428	-393.809	-2032.86
8000	429	-66.6082	-376.754
8000	430	-423.289	235.191
8000	431	425.728	-1307.1
8000	432	-181.778	-435.049
8000	433	136.226	-88.0334
8000	434	-69.2365	341.21
8000	435	582.301	24.357
8000	436	347.767	-954.118
8000	437	76.0263	379.793
8000	438	-115	113.686
8000	439	-466.405	-608.154
8000	440	-649.686	639.7
8000	441	154.287	995.847
8000	442	-199.165	-339.393
8000	443	207.968	88.2107
8000	444	-509.705	-671.428
8000	445	345.357	352.091
8000	446	-165.884	-300.791
8000	447	243.39	-391.787
8000	448	-77.4035	-10.9096
8000	449	-54.5438	375.76
8000	450	282.245	-457.034
8000	451	69.321	770.597
8000	452	-210.755	1226.83
8000	453	-206.083	1181.99
8000	454	370.315	1316.77
8000	455	415.887	-235.184
8000	456	265.205	-151.867
8000	457	-760.353	-1240.78
8000	458	-496.973	403.773
8000	459	134.842	110.04
8000	460	471.273	210.035
8000	461	-708.076	-329.553
8000	462	444.48	-834.836
8000	463	-697.092	194.093
8000	464	85.3087	377.333
8000	465	-502.61	-484.724
8000	466	511.922	538.399
8000	467	227.087	1152.27
8000	468	139.71	230.081
8000	469	199.382	-222.103
8000	470	-195.449	97.693
8000	471	337.036	-620.033
8000	472	84.876	-419.958
8000	473	221.506	-358.483
8000	474	-33.2937	924.351
8000	475	160.282	-39.6877
8000	476	-258.144	313.844
8000	477	-700.52	308.233
8000	478	34.8223	12.18
8000	479	426.599	205.213
8000	480	-204	-749.138
8000	481	-404.701	-312.134
8000	482	281.543	-725.744
8000	483	185.563	261.998
8000	484	-472.652	-430.617
8000	485	-320.141	-369.027
8000	486	-355.763	-376.035
8000	487	-492.562	-1156.13
8000	488	-68.5308	542.574
8000	489	94.2268	192.084
8000	490	-410.134	516.497
8000	491	263.77	-685.565
8000	492	-268.966	-353.799
8000	493	-492.576	-350.485
8000	494	451.603	230.494
8000	495	162.111	-1132.24
8000	496	182.985	189.283
8000	497	134.399	509.685
8000	498	-61.7726	143.471
8000	499	148.903	240.582
10000	0	214.315	-272.405
10000	1	176.316	-699.586
10000	2	480.956	-445.616
10000	3	-29.1558	989.946
10000	4	429.926	979.773
10000	5	-470.172	274.993
10000	6	251.302	30.0138
10000	7	-132.129	417.593
10000	8	428.202	-234.337
10000	9	363.666	35.0301
10000	10	66.0821	374.7
10000	11	-381.443	-567.532
10000	12	-479.442	-237.52
10000	13	-947.708	1145.5
10000	14	112.584	174.915
10000	15	-254.2	195.793
10000	16	78.3565	873.408
10000	17	-129.009	899.353
10000	18	313.209	38.6204
10000	19	-22.1817	-64.3512
10000	20	342.121	1119.5
10000	21	-42.7967	-71.9953
10000	22	298.933	806.184
10000	23	-76.4806	-189.651
10000	24	-1384.21	500.307
10000	25	503.21	1076.31
10000	26	-68.1018	-911.869
10000	27	-8.11148	-326.116
10000	28	234.634	-259.415
10000	29	83.7829	-367.848
10000	30	-197.997	1064.35
10000	31	-264.738	-289.302
10000	32	-176.59	351.674
10000	33	91.6954	678.621
10000	34	-99.3224	-1098.82
10000	35	381.113	-1485.04
10000	36	341.555	-993.09
10000	37	400.643	-124.32
10000	38	126.638	-158.623
10000	39	61.805	284.785
10000	40	-717.538	117.87
10000	41	53.8451	454.101
10000	42	529.016	300.636
10000	43	237.422	-264.366
10000	44	-620.681	416.935
10000	45	-240.241	629.951
10000	46	-699.171	1218.55
10000	47	130.235	576.099
10000	48	235.089	97.8004
10000	49	-337.394	724.217
10000	50	-137.263	-1084.83
10000	51	-27.4663	-1138.03
10000	52	372.134	767.924
10000	53	869.235	-353.583
10000	54	-557.383	-3.50953
10000	55	-13.6099	67.6921
10000	56	38.8146	164.294
10000	57	-597.71	-114.028
10000	58	124.729	-1567.88
10000	59	-105.587	-11.1914
10000	60	-398.704	30.4471
10000	61	-71.8077	-497.114
10000	62	-305.246	-438.266
10000	63	632.091	603.934
10000	64	-166.096	499.617
10000	65	411.794	902.641
10000	66	126.876	1201.84
10000	67	-470.799	707.981
10000	68	145.832	-898.233
10000	69	549.25	112.439
10000	70	361.484	-1102.09
10000	71	-174.552	-421.257
10000	72	-216.428	199.487
10000	73	-346.699	87.2566
10000	74	238.348	-89.7614
10000	75	-606.126	305.503
10000	76	-62.9363	-831.163
10000	77	-271.253	-247.61
10000	78	485.957	-510.803
10000	79	-235.224	-469.528
10000	80	-243.358	-379.342
10000	81	701.626	-797.733
10000	82	-735.014	-180.921
10000	83	693.016	1443.04
10000	84	-384.219	-1558.98
10000	85	-511.16	917.744
10000	86	-9.71427	702.294
10000	87	385.422	52.6001
10000	88	214.772	-76.7997
10000	89	-792.744	577.806
10000	90	-21.3363	764.5
10000	91	-699.931	227.359
10000	92	219.055	-432.288
10000	93	475.675	-30.4358
10000	94	-326.119	306.133
10000	95	-260.979	-273.185
10000	96	-207.961	-1231.01
10000	97	270.548	-641.256
10000	98	469.967	-36.6374
10000	99	-742.48	-396.119
10000	100	313.793	218.314
10000	101	247.354	36.7081
10000	102	-403.798	307.354
10000	103	-218.886	-769.518
10000	104	598.298	859.359
10000	105	-22.6279	489.993
10000	106	-117.405	172.003
10000	107	-513.028	367.854
10000	108	9.96751	377.921
10000	109	-280.405	-352.37
10000	110	-386.086	-424.143
10000	111	425.301	-1147.33
10000	112	64.0878	-217.987
10000	113	354.278	-327.071
10000	114	-279.962	477.266
10000	115	331.637	1136.91
10000	116	388.043	-338.118
10000	117	-312.473	-389.827
10000	118	91.8169	176.676
10000	119	383.83	1769.33
10000	120	-214.394	-842.252
10000	121	-369.672	926.276
10000	122	834.333	563.215
10000	123	-240.208	-221.041
10000	124	-536.398	-74.9595
10000	125	778.321	-272.148
10000	126	-219.149	-661.504
10000	127	19.4544	-233.512
10000	128	-377.793	85.1497
10000	129	78.3512	659.104
10000	130	-598.474	379.265
10000	131	96.6115	767.219
10000	132	-358.576	134.29
10000	133	-134.002	664.862
10000	134	746.672	-410.249
10000	135	-753.527	220.455
10000	136	511.176	-1905.18
10000	137	-764.161	-625.341
10000	138	-96.4919	1019.07
10000	139	82.253	452.052
10000	140	-30.6931	-211.406
10000	141	422.756	412.54
10000	142	-65.035	-289.496
10000	143	-138.561	214.667
10000	144	-71.271	652.486
10000	145	119.524	840.445
10000	146	105.223	1120.26
10000	147	-567.94	281.868
10000	148	439.114	446.239
10000	149	-127.67	-309.878
10000	150	72.6236	-562.906
10000	151	123.632	-454.373
10000	152	25.2546	231.553
10000	153	29.4608	616.02
10000	154	-352.255	138.772
10000	155	794.185	-370.338
10000	156	4.09765	137.857
10000	157	271.041	18.9817
10000	158	-32.2119	-383.121
10000	159	448.923	-383.463
10000	160	312.524	-409.498
10000	161	-630.976	440.147
10000	162	-439.399	526.519
10000	163	201.923	283.586
10000	164	-80.62	-83.3108
10000	165	327.513	-408.718
10000	166	464.434	735.203
10000	167	-47.8374	-161.09
10000	168	1020.53	641.553
10000	169	-209.64	-91.2728
10000	170	818.829	-986.774
10000	171	183.445	74.7148
10000	172	661.097	23.8862
10000	173	-492.907	-128.639
10000	174	-13.5008	-407.752
10000	175	81.7151	137.648
10000	176	-362.723	-307.46
10000	177	268.925	-484.6
10000	178	665.226	-141.223
10000	179	-65.2929	167.537
10000	180	-282.096	-127.505
10000	181	-253.914	153.567
10000	182	-89.6819	-244.366
10000	183	35.2474	869.216
10000	184	139.627	731.402
10000	185	-95.4585	-729.931
10000	186	-536.43	341.548
10000	187	-796.457	-895.928
10000	188	750.513	1024.44
10000	189	-62.6089	34.2764
10000	190	86.2799	-95.5186
10000	191	68.6123	-1058.62
10000	192	61.3964	-401.999
10000	193	92.8966	459.04
10000	194	-666.875	408.287
10000	195	-519.616	52.3856
10000	196	-400.891	-91.762
10000	197	-334.947	1735.86
10000	198	-271.565	217.609
10000	199	-87.8095	265.741
10000	200	118.054	-144.218
10000	201	-399.304	827.484
10000	202	444.15	-719.625
10000	203	-171.352	-440.727
10000	204	-235.755	-204.523
10000	205	-43.8708	346.618
10000	206	288.327	-287.633
10000	207	165.164	-761.562
10000	208	76.8185	-216.963
10000	209	-340.817	-401.774
10000	210	46.1802	-5.72069
10000	211	-623.791	-303.008
10000	212	60.3006	-484.203
10000	213	674.111	17.5238
10000	214	-309.035	338.489
10000	215	-183.722	565.684
10000	216	-600.503	630.818
10000	217	5.89177	-147.224
10000	218	27.8247	-425.553
10000	219	106.062	-835.753
10000	220	136.016	104.424
10000	221	-105.315	84.548
10000	222	-22.0473	-487.069
10000	223	-516.777	-913.272
10000	224	-283.643	-27.3885
10000	225	-542.967	-714.697
10000	226	149.6	-531.005
10000	227	-738.381	222.843
10000	228	-281.914	320.226
10000	229	-170.786	-924.054
10000	230	-176.164	-1018.98
10000	231	117.676	1044.74
10000	232	-191.091	-527.848
10000	233	-481.231	-1139.94
10000	234	-720.984	876.157
10000	235	-50.1198	-449.087
10000	236	133.054	1181.15
10000	237	-1062.69	560.546
10000	238	-108.362	1055.66
10000	239	53.7342	754.908
10000	240	-272.938	1635.6
10000	241	6.23036	-506.344
10000	242	697.477	871.226
10000	243	202.346	-159.658
10000	244	-653.922	-504.975
10000	245	-370.338	-251.89
10000	246	433.807	192.119
10000	247	126.72	-171.845
10000	248	204.639	-377.71
10000	249	38.7588	-94.4858
10000	250	-71.5331	1221.25
10000	251	921.601	58.1007
10000	252	-80.3534	753.679
10000	253	-644.626	691.035
10000	254	-122.471	-100.133
10000	255	562.009	575.47
10000	256	175.333	-199.135
10000	257	-115.851	1279.47
10000	258	51.1545	395.668
10000	259	592.748	-780.093
10000	260	-401.821	235.197
10000	261	-239.929	-219.557
10000	262	-495.996	474.775
10000	263	120.697	1182
10000	264	119.401	50.2474
10000	265	13.0953	385.964
10000	266	230.246	94.4987
10000	267	-4.5013	-87.8505
10000	268	-746.602	460.042
10000	269	-100.846	585.75
10000	270	-356.596	408.062
10000	271	76.9481	-216.289
10000	272	163.69	153.352
10000	273	432.667	-540.922
10000	274	-663.059	-772.909
10000	275	603.522	1146.66
10000	276	283.451	-242.891
10000	277	478.817	-562.747
10000	278	68.182	-439.41
10000	279	893.327	-1285.07
10000	280	-430.365	-859.16
10000	281	-500.36	1663.31
10000	282	-231.726	-660.99
10000	283	-676.615	-444.798
10000	284	76.5624	463.051
10000	285	252.117	122.038
10000	286	-872.437	-193.33
10000	287	460.434	728.27
10000	288	18.6955	-756.788
10000	289	-551.261	178.459
10000	290	-480.826	-462.927
10000	291	341.189	1684.28
10000	292	351.44	-353.722
10000	293	-29.6326	-230.849
10000	294	-397.32	-647.411
10000	295	-367.277	-52.371
10000	296	366.064	-424.862
10000	297	-427.444	-170.841
10000	298	366.674	432.86
10000	299	-195.246	497.384
10000	300	188.486	266.392
10000	301	-144.943	55.897
10000	302	434.924	94.0698
10000	303	-142.068	-879.985
10000	304	456.375	38.3104
10000	305	-156.268	1326.33
10000	306	-725.24	595.773
10000	307	-338.804	-140.541
10000	308	316.328	433.232
10000	309	-123.479	532.05
10000	310	432.649	-328.33
10000	311	-544.232	203.022
10000	312	-37.0335	-447.14
10000	313	-364.224	-784.26
10000	314	78.9962	14.9075
10000	315	-59.0815	-808.112
10000	316	-289.24	531.274
10000	317	-267.286	-650.8
10000	318	-73.0562	347.448
10000	319	-0.0666488	700.206
10000	320	341.172	260.29
10000	321	27.0835	-678.465
10000	322	-102.104	-203.334
10000	323	159.167	-230.588
10000	324	-142.052	-706.543
10000	325	-44.003	-426.773
10000	326	664.081	-519.825
10000	327	-728.735	313.794
10000	328	-53.7643	-124.6
10000	329	134.114	-1421.58
10000	330	-717.961	-707.443
10000	331	967.364	-842.508
10000	332	-73.2249	-260.355
10000	333	-20.0093	35.959
10000	334	-173.815	-1384.94
10000	335	-309.984	1015.21
10000	336	-191.39	-971.786
10000	337	-885.769	45.7739
10000	338	218.768	-731.843
10000	339	-261.558	326.157
10000	340	130.062	310.855
10000	341	-391.86	-511.288
10000	342	174.784	1289.38
10000	343	284.201	486.861
10000	344	-175.77	110.417
10000	345	1110.9	-407.14
10000	346	-201.043	824.923
10000	347	-149.358	-11.7497
10000	348	202.284	-422.96
10000	349	-130.735	673.307
10000	350	-386.593	533.733
10000	351	17.3105	703.065
10000	352	0.124577	-938.334
10000	353	9.32176	66.306
10000	354	131.763	1602.77
10000	355	-36.5709	989.375
10000	356	-397.355	468.836
10000	357	310.961	-545.19
10000	358	152.691	-92.1321
10000	359	61.8311	-762.541
10000	360	402.435	1284.83
10000	361	722.935	275.523
10000	362	390.947	-351.955
10000	363	45.6214	304.419
10000	364	86.8042	1353.93
10000	365	137.418	-3.86287
10000	366	-41.1529	522.116
10000	367	73.9804	249.956
10000	368	326.915	-545.132
10000	369	572.662	39.2875
10000	370	351.43	-806.795
10000	371	1.44797	839.223
10000	372	-632.606	78.4427
10000	373	160.417	1246.58
10000	374	-211.219	-445.069
10000	375	-266.433	637.884
10000	376	-245.019	-722.87
10000	377	29.7348	466.025
10000	378	-63.9886	107.652
10000	379	-323.163	865.233
10000	380	888.687	94.9569
10000	381	-808.466	-844.139
10000	382	294.368	177.396
10000	383	-680.33	866.006
10000	384	-693.355	-494.228
10000	385	142.895	582.996
10000	386	416.494	-13.4831
10000	387	170.973	-321.777
10000	388	-637.069	607.121
10000	389	393.935	515.19
10000	390	413.312	252.088
10000	391	350.799	-198.955
10000	392	158.558	72.1866
10000	393	-217.003	-138.026
10000	394	-556.228	365.415
10000	395	-495.478	-239.651
10000	396	-191.542	278.808
10000	397	-308.926	116.477
10000	398	-579.591	-308.555
10000	399	-156.748	286.541
10000	400	375.295	-330.225
10000	401	416.03	-301.515
10000	402	-269.134	-333.085
10000	403	-95.1044	700.527
10000	404	-600.141	13.8041
10000	405	-77.5117	-403.654
10000	406	265.104	-749.472
10000	407	-1011.56	693.928
10000	408	-346.586	145.013
10000	409	-489.183	-356.584
10000	410	351.742	-1231.54
10000	411	-307.792	808.842
10000	412	-213.152	-468.538
10000	413	-427.214	345.747
10000	414	791.847	75.4105
10000	415	12.4239	-1810.08
10000	416	532.548	226.969
10000	417	111.736	-173.117
10000	418	230.938	227.855
10000	419	233.601	200.499
10000	420	60.1413	-665.123
10000	421	-233.894	-334.628
10000	422	-668.222	-229.709
10000	423	-180.809	396.124
10000	424	-184.053	-411.146
10000	425	-1543.11	-636.266
10000	426	-550.606	237.405
10000	427	-299.593	-885.595
10000	428	-395.463	-2481.97
10000	429	54.7259	-772.259
10000	430	-584.45	-69.9101
10000	431	425.661	-1496.31
10000	432	-222.162	-15.2132
10000	433	295.975	-652.895
10000	434	-42.6312	657.094
10000	435	922.097	264.204
10000	436	365.105	-950.55
10000	437	57.6325	237.239
10000	438	67.0804	196.759
10000	439	34.0149	-452.343
10000	440	-588.11	645.956
10000	441	48.9239	1153.72
10000	442	47.3223	-867.55
10000	443	209.405	361.731
10000	444	-447.968	-827.208
10000	445	208.446	614.254
10000	446	-167.376	-326.802
10000	447	663.733	-542.677
10000	448	-89.8166	-184.753
10000	449	-566.364	-267.73
10000	450	359.259	-244.618
10000	451	190.047	1018.51
10000	452	-375.173	1236.88
10000	453	-209.672	1096.69
10000	454	373.15	1056.83
10000	455	333.706	335.971
10000	456	524.14	196.984
10000	457	-725.019	-1172.41
10000	458	-216.643	568.518
10000	459	126.897	-219.474
10000	460	478.016	-295.809
10000	461	-768.537	-499.887
10000	462	484.631	-887.851
10000	463	-797.78	616.557
10000	464	83.5971	254.54
10000	465	-405.714	48.6691
10000	466	538.42	-22.2215
10000	467	222.668	1523.08
10000	468	-28.7282	-18.3071
10000	469	340.142	-136.761
10000	470	-579.032	116.207
10000	471	277.524	-915.966
10000	472	-32.9221	-556.474
10000	473	522.587	-1033.96
10000	474	-135.663	695.6
10000	475	79.2808	564.22
10000	476	-376.634	984.95
10000	477	-791.028	121.687
10000	478	95.4854	35.0153
10000	479	428.902	-99.5535
10000	480	-40.0802	-552.671
10000	481	-707.649	-376.542
10000	482	243.289	-700.081
10000	483	64.7198	285.63
10000	484	-370.857	66.8072
10000	485	-317.142	-351.949
10000	486	-469.151	-1001.42
10000	487	-330.354	-1435.29
10000	488	148.05	100.937
10000	489	255.998	445.384
10000	490	-533.405	323.291
10000	491	204.286	-981.029
10000	492	-311.38	-171.718
10000	493	-491.871	-886.74
10000	494	412.816	-53.0096
10000	495	382.663	-1039
10000	496	241.996	249.21
10000	497	319.348	448.82
10000	498	223.99	137.422
10000	499	-270.409	-92.6025
12000	0	45.494	-565.234
12000	1	563.104	-885.601
12000	2	518.372	-550.15
12000	3	-170.517	590.422
12000	4	487.5	1378.41
12000	5	-458.726	-274.267
12000	6	334.963	-5.79029
12000	7	205.137	837.064
12000	8	465.091	96.3952
12000	9	494.944	-168.949
12000	10	349.328	969.039
12000	11	-581.677	-927.712
12000	12	-420.388	-530.591
12000	13	-854.534	813.548
12000	14	312.419	-144.087
12000	15	-344.56	-229.162
12000	16	-71.9759	513.61
12000	17	-68.407	650.342
12000	18	340.102	-103.809
12000	19	-138.122	85.6454
12000	20	72.8766	1522.19
12000	21	-202.925	-341.029
12000	22	414.171	720.548
12000	23	-19.5009	-376.418
12000	24	-1922.6	917.562
12000	25	383.15	1130.19
12000	26	-225.171	-754.551
12000	27	-493.003	-824.832
12000	28	142.782	110.083
12000	29	-156.674	-505.539
12000	30	-245.041	1091.86
12000	31	-484.795	-405.371
12000	32	-255.659	161.118
12000	33	192.788	577.512
12000	34	-119.56	-1147.88
12000	35	802.536	-1734.97
12000	36	495.32	-637.986
12000	37	417.821	6.56924
12000	38	107.159	-412.475
12000	39	252.551	304.542
12000	40	-478.521	83.1134
12000	41	56.5948	111.068
12000	42	571.182	104.07
12000	43	285.569	-204.252
12000	44	-662.965	-199.894
12000	45	-424.327	669.17
12000	46	-694.084	1401.02
12000	47	570.21	464.889
12000	48	-22.2006	74.6899
12000	49	-217.754	585.552
12000	50	-377.776	-364.078
12000	51	33.5839	-1870.95
12000	52	434.601	953.559
12000	53	834.54	-513.347
12000	54	-300.234	-109.105
12000	55	128.139	546.848
12000	56	323.368	-152.404
12000	57	-498.788	110.518
12000	58	28.9257	-1648.52
12000	59	-196.843	-0.0766547
12000	60	-319.65	125.744
12000	61	51.9565	-796.267
12000	62	-425.387	-638.496
12000	63	572.879	635.357
12000	64	-367.388	721.993
12000	65	372.991	1487.41
12000	66	12.7805	1468.49
12000	67	-548.664	134.123
12000	68	184.47	-813.927
12000	69	633.11	250.524
12000	70	283.023	-1063.1
12000	71	-408.829	-511.648
12000	72	-216.84	-138.741
12000	73	-459.344	220.708
12000	74	457.788	-607.805
12000	75	-642.396	-17.0318
12000	76	141.478	-1023.19
12000	77	-391.547	-655.203
12000	78	729.67	-819.969
12000	79	-297.492	-552.762
12000	80	-203.842	-597.03
12000	81	768.744	-1076.5
12000	82	-431.99	-320.616
12000	83	656.112	1735.82
12000	84	-526.592	-1352.66
12000	85	-99.3796	417.166
12000	86	53.4429	575.233
12000	87	645.929	-244.304
12000	88	276.042	-71.1376
12000	89	-831.59	364.625
12000	90	-331.441	413.485
12000	91	-879.852	409.569
12000	92	447.797	-470.183
12000	93	495.457	606.587
12000	94	-168.001	564.908
12000	95	-518.724	-229.582
12000	96	-114.612	-1251.7
12000	97	264.057	-597.82
12000	98	551.062	-530.288
12000	99	-841.074	-1053.37
12000	100	312.933	427.963
12000	101	107.073	13.3704
12000	102	-481.628	647.355
12000	103	30.7173	-462.882
12000	104	559.059	1127.44
12000	105	353.348	934.851
12000	106	-417.807	-161.49
12000	107	-469.402	480.281
12000	108	152.849	80.7748
12000	109	-299.506	-298.539
12000	110	-265.959	235.166
12000	111	582.684	-1262.84
12000	112	147.044	-193.38
12000	113	514.56	-386.407
12000	114	-278.457	819.403
12000	115	475.068	1336.04
12000	116	546.093	-320.71
12000	117	-195.601	-175.984
12000	118	90.9819	269.253
12000	119	27.2614	2292.17
12000	120	-51.1924	-524.07
12000	121	-191.722	720.606
12000	122	799.934	204.822
12000	123	-374.171	-350.943
12000	124	-636.221	272.234
12000	125	617.296	-304.991
12000	126	97.8609	-863.789
12000	127	194.578	-21.7631
12000	128	-175.227	305.884
12000	129	-194.483	661.163
12000	130	-628.278	696.914
12000	131	-101.133	944.092
12000	132	-387.965	362.717
12000	133	-71.618	595.042
12000	134	764.098	-138.199
12000	135	-725.686	-219.244
12000	136	315.434	-2034.57
12000	137	-761.871	-490.285
12000	138	-129.085	575.278
12000	139	-100.859	-241.253
12000	140	-28.0756	-685.221
12000	141	419.539	799.266
12000	142	194.503	-209.595
12000	143	296.971	438.275
12000	144	88.5684	1102.09
12000	145	61.746	813.529
12000	146	-114.598	1064.34
12000	147	-301.139	682.803
12000	148	694.321	64.7933
12000	149	153.716	-414.832
12000	150	213.242	-1048.46
12000	151	325.115	-410.867
12000	152	11.2549	550.795
12000	153	-52.6965	97.786
12000	154	-541.707	-52.6754
12000	155	687.17	-662.282
12000	156	-379.152	-315.174
12000	157	339.273	-23.6178
12000	158	-173.758	11.4361
12000	159	446.863	-319.65
12000	160	451.038	-320.898
12000	161	-371.452	735.05
12000	162	-561.201	379.609
12000	163	262.576	245.091
12000	164	-519.16	-255.941
12000	165	335.381	-64.1075
12000	166	551.477	808.179
12000	167	-466.814	99.8746
12000	168	861.542	935.972
12000	169	-131.536	-567.435
12000	170	796.907	-196.629
12000	171	404.486	471.922
12000	172	538.332	413.865
12000	173	-594.631	-414.761
12000	174	-35.8743	-291.208
12000	175	-58.2605	641.079
12000	176	-827.717	79.6799
12000	177	510.049	-74.9457
12000	178	545.01	28.78
12000	179	212.626	497.877
12000	180	-401.619	157.323
12000	181	-135.128	-47.7204
12000	182	70.747	-239.664
12000	183	176.39	1008.66
12000	184	161.946	919.42
12000	185	63.3737	-38.8135
12000	186	-398.461	340.916
12000	187	-636.037	-1418.96
12000	188	1161.65	1034.32
12000	189	-323.551	203.559
12000	190	448.465	-88.7709
12000	191	332.646	-775.022
12000	192	82.7504	-393.563
12000	193	-107.034	365.07
12000	194	-542.579	132.1
12000	195	-320.257	514.809
12000	196	-309.699	-614.663
12000	197	-77.027	1577.49
12000	198	-73.7846	124.59
12000	199	-207.972	522.186
12000	200	199.448	-176.872
12000	201	-413.873	1079.31
12000	202	323.638	-889.125
12000	203	-151.736	-544.73
12000	204	-115.26	-368.794
12000	205	-24.1905	728.625
12000	206	146.772	-607.857
12000	207	-15.2508	-409.275
12000	208	-63.1003	-398.146
12000	209	-319.356	-173.525
12000	210	191.976	-401.914
12000	211	-278.931	-312.272
12000	212	60.8488	-484.734
12000	213	873.067	-606.9
12000	214	-358.566	463.774
12000	215	-123.343	491.743
12000	216	-823.678	851.928
12000	217	-76.2802	-473.888
12000	218	102.207	-80.117
12000	219	-31.6585	-710.854
12000	220	-221.295	600.621
12000	221	34.6385	-159.401
12000	222	114.516	-733.753
12000	223	-574.779	-871.623
12000	224	-347.262	-762.657
12000	225	-642.442	-1154.96
12000	226	91.0939	-950.623
12000	227	-759.617	58.6822
12000	228	-479.279	383.44
12000	229	-324.732	-1265.85
12000	230	-162.219	-975.445
12000	231	-2.04569	1754.55
12000	232	207.2	-521.211
12000	233	-393.198	-1339.96
12000	234	-655.328	891.869
12000	235	-229.256	-306.158
12000	236	193.695	1455.28
12000	237	-803.879	-113.123
12000	238	-162.889	1573.32
12000	239	25.1303	677.081
12000	240	-332.389	1577.9
12000	241	67.4875	31.2575
12000	242	676.231	601.189
12000	243	-210.34	-250.87
12000	244	-1010.23	-381.524
12000	245	-329.929	-741.206
12000	246	351.438	-195.265
12000	247	-73.8357	61.2485
12000	248	248.716	-1193.2
12000	249	277.441	-775.162
12000	250	-7.70694	1153.41
12000	251	802.423	60.5812
12000	252	-156.466	654.717
12000	253	-706.481	750.364
12000	254	43.2113	67.6932
12000	255	562.7	472.241
12000	256	128.248	-634.495
12000	257	-98.6262	1398.26
12000	258	350.423	-28.6766
12000	259	635.109	-767.759
12000	260	-402.007	71.4067
12000	261	-115.296	-54.4765
12000	262	-209.278	692.8
12000	263	18.5502	1319.39
12000	264	301.988	-278.003
12000	265	35.5007	-156.498
12000	266	-67.5383	38.2458
12000	267	215.441	-687.924
12000	268	-931.097	517.101
12000	269	-97.7945	326.8
12000	270	-198.195	172.292
12000	271	-128.625	-506.239
12000	272	326.373	14.4464
12000	273	754.072	-492.052
12000	274	-620.081	-35.7836
12000	275	661.934	1272.6
12000	276	281.559	-400.453
12000	277	861.717	-1037.17
12000	278	87.6877	-111.992
12000	279	673.417	-1291.71
12000	280	-189.942	-1406.9
12000	281	-519.639	1660.21
12000	282	-47.5849	-731.048
12000	283	-472.07	-645.108
12000	284	-123.502	521.526
12000	285	110.092	-197.758
12000	286	-706.934	-28.8717
12000	287	220.919	1157.23
12000	288	-393.067	-1093.04
12000	289	-431.929	487.526
12000	290	-360.249	-876.758
12000	291	683.633	1933.64
12000	292	411.461	261.62
12000	293	-173.252	-267.664
12000	294	-480.79	-187.92
12000	295	-452.059	-212.49
12000	296	476.015	-489.398
12000	297	-388.594	197.691
12000	298	286.568	298.422
12000	299	-576.338	460.442
12000	300	367.551	-348.341
12000	301	-292.157	-365.946
12000	302	291.445	331.485
12000	303	-219.195	-404.844
12000	304	276.762	-214.887
12000	305	-172.726	1090.22
12000	306	-779.557	857.477
12000	307	-197.797	-145.544
12000	308	454.537	987.001
12000	309	170.291	407.782
12000	310	631.907	-520.91
12000	311	-442.584	188.062
12000	312	-178.703	-383.788
12000	313	-222.117	-487.557
12000	314	80.1453	42.2386
12000	315	356.59	-643.124
12000	316	-146.374	712.157
12000	317	-208.631	-628.916
12000	318	-35.9029	392.136
12000	319	-97.2742	483.566
12000	320	67.2064	813.848
12000	321	252.073	-988.784
12000	322	-83.3761	-261.763
12000	323	298.104	-475.776
12000	324	-298.504	-940.914
12000	325	-61.4415	-658.336
12000	326	645.948	-124.825
12000	327	-636.565	701.049
12000	328	-284.897	-312.175
12000	329	207.69	-1399.27
12000	330	-827.554	-440.78
12000	331	849.696	-424.818
12000	332	-132.735	-2.42075
12000	333	-141.211	-262.03
12000	334	-201.836	-1111.71
12000	335	-429.588	1156.75
12000	336	-491.565	-667.374
12000	337	-885.489	395.816
12000	338	382.216	-1599.24
12000	339	-341.577	207.109
12000	340	50.04	433.618
12000	341	-575.927	-52.4955
12000	342	216.847	1500.92
12000	343	266.415	-0.136063
12000	344	-195.88	101.237
12000	345	1140.12	-633.111
12000	346	-113.981	788.052
12000	347	-402.593	-78.8793
12000	348	90.9817	-712.587
12000	349	24.8094	680.63
12000	350	-487.926	328.138
12000	351	-28.8555	290.361
12000	352	43.1526	-690.003
12000	353	-11.2595	-289.493
12000	354	178.693	1491.89
12000	355	152.643	1102.4
12000	356	-274.294	104.235
12000	357	553.099	-111.306
12000	358	91.8832	-218.355
12000	359	441.289	-419.69
12000	360	307.245	1474.89
12000	361	602.882	331.75
12000	362	577.876	20.9672
12000	363	-206.496	378.05
12000	364	201.738	1339.27
12000	365	276.311	-427.945
12000	366	199.668	268.801
12000	367	-186.486	264.329
12000	368	593.316	-313.518
12000	369	520.289	688.521
12000	370	247.655	-623.054
12000	371	-36.4592	895.744
12000	372	-769.767	-615.311
12000	373	362.09	1115.28
12000	374	-148.01	-412.535
12000	375	-286.301	659.001
12000	376	-266.767	-1052.96
12000	377	193.155	179.888
12000	378	-193.193	224.904
12000	379	-365.328	1074.63
12000	380	1002.98	192.083
12000	381	-587.937	-549.028
12000	382	212.666	-171.352
12000	383	-959.076	706.917
12000	384	-875.868	-355.466
12000	385	324.017	394.467
12000	386	376.796	330.432
12000	387	252.645	-513.22
12000	388	-916.457	406.431
12000	389	462.264	-156.306
12000	390	434.294	-165.309
12000	391	130.924	-341.525
12000	392	267.302	-95.1279
12000	393	-198.275	-395.816
12000	394	-555.656	425.385
12000	395	-656.253	-417.079
12000	396	137.507	228.622
12000	397	-588.506	167.975
12000	398	-459.037	-765.516
12000	399	-218.899	437.252
12000	400	289.605	-92.0021
12000	401	256.999	159.321
12000	402	-248.271	-302.106
12000	403	2.43921	420.495
12000	404	-418.666	-215.268
12000	405	-71.5215	-330.18
12000	406	361.948	-629.081
12000	407	-1034.49	894.029
12000	408	-145.639	474.913
12000	409	-313.427	-292.368
12000	410	392.061	-1134.38
12000	411	-287.772	946.678
12000	412	-518.025	-640.347
12000	413	-288.743	236.905
12000	414	909.558	-210.947
12000	415	-117.2	-1352.19
12000	416	495.004	454.959
12000	417	189.562	-424.097
12000	418	270.086	97.8962
12000	419	375.178	176.332
12000	420	-137.302	-660.02
12000	421	-774.605	-582.416
12000	422	-749.083	81.8186
12000	423	-175.577	48.7132
12000	424	-246.013	-217.646
12000	425	-1343.47	-445.539
12000	426	-824.64	-14.1977
12000	427	-298.089	-1014.36
12000	428	-375.994	-2585.26
12000	429	34.2918	-1308.5
12000	430	-388.405	-87.3219
12000	431	265.455	-1545.34
12000	432	-541.011	98.5848
12000	433	271.784	-487.281
12000	434	50.4971	417.255
12000	435	962.781	-21.4898
12000	436	162.636	-581.65
12000	437	157.134	365.14
12000	438	85.9486	322.826
12000	439	72.9228	-608.408
12000	440	-687.361	339.111
12000	441	130.439	815.009
12000	442	28.938	-1007.06
12000	443	130.475	418.889
12000	444	-626.849	-657.683
12000	445	286.21	591.52
12000	446	-286.758	-289.787
12000	447	504.155	-488.208
12000	448	-272.008	-342.289
12000	449	-783.135	-424.546
12000	450	99.2128	-107.173
12000	451	192.81	302.385
12000	452	-217.364	861.194
12000	453	90.1895	1177.31
12000	454	188.906	1403.75
12000	455	138.336	-307.585
12000	456	606.342	104.166
12000	457	-643.187	-1348.51
12000	458	-194.7	684.37
12000	459	226.074	-650.207
12000	460	695.484	0.00393302
12000	461	-1187.08	-262.245
12000	462	267.289	-928.772
12000	463	-777.143	927.123
12000	464	-35.4496	132.43
12000	465	-207.036	-138.837
12000	466	499.569	-202.88
12000	467	65.7025	1130.23
12000	468	21.6772	302.845
12000	469	185.725	159.51
12000	470	-892.559	169.611
12000	471	398.187	-187.353
12000	472	-35.0717	-751.87
12000	473	600.643	-690.653
12000	474	-393.51	263.361
12000	475	0.246482	442.704
12000	476	-698.387	1191.27
12000	477	-774.095	308.437
12000	478	-124.605	-236.696
12000	479	512.319	-689.932
12000	480	221.416	-1233.76
12000	481	-625.839	-482.546
12000	482	-2.31159	-568.236
12000	483	343.849	832.058
12000	484	-452.366	-160.262
12000	485	-434.913	-557.802
12000	486	-392.185	-767.967
12000	487	-368.838	-1866.45
12000	488	250.944	229.45
12000	489	176.46	456.198
12000	490	-332.314	71.9721
12000	491	103.884	-722.721
12000	492	-470.773	-228.28
12000	493	-371.676	-671.71
12000	494	713.105	-493.942
12000	495	425.822	-555.06
12000	496	486.096	708.518
12000	497	649.011	627.892
12000	498	258.055	203.238
12000	499	-432.76	82.4602
14000	0	-16.8938	-428.517
14000	1	603.322	-754.966
14000	2	736.377	-362.977
14000	3	-108.24	981.409
14000	4	168.384	1431.99
14000	5	-236.642	-288.939
14000	6	258.097	13.9942
14000	7	285.433	1153.68
14000	8	287.249	212.318
14000	9	844.098	-262.767
14000	10	566.762	858.776
14000	11	-528.512	-1420.42
14000	12	-580.931	-861.355
14000	13	-704.426	728.597
14000	14	354.817	-26.7853
14000	15	-416.101	-186.007
14000	16	-167.798	862.141
14000	17	-188.171	675.941
14000	18	520.001	44.8192
14000	19	-231.412	275.676
14000	20	11.7333	2156.43
14000	21	-64.9365	-568.431
14000	22	678.756	690.13
14000	23	100.758	-502.514
14000	24	-2108.79	191.009
14000	25	121.678	1079.39
14000	26	-188.167	-894.894
14000	27	-745.932	-1240.6
14000	28	313.53	-473.981
14000	29	-194.56	-336.063
14000	30	-366.322	1044.78
14000	31	-488.585	-612.756
14000	32	-236.846	252.336
14000	33	-6.02237	435.4
14000	34	-6.67302	-685.799
14000	35	659.683	-2216.17
14000	36	339.79	-520.605
14000	37	810.729	53.8653
14000	38	333.306	-761.051
14000	39	371.911	406.597
14000	40	-598.685	-22.3982
14000	41	-125.688	-12.7606
14000	42	747.623	421.227
14000	43	323.142	-498.079
14000	44	-1044.23	312.498
14000	45	-345.134	822.812
14000	46	-990.091	1014.55
14000	47	653.381	525.173
14000	48	98.5153	406.324
14000	49	61.4067	1023.17
14000	50	-398.462	-587.272
14000	51	-46.6581	-1491.92
14000	52	691.345	886.213
14000	53	874.521	-430.612
14000	54	-461.394	-631.897
14000	55	-102.175	311.499
14000	56	78.7168	-349.197
14000	57	-340.434	147.622
14000	58	9.30286	-1405.56
14000	59	132.387	7.94995
14000	60	-240.22	434.05
14000	61	-91.5891	-587.052
14000	62	-208.429	-760.557
14000	63	503.687	723.179
14000	64	-327.307	253.629
14000	65	692.927	1785.09
14000	66	-49.9809	1783.32
14000	67	-607.354	93.174
14000	68	164.619	-969.19
14000	69	927.585	-162.017
14000	70	241.71	-538.358
14000	71	-381.759	-687.92
14000	72	-314.937	-221.493
14000	73	-245.888	649.514
14000	74	456.74	-599.903
14000	75	-645.484	-320.627
14000	76	180.168	-1028.68
14000	77	-313.974	-1385.52
14000	78	764.002	-630.974
14000	79	-263.528	-739.154
14000	80	-223.228	-741.028
14000	81	871.202	-1219.78
14000	82	-737.393	-364.595
14000	83	413.274	2247.06
14000	84	-764.942	-903.855
14000	85	-153.598	123.926
14000	86	-266.788	844.598
14000	87	488.955	-876.556
14000	88	334.083	-206.095
14000	89	-688.596	143.514
14000	90	-139.629	932.495
14000	91	-578.865	-173.188
14000	92	225.323	-915.769
14000	93	198.502	375.505
14000	94	32.173	174.662
14000	95	-192.435	86.1334
14000	96	-114.591	-892.019
14000	97	597.27	-728.111
14000	98	949.434	-84.2954
14000	99	-660.071	-808.756
14000	100	431.174	406.341
14000	101	252.82	234.313
14000	102	-599.967	911.889
14000	103	-129.428	-514.632
14000	104	501.976	1221.75
14000	105	319.943	881.792
14000	106	-562.752	10.1618
14000	107	-530.8	776.048
14000	108	401.205	-194.261
14000	109	-261.765	-857.198
14000	110	-146.938	-72.425
14000	111	363.53	-1214.63
14000	112	184.792	-110.49
14000	113	753.401	401.173
14000	114	-440.975	1203.1
14000	115	380.239	1317.57
14000	116	747.47	-212.973
14000	117	-254.478	99.0288
14000	118	-130.438	571.874
14000	119	-42.458	2299.2
14000	120	326.531	-585.866
14000	121	-240.327	716.176
14000	122	909.245	612.472
14000	123	-374.583	-647.919
14000	124	-386.581	-68.8456
14000	125	519.295	-736.679
14000	126	42.9916	-464.269
14000	127	152.736	-357.353
14000	128	-114.123	117.137
14000	129	24.7159	385.498
14000	130	-640.67	817.416
14000	131	17.5587	801.999
14000	132	-209.492	168.394
14000	133	-450.303	332.697
14000	134	408.066	-39.9653
14000	135	-725.583	132.958
14000	136	495.032	-1869.54
14000	137	-576.36	-363.519
14000	138	-169.316	401.117
14000	139	-279.403	-182.98
14000	140	-432.506	-678.863
14000	141	199.023	660.08
14000	142	231.343	-694.259
14000	143	403.797	902.389
14000	144	138.423	910.663
14000	145	-181.442	421.428
14000	146	-297.88	1532.25
14000	147	-227.658	668.261
14000	148	714.224	239.86
14000	149	-106.851	-317.679
14000	150	33.4461	-1409.41
14000	151	384.956	-750.981
14000	152	12.9307	338.829
14000	153	90.5717	-103.348
14000	154	-461.598	287.27
14000	155	926.552	-886.472
14000	156	-296.425	371.063
14000	157	346.724	-41.3292
14000	158	44.0452	525.703
14000	159	535.713	137.15
14000	160	570.091	-549.292
14000	161	-70.5817	818.593
14000	162	-642.234	554.268
14000	163	97.981	232.669
14000	164	-352.13	-334.549
14000	165	589.861	-468.486
14000	166	491.448	1061.52
14000	167	-386.353	433.535
14000	168	843.126	991.956
14000	169	-49.2876	-410.895
14000	170	839.99	195.423
14000	171	628.123	521.398
14000	172	602.907	68.551
14000	173	-733.138	-137.927
14000	174	-55.4475	-149.635
14000	175	-257.154	562.674
14000	176	-1146.28	494.763
14000	177	633.97	-281.579
14000	178	961.799	-433.647
14000	179	335.074	830.456
14000	180	-460.564	185.773
14000	181	-192.867	14.9908
14000	182	190.915	-57.1395
14000	183	35.5898	329.734
14000	184	-114.367	767.162
14000	185	-92.6284	-273.48
14000	186	-434.159	102.234
14000	187	-677.058	-1390.5
14000	188	1411.65	1251.3
14000	189	-463.733	427.584
14000	190	268.783	161.767
14000	191	350.259	-967.003
14000	192	100.171	-604.521
14000	193	-28.1012	425.464
14000	194	-405.754	697.612
14000	195	-45.8626	686.313
14000	196	-251.666	-694.162
14000	197	63.8938	1712.61
14000	198	-272.598	275.482
14000	199	-223.399	763.314
14000	200	-20.9904	-270.21
14000	201	-356.771	1015.8
14000	202	347.997	-1227.01
14000	203	-269.565	-178.34
14000	204	5.37995	-447.983
14000	205	-296.046	588.929
14000	206	27.6831	-1106.61
14000	207	-113.838	-632.281
14000	208	269.916	-767.951
14000	209	-603.229	-75.2684
14000	210	166.471	-509.559
14000	211	-340.401	-772.436
14000	212	-162.602	-165.228
14000	213	1157.48	-493.828
14000	214	-494.822	844.441
14000	215	-114.921	371.662
14000	216	-862.823	925.868
14000	217	-357.825	-182.796
14000	218	122.317	110.061
14000	219	113.879	-712.713
14000	220	-199.326	717.589
14000	221	-98.1502	258.635
14000	222	104.322	-554.252
14000	223	-794.219	-798.132
14000	224	-103.793	-1085.59
14000	225	-426.597	-991.785
14000	226	30.2074	-716.23
14000	227	-799.845	176.517
14000	228	-565.095	168.166
14000	229	-274.668	-1486.26
14000	230	-33.7502	-1126.85
14000	231	-84.157	1895.44
14000	232	209.286	-191.203
14000	233	-265.42	-1215.56
14000	234	-538.612	559.499
14000	235	-428.898	-791.132
14000	236	213.268	1305.4
14000	237	-624.442	-266.63
14000	238	-26.8637	1111.92
14000	239	135.025	629.526
14000	240	-325.187	1295.44
14000	241	57.3364	349.98
14000	242	797.466	883.065
14000	243	-128.617	-285.65
14000	244	-932.396	-775.419
14000	245	-629.397	-1276.43
14000	246	472.861	202.55
14000	247	25.7483	-42.0782
14000	248	185.208	-1459.02
14000	249	135.97	-992.419
14000	250	-50.8671	800.309
14000	251	700.306	138.81
14000	252	-82.3542	639.181
14000	253	-863.902	624.893
14000	254	-37.4854	211.572
14000	255	824.618	713.802
14000	256	269.755	-547.701
14000	257	-333.829	924.923
14000	258	391.368	-593.41
14000	259	814.927	-1109.68
14000	260	-363.852	-344.414
14000	261	-128.736	-52.7004
14000	262	-329.898	606.645
14000	263	-38.3105	1304.54
14000	264	221.908	195.073
14000	265	255.165	126.556
14000	266	-69.6539	-37.5249
14000	267	238.083	-940.859
14000	268	-780.365	864.008
14000	269	-100.66	294.14
14000	270	-256.363	193.532
14000	271	-278.364	-667.565
14000	272	-13.0119	-292.362
14000	273	712.898	-446.02
14000	274	-520.553	201.417
14000	275	582.784	1370.4
14000	276	422.406	-331.009
14000	277	1014.95	-1386.46
14000	278	170.701	114.14
14000	279	425.837	-1330.05
14000	280	-458.703	-1872.67
14000	281	-505.03	2089.43
14000	282	-321.509	-717.838
14000	283	-216.366	-660.185
14000	284	-278.372	226.251
14000	285	10.267	203.967
14000	286	-608.338	301.727
14000	287	558.616	780.04
14000	288	-385.774	-889.962
14000	289	-490.593	872.485
14000	290	-239.699	-891.22
14000	291	503.557	1874.57
14000	292	311.83	-44.9504
14000	293	-369.263	219.747
14000	294	-754.644	56.833
14000	295	-441.652	27.1832
14000	296	364.985	-276.407
14000	297	-646.522	494.937
14000	298	409.82	-81.0522
14000	299	-617.44	-146.488
14000	300	506.644	-174.22
14000	301	-386.266	-590.072
14000	302	31.6855	565.5
14000	303	-60.7348	-198.733
14000	304	-0.732296	39.3009
14000	305	-14.6142	598.472
14000	306	-1019.76	805.903
14000	307	-116.513	302.41
14000	308	315.14	773.677
14000	309	229.223	219.546
14000	310	691.011	-596.892
14000	311	-302.648	601.723
14000	312	142.296	143.154
14000	313	-389.588	-173.565
14000	314	-119.344	112.985
14000	315	378.37	-437.105
14000	316	-288.903	219.131
14000	317	-50.5679	-1147.24
14000	318	-90.4596	440.64
14000	319	324.842	449.607
14000	320	101.797	873.847
14000	321	246.891	-1225.75
14000	322	-5.64848	-62.7555
14000	323	255.678	-26.0974
14000	324	-349.098	-644.756
14000	325	172.877	-1308.21
14000	326	203.318	395.422
14000	327	-1003.18	872.979
14000	328	-503.042	-1130.75
14000	329	310	-1670.32
14000	330	-866.128	-467.284
14000	331	1070.58	-835.933
14000	332	-70.2431	-466.023
14000	333	-483.755	-576.83
14000	334	-273.64	-1125.19
14000	335	-437.653	754.259
14000	336	-813.881	-911.442
14000	337	-997.05	246.562
14000	338	279.576	-1082.01
14000	339	-422.022	369.102
14000	340	-210.861	396.949
14000	341	-533.99	-567.073
14000	342	249.201	2149.25
14000	343	223.663	-25.6338
14000	344	-180.017	-395.562
14000	345	1301.74	-406.755
14000	346	-157.074	749.852
14000	347	-459.448	921.796
14000	348	212.345	-687.773
14000	349	144.276	931.178
14000	350	-628.395	291.929
14000	351	-68.1122	-123.895
14000	352	0.701265	-571.555
14000	353	292.191	-590.068
14000	354	-95.0897	1334.34
14000	355	-107.427	904.718
14000	356	-42.8111	471.402
14000	357	647.148	-547.991
14000	358	-66.1573	-230.934
14000	359	477.462	-1046.69
14000	360	185.276	1228.26
14000	361	263.211	534.483
14000	362	837.221	-326.103
14000	363	-146.67	967.938
14000	364	65.4473	1803.79
14000	365	356.242	-362.812
14000	366	-100.825	-138.382
14000	367	-366.01	196.485
14000	368	604.606	-174.957
14000	369	714.987	882.004
14000	370	68.8016	-414.429
14000	371	-156.402	257.25
14000	372	-492.208	-455.2
14000	373	202.744	1286.8
14000	374	-591.531	-90.3077
14000	375	-505.455	641.567
14000	376	-202.92	-940.064
14000	377	131.079	319.753
14000	378	-362.825	414.427
14000	379	-467.578	555.802
14000	380	1121.61	315.138
14000	381	-709.267	-598.341
14000	382	372.802	39.3619
14000	383	-839.818	456.351
14000	384	-931.328	-958.007
14000	385	163.794	-50.4691
14000	386	399.574	276.763
14000	387	-68.324	-74.4963
14000	388	-1350.92	233.236
14000	389	35.3322	-340.819
14000	390	295.215	-234.973
14000	391	-168.691	-884.556
14000	392	374.41	-643.178
14000	393	-398.179	-201.533
14000	394	-637.361	35.7478
14000	395	-756.634	-630.763
14000	396	-241.372	225.36
14000	397	-408.612	306.688
14000	398	-459.214	-1017.53
14000	399	-203.409	272.757
14000	400	455.866	-433.529
14000	401	39.6295	-184.689
14000	402	-47.3701	-536.444
14000	403	-29.2985	198.461
14000	404	-356.611	-435.22
14000	405	-95.5213	-281.378
14000	406	423.431	-660.268
14000	407	-1292.8	1285.18
14000	408	-317.535	778.944
14000	409	-691.101	-419.682
14000	410	313.495	-568.129
14000	411	-206.423	845.266
14000	412	-612.901	-1008.64
14000	413	-208.847	409.335
14000	414	1009.47	-136.476
14000	415	44.324	-1232.18
14000	416	714.065	453.005
14000	417	74.3628	-816.322
14000	418	-167.621	8.10388
14000	419	95.2491	319.34
14000	420	-318.751	-373.456
14000	421	-893.585	-482.703
14000	422	-481.246	749.008
14000	423	-443.935	120.66
14000	424	-231.891	-508.885
14000	425	-1222	-234.574
14000	426	-687.903	-49.0346
14000	427	-122.736	-808.452
14000	428	-712.013	-2209.92
14000	429	-242.54	-1193.87
14000	430	-642.247	-301.841
14000	431	141.6	-1819.43
14000	432	-324.026	730.131
14000	433	216.839	-612.014
14000	434	267.472	568.444
14000	435	1000.47	-228.831
14000	436	260.784	-546.395
14000	437	216.442	237.009
14000	438	163.303	-120.943
14000	439	192.956	-721.228
14000	440	-829.113	421.907
14000	441	-251.367	1337.75
14000	442	334.637	-661.13
14000	443	227.984	265.285
14000	444	-771.352	-265.156
14000	445	266.602	1057.89
14000	446	110.631	-220.492
14000	447	622.483	-523.657
14000	448	-85.8134	136.915
14000	449	-725.472	-417.502
14000	450	-197.886	-66.6094
14000	451	7.24848	292.544
14000	452	-309.964	699.288
14000	453	-28.2725	1030.33
14000	454	249.252	1499.24
14000	455	48.613	-498.359
14000	456	344.7	-283.526
14000	457	-665.555	-1323.21
14000	458	-337.69	284.766
14000	459	310.1	-1182.42
14000	460	913.673	221.081
14000	461	-1386.74	-357.546
14000	462	265.99	-658.391
14000	463	-937.703	582.905
14000	464	25.7657	-209.95
14000	465	-203.731	-144.224
14000	466	801.255	-438.599
14000	467	226.855	1599.99
14000	468	20.4425	462.123
14000	469	184.81	361.841
14000	470	-933.664	161.128
14000	471	477.799	-400.23
14000	472	187.505	-320.31
14000	473	902.115	-797.638
14000	474	-215.957	606.247
14000	475	201.996	560.394
14000	476	-418.801	1286.49
14000	477	-819.769	296.49
14000	478	-85.2223	63.8835
14000	479	314.477	-946.609
14000	480	319.188	-1191.76
14000	481	-447.056	-770.283
14000	482	120.163	-391.662
14000	483	184.72	772.156
14000	484	-673.057	23.5197
14000	485	-557.582	-887.04
14000	486	-213.163	-1004.94
14000	487	-670.072	-2181.86
14000	488	213.153	546.325
14000	489	152.588	236.458
14000	490	-312.671	275.723
14000	491	33.8626	-268.38
14000	492	-434.912	382.278
14000	493	-531.438	-514.742
14000	494	653.864	-686.951
14000	495	602.173	-135.1
14000	496	561.794	1230.81
14000	497	729.847	845.444
14000	498	-202.085	-141.308
14000	499	-513.538	5.0926
16000	0	184.723	-523.129
16000	1	965.177	-943.465
16000	2	458.295	36.1693
16000	3	-17.8602	478.436
16000	4	564.059	1592.42
16000	5	-19.2182	-595.439
16000	6	49.9071	-104.748
16000	7	487.572	1340.02
16000	8	187.572	675.759
16000	9	924.342	-258.06
16000	10	746.261	1368.81
16000	11	-398.59	-1900.78
16000	12	-343.094	-353.741
16000	13	-726.53	972.307
16000	14	173.044	506.805
16000	15	-639.938	-409.681
16000	16	-309.986	663.836
16000	17	-568.534	346.166
16000	18	301.043	130.647
16000	19	2.7127	543.959
16000	20	-123.282	1599.98
16000	21	-162.911	-233.625
16000	22	580.428	525.093
16000	23	59.6873	-309.805
16000	24	-2453.86	764.043
16000	25	186.478	925.85
16000	26	-211.109	-1031.37
16000	27	-687.223	-1133.23
16000	28	293.083	-283.413
16000	29	-236.659	-444.913
16000	30	-501.105	1172.45
16000	31	-488.665	-684.655
16000	32	-198.961	439.11
16000	33	93.7618	487.147
16000	34	81.9678	-1162.25
16000	35	919.495	-2321.36
16000	36	97.1662	-782.586
16000	37	1057.26	-118.714
16000	38	384.922	-412.887
16000	39	449.258	513.562
16000	40	-651.897	324.225
16000	41	-279.948	-279.203
16000	42	738.956	1267.5
16000	43	461.854	-719.274
16000	44	-1063.25	329.877
16000	45	-342.44	1056.74
16000	46	-754.255	1098.36
16000	47	389.607	371.713
16000	48	-59.1998	653.124
16000	49	-318.693	778.26
16000	50	-554.324	-163.764
16000	51	172.98	-2251.85
16000	52	914.619	1051
16000	53	660.425	-534.937
16000	54	-652.475	-350.497
16000	55	-154.689	776.946
16000	56	-122.028	144.267
16000	57	-139.562	98.0403
16000	58	-53.4148	-862.065
16000	59	74.585	176.163
16000	60	-198.206	657.986
16000	61	-395.085	-324.763
16000	62	225.509	-832.929
16000	63	722.349	845.881
16000	64	-206.641	288.645
16000	65	557.736	2005.68
16000	66	-73.6349	1516.46
16000	67	-551.005	-99.9731
16000	68	66.9244	-948.319
16000	69	966.412	13.0673
16000	70	20.932	-581.097
16000	71	-604.095	-597.372
16000	72	-497.496	-599.739
16000	73	-49.5181	239.797
16000	74	436.612	-461.33
16000	75	-526.477	-517.955
16000	76	303.079	-1394.57
16000	77	-111.742	-1723.89
16000	78	704.136	-309.858
16000	79	-255.91	-671.279
16000	80	-323.668	-686.068
16000	81	769.904	-1390.49
16000	82	-628.491	-751.905
16000	83	193.753	2409.79
16000	84	-866.278	-727.412
16000	85	-89.6214	-128.762
16000	86	-247.64	1149.05
16000	87	285.664	-1014.3
16000	88	414.067	-188.623
16000	89	-552.779	96.6112
16000	90	80.2881	1200.07
16000	91	-417.004	-260.497
16000	92	67.4814	-893.938
16000	93	379.354	491.392
16000	94	-121.938	403.137
16000	95	-458.383	-216.871
16000	96	-213.649	-687.32
16000	97	671.134	-1350.25
16000	98	1194.25	191.176
16000	99	-600.053	-338.599
16000	100	352.026	506.201
16000	101	118.606	115.662
16000	102	-381.574	634.795
16000	103	-170.709	-890.721
16000	104	460.139	970.967
16000	105	237.99	202.331
16000	106	-457.446	-11.5808
16000	107	-373.741	752.11
16000	108	172.737	2.71049
16000	109	-499.6	-509.014
16000	110	-125.731	664.741
16000	111	175.579	-1027.73
16000	112	-193.98	112.919
16000	113	578.778	369.212
16000	114	-417.63	1078.37
16000	115	157.927	1153.84
16000	116	405.878	-404.66
16000	117	-262.076	-90.132
16000	118	-347.594	691.927
16000	119	-187.582	2406.86
16000	120	167.123	-1697.44
16000	121	-111.555	532.625
16000	122	1018.57	1121.16
16000	123	-407.255	-203.417
16000	124	-433.341	-29.9391
16000	125	581.551	-705.076
16000	126	140.486	-510.36
16000	127	-65.0405	-510.856
16000	128	-153.867	-168.147
16000	129	185.337	318.003
16000	130	-840.746	505.976
16000	131	-89.4247	203.745
16000	132	-214.242	220.709
16000	133	-473.125	-342.517
16000	134	205.893	-325.596
16000	135	-762.352	305.625
16000	136	492.891	-1412.93
16000	137	-642.669	-65.8076
16000	138	-50.1818	547.467
16000	139	-301.654	-249.447
16000	140	-410.844	-520.599
16000	141	160.3	701.013
16000	142	239.083	-234.358
16000	143	481.546	1167.75
16000	144	410.891	687.729
16000	145	-340.641	300.77
16000	146	-173.115	995.76
16000	147	-63.0185	985.057
16000	148	694.748	-152.149
16000	149	-174.298	-246.539
16000	150	-245.934	-1567.4
16000	151	643.813	-656.276
16000	152	-149.428	-166.811
16000	153	89.5213	-189.097
16000	154	-500.376	123.115
16000	155	807.455	-949.909
16000	156	-95.1366	892.336
16000	157	597.936	-309.803
16000	158	-75.2371	94.6772
16000	159	376.281	309.418
16000	160	392.978	423.946
16000	161	-7.20698	692.953
16000	162	-720.89	448.712
16000	163	-139.715	450.436
16000	164	-496.872	-115.398
16000	165	447.72	-1042.22
16000	166	455.347	936.943
16000	167	-427.534	516.539
16000	168	1040.16	893.654
16000	169	230.062	-161.158
16000	170	1158.85	628.767
16000	171	606.103	275.724
16000	172	840.447	21.3981
16000	173	-715.154	281.128
16000	174	165.622	120.589
16000	175	-396.177	677.376
16000	176	-1351.5	401.618
16000	177	931.556	-403.953
16000	178	762.906	-250.411
16000	179	217.638	869.134
16000	180	-223.04	104.104
16000	181	-338.917	-473.273
16000	182	-30.0817	-84.0443
16000	183	15.293	609.523
16000	184	185.52	866.978
16000	185	-75.0526	-113.741
16000	186	-416.317	286.876
16000	187	-477.91	-2211.88
16000	188	1571.76	1224.05
16000	189	-368.259	564.037
16000	190	467.505	292.758
16000	191	503.055	-1124.75
16000	192	240.889	-786.337
16000	193	173.419	549.603
16000	194	-242.872	750.841
16000	195	-159.63	938.497
16000	196	-189.858	-397.746
16000	197	-228.92	2339.67
16000	198	-152.622	299.176
16000	199	-430.529	873.077
16000	200	38.7604	-753.267
16000	201	-13.4492	1233.88
16000	202	564.806	-1401.48
16000	203	-111.003	-397.352
16000	204	206.543	-441.276
16000	205	-294.173	227.788
16000	206	-151.893	-1583.35
16000	207	86.2359	-947.963
16000	208	254.655	-911.486
16000	209	-698.85	-391.849
16000	210	486.728	-485.733
16000	211	-136.919	-104.954
16000	212	-579.668	70.9653
16000	213	1212.21	-483.995
16000	214	-417.709	591.907
16000	215	197.784	552.738
16000	216	-1081.86	1224.69
16000	217	-617.658	46.5522
16000	218	209.278	159.439
16000	219	64.946	-487.483
16000	220	-102.229	1070.7
16000	221	-24.4422	23.0881
16000	222	16.5873	-59.7179
16000	223	-816.754	-869.158
16000	224	11.8629	-1483.35
16000	225	-345.852	-1672.56
16000	226	309.407	-519.424
16000	227	-937.489	528.464
16000	228	-406.668	250.096
16000	229	-440.662	-1285.31
16000	230	-454.431	-1013.05
16000	231	176.81	2344.93
16000	232	129.439	-321.775
16000	233	-164.793	-1296
16000	234	-820.903	292.051
16000	235	-407.988	-569.107
16000	236	653.09	1148.13
16000	237	-645.391	-534.138
16000	238	94.7181	1205.28
16000	239	174.985	-89.5207
16000	240	-372.284	1082.93
16000	241	29.8994	238.492
16000	242	1366.7	1277.82
16000	243	-228.87	-109.424
16000	244	-1011.85	-198.236
16000	245	-1132.05	-1348.77
16000	246	550.85	443.596
16000	247	364.507	200.929
16000	248	83.446	-1470.72
16000	249	-83.3566	-705.848
16000	250	-129.193	1024.93
16000	251	779.233	302.907
16000	252	48.497	723.716
16000	253	-945.435	506.835
16000	254	55.7406	399.888
16000	255	840.957	637.123
16000	256	248.253	-737.88
16000	257	-591.164	978.959
16000	258	262.877	-602.045
16000	259	726.837	-735.015
16000	260	-703.491	-1126.83
16000	261	160.059	-209.328
16000	262	-509.415	167.909
16000	263	-210.579	1821.72
16000	264	282.932	157.638
16000	265	-65.168	234.032
16000	266	-28.8809	653.871
16000	267	109.314	-866.658
16000	268	-899.821	876.952
16000	269	-58.5846	75.5278
16000	270	-190.54	-232.465
16000	271	-345.584	-297.708
16000	272	199.774	-104.31
16000	273	330.447	-112.045
16000	274	-104.24	323.857
16000	275	641.907	1220.59
16000	276	518.32	-636.172
16000	277	1035.31	-932.9
16000	278	146.664	158.375
16000	279	485.987	-1771.63
16000	280	-607.6	-1638.09
16000	281	-541.162	1551.86
16000	282	-467.858	-588.211
16000	283	126.39	-1011.94
16000	284	-266.425	651.476
16000	285	-65.0716	574.245
16000	286	-507.148	186.341
16000	287	664.727	962.95
16000	288	-283.252	-686.034
16000	289	-552.928	379.927
16000	290	-118.062	-490.48
16000	291	583.476	1677.76
16000	292	170.901	183.624
16000	293	-521.998	0.11438
16000	294	-737.619	270.291
16000	295	-627.019	118.164
16000	296	199.787	154.354
16000	297	-825.611	622.154
16000	298	344.762	-126.936
16000	299	-580.048	-298.265
16000	300	545.838	-296.711
16000	301	-504.396	-68.1705
16000	302	53.2618	718.333
16000	303	-246.03	543.97
16000	304	-60.7001	-44.1452
16000	305	-173.438	905.107
16000	306	-1137.43	180.728
16000	307	-77.2523	-694.505
16000	308	454.01	400.183
16000	309	311.422	86.2743
16000	310	632.971	-623.433
16000	311	-400.573	717.111
16000	312	364.624	223.047
16000	313	-431.797	354.643
16000	314	181.593	189.886
16000	315	115.756	-227.544
16000	316	-212.382	239.195
16000	317	311.132	-1133.56
16000	318	86.4658	214.842
16000	319	582.61	250.049
16000	320	144.555	709.296
16000	321	507.873	-1261.04
16000	322	-114.641	-27.9882
16000	323	435.097	-647.442
16000	324	-329.374	-1128.32
16000	325	226.979	-1621.98
16000	326	348.409	378.839
16000	327	-1295.81	562.921
16000	328	-454.312	-1665.11
16000	329	349.558	-2248.87
16000	330	-566.264	-739.412
16000	331	888.538	-459.201
16000	332	-132.98	-905.952
16000	333	-462.765	-386.252
16000	334	-154	-1511.45
16000	335	-288.167	619.37
16000	336	-1011.1	-792.908
16000	337	-1246.2	462.365
16000	338	332.388	-1530.92
16000	339	-564	-143.589
16000	340	-671.327	371.634
16000	341	-477.075	-1128.72
16000	342	138.07	1997.16
16000	343	404.29	112.675
16000	344	-215.681	234.596
16000	345	1221.73	273.662
16000	346	-214.836	973.004
16000	347	-598.757	833.489
16000	348	367.229	-845.258
16000	349	-113.921	869.014
16000	350	-528.708	8.53751
16000	351	-206.589	350.121
16000	352	2.00671	-551.34
16000	353	249.867	-590.163
16000	354	15.0318	1888.47
16000	355	-186.921	712.349
16000	356	-73.2713	616.727
16000	357	429.364	-496.153
16000	358	-304.735	183.84
16000	359	421.32	-1106.9
16000	360	-37.7898	1238.7
16000	361	284.966	921.465
16000	362	595.286	-210.327
16000	363	-398.059	1102.66
16000	364	-73.2678	1688.37
16000	365	296.424	-1059.08
16000	366	-103.081	196.16
16000	367	-67.6214	-21.8292
16000	368	421.829	-94.6784
16000	369	997.966	1477.37
16000	370	-151.596	-727.432
16000	371	340.868	205.963
16000	372	-432.673	-528.797
16000	373	437.179	1295.8
16000	374	-707.523	82.8368
16000	375	-288.681	185.937
16000	376	-105.936	-1543.97
16000	377	-150.58	359.328
16000	378	-212.095	-106.588
16000	379	-344.111	787.382
16000	380	1260.82	276.397
16000	381	-728.022	-383.285
16000	382	133.302	476.566
16000	383	-880.098	920.239
16000	384	-774.612	-1144.81
16000	385	335.926	-351.68
16000	386	-41.4304	512.724
16000	387	313.879	-357.764
16000	388	-1079.38	-48.7697
16000	389	-65.1218	-479.688
16000	390	236.862	-775.672
16000	391	-30.2141	-1109.58
16000	392	135.736	-719.282
16000	393	-210.57	-58.7226
16000	394	-961.372	-48.1825
16000	395	-715.764	-250.766
16000	396	-221.281	-38.2153
16000	397	-150.291	257.583
16000	398	-539.506	-442.043
16000	399	-415.389	383.405
16000	400	416.25	-1025.46
16000	401	74.6564	-426.133
16000	402	-89.2503	-339.762
16000	403	-57.6691	-402.761
16000	404	-619.425	-239.228
16000	405	-18.3672	-53.2858
16000	406	419.312	-591.984
16000	407	-1492.41	1404.11
16000	408	-444.764	695.314
16000	409	-750.775	-440.855
16000	410	555.262	-962.553
16000	411	-266.787	730.945
16000	412	-836.705	-1152.2
16000	413	-369.595	342.333
16000	414	1011.23	-372.647
16000	415	-277.751	-943.806
16000	416	613.591	279.558
16000	417	-127.94	-757.502
16000	418	-168.447	467.176
16000	419	164.4	180.98
16000	420	-218.951	144.393
16000	421	-1116.65	-54.341
16000	422	-686.418	1092.05
16000	423	-243.175	-150.028
16000	424	-50.8305	-777.341
16000	425	-1224.81	-1174.12
16000	426	-929.407	-178.648
16000	427	-216.873	-353.67
16000	428	-394.588	-2329.61
16000	429	-516.149	-704.535
16000	430	-462.658	-379.184
16000	431	106.939	-1555.38
16000	432	-580.98	323.794
16000	433	317.978	-640.373
16000	434	309.305	562.857
16000	435	1079.99	-614.305
16000	436	108.468	-601.802
16000	437	200.829	325.566
16000	438	323.54	-108.898
16000	439	52.5001	-771.763
16000	440	-708.382	553.345
16000	441	-254.879	1716.63
16000	442	128.716	-712.094
16000	443	388.911	227.002
16000	444	-1143.74	-423.401
16000	445	-15.3348	1083.77
16000	446	232.665	-345.183
16000	447	798.284	-557.986
16000	448	-195.121	625.335
16000	449	-1047.1	-279.174
16000	450	-20.7615	402.123
16000	451	328.169	152.782
16000	452	-356.135	725.442
16000	453	52.7328	995.032
16000	454	415.535	1651.9
16000	455	217.561	-520.378
16000	456	293.142	-65.4389
16000	457	-746.783	-1681.74
16000	458	-455.972	-11.919
16000	459	207.648	-1313.46
16000	460	752.398	488.14
16000	461	-1126.72	8.94766
16000	462	350.781	-353.655
16000	463	-830.414	677.455
16000	464	-135.7	-286.42
16000	465	-385.806	-141.429
16000	466	636.517	-241.864
16000	467	145.931	1731.07
16000	468	61.858	1219.32
16000	469	65.2798	537.62
16000	470	-670.611	-145.272
16000	471	257.48	-350.709
16000	472	654.614	-730.072
16000	473	1128.88	-521.543
16000	474	-55.4768	-15.2078
16000	475	355.985	415.793
16000	476	-536.872	1325.7
16000	477	-913.752	294.93
16000	478	-115.898	-171.206
16000	479	388.699	-925.049
16000	480	398.656	-663.184
16000	481	-386.421	-1097.29
16000	482	299.609	-478.969
16000	483	267.698	946.286
16000	484	-693.729	-318.212
16000	485	-780.269	-700.334
16000	486	-372.744	-994.244
16000	487	-590.722	-2337.7
16000	488	269.703	232.159
16000	489	-107.271	275.314
16000	490	-410.579	594.77
16000	491	-114.835	-463.523
16000	492	-504.012	814.19
16000	493	-130.364	-556.81
16000	494	694.924	-615.754
16000	495	501.491	278.267
16000	496	925.842	923.886
16000	497	750.591	773.986
16000	498	-306.179	-618.876
16000	499	-411.883	49.9261
18000	0	326.13	-516.677
18000	1	985.015	-801.575
18000	2	158.443	99.3045
18000	3	68.6504	614.2
18000	4	349.167	1887.19
18000	5	-286.089	-696.582
18000	6	-22.9604	-168.121
18000	7	581.752	1288.39
18000	8	186.699	567.982
18000	9	1247.28	-302.101
18000	10	907.105	966.021
18000	11	-390.437	-2352.55
18000	12	-832.001	-578.762
18000	13	-806.441	1185.74
18000	14	154.984	351.839
18000	15	-712.617	72.5268
18000	16	-8.17506	1110.12
18000	17	-490.52	450.136
18000	18	679.375	-233.175
18000	19	182.725	1014.98
18000	20	-130.247	933.221
18000	21	-44.1759	113.444
18000	22	559.365	739.325
18000	23	242.57	-511.985
18000	24	-2407.17	1128.33
18000	25	-38.0886	1147.6
18000	26	-178.616	-1468.47
18000	27	-758.847	-1456.68
18000	28	7.63222	-224.298
18000	29	-355.547	1.23902
18000	30	-583.271	1503.37
18000	31	-637.867	-434.674
18000	32	-255.734	537.732
18000	33	232.626	-103.52
18000	34	110.267	-1238.57
18000	35	822.293	-2131.78
18000	36	221.334	-794.985
18000	37	958.395	-80.4169
18000	38	126.086	-874.681
18000	39	672.202	778.672
18000	40	-215.889	234.866
18000	41	-122.476	-384.24
18000	42	338.291	1150.75
18000	43	662.206	-236.737
18000	44	-612.079	495.872
18000	45	-539.435	1011.2
18000	46	-554.437	1416.68
18000	47	369.444	130.024
18000	48	-256.434	1047.15
18000	49	-94.7781	1386.73
18000	50	-316.955	-289.072
18000	51	257.231	-2461.07
18000	52	1193.98	1233.23
18000	53	375.09	-514.797
18000	54	-307.615	-730.288
18000	55	-234.852	385.25
18000	56	-10.6361	-353.817
18000	57	-480.156	51.3079
18000	58	6.12459	-1185.83
18000	59	13.8018	604.834
18000	60	-601.063	746.689
18000	61	-272.007	-331.976
18000	62	92.9852	-1061.46
18000	63	563.949	1037.38
18000	64	-228.497	210.826
18000	65	673.952	2217.77
18000	66	286.729	1206.68
18000	67	-549.222	-138.894
18000	68	128.72	-1251.94
18000	69	748.56	-38.5562
18000	70	240.07	-849.717
18000	71	-565.719	-723.632
18000	72	-134.16	-859.013
18000	73	-161.866	980.15
18000	74	437.093	-565.751
18000	75	-645.842	-193.278
18000	76	219.856	-1566.14
18000	77	-412.218	-1457.99
18000	78	204.923	124.484
18000	79	-557.831	-1333.26
18000	80	-136.752	-560.675
18000	81	851.169	-985.082
18000	82	-675.765	-620.873
18000	83	371.88	2477.01
18000	84	-922.978	-527.088
18000	85	-112.312	-315.474
18000	86	-504.42	1479.53
18000	87	158.134	-631.203
18000	88	335.354	214.768
18000	89	-590.806	-176.345
18000	90	158.864	1319.02
18000	91	-536.081	-511.438
18000	92	172.587	-762.755
18000	93	321.984	1244.89
18000	94	-148.917	851.675
18000	95	-478.21	-397.659
18000	96	-435.989	-357.379
18000	97	771.494	-1462.86
18000	98	1047.81	-203.356
18000	99	-502.492	-445.269
18000	100	609.573	445.775
18000	101	5.88837	-193.565
18000	102	-602.16	687.177
18000	103	-486.605	-929.979
18000	104	299.408	667.932
18000	105	480.118	56.701
18000	106	-271.93	469.724
18000	107	-553.851	1339.9
18000	108	157.748	53.0983
18000	109	-490.809	-625.703
18000	110	-166.713	514.001
18000	111	-54.9028	-847.925
18000	112	-434.391	-399.204
18000	113	732.347	411.458
18000	114	-319.533	1055.37
18000	115	153.436	669.471
18000	116	246.878	-479.459
18000	117	-21.14	-235.626
18000	118	-527.397	388.948
18000	119	-257.18	2801.27
18000	120	125.086	-1637.48
18000	121	-160.986	971.375
18000	122	900.411	737.956
18000	123	-476.443	-463.437
18000	124	-356.897	72.5522
18000	125	197.856	-1076.77
18000	126	59.2123	-681.05
18000	127	213.469	-289.392
18000	128	84.3899	-227.291
18000	129	463.579	437.855
18000	130	-857.153	1065.74
18000	131	410.724	-121.19
18000	132	-446.043	84.0322
18000	133	-271.889	-847.364
18000	134	266.81	-152.237
18000	135	-875.178	326.343
18000	136	715.232	-1601.03
18000	137	-902.557	129.056
18000	138	-66.0926	284.068
18000	139	-361.319	-654.475
18000	140	-250.052	-413.16
18000	141	220.128	607.806
18000	142	299.073	-441.156
18000	143	564.577	928.085
18000	144	568.857	401.209
18000	145	-222.683	442.71
18000	146	-292.496	770.994
18000	147	-210.102	854.995
18000	148	396.19	-76.756
18000	149	-305.15	-57.6144
18000	150	-605.124	-1557.9
18000	151	753.541	-606.485
18000	152	-323.793	-175.064
18000	153	156.336	-365.09
18000	154	-426.855	460.554
18000	155	1086.13	-781.232
18000	156	82.2833	723.489
18000	157	756.411	-134.779
18000	158	-171.974	4.40931
18000	159	235.373	278.585
18000	160	530.05	-249.74
18000	161	-127.955	1157.74
18000	162	-621.931	248.543
18000	163	84.0557	1170.66
18000	164	-278.399	41.2028
18000	165	250.366	-992.452
18000	166	352.883	1100.62
18000	167	192.732	223.092
18000	168	1014.04	1242.91
18000	169	83.7174	278.847
18000	170	1159.44	395.684
18000	171	668.299	354.436
18000	172	885.649	221.121
18000	173	-574.704	-27.6176
18000	174	57.8517	-290.063
18000	175	-434.446	867.552
18000	176	-1153.25	904.127
18000	177	1011.28	-543.129
18000	178	822.786	187.45
18000	179	592.911	609.218
18000	180	-320.287	73.3542
18000	181	-473.099	-680.117
18000	182	-149.56	58.726
18000	183	74.3751	881.021
18000	184	187.488	1030.33
18000	185	203.162	77.4588
18000	186	-295.434	965.831
18000	187	-716.701	-2199.76
18000	188	1851.8	1292.4
18000	189	-340.12	348.855
18000	190	427.643	-29.5721
18000	191	525.541	-1514.19
18000	192	261.622	-598.192
18000	193	73.9167	642.931
18000	194	-86.9402	1200.95
18000	195	-357.763	1532.86
18000	196	-673.192	-610.845
18000	197	-76.1425	2034.1
18000	198	-231.943	381.838
18000	199	-587.722	1135.57
18000	200	97.2738	-666.636
18000	201	-151.209	1125
18000	202	804.599	-1605.27
18000	203	-203.926	-250.172
18000	204	25.6797	-50.9505
18000	205	-464.385	127.229
18000	206	87.983	-1554.3
18000	207	87.2482	-878.201
18000	208	173.862	-1025.87
18000	209	-732.566	36.0624
18000	210	345.421	-337.84
18000	211	-39.9561	-262.529
18000	212	-622.562	236.236
18000	213	1014.54	-505.544
18000	214	-477.514	1181.21
18000	215	271.384	758.926
18000	216	-1163.7	1611.9
18000	217	-576.628	427.738
18000	218	222.808	361.542
18000	219	27.0229	-548.047
18000	220	-0.948117	1454.59
18000	221	156.068	-318.655
18000	222	176.787	265.42
18000	223	-816.141	-660.709
18000	224	-364.314	-1737.47
18000	225	17.8704	-1592.3
18000	226	549.429	-698.117
18000	227	-663.166	807.905
18000	228	-362.756	378.916
18000	229	-462.964	-1316.99
18000	230	-1034.21	-1416.83
18000	231	196.982	2660.1
18000	232	244.319	-855.571
18000	233	-545.06	-1266.39
18000	234	-1104.86	-282.73
18000	235	-408.321	-1059.2
18000	236	793.503	839.98
18000	237	-582.441	-548.738
18000	238	96.7469	639.018
18000	239	92.5502	746.183
18000	240	-254.478	1504.18
18000	241	-134.918	228.5
18000	242	1195.96	1041.28
18000	243	-69.0376	241.412
18000	244	-871.744	-357.548
18000	245	-1310.19	-1389.04
18000	246	893.07	351.796
18000	247	474.177	46.397
18000	248	35.5578	-1897.27
18000	249	28.804	-1229.53
18000	250	-32.4337	994.376
18000	251	941.003	617.646
18000	252	201.232	812.005
18000	253	-1301.69	766.318
18000	254	24.5318	211.164
18000	255	782.557	719.72
18000	256	509.401	-865.324
18000	257	-756.891	946.354
18000	258	352.455	-524.789
18000	259	406.675	-687.089
18000	260	-563.346	-1061.35
18000	261	188.764	3.73501
18000	262	-711.623	353.49
18000	263	-140.416	1374.63
18000	264	180.576	445.121
18000	265	-46.5116	927.716
18000	266	22.708	653.351
18000	267	-202.333	-524.247
18000	268	-965.631	1181.68
18000	269	18.9717	148.958
18000	270	119.21	153.975
18000	271	-731.372	-302.509
18000	272	48.7061	466.098
18000	273	373.234	-770.834
18000	274	-3.23111	-40.5909
18000	275	0.818669	1296.64
18000	276	325.507	-795.07
18000	277	1396.72	-1054.62
18000	278	-51.3899	-309.857
18000	279	352.591	-2058.77
18000	280	-569.391	-2037.81
18000	281	-458.818	1544.45
18000	282	-743.176	-559.134
18000	283	467.178	-1030.47
18000	284	-386.861	698.919
18000	285	-306.47	469.793
18000	286	-309.028	291.624
18000	287	637.968	1153.45
18000	288	-32.6104	-774.449
18000	289	-453.031	449.992
18000	290	-197.732	-730.773
18000	291	835.869	1388.85
18000	292	209.031	527.365
18000	293	-288.132	-44.3631
18000	294	-855.549	229.126
18000	295	-648.058	-321.401
18000	296	267.105	-252.205
18000	297	-908.002	357.703
18000	298	286.886	223.255
18000	299	-497.647	-284.886
18000	300	305.444	-446.775
18000	301	-324.561	-350.631
18000	302	-67.9754	555.06
18000	303	-200.843	204.451
18000	304	-60.2315	92.2764
18000	305	-253.205	518.985
18000	306	-1317.35	401.224
18000	307	-91.4098	-906.283
18000	308	495.11	-61.7485
18000	309	111.195	-356.226
18000	310	632.092	-730.6
18000	311	-841.879	364.369
18000	312	264.164	688.124
18000	313	46.7012	340.646
18000	314	178.913	-24.3415
18000	315	275.676	-200.624
18000	316	-110.475	11.837
18000	317	292.844	-847.49
18000	318	-206.749	-64.2586
18000	319	322.384	18.6423
18000	320	300.965	982.973
18000	321	788.422	-1183.2
18000	322	-163.081	-78.685
18000	323	720.243	-962.472
18000	324	-265.155	-953.342
18000	325	-30.9634	-1544.03
18000	326	384.203	383.578
18000	327	-1315.39	516.007
18000	328	-475.519	-1838.21
18000	329	597.462	-2208.54
18000	330	-825.639	-791.247
18000	331	1187.28	-622.809
18000	332	-332.638	-1356.35
18000	333	-446.342	-495.27
18000	334	-113.787	-1578.97
18000	335	-270.45	668.845
18000	336	-770.48	-899.131
18000	337	-926.126	20.6058
18000	338	364.499	-1390.45
18000	339	-403.43	-633.956
18000	340	-327.261	533.874
18000	341	-554.809	-922.245
18000	342	41.637	2127.95
18000	343	465.569	538.117
18000	344	-313.738	-52.5433
18000	345	1399.91	481.373
18000	346	-510.846	763.205
18000	347	-321.641	1240.98
18000	348	512.993	-1232.87
18000	349	-374.159	855.375
18000	350	-368.034	-5.4828
18000	351	-6.07153	170.032
18000	352	-200.377	-822.37
18000	353	81.631	-556.83
18000	354	97.928	1649.64
18000	355	-34.6461	890.663
18000	356	-254.279	939.714
18000	357	612.432	-307.269
18000	358	-487	447.67
18000	359	444.241	-819.974
18000	360	-139.001	1170.93
18000	361	504.342	752.495
18000	362	816.105	-242.18
18000	363	-311.854	1432.6
18000	364	332.724	1906.19
18000	365	276.243	-868.999
18000	366	-43.2403	67.5753
18000	367	-9.40674	213.445
18000	368	222.12	-111.476
18000	369	854.903	1688.66
18000	370	-648.279	-964.163
18000	371	581.553	19.8913
18000	372	-440.334	-1016.09
18000	373	599.21	1626.91
18000	374	-627.305	110.016
18000	375	-342.541	121.46
18000	376	-283.073	-1965.35
18000	377	-110.781	148.561
18000	378	-275.068	-137.655
18000	379	-364.926	832.616
18000	380	1160.78	428.76
18000	381	-527.139	-534.202
18000	382	-187.506	160.993
18000	383	-802.402	712.712
18000	384	-591.903	-985.225
18000	385	383.774	-577.303
18000	386	-200.332	851.744
18000	387	373.74	-441.22
18000	388	-1318.58	96.2708
18000	389	-127.477	-477.469
18000	390	372.689	-1315.2
18000	391	-26.6366	-1436.34
18000	392	-106.339	-572.511
18000	393	-376.031	-154.81
18000	394	-1334.31	217.712
18000	395	-1158.27	-427.745
18000	396	-542.536	153.124
18000	397	-330.808	514.554
18000	398	-757.982	-565.256
18000	399	-398.273	154.951
18000	400	315.987	-793.131
18000	401	115.024	-340.778
18000	402	-27.0065	-400.469
18000	403	-375.192	-100.988
18000	404	-817.456	293.498
18000	405	-236.222	-274.965
18000	406	363.298	-758.82
18000	407	-1175.17	2079.85
18000	408	-365.622	359.67
18000	409	-711.142	-221.292
18000	410	593.924	-917.692
18000	411	-387.988	635.149
18000	412	-999.485	-847.422
18000	413	-407.596	27.7785
18000	414	930.138	122.369
18000	415	-157.004	-691.114
18000	416	893.286	160.719
18000	417	-288.611	-684.371
18000	418	-23.519	116.549
18000	419	-4.72185	212.341
18000	420	-263.947	-77.4163
18000	421	-1215.33	266.172
18000	422	-646.292	1339.04
18000	423	-623.774	29.0625
18000	424	-244.704	-967.335
18000	425	-1003.67	-1850.36
18000	426	-1029.34	224.571
18000	427	118.882	-107.754
18000	428	46.0934	-2035.73
18000	429	-623.041	142.026
18000	430	-244.577	-391.653
18000	431	-297.498	-1427.79
18000	432	-403.497	70.3322
18000	433	136.267	-395.412
18000	434	429.665	458.798
18000	435	1322.86	-1095.45
18000	436	40.3557	-473.577
18000	437	-2.02442	473.933
18000	438	346.822	-518.887
18000	439	213.945	-978.841
18000	440	-587.061	280.59
18000	441	213.775	1631.6
18000	442	581.467	-294.832
18000	443	259.855	636.609
18000	444	-1168.91	-275.386
18000	445	147.387	1153.57
18000	446	8.43486	42.8913
18000	447	863.461	-591.516
18000	448	-414.639	656.301
18000	449	-965.16	90.7269
18000	450	178.806	-45.6727
18000	451	7.19051	306.721
18000	452	-536.827	561.287
18000	453	216.738	974.196
18000	454	447.915	1317.77
18000	455	236.254	-829.572
18000	456	-13.7779	119.656
18000	457	-656.79	-1311.72
18000	458	-294.398	539.748
18000	459	125.478	-1448.01
18000	460	692.886	536.457
18000	461	-850.063	-225.325
18000	462	606.523	-268.527
18000	463	-916.303	750.148
18000	464	24.5491	-188.221
18000	465	-126.043	191.823
18000	466	797.031	-93.2274
18000	467	128.389	1765.99
18000	468	-0.835131	1190.03
18000	469	-234.198	199.049
18000	470	-576.191	56.8378
18000	471	-23.9411	30.2477
18000	472	386.887	-373.813
18000	473	941.668	-518.523
18000	474	-190.533	-166.849
18000	475	456.896	714.718
18000	476	-636.042	1243.01
18000	477	-831.745	752.818
18000	478	-323.601	-214.965
18000	479	346.649	-738.653
18000	480	101.479	3.90717
18000	481	-366.926	-1532.58
18000	482	422.824	-926.567
18000	483	326.947	691.809
18000	484	-890.551	-634.11
18000	485	-713.029	-550.107
18000	486	-512.268	-970.689
18000	487	-592.023	-2393.53
18000	488	10.788	-537.265
18000	489	-167.077	636.871
18000	490	-610.343	1119.79
18000	491	-114.202	-396.727
18000	492	-461.064	1018.52
18000	493	-51.3818	-623.57
18000	494	771.552	-527.284
18000	495	483.14	681.586
18000	496	1013.46	888.82
18000	497	550.196	887.906
18000	498	-484.1	-1412.49
18000	499	-494.532	25.0397
20000	0	337.68	-959.297
20000	1	1305.05	-1121.44
20000	2	274.358	-62.9678
20000	3	271.798	144.154
20000	4	268.691	1880.89
20000	5	144.556	-516.005
20000	6	38.0216	-486.284
20000	7	545.687	1559.36
20000	8	406.483	477.778
20000	9	1222.24	-646.376
20000	10	870.059	1088.23
20000	11	-258.614	-2281.63
20000	12	-819.429	-872.747
20000	13	-705.364	1168.19
20000	14	212.992	770.405
20000	15	-653.759	320.498
20000	16	112.592	491.875
20000	17	-206.315	-68.0512
20000	18	1154.38	-74.9697
20000	19	582.905	1298.63
20000	20	-248.22	749.36
20000	21	18.5102	52.0915
20000	22	460.731	851.871
20000	23	46.7098	-589.224
20000	24	-2433.58	789.858
20000	25	-249.802	785.045
20000	26	-28.1613	-1526.83
20000	27	-769.982	-1682.33
20000	28	-66.0438	-519.04
20000	29	-278.419	32.4108
20000	30	-326.494	1490.08
20000	31	-779.014	-439.842
20000	32	-281.878	371.369
20000	33	210.337	-7.30906
20000	34	321.154	-1050.16
20000	35	682.529	-1677.54
20000	36	-138.824	-648.728
20000	37	822.23	-235.07
20000	38	86.3111	-446.867
20000	39	431.941	521.848
20000	40	-58.0518	301.627
20000	41	74.3234	-898.305
20000	42	328.29	1733.62
20000	43	567.9	-83.6369
20000	44	-686.333	372
20000	45	-322.076	868.859
20000	46	-833.951	1825.89
20000	47	393.426	280.168
20000	48	-382.199	261.156
20000	49	-218.213	1362.95
20000	50	-75.7771	-232.808
20000	51	252.54	-2761.79
20000	52	1075.78	1456.02
20000	53	239.109	-81.3135
20000	54	-293.688	-631.856
20000	55	-451.319	452.806
20000	56	101.643	160.139
20000	57	-322.265	485.943
20000	58	-172.051	-1313.85
20000	59	275.335	530.3
20000	60	-321.835	147.069
20000	61	-731.378	-284.367
20000	62	13.3197	-1151.73
20000	63	623.313	833.514
20000	64	-119.214	18.3573
20000	65	496.259	2545.86
20000	66	327.701	1240.15
20000	67	-370.671	-429.363
20000	68	67.1248	-1867.95
20000	69	388.514	-513.725
20000	70	60.7266	-901.448
20000	71	-736.052	-1031.01
20000	72	-293.887	-191.243
20000	73	-148.668	1118.78
20000	74	355.724	-1033.5
20000	75	-623.243	-320.571
20000	76	280.856	-1470.89
20000	77	-304.222	-1305.71
20000	78	-33.5399	233.438
20000	79	-371.252	-776.866
20000	80	-22.8702	-620.091
20000	81	868.596	-1156.84
20000	82	-497.07	-312.598
20000	83	494.129	2773.04
20000	84	-864.951	-225.583
20000	85	210.681	-192.389
20000	86	-147.966	1682.46
20000	87	-32.8478	-836.602
20000	88	494.791	391.554
20000	89	-766.347	-74.5901
20000	90	77.9394	1076.12
20000	91	-622.271	-568.777
20000	92	327.448	-816.097
20000	93	125.107	1790.55
20000	94	-149.183	395.972
20000	95	-580.974	229.855
20000	96	-713.04	271.475
20000	97	1010.57	-1938.17
20000	98	1087.15	-673.285
20000	99	-502.267	-108.7
20000	100	492.518	366.93
20000	101	52.6713	-436.268
20000	102	-662.803	648.129
20000	103	-467.907	-520.001
20000	104	118.508	448.79
20000	105	517.584	-737.697
20000	106	-158.342	620.714
20000	107	-392.108	527.519
20000	108	16.5933	-279.896
20000	109	-262.285	-299.115
20000	110	-247.81	520.975
20000	111	5.13974	-1428.58
20000	112	-173.081	-926.904
20000	113	652.06	280.929
20000	114	-158.451	1459.25
20000	115	-7.61828	859.013
20000	116	638.557	-578.478
20000	117	-455.688	-364.855
20000	118	-550.203	431.806
20000	119	-435.985	3134.9
20000	120	67.4233	-1739.81
20000	121	-171.544	1123.45
20000	122	741.714	547.101
20000	123	-315.764	-328.403
20000	124	-295.23	-551.035
20000	125	216.151	-1178.94
20000	126	23.21	-1003.19
20000	127	273.218	-685.212
20000	128	165.741	163.941
20000	129	484.08	316.818
20000	130	-1000.73	1232.3
20000	131	249.348	311.477
20000	132	-384.516	444.384
20000	133	-293.021	-683.09
20000	134	193.246	-715.902
20000	135	-1102.87	96.069
20000	136	574.415	-1446.97
20000	137	-964.565	237.121
20000	138	127.93	217.241
20000	139	-227.067	-255.751
20000	140	-192.636	-627.745
20000	141	74.3501	176.661
20000	142	181.957	-331.983
20000	143	744.339	813.779
20000	144	291.896	798.202
20000	145	-178.711	132.701
20000	146	-155.007	1194.5
20000	147	-250.199	1087.57
20000	148	274.939	-23.0656
20000	149	-345.935	-39.0789
20000	150	-727.225	-1791.03
20000	151	605.769	-797.599
20000	152	-400.421	-400.246
20000	153	-112.103	-125.917
20000	154	-302.261	185.921
20000	155	924.108	-1254.74
20000	156	121.031	721.038
20000	157	361.632	179.448
20000	158	-213.605	-357.607
20000	159	454.657	293.375
20000	160	430.139	-415.704
20000	161	-128.654	1362.61
20000	162	-742.982	11.9357
20000	163	200.953	1125.01
20000	164	-361.475	-608.234
20000	165	168.158	-1575.12
20000	166	374.776	1336.03
20000	167	500.475	-128.454
20000	168	1122.03	891.967
20000	169	-123.002	942.042
20000	170	1198.75	207.659
20000	171	905.861	31.2614
20000	172	1082.92	52.1973
20000	173	-614.042	-316.051
20000	174	144.813	-319.309
20000	175	-53.4097	787.449
20000	176	-1086.83	1531.1
20000	177	872.167	-539.443
20000	178	731.657	-115.194
20000	179	865.439	440.335
20000	180	-199.772	107.072
20000	181	-654.524	-469.78
20000	182	-137.605	63.0264
20000	183	99.0331	637.562
20000	184	418.371	629.634
20000	185	225.717	-250.288
20000	186	-36.9751	877.867
20000	187	-569.133	-2797.22
20000	188	2129.49	1300.8
20000	189	-542.532	408
20000	190	687.293	408.673
20000	191	647.833	-1278.23
20000	192	363.168	-680.943
20000	193	174.271	226.99
20000	194	187.82	1072.43
20000	195	-480.144	1822.23
20000	196	-593.368	-343.715
20000	197	3.77541	2163.07
20000	198	-233.447	414.716
20000	199	-768.076	1142.66
20000	200	160.921	-683.425
20000	201	-77.6764	1404.16
20000	202	962.892	-1328.47
20000	203	-250.496	160.579
20000	204	41.7639	-61.677
20000	205	-586.38	183.137
20000	206	86.1063	-1760.69
20000	207	186.544	-755.549
20000	208	215.378	-1185.46
20000	209	-844.442	200.212
20000	210	265.801	-323.05
20000	211	2.12971	-504.664
20000	212	-479.656	-563.561
20000	213	1071.81	-681.897
20000	214	-415.666	1181.82
20000	215	335.184	708.523
20000	216	-1142.7	1510.7
20000	217	-653.299	129.879
20000	218	124.531	940.705
20000	219	-172.301	-200.626
20000	220	-280.149	1933.2
20000	221	335.827	-161.633
20000	222	294.309	290.145
20000	223	-876.709	-534.739
20000	224	-167.603	-1526.65
20000	225	336.745	-2004.54
20000	226	827.473	-413.424
20000	227	-459.869	1088.11
20000	228	-499.977	550.398
20000	229	-351.276	-1123.32
20000	230	-971.299	-1338.1
20000	231	218.001	2752.69
20000	232	388.16	-852.176
20000	233	-406.389	-1246.67
20000	234	-1097.9	-509.221
20000	235	-230.378	-781.774
20000	236	932.095	430.614
20000	237	-863.232	-271.442
20000	238	376.574	196.397
20000	239	-143.63	1156.18
20000	240	-405.602	1440.77
20000	241	-113.021	211.171
20000	242	1336.67	762.19
20000	243	-127.991	646.345
20000	244	-1052.53	-547.729
20000	245	-929.684	-1352.44
20000	246	914.571	687.757
20000	247	466.125	112.243
20000	248	285.177	-1930.44
20000	249	-23.719	-1082.72
20000	250	-51.195	929.205
20000	251	822.199	598.672
20000	252	280.15	615.499
20000	253	-1483.22	950.295
20000	254	65.5092	670.641
20000	255	803.72	878.4
20000	256	507.891	-885.625
20000	257	-936.809	1439.85
20000	258	291.539	-895.207
20000	259	632.582	-293.148
20000	260	-643.473	-881.956
20000	261	-222.35	-527.141
20000	262	-977.871	715.483
20000	263	-300.3	1289.48
20000	264	380.1	660.281
20000	265	-104.544	1235.89
20000	266	171.254	641.453
20000	267	-564.215	-487.963
20000	268	-1098.98	1062.17
20000	269	81.4955	534.642
20000	270	383.858	135.995
20000	271	-529.724	-658.108
20000	272	-48.7871	793.312
20000	273	-26.3426	-714.865
20000	274	-181.341	364.75
20000	275	-250.52	604.037
20000	276	285.234	-579.301
20000	277	1414.07	-1496.94
20000	278	-192.157	-348.603
20000	279	413.667	-2173.74
20000	280	-691.751	-2165.5
20000	281	-581.675	1266.47
20000	282	-790.77	-696.931
20000	283	366.701	-1191.27
20000	284	-324.791	1147.06
20000	285	-149.172	396.657
20000	286	-14.0346	667.341
20000	287	459.06	859.909
20000	288	-112.733	-677.598
20000	289	-350.583	639.31
20000	290	-262.071	-476.136
20000	291	725.536	1558.56
20000	292	153.822	841.01
20000	293	-292.27	-2.70574
20000	294	-1116.07	96.063
20000	295	-646.049	-516.149
20000	296	196.246	-467.629
20000	297	-639.999	513.533
20000	298	645.966	255.977
20000	299	-636.425	-127.32
20000	300	366.798	-293.807
20000	301	-281.596	-465.453
20000	302	70.2626	516.59
20000	303	18.9032	470.446
20000	304	-242.214	-53.9245
20000	305	28.1115	978.14
20000	306	-1195.75	884.955
20000	307	-337.858	-879.901
20000	308	515.476	492.46
20000	309	-48.5247	-724.691
20000	310	892.928	-346.382
20000	311	-746.959	558.28
20000	312	88.2214	1036.32
20000	313	427.236	463.257
20000	314	158.463	200.944
20000	315	360.995	230.376
20000	316	63.5055	-323.815
20000	317	-67.757	-1048.75
20000	318	-354.843	-122.486
20000	319	262.99	228.089
20000	320	706.078	630.599
20000	321	507.587	-824.275
20000	322	377.584	-250.326
20000	323	616.522	-695.665
20000	324	-388.737	-1438.27
20000	325	-49.2358	-1098.24
20000	326	504.589	180.659
20000	327	-1355.79	148.453
20000	328	-214.401	-1891.74
20000	329	751.957	-2038.28
20000	330	-785.89	-1077.69
20000	331	1287.76	-374.534
20000	332	-555.719	-1343.06
20000	333	-443.302	-996.811
20000	334	-343.773	-1913.24
20000	335	-387.998	867.84
20000	336	-654.438	-821.044
20000	337	-1005.55	378.495
20000	338	460.994	-1030.07
20000	339	-540.423	-783.156
20000	340	-190.287	799.993
20000	341	-514.881	-807.453
20000	342	35.4547	2150.18
20000	343	805.582	580.994
20000	344	-255.576	137.612
20000	345	1019.28	1099.72
20000	346	-675.272	1468.52
20000	347	-298.528	1402.56
20000	348	532.054	-737.439
20000	349	-314.926	1046.04
20000	350	-406.699	-179.586
20000	351	50.9308	27.2648
20000	352	-313.743	-1174.59
20000	353	-90.0706	24.2251
20000	354	323.816	999.98
20000	355	194.714	949.388
20000	356	-231.997	791.388
20000	357	907.969	-1209.89
20000	358	-366.413	325.92
20000	359	501.15	-426
20000	360	-316.297	1021.69
20000	361	172.934	751.801
20000	362	841.553	-468.239
20000	363	-360.872	1510.77
20000	364	320.944	2030.91
20000	365	135.213	-646.518
20000	366	-443.766	104.336
20000	367	294.645	278.167
20000	368	323.655	-715.33
20000	369	658.588	1323.72
20000	370	-444.314	-952.501
20000	371	623.74	-133.856
20000	372	-694.484	-1150.05
20000	373	345.416	2143.08
20000	374	-351.479	300.159
20000	375	-345.998	301.736
20000	376	-200.591	-2299.7
20000	377	-208.573	-360.871
20000	378	-14.406	225.385
20000	379	-206.931	1033.51
20000	380	1141.8	109.58
20000	381	-289.533	-92.8958
20000	382	-357.776	249.82
20000	383	-959.009	469.083
20000	384	-532.219	-590.021
20000	385	644.524	-868.142
20000	386	-203.414	608.299
20000	387	431.755	-872.58
20000	388	-1216.65	47.5135
20000	389	-31.0799	-598.272
20000	390	239.762	-1456.08
20000	391	309.273	-1817.2
20000	392	-305.278	-308.101
20000	393	-217.832	-83.0031
20000	394	-1054.48	166.755
20000	395	-1157.48	39.4724
20000	396	-489.263	516.088
20000	397	-290.127	568.634
20000	398	-1020.4	-553.238
20000	399	-273.475	357.557
20000	400	276.581	-1127.4
20000	401	-362.832	-568.771
20000	402	-68.4724	-335.865
20000	403	-37.9665	-172.028
20000	404	-697.583	324.913
20000	405	-421.477	-526.249
20000	406	444.562	-618.538
20000	407	-1308.73	1849.98
20000	408	-645.14	4.30745
20000	409	-608.083	-405.986
20000	410	315.394	-806.906
20000	411	-690.401	858.791
20000	412	-1276.39	-797.301
20000	413	-444.483	-128.55
20000	414	610.508	-108.66
20000	415	86.2499	-919.191
20000	416	753.491	8.77382
20000	417	-448.753	-1440.78
20000	418	52.8348	361.056
20000	419	-145.159	114.153
20000	420	29.7235	20.4127
20000	421	-1316.62	-143.29
20000	422	-750.496	1462.66
20000	423	-600.169	131.33
20000	424	-65.9104	-1170.18
20000	425	-982.948	-1714.98
20000	426	-909.89	613.185
20000	427	-217.919	-329.597
20000	428	-194.07	-1716.25
20000	429	-559.18	183.065
20000	430	-24.1982	-802.954
20000	431	-258.464	-1204.77
20000	432	-300.507	-18.382
20000	433	358.908	-229.765
20000	434	127.517	564.856
20000	435	1434.83	-888.366
20000	436	222.755	-605.181
20000	437	-103.177	228.541
20000	438	247.582	-716.07
20000	439	-6.58373	-561.275
20000	440	-548.29	344.823
20000	441	668.271	1702.3
20000	442	587.351	-214.288
20000	443	366.34	593.542
20000	444	-1151.72	580.914
20000	445	86.4825	1337.69
20000	446	91.8336	118.944
20000	447	822.517	-656.029
20000	448	33.0341	518.369
20000	449	-585.68	197.043
20000	450	1.13183	-49.2161
20000	451	6.73381	581.197
20000	452	-835.1	202.571
20000	453	192.347	1130.51
20000	454	250.422	1776.84
20000	455	358.391	-842.446
20000	456	164.66	300.469
20000	457	-449.41	-1389.57
20000	458	-476.109	927.132
20000	459	265.104	-1790.42
20000	460	633.728	339.978
20000	461	-882.024	-4.08692
20000	462	902.462	217.664
20000	463	-727.858	840.302
20000	464	305.284	-84.2117
20000	465	-107.1	142.995
20000	466	677.722	-369.964
20000	467	216.959	1562.55
20000	468	-58.7588	889.41
20000	469	-234.081	403.859
20000	470	-456.41	-18.2621
20000	471	-365.051	-130.55
20000	472	287.326	-290.778
20000	473	603.829	-171.648
20000	474	-337.424	-225.326
20000	475	659.636	1083.42
20000	476	-437.926	1267.67
20000	477	-751.733	769.077
20000	478	-207.61	-715.052
20000	479	201.13	-677.421
20000	480	159.406	139.574
20000	481	-467.126	-1871.1
20000	482	462.563	-423.583
20000	483	341.875	781.628
20000	484	-1035.06	-717.34
20000	485	-416.629	-300.138
20000	486	-533.9	-1105.12
20000	487	-711.16	-2432.81
20000	488	131.956	-483.949
20000	489	-305.617	542.698
20000	490	-554.345	1118.08
20000	491	-13.6451	-20.7533
20000	492	-353.299	700.291
20000	493	-253.94	-327.579
20000	494	693.485	-764.291
20000	495	503.836	1011.85
20000	496	1284.37	760.207
20000	497	203.108	816.663
20000	498	-602.155	-1602.08
20000	499	-372.858	-395.643
