2000	0	2.15708	3.10181	0.00138662
2000	1	6.09355	3.92476	2.17003
2000	2	2.665	0.711838	1.25942
2000	3	6.50127	1.95944	1.23549
2000	4	4.96026	1.56567	4.35452
2000	5	4.26505	0.0639785	0.427518
2000	6	4.51965	1.4083	1.28539
2000	7	2.25783	4.56044	3.96709
2000	8	15.3043	0.860861	1.77492
2000	9	6.64881	4.31118	3.07278
2000	10	4.4182	3.50516	2.01547
2000	11	2.97048	1.52245	6.02193
2000	12	3.71279	1.98572	4.27002
2000	13	5.1008	3.32596	2.67452
2000	14	2.38754	2.04616	0.480125
2000	15	2.60383	3.65498	5.86607
2000	16	2.64031	1.0346	4.23489
2000	17	9.09809	1.3538	2.25693
2000	18	18.7884	4.90376	5.74417
2000	19	6.12661	3.85181	4.56711
2000	20	1.51142	3.92729	1.19061
2000	21	3.04945	3.37934	0.621218
2000	22	4.75858	4.66679	4.12902
2000	23	2.35766	4.22761	0.14027
2000	24	3.82366	0.612924	3.4821
2000	25	5.43002	0.601726	3.30627
2000	26	9.91046	3.68561	2.10647
2000	27	4.60186	0.159464	5.30927
2000	28	5.77766	4.97349	2.06389
2000	29	3.92408	1.3576	4.63987
2000	30	3.05796	1.56741	5.35861
2000	31	11.1332	0.915686	2.2268
2000	32	0.6389	0.40598	6.06664
2000	33	6.16577	0.743025	2.25584
2000	34	5.36254	3.40071	4.34559
2000	35	5.89789	2.44699	3.72693
2000	36	7.87621	4.78297	3.62548
2000	37	1.50045	4.2404	4.003
2000	38	2.61579	4.91751	4.79142
2000	39	4.12164	4.52614	0.679086
2000	40	8.74835	4.24358	4.0221
2000	41	7.93124	1.12966	2.86722
2000	42	6.4374	2.57254	4.12885
2000	43	2.49939	1.3496	5.69106
2000	44	1.35632	4.58599	4.13853
2000	45	2.83528	4.34288	4.19934
2000	46	0.742634	4.14688	5.40862
2000	47	5.57598	1.10474	3.643
2000	48	9.09259	1.71971	5.37243
2000	49	6.31974	3.33062	2.91968
2000	50	10.5027	3.31319	0.276996
2000	51	7.33794	2.77008	0.447596
2000	52	4.68633	3.8954	2.85782
2000	53	5.82952	0.688264	5.77155
2000	54	5.79573	4.10694	1.70322
2000	55	17.8397	1.75288	0.247068
2000	56	16.5367	0.811641	1.23748
2000	57	4.71867	0.229788	5.46154
2000	58	4.78531	4.99379	6.14837
2000	59	5.53256	2.46479	2.20966
2000	60	10.2517	2.10539	4.89719
2000	61	2.46562	0.419184	3.28463
2000	62	18.4822	3.83405	3.1283
2000	63	15.6495	2.31369	6.13059
2000	64	2.61511	2.90131	0.498658
2000	65	5.54475	3.64861	2.81246
2000	66	14.2564	0.662061	3.45427
2000	67	0.894845	3.61029	5.47256
2000	68	6.12585	4.14756	3.1344
2000	69	4.31116	4.21922	0.96348
2000	70	5.01932	2.99875	5.89359
2000	71	5.09925	2.76561	1.36082
2000	72	2.3326	3.3951	2.29695
2000	73	2.62189	2.98923	2.94858
2000	74	4.40098	1.93425	6.22409
2000	75	3.34213	1.37276	3.06251
2000	76	4.75825	4.82769	0.683765
2000	77	3.45642	0.610808	0.525465
2000	78	4.48912	0.760182	0.203616
2000	79	3.70718	4.71256	2.13164
2000	80	2.7108	2.04825	3.70076
2000	81	7.04342	4.02566	5.64135
2000	82	2.31486	4.35269	6.03339
2000	83	8.21434	2.35181	3.89462
2000	84	2.01719	1.87891	4.42845
2000	85	16.151	0.929085	2.86594
2000	86	4.13949	0.987673	2.48426
2000	87	3.46295	3.04793	0.27042
2000	88	5.2814	4.72264	1.80103
2000	89	3.22717	0.248071	4.53113
2000	90	4.21952	2.1684	2.96384
2000	91	1.96623	0.439642	3.05334
2000	92	2.83964	0.0685201	0.219002
2000	93	6.30168	1.46213	0.0621254
2000	94	4.38432	1.15199	3.84997
2000	95	12.974	4.671	2.58776
2000	96	5.10288	2.92983	0.925308
2000	97	4.89832	3.97638	4.56228
2000	98	3.85886	3.5369	1.71695
2000	99	4.25292	2.46877	5.81251
2000	100	6.18259	3.10779	1.93026
2000	101	6.01625	4.35014	0.140725
2000	102	8.57758	4.89746	1.10172
2000	103	2.72683	4.08412	2.3821
2000	104	16.064	4.04934	5.37615
2000	105	1.49384	1.96249	4.94405
2000	106	13.3932	4.43126	0.746794
2000	107	17.782	3.59147	2.19918
2000	108	3.60381	4.69503	3.99658
2000	109	3.39875	0.184382	2.63959
2000	110	4.82192	0.947854	0.235506
2000	111	5.08899	0.801815	2.94458
2000	112	3.33855	4.60668	2.0519
2000	113	2.94277	1.97861	0.276231
2000	114	3.18451	3.98327	5.1959
2000	115	5.26569	3.16983	0.315557
2000	116	9.60232	4.26317	2.35668
2000	117	1.74752	3.36911	5.57978
2000	118	5.58705	2.15917	0.87032
2000	119	6.81733	3.00939	5.07602
2000	120	10.2995	0.164199	4.84221
2000	121	3.84938	1.63153	6.08459
2000	122	2.33746	1.85614	4.17802
2000	123	5.91716	3.08466	5.70893
2000	124	2.83171	2.84676	1.7416
2000	125	3.37496	3.80034	3.98127
2000	126	4.86902	4.46792	2.12965
2000	127	6.03441	3.7177	4.42714
2000	128	5.08161	2.28502	4.2283
2000	129	4.76186	1.04279	4.93762
2000	130	4.07648	3.52782	0.338235
2000	131	6.22181	0.593816	2.49122
2000	132	4.19182	0.0105324	0.72745
2000	133	4.21681	3.10064	2.94041
2000	134	3.57828	2.25247	5.46164
2000	135	6.30741	4.59843	2.39403
2000	136	4.67217	3.98952	2.24634
2000	137	3.11843	0.502044	2.70775
2000	138	19.9997	1.81255	5.59811
2000	139	3.09781	3.31904	3.97765
2000	140	2.78708	1.78375	3.03308
2000	141	6.12785	4.72723	3.3441
2000	142	1.96706	4.61016	3.34155
2000	143	4.34778	0.331256	0.918602
2000	144	2.05479	3.2519	3.17261
2000	145	7.22742	4.46268	5.31884
2000	146	4.12551	2.17069	1.48275
2000	147	2.4534	4.98474	5.90531
2000	148	19.6586	1.13017	2.76899
2000	149	9.72995	1.19785	0.128535
2000	150	5.06926	4.93325	5.49315
2000	151	4.45191	2.78758	5.86422
2000	152	2.60685	2.30658	4.31674
2000	153	3.7547	0.834685	3.13521
2000	154	2.72223	4.4721	0.512622
2000	155	6.46741	4.86564	2.25795
2000	156	4.73173	2.47245	1.82105
2000	157	2.44005	2.75627	6.18093
2000	158	13.43	2.54934	4.97493
2000	159	2.18254	4.15901	1.19138
2000	160	2.74407	4.17872	5.56476
2000	161	4.15833	2.01218	3.38763
2000	162	4.75556	3.60563	2.67929
2000	163	8.44333	2.71055	0.957954
2000	164	5.12072	1.31096	3.152
2000	165	8.38245	1.00003	0.698941
2000	166	5.20852	1.85975	4.86875
2000	167	1.62955	3.2641	4.41996
2000	168	2.78728	4.84136	4.27037
2000	169	15.9685	1.74842	0.343861
2000	170	5.03348	0.335728	2.64826
2000	171	2.50511	1.42414	3.79636
2000	172	14.3999	2.34709	3.50455
2000	173	2.08968	4.29231	1.33711
2000	174	2.95005	3.02859	2.99541
2000	175	12.615	2.55261	4.6785
2000	176	3.14597	3.67925	4.37498
2000	177	19.8499	3.44724	2.98106
2000	178	2.96761	0.891466	0.47695
2000	179	2.14257	3.00872	1.40447
2000	180	3.27057	1.83391	5.66444
2000	181	10.0812	4.06107	5.21181
2000	182	4.69311	3.55403	2.25846
2000	183	6.25711	1.72034	3.13023
2000	184	6.99677	4.87045	3.04172
2000	185	5.84126	4.38421	4.86876
2000	186	19.7	4.52223	3.05643
2000	187	4.83942	2.92975	4.65843
2000	188	6.24321	2.80996	1.73869
2000	189	3.64661	0.894359	1.34495
2000	190	3.84897	3.78413	4.85929
2000	191	9.5912	4.7086	1.91326
2000	192	10.6526	4.67183	2.73095
2000	193	2.29868	4.74295	0.390655
2000	194	2.59029	1.67494	0.399384
2000	195	7.86719	3.81217	0.637572
2000	196	5.63088	4.42482	3.33516
2000	197	5.33643	3.30191	4.42855
2000	198	6.05552	2.4076	0.335681
2000	199	2.86205	4.06362	3.92351
2000	200	1.12932	0.242012	4.63202
2000	201	3.51695	0.829415	1.63514
2000	202	2.95237	4.57698	0.039841
2000	203	4.48799	3.69705	2.19155
2000	204	0.594214	1.59511	2.52084
2000	205	5.20304	3.91359	5.95917
2000	206	6.52124	2.42093	5.70311
2000	207	3.09092	4.55373	3.658
2000	208	4.89519	3.95555	0.596606
2000	209	6.37666	1.36563	0.753418
2000	210	3.183	4.26582	3.5381
2000	211	10.0794	3.45284	4.55815
2000	212	2.07499	4.83708	4.71763
2000	213	8.95426	0.981006	5.45253
2000	214	4.68167	1.23702	0.637834
2000	215	5.54364	1.77745	3.92456
2000	216	3.67469	1.78716	4.83937
2000	217	7.91111	3.14861	0.834525
2000	218	16.1854	1.72078	0.834597
2000	219	1.62811	3.41014	6.03687
2000	220	5.22491	2.47738	3.38997
2000	221	5.74731	1.43295	3.61984
2000	222	4.90601	0.147173	4.07166
2000	223	18.4749	1.06826	3.36931
2000	224	7.31437	4.56103	5.35421
2000	225	8.07353	4.48842	2.46718
2000	226	8.17591	1.45033	1.32768
2000	227	3.21524	2.25136	5.33419
2000	228	6.19621	1.0599	4.01508
2000	229	3.10415	2.09235	2.38513
2000	230	2.5631	4.76737	3.01165
2000	231	3.9685	3.72692	0.949306
2000	232	7.03109	4.00946	1.39356
2000	233	5.78649	3.13773	1.95301
2000	234	4.62521	0.496764	0.40888
2000	235	3.47744	1.40151	2.66529
2000	236	5.727	2.42082	5.42149
2000	237	5.20143	1.89346	3.27722
2000	238	3.96947	0.275902	3.57453
2000	239	4.78041	0.95702	3.85739
2000	240	8.74878	4.2411	1.61546
2000	241	3.03854	1.53598	5.65483
2000	242	4.13548	2.98282	5.32257
2000	243	4.54887	2.54712	0.375497
2000	244	4.00486	4.91079	0.138157
2000	245	19.0214	3.55661	2.06097
2000	246	1.94175	2.46689	2.2104
2000	247	6.96236	1.87924	4.94277
2000	248	3.36687	2.72701	1.51169
2000	249	3.92332	1.08898	0.44633
2000	250	8.30091	3.32789	5.64404
2000	251	4.10325	2.81162	0.74127
2000	252	3.28163	4.85894	0.250332
2000	253	19.877	4.53726	3.54508
2000	254	5.16246	4.11678	3.92616
2000	255	18.415	4.83915	0.88894
2000	256	6.02511	3.19208	1.93229
2000	257	15.7198	4.48495	0.176989
2000	258	7.04024	1.34988	0.431992
2000	259	11.0222	4.53517	3.46957
2000	260	4.74995	4.29106	4.54748
2000	261	6.38168	2.02713	3.27671
2000	262	3.68131	2.88695	3.75494
2000	263	4.04286	0.504023	0.742455
2000	264	3.28094	0.166414	2.05265
2000	265	5.63347	3.17356	2.6457
2000	266	4.4467	2.59948	3.74352
2000	267	6.43172	4.34171	3.68089
2000	268	3.358	2.39779	1.3428
2000	269	5.4044	0.237311	2.22599
2000	270	5.14868	3.42405	2.96622
2000	271	2.54104	3.9472	6.07539
2000	272	2.90907	0.718359	4.14478
2000	273	1.45483	2.94876	0.296118
2000	274	5.76008	0.286693	0.789793
2000	275	5.49718	1.85838	3.34711
2000	276	1.83017	0.948158	5.96298
2000	277	7.57921	1.49311	0.869212
2000	278	8.92437	3.67536	1.82893
2000	279	19.9487	0.454505	2.81642
2000	280	5.40785	3.79178	4.13282
2000	281	3.73596	4.14649	0.683796
2000	282	1.066	1.18749	2.21052
2000	283	2.80405	0.296786	4.06495
2000	284	4.01377	2.16682	0.908942
2000	285	6.71987	4.95762	5.19967
2000	286	2.38961	2.5952	0.539415
2000	287	3.47896	1.1823	1.89208
2000	288	6.57284	3.47776	3.55543
2000	289	4.5869	4.58482	5.72541
2000	290	2.30127	4.05536	3.2003
2000	291	3.88211	0.0994045	3.43182
2000	292	7.44178	1.41516	2.92973
2000	293	4.81963	3.22452	2.90474
2000	294	4.11938	3.75524	2.33782
2000	295	3.10939	3.11203	2.50368
2000	296	6.69026	4.38759	3.19791
2000	297	3.00506	1.12941	3.65593
2000	298	2.57685	0.922723	1.01194
2000	299	3.55777	3.37076	1.22009
2000	300	3.54276	3.45169	1.10148
2000	301	3.93265	0.990189	4.88254
2000	302	4.27771	3.14819	5.78243
2000	303	4.22473	4.54909	4.53779
2000	304	4.5809	2.1675	3.2763
2000	305	5.62217	2.99067	4.19886
2000	306	6.54709	0.451165	3.05059
2000	307	4.02993	4.09873	1.75036
2000	308	19.6474	0.162944	0.624952
2000	309	4.92102	1.85184	5.6199
2000	310	3.68068	0.360621	5.09474
2000	311	2.36876	1.65137	5.03033
2000	312	3.09094	0.633738	4.83815
2000	313	4.2367	3.52358	3.65779
2000	314	4.09456	1.63282	4.2417
2000	315	5.64369	4.2833	0.215123
2000	316	2.20398	0.268446	6.02327
2000	317	3.89976	3.35133	2.20614
2000	318	2.39339	1.14299	5.51573
2000	319	8.00063	4.7608	4.77969
2000	320	3.96849	0.128662	2.70172
2000	321	2.70786	1.20203	6.10505
2000	322	16.5442	4.7903	1.8759
2000	323	3.38622	3.9204	3.44159
2000	324	4.71783	1.44687	4.01023
2000	325	2.41189	2.632	1.06341
2000	326	2.89164	3.48651	5.64348
2000	327	3.66691	1.5667	2.78249
2000	328	2.18816	3.42198	1.33883
2000	329	5.57315	0.843162	0.265558
2000	330	4.7779	2.02785	3.5698
2000	331	2.6264	3.15377	5.74355
2000	332	4.62671	2.38757	4.64751
2000	333	4.8463	2.63603	5.81535
2000	334	7.85573	3.67037	1.27173
2000	335	9.14258	4.68764	6.07212
2000	336	5.29829	4.29188	4.17381
2000	337	3.14881	0.262744	5.72154
2000	338	3.43902	2.87274	6.10669
2000	339	3.13226	4.14514	5.72089
2000	340	4.23565	4.30287	2.00241
2000	341	11.4124	2.32308	4.07805
2000	342	3.15999	3.97015	3.03505
2000	343	3.46991	3.73003	1.7434
2000	344	3.82542	1.24806	5.91261
2000	345	2.13906	1.58407	0.670098
2000	346	5.34842	1.09124	5.98382
2000	347	2.67851	2.53047	0.099716
2000	348	8.53836	4.93788	1.46157
2000	349	9.00073	2.34739	1.78962
2000	350	5.97337	3.89203	2.60862
2000	351	7.03435	0.597671	0.251989
2000	352	4.40986	1.60663	4.37781
2000	353	2.67569	0.76242	5.28819
2000	354	5.49488	1.17577	5.51339
2000	355	18.7361	1.39532	0.850569
2000	356	5.03534	1.96319	1.03194
2000	357	3.81725	2.47495	5.28119
2000	358	2.94414	4.93498	0.863477
2000	359	2.67641	2.21392	5.14341
2000	360	5.40582	0.407287	3.1356
2000	361	3.19257	1.54109	1.78799
2000	362	11.8909	1.03581	0.272456
2000	363	4.12791	4.89703	4.02231
2000	364	2.49754	2.53532	4.97123
2000	365	2.30437	0.150307	0.929217
2000	366	3.78168	2.70001	3.22067
2000	367	9.3127	1.88174	1.27528
2000	368	9.06492	1.39181	4.43758
2000	369	4.55195	3.29185	4.07416
2000	370	3.61558	3.09646	0.795682
2000	371	1.25066	3.83347	0.405095
2000	372	4.38916	0.519846	3.70931
2000	373	4.97932	1.45833	5.11215
2000	374	3.51984	4.4109	2.47252
2000	375	8.36889	4.11544	0.84373
2000	376	6.33301	3.63854	0.874961
2000	377	7.70243	2.72903	0.420185
2000	378	4.00151	1.45484	4.21634
2000	379	7.23657	3.54654	2.45165
2000	380	5.37047	0.288874	3.04043
2000	381	3.91816	4.43747	1.97429
2000	382	3.4787	4.23792	0.594876
2000	383	13.8895	3.31311	2.43616
2000	384	5.38245	2.42626	1.84427
2000	385	3.88082	3.94728	3.72698
2000	386	2.74882	4.77071	2.66339
2000	387	6.57103	4.71329	0.813742
2000	388	2.24723	1.08719	1.00657
2000	389	15.7555	0.42339	6.18132
2000	390	2.02917	4.95102	1.71492
2000	391	6.68421	2.42853	0.971688
2000	392	5.81658	2.67209	0.36179
2000	393	6.20369	1.31192	1.62169
2000	394	4.43694	1.32923	0.224199
2000	395	4.71833	2.83427	3.65083
2000	396	2.05726	3.57366	0.4267
2000	397	6.91804	0.301169	0.581123
2000	398	3.01916	2.41834	5.41144
2000	399	4.91311	3.17291	4.44592
2000	400	3.60694	4.98865	0.445479
2000	401	2.85237	3.40744	0.797753
2000	402	4.01247	1.98595	0.584527
2000	403	5.43843	2.67936	4.26114
2000	404	4.55681	2.22714	1.88776
2000	405	3.36253	2.41348	3.44256
2000	406	4.27125	3.60314	3.73649
2000	407	6.66219	2.1504	2.08856
2000	408	18.5071	3.16964	2.52696
2000	409	6.46533	3.34973	4.99372
2000	410	8.3301	1.237	2.41918
2000	411	2.99452	0.925851	2.5305
2000	412	0.653177	3.05841	1.66478
2000	413	2.34823	3.98699	4.36884
2000	414	6.52352	4.45605	3.36193
2000	415	7.85769	1.77862	3.3445
2000	416	3.61085	3.61113	5.44638
2000	417	14.8431	4.49838	5.63469
2000	418	4.29645	3.84181	0.105111
2000	419	4.76722	0.727252	2.42713
2000	420	4.47162	1.75976	2.43388
2000	421	11.0356	3.35263	3.91725
2000	422	5.26879	3.60635	3.78641
2000	423	4.0981	2.38454	1.55293
2000	424	4.63737	3.98875	5.98505
2000	425	4.64086	4.53509	4.87309
2000	426	5.63444	4.91144	1.78944
2000	427	5.12386	0.521068	3.11012
2000	428	2.91853	3.48117	4.74109
2000	429	3.70709	3.0917	2.26902
2000	430	3.29511	4.93105	1.54661
2000	431	2.91839	3.61705	2.35962
2000	432	7.80789	0.574885	3.19574
2000	433	2.08015	1.53906	6.06726
2000	434	5.40539	2.98008	5.67832
2000	435	3.86269	4.45914	5.83991
2000	436	5.94239	0.379786	2.09607
2000	437	1.30249	1.74629	2.74555
2000	438	3.05185	1.27682	0.801995
2000	439	2.39382	1.0597	0.117228
2000	440	11.4837	3.83167	4.58769
2000	441	0.62204	3.45848	5.87563
2000	442	18.0848	0.0371522	2.80734
2000	443	4.8503	4.21187	0.60155
2000	444	10.5184	2.54945	3.94768
2000	445	2.25147	3.08866	5.88627
2000	446	5.89787	0.837285	4.79932
2000	447	2.4321	3.48395	5.16606
2000	448	2.61013	0.429156	4.07198
2000	449	2.96061	3.09201	3.97453
2000	450	4.83049	2.99148	0.397284
2000	451	2.69488	3.92819	1.54944
2000	452	2.20302	4.56803	5.79605
2000	453	5.64162	0.677398	2.9049
2000	454	4.47381	4.41397	4.06174
2000	455	4.03626	3.8938	5.49688
2000	456	3.4827	2.74123	2.72658
2000	457	4.88329	0.445258	4.06467
2000	458	16.2024	0.799256	2.29795
2000	459	4.97069	0.733753	5.27939
2000	460	15.2156	0.616766	3.79256
2000	461	2.27021	3.89941	0.706589
2000	462	5.40314	4.92269	1.02976
2000	463	8.77073	1.5385	4.05735
2000	464	1.90602	4.16077	1.18655
2000	465	5.11759	4.05332	1.79595
2000	466	3.26356	1.89099	5.54531
2000	467	19.961	0.243225	3.51659
2000	468	3.29993	4.72719	3.93158
2000	469	13.0683	2.66681	4.07855
2000	470	4.08257	1.23329	0.60155
2000	471	5.27169	1.67783	3.72426
2000	472	5.23682	4.58308	1.37128
2000	473	1.33059	1.4825	6.03195
2000	474	2.2243	3.24358	0.680648
2000	475	16.5727	1.09301	2.93572
2000	476	6.30264	0.662107	3.18359
2000	477	4.7233	0.818407	0.311114
2000	478	6.11345	3.56619	3.15178
2000	479	4.05701	2.93929	2.19068
2000	480	5.94474	4.80098	1.20541
2000	481	4.9556	4.91668	3.224
2000	482	1.13787	2.1914	1.94376
2000	483	2.44654	3.27591	4.27364
2000	484	5.39942	0.90484	2.57676
2000	485	5.2941	4.79282	4.99297
2000	486	5.39413	3.85594	2.36707
2000	487	1.65081	2.55285	0.333851
2000	488	2.73027	3.89108	2.28736
2000	489	19.2106	2.90023	1.36439
2000	490	4.87553	1.51718	3.0692
2000	491	13.8947	1.8233	5.87803
2000	492	8.94107	0.559238	1.20637
2000	493	3.94283	0.423324	2.59795
2000	494	18.2553	0.438558	3.14106
2000	495	5.91661	3.6488	5.43587
2000	496	2.22818	0.215326	3.18506
2000	497	16.7189	4.99211	1.70703
2000	498	3.35145	2.28997	1.39376
2000	499	11.6108	4.15386	6.06528
4000	0	0.983281	3.34619	4.64371
4000	1	5.12916	0.542371	1.25992
4000	2	2.68394	0.638036	1.5135
4000	3	1.59874	1.04998	4.92857
4000	4	3.17778	2.08675	1.91622
4000	5	5.88376	1.29531	4.85566
4000	6	8.19055	0.93946	5.44995
4000	7	5.10439	0.922524	1.95541
4000	8	7.95545	2.12062	4.32794
4000	9	3.79533	4.77784	2.58281
4000	10	7.29571	4.33088	6.21601
4000	11	2.81932	1.62617	0.940717
4000	12	3.60466	3.15341	3.46319
4000	13	3.11346	0.174324	3.43665
4000	14	3.66982	2.20438	0.00784914
4000	15	19.3524	4.84346	4.38532
4000	16	1.84286	1.63268	1.735
4000	17	3.56111	4.41429	4.14024
4000	18	14.7985	1.65461	4.63318
4000	19	6.53611	3.57201	1.44345
4000	20	3.16171	0.589307	0.636052
4000	21	3.86777	1.92166	2.01323
4000	22	3.34862	4.58461	1.305
4000	23	5.21088	0.0695262	4.51012
4000	24	4.13152	2.75967	5.38939
4000	25	4.103	1.60744	3.51791
4000	26	6.69283	1.98413	2.89847
4000	27	3.90386	1.77014	2.4084
4000	28	3.69069	2.90153	5.21477
4000	29	5.062	3.91897	6.19711
4000	30	2.61231	4.85433	0.589928
4000	31	2.96088	1.17524	1.78929
4000	32	5.57479	2.92478	5.69756
4000	33	2.64177	3.00405	3.59552
4000	34	2.15155	2.47173	5.44548
4000	35	14.2643	0.365236	5.23448
4000	36	1.87199	1.38445	0.888598
4000	37	6.84172	2.62255	2.41519
4000	38	6.69887	4.91883	4.87714
4000	39	6.3628	1.03022	3.23158
4000	40	9.75006	2.85414	5.76121
4000	41	6.40315	2.21475	5.3073
4000	42	4.18789	0.137779	0.421278
4000	43	4.63387	2.85056	0.77344
4000	44	2.01846	1.54923	4.12005
4000	45	7.45755	1.34101	3.30276
4000	46	4.8172	1.35559	0.670519
4000	47	2.84566	4.89173	5.33227
4000	48	2.49939	3.96851	0.082307
4000	49	3.62953	2.38736	5.53787
4000	50	4.0064	4.9784	0.507044
4000	51	4.10466	0.0724185	2.03821
4000	52	3.63655	3.57954	1.44888
4000	53	4.02098	0.730822	0.315025
4000	54	1.82775	0.45395	5.70255
4000	55	3.49575	0.956198	2.39928
4000	56	7.76477	1.04732	0.455493
4000	57	4.33281	4.9278	3.063
4000	58	2.71936	4.47868	6.18797
4000	59	12.7697	2.29599	4.73775
4000	60	4.84555	3.34957	3.4579
4000	61	5.23104	1.17526	0.69817
4000	62	10.6382	2.74031	5.4385
4000	63	3.2731	4.37474	0.505132
4000	64	5.7035	3.64657	4.83558
4000	65	4.49417	1.66754	0.922929
4000	66	4.19511	1.39774	5.95309
4000	67	5.60096	1.57266	3.36526
4000	68	3.47432	3.75027	2.1138
4000	69	17.283	3.30151	2.77506
4000	70	3.76529	3.28136	1.1451
4000	71	0.0577951	0.695862	1.47279
4000	72	2.35669	1.99771	2.37885
4000	73	5.59002	0.0353798	3.50459
4000	74	5.99753	2.21047	6.16073
4000	75	4.24525	0.431975	1.89361
4000	76	1.78147	4.91572	4.41571
4000	77	4.92325	1.60377	1.53716
4000	78	15.9803	0.147799	1.88882
4000	79	2.12375	1.17896	5.93482
4000	80	4.83697	4.97505	2.50779
4000	81	6.92216	1.91327	6.0398
4000	82	7.04552	0.714541	5.9026
4000	83	2.40215	3.03137	3.21849
4000	84	6.11454	4.73791	4.79198
4000	85	5.51778	2.8509	1.26554
4000	86	10.0551	1.56056	4.44481
4000	87	3.83299	4.35588	0.881224
4000	88	5.01451	2.84281	2.44028
4000	89	4.76066	2.1527	5.02797
4000	90	4.88321	2.60638	6.02081
4000	91	5.90281	4.73667	2.04765
4000	92	3.18267	2.61454	4.22713
4000	93	3.87463	4.56148	2.72838
4000	94	5.81671	0.746977	5.10058
4000	95	3.63157	3.27614	5.85036
4000	96	16.9596	4.37124	6.12861
4000	97	4.37121	3.68562	0.137239
4000	98	6.05509	3.97844	1.72644
4000	99	2.70743	3.38884	4.74273
4000	100	2.07071	0.536204	1.44213
4000	101	4.52891	4.08931	2.21376
4000	102	4.7874	0.195872	4.59524
4000	103	2.31522	2.21802	5.63111
4000	104	4.42863	4.85404	2.58916
4000	105	4.85981	4.51899	4.70679
4000	106	3.38419	4.72063	1.58596
4000	107	5.02024	2.44473	2.72604
4000	108	6.71021	3.85375	0.0893209
4000	109	3.4092	2.5873	0.983067
4000	110	3.29157	2.73932	3.15831
4000	111	4.71688	2.17428	2.91518
4000	112	4.64396	2.13511	2.21309
4000	113	1.9549	3.89044	5.34654
4000	114	19.9645	3.40378	1.76891
4000	115	5.49685	4.91262	4.15597
4000	116	4.64487	4.48728	2.9674
4000	117	4.03299	2.8489	1.60017
4000	118	10.1036	1.35566	2.29212
4000	119	2.34872	0.0413804	2.72624
4000	120	4.56467	1.83982	2.39815
4000	121	5.34743	4.11622	1.55538
4000	122	15.351	4.02681	4.48465
4000	123	3.89457	0.275848	0.897358
4000	124	3.94164	2.5505	1.69326
4000	125	7.79875	0.392769	3.25694
4000	126	8.04216	3.66045	6.143
4000	127	11.6597	1.248	2.34115
4000	128	6.58826	4.16701	0.959755
4000	129	17.6324	2.56092	4.67673
4000	130	6.48482	2.65652	0.819717
4000	131	4.22072	4.02507	4.1995
4000	132	5.76258	3.53462	3.7988
4000	133	2.366	3.37099	1.13629
4000	134	15.6501	2.46041	3.56129
4000	135	2.57596	1.99629	1.42345
4000	136	5.52072	4.25302	3.61436
4000	137	2.51967	0.627156	1.41481
4000	138	0.177314	1.924	3.05719
4000	139	7.27328	4.0778	2.95019
4000	140	2.32814	2.09617	3.62673
4000	141	5.32939	2.94783	4.94452
4000	142	4.70908	1.10439	3.38578
4000	143	4.81248	3.36228	2.02798
4000	144	5.17509	1.72385	3.58769
4000	145	3.71098	1.34603	0.264877
4000	146	18.8019	2.42891	0.307636
4000	147	8.78098	4.25936	2.03698
4000	148	3.95452	3.47928	5.28967
4000	149	2.95035	1.68201	3.35608
4000	150	4.72985	4.37908	5.89366
4000	151	3.26078	4.47979	1.95015
4000	152	17.0765	2.06732	5.57301
4000	153	5.33722	1.55567	3.98106
4000	154	4.18009	1.80376	3.55326
4000	155	7.29543	1.97149	3.14789
4000	156	3.42079	3.519	5.73157
4000	157	3.58766	2.27072	3.46272
4000	158	5.13255	3.33929	5.18014
4000	159	2.39248	3.04519	0.546416
4000	160	11.3558	3.81223	0.667607
4000	161	3.21874	1.77877	1.05688
4000	162	4.78997	3.70681	3.21915
4000	163	2.24391	4.38313	5.89483
4000	164	2.27535	1.15895	1.20227
4000	165	11.5528	0.512095	0.668137
4000	166	6.95484	4.17909	3.47341
4000	167	5.62548	3.38183	4.52994
4000	168	4.75189	0.318181	4.56136
4000	169	2.94097	3.27013	6.25939
4000	170	0.625065	3.04801	2.03693
4000	171	4.0096	2.26005	5.4352
4000	172	4.37938	2.89578	3.46461
4000	173	3.49194	2.37526	0.218095
4000	174	7.17808	3.25544	4.5061
4000	175	3.08467	4.9069	4.46535
4000	176	6.05654	0.624689	2.67975
4000	177	3.22004	3.00281	6.2077
4000	178	4.44228	4.52466	2.04402
4000	179	5.45005	2.8722	1.51614
4000	180	2.29689	3.67193	4.96447
4000	181	2.83526	2.41081	4.85689
4000	182	3.31476	3.15096	2.31577
4000	183	9.74013	3.76181	1.26637
4000	184	3.28292	4.12377	0.241648
4000	185	16.6203	3.77157	2.73488
4000	186	4.32067	0.814932	0.184406
4000	187	13.226	4.95409	1.74672
4000	188	4.15933	1.05674	2.17172
4000	189	2.38493	1.31852	0.884259
4000	190	4.74527	4.64995	2.24527
4000	191	2.5059	2.89352	1.12357
4000	192	1.50606	2.80522	5.47424
4000	193	2.58618	0.0976267	5.8361
4000	194	2.92933	1.02527	1.1428
4000	195	13.3575	3.68262	0.281892
4000	196	2.88165	3.63588	0.799051
4000	197	5.72914	0.265437	4.05686
4000	198	5.79537	2.42561	0.31254
4000	199	6.34669	4.07375	1.73707
4000	200	4.10457	1.91737	0.302224
4000	201	2.94206	2.01652	3.23904
4000	202	5.77585	4.21215	4.45624
4000	203	6.91455	0.627228	1.58225
4000	204	2.04242	0.375612	0.500958
4000	205	3.02142	0.690658	4.73752
4000	206	2.15821	0.796069	4.6047
4000	207	10.2644	2.30707	0.0132082
4000	208	4.26508	2.27485	2.8406
4000	209	3.16502	0.33807	3.53057
4000	210	5.70487	2.69707	1.95346
4000	211	4.53825	0.736391	1.66344
4000	212	17.4304	1.3901	0.850738
4000	213	5.50466	2.01863	0.345043
4000	214	2.64682	3.77852	1.19574
4000	215	2.67138	0.330491	1.20129
4000	216	2.43154	1.46697	2.60218
4000	217	3.71878	3.05407	2.02404
4000	218	2.23037	2.26229	3.22751
4000	219	4.16085	4.5411	1.2885
4000	220	3.75897	3.69941	5.02903
4000	221	5.64839	4.471	5.05154
4000	222	3.69809	1.11	0.729008
4000	223	5.93117	1.46551	2.63241
4000	224	11.1342	4.32562	1.82285
4000	225	6.15991	4.96369	2.15523
4000	226	7.61375	2.75193	3.86031
4000	227	3.26948	3.86434	3.15759
4000	228	4.50687	0.929557	5.96219
4000	229	2.1125	0.80472	0.251454
4000	230	5.71226	2.06838	2.4461
4000	231	2.88546	3.2629	5.78984
4000	232	3.75785	4.73492	6.10215
4000	233	6.03008	2.86006	5.32831
4000	234	16.8774	1.72151	0.0304472
4000	235	2.80304	2.62896	4.36988
4000	236	4.71434	2.03185	5.48052
4000	237	14.0218	2.71811	4.90886
4000	238	5.16136	1.70271	6.26993
4000	239	2.19774	1.52049	1.41388
4000	240	12.1427	0.99333	0.978814
4000	241	4.84126	0.757787	0.644782
4000	242	3.61256	3.60361	3.94208
4000	243	3.04549	2.31133	5.61195
4000	244	11.9172	2.88405	5.55825
4000	245	2.15468	2.57304	1.73284
4000	246	2.4089	1.43782	4.82501
4000	247	13.2675	4.88915	4.29964
4000	248	12.161	2.22733	3.98606
4000	249	2.04876	3.63824	6.15834
4000	250	4.67565	2.50257	0.151838
4000	251	5.40926	2.41485	4.21136
4000	252	4.0032	3.21627	4.62569
4000	253	3.95179	1.71616	4.14698
4000	254	6.09352	4.07116	3.02805
4000	255	1.90343	4.69633	0.588613
4000	256	3.7123	4.88333	0.176094
4000	257	3.68804	1.93012	1.35769
4000	258	3.17607	1.41825	3.37476
4000	259	12.5155	2.68359	0.123223
4000	260	3.96002	2.23161	5.79903
4000	261	6.39021	0.578763	0.527571
4000	262	3.30761	4.5619	5.8232
4000	263	2.60416	2.15902	3.47006
4000	264	4.43126	0.261111	1.00905
4000	265	1.12017	3.89851	1.48861
4000	266	5.2184	1.98117	2.91159
4000	267	3.5655	1.06163	5.16669
4000	268	5.17889	4.62856	0.737079
4000	269	2.26064	4.08917	4.60355
4000	270	5.9539	2.87336	2.32163
4000	271	4.81769	2.86181	5.4474
4000	272	0.181614	3.96563	2.92302
4000	273	1.63647	4.2269	0.894369
4000	274	5.47789	2.13644	3.61599
4000	275	9.41674	1.6046	2.76904
4000	276	3.86216	2.57688	4.32226
4000	277	3.5561	1.2065	3.14313
4000	278	5.10302	2.67124	4.00572
4000	279	3.19477	1.28504	2.5457
4000	280	9.72154	4.73308	4.01313
4000	281	4.41479	1.48921	1.44987
4000	282	2.8455	0.580733	0.0995855
4000	283	2.20309	2.55081	4.94459
4000	284	5.6336	0.0301827	2.46258
4000	285	1.97257	3.53206	0.266767
4000	286	4.44713	3.49842	1.5895
4000	287	4.56629	3.45595	3.86401
4000	288	6.09567	2.63432	2.51966
4000	289	4.26524	4.25814	1.5535
4000	290	1.53251	3.38932	2.5048
4000	291	6.53609	4.9105	0.384682
4000	292	15.7649	0.210352	5.1606
4000	293	2.14109	4.47805	1.37305
4000	294	8.17691	4.7623	1.20689
4000	295	6.46676	3.01137	0.500148
4000	296	1.42919	1.85525	1.05486
4000	297	7.39599	2.19237	4.02463
4000	298	12.4254	1.51647	0.679235
4000	299	4.34034	2.18008	6.02551
4000	300	3.49028	1.9186	1.89939
4000	301	2.95877	4.68445	4.00914
4000	302	6.71349	0.469832	1.10661
4000	303	2.71239	4.28583	5.28838
4000	304	4.64606	4.40458	5.04145
4000	305	5.73474	3.02624	3.77562
4000	306	2.96857	3.79328	5.83654
4000	307	5.09185	0.264436	5.52791
4000	308	4.76096	3.61494	0.724996
4000	309	3.003	3.79714	1.91224
4000	310	3.27118	0.869925	3.77662
4000	311	12.0224	1.03025	4.56147
4000	312	2.89209	2.61936	6.04825
4000	313	3.2411	0.324677	3.70666
4000	314	5.10295	2.38879	1.8091
4000	315	8.46884	4.9868	4.73177
4000	316	2.74343	2.02505	2.62008
4000	317	5.1483	1.86221	0.269044
4000	318	4.98933	0.252826	6.07969
4000	319	5.54623	1.86552	2.96925
4000	320	5.56081	3.10249	3.69125
4000	321	2.77748	4.99459	1.80092
4000	322	3.01814	0.739646	5.36593
4000	323	2.60322	1.64973	3.4179
4000	324	3.44855	0.723195	2.11306
4000	325	6.5403	0.724068	5.88098
4000	326	2.60082	2.5216	5.38716
4000	327	4.20261	1.06527	4.96984
4000	328	4.76283	1.08453	1.0391
4000	329	3.03639	0.132067	4.59442
4000	330	5.68747	2.99663	2.13288
4000	331	3.87071	4.48886	1.57927
4000	332	5.73279	4.21289	2.13439
4000	333	19.3715	3.57499	5.26432
4000	334	5.72555	4.5413	3.0715
4000	335	5.17993	4.8913	3.5294
4000	336	2.82275	3.54513	3.8304
4000	337	2.08423	2.99999	6.21616
4000	338	5.64407	4.97351	5.53066
4000	339	7.14568	1.49283	4.79275
4000	340	6.51857	2.48221	2.16652
4000	341	8.78007	4.62578	5.90964
4000	342	10.8815	3.36632	1.21562
4000	343	4.83482	4.09175	5.38954
4000	344	5.31593	4.81966	1.55294
4000	345	5.0542	3.56928	4.83551
4000	346	3.54823	2.69189	1.02509
4000	347	3.75794	0.728662	0.849494
4000	348	3.59135	4.17398	5.51061
4000	349	4.84311	2.91029	2.7948
4000	350	17.631	2.34223	2.61098
4000	351	2.27567	0.0810414	4.40122
4000	352	5.41171	4.25917	3.58511
4000	353	3.75576	2.2507	1.57325
4000	354	2.15742	2.2151	0.989754
4000	355	4.12965	4.50119	0.623061
4000	356	3.3208	1.98491	1.78311
4000	357	7.01672	1.36344	1.18415
4000	358	5.12472	2.98228	3.61776
4000	359	13.1396	3.86971	5.34353
4000	360	1.20982	1.42126	4.06717
4000	361	18.5853	4.04644	4.83922
4000	362	5.72909	1.27245	5.71845
4000	363	16.1793	1.85941	5.215
4000	364	3.89498	2.74867	3.86931
4000	365	5.41504	3.18556	0.700158
4000	366	4.39676	3.66375	5.37993
4000	367	12.6961	0.334889	6.18379
4000	368	6.42923	4.98139	3.02504
4000	369	5.11556	4.0214	4.28634
4000	370	3.30472	1.15395	0.14831
4000	371	2.38182	0.19962	2.16051
4000	372	2.15909	2.96959	5.53933
4000	373	5.43101	0.943809	6.20444
4000	374	9.27095	4.84431	3.27491
4000	375	5.9561	3.55744	1.71278
4000	376	4.38642	1.54392	0.68107
4000	377	3.92463	3.71916	2.66028
4000	378	2.32415	0.894806	6.06578
4000	379	4.32077	4.50615	0.0803253
4000	380	4.31021	2.41339	3.02819
4000	381	5.38181	1.77997	3.18034
4000	382	5.49773	1.10751	2.26095
4000	383	4.99858	1.70659	5.41254
4000	384	4.26307	2.69131	3.73319
4000	385	4.02775	3.24451	3.64162
4000	386	4.95985	1.60916	2.78532
4000	387	3.53398	1.5656	0.785897
4000	388	2.53943	1.2255	5.99348
4000	389	3.58001	1.58666	2.20971
4000	390	13.4015	3.0924	2.90176
4000	391	4.94516	2.56812	0.0634295
4000	392	2.54791	4.33288	5.81003
4000	393	5.31301	3.66162	0.416473
4000	394	7.13183	2.60667	2.77543
4000	395	5.62137	0.447804	5.56299
4000	396	2.30669	4.74688	4.93575
4000	397	14.7135	3.0461	4.79527
4000	398	4.27721	1.19416	3.09382
4000	399	6.49978	1.86969	2.13053
4000	400	4.82777	4.0565	3.87702
4000	401	11.2711	4.70152	5.88464
4000	402	5.61725	1.1557	2.44714
4000	403	6.16939	4.20336	3.06136
4000	404	12.3212	4.18557	1.5907
4000	405	1.98869	0.633645	4.69742
4000	406	14.6321	2.54596	6.09993
4000	407	16.9996	0.83826	1.37012
4000	408	5.48551	3.57738	3.00154
4000	409	5.30995	0.10664	2.29761
4000	410	6.62328	0.710655	0.178278
4000	411	5.09113	2.27304	6.27544
4000	412	3.1771	1.45494	0.322572
4000	413	4.33582	3.9491	1.64914
4000	414	6.08159	2.59979	0.756868
4000	415	4.84975	1.13331	2.20337
4000	416	9.71193	4.51741	2.69023
4000	417	3.09299	3.48818	2.38236
4000	418	2.25275	3.34716	0.152079
4000	419	6.16774	0.579287	4.75444
4000	420	2.6339	2.2834	4.95118
4000	421	7.11038	4.85265	6.08112
4000	422	4.49167	2.75195	5.53503
4000	423	3.97594	0.748311	2.27952
4000	424	8.98022	2.04875	1.42427
4000	425	3.96271	0.501645	3.30155
4000	426	5.20611	1.20275	3.79767
4000	427	3.80572	0.218297	4.31835
4000	428	1.7993	1.00413	5.74286
4000	429	4.6866	1.66444	0.465167
4000	430	5.47294	4.24997	2.33056
4000	431	2.31234	3.94919	5.51325
4000	432	6.70592	3.81699	3.16177
4000	433	5.95719	3.39839	1.76685
4000	434	2.83168	4.59106	0.830281
4000	435	7.6448	3.08373	1.47815
4000	436	5.00454	4.68148	0.769375
4000	437	2.93736	4.03213	1.00731
4000	438	2.33048	4.16372	5.6428
4000	439	2.87197	4.23933	3.6771
4000	440	2.44128	0.638889	2.85195
4000	441	6.31286	0.0179049	4.81454
4000	442	3.9284	3.18684	2.54913
4000	443	5.2856	1.25467	2.59614
4000	444	10.4742	2.40375	2.54324
4000	445	2.47082	3.35522	5.51389
4000	446	15.5362	0.86193	4.46224
4000	447	3.09188	3.14588	4.04404
4000	448	6.94223	3.52416	1.11709
4000	449	3.88036	4.06293	1.47912
4000	450	4.38157	0.590586	0.488134
4000	451	5.34434	3.54231	4.29204
4000	452	1.87685	2.81482	0.0788251
4000	453	1.70128	0.608234	0.041799
4000	454	3.04494	4.13418	3.18022
4000	455	6.2524	1.34618	1.17215
4000	456	4.72083	1.40724	1.44018
4000	457	4.8051	0.216169	6.04793
4000	458	4.64693	3.26048	1.6921
4000	459	5.24587	0.565756	2.62091
4000	460	5.02054	4.72945	2.45935
4000	461	4.79668	0.901778	0.863474
4000	462	18.2764	1.77088	2.78122
4000	463	2.60934	1.12067	5.35138
4000	464	1.76661	4.178	0.683009
4000	465	14.3524	0.643956	2.08062
4000	466	1.40536	1.31137	4.0908
4000	467	3.76949	1.53268	1.21764
4000	468	2.67864	1.91287	2.7516
4000	469	5.13634	4.15729	2.94525
4000	470	5.68927	3.55383	5.52167
4000	471	3.0704	2.75134	2.68366
4000	472	13.4462	4.24989	1.57308
4000	473	4.19076	1.50526	2.55623
4000	474	3.5188	0.235311	3.18694
4000	475	3.42294	2.59589	4.68442
4000	476	6.12662	3.28824	4.51554
4000	477	2.28546	1.52393	1.09363
4000	478	4.4843	0.0377814	3.60473
4000	479	3.07936	3.30009	1.20965
4000	480	6.88831	1.09381	2.11868
4000	481	2.14079	4.45829	0.48112
4000	482	2.8255	0.928055	2.05835
4000	483	5.76313	1.998	3.05832
4000	484	13.6764	4.35375	0.42554
4000	485	2.05258	0.939517	1.34635
4000	486	2.13962	4.17274	4.5059
4000	487	9.92028	1.43195	5.2386
4000	488	0.361614	3.31207	4.62263
4000	489	8.57608	0.481051	4.75498
4000	490	4.55151	3.30011	5.70972
4000	491	6.32205	1.98517	1.30538
4000	492	10.8899	2.87952	2.83592
4000	493	8.92522	0.185287	2.95748
4000	494	11.3938	4.63946	6.2452
4000	495	11.7274	1.81213	0.971672
4000	496	2.47151	3.73183	0.939569
4000	497	5.14017	0.73157	4.27281
4000	498	2.56681	1.0562	1.29043
4000	499	3.12587	3.95427	5.71455
6000	0	7.68805	2.04661	5.58487
6000	1	5.79414	0.987996	1.24681
6000	2	4.03502	2.88419	2.86285
6000	3	5.41507	0.52445	6.11496
6000	4	4.28726	4.60826	0.0530395
6000	5	19.2436	4.61812	1.6034
6000	6	3.68815	2.66893	2.51177
6000	7	4.79286	2.38609	3.42597
6000	8	4.5063	2.86745	1.89711
6000	9	7.0748	1.34505	5.87093
6000	10	5.50309	3.18893	1.50166
6000	11	3.75611	1.16277	5.77924
6000	12	3.15231	1.22925	0.158962
6000	13	5.22875	3.19348	3.10448
6000	14	7.1564	4.4681	2.14212
6000	15	5.66411	0.239979	1.92577
6000	16	3.68009	0.809776	2.20773
6000	17	5.2425	2.32696	2.88979
6000	18	4.12478	1.39231	3.2591
6000	19	2.63395	4.5443	2.86393
6000	20	2.25661	2.08084	1.69976
6000	21	3.78623	0.521614	2.5423
6000	22	2.74351	4.34328	1.04506
6000	23	4.43517	1.13058	1.39128
6000	24	8.20634	0.699885	3.3716
6000	25	5.71279	4.96941	4.13182
6000	26	2.93051	2.06444	0.94706
6000	27	4.26711	1.89321	4.37887
6000	28	4.25733	0.698909	3.28427
6000	29	10.8225	2.7929	3.00292
6000	30	2.90694	2.87158	5.49297
6000	31	7.80865	1.15443	4.08572
6000	32	6.53313	0.259941	3.71789
6000	33	19.7319	3.20373	3.67234
6000	34	5.82166	3.72668	3.65046
6000	35	2.63148	3.39578	4.15706
6000	36	5.48814	2.53493	3.48798
6000	37	3.24707	1.61044	4.91862
6000	38	4.34384	3.83086	4.92298
6000	39	1.43249	4.74441	1.01634
6000	40	15.8204	4.94093	4.46264
6000	41	1.71136	4.08684	4.74383
6000	42	3.22539	4.98288	1.01768
6000	43	3.38899	1.87092	5.53761
6000	44	6.93329	1.92072	2.54547
6000	45	3.31832	4.0244	3.97664
6000	46	4.53718	1.65334	1.88043
6000	47	6.57515	3.95755	3.18024
6000	48	12.3144	1.12281	4.2016
6000	49	6.87143	4.64131	0.398961
6000	50	5.72865	3.54492	4.40422
6000	51	3.84049	1.72611	0.678641
6000	52	4.90552	4.05363	4.56196
6000	53	5.09827	4.04253	2.7019
6000	54	4.9714	4.19317	0.754274
6000	55	5.44509	0.980567	2.49329
6000	56	3.55825	0.945989	5.10049
6000	57	2.25455	0.650939	1.01298
6000	58	6.72276	2.29206	2.76849
6000	59	14.7772	3.71973	3.34778
6000	60	8.79801	2.09448	4.16427
6000	61	3.7375	2.69735	3.04494
6000	62	3.27722	4.71598	5.29004
6000	63	5.00859	4.95038	1.19677
6000	64	13.3833	3.36202	0.879169
6000	65	3.30051	1.21216	1.65701
6000	66	11.1113	1.71319	6.05969
6000	67	2.83562	0.315951	2.13202
6000	68	5.89202	1.61953	4.2091
6000	69	4.27803	3.86328	1.85591
6000	70	6.08251	0.832194	3.56534
6000	71	4.91751	2.6481	4.40757
6000	72	3.19978	2.04001	4.64445
6000	73	4.7882	3.03042	1.40873
6000	74	0.572888	4.93835	0.686879
6000	75	6.4613	4.01939	4.4659
6000	76	3.34003	1.93146	6.27871
6000	77	2.58002	3.30349	6.16608
6000	78	5.46648	3.38962	3.78395
6000	79	2.15679	4.1438	1.18908
6000	80	2.7541	4.17576	1.20966
6000	81	4.58217	3.79495	2.62266
6000	82	3.52446	1.90134	3.61422
6000	83	8.67688	3.14157	0.170525
6000	84	4.68767	4.81161	2.72713
6000	85	14.1174	2.07815	3.93235
6000	86	4.84457	0.000169295	6.24578
6000	87	6.56475	0.146366	2.8228
6000	88	3.52441	0.740139	3.96186
6000	89	4.92657	2.33841	0.861661
6000	90	5.24733	0.801231	0.790816
6000	91	5.56225	4.53877	4.33663
6000	92	2.71467	0.202977	1.31016
6000	93	5.36446	2.13561	1.46495
6000	94	3.35027	4.20978	0.00314727
6000	95	4.10701	2.96741	4.71755
6000	96	3.14426	2.91836	4.65648
6000	97	19.5157	2.22593	5.12707
6000	98	5.72399	4.22037	0.170265
6000	99	5.12181	4.31823	2.68212
6000	100	7.20719	0.181197	5.49144
6000	101	7.22413	1.52083	1.78682
6000	102	6.02262	2.02771	0.156486
6000	103	5.85544	3.19143	4.80009
6000	104	5.03426	4.85445	2.22499
6000	105	5.52452	0.364704	3.07259
6000	106	4.34835	2.1462	3.22026
6000	107	5.34807	4.40098	3.89328
6000	108	2.93318	0.602958	5.59979
6000	109	2.03343	4.05115	5.58048
6000	110	4.1348	1.76987	0.0972488
6000	111	4.03393	4.27392	5.82769
6000	112	3.30935	2.94879	0.882103
6000	113	11.4197	0.366214	1.81596
6000	114	4.10604	2.12174	3.05923
6000	115	2.85416	3.87537	1.57453
6000	116	3.4833	3.51695	2.30809
6000	117	11.9897	0.801023	0.850404
6000	118	5.99759	2.85195	3.31178
6000	119	2.34487	3.28599	0.873594
6000	120	14.3018	4.4598	2.66528
6000	121	3.32884	3.70436	6.22648
6000	122	4.25964	3.32317	3.72611
6000	123	19.3371	3.41559	1.19867
6000	124	1.51017	3.69456	6.08142
6000	125	6.68151	1.4768	5.56954
6000	126	4.54246	2.51217	2.90809
6000	127	2.33808	1.86391	5.68472
6000	128	6.33955	0.959035	5.80536
6000	129	5.08647	3.7558	3.90253
6000	130	5.29163	1.36571	2.97395
6000	131	4.3218	0.00310796	3.07502
6000	132	10.78	2.99074	5.52617
6000	133	2.40153	2.7091	0.978918
6000	134	1.09283	0.78491	6.25611
6000	135	6.04574	1.40244	5.59089
6000	136	2.29182	1.70123	6.28211
6000	137	14.4495	1.88155	1.53237
6000	138	6.23248	2.21572	1.77697
6000	139	3.59335	2.42822	3.36786
6000	140	7.28863	0.468032	0.700307
6000	141	19.3786	4.86838	2.78326
6000	142	3.89496	4.52985	3.92923
6000	143	8.02235	0.0780304	4.10471
6000	144	5.50065	0.421605	0.914435
6000	145	2.66067	1.44016	3.63719
6000	146	5.81143	0.397367	3.85367
6000	147	2.38838	4.08724	6.15804
6000	148	5.20701	3.35641	4.95321
6000	149	3.08269	3.94207	5.90184
6000	150	8.17746	2.00423	0.474679
6000	151	4.96976	3.3513	0.49853
6000	152	1.94158	3.02416	5.05189
6000	153	17.3168	0.289671	3.69579
6000	154	2.68719	0.579322	5.01624
6000	155	9.95147	1.32892	0.567219
6000	156	17.5379	0.748355	1.32471
6000	157	3.98217	3.85141	2.92969
6000	158	5.04583	2.28683	2.33497
6000	159	10.2393	3.53022	2.30629
6000	160	6.95582	3.23328	0.011448
6000	161	6.95724	4.47004	3.66934
6000	162	2.40192	3.50033	2.43342
6000	163	2.655	2.59158	0.796936
6000	164	4.01019	1.90275	0.0364064
6000	165	2.43061	2.02384	1.71047
6000	166	4.68081	1.79948	5.8416
6000	167	4.46466	0.517862	3.03515
6000	168	2.38559	2.47138	1.92531
6000	169	4.21088	0.377794	2.60223
6000	170	4.93131	0.438826	0.186757
6000	171	17.4258	3.59629	6.13073
6000	172	2.2356	2.52582	1.156
6000	173	12.1797	0.087365	0.024303
6000	174	6.55995	4.37235	4.25382
6000	175	11.7649	0.812779	1.57213
6000	176	1.96566	4.21621	0.484099
6000	177	11.7787	1.40059	0.514026
6000	178	1.94372	0.638854	4.53123
6000	179	2.89743	3.01839	1.55654
6000	180	0.420869	1.08894	2.64113
6000	181	6.20269	2.72099	3.69724
6000	182	4.2143	0.600232	3.5305
6000	183	2.27139	4.80814	1.81781
6000	184	3.44709	1.96853	3.64255
6000	185	2.41081	0.140805	0.0139316
6000	186	19.1179	4.11867	5.34879
6000	187	5.59983	0.29104	2.79766
6000	188	3.07571	3.29942	1.57951
6000	189	10.1354	2.85598	0.771216
6000	190	3.39361	3.11709	1.38911
6000	191	6.78577	3.4933	0.550926
6000	192	1.90438	2.57261	4.72282
6000	193	5.37873	4.18944	0.186027
6000	194	2.12384	4.59455	3.91306
6000	195	3.87394	1.24517	3.71923
6000	196	3.17664	4.29594	4.37024
6000	197	6.18906	3.00137	0.747505
6000	198	4.92029	2.81153	1.18818
6000	199	2.06699	2.92999	5.42238
6000	200	6.24747	1.99907	5.25819
6000	201	11.8124	0.156095	1.90087
6000	202	7.75325	4.1211	2.75864
6000	203	0.540711	0.587807	3.21867
6000	204	6.69872	4.79064	5.23509
6000	205	4.51527	3.81904	0.895163
6000	206	3.95534	0.211647	5.04135
6000	207	3.25368	2.8576	2.94061
6000	208	4.63756	4.88806	1.61244
6000	209	3.46338	2.63345	0.185073
6000	210	3.41977	4.26566	2.4863
6000	211	3.18111	1.35235	0.750064
6000	212	6.07014	1.7305	2.54148
6000	213	12.4631	3.07989	6.22815
6000	214	13.8073	4.13866	3.31002
6000	215	3.88832	3.52515	6.12756
6000	216	5.20723	1.46874	3.45664
6000	217	3.84309	4.48875	4.46965
6000	218	7.13298	0.0474763	5.05108
6000	219	6.21797	1.77405	1.81059
6000	220	6.31242	3.90181	5.87867
6000	221	5.29773	1.05938	6.25898
6000	222	3.57141	4.5003	3.16116
6000	223	3.6449	2.22277	2.76796
6000	224	2.00671	3.23079	2.93721
6000	225	4.86618	4.32135	4.23852
6000	226	4.96072	1.2714	0.901399
6000	227	15.5368	1.8838	4.38157
6000	228	5.28895	1.33696	5.60791
6000	229	7.01762	3.71087	1.63113
6000	230	6.75427	1.37861	3.19572
6000	231	2.25066	4.7351	5.83595
6000	232	3.56235	2.20808	2.55217
6000	233	5.30493	3.76673	5.35454
6000	234	18.6325	0.495359	3.39861
6000	235	15.5281	2.73966	5.36165
6000	236	6.39911	4.51139	0.853152
6000	237	4.60158	4.23286	6.20974
6000	238	4.21509	4.47552	1.80131
6000	239	3.774	3.3003	1.3804
6000	240	2.52558	2.81164	1.01979
6000	241	4.3587	4.3022	1.0178
6000	242	15.926	3.15102	1.95521
6000	243	3.23447	0.446127	1.56937
6000	244	5.21724	4.5672	2.94464
6000	245	5.18076	1.62957	2.27211
6000	246	4.30878	0.808269	4.87438
6000	247	5.82727	1.98961	2.98835
6000	248	3.98377	1.07211	5.14702
6000	249	3.62527	3.82313	1.04505
6000	250	9.6234	0.58461	2.94202
6000	251	3.04104	4.85791	5.74972
6000	252	2.69722	1.59886	2.86368
6000	253	4.10565	3.21862	5.24429
6000	254	5.69839	3.7045	2.69096
6000	255	3.845	3.68455	4.05025
6000	256	7.35144	2.67657	3.4212
6000	257	13.0935	2.9604	1.81969
6000	258	1.87055	1.93629	4.6771
6000	259	2.80128	0.302465	1.47548
6000	260	4.88116	0.811538	4.52454
6000	261	0.157395	4.69949	0.988085
6000	262	5.39821	4.06848	2.69638
6000	263	11.3006	3.29962	3.31048
6000	264	5.79378	0.546076	1.80582
6000	265	2.58068	1.46561	5.93472
6000	266	5.09895	3.43451	3.23414
6000	267	1.6416	3.87952	3.55763
6000	268	5.61323	1.38073	2.88659
6000	269	4.59063	0.489452	0.277213
6000	270	2.21854	0.126553	4.24663
6000	271	3.54459	4.80861	2.2898
6000	272	4.45159	1.67933	1.22662
6000	273	5.84544	4.87775	1.33686
6000	274	3.48467	0.46485	3.02202
6000	275	3.01546	4.12099	5.75237
6000	276	3.20715	2.56327	0.368235
6000	277	8.43414	4.80043	4.0341
6000	278	5.7074	2.66827	4.26637
6000	279	3.75254	4.24672	1.00053
6000	280	4.25669	3.11274	1.23576
6000	281	7.86653	2.27761	5.88664
6000	282	16.1926	0.511746	1.04572
6000	283	4.32551	0.0994996	5.36177
6000	284	3.01427	3.61266	3.90417
6000	285	4.3433	2.94825	0.720434
6000	286	7.61253	2.26877	3.13587
6000	287	18.1185	3.5409	2.36984
6000	288	2.72925	4.50023	4.95386
6000	289	13.4058	3.49063	2.97592
6000	290	2.86166	0.804718	5.05425
6000	291	6.39188	0.851533	1.74111
6000	292	3.84951	1.82766	2.63005
6000	293	2.28921	0.83819	5.4385
6000	294	7.76919	2.32219	4.66821
6000	295	2.43001	1.96411	0.434693
6000	296	3.14356	1.66268	2.11758
6000	297	15.0844	0.0761347	5.06278
6000	298	10.9495	0.00218695	0.502141
6000	299	6.05303	1.40793	1.05104
6000	300	6.07044	4.94246	5.09139
6000	301	5.41794	1.65755	3.42014
6000	302	6.87888	2.76246	1.49168
6000	303	1.47716	2.37602	5.42725
6000	304	4.51561	3.28189	4.82966
6000	305	7.18896	0.590802	5.78168
6000	306	3.7329	4.26156	4.0025
6000	307	4.29375	2.55007	6.13637
6000	308	5.72055	3.31405	1.06035
6000	309	5.31114	1.85638	4.85483
6000	310	3.87717	2.72016	1.68561
6000	311	2.43434	4.94514	0.181835
6000	312	2.13581	1.20069	5.91815
6000	313	6.91091	3.99465	2.34279
6000	314	2.83031	0.459147	3.89318
6000	315	3.91754	3.01911	0.144053
6000	316	3.7446	1.57325	0.822536
6000	317	4.80191	1.97452	0.34448
6000	318	6.1625	0.0184981	3.49625
6000	319	4.51233	4.4857	5.38716
6000	320	4.98207	0.758713	4.75675
6000	321	2.56329	4.16079	0.333215
6000	322	2.58359	0.669711	2.22477
6000	323	10.7283	2.88957	1.54595
6000	324	4.92061	1.93651	4.85599
6000	325	3.06048	2.0852	1.33223
6000	326	4.09705	2.30399	0.595291
6000	327	8.97892	3.35777	5.92318
6000	328	3.64053	0.796547	4.42622
6000	329	4.42668	3.91264	1.52064
6000	330	18.2211	0.956285	3.36747
6000	331	2.76685	3.00496	4.90186
6000	332	5.62082	4.94954	2.55645
6000	333	3.94731	1.43345	5.54998
6000	334	5.2948	2.56414	0.279174
6000	335	4.57071	1.39749	0.315332
6000	336	3.59939	1.54758	0.586585
6000	337	5.35046	1.38457	4.18225
6000	338	2.09338	0.970216	5.38217
6000	339	4.7082	0.61094	0.248106
6000	340	3.0943	2.77579	2.53596
6000	341	2.58818	1.06345	2.80013
6000	342	7.70702	1.93419	4.49411
6000	343	2.43338	3.86389	2.25931
6000	344	4.03386	0.287726	2.8653
6000	345	6.27265	3.74138	5.64588
6000	346	3.32511	0.300713	3.95299
6000	347	3.3311	4.83227	4.44181
6000	348	2.3407	0.268135	2.2479
6000	349	4.88217	1.42509	3.22669
6000	350	1.16238	2.27281	0.796552
6000	351	13.8046	2.44545	2.64315
6000	352	3.72603	0.607475	1.981
6000	353	2.43216	1.21853	0.337447
6000	354	5.63601	0.933008	5.96238
6000	355	14.8716	2.29288	2.49693
6000	356	6.68231	3.70775	6.27915
6000	357	5.25964	0.43267	0.502094
6000	358	16.2289	2.5507	4.22605
6000	359	5.4902	0.800106	1.6594
6000	360	5.05097	2.87205	2.65487
6000	361	14.8268	1.53569	0.247606
6000	362	3.78367	1.50695	2.18986
6000	363	4.2614	2.37008	3.64165
6000	364	11.7241	1.70201	4.53684
6000	365	3.8592	0.646054	4.88995
6000	366	2.27302	3.03182	1.28208
6000	367	14.2934	0.466107	5.36252
6000	368	3.31532	2.21864	5.18151
6000	369	5.10648	0.178424	4.33024
6000	370	18.4282	1.45373	4.60726
6000	371	3.01102	3.351	0.828333
6000	372	7.04416	0.791059	6.26557
6000	373	4.61119	4.01125	4.48257
6000	374	6.63417	3.89088	5.063
6000	375	3.91375	3.94248	2.38973
6000	376	8.24422	3.01552	5.25814
6000	377	5.41657	3.57687	1.84641
6000	378	5.07467	2.88771	4.98327
6000	379	6.51987	4.59602	3.24802
6000	380	3.0592	4.37805	4.98028
6000	381	5.86732	1.0691	2.50175
6000	382	4.52692	2.47338	3.77235
6000	383	4.38179	4.74408	3.10028
6000	384	4.82357	3.2798	2.96294
6000	385	1.79529	3.82257	1.81973
6000	386	4.96729	2.1417	2.69285
6000	387	4.36572	2.20918	4.0333
6000	388	5.5974	3.00061	2.35722
6000	389	3.54586	3.35442	1.02208
6000	390	2.50753	4.51837	0.540359
6000	391	2.84698	2.35331	1.30937
6000	392	4.76588	1.97901	5.23408
6000	393	5.17218	2.34276	4.92341
6000	394	3.73011	2.13458	0.00831046
6000	395	15.1361	2.13307	3.29867
6000	396	2.9111	2.14167	0.328521
6000	397	7.6948	0.0556312	4.8671
6000	398	5.98966	1.14568	4.71379
6000	399	6.26931	2.22445	4.75499
6000	400	4.11782	3.17334	2.37592
6000	401	5.21053	2.55774	4.27563
6000	402	6.8319	2.00631	2.72066
6000	403	6.35215	1.42433	3.57966
6000	404	2.36838	2.13432	5.33748
6000	405	4.9318	3.20218	3.34695
6000	406	17.9845	1.00142	3.23928
6000	407	4.50973	1.56551	3.10694
6000	408	3.02885	0.246494	3.63336
6000	409	2.4074	3.56218	0.511006
6000	410	3.31582	4.61964	2.30247
6000	411	4.69754	1.3097	4.25764
6000	412	2.59676	0.365103	3.89659
6000	413	1.81038	1.64426	4.67213
6000	414	4.47165	1.41577	3.24215
6000	415	13.5753	0.0476447	4.16937
6000	416	10.5524	1.61459	4.49073
6000	417	2.45408	3.07524	3.20737
6000	418	4.22198	3.3985	6.22676
6000	419	1.87854	4.97145	1.39432
6000	420	11.1223	0.931167	5.48486
6000	421	2.6861	1.56226	0.0574723
6000	422	4.55193	2.7014	4.40681
6000	423	3.26316	0.664846	5.11604
6000	424	5.65087	1.25873	1.17028
6000	425	3.41776	3.81401	3.74095
6000	426	2.50797	0.933418	2.26587
6000	427	5.88171	4.89655	1.89931
6000	428	1.52604	2.6132	3.27921
6000	429	4.94723	4.64474	3.58979
6000	430	5.49233	1.94214	4.78405
6000	431	1.79695	0.277791	5.62584
6000	432	0.794243	0.782316	4.29253
6000	433	3.20988	1.8338	0.753214
6000	434	10.6797	0.29884	2.27792
6000	435	6.36353	3.58703	4.06924
6000	436	5.55362	3.29067	3.37387
6000	437	17.9026	3.37707	3.46472
6000	438	7.61466	0.591463	0.977639
6000	439	5.37794	4.85721	5.10634
6000	440	4.76454	3.60809	4.17456
6000	441	4.55585	4.99191	1.48647
6000	442	6.47599	3.66435	1.50944
6000	443	3.70251	0.297272	1.146
6000	444	4.94423	3.82214	6.17991
6000	445	5.98617	0.222687	2.32836
6000	446	9.11339	4.31588	1.1089
6000	447	6.50516	0.890283	4.16499
6000	448	3.87637	3.05276	5.28084
6000	449	15.5503	2.32237	0.0534031
6000	450	5.00651	0.905342	0.398666
6000	451	11.0761	2.68669	1.2232
6000	452	5.03696	0.347345	1.15848
6000	453	9.70775	1.43281	5.86356
6000	454	4.89767	3.69147	1.08398
6000	455	6.12204	2.41227	1.0881
6000	456	19.872	1.59281	4.01015
6000	457	19.6842	1.17665	4.93438
6000	458	2.05913	0.18379	5.38451
6000	459	3.40657	0.0521475	2.34436
6000	460	3.33168	3.36549	4.22676
6000	461	5.2789	3.50902	4.36911
6000	462	12.4648	2.61217	1.75324
6000	463	6.86174	4.58228	4.69149
6000	464	2.49549	0.272787	5.37274
6000	465	2.4334	2.45384	4.48657
6000	466	2.58223	1.95334	4.54636
6000	467	4.16695	2.38621	0.0912293
6000	468	4.65118	0.469044	4.10891
6000	469	3.2577	2.28981	0.0463048
6000	470	5.91732	0.714644	4.85544
6000	471	7.46679	3.16845	3.82606
6000	472	15.2986	3.76747	5.74394
6000	473	5.62462	2.18778	3.84678
6000	474	1.77386	1.08221	2.59635
6000	475	4.74119	3.34794	0.222156
6000	476	3.45805	2.86788	3.72203
6000	477	3.74145	0.114677	1.12777
6000	478	4.16331	1.17615	1.59214
6000	479	3.77359	4.82153	4.1224
6000	480	6.18984	3.36345	0.489935
6000	481	16.7515	4.44712	0.246663
6000	482	5.61722	2.74528	2.82706
6000	483	1.64257	0.462394	2.3987
6000	484	4.49332	1.25045	0.720759
6000	485	2.32419	1.28767	5.46193
6000	486	4.53279	3.12712	2.67741
6000	487	3.47029	0.814053	5.87564
6000	488	4.11934	1.83471	4.88456
6000	489	9.77412	4.25424	2.68435
6000	490	3.28968	3.56048	3.61495
6000	491	3.07543	0.590364	1.31391
6000	492	2.84835	1.36378	2.99968
6000	493	4.66728	1.48976	2.55797
6000	494	5.17055	4.18274	5.1948
6000	495	3.11844	3.20778	4.81473
6000	496	4.28514	4.75792	6.05238
6000	497	4.50393	3.42843	1.93674
6000	498	4.72182	1.68137	4.36986
6000	499	6.56255	4.00314	0.887293
8000	0	4.18588	2.63402	3.07138
8000	1	9.32782	3.00082	0.578968
8000	2	5.16649	2.67441	2.27269
8000	3	7.79004	1.75752	5.23522
8000	4	4.46632	1.3923	0.530273
8000	5	2.42606	0.0194574	5.20214
8000	6	4.39029	3.52748	3.39942
8000	7	10.8665	0.493567	5.27596
8000	8	3.98779	4.21584	0.568589
8000	9	4.2283	4.322	1.02181
8000	10	5.4407	0.579091	4.6762
8000	11	4.64994	0.586124	4.24481
8000	12	2.55496	0.0769951	3.45561
8000	13	11.6095	3.08431	1.38296
8000	14	3.52253	0.384388	4.83811
8000	15	3.38939	4.06302	0.712398
8000	16	4.5277	2.95618	4.71894
8000	17	3.35392	0.446347	3.38101
8000	18	7.13333	2.77466	4.94275
8000	19	3.79917	1.43255	1.11565
8000	20	14.3647	4.45726	3.70001
8000	21	4.94881	4.04832	6.07313
8000	22	10.2767	0.486409	1.29794
8000	23	5.73779	3.65252	2.36948
8000	24	4.12536	3.31869	5.90365
8000	25	7.13214	1.68539	2.37192
8000	26	3.52157	0.740224	3.69671
8000	27	6.17508	4.2541	1.12181
8000	28	4.36262	0.409187	2.03951
8000	29	17.8359	2.03758	4.54837
8000	30	2.8847	0.272937	4.72176
8000	31	4.8985	0.618052	3.81926
8000	32	5.00976	2.05436	3.00237
8000	33	4.47685	4.0338	1.51491
8000	34	14.8905	4.55973	0.92716
8000	35	19.6786	4.78686	2.34167
8000	36	4.2196	0.583176	2.63183
8000	37	4.8047	4.10723	1.71276
8000	38	10.2738	4.38978	2.93667
8000	39	6.11253	1.91965	0.191082
8000	40	4.98715	0.455352	1.42526
8000	41	3.71821	1.99278	2.34921
8000	42	4.72548	1.91177	1.58642
8000	43	0.858211	2.68921	0.991051
8000	44	15.0264	1.15038	0.729868
8000	45	2.63653	2.71825	3.03354
8000	46	5.42247	2.0974	1.57298
8000	47	4.31541	3.51829	0.754601
8000	48	4.59748	0.492818	1.42979
8000	49	3.4809	0.429413	5.67725
8000	50	3.61261	3.77003	4.93083
8000	51	1.96813	1.31481	4.87416
8000	52	5.76536	0.407971	3.51713
8000	53	3.08584	4.93813	3.33197
8000	54	4.10448	3.8658	2.16571
8000	55	3.56697	3.47252	6.10471
8000	56	5.28186	4.86116	3.32122
8000	57	1.00056	2.56587	5.09649
8000	58	3.37057	3.29897	3.46192
8000	59	2.68119	0.648813	4.46839
8000	60	16.4255	4.38594	5.75061
8000	61	2.54799	0.642865	2.45175
8000	62	6.52631	0.0569966	5.84476
8000	63	5.6862	0.635051	4.58531
8000	64	4.5697	4.42328	3.74876
8000	65	3.07456	2.18467	0.914834
8000	66	4.90194	3.56552	1.73056
8000	67	6.10406	0.878165	3.83114
8000	68	3.95581	0.0494571	0.0963364
8000	69	2.52998	2.42045	6.135
8000	70	7.99313	2.74076	4.75553
8000	71	2.67123	3.21547	4.24503
8000	72	9.2827	4.75615	1.01541
8000	73	6.26864	3.93408	5.14722
8000	74	3.04621	3.79639	2.31233
8000	75	7.739	4.88634	2.36503
8000	76	9.23749	1.98039	3.31683
8000	77	4.19601	4.55539	4.73701
8000	78	2.64004	2.28477	2.28761
8000	79	3.89526	4.64333	3.77505
8000	80	4.33614	1.24004	0.750914
8000	81	3.89992	2.6988	1.90406
8000	82	3.68719	3.37533	3.66742
8000	83	5.16129	4.31198	1.78385
8000	84	5.36669	1.19807	2.36503
8000	85	5.70764	4.98998	1.24818
8000	86	7.12171	3.37443	2.74122
8000	87	11.2474	2.9172	4.15576
8000	88	3.64765	1.70573	5.47149
8000	89	5.94479	4.17631	4.16808
8000	90	2.32303	4.2773	5.94707
8000	91	15.0862	2.19388	0.52799
8000	92	3.68045	0.537804	4.15271
8000	93	2.36011	0.766577	1.09057
8000	94	2.30629	3.88938	1.47849
8000	95	5.72046	4.25163	5.52477
8000	96	12.5523	2.40851	2.48921
8000	97	2.39865	3.64892	0.250471
8000	98	2.6832	3.75075	0.622145
8000	99	15.5446	0.945177	2.63958
8000	100	2.64087	1.10174	1.65677
8000	101	1.0732	1.11594	1.71307
8000	102	16.841	3.72727	2.67161
8000	103	3.56699	0.419414	2.17204
8000	104	10.1941	4.82701	3.67541
8000	105	8.43616	4.30394	0.646288
8000	106	2.62112	4.19784	2.9604
8000	107	5.40695	4.52422	1.82755
8000	108	4.35788	0.798574	0.0997848
8000	109	15.9716	3.57254	5.6873
8000	110	3.88304	2.76456	2.88831
8000	111	7.73826	1.49442	5.46192
8000	112	3.10243	4.40325	4.54381
8000	113	3.0802	1.78955	2.17458
8000	114	4.76048	4.64907	3.45354
8000	115	6.96926	4.53271	5.64078
8000	116	10.556	4.65259	1.67029
8000	117	6.10623	1.39611	1.44853
8000	118	4.05067	3.66387	2.43127
8000	119	3.96424	3.55255	3.61703
8000	120	4.87834	1.95136	4.79442
8000	121	2.48222	3.85086	2.3637
8000	122	0.994612	2.29783	1.41449
8000	123	5.23714	3.54746	2.64703
8000	124	3.72345	1.14066	2.66392
8000	125	4.77377	2.40416	2.74049
8000	126	2.6464	4.53452	5.98559
8000	127	5.03023	4.29614	3.42892
8000	128	2.34631	1.65019	5.58828
8000	129	8.97826	0.888356	1.7282
8000	130	4.74972	3.83774	2.90339
8000	131	2.59947	3.60297	4.30777
8000	132	6.61628	2.58184	1.14726
8000	133	8.00024	4.8223	3.98911
8000	134	2.83171	4.82981	5.228
8000	135	1.96309	4.16848	3.33086
8000	136	4.71364	1.24578	5.58499
8000	137	6.46308	2.14777	0.257905
8000	138	5.26448	1.34908	4.21681
8000	139	5.91896	1.2522	2.54416
8000	140	2.58713	1.6198	5.70142
8000	141	1.66192	3.45204	4.54375
8000	142	1.04727	0.88075	3.46564
8000	143	4.53062	1.09233	4.4857
8000	144	7.07973	1.24934	5.86597
8000	145	4.2094	3.74104	4.67169
8000	146	5.61963	0.066895	5.11558
8000	147	2.04454	1.20369	1.28496
8000	148	12.0114	3.84861	4.16587
8000	149	3.74623	2.90311	4.56266
8000	150	5.19875	2.80897	5.70695
8000	151	3.57621	2.55386	4.01266
8000	152	2.69539	4.35979	3.10669
8000	153	4.43139	1.42675	5.13919
8000	154	18.7327	1.41061	5.28006
8000	155	3.9014	3.44431	3.1194
8000	156	7.63407	1.78764	2.80111
8000	157	3.56832	3.21875	0.650001
8000	158	3.3949	2.3047	4.46866
8000	159	6.83027	0.644078	4.62808
8000	160	3.06548	2.91117	4.03181
8000	161	5.9244	2.29566	0.462749
8000	162	6.48677	2.58224	4.5776
8000	163	5.41846	4.52879	6.24725
8000	164	5.06114	2.07402	0.610148
8000	165	3.10173	2.00937	0.920447
8000	166	3.28514	1.14057	4.2767
8000	167	2.10068	4.90816	2.11244
8000	168	5.27617	1.85519	1.21635
8000	169	17.5565	2.38715	1.07081
8000	170	3.83983	2.4035	1.22323
8000	171	5.22132	1.15262	5.46605
8000	172	3.397	2.55805	5.13028
8000	173	14.8569	1.23333	2.35158
8000	174	2.46385	4.0582	5.16944
8000	175	2.94971	3.77015	6.09938
8000	176	13.2347	1.1619	4.60803
8000	177	5.91853	4.74311	1.57192
8000	178	1.96118	3.4505	5.60544
8000	179	5.05287	4.81579	0.193665
8000	180	2.25103	2.45412	1.83372
8000	181	18.9751	3.03668	4.02106
8000	182	4.02544	3.34353	2.22245
8000	183	4.10649	2.15919	5.74866
8000	184	3.72187	2.50587	5.30037
8000	185	4.84673	3.44876	6.24177
8000	186	3.39537	4.1148	4.8883
8000	187	2.27516	3.30897	0.0551416
8000	188	2.12854	2.66226	5.60994
8000	189	3.41797	4.86952	2.51154
8000	190	3.13658	3.62996	1.54828
8000	191	3.42203	1.95813	3.48162
8000	192	3.11678	4.8184	0.730411
8000	193	8.26896	3.59392	2.86598
8000	194	5.26741	3.80364	1.02901
8000	195	4.8858	2.72764	1.04931
8000	196	5.02227	2.80242	0.670623
8000	197	3.08924	0.683726	4.17498
8000	198	5.17475	4.85649	5.74118
8000	199	13.5345	0.708773	5.30213
8000	200	3.23572	3.67871	3.44394
8000	201	10.942	0.643354	3.10675
8000	202	5.09216	3.70968	0.231232
8000	203	2.23912	3.98478	1.65642
8000	204	16.7213	1.50518	4.98912
8000	205	4.52536	0.913126	4.89109
8000	206	6.21382	1.56779	0.292361
8000	207	4.26005	1.76236	0.383292
8000	208	3.73068	4.47801	5.18021
8000	209	4.45951	2.15586	0.548331
8000	210	3.86173	0.338805	3.23032
8000	211	1.19317	0.930427	4.05593
8000	212	4.26047	1.59224	4.13292
8000	213	0.354824	3.84464	2.41085
8000	214	4.61756	2.29914	0.931141
8000	215	2.26707	3.61405	1.78696
8000	216	1.8353	4.95079	4.05629
8000	217	5.28648	2.69267	2.79484
8000	218	5.24607	0.195614	4.03651
8000	219	1.00739	3.01615	4.00155
8000	220	4.18715	4.68329	4.66348
8000	221	3.04298	1.25705	1.29747
8000	222	11.6066	1.39851	0.0756667
8000	223	6.5991	3.25345	1.16451
8000	224	1.9437	3.68847	1.1341
8000	225	4.50426	4.61092	3.65849
8000	226	3.35769	4.6847	4.8997
8000	227	5.48874	1.35986	3.11975
8000	228	2.31845	2.45749	6.06237
8000	229	3.53009	1.16371	4.39407
8000	230	5.52016	2.30832	4.86373
8000	231	5.05477	2.23196	3.82173
8000	232	3.32007	0.91223	5.11261
8000	233	2.75968	2.78373	0.189324
8000	234	4.4357	3.26811	4.10061
8000	235	3.64398	4.83107	3.30521
8000	236	2.99457	1.47001	0.625042
8000	237	4.58857	3.73497	5.7948
8000	238	3.06617	2.82193	1.8555
8000	239	5.80152	1.56397	5.98533
8000	240	4.38016	4.78435	3.89919
8000	241	5.00814	0.916301	2.29533
8000	242	2.9788	1.63578	1.0475
8000	243	3.85081	3.83817	0.658511
8000	244	0.761573	1.45745	2.59069
8000	245	2.96119	4.02558	3.72058
8000	246	18.2023	2.41141	5.26799
8000	247	1.29359	0.138576	2.41502
8000	248	3.35177	4.06646	1.00893
8000	249	5.06028	4.61063	3.00227
8000	250	2.49986	2.93836	1.53599
8000	251	5.30017	1.59724	5.35048
8000	252	5.55716	1.43375	3.93881
8000	253	6.11488	1.85925	1.81258
8000	254	6.07962	4.52812	1.45657
8000	255	5.06693	1.71482	0.998063
8000	256	3.2569	0.317029	1.6129
8000	257	2.01065	1.9653	4.35593
8000	258	2.33591	4.10589	1.04617
8000	259	4.21051	1.5931	1.47012
8000	260	4.3112	2.07626	5.89028
8000	261	5.3683	3.12708	2.12896
8000	262	3.02759	0.505858	4.6279
8000	263	4.64462	4.37836	5.19839
8000	264	16.5516	0.479024	2.17393
8000	265	5.73488	2.45158	2.22735
8000	266	1.63473	1.65421	6.07816
8000	267	6.01433	2.93922	2.87101
8000	268	3.24146	2.7116	6.21163
8000	269	5.85704	3.1408	3.95961
8000	270	2.45326	1.49228	6.05252
8000	271	6.21469	0.924547	2.10983
8000	272	2.30224	1.30796	3.77199
8000	273	5.29415	4.10862	1.71215
8000	274	3.90768	0.736814	1.86668
8000	275	7.14485	0.879543	1.73064
8000	276	1.36102	4.17763	5.78465
8000	277	4.99899	1.17602	3.41523
8000	278	2.31752	1.73385	0.61742
8000	279	6.41689	2.27443	1.69581
8000	280	2.08505	2.20942	0.238459
8000	281	5.52994	4.60087	5.33039
8000	282	4.87204	3.33773	2.50802
8000	283	4.20836	1.2231	0.790131
8000	284	2.64632	1.44962	0.342076
8000	285	3.99826	2.22333	3.89894
8000	286	6.75042	1.85656	5.49752
8000	287	1.73392	1.35564	2.29108
8000	288	5.98051	0.142937	1.77721
8000	289	10.0782	1.3487	6.1523
8000	290	4.59104	0.0206351	5.6063
8000	291	3.31453	0.84409	4.87336
8000	292	13.1375	1.15269	3.93533
8000	293	3.55456	0.808596	4.09821
8000	294	5.82475	3.49722	2.04623
8000	295	4.60801	2.76442	1.01591
8000	296	5.19706	3.94019	3.41212
8000	297	0.749151	1.3707	5.41808
8000	298	6.69378	1.80367	1.6511
8000	299	3.42239	4.96369	3.0923
8000	300	2.1845	3.43364	2.16882
8000	301	5.43645	3.34081	1.41889
8000	302	3.0989	4.31064	3.56317
8000	303	4.67084	4.36658	0.950756
8000	304	6.30971	2.42277	1.60034
8000	305	6.29488	2.77859	5.53361
8000	306	2.87629	2.22265	6.00476
8000	307	5.36756	2.53538	3.20761
8000	308	3.97877	2.47962	5.87713
8000	309	11.2141	3.23546	3.17497
8000	310	2.83723	2.4398	0.192833
8000	311	4.15069	4.23297	0.453455
8000	312	4.69022	2.86149	3.3748
8000	313	14.3345	4.03534	1.38447
8000	314	3.28609	1.48256	4.81909
8000	315	17.9416	1.26962	1.82716
8000	316	7.09239	3.98132	4.99455
8000	317	3.37134	1.2835	3.95185
8000	318	3.30347	3.38501	1.84859
8000	319	2.49215	1.38665	1.00406
8000	320	8.71964	0.140935	0.646781
8000	321	1.99357	1.77495	2.43848
8000	322	6.98296	2.00292	4.50657
8000	323	3.19722	2.26524	0.59043
8000	324	2.68368	0.261088	3.27856
8000	325	13.004	2.21816	0.0306575
8000	326	4.98295	0.238746	0.645872
8000	327	3.92518	1.33689	3.99715
8000	328	6.41668	0.746698	3.50525
8000	329	8.0891	0.941603	5.67612
8000	330	4.42579	2.15277	4.62737
8000	331	2.43597	2.00986	0.866898
8000	332	7.02296	0.141896	6.01769
8000	333	13.388	1.56956	3.60157
8000	334	6.56157	1.66889	0.817496
8000	335	5.71978	2.02667	5.88766
8000	336	2.00073	1.2945	0.673284
8000	337	2.16384	2.94739	6.10438
8000	338	3.56976	3.03702	3.98534
8000	339	4.45681	0.903328	1.3402
8000	340	8.21819	3.38833	4.72389
8000	341	3.46984	4.29268	4.51829
8000	342	8.91667	3.11186	0.433983
8000	343	7.18218	2.87829	2.38211
8000	344	13.6741	4.44773	3.12743
8000	345	2.51719	4.90313	0.907014
8000	346	4.71581	0.794444	4.43208
8000	347	3.09346	2.17004	3.40258
8000	348	3.57438	0.227532	3.38661
8000	349	2.05915	4.90425	4.22222
8000	350	1.88796	3.48831	1.96972
8000	351	3.99708	1.92053	1.77778
8000	352	3.14575	2.74894	3.79612
8000	353	13.286	2.44957	2.68149
8000	354	6.15963	1.04473	2.61018
8000	355	4.76324	0.930819	0.56097
8000	356	8.18404	0.399837	0.912902
8000	357	3.82472	3.97748	4.39162
8000	358	2.88008	3.94994	4.49803
8000	359	4.29367	0.367677	5.75478
8000	360	3.064	2.41129	0.297303
8000	361	4.36814	4.33884	2.63384
8000	362	3.04479	3.51037	2.44547
8000	363	5.73549	1.53288	0.293252
8000	364	5.67547	4.46167	2.41789
8000	365	3.05687	0.33629	0.644035
8000	366	1.91057	2.9341	2.80768
8000	367	2.87247	1.82422	0.975007
8000	368	15.8314	2.7233	3.17293
8000	369	4.36756	4.24576	4.87954
8000	370	16.4801	3.08518	5.18465
8000	371	5.49488	2.78317	2.01749
8000	372	5.02963	1.47006	2.00619
8000	373	1.62242	2.46037	5.50244
8000	374	2.37962	2.24589	0.0992294
8000	375	4.87349	2.7763	5.90347
8000	376	2.59922	2.40458	4.56047
8000	377	3.31695	4.56999	2.18338
8000	378	11.1516	2.91911	6.09565
8000	379	4.97615	4.2781	2.37891
8000	380	9.57888	4.42616	4.88553
8000	381	10.76	3.54844	4.69567
8000	382	7.37634	4.08309	3.49507
8000	383	5.29072	0.5841	3.37916
8000	384	3.55211	4.48358	2.69438
8000	385	7.72461	3.53474	5.64816
8000	386	3.44845	2.13866	0.557267
8000	387	2.40642	3.07854	5.37319
8000	388	4.99119	2.99778	3.62008
8000	389	3.2604	2.29878	5.74111
8000	390	3.81727	1.57189	6.11724
8000	391	2.1312	0.0622262	0.698578
8000	392	5.18694	3.23029	4.77498
8000	393	3.17145	4.43278	3.59095
8000	394	7.70784	0.450344	3.01067
8000	395	5.58865	4.79319	3.51345
8000	396	17.8836	1.59955	3.51646
8000	397	3.67529	3.67517	4.64969
8000	398	4.17164	0.645063	1.9482
8000	399	15.6169	1.30103	4.29409
8000	400	5.47027	3.764	0.853397
8000	401	6.16555	3.07088	3.97389
8000	402	3.88084	2.91548	3.16448
8000	403	7.47515	0.550819	5.20826
8000	404	4.9685	0.324163	5.42574
8000	405	8.85978	0.931467	0.604008
8000	406	12.1397	2.28015	1.41661
8000	407	4.46013	4.75927	0.93959
8000	408	6.27406	2.50429	3.29404
8000	409	5.80472	3.84815	2.67702
8000	410	13.9201	1.78464	3.84121
8000	411	1.51468	4.51986	4.84933
8000	412	5.26908	0.894587	2.59654
8000	413	2.74519	3.444	0.449593
8000	414	4.4021	1.65173	2.81453
8000	415	7.47983	3.41482	3.49429
8000	416	2.47176	4.50429	2.12037
8000	417	9.15312	2.04571	2.82183
8000	418	1.85311	2.76658	1.90942
8000	419	4.57051	3.70247	3.66221
8000	420	2.93114	3.2226	0.72621
8000	421	3.11464	1.4376	2.21585
8000	422	3.2775	2.0278	2.97446
8000	423	6.34443	0.209002	4.06074
8000	424	6.09935	3.89299	5.98523
8000	425	5.71054	2.4978	3.2295
8000	426	19.5575	1.27907	1.24709
8000	427	5.01402	2.98031	5.34593
8000	428	2.89499	0.52942	3.37278
8000	429	4.56718	2.90295	5.67926
8000	430	2.27297	0.952481	0.927515
8000	431	5.58371	0.329991	6.18569
8000	432	2.66849	4.83328	2.37503
8000	433	18.5331	4.85853	2.48642
8000	434	16.6333	0.887573	2.32657
8000	435	3.21229	0.95279	2.1071
8000	436	2.89651	3.30529	3.06636
8000	437	3.89171	4.63139	2.50405
8000	438	6.13631	0.233976	6.09708
8000	439	2.48782	3.46909	4.67012
8000	440	15.9895	1.01236	4.95785
8000	441	5.68629	2.91099	3.13472
8000	442	0.775997	0.482646	5.20285
8000	443	2.0905	4.79723	5.74146
8000	444	2.62843	4.31377	0.95934
8000	445	2.45249	3.26128	0.58309
8000	446	6.17333	4.95893	2.2102
8000	447	4.04722	3.08829	0.909189
8000	448	3.71356	2.13018	1.95254
8000	449	5.51693	0.420101	1.53253
8000	450	2.53191	0.417454	0.784746
8000	451	4.38564	2.33707	1.42386
8000	452	3.36897	2.81676	5.49565
8000	453	3.57343	2.16859	5.38125
8000	454	2.91119	4.94099	4.28903
8000	455	7.27009	3.89079	2.95493
8000	456	1.73936	0.62902	2.5303
8000	457	4.67483	4.49888	3.1742
8000	458	4.42412	2.47406	4.59962
8000	459	7.88128	3.97227	5.60577
8000	460	5.09866	0.950394	0.0833114
8000	461	4.529	2.06536	1.15697
8000	462	2.73395	1.61305	3.16992
8000	463	10.6733	4.2058	0.454395
8000	464	17.9691	4.53	1.33074
8000	465	2.53531	4.70086	0.665611
8000	466	2.78181	1.71529	5.15883
8000	467	4.00968	4.70621	6.03006
8000	468	2.91783	4.66583	0.201215
8000	469	4.6465	2.17694	2.0898
8000	470	5.47033	4.12361	3.00781
8000	471	8.63001	3.8812	3.73738
8000	472	15.4274	0.692578	2.35889
8000	473	14.5374	1.00845	5.88044
8000	474	1.87463	0.830509	3.47677
8000	475	5.42368	0.505463	0.347401
8000	476	10.5099	4.66033	5.93091
8000	477	11.5535	1.63564	4.96493
8000	478	3.06558	0.997972	0.389613
8000	479	5.66065	3.04408	6.06489
8000	480	14.5354	4.29189	4.89631
8000	481	7.73015	2.0654	4.99798
8000	482	3.70011	1.47573	3.97592
8000	483	5.48282	3.77868	5.48887
8000	484	5.00632	1.93257	3.39919
8000	485	15.5988	3.09771	2.02177
8000	486	5.24621	0.619289	5.34978
8000	487	4.92514	3.4244	2.01117
8000	488	3.04201	3.69249	0.902534
8000	489	3.62929	4.21748	0.642191
8000	490	0.0427896	1.85569	5.35237
8000	491	4.45475	2.64911	1.41989
8000	492	12.6599	1.35875	2.74793
8000	493	6.08246	0.239975	1.60818
8000	494	5.09341	4.92381	1.89786
8000	495	2.41319	2.85878	0.716543
8000	496	5.61198	2.62944	4.58525
8000	497	5.64519	1.17734	0.356151
8000	498	4.00151	3.30121	5.89841
8000	499	11.8144	0.628224	5.91625
10000	0	2.27325	0.902502	4.93163
10000	1	2.39225	2.24504	0.0748683
10000	2	2.07407	4.767	1.42876
10000	3	4.62713	1.80436	5.16989
10000	4	10.4478	1.94586	1.70373
10000	5	2.79056	4.64216	1.75536
10000	6	6.26369	0.36256	5.74388
10000	7	7.22455	4.61796	2.14721
10000	8	2.8658	3.93415	4.44227
10000	9	13.8547	2.65086	4.24753
10000	10	5.98341	1.81361	1.25196
10000	11	3.85885	2.94386	4.06693
10000	12	3.09511	0.929168	1.37437
10000	13	4.50034	4.87999	3.04246
10000	14	5.15068	4.11847	4.42972
10000	15	5.7058	3.07022	2.76144
10000	16	5.95915	0.141069	2.57919
10000	17	5.59432	1.1718	5.64516
10000	18	7.04792	2.23527	0.725916
10000	19	4.11021	0.398597	0.657659
10000	20	2.39827	0.022547	5.45179
10000	21	11.0663	1.54683	3.81156
10000	22	18.133	1.68284	1.16439
10000	23	8.71897	0.574077	5.35246
10000	24	3.30589	0.927247	2.15715
10000	25	2.13347	0.651319	1.0956
10000	26	8.49991	4.54717	3.82266
10000	27	4.84368	3.69872	5.84846
10000	28	5.7747	2.2925	2.89861
10000	29	2.01461	2.02992	1.47804
10000	30	2.95649	0.516501	4.91181
10000	31	1.94194	2.73339	3.39102
10000	32	2.33994	0.699441	5.9005
10000	33	5.42966	0.789966	4.42795
10000	34	3.65412	2.80105	0.828112
10000	35	1.88053	4.00389	2.02061
10000	36	2.79758	3.66058	4.20587
10000	37	2.53486	4.72186	3.85622
10000	38	3.13578	3.3138	4.41452
10000	39	15.7498	2.19382	5.85755
10000	40	4.31745	4.81772	6.18374
10000	41	4.82459	2.12306	4.1424
10000	42	2.82801	1.5802	2.14184
10000	43	9.7402	2.23519	1.98948
10000	44	6.24889	1.45372	3.35272
10000	45	3.91054	1.66129	4.0936
10000	46	12.3974	2.35213	3.19003
10000	47	2.19796	2.34316	4.3193
10000	48	3.47451	2.03434	2.80546
10000	49	0.331401	2.91081	2.63254
10000	50	3.60058	4.8173	4.70857
10000	51	12.2563	4.56591	0.288311
10000	52	3.27474	1.94942	5.66966
10000	53	10.0186	4.92536	3.04457
10000	54	1.98884	3.91154	5.98586
10000	55	4.46673	1.79197	3.59569
10000	56	7.50005	0.625301	5.88776
10000	57	5.37516	1.41625	0.154159
10000	58	0.509138	3.09077	1.56432
10000	59	3.3806	1.11623	0.430183
10000	60	5.30805	2.76201	2.27236
10000	61	10.449	1.13488	5.91581
10000	62	2.60258	1.87201	0.680155
10000	63	5.13281	3.78865	4.1902
10000	64	6.11936	0.894474	5.10261
10000	65	5.95482	4.12043	4.22008
10000	66	2.56605	1.38806	5.43717
10000	67	9.16779	4.66542	2.7449
10000	68	5.67747	2.3071	0.580142
10000	69	6.61677	1.90318	3.18552
10000	70	4.98315	3.83528	1.53943
10000	71	7.62245	0.0766283	5.7525
10000	72	4.14179	3.15855	0.00265853
10000	73	8.87618	3.16894	3.35819
10000	74	19.8473	2.72929	0.909668
10000	75	6.14119	0.382489	4.99752
10000	76	5.6163	2.47621	3.68621
10000	77	11.6074	4.88697	4.2196
10000	78	19.5407	4.04147	0.885868
10000	79	4.45944	0.386963	2.49965
10000	80	2.08085	2.15584	1.62829
10000	81	4.0891	2.25296	0.304677
10000	82	1.60999	0.703077	1.42201
10000	83	3.10155	3.14762	2.76774
10000	84	6.00955	2.83231	2.02832
10000	85	6.51787	4.80047	5.91137
10000	86	3.96708	2.4869	0.101147
10000	87	2.88098	1.55318	4.83829
10000	88	2.91056	3.49845	5.68741
10000	89	2.22555	2.03338	5.32544
10000	90	2.61838	2.46239	2.41398
10000	91	5.7623	3.84569	4.89545
10000	92	18.7163	2.71678	0.271589
10000	93	4.21909	4.13169	2.76415
10000	94	3.79886	1.34067	2.37586
10000	95	6.05943	0.795315	1.03449
10000	96	3.47104	4.2549	2.08865
10000	97	3.70193	1.65352	6.11462
10000	98	2.10951	3.48727	5.72229
10000	99	4.89909	0.920807	2.62618
10000	100	2.33573	2.33828	0.0300939
10000	101	10.669	2.50125	0.329317
10000	102	4.56281	2.20145	3.95107
10000	103	1.89166	0.751902	2.79748
10000	104	4.10805	1.24438	1.99195
10000	105	4.21411	0.517056	1.14435
10000	106	4.37361	3.96104	0.931422
10000	107	16.2189	2.06134	0.65621
10000	108	0.105948	2.69363	5.05905
10000	109	4.07419	3.7256	0.908612
10000	110	4.90865	3.91754	4.12005
10000	111	18.2203	0.341199	2.32686
10000	112	4.36996	0.840251	0.318364
10000	113	1.65034	2.41639	5.01454
10000	114	13.9792	3.59293	0.656695
10000	115	19.6792	1.33187	5.20139
10000	116	9.52082	3.65306	0.714375
10000	117	10.4911	1.807	1.40344
10000	118	4.90874	3.47453	2.11168
10000	119	3.11287	1.86888	2.24675
10000	120	5.07465	3.65355	0.0105991
10000	121	2.78899	2.07242	3.68092
10000	122	2.12637	1.31238	0.142838
10000	123	3.5262	2.13336	6.18216
10000	124	1.30819	3.62459	2.00757
10000	125	6.0012	0.179368	3.27878
10000	126	4.18851	2.73884	1.26214
10000	127	3.35549	3.92394	0.979257
10000	128	4.58847	2.67327	3.85941
10000	129	4.04491	4.09981	6.1557
10000	130	2.92096	0.547035	4.2783
10000	131	5.4643	4.60025	4.03205
10000	132	3.10962	2.30179	2.66481
10000	133	17.3692	3.25352	3.78121
10000	134	5.85554	4.75979	5.72222
10000	135	3.81105	2.42707	2.60688
10000	136	15.3543	2.38822	3.09729
10000	137	3.41643	0.972241	4.0895
10000	138	4.27341	4.41148	2.57376
10000	139	5.12933	1.75622	2.89151
10000	140	8.35879	1.05377	1.21236
10000	141	4.54484	1.55892	1.8633
10000	142	2.39042	0.704721	4.41987
10000	143	4.79439	2.23178	2.76599
10000	144	4.74392	0.470403	5.87648
10000	145	3.30298	4.1734	5.59819
10000	146	1.0387	1.88044	2.96671
10000	147	6.3962	2.13327	3.27697
10000	148	13.693	3.49753	6.22762
10000	149	5.32028	0.517369	0.390866
10000	150	5.80016	1.28953	0.795827
10000	151	5.89727	0.712475	3.3685
10000	152	8.13763	2.34148	5.34968
10000	153	6.15128	0.811289	6.03021
10000	154	3.42927	1.69912	1.84838
10000	155	5.03944	4.28842	4.92393
10000	156	4.13003	0.042464	6.05294
10000	157	13.4594	4.64434	3.29427
10000	158	3.73286	4.357	6.2281
10000	159	3.93433	4.49427	2.64928
10000	160	2.68298	2.81049	3.63908
10000	161	15.0028	4.85164	1.64704
10000	162	19.2849	0.595019	4.33416
10000	163	13.2734	4.90418	3.64841
10000	164	4.83654	1.65755	0.577922
10000	165	13.3244	2.16126	4.07816
10000	166	17.3971	2.33219	3.93717
10000	167	5.07796	4.58178	1.95178
10000	168	4.16436	4.99456	1.97528
10000	169	15.9379	2.77991	1.95722
10000	170	0.931738	0.940928	2.60076
10000	171	18.9798	1.59889	2.83711
10000	172	3.48941	0.687447	2.84686
10000	173	4.7312	1.19377	1.42241
10000	174	0.498209	1.5282	4.4456
10000	175	2.41472	1.50924	3.34945
10000	176	4.88929	2.42049	5.27194
10000	177	4.30932	2.93381	5.98699
10000	178	3.40999	2.20912	4.35838
10000	179	3.30676	3.20992	3.40239
10000	180	5.77351	3.33246	0.319874
10000	181	4.19216	1.32826	3.69654
10000	182	3.25381	1.28142	1.25893
10000	183	3.80391	2.02993	0.706139
10000	184	2.34701	2.74661	0.988293
10000	185	2.73902	4.68324	4.56133
10000	186	2.40263	1.29822	5.85693
10000	187	1.7721	4.173	1.46695
10000	188	4.21609	2.46239	2.0189
10000	189	4.36932	2.59893	2.05335
10000	190	2.47218	2.77287	6.01244
10000	191	5.19464	4.14603	0.0282206
10000	192	4.83671	4.51551	4.02775
10000	193	4.79737	0.684215	4.34591
10000	194	5.80244	3.66581	4.78883
10000	195	4.39348	2.2136	5.7232
10000	196	2.7052	0.579125	0.280735
10000	197	3.62143	4.03141	3.40254
10000	198	18.2401	0.329095	0.865887
10000	199	9.50482	1.28741	5.13007
10000	200	5.91733	0.273486	3.72447
10000	201	4.95058	0.121727	4.83705
10000	202	2.2245	4.39435	4.46042
10000	203	4.78868	2.73571	1.14349
10000	204	2.50704	3.53848	6.00549
10000	205	7.68458	1.22648	1.04857
10000	206	5.02015	2.83752	3.98455
10000	207	3.16095	2.91374	6.07561
10000	208	4.14516	4.06524	0.639266
10000	209	6.13916	2.34382	5.16235
10000	210	5.1111	1.31746	2.59544
10000	211	2.58926	0.116681	0.186691
10000	212	3.31572	4.79661	0.492294
10000	213	5.7048	0.486293	3.22636
10000	214	3.0268	4.82968	0.228759
10000	215	6.17397	2.67836	3.81823
10000	216	2.78899	3.46269	3.1449
10000	217	5.15527	0.367331	3.93912
10000	218	7.1152	1.55872	4.26256
10000	219	0.365076	0.237996	3.65167
10000	220	4.50369	4.50856	4.7369
10000	221	3.41408	2.49795	5.36191
10000	222	5.72635	4.22754	0.400659
10000	223	3.53688	2.89094	5.16975
10000	224	8.0485	0.592406	1.60139
10000	225	4.56914	0.600137	1.32506
10000	226	6.27002	3.55516	0.94266
10000	227	16.5559	3.37421	1.06452
10000	228	2.71035	4.92834	4.19618
10000	229	3.70938	0.611321	1.35937
10000	230	2.08695	1.76502	5.39628
10000	231	2.91954	4.22087	4.91412
10000	232	1.92135	2.27317	5.12385
10000	233	2.52022	3.48037	4.59032
10000	234	5.55784	0.706799	4.94676
10000	235	3.41607	4.61354	5.69629
10000	236	6.27887	0.587394	3.8995
10000	237	5.02265	1.37694	4.83842
10000	238	1.8578	1.73382	1.90117
10000	239	2.8725	3.86497	4.84876
10000	240	19.2385	3.0641	1.19034
10000	241	5.41208	2.46986	1.5271
10000	242	4.53209	3.75055	3.95122
10000	243	7.91465	4.21875	2.20018
10000	244	3.90569	0.955935	5.56585
10000	245	1.90288	4.88082	3.11979
10000	246	2.44715	1.7174	5.71257
10000	247	4.68651	4.33578	0.808219
10000	248	3.98153	2.59475	4.84352
10000	249	2.75517	0.809583	1.66328
10000	250	4.89675	3.58639	4.26341
10000	251	11.6517	2.64067	3.91002
10000	252	4.67012	1.37843	1.00463
10000	253	3.10632	4.6107	3.37259
10000	254	2.50828	4.26552	5.46299
10000	255	3.43097	1.46217	3.91493
10000	256	3.98686	0.994447	4.6175
10000	257	11.1891	4.53696	2.6084
10000	258	5.09939	4.54425	3.57035
10000	259	5.30457	4.95391	2.66497
10000	260	3.17026	1.38788	2.88916
10000	261	4.84823	4.21304	5.07504
10000	262	4.93592	2.84176	1.87314
10000	263	9.28021	2.359	3.52065
10000	264	4.56864	2.66254	4.95546
10000	265	5.44494	2.77203	4.42661
10000	266	7.14683	0.411909	2.79368
10000	267	0.0917578	1.42761	4.21462
10000	268	6.06493	1.44243	6.13107
10000	269	6.21607	2.2446	1.00907
10000	270	7.96297	1.91225	5.91057
10000	271	2.44435	3.57853	5.91367
10000	272	0.485008	1.25477	2.35303
10000	273	6.57607	1.44924	4.65356
10000	274	2.18664	1.3186	0.192659
10000	275	9.30128	0.0785853	2.82028
10000	276	8.35941	3.99482	4.68917
10000	277	3.29942	2.60371	2.98208
10000	278	12.9279	0.305332	1.18143
10000	279	3.57657	3.24962	3.78796
10000	280	2.78379	1.60568	5.54557
10000	281	3.38884	1.85491	6.02911
10000	282	6.11641	3.65421	1.3015
10000	283	16.7981	0.773184	5.87777
10000	284	4.32601	2.6655	4.88468
10000	285	3.67474	3.20102	4.81738
10000	286	2.30974	3.84486	4.43286
10000	287	4.51898	3.26346	4.48097
10000	288	5.75096	3.53312	6.14068
10000	289	3.9102	2.20945	1.23716
10000	290	5.63706	3.2304	3.75929
10000	291	2.34884	2.29885	1.79959
10000	292	6.58385	3.85298	4.88002
10000	293	5.50675	3.61846	4.44558
10000	294	5.46332	4.73682	3.9245
10000	295	2.58315	1.14503	1.36629
10000	296	3.89194	1.44804	0.748342
10000	297	2.78398	3.91459	0.397544
10000	298	2.74752	3.09015	4.08459
10000	299	2.75549	2.69138	0.0110817
10000	300	8.5094	4.17284	0.886419
10000	301	6.26349	4.6756	1.09167
10000	302	2.06579	4.992	4.71677
10000	303	3.10021	2.66776	4.10513
10000	304	4.89446	0.455631	3.80072
10000	305	3.32839	3.91852	3.16184
10000	306	10.7082	0.835534	4.24551
10000	307	3.38781	3.25091	5.3313
10000	308	5.46139	0.492428	2.96741
10000	309	3.05093	0.085002	2.13147
10000	310	6.95095	2.98843	4.33391
10000	311	2.33123	2.894	2.63111
10000	312	4.08889	3.66481	1.15736
10000	313	5.6416	0.873299	3.93934
10000	314	2.32074	3.37818	2.19673
10000	315	3.43335	3.70702	1.87101
10000	316	3.5995	4.50352	3.47985
10000	317	5.56284	1.58453	4.90645
10000	318	4.29528	0.233965	3.21062
10000	319	5.35666	4.55461	5.35347
10000	320	10.0229	1.90467	0.0759641
10000	321	16.4699	2.36556	3.85413
10000	322	4.02835	1.46991	4.49921
10000	323	2.80008	0.5983	0.255367
10000	324	2.57776	3.85995	1.893
10000	325	3.80281	3.86056	5.80803
10000	326	1.69501	4.0476	0.620409
10000	327	6.38694	3.163	3.39306
10000	328	4.5803	4.7178	4.90266
10000	329	2.68374	2.39245	1.07111
10000	330	1.92766	2.19264	6.02351
10000	331	5.04046	2.00692	5.4825
10000	332	4.04487	3.26738	3.31875
10000	333	19.085	0.373063	4.18601
10000	334	6.50033	3.74553	6.16631
10000	335	7.34472	4.29717	5.42689
10000	336	1.95924	1.03244	2.56065
10000	337	2.84267	1.81983	2.40885
10000	338	5.55036	0.0910558	0.60951
10000	339	7.30199	3.02051	1.55623
10000	340	5.21602	0.191319	1.84172
10000	341	3.98003	4.50031	3.71549
10000	342	17.6855	3.15153	0.909535
10000	343	1.92907	1.36586	4.75249
10000	344	4.82314	4.80282	4.18901
10000	345	3.48414	4.9869	2.45901
10000	346	3.92312	0.620028	2.45332
10000	347	2.65662	3.10711	1.06222
10000	348	2.79226	3.02355	0.14564
10000	349	3.38459	0.583864	1.2109
10000	350	16.0481	3.0766	4.2423
10000	351	4.85248	0.78931	1.18018
10000	352	6.91371	2.16728	0.357258
10000	353	6.12646	3.56742	2.25379
10000	354	4.10719	0.210722	2.33727
10000	355	2.86928	1.45485	3.05235
10000	356	5.18454	1.66058	0.529655
10000	357	3.79353	4.65821	3.47812
10000	358	6.26429	4.35582	1.48815
10000	359	11.9857	1.1811	1.24317
10000	360	17.4995	0.986164	5.95669
10000	361	4.10333	2.82567	3.88243
10000	362	4.30774	3.48209	1.82314
10000	363	4.95214	1.25015	5.82682
10000	364	5.59124	0.304209	2.49829
10000	365	3.6913	1.23206	5.143
10000	366	3.80384	1.17817	0.979093
10000	367	6.32878	2.75349	3.30354
10000	368	2.71031	4.62173	5.77082
10000	369	1.67409	4.18662	3.54948
10000	370	2.64416	4.0382	5.2573
10000	371	18.8319	4.95787	1.92067
10000	372	2.85743	0.558258	5.42845
10000	373	3.79279	4.40413	2.65645
10000	374	11.5005	1.01806	2.09521
10000	375	6.12602	4.9332	2.28736
10000	376	5.19415	3.68991	2.0411
10000	377	5.8989	3.5707	2.43237
10000	378	11.3643	4.27792	3.60695
10000	379	2.18924	3.139	0.0899527
10000	380	5.23337	3.67623	3.90163
10000	381	3.80928	3.99639	3.59765
10000	382	3.5838	1.08078	0.0359453
10000	383	5.18076	2.08655	4.10068
10000	384	4.08193	1.86136	2.05432
10000	385	6.68979	0.0768028	3.77398
10000	386	5.29793	2.07279	2.61353
10000	387	10.9242	3.3001	4.34156
10000	388	5.41093	2.50548	4.98266
10000	389	0.449171	4.89146	2.72582
10000	390	3.31938	0.151185	5.3892
10000	391	4.05982	2.15373	4.67866
10000	392	5.53207	1.28936	1.59364
10000	393	9.92227	4.8366	2.68498
10000	394	4.70954	3.07733	5.92658
10000	395	3.10175	1.73776	2.48087
10000	396	4.36767	1.99711	0.130767
10000	397	2.96279	2.81299	0.711742
10000	398	15.3103	0.0687553	0.690605
10000	399	14.9141	2.63222	4.94104
10000	400	18.514	4.46658	0.570461
10000	401	2.55904	1.43491	1.11286
10000	402	3.84267	2.50723	0.37157
10000	403	18.1278	4.15415	2.48249
10000	404	5.68608	2.51946	5.87908
10000	405	5.03584	2.70807	4.91644
10000	406	6.99776	1.41284	1.51656
10000	407	10.6864	4.44937	5.51908
10000	408	4.22118	0.859294	6.03881
10000	409	5.47129	3.45897	2.07797
10000	410	4.54919	3.67754	0.346388
10000	411	17.9562	4.6041	0.631113
10000	412	5.79876	3.05988	4.28152
10000	413	4.06559	0.493065	4.06475
10000	414	4.14856	1.14479	4.29445
10000	415	3.03177	4.43026	0.933531
10000	416	2.91257	2.43637	3.62634
10000	417	2.1195	2.14064	3.11839
10000	418	2.89627	3.07726	4.55559
10000	419	4.34005	4.72693	1.73813
10000	420	7.9033	0.0744541	2.12521
10000	421	2.18487	1.3295	5.27851
10000	422	4.04537	0.484861	5.99125
10000	423	4.83199	2.80419	5.33626
10000	424	5.51332	2.88612	6.2579
10000	425	8.95637	0.801298	4.16527
10000	426	5.5848	2.14087	4.78151
10000	427	2.4447	4.82175	0.0993764
10000	428	4.46391	1.98036	3.94984
10000	429	3.92297	4.92306	1.08985
10000	430	2.22647	2.92191	4.95295
10000	431	4.46689	0.923218	2.04039
10000	432	5.00118	3.38925	5.65855
10000	433	4.932	3.25182	1.61851
10000	434	3.31067	0.177154	2.34838
10000	435	5.08393	3.11789	3.38911
10000	436	11.0555	0.0824985	3.69908
10000	437	7.25346	0.270829	2.6691
10000	438	6.35768	1.67309	1.85602
10000	439	19.3852	0.0351764	2.62623
10000	440	5.64589	4.08433	2.54692
10000	441	4.79984	1.71564	2.60237
10000	442	4.03225	1.71915	4.68959
10000	443	2.91811	4.34625	1.41408
10000	444	3.93116	1.94193	2.11089
10000	445	5.36095	1.52552	4.549
10000	446	2.79822	3.18347	5.80212
10000	447	2.3287	4.10793	1.21941
10000	448	16.1422	3.72488	0.40937
10000	449	2.71767	0.369588	1.33868
10000	450	7.04664	3.05865	2.57548
10000	451	4.68452	1.3054	0.340065
10000	452	3.08584	2.25006	4.60221
10000	453	2.21088	3.36768	4.97384
10000	454	5.46119	1.93039	4.0649
10000	455	3.40675	0.355821	1.52726
10000	456	5.97384	4.15149	3.85006
10000	457	3.59368	0.609161	1.84147
10000	458	6.43064	3.52398	4.23698
10000	459	4.26285	2.68835	2.16548
10000	460	2.98188	1.25889	0.101655
10000	461	8.22516	1.41793	0.12281
10000	462	12.6926	2.48245	1.01361
10000	463	2.05563	3.75027	4.72868
10000	464	6.10003	1.55977	2.58868
10000	465	5.96481	4.39792	1.13712
10000	466	4.38375	0.905654	4.33389
10000	467	5.32668	2.98754	5.95852
10000	468	7.80746	4.95256	0.966632
10000	469	6.97099	3.12461	3.29642
10000	470	6.1878	2.31136	0.798022
10000	471	5.79273	1.86933	1.74837
10000	472	3.30924	0.26697	3.9149
10000	473	2.87367	2.34632	2.57973
10000	474	4.32529	3.80556	1.7727
10000	475	4.44904	4.13421	2.2005
10000	476	9.78925	1.76372	3.03289
10000	477	3.56367	3.13939	2.72361
10000	478	6.2426	2.70633	2.51615
10000	479	5.99399	4.40551	1.9119
10000	480	5.63125	4.87965	2.64278
10000	481	6.84183	3.595	3.93933
10000	482	2.25104	0.308797	5.42421
10000	483	3.50872	3.48966	5.70343
10000	484	2.72428	1.84223	5.93129
10000	485	1.7213	4.60538	4.62905
10000	486	9.42022	4.01737	0.473911
10000	487	1.6151	2.96692	0.730063
10000	488	6.61814	1.34246	2.18347
10000	489	5.69039	0.261434	5.10227
10000	490	3.69471	2.90236	2.99768
10000	491	2.78732	0.958571	5.02924
10000	492	3.13132	4.21323	4.09502
10000	493	5.32461	0.851733	5.93329
10000	494	8.28696	3.3512	2.55175
10000	495	4.81241	0.0990996	4.89063
10000	496	9.21842	1.54747	5.99731
10000	497	1.89315	0.243351	2.45271
10000	498	4.58287	0.0325738	1.70427
10000	499	7.15214	1.62554	1.70077
12000	0	5.4541	2.81626	5.85623
12000	1	2.07959	3.84918	5.72142
12000	2	16.5585	1.54813	4.76155
12000	3	4.15684	3.23887	2.72966
12000	4	2.80628	3.27669	5.25808
12000	5	9.392	4.14443	4.91005
12000	6	3.14678	3.26447	3.65614
12000	7	8.10629	2.41411	0.0874563
12000	8	4.882	3.54871	2.24416
12000	9	6.24946	4.592	3.97954
12000	10	3.16911	4.54208	5.98095
12000	11	7.6094	0.631624	5.32755
12000	12	3.50682	0.505795	5.25403
12000	13	3.99961	0.9509	2.16191
12000	14	4.62964	1.34992	2.53352
12000	15	2.38422	0.873963	5.10684
12000	16	3.96444	0.734247	4.28393
12000	17	4.00931	2.23983	4.34698
12000	18	3.83102	2.63462	0.259081
12000	19	4.10076	2.0053	1.23662
12000	20	5.53537	4.72377	2.61869
12000	21	7.21238	2.82419	5.24397
12000	22	2.35541	1.96777	1.54609
12000	23	3.51876	2.09746	3.44394
12000	24	1.82587	3.48217	5.46747
12000	25	2.5401	0.278833	3.92166
12000	26	6.44702	1.58182	2.66045
12000	27	5.27242	0.994916	3.88311
12000	28	2.24904	0.466761	3.89219
12000	29	5.18773	4.96641	3.46224
12000	30	3.12324	3.72738	5.01669
12000	31	6.6224	1.27632	3.06579
12000	32	4.77759	3.27427	4.93607
12000	33	3.71932	4.71035	0.929054
12000	34	6.8282	2.33559	0.93324
12000	35	8.87184	2.0863	0.868987
12000	36	3.52298	0.926274	0.526897
12000	37	3.20376	3.213	0.543579
12000	38	3.41086	4.64482	4.37259
12000	39	16.9385	4.37918	1.54333
12000	40	2.34151	0.184757	0.661334
12000	41	7.25883	3.75473	0.709508
12000	42	7.02099	4.08058	1.86864
12000	43	4.07434	2.5274	1.1932
12000	44	18.7945	3.12357	6.11809
12000	45	3.43351	3.71366	4.09271
12000	46	2.74322	3.14241	5.97786
12000	47	4.04008	2.61281	3.3088
12000	48	5.84907	4.35355	4.68708
12000	49	13.1554	3.06695	4.60195
12000	50	1.00861	3.68444	4.36248
12000	51	17.6204	1.15409	2.67306
12000	52	0.996506	2.15781	4.4035
12000	53	4.47806	2.34497	1.49863
12000	54	5.47026	4.17203	0.729559
12000	55	5.80964	2.94231	1.03294
12000	56	2.40317	0.280292	0.127155
12000	57	6.07717	0.276	0.636818
12000	58	14.0243	0.685519	1.62108
12000	59	4.05057	1.92742	0.0295961
12000	60	17.8289	1.23857	3.41698
12000	61	6.3632	2.70359	4.22644
12000	62	8.25567	1.17949	2.76378
12000	63	3.92406	0.543872	2.9768
12000	64	2.86708	4.99326	5.7228
12000	65	2.72404	1.97195	0.209648
12000	66	6.29573	0.931109	1.12302
12000	67	5.55735	1.0676	2.57865
12000	68	7.02489	1.12118	6.17059
12000	69	3.40569	2.15252	0.864969
12000	70	2.61906	1.14559	0.758819
12000	71	6.45841	0.323911	4.04214
12000	72	8.478	4.09017	0.61755
12000	73	16.0786	4.14739	0.104425
12000	74	2.56986	1.68795	2.43563
12000	75	2.04729	3.87884	1.54277
12000	76	3.24896	2.84388	4.27169
12000	77	2.22634	2.72137	4.6879
12000	78	5.06344	1.22902	3.10143
12000	79	5.18197	3.87273	2.97863
12000	80	5.06562	3.11475	3.43863
12000	81	16.9064	3.04947	6.13989
12000	82	5.9176	0.430418	1.12559
12000	83	18.6111	4.92758	4.19335
12000	84	7.89083	2.48778	2.55247
12000	85	15.4543	1.25092	4.11502
12000	86	7.05832	0.683475	6.09664
12000	87	6.12152	3.47845	4.51236
12000	88	8.88823	0.396268	0.992552
12000	89	6.0397	1.28349	4.6542
12000	90	10.3217	3.21865	0.259274
12000	91	0.799557	4.63011	6.0895
12000	92	2.71379	1.68767	5.12513
12000	93	3.25003	3.89793	2.56966
12000	94	3.66372	3.95171	5.26802
12000	95	3.03687	2.72334	4.21594
12000	96	3.66748	3.62921	0.388225
12000	97	2.28137	4.71029	3.43458
12000	98	2.32634	3.80617	0.469784
12000	99	16.5923	0.627284	5.55434
12000	100	5.02708	2.90615	4.98823
12000	101	10.7966	3.51469	6.19933
12000	102	2.41887	0.0249027	6.13303
12000	103	3.87545	2.41769	5.7257
12000	104	8.8071	0.612123	2.63972
12000	105	3.16468	2.30927	0.261387
12000	106	2.8091	3.75541	1.02786
12000	107	6.54303	3.85731	3.56657
12000	108	4.31196	4.30277	3.82004
12000	109	16.9646	1.46613	6.11701
12000	110	5.47849	2.49686	5.87596
12000	111	5.18399	2.19635	3.90575
12000	112	6.59501	4.03182	0.36956
12000	113	6.89413	1.92999	4.74561
12000	114	13.411	2.69049	5.22345
12000	115	7.67866	4.9519	3.44051
12000	116	3.10895	3.49416	4.65341
12000	117	4.09508	0.87617	3.91557
12000	118	4.10711	3.99687	0.11498
12000	119	7.01736	3.08142	2.58148
12000	120	12.6005	1.13968	0.892536
12000	121	6.24398	0.783525	3.00036
12000	122	7.7448	4.2631	3.37972
12000	123	17.5328	3.03407	5.27393
12000	124	7.68568	1.84974	4.97019
12000	125	4.68292	4.53635	1.38743
12000	126	8.78211	1.16904	0.602635
12000	127	6.32198	2.18627	4.6251
12000	128	7.92902	2.1106	3.53344
12000	129	3.30222	4.48401	1.81258
12000	130	5.91845	3.77818	5.31363
12000	131	3.97368	2.41661	1.30732
12000	132	5.56798	3.74518	0.134368
12000	133	4.82651	2.53616	5.11259
12000	134	2.56352	2.20421	0.0692848
12000	135	2.1309	2.00438	0.331665
12000	136	4.03567	1.27888	3.22299
12000	137	4.57511	1.82702	6.27162
12000	138	5.70645	2.05809	5.21666
12000	139	2.48982	3.12633	4.86613
12000	140	5.16135	2.4679	4.91492
12000	141	4.56205	2.40764	1.0577
12000	142	14.8132	1.45597	5.55543
12000	143	2.38346	0.749275	2.26545
12000	144	4.06445	1.65828	2.3051
12000	145	3.18021	1.36438	5.38756
12000	146	3.06711	4.04259	3.75694
12000	147	3.78283	2.47265	4.47341
12000	148	3.85821	4.95474	1.71186
12000	149	5.72284	0.426196	3.40441
12000	150	5.33849	4.41864	0.712291
12000	151	4.80185	4.87015	0.823985
12000	152	5.59721	0.324146	0.670601
12000	153	6.17545	1.93544	2.60952
12000	154	4.43173	3.03284	2.65848
12000	155	2.22982	3.64138	3.8541
12000	156	4.52779	4.32045	0.357008
12000	157	5.22835	0.583119	2.30947
12000	158	0.952963	3.07497	1.34402
12000	159	8.07921	1.44984	2.62985
12000	160	9.65591	2.32627	3.17004
12000	161	4.71646	0.12768	0.0247356
12000	162	5.06208	1.69894	1.41883
12000	163	4.07763	4.82377	3.60395
12000	164	11.8119	3.40102	3.81982
12000	165	4.40802	3.00176	6.14656
12000	166	5.26264	3.42688	0.0927563
12000	167	5.24515	0.390384	4.72635
12000	168	3.13806	1.24011	4.40579
12000	169	5.60539	3.80193	4.83638
12000	170	2.63883	3.32381	1.70315
12000	171	2.56265	2.18055	2.78137
12000	172	2.00678	2.83013	5.58111
12000	173	3.14292	1.0988	1.72149
12000	174	4.9026	4.58557	1.42878
12000	175	17.6845	4.89121	6.11387
12000	176	4.19593	3.29169	5.80147
12000	177	11.8817	3.55067	4.41093
12000	178	3.15011	2.88768	3.0027
12000	179	6.44956	4.81071	5.47041
12000	180	5.51938	1.82079	3.146
12000	181	0.30927	2.15147	0.941715
12000	182	2.83928	4.21304	4.02428
12000	183	4.79734	4.12416	3.32369
12000	184	7.9544	4.85883	5.51867
12000	185	1.59325	2.06465	1.92235
12000	186	4.89306	2.9611	4.69848
12000	187	6.7922	0.420646	5.6266
12000	188	2.3162	0.0430622	0.856587
12000	189	4.69026	4.90271	0.832584
12000	190	8.0526	1.40378	5.7772
12000	191	19.6438	0.531875	2.28
12000	192	6.77579	2.94482	3.07344
12000	193	8.13827	3.03743	1.25295
12000	194	2.25023	4.11286	1.08766
12000	195	3.97243	0.101705	3.28111
12000	196	4.27933	0.470401	3.62482
12000	197	3.51158	0.269261	4.15248
12000	198	5.6747	3.94559	1.31418
12000	199	4.39876	2.31869	6.19673
12000	200	19.9923	3.9532	2.72001
12000	201	4.93097	4.59415	3.173
12000	202	5.52879	3.131	2.95284
12000	203	3.16515	1.43434	2.84164
12000	204	2.35023	2.53704	3.38736
12000	205	4.47596	0.911101	3.86952
12000	206	4.80965	1.49742	5.93148
12000	207	5.25549	1.73872	0.0717287
12000	208	5.77997	3.05021	2.16191
12000	209	2.30577	0.888349	0.766861
12000	210	3.99882	4.20698	0.935718
12000	211	5.1907	1.51544	2.49302
12000	212	10.8237	1.99494	5.72341
12000	213	16.3607	4.86415	2.50591
12000	214	3.66821	1.70847	4.9491
12000	215	5.49863	3.32504	3.76411
12000	216	5.20831	3.529	4.08389
12000	217	3.33981	4.90842	1.74521
12000	218	5.05625	2.30041	2.89249
12000	219	8.8177	3.22883	2.40301
12000	220	3.54728	4.86815	5.15559
12000	221	4.57072	2.28022	1.53806
12000	222	7.98196	1.37758	2.26
12000	223	4.24412	4.44571	5.86904
12000	224	4.8076	2.75595	5.95968
12000	225	5.53052	2.86453	3.06794
12000	226	1.49376	4.49699	5.42635
12000	227	7.33582	2.36719	2.65118
12000	228	3.74909	3.45752	1.31379
12000	229	3.97174	1.60752	0.778917
12000	230	2.47099	2.29448	2.82837
12000	231	7.3384	2.05204	4.69516
12000	232	5.12433	2.34852	5.59144
12000	233	2.81639	0.528155	4.76123
12000	234	4.23617	2.03739	5.62625
12000	235	3.19533	1.21346	3.86524
12000	236	14.8708	2.96632	1.94657
12000	237	4.89284	3.57766	3.96711
12000	238	2.58733	2.88376	0.896091
12000	239	3.11902	0.885273	1.51403
12000	240	3.4276	4.18394	4.24296
12000	241	17.5625	2.20442	3.91627
12000	242	4.89903	2.00056	4.07377
12000	243	13.2008	1.20738	6.10829
12000	244	4.89066	3.87866	1.28079
12000	245	4.45	4.19388	2.40104
12000	246	3.26513	3.91492	5.75887
12000	247	0.0514297	4.04077	4.78996
12000	248	3.07118	4.02049	2.87839
12000	249	4.85695	0.624858	4.70397
12000	250	3.67638	2.54924	0.899599
12000	251	2.60545	4.27677	0.368408
12000	252	15.6394	1.33454	0.966514
12000	253	4.4998	1.38711	5.67217
12000	254	3.40481	0.0103984	3.01573
12000	255	3.43806	1.8401	5.84873
12000	256	2.48632	0.327288	0.299811
12000	257	5.73656	1.48498	2.22194
12000	258	5.63349	0.752677	2.71866
12000	259	7.32929	0.495069	5.18513
12000	260	5.12131	1.10551	2.47549
12000	261	11.4715	3.97629	5.54842
12000	262	18.1196	1.89015	3.66717
12000	263	3.9225	4.38661	4.04886
12000	264	7.51841	3.73834	2.62004
12000	265	10.7037	4.12718	1.10686
12000	266	8.09544	4.43266	6.1777
12000	267	3.29712	2.01065	2.92975
12000	268	18.8229	3.9428	4.97931
12000	269	5.55097	1.37327	3.70542
12000	270	2.26203	4.983	1.52408
12000	271	7.90677	1.63781	3.15933
12000	272	3.62449	0.727986	2.38544
12000	273	5.5892	2.13241	0.685113
12000	274	5.94761	1.3372	5.74155
12000	275	1.37442	4.7454	6.21704
12000	276	2.60503	2.83966	5.45906
12000	277	7.02916	0.923504	1.56798
12000	278	4.01098	3.53699	5.65506
12000	279	8.42469	4.0614	4.1879
12000	280	17.0379	1.72806	2.32424
12000	281	7.36282	2.95612	5.54316
12000	282	7.30439	1.29708	1.73076
12000	283	1.9904	3.52201	4.81565
12000	284	4.8865	3.18222	6.21823
12000	285	0.527389	1.25107	0.121978
12000	286	5.66393	4.71256	1.72696
12000	287	9.6532	1.08206	3.06782
12000	288	3.1849	2.70298	6.06878
12000	289	2.74246	0.360931	4.71923
12000	290	1.88892	1.25999	5.38107
12000	291	5.7098	4.86748	3.47572
12000	292	1.51113	2.54224	2.51447
12000	293	18.8573	3.21667	2.18525
12000	294	3.4877	3.44132	0.855634
12000	295	5.3821	1.98902	3.94164
12000	296	5.48261	0.638132	4.13647
12000	297	4.852	1.65484	4.93981
12000	298	4.27495	0.180392	0.257273
12000	299	10.0065	4.21139	3.68646
12000	300	6.2183	3.07191	3.0162
12000	301	3.81399	1.96134	0.383024
12000	302	2.59065	4.09005	0.250283
12000	303	5.69176	0.988872	4.74745
12000	304	7.43557	0.742544	2.04694
12000	305	10.6047	3.81022	1.93505
12000	306	9.40623	2.36308	3.72852
12000	307	0.0761479	2.08298	6.22546
12000	308	19.8375	0.0655177	5.08258
12000	309	5.48019	1.67317	3.27864
12000	310	4.30025	2.78627	0.024246
12000	311	8.78139	4.98641	0.0301024
12000	312	7.39168	1.9996	3.36229
12000	313	5.61335	2.75642	1.98082
12000	314	6.47935	3.81914	3.28099
12000	315	5.76981	1.75332	4.42696
12000	316	2.99091	0.316634	4.33453
12000	317	2.97882	1.47877	6.07629
12000	318	3.8059	1.23496	3.24934
12000	319	4.63611	4.5943	4.53378
12000	320	2.85571	3.72776	1.61883
12000	321	4.01407	3.21099	4.44874
12000	322	17.3429	0.584312	2.12118
12000	323	4.40642	2.76785	4.36579
12000	324	1.91112	0.101693	5.45608
12000	325	5.16352	2.10712	2.09425
12000	326	6.37699	4.49518	2.04949
12000	327	2.28229	1.33565	0.370207
12000	328	4.55922	4.67042	3.53971
12000	329	4.15065	3.48647	4.23145
12000	330	0.556494	1.03363	2.11898
12000	331	18.4386	1.51733	4.60728
12000	332	4.77287	1.29751	2.4994
12000	333	2.49268	4.38945	5.04194
12000	334	11.5715	1.06503	4.20909
12000	335	14.2747	2.46515	2.78928
12000	336	11.0583	2.52977	2.15032
12000	337	10.6495	3.01269	5.67875
12000	338	4.70326	1.22496	3.73994
12000	339	2.95605	2.41305	2.87681
12000	340	8.11773	2.70411	1.98076
12000	341	4.91928	0.281658	5.54901
12000	342	5.91155	0.134257	4.03961
12000	343	5.39943	4.31412	4.11887
12000	344	4.58485	1.69443	3.64831
12000	345	3.58452	0.545642	4.04859
12000	346	4.3212	4.56158	5.32842
12000	347	2.63183	4.66148	1.29923
12000	348	2.27918	4.19864	5.34406
12000	349	3.79718	4.221	3.00427
12000	350	4.37589	3.32013	4.63957
12000	351	14.4696	3.25389	4.92498
12000	352	5.04932	0.138002	4.0883
12000	353	7.49188	0.665465	4.88602
12000	354	2.84856	2.53611	6.15582
12000	355	5.58181	3.02209	5.12052
12000	356	5.50171	0.363348	4.77227
12000	357	2.42382	3.26338	5.74805
12000	358	3.7006	2.72438	5.89338
12000	359	6.3852	3.36351	5.62582
12000	360	18.8761	0.0046137	3.68498
12000	361	2.63091	1.399	1.43752
12000	362	4.93862	4.14028	1.00832
12000	363	2.58694	0.140289	4.0175
12000	364	3.04377	2.05505	1.26528
12000	365	16.4026	1.71468	4.46341
12000	366	5.48781	4.1122	5.03572
12000	367	3.67398	3.10756	2.63949
12000	368	19.0326	2.49269	3.91039
12000	369	5.27111	4.57268	5.82516
12000	370	8.00374	3.32904	5.16276
12000	371	5.07883	4.32719	2.54924
12000	372	3.45753	2.87428	4.5803
12000	373	3.42294	3.55757	6.2396
12000	374	0.0118783	2.44495	3.50013
12000	375	2.97231	0.967681	0.460444
12000	376	4.56473	0.291471	2.48374
12000	377	2.78135	2.50904	3.39625
12000	378	3.7485	1.09748	5.51076
12000	379	6.62974	0.588857	3.6522
12000	380	12.7201	1.71236	1.71427
12000	381	11.2856	2.3204	1.20638
12000	382	4.4057	4.94689	2.7057
12000	383	2.44282	1.2123	4.37846
12000	384	4.0965	3.85772	2.04609
12000	385	3.60062	3.65841	3.7324
12000	386	4.7571	2.36914	6.09131
12000	387	8.31896	0.742298	4.85038
12000	388	3.1616	0.276691	3.76496
12000	389	3.09661	2.99526	1.19189
12000	390	15.9081	4.92959	3.89378
12000	391	2.36586	0.94625	5.87835
12000	392	3.88944	3.08001	5.06432
12000	393	3.06698	4.71045	2.84642
12000	394	4.84445	1.20169	3.0794
12000	395	4.49376	0.480248	1.96992
12000	396	2.18013	0.487529	4.66624
12000	397	3.68389	4.10643	4.11774
12000	398	2.98375	0.954079	4.49235
12000	399	10.1271	3.01599	5.00078
12000	400	7.87632	4.79878	3.00181
12000	401	2.0484	1.05853	5.26608
12000	402	3.68525	4.78504	0.888695
12000	403	10.2582	1.60616	1.87286
12000	404	4.60779	0.888053	3.59205
12000	405	5.11224	2.04465	1.56314
12000	406	6.95284	2.92663	3.86997
12000	407	7.70855	1.79103	2.49703
12000	408	2.33035	3.28585	0.234481
12000	409	5.08885	2.1694	5.00063
12000	410	4.26399	0.231999	4.9415
12000	411	5.00777	0.0247158	4.73626
12000	412	10.9942	4.26815	4.58399
12000	413	6.83565	2.68004	0.147451
12000	414	4.29277	3.70756	1.96514
12000	415	2.72824	4.64493	4.305
12000	416	5.25194	1.64084	0.277391
12000	417	5.20658	0.587967	4.13456
12000	418	4.06662	1.7122	0.974992
12000	419	4.82704	1.56075	3.58499
12000	420	2.57653	3.69333	4.03188
12000	421	1.16804	3.10061	0.179121
12000	422	5.37019	4.76904	5.90513
12000	423	6.65579	1.74662	3.644
12000	424	6.19712	2.31188	5.16558
12000	425	2.49938	3.76673	4.73859
12000	426	3.68553	4.85489	5.19015
12000	427	2.54031	4.12525	3.44127
12000	428	1.76325	2.01137	0.830657
12000	429	4.16992	0.638308	4.98011
12000	430	7.01897	2.2972	3.52292
12000	431	3.0088	4.23562	1.86486
12000	432	2.45924	2.70597	3.35956
12000	433	7.62155	3.77196	1.96854
12000	434	2.65424	0.558915	6.16287
12000	435	4.88867	2.78058	2.46693
12000	436	3.10855	1.62489	3.32992
12000	437	4.38466	2.60809	2.57869
12000	438	8.81566	1.08225	2.38095
12000	439	4.47139	1.66998	2.08428
12000	440	2.96217	4.83533	4.99044
12000	441	4.64937	0.784682	3.61035
12000	442	14.5778	3.95566	0.585235
12000	443	3.72605	4.31139	4.28379
12000	444	12.255	4.57126	4.17992
12000	445	5.72514	1.1366	3.4294
12000	446	5.7671	4.42719	1.97294
12000	447	3.69313	3.67789	3.41079
12000	448	4.39537	3.71212	5.5312
12000	449	3.56819	3.04026	2.40451
12000	450	2.22624	4.70691	0.394381
12000	451	5.62415	3.35719	0.611604
12000	452	5.94954	2.44497	2.59258
12000	453	1.78752	1.88026	6.07181
12000	454	3.6277	4.03503	4.99613
12000	455	2.75498	0.026624	2.31578
12000	456	5.09551	0.473646	5.27107
12000	457	5.43305	4.54491	5.99806
12000	458	3.05115	0.615152	4.14175
12000	459	5.4825	4.9342	4.82449
12000	460	4.17023	4.02957	3.03478
12000	461	0.45035	3.78153	4.24925
12000	462	5.98669	2.41602	1.34528
12000	463	3.53994	0.830349	3.12559
12000	464	6.7201	0.00193374	3.99107
12000	465	6.17217	2.91303	3.98212
12000	466	12.3934	1.35221	1.87641
12000	467	7.1783	1.88872	0.0501375
12000	468	4.90993	0.897195	5.93441
12000	469	0.965007	3.85555	2.23621
12000	470	12.5874	2.87365	5.61392
12000	471	2.81938	3.44254	2.47055
12000	472	3.10063	2.53893	6.15317
12000	473	2.93281	4.7111	0.620587
12000	474	4.44253	3.81011	2.40137
12000	475	11.0821	4.88026	2.45781
12000	476	5.35482	1.01911	3.27235
12000	477	6.22643	2.01701	0.126512
12000	478	7.52335	1.33118	4.72068
12000	479	2.45794	3.61836	0.594896
12000	480	2.22901	2.61682	5.13313
12000	481	3.90648	2.99137	0.833225
12000	482	4.10939	4.77864	2.53051
12000	483	4.78084	0.865127	5.97218
12000	484	5.71686	1.67916	4.15095
12000	485	2.59311	3.83766	3.33515
12000	486	3.24579	0.389479	1.50187
12000	487	1.99625	4.83432	1.24
12000	488	5.12924	4.86133	4.25179
12000	489	5.05236	0.592422	3.1469
12000	490	2.66904	4.47509	0.503472
12000	491	2.51874	1.96302	5.64345
12000	492	3.05879	0.548002	1.42309
12000	493	3.50846	3.1129	5.54524
12000	494	4.25348	0.571068	1.3784
12000	495	9.09275	2.64678	2.76669
12000	496	3.75528	0.50919	0.246486
12000	497	4.78404	2.21193	4.38727
12000	498	4.19869	1.56099	6.14784
12000	499	16.0197	0.0266342	0.626492
14000	0	4.91911	0.0224849	2.80237
14000	1	4.75653	1.62258	4.29887
14000	2	2.62445	1.34196	0.404685
14000	3	3.21522	3.32044	5.14674
14000	4	5.1105	4.2221	0.390956
14000	5	2.1545	2.40364	3.0919
14000	6	2.6261	0.56526	0.76079
14000	7	6.57632	0.991775	2.02156
14000	8	1.8434	3.11239	1.39289
14000	9	17.296	1.69347	1.51825
14000	10	5.39813	4.80429	2.53455
14000	11	6.09097	3.21977	3.58656
14000	12	4.91902	1.72827	2.01606
14000	13	16.0654	4.27443	5.10017
14000	14	4.74516	2.3591	2.42271
14000	15	4.37927	3.97188	5.9887
14000	16	0.58523	1.52781	2.80517
14000	17	4.53269	4.427	5.07147
14000	18	19.2261	1.59793	3.46293
14000	19	7.93424	2.75861	5.878
14000	20	5.10592	0.71412	5.17179
14000	21	4.10556	3.78656	1.82455
14000	22	3.27084	2.21354	1.04674
14000	23	15.5364	2.72645	3.61595
14000	24	5.33306	1.58941	0.516017
14000	25	3.41029	2.77477	0.712192
14000	26	6.07468	2.62485	3.86577
14000	27	2.45641	1.43526	6.2821
14000	28	7.4738	1.40454	5.4976
14000	29	1.91578	0.132971	0.482405
14000	30	2.4644	2.85696	0.252327
14000	31	7.04722	0.540599	0.464241
14000	32	18.9417	0.0826231	0.944781
14000	33	9.57988	0.714336	0.813587
14000	34	4.86439	3.98649	4.38687
14000	35	1.8551	0.572018	2.81017
14000	36	2.1471	4.11204	1.25895
14000	37	5.02723	1.8214	6.02593
14000	38	3.21857	4.22165	0.0376532
14000	39	3.69825	1.96418	0.45956
14000	40	3.97848	2.21608	0.311046
14000	41	3.99676	2.87644	1.91956
14000	42	17.7147	2.75859	5.67815
14000	43	4.84099	0.54589	3.65247
14000	44	3.95899	1.65643	1.78307
14000	45	3.2996	0.607903	1.48615
14000	46	5.72407	4.13905	1.90994
14000	47	4.51421	0.901936	2.04353
14000	48	5.09438	2.05647	5.06082
14000	49	5.49302	1.91748	5.22709
14000	50	3.3638	0.815274	2.91772
14000	51	2.96978	0.457372	1.20622
14000	52	6.74674	1.34991	1.52089
14000	53	5.56811	3.64875	4.82661
14000	54	10.5758	0.401438	1.59705
14000	55	3.45166	1.89845	5.24285
14000	56	4.99139	3.25777	5.30207
14000	57	7.1979	3.25518	0.150069
14000	58	17.7762	1.73799	5.1017
14000	59	2.19613	2.46617	5.31745
14000	60	3.82628	1.97784	4.08767
14000	61	3.166	1.04819	3.02317
14000	62	1.10345	0.671933	5.21046
14000	63	2.69074	3.1539	3.01894
14000	64	5.48111	3.53682	2.99668
14000	65	5.52215	2.89683	1.92916
14000	66	4.9308	4.25635	5.35175
14000	67	6.55121	1.83684	3.12245
14000	68	5.00568	2.90124	2.99413
14000	69	2.28041	1.30031	5.95243
14000	70	6.32861	3.5457	2.84699
14000	71	4.41457	0.510527	2.26604
14000	72	9.89084	2.99831	5.10951
14000	73	3.38039	0.449054	4.57626
14000	74	4.70626	1.87225	0.63236
14000	75	6.11007	3.73741	3.57004
14000	76	19.3262	2.53066	3.51286
14000	77	3.90386	0.522037	1.85687
14000	78	17.1878	0.329338	0.965596
14000	79	13.2148	3.92558	3.08462
14000	80	3.24898	1.23068	5.56385
14000	81	9.92327	0.599458	0.8289
14000	82	3.46003	4.86949	2.16971
14000	83	3.87571	3.12104	1.25141
14000	84	4.27689	4.83454	3.46911
14000	85	3.33772	3.32064	2.11355
14000	86	3.74164	0.727058	2.17616
14000	87	3.02228	2.78406	2.78999
14000	88	13.6209	2.7828	2.59987
14000	89	6.69132	0.254332	0.260742
14000	90	17.8599	3.32462	2.40301
14000	91	19.0976	1.47424	0.536884
14000	92	2.52558	3.378	4.80163
14000	93	2.85423	1.36944	4.11776
14000	94	2.46064	1.1652	4.69612
14000	95	5.57364	1.54783	4.43888
14000	96	3.52609	2.86141	6.0203
14000	97	6.18078	3.83296	3.10832
14000	98	2.80278	2.8339	6.26479
14000	99	3.60948	0.458368	2.73605
14000	100	1.01035	0.0195497	2.26508
14000	101	3.61008	3.65912	3.49689
14000	102	5.34521	3.42258	6.24651
14000	103	4.40852	0.260331	2.4589
14000	104	1.69891	0.167858	5.34803
14000	105	4.74868	0.199543	3.61337
14000	106	4.07262	4.84235	3.96964
14000	107	7.21658	3.99732	4.21171
14000	108	6.44606	3.04645	3.33172
14000	109	3.4801	4.09463	2.10121
14000	110	3.4085	3.08351	5.27976
14000	111	2.79547	4.8637	2.07963
14000	112	5.54369	0.801394	4.45581
14000	113	3.52667	0.415811	2.07743
14000	114	1.83012	2.95784	5.63067
14000	115	3.18506	0.304727	2.26087
14000	116	4.35921	2.65579	2.1744
14000	117	3.0658	4.65842	1.97073
14000	118	5.06556	4.75607	0.84761
14000	119	2.53412	1.97382	3.76092
14000	120	4.8171	4.56005	3.55758
14000	121	4.2673	1.60606	3.20636
14000	122	2.57459	1.54402	4.74271
14000	123	5.89508	0.869327	3.11594
14000	124	1.90757	0.172605	3.17948
14000	125	6.15892	3.51905	1.21071
14000	126	3.89237	3.18732	5.55009
14000	127	5.90822	1.62161	2.32984
14000	128	6.06868	2.45815	4.0233
14000	129	14.8114	2.32006	5.58356
14000	130	3.66875	4.56963	5.44014
14000	131	9.37895	0.744426	0.212427
14000	132	5.55403	4.77723	2.61138
14000	133	3.81531	3.93459	3.86882
14000	134	2.3935	1.57992	5.6026
14000	135	2.64031	2.06203	1.1031
14000	136	4.60222	4.97323	2.41029
14000	137	19.7022	0.0332265	3.56908
14000	138	1.10244	3.59845	0.0885417
14000	139	4.70722	0.960925	0.880967
14000	140	17.7397	2.30677	3.62033
14000	141	6.75645	0.944673	1.73141
14000	142	4.96712	1.2134	3.13903
14000	143	4.48891	1.5278	5.93692
14000	144	3.03702	1.05847	5.05688
14000	145	4.61237	0.974751	4.87479
14000	146	0.348675	4.70799	6.13433
14000	147	5.77264	4.9147	2.35745
14000	148	4.17094	0.222914	1.73788
14000	149	4.82624	2.80589	3.90634
14000	150	4.11478	3.30005	5.59308
14000	151	5.52667	3.11145	5.7081
14000	152	15.8708	1.00088	2.42379
14000	153	2.80421	4.36787	1.94278
14000	154	3.93623	4.23926	3.81422
14000	155	2.56823	2.34292	6.15853
14000	156	4.13302	0.033658	1.1028
14000	157	17.4903	4.93783	1.17916
14000	158	6.48295	0.248349	1.47448
14000	159	3.52249	4.11236	1.74297
14000	160	3.95908	2.54046	0.577054
14000	161	5.99251	2.41187	6.15261
14000	162	3.33942	4.86496	4.44696
14000	163	3.60379	2.97372	0.696756
14000	164	1.38259	3.98011	0.0329538
14000	165	3.57241	3.17677	2.15394
14000	166	2.52976	3.3097	0.0781364
14000	167	14.0889	1.26882	2.13629
14000	168	15.2004	1.51954	1.64304
14000	169	3.06687	0.380603	4.61653
14000	170	5.02489	3.06181	2.59982
14000	171	4.86679	0.93315	2.62873
14000	172	3.01299	1.50298	3.98007
14000	173	3.06714	4.97633	2.98762
14000	174	3.4908	3.74494	0.658467
14000	175	6.70565	3.80636	5.99655
14000	176	2.31514	0.973695	1.4649
14000	177	4.78257	4.0371	4.01237
14000	178	3.70981	3.47254	5.23781
14000	179	16.5924	1.2275	3.78113
14000	180	5.6131	2.58057	5.49218
14000	181	4.38573	4.82837	3.95216
14000	182	3.5647	0.792045	4.33041
14000	183	10.4599	2.57575	0.911962
14000	184	5.70601	0.411108	2.05702
14000	185	5.56871	4.36851	5.31498
14000	186	3.16728	3.15835	5.28049
14000	187	5.77467	2.51564	3.45196
14000	188	3.68813	2.20366	3.25012
14000	189	2.62981	1.76338	5.36802
14000	190	5.94864	2.31575	3.86473
14000	191	14.2244	1.70725	1.13598
14000	192	5.31153	4.9563	4.12288
14000	193	13.9426	4.46594	3.76194
14000	194	5.53287	0.485859	4.18758
14000	195	5.1012	3.12164	0.141396
14000	196	5.44954	0.0391327	3.55489
14000	197	16.2558	2.6039	3.95149
14000	198	5.07127	2.3215	5.30586
14000	199	4.09486	2.05661	3.64431
14000	200	19.9557	1.85995	4.01799
14000	201	3.59108	3.93392	1.11216
14000	202	4.00211	4.62811	5.13475
14000	203	4.64594	0.353428	1.97577
14000	204	3.45372	1.65194	1.61684
14000	205	3.33657	4.53128	1.28983
14000	206	4.32837	1.24545	0.0952676
14000	207	2.81985	3.77336	4.74907
14000	208	3.0784	4.92966	0.108756
14000	209	2.60543	2.5504	0.271755
14000	210	5.49837	2.12666	3.69482
14000	211	4.89966	3.74849	3.46686
14000	212	6.27479	4.42861	1.62362
14000	213	3.82338	0.842258	1.03339
14000	214	3.05624	3.42049	0.911191
14000	215	2.53032	4.85584	2.69776
14000	216	3.00111	1.92512	4.75388
14000	217	5.2393	3.69588	3.64077
14000	218	3.54931	1.36992	1.67204
14000	219	5.13242	0.903613	5.58175
14000	220	6.65157	4.84583	0.664193
14000	221	3.53186	2.26765	0.488524
14000	222	2.26774	1.96674	1.68202
14000	223	3.92891	3.74259	0.968505
14000	224	14.2455	2.38774	0.412161
14000	225	6.335	1.09096	2.65591
14000	226	1.65843	2.84712	1.18472
14000	227	2.54337	3.91575	2.12086
14000	228	14.8107	1.77409	4.17921
14000	229	2.38771	3.31324	6.2556
14000	230	5.70831	2.28066	2.68859
14000	231	5.36976	0.373702	1.79637
14000	232	4.3259	3.33238	5.84976
14000	233	4.77085	2.26496	5.50459
14000	234	6.29606	1.32399	5.20872
14000	235	6.19873	2.98914	0.325169
14000	236	5.3196	1.71942	1.49541
14000	237	3.43469	1.54626	0.920233
14000	238	2.91861	3.29366	5.14739
14000	239	2.5806	4.17515	4.88183
14000	240	4.4979	4.55094	6.01098
14000	241	1.72538	1.93353	1.02927
14000	242	8.76449	0.133008	4.25581
14000	243	18.6999	2.84742	4.11716
14000	244	15.8707	0.95253	3.04115
14000	245	3.14283	0.900072	4.83146
14000	246	7.01152	1.56898	0.527386
14000	247	6.38779	3.17297	2.2273
14000	248	3.69252	0.0347749	4.35911
14000	249	3.11049	3.81702	4.15373
14000	250	3.42113	1.19695	1.13064
14000	251	5.60988	0.872678	4.81635
14000	252	6.56753	3.54773	3.06621
14000	253	3.42767	4.70351	4.7444
14000	254	3.95642	4.24432	5.27713
14000	255	0.356465	0.59739	2.29287
14000	256	5.63588	1.88676	3.20274
14000	257	2.91885	2.693	6.26658
14000	258	5.7685	2.97273	4.3745
14000	259	3.44749	2.18076	5.49283
14000	260	3.12243	0.414513	3.14148
14000	261	2.41565	4.58962	4.13685
14000	262	4.93178	0.340297	1.11812
14000	263	2.76195	1.58938	2.23348
14000	264	12.7328	4.98817	0.831693
14000	265	5.59375	1.7743	0.108098
14000	266	6.82373	4.54671	4.65931
14000	267	11.3374	4.65485	3.72536
14000	268	5.42889	4.49957	4.55689
14000	269	2.29575	2.65033	0.996053
14000	270	2.24885	4.31981	5.84963
14000	271	4.73671	4.4318	0.670628
14000	272	4.56554	3.70659	4.63215
14000	273	3.62164	2.22009	4.09362
14000	274	11.36	1.67808	1.01014
14000	275	1.28112	3.1873	4.91476
14000	276	7.06874	3.01593	3.84021
14000	277	18.9336	1.31645	4.63218
14000	278	5.50554	1.77822	0.643753
14000	279	3.75983	1.34536	3.93208
14000	280	1.94235	1.71333	1.17361
14000	281	4.257	3.38724	4.43745
14000	282	3.68432	2.58688	5.13366
14000	283	6.57662	0.616197	4.84463
14000	284	8.49831	1.85257	0.0643179
14000	285	4.4591	3.16312	3.78661
14000	286	18.8299	3.25179	1.06033
14000	287	3.04752	2.54253	1.88361
14000	288	5.9627	4.84057	2.75076
14000	289	5.63458	1.01164	5.15375
14000	290	3.40411	4.42902	2.63353
14000	291	5.66491	0.134236	2.9708
14000	292	14.1466	0.692989	2.90008
14000	293	3.93535	4.98943	4.02633
14000	294	10.6692	3.2744	1.10063
14000	295	12.0039	2.25754	1.43236
14000	296	2.98824	4.53075	0.529825
14000	297	10.12	2.17966	3.20759
14000	298	3.64598	0.831065	2.98402
14000	299	12.9236	2.17914	0.898252
14000	300	15.7512	2.04219	0.162885
14000	301	18.8722	3.78123	0.916667
14000	302	6.15841	0.202798	0.186449
14000	303	2.03894	4.24552	1.99217
14000	304	0.461901	0.199798	0.00784407
14000	305	5.83412	3.89691	3.60701
14000	306	6.35433	3.9064	4.29597
14000	307	11.1246	3.98977	3.85353
14000	308	5.78402	3.33943	6.22916
14000	309	4.36551	0.602938	4.79682
14000	310	4.87655	3.49967	1.79609
14000	311	6.57167	4.28972	2.95085
14000	312	2.98713	1.20804	5.83335
14000	313	5.12539	4.94532	3.81504
14000	314	4.62577	1.01175	0.0678786
14000	315	2.78148	0.581942	3.06299
14000	316	2.64602	3.79722	3.00275
14000	317	4.13524	2.80078	2.65611
14000	318	3.73295	1.58538	0.162176
14000	319	2.85469	2.357	1.69633
14000	320	4.67324	1.60596	5.6398
14000	321	5.88013	1.30526	5.50668
14000	322	10.366	3.298	0.955553
14000	323	2.8745	1.00098	0.593356
14000	324	1.85669	3.44098	5.15211
14000	325	5.31793	2.59358	1.50654
14000	326	10.9717	3.92192	2.33419
14000	327	6.578	1.77077	5.61782
14000	328	2.14257	3.2998	0.647933
14000	329	7.32726	2.58759	3.12216
14000	330	3.13475	3.06904	1.45202
14000	331	4.2519	3.59701	0.130977
14000	332	4.51683	1.66135	5.03717
14000	333	2.7436	3.40758	2.78089
14000	334	3.34699	2.03272	2.39685
14000	335	6.84506	3.15649	0.205203
14000	336	2.82543	3.96949	4.54723
14000	337	4.03075	0.596963	4.6585
14000	338	10.9481	0.993159	3.75099
14000	339	8.16386	1.93468	5.34121
14000	340	5.18797	2.23697	4.4182
14000	341	0.693795	2.91215	0.0567613
14000	342	5.83445	0.302847	4.29146
14000	343	5.6678	3.84889	0.845314
14000	344	2.68858	3.63577	0.313592
14000	345	6.06326	1.54322	4.06609
14000	346	2.98315	0.954079	2.31074
14000	347	2.70087	1.02268	1.37323
14000	348	11.454	1.08512	1.85816
14000	349	2.33468	3.01019	0.625611
14000	350	5.3981	1.35104	3.22078
14000	351	2.7174	2.2458	4.18678
14000	352	7.06017	2.28307	3.38671
14000	353	1.46932	3.7151	0.113648
14000	354	4.50801	2.83668	6.14234
14000	355	6.21758	3.46681	2.60685
14000	356	3.90474	4.64927	3.053
14000	357	16.8023	0.839105	5.4354
14000	358	0.0436815	4.38227	2.01076
14000	359	2.01684	3.39059	4.8059
14000	360	4.32941	4.02515	4.43686
14000	361	4.19916	4.08786	3.82896
14000	362	5.71308	3.68797	2.16021
14000	363	2.35348	1.89971	4.74062
14000	364	2.36242	4.1559	5.57944
14000	365	2.7477	3.51399	1.40589
14000	366	6.16095	2.6396	2.13488
14000	367	3.76177	0.353987	2.24855
14000	368	4.83062	2.99241	0.423278
14000	369	2.40744	0.6932	6.10831
14000	370	4.75532	3.29292	1.45563
14000	371	6.48312	1.22966	5.6971
14000	372	2.46523	1.10533	1.10322
14000	373	4.64677	0.745474	0.38053
14000	374	5.58682	1.73966	4.59272
14000	375	5.62023	4.22851	1.02956
14000	376	2.35933	3.11624	6.24394
14000	377	5.25469	4.11306	4.35394
14000	378	3.98921	1.22341	3.87403
14000	379	8.28787	1.76909	6.0086
14000	380	4.91752	1.3884	1.15934
14000	381	7.71613	4.14596	4.21754
14000	382	1.34303	0.285374	0.287201
14000	383	12.1237	4.75718	0.0741179
14000	384	5.51511	0.252164	1.37205
14000	385	6.3294	0.887718	2.25007
14000	386	4.0076	4.06755	0.714667
14000	387	4.81132	3.43889	0.163211
14000	388	5.19334	0.659146	6.1355
14000	389	4.29238	3.96387	3.22653
14000	390	5.40631	1.28623	6.06027
14000	391	1.49185	2.47333	4.60844
14000	392	7.23462	0.796613	1.31743
14000	393	4.76838	3.94978	1.88151
14000	394	7.54225	2.25112	2.16937
14000	395	5.90768	0.344784	5.15367
14000	396	4.06739	0.334216	4.42955
14000	397	19.8402	2.65377	5.57666
14000	398	2.28016	0.204039	0.835473
14000	399	3.81593	1.11818	4.3164
14000	400	3.28743	2.96431	4.30303
14000	401	5.8163	2.84642	5.72501
14000	402	2.20249	1.82963	1.75631
14000	403	5.68945	3.13167	4.09636
14000	404	4.95049	4.77708	5.52567
14000	405	2.89006	0.0443747	2.72974
14000	406	3.72093	3.43447	3.01642
14000	407	5.17287	3.73341	1.70392
14000	408	2.12553	2.75592	5.24453
14000	409	11.4266	2.57717	6.05071
14000	410	4.85152	0.682375	5.18409
14000	411	1.72616	0.668439	0.216213
14000	412	2.44513	0.283004	6.14795
14000	413	5.22267	2.5395	5.4412
14000	414	2.55894	3.00572	5.49627
14000	415	4.04731	2.59834	2.25375
14000	416	4.60969	2.21677	4.12871
14000	417	2.2918	0.779665	5.06802
14000	418	12.1119	2.90956	4.15723
14000	419	2.73537	2.04188	0.819629
14000	420	4.02681	1.43548	0.708633
14000	421	12.7796	1.72829	3.33996
14000	422	1.19288	2.58492	5.40344
14000	423	12.7158	4.47325	0.06841
14000	424	4.59357	2.46751	0.982375
14000	425	7.23161	4.49124	2.39472
14000	426	2.4307	3.01405	1.41948
14000	427	6.71041	0.181396	1.3528
14000	428	5.6807	1.31749	4.36844
14000	429	4.28841	1.50463	2.27656
14000	430	4.23464	3.55514	0.929858
14000	431	5.08365	4.75908	4.7744
14000	432	15.4658	0.528513	0.25754
14000	433	4.02304	3.98795	4.50815
14000	434	5.31675	4.61764	0.466752
14000	435	4.0408	3.00333	4.6675
14000	436	1.58409	4.32186	4.23607
14000	437	19.128	3.27592	4.5094
14000	438	5.72428	0.911382	2.29598
14000	439	5.08448	3.97413	0.426487
14000	440	18.1909	3.45133	2.97542
14000	441	1.95319	2.82789	6.14074
14000	442	4.83078	4.26647	3.91354
14000	443	3.8315	4.79562	1.11607
14000	444	1.97106	0.212625	1.29727
14000	445	3.63422	1.95687	5.52152
14000	446	4.83875	1.78291	5.03184
14000	447	2.73743	4.89784	4.41049
14000	448	6.96991	4.64227	2.42101
14000	449	5.40628	4.12873	4.25838
14000	450	2.79259	0.0726767	0.176602
14000	451	6.1363	2.47457	3.34955
14000	452	18.0291	1.53956	0.726472
14000	453	4.20069	2.63942	3.61353
14000	454	17.2579	2.71662	1.60537
14000	455	5.31697	0.97716	1.85817
14000	456	4.17585	1.0459	1.6759
14000	457	2.43038	1.01566	2.20218
14000	458	3.19139	4.16218	3.22717
14000	459	17.3367	0.975938	1.00535
14000	460	0.0399362	1.43617	5.90569
14000	461	5.66664	2.35062	5.54742
14000	462	2.91931	4.27584	6.16821
14000	463	3.01469	2.00914	5.79099
14000	464	5.77403	3.53774	4.19448
14000	465	15.3449	1.74203	3.49414
14000	466	6.02518	2.22898	5.602
14000	467	5.07791	0.251264	2.30593
14000	468	4.0601	3.05317	2.63201
14000	469	4.04757	1.73846	0.458391
14000	470	13.7369	2.09866	3.04436
14000	471	5.15555	1.53271	1.27775
14000	472	5.50755	2.76179	2.60415
14000	473	11.0273	0.832936	0.621634
14000	474	5.13274	3.59489	4.61769
14000	475	2.37219	2.40789	4.74133
14000	476	4.34908	1.81093	0.359289
14000	477	5.93065	2.73656	4.95222
14000	478	2.6612	0.779466	2.98963
14000	479	2.29868	0.113333	2.50834
14000	480	2.35019	4.04635	2.39053
14000	481	3.4054	0.699646	5.18701
14000	482	11.9716	2.47855	1.74572
14000	483	5.34771	0.662873	5.07543
14000	484	2.44435	4.44959	1.05254
14000	485	6.90048	2.05541	2.99063
14000	486	1.86474	1.88871	5.05915
14000	487	6.10774	3.79447	2.16624
14000	488	3.13048	2.82966	0.856937
14000	489	2.05837	0.793041	5.14054
14000	490	8.731	2.95803	5.99501
14000	491	4.28072	2.32483	4.62437
14000	492	4.27613	4.33012	0.145763
14000	493	2.70897	3.87873	0.228075
14000	494	3.82209	1.65005	0.251684
14000	495	8.30622	0.374264	5.27316
14000	496	5.30737	2.29868	1.37937
14000	497	3.37295	4.36201	4.28769
14000	498	9.22158	4.4213	4.70282
14000	499	5.82989	0.804498	1.76652
16000	0	13.1671	1.40228	6.23193
16000	1	12.7523	3.37009	2.91335
16000	2	3.1117	4.15799	5.07081
16000	3	5.94387	3.3491	5.56286
16000	4	5.01013	4.29345	2.27604
16000	5	8.16138	1.62279	0.349622
16000	6	5.14193	1.6071	2.78914
16000	7	16.3248	1.60487	0.948425
16000	8	4.40211	3.47438	5.94468
16000	9	6.39438	0.464499	4.70841
16000	10	3.79335	3.8162	6.1439
16000	11	6.24838	0.73756	3.45577
16000	12	2.60081	3.74929	2.43563
16000	13	2.91178	4.19016	1.47728
16000	14	3.77914	0.190814	4.57408
16000	15	5.35826	2.66089	3.92776
16000	16	4.39546	0.177582	1.49845
16000	17	8.10721	2.21508	1.39031
16000	18	5.22699	2.20646	5.73363
16000	19	8.56759	0.832367	2.29169
16000	20	1.99588	0.547163	3.03998
16000	21	2.16982	4.24084	0.977206
16000	22	5.41397	4.51246	4.56092
16000	23	3.20748	2.2861	2.56168
16000	24	2.56934	0.962269	0.22028
16000	25	5.32653	1.36088	1.38318
16000	26	6.66484	2.63574	5.86997
16000	27	6.64895	1.57294	2.21015
16000	28	13.5225	3.66433	3.18475
16000	29	1.72505	4.48857	2.88659
16000	30	3.3101	3.0198	3.91584
16000	31	4.61041	1.34456	5.1291
16000	32	0.997843	4.94757	5.61822
16000	33	6.32626	0.403032	5.89584
16000	34	5.62721	3.53743	2.0199
16000	35	2.47459	3.8199	5.13506
16000	36	2.08389	1.50535	3.25605
16000	37	5.74414	0.0561384	2.4805
16000	38	0.455741	3.899	2.26144
16000	39	6.02992	2.67092	0.120452
16000	40	5.79368	3.15207	3.99172
16000	41	2.57362	4.43545	5.56177
16000	42	8.32718	0.876694	4.34262
16000	43	5.74472	0.864355	5.21339
16000	44	4.8611	0.471429	2.83756
16000	45	2.26957	3.19563	5.77967
16000	46	5.49076	1.64358	3.17968
16000	47	3.35118	0.557817	0.302023
16000	48	6.8552	1.79696	3.89197
16000	49	3.19506	4.76775	2.84267
16000	50	7.14749	3.20448	5.89857
16000	51	5.92664	1.38742	5.03047
16000	52	5.20964	0.185804	1.18025
16000	53	2.05789	3.89933	4.95821
16000	54	3.36702	4.27616	4.30547
16000	55	4.23505	4.21186	1.6643
16000	56	12.8808	3.99551	2.22833
16000	57	4.29617	4.61181	4.55511
16000	58	8.12363	4.68009	2.13951
16000	59	17.9616	3.48652	2.13687
16000	60	4.94984	3.10386	5.94974
16000	61	3.55418	4.99049	3.1233
16000	62	19.161	2.81542	5.48145
16000	63	6.96236	0.387468	5.08068
16000	64	12.3355	0.452319	2.12948
16000	65	1.38396	1.96385	1.47762
16000	66	5.20171	0.212796	2.50706
16000	67	17.249	4.00551	1.69133
16000	68	5.81465	2.58974	5.43543
16000	69	5.53299	0.655388	2.56166
16000	70	2.57839	2.56791	2.04036
16000	71	4.47729	0.0643591	0.550132
16000	72	5.22473	2.33887	5.97073
16000	73	18.6931	0.93615	5.593
16000	74	3.22533	2.43689	2.04292
16000	75	2.88481	1.17844	1.38571
16000	76	4.73214	2.7395	3.60648
16000	77	4.04285	1.42701	0.688777
16000	78	2.55349	2.57054	4.96736
16000	79	2.87764	2.8511	0.767449
16000	80	4.2138	2.86142	4.32955
16000	81	3.43753	3.25784	2.82966
16000	82	6.37054	1.20684	3.27016
16000	83	5.25665	4.48656	0.554752
16000	84	17.8371	3.70365	4.4706
16000	85	5.62315	2.72869	2.41564
16000	86	4.98344	1.21581	6.27128
16000	87	4.04612	4.18599	0.0301089
16000	88	6.6836	4.47165	4.82698
16000	89	3.79136	4.92226	4.4113
16000	90	3.15385	4.06902	2.86272
16000	91	19.4435	1.10621	4.6907
16000	92	5.16611	1.86149	1.34269
16000	93	8.39484	2.6169	2.10323
16000	94	2.48939	2.7655	1.64919
16000	95	2.16303	0.933227	6.04348
16000	96	4.27258	2.64487	1.4646
16000	97	4.44451	4.38779	2.48808
16000	98	4.23328	3.43555	2.26176
16000	99	16.227	2.06725	3.12921
16000	100	4.80217	0.0690778	4.59744
16000	101	4.79033	1.08067	1.9838
16000	102	4.26603	2.93971	1.76571
16000	103	6.40635	2.193	1.56638
16000	104	4.63008	4.88122	5.92395
16000	105	4.88058	4.06432	5.03593
16000	106	1.25235	4.04768	3.59161
16000	107	2.40933	1.96642	3.65188
16000	108	5.38537	1.71934	2.4193
16000	109	4.9312	1.01365	2.26496
16000	110	4.11766	3.27636	1.80887
16000	111	6.3278	0.95064	5.40354
16000	112	4.31035	3.5632	1.29295
16000	113	1.67591	4.4958	4.02956
16000	114	5.56947	0.485009	4.13126
16000	115	18.6084	0.234812	6.19543
16000	116	2.71821	1.42511	0.0798379
16000	117	1.79056	1.17109	5.43477
16000	118	5.34282	2.58082	1.01326
16000	119	5.31379	4.95062	2.06525
16000	120	5.98517	0.229755	1.82889
16000	121	5.48837	1.96677	4.20781
16000	122	5.28617	1.51012	0.796677
16000	123	6.23241	1.96647	5.06717
16000	124	9.31668	0.43646	5.61585
16000	125	3.16693	4.306	2.62525
16000	126	9.01578	0.376817	6.2341
16000	127	6.15052	1.99654	0.347602
16000	128	3.59384	3.52007	6.10702
16000	129	10.9837	4.35921	6.26122
16000	130	13.1142	2.8163	4.65636
16000	131	4.7279	4.19561	2.06343
16000	132	8.9242	2.62131	5.88976
16000	133	3.13919	3.31419	4.36215
16000	134	5.89668	1.83888	0.376271
16000	135	16.5151	2.57168	5.86305
16000	136	3.94624	3.32883	2.84052
16000	137	2.41064	1.68962	5.4986
16000	138	1.05512	3.69275	1.25531
16000	139	9.8593	1.56262	5.2787
16000	140	4.70169	0.450013	1.89603
16000	141	5.2318	0.715503	2.94064
16000	142	5.61982	3.66197	4.03838
16000	143	5.09183	2.00791	4.12387
16000	144	2.88383	2.15338	4.56086
16000	145	5.01989	3.62969	0.0614607
16000	146	16.678	3.14552	2.5889
16000	147	12.9508	1.3786	5.37231
16000	148	4.00277	0.664138	2.46724
16000	149	11.7994	4.55715	4.05831
16000	150	3.1727	1.48994	4.61643
16000	151	3.68227	1.64089	4.48502
16000	152	2.36532	3.88988	0.434164
16000	153	3.04725	0.514441	4.15955
16000	154	3.05808	3.60204	4.63127
16000	155	4.76209	2.01344	1.43229
16000	156	4.30887	4.34679	3.29224
16000	157	5.08	3.02483	1.39984
16000	158	13.4312	4.13289	5.90294
16000	159	5.24128	4.87142	5.41632
16000	160	2.14433	1.98059	5.56477
16000	161	2.51534	0.182574	5.0122
16000	162	4.87976	2.04798	6.09345
16000	163	5.87339	1.0806	2.82008
16000	164	1.19249	2.57143	5.48005
16000	165	5.92977	2.84828	2.36131
16000	166	3.70892	2.04173	2.22553
16000	167	7.75376	1.04777	4.73411
16000	168	5.54448	3.94139	4.92855
16000	169	3.80177	3.48937	1.80284
16000	170	3.54455	1.11288	5.83837
16000	171	18.3712	2.97712	0.82097
16000	172	8.1911	1.97776	0.327903
16000	173	6.04457	4.24786	5.72588
16000	174	4.89177	4.70265	1.44467
16000	175	3.44981	1.65264	2.16809
16000	176	3.68245	2.41814	4.58056
16000	177	6.73375	4.35008	1.74322
16000	178	5.63105	2.89628	4.6051
16000	179	3.62206	1.31926	0.554134
16000	180	2.34597	1.41591	3.08718
16000	181	3.03674	1.91535	0.286553
16000	182	5.75536	4.56705	2.26415
16000	183	1.4924	4.75042	0.686823
16000	184	2.91988	4.9229	3.70288
16000	185	5.75204	0.140403	2.46764
16000	186	3.80379	0.556265	3.48817
16000	187	9.71481	0.341249	4.85778
16000	188	19.234	2.21878	3.19806
16000	189	3.12835	1.05152	6.03202
16000	190	3.34252	1.16257	1.38919
16000	191	2.68742	2.02572	5.55174
16000	192	6.15084	0.0723984	2.60797
16000	193	4.08122	2.12203	0.70927
16000	194	18.008	2.52303	2.42653
16000	195	3.99372	4.76616	1.91068
16000	196	1.98307	0.21234	0.22755
16000	197	3.78409	4.54615	4.35778
16000	198	3.36653	3.56637	6.20636
16000	199	3.79436	3.8362	4.19022
16000	200	7.24274	0.985887	4.21451
16000	201	3.92521	2.25894	6.16182
16000	202	5.26796	3.9094	1.71739
16000	203	3.71704	4.13966	2.08512
16000	204	2.30249	1.35872	6.21697
16000	205	3.71195	2.8227	1.45608
16000	206	4.05122	3.59364	4.42945
16000	207	3.12332	2.39956	1.14799
16000	208	5.57674	2.34564	3.80066
16000	209	2.31575	2.36277	5.38846
16000	210	5.60283	0.130803	2.45606
16000	211	3.76951	2.95191	1.00141
16000	212	4.65191	0.0223134	2.15017
16000	213	4.60697	3.59989	0.77569
16000	214	7.90104	3.2589	0.494392
16000	215	8.77962	2.85505	5.53445
16000	216	4.30766	2.70348	2.2387
16000	217	0.992829	4.00924	1.10766
16000	218	2.72129	3.15284	3.23638
16000	219	2.13847	4.46882	4.7429
16000	220	15.491	0.151206	4.90496
16000	221	5.83538	1.74569	4.3481
16000	222	0.973243	4.78573	1.55706
16000	223	1.80407	0.503188	5.27351
16000	224	16.6776	1.70246	6.2115
16000	225	4.92553	0.562656	1.32644
16000	226	2.37051	4.95419	4.72728
16000	227	2.68239	3.72461	2.66389
16000	228	4.54215	3.86201	0.579959
16000	229	5.49098	4.26219	2.48245
16000	230	7.73079	0.144461	3.02418
16000	231	4.89895	2.79612	1.5565
16000	232	3.1412	1.40183	1.00041
16000	233	2.36644	0.270565	1.56543
16000	234	5.12721	3.39355	1.98337
16000	235	3.98514	4.32023	2.6647
16000	236	4.87112	0.34044	1.03932
16000	237	5.8041	3.21265	5.66393
16000	238	4.8118	3.78213	0.883109
16000	239	2.35379	2.73565	5.96208
16000	240	5.29497	3.16971	4.54215
16000	241	16.368	2.85987	1.65177
16000	242	7.61277	0.207111	2.24444
16000	243	17.5508	0.207197	1.50048
16000	244	0.0477445	2.85395	2.97682
16000	245	2.40768	1.03183	5.19733
16000	246	6.95654	0.930233	4.08424
16000	247	3.33637	0.377361	3.55021
16000	248	5.767	2.87374	4.74319
16000	249	6.00265	4.10524	2.41021
16000	250	0.863954	1.96924	5.42858
16000	251	14.6807	0.0104933	5.8091
16000	252	3.4961	3.07147	4.11733
16000	253	7.21989	3.4561	4.12324
16000	254	7.97808	0.744639	4.20829
16000	255	5.97849	1.36841	4.76347
16000	256	7.28127	3.7717	2.48797
16000	257	19.663	2.91871	3.69572
16000	258	6.1694	3.14903	3.84717
16000	259	2.21322	3.35993	0.341586
16000	260	5.03216	1.29298	1.32825
16000	261	3.00832	4.55732	3.03805
16000	262	4.70547	2.27573	2.08506
16000	263	4.9183	4.06235	1.89603
16000	264	7.33653	2.95377	5.20089
16000	265	5.9831	1.19993	3.43565
16000	266	3.22564	1.52164	3.28283
16000	267	5.95324	3.24025	2.60903
16000	268	3.02951	4.87079	0.106485
16000	269	1.31804	0.43937	2.40277
16000	270	18.4732	3.03523	3.43955
16000	271	3.15371	3.22552	2.48393
16000	272	2.22978	3.31129	5.67146
16000	273	3.68368	2.79526	5.91066
16000	274	2.61996	3.03958	2.73947
16000	275	8.32157	3.08146	4.87882
16000	276	7.00716	0.807209	0.326456
16000	277	1.63657	3.07687	5.43833
16000	278	5.529	0.92703	5.28977
16000	279	2.40473	3.38834	5.18451
16000	280	4.27421	3.97056	5.96173
16000	281	3.12917	4.9271	1.05032
16000	282	5.35791	2.17267	5.77584
16000	283	3.65186	2.014	0.573543
16000	284	4.80281	0.682044	2.49871
16000	285	10.6635	4.78396	1.78584
16000	286	3.70913	4.31418	4.31057
16000	287	4.10681	1.20507	3.1208
16000	288	11.7604	1.35689	2.84501
16000	289	2.89681	1.55173	4.02702
16000	290	6.20004	3.21167	5.23913
16000	291	3.18776	0.86442	5.99195
16000	292	9.10459	1.68142	3.33341
16000	293	5.56577	0.721694	5.84868
16000	294	2.95895	0.842898	4.62359
16000	295	5.26641	2.68033	3.78639
16000	296	3.83724	1.85729	2.98088
16000	297	2.18023	1.29853	5.28029
16000	298	12.4241	4.0443	5.0535
16000	299	3.78666	2.64557	3.80838
16000	300	2.54163	4.02057	0.164957
16000	301	1.30349	3.92442	0.491038
16000	302	2.32568	3.67521	6.25319
16000	303	3.92424	0.432068	0.0954668
16000	304	2.09613	0.768801	1.94082
16000	305	5.81463	3.86115	2.53662
16000	306	3.6066	3.6049	2.99182
16000	307	18.2848	1.95673	5.70985
16000	308	4.63889	1.0308	0.103377
16000	309	12.8382	0.389081	6.22275
16000	310	6.31552	2.80707	3.49921
16000	311	2.3927	3.79815	2.98995
16000	312	4.46894	2.96068	0.759268
16000	313	4.72287	3.19239	2.01467
16000	314	4.09362	1.73661	4.82654
16000	315	6.39436	2.52544	2.36628
16000	316	2.38601	4.97484	3.8917
16000	317	4.18992	0.982132	0.57104
16000	318	3.49754	1.93136	1.39718
16000	319	4.09935	4.97853	1.63743
16000	320	3.49366	0.401185	3.67585
16000	321	2.01956	4.63704	5.26334
16000	322	15.9812	0.766363	2.17221
16000	323	5.04681	0.327906	2.08077
16000	324	2.7506	1.0127	5.71434
16000	325	2.72349	0.888626	5.83963
16000	326	4.94787	3.85746	4.2762
16000	327	2.48462	3.81146	1.36272
16000	328	5.1691	4.51597	5.80904
16000	329	3.12389	3.09278	5.84091
16000	330	1.14329	0.11308	5.48824
16000	331	16.4661	1.40682	4.82671
16000	332	3.85424	1.44461	1.63316
16000	333	2.47809	2.40318	0.235791
16000	334	2.93573	0.652447	1.77543
16000	335	4.14847	4.58831	2.35551
16000	336	1.79738	4.56307	1.36595
16000	337	2.82762	4.40444	2.99629
16000	338	4.78895	1.33525	0.497172
16000	339	2.41665	4.22627	3.0672
16000	340	9.72187	2.2778	4.05518
16000	341	4.97612	1.85658	2.7483
16000	342	5.8583	4.00468	3.71103
16000	343	2.94626	2.01488	1.21666
16000	344	3.05366	0.0537307	4.1365
16000	345	3.59461	4.24163	4.32964
16000	346	3.42563	1.22114	0.880275
16000	347	3.74439	2.76776	5.04014
16000	348	5.83271	0.106355	3.38962
16000	349	2.5426	4.78994	6.12651
16000	350	2.5294	2.9413	5.36183
16000	351	7.13839	2.72141	2.43892
16000	352	13.9223	4.29424	0.917268
16000	353	4.37689	1.58761	0.0477398
16000	354	4.08026	1.01406	5.60536
16000	355	14.5279	3.54493	5.38008
16000	356	6.08108	4.61042	0.933149
16000	357	19.178	2.31219	5.17845
16000	358	2.00988	3.0741	5.13292
16000	359	17.0434	1.02537	3.63308
16000	360	4.84467	2.98669	1.18886
16000	361	6.54121	0.023947	5.29941
16000	362	3.92713	4.91335	0.395502
16000	363	2.65558	1.5346	5.48659
16000	364	7.06018	2.57899	4.17958
16000	365	2.72601	3.9612	5.95544
16000	366	3.05691	0.715687	1.23644
16000	367	2.45679	2.80555	5.16754
16000	368	5.58335	0.42484	0.722149
16000	369	4.13752	1.57404	3.32462
16000	370	4.70586	0.205663	1.18592
16000	371	4.43678	0.747439	2.85732
16000	372	3.83553	3.09596	1.40906
16000	373	3.80883	3.65939	3.43079
16000	374	3.55801	3.93165	0.362002
16000	375	4.25899	1.84603	5.2303
16000	376	4.34285	2.32279	2.90034
16000	377	5.00756	2.86098	2.1896
16000	378	4.65001	4.51428	3.27116
16000	379	8.63276	3.01816	1.38447
16000	380	5.02667	3.07952	4.44429
16000	381	2.21927	1.02536	2.45758
16000	382	3.50354	0.728699	2.57217
16000	383	4.15349	0.832335	1.42298
16000	384	2.26124	1.69611	5.63158
16000	385	4.64309	4.88169	2.4207
16000	386	5.17466	1.00688	2.56534
16000	387	3.13778	2.62132	5.34229
16000	388	3.56832	3.68665	3.86641
16000	389	7.96268	2.43855	5.18708
16000	390	4.53666	1.9626	5.9352
16000	391	1.90192	0.0954868	0.279323
16000	392	4.33002	0.854679	0.458975
16000	393	12.9202	0.822727	3.87799
16000	394	9.09823	1.62232	3.86748
16000	395	4.24432	1.00469	3.57927
16000	396	10.6719	3.04751	4.24515
16000	397	2.104	1.21411	5.08721
16000	398	5.32195	1.46449	3.99669
16000	399	4.94757	1.94828	0.689984
16000	400	4.68007	3.44727	4.15417
16000	401	17.3885	4.17925	6.1904
16000	402	5.37966	4.71918	0.859286
16000	403	13.1009	2.627	4.15802
16000	404	2.63688	1.95539	2.89576
16000	405	17.9009	2.84074	5.60241
16000	406	2.33232	1.03717	0.797633
16000	407	2.54243	1.33708	5.99561
16000	408	8.6787	0.442018	6.21833
16000	409	2.61838	2.40528	0.331822
16000	410	5.09398	1.53315	0.718066
16000	411	2.47803	4.57169	4.03719
16000	412	5.13597	2.77372	0.899081
16000	413	7.30144	0.911947	6.02281
16000	414	2.25807	2.91418	5.19445
16000	415	5.42508	3.79536	2.16501
16000	416	2.50787	2.15082	5.78858
16000	417	4.82186	3.41658	3.19223
16000	418	3.59793	1.35137	4.10196
16000	419	5.78961	0.932132	4.37245
16000	420	1.42928	0.804054	5.30554
16000	421	5.43703	4.51364	2.22528
16000	422	3.91846	2.26077	1.49529
16000	423	9.93064	2.48605	1.13002
16000	424	6.40888	1.62007	4.61382
16000	425	5.04152	4.2335	2.92221
16000	426	2.95738	0.34998	1.01619
16000	427	6.79567	0.883193	3.68384
16000	428	6.59229	3.83578	3.98962
16000	429	11.6016	4.91784	2.50821
16000	430	3.56614	1.24874	2.22682
16000	431	2.88167	2.95716	1.12205
16000	432	5.2947	3.43202	2.79268
16000	433	2.36639	4.54899	0.775307
16000	434	7.58482	3.69114	2.42016
16000	435	2.7914	4.29584	0.589355
16000	436	2.87182	3.27592	0.172683
16000	437	2.88083	4.93326	1.49193
16000	438	2.8549	0.921647	0.883882
16000	439	3.01869	1.67669	2.11532
16000	440	3.20479	2.52793	3.81093
16000	441	10.5945	0.437907	3.49369
16000	442	4.34305	4.69664	5.41303
16000	443	5.07186	0.970241	4.51087
16000	444	14.6712	0.445865	1.96994
16000	445	11.3594	1.56649	3.52377
16000	446	4.23148	1.99745	2.71676
16000	447	2.16349	0.304384	0.762021
16000	448	3.3719	2.27006	2.61828
16000	449	5.50041	0.267591	4.54956
16000	450	0.0932039	0.425383	0.35074
16000	451	11.4257	4.05849	1.72498
16000	452	3.40439	2.74565	5.93167
16000	453	0.919611	1.21498	2.03024
16000	454	3.40306	4.14523	4.78762
16000	455	2.32246	0.475924	4.75649
16000	456	1.88642	4.09822	5.15861
16000	457	4.74254	0.740954	5.35923
16000	458	2.80122	0.493923	4.1844
16000	459	4.86435	1.03071	5.14219
16000	460	3.83744	4.8027	6.15116
16000	461	3.86565	1.065	3.46916
16000	462	6.31923	2.58648	4.50114
16000	463	6.92214	2.2538	4.25215
16000	464	4.67345	0.723841	0.61503
16000	465	1.86804	4.92527	0.317982
16000	466	2.13915	2.03032	6.20096
16000	467	5.04137	3.79744	0.629262
16000	468	5.63052	0.825422	4.51912
16000	469	2.90025	3.03178	3.83237
16000	470	6.9653	0.918336	4.55502
16000	471	4.14422	1.16221	0.254337
16000	472	2.57263	1.55446	4.52353
16000	473	4.81956	1.18621	3.93004
16000	474	11.5966	3.90704	6.23952
16000	475	1.14963	1.69168	2.24141
16000	476	3.41076	0.0731518	0.548783
16000	477	6.14388	1.69241	4.8902
16000	478	17.1477	4.67603	1.1555
16000	479	3.88007	2.41889	5.49024
16000	480	2.93782	3.47998	6.07473
16000	481	5.32772	4.91999	3.46585
16000	482	3.65117	0.181115	1.44987
16000	483	3.19853	0.655703	3.46356
16000	484	3.47818	3.52735	1.49586
16000	485	4.22303	4.31195	2.06385
16000	486	6.10738	4.25688	4.17871
16000	487	2.44275	1.00658	0.507479
16000	488	3.36241	2.43175	5.04951
16000	489	4.42	1.29542	5.62066
16000	490	6.26104	0.232089	5.85529
16000	491	12.8289	0.394939	4.76985
16000	492	8.35307	2.49939	1.32019
16000	493	2.39922	2.18833	0.0435974
16000	494	12.9965	4.85274	2.94003
16000	495	5.22019	1.69975	5.04184
16000	496	2.23139	3.20683	2.87015
16000	497	1.73386	4.45423	5.31753
16000	498	4.73062	3.63753	5.60874
16000	499	3.97415	0.685261	2.07707
18000	0	4.92404	1.39967	3.53287
18000	1	4.50785	4.80636	2.22347
18000	2	19.2119	3.51096	5.1369
18000	3	2.91044	0.389339	3.70932
18000	4	3.63388	4.0919	4.08216
18000	5	16.104	1.78399	4.5717
18000	6	5.33029	2.94348	2.11674
18000	7	4.51324	2.0486	4.36085
18000	8	3.67311	1.34374	1.04972
18000	9	10.0654	0.203089	3.63348
18000	10	16.017	0.454902	4.78149
18000	11	17.1611	2.30975	4.59165
18000	12	11.4626	3.6529	6.25046
18000	13	7.01342	0.865487	2.80583
18000	14	4.81572	0.189937	3.5241
18000	15	2.81535	4.7977	2.31463
18000	16	4.5795	0.390196	3.1568
18000	17	19.3827	1.97755	1.21076
18000	18	16.1856	0.0180597	5.38996
18000	19	6.58866	3.62657	1.24762
18000	20	12.1024	1.54757	2.81266
18000	21	4.26233	0.388583	5.9295
18000	22	3.26824	3.59086	5.4679
18000	23	8.24094	4.47837	2.93555
18000	24	3.123	2.67542	5.00892
18000	25	4.40835	2.54196	0.889183
18000	26	4.7832	1.79616	4.50036
18000	27	2.37544	4.4572	0.831656
18000	28	4.17084	0.520064	3.4732
18000	29	5.07941	2.65677	3.58838
18000	30	4.86261	4.72878	0.387275
18000	31	2.0945	0.0673943	0.0298133
18000	32	4.27898	4.07376	0.842439
18000	33	9.81772	2.82884	0.42937
18000	34	3.31395	1.75161	2.20303
18000	35	2.14143	3.18002	5.33862
18000	36	17.4204	3.12242	5.24351
18000	37	5.03436	4.53641	2.19529
18000	38	5.06423	3.58549	1.69376
18000	39	7.36617	1.19372	5.64794
18000	40	4.41776	1.35348	6.19559
18000	41	5.81261	3.55915	3.12295
18000	42	7.8251	3.73745	3.90312
18000	43	4.00849	4.18347	1.43281
18000	44	8.60051	3.05191	2.71215
18000	45	3.14391	0.488851	1.41405
18000	46	4.5929	3.66655	0.602679
18000	47	8.22091	1.94637	0.247624
18000	48	3.47085	3.17533	4.32524
18000	49	5.88056	1.46962	5.73359
18000	50	4.12902	3.76608	1.49943
18000	51	13.6109	1.50227	2.17564
18000	52	5.64544	4.50566	3.82147
18000	53	1.61541	0.980423	0.0486709
18000	54	9.7295	0.0296115	4.86802
18000	55	2.08829	3.84883	6.12233
18000	56	2.57452	1.51599	4.23796
18000	57	5.47737	3.83961	3.10661
18000	58	6.02247	4.80826	2.7276
18000	59	3.26514	4.38212	5.48429
18000	60	4.56737	1.42736	0.349411
18000	61	12.9759	1.85591	2.97005
18000	62	5.30055	0.356848	2.02288
18000	63	2.38109	3.706	5.3762
18000	64	14.219	3.76494	2.66521
18000	65	5.39071	1.75487	1.09891
18000	66	12.1369	4.53202	2.59783
18000	67	5.52034	2.2642	5.58569
18000	68	2.64628	3.41622	3.74764
18000	69	2.66432	1.89828	1.6176
18000	70	3.09812	1.41005	0.234588
18000	71	2.26493	0.834822	3.00526
18000	72	6.3343	0.123915	3.07804
18000	73	2.12906	1.26828	1.35024
18000	74	4.57306	2.8384	2.19389
18000	75	2.17302	0.959169	1.55869
18000	76	3.48656	0.0145391	5.87948
18000	77	2.27105	1.63246	5.67455
18000	78	10.1553	4.55757	5.69267
18000	79	2.5579	3.23938	0.649447
18000	80	4.31359	3.26273	5.4844
18000	81	1.30009	4.54156	1.33055
18000	82	2.84087	1.40158	5.75312
18000	83	3.73273	2.41604	1.42266
18000	84	4.94333	2.18575	0.548308
18000	85	6.45237	4.5712	2.57581
18000	86	1.45025	1.78105	4.54232
18000	87	6.23054	3.46474	4.81187
18000	88	4.28861	1.98579	5.77936
18000	89	3.57272	3.92238	5.94292
18000	90	2.1584	1.67775	1.04698
18000	91	2.31993	3.6165	2.09327
18000	92	6.14403	2.24272	4.8841
18000	93	3.07786	3.75335	1.03128
18000	94	6.6389	3.80444	3.36677
18000	95	2.90236	3.61168	5.16239
18000	96	9.79545	1.94005	1.5518
18000	97	5.65124	3.89075	1.32656
18000	98	6.31777	2.44257	3.74764
18000	99	5.54704	4.29609	3.40708
18000	100	11.2407	2.66153	3.16087
18000	101	5.24512	3.85181	4.12753
18000	102	4.60743	0.977057	6.02387
18000	103	5.38248	2.63714	0.324647
18000	104	5.27378	0.000662441	3.73098
18000	105	3.48405	3.6365	4.69323
18000	106	1.84227	0.17431	1.63216
18000	107	3.08513	1.97198	5.11706
18000	108	5.65011	0.848194	4.64423
18000	109	19.6482	0.428852	5.96388
18000	110	2.23701	3.44081	3.69835
18000	111	2.77762	3.2285	2.73464
18000	112	4.35664	4.47589	6.05136
18000	113	1.14864	3.11016	0.987267
18000	114	5.28085	0.524557	3.62362
18000	115	4.79643	1.32678	3.25372
18000	116	4.85375	4.1104	1.22176
18000	117	4.71795	3.78622	6.07603
18000	118	15.2972	0.0198374	0.114924
18000	119	6.33345	3.51239	0.938981
18000	120	3.52901	2.11628	3.92029
18000	121	2.39039	0.106996	5.92837
18000	122	2.52506	1.73181	0.592609
18000	123	3.42181	4.04145	3.78409
18000	124	2.95259	3.1758	2.95982
18000	125	6.33983	0.605611	6.04544
18000	126	4.84947	0.565442	5.67139
18000	127	6.23388	2.07123	0.269981
18000	128	4.67946	2.837	4.16602
18000	129	2.21265	1.36913	0.96654
18000	130	8.01746	0.594041	1.95249
18000	131	6.58751	1.01077	5.5408
18000	132	3.74489	1.48076	3.96569
18000	133	2.37992	1.72861	1.23091
18000	134	3.47056	2.70289	2.56862
18000	135	17.9033	1.2247	2.90882
18000	136	3.68491	0.600591	1.09547
18000	137	5.89493	3.05676	0.67924
18000	138	4.42069	4.87633	3.2469
18000	139	2.6181	2.86428	2.47582
18000	140	1.03451	2.83437	2.07791
18000	141	2.08468	4.39266	3.37125
18000	142	1.95967	3.03194	3.14295
18000	143	1.68398	1.9828	5.69263
18000	144	2.90258	3.9641	4.59409
18000	145	5.7519	2.51243	3.19656
18000	146	5.54219	1.00667	1.63295
18000	147	2.15014	4.80627	2.03542
18000	148	6.89558	0.550053	2.53729
18000	149	2.09713	2.24342	4.89196
18000	150	3.40364	1.41299	1.44602
18000	151	4.58759	3.42413	4.68853
18000	152	4.31157	2.55201	4.61293
18000	153	3.21958	1.08732	2.3453
18000	154	5.15103	1.4375	5.40784
18000	155	3.35498	0.728241	5.86128
18000	156	8.62039	2.15628	4.33973
18000	157	3.17737	4.60471	1.77028
18000	158	6.73935	2.97313	2.75017
18000	159	0.646539	4.97299	3.20046
18000	160	4.81677	3.83018	4.15721
18000	161	2.40059	3.55079	5.24248
18000	162	3.18476	1.33405	5.88839
18000	163	2.92215	0.255127	5.49651
18000	164	3.02214	4.65762	0.817768
18000	165	5.99048	0.767149	6.26155
18000	166	2.70261	1.0604	5.13622
18000	167	4.88389	4.36797	0.937688
18000	168	4.23267	0.268875	5.05187
18000	169	17.2056	1.0279	5.58461
18000	170	11.0403	0.622527	1.96274
18000	171	2.49014	2.12956	3.01547
18000	172	15.1496	1.39732	5.24699
18000	173	2.92218	4.55657	5.77962
18000	174	2.29362	2.99394	4.72034
18000	175	19.3126	4.89055	3.25954
18000	176	5.20933	4.11637	2.63121
18000	177	3.38712	3.33815	1.63871
18000	178	5.47872	4.71642	0.475506
18000	179	2.44112	4.37455	4.77126
18000	180	4.50527	3.93072	1.75677
18000	181	2.72649	3.30301	5.47654
18000	182	16.778	1.34754	5.48666
18000	183	3.29226	2.40274	5.66552
18000	184	1.96131	1.88119	4.0505
18000	185	4.88419	0.860487	2.84074
18000	186	13.3711	1.13149	3.29662
18000	187	3.73692	2.53998	1.81751
18000	188	3.74088	3.33652	5.40859
18000	189	18.8332	1.82861	1.83871
18000	190	4.84865	2.12823	0.0787561
18000	191	3.79047	4.54916	3.43996
18000	192	7.64413	2.00098	3.4241
18000	193	2.75963	2.50039	3.03944
18000	194	16.8366	1.07794	5.42559
18000	195	3.92476	0.800387	1.16767
18000	196	5.1575	3.00302	3.75969
18000	197	3.3119	0.232113	4.93932
18000	198	2.48888	0.875883	1.41094
18000	199	14.3195	1.97503	0.858977
18000	200	19.6188	0.613431	2.60131
18000	201	15.8282	3.14849	3.72781
18000	202	5.74863	3.71297	1.18797
18000	203	12.6608	3.71295	0.114739
18000	204	10.53	3.52708	0.754404
18000	205	1.73094	0.347933	4.04409
18000	206	5.20713	3.56988	6.03406
18000	207	5.87497	1.32278	0.755617
18000	208	1.7902	0.169501	0.176061
18000	209	3.07551	3.55748	3.6128
18000	210	7.75841	0.575284	0.833587
18000	211	1.3024	0.128694	2.68737
18000	212	4.04276	0.156543	1.8622
18000	213	5.36855	0.0186306	2.20623
18000	214	4.10842	0.844274	0.72684
18000	215	16.5081	1.72833	1.5738
18000	216	3.46863	3.59722	4.88553
18000	217	5.13344	0.393936	3.11058
18000	218	5.15396	4.80784	0.672372
18000	219	3.30851	1.62615	1.62396
18000	220	5.95316	1.84314	1.45647
18000	221	9.50395	2.01447	4.66459
18000	222	2.59619	4.11552	5.80291
18000	223	15.7807	0.639743	0.894767
18000	224	4.36763	3.60652	3.01674
18000	225	3.90574	1.33452	6.12314
18000	226	5.07516	2.17743	3.99054
18000	227	3.87211	2.2659	2.7199
18000	228	4.03334	1.39432	2.41791
18000	229	8.01008	1.53777	5.41224
18000	230	2.40428	1.98785	1.16236
18000	231	5.32747	3.5835	2.06814
18000	232	4.98737	1.86677	0.635457
18000	233	0.760495	2.47824	1.10107
18000	234	4.6464	2.93395	4.79536
18000	235	14.9359	1.17454	0.16302
18000	236	6.45544	3.45528	4.59188
18000	237	4.15358	3.00081	5.68125
18000	238	6.02557	1.31992	2.9451
18000	239	3.58681	4.94289	3.4427
18000	240	2.3954	0.0972593	2.97457
18000	241	3.15902	4.51726	3.05283
18000	242	3.48902	2.94411	2.11882
18000	243	3.6511	0.803256	4.52388
18000	244	5.63839	3.74365	3.30363
18000	245	3.13174	1.87471	4.95605
18000	246	6.14061	2.93473	3.51356
18000	247	2.52707	4.0883	1.89442
18000	248	4.37026	2.82017	4.8129
18000	249	5.85955	3.30148	2.47452
18000	250	2.98319	0.370965	3.16694
18000	251	5.73542	4.31399	4.1702
18000	252	2.62081	0.769778	2.71517
18000	253	6.14251	2.43758	5.33353
18000	254	5.48347	4.18924	5.00268
18000	255	4.71734	1.67739	5.87863
18000	256	3.63683	2.55521	4.91186
18000	257	4.12548	0.787382	3.44888
18000	258	5.58301	1.44303	0.864583
18000	259	6.15439	3.79412	3.50169
18000	260	3.96616	4.54971	3.37117
18000	261	5.97348	4.62714	0.0438465
18000	262	5.82587	1.69059	3.8474
18000	263	5.28902	3.20842	4.63742
18000	264	2.87192	1.47946	4.58964
18000	265	6.42046	2.31406	2.28475
18000	266	3.91919	2.87368	2.18574
18000	267	3.27428	1.96884	3.52935
18000	268	2.50007	4.26032	0.649125
18000	269	16.5941	4.62285	0.291675
18000	270	4.12266	2.57134	4.1277
18000	271	2.68962	2.49084	4.83347
18000	272	3.9414	2.17599	1.93986
18000	273	2.55347	1.16225	1.29353
18000	274	8.13296	3.42402	3.25487
18000	275	14.0649	2.8355	0.614204
18000	276	6.23903	4.63226	5.74435
18000	277	3.84172	3.17316	1.80062
18000	278	7.14665	2.35027	4.73364
18000	279	12.4163	0.146498	5.37208
18000	280	3.64235	3.75021	4.23863
18000	281	2.37891	3.38003	0.946816
18000	282	2.80515	0.595132	4.6354
18000	283	1.29521	1.4331	1.26917
18000	284	5.16971	2.88336	4.83418
18000	285	6.31837	1.88226	2.0591
18000	286	5.01723	0.884002	1.65395
18000	287	3.2274	2.2994	2.58197
18000	288	3.19595	3.205	0.228566
18000	289	6.06605	0.493318	1.6608
18000	290	2.32884	4.84469	4.46154
18000	291	3.26346	4.31665	3.29075
18000	292	16.4532	2.15187	4.00176
18000	293	3.54984	0.992758	5.85
18000	294	2.80273	0.113058	3.59189
18000	295	4.11646	4.03731	1.52545
18000	296	17.9589	2.84733	3.74785
18000	297	1.56161	4.07865	0.923223
18000	298	4.11285	3.62114	6.18812
18000	299	9.84271	2.09023	1.35638
18000	300	18.3142	1.57619	2.22006
18000	301	3.78125	1.06377	3.47288
18000	302	5.43616	2.12899	3.70774
18000	303	2.95402	2.21593	0.21606
18000	304	4.15587	2.0075	2.71568
18000	305	13.6833	0.504972	0.174174
18000	306	10.5399	0.977408	5.10584
18000	307	3.70671	0.530897	2.40228
18000	308	13.637	3.42089	0.202545
18000	309	16.0376	3.48871	1.30116
18000	310	3.54223	1.89602	5.8484
18000	311	6.32204	2.96426	1.06473
18000	312	3.32101	3.22449	0.818713
18000	313	5.11829	1.11458	4.32147
18000	314	13.2279	2.02191	3.15586
18000	315	12.7125	2.78132	6.26766
18000	316	5.21467	1.25043	2.67699
18000	317	18.3997	1.27306	4.45183
18000	318	4.57979	4.34147	5.46188
18000	319	4.28335	3.99809	3.91175
18000	320	8.81985	2.26958	4.7971
18000	321	5.20871	2.04607	2.77512
18000	322	2.71672	3.87947	0.913167
18000	323	5.09317	0.733385	5.10428
18000	324	2.39486	2.03141	4.18378
18000	325	4.20429	4.74747	3.48702
18000	326	2.31917	1.79812	5.84083
18000	327	4.12469	2.28249	4.46784
18000	328	4.6281	2.68384	4.14312
18000	329	3.69429	4.55377	5.72491
18000	330	4.84443	1.13214	5.0202
18000	331	3.06734	0.064609	5.49699
18000	332	2.22008	4.63406	5.92036
18000	333	2.85827	2.90654	4.74847
18000	334	3.54635	4.73936	2.59494
18000	335	2.68086	4.72303	5.83944
18000	336	4.43051	2.26231	5.23155
18000	337	5.81285	2.78692	0.36376
18000	338	2.30537	4.2705	3.57708
18000	339	6.75922	1.09037	0.786808
18000	340	7.95835	4.91051	1.84264
18000	341	4.64294	3.22883	6.23946
18000	342	6.38828	1.91459	4.53544
18000	343	3.10745	2.654	1.23932
18000	344	2.97184	3.03234	1.41018
18000	345	4.02683	1.6998	5.39238
18000	346	10.4881	1.06545	6.04098
18000	347	3.15699	4.93086	4.5798
18000	348	4.56188	4.93212	4.58271
18000	349	5.98132	1.25858	4.28535
18000	350	3.88961	0.679457	4.22871
18000	351	4.28355	2.73479	6.21218
18000	352	2.54019	2.67092	4.24685
18000	353	19.7098	0.580269	1.68223
18000	354	3.82156	1.28402	2.02594
18000	355	2.47719	2.87915	5.04152
18000	356	5.34869	4.94106	2.0182
18000	357	4.6365	2.49442	4.40519
18000	358	13.3508	4.67193	1.87625
18000	359	7.15214	0.726255	2.79843
18000	360	16.1377	3.07208	6.18133
18000	361	5.05072	3.31344	3.53221
18000	362	3.09208	1.48886	2.58296
18000	363	3.65372	3.3986	0.800724
18000	364	3.33986	2.83177	2.65986
18000	365	16.4003	3.05603	0.503621
18000	366	2.37976	0.789564	5.58452
18000	367	3.47628	0.831443	2.80766
18000	368	4.32162	0.606811	4.35261
18000	369	5.5227	3.31947	3.71865
18000	370	4.1879	0.297029	0.00234264
18000	371	11.5764	1.72748	5.42301
18000	372	4.13309	3.52839	5.67349
18000	373	5.44452	1.67876	4.87395
18000	374	5.01304	1.09518	6.01287
18000	375	5.64623	0.338412	3.3532
18000	376	5.05969	4.90401	3.56637
18000	377	4.528	1.66249	4.94268
18000	378	5.53293	0.879583	1.41907
18000	379	6.86913	2.64846	2.97311
18000	380	5.50236	0.713303	3.22242
18000	381	4.63774	4.43633	2.76228
18000	382	4.12348	4.63956	0.959749
18000	383	4.20228	0.0093672	3.72829
18000	384	4.46257	4.97414	1.32332
18000	385	4.89527	2.09759	1.27959
18000	386	5.04132	2.59068	1.66291
18000	387	4.91864	3.13063	4.12088
18000	388	4.34777	0.235149	4.67652
18000	389	2.44664	1.20966	4.46847
18000	390	4.59655	0.6914	2.1624
18000	391	3.41367	1.75588	0.523454
18000	392	7.50394	1.32834	2.41587
18000	393	6.48678	2.22557	4.9068
18000	394	0.895038	0.848519	2.38413
18000	395	8.66299	0.909571	6.10762
18000	396	2.43696	2.32381	4.81951
18000	397	16.7878	0.433159	5.21171
18000	398	3.05862	2.20408	5.80446
18000	399	4.70027	0.899296	4.55458
18000	400	5.04686	4.99007	0.829668
18000	401	2.45755	2.70953	0.293282
18000	402	7.71545	4.19598	0.808284
18000	403	2.73186	4.83536	1.91888
18000	404	7.84777	2.78819	5.3108
18000	405	14.9261	4.37119	0.84574
18000	406	2.641	2.01675	3.33403
18000	407	3.92629	1.5419	3.14955
18000	408	1.7451	2.62598	2.11252
18000	409	3.6411	1.78291	4.34002
18000	410	3.73911	3.21674	1.82988
18000	411	1.58731	4.71242	1.38191
18000	412	8.47199	4.14312	6.09431
18000	413	9.92297	3.08502	0.220641
18000	414	3.74668	0.151871	3.44408
18000	415	3.48938	2.56945	1.23774
18000	416	2.42247	4.93994	3.17831
18000	417	2.32065	0.382574	1.45023
18000	418	2.5118	0.440889	0.481132
18000	419	3.41543	0.598699	0.765107
18000	420	3.37744	4.10987	1.17248
18000	421	2.64384	2.32464	4.14264
18000	422	5.28153	0.432702	2.82582
18000	423	18.0018	2.51071	5.40378
18000	424	4.59027	1.49954	1.35641
18000	425	5.78493	1.22902	3.74532
18000	426	8.67274	3.10684	4.73034
18000	427	1.42944	4.3726	5.69148
18000	428	5.49285	3.94585	5.44273
18000	429	3.73509	2.74455	4.26353
18000	430	2.08994	4.29138	4.93351
18000	431	3.69065	0.12603	0.67396
18000	432	3.56668	2.21868	2.7741
18000	433	19.2125	4.84938	6.2734
18000	434	3.03754	0.69124	3.50779
18000	435	18.3974	0.0309961	2.44896
18000	436	3.12623	3.88956	5.44328
18000	437	4.62735	2.24129	3.15596
18000	438	5.35959	2.04234	3.18807
18000	439	2.80415	0.707646	1.08492
18000	440	6.23566	3.55133	5.41751
18000	441	4.46246	3.82876	4.5983
18000	442	5.90695	2.08299	0.0229391
18000	443	5.77694	2.17981	3.29305
18000	444	13.0647	2.69609	4.87656
18000	445	3.13544	4.42279	1.58823
18000	446	3.85902	4.46459	1.15706
18000	447	13.066	2.27288	5.12936
18000	448	7.56274	3.67701	0.14969
18000	449	10.425	4.191	4.27364
18000	450	2.96882	4.23251	5.55468
18000	451	1.61406	4.23472	2.46338
18000	452	4.02222	3.20066	5.96674
18000	453	5.13525	4.36934	0.367104
18000	454	2.93181	1.36775	1.47943
18000	455	5.10043	1.81176	0.867591
18000	456	6.48601	3.64611	3.37074
18000	457	2.23794	1.50145	0.139725
18000	458	5.62373	4.16401	2.5364
18000	459	5.82536	0.293469	2.20922
18000	460	9.77167	4.53793	3.43746
18000	461	4.25207	4.86334	0.330392
18000	462	2.33342	0.447592	5.97611
18000	463	2.90609	1.17117	0.310634
18000	464	5.47105	4.5464	1.08908
18000	465	2.3537	3.80049	6.1549
18000	466	3.51477	0.195997	4.12531
18000	467	4.92193	0.214824	2.24218
18000	468	3.56718	0.0844404	4.20125
18000	469	3.03453	0.69584	4.90569
18000	470	14.2345	2.35232	1.29387
18000	471	5.7195	2.07652	1.7804
18000	472	2.25697	1.01065	4.60939
18000	473	4.59258	1.88533	5.68037
18000	474	3.8949	3.46928	0.651088
18000	475	0.816273	3.40361	6.12584
18000	476	5.96854	3.84955	2.82383
18000	477	3.67353	1.70154	0.269569
18000	478	1.1728	0.64481	0.487899
18000	479	3.94832	4.18108	4.48543
18000	480	4.87083	4.12391	3.324
18000	481	3.81528	1.65264	1.69595
18000	482	11.7149	0.906951	4.96138
18000	483	3.29797	3.82076	1.63969
18000	484	9.90494	3.17319	2.54329
18000	485	3.44588	1.81755	2.66144
18000	486	2.44798	4.13962	1.90905
18000	487	3.44171	4.82736	3.67192
18000	488	4.49028	4.2283	5.64235
18000	489	4.51189	0.238834	2.97118
18000	490	5.49671	1.58754	3.04027
18000	491	6.2131	0.922464	4.71499
18000	492	6.04197	2.40923	2.86652
18000	493	5.07852	0.435943	4.77189
18000	494	3.42771	4.67194	5.61642
18000	495	4.81544	2.43825	4.72916
18000	496	2.11287	2.55701	1.99298
18000	497	13.0784	2.30673	1.493
18000	498	3.77602	4.53997	5.55933
18000	499	7.69489	4.82734	3.39607
20000	0	16.8943	1.93499	1.49826
20000	1	4.33827	0.224557	5.34237
20000	2	5.23665	3.06891	3.9462
20000	3	2.33365	1.39082	5.54656
20000	4	4.04587	4.62038	0.554715
20000	5	9.25068	4.26669	5.41965
20000	6	0.661167	3.8266	3.11432
20000	7	5.58979	3.97431	1.87263
20000	8	3.11495	0.491746	4.38025
20000	9	3.93111	1.25798	4.84709
20000	10	2.25661	0.14517	6.1806
20000	11	3.2941	3.33811	0.888708
20000	12	9.49657	2.15472	3.74255
20000	13	4.27183	1.75609	2.67671
20000	14	2.06115	4.60463	2.98182
20000	15	5.39882	4.50015	3.42112
20000	16	3.81667	0.618811	0.840522
20000	17	5.60214	1.57107	6.15529
20000	18	2.40326	2.74245	5.76739
20000	19	5.59966	1.33669	5.9194
20000	20	4.01609	3.15336	4.28888
20000	21	4.29267	2.22629	1.65969
20000	22	10.1377	3.8943	1.6135
20000	23	11.4848	2.53646	1.44726
20000	24	3.46142	2.8056	3.38997
20000	25	3.48259	3.32705	6.00906
20000	26	7.07244	4.51454	4.05464
20000	27	4.85163	0.593257	5.31619
20000	28	3.13084	0.635969	2.28776
20000	29	2.23774	3.251	6.16238
20000	30	4.13548	3.0325	2.75182
20000	31	5.71486	0.0739941	3.19018
20000	32	2.4131	0.549672	5.64452
20000	33	10.6189	1.83639	2.58135
20000	34	4.62855	1.9112	6.03714
20000	35	8.41349	4.42275	0.637922
20000	36	1.78393	4.05003	2.18502
20000	37	3.53135	1.12224	2.10032
20000	38	6.49706	3.06845	2.06031
20000	39	5.26044	0.898406	5.12307
20000	40	2.33962	2.35379	5.45843
20000	41	19.3353	2.89542	6.19743
20000	42	5.32875	4.84302	1.24361
20000	43	19.951	1.54793	4.808
20000	44	3.03079	0.604614	1.26145
20000	45	2.86513	2.35966	4.55335
20000	46	5.64174	2.84223	3.06507
20000	47	4.64873	0.197952	0.765577
20000	48	6.66302	2.63238	0.0865051
20000	49	4.05471	3.58788	1.47553
20000	50	6.26713	3.90354	4.01922
20000	51	3.58237	3.56626	4.50519
20000	52	2.86338	2.70966	0.064257
20000	53	5.81138	2.25936	3.96614
20000	54	3.14996	2.28823	0.136649
20000	55	3.25939	2.49008	4.97566
20000	56	3.69934	3.25639	6.21888
20000	57	5.92736	2.50165	4.6282
20000	58	13.5494	3.52473	1.89728
20000	59	17.452	2.01735	3.28857
20000	60	3.47847	4.92003	2.50036
20000	61	3.57799	1.34669	2.97392
20000	62	13.7961	0.668667	4.57047
20000	63	5.84346	1.74286	3.941
20000	64	4.74206	0.92785	1.99008
20000	65	5.69484	1.78421	2.00518
20000	66	2.55859	4.45097	6.12982
20000	67	3.33846	4.43333	4.39445
20000	68	12.9532	3.82332	5.48404
20000	69	7.14173	2.39782	1.23565
20000	70	4.39303	0.150081	1.45981
20000	71	16.9309	4.35591	4.58821
20000	72	5.462	0.600563	3.44376
20000	73	2.4055	4.68525	2.83897
20000	74	5.12394	1.99816	2.02996
20000	75	14.1473	1.99688	5.95602
20000	76	1.17733	2.14892	0.32846
20000	77	2.34607	1.95357	5.26626
20000	78	8.72115	0.182898	3.9208
20000	79	5.11897	3.72669	2.11025
20000	80	3.95548	2.22396	5.73388
20000	81	5.1675	4.85728	3.63092
20000	82	8.36757	4.06287	6.25906
20000	83	9.82284	4.82379	1.04834
20000	84	5.47686	0.626989	5.66557
20000	85	0.0197848	2.78654	0.483203
20000	86	4.59428	1.14264	2.72598
20000	87	3.85697	1.78046	2.48216
20000	88	1.49983	2.05199	3.80392
20000	89	2.43102	0.469859	4.99163
20000	90	2.26806	2.43368	1.48215
20000	91	5.63928	0.846842	3.71048
20000	92	3.2449	0.619922	3.22823
20000	93	1.81879	3.74511	0.928525
20000	94	17.2976	0.269337	1.09785
20000	95	6.2769	0.0521272	3.88724
20000	96	3.61206	3.01188	2.28331
20000	97	2.53155	2.30477	5.15677
20000	98	12.7042	2.33438	3.72605
20000	99	4.96726	4.29888	2.12299
20000	100	2.49546	2.2916	5.91773
20000	101	2.49463	0.281135	0.611727
20000	102	4.07408	1.59397	1.76757
20000	103	3.3045	4.38886	1.62645
20000	104	2.76429	1.11009	6.2474
20000	105	4.61134	0.805682	0.730873
20000	106	4.54243	3.1548	4.74437
20000	107	4.29704	0.97024	5.91036
20000	108	3.06402	3.18103	5.80965
20000	109	3.42325	2.37226	0.399675
20000	110	5.77355	0.914103	0.704341
20000	111	6.13283	3.60366	5.04555
20000	112	3.77023	3.56597	2.57512
20000	113	3.84546	2.26522	0.536757
20000	114	1.8407	2.99379	0.199834
20000	115	10.28	3.0932	1.06844
20000	116	5.64161	0.00953379	5.62224
20000	117	17.6856	3.40629	1.91923
20000	118	5.37425	4.2758	4.65368
20000	119	17.9628	2.663	1.95461
20000	120	6.3704	1.44293	5.63253
20000	121	4.84276	0.291082	0.453778
20000	122	3.7665	0.518042	0.51202
20000	123	9.53617	4.70367	2.14899
20000	124	2.56881	2.81669	2.84556
20000	125	5.03544	2.95013	2.49647
20000	126	1.92642	4.75397	0.944011
20000	127	4.99106	0.148705	4.91032
20000	128	5.87147	3.87548	3.59835
20000	129	15.7753	1.99107	5.99234
20000	130	3.05588	1.35621	4.4118
20000	131	3.48753	1.80719	0.517963
20000	132	5.826	1.05698	3.3134
20000	133	3.85036	3.80277	2.40058
20000	134	6.24122	3.11459	3.1275
20000	135	2.82449	2.98133	3.31267
20000	136	5.56631	4.58691	3.38348
20000	137	2.40404	4.59785	5.81018
20000	138	3.27442	2.73765	1.02507
20000	139	4.1621	3.89718	5.52757
20000	140	4.68756	2.30717	3.71555
20000	141	4.33406	4.71151	5.48698
20000	142	11.7794	1.1441	2.16766
20000	143	2.96891	4.58244	3.33279
20000	144	6.40229	2.42594	3.8252
20000	145	4.1215	0.406937	0.295263
20000	146	8.7886	2.96967	1.96637
20000	147	12.2286	2.39185	3.33643
20000	148	3.71584	1.19563	4.77163
20000	149	4.76748	0.457679	4.20126
20000	150	4.21401	4.67397	0.371809
20000	151	3.46199	2.29372	1.75229
20000	152	3.21155	3.76113	4.6809
20000	153	6.71226	0.494379	5.699
20000	154	2.2027	3.96437	6.23281
20000	155	6.09346	4.35139	1.5545
20000	156	2.41899	2.16176	0.80392
20000	157	7.38992	2.82149	5.75966
20000	158	4.17523	4.7475	3.211
20000	159	5.00175	1.56672	4.37083
20000	160	5.83516	4.94657	2.24477
20000	161	3.34681	4.61321	4.15905
20000	162	3.9015	1.12913	3.02857
20000	163	6.18297	3.32079	4.53524
20000	164	3.12782	1.80068	0.160215
20000	165	2.73556	1.67248	1.75786
20000	166	2.57081	3.68694	5.47445
20000	167	4.05773	2.86553	3.19836
20000	168	6.70255	2.67605	1.30165
20000	169	12.3954	4.61024	3.4296
20000	170	4.83997	3.66052	1.87949
20000	171	4.15234	1.25972	3.93438
20000	172	2.80639	4.95394	6.15769
20000	173	2.83306	2.17404	6.22189
20000	174	4.35709	4.61827	1.92614
20000	175	4.87769	2.85592	4.82894
20000	176	5.89379	3.3085	2.38484
20000	177	16.8997	1.59649	2.25826
20000	178	0.223001	2.95258	0.492369
20000	179	3.62628	2.45488	0.559331
20000	180	3.19318	3.16107	2.92381
20000	181	1.69793	0.0896287	2.20345
20000	182	3.15268	4.18827	1.06183
20000	183	7.88882	4.66688	2.17778
20000	184	18.0457	3.09607	1.95448
20000	185	5.26904	4.33368	3.90962
20000	186	6.32689	0.681288	1.05711
20000	187	2.56604	2.01651	6.22862
20000	188	0.0142656	0.611322	0.163435
20000	189	9.53122	4.87022	4.61069
20000	190	8.82862	0.180349	3.234
20000	191	6.71672	3.44077	4.93064
20000	192	1.9011	2.59304	1.30882
20000	193	2.66001	0.0397952	4.64874
20000	194	4.88241	1.22523	5.16138
20000	195	5.29158	2.61019	5.75299
20000	196	5.95508	3.05014	3.7852
20000	197	2.14231	0.950287	1.44424
20000	198	2.47585	2.71031	0.803576
20000	199	4.46825	1.28085	1.71677
20000	200	3.28376	0.0941122	3.12061
20000	201	15.8138	4.74053	3.78834
20000	202	3.22162	3.52836	6.00333
20000	203	3.01279	3.56197	1.71839
20000	204	5.14761	2.49328	6.25519
20000	205	2.75194	4.15041	0.583926
20000	206	2.39795	1.9145	2.83723
20000	207	3.44447	2.03511	6.2104
20000	208	3.14327	1.59128	6.00592
20000	209	11.445	4.61828	5.07186
20000	210	4.78063	3.56183	3.62131
20000	211	1.92854	1.56375	4.21762
20000	212	5.38137	0.727959	6.05543
20000	213	5.0168	4.51085	1.48321
20000	214	7.54697	3.82039	1.11919
20000	215	15.4224	3.48473	0.599825
20000	216	2.74772	1.27769	4.43811
20000	217	5.62576	2.43722	3.12844
20000	218	2.77797	3.2067	3.42097
20000	219	8.27405	4.40553	3.5652
20000	220	4.21575	0.662794	1.58469
20000	221	18.1748	3.01998	0.526737
20000	222	4.09203	2.88458	2.21083
20000	223	16.1944	1.28551	6.27546
20000	224	2.08294	0.870084	4.78414
20000	225	5.0922	1.53837	0.218788
20000	226	19.1567	1.20206	5.77168
20000	227	4.93491	2.3648	0.631633
20000	228	6.2125	0.676451	4.9133
20000	229	3.87687	2.51454	3.10993
20000	230	10.2303	0.162585	4.15831
20000	231	3.50293	3.90977	2.70053
20000	232	2.70503	1.30384	5.03392
20000	233	3.54683	3.12523	4.95608
20000	234	2.96948	3.89845	4.55345
20000	235	3.83564	4.39303	3.53548
20000	236	3.69137	3.98392	2.02013
20000	237	5.49341	3.65264	5.8536
20000	238	4.49733	4.42635	4.32962
20000	239	5.13173	2.94793	5.5332
20000	240	3.57401	2.84643	2.48327
20000	241	3.87658	4.82302	5.48841
20000	242	1.85074	1.9683	1.71292
20000	243	2.85961	1.05432	3.44429
20000	244	4.80028	2.94654	3.24819
20000	245	14.0703	0.927753	2.3561
20000	246	4.10466	0.738927	0.0026089
20000	247	2.2346	1.16539	0.228535
20000	248	7.43932	4.45064	3.62074
20000	249	5.02661	2.42762	2.56281
20000	250	5.79714	0.491754	3.08871
20000	251	6.15163	0.11541	1.84078
20000	252	2.23608	3.56922	5.07528
20000	253	4.65626	3.5856	0.26799
20000	254	19.9601	4.56171	3.84767
20000	255	1.10245	4.69776	2.40223
20000	256	4.82036	3.92313	6.10818
20000	257	4.51463	1.69809	4.28387
20000	258	0.328784	0.0671045	5.8738
20000	259	5.44357	0.0679107	1.15893
20000	260	5.76689	2.93261	3.98161
20000	261	5.42904	4.25162	0.764683
20000	262	19.0041	4.83413	3.4604
20000	263	0.830248	0.645073	4.79795
20000	264	9.66182	2.5912	4.04993
20000	265	5.70092	3.45983	3.6885
20000	266	5.24851	0.23694	6.08767
20000	267	3.58838	0.888305	4.92175
20000	268	3.79298	2.77062	3.89269
20000	269	19.2757	3.88355	5.47051
20000	270	7.50726	3.09484	4.38535
20000	271	1.02114	1.54376	1.33842
20000	272	7.22522	3.80096	5.7989
20000	273	5.81011	2.18623	0.0873524
20000	274	5.24985	3.41595	4.0506
20000	275	2.73636	4.38584	5.06574
20000	276	3.58585	3.4645	3.49571
20000	277	12.9893	1.87818	1.99078
20000	278	6.83225	0.910508	3.05409
20000	279	3.53105	2.05038	5.78581
20000	280	0.971048	4.76717	0.305402
20000	281	2.62473	0.0751111	5.67416
20000	282	4.3553	2.38787	4.69106
20000	283	1.73695	1.40978	4.54252
20000	284	5.46446	3.05126	2.83683
20000	285	2.38075	1.38321	2.46713
20000	286	8.45572	4.33581	1.76986
20000	287	6.31907	3.48987	1.81085
20000	288	18.5242	1.45704	2.9801
20000	289	3.93232	4.28203	1.36715
20000	290	7.08757	0.536862	1.39324
20000	291	2.04509	3.12348	5.06703
20000	292	7.04357	3.10369	2.24933
20000	293	5.72658	1.17864	1.63007
20000	294	7.4921	1.42546	4.10273
20000	295	4.60527	1.18621	5.78349
20000	296	15.474	0.880671	3.95766
20000	297	4.928	2.86325	6.01878
20000	298	3.88121	1.19602	0.284526
20000	299	16.5965	0.0309325	5.9033
20000	300	6.24924	0.887807	5.06143
20000	301	2.71083	3.02382	0.609055
20000	302	6.44418	4.61614	5.78601
20000	303	3.92669	1.52185	4.32716
20000	304	4.24872	2.30903	1.9472
20000	305	5.45036	1.87007	5.97866
20000	306	5.24895	3.82327	3.48207
20000	307	11.3143	0.721113	6.13561
20000	308	3.1832	2.82178	4.57652
20000	309	3.88138	2.38437	5.00529
20000	310	2.34636	1.3105	0.272464
20000	311	11.1047	1.2394	1.71367
20000	312	2.21919	3.19365	2.56033
20000	313	4.99892	3.32995	3.79933
20000	314	4.07585	2.21222	0.800485
20000	315	4.48453	4.39238	1.2163
20000	316	4.91826	4.35101	4.22635
20000	317	2.29363	1.58185	6.21243
20000	318	8.6908	0.403846	5.50275
20000	319	2.09712	4.09204	6.1931
20000	320	7.83193	4.83784	3.98958
20000	321	2.67087	0.977083	2.73414
20000	322	5.44903	4.54273	2.50865
20000	323	19.3362	4.748	0.191795
20000	324	3.08662	1.06641	3.77865
20000	325	4.56846	2.82467	1.25403
20000	326	5.35731	2.14848	2.55401
20000	327	2.91665	2.64087	2.24135
20000	328	4.05163	2.62324	4.62412
20000	329	3.15521	1.93984	2.99755
20000	330	3.41865	3.5876	5.68008
20000	331	9.35678	3.38343	1.49611
20000	332	4.71821	2.603	3.86023
20000	333	2.34205	3.54476	1.42881
20000	334	3.62709	4.27131	1.40403
20000	335	2.62134	4.65265	4.20047
20000	336	12.7418	4.28127	4.16478
20000	337	4.78364	4.22926	0.84888
20000	338	5.40952	0.482638	4.36996
20000	339	5.40415	3.45735	2.4146
20000	340	2.88099	0.422782	1.43396
20000	341	5.39766	0.188703	4.75133
20000	342	19.0376	0.873514	5.26141
20000	343	3.80184	0.861324	2.293
20000	344	2.38349	3.95078	1.26052
20000	345	6.53441	1.58515	2.48516
20000	346	2.67701	1.3595	0.243685
20000	347	7.30559	2.36942	1.57686
20000	348	9.57427	2.35016	1.40729
20000	349	4.23665	2.00263	5.97281
20000	350	5.13556	4.95063	6.15686
20000	351	7.25302	0.666007	0.769705
20000	352	3.27941	1.47668	1.01521
20000	353	4.28869	2.60977	0.850151
20000	354	2.15653	3.86037	5.32395
20000	355	4.47422	1.54003	3.13739
20000	356	5.38101	2.94815	1.99833
20000	357	3.16591	4.74224	4.90708
20000	358	4.6351	2.91455	4.8124
20000	359	3.37089	4.91887	1.28609
20000	360	5.05518	1.09894	3.00676
20000	361	4.36936	3.21509	0.255618
20000	362	5.20928	1.98342	1.31498
20000	363	3.59768	1.81609	0.595696
20000	364	5.20095	2.80385	2.67174
20000	365	5.46735	1.99143	2.79949
20000	366	2.30173	0.403972	4.94337
20000	367	5.12737	1.95342	4.87421
20000	368	4.42673	3.54047	2.69021
20000	369	2.24258	2.4022	5.40579
20000	370	4.52827	0.582336	1.87931
20000	371	6.47536	0.391395	4.36418
20000	372	2.66406	4.88201	1.2463
20000	373	17.2561	1.63078	1.82594
20000	374	4.1867	0.541282	6.10623
20000	375	2.37474	3.00768	5.43294
20000	376	2.61773	0.347199	3.17126
20000	377	2.33796	3.44672	1.26681
20000	378	4.10712	3.35182	0.415425
20000	379	3.72931	1.80996	1.29384
20000	380	5.00726	3.9561	0.68615
20000	381	6.41014	0.135323	4.61015
20000	382	17.1791	3.00039	2.02752
20000	383	18.4863	0.477639	1.34982
20000	384	4.74306	3.19839	5.14292
20000	385	4.44897	0.588979	5.21724
20000	386	2.37348	4.40017	2.46546
20000	387	3.9616	3.75039	2.94933
20000	388	2.79729	0.762409	1.95426
20000	389	3.93668	4.24948	3.19889
20000	390	5.22987	2.34837	3.96029
20000	391	18.426	2.75233	2.67254
20000	392	3.00125	3.63656	4.46817
20000	393	4.99429	2.42794	4.88245
20000	394	3.22307	2.00114	5.81143
20000	395	1.26936	2.64719	6.07052
20000	396	3.61682	2.08115	3.85185
20000	397	3.16725	2.88586	0.295245
20000	398	11.0167	1.18744	2.20525
20000	399	4.79313	4.36683	3.63524
20000	400	3.49884	3.79368	4.24163
20000	401	5.6725	4.03108	2.69843
20000	402	3.29252	4.26831	2.59521
20000	403	1.37126	1.24864	3.04099
20000	404	17.9137	2.71071	5.0707
20000	405	2.11396	4.90786	1.33306
20000	406	2.91707	2.33809	1.06692
20000	407	2.86236	1.90663	4.62005
20000	408	3.75807	4.99369	3.11119
20000	409	4.80079	1.51508	0.710106
20000	410	2.9329	3.97867	5.82916
20000	411	2.93766	4.98468	1.29432
20000	412	4.71029	3.93834	0.48122
20000	413	4.23614	0.449885	0.625199
20000	414	3.41993	0.954656	5.61486
20000	415	15.2831	2.66127	6.01954
20000	416	5.79648	2.29628	1.85214
20000	417	17.6024	0.0190656	5.12295
20000	418	3.79318	4.13046	6.27684
20000	419	5.50968	3.40552	2.26329
20000	420	7.76858	4.18511	4.68888
20000	421	12.7448	0.45371	5.50332
20000	422	6.57038	2.14212	0.0942758
20000	423	0.967228	2.61655	4.40991
20000	424	4.42708	4.15142	0.454282
20000	425	1.91515	2.62951	0.89905
20000	426	2.16505	1.36985	2.73075
20000	427	5.15233	2.1106	4.25098
20000	428	5.65757	1.44824	1.17454
20000	429	1.64943	3.68457	1.14949
20000	430	3.09986	1.04831	1.02455
20000	431	2.61276	4.14329	5.93898
20000	432	18.677	2.98169	1.15636
20000	433	1.96341	0.215831	0.829025
20000	434	5.4833	1.56785	4.75064
20000	435	2.58226	3.36702	4.78648
20000	436	5.63807	2.75585	1.89018
20000	437	4.36357	1.70405	1.39176
20000	438	7.80254	2.58457	6.10819
20000	439	2.42051	4.01774	0.0412998
20000	440	3.28934	1.07572	5.72167
20000	441	6.65715	0.409096	1.5126
20000	442	13.0113	4.89906	1.25199
20000	443	3.45059	0.495941	1.80169
20000	444	0.265773	4.51982	1.78
20000	445	4.7872	1.08902	3.73457
20000	446	8.56689	3.91259	4.34457
20000	447	12.5629	2.80832	1.27672
20000	448	2.16883	4.27478	0.0403742
20000	449	3.26903	2.74259	3.33416
20000	450	5.41177	0.49118	1.15672
20000	451	2.74586	1.99121	4.48378
20000	452	2.73357	1.06069	1.38225
20000	453	3.19782	0.604069	2.30983
20000	454	0.818295	3.72902	3.67301
20000	455	2.81487	3.42613	0.784415
20000	456	5.83871	4.68853	2.68124
20000	457	3.00365	3.61063	6.00723
20000	458	5.63153	3.06036	4.69423
20000	459	7.67766	1.21394	0.480906
20000	460	4.35229	3.94408	1.54669
20000	461	5.1765	3.96006	3.14345
20000	462	2.94982	4.67988	1.05868
20000	463	15.2621	4.26748	5.61799
20000	464	4.73397	4.45626	5.40644
20000	465	14.9266	0.698541	4.08115
20000	466	11.2416	3.85671	1.64016
20000	467	2.59414	3.68411	3.05407
20000	468	17.0625	2.25815	3.90312
20000	469	5.45697	4.1261	2.58667
20000	470	2.99962	4.31956	0.142555
20000	471	4.26232	2.10731	3.69934
20000	472	10.6339	4.86371	1.35604
20000	473	7.20841	0.958903	2.20024
20000	474	4.83393	2.16052	0.128185
20000	475	16.6528	0.272562	4.09162
20000	476	4.98507	1.9362	5.3445
20000	477	3.20475	1.66243	2.34737
20000	478	4.66099	0.712458	4.87565
20000	479	4.01015	0.0552528	4.28168
20000	480	2.25863	1.09296	2.55394
20000	481	18.9986	1.16961	3.92334
20000	482	6.29527	2.93487	4.31289
20000	483	2.7328	0.427154	5.45684
20000	484	5.04264	0.486901	2.29982
20000	485	3.12157	0.141518	2.53233
20000	486	3.60586	2.97267	5.18594
20000	487	6.01132	3.77926	4.26137
20000	488	4.82611	4.6196	0.00200367
20000	489	3.20066	0.391611	0.0226481
20000	490	6.32279	2.67231	6.13466
20000	491	2.9472	4.57902	2.26228
20000	492	4.9145	4.75047	5.74379
20000	493	5.86921	4.787	4.74254
20000	494	0.783102	0.525731	1.26685
20000	495	5.99452	0.769685	2.3055
20000	496	5.4092	4.66488	0.197811
20000	497	2.7248	3.67763	1.6153
20000	498	2.35945	0.443279	0.681701
20000	499	3.53705	4.78087	2.1233
