2000	0	5.22091	4.62045	2.09777
2000	1	2.21981	0.275355	2.39276
2000	2	2.12902	3.47668	4.95435
2000	3	3.67392	1.85929	5.42071
2000	4	4.06469	1.45058	5.90354
2000	5	6.73653	3.46344	0.00372935
2000	6	3.28967	2.72911	2.36848
2000	7	3.03785	0.648282	1.4115
2000	8	1.98663	4.41027	2.86998
2000	9	13.4184	4.7767	3.42074
2000	10	18.1081	4.03102	3.77756
2000	11	4.40781	1.99798	4.23121
2000	12	4.51283	0.682777	2.51434
2000	13	2.83866	2.03593	1.41568
2000	14	6.2069	3.91226	1.45148
2000	15	2.43461	3.9483	2.40078
2000	16	2.87212	2.60359	5.94862
2000	17	5.09156	4.03843	3.97789
2000	18	5.29526	4.58227	5.64911
2000	19	1.76127	0.733419	4.6445
2000	20	5.80757	4.43804	2.81888
2000	21	3.71687	3.12683	4.40797
2000	22	8.93742	3.86019	5.85201
2000	23	19.838	1.80454	1.11614
2000	24	3.45732	3.56356	0.19195
2000	25	3.47277	2.59654	3.12869
2000	26	4.98309	1.27603	2.55361
2000	27	5.73247	2.13289	5.72144
2000	28	5.41737	3.64319	4.94137
2000	29	3.19403	3.4475	3.89103
2000	30	4.48431	3.4274	4.82254
2000	31	4.3935	4.57819	1.37902
2000	32	3.70169	2.86986	4.03656
2000	33	5.28938	2.78848	2.9158
2000	34	4.91471	1.51778	1.74984
2000	35	3.8254	4.79189	1.0998
2000	36	19.6097	4.8133	1.88289
2000	37	12.8668	4.42475	0.77743
2000	38	6.27972	1.56301	2.88242
2000	39	5.33229	1.74068	4.7783
2000	40	2.26116	3.56018	5.75397
2000	41	3.02862	1.63935	1.52792
2000	42	2.52435	2.34043	5.85768
2000	43	13.2942	4.40542	1.35138
2000	44	4.99556	2.8747	2.44654
2000	45	19.2785	0.0872595	5.9301
2000	46	18.8172	1.09312	4.5994
2000	47	3.69313	0.521906	5.95912
2000	48	7.2447	2.37394	4.35762
2000	49	1.51802	2.16847	5.98876
2000	50	1.16382	2.91254	5.79765
2000	51	13.6378	0.518589	5.18619
2000	52	4.48656	3.62797	6.27872
2000	53	8.10167	3.17069	4.81055
2000	54	6.55754	0.0823712	3.77721
2000	55	5.50525	4.53138	2.18558
2000	56	1.96803	1.69533	4.23374
2000	57	6.76472	1.56076	1.66412
2000	58	4.42338	2.66607	1.54649
2000	59	1.6835	3.72632	5.31133
2000	60	5.32361	2.65291	2.6635
2000	61	3.58337	4.1907	3.33797
2000	62	4.63551	3.77904	1.06211
2000	63	3.77053	2.50013	3.48076
2000	64	4.63014	1.26419	1.63547
2000	65	2.20184	1.03457	0.530341
2000	66	6.41174	3.1241	1.05796
2000	67	3.54347	4.75536	5.77777
2000	68	2.71083	0.325275	5.05222
2000	69	5.2437	2.9997	0.543508
2000	70	4.4422	4.33536	2.38921
2000	71	3.85189	1.13419	3.01731
2000	72	7.72644	3.20815	1.89717
2000	73	3.95212	3.61479	4.48994
2000	74	1.90581	0.187426	5.74464
2000	75	4.06602	2.17209	4.89126
2000	76	5.61631	2.07479	2.9527
2000	77	9.88333	0.173611	0.193743
2000	78	2.7202	3.47348	0.799676
2000	79	10.4721	1.90101	2.90617
2000	80	5.04126	4.62644	4.12258
2000	81	6.18527	4.00497	1.15534
2000	82	3.72191	0.310498	2.6657
2000	83	3.58015	3.89677	1.82865
2000	84	5.80013	2.49592	5.81256
2000	85	5.44908	4.70119	4.6892
2000	86	5.36951	2.02115	0.0991255
2000	87	5.87235	2.05715	4.78593
2000	88	6.23478	1.82585	1.20779
2000	89	3.69765	1.60997	5.38989
2000	90	5.49074	3.77928	3.97646
2000	91	2.377	4.615	4.60981
2000	92	6.59043	0.0105318	2.46154
2000	93	1.8811	1.07038	2.07896
2000	94	6.14699	0.667223	3.84569
2000	95	2.69436	1.12727	3.73117
2000	96	3.31444	1.87686	4.4758
2000	97	4.11027	3.18272	5.72752
2000	98	4.59755	2.69871	6.17699
2000	99	7.34762	2.22138	2.1797
2000	100	0.970726	3.54128	5.22673
2000	101	3.3174	2.89001	5.68176
2000	102	2.22158	0.762448	3.02446
2000	103	5.09629	4.92173	3.05586
2000	104	4.15477	2.18773	4.54651
2000	105	5.80299	0.893622	0.678399
2000	106	5.54643	0.44033	5.66049
2000	107	4.26444	3.92679	4.51329
2000	108	2.50823	1.92604	5.57456
2000	109	1.43908	4.84838	1.26202
2000	110	5.64789	2.80302	3.83848
2000	111	2.86225	3.13021	3.53919
2000	112	2.78894	3.88154	3.59688
2000	113	3.47163	0.513727	2.57116
2000	114	4.54132	1.71592	5.22655
2000	115	8.02311	2.91048	1.57626
2000	116	4.43611	3.30475	2.41705
2000	117	8.2678	1.94938	5.75199
2000	118	4.99269	4.23698	0.748778
2000	119	2.8716	4.68218	6.01276
2000	120	7.35748	2.87418	1.48222
2000	121	2.99569	2.97504	5.01611
2000	122	4.10964	2.04416	4.35031
2000	123	5.52864	2.50916	2.6001
2000	124	7.88714	2.54704	3.20851
2000	125	9.24111	0.17328	2.98399
2000	126	4.76521	2.27106	1.0309
2000	127	5.52774	1.70552	5.47039
2000	128	5.13527	4.13611	3.17572
2000	129	6.22775	2.8071	6.15557
2000	130	2.01996	2.65795	3.66983
2000	131	6.9709	1.72568	5.91808
2000	132	3.93582	0.300787	3.40121
2000	133	6.50176	4.23037	3.17442
2000	134	3.27407	2.00052	0.148754
2000	135	4.4151	3.11262	4.70803
2000	136	4.00126	0.719413	3.72759
2000	137	5.46089	0.0317014	3.01491
2000	138	5.76611	3.80072	1.94962
2000	139	5.05534	1.40732	2.60112
2000	140	6.02194	1.81067	5.68318
2000	141	3.95305	2.71484	1.53544
2000	142	4.22452	1.98367	5.29122
2000	143	3.56886	4.62227	2.96236
2000	144	4.58722	0.113794	6.24191
2000	145	4.08902	0.862534	4.48726
2000	146	4.34299	0.352528	2.3234
2000	147	3.39832	2.06932	1.37843
2000	148	5.45644	3.65772	2.8598
2000	149	2.78739	4.77895	4.47173
2000	150	4.94167	0.00816592	2.41613
2000	151	7.03563	3.05533	4.84784
2000	152	8.23341	0.978916	2.99766
2000	153	5.53622	0.3602	1.12808
2000	154	4.72988	1.20539	5.19728
2000	155	4.91174	1.50551	5.37577
2000	156	3.31675	3.72928	3.9567
2000	157	4.94981	1.93025	4.05693
2000	158	9.60167	0.983539	4.54395
2000	159	3.17313	4.21253	4.81267
2000	160	2.08185	0.346041	1.64105
2000	161	6.95605	3.12511	0.583588
2000	162	3.9572	1.98751	1.24471
2000	163	5.42159	1.21563	5.2704
2000	164	5.22175	2.047	5.4371
2000	165	5.88215	3.55207	0.934449
2000	166	3.18176	2.62313	4.84576
2000	167	4.62075	3.56301	2.67056
2000	168	3.70649	3.48868	6.00188
2000	169	3.41922	1.23889	2.23615
2000	170	16.7927	4.56533	4.74739
2000	171	2.29329	1.17708	1.26551
2000	172	3.20246	2.12312	0.136531
2000	173	4.36693	1.85729	5.37374
2000	174	3.26609	4.39692	1.01507
2000	175	4.83301	0.997603	0.541789
2000	176	4.03011	1.10761	4.31782
2000	177	3.86051	1.11296	5.22831
2000	178	2.52509	1.82099	2.47788
2000	179	5.00813	3.87491	3.53247
2000	180	5.19328	0.897269	1.25358
2000	181	5.5558	4.64229	3.01193
2000	182	2.67079	1.46246	4.34266
2000	183	3.89323	3.28101	5.67833
2000	184	6.64705	0.436444	1.12709
2000	185	3.52781	4.22815	5.64896
2000	186	5.34338	0.559865	1.48337
2000	187	4.67501	3.05821	2.63358
2000	188	14.7455	3.51732	4.7546
2000	189	5.8268	2.98412	1.62961
2000	190	3.38335	1.84831	4.93967
2000	191	2.7852	0.0212134	4.51315
2000	192	5.29968	2.94757	6.17931
2000	193	3.91733	3.83812	2.87138
2000	194	14.8558	4.54668	2.44106
2000	195	5.89296	1.15	2.17989
2000	196	4.95597	1.48909	2.11435
2000	197	5.31784	0.821344	3.05294
2000	198	10.2602	4.05094	3.86779
2000	199	2.05931	3.80768	4.79577
2000	200	2.65879	2.79872	1.89357
2000	201	18.3996	4.39784	4.02703
2000	202	3.40246	0.897962	4.4975
2000	203	3.97284	4.33206	5.31103
2000	204	2.95467	3.77409	0.0385275
2000	205	2.48508	2.76701	2.46443
2000	206	2.56451	1.79937	5.29544
2000	207	3.7946	1.61024	0.658263
2000	208	4.7231	2.96364	3.68641
2000	209	4.30372	3.61959	3.48684
2000	210	6.75734	2.74429	2.44247
2000	211	2.45422	3.95478	6.06933
2000	212	4.95508	3.57656	2.42558
2000	213	6.56013	3.48205	4.92882
2000	214	13.6468	4.77366	1.85804
2000	215	4.92089	2.82369	4.90134
2000	216	2.38682	1.42978	1.17974
2000	217	3.95094	1.23714	0.143123
2000	218	5.5946	3.80581	2.40138
2000	219	5.30983	4.3332	5.07136
2000	220	5.2218	1.029	5.58199
2000	221	3.9848	2.71141	4.35607
2000	222	6.11176	0.885693	0.53938
2000	223	3.81027	2.2267	0.414207
2000	224	4.88207	1.5456	2.87111
2000	225	5.37464	4.68573	3.42439
2000	226	4.55215	1.12298	2.0724
2000	227	4.50665	4.72545	1.11375
2000	228	3.78832	3.37674	2.28194
2000	229	3.57171	0.744095	2.79351
2000	230	4.50215	4.67792	2.79063
2000	231	4.21113	3.49077	5.76161
2000	232	6.20861	1.498	2.50661
2000	233	5.59001	2.69111	3.74447
2000	234	2.74197	2.9109	2.01392
2000	235	2.93045	2.45839	4.81041
2000	236	2.67076	0.629186	0.879348
2000	237	6.26343	3.40857	3.1183
2000	238	3.38559	1.83657	2.32993
2000	239	3.07454	0.326391	2.37417
2000	240	2.75552	4.13378	6.13829
2000	241	6.24474	0.37242	2.68939
2000	242	3.91459	3.94233	3.33856
2000	243	3.08849	1.90047	1.05221
2000	244	1.21344	1.12829	3.66125
2000	245	5.54679	2.29346	0.494865
2000	246	3.46608	2.2201	5.90517
2000	247	4.17737	1.17388	4.43391
2000	248	0.803211	0.611165	6.00611
2000	249	5.05086	3.85693	5.11072
2000	250	3.17147	3.51516	3.16445
2000	251	5.22973	2.18037	3.07073
2000	252	2.50068	1.45966	2.00865
2000	253	3.90805	1.54127	4.70191
2000	254	5.92984	2.42073	1.26366
2000	255	6.51786	4.51403	2.49186
2000	256	10.1624	2.52442	5.51728
2000	257	3.49038	3.63832	4.00617
2000	258	6.30484	0.680541	1.90354
2000	259	4.5678	0.651815	4.68227
2000	260	5.85325	2.00694	5.35338
2000	261	4.6024	4.05219	4.41813
2000	262	5.184	3.09186	1.22334
2000	263	3.51221	2.95176	2.31329
2000	264	19.9193	2.24283	1.57388
2000	265	5.05045	3.05074	1.0586
2000	266	4.94578	1.68383	0.0784875
2000	267	3.55965	4.40599	1.32956
2000	268	17.5274	1.69552	4.13885
2000	269	3.35389	4.72949	1.29222
2000	270	6.0757	2.79034	2.8585
2000	271	4.87075	2.95883	0.66593
2000	272	5.63388	0.583047	1.86387
2000	273	4.54843	2.40128	1.73659
2000	274	4.9585	1.20988	1.00902
2000	275	2.52634	2.98212	4.73937
2000	276	2.46585	0.204532	3.27744
2000	277	4.83956	0.507884	4.383
2000	278	5.00453	3.30237	1.0123
2000	279	3.76343	2.48406	5.6487
2000	280	3.67818	2.01446	3.94066
2000	281	3.70502	0.424087	3.52456
2000	282	6.53813	0.732104	5.44854
2000	283	8.99404	1.89813	2.63427
2000	284	5.87981	1.97081	2.25749
2000	285	8.98106	0.828844	3.04851
2000	286	2.37241	2.5244	0.440833
2000	287	13.6581	2.9117	5.19271
2000	288	7.12063	3.56862	5.84462
2000	289	2.74057	0.14387	4.4808
2000	290	5.15055	3.885	2.02155
2000	291	0.428448	2.19912	0.570489
2000	292	6.52167	1.19058	0.628633
2000	293	4.44319	4.08943	4.85659
2000	294	5.65767	1.82627	0.0307629
2000	295	5.86334	1.31519	4.39492
2000	296	2.77698	3.0162	4.14214
2000	297	5.88173	1.34469	1.66842
2000	298	2.48464	2.14523	5.95566
2000	299	2.98478	2.25584	2.1984
2000	300	2.06754	0.0503198	1.55137
2000	301	3.59691	4.40751	5.15462
2000	302	5.18075	1.49963	4.11359
2000	303	3.61848	4.77743	3.34243
2000	304	2.80319	3.522	4.03923
2000	305	4.01805	3.0846	2.74562
2000	306	5.33935	3.95771	2.76968
2000	307	5.11738	1.28164	5.76966
2000	308	4.48309	0.178771	4.91413
2000	309	1.84605	4.7198	2.76229
2000	310	3.96163	3.33363	5.10471
2000	311	2.6273	0.191754	2.86358
2000	312	15.3284	4.24254	0.270961
2000	313	6.13414	3.05105	1.75612
2000	314	1.63626	1.52931	2.91899
2000	315	3.59634	3.31693	6.05259
2000	316	4.79126	0.384154	5.47359
2000	317	2.16536	1.8175	3.95236
2000	318	2.46135	4.46668	5.44549
2000	319	3.26359	2.5246	2.30956
2000	320	4.22062	3.70131	4.52842
2000	321	2.1209	1.82852	5.61359
2000	322	6.81683	0.651638	0.117603
2000	323	2.57658	1.14451	0.993347
2000	324	13.4289	3.52359	5.34733
2000	325	11.9481	0.646504	5.86174
2000	326	5.10751	0.65766	3.80679
2000	327	3.66411	0.643935	6.25323
2000	328	7.2147	0.644703	3.57595
2000	329	5.39805	1.58343	1.98998
2000	330	1.57311	3.46173	1.89069
2000	331	3.32448	0.852682	1.19142
2000	332	4.69556	4.17826	2.35536
2000	333	3.21908	0.529265	5.56559
2000	334	3.84913	1.36294	3.1812
2000	335	4.70587	4.93783	5.7481
2000	336	5.73782	3.01907	0.143497
2000	337	16.3659	3.87221	4.25849
2000	338	3.46679	0.466098	0.900571
2000	339	5.56942	3.59762	5.88725
2000	340	3.33946	4.3516	2.58899
2000	341	2.13106	4.26001	5.20047
2000	342	5.83565	2.50583	5.55518
2000	343	4.47898	2.92703	3.778
2000	344	10.0302	1.94857	4.56567
2000	345	2.43319	3.83968	0.773289
2000	346	6.42919	0.85369	1.68905
2000	347	5.02302	0.390857	0.583432
2000	348	5.24217	2.66943	3.60282
2000	349	3.3544	4.5237	6.0257
2000	350	8.66331	0.599909	5.92898
2000	351	4.69703	4.74176	0.381344
2000	352	7.67056	0.479142	5.4779
2000	353	5.31196	0.698421	6.17669
2000	354	14.6642	2.89455	4.06567
2000	355	2.81581	4.8781	6.07835
2000	356	14.0791	3.79978	3.24868
2000	357	3.73561	2.6527	3.44705
2000	358	6.53519	0.0415958	5.32846
2000	359	4.78514	2.11714	3.90265
2000	360	5.96311	3.39289	6.20196
2000	361	16.0348	1.41564	2.7324
2000	362	3.99835	2.46492	1.29733
2000	363	3.2166	2.93664	0.786798
2000	364	1.64383	2.24068	6.07731
2000	365	2.53806	4.46317	3.02873
2000	366	2.38165	0.683678	3.07527
2000	367	4.03735	4.99315	2.7038
2000	368	0.97125	0.870548	3.15832
2000	369	8.02905	0.333983	6.11081
2000	370	4.35912	4.22996	2.70817
2000	371	1.38297	4.68083	2.49149
2000	372	2.70955	0.826323	0.00260073
2000	373	7.15856	4.14743	5.60851
2000	374	7.11145	1.51225	4.32254
2000	375	3.19298	4.07555	1.76003
2000	376	18.0783	3.76521	4.01295
2000	377	4.48385	0.285757	6.01144
2000	378	3.76379	3.1301	2.77427
2000	379	7.83377	4.73625	0.293926
2000	380	6.19982	4.43513	1.98656
2000	381	4.75509	4.81467	1.19334
2000	382	4.52623	2.01283	0.263123
2000	383	1.61711	4.51258	4.59493
2000	384	2.85889	1.06306	1.5648
2000	385	2.29412	3.4949	4.36942
2000	386	2.5246	2.16013	1.58987
2000	387	2.012	0.711783	5.65427
2000	388	3.45877	4.50465	0.825173
2000	389	2.90394	4.87115	0.760648
2000	390	3.63656	0.804889	6.01505
2000	391	4.43576	0.472925	5.46664
2000	392	6.45052	4.09683	1.30368
2000	393	6.95492	0.182369	0.191265
2000	394	5.68654	4.1701	5.69126
2000	395	3.49636	1.05116	4.01568
2000	396	8.83753	4.01299	5.10479
2000	397	2.88391	0.702681	4.50189
2000	398	4.81471	0.719164	5.04241
2000	399	2.10253	1.46322	4.32005
2000	400	3.82478	4.2736	1.62834
2000	401	2.54707	2.58128	1.44057
2000	402	3.96625	4.77414	1.58321
2000	403	4.6889	4.87304	0.733655
2000	404	4.48114	2.01862	5.04968
2000	405	2.90377	3.21974	4.08726
2000	406	4.68687	2.31679	3.21898
2000	407	4.28963	0.582598	3.81473
2000	408	6.18099	3.7238	3.01975
2000	409	2.55035	3.56186	2.85321
2000	410	7.07522	3.97699	3.12628
2000	411	5.40217	1.42603	2.26833
2000	412	2.22414	0.0554768	1.77799
2000	413	4.14307	4.58227	3.03428
2000	414	6.02881	4.4885	5.76421
2000	415	2.4954	1.30523	5.89804
2000	416	3.66506	3.92324	5.04086
2000	417	3.90523	2.72153	0.19646
2000	418	2.39488	4.64305	5.19308
2000	419	5.11747	0.790341	3.98202
2000	420	5.29277	0.32484	0.0169025
2000	421	2.08209	1.71385	0.942196
2000	422	3.07743	0.488433	2.12628
2000	423	6.61366	3.74374	4.03255
2000	424	4.08046	1.51658	5.82091
2000	425	5.54931	2.09756	0.0532785
2000	426	5.27176	0.0388554	4.31948
2000	427	2.14817	2.7297	4.54841
2000	428	2.90859	1.09982	5.24567
2000	429	17.7854	3.98595	1.86832
2000	430	6.12352	1.24023	5.79173
2000	431	1.77772	4.31587	5.89688
2000	432	4.69459	2.98201	6.2467
2000	433	10.0395	1.12539	3.45657
2000	434	4.946	4.2417	1.78332
2000	435	5.45617	3.90971	2.64126
2000	436	5.74377	4.62868	4.96732
2000	437	4.21082	1.00372	2.22
2000	438	3.0532	2.54317	3.49655
2000	439	10.4663	2.29929	0.841329
2000	440	5.42187	3.39857	1.71858
2000	441	5.6273	4.0325	2.57139
2000	442	3.25381	4.01001	0.0120585
2000	443	3.41742	2.0478	4.32193
2000	444	10.9943	1.97255	3.53119
2000	445	2.65882	4.59762	1.26662
2000	446	4.90038	0.681242	4.88457
2000	447	2.77061	4.4304	4.05626
2000	448	7.20421	2.25602	3.33827
2000	449	7.23145	4.79714	2.90823
2000	450	7.35568	2.79648	2.80729
2000	451	5.86142	4.53007	6.10741
2000	452	3.04599	0.802305	3.36311
2000	453	2.5859	3.09234	4.34462
2000	454	3.10767	1.96313	3.85078
2000	455	2.12288	2.95389	2.61996
2000	456	17.538	0.625023	2.66194
2000	457	3.1482	2.1186	0.111084
2000	458	5.38984	0.812762	3.6673
2000	459	4.44969	4.65207	3.17633
2000	460	4.42181	0.0517499	0.013318
2000	461	2.73652	2.42745	2.39013
2000	462	6.75005	1.06058	3.25674
2000	463	2.24804	3.92567	5.18842
2000	464	2.89918	1.5253	2.798
2000	465	2.27495	1.26252	2.60896
2000	466	1.4923	4.11247	1.88724
2000	467	4.62455	1.70684	0.437785
2000	468	1.71333	0.801209	2.07408
2000	469	4.13559	1.44292	4.3276
2000	470	4.94731	3.3351	3.90222
2000	471	5.02226	4.43522	0.833246
2000	472	7.82374	0.367545	2.30642
2000	473	18.0135	2.74103	0.889935
2000	474	10.4137	1.78417	4.89207
2000	475	2.47706	0.650175	1.96588
2000	476	4.26137	2.04116	6.03419
2000	477	17.37	3.69851	0.888084
2000	478	14.4112	4.5913	1.87335
2000	479	4.22005	0.332803	4.18345
2000	480	2.61242	4.27451	2.71313
2000	481	12.2571	0.306064	1.52886
2000	482	3.30291	0.100735	2.96019
2000	483	14.8318	4.07702	2.30467
2000	484	2.74238	4.94283	3.43979
2000	485	3.7746	1.7224	3.41441
2000	486	3.16985	1.13808	0.751771
2000	487	19.0571	0.308644	5.08328
2000	488	3.93685	4.82713	0.975363
2000	489	1.65568	3.15445	3.70065
2000	490	9.92053	0.509313	2.53895
2000	491	3.82204	1.76916	2.06483
2000	492	7.11318	4.95059	4.86813
2000	493	7.00534	3.56277	4.00032
2000	494	3.59517	0.995619	1.7188
2000	495	3.3316	1.26961	2.92548
2000	496	3.32254	4.8534	3.70855
2000	497	19.8339	1.94624	4.28891
2000	498	15.8812	3.80521	5.65804
2000	499	3.78543	2.81302	3.24935
4000	0	3.08586	0.900439	5.90359
4000	1	4.75028	3.25263	4.39555
4000	2	5.98868	1.979	5.97236
4000	3	4.65944	1.20749	6.25507
4000	4	2.1314	2.13229	2.51682
4000	5	2.86136	4.15623	5.70947
4000	6	5.946	3.37337	0.219943
4000	7	2.44737	0.649598	5.27202
4000	8	2.24	0.895222	3.77539
4000	9	2.87974	2.30669	3.27959
4000	10	2.72558	3.76286	6.02433
4000	11	3.21129	0.4975	4.10609
4000	12	4.21195	2.29602	2.50709
4000	13	3.77339	1.03647	2.25494
4000	14	2.82192	1.1179	3.58782
4000	15	7.81784	2.72485	2.45819
4000	16	4.8362	4.59596	3.92655
4000	17	4.37591	2.10659	2.57148
4000	18	3.42804	3.04383	5.81764
4000	19	3.66012	4.53373	5.50908
4000	20	10.4282	1.63202	0.582183
4000	21	4.11679	0.499231	2.85889
4000	22	4.51645	3.35257	2.98924
4000	23	6.06012	0.120249	0.52274
4000	24	1.86249	2.2099	2.61872
4000	25	5.1745	2.41258	3.98495
4000	26	10.91	4.38562	2.4995
4000	27	2.41843	4.84672	6.10558
4000	28	3.04256	4.04266	2.66997
4000	29	12.7483	3.13191	5.00622
4000	30	5.66363	0.68351	2.51754
4000	31	4.58143	0.167496	3.86185
4000	32	16.5965	3.89648	1.54194
4000	33	3.89938	4.6015	1.94476
4000	34	5.51775	3.40141	3.90753
4000	35	3.58952	2.37366	1.37602
4000	36	15.4823	2.27434	4.5243
4000	37	3.48041	1.38706	3.30133
4000	38	5.5264	0.680872	6.05259
4000	39	5.49892	3.96497	1.77266
4000	40	4.86727	0.395526	3.6292
4000	41	4.8997	1.04487	4.85252
4000	42	4.80418	3.40854	5.43456
4000	43	5.87991	2.02905	1.55405
4000	44	4.92324	1.83558	0.341011
4000	45	3.7596	0.671511	3.62106
4000	46	4.74103	2.63604	4.03312
4000	47	2.25868	0.360818	0.552479
4000	48	3.33099	0.643769	3.43114
4000	49	6.75099	2.8406	6.16268
4000	50	2.4789	2.43835	3.97246
4000	51	19.5955	1.81239	0.404974
4000	52	15.9274	2.10018	0.729532
4000	53	5.2979	2.68815	1.6474
4000	54	4.19866	1.55479	3.52402
4000	55	18.1436	1.29319	2.77714
4000	56	4.97986	1.10686	5.80992
4000	57	6.06483	0.984381	4.61006
4000	58	3.27669	3.99195	4.2224
4000	59	4.99616	1.91957	0.0800619
4000	60	14.4984	3.09458	2.18676
4000	61	10.6149	1.76899	3.67072
4000	62	7.53555	0.0703877	0.63529
4000	63	7.48653	4.06488	2.69441
4000	64	4.48026	0.943405	2.29419
4000	65	4.90826	2.05689	4.39274
4000	66	4.847	0.409131	0.578614
4000	67	2.87133	3.9355	3.39285
4000	68	5.28899	0.650226	4.91655
4000	69	7.50645	0.222404	4.70955
4000	70	12.5562	4.33331	4.17387
4000	71	4.58719	1.50321	2.76606
4000	72	2.86579	1.59803	2.96357
4000	73	3.6209	2.57127	1.26064
4000	74	7.3087	1.01357	0.963594
4000	75	3.96661	3.88651	0.589459
4000	76	6.75172	4.57304	2.90297
4000	77	6.29602	2.29193	6.21615
4000	78	5.62132	2.4266	0.898805
4000	79	4.42152	3.76251	5.81986
4000	80	5.01043	1.28662	4.83206
4000	81	2.57948	1.28827	1.92774
4000	82	4.79167	2.40255	4.58551
4000	83	2.64869	2.47134	1.04946
4000	84	2.53638	0.988392	1.13922
4000	85	2.86875	4.94721	3.43579
4000	86	3.34752	1.34389	5.16129
4000	87	3.84654	2.92354	0.687786
4000	88	3.26919	2.12009	2.54195
4000	89	4.16147	3.55755	0.253602
4000	90	8.32771	1.41242	3.23777
4000	91	4.93092	2.88127	0.000396195
4000	92	3.4095	2.49428	1.817
4000	93	4.67216	2.34651	4.69779
4000	94	3.21399	0.598682	4.06632
4000	95	3.74211	0.909689	4.20748
4000	96	2.33342	4.32995	1.18711
4000	97	4.9017	3.95476	4.91522
4000	98	2.88953	3.32722	4.92345
4000	99	5.39465	2.21617	2.32542
4000	100	11.9129	2.92876	5.87234
4000	101	3.65365	0.143678	0.813303
4000	102	3.63315	3.30325	1.47967
4000	103	5.79722	4.05384	0.815356
4000	104	14.5914	1.27296	2.38775
4000	105	5.31278	0.81108	4.80101
4000	106	2.03983	2.76812	4.97704
4000	107	9.19858	2.18754	1.53928
4000	108	4.59106	1.42811	6.19185
4000	109	2.43297	4.62617	4.03155
4000	110	4.76591	3.86035	0.407808
4000	111	3.98041	1.03546	4.02479
4000	112	2.12264	3.61776	5.72836
4000	113	1.69192	2.33764	3.20977
4000	114	3.9874	3.8044	0.0943187
4000	115	5.42823	2.15425	2.43981
4000	116	5.89587	3.44735	3.40918
4000	117	3.59086	0.831112	4.77315
4000	118	3.86574	0.61286	2.04145
4000	119	4.8203	1.30931	4.00685
4000	120	3.95018	0.0558178	1.5552
4000	121	1.61217	0.449518	3.19764
4000	122	5.43256	2.27013	3.48399
4000	123	2.13777	3.33225	2.48997
4000	124	3.65567	4.91498	5.98615
4000	125	3.49224	3.06958	1.08785
4000	126	4.07599	1.53054	4.11592
4000	127	5.73911	2.19894	2.21846
4000	128	3.23698	1.77926	4.07368
4000	129	11.3717	0.603595	0.937879
4000	130	5.3755	1.49481	4.28175
4000	131	5.78307	2.14184	0.226216
4000	132	4.96796	2.80248	3.58424
4000	133	4.8629	4.40993	5.45795
4000	134	6.39544	4.88903	2.77579
4000	135	1.24327	1.02296	0.404994
4000	136	3.62173	0.679328	0.535457
4000	137	3.12566	3.32681	4.27116
4000	138	6.07918	0.493106	5.76555
4000	139	10.5399	2.11434	5.71386
4000	140	16.1798	1.37968	5.94286
4000	141	1.74365	1.56881	2.41933
4000	142	2.8495	2.16867	6.01172
4000	143	4.08606	2.32364	4.72775
4000	144	2.70045	1.18847	0.712595
4000	145	5.12428	4.39658	3.969
4000	146	3.36873	4.08459	3.78189
4000	147	2.88063	3.21507	4.9515
4000	148	5.42321	2.54704	1.29005
4000	149	4.83564	0.63054	2.18269
4000	150	5.12507	4.90388	2.36145
4000	151	2.67635	1.00982	4.90283
4000	152	3.38487	1.83706	2.15339
4000	153	3.79923	1.94273	2.45623
4000	154	2.36092	2.73753	0.604836
4000	155	2.60768	2.59862	1.2403
4000	156	4.53515	2.17325	3.82389
4000	157	15.8004	2.69913	4.41861
4000	158	5.92787	4.80263	4.36704
4000	159	4.82133	3.63837	2.43107
4000	160	6.30074	1.96892	1.69432
4000	161	5.00758	3.64083	2.43218
4000	162	3.65439	1.50554	0.32211
4000	163	1.73523	3.44431	5.93677
4000	164	5.7374	2.7913	5.48281
4000	165	4.58523	3.05224	0.449046
4000	166	5.12918	3.70215	2.50976
4000	167	1.07171	0.941989	2.84543
4000	168	16.239	0.699359	4.64799
4000	169	4.67894	3.67718	5.36835
4000	170	12.3916	2.56888	4.41647
4000	171	2.53138	3.79966	1.59285
4000	172	3.64806	2.59768	5.62766
4000	173	6.11764	1.65848	1.27045
4000	174	3.05964	2.60368	0.864949
4000	175	8.90524	1.83497	3.48084
4000	176	4.68228	3.138	0.979803
4000	177	5.07821	1.0024	1.68192
4000	178	4.63061	2.19209	4.21703
4000	179	5.77074	2.73425	3.61498
4000	180	3.7093	1.10699	3.11533
4000	181	17.8224	1.89117	1.77716
4000	182	7.73235	4.37738	3.98563
4000	183	1.38557	0.65762	4.09975
4000	184	5.84675	0.583177	3.54585
4000	185	5.14767	2.10315	5.95357
4000	186	4.12221	3.21442	3.39826
4000	187	1.94705	3.42227	4.72037
4000	188	3.89185	4.68265	6.13586
4000	189	4.18421	3.812	2.14138
4000	190	4.5781	4.62787	1.30971
4000	191	4.16617	4.03992	2.5684
4000	192	19.4793	4.01498	2.39023
4000	193	7.82159	3.01446	5.71943
4000	194	2.67866	4.748	2.47147
4000	195	2.55308	0.711982	0.643686
4000	196	4.34396	1.09446	3.92271
4000	197	3.9541	1.1652	4.24958
4000	198	1.26716	3.58421	1.14498
4000	199	19.544	0.463446	2.8915
4000	200	2.85907	0.163051	2.37243
4000	201	2.94124	2.13726	0.968364
4000	202	1.98532	0.688585	5.4213
4000	203	2.47623	4.15589	2.14938
4000	204	2.97439	4.59694	3.98663
4000	205	4.61089	4.18607	3.72391
4000	206	2.78658	1.71575	1.04676
4000	207	5.91226	0.997517	2.21845
4000	208	3.92156	3.86756	3.15846
4000	209	3.32252	1.91244	2.63629
4000	210	3.14766	3.13546	3.46533
4000	211	14.4264	0.335791	1.50008
4000	212	5.74436	4.99613	0.817819
4000	213	4.0101	0.342733	4.38623
4000	214	1.87628	1.9441	2.20386
4000	215	3.24158	1.28473	5.1035
4000	216	3.77471	0.855852	5.54298
4000	217	5.33524	3.89173	4.09609
4000	218	1.35555	4.30415	0.974387
4000	219	5.58157	3.72653	4.1127
4000	220	2.84136	2.75958	4.44103
4000	221	5.84663	4.89267	4.48763
4000	222	4.33368	0.0467817	1.21708
4000	223	6.26153	4.45969	6.11155
4000	224	2.27177	4.47958	6.13093
4000	225	5.88935	2.40469	0.613087
4000	226	5.08071	3.12705	4.31578
4000	227	0.747006	2.11731	5.60613
4000	228	5.84698	3.36792	4.38164
4000	229	3.16271	1.64112	5.23082
4000	230	2.40802	1.09096	5.06222
4000	231	2.31674	4.21385	1.79221
4000	232	19.461	3.00424	1.70759
4000	233	4.4195	2.01531	6.05488
4000	234	4.68398	3.07212	0.620837
4000	235	14.8718	2.2602	5.84004
4000	236	3.87349	1.5784	2.8707
4000	237	2.40111	3.92547	5.03105
4000	238	19.8955	2.65574	3.51688
4000	239	10.1147	3.66776	2.20297
4000	240	3.56274	4.87054	0.225477
4000	241	3.5136	1.39463	6.02613
4000	242	3.40354	2.25623	0.580477
4000	243	4.40614	4.38765	1.69814
4000	244	4.25254	4.22679	6.04556
4000	245	4.08702	2.64966	3.10581
4000	246	3.94927	3.7682	2.42567
4000	247	2.41672	0.188538	4.24754
4000	248	17.7516	1.15057	4.32797
4000	249	3.48655	1.78367	5.57865
4000	250	3.66248	3.64239	2.04968
4000	251	4.68971	3.59395	5.38181
4000	252	5.86851	4.50363	4.5032
4000	253	5.3349	3.6832	3.44473
4000	254	7.26805	3.09047	3.00661
4000	255	4.27818	4.98397	2.39521
4000	256	5.68515	4.02131	0.360863
4000	257	2.92306	3.34903	4.7806
4000	258	5.24246	1.56959	2.41946
4000	259	2.6726	1.35145	1.95363
4000	260	6.19524	0.595676	3.53773
4000	261	3.01406	4.65474	6.11216
4000	262	4.24072	1.79363	5.24822
4000	263	5.73701	4.73201	2.78042
4000	264	6.84001	2.94967	3.9655
4000	265	6.59986	1.82079	2.41447
4000	266	13.7804	2.39123	2.04412
4000	267	3.07018	4.81828	1.38763
4000	268	8.01567	4.12943	1.00024
4000	269	8.40168	2.50654	2.22767
4000	270	2.7523	0.565893	1.02369
4000	271	2.0805	1.07865	1.562
4000	272	5.75833	0.660341	3.05252
4000	273	2.29972	3.65201	1.49383
4000	274	2.35285	2.09068	4.5735
4000	275	1.54339	0.651797	4.12138
4000	276	7.64348	4.52506	1.32572
4000	277	4.39955	1.93184	0.232123
4000	278	16.135	3.94189	0.859305
4000	279	4.10275	1.16655	5.70895
4000	280	5.63013	0.229857	1.73181
4000	281	4.31165	0.114954	2.21785
4000	282	3.03391	2.43019	5.69377
4000	283	5.51451	3.29212	0.066226
4000	284	6.35531	2.62845	3.85092
4000	285	2.88104	0.53843	1.48329
4000	286	2.42402	4.74219	5.9627
4000	287	13.6063	1.41665	0.859341
4000	288	2.25054	0.0206725	6.01729
4000	289	16.9181	1.9745	0.456865
4000	290	3.87475	3.81665	0.710081
4000	291	18.1873	4.40466	3.55546
4000	292	4.49535	2.82811	2.83691
4000	293	1.49284	2.41051	1.96976
4000	294	8.57925	4.47952	0.247402
4000	295	6.77325	2.36741	3.92908
4000	296	16.9467	0.422949	1.46334
4000	297	2.30271	4.72017	4.96477
4000	298	11.1029	1.56608	4.12474
4000	299	3.47591	3.59555	5.49928
4000	300	5.38081	4.2955	5.77152
4000	301	2.25726	3.47658	2.71567
4000	302	3.64868	3.32013	4.76114
4000	303	11.6565	2.37901	3.45726
4000	304	3.25579	3.25533	4.84158
4000	305	5.34503	1.70619	2.12187
4000	306	5.28561	4.99609	0.390314
4000	307	2.57973	2.61507	0.640578
4000	308	16.0027	0.898944	1.76295
4000	309	4.98555	3.69584	3.80487
4000	310	2.48854	1.54206	0.476257
4000	311	5.35032	0.522195	1.91414
4000	312	4.63651	1.92228	2.34469
4000	313	3.85552	4.28096	2.83284
4000	314	0.517679	2.2322	5.56987
4000	315	5.58564	2.37795	3.21256
4000	316	3.18674	0.702067	5.66855
4000	317	5.21289	3.86097	0.0768594
4000	318	3.11	2.07714	2.77664
4000	319	14.333	3.01963	5.43756
4000	320	6.0718	3.95788	1.55432
4000	321	5.36479	4.76403	3.30507
4000	322	4.14033	2.48209	6.01896
4000	323	4.80263	1.27972	1.16054
4000	324	8.92105	3.43423	4.28323
4000	325	14.9185	0.414021	4.63497
4000	326	5.39803	0.850749	3.88263
4000	327	4.36482	2.52364	5.21132
4000	328	6.01102	1.23572	2.85923
4000	329	2.73075	0.154367	1.00769
4000	330	1.94996	1.19478	2.7748
4000	331	9.84848	0.506245	5.21624
4000	332	4.84435	1.75616	4.44851
4000	333	3.78169	1.74534	5.98927
4000	334	4.47406	0.923118	1.43469
4000	335	3.11282	1.16521	3.58604
4000	336	5.92987	4.09045	0.98422
4000	337	5.59407	2.45815	3.98007
4000	338	6.33513	3.06329	2.52992
4000	339	14.5083	4.10297	2.27245
4000	340	6.71398	1.33009	2.86601
4000	341	4.30803	1.5167	1.22703
4000	342	3.04385	0.493835	2.76339
4000	343	6.75086	2.42144	3.29917
4000	344	4.01621	0.224531	0.376453
4000	345	6.66527	4.02763	1.88486
4000	346	5.88951	0.419814	3.26952
4000	347	12.3212	2.15201	3.93517
4000	348	5.68169	1.65289	5.57816
4000	349	4.64826	0.824517	2.22664
4000	350	15.0851	0.634781	0.220478
4000	351	1.30933	4.1306	4.67878
4000	352	2.63447	3.12195	4.02517
4000	353	6.70436	1.70831	4.9616
4000	354	4.75374	4.77806	2.00337
4000	355	4.59805	4.99007	6.25546
4000	356	4.54434	4.8541	4.92772
4000	357	6.07575	1.40748	1.48855
4000	358	6.31064	4.95422	4.43992
4000	359	6.14597	0.549344	0.203295
4000	360	3.49695	3.90479	3.77956
4000	361	3.01099	3.16511	3.12488
4000	362	2.65907	3.68708	2.29494
4000	363	4.67192	0.538117	5.72116
4000	364	4.34058	3.6605	2.00901
4000	365	3.62794	2.22452	4.19792
4000	366	0.0322038	0.35215	3.88796
4000	367	3.48931	3.55835	1.3125
4000	368	10.3122	1.41686	3.34957
4000	369	17.6679	4.6097	3.93277
4000	370	5.35475	1.4443	2.64841
4000	371	2.47636	0.971844	1.13264
4000	372	2.02378	1.59899	4.7217
4000	373	2.36163	2.67388	4.04846
4000	374	2.47845	2.33137	4.43863
4000	375	5.24336	1.83547	6.2638
4000	376	4.73755	2.32467	1.6669
4000	377	6.54426	4.2454	0.117627
4000	378	6.47034	2.79523	5.95975
4000	379	3.4029	1.10796	5.22111
4000	380	4.45278	0.518317	2.69187
4000	381	5.3208	0.562215	3.05219
4000	382	5.43885	2.31436	4.77159
4000	383	4.73985	4.82867	1.4433
4000	384	9.71929	0.43163	3.18761
4000	385	14.0841	1.40704	3.31537
4000	386	18.0863	3.28953	1.58101
4000	387	2.98273	3.67078	5.34938
4000	388	17.926	0.129113	3.00138
4000	389	11.2718	0.218415	0.353423
4000	390	3.98924	2.24828	3.57972
4000	391	5.06777	4.85122	4.40425
4000	392	8.38829	2.50608	5.38944
4000	393	3.31145	1.32718	2.94207
4000	394	4.0526	4.14578	0.982428
4000	395	4.85638	4.11465	5.72727
4000	396	8.352	2.10975	3.57963
4000	397	4.10229	3.60421	2.15506
4000	398	5.11328	0.901866	6.24912
4000	399	5.06894	4.4904	1.09073
4000	400	7.11625	2.28779	5.74954
4000	401	8.0844	2.02161	3.6912
4000	402	3.76181	2.39417	3.46406
4000	403	2.38713	0.791622	0.947617
4000	404	4.10063	2.10543	1.35223
4000	405	4.57621	2.89204	4.95569
4000	406	4.12266	2.20096	2.44937
4000	407	12.911	4.69927	2.31864
4000	408	5.01641	0.580187	6.15065
4000	409	2.70745	4.80128	1.11792
4000	410	5.54162	3.20077	5.31316
4000	411	3.45911	4.88936	1.3095
4000	412	3.56348	0.623397	2.06995
4000	413	15.2011	1.10295	3.3019
4000	414	3.07199	4.68565	1.02038
4000	415	2.2727	4.24714	6.02365
4000	416	2.95682	0.550579	6.01518
4000	417	18.7998	3.97486	3.70975
4000	418	5.3076	4.10912	0.710258
4000	419	6.54984	1.64897	3.32287
4000	420	2.48153	2.95257	3.43991
4000	421	3.36208	4.99334	3.60094
4000	422	13.9868	1.08102	1.29234
4000	423	5.57883	4.66909	4.98458
4000	424	6.37152	2.2446	6.04236
4000	425	1.75779	4.649	4.90808
4000	426	17.6776	0.801413	3.26758
4000	427	3.70921	1.89278	1.40056
4000	428	2.71148	0.511136	5.87552
4000	429	2.92357	0.449101	5.48848
4000	430	7.94067	4.90593	3.41918
4000	431	5.79583	2.39148	2.06115
4000	432	5.94262	4.02213	2.45278
4000	433	9.11748	0.752745	5.83709
4000	434	9.40747	4.00063	4.64409
4000	435	2.30678	0.0678063	2.36255
4000	436	18.4299	3.45502	2.44017
4000	437	2.43876	4.40619	0.487871
4000	438	10.0763	4.40193	2.01024
4000	439	1.45218	0.744063	4.20307
4000	440	2.18101	1.57004	4.1741
4000	441	3.15569	2.44814	1.38592
4000	442	5.57167	1.6893	6.16638
4000	443	6.41497	2.94089	5.4351
4000	444	4.70562	0.883498	4.67485
4000	445	3.31865	1.59905	5.14816
4000	446	3.83323	0.660881	5.78236
4000	447	3.27148	0.731492	0.783543
4000	448	16.6882	0.728676	1.00127
4000	449	1.11961	0.647366	3.11292
4000	450	2.4602	0.0987217	6.24684
4000	451	4.53349	0.906913	0.638315
4000	452	2.7131	2.98235	5.78442
4000	453	11.7142	3.32254	5.93495
4000	454	4.94366	4.32254	1.5289
4000	455	4.64009	2.45734	1.28389
4000	456	6.25212	0.180243	3.40999
4000	457	3.53372	4.0201	5.66201
4000	458	8.58934	4.21078	1.35022
4000	459	7.37779	2.72614	3.24424
4000	460	4.40461	4.16418	4.80801
4000	461	3.07674	2.09351	4.94887
4000	462	5.79764	0.132046	3.504
4000	463	3.09015	4.51967	4.51995
4000	464	5.7713	1.85929	2.4411
4000	465	4.9271	4.78351	1.46508
4000	466	4.82857	3.52985	1.32274
4000	467	5.48982	0.921824	1.57768
4000	468	18.3747	2.98031	2.03792
4000	469	3.39386	1.70079	0.193219
4000	470	5.30521	1.30605	2.95747
4000	471	4.38807	2.22534	6.10273
4000	472	4.48462	1.71273	5.75274
4000	473	11.5764	2.63353	5.45068
4000	474	17.7211	4.00984	1.94487
4000	475	3.39802	1.4032	1.60381
4000	476	6.31633	4.14689	5.48345
4000	477	1.31227	1.3353	2.04932
4000	478	3.82002	3.25575	5.42275
4000	479	18.3184	0.702818	2.39863
4000	480	5.18014	4.36098	2.60302
4000	481	3.91466	4.93018	3.9284
4000	482	2.01325	1.38092	5.13126
4000	483	5.64824	0.201803	5.44032
4000	484	5.44258	0.633714	0.754145
4000	485	2.34057	1.45001	1.42202
4000	486	2.57645	4.58512	0.732232
4000	487	11.2441	2.27948	0.525309
4000	488	6.64958	0.0113224	5.27123
4000	489	4.06626	3.6144	1.47669
4000	490	3.95747	1.40994	5.12324
4000	491	7.2433	3.64862	3.29912
4000	492	6.58439	3.66091	6.00475
4000	493	6.60554	3.76113	1.87951
4000	494	2.99251	2.46281	2.23559
4000	495	2.92985	1.62773	0.950766
4000	496	3.01265	0.933971	2.0373
4000	497	4.65258	4.74256	2.96982
4000	498	3.68269	4.57945	2.22318
4000	499	2.50016	4.2706	0.230235
6000	0	18.7603	4.29374	1.53619
6000	1	2.77869	3.90482	6.23206
6000	2	2.4762	3.73843	3.04508
6000	3	5.03685	1.80519	0.769657
6000	4	2.17237	1.50899	2.83595
6000	5	2.6738	4.58062	3.38339
6000	6	3.34012	0.612169	2.09549
6000	7	5.11317	3.25772	3.49484
6000	8	6.33412	4.95611	1.43089
6000	9	2.48059	3.03722	4.16432
6000	10	2.43715	3.40434	6.21232
6000	11	2.44396	2.25246	5.07066
6000	12	6.71568	0.5621	4.16015
6000	13	7.15048	1.38302	0.833137
6000	14	14.1986	2.68225	1.51625
6000	15	4.51013	4.81181	2.83425
6000	16	5.9201	4.64971	2.82367
6000	17	5.25985	4.72171	0.306442
6000	18	3.50251	4.12593	2.97762
6000	19	2.94602	2.24835	1.60076
6000	20	3.30682	3.06718	3.86595
6000	21	8.51457	2.68739	5.50111
6000	22	8.81171	4.51055	0.563307
6000	23	8.8416	1.18028	5.94822
6000	24	3.99907	3.01869	5.07574
6000	25	6.19578	3.45658	2.52295
6000	26	13.6821	3.66051	0.178513
6000	27	10.9282	1.37199	1.40714
6000	28	16.813	3.54478	0.816979
6000	29	5.02665	0.238136	4.06534
6000	30	3.53856	2.20662	2.40868
6000	31	5.692	4.5837	3.30817
6000	32	5.16051	2.87794	0.830939
6000	33	2.97539	0.636561	3.71153
6000	34	3.08394	2.90741	5.77141
6000	35	13.9107	4.07072	3.53849
6000	36	8.81788	0.065708	0.36876
6000	37	2.22357	3.67785	4.54214
6000	38	6.21721	4.80156	5.89939
6000	39	3.81028	2.03324	4.8718
6000	40	2.33258	2.70251	4.0015
6000	41	4.15434	4.02879	3.37536
6000	42	4.08235	4.5882	0.493681
6000	43	2.78672	0.543001	5.3067
6000	44	4.92201	3.31507	5.79885
6000	45	4.99636	2.44413	3.67344
6000	46	3.21695	3.53043	1.55062
6000	47	3.01306	3.54921	2.37764
6000	48	5.46932	3.1239	2.15979
6000	49	4.67824	1.32751	0.373194
6000	50	4.93116	2.51851	4.60074
6000	51	4.11938	3.68728	5.62283
6000	52	19.4472	0.251732	2.08713
6000	53	3.75833	0.223512	4.19814
6000	54	5.40666	3.93636	2.29127
6000	55	4.49868	0.975716	5.67819
6000	56	4.11249	3.25964	2.15988
6000	57	5.43687	0.618733	5.95757
6000	58	18.7129	1.86465	0.499056
6000	59	18.3819	2.06632	2.57346
6000	60	3.64636	2.95492	3.03416
6000	61	5.68375	0.201023	1.44094
6000	62	3.47223	0.27321	4.75589
6000	63	3.91868	2.25081	0.641358
6000	64	17.1827	0.82281	1.33897
6000	65	5.54524	4.65669	4.8249
6000	66	6.0071	2.1134	0.923299
6000	67	4.70766	3.69102	1.54894
6000	68	3.16338	3.00879	3.78076
6000	69	4.53474	0.0516659	1.64569
6000	70	3.35038	2.50618	3.88425
6000	71	3.37227	1.4357	2.87298
6000	72	3.90973	2.64589	1.25553
6000	73	6.66367	2.22668	1.11061
6000	74	3.58424	0.502826	3.49705
6000	75	2.50755	4.51726	3.85801
6000	76	13.5253	4.47747	0.341075
6000	77	7.84919	1.55749	3.47648
6000	78	4.30572	0.164076	6.14439
6000	79	3.64954	0.198034	5.81036
6000	80	5.84532	3.97266	2.62554
6000	81	3.09326	1.34813	3.05036
6000	82	2.84771	3.02642	5.12711
6000	83	16.5695	1.26926	1.72771
6000	84	3.69095	4.42828	2.66104
6000	85	4.32409	2.08093	0.65615
6000	86	4.00984	4.16623	3.71862
6000	87	5.59404	4.78795	0.0104401
6000	88	5.01315	1.7667	2.88815
6000	89	4.29843	1.88548	4.10808
6000	90	1.23528	3.17071	4.71386
6000	91	13.0147	1.91212	1.16158
6000	92	4.48507	0.842702	6.00678
6000	93	14.57	0.0203996	3.49026
6000	94	4.93478	1.92889	2.2037
6000	95	2.37065	4.85608	0.398937
6000	96	13.6205	0.787382	0.284683
6000	97	3.98853	0.00255962	1.51075
6000	98	9.82577	0.794451	1.41294
6000	99	16.5409	1.31396	5.80939
6000	100	5.01889	3.22004	4.43484
6000	101	4.07721	0.878124	5.1349
6000	102	2.87936	0.763822	4.62594
6000	103	3.98692	2.33432	2.29229
6000	104	4.91411	1.12395	2.49522
6000	105	5.54907	2.03994	1.11348
6000	106	5.42045	1.60478	5.61556
6000	107	14.5475	1.25637	6.02343
6000	108	1.43135	4.70844	1.65177
6000	109	8.99781	3.80055	1.16634
6000	110	7.52374	3.85194	0.42982
6000	111	5.75315	0.995055	1.34505
6000	112	3.80268	0.754656	4.65121
6000	113	2.24204	0.720781	0.0793238
6000	114	3.21811	4.28224	5.7898
6000	115	3.32776	1.72794	0.0984999
6000	116	2.75365	0.79123	3.51881
6000	117	8.24441	4.22495	3.59181
6000	118	3.87356	4.22949	1.12843
6000	119	14.4189	2.92983	1.05201
6000	120	2.63952	0.431853	6.10753
6000	121	5.43138	1.00249	3.76876
6000	122	4.00766	2.47693	3.14251
6000	123	4.45485	1.40642	1.58237
6000	124	2.66049	4.09531	0.794263
6000	125	5.44527	2.17195	1.6552
6000	126	4.70501	4.60302	1.15952
6000	127	6.40213	0.255911	3.28346
6000	128	17.9583	2.67653	1.1014
6000	129	6.52863	0.0975327	3.49524
6000	130	5.97544	1.2397	2.97571
6000	131	5.71985	0.728147	1.34453
6000	132	6.47682	0.0622514	5.93485
6000	133	4.50789	3.74995	0.524354
6000	134	4.52939	1.62745	3.93444
6000	135	2.36947	3.92187	1.67957
6000	136	3.08137	1.31007	2.05525
6000	137	8.43889	3.68801	0.411268
6000	138	2.46874	1.3508	0.353363
6000	139	11.6626	4.785	2.48056
6000	140	2.31999	2.10288	4.82159
6000	141	17.3039	2.19064	3.91813
6000	142	4.69049	1.46419	5.1766
6000	143	4.68974	2.5163	2.90355
6000	144	11.683	2.83248	3.37137
6000	145	3.0168	3.93059	5.75774
6000	146	2.72765	1.66537	2.17638
6000	147	2.59159	1.86604	4.62368
6000	148	6.02338	1.02447	4.48895
6000	149	5.17351	0.203228	3.42439
6000	150	2.08553	1.00221	4.29679
6000	151	2.46407	4.84532	5.31378
6000	152	3.74159	3.0077	0.34987
6000	153	5.41754	3.91195	2.35934
6000	154	2.30411	1.84271	4.51766
6000	155	2.44433	2.22012	1.58816
6000	156	4.11704	2.8717	1.33185
6000	157	2.58715	1.89576	3.73888
6000	158	2.66507	1.8024	6.14726
6000	159	5.63709	3.82363	0.448037
6000	160	3.02821	2.49876	4.21957
6000	161	19.326	2.60484	5.95562
6000	162	2.76831	3.90714	2.94982
6000	163	2.90942	1.47379	5.95767
6000	164	6.35391	2.23883	4.10846
6000	165	19.9368	1.96211	3.28046
6000	166	3.48756	3.57667	0.650513
6000	167	5.27847	4.44023	1.58791
6000	168	6.19581	1.17056	2.51505
6000	169	3.11865	2.73255	0.12946
6000	170	10.8618	3.92455	6.09278
6000	171	2.97114	0.521459	2.78854
6000	172	6.52629	1.01667	5.68891
6000	173	6.23633	3.92355	5.20022
6000	174	5.20095	3.26135	3.91708
6000	175	9.10328	4.97783	6.28275
6000	176	12.6797	3.67887	6.19452
6000	177	3.36095	3.46313	5.61983
6000	178	19.1192	0.989942	0.53587
6000	179	4.69837	0.196565	2.30277
6000	180	0.587593	3.29161	5.16926
6000	181	2.08065	1.71406	0.974204
6000	182	11.5761	2.72962	1.21611
6000	183	5.51316	1.20117	2.79736
6000	184	2.45377	1.31144	5.85013
6000	185	5.00662	4.04839	1.43681
6000	186	3.4635	2.3949	1.56278
6000	187	3.04359	3.4484	1.2557
6000	188	4.3394	1.51316	5.05002
6000	189	4.41379	4.6846	4.70003
6000	190	11.4636	0.828894	4.78953
6000	191	4.43035	4.10511	3.27706
6000	192	14.0242	0.0600312	0.33525
6000	193	3.8089	3.15812	6.07263
6000	194	3.74242	0.727718	5.56651
6000	195	4.30262	4.94099	0.141797
6000	196	4.13935	3.83986	0.550443
6000	197	12.9934	2.13526	0.369526
6000	198	5.14154	2.10879	3.83305
6000	199	4.49439	4.64697	4.89277
6000	200	5.34543	0.254687	3.46217
6000	201	5.3624	1.26393	3.62554
6000	202	2.72464	0.997987	1.19119
6000	203	2.53359	3.65763	1.56275
6000	204	0.919713	1.87859	5.29573
6000	205	5.87634	0.540318	4.06608
6000	206	5.25102	0.997121	1.40724
6000	207	3.03954	4.58951	0.990222
6000	208	3.5362	2.39294	1.94229
6000	209	15.1875	4.31752	5.73512
6000	210	2.80373	3.02566	2.431
6000	211	4.73983	1.10093	3.7053
6000	212	2.36843	1.10291	2.99508
6000	213	2.39277	2.65877	0.593385
6000	214	2.94207	4.11065	1.81582
6000	215	2.96395	1.28727	5.76616
6000	216	3.34323	4.737	1.82505
6000	217	3.86106	3.72256	3.65955
6000	218	5.37928	4.53174	0.451408
6000	219	7.33084	2.61808	1.03691
6000	220	3.7119	2.39563	5.62185
6000	221	4.72277	3.94536	0.562861
6000	222	2.9955	3.72136	3.62649
6000	223	4.61354	3.3745	6.14972
6000	224	4.54954	0.229088	5.79409
6000	225	19.055	1.6404	4.91024
6000	226	4.48324	3.85829	1.44577
6000	227	4.50622	4.29436	5.14266
6000	228	2.25163	0.182272	2.55431
6000	229	2.87841	2.453	3.47831
6000	230	2.31643	1.86352	0.877645
6000	231	8.62925	2.04535	0.299803
6000	232	13.9104	2.28191	3.28749
6000	233	2.62572	1.40235	4.90591
6000	234	4.18292	2.12757	4.47865
6000	235	1.82652	2.31936	1.23962
6000	236	4.80628	1.64636	1.01209
6000	237	4.53214	1.02	2.32455
6000	238	13.6821	2.0779	2.06316
6000	239	3.29864	2.21943	1.66983
6000	240	5.32002	1.31232	5.01653
6000	241	5.02306	4.80606	3.05246
6000	242	3.072	3.12841	5.65256
6000	243	5.09293	1.38918	4.72059
6000	244	3.92397	4.30518	4.4696
6000	245	3.8699	0.00441239	0.078923
6000	246	2.79719	0.831779	1.9872
6000	247	15.6266	2.22494	0.634389
6000	248	3.18324	1.36161	4.01778
6000	249	3.099	0.452432	1.22314
6000	250	4.20829	0.0702518	2.45433
6000	251	4.80326	2.69091	3.11671
6000	252	3.59617	3.53049	3.51808
6000	253	3.5374	3.88722	5.79788
6000	254	11.7441	2.67959	0.696676
6000	255	12.3735	0.584671	0.0978705
6000	256	7.96298	0.308796	0.0273195
6000	257	4.23633	1.99161	1.15277
6000	258	2.75583	2.15123	0.815467
6000	259	3.23274	4.55739	4.16382
6000	260	4.2384	0.853657	4.15194
6000	261	7.36529	4.06952	6.01911
6000	262	5.95096	0.668161	5.31955
6000	263	15.8212	1.47651	6.06076
6000	264	5.01753	3.39156	2.89135
6000	265	2.82133	3.04323	3.13275
6000	266	2.45159	4.76818	4.303
6000	267	18.8864	3.12872	5.8208
6000	268	3.20885	4.45668	2.20034
6000	269	5.32455	4.76611	4.88296
6000	270	2.312	4.49995	3.46928
6000	271	6.92646	4.19251	0.0556121
6000	272	4.57324	3.8454	2.22261
6000	273	3.97691	2.42892	4.46112
6000	274	4.34442	0.693735	3.84684
6000	275	3.19731	0.619456	3.55442
6000	276	3.69036	2.58666	3.49802
6000	277	2.2672	2.50071	0.443812
6000	278	4.0164	3.43067	3.0437
6000	279	4.16278	4.57143	5.30237
6000	280	2.75285	0.013945	2.40887
6000	281	4.55294	0.343547	2.84399
6000	282	19.7191	4.67464	4.15128
6000	283	5.63734	4.25917	1.83434
6000	284	6.98432	4.10184	3.58225
6000	285	4.81606	0.623485	3.50674
6000	286	6.62827	2.09207	5.30931
6000	287	4.52433	0.121338	3.46021
6000	288	5.95952	3.19284	0.891988
6000	289	3.60871	2.48539	0.838194
6000	290	4.21694	2.22994	0.359673
6000	291	3.30125	2.33996	5.76852
6000	292	14.9077	1.1405	6.10126
6000	293	6.61881	3.53322	3.2341
6000	294	18.4433	3.25304	3.88084
6000	295	3.87108	4.72157	0.54328
6000	296	9.82985	1.35442	0.500811
6000	297	3.80843	0.100419	3.11764
6000	298	2.55053	2.80606	3.98798
6000	299	11.8028	0.17757	3.30581
6000	300	19.5876	1.52453	3.35833
6000	301	4.76166	3.72163	5.30941
6000	302	4.7577	3.41342	2.09324
6000	303	15.5796	2.70237	6.24145
6000	304	8.3325	1.23564	2.85336
6000	305	11.2336	2.75649	5.93767
6000	306	5.96511	4.96109	0.870069
6000	307	2.07464	0.0124806	4.36318
6000	308	12.7823	2.03375	4.8747
6000	309	13.3215	4.46143	1.80682
6000	310	2.4702	0.167098	4.18752
6000	311	2.83516	0.223118	6.27409
6000	312	2.55888	2.84	1.8505
6000	313	2.93355	3.84014	0.0218482
6000	314	6.22164	2.14871	2.96343
6000	315	2.26671	2.69023	2.67517
6000	316	6.27706	1.59271	0.260981
6000	317	3.10106	4.37022	1.50703
6000	318	5.9024	1.00157	2.60832
6000	319	2.14912	0.179544	4.57886
6000	320	3.8247	2.52383	5.97729
6000	321	2.69899	3.11178	0.121572
6000	322	2.55691	1.517	2.78977
6000	323	5.03011	1.52036	2.16914
6000	324	7.2971	1.35173	2.0498
6000	325	3.47243	1.11851	5.18012
6000	326	0.994949	1.36996	2.41125
6000	327	5.19853	0.61788	5.77261
6000	328	2.8091	3.34955	3.43076
6000	329	6.43713	1.07168	6.18599
6000	330	3.34751	2.89632	5.07174
6000	331	13.1745	1.62015	0.45206
6000	332	3.02999	0.273766	2.18269
6000	333	5.58237	2.60185	2.38662
6000	334	14.1581	1.67115	2.1055
6000	335	8.6729	0.690234	5.21595
6000	336	3.60755	2.04457	2.32017
6000	337	5.2904	0.950614	0.566404
6000	338	4.121	3.34891	5.03777
6000	339	2.54822	0.462549	2.18056
6000	340	3.66388	3.16299	4.36779
6000	341	6.83034	4.84864	1.57956
6000	342	2.59024	2.10398	0.976721
6000	343	7.45295	2.70141	2.23588
6000	344	3.80512	2.0065	4.88141
6000	345	5.90035	4.8003	3.75727
6000	346	7.66685	4.11009	5.13927
6000	347	5.54802	4.34734	1.64774
6000	348	8.37389	0.344245	1.76177
6000	349	2.67249	2.67001	0.796025
6000	350	2.16143	3.25135	5.44382
6000	351	6.14093	4.00629	1.54958
6000	352	4.50229	2.35331	1.97774
6000	353	4.68191	3.99775	3.6947
6000	354	11.9908	0.703451	0.581572
6000	355	3.2338	2.15868	1.69149
6000	356	3.54182	1.62441	3.50191
6000	357	4.12308	1.24183	0.354641
6000	358	6.97684	4.93736	0.683693
6000	359	8.51407	3.46712	0.868814
6000	360	2.7465	3.18918	1.5631
6000	361	3.57218	2.14048	4.5601
6000	362	2.61994	2.64491	1.89029
6000	363	4.09855	1.85423	0.318091
6000	364	5.2397	0.627312	4.58775
6000	365	11.0128	1.54209	5.15491
6000	366	6.0165	4.79865	3.50438
6000	367	7.27981	3.46516	3.60555
6000	368	2.99279	1.5147	3.73326
6000	369	1.56088	2.31535	3.5748
6000	370	4.48994	4.98007	0.222106
6000	371	5.16173	2.8712	5.84457
6000	372	4.9242	3.5996	1.82966
6000	373	6.41247	0.274559	0.675289
6000	374	4.11761	3.16472	1.44425
6000	375	3.5597	1.88672	3.09828
6000	376	9.05789	0.0130429	5.01214
6000	377	3.78894	4.98271	0.752903
6000	378	17.058	0.518387	0.290063
6000	379	5.93763	2.0647	2.47577
6000	380	4.79099	1.18486	4.92474
6000	381	11.4287	2.51749	0.629954
6000	382	2.99857	2.28722	3.66927
6000	383	1.68824	4.17011	2.46592
6000	384	1.98562	1.58958	2.33774
6000	385	3.53507	2.33787	0.293329
6000	386	5.07277	2.40494	1.44891
6000	387	3.51913	4.69192	0.449388
6000	388	4.06116	0.487116	4.47631
6000	389	11.1477	4.35329	2.31748
6000	390	2.44007	2.45677	3.10703
6000	391	7.6262	1.21482	3.04707
6000	392	5.08531	3.07276	0.654906
6000	393	9.44874	4.83157	3.88237
6000	394	3.07328	0.0239488	0.354018
6000	395	7.25079	0.248588	5.40554
6000	396	14.6809	4.77526	4.38657
6000	397	2.37609	0.946286	4.64198
6000	398	5.44529	2.15151	3.80946
6000	399	6.33528	2.79915	1.19768
6000	400	2.36056	3.84528	5.38904
6000	401	5.20636	3.20623	3.05663
6000	402	2.21755	2.50093	0.423158
6000	403	3.05397	2.19339	1.31757
6000	404	3.14648	4.50715	1.90445
6000	405	4.75353	3.10838	4.22873
6000	406	4.25869	1.49107	1.80107
6000	407	18.2388	3.81099	1.76763
6000	408	16.7193	1.3764	3.36994
6000	409	19.4382	0.361061	1.61541
6000	410	4.96898	0.983155	3.60347
6000	411	4.36913	0.979026	1.73807
6000	412	10.0534	3.07051	3.26395
6000	413	2.24477	2.47485	6.23499
6000	414	4.08072	1.43573	2.56347
6000	415	1.20611	2.86652	2.41375
6000	416	13.2719	0.397008	3.58455
6000	417	4.21411	4.20548	1.85594
6000	418	4.18378	4.97747	4.3074
6000	419	2.57328	1.61526	1.75421
6000	420	5.8142	4.64513	5.35648
6000	421	5.62428	4.28352	5.67055
6000	422	8.34902	3.13222	0.596942
6000	423	5.95463	4.79461	0.404835
6000	424	3.41669	1.58635	0.172136
6000	425	3.09121	0.679232	2.97148
6000	426	3.27255	3.95329	2.97217
6000	427	5.12853	1.68432	4.10491
6000	428	2.76421	3.29022	5.67754
6000	429	4.43014	2.60449	2.83847
6000	430	4.53403	2.75891	5.98008
6000	431	5.17542	1.83019	6.10917
6000	432	9.32638	0.494774	0.641705
6000	433	4.88605	1.73161	0.861459
6000	434	3.7832	1.00324	5.45122
6000	435	4.52704	3.30863	5.90704
6000	436	3.43704	4.18526	4.05445
6000	437	5.38526	2.37969	0.48212
6000	438	4.72368	4.54104	4.74589
6000	439	3.9228	3.50464	1.02065
6000	440	4.4389	2.86426	0.334029
6000	441	5.76603	1.68459	4.21637
6000	442	5.11375	4.444	0.80415
6000	443	3.29962	3.39577	3.86839
6000	444	3.42398	4.37263	6.25541
6000	445	2.66571	3.56643	3.36722
6000	446	5.72396	0.673812	1.13047
6000	447	4.5908	4.77458	1.55287
6000	448	19.3414	0.540155	5.32341
6000	449	7.55325	3.83822	2.46944
6000	450	3.44984	1.49205	3.60411
6000	451	8.6202	2.52332	5.56502
6000	452	2.32995	1.49669	2.72518
6000	453	5.13086	0.650539	2.81235
6000	454	5.26064	4.69697	0.978925
6000	455	6.43289	3.54517	6.26105
6000	456	5.84504	0.134488	4.6705
6000	457	2.83319	2.69782	6.02233
6000	458	0.0597457	4.00504	1.22962
6000	459	3.34072	3.06093	5.17122
6000	460	8.70306	1.70542	2.49569
6000	461	9.67195	4.29808	1.55708
6000	462	9.70888	4.71242	2.41991
6000	463	16.2458	2.44452	0.536578
6000	464	17.6412	4.82939	2.0876
6000	465	19.1612	0.814069	3.71537
6000	466	3.43219	4.24184	4.77865
6000	467	5.27391	0.195349	2.36337
6000	468	4.7208	4.80852	5.83667
6000	469	12.426	3.02703	6.01589
6000	470	4.97998	4.96745	2.92022
6000	471	16.0202	2.55063	0.879369
6000	472	3.03998	0.0868816	4.42996
6000	473	2.51989	0.696522	6.21786
6000	474	5.40046	0.957201	3.86622
6000	475	7.73757	0.926343	1.41862
6000	476	4.75545	0.0584817	6.17788
6000	477	4.8344	4.64633	1.51256
6000	478	2.72304	0.44058	0.0301535
6000	479	5.92884	0.00292559	1.54596
6000	480	4.40409	4.71007	0.566893
6000	481	14.0697	2.32625	5.21816
6000	482	5.13412	1.64569	0.151835
6000	483	3.53928	0.247733	2.22025
6000	484	4.88516	0.502387	5.57321
6000	485	4.7918	1.85097	6.00663
6000	486	5.1681	2.04565	2.40535
6000	487	5.38174	0.826848	3.00291
6000	488	15.7437	2.9152	2.35308
6000	489	5.02826	2.85245	5.74772
6000	490	2.72725	2.32682	2.17509
6000	491	5.17539	0.118286	4.1931
6000	492	5.20685	1.01499	0.080592
6000	493	2.74214	3.51293	0.965788
6000	494	3.19175	4.75381	2.7525
6000	495	3.87206	3.74918	2.49684
6000	496	2.45287	3.50396	2.68038
6000	497	4.68117	4.18217	6.24007
6000	498	7.59921	3.56159	1.09172
6000	499	4.01205	2.86469	1.16708
8000	0	6.54441	3.99003	5.63586
8000	1	4.05921	0.0337841	2.10631
8000	2	1.14609	0.0189994	2.3522
8000	3	3.63404	4.39526	1.87643
8000	4	2.93871	4.94734	2.51212
8000	5	0.877472	3.8088	2.55094
8000	6	5.83678	2.82733	4.16811
8000	7	5.46395	3.03439	0.581816
8000	8	17.5403	2.32928	2.68891
8000	9	2.53452	2.9669	1.48968
8000	10	2.63199	4.05053	1.10348
8000	11	2.14082	2.72211	1.94487
8000	12	3.51418	3.18092	4.5521
8000	13	2.03603	2.68304	3.5171
8000	14	5.95385	4.25957	3.81416
8000	15	19.3894	3.57318	6.25937
8000	16	4.94656	0.303837	0.41287
8000	17	3.3597	1.48709	0.932046
8000	18	2.99277	3.94435	0.938026
8000	19	5.97684	2.40014	4.25741
8000	20	3.02655	0.695784	4.74286
8000	21	7.56012	3.19726	3.89509
8000	22	3.02397	4.66205	1.73279
8000	23	5.0521	0.5891	4.12018
8000	24	3.09672	2.27542	2.51593
8000	25	6.76607	3.4911	2.15278
8000	26	14.0338	4.54001	2.18365
8000	27	4.83185	4.66654	0.0874572
8000	28	4.94558	3.51629	0.672343
8000	29	5.92907	2.84745	3.66308
8000	30	9.95914	1.92944	2.4573
8000	31	2.48563	2.72753	0.777774
8000	32	7.18137	4.36084	1.96421
8000	33	4.79699	1.53295	4.27011
8000	34	4.68716	4.26917	1.33402
8000	35	5.96413	1.01183	2.36009
8000	36	3.49466	1.27766	5.464
8000	37	2.30092	4.44756	5.10872
8000	38	2.5075	4.96243	4.34886
8000	39	16.6225	1.4923	1.70301
8000	40	5.43335	0.135999	3.48232
8000	41	5.31188	3.56088	0.502259
8000	42	17.3856	4.54349	5.82348
8000	43	4.12835	0.300866	5.25407
8000	44	4.35622	0.275442	0.356962
8000	45	6.22191	2.64723	4.66717
8000	46	5.40471	1.51749	4.93709
8000	47	2.88185	0.334461	4.75057
8000	48	3.62325	2.01171	1.54896
8000	49	6.03612	2.63446	3.50476
8000	50	5.10012	1.01821	0.457258
8000	51	5.36358	3.22141	5.71798
8000	52	3.06224	4.57876	4.95751
8000	53	8.14527	4.60617	1.33066
8000	54	1.7549	3.53365	2.52773
8000	55	4.73184	1.52225	2.17364
8000	56	5.29711	4.9746	0.427389
8000	57	4.15906	4.77354	0.545942
8000	58	2.9616	2.50516	0.941374
8000	59	2.624	3.36394	3.30142
8000	60	4.76408	0.899272	2.30855
8000	61	4.40435	3.00675	3.87736
8000	62	4.29546	4.07166	4.56124
8000	63	4.72785	1.72157	3.69999
8000	64	5.904	0.142128	2.9873
8000	65	4.16442	0.582866	0.619603
8000	66	5.18099	0.892942	0.665999
8000	67	5.06607	1.42966	0.611989
8000	68	6.09776	2.01934	1.87556
8000	69	4.99574	1.66318	0.114406
8000	70	4.65965	3.74702	5.03531
8000	71	2.1944	3.62213	0.884521
8000	72	2.88225	3.41781	4.34161
8000	73	3.52053	2.52257	3.46156
8000	74	4.64198	2.89902	4.2083
8000	75	10.8831	3.37197	2.67848
8000	76	4.09141	2.69491	0.720474
8000	77	3.1762	0.523336	5.29982
8000	78	5.18757	1.18403	1.86338
8000	79	5.72284	0.618988	4.25631
8000	80	18.9097	1.43499	1.77731
8000	81	5.77377	1.73802	4.51285
8000	82	4.69328	1.19328	0.706101
8000	83	3.88657	0.882299	2.03398
8000	84	9.88126	4.66142	0.064155
8000	85	5.42289	0.215674	3.80698
8000	86	3.73008	2.56786	0.47221
8000	87	3.50357	2.94401	0.589187
8000	88	4.97627	3.94134	4.31561
8000	89	4.13564	0.89911	0.933586
8000	90	3.69584	2.39425	4.06667
8000	91	19.3876	0.984376	2.95912
8000	92	4.75393	1.90796	5.82984
8000	93	4.71422	1.83122	6.18373
8000	94	4.33225	4.93197	5.264
8000	95	3.57315	3.38586	4.49602
8000	96	3.58014	3.94093	4.59458
8000	97	12.4056	1.33843	0.731516
8000	98	2.1713	0.0769145	4.80353
8000	99	4.71536	4.71417	5.29951
8000	100	3.6356	4.98097	5.50552
8000	101	4.90149	0.173413	2.67889
8000	102	2.28295	2.16136	1.35416
8000	103	3.6496	1.19451	2.38568
8000	104	0.738008	4.75034	1.20676
8000	105	13.144	1.83637	1.08364
8000	106	13.6911	1.97105	4.15128
8000	107	10.767	1.2088	4.78326
8000	108	6.9587	2.94631	2.67565
8000	109	2.46165	3.52021	1.83256
8000	110	8.14108	2.21886	3.84579
8000	111	3.05898	4.3075	3.51638
8000	112	2.20844	0.529313	0.283717
8000	113	2.56172	4.0976	4.30581
8000	114	5.57563	1.5339	5.80818
8000	115	1.0152	1.72955	5.15552
8000	116	6.29163	4.96995	4.80599
8000	117	4.86284	4.31889	4.32013
8000	118	4.22378	4.19905	2.4527
8000	119	4.0947	3.57797	3.76716
8000	120	15.3583	2.62904	2.12006
8000	121	17.2955	2.35824	0.338135
8000	122	3.09254	4.36583	3.87366
8000	123	3.16944	3.5679	3.16051
8000	124	4.19356	3.37283	5.2596
8000	125	5.18713	1.84014	4.03581
8000	126	3.59939	3.51924	5.95946
8000	127	2.56855	0.412208	3.49672
8000	128	0.315167	4.27991	2.98524
8000	129	5.54155	3.12711	0.212722
8000	130	3.70839	2.20716	0.210712
8000	131	5.61407	2.80934	4.40587
8000	132	3.94357	3.93688	1.71572
8000	133	5.11081	4.35226	5.39455
8000	134	3.59662	0.600912	4.74019
8000	135	2.99249	2.60496	0.734786
8000	136	17.0962	2.66472	4.42271
8000	137	14.6263	1.89387	4.76295
8000	138	19.1655	2.6558	0.29688
8000	139	3.16497	4.95453	3.24839
8000	140	15.9916	2.42691	4.70322
8000	141	3.74595	3.67584	1.24832
8000	142	2.45749	1.37098	0.480858
8000	143	5.19562	3.19337	0.24149
8000	144	6.99261	4.80236	5.02959
8000	145	3.96643	4.2745	2.08286
8000	146	0.611934	4.69909	4.22335
8000	147	1.60886	4.30763	4.6285
8000	148	2.31679	4.19048	2.89856
8000	149	3.42234	0.152973	0.753228
8000	150	3.91332	2.25212	3.28782
8000	151	5.80397	4.15833	4.97304
8000	152	0.0181681	1.88265	1.48311
8000	153	8.39865	1.43712	0.821091
8000	154	4.53889	2.3107	0.997803
8000	155	5.90886	3.20193	4.9895
8000	156	2.74683	1.0648	6.25488
8000	157	3.89976	4.38482	3.44795
8000	158	4.62009	3.11603	2.11262
8000	159	2.91054	1.62219	4.68167
8000	160	3.03648	4.34855	1.88692
8000	161	6.67596	1.5323	1.34994
8000	162	3.23073	3.34878	2.32616
8000	163	15.4835	0.861734	0.353881
8000	164	5.11503	0.462087	0.283058
8000	165	2.28216	4.75047	2.2234
8000	166	3.32146	2.64826	4.30904
8000	167	5.55314	4.0938	1.3582
8000	168	4.91275	3.5997	3.34716
8000	169	3.27156	0.618047	4.73592
8000	170	4.70854	2.93075	4.97334
8000	171	2.56906	2.3774	2.18046
8000	172	4.31094	1.73453	0.643696
8000	173	5.02161	3.46609	3.30773
8000	174	4.63255	2.48816	6.03196
8000	175	4.16679	3.70831	5.85282
8000	176	5.21937	1.54825	4.76582
8000	177	7.39146	2.56128	4.17784
8000	178	3.25471	3.8213	4.05346
8000	179	5.91189	4.61145	0.757884
8000	180	5.56791	2.97046	2.76636
8000	181	4.68922	2.54442	0.888831
8000	182	2.31385	4.60321	0.925453
8000	183	2.36241	0.654374	0.97786
8000	184	3.62287	2.53365	1.27598
8000	185	4.18288	3.14447	1.37207
8000	186	4.81564	0.373966	5.52696
8000	187	2.92622	1.19239	3.34835
8000	188	4.87003	0.755987	5.21924
8000	189	15.8085	1.67474	0.662044
8000	190	4.45843	1.02706	1.89609
8000	191	4.91337	3.04852	3.51217
8000	192	15.964	1.02441	5.00815
8000	193	4.32552	2.24786	3.0865
8000	194	10.593	3.98978	5.40804
8000	195	5.38593	4.25371	3.53331
8000	196	6.74537	2.12393	1.19916
8000	197	2.34938	3.30702	3.89099
8000	198	4.34632	1.33457	0.225383
8000	199	6.46764	0.532863	3.77755
8000	200	4.16833	4.55331	3.56757
8000	201	9.29639	3.86501	0.238507
8000	202	5.222	0.761145	3.45234
8000	203	2.34367	0.779525	0.507864
8000	204	7.94434	0.736016	3.72285
8000	205	8.39441	1.6672	3.07937
8000	206	1.63356	1.81418	2.01562
8000	207	3.07593	2.88505	3.04324
8000	208	4.88693	2.88176	3.15623
8000	209	10.0365	3.04334	5.93662
8000	210	3.99736	1.71723	5.90614
8000	211	4.65801	0.578167	1.70232
8000	212	3.55899	2.18702	1.86949
8000	213	3.9988	3.83715	4.61247
8000	214	18.7374	1.52301	0.0390718
8000	215	3.2497	3.75399	3.63803
8000	216	2.69656	2.29172	2.22513
8000	217	3.43264	3.87249	0.792095
8000	218	10.9365	1.79929	5.23037
8000	219	17.5177	4.39423	5.03322
8000	220	2.50705	1.71242	1.1156
8000	221	5.76599	2.24714	1.56239
8000	222	1.52385	0.404434	4.82229
8000	223	1.45948	3.19598	4.03493
8000	224	4.80059	2.56934	3.80651
8000	225	17.857	2.25597	1.10786
8000	226	5.3849	0.365667	3.69812
8000	227	5.28607	0.535096	5.21712
8000	228	3.91209	4.56273	5.57341
8000	229	5.20796	0.224618	3.62825
8000	230	5.64688	2.16814	4.13658
8000	231	2.21548	2.62255	1.83751
8000	232	5.67741	1.01133	6.13872
8000	233	3.70269	0.446202	4.26081
8000	234	2.388	0.880644	3.96788
8000	235	2.35988	3.78788	6.02934
8000	236	1.4415	0.955519	2.8118
8000	237	3.13102	2.02632	4.48713
8000	238	7.69874	2.94506	4.70702
8000	239	4.85041	2.62973	1.68795
8000	240	2.7865	4.28084	6.02336
8000	241	11.3856	4.72647	4.1355
8000	242	3.64501	3.82132	2.90344
8000	243	6.73646	2.09547	4.98845
8000	244	2.9864	3.35603	6.1599
8000	245	3.26994	4.38545	0.914661
8000	246	2.51685	1.11136	2.35858
8000	247	0.690579	3.74914	0.860331
8000	248	2.87133	4.20191	4.48951
8000	249	2.96771	1.74952	3.52458
8000	250	19.074	0.468185	5.43623
8000	251	4.19301	2.22212	0.764571
8000	252	3.26553	3.93456	0.498637
8000	253	5.67314	1.78384	1.56075
8000	254	3.95314	1.79353	0.944632
8000	255	6.09738	3.77531	2.25541
8000	256	4.64748	3.45415	1.22606
8000	257	10.5646	1.37906	1.12491
8000	258	15.8641	0.479395	3.49448
8000	259	2.00009	3.78574	1.8904
8000	260	4.05589	2.29432	1.73583
8000	261	8.45644	0.444108	2.98785
8000	262	2.71512	4.03531	4.48035
8000	263	2.43545	1.94128	1.41838
8000	264	0.332854	2.64037	2.75097
8000	265	3.95128	0.691874	6.00965
8000	266	5.18441	1.48921	0.13396
8000	267	4.55842	2.41591	0.586569
8000	268	6.07092	1.41533	1.84128
8000	269	2.53616	3.77066	4.90478
8000	270	3.53755	1.80685	1.63346
8000	271	3.05485	0.840661	5.40834
8000	272	7.10992	1.99698	2.62582
8000	273	5.18024	2.24983	1.41426
8000	274	4.65951	2.74848	4.98424
8000	275	10.7534	1.21944	5.261
8000	276	4.23058	0.200288	5.96041
8000	277	5.37816	2.16055	3.17849
8000	278	6.2386	0.647703	3.24093
8000	279	7.79107	3.62376	3.65276
8000	280	3.03494	1.54824	3.31638
8000	281	5.22402	3.75069	4.77522
8000	282	2.93797	2.9564	0.773206
8000	283	4.28372	1.32215	2.86243
8000	284	3.70901	1.74147	3.77953
8000	285	4.01837	3.40589	0.762433
8000	286	3.32575	4.10458	1.91207
8000	287	4.812	1.14218	0.4377
8000	288	3.81355	1.58207	2.73027
8000	289	4.8061	3.71368	0.270427
8000	290	3.55171	2.7435	4.59727
8000	291	4.27465	4.58376	1.12292
8000	292	3.91554	2.57237	1.1287
8000	293	3.06897	1.76448	1.27258
8000	294	13.2017	1.35268	2.63522
8000	295	5.42678	2.33821	2.6323
8000	296	14.5651	3.35568	0.823181
8000	297	12.0359	1.96423	0.888681
8000	298	16.2532	1.39356	5.06635
8000	299	6.3906	3.76951	2.36457
8000	300	4.73497	0.773479	2.18539
8000	301	13.7457	1.82324	4.21509
8000	302	2.32574	4.04611	4.2158
8000	303	16.7235	3.28735	1.9913
8000	304	3.0241	1.82818	2.15884
8000	305	6.93529	1.40404	4.34784
8000	306	4.14305	3.75351	0.634347
8000	307	3.14181	2.20026	1.28591
8000	308	2.59498	4.83364	0.70907
8000	309	3.38762	1.71506	0.231653
8000	310	3.52787	2.75445	4.98337
8000	311	5.55736	2.0493	0.350161
8000	312	2.71663	4.56737	5.98802
8000	313	16.5958	4.27494	0.889088
8000	314	2.83333	2.18607	0.700812
8000	315	14.1913	2.3254	4.98745
8000	316	6.29499	3.38247	4.69621
8000	317	4.48525	4.72584	3.39417
8000	318	6.61942	1.36404	4.79559
8000	319	4.8323	3.4952	2.80327
8000	320	5.39631	3.18892	1.33226
8000	321	3.00715	1.05222	4.52958
8000	322	2.952	1.68198	4.70849
8000	323	4.80841	3.96672	0.60028
8000	324	5.56074	2.81539	1.68167
8000	325	3.15213	4.71047	4.38877
8000	326	2.29583	4.10558	0.207539
8000	327	4.07147	1.44574	1.99913
8000	328	14.2403	3.12636	0.335092
8000	329	8.82246	0.711604	2.77599
8000	330	2.97307	4.22702	0.654682
8000	331	2.05057	0.606648	3.48332
8000	332	3.80286	0.263291	0.0433693
8000	333	5.06955	3.99098	1.08106
8000	334	5.06921	3.12881	3.61898
8000	335	5.19568	3.20185	5.22221
8000	336	4.57702	0.0763637	5.23488
8000	337	1.57877	2.4153	1.8534
8000	338	5.26843	1.66653	2.80989
8000	339	6.79377	3.76403	4.01827
8000	340	2.72772	2.17249	1.17623
8000	341	4.22592	0.388897	1.42398
8000	342	4.45197	2.16312	0.122005
8000	343	2.63674	2.39092	4.51088
8000	344	2.75725	0.033468	5.87062
8000	345	2.70777	4.69609	3.84019
8000	346	4.01415	0.877208	0.539523
8000	347	2.15378	3.60462	3.45812
8000	348	2.10081	0.720227	0.654564
8000	349	4.65512	1.25705	5.29485
8000	350	1.65817	3.17255	0.993332
8000	351	3.25161	1.35835	2.84786
8000	352	4.95442	4.99917	2.72455
8000	353	2.25947	1.05596	1.09458
8000	354	6.44123	0.157257	2.29276
8000	355	3.31294	0.81698	2.10982
8000	356	15.7209	4.17499	0.597285
8000	357	18.6948	0.283096	5.35809
8000	358	5.59398	1.60019	0.293842
8000	359	3.72627	2.96365	5.29664
8000	360	9.85611	1.93549	1.70471
8000	361	7.11802	4.35332	3.04258
8000	362	5.09363	1.38433	4.24518
8000	363	4.67122	3.54822	4.66554
8000	364	4.57831	1.77712	2.1848
8000	365	4.78052	0.889234	6.10596
8000	366	3.57862	0.834588	1.60423
8000	367	4.25481	2.17753	1.37526
8000	368	4.75439	0.256122	5.80471
8000	369	6.33034	1.34055	4.86507
8000	370	0.343308	3.00937	3.0697
8000	371	5.98266	1.65342	5.32872
8000	372	4.03013	0.874247	5.05736
8000	373	3.61554	0.167394	3.58956
8000	374	4.52186	0.972921	5.75612
8000	375	5.64693	3.20001	5.18201
8000	376	3.19874	0.0432706	4.34106
8000	377	5.6938	4.28087	4.22639
8000	378	12.9923	4.92048	3.98964
8000	379	3.21961	0.291833	4.98809
8000	380	4.90063	0.458925	2.93925
8000	381	5.38511	2.5069	2.07994
8000	382	5.63372	0.73137	1.97818
8000	383	4.46762	3.21305	2.39618
8000	384	4.84319	3.72976	2.68073
8000	385	5.42035	3.76548	4.02483
8000	386	0.000683143	2.21745	5.25183
8000	387	18.5182	3.18153	2.05207
8000	388	4.35419	2.95226	0.673492
8000	389	0.632488	4.13699	2.53095
8000	390	3.93897	2.10259	5.04945
8000	391	4.49311	3.14821	1.76449
8000	392	6.07919	1.90007	6.17593
8000	393	3.26991	3.85654	6.16466
8000	394	3.841	4.05447	1.2123
8000	395	5.8008	3.75194	3.93851
8000	396	7.10927	3.8475	3.59766
8000	397	4.74059	3.8455	3.3445
8000	398	2.74416	2.72073	5.92638
8000	399	4.54716	0.282058	4.72095
8000	400	1.77233	1.39253	4.79457
8000	401	5.32538	4.86676	5.88216
8000	402	4.18796	2.48377	0.7245
8000	403	4.12854	4.12903	2.23066
8000	404	2.37931	1.90602	0.141974
8000	405	2.7852	4.47491	1.57071
8000	406	5.02305	1.1103	4.45329
8000	407	8.17495	4.47096	5.87018
8000	408	3.20622	0.706639	0.227901
8000	409	6.94787	0.0400278	6.07845
8000	410	2.6154	2.99234	2.62756
8000	411	3.43503	1.84838	5.16771
8000	412	5.88271	0.801315	0.185354
8000	413	1.94573	1.24469	2.90995
8000	414	3.07533	1.75091	5.37336
8000	415	4.70842	3.35844	5.10832
8000	416	3.07896	2.70555	0.968286
8000	417	5.11059	4.59049	4.39613
8000	418	6.35344	4.64645	3.42505
8000	419	2.06363	0.934493	0.247104
8000	420	3.72181	4.65934	2.32377
8000	421	10.1499	3.22562	0.418555
8000	422	4.45238	2.52619	5.03833
8000	423	3.94543	2.07302	0.468276
8000	424	2.35823	0.949727	0.940244
8000	425	16.0735	4.05218	5.81658
8000	426	14.0684	1.74631	2.04935
8000	427	18.9219	4.73524	1.22482
8000	428	4.92065	3.45448	0.761319
8000	429	1.98636	0.186392	5.38198
8000	430	3.62856	1.24618	3.78459
8000	431	2.3865	3.62344	2.7374
8000	432	17.3233	1.25449	5.71115
8000	433	4.25459	4.7201	3.05082
8000	434	13.1492	4.81545	3.48406
8000	435	11.9365	2.54865	1.69781
8000	436	2.40228	3.819	3.83694
8000	437	7.15425	2.43096	5.70855
8000	438	2.95333	4.75581	4.65271
8000	439	5.23061	3.81632	6.21402
8000	440	5.40743	1.16189	1.80452
8000	441	2.02275	2.10963	4.90014
8000	442	4.15339	2.61669	3.4009
8000	443	0.177892	1.87453	4.27229
8000	444	4.51667	0.741369	3.75518
8000	445	5.3675	4.37859	5.56439
8000	446	3.54852	3.52697	1.776
8000	447	3.93053	0.555035	5.24691
8000	448	4.52503	0.444379	3.84434
8000	449	6.26572	2.73939	0.461031
8000	450	2.50842	0.959976	3.62103
8000	451	4.146	0.227379	3.11709
8000	452	4.43951	1.26769	6.10337
8000	453	3.82701	3.29456	4.01897
8000	454	4.8632	2.37706	6.04337
8000	455	2.4031	1.00157	0.200944
8000	456	2.41725	4.51541	4.57532
8000	457	4.66742	2.66247	2.49204
8000	458	1.35432	1.77719	4.51286
8000	459	14.091	0.14868	0.374378
8000	460	5.3537	0.905753	4.78647
8000	461	5.03433	2.64984	3.16212
8000	462	7.809	1.22348	0.336948
8000	463	11.8209	0.706627	1.41962
8000	464	9.04962	1.14641	0.739747
8000	465	15.084	1.03763	1.70178
8000	466	6.3295	3.17239	3.30729
8000	467	11.0031	1.95403	4.28312
8000	468	16.3339	4.83639	6.22544
8000	469	6.34816	2.02393	5.215
8000	470	4.7424	3.81467	1.21842
8000	471	6.39101	1.15832	4.53837
8000	472	6.59571	0.760872	5.21391
8000	473	6.07842	1.26418	4.18435
8000	474	2.92021	0.866392	0.743542
8000	475	4.48502	1.39217	3.71608
8000	476	5.79479	0.441205	4.82334
8000	477	6.3155	3.59537	5.26975
8000	478	3.18177	1.75248	2.37274
8000	479	2.97424	1.2097	4.80772
8000	480	4.40747	1.44005	2.75585
8000	481	4.33357	2.18094	3.74075
8000	482	5.17918	2.96744	2.41898
8000	483	14.5945	0.15677	1.06447
8000	484	7.67513	3.74239	1.99422
8000	485	5.10725	4.40251	0.146101
8000	486	0.757582	3.33259	3.82162
8000	487	4.27681	0.44832	4.20749
8000	488	5.91929	4.32733	3.49773
8000	489	3.69426	1.07516	2.24073
8000	490	4.96254	3.01123	2.38568
8000	491	6.51305	2.24868	1.59545
8000	492	4.03898	4.33591	2.14614
8000	493	2.61765	3.32316	0.436334
8000	494	8.59429	0.840661	1.22888
8000	495	4.41954	3.53265	0.0588648
8000	496	3.11132	2.57405	3.26993
8000	497	2.33624	0.457382	4.29156
8000	498	3.57203	2.64267	4.32976
8000	499	6.57635	2.63087	1.14458
10000	0	3.5982	2.05377	3.67499
10000	1	4.52439	3.8771	5.79606
10000	2	2.88532	0.337762	2.43256
10000	3	4.92594	3.89968	2.18283
10000	4	5.16381	4.45166	4.30501
10000	5	3.20951	3.5504	6.07981
10000	6	3.82111	4.78355	2.2481
10000	7	4.27479	1.37301	5.33398
10000	8	4.93071	0.176406	0.525134
10000	9	3.43356	0.0312961	5.97554
10000	10	11.0271	2.22271	3.73488
10000	11	5.84242	4.61752	2.39131
10000	12	5.30126	0.204868	3.16701
10000	13	2.69422	0.73218	5.4045
10000	14	4.21976	3.27371	2.58314
10000	15	2.93378	4.84262	0.939833
10000	16	4.87594	3.63753	1.75147
10000	17	6.05801	1.28523	2.43799
10000	18	4.34168	3.83106	2.50367
10000	19	15.4341	4.62502	5.5443
10000	20	4.32615	0.861471	2.23401
10000	21	3.69405	4.61099	0.0499271
10000	22	2.70625	3.94312	3.53336
10000	23	5.43072	2.10842	0.446225
10000	24	3.04056	1.62966	3.08973
10000	25	3.06455	1.79142	0.677986
10000	26	2.6013	4.46678	4.95799
10000	27	10.988	4.27523	1.25474
10000	28	5.21619	2.85525	0.514997
10000	29	7.73418	3.91844	2.42945
10000	30	4.09068	4.02759	5.92173
10000	31	5.26574	1.98164	0.994048
10000	32	2.17302	3.7224	5.09459
10000	33	6.47279	4.52265	1.4036
10000	34	5.29033	2.22627	3.83273
10000	35	19.9924	0.214746	3.15303
10000	36	5.38762	2.19173	2.85873
10000	37	5.255	0.386282	0.833797
10000	38	5.63368	2.11242	3.87531
10000	39	2.79298	1.99226	5.39605
10000	40	5.0132	2.30363	2.16979
10000	41	4.43286	2.39226	3.96125
10000	42	5.83879	1.93951	5.37351
10000	43	4.09936	3.034	4.69311
10000	44	6.51778	1.02519	4.20966
10000	45	4.90123	0.496966	3.7512
10000	46	3.34296	2.49998	5.62819
10000	47	3.66159	1.94829	1.2624
10000	48	4.75438	3.69286	1.71528
10000	49	4.34534	2.15084	0.488787
10000	50	2.36052	1.28097	5.22765
10000	51	4.81153	2.31167	5.68963
10000	52	15.4987	3.15671	1.39696
10000	53	15.8413	0.603729	2.02063
10000	54	3.38749	2.36405	5.32649
10000	55	7.01082	4.04233	5.41419
10000	56	2.50018	0.842691	0.212759
10000	57	6.11659	2.29539	3.1554
10000	58	2.80513	3.92422	3.25773
10000	59	18.9144	1.19795	4.24718
10000	60	3.38297	3.29568	1.63078
10000	61	3.57096	2.96577	3.37452
10000	62	2.47351	2.20002	4.34203
10000	63	6.688	4.82722	3.93437
10000	64	7.33123	0.156796	2.19017
10000	65	17.4704	4.09255	0.151308
10000	66	6.4493	2.91288	2.4348
10000	67	5.77102	4.62207	4.42091
10000	68	3.49655	0.562975	1.26915
10000	69	4.51902	1.19373	6.27366
10000	70	3.82603	1.4818	0.797924
10000	71	2.3251	2.99096	3.33312
10000	72	4.20031	0.6497	3.26109
10000	73	5.55185	4.21961	2.25314
10000	74	3.63603	4.46694	2.69355
10000	75	0.499921	1.44854	4.15411
10000	76	3.5481	2.95921	0.103987
10000	77	6.33748	0.972155	3.8622
10000	78	4.36543	0.146966	5.77829
10000	79	4.52382	3.2062	5.97815
10000	80	4.35244	2.28384	2.0027
10000	81	0.672438	1.31846	3.55163
10000	82	4.43989	0.612337	5.45596
10000	83	2.84412	0.483997	3.61646
10000	84	6.19875	4.12531	4.92963
10000	85	2.35284	0.333478	5.55453
10000	86	7.09875	2.29795	2.22045
10000	87	11.7866	2.59223	5.97797
10000	88	6.77665	2.93225	2.85804
10000	89	5.55145	1.53592	0.891359
10000	90	9.7289	3.51356	0.406916
10000	91	3.71754	1.95845	1.36591
10000	92	11.2189	1.64119	1.02552
10000	93	1.47344	0.105334	0.68409
10000	94	4.62361	1.13622	1.37826
10000	95	7.81319	1.11539	5.40093
10000	96	2.54307	4.92794	5.8114
10000	97	1.19419	2.64176	4.65799
10000	98	5.78543	3.46295	6.08126
10000	99	4.67456	1.46226	2.79031
10000	100	3.71785	1.05692	5.12175
10000	101	3.52124	2.37259	0.418208
10000	102	4.17022	0.423351	0.0828043
10000	103	5.41927	0.505536	4.70003
10000	104	3.60006	0.624688	2.30111
10000	105	1.22997	3.55398	3.98224
10000	106	4.27258	1.70045	6.14081
10000	107	5.33937	0.0975259	0.152415
10000	108	2.94652	2.82444	3.53406
10000	109	4.44933	4.27935	3.73639
10000	110	3.96067	0.443596	5.57057
10000	111	3.57653	2.23247	2.48518
10000	112	4.83056	3.17723	0.720918
10000	113	3.39717	0.938704	0.0693987
10000	114	17.4973	0.0702732	4.44007
10000	115	4.2146	4.92401	2.6521
10000	116	3.99459	1.24861	0.696971
10000	117	19.0281	4.72661	2.95772
10000	118	2.01721	4.31222	4.43531
10000	119	3.54635	4.69467	3.08194
10000	120	4.82797	1.25481	0.304482
10000	121	3.04375	1.57513	3.34253
10000	122	11.5753	1.14797	2.23134
10000	123	6.98083	2.03159	5.95434
10000	124	4.58276	1.13669	4.74451
10000	125	15.9933	4.70077	5.38291
10000	126	9.61262	3.20228	4.29734
10000	127	12.5754	2.01857	4.49389
10000	128	7.66958	0.158886	5.46663
10000	129	1.71566	4.706	0.717972
10000	130	1.89157	2.94241	1.205
10000	131	2.43208	1.11075	0.7024
10000	132	3.09185	2.9095	6.0842
10000	133	2.11766	1.65713	3.36122
10000	134	3.09277	1.151	3.84854
10000	135	2.6397	0.943404	4.46042
10000	136	2.88138	1.12057	2.51661
10000	137	5.43853	4.78926	3.00928
10000	138	8.20239	4.37981	5.47672
10000	139	3.60148	2.39606	4.59868
10000	140	13.4716	0.41796	4.79879
10000	141	5.21384	3.27751	1.29601
10000	142	3.94793	4.57653	4.30891
10000	143	4.29793	4.42275	5.71536
10000	144	3.5651	1.27437	4.15679
10000	145	5.76399	0.956801	0.263574
10000	146	7.42086	3.64307	3.6582
10000	147	3.72045	1.60751	2.71911
10000	148	6.03754	4.82664	1.74381
10000	149	19.0654	2.87311	4.15407
10000	150	17.8731	3.34433	1.31457
10000	151	4.25834	3.7889	2.99316
10000	152	3.05216	0.360213	4.94649
10000	153	3.94253	2.69487	0.327142
10000	154	3.1834	4.01554	5.75701
10000	155	3.57779	4.66855	0.173873
10000	156	2.68598	3.85828	5.33047
10000	157	5.34091	3.05766	3.94271
10000	158	10.9391	1.70442	0.614613
10000	159	3.98409	1.85528	4.82003
10000	160	3.42557	3.31112	5.55607
10000	161	3.1243	3.92796	5.75658
10000	162	1.96284	1.69237	4.17518
10000	163	1.99435	3.62624	0.115568
10000	164	5.81874	1.90706	2.16402
10000	165	5.73629	0.513421	3.01836
10000	166	2.71006	3.41414	6.03717
10000	167	3.79132	0.288006	4.61598
10000	168	2.10815	4.12163	4.51876
10000	169	5.2248	2.77916	3.44792
10000	170	5.54886	2.50621	2.93
10000	171	2.87295	1.95067	4.83717
10000	172	10.3663	2.90689	5.90792
10000	173	4.34481	2.35461	5.17495
10000	174	2.86323	4.50919	4.97994
10000	175	19.0689	3.53891	1.62847
10000	176	3.91532	3.40611	0.844727
10000	177	5.83852	0.451004	4.33365
10000	178	13.5415	0.13395	5.87565
10000	179	4.26576	3.40961	3.86908
10000	180	6.46064	1.5839	3.91781
10000	181	2.43937	4.76228	0.759525
10000	182	4.31177	2.96292	0.28672
10000	183	7.00935	3.05747	0.572206
10000	184	2.51199	0.843363	1.04926
10000	185	5.11791	3.12731	0.0186818
10000	186	3.34368	1.98958	0.892702
10000	187	4.78547	3.31658	5.46519
10000	188	6.16651	0.175486	0.119997
10000	189	3.80191	3.56876	2.51197
10000	190	4.37919	0.895141	2.069
10000	191	6.4893	0.119963	3.20671
10000	192	6.70916	0.764544	1.50106
10000	193	0.774666	4.24267	5.40091
10000	194	1.98112	4.65017	2.31029
10000	195	5.23956	4.82331	4.32303
10000	196	12.9847	1.25417	3.78356
10000	197	4.04478	4.43088	0.802063
10000	198	3.48332	2.72024	1.90046
10000	199	3.69616	2.40619	0.880869
10000	200	7.05267	0.188672	0.321564
10000	201	5.08068	4.10385	0.599048
10000	202	6.11278	4.02329	5.63972
10000	203	4.83896	3.71223	5.17517
10000	204	2.55653	0.849439	4.5805
10000	205	4.20232	2.49422	2.51882
10000	206	3.47579	2.35401	3.64422
10000	207	2.76825	3.08305	5.61561
10000	208	4.08071	2.94233	2.11569
10000	209	7.14693	2.05366	2.4549
10000	210	2.63143	3.59476	0.975829
10000	211	3.03904	0.386612	4.03826
10000	212	5.09186	1.78424	4.00504
10000	213	2.97843	4.49244	5.69672
10000	214	19.3785	0.702622	2.02869
10000	215	3.62254	0.761544	3.04618
10000	216	3.98289	0.44109	4.84139
10000	217	5.90655	1.823	0.273425
10000	218	3.47636	0.193029	0.817894
10000	219	5.25404	1.50124	2.20298
10000	220	4.5987	2.01668	5.40588
10000	221	0.602017	2.17545	1.16519
10000	222	2.3162	2.73475	3.99409
10000	223	4.89848	2.85866	2.06885
10000	224	8.2694	4.4183	2.19286
10000	225	5.19678	3.06899	2.58107
10000	226	9.51147	4.19587	5.23946
10000	227	0.701607	3.82734	0.791799
10000	228	18.6242	2.59696	3.46684
10000	229	2.58045	1.7274	2.45233
10000	230	4.32433	0.401795	3.42325
10000	231	14.0277	3.91079	2.22136
10000	232	5.88572	3.96124	6.0964
10000	233	2.11043	0.246683	1.39643
10000	234	3.41057	1.09939	5.26522
10000	235	1.37216	4.8465	2.95744
10000	236	3.76671	4.96491	2.87923
10000	237	2.49621	4.36786	1.35697
10000	238	1.5256	2.74133	4.81356
10000	239	4.76771	3.9685	0.248456
10000	240	5.77325	0.137747	0.569182
10000	241	4.16331	2.28609	4.76849
10000	242	3.89834	0.421704	6.28075
10000	243	3.10786	3.47585	0.22128
10000	244	0.860898	2.43435	3.63939
10000	245	2.86104	3.35787	2.06374
10000	246	4.90844	1.22856	4.37291
10000	247	3.6714	3.40929	3.99926
10000	248	4.76105	4.179	0.593611
10000	249	6.31764	4.20165	0.260475
10000	250	3.42297	0.483415	3.4167
10000	251	3.44711	4.30108	1.48325
10000	252	4.46783	0.548177	3.8171
10000	253	13.0382	2.01212	1.0557
10000	254	12.5655	3.55365	0.185829
10000	255	4.61552	1.51475	0.271011
10000	256	12.8006	3.64507	0.392552
10000	257	7.13653	4.86792	1.02929
10000	258	6.26489	4.75609	5.73198
10000	259	3.53878	3.85294	4.95675
10000	260	4.32685	2.128	2.15022
10000	261	2.64828	4.55307	3.08691
10000	262	4.60197	0.0524451	0.110362
10000	263	3.13227	2.29283	1.88203
10000	264	2.49615	1.1443	6.19959
10000	265	3.94636	1.99532	4.03769
10000	266	1.06556	4.8575	0.888815
10000	267	12.5134	1.47131	0.763488
10000	268	10.5437	0.0100981	3.09382
10000	269	5.66658	3.71871	5.88765
10000	270	2.85517	1.9786	4.70622
10000	271	12.0972	0.64526	4.60483
10000	272	2.51577	0.139641	3.42335
10000	273	2.8123	4.81823	3.2734
10000	274	3.51358	4.69859	1.85432
10000	275	4.73082	1.04718	0.347501
10000	276	5.45306	3.425	1.30019
10000	277	4.06578	1.87123	6.16641
10000	278	4.94739	2.63118	0.335212
10000	279	3.18955	1.28778	3.83698
10000	280	3.03773	3.94704	3.7908
10000	281	5.23817	3.84855	2.92153
10000	282	3.10067	0.0697317	3.90553
10000	283	0.144732	4.75898	1.12342
10000	284	0.837134	3.89528	1.73619
10000	285	15.6797	4.06052	5.37665
10000	286	5.18704	3.21563	4.7315
10000	287	1.66641	4.52558	2.24749
10000	288	3.22981	4.94922	4.07143
10000	289	13.99	4.19579	4.27204
10000	290	2.33811	4.24278	0.0743925
10000	291	2.82106	4.3701	6.24566
10000	292	3.9747	2.01227	2.12611
10000	293	2.85872	4.42451	1.2846
10000	294	2.49916	1.76143	5.58219
10000	295	4.99178	2.33662	2.09631
10000	296	7.06669	2.45387	2.58801
10000	297	4.68993	2.7934	4.38418
10000	298	4.41639	4.99757	3.53309
10000	299	5.49137	4.99637	6.20509
10000	300	2.72719	3.58993	3.46868
10000	301	4.94718	1.85249	1.74678
10000	302	2.01965	0.960015	6.18641
10000	303	3.02918	4.84501	0.539382
10000	304	5.72937	1.71434	0.462473
10000	305	1.58156	4.22697	3.00045
10000	306	2.8388	2.05712	0.0259882
10000	307	4.45958	4.37421	6.05972
10000	308	5.00433	3.7604	5.68631
10000	309	2.24958	3.04965	5.16207
10000	310	4.39446	2.24072	5.26754
10000	311	17.9999	3.81217	5.62247
10000	312	6.77917	4.36387	3.67958
10000	313	19.5251	3.9945	1.9991
10000	314	4.95658	3.9894	1.79831
10000	315	4.79464	2.41998	5.75525
10000	316	3.32577	1.86481	3.35209
10000	317	9.40932	0.954575	0.689918
10000	318	12.6422	1.76461	1.68421
10000	319	7.30622	0.286594	5.84815
10000	320	4.83088	3.49592	5.20481
10000	321	5.52889	0.638982	5.47878
10000	322	3.20681	0.231946	3.76431
10000	323	2.91536	2.13015	2.91916
10000	324	3.8086	0.683442	1.21867
10000	325	9.78354	4.12898	1.70513
10000	326	3.10798	2.29142	1.37647
10000	327	2.55134	2.84765	1.16056
10000	328	13.228	1.99541	3.35483
10000	329	3.86721	4.48763	1.14923
10000	330	16.9313	3.94205	5.19402
10000	331	3.74469	3.99828	3.24156
10000	332	9.90965	4.63084	1.15535
10000	333	4.20233	4.9418	2.78336
10000	334	7.35621	1.05326	2.64297
10000	335	3.32696	3.86543	0.0297299
10000	336	5.954	1.35403	3.61436
10000	337	15.4551	3.3256	2.12441
10000	338	5.52043	4.44708	5.0668
10000	339	3.18501	4.22928	3.92104
10000	340	3.2811	2.19801	2.71285
10000	341	3.35964	1.37092	0.66192
10000	342	3.83654	1.4911	2.22909
10000	343	3.78128	4.18531	3.70733
10000	344	16.8027	1.38815	5.14986
10000	345	5.27623	1.66634	2.77115
10000	346	3.64071	2.77528	3.60066
10000	347	10.7625	4.58568	0.231631
10000	348	5.71535	1.75963	2.80181
10000	349	2.73179	2.80894	2.90333
10000	350	8.20364	1.0081	1.44562
10000	351	10.4423	1.14075	4.62887
10000	352	13.7077	0.928893	1.27108
10000	353	5.75049	2.56645	5.43899
10000	354	6.78277	2.49905	4.45792
10000	355	2.90226	0.286338	5.98871
10000	356	14.8639	3.49523	1.90105
10000	357	7.87109	0.623416	1.81364
10000	358	3.93957	0.716824	6.23776
10000	359	3.89892	4.31105	3.76049
10000	360	2.4987	3.9242	3.27506
10000	361	5.39655	1.66889	0.290908
10000	362	12.4769	3.55909	3.60558
10000	363	3.87652	2.59843	3.23019
10000	364	4.82791	1.99898	2.27681
10000	365	3.47383	1.04456	4.3901
10000	366	4.21446	2.1016	3.08304
10000	367	2.60712	0.0503123	1.84054
10000	368	5.28302	0.529747	3.32094
10000	369	16.7219	1.83239	1.87596
10000	370	5.74407	2.25528	3.75234
10000	371	4.30656	2.80786	3.63188
10000	372	3.20674	1.2143	2.39227
10000	373	5.32663	1.07048	4.08266
10000	374	6.29672	3.30275	3.25493
10000	375	3.77666	0.743521	2.68827
10000	376	3.76448	4.15741	2.80681
10000	377	2.52567	4.65111	4.63018
10000	378	5.16733	4.58636	2.79962
10000	379	6.45789	4.62983	1.63627
10000	380	12.6804	3.74018	1.02638
10000	381	1.1563	0.642176	1.96135
10000	382	4.07834	2.26922	5.73876
10000	383	2.83456	3.74807	5.80658
10000	384	6.87564	4.132	4.63948
10000	385	2.15657	3.81622	1.00657
10000	386	5.85465	2.20903	2.96881
10000	387	4.75634	2.55178	2.97329
10000	388	2.87522	0.0278093	5.17585
10000	389	5.78651	0.370364	4.24047
10000	390	3.08471	3.24662	3.04775
10000	391	5.47193	0.792611	3.01051
10000	392	4.34885	3.42364	4.08004
10000	393	5.86028	1.22187	1.85937
10000	394	4.8571	0.787226	3.97082
10000	395	4.85682	0.254514	0.15407
10000	396	7.53058	3.29249	1.88571
10000	397	3.43052	3.45876	2.2907
10000	398	3.40709	3.68673	2.07166
10000	399	3.65573	0.151366	3.33386
10000	400	2.98184	2.29311	5.1858
10000	401	6.06954	4.80173	5.39649
10000	402	3.10996	4.34677	0.994694
10000	403	3.26231	1.50076	5.21109
10000	404	3.30607	4.4449	2.74291
10000	405	5.64812	4.35967	4.571
10000	406	4.41286	3.42637	2.35581
10000	407	3.98901	4.00595	0.178612
10000	408	7.25908	0.270342	4.8104
10000	409	3.4801	0.830637	3.59592
10000	410	4.53527	0.145075	4.00722
10000	411	4.41296	2.53649	3.29378
10000	412	4.88085	1.49808	2.20332
10000	413	3.14815	3.76245	1.7114
10000	414	3.27631	3.2454	2.08421
10000	415	13.1024	0.578037	2.41601
10000	416	3.44107	4.35189	2.27088
10000	417	3.97919	4.8757	3.56932
10000	418	16.2821	3.57641	6.17162
10000	419	5.66688	4.50393	6.19767
10000	420	3.3828	0.217621	2.97737
10000	421	4.86784	4.76502	0.626618
10000	422	3.92074	2.11117	4.17782
10000	423	5.31386	4.92108	1.07541
10000	424	2.66785	2.64485	3.11546
10000	425	2.38717	3.35245	0.486076
10000	426	2.1005	2.5741	3.75259
10000	427	2.48443	3.84169	5.73696
10000	428	3.19107	2.41222	1.64934
10000	429	7.60188	4.81387	0.587101
10000	430	9.20644	1.37053	2.17751
10000	431	3.91316	1.60495	6.04067
10000	432	5.73887	3.84662	1.96735
10000	433	4.58801	1.8526	0.630122
10000	434	5.89375	2.51749	3.64837
10000	435	3.01128	0.810959	1.47155
10000	436	2.45452	2.39053	6.23938
10000	437	3.52831	0.67664	0.790212
10000	438	2.21163	1.3465	5.18335
10000	439	3.27058	0.517549	4.43552
10000	440	3.46657	0.00437627	2.93023
10000	441	5.12944	4.88931	4.63947
10000	442	4.35278	4.44651	5.43417
10000	443	2.63738	3.43478	2.82446
10000	444	2.66581	3.37765	5.94647
10000	445	2.29391	2.30849	5.83078
10000	446	2.74635	1.52539	2.96137
10000	447	3.99923	1.04727	3.71565
10000	448	1.02651	2.99571	3.10334
10000	449	7.00184	4.72635	5.97204
10000	450	2.46062	0.845109	1.53943
10000	451	5.82425	4.09332	0.835124
10000	452	2.95546	1.65567	5.43261
10000	453	3.53674	3.77365	3.15989
10000	454	2.2451	1.49864	2.29349
10000	455	5.59282	0.604534	0.378327
10000	456	6.16672	0.0871515	5.96047
10000	457	7.01552	4.92094	2.10771
10000	458	5.33439	1.14872	1.43368
10000	459	5.17804	3.12692	0.474231
10000	460	5.44641	2.5665	2.77815
10000	461	6.37345	0.277016	4.16841
10000	462	4.34183	4.74209	3.76986
10000	463	5.85827	0.284749	5.94707
10000	464	9.15196	3.03859	3.09957
10000	465	4.87032	4.08549	2.44761
10000	466	6.39277	4.4053	5.75365
10000	467	3.57782	4.4123	5.91628
10000	468	5.17075	2.70304	5.28008
10000	469	5.73157	0.398422	3.48394
10000	470	4.58741	4.39475	3.89888
10000	471	2.76771	2.19073	4.63748
10000	472	1.73536	0.384433	0.0150893
10000	473	2.55011	1.55222	3.73883
10000	474	6.70801	4.56174	1.94755
10000	475	15.4248	3.71781	0.713082
10000	476	4.56425	1.39577	0.0938535
10000	477	1.51117	4.48386	5.05206
10000	478	4.00724	4.44507	2.70931
10000	479	4.77825	0.260205	5.11034
10000	480	6.84609	0.740455	4.82827
10000	481	3.29449	0.592991	6.16568
10000	482	3.6186	3.82644	4.44533
10000	483	3.96091	0.03496	3.35547
10000	484	4.64802	4.96603	1.61956
10000	485	3.15997	0.421068	1.55163
10000	486	4.25996	2.16966	2.89425
10000	487	7.53448	0.607939	4.69979
10000	488	4.37155	0.745434	5.50387
10000	489	3.63104	0.275337	1.93624
10000	490	18.4512	2.03083	4.93937
10000	491	6.28509	4.19802	0.0913898
10000	492	2.14863	2.62687	4.24782
10000	493	4.52195	1.56678	3.90679
10000	494	2.91225	0.497806	5.03024
10000	495	4.87427	0.222172	3.13225
10000	496	4.06599	2.71121	5.10681
10000	497	1.81159	1.76631	4.96083
10000	498	0.887777	3.70423	5.2014
10000	499	2.32356	1.08561	3.60307
12000	0	5.09953	2.627	3.81681
12000	1	5.1267	3.26648	5.19956
12000	2	6.57376	1.2787	3.52003
12000	3	3.7489	4.33646	2.90072
12000	4	8.06146	1.44314	2.27729
12000	5	3.44483	2.14447	0.443575
12000	6	3.48489	3.97851	3.75884
12000	7	3.05433	0.113709	3.39285
12000	8	18.6173	4.07453	3.01118
12000	9	8.77693	2.79902	0.642843
12000	10	3.01898	0.940678	0.498421
12000	11	3.21904	0.795842	0.0102117
12000	12	5.60936	3.65926	1.33239
12000	13	6.39327	4.46885	3.20064
12000	14	12.8433	4.77005	2.59061
12000	15	3.37535	4.53985	4.13854
12000	16	3.54353	2.70844	4.90995
12000	17	4.61175	1.94944	5.47183
12000	18	11.4158	4.57899	1.66447
12000	19	3.76273	3.5235	1.12336
12000	20	4.1161	2.7528	0.501459
12000	21	3.69956	2.6104	2.91037
12000	22	3.42355	1.20391	1.27759
12000	23	4.59079	2.26015	6.07466
12000	24	5.2309	2.3519	5.73683
12000	25	14.851	4.30846	1.25396
12000	26	5.78734	2.72151	1.74364
12000	27	4.53146	4.58994	3.19992
12000	28	4.73911	2.74175	5.5621
12000	29	2.92904	4.59631	0.958273
12000	30	5.1592	3.96539	2.56726
12000	31	6.15452	4.15917	2.66222
12000	32	6.8914	3.88042	4.62663
12000	33	2.36045	4.76489	3.51048
12000	34	16.3398	3.53994	5.28251
12000	35	19.4941	1.75965	2.85985
12000	36	2.43916	1.8333	1.6051
12000	37	3.15555	4.56061	5.65724
12000	38	4.07989	1.41793	4.5977
12000	39	4.02939	1.29614	5.13685
12000	40	4.30694	2.59842	1.01935
12000	41	18.8455	1.97531	3.02517
12000	42	3.09277	3.58645	2.56604
12000	43	3.93294	2.90212	0.761865
12000	44	5.19533	3.70225	1.24161
12000	45	5.0095	3.78284	6.16208
12000	46	7.70331	0.931357	3.46776
12000	47	3.36838	3.63879	6.06167
12000	48	4.19093	4.5179	1.50339
12000	49	2.32572	4.94339	0.835153
12000	50	5.03081	1.18119	4.44897
12000	51	0.597552	0.696526	4.54235
12000	52	2.66479	2.49764	6.03742
12000	53	3.74917	2.42674	4.05229
12000	54	0.937662	1.43302	1.54581
12000	55	4.38652	0.91266	0.187973
12000	56	3.53263	2.5005	1.24752
12000	57	12.9662	3.61409	4.1718
12000	58	4.56038	4.03701	4.63997
12000	59	6.18036	4.8624	4.84306
12000	60	2.90775	2.02284	3.79405
12000	61	5.78731	3.31216	3.40192
12000	62	2.78344	2.2264	1.75836
12000	63	2.76767	2.02782	0.458969
12000	64	5.07891	1.90088	6.02175
12000	65	3.92899	3.11538	3.11665
12000	66	4.96887	3.85185	3.1237
12000	67	4.11452	0.968237	3.17756
12000	68	7.42348	0.964003	0.0443141
12000	69	3.95399	1.28698	3.9042
12000	70	6.63329	1.13154	4.73953
12000	71	13.6775	1.56369	4.3416
12000	72	3.44734	0.404416	1.32493
12000	73	6.03922	2.73194	5.84448
12000	74	2.63065	2.46601	0.813259
12000	75	2.14019	4.11979	1.43743
12000	76	2.65778	4.62613	5.59881
12000	77	4.29025	0.0638284	2.29971
12000	78	4.97232	2.12113	4.8069
12000	79	3.27518	0.751236	4.29268
12000	80	4.53671	2.5794	4.12594
12000	81	6.10607	1.10858	2.23897
12000	82	3.71382	3.71869	4.15733
12000	83	2.90453	1.90576	0.520843
12000	84	4.67453	1.56139	6.18062
12000	85	3.136	4.45051	1.12478
12000	86	2.78558	2.34867	3.82574
12000	87	5.69411	4.4391	1.95674
12000	88	3.66408	3.58481	1.26524
12000	89	2.09809	0.889978	2.21717
12000	90	14.7495	2.58318	0.200877
12000	91	4.4015	3.37041	5.76543
12000	92	2.46601	1.72442	1.81962
12000	93	2.09884	4.45597	5.15587
12000	94	7.3432	2.90904	2.04435
12000	95	5.63894	1.81728	3.7272
12000	96	2.36694	2.49789	1.01643
12000	97	2.38379	0.509112	5.76525
12000	98	10.1659	3.99161	0.741545
12000	99	3.58337	1.61851	3.06063
12000	100	10.7665	0.63785	6.12881
12000	101	1.81524	1.32814	5.14035
12000	102	2.16723	2.46807	2.09523
12000	103	17.0957	3.81154	3.03129
12000	104	3.96911	2.2284	1.46953
12000	105	11.2367	4.94263	5.93008
12000	106	6.15804	4.55902	3.43061
12000	107	4.48204	1.41371	0.95656
12000	108	5.41219	0.326848	0.315377
12000	109	5.74434	4.58228	5.81534
12000	110	5.21363	3.00223	0.843113
12000	111	4.23923	3.71959	5.79203
12000	112	5.78249	3.30971	2.15742
12000	113	4.82334	4.5148	5.54895
12000	114	2.38915	1.09061	5.78785
12000	115	8.04572	1.14942	4.68197
12000	116	2.84901	1.66647	6.14546
12000	117	4.86131	4.139	5.74223
12000	118	2.30627	0.420108	5.35027
12000	119	3.22109	1.97804	3.74735
12000	120	5.23945	2.02066	0.461587
12000	121	3.87477	0.324805	0.18932
12000	122	5.09329	4.59994	4.79046
12000	123	0.88037	1.60018	3.33174
12000	124	2.0333	3.61498	3.76608
12000	125	3.46487	2.5595	5.28612
12000	126	2.67576	0.830851	3.31572
12000	127	3.80227	4.99745	1.96605
12000	128	16.4322	1.25272	2.03575
12000	129	0.862795	3.74884	2.61344
12000	130	4.70952	2.55957	0.482078
12000	131	2.96334	3.3378	0.260084
12000	132	2.78358	4.38234	4.77474
12000	133	2.46783	0.132354	1.92978
12000	134	5.93678	0.931009	0.348732
12000	135	2.25361	2.0208	4.97287
12000	136	3.33098	2.42044	2.29776
12000	137	10.8626	1.97368	0.927933
12000	138	4.4856	0.304081	3.88338
12000	139	5.19685	2.86855	1.65298
12000	140	5.16962	4.14729	3.90652
12000	141	6.10477	4.23962	3.56323
12000	142	15.2939	3.93912	6.13441
12000	143	4.43903	1.29852	1.73485
12000	144	5.39808	4.24824	1.85973
12000	145	7.18093	0.147862	0.36374
12000	146	4.58046	2.67631	3.21357
12000	147	4.02573	4.26389	0.283275
12000	148	3.298	3.08468	4.56514
12000	149	4.56016	0.617855	2.28981
12000	150	3.13397	3.32348	1.07126
12000	151	8.30083	0.549932	2.76861
12000	152	5.64647	0.772378	0.732873
12000	153	8.01378	4.99879	0.217626
12000	154	3.40553	3.51123	1.41384
12000	155	2.92842	2.4998	3.42719
12000	156	17.3814	4.14733	5.76804
12000	157	2.75475	3.10665	1.49639
12000	158	4.33466	3.55281	3.39723
12000	159	4.67842	4.83653	4.82368
12000	160	9.08738	0.437574	5.1984
12000	161	2.0247	4.22511	5.50239
12000	162	17.2285	0.987441	1.57496
12000	163	3.70148	2.97403	3.55402
12000	164	7.13094	0.820953	6.06069
12000	165	5.59088	1.37264	4.896
12000	166	18.0538	0.678091	0.912086
12000	167	4.96224	2.93934	4.62163
12000	168	3.13615	0.391814	1.24474
12000	169	19.8216	1.81117	0.184619
12000	170	2.20237	2.51224	1.88177
12000	171	5.80541	0.0118077	0.53624
12000	172	3.71541	1.80508	2.71664
12000	173	5.13197	3.4661	2.60473
12000	174	5.77565	2.50172	4.74486
12000	175	4.27106	4.44365	3.63681
12000	176	2.03393	0.622481	3.02585
12000	177	4.3717	2.40972	3.15695
12000	178	3.65994	4.6346	2.55733
12000	179	0.818289	1.78481	2.70278
12000	180	2.22342	2.15384	3.16018
12000	181	3.34934	0.3167	6.16542
12000	182	2.04721	1.80814	2.98747
12000	183	2.71677	3.17199	4.42349
12000	184	5.76714	3.33341	2.84053
12000	185	2.62077	0.980507	3.80147
12000	186	3.68361	2.43144	6.21913
12000	187	5.90676	2.95144	5.09252
12000	188	5.86036	1.5289	5.31709
12000	189	5.15899	0.307034	5.04167
12000	190	7.20322	0.682185	5.59761
12000	191	9.21958	4.25503	6.06186
12000	192	4.55402	3.5108	4.69254
12000	193	3.12724	4.72133	0.76049
12000	194	2.38232	1.46278	5.5302
12000	195	2.96173	2.92208	4.84064
12000	196	6.89509	3.79583	4.62059
12000	197	10.2034	4.79627	1.39969
12000	198	2.37112	4.34946	0.13392
12000	199	2.24449	2.99951	3.41726
12000	200	2.11183	3.18093	3.0261
12000	201	3.78	3.92715	3.30406
12000	202	3.29854	3.45038	5.83058
12000	203	6.00519	2.54526	4.33303
12000	204	5.50887	2.48023	6.23311
12000	205	2.49582	4.24213	3.85029
12000	206	9.05384	1.40308	2.44887
12000	207	3.96839	2.67931	4.94948
12000	208	4.13629	4.9085	6.1001
12000	209	2.80118	4.08807	2.99564
12000	210	2.43445	0.8716	1.47177
12000	211	3.79252	2.18714	5.40754
12000	212	4.19805	2.17197	1.72795
12000	213	3.6118	0.115611	2.71273
12000	214	5.99825	0.498549	0.460967
12000	215	4.32328	1.25012	0.44485
12000	216	3.32417	2.97255	2.52715
12000	217	15.5746	1.29781	1.5787
12000	218	5.27693	1.11617	4.29698
12000	219	2.92906	0.165555	5.63825
12000	220	4.08908	0.493258	4.15084
12000	221	4.12843	3.96374	1.64988
12000	222	4.49503	2.31537	1.62854
12000	223	3.93399	4.86907	4.26664
12000	224	6.01094	1.31644	2.14729
12000	225	4.84925	3.86633	5.89347
12000	226	0.349916	3.95838	0.539275
12000	227	4.04569	3.43339	2.93842
12000	228	5.47462	2.64292	0.930999
12000	229	2.98371	4.14228	2.29153
12000	230	3.57028	3.98272	0.686309
12000	231	5.78876	1.39994	2.73278
12000	232	3.32117	0.876587	3.18671
12000	233	3.86906	0.328374	4.95532
12000	234	7.91616	0.581547	6.10561
12000	235	8.07291	2.30231	3.66717
12000	236	4.02844	2.7161	0.374818
12000	237	2.74124	3.014	0.886423
12000	238	4.7639	1.67168	3.32541
12000	239	1.75702	4.82431	3.62143
12000	240	4.74199	4.17316	3.69242
12000	241	2.18598	0.362234	6.05157
12000	242	3.68033	2.34313	1.76335
12000	243	2.49003	3.81908	5.27594
12000	244	4.91705	0.117245	0.316328
12000	245	19.7408	2.56471	2.41296
12000	246	1.14017	2.89337	5.8328
12000	247	5.35363	0.597247	3.30681
12000	248	2.87897	0.496677	5.96797
12000	249	3.23558	4.59222	3.54115
12000	250	3.6569	0.033835	5.45105
12000	251	4.17851	0.144781	5.79868
12000	252	5.92717	2.35819	0.861847
12000	253	3.57587	3.96065	2.42128
12000	254	2.74363	4.61647	5.55244
12000	255	2.01302	3.18477	5.76624
12000	256	3.84223	3.57315	0.0553293
12000	257	4.07806	2.58386	1.72092
12000	258	5.02251	3.93921	4.31013
12000	259	3.34336	1.12693	3.58291
12000	260	14.2038	4.47788	5.23225
12000	261	7.66743	4.40203	2.08374
12000	262	3.11678	4.47655	1.79459
12000	263	0.336578	3.0227	4.07907
12000	264	3.51241	4.11768	1.26691
12000	265	1.93296	4.9489	1.00697
12000	266	3.7031	2.04699	1.67324
12000	267	5.86794	2.90803	4.65511
12000	268	4.81492	1.60605	3.45978
12000	269	6.47776	0.434814	4.56864
12000	270	0.242065	2.97357	5.1996
12000	271	2.83686	0.568973	4.26433
12000	272	2.80823	2.59071	5.72485
12000	273	3.25811	4.20122	0.00719277
12000	274	3.98478	4.68107	0.415621
12000	275	5.20965	4.60756	3.65607
12000	276	6.24735	4.95425	3.17087
12000	277	17.4761	2.63384	6.26064
12000	278	4.98697	0.462733	2.01185
12000	279	5.0776	2.78551	5.38625
12000	280	2.04688	3.92733	1.10154
12000	281	4.92992	2.89034	3.48735
12000	282	3.42145	0.474654	5.34623
12000	283	3.42828	3.07417	1.27821
12000	284	4.73128	4.85597	3.18741
12000	285	4.7584	3.64658	4.33878
12000	286	2.73492	2.24062	2.95989
12000	287	2.9927	3.83072	5.91057
12000	288	5.0991	1.007	6.27755
12000	289	4.18417	3.22821	0.547651
12000	290	8.29458	4.71322	5.00742
12000	291	4.48097	0.473675	0.93734
12000	292	3.90581	0.11676	5.9707
12000	293	8.99854	0.516684	4.14217
12000	294	2.61601	0.840716	3.93639
12000	295	4.33128	2.466	0.433866
12000	296	5.04719	4.17565	6.21295
12000	297	9.92635	3.91149	1.35309
12000	298	3.05104	1.17665	0.626804
12000	299	3.22005	1.10062	2.56068
12000	300	3.05409	3.02561	2.71187
12000	301	4.26819	3.55546	0.77843
12000	302	2.16729	3.031	0.175733
12000	303	7.78089	4.49242	2.00664
12000	304	3.70814	1.50459	5.91361
12000	305	7.49814	0.439774	2.88801
12000	306	1.14261	4.71362	5.6062
12000	307	2.63195	3.68594	0.307187
12000	308	5.90823	3.34127	0.788354
12000	309	1.93846	0.452112	6.13448
12000	310	4.75945	4.45892	1.73836
12000	311	2.08497	0.386315	5.65525
12000	312	5.14944	2.35371	5.39183
12000	313	2.47282	1.46049	2.26212
12000	314	3.07873	3.93352	3.04792
12000	315	4.03183	0.234021	4.93221
12000	316	3.99633	4.49455	4.891
12000	317	2.03819	4.71625	3.96727
12000	318	14.6805	4.45762	4.84922
12000	319	3.19926	1.26557	2.89712
12000	320	4.79796	1.79572	2.23131
12000	321	6.16838	1.36368	2.47623
12000	322	3.64749	1.46479	0.63178
12000	323	3.19625	1.78447	3.83889
12000	324	4.13987	2.71732	2.64806
12000	325	3.52779	3.29112	2.96565
12000	326	6.81821	2.71558	5.00255
12000	327	6.01596	0.207418	5.29945
12000	328	2.2019	4.15216	5.97951
12000	329	2.42805	4.81978	4.02443
12000	330	4.21062	4.84541	1.03971
12000	331	2.49484	4.48598	0.634742
12000	332	1.24004	4.37125	2.5164
12000	333	19.0453	3.06661	1.47603
12000	334	5.0527	0.611782	5.47477
12000	335	3.76301	2.73881	2.26665
12000	336	6.44544	3.52039	5.44883
12000	337	3.3338	1.47196	5.34918
12000	338	4.0667	4.34341	1.03426
12000	339	4.03866	1.04367	1.435
12000	340	9.07479	2.15644	5.614
12000	341	4.49594	3.54878	5.96252
12000	342	3.40344	4.02683	2.66535
12000	343	7.59211	1.38687	3.15283
12000	344	6.94315	3.00446	3.368
12000	345	3.79792	3.09667	6.10611
12000	346	4.02925	1.62909	1.17876
12000	347	5.00853	3.70456	2.14879
12000	348	3.77321	1.65118	2.6678
12000	349	3.40642	0.921328	2.16299
12000	350	4.31838	4.64199	4.12014
12000	351	7.20504	0.0418317	2.01343
12000	352	8.67627	4.25724	5.59514
12000	353	2.97749	0.876037	3.20024
12000	354	4.15837	1.56711	1.02133
12000	355	1.93248	1.58744	3.6934
12000	356	15.3363	4.34432	5.2386
12000	357	2.84735	4.63067	4.45085
12000	358	7.57758	0.0744883	4.34121
12000	359	5.07411	4.39943	3.16045
12000	360	4.1938	3.42753	0.752853
12000	361	5.32487	4.20383	3.795
12000	362	4.26614	2.2125	2.65411
12000	363	3.53476	3.57917	0.725075
12000	364	4.34651	2.32695	4.58292
12000	365	2.68351	4.41916	1.38756
12000	366	4.70247	1.86059	1.71398
12000	367	6.06425	2.574	6.05637
12000	368	4.68791	3.11503	5.47667
12000	369	6.11795	1.48543	2.98232
12000	370	2.55785	4.06066	6.09072
12000	371	1.39659	2.3021	1.99614
12000	372	3.61856	3.03434	3.76774
12000	373	3.97897	4.96127	2.2242
12000	374	7.96582	3.33772	2.93502
12000	375	1.6699	3.27111	2.1464
12000	376	4.8661	3.54202	1.81325
12000	377	4.39946	4.16347	3.91906
12000	378	4.67137	1.61128	5.34192
12000	379	11.4569	2.88375	2.557
12000	380	3.34678	2.17884	3.75691
12000	381	2.84249	3.51652	5.69915
12000	382	3.0909	4.57462	2.07076
12000	383	2.31511	2.07889	0.424027
12000	384	15.6733	4.41383	5.67391
12000	385	3.47476	1.71407	5.98988
12000	386	2.89641	1.07447	4.63694
12000	387	5.20662	1.84542	5.71056
12000	388	5.56907	2.4119	1.59495
12000	389	10.4351	1.88994	5.33388
12000	390	2.65041	1.18256	0.807502
12000	391	4.3029	0.130907	0.0657067
12000	392	5.96367	3.51017	5.94153
12000	393	4.28512	4.74797	5.9347
12000	394	3.72976	2.65849	0.592458
12000	395	1.78078	4.77517	2.3931
12000	396	4.18811	3.2654	4.89315
12000	397	2.62041	0.662696	0.895619
12000	398	5.57262	0.035756	3.61745
12000	399	8.35531	1.44315	6.14371
12000	400	4.72572	4.35869	3.01375
12000	401	4.55049	0.897618	0.337852
12000	402	2.84396	4.39422	5.17922
12000	403	4.66051	4.54597	3.38567
12000	404	4.20046	4.11414	0.27662
12000	405	3.0282	0.560073	2.32819
12000	406	5.83949	1.84022	5.61906
12000	407	5.72536	1.64733	0.428148
12000	408	6.09696	3.57273	4.94307
12000	409	2.03921	4.99733	1.68594
12000	410	3.11181	1.70497	0.412001
12000	411	2.77797	3.4481	2.18641
12000	412	3.07427	3.37256	3.42285
12000	413	7.47883	3.89596	5.64028
12000	414	11.9106	1.60213	2.66618
12000	415	2.09256	1.72745	4.91635
12000	416	4.07085	3.16485	2.83949
12000	417	3.83139	0.554678	0.116455
12000	418	2.82432	3.34498	6.23061
12000	419	3.82225	4.14046	3.98912
12000	420	3.02625	0.438935	0.325752
12000	421	2.41876	2.44605	6.26114
12000	422	4.7356	2.2695	5.47624
12000	423	5.15945	3.07129	0.033071
12000	424	12.4634	0.477477	4.50577
12000	425	5.74433	2.22594	5.38224
12000	426	17.9159	4.94249	6.00741
12000	427	3.36587	1.4524	2.4847
12000	428	4.41114	4.99379	1.03184
12000	429	4.17071	0.308071	2.75538
12000	430	3.33851	4.25141	3.89367
12000	431	2.11036	3.52472	2.70198
12000	432	4.65382	2.71611	5.86618
12000	433	3.19936	4.65101	2.07118
12000	434	4.51251	1.23146	1.87143
12000	435	19.99	4.13545	0.941094
12000	436	3.51934	1.98994	0.610004
12000	437	3.63284	0.342511	0.224556
12000	438	6.62668	1.96923	3.74296
12000	439	8.88547	4.21283	5.29522
12000	440	4.21125	2.07575	3.85111
12000	441	8.75254	4.71566	3.66539
12000	442	5.40244	2.17342	3.58548
12000	443	3.75952	0.847792	2.70961
12000	444	5.62311	2.76021	0.0338566
12000	445	5.01082	0.286018	0.469624
12000	446	6.75077	3.77658	1.0278
12000	447	3.29792	1.68914	2.32416
12000	448	5.10359	4.3404	0.335842
12000	449	8.62751	0.910233	4.6168
12000	450	2.56736	3.11933	5.74667
12000	451	1.77979	2.88823	0.515247
12000	452	4.52044	4.23058	6.13914
12000	453	5.51982	0.15695	3.54146
12000	454	2.40713	1.80712	6.14895
12000	455	3.66314	4.34701	0.471773
12000	456	4.76029	3.38083	2.74475
12000	457	1.37311	1.26778	2.0196
12000	458	4.27032	1.92322	1.71032
12000	459	3.80355	0.623732	0.835144
12000	460	3.68487	3.13593	2.98206
12000	461	5.27251	4.04637	2.83577
12000	462	16.0906	1.47429	5.24388
12000	463	4.92789	4.44145	3.85537
12000	464	6.42698	2.66576	5.33769
12000	465	1.6776	1.33921	3.07182
12000	466	3.98133	0.651056	1.34913
12000	467	1.78159	1.04362	4.4204
12000	468	8.0323	4.16403	0.481649
12000	469	4.2273	2.39956	2.23756
12000	470	5.56316	4.54715	1.96488
12000	471	3.95307	4.90742	1.8917
12000	472	3.58856	3.66784	4.77954
12000	473	7.0767	2.52862	4.62006
12000	474	3.75474	1.27795	4.8517
12000	475	3.08254	2.74029	5.70515
12000	476	6.73346	1.03148	5.77455
12000	477	5.64691	0.351298	3.73161
12000	478	3.40542	3.781	1.14061
12000	479	8.26629	2.59994	0.741702
12000	480	3.1594	4.10423	2.48632
12000	481	1.14213	1.48936	5.11212
12000	482	5.20901	4.76079	2.92775
12000	483	4.85602	4.86047	3.31218
12000	484	8.79725	4.16461	6.22611
12000	485	2.40418	1.85112	5.71453
12000	486	2.72041	1.1833	4.60006
12000	487	5.48969	0.776848	0.736859
12000	488	4.81713	4.2691	5.5533
12000	489	13.6805	0.26104	4.5984
12000	490	7.33528	0.225442	4.87282
12000	491	5.64585	3.89228	0.844519
12000	492	13.2783	0.28015	6.12877
12000	493	5.99192	4.20393	4.49214
12000	494	8.79995	2.49381	0.799991
12000	495	5.39689	2.14789	0.394076
12000	496	2.8569	2.08053	4.94339
12000	497	5.92095	3.63881	2.56065
12000	498	4.41224	2.86026	2.57568
12000	499	6.62051	3.39939	3.68157
14000	0	11.6191	4.49114	0.59659
14000	1	5.35865	0.416283	6.01542
14000	2	7.69462	2.00979	1.07473
14000	3	3.44947	1.03401	0.163766
14000	4	2.28648	3.84139	5.09865
14000	5	3.81129	1.27917	4.9435
14000	6	19.7282	1.78044	2.72834
14000	7	4.35767	2.3179	0.597217
14000	8	3.73613	2.15452	0.823615
14000	9	3.70502	3.44917	3.50818
14000	10	4.66151	0.0736612	3.29179
14000	11	6.28784	0.29149	5.44204
14000	12	2.70858	0.310499	6.13606
14000	13	17.3879	0.54525	1.92455
14000	14	5.27675	3.53484	3.75024
14000	15	2.69205	1.76464	5.53242
14000	16	5.68023	0.934345	0.206475
14000	17	3.28634	4.1124	0.689262
14000	18	2.41564	2.26635	0.509625
14000	19	3.92726	2.52452	0.0271627
14000	20	2.65382	4.23557	0.42696
14000	21	16.7534	2.53943	4.52194
14000	22	4.25732	2.32526	3.97399
14000	23	4.55072	0.483475	3.82364
14000	24	4.25205	2.93429	0.224084
14000	25	3.66437	0.0496011	3.05914
14000	26	3.19648	2.86815	3.23858
14000	27	2.76377	0.977819	1.45315
14000	28	6.12881	4.01508	1.12869
14000	29	3.04639	2.13163	4.30106
14000	30	5.26851	1.44463	3.56096
14000	31	3.06872	4.89421	2.06768
14000	32	7.45099	1.64372	1.5675
14000	33	10.149	0.288949	2.46734
14000	34	4.02367	4.49873	5.91993
14000	35	3.36185	4.25564	2.89543
14000	36	2.24581	0.770751	5.23716
14000	37	3.32884	1.97361	1.58238
14000	38	16.7516	2.38111	2.06625
14000	39	6.41777	1.78156	2.93329
14000	40	3.20392	3.76381	0.130501
14000	41	5.09486	0.706068	6.10843
14000	42	3.36279	3.32125	5.4107
14000	43	14.5034	2.25184	2.89924
14000	44	3.68015	3.22898	1.2584
14000	45	3.37265	4.67999	4.26185
14000	46	13.9587	1.17936	0.999036
14000	47	5.43317	4.93853	2.3898
14000	48	3.34028	2.71721	3.73977
14000	49	5.62628	3.22267	1.21791
14000	50	4.5445	0.825578	3.22349
14000	51	3.79999	4.19912	0.759679
14000	52	4.8027	0.974447	5.46655
14000	53	5.15267	4.03337	3.46355
14000	54	4.25207	4.50289	1.71156
14000	55	5.45141	3.6852	0.471776
14000	56	7.62724	3.91351	3.02185
14000	57	14.2109	0.691748	3.80552
14000	58	5.81209	1.02518	3.67776
14000	59	2.68329	3.94018	2.49842
14000	60	13.3152	3.24146	1.55344
14000	61	6.39177	2.20508	3.2493
14000	62	2.29929	3.12812	4.55004
14000	63	6.78606	1.21495	0.729666
14000	64	2.53228	3.02268	5.4945
14000	65	3.39685	4.13337	3.20448
14000	66	5.23913	2.74833	5.58722
14000	67	2.76086	3.75907	6.28234
14000	68	2.30122	4.76951	4.07336
14000	69	2.49906	1.56204	0.00701794
14000	70	5.03798	4.96969	1.33152
14000	71	4.70278	3.26989	2.54883
14000	72	5.73476	4.49996	2.17862
14000	73	15.3013	3.47579	5.14096
14000	74	6.61252	1.44789	2.9382
14000	75	2.27198	1.7785	5.60463
14000	76	3.73859	2.17162	5.27775
14000	77	2.3538	4.37686	1.07919
14000	78	4.1113	2.95591	2.32067
14000	79	4.58818	3.09679	5.50905
14000	80	2.8614	3.29029	0.285269
14000	81	19.5243	2.8897	2.93185
14000	82	5.88271	1.77936	0.805076
14000	83	3.73982	1.7945	5.61357
14000	84	15.8201	2.33486	2.35089
14000	85	4.03302	1.65194	0.343591
14000	86	13.4582	2.89611	0.81098
14000	87	17.3196	4.07702	4.86617
14000	88	1.25159	3.15892	0.60814
14000	89	3.81806	1.27195	2.17438
14000	90	3.10074	1.64201	0.590151
14000	91	5.05685	1.44538	0.820112
14000	92	2.51995	4.73999	6.20244
14000	93	2.3408	0.912177	4.97462
14000	94	0.218385	2.98439	1.16447
14000	95	5.00684	2.62917	0.436372
14000	96	2.93487	4.09523	0.265401
14000	97	9.65828	0.699411	4.43891
14000	98	4.19082	1.29256	3.66295
14000	99	2.97663	4.23364	5.33078
14000	100	4.6223	1.55056	3.64467
14000	101	5.98451	3.72923	1.26519
14000	102	2.86548	0.859284	0.616365
14000	103	3.60258	3.73038	3.52379
14000	104	4.94862	2.61747	3.48865
14000	105	3.04058	1.33085	6.22421
14000	106	5.92326	0.0511577	2.93841
14000	107	5.52705	0.612756	4.31797
14000	108	4.4593	0.827003	4.89691
14000	109	6.45872	2.84766	3.17662
14000	110	2.3114	0.895617	4.78845
14000	111	2.87867	4.99173	5.68646
14000	112	3.04748	2.74191	5.29745
14000	113	2.50709	0.748773	1.30356
14000	114	4.43331	4.06946	3.3735
14000	115	2.09164	2.33335	3.91826
14000	116	8.10822	4.14316	0.220018
14000	117	4.25612	0.639726	3.02684
14000	118	2.60306	3.40381	0.573754
14000	119	3.75047	4.26181	3.29897
14000	120	5.06162	0.830621	3.82066
14000	121	5.25727	0.52398	2.22682
14000	122	5.14545	1.69207	4.23683
14000	123	8.21646	2.68751	3.54171
14000	124	4.95945	3.81306	3.33192
14000	125	5.82125	1.22218	1.12675
14000	126	11.8433	2.06882	0.0392284
14000	127	19.9899	0.162175	3.06978
14000	128	2.51757	3.62691	3.72566
14000	129	2.63219	4.69054	0.679792
14000	130	4.69382	3.14921	5.47874
14000	131	7.50535	3.91759	4.38779
14000	132	3.19676	2.66387	1.17582
14000	133	7.062	1.4588	1.41417
14000	134	4.42901	2.70258	2.71839
14000	135	4.44078	2.74185	1.79664
14000	136	5.59745	4.09585	2.96977
14000	137	2.87207	3.08815	2.74506
14000	138	2.76871	2.67614	3.70211
14000	139	10.2859	0.166382	1.06847
14000	140	4.21152	3.91441	0.437337
14000	141	4.57592	1.43252	5.78437
14000	142	4.86544	1.44049	4.20503
14000	143	3.916	1.51647	1.96312
14000	144	6.23315	1.74488	5.22302
14000	145	17.2996	2.1641	3.02682
14000	146	3.42808	4.9633	2.33691
14000	147	9.25535	3.31154	5.624
14000	148	8.19319	3.46886	3.33413
14000	149	3.07611	0.2309	2.28453
14000	150	3.51085	2.93926	0.651976
14000	151	7.7554	4.72116	0.11928
14000	152	0.660858	1.06997	5.3109
14000	153	2.63073	1.04124	6.13098
14000	154	2.98555	2.18919	3.8346
14000	155	6.20416	0.621108	0.398221
14000	156	3.32843	0.506769	5.87384
14000	157	2.77582	4.16387	6.14784
14000	158	2.9371	4.20463	0.305331
14000	159	5.13099	4.5621	2.71851
14000	160	2.51083	0.498316	3.11372
14000	161	3.13321	1.88629	1.17331
14000	162	2.14054	4.26631	5.1794
14000	163	2.86833	4.33077	2.15841
14000	164	18.2963	3.35729	3.15333
14000	165	1.4638	4.69339	3.14749
14000	166	3.35161	0.872296	0.591762
14000	167	4.61702	2.33855	1.97839
14000	168	6.29018	4.87099	2.47926
14000	169	2.67151	1.74506	2.63301
14000	170	3.59988	3.73448	0.773978
14000	171	4.59784	4.24718	0.545147
14000	172	2.27841	0.237886	2.41291
14000	173	5.18488	4.57642	6.064
14000	174	8.55472	2.41853	2.47432
14000	175	3.2894	2.95552	0.0949033
14000	176	2.71484	2.77058	1.07026
14000	177	4.20863	1.00667	5.83501
14000	178	8.30567	2.30449	0.891886
14000	179	2.60334	1.0847	5.29297
14000	180	5.18617	3.26353	5.94128
14000	181	2.93785	2.61288	3.21881
14000	182	6.09612	2.35641	5.52175
14000	183	4.89395	4.01305	3.86068
14000	184	5.37489	1.76539	5.6006
14000	185	9.28122	0.418756	4.64238
14000	186	8.53254	3.11866	2.26788
14000	187	7.27059	1.27725	3.10396
14000	188	3.08513	4.00192	2.94001
14000	189	6.88025	1.79595	0.873543
14000	190	7.35569	1.65052	0.332353
14000	191	3.49844	1.57578	1.35585
14000	192	4.33009	2.45941	5.4972
14000	193	0.157947	2.52896	3.19537
14000	194	4.34451	4.04919	2.43697
14000	195	4.46111	3.72362	5.05733
14000	196	5.51721	4.23657	2.2209
14000	197	2.0362	4.954	5.78219
14000	198	5.83723	3.89137	2.10347
14000	199	4.23743	0.122274	0.919156
14000	200	2.44876	3.19656	1.54125
14000	201	13.6408	2.65302	3.91721
14000	202	3.63564	0.664563	4.99022
14000	203	5.66989	2.87141	4.24869
14000	204	2.79291	3.33367	0.566266
14000	205	5.96269	4.45349	3.66058
14000	206	3.9618	0.505964	3.22017
14000	207	12.7864	0.195707	2.73311
14000	208	4.19396	4.39764	4.75028
14000	209	13.318	4.35885	1.27647
14000	210	15.8422	2.7417	5.73162
14000	211	2.3179	1.33277	0.0151913
14000	212	4.83138	0.296906	4.22206
14000	213	3.25542	3.72614	0.371911
14000	214	3.85477	2.61891	2.25287
14000	215	8.39118	3.40622	4.41742
14000	216	6.11958	4.37416	4.22148
14000	217	4.95106	2.21662	1.82182
14000	218	1.86294	3.56567	1.77718
14000	219	3.78782	4.84724	1.95323
14000	220	4.89242	0.764947	0.739104
14000	221	5.87667	3.613	0.269575
14000	222	2.06833	4.06108	3.80927
14000	223	5.67611	2.14134	5.98639
14000	224	5.18149	0.762583	1.66216
14000	225	1.05662	1.55143	2.81507
14000	226	3.50733	1.96465	0.0590248
14000	227	2.9017	0.646939	5.41962
14000	228	3.45296	2.92865	2.31355
14000	229	16.2474	2.50946	5.37227
14000	230	5.70635	0.940964	3.47605
14000	231	5.52024	1.04458	5.35853
14000	232	4.61978	3.70525	2.74757
14000	233	15.5638	3.55576	5.26784
14000	234	6.4823	3.7753	0.971222
14000	235	2.43217	2.42692	0.543371
14000	236	4.03922	4.50357	4.72817
14000	237	2.9172	1.50416	2.58421
14000	238	2.95094	2.74533	0.520517
14000	239	5.95897	3.8955	1.15901
14000	240	1.63414	3.53702	4.40011
14000	241	5.38493	0.938855	2.84699
14000	242	4.18758	4.0762	3.94942
14000	243	5.20393	2.30313	3.3002
14000	244	12.8952	0.823793	1.79356
14000	245	4.59365	0.0760111	1.75569
14000	246	4.15017	1.32438	3.57739
14000	247	0.345974	1.69029	2.16582
14000	248	5.11761	0.944517	0.733865
14000	249	2.74562	0.421176	5.48703
14000	250	3.35572	2.75416	4.53056
14000	251	5.1535	0.26617	1.58697
14000	252	4.43237	2.90591	2.7529
14000	253	5.21925	4.0064	3.00524
14000	254	2.84154	4.96423	0.689239
14000	255	3.92999	1.91932	6.22293
14000	256	2.9332	1.66059	0.687477
14000	257	6.8054	3.12936	1.49171
14000	258	5.61535	4.46893	1.34442
14000	259	3.87521	2.93009	5.19266
14000	260	3.39598	4.344	2.40061
14000	261	5.55754	3.22425	3.97252
14000	262	2.74901	2.09079	4.39149
14000	263	5.37812	3.8876	4.2445
14000	264	4.29624	3.88462	1.90037
14000	265	4.4419	0.25594	2.32015
14000	266	3.28668	4.46879	3.92388
14000	267	2.19551	4.69665	4.92142
14000	268	2.65808	0.239701	1.44531
14000	269	5.64914	3.94585	3.15289
14000	270	5.59743	0.493023	5.33382
14000	271	2.71803	1.06061	2.99404
14000	272	3.88311	3.02016	3.51798
14000	273	3.63683	2.9066	5.35375
14000	274	8.07304	2.50563	4.79225
14000	275	2.97732	1.76025	4.02984
14000	276	19.3087	3.14393	1.98966
14000	277	9.79947	1.72987	0.792181
14000	278	6.44673	0.396359	2.43809
14000	279	6.45004	4.4647	0.47045
14000	280	3.58627	0.214767	3.95202
14000	281	2.44178	3.97133	4.55964
14000	282	3.53607	4.60878	5.07707
14000	283	3.83968	2.37471	1.74433
14000	284	4.0859	1.84661	5.94123
14000	285	5.03851	2.41874	3.70508
14000	286	15.7904	2.75849	2.03458
14000	287	5.01392	1.52869	6.21447
14000	288	4.00284	0.869372	3.11975
14000	289	1.92507	2.15589	0.0927602
14000	290	3.70865	4.7387	4.41093
14000	291	3.92069	3.34137	5.30112
14000	292	4.3939	0.145865	5.567
14000	293	1.78287	1.56802	2.37373
14000	294	0.969602	2.02889	4.20812
14000	295	2.51104	2.51539	5.92313
14000	296	4.71843	2.60303	2.34286
14000	297	3.84422	1.42559	3.54483
14000	298	6.04605	0.208174	5.80049
14000	299	8.10441	4.8665	3.37612
14000	300	3.51341	2.21629	3.57791
14000	301	9.27229	0.689249	4.44868
14000	302	3.81413	0.895884	6.23828
14000	303	4.16323	4.7357	5.15756
14000	304	3.5305	0.862298	0.334183
14000	305	5.25046	3.38581	6.09271
14000	306	5.26239	1.13147	0.181234
14000	307	3.13798	2.21425	5.16582
14000	308	6.06878	4.20678	1.72265
14000	309	3.3818	4.73088	1.14758
14000	310	17.0801	3.91654	3.25591
14000	311	3.912	2.64795	4.8321
14000	312	4.2104	3.12884	5.86963
14000	313	2.57679	3.56673	0.951065
14000	314	18.3604	2.0813	0.237387
14000	315	5.63208	1.43222	2.77187
14000	316	3.92877	0.994829	5.72444
14000	317	2.76202	0.94563	2.22628
14000	318	4.18373	4.52515	3.11808
14000	319	5.16084	0.11597	1.76378
14000	320	14.9464	0.771235	4.31649
14000	321	3.09484	3.50057	2.07686
14000	322	3.28975	1.67936	4.99437
14000	323	5.04716	2.41604	1.14131
14000	324	5.26804	2.60796	0.24249
14000	325	5.05131	2.19802	4.40682
14000	326	4.05917	1.28391	2.30097
14000	327	2.75569	4.77887	1.79852
14000	328	3.7786	0.538411	5.14389
14000	329	5.09766	0.00204183	5.49654
14000	330	4.85439	0.610344	4.45861
14000	331	3.80408	2.15613	1.7652
14000	332	1.79087	3.60891	4.14498
14000	333	3.56344	3.39749	4.4541
14000	334	2.48905	2.19064	2.10209
14000	335	2.7155	2.94961	6.07041
14000	336	4.68778	1.94693	4.53737
14000	337	4.27875	1.97776	1.80197
14000	338	4.57739	1.39952	4.95881
14000	339	4.06638	4.90518	3.37135
14000	340	16.3611	4.19156	1.60066
14000	341	7.79171	2.5116	0.960667
14000	342	3.04814	0.22526	5.89598
14000	343	4.80478	1.54974	1.42796
14000	344	9.66922	0.197694	6.16383
14000	345	15.205	0.825152	0.980988
14000	346	3.28136	0.64364	0.568665
14000	347	3.89174	0.139781	6.10891
14000	348	6.65364	1.63048	3.64883
14000	349	12.6491	0.444849	0.560517
14000	350	4.76322	1.31625	0.155493
14000	351	4.32102	4.14974	3.63337
14000	352	2.36437	1.56942	0.455572
14000	353	4.03559	3.45242	2.37622
14000	354	3.41115	2.57903	1.4791
14000	355	6.48805	1.11306	4.47601
14000	356	7.44128	4.7073	0.62467
14000	357	3.91894	1.80026	5.8636
14000	358	3.63542	1.61118	4.5601
14000	359	2.92768	1.96197	1.53657
14000	360	3.68499	1.76351	1.20965
14000	361	2.33917	0.451715	5.63352
14000	362	3.45919	3.43239	3.52994
14000	363	2.09801	1.9229	2.65341
14000	364	3.92158	0.634655	0.897847
14000	365	5.589	0.927969	6.14473
14000	366	12.2805	1.33544	4.23333
14000	367	4.127	4.19037	3.01589
14000	368	8.00476	4.13104	5.88047
14000	369	5.4569	0.953272	5.28337
14000	370	3.98839	3.59223	4.91993
14000	371	3.38716	1.35329	4.85947
14000	372	0.817677	1.19761	1.33875
14000	373	5.75491	3.13181	3.674
14000	374	6.99959	4.70277	0.112433
14000	375	2.89753	2.47208	6.07516
14000	376	0.85227	4.17633	1.27302
14000	377	7.02603	4.00379	1.8294
14000	378	2.87508	1.27806	5.79183
14000	379	3.46559	1.41131	4.26623
14000	380	2.10192	4.45657	0.742059
14000	381	4.46819	0.601734	0.880171
14000	382	4.89458	4.92331	6.24649
14000	383	2.5809	0.90793	4.73743
14000	384	4.17084	0.471999	0.442139
14000	385	5.3329	0.130155	1.44134
14000	386	3.28105	3.03676	2.88179
14000	387	3.81031	0.920038	2.5908
14000	388	17.593	1.40724	0.776304
14000	389	7.15208	0.494526	0.507427
14000	390	3.9932	1.67923	5.04796
14000	391	4.8535	1.71607	1.91383
14000	392	5.53339	1.69724	5.94521
14000	393	3.6186	3.68426	5.36267
14000	394	0.517281	2.70883	1.72762
14000	395	5.02691	3.97706	5.73096
14000	396	5.37509	2.92629	0.507958
14000	397	4.60923	3.59748	2.58314
14000	398	4.10312	4.71032	0.128253
14000	399	4.62306	2.49438	4.54795
14000	400	3.81383	1.9281	1.63593
14000	401	2.93732	0.673607	3.90598
14000	402	13.2755	3.42603	4.49997
14000	403	5.40375	1.85457	3.53305
14000	404	8.81366	3.68384	4.03887
14000	405	5.30068	4.69082	5.81483
14000	406	5.59295	1.95957	2.55785
14000	407	6.58516	0.63985	6.13885
14000	408	4.91576	2.43248	5.00622
14000	409	1.32664	1.57905	2.88261
14000	410	4.16977	2.82658	0.0862235
14000	411	4.13357	2.72344	3.98299
14000	412	3.58036	3.76096	6.16892
14000	413	15.1385	1.99117	1.57382
14000	414	6.30178	4.24535	4.07034
14000	415	2.20459	1.7805	4.4949
14000	416	14.3866	4.94871	5.65721
14000	417	2.00932	4.90209	5.598
14000	418	2.81167	2.68321	2.13072
14000	419	5.40515	4.2225	0.433975
14000	420	6.99194	3.74046	6.08395
14000	421	5.94456	0.484595	0.690139
14000	422	5.14672	4.31618	2.39931
14000	423	13.3761	0.283329	2.38638
14000	424	4.13485	0.810804	1.44584
14000	425	8.12497	4.33537	6.05358
14000	426	3.20894	2.63369	2.85037
14000	427	2.86172	4.42855	1.56287
14000	428	5.64618	4.73707	4.41664
14000	429	9.80344	1.43548	3.6135
14000	430	3.26626	0.779934	3.71096
14000	431	6.14745	4.66714	4.21097
14000	432	4.25161	2.10574	5.56072
14000	433	4.97666	1.05824	2.28903
14000	434	9.12689	4.73415	3.04738
14000	435	3.982	3.26193	0.872565
14000	436	4.08526	0.910075	5.61354
14000	437	16.7146	1.66426	4.01068
14000	438	3.1982	2.22809	0.470558
14000	439	4.4026	3.99881	2.13782
14000	440	19.6128	2.09494	2.0996
14000	441	9.50225	2.07765	4.47076
14000	442	3.31755	0.141844	5.19504
14000	443	4.57635	4.54544	4.83726
14000	444	1.80958	4.42373	5.98998
14000	445	6.50184	3.75576	2.08967
14000	446	5.31454	0.39195	3.21782
14000	447	3.80255	2.45633	3.91131
14000	448	2.27964	0.0526775	2.79718
14000	449	5.50377	4.66368	3.23101
14000	450	4.25685	4.07887	5.91825
14000	451	5.6016	1.52789	0.344416
14000	452	10.6998	0.813679	2.76752
14000	453	3.07133	2.60016	2.66558
14000	454	4.07294	2.35002	2.69249
14000	455	2.47572	1.68937	0.359049
14000	456	4.38501	2.45333	0.0247444
14000	457	2.30646	0.74958	2.33859
14000	458	4.20411	0.459971	0.0668462
14000	459	4.79496	1.90832	3.84865
14000	460	11.148	0.127567	2.53951
14000	461	4.94077	4.92604	5.67381
14000	462	5.88064	0.270282	0.251116
14000	463	3.53385	3.81817	1.65814
14000	464	2.89451	0.781281	4.46627
14000	465	5.80162	1.50031	1.15899
14000	466	3.79378	3.98808	0.190923
14000	467	5.89571	4.04467	3.133
14000	468	7.50215	4.25121	5.15003
14000	469	7.17231	0.158023	2.25123
14000	470	6.60654	4.83197	2.26543
14000	471	12.0143	3.53863	2.12528
14000	472	6.51545	2.54138	0.0266476
14000	473	4.47758	1.68947	2.85351
14000	474	3.52825	3.30967	0.510083
14000	475	3.08198	1.63127	2.28832
14000	476	4.76605	3.49999	2.93225
14000	477	3.04665	3.2921	3.77091
14000	478	3.34447	4.09406	3.66391
14000	479	1.92238	2.26687	4.82343
14000	480	5.59101	2.57255	5.07522
14000	481	2.07806	0.792745	2.77015
14000	482	3.88639	2.7646	4.80944
14000	483	4.96276	3.54154	0.548096
14000	484	5.51972	1.89138	2.37175
14000	485	4.23288	1.75645	4.73564
14000	486	4.36429	2.4515	1.08076
14000	487	2.17126	0.474119	3.24432
14000	488	4.24526	2.6299	1.96121
14000	489	10.9357	2.19958	0.89375
14000	490	2.99561	2.17887	3.16659
14000	491	4.72937	3.36922	1.47839
14000	492	3.25204	4.45744	1.52153
14000	493	4.74709	2.97336	5.79692
14000	494	6.33956	4.35816	5.35106
14000	495	5.25374	1.75396	3.80402
14000	496	5.74311	0.0292423	1.52425
14000	497	5.41177	4.77542	3.08377
14000	498	7.75682	1.17984	4.35758
14000	499	1.78335	1.18732	4.25865
16000	0	3.93886	2.8127	6.00565
16000	1	3.30855	4.79542	4.86867
16000	2	6.80558	1.22992	4.19451
16000	3	18.9362	3.98104	2.39951
16000	4	2.65319	0.812418	1.99789
16000	5	5.97976	4.98916	3.22527
16000	6	3.50108	1.41229	1.98315
16000	7	5.29961	0.379746	3.49725
16000	8	15.2307	0.448318	2.18379
16000	9	5.598	3.23326	2.20411
16000	10	13.1633	2.72351	1.50163
16000	11	2.15697	4.23397	4.22714
16000	12	2.07072	4.05637	5.62355
16000	13	13.8243	4.17022	4.23474
16000	14	18.4051	3.64631	1.4691
16000	15	2.93058	2.62066	4.48799
16000	16	3.33688	2.89219	4.35211
16000	17	3.99143	2.0727	0.836307
16000	18	5.08468	1.72542	1.29492
16000	19	6.60691	2.3203	2.95298
16000	20	3.29078	0.771251	0.322863
16000	21	4.71615	0.906974	3.7103
16000	22	5.68676	0.746665	1.61894
16000	23	7.55307	1.87272	3.3272
16000	24	5.08682	4.30249	2.64275
16000	25	3.92123	1.41276	4.825
16000	26	3.43609	2.37321	0.0952737
16000	27	3.50316	0.59512	3.1272
16000	28	2.26044	2.28054	1.74098
16000	29	4.5983	1.1547	1.53421
16000	30	7.18819	0.0993131	5.49817
16000	31	2.52037	2.9183	5.19138
16000	32	2.54615	0.872018	3.37175
16000	33	4.78586	2.20801	3.20805
16000	34	3.22228	3.00704	1.19471
16000	35	4.58991	0.842507	5.39855
16000	36	3.48054	0.791784	1.3552
16000	37	6.73299	4.95571	1.41236
16000	38	2.21186	2.2241	6.04941
16000	39	2.6026	4.92229	4.62201
16000	40	10.5804	2.45401	1.62828
16000	41	5.9351	3.82439	5.43339
16000	42	5.4003	1.79436	0.477246
16000	43	3.93032	3.43641	2.01747
16000	44	2.78846	1.85357	4.01418
16000	45	4.48112	0.293485	4.68957
16000	46	2.93728	2.11142	1.03423
16000	47	2.37321	0.92121	3.40127
16000	48	2.68419	3.48782	1.51271
16000	49	3.76693	1.01623	1.67845
16000	50	5.42651	2.36427	0.407347
16000	51	4.40922	2.36775	3.23711
16000	52	2.63599	4.55267	3.55627
16000	53	3.13135	1.30106	6.28112
16000	54	2.62422	4.49857	4.72852
16000	55	8.73683	2.31254	4.37475
16000	56	4.48214	0.345007	4.90947
16000	57	12.6369	2.41606	0.651803
16000	58	3.1176	2.9364	3.66404
16000	59	4.75125	3.05522	3.33191
16000	60	5.40178	4.99015	3.50983
16000	61	2.73395	1.8837	1.34017
16000	62	4.44711	0.575085	2.54503
16000	63	5.88671	4.65815	1.78497
16000	64	14.6722	3.47582	5.85852
16000	65	7.18699	0.951741	2.43586
16000	66	5.43328	1.5982	4.10285
16000	67	4.27191	3.11011	0.218359
16000	68	3.28293	4.23706	2.86011
16000	69	3.09357	3.07836	2.63695
16000	70	4.93827	1.37761	4.17265
16000	71	19.747	4.2041	0.826951
16000	72	9.46444	4.72013	4.96688
16000	73	4.98672	4.7225	4.36471
16000	74	3.67121	4.51892	3.53612
16000	75	16.3453	0.656619	4.01691
16000	76	2.92266	3.90279	3.49676
16000	77	8.15705	0.00767349	2.19192
16000	78	4.82956	3.7436	4.06043
16000	79	4.9441	2.30928	4.17883
16000	80	3.57103	3.72445	0.496632
16000	81	2.9419	1.87642	5.42217
16000	82	2.3221	0.0522677	0.233163
16000	83	2.52415	1.62612	4.46029
16000	84	1.84251	1.05438	4.85384
16000	85	2.64152	1.77605	4.41914
16000	86	3.15353	4.87515	5.64946
16000	87	2.31752	3.95167	3.25245
16000	88	2.24174	1.66367	1.25652
16000	89	2.40956	0.558398	1.72346
16000	90	3.68154	3.96809	0.086795
16000	91	3.94428	1.19396	0.372023
16000	92	3.22455	1.85645	3.99862
16000	93	2.56109	2.06429	3.52924
16000	94	5.35013	0.434103	2.1282
16000	95	19.6243	2.11243	0.0473255
16000	96	3.50609	1.54928	1.59358
16000	97	3.41147	2.49651	3.75223
16000	98	11.6782	0.250168	1.01556
16000	99	4.33503	1.84275	0.368915
16000	100	2.55099	3.68467	5.87513
16000	101	3.9247	0.457119	1.63592
16000	102	4.46079	4.2134	3.00982
16000	103	2.85726	1.34504	5.32554
16000	104	3.61108	0.277031	0.410722
16000	105	4.06378	2.45531	0.425415
16000	106	2.98296	3.95262	2.67966
16000	107	2.22719	4.47405	0.602026
16000	108	2.73091	4.57938	1.19329
16000	109	3.74579	1.31289	4.67704
16000	110	5.38275	0.404344	3.79788
16000	111	2.61716	2.13335	6.00965
16000	112	2.13527	4.51191	5.35081
16000	113	3.85048	4.61212	3.08235
16000	114	4.98576	1.96401	3.48787
16000	115	1.94956	0.451959	1.59453
16000	116	4.60286	1.21248	3.98497
16000	117	10.2476	4.00175	1.78718
16000	118	5.97071	2.4593	1.65047
16000	119	2.99683	4.48674	1.30777
16000	120	2.65286	4.3849	0.915141
16000	121	2.69337	2.64585	3.91126
16000	122	5.30149	2.6347	1.63421
16000	123	2.83106	2.03505	1.21394
16000	124	4.62915	3.55055	1.05088
16000	125	3.55862	3.07167	2.59838
16000	126	3.98514	3.53321	2.8787
16000	127	4.67699	2.44795	1.24638
16000	128	1.73101	0.927675	2.26394
16000	129	1.97458	3.4931	4.42053
16000	130	4.75748	4.88661	2.54136
16000	131	6.34604	1.53542	0.842287
16000	132	4.21067	4.80512	4.9191
16000	133	6.62872	3.29372	6.10513
16000	134	2.22764	3.18805	1.65562
16000	135	5.02404	4.5961	4.15804
16000	136	5.25454	1.9125	5.36177
16000	137	4.40412	2.16876	2.31729
16000	138	5.27229	3.7927	1.69086
16000	139	0.00947585	4.3269	1.12516
16000	140	4.61461	4.73057	1.96707
16000	141	6.28421	1.90139	4.24416
16000	142	5.54441	1.2606	1.56527
16000	143	1.77876	4.02183	1.22006
16000	144	6.3623	3.34394	5.22636
16000	145	8.06112	0.998251	0.220625
16000	146	5.08432	4.84401	0.552031
16000	147	5.84434	1.73007	2.77729
16000	148	4.6568	2.21799	5.69119
16000	149	2.76024	4.6767	3.09673
16000	150	3.89679	1.67965	3.6698
16000	151	3.0385	2.43854	1.56771
16000	152	4.78871	0.798469	1.75348
16000	153	3.35585	2.84053	3.27677
16000	154	16.5537	2.32147	1.3503
16000	155	2.96244	1.31304	1.36224
16000	156	2.93601	3.03568	0.458718
16000	157	3.23788	3.32534	2.25535
16000	158	4.30517	2.76792	5.19158
16000	159	4.88865	4.52713	0.775146
16000	160	4.887	4.46111	3.31705
16000	161	2.72283	0.00671763	1.4582
16000	162	2.54297	0.529274	3.0406
16000	163	3.91997	0.102699	4.64142
16000	164	4.62346	3.8433	6.20985
16000	165	8.73083	0.121293	4.71262
16000	166	7.78465	2.26963	5.9782
16000	167	4.27031	2.48107	0.447057
16000	168	2.2105	2.45756	0.834843
16000	169	3.29779	4.72622	2.34808
16000	170	3.74453	0.368895	5.27853
16000	171	3.99237	1.29764	0.994727
16000	172	3.32305	3.21257	4.05082
16000	173	2.50346	4.2561	1.57843
16000	174	4.59853	1.0901	3.27638
16000	175	5.27782	4.02264	2.74868
16000	176	2.41518	4.02584	1.69208
16000	177	3.29202	2.80484	1.33027
16000	178	4.36685	2.94281	3.31986
16000	179	4.21203	3.26284	0.0282827
16000	180	2.33577	1.2891	0.0705959
16000	181	16.6079	3.47686	0.624616
16000	182	5.08616	1.1821	3.22623
16000	183	2.25661	1.29503	2.12814
16000	184	5.66627	3.00069	4.07368
16000	185	3.17169	0.59447	4.78071
16000	186	5.76473	2.80505	4.20046
16000	187	10.0142	2.52521	5.14763
16000	188	5.1838	4.32305	1.32315
16000	189	1.87834	0.516051	5.65497
16000	190	2.05029	0.580373	3.74603
16000	191	3.14246	0.698111	5.10735
16000	192	2.89022	0.219107	4.2467
16000	193	2.57345	0.651834	2.49559
16000	194	2.40171	1.45453	2.84316
16000	195	4.70147	4.86683	0.625128
16000	196	2.14068	3.43922	1.81519
16000	197	3.91341	4.66509	1.75903
16000	198	4.58213	1.71447	1.95263
16000	199	4.11425	1.44788	1.81654
16000	200	5.72156	1.55081	3.28648
16000	201	4.94815	3.52359	2.17269
16000	202	4.53587	0.307058	1.75343
16000	203	3.39713	0.164786	2.08974
16000	204	4.10694	1.7571	5.96241
16000	205	4.48356	3.56898	3.97209
16000	206	4.04848	2.95978	2.61129
16000	207	13.9789	2.0445	5.26882
16000	208	5.03835	0.527131	2.60898
16000	209	4.07803	3.73395	0.132801
16000	210	18.3682	0.168218	0.381592
16000	211	16.7097	2.02867	0.562805
16000	212	2.45865	0.741011	0.0450731
16000	213	4.23949	0.842276	3.7014
16000	214	5.08813	0.257612	3.18287
16000	215	1.6857	3.86885	2.79289
16000	216	3.88305	1.0778	6.08489
16000	217	4.31383	1.73852	0.551911
16000	218	5.06391	2.64512	4.87806
16000	219	5.09947	1.61429	1.63253
16000	220	3.43544	3.36904	5.35275
16000	221	12.351	0.379715	3.40486
16000	222	4.1059	1.21424	3.9271
16000	223	3.42064	0.696216	1.6175
16000	224	10.6295	2.91955	0.466538
16000	225	2.63463	0.184382	3.23144
16000	226	13.698	0.414703	1.30829
16000	227	5.5801	0.964141	3.03254
16000	228	3.7867	0.866895	1.45663
16000	229	7.87692	0.934414	0.544772
16000	230	1.64318	4.83487	5.41876
16000	231	14.5721	1.427	1.20664
16000	232	15.269	2.53694	0.223365
16000	233	3.7575	4.38917	1.7664
16000	234	2.51138	3.83734	3.48224
16000	235	5.2924	3.59002	1.26333
16000	236	5.94227	3.44544	5.99782
16000	237	4.47695	2.67292	3.56391
16000	238	4.40702	4.07698	0.881992
16000	239	2.3621	2.57509	1.61158
16000	240	1.93552	4.10459	1.57445
16000	241	3.87365	1.50948	1.69742
16000	242	3.40347	4.24111	4.98068
16000	243	1.74555	0.772882	1.00132
16000	244	4.56977	0.258411	2.91005
16000	245	12.1863	0.72066	1.04801
16000	246	7.63707	0.861218	2.93373
16000	247	2.58123	0.332776	2.93651
16000	248	4.69467	0.763202	5.80677
16000	249	4.86501	3.71082	2.60599
16000	250	3.16112	0.980754	3.82874
16000	251	14.1639	3.69891	4.89831
16000	252	1.97433	2.696	0.169914
16000	253	2.59931	3.38386	4.40436
16000	254	4.22958	1.70212	1.96719
16000	255	4.35061	0.600771	1.39352
16000	256	1.21578	0.397506	5.78366
16000	257	1.12006	1.46117	5.45109
16000	258	9.99467	3.31627	0.130688
16000	259	3.783	2.12955	0.23465
16000	260	4.14567	0.445627	1.96986
16000	261	5.32479	3.37611	2.73924
16000	262	2.25279	0.90734	0.739819
16000	263	2.51139	2.62098	1.91502
16000	264	2.78143	0.728297	1.93674
16000	265	2.99095	3.66923	0.83973
16000	266	2.9276	4.57154	3.12668
16000	267	5.68327	4.34984	4.70015
16000	268	2.53711	4.10933	1.065
16000	269	1.92172	3.74943	5.87563
16000	270	4.54852	1.55381	5.571
16000	271	6.059	3.20949	1.76709
16000	272	4.15406	3.50123	0.328886
16000	273	2.93083	1.18505	1.55961
16000	274	6.67682	1.6626	4.44223
16000	275	4.44974	2.26606	0.824926
16000	276	3.00009	0.597303	0.456893
16000	277	4.88556	2.78404	4.74983
16000	278	4.0037	4.25164	1.26663
16000	279	3.7315	4.62787	5.80329
16000	280	5.25338	4.08329	2.91981
16000	281	9.77826	1.96376	3.33772
16000	282	2.84342	1.25538	3.7683
16000	283	7.36337	3.49894	4.09225
16000	284	4.55894	1.13828	4.0033
16000	285	16.5483	3.82369	3.39535
16000	286	4.1715	4.07724	2.39248
16000	287	4.94356	3.11431	2.7436
16000	288	3.6565	0.854935	3.86738
16000	289	8.37842	2.96332	5.29827
16000	290	6.126	1.89615	5.68784
16000	291	8.17062	1.36062	5.57405
16000	292	5.92821	3.67748	4.17716
16000	293	4.61824	2.67422	1.80311
16000	294	4.87718	0.822833	3.24534
16000	295	15.4097	2.19788	3.26879
16000	296	9.27799	0.343479	3.82007
16000	297	3.39254	4.95327	5.08236
16000	298	2.06309	2.31603	1.15874
16000	299	5.12561	1.59153	1.14334
16000	300	5.48928	4.70562	2.85208
16000	301	4.71937	1.38853	3.55768
16000	302	4.17522	3.69679	5.92382
16000	303	5.29199	2.46712	0.244965
16000	304	1.73961	2.69232	0.563776
16000	305	2.16469	4.71334	0.550946
16000	306	11.3263	0.0210728	3.00238
16000	307	4.02774	3.75422	4.20559
16000	308	18.0918	1.87591	0.761351
16000	309	5.78001	4.26607	2.25551
16000	310	6.46211	1.19272	2.3446
16000	311	5.42933	1.34497	5.52423
16000	312	3.90709	1.2791	3.03044
16000	313	2.38917	3.52765	5.81213
16000	314	5.19371	3.37128	3.46917
16000	315	2.46499	2.32916	1.03818
16000	316	5.89281	4.68955	1.91714
16000	317	6.39225	4.48854	4.85567
16000	318	4.81614	1.12037	2.49707
16000	319	4.40727	4.7674	3.15114
16000	320	5.79579	1.6906	5.57083
16000	321	2.94723	0.516804	4.48273
16000	322	2.23953	1.20205	1.8587
16000	323	13.3618	1.16919	1.89971
16000	324	0.159881	0.878283	1.97501
16000	325	3.64473	2.54943	3.0528
16000	326	6.23698	3.62906	4.15479
16000	327	4.86088	2.77116	1.45554
16000	328	4.47407	3.88681	5.21286
16000	329	3.47677	1.26976	3.05955
16000	330	3.38139	4.19833	0.534482
16000	331	8.63315	2.43046	3.58069
16000	332	4.66386	4.78954	0.0070766
16000	333	6.42893	4.01612	1.41328
16000	334	4.24573	1.85802	0.801804
16000	335	4.19353	3.05557	0.293952
16000	336	8.97102	4.10237	4.2292
16000	337	2.50698	1.22323	4.70807
16000	338	6.05698	3.20104	5.59339
16000	339	2.95643	1.15496	0.445284
16000	340	15.8528	4.4911	3.72078
16000	341	3.56855	4.03725	1.72792
16000	342	4.51921	0.135369	4.95796
16000	343	3.01267	0.838019	5.55474
16000	344	1.1275	3.56153	2.74176
16000	345	5.88024	1.7397	1.86784
16000	346	10.0731	3.35978	4.03864
16000	347	5.19063	3.19128	5.74945
16000	348	5.42203	4.61723	1.25604
16000	349	7.38739	2.58021	3.94247
16000	350	7.45714	3.44983	5.61729
16000	351	3.70532	1.70533	4.13672
16000	352	5.24545	4.93237	4.21856
16000	353	3.31528	4.65312	3.03982
16000	354	2.52711	2.62783	4.57176
16000	355	2.98756	3.68339	5.09248
16000	356	6.17242	3.05596	0.428143
16000	357	6.78948	1.18471	0.120068
16000	358	3.87803	3.96443	3.36115
16000	359	3.73191	4.78935	3.18135
16000	360	12.9302	3.70847	1.00032
16000	361	3.83605	0.881147	2.58551
16000	362	11.5305	3.1434	3.41973
16000	363	13.4639	1.36111	5.78018
16000	364	2.90965	3.53266	0.193237
16000	365	3.62462	0.326388	5.41149
16000	366	6.64954	2.92147	1.74266
16000	367	4.37873	1.3129	2.41805
16000	368	5.2103	0.0343583	3.87178
16000	369	4.13588	2.98606	4.60267
16000	370	2.27795	4.54956	5.99018
16000	371	5.45272	3.77985	5.36379
16000	372	2.05765	1.9994	0.986483
16000	373	2.34107	2.37313	0.113175
16000	374	8.63272	3.71372	0.972393
16000	375	4.61229	4.58571	5.84154
16000	376	3.30734	4.4838	1.08954
16000	377	16.6959	4.11067	4.87293
16000	378	2.49236	4.74371	2.52939
16000	379	6.3021	3.02469	2.00556
16000	380	3.96106	2.05549	5.96364
16000	381	4.10897	1.75366	2.26768
16000	382	3.81493	2.64874	3.91339
16000	383	3.54587	1.31798	4.97951
16000	384	4.37318	2.67934	0.692717
16000	385	3.85504	2.85615	3.36121
16000	386	18.9237	0.844587	0.711469
16000	387	3.42298	1.94796	3.75394
16000	388	2.07435	2.19219	5.74608
16000	389	3.68754	2.53929	1.72155
16000	390	0.780399	4.50966	3.22153
16000	391	6.75863	0.800524	3.88844
16000	392	2.65021	1.40254	1.67629
16000	393	3.25757	4.26406	2.59527
16000	394	3.25487	1.68234	2.46411
16000	395	15.7919	3.71902	4.61173
16000	396	4.95306	0.578892	6.27098
16000	397	7.7962	2.22416	4.23912
16000	398	4.07474	2.2207	1.10443
16000	399	4.62795	4.11203	6.26734
16000	400	5.02964	2.31488	5.73329
16000	401	11.1058	3.67129	5.21114
16000	402	4.0636	0.32477	2.56603
16000	403	3.22993	2.87929	3.6423
16000	404	5.47228	2.64423	0.427093
16000	405	3.1757	1.25526	2.84124
16000	406	2.98563	4.83884	3.19587
16000	407	1.46826	1.40551	2.92267
16000	408	6.05709	1.71618	5.82075
16000	409	3.15563	1.07905	5.31065
16000	410	3.09425	2.67641	0.121496
16000	411	5.12724	4.39507	2.70618
16000	412	3.11131	3.07624	0.496683
16000	413	2.63626	0.349615	0.518825
16000	414	4.90841	0.879248	1.72753
16000	415	4.7802	3.55098	3.94951
16000	416	3.13082	4.56195	2.65497
16000	417	2.23156	4.62624	3.25478
16000	418	4.30194	3.53779	1.81316
16000	419	4.89721	0.889386	0.950463
16000	420	5.45737	2.83932	5.55644
16000	421	3.43584	2.23915	0.332654
16000	422	2.20371	2.56205	4.55073
16000	423	2.91244	2.1986	3.96146
16000	424	10.751	0.655472	1.28474
16000	425	0.267457	3.22967	3.07688
16000	426	3.6585	0.88076	0.0431177
16000	427	19.7105	4.75048	1.12852
16000	428	8.04747	2.11164	3.83006
16000	429	5.87716	4.91584	4.18593
16000	430	5.3653	1.14281	0.756953
16000	431	2.95066	1.04461	2.89341
16000	432	7.19448	0.115511	5.84474
16000	433	19.9837	3.75233	3.06349
16000	434	3.78636	2.07426	0.466515
16000	435	8.26125	1.07056	0.571249
16000	436	3.66423	2.35172	3.43349
16000	437	2.27792	4.17295	1.81702
16000	438	8.66568	0.387355	3.0013
16000	439	3.58299	4.14659	2.21657
16000	440	15.4485	0.73616	4.44763
16000	441	6.87324	1.49398	6.1253
16000	442	5.40152	2.1303	4.3681
16000	443	19.7928	3.27409	3.70343
16000	444	3.91422	3.66522	5.98544
16000	445	8.48366	0.638179	2.10547
16000	446	9.35911	4.11411	5.23436
16000	447	1.32244	1.84049	5.72978
16000	448	18.5496	2.42091	4.59124
16000	449	3.29906	2.49844	0.359185
16000	450	4.5419	2.03373	5.53651
16000	451	11.3052	1.38769	1.97175
16000	452	2.35974	3.26333	0.453816
16000	453	2.30592	0.233433	4.99636
16000	454	3.12193	0.383466	5.66355
16000	455	5.50126	3.29416	3.39502
16000	456	4.09444	2.37541	4.21389
16000	457	5.87261	4.6253	2.13951
16000	458	5.55679	0.447111	0.741443
16000	459	3.37007	2.31877	5.4881
16000	460	2.78802	3.91171	2.25305
16000	461	14.1192	4.38179	3.31461
16000	462	1.87192	1.43232	6.26149
16000	463	4.4936	1.79915	1.86801
16000	464	3.76639	4.99431	4.95356
16000	465	4.5943	1.80004	4.93646
16000	466	2.10588	2.56601	1.67927
16000	467	4.32764	1.68261	2.78882
16000	468	2.69903	2.64906	3.70916
16000	469	16.5272	2.51379	2.75787
16000	470	9.17968	2.89781	3.59974
16000	471	14.9154	1.35408	0.50217
16000	472	5.95596	2.4651	4.798
16000	473	3.74231	3.45465	3.63404
16000	474	4.20886	4.69973	0.0840438
16000	475	2.43121	3.63594	3.53626
16000	476	4.75545	3.35015	2.48242
16000	477	4.45744	4.40575	2.04178
16000	478	4.79813	1.45508	4.30203
16000	479	3.25069	4.03207	4.89492
16000	480	6.44271	0.54263	1.73231
16000	481	1.84288	4.39926	4.97283
16000	482	5.03774	2.25385	0.371916
16000	483	3.13092	0.817662	4.1269
16000	484	5.45452	1.01218	4.92457
16000	485	4.24504	0.597928	2.11935
16000	486	1.98623	1.95121	5.03653
16000	487	3.31193	1.62623	3.69092
16000	488	2.61303	2.20956	5.48906
16000	489	1.44598	0.252698	0.338423
16000	490	12.6391	3.00694	2.29033
16000	491	2.73315	3.91985	5.17548
16000	492	5.12718	1.96948	6.27123
16000	493	4.77264	1.3275	3.81633
16000	494	6.00023	0.415962	4.38879
16000	495	2.7449	2.3298	2.94291
16000	496	1.96345	2.89425	4.56901
16000	497	2.7768	4.46391	3.75564
16000	498	4.83332	3.92314	3.15173
16000	499	4.24314	1.2187	0.514931
18000	0	10.5594	4.15193	1.00471
18000	1	4.89164	3.1694	1.74646
18000	2	4.89515	1.04719	5.43321
18000	3	3.14031	0.554931	3.87435
18000	4	10.9616	0.340007	3.53034
18000	5	9.92321	1.49218	3.19481
18000	6	17.9017	4.39029	4.70786
18000	7	13.7605	0.654232	1.55648
18000	8	9.10428	1.87055	1.53893
18000	9	10.7134	1.95367	5.47675
18000	10	4.16375	3.16015	1.40456
18000	11	13.144	0.324214	0.44982
18000	12	3.9804	2.23414	0.161584
18000	13	2.8807	2.1012	0.703112
18000	14	7.68941	4.8496	0.264536
18000	15	4.11425	3.08821	4.73578
18000	16	3.92408	3.80734	3.29157
18000	17	2.30372	2.76969	3.87707
18000	18	3.97597	4.63794	4.55515
18000	19	3.99437	0.402063	5.33964
18000	20	3.78358	3.04961	0.692537
18000	21	5.27731	0.385559	5.6881
18000	22	4.69305	3.55738	6.02107
18000	23	3.60728	1.32896	3.04479
18000	24	5.38705	4.80672	4.24386
18000	25	3.28403	1.09431	0.915297
18000	26	5.48919	3.37076	0.768559
18000	27	2.113	2.09211	1.19695
18000	28	1.66187	2.63811	1.93543
18000	29	4.66792	1.45425	0.727763
18000	30	3.12878	1.63147	2.03457
18000	31	4.41333	0.526007	0.241302
18000	32	5.11598	3.31833	0.534921
18000	33	3.0457	2.92469	2.9899
18000	34	5.14047	4.27869	1.91481
18000	35	11.8771	4.49906	3.6402
18000	36	2.25209	4.18028	0.120961
18000	37	8.10536	3.52838	4.20955
18000	38	19.8739	4.55163	1.61877
18000	39	18.5152	2.5353	5.939
18000	40	5.36386	2.25174	2.08806
18000	41	3.50567	2.20553	4.4371
18000	42	7.07513	0.454825	4.58831
18000	43	3.86095	3.46084	5.3661
18000	44	3.17993	3.58602	1.96191
18000	45	5.16581	4.16714	1.17184
18000	46	5.91354	1.08756	4.1352
18000	47	2.33211	0.68288	3.97437
18000	48	4.74706	4.23902	5.44345
18000	49	2.99887	2.18202	0.387462
18000	50	5.56472	4.62153	2.5017
18000	51	11.7472	3.4038	1.14725
18000	52	4.64046	3.45796	4.97615
18000	53	3.82923	4.73165	0.252456
18000	54	8.97137	1.2728	1.00301
18000	55	2.50698	2.19429	2.67008
18000	56	12.8579	3.236	0.944313
18000	57	2.63471	2.52372	5.81677
18000	58	4.39209	0.106837	4.0186
18000	59	8.76593	2.43475	0.205918
18000	60	4.39209	3.75406	5.04026
18000	61	5.54245	4.19295	2.31496
18000	62	4.03572	0.0933571	1.67987
18000	63	2.84166	3.90263	3.66809
18000	64	1.80367	2.1508	2.8423
18000	65	5.85075	3.74853	3.01222
18000	66	4.48859	0.199028	3.16772
18000	67	5.21937	1.50046	0.907075
18000	68	1.55229	0.422174	3.72279
18000	69	5.7294	3.84846	2.82435
18000	70	3.18703	0.226247	2.07801
18000	71	13.8784	4.6156	4.34655
18000	72	10.3533	2.48754	2.05163
18000	73	9.14778	3.79953	1.98876
18000	74	11.5673	0.768404	0.574163
18000	75	3.72788	3.84996	5.74415
18000	76	5.96486	4.2452	0.688401
18000	77	7.65143	0.733261	1.58977
18000	78	2.4424	2.37649	5.05972
18000	79	5.78058	3.09993	0.386973
18000	80	3.14908	2.69677	3.82506
18000	81	17.4433	1.64371	5.98184
18000	82	2.3521	0.371616	2.47705
18000	83	2.77799	3.58209	5.78624
18000	84	2.37202	0.870537	3.56601
18000	85	3.25279	3.18608	5.37901
18000	86	4.41841	3.82998	5.6367
18000	87	6.94836	1.55599	2.91843
18000	88	3.93848	3.64614	0.0691333
18000	89	2.98436	3.99514	1.17856
18000	90	13.5856	0.677931	2.7437
18000	91	5.85536	2.86958	1.11822
18000	92	7.28153	3.92514	3.23752
18000	93	4.89141	2.74884	5.27618
18000	94	4.11656	3.19246	2.75846
18000	95	12.8772	2.74347	5.25725
18000	96	5.40828	3.41823	0.843898
18000	97	6.61788	1.7995	2.7575
18000	98	2.70572	0.935008	0.580602
18000	99	4.92659	1.67721	5.6727
18000	100	8.86947	1.01968	1.54908
18000	101	14.2952	0.101367	6.24428
18000	102	3.67537	1.49977	0.583451
18000	103	3.03093	3.35474	3.48848
18000	104	4.47399	3.22714	3.51797
18000	105	4.35029	1.17416	5.18171
18000	106	9.9056	4.50744	0.0766256
18000	107	2.98356	0.168304	0.565736
18000	108	2.87229	3.03406	3.71515
18000	109	6.71508	0.893833	6.26051
18000	110	5.61991	3.18475	4.50739
18000	111	5.44152	2.57209	3.96007
18000	112	19.5946	3.70771	4.24007
18000	113	2.61459	1.07435	0.310381
18000	114	4.79544	0.699472	5.5739
18000	115	3.80797	3.02598	1.04193
18000	116	2.02142	0.272752	4.4406
18000	117	4.08965	4.6904	1.09032
18000	118	6.03696	0.493846	0.582577
18000	119	4.69334	4.97917	0.922433
18000	120	5.70721	1.49688	2.13345
18000	121	3.9106	0.130722	4.82142
18000	122	2.56079	0.658912	4.39274
18000	123	2.70377	1.00787	6.234
18000	124	7.41014	3.98712	1.4129
18000	125	3.83312	4.39325	4.16604
18000	126	5.48795	4.97217	4.27319
18000	127	3.17984	1.37599	1.44571
18000	128	4.51112	4.50266	4.04337
18000	129	2.40911	2.80993	2.27367
18000	130	5.56583	3.12205	5.09634
18000	131	3.1293	3.65647	5.18543
18000	132	1.16235	0.735775	1.04664
18000	133	3.18557	2.2598	5.34201
18000	134	4.27465	1.28587	3.43581
18000	135	7.88006	4.20289	2.23557
18000	136	2.6322	2.51876	5.27972
18000	137	5.69597	0.824889	2.5752
18000	138	2.51551	4.2704	6.02127
18000	139	2.21537	3.12521	5.76953
18000	140	2.88199	4.80717	5.29716
18000	141	5.2294	3.07928	5.27216
18000	142	1.72988	0.732402	1.32921
18000	143	4.59581	0.424268	1.81385
18000	144	0.296451	2.03639	3.50631
18000	145	7.52532	3.77848	3.66451
18000	146	5.33414	2.53613	5.40949
18000	147	11.8287	1.86391	5.66076
18000	148	2.26327	1.5994	0.0026164
18000	149	3.23936	1.65426	2.58107
18000	150	4.94938	0.416945	1.08971
18000	151	4.87583	1.4858	4.10797
18000	152	2.74104	1.39428	1.93624
18000	153	13.5127	0.285757	0.0652582
18000	154	6.31883	1.79235	5.91428
18000	155	5.09406	2.41688	5.05544
18000	156	2.73976	0.56659	0.266526
18000	157	8.20594	2.99782	3.88368
18000	158	2.85081	4.14256	4.89645
18000	159	6.24449	3.69303	6.08816
18000	160	5.4166	3.37622	0.926454
18000	161	3.7113	1.74923	5.85952
18000	162	6.08239	2.15946	1.71793
18000	163	11.7076	3.27858	1.58407
18000	164	6.64611	2.05178	6.04597
18000	165	4.27059	2.04723	3.01054
18000	166	5.33933	1.74306	0.99023
18000	167	11.6485	2.68203	5.57682
18000	168	3.24252	1.40834	1.83959
18000	169	2.55495	1.66897	2.69847
18000	170	19.0415	1.41225	1.83928
18000	171	2.21448	4.76148	1.95881
18000	172	8.77115	1.94335	2.86098
18000	173	6.96757	2.94925	5.0661
18000	174	6.91797	1.26312	6.15034
18000	175	1.49497	3.16302	5.26383
18000	176	16.2306	2.7578	0.55667
18000	177	4.57616	2.77292	5.50998
18000	178	5.87363	0.869545	5.48122
18000	179	18.9089	2.75932	0.829457
18000	180	5.22397	1.48764	1.98888
18000	181	4.2166	2.68268	5.37197
18000	182	2.21135	4.49567	5.28082
18000	183	5.34969	0.0992998	2.8939
18000	184	3.68971	1.66544	4.47962
18000	185	3.62317	4.17833	1.06076
18000	186	8.79638	0.526443	6.25735
18000	187	2.14258	2.21608	4.82173
18000	188	12.2479	1.63344	3.26782
18000	189	6.36338	2.15865	3.84576
18000	190	6.39992	1.80307	5.04133
18000	191	2.16835	0.29857	5.07892
18000	192	14.3184	2.8241	5.31968
18000	193	5.94368	3.74872	4.99285
18000	194	2.38391	4.94359	2.14716
18000	195	3.91763	2.26589	2.96887
18000	196	2.89615	4.301	6.04745
18000	197	2.33869	2.64208	0.048359
18000	198	6.85874	2.70539	0.207912
18000	199	18.5761	4.58783	3.35321
18000	200	3.63021	1.71885	2.90326
18000	201	3.30697	2.41718	1.57866
18000	202	6.36754	2.89378	5.40076
18000	203	5.089	0.0503264	5.62276
18000	204	4.24491	1.83557	1.7257
18000	205	4.03451	1.06254	1.04904
18000	206	15.2938	3.7775	1.70008
18000	207	15.3351	2.5307	0.969983
18000	208	7.6867	3.11828	1.83194
18000	209	5.27263	4.14428	5.5078
18000	210	11.5109	4.07131	1.93947
18000	211	5.90796	2.66597	0.0730631
18000	212	5.38702	0.349228	4.43135
18000	213	4.36055	4.04565	1.40233
18000	214	4.98617	2.18597	1.07088
18000	215	3.48544	2.13756	3.27709
18000	216	3.86067	0.588424	0.366187
18000	217	9.94916	4.41207	2.31837
18000	218	3.24311	3.90223	4.37207
18000	219	2.38353	2.86232	1.57075
18000	220	4.74788	2.15904	4.34709
18000	221	2.79245	3.67918	1.16245
18000	222	2.45245	3.8888	5.11925
18000	223	5.7516	3.47046	2.32796
18000	224	3.74	4.31769	0.234594
18000	225	18.1455	1.84906	3.96136
18000	226	2.09462	0.120188	3.17324
18000	227	10.3228	4.61196	2.76182
18000	228	6.94737	0.809426	2.0715
18000	229	3.90908	3.29893	5.90103
18000	230	2.06469	3.99313	6.03372
18000	231	3.43722	2.12684	1.64244
18000	232	4.72533	3.61225	1.80383
18000	233	5.19121	4.56624	6.04991
18000	234	5.2657	0.428816	3.18066
18000	235	3.90693	0.427601	3.65879
18000	236	13.5667	0.569375	3.47537
18000	237	1.95721	3.52816	5.30937
18000	238	15.8614	2.22424	0.221504
18000	239	0.528985	4.23604	2.40457
18000	240	4.54817	4.77952	5.08419
18000	241	3.20227	1.53169	0.672763
18000	242	8.94388	2.71537	5.23193
18000	243	12.6275	0.00078014	2.84756
18000	244	4.09037	2.1753	0.64558
18000	245	4.99026	1.0457	2.43107
18000	246	3.60952	4.81014	2.53825
18000	247	4.16605	4.60192	2.49063
18000	248	4.28388	3.53611	1.82679
18000	249	2.80293	0.0918768	4.37435
18000	250	3.56228	3.05754	1.52077
18000	251	6.15601	0.778147	5.51339
18000	252	2.32792	4.43696	4.00234
18000	253	6.67686	2.65677	5.50573
18000	254	3.03053	4.46929	1.33169
18000	255	5.57486	4.09946	2.855
18000	256	13.7581	4.59842	5.73738
18000	257	4.8891	0.27795	3.27024
18000	258	2.46521	3.28562	5.12777
18000	259	1.83377	2.69055	4.27849
18000	260	9.81909	4.52923	5.17007
18000	261	8.15826	3.3116	2.55365
18000	262	8.20049	1.87648	1.61278
18000	263	6.03791	0.082562	2.31198
18000	264	4.5146	4.50651	2.85306
18000	265	5.26817	0.751407	2.93582
18000	266	3.11084	2.14007	5.35184
18000	267	5.2227	4.71321	3.49814
18000	268	5.31036	4.66816	0.135197
18000	269	4.43639	1.55329	5.47552
18000	270	5.41404	1.49252	4.99548
18000	271	4.32729	2.04921	0.133211
18000	272	14.7515	0.455889	6.05332
18000	273	2.46849	3.09218	1.92602
18000	274	4.41782	2.12037	3.50723
18000	275	6.6461	2.4409	3.34236
18000	276	2.86383	4.62775	3.82619
18000	277	3.47323	0.577225	6.13434
18000	278	3.48503	2.64712	5.43202
18000	279	5.429	4.67846	1.35916
18000	280	19.8655	3.60769	2.32907
18000	281	6.11222	4.77383	0.59408
18000	282	8.92825	3.50628	3.14881
18000	283	6.22609	2.96644	1.77691
18000	284	6.17287	1.35132	0.990068
18000	285	2.77793	3.44554	4.6296
18000	286	4.2582	3.15739	0.727155
18000	287	2.83118	4.45659	3.70094
18000	288	2.34884	3.22404	1.65882
18000	289	2.89656	2.73793	0.0831674
18000	290	18.1012	2.42097	3.11117
18000	291	5.06606	2.76199	1.11403
18000	292	18.2356	3.04901	2.26525
18000	293	3.21035	2.20357	0.90322
18000	294	3.7151	3.37148	6.24222
18000	295	2.67363	2.72545	1.5505
18000	296	4.37535	0.711909	5.09128
18000	297	9.9564	4.15064	3.95179
18000	298	2.79826	4.49196	0.0884478
18000	299	4.3594	1.20905	3.73661
18000	300	3.2121	0.887181	1.37861
18000	301	3.14198	3.91127	4.05083
18000	302	5.7975	4.04557	0.146216
18000	303	4.7618	2.08702	4.31067
18000	304	5.58843	0.869667	4.96557
18000	305	4.49851	3.71385	0.93068
18000	306	3.8546	0.36749	3.13959
18000	307	8.3964	2.23481	3.05905
18000	308	4.51437	2.21784	6.08861
18000	309	4.14603	4.91757	0.114869
18000	310	2.73716	3.94831	2.49449
18000	311	3.26157	0.390731	0.402209
18000	312	2.6172	0.00482853	4.34085
18000	313	7.22987	2.22997	0.82987
18000	314	4.63785	4.23397	3.14884
18000	315	3.36453	2.20207	4.59216
18000	316	3.33665	0.806732	2.88693
18000	317	8.91222	3.86212	3.55332
18000	318	1.05954	2.14023	2.13058
18000	319	5.21563	4.4265	3.54146
18000	320	4.12721	1.77202	3.49682
18000	321	6.74774	3.77446	1.22232
18000	322	2.47706	1.36224	4.21153
18000	323	5.65856	4.75251	1.75389
18000	324	5.5783	4.91391	1.8011
18000	325	4.89359	4.05412	5.55349
18000	326	2.74602	4.96289	5.63225
18000	327	4.38571	0.631857	2.02263
18000	328	10.9773	2.67021	1.72725
18000	329	2.56384	0.158678	1.13962
18000	330	3.71037	4.55402	2.80689
18000	331	14.2316	2.9998	3.19457
18000	332	10.9763	4.59332	4.65724
18000	333	5.55524	4.22513	5.70264
18000	334	1.60493	1.73055	4.79559
18000	335	5.40703	1.49644	5.68317
18000	336	5.96821	4.67667	2.95216
18000	337	3.69014	0.690983	4.43872
18000	338	2.46303	0.502682	6.00156
18000	339	3.3072	0.477	5.65675
18000	340	6.16482	0.822983	0.473109
18000	341	5.31686	2.19327	0.552091
18000	342	3.50012	4.46086	3.12324
18000	343	2.64003	1.88067	4.89492
18000	344	2.66631	0.4534	2.52744
18000	345	2.47787	3.51708	1.12703
18000	346	4.10517	0.919143	4.85662
18000	347	4.63229	1.49522	2.22583
18000	348	10.3599	1.48913	0.688626
18000	349	7.26149	3.34331	4.18898
18000	350	4.66026	3.88479	1.88765
18000	351	1.8721	2.02133	1.27048
18000	352	2.70877	1.04108	4.91709
18000	353	2.89428	0.442422	0.675942
18000	354	3.61444	1.32523	2.35801
18000	355	5.29225	0.38857	1.65626
18000	356	4.57318	2.7208	0.722524
18000	357	4.41953	1.65928	3.6074
18000	358	2.32878	3.49539	4.22598
18000	359	4.55724	0.896729	4.03047
18000	360	4.52015	1.75688	1.34687
18000	361	6.82159	0.746016	5.19321
18000	362	8.70288	4.93885	2.04929
18000	363	18.3676	4.91959	1.04514
18000	364	2.94024	2.09395	4.19714
18000	365	8.36456	3.63528	4.57523
18000	366	5.98399	3.97792	0.498759
18000	367	4.98444	1.01	1.53929
18000	368	4.43069	4.78173	0.982677
18000	369	4.6211	3.34017	1.43958
18000	370	4.18552	2.35835	2.65061
18000	371	8.78799	2.01908	4.72823
18000	372	9.58101	0.273934	3.11516
18000	373	4.43709	4.10989	1.8553
18000	374	3.6233	4.52906	5.33134
18000	375	2.66366	4.39894	3.58803
18000	376	4.15574	3.49658	6.0597
18000	377	15.9015	1.69009	5.31726
18000	378	1.45698	4.28116	4.837
18000	379	2.66994	4.62926	6.02755
18000	380	7.37246	0.275751	0.792046
18000	381	11.083	3.76276	4.18945
18000	382	7.31833	3.79458	4.45246
18000	383	4.21453	1.2858	1.70803
18000	384	3.4716	0.545026	3.98388
18000	385	12.4589	4.24574	5.7824
18000	386	14.0486	1.80305	3.24936
18000	387	2.75589	1.20158	1.43371
18000	388	2.51445	0.214739	0.440663
18000	389	3.70641	1.37839	5.8129
18000	390	4.1638	1.88763	0.943556
18000	391	15.8034	3.02884	5.46555
18000	392	2.57904	4.7274	6.14998
18000	393	4.74666	4.7453	1.48047
18000	394	6.04559	2.97441	3.73304
18000	395	5.02718	4.77631	4.70203
18000	396	2.33127	3.29053	4.30065
18000	397	5.2437	2.92732	4.68852
18000	398	5.60312	2.57495	0.659654
18000	399	4.42366	3.5823	3.2006
18000	400	3.45032	4.24835	2.49425
18000	401	4.26481	3.52497	3.94135
18000	402	4.18403	2.37002	5.77774
18000	403	4.99397	2.67298	0.275774
18000	404	4.22739	0.227906	4.32498
18000	405	4.13295	2.63589	1.02789
18000	406	5.11844	0.830755	2.80566
18000	407	5.02057	2.15276	3.56452
18000	408	6.58299	4.65044	5.21662
18000	409	2.64348	4.50073	2.95978
18000	410	18.314	3.61343	5.02059
18000	411	6.98062	3.04163	4.20835
18000	412	9.57069	1.05381	5.00871
18000	413	2.73327	3.11546	1.42484
18000	414	4.78487	0.13727	2.61075
18000	415	3.26747	0.315794	5.15142
18000	416	4.19919	1.65743	2.19609
18000	417	3.35784	3.52408	2.89625
18000	418	6.18361	1.58509	1.89633
18000	419	1.24315	3.5954	1.34554
18000	420	3.93077	2.93462	3.63967
18000	421	2.33524	1.24576	5.07629
18000	422	5.31001	3.51599	1.89484
18000	423	6.57922	2.6412	3.58639
18000	424	2.25662	4.87548	0.461616
18000	425	4.16695	3.26607	0.160154
18000	426	1.15045	4.75947	0.450018
18000	427	3.53733	4.59063	1.3614
18000	428	11.2463	1.3854	1.23311
18000	429	5.29541	1.72681	3.67078
18000	430	10.4499	3.51045	2.6778
18000	431	4.79983	3.31336	3.40198
18000	432	1.93769	3.93978	1.36241
18000	433	5.7983	2.69644	2.29285
18000	434	9.86915	3.05221	0.90231
18000	435	11.2382	1.86105	1.94586
18000	436	4.65631	2.90731	0.522183
18000	437	5.11422	4.24467	3.53721
18000	438	18.3995	2.75277	1.40795
18000	439	6.236	2.36356	3.34042
18000	440	7.03833	2.86934	3.89826
18000	441	4.38688	0.581804	5.85582
18000	442	2.79143	4.37294	5.85115
18000	443	4.4849	2.07954	3.17814
18000	444	3.90524	1.04656	6.18197
18000	445	4.80659	3.13144	1.97775
18000	446	3.66086	1.66656	0.750731
18000	447	15.4143	0.300621	3.9092
18000	448	3.25195	3.30795	0.254831
18000	449	4.41656	4.2919	0.889859
18000	450	3.3928	0.985106	0.0610522
18000	451	15.8481	3.55683	5.23794
18000	452	7.75289	2.10051	2.70338
18000	453	12.891	3.65359	4.45721
18000	454	7.96554	0.865069	6.12897
18000	455	8.54701	2.35673	1.29543
18000	456	17.8739	4.51713	3.04079
18000	457	2.64796	2.01268	3.56951
18000	458	1.82172	0.512151	4.47632
18000	459	4.9523	2.41189	2.42518
18000	460	3.71154	0.242683	5.91267
18000	461	4.53061	3.10142	3.84765
18000	462	4.89851	1.00084	1.98685
18000	463	3.13883	0.756054	2.23939
18000	464	4.94668	1.84587	1.41771
18000	465	11.4176	0.733136	3.63953
18000	466	8.37642	2.39384	2.52461
18000	467	2.34779	1.99666	3.30462
18000	468	5.01501	0.669816	1.67344
18000	469	3.90111	2.19682	5.08934
18000	470	5.1999	2.40208	2.5213
18000	471	2.45135	3.20744	5.72407
18000	472	2.8156	3.84854	5.50775
18000	473	9.19568	0.241511	2.00455
18000	474	7.70456	4.77434	1.77797
18000	475	17.9208	0.613645	0.764643
18000	476	6.02703	0.411256	5.14679
18000	477	4.75325	2.23575	1.72998
18000	478	3.51654	3.37616	4.96619
18000	479	3.0379	2.8467	2.44387
18000	480	5.52289	3.90287	2.43589
18000	481	4.20018	3.92254	5.30601
18000	482	2.45571	0.157229	2.81908
18000	483	6.9988	0.202452	2.82687
18000	484	5.35902	4.25564	0.150078
18000	485	4.30183	0.303447	0.641029
18000	486	2.38859	4.89595	3.35825
18000	487	1.84946	4.64519	2.26546
18000	488	4.79352	2.6891	4.17539
18000	489	4.42234	1.50947	2.30986
18000	490	3.00788	0.989923	3.38241
18000	491	4.26085	0.945643	5.8482
18000	492	13.4988	3.43928	4.74281
18000	493	2.89364	1.00969	5.76432
18000	494	2.57372	3.02019	5.54939
18000	495	3.12824	4.24643	2.69682
18000	496	1.98894	0.516002	2.01845
18000	497	2.65777	3.4362	4.28552
18000	498	2.40717	3.07086	0.849895
18000	499	2.24447	3.45478	4.22968
20000	0	3.74736	1.81083	2.65969
20000	1	5.30011	1.70925	3.29675
20000	2	3.97283	2.49983	3.4952
20000	3	1.87535	1.49418	5.01422
20000	4	3.05726	1.94056	2.87751
20000	5	4.81984	1.33132	3.91101
20000	6	3.85486	0.998314	6.04151
20000	7	4.68904	2.95172	2.30564
20000	8	4.49003	2.72036	3.72856
20000	9	3.37334	4.86146	4.11993
20000	10	3.04821	3.62766	4.39161
20000	11	2.95465	1.7405	3.85292
20000	12	4.49065	4.20935	5.69015
20000	13	2.26887	0.215381	4.69723
20000	14	3.47521	3.91757	1.43105
20000	15	2.28654	3.10303	2.07929
20000	16	4.19486	2.51994	5.86514
20000	17	4.63318	0.812652	1.29399
20000	18	2.30388	1.08467	5.9906
20000	19	12.3228	2.50058	3.49514
20000	20	2.40681	3.99828	5.02373
20000	21	2.50043	3.29515	6.08887
20000	22	13.3288	3.65919	2.92179
20000	23	16.1163	1.30517	2.03904
20000	24	8.19627	1.15895	5.39891
20000	25	5.61736	0.79533	5.63934
20000	26	3.43808	4.18258	5.82755
20000	27	3.03338	4.03237	5.7979
20000	28	6.27877	0.478517	2.38324
20000	29	5.25679	2.45266	5.2316
20000	30	4.00204	1.23213	0.0237283
20000	31	5.20223	0.784264	1.84962
20000	32	16.1548	1.03439	5.40942
20000	33	5.85423	0.178364	5.89343
20000	34	1.59642	3.69204	4.90991
20000	35	4.54022	3.18041	3.08207
20000	36	3.74119	4.15868	1.31957
20000	37	17.766	1.61449	5.69188
20000	38	4.1371	4.61554	2.61906
20000	39	4.18276	0.212969	4.52178
20000	40	8.00496	1.75086	6.22432
20000	41	4.85392	1.43576	2.20101
20000	42	2.67953	3.66379	2.42485
20000	43	2.50822	1.2938	0.480585
20000	44	3.58038	2.31437	4.811
20000	45	1.23181	0.492962	5.21779
20000	46	16.8952	4.4343	0.0576433
20000	47	3.77682	2.43269	4.94869
20000	48	4.04847	2.4419	5.16257
20000	49	3.19606	1.26756	4.46127
20000	50	4.21604	3.06382	1.30167
20000	51	3.71925	2.32583	6.11964
20000	52	7.32451	3.66091	6.27415
20000	53	7.09346	4.90569	4.58699
20000	54	5.65894	4.73056	4.49783
20000	55	13.4124	0.473593	5.40028
20000	56	14.7871	4.07888	1.07949
20000	57	2.8769	2.78244	2.97691
20000	58	6.36839	4.70789	5.90917
20000	59	3.96987	1.48541	4.58913
20000	60	4.93849	4.83503	0.684597
20000	61	3.53739	0.385569	6.0523
20000	62	4.14586	2.10575	6.26034
20000	63	6.75875	1.26494	2.31066
20000	64	4.99778	4.6319	0.211876
20000	65	6.00403	3.19491	0.618459
20000	66	6.54705	0.640056	3.04974
20000	67	16.7336	0.06939	2.24485
20000	68	4.98427	2.45319	1.59762
20000	69	4.08414	2.98952	1.68138
20000	70	4.8075	0.919875	0.238611
20000	71	4.98034	2.18921	6.14933
20000	72	10.6416	2.98541	5.98564
20000	73	3.78338	4.4361	4.15192
20000	74	3.76988	4.35451	5.91637
20000	75	3.09109	2.78341	6.22398
20000	76	4.61634	3.90164	1.72739
20000	77	4.38042	2.96769	4.78239
20000	78	4.78363	4.43854	3.20186
20000	79	4.04143	4.87748	2.96543
20000	80	2.59189	0.982127	2.91688
20000	81	15.8227	0.868593	3.857
20000	82	5.23851	0.61182	0.355493
20000	83	9.06581	4.05662	2.76261
20000	84	4.68906	3.05604	0.864299
20000	85	3.02934	0.677095	2.81932
20000	86	5.1206	2.19836	2.17814
20000	87	4.49667	2.56422	4.8577
20000	88	4.01624	3.84747	0.804883
20000	89	3.09886	2.34563	1.41882
20000	90	2.56239	0.289307	5.96657
20000	91	5.09142	3.28423	5.08084
20000	92	5.13252	0.293517	1.01578
20000	93	3.67872	4.0978	4.26152
20000	94	4.2178	3.09706	4.11711
20000	95	4.0012	0.25606	5.59071
20000	96	2.47509	3.96496	3.23835
20000	97	11.8806	0.809127	3.29691
20000	98	3.31599	1.55896	2.9322
20000	99	3.00966	2.99902	0.0643787
20000	100	12.9245	1.58402	6.19981
20000	101	1.00283	2.72117	5.44838
20000	102	4.35176	4.79836	3.48964
20000	103	2.40267	4.52302	5.58018
20000	104	3.61377	0.89112	2.37064
20000	105	5.52028	2.48315	5.22006
20000	106	4.13205	0.119135	4.54282
20000	107	2.67188	3.72218	3.10258
20000	108	5.69433	4.0399	5.46073
20000	109	3.08544	2.65829	0.411
20000	110	4.03454	4.7628	1.25256
20000	111	3.648	1.50833	1.65026
20000	112	9.37565	3.14601	1.48847
20000	113	2.42708	0.0492449	5.75495
20000	114	3.92033	1.31134	6.09069
20000	115	4.54545	2.57052	0.923412
20000	116	3.44816	4.2693	2.05519
20000	117	3.41469	3.00087	4.4233
20000	118	2.50835	1.92275	5.37822
20000	119	4.18794	0.0166247	5.4404
20000	120	4.21972	1.94392	1.15677
20000	121	6.71217	2.64118	3.26864
20000	122	17.792	3.92118	5.2684
20000	123	0.14398	4.81051	2.95846
20000	124	5.39036	1.55561	0.521577
20000	125	5.8794	3.47707	3.18759
20000	126	1.40563	2.0338	1.53975
20000	127	5.76931	1.78556	1.69051
20000	128	5.57274	4.50996	5.47719
20000	129	2.76531	2.60638	2.93665
20000	130	4.04642	1.18503	5.69843
20000	131	4.30194	1.37139	3.84422
20000	132	5.51835	0.932037	2.24224
20000	133	6.75218	0.976604	1.64358
20000	134	2.89408	1.0968	5.27637
20000	135	5.54747	4.8424	1.57958
20000	136	5.14963	4.07458	0.412258
20000	137	17.1294	2.25813	0.732311
20000	138	4.26684	2.16061	4.12974
20000	139	5.3176	4.27912	0.682431
20000	140	3.21429	2.98373	0.391109
20000	141	3.87871	3.66964	2.83963
20000	142	3.89108	0.754151	3.55153
20000	143	4.92022	2.14118	1.23768
20000	144	2.2875	3.94605	4.10019
20000	145	2.03593	2.75857	5.75675
20000	146	1.86971	2.98044	5.69516
20000	147	12.3067	2.46721	0.0233339
20000	148	4.62542	4.61953	6.10093
20000	149	5.95122	1.44795	3.88929
20000	150	2.93826	2.57102	1.716
20000	151	2.67727	2.02089	5.92879
20000	152	4.62966	0.109483	5.56442
20000	153	10.867	3.67135	5.60865
20000	154	5.13973	3.59363	4.43966
20000	155	11.6625	1.92494	2.54455
20000	156	17.2808	1.27353	6.03478
20000	157	8.84077	4.49684	0.904354
20000	158	3.40961	3.72448	1.00373
20000	159	3.23233	0.0713729	5.96578
20000	160	1.66733	4.40938	5.1983
20000	161	3.40661	3.78346	2.96061
20000	162	3.23908	4.03604	4.62109
20000	163	14.522	2.75156	5.43513
20000	164	10.2198	2.75859	4.17569
20000	165	5.45121	2.52345	0.476568
20000	166	3.46261	1.61312	3.86632
20000	167	3.39702	3.6348	1.09693
20000	168	3.60202	2.89426	4.3273
20000	169	3.30713	1.48882	1.58208
20000	170	2.10604	2.8357	2.36597
20000	171	2.43233	1.12391	0.935572
20000	172	16.7311	3.81301	1.83356
20000	173	2.95257	3.05182	6.17814
20000	174	6.15242	0.85683	5.53762
20000	175	4.77323	1.67407	3.98544
20000	176	5.71164	1.92531	1.09001
20000	177	17.4491	4.36601	4.2114
20000	178	6.17738	2.96713	3.7989
20000	179	2.07221	3.51038	0.301862
20000	180	3.82217	0.728111	2.48904
20000	181	4.4354	3.32354	2.05926
20000	182	2.21319	1.0351	0.0090016
20000	183	6.50362	1.61465	0.439497
20000	184	3.07899	1.36092	5.50002
20000	185	4.68643	0.702479	0.850392
20000	186	4.24152	4.8852	0.153164
20000	187	7.607	4.49808	0.35847
20000	188	8.86369	3.94143	3.57386
20000	189	1.60244	0.0947803	5.13661
20000	190	5.07559	0.813128	4.52872
20000	191	18.882	2.86082	0.153419
20000	192	2.64191	4.60128	0.86332
20000	193	3.96536	2.28934	0.513358
20000	194	8.39001	4.48316	2.58728
20000	195	2.32191	4.42787	5.78915
20000	196	8.11217	2.2499	2.94734
20000	197	5.67248	4.17104	4.94533
20000	198	1.48161	0.261587	4.30075
20000	199	2.66488	1.73995	0.0435127
20000	200	1.19098	3.36365	3.17038
20000	201	4.42026	4.20663	5.66803
20000	202	3.434	2.44365	0.777445
20000	203	2.786	4.06293	5.21204
20000	204	5.98691	4.61749	4.10679
20000	205	3.96193	2.06742	3.50951
20000	206	6.29325	3.44844	0.745496
20000	207	3.50082	0.195785	3.30136
20000	208	4.63783	3.65492	1.48398
20000	209	6.67633	2.46863	1.20015
20000	210	4.69245	1.13314	3.3876
20000	211	6.50338	1.06086	0.978123
20000	212	4.3148	1.23789	5.37312
20000	213	8.03015	2.00169	2.12687
20000	214	5.01559	4.89032	0.645215
20000	215	6.06258	2.48452	5.79849
20000	216	12.3012	0.913934	1.1951
20000	217	4.13608	2.42438	1.37387
20000	218	11.4239	3.98053	3.32759
20000	219	18.4329	2.01017	4.24337
20000	220	5.16029	4.99622	3.89227
20000	221	3.6473	4.80904	4.37743
20000	222	6.60189	4.95307	5.41782
20000	223	4.88065	2.85927	3.58815
20000	224	9.04976	1.18676	1.87576
20000	225	4.05657	3.10376	4.9854
20000	226	2.27297	2.02899	0.783426
20000	227	4.71074	0.279991	5.18459
20000	228	5.09937	1.02386	5.24256
20000	229	6.24111	2.04772	5.78454
20000	230	6.89484	0.713024	2.45038
20000	231	6.56292	3.59562	4.44946
20000	232	7.72819	3.62121	1.12046
20000	233	3.67877	0.025446	6.0612
20000	234	5.76466	3.91137	2.13972
20000	235	5.2023	2.04128	3.15888
20000	236	2.81655	0.190275	5.05739
20000	237	5.70556	3.16072	2.19118
20000	238	5.5428	1.67495	5.30802
20000	239	5.09855	4.44953	2.70548
20000	240	12.1455	4.60894	0.695233
20000	241	1.34018	4.4359	5.59526
20000	242	16.1051	4.71212	1.89137
20000	243	3.95882	1.56073	0.564173
20000	244	3.69976	1.58017	4.21216
20000	245	4.43887	4.77007	0.343086
20000	246	4.49552	4.30342	0.629939
20000	247	6.70987	0.639387	0.889032
20000	248	3.35505	1.35622	4.98116
20000	249	7.01589	4.15063	0.33
20000	250	3.05711	4.55392	0.0741075
20000	251	3.17346	0.440231	5.50395
20000	252	5.68638	0.993479	0.942984
20000	253	6.44653	4.22695	0.604414
20000	254	4.10934	2.87841	1.39074
20000	255	5.3293	2.30143	2.00007
20000	256	4.18718	1.27174	5.61612
20000	257	4.68612	3.56158	2.06357
20000	258	6.05828	1.18285	0.222637
20000	259	17.2425	0.842511	2.41414
20000	260	2.57951	0.288726	5.61497
20000	261	6.72851	1.46357	5.63125
20000	262	2.1973	0.137895	4.26951
20000	263	4.99969	2.46501	4.13015
20000	264	2.12011	0.973213	2.10913
20000	265	4.52295	2.77777	2.34543
20000	266	4.6932	0.46638	5.74058
20000	267	3.52041	1.61923	1.36325
20000	268	5.07507	0.703059	1.36087
20000	269	4.20405	3.54441	2.14388
20000	270	3.77782	3.51234	6.09894
20000	271	2.68447	3.70058	0.422266
20000	272	4.84359	0.18308	6.00855
20000	273	4.5629	0.899218	5.44807
20000	274	17.954	0.876107	5.07249
20000	275	6.6166	0.392922	2.93436
20000	276	4.41128	0.968222	5.03748
20000	277	4.85993	3.41268	2.55294
20000	278	5.11395	3.71125	5.40103
20000	279	4.72228	4.07091	3.2651
20000	280	2.76824	3.29731	2.45775
20000	281	6.37765	2.54597	1.25701
20000	282	5.93626	3.27074	1.73385
20000	283	2.98608	1.16425	3.69324
20000	284	3.5986	0.832029	5.9305
20000	285	9.35754	0.39449	1.94324
20000	286	11.0181	1.59197	6.0157
20000	287	5.08877	4.31827	2.92467
20000	288	16.3432	3.65325	3.14651
20000	289	2.84507	1.81538	4.59907
20000	290	5.04533	4.34092	1.03721
20000	291	7.83692	1.10164	3.60973
20000	292	2.16261	2.56664	2.8415
20000	293	8.21745	2.30717	2.35562
20000	294	2.48047	4.01627	4.02879
20000	295	3.55527	3.43597	5.26595
20000	296	9.70076	3.15231	2.02468
20000	297	7.11046	1.09647	1.7073
20000	298	4.57003	3.34652	5.26755
20000	299	4.78172	4.47376	0.257495
20000	300	7.78083	3.78059	5.09752
20000	301	4.5304	2.12218	1.71351
20000	302	3.10387	3.44924	5.08739
20000	303	5.81996	3.82462	3.54698
20000	304	3.01791	2.64003	3.64777
20000	305	3.2151	1.6292	3.15821
20000	306	2.47845	2.80604	1.00678
20000	307	5.26905	4.27565	2.56432
20000	308	2.94927	1.73182	1.95479
20000	309	14.008	2.96949	3.86071
20000	310	2.72403	0.606325	1.97935
20000	311	4.64105	2.25149	3.35899
20000	312	2.21356	0.226836	2.4279
20000	313	2.61256	4.44418	4.43432
20000	314	3.63315	0.580526	4.60496
20000	315	6.83958	0.223999	5.75192
20000	316	5.33528	0.0398624	3.36321
20000	317	5.84329	3.45303	1.67218
20000	318	5.61426	2.83329	1.79233
20000	319	5.47226	0.0369132	2.2264
20000	320	8.27371	2.63328	5.89269
20000	321	3.83646	3.59309	0.72358
20000	322	8.09647	1.78857	1.5691
20000	323	5.05276	2.65457	1.54082
20000	324	5.31661	0.526481	1.15678
20000	325	2.77933	1.92527	0.823216
20000	326	6.4273	0.0477486	5.1049
20000	327	4.38026	4.54167	1.15945
20000	328	2.96351	3.62717	4.37053
20000	329	2.47964	1.58929	3.36099
20000	330	4.09012	2.67063	0.806199
20000	331	17.1642	1.41584	6.02498
20000	332	13.2141	1.98517	2.68004
20000	333	7.05723	2.9814	5.65792
20000	334	5.48619	0.467824	1.2406
20000	335	5.89836	4.48567	0.444477
20000	336	4.24323	2.23679	0.488882
20000	337	6.11557	2.94632	4.87202
20000	338	6.95105	2.73395	0.95257
20000	339	0.235445	4.23976	1.75428
20000	340	3.96599	4.29493	0.35345
20000	341	3.84183	1.56109	2.93073
20000	342	3.07682	4.34322	3.76442
20000	343	5.27699	2.79543	6.15692
20000	344	7.85702	2.68271	5.63326
20000	345	0.0368424	3.71787	3.13812
20000	346	2.71361	0.872818	5.6725
20000	347	2.44698	2.42286	3.3615
20000	348	11.2447	0.814276	3.94671
20000	349	15.2857	0.675926	4.82735
20000	350	4.51465	0.522762	5.45256
20000	351	3.23072	1.08922	2.27021
20000	352	4.38105	1.6652	3.46637
20000	353	2.21225	0.43659	0.288052
20000	354	4.94176	3.34225	5.72555
20000	355	5.02474	1.45307	3.64505
20000	356	3.89193	0.624116	6.0521
20000	357	3.18881	3.91841	3.15392
20000	358	6.60775	0.358597	1.63827
20000	359	3.69497	4.06413	5.61968
20000	360	2.11577	2.33808	4.09424
20000	361	5.06424	0.576194	1.00504
20000	362	6.65182	0.344345	0.22998
20000	363	3.00375	3.71366	6.1529
20000	364	2.3936	4.86991	0.531296
20000	365	4.48828	1.2338	2.63049
20000	366	4.36846	1.21183	0.0114287
20000	367	4.41981	0.269943	3.33117
20000	368	2.81593	3.29871	5.7456
20000	369	19.9259	4.03719	2.46752
20000	370	6.2723	4.79821	5.29845
20000	371	2.28036	1.29516	2.22784
20000	372	14.3305	2.62565	6.05802
20000	373	5.67557	2.61052	3.5396
20000	374	3.08325	4.52501	1.96622
20000	375	4.18933	2.66721	0.571448
20000	376	3.04924	3.12919	5.85608
20000	377	2.15981	1.91811	5.51863
20000	378	2.22121	0.710659	1.00517
20000	379	1.58036	0.930902	1.51565
20000	380	3.05771	3.85048	0.170213
20000	381	14.3943	3.35219	5.44951
20000	382	3.87617	4.45548	2.28166
20000	383	5.39426	4.45569	2.31802
20000	384	15.8495	1.22754	1.38969
20000	385	7.72739	0.109097	4.01162
20000	386	3.69928	1.95083	6.25089
20000	387	2.40508	0.541722	5.25858
20000	388	3.51252	4.9732	5.76252
20000	389	5.50722	2.51249	0.759257
20000	390	2.98511	2.27634	0.0299055
20000	391	3.51561	1.16555	1.25864
20000	392	3.44689	2.85948	1.5075
20000	393	5.39374	0.280829	5.74581
20000	394	17.7134	1.73368	5.90372
20000	395	2.36864	3.65942	0.250668
20000	396	2.03245	0.535679	3.33425
20000	397	3.36409	4.96097	4.01628
20000	398	1.83958	1.95531	4.44268
20000	399	3.10579	3.75174	1.72566
20000	400	10.0255	3.54499	4.58392
20000	401	1.98898	2.86531	5.99277
20000	402	3.01644	1.7953	5.93673
20000	403	4.27097	4.10969	4.24469
20000	404	3.33034	3.66781	0.296657
20000	405	16.1252	4.83346	4.04515
20000	406	6.40299	4.72037	3.59104
20000	407	1.37246	2.2519	2.02505
20000	408	3.70125	2.74794	6.15402
20000	409	3.87873	0.641114	0.257436
20000	410	4.2095	1.51409	5.59452
20000	411	4.09967	0.230306	2.22894
20000	412	4.14133	2.08674	3.38352
20000	413	5.34922	1.07573	1.90094
20000	414	6.8381	2.46091	2.90866
20000	415	2.41506	3.36067	6.05542
20000	416	3.13383	3.00774	0.577769
20000	417	17.0402	0.983453	3.48305
20000	418	5.08018	4.37945	1.18728
20000	419	6.36141	2.89937	2.47633
20000	420	3.24146	4.29258	1.83598
20000	421	7.13158	3.05942	0.851455
20000	422	12.3139	3.17497	4.6163
20000	423	13.0645	0.824817	0.271295
20000	424	4.21439	0.701695	0.568596
20000	425	7.16336	1.7022	4.05108
20000	426	1.60632	1.88504	2.16563
20000	427	6.99634	1.73023	5.74753
20000	428	4.77079	1.177	3.33346
20000	429	5.89194	0.996642	3.32759
20000	430	1.88435	2.38793	0.302339
20000	431	3.39671	2.58388	2.52266
20000	432	7.05364	4.34178	4.38297
20000	433	5.61408	0.723968	1.63114
20000	434	14.7076	0.458781	4.32328
20000	435	4.83748	4.71534	4.8195
20000	436	2.72432	0.119921	1.87153
20000	437	2.76008	2.20022	3.86866
20000	438	4.17506	0.710425	2.86093
20000	439	4.65475	3.2009	0.107914
20000	440	2.24196	0.704196	4.47106
20000	441	15.8842	3.78991	1.70814
20000	442	2.88579	2.61948	2.29127
20000	443	14.2365	3.18019	4.50205
20000	444	19.8872	2.65451	5.77302
20000	445	2.12572	4.51195	6.19342
20000	446	4.59376	3.94416	4.27697
20000	447	3.39764	2.81036	5.69207
20000	448	3.03424	4.34191	2.77608
20000	449	14.3964	3.82188	0.0164907
20000	450	9.91194	2.74824	4.04402
20000	451	18.7908	3.43236	3.28147
20000	452	2.97023	0.428377	3.96716
20000	453	5.23055	0.840474	3.99395
20000	454	4.41139	2.98753	5.03736
20000	455	6.06281	2.38295	0.537229
20000	456	7.40429	0.608302	2.63834
20000	457	2.50243	3.79466	1.74305
20000	458	6.54442	1.89719	0.228641
20000	459	18.7822	2.14081	5.60425
20000	460	2.47489	0.219282	0.110048
20000	461	9.47107	0.0354245	4.51328
20000	462	5.67269	4.71933	3.79623
20000	463	2.86341	1.93491	0.879718
20000	464	2.92245	0.973302	4.49287
20000	465	2.75834	1.88932	5.01437
20000	466	4.09694	3.90723	4.97125
20000	467	2.48702	0.119137	2.27649
20000	468	4.69717	4.08185	0.672555
20000	469	6.60559	2.56249	5.69363
20000	470	4.08956	4.18935	2.19075
20000	471	3.53373	3.1866	3.13148
20000	472	15.2751	4.17751	2.443
20000	473	3.49872	0.312018	3.63023
20000	474	4.29391	2.96159	3.9672
20000	475	5.28144	3.32479	4.88253
20000	476	10.5513	3.97393	0.44554
20000	477	1.43841	2.04571	3.89787
20000	478	1.71669	2.87206	3.42778
20000	479	2.48513	4.9817	1.71652
20000	480	4.65384	2.00633	1.31079
20000	481	15.5181	3.41422	2.94056
20000	482	3.1991	2.96458	5.32535
20000	483	5.75237	0.767638	3.71882
20000	484	2.39628	1.83332	1.47459
20000	485	4.69071	0.974957	5.4845
20000	486	3.13246	4.61287	4.59138
20000	487	11.3812	3.10876	2.77064
20000	488	3.62871	4.77222	4.28504
20000	489	4.36884	1.80737	2.29546
20000	490	13.3085	0.492407	2.54363
20000	491	5.35621	1.29844	1.74689
20000	492	4.02942	4.55819	2.44637
20000	493	1.66276	4.4211	1.64958
20000	494	3.92294	1.37651	3.50868
20000	495	5.58506	3.74355	2.83065
20000	496	6.17719	0.121329	6.22113
20000	497	3.61876	1.7076	5.40212
20000	498	5.40101	4.79494	4.05371
20000	499	7.01418	2.7475	3.76395
