2000	0	41.6675	-164.129
2000	1	-159.969	65.9414
2000	2	130.945	-50.6522
2000	3	-385.783	44.3466
2000	4	537.014	187.435
2000	5	-127.264	-591.706
2000	6	-351.691	434.914
2000	7	16.4982	166.326
2000	8	231.021	-40.1053
2000	9	-147.699	188.048
2000	10	432.898	-479.092
2000	11	154.422	93.435
2000	12	-269.867	-85.4084
2000	13	72.3676	191.68
2000	14	440.72	458.552
2000	15	-250.844	522.307
2000	16	142.866	479.766
2000	17	296.062	-39.2491
2000	18	61.2731	-204.224
2000	19	-68.5726	192.617
2000	20	-80.0945	-580.812
2000	21	-76.1189	-316.554
2000	22	-9.31301	-554.49
2000	23	-38.5059	261.03
2000	24	-301.822	-371.889
2000	25	-84.0624	-571.779
2000	26	185.11	136.213
2000	27	-53.2372	259.979
2000	28	52.4841	60.3691
2000	29	618.992	2.31006
2000	30	2.71518	78.2221
2000	31	16.7994	168.933
2000	32	-22.0232	-68.5032
2000	33	-579.496	-158.279
2000	34	184.776	111.944
2000	35	24.1048	-189.681
2000	36	175.605	-200.717
2000	37	-216.13	-243.066
2000	38	621.587	-142.304
2000	39	400.395	260.12
2000	40	-64.8382	-426.164
2000	41	-517.548	124.062
2000	42	-617.307	163.318
2000	43	-163.853	-3.99504
2000	44	289.249	-449.745
2000	45	-338.412	-62.8164
2000	46	-235.692	761.09
2000	47	-421.785	-150.81
2000	48	-25.5403	-462.851
2000	49	-299.086	-367.644
2000	50	337.691	35.511
2000	51	173.033	165.568
2000	52	300.135	-219.288
2000	53	-217.305	322.045
2000	54	-71.15	200.11
2000	55	-90.8752	309.812
2000	56	-64.1678	-342.34
2000	57	476.277	-65.8156
2000	58	141.919	798.113
2000	59	-240.367	-790.148
2000	60	91.4949	-461.4
2000	61	387.295	260.765
2000	62	-83.4048	262.592
2000	63	130.588	45.1928
2000	64	96.4582	324.785
2000	65	83.5138	-205.387
2000	66	-278.78	424.199
2000	67	-287.369	-293.393
2000	68	254.351	304.444
2000	69	-163.666	82.9746
2000	70	83.0688	573.655
2000	71	-71.8125	-366.901
2000	72	-294.401	-673.039
2000	73	-695.258	140.074
2000	74	-114.027	-801.117
2000	75	-17.2219	187.095
2000	76	-528.803	-6.32353
2000	77	-269.278	792.556
2000	78	-156.736	382.123
2000	79	269.605	35.18
2000	80	-68.6667	-152.895
2000	81	29.8881	-405.414
2000	82	-268.41	272.913
2000	83	-476.22	346.658
2000	84	-393.751	-199.514
2000	85	-21.8519	-228.595
2000	86	127.175	-174.584
2000	87	-120.787	94.1114
2000	88	646.993	-167.632
2000	89	169.057	78.6868
2000	90	137.726	62.2834
2000	91	305.957	2.49375
2000	92	-291.535	811.532
2000	93	175.705	184.39
2000	94	496.137	266.305
2000	95	-81.8028	144.773
2000	96	68.6891	-717.042
2000	97	29.5365	-527.535
2000	98	-542.066	-227.799
2000	99	-321.109	-424.352
2000	100	30.1201	209.816
2000	101	74.3134	-367.866
2000	102	15.619	44.3938
2000	103	-392.516	-91.6039
2000	104	404.547	263.264
2000	105	167.509	-588.293
2000	106	136.703	-113.136
2000	107	-119.123	194.426
2000	108	-108.602	462.913
2000	109	-227.055	27.4471
2000	110	-193.52	-317.601
2000	111	64.28	-222.066
2000	112	-24.7244	-32.7628
2000	113	-292.148	-312.352
2000	114	-273.02	-335.627
2000	115	203.807	53.7038
2000	116	405.133	531.21
2000	117	-237.143	-438.831
2000	118	-121.056	-362.897
2000	119	-358.884	-133.454
2000	120	251.666	-434.36
2000	121	10.9112	-303.605
2000	122	253.461	-311.129
2000	123	-80.4007	112.668
2000	124	-486.568	-301.01
2000	125	132.386	-179.352
2000	126	214.295	406.647
2000	127	-96.5054	46.7988
2000	128	-237.703	-12.5608
2000	129	-262.494	83.456
2000	130	366.139	-324.874
2000	131	23.7749	-125.352
2000	132	-298.008	-325.132
2000	133	304.397	-106.342
2000	134	-221.43	-215.767
2000	135	-48.4418	342.03
2000	136	-87.4286	297.096
2000	137	-239.807	-133.703
2000	138	506.404	-37.8566
2000	139	-432.369	-289.339
2000	140	-47.7074	-335.027
2000	141	-176.622	77.1437
2000	142	-89.1107	-132.233
2000	143	150.438	118.273
2000	144	90.3992	-371.081
2000	145	-482.025	-307.754
2000	146	-103.899	-110.954
2000	147	-105.607	590.766
2000	148	-44.5343	68.425
2000	149	-108.588	458.498
2000	150	194.042	270.397
2000	151	383.376	-603.365
2000	152	-711.297	556.097
2000	153	-313.322	-284.969
2000	154	-42.4986	-125.135
2000	155	235.464	-132.605
2000	156	-57.985	-969.89
2000	157	-378.357	-96.5952
2000	158	-33.7136	81.1256
2000	159	-270.834	118.133
2000	160	96.1382	234.426
2000	161	329.403	-130.1
2000	162	-100.314	113.612
2000	163	545.293	-422.622
2000	164	-116.651	-781.729
2000	165	-172.942	-405.74
2000	166	68.3044	-21.6968
2000	167	271.317	241.347
2000	168	-81.35	-153.574
2000	169	-235.516	-122.094
2000	170	-466.828	220.46
2000	171	22.515	333.397
2000	172	245.279	-505.735
2000	173	-30.478	-265.199
2000	174	200.113	497.867
2000	175	-183.43	-126.632
2000	176	269.532	528.866
2000	177	351.175	42.7259
2000	178	-59.4846	122.127
2000	179	353.398	-611.209
2000	180	230.097	586.846
2000	181	-78.2832	3.6088
2000	182	-249.108	22.3065
2000	183	-124.677	-98.4676
2000	184	358.252	-354.94
2000	185	153.282	-17.8186
2000	186	-70.5852	-151.481
2000	187	293.016	-45.6188
2000	188	-307.693	-700.155
2000	189	174.538	8.61221
2000	190	-204.342	192.187
2000	191	0.351733	-5.63861
2000	192	107.402	661.082
2000	193	124.005	-291.289
2000	194	100.669	187.788
2000	195	-31.6817	983.382
2000	196	-498.88	-107.021
2000	197	497.62	-811.767
2000	198	-48.4554	-264.164
2000	199	58.181	-32.0657
2000	200	155.516	954.291
2000	201	500.33	-77.1382
2000	202	128.327	498.226
2000	203	-247.512	408.414
2000	204	154.075	4.45511
2000	205	54.2322	-205.633
2000	206	-22.7495	32.4999
2000	207	253.892	-16.23
2000	208	-405.76	24.7322
2000	209	-264.135	48.1828
2000	210	-472.748	-260.366
2000	211	-212.077	443.019
2000	212	-27.8537	258.099
2000	213	-8.29697	455.617
2000	214	-176.422	413.46
2000	215	298.434	276.779
2000	216	1.24565	-29.6549
2000	217	149.295	452.884
2000	218	375.68	61.4079
2000	219	531.073	431.08
2000	220	-223.857	-219.327
2000	221	221.287	-842.564
2000	222	-37.0703	55.8797
2000	223	382.824	-38.8883
2000	224	451.686	106.734
2000	225	-108.308	-327.447
2000	226	-119.978	707.815
2000	227	15.3037	75.6617
2000	228	-218.376	157.138
2000	229	-234.309	-53.4112
2000	230	-1.04486	-235.198
2000	231	191.042	378.321
2000	232	-44.9076	388.11
2000	233	273.355	-471.854
2000	234	16.3086	-345.159
2000	235	-221.389	512.352
2000	236	154.481	728.838
2000	237	102.982	-360.962
2000	238	72.7843	-701.961
2000	239	-187.059	-314.97
2000	240	-342.151	524.597
2000	241	270.256	-265.278
2000	242	-221.427	38.872
2000	243	48.2555	-362.719
2000	244	-9.9492	132.962
2000	245	177.61	-147.557
2000	246	399.711	-134.453
2000	247	-100.613	37.8818
2000	248	-124.027	-637.893
2000	249	379.684	326.31
2000	250	232.826	-106.391
2000	251	34.6551	269.022
2000	252	438.931	-227.901
2000	253	-532.759	-278.432
2000	254	133.324	190.985
2000	255	-209.416	-557.421
2000	256	-1.00152	383.719
2000	257	190.602	93.5704
2000	258	14.1257	-278.031
2000	259	296.951	-42.5417
2000	260	-213.037	716.335
2000	261	-101.216	-306.944
2000	262	-104.628	-128.825
2000	263	-314.657	266.275
2000	264	83.6148	183.409
2000	265	104.621	-931.361
2000	266	-65.0387	99.0299
2000	267	-24.4576	157.32
2000	268	-118.707	-194.966
2000	269	445.151	4.30422
2000	270	248.743	-566.236
2000	271	-80.0878	-548.138
2000	272	-215.036	43.5023
2000	273	-98.2957	35.0749
2000	274	490.372	26.9544
2000	275	-298.814	-492.458
2000	276	388.212	-165.034
2000	277	-124.214	-171.012
2000	278	212.418	519.822
2000	279	-430.4	-656.998
2000	280	-13.7562	346.312
2000	281	-169.535	-462.327
2000	282	179.989	-418.704
2000	283	-372.928	63.0593
2000	284	305.954	12.3882
2000	285	117.995	106.78
2000	286	130.868	-213.714
2000	287	-315.231	-266.781
2000	288	207.849	-84.0402
2000	289	205.281	365.524
2000	290	-469.361	-268.448
2000	291	231.267	351.984
2000	292	-333.769	-103.319
2000	293	478.908	200.083
2000	294	-59.7729	-605.752
2000	295	105.356	344.85
2000	296	275.284	-646.849
2000	297	-332.271	-431.883
2000	298	-244.846	7.61041
2000	299	-41.3166	63.6442
2000	300	-286.844	836.69
2000	301	243.25	240.671
2000	302	209.039	-32.0004
2000	303	-70.0466	519.02
2000	304	162.314	-122.733
2000	305	-162.428	182.911
2000	306	172.534	-132.231
2000	307	276.458	205.877
2000	308	12.3397	346.008
2000	309	-28.179	25.4008
2000	310	41.1338	66.8969
2000	311	-421.459	-530.783
2000	312	-477.124	365.274
2000	313	298.663	330.503
2000	314	-48.7911	122.288
2000	315	74.4103	-108.235
2000	316	-458.389	-354.834
2000	317	213.664	251.112
2000	318	390.299	251.207
2000	319	-255.589	-221.639
2000	320	-148.483	325.301
2000	321	-84.71	591.517
2000	322	219.131	539.754
2000	323	37.4028	-97.4182
2000	324	-315.982	-147.273
2000	325	-350.744	-35.3867
2000	326	241.4	-11.6689
2000	327	198.954	174.111
2000	328	46.4973	246.852
2000	329	411.483	-344.139
2000	330	155.539	331.634
2000	331	109.703	-840.968
2000	332	-178.93	-340.396
2000	333	134.379	-24.1745
2000	334	369.679	662.259
2000	335	264.459	-16.4962
2000	336	95.1411	-270.262
2000	337	-200.894	-423.133
2000	338	-361.129	16.6702
2000	339	266.085	-223.411
2000	340	-64.2776	543.298
2000	341	203.998	621.817
2000	342	35.5496	-628.235
2000	343	75.8718	352.43
2000	344	46.2461	596.708
2000	345	-165.724	-369.8
2000	346	-182.58	852.457
2000	347	-98.9125	-218.473
2000	348	199.478	249.25
2000	349	366.29	557.074
2000	350	-14.1557	-570.963
2000	351	-289.327	-20.9869
2000	352	-94.993	-61.6602
2000	353	110.861	232.226
2000	354	-120.118	-565.69
2000	355	182.19	248.027
2000	356	494.063	-88.7032
2000	357	27.8719	-129.834
2000	358	-516.84	-82.0305
2000	359	5.37371	660.317
2000	360	212.652	8.57999
2000	361	-258.427	-465.046
2000	362	-151.433	-590.239
2000	363	-257.373	64.5809
2000	364	-180.876	188.929
2000	365	-341.692	14.8801
2000	366	-17.5667	64.6492
2000	367	63.0758	73.1517
2000	368	-118.365	413.187
2000	369	-8.52523	-307.622
2000	370	82.9465	-130.73
2000	371	-183.656	67.216
2000	372	-203.992	397.714
2000	373	-164.278	381.468
2000	374	-282.148	-317.343
2000	375	-116.882	-394.927
2000	376	366.918	128.22
2000	377	282.713	144.557
2000	378	196.094	-113.532
2000	379	70.201	581.884
2000	380	137.896	-1059.39
2000	381	360.889	-178.463
2000	382	-369.267	-658.118
2000	383	239.05	155.032
2000	384	10.9369	82.9975
2000	385	-237.458	355.074
2000	386	174.986	-695.261
2000	387	624.246	-372.176
2000	388	252.989	-935.705
2000	389	228.463	109.456
2000	390	85.5878	253.625
2000	391	-231.247	279.454
2000	392	-246.306	-206.99
2000	393	-245.154	74.6538
2000	394	245.001	-564.233
2000	395	150.495	-669.271
2000	396	-174.293	530.77
2000	397	-163.005	-189.447
2000	398	446.542	-246.012
2000	399	-44.4558	-369.969
2000	400	-12.8294	108.441
2000	401	-115.228	-637.377
2000	402	125.496	852.996
2000	403	233.127	229.497
2000	404	-350.046	331.913
2000	405	-151.077	-145.125
2000	406	-91.2424	100.868
2000	407	-142.73	-89.6494
2000	408	59.4292	-209.362
2000	409	331.044	-151.497
2000	410	-162.256	-26.8668
2000	411	-138.808	-25.9663
2000	412	-115.713	236.18
2000	413	-37.1882	-263.862
2000	414	-90.2747	-196.731
2000	415	417.662	345.22
2000	416	121.258	-5.36997
2000	417	-81.6839	-166.938
2000	418	151.474	-905.093
2000	419	-255.096	-375.15
2000	420	-560.524	830.546
2000	421	369.37	43.1584
2000	422	-439.424	332.1
2000	423	74.2956	-1124.19
2000	424	177.38	-489.842
2000	425	-565.874	-241.493
2000	426	-126.338	761.412
2000	427	87.64	632.078
2000	428	205.611	68.9389
2000	429	-310.154	-664.302
2000	430	169.178	-117.664
2000	431	171.886	398.77
2000	432	-586.917	-179.489
2000	433	-20.0117	-449.293
2000	434	-187.956	347.093
2000	435	-70.6934	-446.21
2000	436	-224.544	39.075
2000	437	-302.123	108.641
2000	438	-183.165	278.406
2000	439	-159.721	45.627
2000	440	-368.227	-15.6571
2000	441	-493.854	85.4993
2000	442	-248.552	317.759
2000	443	225.255	55.9398
2000	444	147.084	-401.487
2000	445	-378.677	-8.45297
2000	446	65.4196	212.146
2000	447	-212.088	229.554
2000	448	32.3515	289.225
2000	449	165.916	-155.892
2000	450	-521.771	127.448
2000	451	198.791	613.378
2000	452	-70.5152	343.036
2000	453	215.813	102.399
2000	454	-483.726	233.232
2000	455	-313.64	131.503
2000	456	185.66	704.915
2000	457	-328.411	449.553
2000	458	-191.922	-103.558
2000	459	59.389	-97.0013
2000	460	245.303	246.476
2000	461	-188.059	-228.272
2000	462	396.579	-305.359
2000	463	136.243	-262.939
2000	464	-44.129	167.004
2000	465	-8.95929	209.632
2000	466	286.67	50.1442
2000	467	192.815	43.0358
2000	468	193.14	-475.285
2000	469	212.151	-246.564
2000	470	717.743	498.388
2000	471	465.965	357.033
2000	472	221.332	-205.144
2000	473	178.109	-57.5175
2000	474	-59.9546	-276.139
2000	475	127.334	-60.229
2000	476	350.475	29.4583
2000	477	-226.753	43.4352
2000	478	66.4586	35.2257
2000	479	-474.129	280.872
2000	480	-450.785	120.57
2000	481	-273.361	-354.25
2000	482	-52.6489	327.074
2000	483	-35.6563	48.5781
2000	484	-80.7531	29.8133
2000	485	-225.688	-103.63
2000	486	-124.317	179.311
2000	487	-125.375	101.295
2000	488	-225.845	382.595
2000	489	360.791	455.932
2000	490	246.709	-113.952
2000	491	242.435	119.699
2000	492	-132.847	98.9385
2000	493	13.5624	170.755
2000	494	-240.925	-153.271
2000	495	274.605	207.453
2000	496	-400.813	140.037
2000	497	78.7402	-303.429
2000	498	23.8778	-527.838
2000	499	-5.35442	-104.591
4000	0	44.1462	154.79
4000	1	399.285	146.929
4000	2	371.356	503.812
4000	3	-66.2382	-64.9872
4000	4	713.806	-212.55
4000	5	-285.288	29.2562
4000	6	-209.898	1035.98
4000	7	-123.857	-197.598
4000	8	433.829	-24.2776
4000	9	-63.7956	-350.361
4000	10	429.981	-712.573
4000	11	92.9063	-253.403
4000	12	-9.42708	312.025
4000	13	-345.078	375.966
4000	14	578.923	661.307
4000	15	7.45301	757.245
4000	16	361.324	-51.7237
4000	17	383.015	154.935
4000	18	-378.137	-482.621
4000	19	-26.0733	-52.4888
4000	20	179.799	-1424.67
4000	21	-647.755	-633.182
4000	22	-71.9412	-401.349
4000	23	-219.006	367.323
4000	24	-62.9492	-204.421
4000	25	107.324	-829.182
4000	26	-154.89	-469.424
4000	27	-182.869	-91.011
4000	28	773.42	-68.3586
4000	29	661.618	527.346
4000	30	102.219	-443.998
4000	31	34.8805	-35.7156
4000	32	-242.562	-5.10455
4000	33	-421.056	-956.553
4000	34	146.971	-307.697
4000	35	-72.8832	254.658
4000	36	414.362	-642.173
4000	37	-264.785	-129.014
4000	38	679.347	-194.575
4000	39	317.443	-153.303
4000	40	354.161	-448.892
4000	41	-536.686	571.925
4000	42	-779.512	651.839
4000	43	-557.52	-452.037
4000	44	-69.6527	-187.367
4000	45	-464.338	181.248
4000	46	-440.272	911.47
4000	47	-457.501	422.451
4000	48	114.245	-365.286
4000	49	-459.712	-722.774
4000	50	310.408	-220.042
4000	51	-45.3554	499.508
4000	52	298.483	13.9516
4000	53	-361.113	595.12
4000	54	-11.6668	151.365
4000	55	-127.773	650.507
4000	56	-523.428	-243.395
4000	57	377.444	-55.6802
4000	58	281.499	718.127
4000	59	-337.916	-260.555
4000	60	429.795	-532.113
4000	61	548.078	249.866
4000	62	279.983	404.184
4000	63	411.241	-237.176
4000	64	-8.71439	-915.137
4000	65	143.394	-774.482
4000	66	-335.751	-0.143636
4000	67	-296.411	52.3916
4000	68	355.306	280.173
4000	69	37.8192	471.371
4000	70	324.128	993.422
4000	71	-192.135	-1194.41
4000	72	-104.86	-256.937
4000	73	-1191.96	-166.401
4000	74	-133.197	-862.226
4000	75	-314.64	-531.585
4000	76	-351.265	122.023
4000	77	158.726	993.178
4000	78	-188.52	697.412
4000	79	161.23	61.7221
4000	80	-168.607	124.2
4000	81	-70.883	-628.84
4000	82	-126.348	650.169
4000	83	-693.097	65.9389
4000	84	-807.987	225.085
4000	85	-456.068	399.266
4000	86	347.297	-191.044
4000	87	320.365	60.2296
4000	88	879.759	-356.692
4000	89	430.552	288.39
4000	90	308.276	-170.752
4000	91	528.663	-269.861
4000	92	-190.379	1396.71
4000	93	359.624	924.123
4000	94	476.913	727.957
4000	95	-323.186	-475.887
4000	96	108.084	-1505.21
4000	97	-32.5575	-266.91
4000	98	-881.557	-474.941
4000	99	-281.982	-403.794
4000	100	247.128	-37.2025
4000	101	-27.1343	-62.9724
4000	102	482.316	-401.32
4000	103	-270.687	-215.715
4000	104	420.513	-290.873
4000	105	87.0127	-516.93
4000	106	-142.987	70.4503
4000	107	22.4247	709.448
4000	108	-127.057	544.477
4000	109	-336.682	-42.6071
4000	110	-355.144	-389.23
4000	111	223.197	-224.506
4000	112	-545.498	-173.13
4000	113	-486.128	-32.6665
4000	114	-296.887	-185.444
4000	115	223.204	-517.779
4000	116	681.2	1175.16
4000	117	-376.333	-278.574
4000	118	-154.698	282.616
4000	119	-322.24	2.85388
4000	120	213.243	-713.19
4000	121	-248.467	130.621
4000	122	313.104	-470.761
4000	123	-456.729	72.7889
4000	124	-625.309	-51.7146
4000	125	342.298	-153.549
4000	126	-28.3107	647.034
4000	127	-97.2668	186.15
4000	128	-434.73	-532.454
4000	129	-562.669	88.9178
4000	130	385.836	-968.717
4000	131	-516.706	-646.518
4000	132	-612.37	-593.531
4000	133	446.125	-81.1709
4000	134	-82.1886	-1159.42
4000	135	119.441	580.315
4000	136	131.656	513.041
4000	137	-272.326	165.89
4000	138	447.768	-23.6792
4000	139	-673.417	287.461
4000	140	470.113	-723.337
4000	141	-276.215	-196.003
4000	142	-281.659	-121.005
4000	143	349.996	-24.4703
4000	144	-385.073	-225.146
4000	145	-691.111	-441.361
4000	146	135.405	91.6501
4000	147	42.9346	887.772
4000	148	-144.959	219.719
4000	149	-391.035	756.973
4000	150	373.643	968.555
4000	151	402.593	-402.222
4000	152	-814.256	364.503
4000	153	-190.875	-264.882
4000	154	377.473	-395.811
4000	155	436.909	-649.771
4000	156	120.042	-1709.8
4000	157	-468.477	-187.304
4000	158	-361.056	1464.59
4000	159	-192.597	501.335
4000	160	404.432	-18.9762
4000	161	357.847	-64.0765
4000	162	-218.68	267.531
4000	163	439.892	257.987
4000	164	-296.92	-574.385
4000	165	-156.542	-691.777
4000	166	-128.681	44.4702
4000	167	251.094	-456.01
4000	168	-203.718	-235.249
4000	169	-1.14705	-500.695
4000	170	-603.683	339.501
4000	171	-243.127	204.989
4000	172	-216.707	-122.769
4000	173	186.8	-766.582
4000	174	349.154	159.653
4000	175	16.3906	-427.222
4000	176	-155.631	1292.43
4000	177	411.573	35.4929
4000	178	-259.935	54.5723
4000	179	-168.889	-620.556
4000	180	430.552	590.435
4000	181	-0.522941	-262.427
4000	182	-329.903	186.159
4000	183	-382.509	-263.331
4000	184	341.832	-694.969
4000	185	271.762	-358.381
4000	186	165.882	-99.5859
4000	187	236.458	62.3035
4000	188	234.202	-332.208
4000	189	-143.774	132.004
4000	190	-405.733	-205.466
4000	191	302.266	-681.501
4000	192	149.14	786.787
4000	193	165.485	-50.8943
4000	194	69.8286	232.437
4000	195	-132.285	1311.51
4000	196	-860.636	163.146
4000	197	860.687	-1325.72
4000	198	-469.395	-138.338
4000	199	398.62	107.426
4000	200	-303.979	1398.17
4000	201	397.815	-381.543
4000	202	-112.006	1075.27
4000	203	-366.054	796.585
4000	204	-46.5893	249.96
4000	205	234.568	-420.291
4000	206	136.725	665.531
4000	207	174.061	1046.89
4000	208	-91.4819	838.641
4000	209	-321.682	-131.713
4000	210	-428.997	349.436
4000	211	-758.671	538.962
4000	212	-25.3922	-267.235
4000	213	-298.009	585.672
4000	214	-657.571	843.15
4000	215	237.829	337.477
4000	216	-59.1287	124.336
4000	217	-390.354	-31.1531
4000	218	73.2346	105.938
4000	219	740.665	979.851
4000	220	-234.925	36.0495
4000	221	559.044	-1245.21
4000	222	466.38	237.468
4000	223	562.522	-130.102
4000	224	512.462	-71.2113
4000	225	-54.8348	-1090.67
4000	226	-334.765	673.9
4000	227	-65.0328	578.691
4000	228	-271.991	47.3644
4000	229	-336.134	-1120.26
4000	230	-261.495	-139.662
4000	231	-55.9553	387.391
4000	232	174.321	330.81
4000	233	372.007	-787.483
4000	234	198.945	-507.102
4000	235	42.7497	217.32
4000	236	-205.601	1216.55
4000	237	23.6763	-132.802
4000	238	398.532	-1031.42
4000	239	-547.482	-123.71
4000	240	-777.753	1195.27
4000	241	311.523	-467.3
4000	242	-158.499	-212.988
4000	243	309.588	-638.56
4000	244	-147.621	156.168
4000	245	336.317	-13.2992
4000	246	95.3138	417.367
4000	247	-239.749	66.562
4000	248	-101.69	-734.03
4000	249	195.646	373.656
4000	250	546.95	2.67109
4000	251	-129.035	508.58
4000	252	901.333	-371.274
4000	253	-671.564	-331.261
4000	254	351.667	666.327
4000	255	-803.377	-1381.16
4000	256	119.846	47.5211
4000	257	111.521	370.101
4000	258	-136.388	-521.08
4000	259	63.4615	32.0195
4000	260	-134.819	193.596
4000	261	138.519	-635.237
4000	262	614.641	204.596
4000	263	-130.176	59.0152
4000	264	-372.801	191.945
4000	265	603.864	-762.73
4000	266	-5.9297	-50.4324
4000	267	-208.456	-439.677
4000	268	21.4229	-640.942
4000	269	418.307	25.1509
4000	270	285.71	-233.066
4000	271	-100.206	-207.08
4000	272	-154.529	367.305
4000	273	84.5464	473.454
4000	274	59.2815	-86.977
4000	275	-238.86	-302.368
4000	276	510.46	25.2128
4000	277	112.83	-625.501
4000	278	230.203	417.108
4000	279	89.2205	-1290.23
4000	280	-113.033	525.104
4000	281	-814.561	-567.761
4000	282	-361.796	-980.783
4000	283	-712.853	512.389
4000	284	489.925	258.677
4000	285	-83.0082	-69.2214
4000	286	286.086	-242.19
4000	287	-875.114	-483.121
4000	288	150.711	20.7125
4000	289	199.83	52.2299
4000	290	-551.045	-1221.73
4000	291	561.078	511.344
4000	292	-490.496	25.7266
4000	293	764.238	-558.6
4000	294	-640.771	-1065.66
4000	295	466.467	224.749
4000	296	375.599	-831.622
4000	297	-186.35	143.484
4000	298	-264.744	1140.87
4000	299	17.3664	122.686
4000	300	-706.078	384.692
4000	301	522.17	200.763
4000	302	188.216	241.626
4000	303	51.1624	86.7432
4000	304	278.354	-384.003
4000	305	234.133	183.748
4000	306	-105.932	-209.092
4000	307	173.941	447.918
4000	308	53.233	618.003
4000	309	149.379	484.273
4000	310	444.239	290.998
4000	311	-442.785	-75.5457
4000	312	-417.094	198.223
4000	313	263.636	397.968
4000	314	-89.648	315.134
4000	315	-300.443	-960.363
4000	316	-218.25	-628.078
4000	317	114.761	-151.451
4000	318	588.289	213.077
4000	319	-512.953	-859.089
4000	320	-434.722	660.064
4000	321	-3.92777	1229.8
4000	322	97.7048	671.358
4000	323	-121.588	66.1069
4000	324	-413.218	-265.312
4000	325	-199.742	-93.5552
4000	326	617.804	309.881
4000	327	801.648	525.073
4000	328	189.871	668.126
4000	329	634.94	-48.6065
4000	330	268.186	727.005
4000	331	330.373	-821.28
4000	332	162.234	-538.548
4000	333	453.167	274.725
4000	334	567.775	799.234
4000	335	117.248	22.5455
4000	336	-43.114	377.538
4000	337	-204.668	-989.002
4000	338	-422.132	91.788
4000	339	185.951	62.6724
4000	340	-142.474	324.617
4000	341	292.337	231.639
4000	342	-149.775	48.4004
4000	343	-349.003	982.77
4000	344	-232.227	566.008
4000	345	-432.6	290.632
4000	346	-466.36	693.711
4000	347	39.7717	643.017
4000	348	19.544	1121.75
4000	349	91.5161	865.356
4000	350	25.6371	-897.785
4000	351	-169.556	107.055
4000	352	605.636	-308.105
4000	353	12.5237	590.818
4000	354	-280.247	-592.915
4000	355	-191.87	329.92
4000	356	253.579	-6.3864
4000	357	-14.45	-134.41
4000	358	-917.349	-35.9805
4000	359	141.961	523.77
4000	360	-196.272	233.06
4000	361	-179.147	-922.652
4000	362	-373.423	-479.71
4000	363	118.481	98.4117
4000	364	-340.294	424.58
4000	365	-114.712	278.328
4000	366	-337.48	250.413
4000	367	-36.5059	631.952
4000	368	-120.791	696.655
4000	369	-86.1689	-304.342
4000	370	439.815	-65.8428
4000	371	-339.4	313.667
4000	372	38.5591	516.424
4000	373	-2.69472	57.0114
4000	374	-67.0665	-797.78
4000	375	-496.94	58.4086
4000	376	367.196	-331.434
4000	377	302.023	298.477
4000	378	211.655	-107.299
4000	379	91.2691	502.872
4000	380	97.7149	-1048.52
4000	381	59.6245	-852.294
4000	382	-244.878	-1502
4000	383	625.13	-627.828
4000	384	-15.0911	477.223
4000	385	-86.2417	287.479
4000	386	594.592	-488.281
4000	387	3.57244	-490.352
4000	388	14.5667	-1164.09
4000	389	65.4045	455.835
4000	390	-30.5515	541.823
4000	391	-75.0607	224.38
4000	392	-166.732	-561.139
4000	393	-324.379	838.543
4000	394	42.8957	-638.185
4000	395	-70.221	-525.477
4000	396	-123.231	164.215
4000	397	-462.641	-85.3446
4000	398	524.869	-538.971
4000	399	-48.6686	324.402
4000	400	14.3595	321.252
4000	401	-256.291	-662.869
4000	402	135.705	1044.36
4000	403	14.8435	459.65
4000	404	87.5795	-129.891
4000	405	-450.066	23.369
4000	406	66.9913	407.262
4000	407	-347.021	-92.084
4000	408	-338.546	-471.427
4000	409	236.214	-23.7001
4000	410	-165.01	1147.14
4000	411	-40.5533	439.102
4000	412	-530.793	222.679
4000	413	142.884	-151.869
4000	414	-131.042	582.883
4000	415	336.491	105.061
4000	416	-138.599	-717.889
4000	417	276.866	118.838
4000	418	589.988	-728.682
4000	419	-633.698	-158.405
4000	420	-289.106	1015.97
4000	421	-46.4134	-113.082
4000	422	-368.09	-104.662
4000	423	254.145	-768.891
4000	424	17.2164	-96.3299
4000	425	-546.176	-81.6332
4000	426	-201.826	251.115
4000	427	111.408	614.723
4000	428	646.547	41.1207
4000	429	-230.906	-551.806
4000	430	170.724	14.8052
4000	431	73.2862	600.056
4000	432	-967.708	183.528
4000	433	-99.9599	-494.29
4000	434	-464.822	650.88
4000	435	-398.43	-634.935
4000	436	-604.293	449.839
4000	437	-728.458	387.638
4000	438	57.3399	376.838
4000	439	-294.647	222.653
4000	440	-145.96	-123.976
4000	441	-274.776	-146.6
4000	442	-290.57	174.593
4000	443	-128.824	427.385
4000	444	-374.62	-225.013
4000	445	-283.022	-331.94
4000	446	70.693	-455.449
4000	447	-248.966	35.016
4000	448	150.378	-276.445
4000	449	246.846	299.683
4000	450	-721.045	228.96
4000	451	318.764	881.741
4000	452	-194.16	208.39
4000	453	177.507	231.274
4000	454	-506.009	448.825
4000	455	-216.327	-676.248
4000	456	583.507	1155.84
4000	457	-14.2519	537.368
4000	458	-23.3709	-180.39
4000	459	159.094	-84.4035
4000	460	649.763	-332.976
4000	461	-386.44	-210.333
4000	462	475.888	-214.71
4000	463	305.018	41.6211
4000	464	-451.452	-388.544
4000	465	-329.945	200.141
4000	466	576.713	354.674
4000	467	-29.0366	-72.1633
4000	468	437.731	-282.887
4000	469	-647.923	-347.72
4000	470	507.25	1003.07
4000	471	503.812	381.34
4000	472	621.049	-246.898
4000	473	336.463	-178.098
4000	474	312.595	153.234
4000	475	177.027	-465.574
4000	476	113.374	-281.444
4000	477	-324.172	226.12
4000	478	-233.462	-427.339
4000	479	-433.746	723.289
4000	480	-710.78	411.873
4000	481	-52.0134	-635.486
4000	482	-299.042	241.771
4000	483	-154.842	-43.3025
4000	484	-62.8328	-248.822
4000	485	-646.41	-461.311
4000	486	138.687	-299.704
4000	487	206.536	138.432
4000	488	-447.318	765.677
4000	489	222.375	891.814
4000	490	603.791	-253.754
4000	491	161.894	483.593
4000	492	242.743	194.393
4000	493	-245.83	772.582
4000	494	-503.517	-17.8507
4000	495	695.64	-243.11
4000	496	-459.907	-400.028
4000	497	-183.624	-551.531
4000	498	-142.96	-945.525
4000	499	-30.6694	-64.6643
6000	0	-383.258	462.125
6000	1	231.396	353.453
6000	2	331.058	415.131
6000	3	415.042	213.571
6000	4	494.927	124.297
6000	5	-186.202	162.666
6000	6	-549.115	1062.77
6000	7	-602.927	564.369
6000	8	752.055	-416.574
6000	9	-587.682	-152.324
6000	10	307.415	-394.506
6000	11	-64.2476	323.969
6000	12	-66.4203	91.1948
6000	13	-250.992	360.543
6000	14	218.943	490.524
6000	15	228.428	1138.91
6000	16	362.026	582.14
6000	17	435.536	464.554
6000	18	-559.237	-912.511
6000	19	-530.356	-454.379
6000	20	312.342	-1481.3
6000	21	-240.856	-828.463
6000	22	170.634	-473.015
6000	23	-612.937	179.152
6000	24	-43.1831	-223.891
6000	25	477.343	-767.899
6000	26	-313.678	-655.953
6000	27	-284.672	155.794
6000	28	293.154	342.78
6000	29	397.532	1426.01
6000	30	-95.3719	-492.947
6000	31	-26.112	-160.632
6000	32	-59.3564	203.956
6000	33	-379.869	-1349.43
6000	34	423.983	-102.443
6000	35	403.734	-40.6096
6000	36	635.041	-819.134
6000	37	-63.2749	66.5447
6000	38	581.68	-411.11
6000	39	570.609	-596.624
6000	40	415.139	-171.106
6000	41	-674.048	546.968
6000	42	-678.121	792.442
6000	43	-961.632	-6.36112
6000	44	130.618	-506.324
6000	45	-840.034	196.276
6000	46	-343.034	393.115
6000	47	-237.663	1169.94
6000	48	-88.1368	-80.4534
6000	49	-318.714	-1291.41
6000	50	194.332	-72.6068
6000	51	-257.861	768.215
6000	52	318.688	87.7071
6000	53	-420.47	174.335
6000	54	-432.446	34.1361
6000	55	262.503	833.126
6000	56	-563.015	-233.664
6000	57	245.23	-120.181
6000	58	85.5403	329.345
6000	59	-97.9707	-1.39401
6000	60	1015.17	-950.111
6000	61	745.395	458.822
6000	62	159.939	770.843
6000	63	452.452	-286.253
6000	64	58.5321	-992.365
6000	65	282.228	-1277.83
6000	66	-261.644	-127.465
6000	67	-60.7978	45.0404
6000	68	430.871	851.533
6000	69	-140.527	49.6001
6000	70	184.372	1190.06
6000	71	-350.389	-1064.02
6000	72	-241.226	-519.82
6000	73	-1418.61	-661.971
6000	74	-42.0079	-239.317
6000	75	-117.442	-402.61
6000	76	-92.0601	-991.013
6000	77	-27.6064	948.941
6000	78	-688.944	937.521
6000	79	468.456	457.502
6000	80	-107.778	358.975
6000	81	90.041	-1068.19
6000	82	-93.5993	655.48
6000	83	-520.32	669.36
6000	84	-1006.36	18.1972
6000	85	-183.193	920.712
6000	86	588.229	-806.19
6000	87	56.8714	575.025
6000	88	1042.6	-621.972
6000	89	125.105	569.169
6000	90	289.559	290.288
6000	91	1182.12	-827.205
6000	92	144.508	1219.73
6000	93	679.729	1030.1
6000	94	280.176	717.038
6000	95	-64.2452	-599.173
6000	96	206.581	-1395.29
6000	97	-29.1502	-461.067
6000	98	-1402.69	192.856
6000	99	-283.379	-246.635
6000	100	505.733	321.416
6000	101	229.732	-345.974
6000	102	155.492	-229.294
6000	103	-359.234	-4.98681
6000	104	538.576	-448.889
6000	105	90.4846	-693.139
6000	106	-344.226	-46.4402
6000	107	126.16	397.575
6000	108	-229.269	517.512
6000	109	-510.787	-501.807
6000	110	-595.02	-255.602
6000	111	145.779	-192.962
6000	112	-452.878	279.831
6000	113	-731.688	-103.439
6000	114	-61.4486	-687.163
6000	115	101.16	-546.898
6000	116	981.796	366.431
6000	117	-259.196	-1256.66
6000	118	-69.6393	688.35
6000	119	57.188	-48.3291
6000	120	-90.5209	-1038.87
6000	121	-147.116	359.106
6000	122	-5.11737	-654.923
6000	123	-435.441	187.189
6000	124	-426.572	1027.97
6000	125	20.3452	-78.6293
6000	126	-244.253	741.534
6000	127	472.294	1624.14
6000	128	-280.552	-794.544
6000	129	-583.823	665.813
6000	130	418.213	-839.719
6000	131	-137.873	-885.906
6000	132	-498.461	-836.646
6000	133	1086.31	-1308.34
6000	134	101.614	-1248.63
6000	135	-218.093	613.111
6000	136	-189.384	749.299
6000	137	-164.573	-120.08
6000	138	927.796	267.546
6000	139	-733.627	327.142
6000	140	544.465	-519.803
6000	141	-715.221	-579.6
6000	142	-60.9684	37.0756
6000	143	350.586	-117.515
6000	144	-229.786	-56.9818
6000	145	-735.38	67.373
6000	146	376.357	506.588
6000	147	-4.67923	1029.74
6000	148	195.02	448.748
6000	149	-247.813	445.309
6000	150	-4.08871	823.673
6000	151	123.311	-289.385
6000	152	-1055.57	218.129
6000	153	-252.225	215.245
6000	154	497.75	-946.95
6000	155	162.185	-444.493
6000	156	-316.81	-1296.5
6000	157	-917.98	-291.758
6000	158	-372.349	1616.1
6000	159	-273.251	453.842
6000	160	254.616	16.4266
6000	161	388.007	-487.259
6000	162	-382.45	289.425
6000	163	583.787	432.419
6000	164	-193.841	-261.658
6000	165	-155.535	-1390.3
6000	166	13.4733	-648.129
6000	167	193.004	-802.748
6000	168	-607.269	-112.943
6000	169	-153.094	-739.045
6000	170	-1041.24	131.568
6000	171	-283.584	399.028
6000	172	-391.746	-311.422
6000	173	150.559	-1040.75
6000	174	337.237	-157.173
6000	175	238.726	-250.87
6000	176	-7.97981	466.201
6000	177	-9.81664	-242.826
6000	178	-199.371	-368.34
6000	179	-525.763	113.838
6000	180	609.944	429.827
6000	181	-60.1246	-834.318
6000	182	-387.949	26.5135
6000	183	-363.996	-532.125
6000	184	596.429	-562.71
6000	185	690.578	-1420.88
6000	186	867.357	-756.003
6000	187	175.864	-149.109
6000	188	32.9629	-885.647
6000	189	136.292	103.557
6000	190	-662.854	-460.03
6000	191	620.199	-614.731
6000	192	68.0236	970.078
6000	193	85.2614	175.675
6000	194	370.332	330.609
6000	195	206.681	950.753
6000	196	-1050.13	210.126
6000	197	739.659	-1220.45
6000	198	-287.829	-333.395
6000	199	177.94	403.467
6000	200	-141.212	1506.65
6000	201	377.586	-660.401
6000	202	330.926	367.055
6000	203	-568.146	315.862
6000	204	832.699	193.82
6000	205	134.652	-519.565
6000	206	-454.082	372.085
6000	207	-324.056	1892.64
6000	208	-348.152	1073.29
6000	209	-459.96	-250.978
6000	210	-607.946	841.863
6000	211	-614.861	894.232
6000	212	76.376	-549.401
6000	213	-336.033	373.58
6000	214	-438.603	1494.26
6000	215	439.328	227.679
6000	216	-171.995	-381.975
6000	217	-92.2556	144.625
6000	218	208.753	763.643
6000	219	281.792	891.74
6000	220	-207.898	-624.801
6000	221	1116.04	-1324.04
6000	222	669.641	-266.138
6000	223	586.021	118.063
6000	224	810.38	-570.382
6000	225	-312.746	-1236.91
6000	226	-679.657	973.19
6000	227	97.3366	807.297
6000	228	-405.089	-367.632
6000	229	-336.909	-1045.48
6000	230	-441.413	-27.0238
6000	231	-848.593	537.515
6000	232	55.4936	681.461
6000	233	250.032	-735.96
6000	234	496.652	-613.67
6000	235	16.8475	-163.084
6000	236	-223.861	1411.91
6000	237	-35.3403	-266.951
6000	238	245.508	-501.478
6000	239	-908.544	-193.512
6000	240	-839.165	1242.58
6000	241	94.6728	-818.662
6000	242	-400.122	-55.6695
6000	243	371.942	-399.332
6000	244	-47.1026	204.565
6000	245	119.107	206.395
6000	246	-184.635	488.441
6000	247	-379.662	203.911
6000	248	-121.897	-378.026
6000	249	75.3168	312.574
6000	250	545.501	914.069
6000	251	-510.394	452.103
6000	252	719.237	-1107.45
6000	253	-757.92	-887.374
6000	254	184.242	649.063
6000	255	-1005.89	-1070.81
6000	256	720.21	-423.711
6000	257	293.935	663.628
6000	258	-96.6557	-410.875
6000	259	-197.695	-566.957
6000	260	263.031	262.945
6000	261	200.054	-646.652
6000	262	754.461	-278.316
6000	263	-283.037	190.322
6000	264	-214.704	-83.0028
6000	265	465.022	-986.642
6000	266	475.522	-600.277
6000	267	-178.988	-668.206
6000	268	-220.29	-321.83
6000	269	100.222	-168.007
6000	270	69.2964	-346.656
6000	271	-356.137	-439.201
6000	272	-253.982	668.382
6000	273	177.097	-177.116
6000	274	93.7813	-356.866
6000	275	-277.849	-157.041
6000	276	591.292	300.951
6000	277	237.957	-307.639
6000	278	171.454	1002.36
6000	279	50.9117	-1359.79
6000	280	-210.75	1004.53
6000	281	-973.837	-640.015
6000	282	-279.4	-1978.29
6000	283	-692.261	470.886
6000	284	426.876	188.977
6000	285	57.6415	346.12
6000	286	485.959	328.316
6000	287	-1071.34	-48.0197
6000	288	250.999	581.041
6000	289	265.03	-24.3556
6000	290	-571.356	-1248.93
6000	291	180.138	313.402
6000	292	-717.891	-97.1183
6000	293	783.352	-191.095
6000	294	-524.07	-575.358
6000	295	657.072	-378.651
6000	296	876.441	-914.568
6000	297	-332.046	571.703
6000	298	-203.217	1997.93
6000	299	126.164	866.846
6000	300	-903.118	-182.604
6000	301	842.214	-580.995
6000	302	167.249	236.307
6000	303	316.032	187.668
6000	304	40.2238	-1128.24
6000	305	112.98	137.862
6000	306	-287.686	-1206.79
6000	307	54.5784	72.0353
6000	308	473.127	242.816
6000	309	213.28	-54.6647
6000	310	865.793	1211.7
6000	311	-442.591	-596.813
6000	312	-677.184	-55.89
6000	313	592.94	1252.19
6000	314	109.671	1178.95
6000	315	-169.605	-1230.31
6000	316	-161.803	-816.325
6000	317	313.249	-223.685
6000	318	610.066	246.409
6000	319	-275.553	-1303.4
6000	320	-568.428	649.286
6000	321	73.4787	680.209
6000	322	137.582	540.442
6000	323	445.898	-56.0298
6000	324	-592.788	-699.387
6000	325	-200.688	-323.934
6000	326	659.939	-86.1697
6000	327	701.93	621.245
6000	328	25.8259	873.384
6000	329	354.076	-238.629
6000	330	206.712	460.968
6000	331	-13.6593	-533.365
6000	332	-57.8293	-439.241
6000	333	871.817	198.551
6000	334	909.923	630.043
6000	335	181.8	108.628
6000	336	-21.9147	386.915
6000	337	1.74694	-733.862
6000	338	-619.524	-360.604
6000	339	-173.961	223.015
6000	340	-580.759	809.624
6000	341	409.933	59.6395
6000	342	-142.707	-69.8438
6000	343	-248.952	610.811
6000	344	-331.885	-156.041
6000	345	-169.067	1524.97
6000	346	-840.757	919.651
6000	347	8.77273	140.179
6000	348	-134.62	661.472
6000	349	32.4011	1199.01
6000	350	366.663	-1191.72
6000	351	-184.27	-317.876
6000	352	585.243	-150.913
6000	353	-6.23723	865.453
6000	354	-382.926	245.831
6000	355	87.7998	508.981
6000	356	707.173	-227.163
6000	357	-495.26	300.6
6000	358	-1635.8	-12.178
6000	359	324.549	-14.6587
6000	360	-194.425	-587.484
6000	361	222.351	-956.635
6000	362	-451.167	-246.542
6000	363	97.3142	-160.366
6000	364	-742.36	862.646
6000	365	-39.4496	-325.055
6000	366	-77.219	642.026
6000	367	22.1288	313.774
6000	368	-482.937	177.958
6000	369	31.2602	283.643
6000	370	361.3	-298.952
6000	371	-583.137	277.65
6000	372	-185.33	722.624
6000	373	-126.682	-168.614
6000	374	-685.689	-659.61
6000	375	-396.227	-274.901
6000	376	645.578	-748.646
6000	377	387.396	-220.634
6000	378	154.422	10.2843
6000	379	-148.35	268.757
6000	380	20.3414	-603.214
6000	381	199.427	-689.151
6000	382	-288.016	-1250.56
6000	383	425.794	-66.9805
6000	384	231.551	726.974
6000	385	-196.174	573.224
6000	386	1033.31	-595.667
6000	387	384.507	-5.95222
6000	388	16.9488	-2355.31
6000	389	-112.099	456.317
6000	390	-53.7793	884.871
6000	391	-416.935	1070.59
6000	392	-267.576	-896.059
6000	393	-26.1943	941.015
6000	394	-33.6001	-917.678
6000	395	31.1786	-644.013
6000	396	-107.569	545.806
6000	397	-521.377	234.342
6000	398	675.707	-582.028
6000	399	96.9732	221.395
6000	400	65.9531	439.354
6000	401	-308.48	-579.82
6000	402	161.111	918.129
6000	403	-65.8468	-30.3619
6000	404	410.02	-408.571
6000	405	-231.29	-661.245
6000	406	236.661	322.484
6000	407	-206.678	-523.431
6000	408	-137.312	-1028.52
6000	409	614.272	334.007
6000	410	-103.745	1164.59
6000	411	-181.156	-441.054
6000	412	-654.587	20.5012
6000	413	220.131	-112.536
6000	414	-111.07	450.542
6000	415	338.591	-691.834
6000	416	-475.74	-818.024
6000	417	-10.6844	185.049
6000	418	532.508	-734.831
6000	419	-703.973	-139.728
6000	420	-941.663	662.452
6000	421	-210.977	4.4605
6000	422	-586.387	-253.699
6000	423	629.511	-752.675
6000	424	219.323	-331.771
6000	425	-425.694	-468.974
6000	426	-133.905	605.869
6000	427	250.29	469.265
6000	428	1169.31	333.563
6000	429	-293.621	-532.537
6000	430	-317.98	338.724
6000	431	-178.434	161.816
6000	432	-944.235	-15.1326
6000	433	-39.2648	-203.754
6000	434	-533.035	432.92
6000	435	-372.339	-341.657
6000	436	-603.092	924.542
6000	437	-507.86	420.374
6000	438	-280.819	197.069
6000	439	65.2013	345.243
6000	440	-207.656	-694.147
6000	441	-157.797	507.888
6000	442	-771.706	604.236
6000	443	-9.39575	504.104
6000	444	-560.951	-320.215
6000	445	117.195	-946.692
6000	446	2.07069	-680.787
6000	447	-612.688	298.991
6000	448	-219.626	561.194
6000	449	464.851	393.004
6000	450	-188.673	524.113
6000	451	317.43	586.208
6000	452	86.1183	633.169
6000	453	154.567	300.761
6000	454	-525.33	1943.16
6000	455	-246.849	-785.474
6000	456	441.173	1515.93
6000	457	111.492	164.601
6000	458	-730.735	-652.112
6000	459	316.177	400.863
6000	460	483.24	-456.994
6000	461	-340.157	-292.429
6000	462	157.457	-268.218
6000	463	-118.879	80.6942
6000	464	-625.596	-573.389
6000	465	-468.424	772.859
6000	466	578.422	-401.238
6000	467	-445.876	-668.107
6000	468	710.367	-43.7786
6000	469	-609.442	-574.377
6000	470	598.305	774.786
6000	471	647.424	468.969
6000	472	612.272	-454.266
6000	473	133.864	-474.664
6000	474	-42.4285	-368.326
6000	475	197.662	-178.897
6000	476	197.916	-794.363
6000	477	-10.5116	746.304
6000	478	367.918	-574.516
6000	479	-613.564	462.686
6000	480	-589.984	1085.65
6000	481	-11.6621	-353.585
6000	482	-193.751	197.383
6000	483	-56.1926	3.44978
6000	484	321.286	-417.247
6000	485	-826.661	-194.45
6000	486	-20.7739	1.75818
6000	487	277.443	929.663
6000	488	-628.879	896.701
6000	489	139.263	652.804
6000	490	783.93	169.267
6000	491	201.695	-194.581
6000	492	41.0602	-32.4687
6000	493	-84.6877	758.437
6000	494	-643.588	-505.853
6000	495	592.66	-554.979
6000	496	-140.87	-569.784
6000	497	155.855	-640.316
6000	498	-557.24	-889.203
6000	499	-10.5572	90.7205
8000	0	-218.968	556.449
8000	1	141.83	-471.937
8000	2	230.732	4.95901
8000	3	456.116	985.046
8000	4	278.919	290.906
8000	5	-16.4722	52.6127
8000	6	-526.561	1134.14
8000	7	-601.382	1147.99
8000	8	792.693	345.748
8000	9	-586.264	-1077.37
8000	10	206.971	-406.896
8000	11	153.663	189.228
8000	12	-408.416	-155.048
8000	13	235.384	-94.8813
8000	14	-141.518	131.748
8000	15	210.703	639.42
8000	16	-196.139	416.187
8000	17	711.558	711.037
8000	18	-719.633	-933.132
8000	19	-106.63	-147.841
8000	20	384.789	-1813.18
8000	21	-702.083	-639.275
8000	22	292.898	63.489
8000	23	-437.836	130.629
8000	24	41.2776	-227.146
8000	25	716.02	-995.309
8000	26	-155.972	-1192.05
8000	27	-522.679	942.888
8000	28	374.314	887.375
8000	29	346.992	1144.71
8000	30	182.193	-770.609
8000	31	313.939	-609.12
8000	32	-18.6696	175.495
8000	33	-139.532	-850.606
8000	34	545.196	-365.168
8000	35	202.289	-538.79
8000	36	837.007	-973.532
8000	37	137.949	-629.482
8000	38	1082.65	-864.125
8000	39	340.787	-100.355
8000	40	18.0356	-388.411
8000	41	-638.298	654.677
8000	42	-753.974	987.154
8000	43	-782.093	112.187
8000	44	-109.995	-725.319
8000	45	-643.849	780.956
8000	46	-481.809	650.112
8000	47	-560.461	1029.65
8000	48	-447.29	-297.399
8000	49	-19.8682	-1562.65
8000	50	310.179	88.8264
8000	51	-183.111	403.889
8000	52	238.139	145.507
8000	53	-737.798	273.99
8000	54	-651.057	-662.155
8000	55	469.778	62.1112
8000	56	-842.93	-443.943
8000	57	260.847	-233.184
8000	58	542.148	78.8314
8000	59	294.414	-490.078
8000	60	950.46	-1009.17
8000	61	988.27	666.512
8000	62	433.75	1130.35
8000	63	551.088	-518.065
8000	64	95.6358	-437.786
8000	65	103.04	-1236.75
8000	66	-521.946	272.38
8000	67	91.6466	199.782
8000	68	276.645	973.669
8000	69	-43.7154	-648.938
8000	70	341.271	1844.06
8000	71	-511.407	-982.365
8000	72	-281.922	132.505
8000	73	-1409.63	-345.822
8000	74	-23.8536	-151.47
8000	75	-252.741	-533.543
8000	76	-12.7847	-1093.43
8000	77	-486.33	1119.8
8000	78	-249.157	1241.61
8000	79	389.551	741.601
8000	80	110.856	-260.825
8000	81	-89.5978	-918.763
8000	82	-127.685	399.883
8000	83	-754.593	1134.63
8000	84	-420.056	-259.493
8000	85	-429.98	1045.7
8000	86	752.498	-746.271
8000	87	62.7183	939.365
8000	88	777.389	-716.828
8000	89	307.234	560.782
8000	90	350.509	-177.264
8000	91	1860.02	-1106.12
8000	92	7.15044	1507.55
8000	93	701.878	1006.08
8000	94	298.074	591.255
8000	95	15.3363	-790.723
8000	96	-273.321	-1204.95
8000	97	-329.647	-207.676
8000	98	-1385.12	80.2562
8000	99	-603.343	602.709
8000	100	530.313	-128.304
8000	101	89.0854	-95.8067
8000	102	796.041	-647.399
8000	103	-582.934	63.2766
8000	104	893.726	-1113.24
8000	105	327.365	-893.754
8000	106	-719.088	-702.994
8000	107	62.8756	462.377
8000	108	-607.244	892.118
8000	109	-347.592	-546.783
8000	110	-731.172	130.693
8000	111	345.625	270.082
8000	112	-523.778	449.862
8000	113	-288.96	294.229
8000	114	-455.725	-819.642
8000	115	141.196	-240.473
8000	116	902.057	700.19
8000	117	-136.653	-1254.37
8000	118	-275.539	801.128
8000	119	-160.355	-582.809
8000	120	112.866	-323.83
8000	121	110.168	629.322
8000	122	236.698	-457.867
8000	123	-414.549	37.9513
8000	124	211.512	1141.75
8000	125	-24.8203	-91.2285
8000	126	-627.491	248.208
8000	127	416.169	1385.37
8000	128	82.4608	-649.886
8000	129	-198.024	844.615
8000	130	484.168	-1167.03
8000	131	-178.725	-860.137
8000	132	-358.019	-879.645
8000	133	525.733	-849.215
8000	134	165.349	-1113.21
8000	135	-190.723	1086.93
8000	136	153.099	551.447
8000	137	-82.6081	-545.053
8000	138	984.237	-169.792
8000	139	-733.075	-11.9554
8000	140	910.799	288.219
8000	141	-558.115	72.0089
8000	142	-121.186	357.903
8000	143	432.481	550.462
8000	144	-70.8114	239.233
8000	145	-1202.51	249.281
8000	146	293.31	1011.74
8000	147	-65.0819	1067.36
8000	148	340.054	767.527
8000	149	-570.267	388.543
8000	150	238.267	779.157
8000	151	643.497	-544.429
8000	152	-1078.51	26.5463
8000	153	-651.653	276.781
8000	154	198.525	-1078.97
8000	155	711.412	-571.122
8000	156	-359.408	-1134.58
8000	157	-358.079	-720.95
8000	158	-177.293	1350.66
8000	159	68.1562	722.236
8000	160	836.811	-364.034
8000	161	447.588	-408.278
8000	162	-123.007	560.391
8000	163	182.8	873.626
8000	164	-314.413	62.1457
8000	165	345.947	-1533.83
8000	166	9.78797	-398.242
8000	167	271.658	-630.939
8000	168	-895.999	-271.248
8000	169	183.79	-693.42
8000	170	-1105.42	-41.5873
8000	171	-321.071	-30.3971
8000	172	-494.613	-267.901
8000	173	400.963	-514.32
8000	174	176.951	-427.626
8000	175	-121.162	-115.326
8000	176	-286.893	686.918
8000	177	-88.0071	-737.772
8000	178	63.0603	-189.348
8000	179	-364.508	384.024
8000	180	750.353	947.133
8000	181	-221.373	-392.802
8000	182	-430.67	669.863
8000	183	34.0655	-819.857
8000	184	101.346	-417.675
8000	185	1130.38	-1631.26
8000	186	1089.06	-604.47
8000	187	-146.961	-141.375
8000	188	173.881	-498.37
8000	189	-366.091	635.05
8000	190	-543.948	-79.4167
8000	191	629.796	-460.679
8000	192	-237.029	258.624
8000	193	124.233	-453.917
8000	194	368.643	-97.2829
8000	195	230.887	1043.27
8000	196	-1357.27	-255.101
8000	197	79.9635	-1592.41
8000	198	-408.338	-82.0065
8000	199	-84.4573	360.287
8000	200	-80.2609	953.93
8000	201	486.349	-757.72
8000	202	48.8891	247.784
8000	203	-687.215	-39.9295
8000	204	715.451	-96.5903
8000	205	340.029	-415.096
8000	206	-823.537	361.666
8000	207	-524.977	1964.47
8000	208	-385.116	905.308
8000	209	-493.573	-651.933
8000	210	-692.386	1314.18
8000	211	-474.671	632.931
8000	212	-105.485	-736.988
8000	213	-405.875	-551.715
8000	214	-474.832	1294.64
8000	215	284.742	-112.127
8000	216	-139.561	27.2881
8000	217	-203.153	48.8737
8000	218	249.27	1345.65
8000	219	151.013	814.897
8000	220	-171.275	-475.85
8000	221	934.834	-1748.16
8000	222	402.497	165.272
8000	223	540.539	152.954
8000	224	308.569	-393.68
8000	225	44.1622	-1420.53
8000	226	-634.549	212.523
8000	227	217.009	1257.95
8000	228	-416.244	23.1318
8000	229	-520.307	-929.074
8000	230	-240.656	-203.995
8000	231	-1149.37	333.472
8000	232	213.258	664.504
8000	233	393.147	-805.147
8000	234	439.674	-462.599
8000	235	-206.106	-223.808
8000	236	-350.758	1078.06
8000	237	-18.8318	298.107
8000	238	121.947	91.7629
8000	239	-1350.89	-35.9674
8000	240	-1179.22	913.894
8000	241	-294.753	-372.452
8000	242	-699.91	60.8593
8000	243	229.103	-88.8578
8000	244	34.5634	-42.9912
8000	245	-58.9029	-53.5899
8000	246	-484.532	272.628
8000	247	-539.619	127.599
8000	248	397.246	-647.191
8000	249	538.656	918.425
8000	250	278.296	839.476
8000	251	-551.932	1113.6
8000	252	580.756	-944.814
8000	253	-1269.42	-297.385
8000	254	-10.1324	522.816
8000	255	-1169.4	-1389.99
8000	256	641.472	-323.121
8000	257	353.386	-173.801
8000	258	85.0881	-248.104
8000	259	-56.413	-900.049
8000	260	31.4647	-19.0066
8000	261	-83.7995	-401.37
8000	262	472.388	-466.544
8000	263	73.8301	262.35
8000	264	-296.722	-719.345
8000	265	105.151	-1514.2
8000	266	611.672	-450.258
8000	267	72.0649	-174.352
8000	268	-221.096	-105.447
8000	269	240.689	-433.333
8000	270	-273.267	-702.862
8000	271	-180.601	-457.577
8000	272	-373.524	384.33
8000	273	3.09315	-241.225
8000	274	342.862	-1065.89
8000	275	-79.6738	-145.504
8000	276	666.952	-446.792
8000	277	-106.703	-832.014
8000	278	-112.384	1272.59
8000	279	-106.377	-1313.49
8000	280	-172.565	1047.77
8000	281	-1113.63	-996.596
8000	282	-23.3246	-1889.27
8000	283	-670.207	786.005
8000	284	447.257	-118.717
8000	285	-92.6726	-175.617
8000	286	545.234	-73.1209
8000	287	-974.32	-445.632
8000	288	289.496	921.554
8000	289	-133.865	-509.869
8000	290	131.104	-1404.04
8000	291	-98.6543	991.718
8000	292	-994.108	120.63
8000	293	758.431	-968.601
8000	294	-683.808	-736.327
8000	295	324.627	326.656
8000	296	857.798	-963.61
8000	297	-326.133	628.636
8000	298	52.8898	2286.76
8000	299	334.001	207.793
8000	300	-945.113	-429.296
8000	301	601.255	-1104.68
8000	302	-212.009	211.567
8000	303	170.972	118.749
8000	304	379.415	-733.818
8000	305	54.3563	313.223
8000	306	-85.1708	-1302.13
8000	307	-183.869	130.389
8000	308	673.806	28.3311
8000	309	90.5708	-238.216
8000	310	784.783	1116.8
8000	311	-1082.48	-569.67
8000	312	-658.407	114.155
8000	313	958.01	1078.49
8000	314	-32.5275	710.026
8000	315	98.7536	-1050.14
8000	316	-560.842	-529.033
8000	317	93.6176	-449.178
8000	318	669.385	657.12
8000	319	-396.502	-1587.52
8000	320	-683.708	917.1
8000	321	116.471	993.771
8000	322	-263.027	713.238
8000	323	673.578	-590.568
8000	324	-555.863	-1436.96
8000	325	-437.849	-103.024
8000	326	465.815	154.99
8000	327	641.297	455.254
8000	328	-30.9809	1324.81
8000	329	517.922	-111.489
8000	330	165.701	647.879
8000	331	-652.707	-172.797
8000	332	-137.932	-190.979
8000	333	1013.62	-29.2691
8000	334	1075.66	-38.3878
8000	335	177.288	151.868
8000	336	-59.6373	1011.62
8000	337	338.266	-96.6479
8000	338	-340.298	-287.33
8000	339	-74.6268	325.07
8000	340	-503.401	1183.51
8000	341	415.905	361.101
8000	342	-441.825	-27.183
8000	343	-554.21	962.676
8000	344	-156.141	-524.086
8000	345	150.884	1553.75
8000	346	-600.961	232.735
8000	347	62.4618	-523.155
8000	348	-274.521	157.073
8000	349	213.653	984.475
8000	350	429.135	-1318.84
8000	351	-748.801	-917.213
8000	352	606.992	389.567
8000	353	-149.784	551.161
8000	354	-542.39	60.9698
8000	355	544.339	433.436
8000	356	901.031	-580.786
8000	357	-536.39	-193.319
8000	358	-1653.47	431.74
8000	359	698.218	222.457
8000	360	-114.352	-853.748
8000	361	567.499	-963.206
8000	362	-870.904	328.888
8000	363	318.186	236.44
8000	364	-500.94	1322.6
8000	365	337.641	30.6513
8000	366	-356.582	532.599
8000	367	-313.174	1.28937
8000	368	-779.418	483.131
8000	369	-490.054	669.234
8000	370	381.196	-414.722
8000	371	-588.961	333.513
8000	372	-105.245	807.17
8000	373	-120.516	-183.215
8000	374	-531.269	-319.681
8000	375	-795.839	-335.536
8000	376	1046.18	-749.935
8000	377	302.333	-610.903
8000	378	206.202	270.712
8000	379	32.2613	-4.8716
8000	380	81.9381	-548.822
8000	381	-32.4527	-523.764
8000	382	-71.7366	-534.558
8000	383	583.275	182.329
8000	384	352.434	375.846
8000	385	326.211	582.656
8000	386	1095.81	-636.404
8000	387	463.536	156.428
8000	388	33.034	-2459.51
8000	389	-92.2379	839.901
8000	390	-514.074	369.514
8000	391	-350.687	1535.91
8000	392	53.5841	-857.678
8000	393	-33.5353	776.82
8000	394	-76.4839	-2184.97
8000	395	244.933	-697.756
8000	396	-334.335	523.948
8000	397	-364.79	524.895
8000	398	1165.5	-823.644
8000	399	474.589	-47.9783
8000	400	605.715	1031.67
8000	401	-197.6	-884.858
8000	402	564.807	969.379
8000	403	-223.897	-117.998
8000	404	247.514	-888.956
8000	405	-10.1916	-432.356
8000	406	245.583	-107.653
8000	407	-433.126	-332.895
8000	408	-396.057	-1107.61
8000	409	317.178	59.1817
8000	410	-146.442	1188.56
8000	411	-282.533	-294.444
8000	412	-688.479	-406.109
8000	413	-217.393	-200.161
8000	414	-391.199	95.2279
8000	415	777.778	-1031.99
8000	416	-478.163	-586.508
8000	417	377.244	496.898
8000	418	469.86	-610.371
8000	419	-413.662	-290.426
8000	420	-1302.97	296.592
8000	421	-490.174	104.008
8000	422	-919.451	-251.742
8000	423	577.023	-158.267
8000	424	160.933	-363.739
8000	425	-215.546	-1850.43
8000	426	-330.784	879.617
8000	427	86.0832	-79.9971
8000	428	1201.64	734.479
8000	429	-51.7739	-239.106
8000	430	-425.945	441.784
8000	431	172.592	-59.9652
8000	432	-1026.25	384.194
8000	433	58.9597	-302.458
8000	434	-344.174	455.609
8000	435	-250.078	-463.21
8000	436	-763.594	1385.98
8000	437	-389.047	168.172
8000	438	-262.726	-570.756
8000	439	-138.096	241.931
8000	440	-243.094	-1117.95
8000	441	32.5172	575.669
8000	442	-630.803	946.022
8000	443	-189.449	758.838
8000	444	-842.022	-375.695
8000	445	137.557	-1152.6
8000	446	4.37853	-480.732
8000	447	-205.973	423.647
8000	448	-476.684	775.171
8000	449	687.197	163.478
8000	450	-475.681	680.733
8000	451	-20.8295	498.838
8000	452	-88.4122	725.481
8000	453	256.238	1118.54
8000	454	-684.41	1832.93
8000	455	-276.579	-1033.34
8000	456	-116.049	1467.57
8000	457	-368.574	31.9218
8000	458	-632.278	-423.495
8000	459	339.062	1080.08
8000	460	405.316	-289.211
8000	461	-268.996	-17.6268
8000	462	-439.74	-488.459
8000	463	-371.988	-429.866
8000	464	-43.0534	-534.882
8000	465	-469.512	784.646
8000	466	709.285	-1228.63
8000	467	-669.315	-1056.93
8000	468	552.172	-289.444
8000	469	-529.96	-478.077
8000	470	782.889	273.815
8000	471	684.318	256.419
8000	472	800.193	29.9512
8000	473	-26.4712	-428.979
8000	474	-261.578	-714.092
8000	475	-423.021	333.899
8000	476	-8.01433	-1108.66
8000	477	-689.687	373.048
8000	478	566.689	-1289.57
8000	479	-513.047	388.636
8000	480	-548.704	1023.56
8000	481	-374.187	-682.137
8000	482	-668.899	-398.544
8000	483	-115.67	-113.574
8000	484	599.909	-449.587
8000	485	-780.182	152.553
8000	486	79.1647	-75.3751
8000	487	204.795	1351.2
8000	488	-725.669	302.287
8000	489	83.9361	775.542
8000	490	983.566	-45.2373
8000	491	-37.896	-714.436
8000	492	468.4	40.7067
8000	493	-183.764	1044.46
8000	494	-446.313	-305.918
8000	495	655.378	-202.11
8000	496	-140.828	-1003.5
8000	497	-81.3819	-950.324
8000	498	-417.917	-656.429
8000	499	172.137	158.521
10000	0	-577.939	715.787
10000	1	320.072	-691.776
10000	2	194.064	234.194
10000	3	272.963	1446.62
10000	4	177.052	-368.473
10000	5	-7.1211	4.8615
10000	6	-407.563	1693.82
10000	7	-920.11	1448.13
10000	8	814.222	1280.31
10000	9	-726.265	-1093.06
10000	10	342.435	-302.888
10000	11	31.7627	-19.9506
10000	12	-442.917	-154.923
10000	13	64.8057	-437.142
10000	14	-160.788	-302.55
10000	15	289.296	784.826
10000	16	-556.495	766.021
10000	17	838.186	688.397
10000	18	-743.48	-1348.11
10000	19	28.0712	-343.485
10000	20	638.53	-2381.25
10000	21	-606.201	-1190.76
10000	22	167.848	-887.617
10000	23	-799.22	426.039
10000	24	-584.213	-570.374
10000	25	678.78	-1010.46
10000	26	202.682	-1257.02
10000	27	-560.619	679.19
10000	28	308.893	1179.1
10000	29	462.645	1545.91
10000	30	645.154	-857.164
10000	31	93.2563	-301.148
10000	32	71.2166	549.071
10000	33	-177.979	-924.945
10000	34	666.469	-313.031
10000	35	504.076	-1039.48
10000	36	485.657	-732.466
10000	37	-1.87618	-948.312
10000	38	1431.11	-993.527
10000	39	396.561	339.599
10000	40	15.4214	79.6696
10000	41	-713.348	452.482
10000	42	-654.686	1094.7
10000	43	-1002.15	443.952
10000	44	168.245	-801.815
10000	45	-664.419	277.221
10000	46	-396.595	1356.83
10000	47	-858.43	508.339
10000	48	-127.957	-421.314
10000	49	243.063	-1080.24
10000	50	271.854	200.204
10000	51	43.6367	450.912
10000	52	362.728	-514.462
10000	53	-618.691	1098.29
10000	54	-933.568	-667.439
10000	55	287.392	-590.244
10000	56	-745.902	-308.049
10000	57	556.937	-73.0315
10000	58	459.644	105.259
10000	59	380.025	-354.823
10000	60	988.487	-1001.84
10000	61	746.03	506.808
10000	62	-99.6638	-147.542
10000	63	392.875	-548.802
10000	64	-45.6259	-565.035
10000	65	166.679	-1696.89
10000	66	-378.314	313.927
10000	67	-48.9862	35.9393
10000	68	491.72	1193.34
10000	69	277.226	-169.701
10000	70	424.096	1187.17
10000	71	-751.671	-1307.46
10000	72	34.7569	-38.9297
10000	73	-1126.15	-9.03548
10000	74	-456.557	-410.226
10000	75	-496.195	-943.445
10000	76	427.169	-1543.27
10000	77	-107.753	459.969
10000	78	-31.454	1166.91
10000	79	308.873	155.414
10000	80	29.3597	-720.313
10000	81	-306.748	-171.153
10000	82	-165.735	-36.2662
10000	83	-671.809	1713.85
10000	84	-240.872	-582.297
10000	85	-460.415	1679.45
10000	86	366.54	-695.268
10000	87	3.20088	532.717
10000	88	1179.23	-441.024
10000	89	287.824	435.422
10000	90	189.074	-363.871
10000	91	1720.58	-1413.99
10000	92	67.4895	1076.1
10000	93	699.426	1092.98
10000	94	516.153	921.33
10000	95	157.275	-742.311
10000	96	-831.864	-1862.19
10000	97	-220.367	500.595
10000	98	-853.58	576.04
10000	99	-380.496	410.328
10000	100	746.405	-472.899
10000	101	150.008	-5.76161
10000	102	456.585	-1685.84
10000	103	-406.196	-103.836
10000	104	1203.23	-1619.89
10000	105	84.1335	-1651.74
10000	106	-1083.01	-789.333
10000	107	202.572	888.184
10000	108	-147.258	240.685
10000	109	-168.909	-932.951
10000	110	-653.278	22.4013
10000	111	443.204	415.246
10000	112	-142.454	519.609
10000	113	-452.275	-433.743
10000	114	-689.956	-705.427
10000	115	298.91	-690.204
10000	116	941.679	709.276
10000	117	-339.307	-1263.46
10000	118	-120.371	675.633
10000	119	-242.624	-589.376
10000	120	295.825	-58.1818
10000	121	664.417	334.396
10000	122	393.002	-165.279
10000	123	-59.1152	-36.6718
10000	124	492.119	1402.84
10000	125	-137.873	-393.681
10000	126	-927.247	964.95
10000	127	105.299	1007.12
10000	128	-0.425009	-763.245
10000	129	-64.7749	233.088
10000	130	426.114	-718.831
10000	131	-332.05	-1527.82
10000	132	-481.086	-512.409
10000	133	809.675	-603.035
10000	134	-116.431	-947.886
10000	135	-210.034	732.496
10000	136	-87.317	753.245
10000	137	-84.6814	-1072.05
10000	138	1224.63	317.886
10000	139	-452.111	-154.269
10000	140	850.278	427.675
10000	141	-961.077	74.7969
10000	142	178.121	17.1636
10000	143	771.789	896.218
10000	144	271.736	91.3868
10000	145	-1134.05	672.035
10000	146	337.173	99.0313
10000	147	179.611	975.026
10000	148	692.84	1210.75
10000	149	-612.37	359.365
10000	150	153.721	1193.46
10000	151	424.872	-971.405
10000	152	-954.924	614.313
10000	153	-889.42	706.683
10000	154	417.728	-1137.33
10000	155	1014.69	-17.7053
10000	156	142.597	-1717.06
10000	157	-339.874	-427.37
10000	158	-591.656	978.575
10000	159	327.887	673.406
10000	160	557.612	127.521
10000	161	406.291	17.8028
10000	162	-42.8314	632.223
10000	163	368.517	936.812
10000	164	-75.5139	222.205
10000	165	-134.615	-1831.51
10000	166	111.395	-155.124
10000	167	409.48	-550.839
10000	168	-736.98	66.6132
10000	169	-87.4561	-835.309
10000	170	-1467.73	167.75
10000	171	115.692	290.033
10000	172	-130.781	-271.628
10000	173	230.085	84.322
10000	174	357.047	-448.179
10000	175	-302.216	583.723
10000	176	-133.719	480.21
10000	177	-43.3793	-200.13
10000	178	-20.4157	-77.2123
10000	179	-125.475	491.491
10000	180	781.264	1024.54
10000	181	-159.61	-87.3863
10000	182	-488.2	695.308
10000	183	96.1824	-969.639
10000	184	-81.3139	-505.454
10000	185	773.728	-1322.59
10000	186	1107.03	40.004
10000	187	-144.667	31.0702
10000	188	132.451	-1304.75
10000	189	-182.984	644.108
10000	190	-725.162	537.633
10000	191	218.93	-260.145
10000	192	-24.6689	642.768
10000	193	284.109	-415.596
10000	194	242.006	350.842
10000	195	586.324	1431.41
10000	196	-879.352	-175.669
10000	197	657.977	-1801.08
10000	198	-328.833	-379.419
10000	199	220.858	196.04
10000	200	-286.074	232.885
10000	201	698.605	-938.118
10000	202	70.0935	-44.5575
10000	203	-1188.56	-713.825
10000	204	614.669	-516.516
10000	205	793.195	-625.148
10000	206	-542.221	616.736
10000	207	-528.004	2082.82
10000	208	-209.712	631.788
10000	209	-503.761	159.04
10000	210	-748.436	1017.55
10000	211	-732.503	490.751
10000	212	34.9054	-944.65
10000	213	-586.463	-904.407
10000	214	-359.098	908.757
10000	215	340.308	-199.034
10000	216	-61.1427	607.155
10000	217	168.271	-452.345
10000	218	429.73	1222.9
10000	219	289.79	639.854
10000	220	-431.651	-494.176
10000	221	1174.56	-1583.29
10000	222	184.289	353.042
10000	223	479.704	799.417
10000	224	-11.9871	-284.171
10000	225	709.184	-1657.21
10000	226	-499.846	-403.991
10000	227	-190.101	1701.97
10000	228	-397.284	384.659
10000	229	-575.861	-923.228
10000	230	44.9492	184.817
10000	231	-927.07	297.557
10000	232	-367.363	646.525
10000	233	424.492	-273.141
10000	234	25.4909	-1141.49
10000	235	-445.124	-694.766
10000	236	133.477	749.051
10000	237	142.029	69.5696
10000	238	-67.5836	-205.459
10000	239	-1412.08	-288.951
10000	240	-1297.04	1134.72
10000	241	-329.333	-380.681
10000	242	-936.07	168.313
10000	243	132.41	-711.227
10000	244	31.7237	-213.213
10000	245	-380	1.05771
10000	246	-603.105	98.2302
10000	247	-511.256	926.108
10000	248	318.28	-16.0928
10000	249	476.946	1364
10000	250	645.183	303.664
10000	251	-671.172	1452.88
10000	252	798.347	-493.468
10000	253	-1930.92	-449.823
10000	254	-61.2131	308.913
10000	255	-1249.61	-1161.59
10000	256	1239.95	-422.125
10000	257	210.289	-444.738
10000	258	199.031	-155.317
10000	259	-162.28	-1097.82
10000	260	245.011	-383.204
10000	261	-402.804	-341.226
10000	262	573.303	-247.651
10000	263	211.959	-122.441
10000	264	-556.67	-452.855
10000	265	606.142	-1794.92
10000	266	318.278	-866.239
10000	267	-65.6879	-220.396
10000	268	-400.542	-269.037
10000	269	476.499	-273.934
10000	270	-349.424	-229.564
10000	271	75.4144	-260.578
10000	272	-636.045	205.67
10000	273	-58.2582	-54.6863
10000	274	196.334	-879.445
10000	275	-357.332	-76.0116
10000	276	832.388	-831.743
10000	277	195.38	-1297.89
10000	278	-451.386	1130.61
10000	279	294.572	-1069.62
10000	280	-160.121	1464.63
10000	281	-1465.95	-1587.86
10000	282	212.921	-1988.54
10000	283	-633.003	582.031
10000	284	845.582	473.943
10000	285	-21.5891	-761.172
10000	286	505.997	-63.0637
10000	287	-875.265	-569.245
10000	288	268.422	1614.69
10000	289	-133.891	-640.008
10000	290	-69.5492	-1014.87
10000	291	-118.511	1751.9
10000	292	-1083.56	-433.068
10000	293	738.156	-1291.01
10000	294	-1043.48	-1247.1
10000	295	324.262	293.976
10000	296	1016.95	-599.133
10000	297	-576.696	247.799
10000	298	395.922	1880.78
10000	299	-3.26895	455.66
10000	300	-1028.73	-660.219
10000	301	282.069	-1144.31
10000	302	-372.366	1199.41
10000	303	12.88	413.012
10000	304	100.233	-392.162
10000	305	176.488	789.727
10000	306	-245.797	-1145.21
10000	307	-960.87	841.224
10000	308	392.832	-302.874
10000	309	-13.3793	-216.71
10000	310	365.157	1293.56
10000	311	-1363.15	-391.393
10000	312	-527.591	-323.511
10000	313	1336.42	994.762
10000	314	428.931	798.168
10000	315	-153.768	-1403.16
10000	316	-582.109	-519.124
10000	317	116.5	-596.205
10000	318	729.353	787.369
10000	319	-756.133	-1246.81
10000	320	-884.623	982.616
10000	321	-44.5785	499.407
10000	322	-440.632	423.832
10000	323	463.838	-1121.1
10000	324	-754.719	-1383.38
10000	325	-461.507	-198.878
10000	326	101.066	105.928
10000	327	42.5856	251.912
10000	328	-629.976	1421.69
10000	329	415.966	-269.071
10000	330	-152.221	711.006
10000	331	-731.021	-302.325
10000	332	-529.955	-64.4457
10000	333	1033.42	-203.627
10000	334	849.255	82.3155
10000	335	357.864	258.546
10000	336	-111.377	1611.02
10000	337	-113.658	217.679
10000	338	-419.866	-262.801
10000	339	-92.9724	1020.86
10000	340	-758.271	1300.24
10000	341	527.082	108.178
10000	342	-321.476	198.747
10000	343	-564.574	875.844
10000	344	-314.272	-888.601
10000	345	270.867	967.626
10000	346	-841.802	351.441
10000	347	95.213	-445.167
10000	348	-517.743	525.24
10000	349	154.754	65.0762
10000	350	464.13	-1613.75
10000	351	-688.722	330.853
10000	352	1265.67	14.2982
10000	353	-64.2663	317.686
10000	354	-618.37	464.038
10000	355	644.605	855.23
10000	356	914.83	-988.323
10000	357	-876.388	1.44681
10000	358	-1527.27	559.293
10000	359	1123.79	324.177
10000	360	-439.717	-823.108
10000	361	219.837	-875.008
10000	362	-1051.84	634.602
10000	363	196.459	-181.305
10000	364	-381.683	1800.37
10000	365	399.864	28.0742
10000	366	105.31	970.678
10000	367	-735.719	470.256
10000	368	-1120.25	517.215
10000	369	-679.84	410.021
10000	370	624.443	57.3617
10000	371	-682.899	1111.11
10000	372	-226.575	1034.53
10000	373	-225.077	-85.5019
10000	374	-868.244	-321.111
10000	375	-475.567	-75.1347
10000	376	1001.43	85.0133
10000	377	143.947	-407.68
10000	378	382.483	144.909
10000	379	-103.397	-304.889
10000	380	358.497	-687.338
10000	381	-239.476	-860.266
10000	382	-267.177	-1352.1
10000	383	729.115	75.2463
10000	384	-67.8791	113.297
10000	385	403.155	236.494
10000	386	1154.6	-408.87
10000	387	200.145	237.042
10000	388	237.189	-3263.71
10000	389	-351.648	367.439
10000	390	-173.123	288.756
10000	391	-430.832	1228.36
10000	392	72.1515	-433.806
10000	393	415.121	774.983
10000	394	-295.65	-2127.39
10000	395	51.2169	-884.483
10000	396	-867.384	116.66
10000	397	-568.687	72.5754
10000	398	1107.71	-552.456
10000	399	299.387	-59.499
10000	400	44.3619	1442.5
10000	401	-153.385	-1114.54
10000	402	894.603	776.664
10000	403	-706.849	-119.725
10000	404	288.19	-944.141
10000	405	-130.494	-538.084
10000	406	330.701	-328.378
10000	407	-786.842	-552.876
10000	408	-379.273	-1090.33
10000	409	-367.748	80.4959
10000	410	-564.468	1308.93
10000	411	-462.427	-296.195
10000	412	-1273.19	-389.84
10000	413	81.4413	-4.51192
10000	414	-709.265	-726.673
10000	415	753.547	-707.93
10000	416	-308.519	-499.219
10000	417	139.624	1019.22
10000	418	10.4747	-224.736
10000	419	-493.547	-172.72
10000	420	-1239.08	471.6
10000	421	-329.303	-403.886
10000	422	-749.294	-189.926
10000	423	693.061	255.939
10000	424	301.846	-946.542
10000	425	-164.816	-1875.27
10000	426	35.129	966.647
10000	427	447.059	-239.077
10000	428	1650.73	600.971
10000	429	-71.6263	-587.96
10000	430	-329.27	195.414
10000	431	155.128	-165.686
10000	432	-1103.36	1074.8
10000	433	201.624	362.224
10000	434	-144.736	973.672
10000	435	-357.329	-720.846
10000	436	-821.702	1507.32
10000	437	-488.499	-466.41
10000	438	-262.7	-1187.37
10000	439	-38.5585	543.043
10000	440	-526.8	-1376.44
10000	441	-36.6212	1462.89
10000	442	-817.15	819.27
10000	443	-342.408	119.368
10000	444	-743.974	58.9389
10000	445	297.693	-559.988
10000	446	45.6295	-705.454
10000	447	-150.85	853.774
10000	448	-443.542	923.716
10000	449	1005.43	-359.686
10000	450	-204.659	1075.72
10000	451	36.5212	1034.38
10000	452	-430.4	675.03
10000	453	437.851	939.784
10000	454	-529.524	1765.34
10000	455	-494.308	-1087.09
10000	456	4.17122	699.147
10000	457	-407.302	704.027
10000	458	-694.264	-719.763
10000	459	656.381	1354.75
10000	460	149.579	-644.719
10000	461	-207.928	-275.309
10000	462	-237.421	-412.639
10000	463	-642.65	-235.681
10000	464	355.837	-789.364
10000	465	-288.666	624.57
10000	466	617.602	-1084.62
10000	467	-965.921	-1473.66
10000	468	871.883	-26.2302
10000	469	-307.442	-261.625
10000	470	1069.3	266.608
10000	471	543.859	-421.353
10000	472	618.445	271.752
10000	473	136.155	-833.366
10000	474	-479.965	-868.306
10000	475	-518.11	289.875
10000	476	-6.99151	-1335.41
10000	477	-709.554	743.908
10000	478	507.313	-1153.61
10000	479	-972.582	-324.26
10000	480	-468.977	1219.6
10000	481	-312.114	-553.065
10000	482	-895.853	-55.4678
10000	483	109.978	-68.9218
10000	484	237.857	158.358
10000	485	-1068.44	430.072
10000	486	-161.423	99.8974
10000	487	428.404	1800.34
10000	488	-976.011	572.384
10000	489	-18.2971	1211.66
10000	490	1084.85	131.881
10000	491	163.469	-176.041
10000	492	715.223	-1.35043
10000	493	-227.022	1209.17
10000	494	-304.955	18.413
10000	495	418.604	-34.8373
10000	496	-257.821	-684.559
10000	497	-141.918	-531.816
10000	498	-438.743	-904.743
10000	499	-42.6956	483.726
12000	0	-338.34	755.338
12000	1	404.813	-848.978
12000	2	33.3655	-447.295
12000	3	401.816	1583.28
12000	4	273.954	-781.915
12000	5	36.9464	-151.163
12000	6	-226.219	1147.7
12000	7	-1322.95	1364.23
12000	8	775.5	1072.68
12000	9	-689.592	-1700.32
12000	10	345.405	-393.354
12000	11	-264.799	-94.2377
12000	12	-768.707	661.306
12000	13	-224.156	-483.921
12000	14	-540.864	493.513
12000	15	463.517	543.426
12000	16	-445.221	851.456
12000	17	979.395	1010.31
12000	18	-835.756	-1678.96
12000	19	-204.533	-152.267
12000	20	531.725	-2173.48
12000	21	-623.46	-1573.91
12000	22	680.18	-479.182
12000	23	-456.525	310.732
12000	24	-824.188	-486.223
12000	25	738.579	-1561.63
12000	26	123.295	-1506.2
12000	27	-385.276	1130.57
12000	28	-63.1333	1740.24
12000	29	499.786	1809.75
12000	30	606.046	-612.455
12000	31	-587.536	-210.558
12000	32	205.583	-7.90064
12000	33	-299.282	152.893
12000	34	707.17	-285.238
12000	35	643.099	-1153.77
12000	36	636.696	-1394.54
12000	37	316.299	-570.214
12000	38	1279.6	-458.938
12000	39	143.249	1074.72
12000	40	136.553	718.969
12000	41	-298.074	151.299
12000	42	-1137.9	1095.51
12000	43	-664.884	521.552
12000	44	229.079	-1085.48
12000	45	-1043.25	382.765
12000	46	-642.479	1350.19
12000	47	-381.815	99.4071
12000	48	-384.485	-285.499
12000	49	180.153	-820.579
12000	50	-448.67	-92.0941
12000	51	472.238	678.353
12000	52	477.145	-188.076
12000	53	-657.193	819.442
12000	54	-950.582	-101.348
12000	55	172.811	-554.956
12000	56	-424.6	-239.087
12000	57	158.53	-274.628
12000	58	202.704	218.954
12000	59	681.372	-442.498
12000	60	1243.54	-284.864
12000	61	947.296	732.007
12000	62	237.837	-553.665
12000	63	710.005	-343.248
12000	64	415.81	-783.399
12000	65	423.859	-1477.09
12000	66	-102.186	-401.934
12000	67	-70.42	648.75
12000	68	493.706	1266.42
12000	69	557.554	-661.443
12000	70	68.0924	1154.71
12000	71	-825.411	-922.033
12000	72	-280.889	38.7362
12000	73	-1531.65	116.086
12000	74	-755.197	-690.138
12000	75	-536.64	-893.395
12000	76	207.047	-1178.62
12000	77	-7.43876	563.711
12000	78	68.9993	1287.75
12000	79	311.501	-716.164
12000	80	-52.1891	-885.588
12000	81	-106.658	352.145
12000	82	-415.301	136.962
12000	83	-1016.12	2249.09
12000	84	137.633	-636.464
12000	85	-602.974	1925.72
12000	86	428.02	-1181.8
12000	87	279.424	380.233
12000	88	1560.11	-50.9446
12000	89	10.1939	115.126
12000	90	213.697	-363.924
12000	91	1558.43	-1132.41
12000	92	106.113	892.424
12000	93	459.272	347.34
12000	94	797.059	1023.24
12000	95	166.794	-679.44
12000	96	-684.527	-2391.11
12000	97	-68.3596	282.659
12000	98	-541.549	546.576
12000	99	-403.478	659.732
12000	100	626.942	-1113.77
12000	101	-364.644	-43.3797
12000	102	316.9	-1698.52
12000	103	-493.374	-7.30336
12000	104	1100.13	-1659.54
12000	105	47.4553	-1488.69
12000	106	-841.116	-837.857
12000	107	740.938	675.006
12000	108	-413.221	91.8959
12000	109	-329.109	-851.899
12000	110	-595.385	-393.876
12000	111	263.012	184.95
12000	112	-242.504	1328.95
12000	113	-372.871	-459.114
12000	114	-458.064	-1225.74
12000	115	94.7415	-299.796
12000	116	786.627	125.519
12000	117	61.9877	-1656.19
12000	118	-157.474	-285.96
12000	119	-160.329	-1127.9
12000	120	493.281	223.724
12000	121	390.909	597.38
12000	122	-41.457	270.222
12000	123	23.7339	-180.843
12000	124	340.419	1298.44
12000	125	-335.419	-279.197
12000	126	-1374.37	1509.04
12000	127	171.852	1579.14
12000	128	130.561	-957.173
12000	129	-321.005	829.171
12000	130	767.498	-1250.21
12000	131	-378.656	-1338.31
12000	132	-732.391	-923.014
12000	133	926.133	-764.957
12000	134	-246.145	-1188.98
12000	135	10.7301	1543.31
12000	136	-107.618	74.259
12000	137	-341.71	-1060.98
12000	138	1004.48	119.99
12000	139	-733.233	70.6332
12000	140	1030.37	476.819
12000	141	-553.376	698.087
12000	142	59.1668	10.5893
12000	143	626.172	973.763
12000	144	311.609	534.021
12000	145	-979.469	1094.93
12000	146	-175.895	173.186
12000	147	95.4836	1318.83
12000	148	1354.73	1406.99
12000	149	-691.987	406.216
12000	150	333.044	630.406
12000	151	260.885	-1034.42
12000	152	-818.713	344.706
12000	153	-650.569	798.353
12000	154	619.046	-834.759
12000	155	636.296	128.993
12000	156	-120.63	-1507.45
12000	157	-598.54	-503.876
12000	158	-772.919	1406.4
12000	159	447.793	498.465
12000	160	638.868	186.005
12000	161	326.958	-137.175
12000	162	-0.377189	356.825
12000	163	384.335	1033.55
12000	164	66.3666	295.522
12000	165	-215.475	-1159.94
12000	166	129.356	193.253
12000	167	663.235	-803.845
12000	168	-522.637	350.019
12000	169	163.157	-389.711
12000	170	-1665.94	71.0695
12000	171	-144.683	306.24
12000	172	27.2948	-547.751
12000	173	388.642	-223.091
12000	174	176.535	-463.837
12000	175	-399.118	548.143
12000	176	240.674	-72.9053
12000	177	-150.237	-262.834
12000	178	303.426	520.15
12000	179	-302.276	797.23
12000	180	969.474	779.178
12000	181	-280.478	-830.381
12000	182	-208.29	608.209
12000	183	436.378	-1644.28
12000	184	-40.9517	-936.341
12000	185	792.243	-1212.26
12000	186	1407.06	101.348
12000	187	-423.419	-378.211
12000	188	-42.0128	-1505.55
12000	189	46.446	1098.95
12000	190	-603.56	205.863
12000	191	0.718881	-506.289
12000	192	69.4351	314.606
12000	193	705.392	-722.392
12000	194	307.418	-234.418
12000	195	566.748	1256.38
12000	196	-1096.65	-1212.46
12000	197	436.884	-2355.24
12000	198	-128.21	-917.968
12000	199	225.052	142.459
12000	200	-233.55	336.36
12000	201	517.816	-1213.76
12000	202	168.315	-49.5951
12000	203	-1349.62	-844.236
12000	204	432.788	-10.8896
12000	205	475.017	-1112.91
12000	206	-923.036	584.44
12000	207	-981.755	2411.75
12000	208	-230.688	397.322
12000	209	-779.262	291.79
12000	210	-728.622	1615.25
12000	211	-774.228	21.8315
12000	212	536.802	-1191.94
12000	213	-186.868	-330.111
12000	214	-55.9476	743.988
12000	215	180.658	404.442
12000	216	-281.187	-161.451
12000	217	228.293	33.8668
12000	218	207.375	1666.27
12000	219	488.82	843.027
12000	220	-731.98	-157.287
12000	221	1179.67	-1954.67
12000	222	-76.7309	478.904
12000	223	281.019	921.97
12000	224	-8.40447	432.2
12000	225	929.369	-1227.94
12000	226	-519.252	-106.415
12000	227	-405.909	1470.23
12000	228	-78.0223	192.504
12000	229	-512.597	-1411.92
12000	230	895.255	218.476
12000	231	-786.958	31.5123
12000	232	-327.494	145.221
12000	233	452.121	30.1719
12000	234	557.473	-1004.61
12000	235	-443.451	-722.407
12000	236	197.295	81.3651
12000	237	341.253	315.209
12000	238	-229.002	174.534
12000	239	-1231.83	-115.827
12000	240	-1277.61	1329.96
12000	241	-188.369	-200.032
12000	242	-962.314	176.133
12000	243	528.317	-594.71
12000	244	-147.1	-505.334
12000	245	-642.355	-300.882
12000	246	-684.016	-905.608
12000	247	-141.998	659.111
12000	248	415.631	-877.54
12000	249	715.976	1196.67
12000	250	724.708	421.002
12000	251	-890.819	694.992
12000	252	698.282	209.833
12000	253	-2287.14	-751.354
12000	254	88.1169	99.5208
12000	255	-1286.65	-1438.6
12000	256	1365.28	146.12
12000	257	-227.07	-1081.27
12000	258	80.0581	900.555
12000	259	-157.561	-1463.14
12000	260	363.741	-729.774
12000	261	-322.752	-468.529
12000	262	731.698	-39.1439
12000	263	-277.462	-146.228
12000	264	-157.037	-587.916
12000	265	566.612	-1783.39
12000	266	416.423	-858.422
12000	267	-5.0207	68.1552
12000	268	-264.867	269.775
12000	269	418.333	-359.837
12000	270	-511.772	-340.923
12000	271	230.674	-1384.16
12000	272	-573.448	447.342
12000	273	40.8942	-1132.36
12000	274	402.573	-918.471
12000	275	-371.336	-729.831
12000	276	1150.42	-765.109
12000	277	74.4937	-1114.57
12000	278	-85.2859	1518.86
12000	279	405.288	-1963.02
12000	280	-205.812	1232.53
12000	281	-1554.75	-1730.39
12000	282	194.18	-1636.49
12000	283	-811.235	712.071
12000	284	828.471	-86.133
12000	285	457.374	-477.172
12000	286	605.491	-332.826
12000	287	-1039.9	-186.767
12000	288	48.0695	1657.29
12000	289	-72.3736	-239.06
12000	290	-530.616	-726.049
12000	291	163.702	1948.24
12000	292	-1466.41	-14.1769
12000	293	737.553	-1345.56
12000	294	-1063.1	-1651.44
12000	295	726.496	-287.007
12000	296	1478.03	-732.007
12000	297	-1173.8	1167.07
12000	298	533.934	1645.18
12000	299	-40.5363	135.724
12000	300	-966.97	-248.787
12000	301	403.651	-1159.91
12000	302	-430.114	1023.34
12000	303	191.709	-73.1451
12000	304	201.739	37.4637
12000	305	174.513	854.849
12000	306	-287.924	-1679.19
12000	307	-966.71	477.65
12000	308	730.948	-839.547
12000	309	-230.026	-598.965
12000	310	136.771	1162.21
12000	311	-1164.06	-986.99
12000	312	-759.138	-659.165
12000	313	1062.27	872.078
12000	314	208.008	157.573
12000	315	-728.628	-969.927
12000	316	-999.94	-597.021
12000	317	111.6	-762.069
12000	318	608.788	900.413
12000	319	-1233.74	-798.445
12000	320	-665.459	871.946
12000	321	416.364	-437.67
12000	322	-121.418	668.249
12000	323	375.13	-2073.32
12000	324	-873.689	-979.266
12000	325	-379.79	-119.066
12000	326	81.5807	348.641
12000	327	280.904	105.536
12000	328	-890.64	1655.82
12000	329	498.14	-40.7731
12000	330	-133.905	914.079
12000	331	-392.664	-618.803
12000	332	-214.604	-310.45
12000	333	966.872	-1016.92
12000	334	960.579	393.6
12000	335	557.245	-68.1274
12000	336	-8.05677	1326.48
12000	337	139.372	950.324
12000	338	-400.331	74.3408
12000	339	248.519	742.478
12000	340	-1048.62	1366.88
12000	341	230.566	-221.393
12000	342	-221.384	478.206
12000	343	-663.639	478.915
12000	344	-514.984	-534.433
12000	345	210.962	913.703
12000	346	-822.821	-364.455
12000	347	-40.7121	-488.432
12000	348	-977.755	142.259
12000	349	53.3292	263.104
12000	350	105.986	-1697.63
12000	351	-625.567	767.215
12000	352	831.551	427.422
12000	353	111.633	815.627
12000	354	-657.73	655.759
12000	355	387.866	967.694
12000	356	1345.39	-874.084
12000	357	-1015.75	-248.613
12000	358	-1294.76	180.194
12000	359	1004.23	1081.68
12000	360	-436.156	-699.779
12000	361	735.351	-993.816
12000	362	-1473.39	290.315
12000	363	-20.3789	-456.502
12000	364	-679.863	1855.78
12000	365	397.735	-264.564
12000	366	526.915	241.526
12000	367	-655.034	939.374
12000	368	-967.313	861.035
12000	369	-623.835	220.343
12000	370	872.607	545.869
12000	371	-637.964	1180.87
12000	372	76.6302	840.944
12000	373	-36.8755	168.784
12000	374	-1166.95	-407.427
12000	375	-657.146	-332.316
12000	376	1230.42	15.6164
12000	377	6.77484	-371.326
12000	378	254.463	71.2934
12000	379	-287.384	-357.509
12000	380	-120.737	-625.323
12000	381	-61.1693	-312.955
12000	382	-49.6863	-1909.58
12000	383	423.595	718.758
12000	384	-288.204	-467.375
12000	385	480.025	538.312
12000	386	1213.79	-304.322
12000	387	644.864	331.35
12000	388	555.407	-3267.69
12000	389	-574.145	392.161
12000	390	-171.125	647.564
12000	391	-530.644	1077
12000	392	553.442	-282.362
12000	393	174.496	440.802
12000	394	-518.311	-2634.78
12000	395	-488.19	-652.114
12000	396	-969.402	-6.56698
12000	397	-864.962	274.655
12000	398	1203.13	-1129.26
12000	399	328.843	108.072
12000	400	207.405	1711.71
12000	401	-137.479	-1554.16
12000	402	443.872	1070.46
12000	403	-966.141	-39.5514
12000	404	208.121	-1105.99
12000	405	-289.696	-412.782
12000	406	548.679	-0.284178
12000	407	-844.388	-919.266
12000	408	-197.898	-511.568
12000	409	-322.73	219.478
12000	410	-802.454	1952
12000	411	-540.994	-59.3974
12000	412	-934.38	-318.075
12000	413	-279.98	10.8587
12000	414	-1109.23	442.63
12000	415	775.353	-819.225
12000	416	-436.967	-315.389
12000	417	38.0893	826.108
12000	418	-137.684	-290.283
12000	419	-734.063	-529.442
12000	420	-1160.66	434.643
12000	421	-448.186	586.728
12000	422	-756.066	-247.902
12000	423	1114.29	-85.8073
12000	424	137.229	-712.234
12000	425	32.8261	-1606.2
12000	426	172.745	928.676
12000	427	489.829	16.0277
12000	428	1388.16	636.931
12000	429	-71.3392	-633.54
12000	430	-346.786	267.229
12000	431	222.794	138.595
12000	432	-1147.18	1062.47
12000	433	598.813	780.717
12000	434	-62.984	1120.41
12000	435	-570.025	-390.807
12000	436	-941.836	1397.49
12000	437	-167.898	37.5372
12000	438	-803.248	-1433.42
12000	439	73.3471	715.531
12000	440	-845.944	-726.396
12000	441	-132.384	1533.92
12000	442	-971.649	381.547
12000	443	-306.942	-547.306
12000	444	-906.292	415.662
12000	445	255.282	-510.971
12000	446	103.979	-902.305
12000	447	-230.779	1201.39
12000	448	-288.807	716.519
12000	449	1205.36	-551.286
12000	450	-223.029	1084.79
12000	451	-21.3326	1206.31
12000	452	-421.306	953.049
12000	453	656.53	965.236
12000	454	-284.439	773.781
12000	455	-535.974	-685.852
12000	456	4.34153	815.171
12000	457	-531.412	154.762
12000	458	-1013.07	-736.12
12000	459	478.766	1010.75
12000	460	210.715	-443.711
12000	461	-446.8	-497.595
12000	462	-103.472	-285.229
12000	463	-642.925	-416.862
12000	464	-292.767	-1684.15
12000	465	-693.664	1084.15
12000	466	647.076	-599.661
12000	467	-1187.93	-1895.76
12000	468	1229.03	145.931
12000	469	-5.58719	448.579
12000	470	946.308	316.274
12000	471	904.634	-616.272
12000	472	518.646	210.298
12000	473	-499.851	-1110.13
12000	474	-499.956	-708.618
12000	475	-899.29	231.876
12000	476	-247.752	-1746.84
12000	477	-548.751	1140.82
12000	478	265.353	-1563.62
12000	479	-933.645	379.924
12000	480	-412.527	1459.08
12000	481	-494.015	-588.946
12000	482	-1326.17	-186.332
12000	483	281.947	-331.525
12000	484	600.097	378.134
12000	485	-1047.29	179.922
12000	486	98.1337	454.599
12000	487	707.346	1876.56
12000	488	-1071.44	644.583
12000	489	-200.433	1242.35
12000	490	1228.38	567.165
12000	491	202.492	-301.024
12000	492	120.064	-193.533
12000	493	-346.714	1247.95
12000	494	396.479	477.547
12000	495	577.531	-29.0561
12000	496	39.5849	-1354.09
12000	497	-723.895	-1406.91
12000	498	-418.309	-871.155
12000	499	-426.16	1030.85
14000	0	-158.309	302.022
14000	1	278.646	-1035.64
14000	2	193.052	-631.607
14000	3	258.348	1526.38
14000	4	137.139	-746.744
14000	5	37.2578	-242.067
14000	6	-269.803	951.144
14000	7	-1073.05	1684.29
14000	8	753.968	1120.89
14000	9	-708.497	-1622.27
14000	10	-112.433	-68.5523
14000	11	-407.353	231.038
14000	12	-966.749	1066.73
14000	13	-443.403	31.8463
14000	14	-377.889	15.0609
14000	15	208.045	595.579
14000	16	-355.347	1396.41
14000	17	1035.49	464.637
14000	18	-1040.11	-1759.97
14000	19	93.7866	-95.7285
14000	20	16.6414	-1778.65
14000	21	-645.492	-1423.02
14000	22	910.514	-195.049
14000	23	-360.635	390.983
14000	24	-564.2	-300.863
14000	25	1273.44	-1361
14000	26	305.758	-1621.84
14000	27	-283.111	465.285
14000	28	-205.294	942.741
14000	29	776.401	1840.77
14000	30	242.136	341.03
14000	31	-565.406	-253.954
14000	32	512.111	-63.1617
14000	33	44.7425	-89.3131
14000	34	849.067	-347.579
14000	35	802.128	-1222.04
14000	36	755.03	-561.56
14000	37	514.717	-652.21
14000	38	1167.95	-242.56
14000	39	-38.526	352.924
14000	40	116.864	1177.71
14000	41	-455.245	484.216
14000	42	-1618.35	831.017
14000	43	-1178.31	430.952
14000	44	-298.019	-1163.8
14000	45	-1055.65	-53.6413
14000	46	-400.535	1152.56
14000	47	-401.428	412.144
14000	48	-505.167	-171.659
14000	49	-257.721	-878.913
14000	50	-50.845	-537.822
14000	51	800.082	876.006
14000	52	-19.4698	107.607
14000	53	-500.631	275.796
14000	54	-848.176	-688.011
14000	55	170.057	168.342
14000	56	-584.599	-579.965
14000	57	318.232	-297.981
14000	58	221.388	-0.313155
14000	59	523.709	-952.333
14000	60	1073.74	-542.692
14000	61	910.391	777.532
14000	62	245.01	-811.902
14000	63	893.076	-841.823
14000	64	455.787	-609.2
14000	65	945.959	-1397.66
14000	66	-57.9285	-732.876
14000	67	-412.557	930.596
14000	68	630.835	1887.36
14000	69	1135.22	-791.144
14000	70	267.622	1441.35
14000	71	-692.017	-1043.4
14000	72	137.026	-141.118
14000	73	-1830.08	-697.523
14000	74	-493.201	-606.015
14000	75	-558.126	-1434.14
14000	76	287.482	-1751.61
14000	77	-147.981	-280.138
14000	78	455.501	1304.56
14000	79	327.82	-310.253
14000	80	-433.591	-1179.26
14000	81	-31.1898	-138.864
14000	82	-648.4	264.323
14000	83	-1256.04	1929.16
14000	84	298.98	-58.2597
14000	85	-460.029	1825.71
14000	86	408.395	-833.88
14000	87	740.78	635.719
14000	88	1437.47	-233.088
14000	89	-527.926	802.499
14000	90	313.967	-391.559
14000	91	1695.37	-1507.3
14000	92	525.464	713.991
14000	93	598.51	1024.66
14000	94	438.134	615.494
14000	95	-125.364	-403
14000	96	-389.838	-1303.56
14000	97	128.987	248.446
14000	98	-843.17	417.603
14000	99	-521.575	424.205
14000	100	689.434	-1351.65
14000	101	-148.544	15.9663
14000	102	583.213	-1183.61
14000	103	-255.061	-565.347
14000	104	1027.76	-2168.95
14000	105	348.228	-1458.45
14000	106	-802.772	-1115.68
14000	107	517.378	837.391
14000	108	-307.337	-282.472
14000	109	-525.213	-930.109
14000	110	-193.936	-314.856
14000	111	83.8204	0.626186
14000	112	-160.814	2162.91
14000	113	-390.629	70.3196
14000	114	-680.876	-934.942
14000	115	-259.06	-470.364
14000	116	541.69	-261.151
14000	117	-16.3291	-2024.11
14000	118	-400.696	-61.4323
14000	119	-81.0153	-391.922
14000	120	369.531	11.5523
14000	121	91.1724	-105.432
14000	122	-368.372	338.497
14000	123	148.924	435.035
14000	124	592.929	1061.96
14000	125	-399.406	-614.901
14000	126	-1486.43	1371
14000	127	-115.35	1089.1
14000	128	167.803	-736.286
14000	129	-662.947	489.463
14000	130	1024.45	-1010.92
14000	131	-570.929	-1616.88
14000	132	-703.272	-919.712
14000	133	707.651	-1499.24
14000	134	0.912869	-325.726
14000	135	-639.216	2048.27
14000	136	-106.981	177.617
14000	137	-23.7522	-755.164
14000	138	843.671	-224.051
14000	139	-772.854	-61.6683
14000	140	1254.75	529.534
14000	141	-728.8	1375.22
14000	142	-341.712	-410.312
14000	143	1030.41	712.622
14000	144	109.216	649.971
14000	145	-994.167	1028.01
14000	146	-86.6539	60.9267
14000	147	321.251	924.89
14000	148	1536.47	1734.64
14000	149	-608.843	565.251
14000	150	695.216	-133.838
14000	151	384.99	-709.084
14000	152	-1016.5	577.707
14000	153	-929.732	546.879
14000	154	259.399	-756.016
14000	155	598.6	-270.171
14000	156	120.751	-750.739
14000	157	-576.41	-642.589
14000	158	-970.125	1344.35
14000	159	917.983	-743.556
14000	160	796.089	-18.6582
14000	161	747.382	-602.56
14000	162	199.933	983.696
14000	163	306.824	1150.22
14000	164	43.1957	27.4106
14000	165	-230.818	-1215.98
14000	166	11.6543	243.041
14000	167	809.349	-267.903
14000	168	-768.59	801.879
14000	169	500.81	-309.486
14000	170	-1926.37	-47.5054
14000	171	137.458	-70.7257
14000	172	22.6194	-1084.21
14000	173	568.958	-71.0364
14000	174	197.684	107.832
14000	175	-485.588	703.362
14000	176	-166.258	205.9
14000	177	91.2046	-790.269
14000	178	342.274	247.717
14000	179	193.323	653.406
14000	180	1348.82	770.538
14000	181	-118.533	-900.928
14000	182	-547.224	10.3961
14000	183	617.683	-1699.53
14000	184	41.787	-1309.12
14000	185	710.546	-1075.37
14000	186	1168.87	-91.225
14000	187	-406.3	-447.339
14000	188	-205.421	-497
14000	189	134.007	1574.37
14000	190	-323.402	238.197
14000	191	129.107	-523.826
14000	192	110.16	-211.456
14000	193	623.234	-944.829
14000	194	210.584	-400.775
14000	195	569.586	1159.37
14000	196	-1524.61	-946.81
14000	197	539.982	-2363.07
14000	198	-66.4354	-711.163
14000	199	177.93	674.871
14000	200	-214.503	90.799
14000	201	557.922	-927.108
14000	202	68.0738	-319.713
14000	203	-1547.69	-887.379
14000	204	155.344	482.334
14000	205	214.841	-1346.74
14000	206	-1183.43	365.15
14000	207	-823.31	2248.93
14000	208	-367.413	1260.9
14000	209	-1002.24	442.925
14000	210	-744.911	1545.9
14000	211	-1012.11	232.833
14000	212	813.385	-1424.45
14000	213	-166.783	-479.956
14000	214	81.1227	679.594
14000	215	158.994	583.085
14000	216	40.6335	109.362
14000	217	206.001	-32.4697
14000	218	208.896	1212.69
14000	219	649.019	519.193
14000	220	-544.873	-44.0915
14000	221	1176.54	-959.385
14000	222	-99.963	909.31
14000	223	595.907	724.579
14000	224	-210.482	1142.71
14000	225	728.468	-1175.3
14000	226	-519.256	100.757
14000	227	-384.807	821.102
14000	228	-275.573	-97.8882
14000	229	-673.162	-1216.9
14000	230	1142.79	493.395
14000	231	-468.945	725.861
14000	232	-586.751	-12.9529
14000	233	634.857	-139.317
14000	234	601.048	-1384.6
14000	235	-784.951	-1186.01
14000	236	76.2575	-5.91259
14000	237	43.5193	309.025
14000	238	-48.2918	355.404
14000	239	-1250.25	-162.619
14000	240	-1036.25	1022.54
14000	241	-148.683	-465.004
14000	242	-936.471	345.136
14000	243	980.82	-965.771
14000	244	-633.069	-785.276
14000	245	-960.134	-622.102
14000	246	-925.592	-780.201
14000	247	-79.9439	13.7018
14000	248	417.971	-964.621
14000	249	937.659	1480.76
14000	250	813.626	636.305
14000	251	-1031.04	676.948
14000	252	698.656	452.095
14000	253	-2208.94	-610.98
14000	254	269.009	434.912
14000	255	-1702.14	-1255.32
14000	256	1099.13	267.63
14000	257	-510.596	-1346.68
14000	258	-276.63	669.462
14000	259	-205.097	-796.205
14000	260	201.91	-968.334
14000	261	-522.307	-666.605
14000	262	795.181	-438.261
14000	263	-205.098	478.29
14000	264	142.573	-527.389
14000	265	1203.07	-2013.6
14000	266	154.968	-951.575
14000	267	-67.9739	231.833
14000	268	-601.57	806.214
14000	269	576.866	-760.915
14000	270	-813.504	-268.968
14000	271	21.2944	-941.209
14000	272	-734.527	251.328
14000	273	-36.3572	-1388.19
14000	274	1288.02	-389.345
14000	275	-599.688	-160.043
14000	276	1108.47	-1185.34
14000	277	72.0543	-1689.53
14000	278	-69.4165	1586.36
14000	279	512.296	-2030.9
14000	280	-95.2844	837.999
14000	281	-2070.56	-1946.14
14000	282	55.8754	-1790.33
14000	283	-564.191	1253.03
14000	284	1254.06	208.063
14000	285	1078.02	-905.05
14000	286	425.568	-759.018
14000	287	-1114.63	-390.057
14000	288	-50.4494	1742.43
14000	289	-392.987	380.966
14000	290	-552.834	-879.182
14000	291	125.763	1478.36
14000	292	-1494.99	128.75
14000	293	417.808	-857.134
14000	294	-1264.02	-1604.45
14000	295	510.064	-415.878
14000	296	1218.22	-1056.72
14000	297	-1513.77	1219.54
14000	298	543.704	1287.63
14000	299	-90.6865	-106.892
14000	300	-1148.7	-546.775
14000	301	647.069	-835.53
14000	302	-550.913	1545.75
14000	303	513.318	-416.782
14000	304	81.6531	241.71
14000	305	373.181	1482.67
14000	306	-424.66	-1762.36
14000	307	-1385.24	1157.68
14000	308	829.524	-1197.63
14000	309	-177.023	-916.198
14000	310	306.636	872.282
14000	311	-1562.16	-1361.5
14000	312	-155.556	-843.646
14000	313	1156.29	1099.11
14000	314	390.335	-32.5953
14000	315	-1291.32	-674.956
14000	316	-825.07	-747.46
14000	317	-66.642	-710.311
14000	318	466.467	434.567
14000	319	-1538.1	-783.076
14000	320	-563.139	683.743
14000	321	635.19	-504.286
14000	322	-263.35	840.004
14000	323	257.587	-2974.78
14000	324	-676.76	-1317.72
14000	325	-401.856	-130.075
14000	326	403.719	527.649
14000	327	360.167	702.217
14000	328	-912.053	1668.18
14000	329	714.94	-116.865
14000	330	-11.7572	829.618
14000	331	-213.949	-760.462
14000	332	81.2584	-482.199
14000	333	1192.84	-996.375
14000	334	734.123	-80.2249
14000	335	914.784	-157.845
14000	336	429.667	1795.86
14000	337	338.857	443.034
14000	338	-643.952	418.33
14000	339	289.522	1276.84
14000	340	-1115.19	2031.7
14000	341	488.952	-15.5238
14000	342	-16.4562	1125.56
14000	343	-699.914	690.948
14000	344	-773.721	-196.578
14000	345	21.7037	671.22
14000	346	-1157.98	-775.34
14000	347	-180.31	-1585.82
14000	348	-957.195	-98.6609
14000	349	95.2369	160.938
14000	350	-140.73	-1700.7
14000	351	-468.779	1922.48
14000	352	951.932	537.722
14000	353	92.0055	1194.58
14000	354	-638.782	599.741
14000	355	704.828	653.816
14000	356	1091.43	-941.499
14000	357	-717.485	-675.873
14000	358	-1416.35	-245.282
14000	359	687.592	954.024
14000	360	-475.125	-650.117
14000	361	1042.11	-1257.15
14000	362	-833.117	557.052
14000	363	-121.851	-626.221
14000	364	-591.207	1890.39
14000	365	519.662	-157.321
14000	366	-14.1969	673.023
14000	367	-694.921	934.366
14000	368	-799.299	1604.85
14000	369	-730.394	-266.983
14000	370	861.342	-160.87
14000	371	-900.658	1370.14
14000	372	435.593	998.621
14000	373	-240.212	95.9347
14000	374	-1290.04	-9.82996
14000	375	-44.3947	-657.484
14000	376	1371.54	-672.051
14000	377	487.41	-554.806
14000	378	396.212	237.271
14000	379	-4.39437	-102.527
14000	380	242.793	-385.947
14000	381	-298.556	-221.61
14000	382	-327.708	-2262
14000	383	343.248	781.868
14000	384	331.521	-123.194
14000	385	503.388	379.723
14000	386	1560.07	288.139
14000	387	1029.58	827.395
14000	388	653.917	-3145.23
14000	389	-932.949	179.246
14000	390	47.6479	742.611
14000	391	-834.361	620.283
14000	392	473.959	211.762
14000	393	-149.246	650.728
14000	394	-736.887	-2639.76
14000	395	-509.876	-1152.79
14000	396	-786.926	-615.141
14000	397	-959.295	-346.316
14000	398	1003.95	-983.738
14000	399	197.335	-352.356
14000	400	205.133	1701.29
14000	401	-54.8454	-993.611
14000	402	163.527	637.235
14000	403	-564.867	205.252
14000	404	-204.655	-975.892
14000	405	-568.122	-435.371
14000	406	585.143	24.9629
14000	407	-917.912	-647.663
14000	408	-218.896	-432.554
14000	409	-187.607	13.4314
14000	410	-745.347	1819.23
14000	411	-435.554	-872.796
14000	412	-1234.3	-137.499
14000	413	-495.758	500.427
14000	414	-1409.95	1323.9
14000	415	817.526	-740.406
14000	416	1.25477	-339.897
14000	417	118.473	506.432
14000	418	149.469	-618.853
14000	419	-613.504	-445.342
14000	420	-898.85	1098.98
14000	421	-387.516	528.416
14000	422	-246.729	-419.674
14000	423	1533.2	-109.976
14000	424	18.561	-701.506
14000	425	419.325	-2049.09
14000	426	212.022	559.97
14000	427	290.849	-103.903
14000	428	1189.09	1016.66
14000	429	229.622	-878.814
14000	430	-245.247	79.4197
14000	431	-289.265	-52.9008
14000	432	-963.319	277.801
14000	433	841.245	1002.64
14000	434	256.992	833.34
14000	435	-711.03	-368.613
14000	436	-1502.59	1580.26
14000	437	-457.062	-249.042
14000	438	-361.755	-1940.65
14000	439	217.298	1142.74
14000	440	-1285.95	13.8849
14000	441	555.871	684.8
14000	442	-1425.73	554.342
14000	443	9.81837	-777.661
14000	444	-953.011	590.081
14000	445	442.064	-294.088
14000	446	325.838	-1237.7
14000	447	-152.734	640.376
14000	448	-27.1183	991.787
14000	449	1285.8	-462.744
14000	450	-143.634	272.451
14000	451	56.8606	1482.19
14000	452	-151.343	1123.6
14000	453	297.888	632.209
14000	454	-506.096	371.697
14000	455	-904.716	-591.825
14000	456	94.3398	666.691
14000	457	-812.24	466.832
14000	458	-1031.84	-1045.69
14000	459	357.818	1108.03
14000	460	331.425	-873.107
14000	461	-827.643	-912.476
14000	462	-581.95	-1159.76
14000	463	-353.68	166.663
14000	464	-464.635	-1991.05
14000	465	-627.309	1598.73
14000	466	456.84	-713.226
14000	467	-1107.72	-1246.2
14000	468	971.204	-62.8279
14000	469	-159.902	264.07
14000	470	1123.14	375.715
14000	471	1035.71	17.3504
14000	472	369.402	154.111
14000	473	-521.537	-850.549
14000	474	-441.265	-757.397
14000	475	-923.967	361.281
14000	476	-446.712	-1286.88
14000	477	-227.669	1089.43
14000	478	427.085	-1395.61
14000	479	-855.22	226.317
14000	480	-389.164	1897.06
14000	481	-353.04	-537.638
14000	482	-1077.68	300.411
14000	483	224.263	-511.921
14000	484	237.149	1152.6
14000	485	-1189.65	708.141
14000	486	-62.4356	633.83
14000	487	305.867	1919.97
14000	488	-1329.03	1019.33
14000	489	-452.756	1225.12
14000	490	1716.01	526.102
14000	491	426.654	-163.192
14000	492	307.607	125.745
14000	493	-483.599	1293.63
14000	494	260.217	382.408
14000	495	1228.05	240.42
14000	496	341.186	-1767.42
14000	497	-960.954	-821.239
14000	498	-719.705	-730.813
14000	499	-585.907	1093.92
16000	0	-298.056	174.068
16000	1	101.345	-1150.38
16000	2	53.0374	-342.382
16000	3	233.138	1373.58
16000	4	-3.91416	-598.272
16000	5	153.474	109.908
16000	6	-169.34	934.308
16000	7	-823.425	1536.53
16000	8	938.27	1071.13
16000	9	-585.745	-1439.37
16000	10	149.516	-123.18
16000	11	-271.744	278.047
16000	12	-566.226	1659.14
16000	13	-725.879	-130.233
16000	14	-338.116	-985.847
16000	15	48.0808	322.77
16000	16	-179.556	1397.36
16000	17	976.711	706.439
16000	18	-700.236	-1500.07
16000	19	-48.9828	-161.35
16000	20	15.3126	-2068.39
16000	21	-423.089	-1628.54
16000	22	1068.09	-965.997
16000	23	-478.774	100.21
16000	24	-704.67	-58.6612
16000	25	1557.67	-1529.88
16000	26	405.951	-1555.38
16000	27	-664.989	697.141
16000	28	55.8607	949.819
16000	29	857.776	1958.17
16000	30	485.719	444.552
16000	31	-724.516	-438.968
16000	32	597.673	-209.994
16000	33	314.604	466.633
16000	34	905.879	-369.67
16000	35	684.566	-1175.79
16000	36	660.447	-1008.35
16000	37	354.507	-412.035
16000	38	1360.03	645.621
16000	39	-417.393	948.056
16000	40	-124.325	1408.2
16000	41	-552.42	216.266
16000	42	-1795.72	509.256
16000	43	-1363.54	-405.923
16000	44	-180.91	-1061.43
16000	45	-1083.22	197.706
16000	46	-562.157	145.944
16000	47	-362.544	255.789
16000	48	-723.576	-585.544
16000	49	158.464	-1088.5
16000	50	-766.942	-377.15
16000	51	585.345	1462.68
16000	52	476.556	1053.27
16000	53	-727.646	417.183
16000	54	-1327.59	-713.832
16000	55	252.192	905.701
16000	56	-683.035	-342.12
16000	57	456.821	-213.943
16000	58	362.364	284.723
16000	59	400.758	-751.094
16000	60	1133.12	-495.067
16000	61	1050.55	466.628
16000	62	140.257	-815.975
16000	63	737.516	-1128.18
16000	64	375.774	-666.364
16000	65	1076.21	-1073.23
16000	66	-217.87	-865.211
16000	67	-846.925	1430.58
16000	68	872.361	1826.52
16000	69	1196.47	-978.581
16000	70	424.874	1535.89
16000	71	-747.501	-752.975
16000	72	-41.1734	565.026
16000	73	-1927.94	-698.698
16000	74	-494.2	-238.859
16000	75	-378.242	-1541.19
16000	76	206.946	-738.571
16000	77	-146.093	-860.092
16000	78	1023.85	910.075
16000	79	-112.006	-157.874
16000	80	-746.878	-1226.48
16000	81	-471.636	-372.537
16000	82	-508.259	-247.236
16000	83	-1552.1	2121.36
16000	84	595.516	-1109.88
16000	85	-422.618	1716.5
16000	86	187.31	98.2617
16000	87	620.552	620.787
16000	88	1816.41	32.0219
16000	89	-431.162	895.572
16000	90	746.954	-559.146
16000	91	1674.64	-1627.92
16000	92	561.686	1555.91
16000	93	1104.28	911.309
16000	94	38.0942	179.133
16000	95	-49.6778	-156.529
16000	96	-550.869	-1154.96
16000	97	171.336	666.48
16000	98	-842.263	141.509
16000	99	-542.219	714.737
16000	100	447.985	-1386.58
16000	101	-348.75	656.424
16000	102	77.3433	-1033.39
16000	103	-351.898	-435.535
16000	104	983.907	-2025.88
16000	105	444.754	-2109.01
16000	106	-539.844	-854.761
16000	107	562.064	1147.33
16000	108	-187.537	-288.287
16000	109	-579.007	-1249.09
16000	110	-306.002	160.342
16000	111	-294.206	402.048
16000	112	195.346	2609.6
16000	113	-651.87	98.8607
16000	114	-901.421	-1162.01
16000	115	-1116.5	-548.956
16000	116	83.5983	-963.114
16000	117	-19.8493	-2410.84
16000	118	24.3749	-386.932
16000	119	58.1142	149.253
16000	120	411.139	-112.876
16000	121	210.288	-543.515
16000	122	-206.166	879.205
16000	123	-214.522	118.741
16000	124	532.759	754.746
16000	125	-516.093	-1172.68
16000	126	-1060.99	1547.49
16000	127	-294.807	758.147
16000	128	-19.3518	-173.902
16000	129	-1004.68	575.418
16000	130	1186.2	-1372.73
16000	131	-856.314	-2346.9
16000	132	-937.033	-1289.18
16000	133	703.445	-1574.23
16000	134	-220.64	-163.607
16000	135	-820.717	2106.74
16000	136	51.8545	757.267
16000	137	-164.025	-914.95
16000	138	1082.68	64.6875
16000	139	-411.738	-41.0096
16000	140	1172.27	406.909
16000	141	-814.543	1611.97
16000	142	-438.745	-5.27835
16000	143	1321.61	1052.08
16000	144	355.139	546.424
16000	145	-735.589	1063.77
16000	146	194.988	631.675
16000	147	77.74	1488.59
16000	148	1316.93	1339.13
16000	149	-950.693	708.833
16000	150	535.951	-446.552
16000	151	502.319	-851.988
16000	152	-1078.14	674.115
16000	153	-1249.55	644.529
16000	154	-143.946	-428.767
16000	155	796.87	-148.567
16000	156	21.9895	-796.908
16000	157	-1077.51	-681.81
16000	158	-678.451	611.208
16000	159	1128.08	-745.746
16000	160	822.23	368.402
16000	161	1046.22	-717.03
16000	162	20.2602	1448.64
16000	163	383.32	997.064
16000	164	144.504	-466.298
16000	165	67.3821	-1025.22
16000	166	191.197	205.769
16000	167	528.706	102.082
16000	168	-695.749	283.407
16000	169	604.566	184.586
16000	170	-1906.75	-503.165
16000	171	615.731	-172.466
16000	172	-106.501	-783.705
16000	173	708.475	277.696
16000	174	-200.655	846.863
16000	175	-602.868	202.6
16000	176	164.587	248.41
16000	177	112.714	-420.268
16000	178	678.678	19.1876
16000	179	-423.87	201.611
16000	180	1727.28	1023.3
16000	181	-287.876	-749.408
16000	182	-608.861	238.234
16000	183	639.832	-1713.3
16000	184	-16.2233	-1336.82
16000	185	393.17	-911.331
16000	186	1711.2	-671.346
16000	187	-504.229	-477.636
16000	188	-104.662	-896.73
16000	189	-43.1323	1747.58
16000	190	-642.265	134.277
16000	191	-81.0727	-985.086
16000	192	148.959	-294.473
16000	193	863.459	-1216.24
16000	194	447.877	-437.872
16000	195	990.047	1479.29
16000	196	-1498.73	-1072.81
16000	197	560.539	-2362.29
16000	198	-65.9749	-365.995
16000	199	246.34	1319.73
16000	200	77.5426	95.1138
16000	201	1077.12	-575.438
16000	202	-29.8082	28.0315
16000	203	-1465.83	-969.003
16000	204	434.613	81.8977
16000	205	777.175	-1470.47
16000	206	-1321	1044.8
16000	207	-1402.46	2289.07
16000	208	-170.694	941.001
16000	209	-995.502	701.188
16000	210	-690.554	1647.88
16000	211	-853.465	-70.8726
16000	212	960.241	-1213.71
16000	213	-505.907	-97.8343
16000	214	243.297	310.277
16000	215	359.918	171.395
16000	216	199.956	33.5657
16000	217	229.966	132.88
16000	218	-52.5976	1014.16
16000	219	649.76	548.355
16000	220	-591.481	-1218.99
16000	221	1076.14	-1363.6
16000	222	43.3349	1313.82
16000	223	1019.28	739.861
16000	224	-289.748	1055.8
16000	225	486.894	-1313.51
16000	226	-499.9	304.969
16000	227	-584.101	738.951
16000	228	-274.901	79.6513
16000	229	-1096.78	-1138.87
16000	230	959.781	747.444
16000	231	-387.664	335.461
16000	232	-864.285	-109.079
16000	233	771.333	-5.16084
16000	234	374.953	-1174.44
16000	235	-824.384	-900.266
16000	236	34.7679	-109.666
16000	237	107.758	217.334
16000	238	-287.339	74.0601
16000	239	-1351.71	552.723
16000	240	-541.205	1011.49
16000	241	-71.1638	-744.068
16000	242	-1140.47	391.125
16000	243	1508.55	-840.469
16000	244	-707.416	-1431.63
16000	245	-659.741	-365.081
16000	246	-965.249	-1565.34
16000	247	530.128	177.32
16000	248	469.719	-686.82
16000	249	516.115	1471.53
16000	250	757.053	1542.44
16000	251	-1112.37	486.58
16000	252	501.137	891.197
16000	253	-2209.72	-649.498
16000	254	208.599	809.365
16000	255	-1808.86	-1151.54
16000	256	1581.21	227.925
16000	257	-399.248	-750.617
16000	258	-172.089	858.424
16000	259	154.537	-1330.01
16000	260	182.622	-1062.29
16000	261	-579.901	-591.897
16000	262	992.793	-510.67
16000	263	-200.557	137.732
16000	264	124.114	-546.583
16000	265	624.382	-1741.6
16000	266	196.479	-551.619
16000	267	-228.509	-23.4621
16000	268	-885.238	751.198
16000	269	317.029	-1593.1
16000	270	-1487.03	196.241
16000	271	253.287	-630.614
16000	272	-1233.74	510.116
16000	273	-375.171	-1710.68
16000	274	1177.15	-299.459
16000	275	-679.357	-87.7492
16000	276	1170.66	-2020.67
16000	277	-266.482	-1322.51
16000	278	30.5693	2076.87
16000	279	433.008	-2410.9
16000	280	90.7569	680.135
16000	281	-2315.19	-1387.49
16000	282	99.5726	-1872.17
16000	283	-331.575	2033.02
16000	284	1465.99	731.651
16000	285	1078.64	-872.417
16000	286	369.722	-770.266
16000	287	-936.186	-362.159
16000	288	225.072	1200.03
16000	289	-32.0367	931.402
16000	290	-581.306	-535.117
16000	291	242.656	1564.78
16000	292	-1372.5	42.6679
16000	293	578.111	-393.996
16000	294	-1337.43	-1670.82
16000	295	526.692	4.27385
16000	296	1335.58	-1076.62
16000	297	-1054.39	1206.77
16000	298	655.205	1218.07
16000	299	-120.007	-174.613
16000	300	-1087.95	-572.553
16000	301	1063.3	-1145.29
16000	302	-809.514	1989.67
16000	303	480.492	-598.415
16000	304	-120.479	-14.5324
16000	305	353.501	1388.98
16000	306	-845.823	-1564.63
16000	307	-1344.66	1842.56
16000	308	461.374	-843.886
16000	309	-644.743	-1245.68
16000	310	64.0689	937.163
16000	311	-1082.82	-1441.24
16000	312	-176.948	-1287.95
16000	313	1379.96	656.132
16000	314	666.941	-383.226
16000	315	-1189.06	-549.197
16000	316	-779.853	-1302.86
16000	317	-243.917	-699.232
16000	318	162.997	868.728
16000	319	-1256.1	-731.592
16000	320	-528.527	991.965
16000	321	815.354	-750.474
16000	322	-481.679	851.28
16000	323	58.12	-2721.36
16000	324	-522.174	-919.386
16000	325	-420.511	153.252
16000	326	379.382	989.044
16000	327	600.525	442.12
16000	328	-1212.33	1956.36
16000	329	672.066	51.283
16000	330	-330.327	25.3246
16000	331	445.413	-715.529
16000	332	344.249	-662.089
16000	333	1191.39	-1785.95
16000	334	888.528	155.764
16000	335	417.706	-637.169
16000	336	283.627	1321.62
16000	337	218.654	136.123
16000	338	-441.308	405.711
16000	339	471.66	1067.55
16000	340	-1041.38	2338.89
16000	341	367.922	199.019
16000	342	-22.1384	909.289
16000	343	-922.387	133.598
16000	344	-554.039	-67.0063
16000	345	151.167	899.595
16000	346	-1611.25	-641.855
16000	347	140.465	-1383.6
16000	348	-514.357	-158.426
16000	349	115.1	830.84
16000	350	-277.29	-1699.54
16000	351	-287.552	1987.84
16000	352	617.053	839.549
16000	353	-88.6505	1070.33
16000	354	-622.448	747.531
16000	355	884.13	333.403
16000	356	1153.48	-534.952
16000	357	-778.713	-1341.21
16000	358	-916.536	-434.693
16000	359	406.915	1379.22
16000	360	-695.367	-249.899
16000	361	861.821	-1513.05
16000	362	-590.79	1158.41
16000	363	120.092	-809.08
16000	364	-701.505	2042.33
16000	365	477.757	-18.6102
16000	366	-149.239	821.893
16000	367	-989.631	1296.78
16000	368	-977.345	1525.23
16000	369	-450.696	-688.598
16000	370	759.969	285.753
16000	371	-884.373	1597.72
16000	372	856.06	742.385
16000	373	-183.845	-216.573
16000	374	-1129.17	-552.798
16000	375	82.9976	-581.854
16000	376	1385.58	-709.879
16000	377	246.033	0.623818
16000	378	333.191	-86.933
16000	379	-167.372	15.3501
16000	380	290.365	-390.102
16000	381	-539.403	57.4222
16000	382	-429.356	-2373.11
16000	383	-16.7089	461.608
16000	384	190.879	396.015
16000	385	644.652	856.233
16000	386	1095.18	693.392
16000	387	1225.23	397.133
16000	388	515.226	-2728.78
16000	389	-673.32	-218.066
16000	390	143.574	966.968
16000	391	-611.082	1530.35
16000	392	-165.783	-410.431
16000	393	-387.705	774.058
16000	394	-1375.26	-2852.9
16000	395	-590.232	-747.299
16000	396	-428.357	-754.891
16000	397	-1141.93	-87.2428
16000	398	587.412	-1122.84
16000	399	435.965	-48.4992
16000	400	-29.8655	2454.16
16000	401	325.729	-604.549
16000	402	-15.7885	278.061
16000	403	-946.632	837.371
16000	404	-133.144	-581.912
16000	405	-490.972	-223.967
16000	406	609.046	-96.1161
16000	407	-644.142	-1525.82
16000	408	-120.384	9.16436
16000	409	-265.153	67.1426
16000	410	-705.461	2033.58
16000	411	-462.44	-1070.17
16000	412	-1234.16	-881.16
16000	413	-299.498	455.55
16000	414	-1310.8	1370.56
16000	415	1016.11	-500.567
16000	416	-36.1541	-35.4547
16000	417	416.981	437.617
16000	418	431.67	-767.669
16000	419	-813.329	-164.813
16000	420	-710.21	1199.26
16000	421	-189.963	774.525
16000	422	-232.306	194.099
16000	423	1873.09	-58.5477
16000	424	339.914	-350.232
16000	425	832.17	-2435.13
16000	426	172.535	-153.251
16000	427	229.61	-292.496
16000	428	1267.6	1133.82
16000	429	370.944	-1382.98
16000	430	111.469	269.434
16000	431	-227.734	-253.692
16000	432	-1126.41	268.443
16000	433	1041.31	1599.88
16000	434	397.771	712.499
16000	435	-490.301	-392.401
16000	436	-1623.15	1764.57
16000	437	-787.779	-475.444
16000	438	-760.037	-1272.88
16000	439	4.04932	1262.56
16000	440	-1285.47	683.488
16000	441	682.131	718.512
16000	442	-1387.86	567.62
16000	443	-49.7708	-858.599
16000	444	-474.117	49.7661
16000	445	374.771	326.74
16000	446	364.355	-951.374
16000	447	12.2426	32.582
16000	448	-687.449	1217.72
16000	449	1323.32	-568.542
16000	450	-258.835	267.66
16000	451	1.59415	987.426
16000	452	-171.938	1152.48
16000	453	117.786	798.781
16000	454	-544.853	684.93
16000	455	-974.796	-824.795
16000	456	323.048	1795.04
16000	457	-792.605	772.638
16000	458	-1052	-1239.2
16000	459	281.68	721.665
16000	460	288.256	-856.066
16000	461	-749.021	-431.729
16000	462	-303.911	-1351.63
16000	463	-604.859	457.319
16000	464	-504.058	-1557.68
16000	465	-429.311	1521.91
16000	466	676.499	-1066.21
16000	467	-1408.07	-1603.54
16000	468	991.7	38.7859
16000	469	-248.95	627.356
16000	470	1082.74	-61.6693
16000	471	1166.58	-208.588
16000	472	378.973	379.207
16000	473	-202.874	-658.822
16000	474	-83.5959	-1520.88
16000	475	-1072.11	1095.05
16000	476	-827.317	-587.641
16000	477	-268.11	1156.45
16000	478	-53.4413	-1575.71
16000	479	-513.664	-182.398
16000	480	591.73	2562.7
16000	481	-351.583	-299.485
16000	482	-1058.14	4.28775
16000	483	266.893	10.7291
16000	484	15.2231	969.801
16000	485	-1047.2	48.4055
16000	486	81.0917	241.587
16000	487	748.065	2852.23
16000	488	-1383.44	364.859
16000	489	-578.916	1244.47
16000	490	1485.29	246.222
16000	491	703.219	-269.237
16000	492	588.948	702.185
16000	493	134.499	1241.04
16000	494	-62.7799	830.77
16000	495	1054.54	632.765
16000	496	640.92	-1972.25
16000	497	-983.665	-602.933
16000	498	-1078.4	-917.989
16000	499	-799.547	969.195
18000	0	-674.182	463.251
18000	1	472.047	-756.931
18000	2	72.8174	-472.097
18000	3	195.396	940.192
18000	4	69.3228	-1008.91
18000	5	-187.237	608.766
18000	6	-529.453	1028.66
18000	7	-983.22	630.287
18000	8	837.58	1744.56
18000	9	-574.658	-1669.46
18000	10	89.8713	-90.951
18000	11	-607.025	642.25
18000	12	-675.597	1060.82
18000	13	-447.481	173.128
18000	14	-962.93	-1100.08
18000	15	-69.2668	383.552
18000	16	-318.963	1444.68
18000	17	735.225	985.672
18000	18	-1312.44	-1570.77
18000	19	-367.09	-227.84
18000	20	79.5061	-2068.19
18000	21	-97.5499	-2014.25
18000	22	1128.8	-82.4357
18000	23	-879.12	-588.789
18000	24	-602.949	-453.333
18000	25	1158.1	-1737.18
18000	26	534.387	-1070.05
18000	27	-540.011	878.727
18000	28	95.3147	990.977
18000	29	898	2064.92
18000	30	705.838	391.009
18000	31	-1105.77	-585.524
18000	32	377.003	-104.308
18000	33	361.672	535.28
18000	34	1166.48	-544.244
18000	35	442.906	-1303.63
18000	36	777.137	-696.778
18000	37	416.966	-35.1376
18000	38	1400.19	900.251
18000	39	-281.962	514.412
18000	40	-83.7052	1653.22
18000	41	-117.143	444.358
18000	42	-1695.2	120.393
18000	43	-1302.84	291.761
18000	44	-213.889	-1462.85
18000	45	-979.303	-88.7029
18000	46	-742.37	85.8188
18000	47	-440.542	-10.7185
18000	48	-684.347	-1026.85
18000	49	242.024	-1263.53
18000	50	-867.606	-1163.64
18000	51	733.04	1256.69
18000	52	39.1378	1425.01
18000	53	-758.042	537.067
18000	54	-1431.69	-195.405
18000	55	690.931	1155.98
18000	56	-542.359	233.891
18000	57	919.302	-531.644
18000	58	232.518	-309.449
18000	59	102.096	-617.41
18000	60	1130.3	-945.404
18000	61	828.6	619.8
18000	62	298.964	-906.005
18000	63	552.432	-1234.41
18000	64	641.538	-255.13
18000	65	1153.8	-818.033
18000	66	-333.68	-641.412
18000	67	-488.703	1692.64
18000	68	892.745	1974.24
18000	69	877.524	-1245.15
18000	70	423.905	2387.01
18000	71	-627.089	-773.475
18000	72	216.305	576.595
18000	73	-1951.94	-273.52
18000	74	-157.875	-160.629
18000	75	-378.37	-1575.19
18000	76	389.393	-737.766
18000	77	-605.802	-534.857
18000	78	791.882	1417.06
18000	79	130.743	58.5189
18000	80	-686.463	-1668.1
18000	81	-410.347	-683.544
18000	82	-786.715	-25.0051
18000	83	-1833.68	1807.96
18000	84	317.226	-391.758
18000	85	-560.639	1513.9
18000	86	509.494	212.953
18000	87	338.9	582.497
18000	88	1521.64	157.789
18000	89	-371.588	666.457
18000	90	987.776	-728.305
18000	91	1624.56	-2112.41
18000	92	345.934	2595.56
18000	93	1259.76	731.462
18000	94	-324.294	557.685
18000	95	-103.279	-389.14
18000	96	-449.834	-589.29
18000	97	348.666	205.283
18000	98	-1337.53	451.871
18000	99	-433.103	1087.07
18000	100	647.201	-1517.76
18000	101	-550.363	952.293
18000	102	-263.138	-1095.9
18000	103	-436.595	-618.889
18000	104	881.883	-1797.06
18000	105	360.351	-2792.88
18000	106	-407.505	-1310.35
18000	107	627.604	1214.93
18000	108	-146.767	-955.297
18000	109	-287.93	-998.717
18000	110	-215.303	279.207
18000	111	125.958	717.666
18000	112	354.419	2177.19
18000	113	-1210.28	-127.712
18000	114	-941.858	-1388.78
18000	115	-978.281	-523.895
18000	116	-335.567	-482.275
18000	117	577.716	-2728.82
18000	118	-38.7756	-76.8602
18000	119	-183.136	832.408
18000	120	113.078	244.383
18000	121	-68.2791	-1121.92
18000	122	-324.222	939.747
18000	123	223.507	184.384
18000	124	391.068	-183.436
18000	125	-957.715	-598.917
18000	126	-1251.18	1417.72
18000	127	-593.988	449.588
18000	128	136.052	90.5584
18000	129	-743.381	663.583
18000	130	656.495	-1050.38
18000	131	-897.835	-2058.44
18000	132	-1256.84	-1308.65
18000	133	625.633	-1940.82
18000	134	38.5977	-197.808
18000	135	-1277.8	2668.89
18000	136	251.518	930.581
18000	137	-582.077	-503.505
18000	138	1007.62	-34.5876
18000	139	-726.876	95.4918
18000	140	989.199	105.079
18000	141	-356.144	1459.36
18000	142	-447.981	473.041
18000	143	1092.09	957.99
18000	144	368.288	859.884
18000	145	-976.055	1119.62
18000	146	231.919	693.832
18000	147	100.628	1098.62
18000	148	1834.23	1617.64
18000	149	-1100.32	859.58
18000	150	657.063	-418.556
18000	151	323.899	-643.88
18000	152	-1663.89	1020.47
18000	153	-1351.73	1028.32
18000	154	-463.648	476.134
18000	155	1235.53	-549.49
18000	156	-698.632	-88.8159
18000	157	-1317.67	-775.995
18000	158	-966.899	558.481
18000	159	1187.84	-991.205
18000	160	917.495	204.264
18000	161	1147.23	-532.217
18000	162	-408.233	1266
18000	163	488.43	653.91
18000	164	308.736	-227.269
18000	165	-214.555	-1176.92
18000	166	171.654	352.607
18000	167	-58.6396	-451.639
18000	168	-776.066	224.736
18000	169	522.053	391.299
18000	170	-1646.49	-961.56
18000	171	535.782	-183.201
18000	172	-36.0023	-748.631
18000	173	670.295	88.4668
18000	174	-381.039	701.066
18000	175	-344.068	551.439
18000	176	485.875	640.936
18000	177	469.986	-179.733
18000	178	402.565	238.918
18000	179	-147.099	-177.999
18000	180	1614.4	1085.22
18000	181	-220.911	-835.156
18000	182	-1008.27	130.865
18000	183	578.468	-1328.78
18000	184	-23.1022	-1793.86
18000	185	551.304	-1109.23
18000	186	1813.31	-77.1808
18000	187	-624.315	-306.933
18000	188	-106.981	109.94
18000	189	-103.679	2361.51
18000	190	-542.146	219.868
18000	191	-275.485	-916.664
18000	192	-272.345	-119.846
18000	193	1285.65	-1749.53
18000	194	248.239	-296.926
18000	195	1256.69	1844.05
18000	196	-1657.52	-291.961
18000	197	399.411	-2513.39
18000	198	-191.55	-156.024
18000	199	600.329	1483.74
18000	200	-181.801	144.849
18000	201	937.54	-306.447
18000	202	73.0046	-412.405
18000	203	-1348.15	-491.35
18000	204	416.728	696.638
18000	205	919.114	-1251.51
18000	206	-1430.92	777.272
18000	207	-1505.71	2271.63
18000	208	289.618	460.069
18000	209	-1055.29	1380.03
18000	210	-791.884	1954.64
18000	211	-690.396	-362.723
18000	212	893.292	-2313.23
18000	213	-444.204	-433.88
18000	214	-111.776	675.657
18000	215	557.843	174.425
18000	216	341.141	-362.271
18000	217	507.579	108.368
18000	218	-32.8861	511.689
18000	219	669.036	-50.1002
18000	220	-489.653	-1388
18000	221	717.502	-1331.39
18000	222	-54.8317	923.764
18000	223	998.134	552.956
18000	224	-546.553	1393.73
18000	225	706.9	-1798.77
18000	226	-676.998	1543.29
18000	227	-521.896	113.935
18000	228	-376.139	-281.327
18000	229	-1535.74	-1270.44
18000	230	1060.42	516.227
18000	231	-397.084	46.7998
18000	232	-744.307	-58.4918
18000	233	333.721	-343.127
18000	234	438.692	-1769.06
18000	235	-504.002	-1767.77
18000	236	53.8368	54.9436
18000	237	443.517	122.638
18000	238	-906.288	-439.486
18000	239	-970.225	1035.57
18000	240	-200.92	831.767
18000	241	-2.03523	-911.312
18000	242	-1222.65	497.784
18000	243	1411.64	-805.098
18000	244	-567.016	-1395.56
18000	245	-1040.72	-88.874
18000	246	-505.643	-1293.09
18000	247	611.733	-335.471
18000	248	377.41	-395.298
18000	249	372.538	1755.04
18000	250	962.798	1758.31
18000	251	-1232.13	496.89
18000	252	260.478	1459.58
18000	253	-2326.01	-936.52
18000	254	289.746	387.347
18000	255	-1682.6	-574.578
18000	256	1655.2	-130.313
18000	257	-630.114	-1121.97
18000	258	-420.643	947.411
18000	259	-263.835	-1009.31
18000	260	-75.3993	-1210.44
18000	261	-359.931	-907.831
18000	262	849.619	-348.907
18000	263	-389.383	-460.307
18000	264	202.634	-999.566
18000	265	588.866	-1421.89
18000	266	163.398	391.29
18000	267	-626.896	-347.917
18000	268	-820.435	754.127
18000	269	-43.2206	-690.571
18000	270	-1234.41	1076.32
18000	271	239.642	-302.979
18000	272	-1113.21	672.227
18000	273	-236.266	-1522.96
18000	274	1598.81	-390.433
18000	275	-659.009	-46.972
18000	276	1287.59	-2212.34
18000	277	-367.425	-1276.12
18000	278	-9.23726	1896.23
18000	279	290.504	-2443.07
18000	280	-332.548	1117.12
18000	281	-2363.4	-1574.75
18000	282	18.1095	-1645.44
18000	283	-210.091	2055.48
18000	284	1886.72	482.483
18000	285	641.048	-713.445
18000	286	-15.2523	-482.272
18000	287	-816.418	-114.654
18000	288	270.523	631.581
18000	289	-233.879	1339.93
18000	290	-930.519	-858.317
18000	291	193.47	1684.62
18000	292	-1215.82	-55.678
18000	293	677.418	-660.53
18000	294	-1204.59	-2321.57
18000	295	419.382	452.029
18000	296	1697.2	-875.237
18000	297	-1531.25	367.987
18000	298	1076.73	1122.84
18000	299	-558.848	-594.117
18000	300	-1264.66	249.655
18000	301	1014.39	-436.602
18000	302	-869.496	2240.02
18000	303	-14.656	-453.972
18000	304	283.467	-487.227
18000	305	154.343	1330.77
18000	306	-1084.24	-854.053
18000	307	-1507.89	1702.83
18000	308	376.701	-1064.06
18000	309	-1091.43	-1328.33
18000	310	-383.357	1361.89
18000	311	-953.932	-1260.29
18000	312	-236.993	-657.059
18000	313	1637.68	230.275
18000	314	490.405	-508.636
18000	315	-1286.43	-974.599
18000	316	-859.548	-1479.74
18000	317	-66.2977	-506.484
18000	318	469.987	339.102
18000	319	-1127.52	-626.41
18000	320	-289.357	1083.31
18000	321	654.076	-864.629
18000	322	-578.552	1511.47
18000	323	-62.7622	-2452.12
18000	324	-856.448	-1071.35
18000	325	-500.905	449.95
18000	326	380.645	513.735
18000	327	361.632	547.586
18000	328	-1109.64	2426.03
18000	329	993.321	225.28
18000	330	-569.717	342.916
18000	331	738.022	-780.211
18000	332	321.427	-769.743
18000	333	1233.51	-1854.47
18000	334	788.41	-280.298
18000	335	396.262	-956.072
18000	336	176.646	2023.48
18000	337	333.934	257.466
18000	338	-300.096	319.23
18000	339	204.992	1244.15
18000	340	-1382.64	2023.58
18000	341	731.075	-46.6121
18000	342	-141.913	856.491
18000	343	-742.288	907.212
18000	344	-669.701	-185.059
18000	345	270.35	1499.54
18000	346	-1640.63	-624.622
18000	347	456.322	-1854.42
18000	348	-817.411	-337.671
18000	349	-86.785	1019.43
18000	350	47.6281	-2161.17
18000	351	-629.809	2110.07
18000	352	544.673	95.5875
18000	353	-26.6205	817.77
18000	354	-0.622297	861.497
18000	355	1144.98	296.142
18000	356	836.915	-139.216
18000	357	-595.392	-1505.52
18000	358	-519.999	-57.3811
18000	359	453.741	1483.16
18000	360	-536.398	518.6
18000	361	999.917	-1306.1
18000	362	-593.184	661.301
18000	363	-0.43447	-699.146
18000	364	-1180.94	1683.15
18000	365	600.685	-221.648
18000	366	-54.1269	1543.1
18000	367	-933.729	874.754
18000	368	-1001.29	814.819
18000	369	-684.725	-658.914
18000	370	163.887	306.352
18000	371	-882.142	2251.7
18000	372	976.324	893.283
18000	373	-644.986	-334.908
18000	374	-1228.86	-148.363
18000	375	423.309	-609.113
18000	376	1373.71	-270.293
18000	377	96.6036	658.09
18000	378	636.825	99.4085
18000	379	210.95	345.283
18000	380	580.029	31.7261
18000	381	-541.34	-386.623
18000	382	-431.579	-2745.12
18000	383	46.096	785.516
18000	384	189.951	593.762
18000	385	405.59	921.841
18000	386	1035.55	920.796
18000	387	1094.03	454.117
18000	388	493.243	-2338.87
18000	389	-588.392	-137.968
18000	390	85.5786	1305.37
18000	391	-432.436	1474.53
18000	392	-348.026	-1171.56
18000	393	-293.064	340.543
18000	394	-1058.73	-2668.68
18000	395	-1148.52	-250.488
18000	396	-248.431	-664.948
18000	397	-1183.65	247.985
18000	398	426.254	-1088.1
18000	399	538.014	109.889
18000	400	6.76184	2319.93
18000	401	426.539	-1058.85
18000	402	127.779	756.703
18000	403	-1203.37	1028.77
18000	404	-430.548	-164.991
18000	405	8.20504	-257.667
18000	406	569.318	89.2745
18000	407	-1243.94	-1353.06
18000	408	-360.476	486.805
18000	409	-210.153	630.439
18000	410	-880.002	1315.31
18000	411	-362.049	-1325.11
18000	412	-1034.21	-1310.86
18000	413	-577.511	579.826
18000	414	-1179.82	1387.33
18000	415	819.39	-486.234
18000	416	303.548	554.613
18000	417	498.735	111.336
18000	418	731.524	-258.533
18000	419	-560.934	-459.966
18000	420	-864.51	928.661
18000	421	-192.304	779.188
18000	422	-386.421	-147.267
18000	423	2172.92	-58.7592
18000	424	559.374	-123.584
18000	425	582.437	-2383.82
18000	426	281.542	-87.5712
18000	427	329.828	-402.955
18000	428	987.037	1547.68
18000	429	769.183	-1489.59
18000	430	251.323	107.638
18000	431	-311.796	-216.37
18000	432	-1087.17	-276.805
18000	433	900.519	1278.73
18000	434	256.277	798.6
18000	435	-547.219	-618.427
18000	436	-1245.27	2026.74
18000	437	-948.307	-897.945
18000	438	-1138.41	-1374.13
18000	439	-75.0684	1994.85
18000	440	-1748.04	642.221
18000	441	124.699	833.356
18000	442	-1430.88	995.409
18000	443	106.346	84.1523
18000	444	-231.05	-733.302
18000	445	377.18	-44.1824
18000	446	482.113	-1756.7
18000	447	409.656	-238.252
18000	448	-890.346	1323.97
18000	449	1263.34	-660.559
18000	450	-363.127	473.981
18000	451	-118.36	613.182
18000	452	-90.0582	1115.43
18000	453	178.648	1379.87
18000	454	-764.99	144.667
18000	455	-616.231	-663.637
18000	456	185.932	1076.91
18000	457	-793.839	920.23
18000	458	-929.743	-2073.46
18000	459	419.783	362.915
18000	460	70.1736	-599.485
18000	461	-588.275	-303.888
18000	462	-162.037	-628.532
18000	463	-1055.01	297.381
18000	464	-838.096	-1544.91
18000	465	-548.51	1470.49
18000	466	418.437	-1664.47
18000	467	-1607.41	-1305.42
18000	468	1008.89	-50.2834
18000	469	-630.077	584.356
18000	470	662.372	63.0958
18000	471	1203.08	-253.561
18000	472	520.582	751.941
18000	473	-481.482	-1189.34
18000	474	-215.672	-1908.17
18000	475	-805.472	1154.67
18000	476	-646.483	102.729
18000	477	-529.236	919.132
18000	478	-493.425	-1518.01
18000	479	-573.749	339.09
18000	480	567.247	2774.76
18000	481	-252.377	95.7406
18000	482	-1058.21	109.173
18000	483	123.977	-244.086
18000	484	439.318	1010.91
18000	485	-1048.47	137.64
18000	486	-182.018	-61.4674
18000	487	307.564	2690.42
18000	488	-1646.1	614.489
18000	489	-674.594	1178.6
18000	490	1446.89	506.98
18000	491	684.284	289.429
18000	492	433.591	535.063
18000	493	213.666	1328.8
18000	494	54.8889	878.359
18000	495	1094.09	341.157
18000	496	466.292	-1860.55
18000	497	-791.313	293.528
18000	498	-1198.2	-545.383
18000	499	-667.005	444.12
20000	0	-657.124	700.852
20000	1	409.32	-980.486
20000	2	434.956	-1061.68
20000	3	255.897	290.964
20000	4	216.023	-658.105
20000	5	251.787	639.5
20000	6	-489.617	1011.81
20000	7	-1303.76	556.201
20000	8	991.934	917.399
20000	9	-988.964	-1316.52
20000	10	311.549	-1086.61
20000	11	-504.335	1400
20000	12	-826.973	965.086
20000	13	-424.747	-516.598
20000	14	-819.863	-811.17
20000	15	-132.431	-85.447
20000	16	-353.814	1708.25
20000	17	154.981	1302.74
20000	18	-1099.34	-1614.51
20000	19	-586.832	-290.983
20000	20	-361.856	-2354.58
20000	21	-146.453	-1885.36
20000	22	750.224	18.4385
20000	23	-620.802	-846.991
20000	24	-261.915	-71.5776
20000	25	1014.05	-1534.86
20000	26	514.291	-1244.6
20000	27	-523.224	796.701
20000	28	379.566	1811.58
20000	29	518.499	1942.86
20000	30	743.19	193.023
20000	31	-981.604	-643.937
20000	32	758.278	-722.295
20000	33	121.384	162.376
20000	34	1185.33	99.3098
20000	35	363.627	-1747.39
20000	36	875.413	-1353.23
20000	37	476.836	3.0281
20000	38	1662.1	1061.47
20000	39	-282.283	414.766
20000	40	-136.296	1698.68
20000	41	-258.259	432.904
20000	42	-1896.61	197.811
20000	43	-1465.43	-108.896
20000	44	-594.063	-1590.4
20000	45	-622.761	69.083
20000	46	-560.808	414.549
20000	47	-564.475	907.037
20000	48	-705.266	-966.431
20000	49	-40.8728	-1392.8
20000	50	-1310.03	-623.247
20000	51	813.176	1212.24
20000	52	-242.93	1207.62
20000	53	-1038.55	393.695
20000	54	-848.777	-59.895
20000	55	350.285	1253.6
20000	56	-781.919	102.376
20000	57	877.218	-438.853
20000	58	322.829	-318.877
20000	59	4.19032	-717.219
20000	60	1010.7	-218.007
20000	61	1307.57	12.4081
20000	62	180.252	-660.488
20000	63	405.268	-1664.84
20000	64	933.146	287.836
20000	65	1243.99	-1004.1
20000	66	-441.815	-640.666
20000	67	-386.982	1662.43
20000	68	791.719	2347.59
20000	69	1114.91	-1283.31
20000	70	445.998	2854.14
20000	71	-1169.96	-131.897
20000	72	-275.539	447.174
20000	73	-2150.08	-581.693
20000	74	-311.752	11.1662
20000	75	-557.001	-1948.53
20000	76	669.549	-682.023
20000	77	-589.307	-930.996
20000	78	949.576	1307.16
20000	79	387.469	-295.643
20000	80	-527.736	-1068.88
20000	81	-487.841	-588.547
20000	82	-767.868	113.618
20000	83	-1759.8	1968.1
20000	84	478.81	-194.251
20000	85	-602.013	1733.95
20000	86	267.284	170.755
20000	87	241.625	763.842
20000	88	1518.4	-387.998
20000	89	48.4363	980.282
20000	90	1412.07	-911.736
20000	91	1480.48	-1654.95
20000	92	366.931	2908.99
20000	93	1383.08	233.842
20000	94	-262.651	437.033
20000	95	-166.048	-879.279
20000	96	-650.323	-701.553
20000	97	350.195	-198.736
20000	98	-1340.9	371.848
20000	99	-337.24	1896.84
20000	100	610.505	-1365.76
20000	101	-270.642	1392.71
20000	102	-362.446	-1094.77
20000	103	-124.505	-908.479
20000	104	742.993	-1974.75
20000	105	505.187	-2866.67
20000	106	-183.591	-1217.6
20000	107	1001.42	1495
20000	108	-287.633	-1160.44
20000	109	-277.277	-606.705
20000	110	-511.914	89.2567
20000	111	-211.787	634.371
20000	112	194.402	2717.44
20000	113	-989.718	56.4845
20000	114	-955.059	-1576.39
20000	115	-1078.21	48.0164
20000	116	-152.939	-538.673
20000	117	381.832	-2367.24
20000	118	-18.3797	544.093
20000	119	-101.082	1465.21
20000	120	-150.443	-191.53
20000	121	128.18	-1150.91
20000	122	-322.164	651.352
20000	123	241.711	159.558
20000	124	830.582	-1122.21
20000	125	-937.424	139.953
20000	126	-809.375	1601.88
20000	127	-253.575	500.689
20000	128	280.2	-441.048
20000	129	-513.057	1032.1
20000	130	754.973	-944.766
20000	131	-878.252	-1668.71
20000	132	-1217.89	-1524.92
20000	133	788.154	-2517.62
20000	134	141.487	-483.833
20000	135	-1220.11	2932.29
20000	136	92.4843	1423.19
20000	137	-403.975	-1054.54
20000	138	1003.86	-25.986
20000	139	-533.641	483.608
20000	140	1073.24	-161.877
20000	141	-315.244	775.486
20000	142	-541.171	305.421
20000	143	1032.9	1256.68
20000	144	273.121	1279.81
20000	145	-658.363	1266.3
20000	146	513.523	916.583
20000	147	119.344	1446.23
20000	148	1976.03	1343.02
20000	149	-728.752	1473.53
20000	150	775.573	-515.063
20000	151	261.418	-842.996
20000	152	-1420.24	820.902
20000	153	-1512.2	993.986
20000	154	-239.63	466.582
20000	155	939.877	-747.173
20000	156	-537.787	-320.26
20000	157	-1415.66	-342.333
20000	158	-345.155	929.012
20000	159	1387.23	-754.243
20000	160	1211.28	629.413
20000	161	1305.83	-484.018
20000	162	-541.843	435.537
20000	163	643.734	44.3318
20000	164	454.472	-78.8028
20000	165	-535.968	-1637.82
20000	166	372.105	199.156
20000	167	-106.413	-80.7195
20000	168	-638.376	535.193
20000	169	915.71	494.547
20000	170	-1585.43	-790.489
20000	171	417.517	616.659
20000	172	-117.647	-743.709
20000	173	369.834	193.932
20000	174	-241.723	934.413
20000	175	-301.575	500.514
20000	176	926.553	578.936
20000	177	388.531	-98.1153
20000	178	359.914	-284.516
20000	179	-267.062	-113.544
20000	180	1261.75	1204.57
20000	181	60.3952	-979.021
20000	182	-809.826	-459.955
20000	183	699.058	-1232.62
20000	184	197.313	-1746.25
20000	185	590.611	-1234.49
20000	186	1389.71	-674.706
20000	187	-424.794	279.711
20000	188	-445.975	164.556
20000	189	-505.158	2731.34
20000	190	-762.003	-34.9774
20000	191	-399.876	-784.077
20000	192	-373.743	-585.916
20000	193	1444.71	-2491.04
20000	194	50.2196	-408.34
20000	195	1331.74	2304.74
20000	196	-1700.94	482.738
20000	197	397.683	-2008.98
20000	198	-368.331	-297.744
20000	199	416.451	1444.39
20000	200	137.138	658.783
20000	201	960.011	-943.646
20000	202	11.7434	-826.12
20000	203	-843.177	375.162
20000	204	353.242	1524.7
20000	205	477.161	-603.931
20000	206	-1725.91	649.679
20000	207	-1220.51	2514.49
20000	208	151.278	-270.101
20000	209	-721.44	1523.33
20000	210	-749.78	2070.14
20000	211	-593.288	-1015.18
20000	212	1137.27	-1543.76
20000	213	-665.236	-637.021
20000	214	-136.369	741.92
20000	215	679.522	48.1228
20000	216	541.52	516.086
20000	217	688.127	448.784
20000	218	-229.216	553.527
20000	219	835.77	-86.3271
20000	220	-274.515	-1286.14
20000	221	875.075	-1380.84
20000	222	-217.978	716.96
20000	223	957.663	708.434
20000	224	-289.869	1141.18
20000	225	865.976	-1432.26
20000	226	-315.423	2120.48
20000	227	-343.275	291.783
20000	228	-606.576	-219.297
20000	229	-1654.18	-1301.55
20000	230	1300.16	412.12
20000	231	-289.079	270.871
20000	232	-466.467	-27.9642
20000	233	92.4109	-273.673
20000	234	257.611	-1434.55
20000	235	-694.987	-1857.55
20000	236	55.9589	-472.143
20000	237	844.017	270.613
20000	238	-1068.22	-311.052
20000	239	-930.577	1417.1
20000	240	-457.98	885.686
20000	241	150.761	-1382.85
20000	242	-998.934	210.623
20000	243	1252.22	-660.219
20000	244	-528.767	-1489.79
20000	245	-978.481	-388.741
20000	246	-623.988	-892.308
20000	247	632.407	57.5767
20000	248	78.115	-433.451
20000	249	476.883	1624.99
20000	250	1105.32	2170.24
20000	251	-808.494	1674.73
20000	252	417.527	1535.61
20000	253	-2472.81	-431.993
20000	254	321.24	193.157
20000	255	-1708.4	-291.024
20000	256	1900.82	-10.4843
20000	257	-829.894	-1464.33
20000	258	-696.249	1216.26
20000	259	-226.028	-801.267
20000	260	-54.7349	-1747.62
20000	261	-278.024	-1043.22
20000	262	572.895	-646.62
20000	263	-465.979	-281.979
20000	264	203.714	-892.78
20000	265	342.782	-1355.43
20000	266	-703.396	854.79
20000	267	-987.122	-176.447
20000	268	-776.044	561.918
20000	269	-24.3485	-923.518
20000	270	-1153.04	927.048
20000	271	446.017	-17.8371
20000	272	-1313.63	920.193
20000	273	-597.479	-890.778
20000	274	1298.53	-498.128
20000	275	-1235.83	570.804
20000	276	1088.93	-2163.64
20000	277	-127.806	-787.37
20000	278	29.0903	1780.62
20000	279	402.267	-2605.25
20000	280	131.751	1415.77
20000	281	-1934.77	-1647.04
20000	282	-180.742	-1291.26
20000	283	-28.0261	2562.98
20000	284	1590.66	392.319
20000	285	875.742	-153.316
20000	286	-134.194	-66.4527
20000	287	-614.711	396.826
20000	288	376.662	992.55
20000	289	-232.938	1360.01
20000	290	-803.436	-537.705
20000	291	2.49718	1762.82
20000	292	-1635.75	591.169
20000	293	638.394	-793.066
20000	294	-1084.94	-2422.41
20000	295	328.247	204.52
20000	296	1636.22	-392.458
20000	297	-1790.26	326.354
20000	298	877.043	1090.45
20000	299	-297.604	-780.818
20000	300	-1087.96	124.794
20000	301	683.951	-70.6372
20000	302	-774.384	1503.12
20000	303	411.361	-168.409
20000	304	161.642	-12.5834
20000	305	254.282	1452.44
20000	306	-984.727	-942.373
20000	307	-1406.08	1410.29
20000	308	-66.5472	-511.933
20000	309	-769.715	-950.161
20000	310	-757.033	1097.56
20000	311	-1365.71	-1625.87
20000	312	-73.3532	-278.354
20000	313	1773.45	-222.164
20000	314	908.287	-546.557
20000	315	-1624.16	-773.905
20000	316	-580.516	-1599.54
20000	317	-184.534	-219.259
20000	318	292.122	838.71
20000	319	-938.411	-837.918
20000	320	-688.109	1764.31
20000	321	1093.86	-1905.86
20000	322	-543.012	916.063
20000	323	-561.955	-2458.99
20000	324	-515.352	-1547.09
20000	325	-1061.29	459.357
20000	326	238.995	639.095
20000	327	983.275	683.272
20000	328	-1086.97	2755.87
20000	329	734.239	476.123
20000	330	-592.809	248.57
20000	331	727.356	-811.857
20000	332	865.282	-967.459
20000	333	875.125	-2072.62
20000	334	908.438	-491.551
20000	335	836.054	-1354.77
20000	336	-242.736	2197.09
20000	337	581.36	-361.433
20000	338	-421.324	90.8121
20000	339	-54.3983	1438.69
20000	340	-1121.97	2413.55
20000	341	331.676	-539.836
20000	342	159.196	480.533
20000	343	-881.963	734.776
20000	344	-590.341	566.013
20000	345	549.616	1717.71
20000	346	-1988.46	-457.883
20000	347	479.193	-1751.67
20000	348	-892.647	-372.854
20000	349	-187.302	1221.96
20000	350	-114.302	-2002.63
20000	351	-510.014	2455.55
20000	352	645.394	31.3762
20000	353	34.0755	848.192
20000	354	280.248	832.448
20000	355	1531.12	504.974
20000	356	997.386	799.868
20000	357	-816.338	-1793.27
20000	358	-766.566	-375.684
20000	359	383.025	2138.56
20000	360	-664.005	947.383
20000	361	1282.15	-1784.15
20000	362	-193.89	811.331
20000	363	-318.66	-500.789
20000	364	-1443.23	1526.36
20000	365	1097.16	-108.709
20000	366	-34.9026	1596.85
20000	367	-974.115	855.567
20000	368	-818.912	519.586
20000	369	-609.814	-711.012
20000	370	137.806	414.094
20000	371	-1023.92	2418
20000	372	1055.14	1044.23
20000	373	-544.414	-289.238
20000	374	-1689.02	-583.507
20000	375	264.673	-667.241
20000	376	1206.2	-645.605
20000	377	46.0168	870.073
20000	378	714.839	502.606
20000	379	-327.101	55.4964
20000	380	475.924	444.398
20000	381	-901.453	-924.767
20000	382	-190.574	-3312.22
20000	383	44.7486	860.825
20000	384	100.316	464.874
20000	385	1004.54	939.794
20000	386	763.846	716.119
20000	387	1108.65	-34.1553
20000	388	293.315	-2156.11
20000	389	-792.172	-960.971
20000	390	69.0585	1534.75
20000	391	-192.407	1417.61
20000	392	-642.055	-1605.56
20000	393	-262.476	167.107
20000	394	-1137.93	-2906.18
20000	395	-1490.28	-429.629
20000	396	-266.897	-179.391
20000	397	-1022.93	74.4987
20000	398	684.281	-970.794
20000	399	255.32	814.676
20000	400	-153.839	2273.44
20000	401	67.6507	-908.706
20000	402	323.705	750.37
20000	403	-1206.73	975.777
20000	404	-633.209	329.994
20000	405	489.195	-137.955
20000	406	710.526	-776.916
20000	407	-1624.37	-1310.1
20000	408	-451.211	362.384
20000	409	75.3955	414.165
20000	410	-823.929	659.315
20000	411	-102.436	-1948.22
20000	412	-1213.68	-1415.55
20000	413	-696.056	-85.6253
20000	414	-1188.8	1746.53
20000	415	956.363	-443.245
20000	416	403.431	777.022
20000	417	376.675	31.371
20000	418	470.956	-383.795
20000	419	-876.094	-120.749
20000	420	-821.223	757.145
20000	421	-91.5125	757.364
20000	422	-305.707	-26.0115
20000	423	2133.9	-107.964
20000	424	580.191	-37.088
20000	425	598.702	-2593.09
20000	426	470.442	216.133
20000	427	290.469	-847.202
20000	428	912.579	1890.08
20000	429	1009.83	-1799.58
20000	430	391.994	743.631
20000	431	-386.375	-175.146
20000	432	-1304.71	-292.169
20000	433	1049.42	1081.72
20000	434	137.719	832.315
20000	435	-373.239	-714.962
20000	436	-542.728	2292.45
20000	437	-1126.07	-897.048
20000	438	-982.563	-1022.52
20000	439	-396.777	1984.6
20000	440	-1467.99	573.683
20000	441	105.246	665.836
20000	442	-1385.31	1216.77
20000	443	352.513	328.848
20000	444	423.648	-1333.41
20000	445	813.065	-344.016
20000	446	663.112	-1480.21
20000	447	547.325	-112.192
20000	448	-789.758	1829.7
20000	449	846.836	-933.19
20000	450	-482.293	770.415
20000	451	101.686	877.945
20000	452	104.978	872.914
20000	453	458.915	1522
20000	454	-704.881	151.861
20000	455	-734.707	-541.068
20000	456	25.5208	547.936
20000	457	-1080.76	727.953
20000	458	-764.694	-1786.93
20000	459	518.936	-65.84
20000	460	52.0757	-585.81
20000	461	-706.464	-86.3809
20000	462	-82.3545	-1013.72
20000	463	-777.417	299.378
20000	464	-785.564	-1344.98
20000	465	-808.827	996.331
20000	466	155.836	-1815.42
20000	467	-1528.14	-1091.06
20000	468	1329.97	598.504
20000	469	-908.848	595.996
20000	470	451.196	-709.603
20000	471	1184.51	697.484
20000	472	746.692	1197.19
20000	473	-443.867	-1015.63
20000	474	-499.292	-1249.2
20000	475	-774.425	1635.66
20000	476	-485.972	347.781
20000	477	-507.729	504.106
20000	478	-634.597	-1037.09
20000	479	-570.72	330.435
20000	480	849.537	2732.36
20000	481	-67.576	449.225
20000	482	-871.136	194.888
20000	483	381.235	63.2523
20000	484	118.063	1027.16
20000	485	-969.449	524.655
20000	486	-439.224	-37.8077
20000	487	111.172	2163.35
20000	488	-1788.63	1296.35
20000	489	-637.521	1146.71
20000	490	1417.38	144.004
20000	491	1407.83	663.245
20000	492	387.875	863.788
20000	493	-106.623	1250.25
20000	494	-346.117	776.084
20000	495	1414.36	1249.67
20000	496	677.567	-2058.47
20000	497	-1041.45	1731.4
20000	498	-879.048	-646.417
20000	499	-746.886	705.61
